2026-10-05T16:27:59Z INFO Logging to /tmp/logs/update_2026-10-05T16-27-59Z.log.
2026-10-05T16:27:59Z INFO Update valid-nwb-file-to-out-degrees (base directory /tmp).
2026-10-05T16:28:00Z INFO Processing 5000 items (86455 already recorded).
2026-10-05T16:28:01Z WARNING 024ef50f-ac6f-49ea-806b-93ef4b5e8644: failed while reading the NWB file (KeyError: 'Unable to synchronously open object (component not found)')
2026-10-05T16:28:01Z WARNING [1/5000] 024ef50f-ac6f-49ea-806b-93ef4b5e8644: leaving unrecorded for a later run to retry.
2026-10-05T16:28:01Z WARNING 09073220-fbea-45d2-9a39-2cc61fcdc2a1: failed while reading the NWB file (KeyError: 'Unable to synchronously open object (component not found)')
2026-10-05T16:28:01Z WARNING [2/5000] 09073220-fbea-45d2-9a39-2cc61fcdc2a1: leaving unrecorded for a later run to retry.
2026-10-05T16:28:02Z WARNING 0dec427d-4db4-44c3-988a-c37959ceaff3: failed while reading the NWB file (KeyError: 'Unable to synchronously open object (component not found)')
2026-10-05T16:28:02Z WARNING [3/5000] 0dec427d-4db4-44c3-988a-c37959ceaff3: leaving unrecorded for a later run to retry.
2026-10-05T16:28:03Z WARNING 0f7396ad-67ec-468a-b6a6-5599cb507f54: failed while reading the NWB file (KeyError: 'Unable to synchronously open object (component not found)')
2026-10-05T16:28:03Z WARNING [4/5000] 0f7396ad-67ec-468a-b6a6-5599cb507f54: leaving unrecorded for a later run to retry.
2026-10-05T16:28:04Z WARNING 1066b3ba-83d9-4cb3-bfe3-ecf8539e2334: failed while reading the NWB file (KeyError: 'Unable to synchronously open object (component not found)')
2026-10-05T16:28:04Z WARNING [5/5000] 1066b3ba-83d9-4cb3-bfe3-ecf8539e2334: leaving unrecorded for a later run to retry.
2026-10-05T16:28:05Z WARNING 17a546c4-6425-4c56-a43e-9f9f272d299c: failed while reading the NWB file (KeyError: 'Unable to synchronously open object (component not found)')
2026-10-05T16:28:05Z WARNING [6/5000] 17a546c4-6425-4c56-a43e-9f9f272d299c: leaving unrecorded for a later run to retry.
2026-10-05T16:28:06Z WARNING 19998990-d06f-40db-8d07-c5121b317b6a: failed while reading the NWB file (KeyError: 'Unable to synchronously open object (component not found)')
2026-10-05T16:28:06Z WARNING [7/5000] 19998990-d06f-40db-8d07-c5121b317b6a: leaving unrecorded for a later run to retry.
2026-10-05T16:28:07Z WARNING 1a18ed31-9155-4512-919f-b6875d14b9f3: failed while reading the NWB file (KeyError: 'Unable to synchronously open object (component not found)')
2026-10-05T16:28:07Z WARNING [8/5000] 1a18ed31-9155-4512-919f-b6875d14b9f3: leaving unrecorded for a later run to retry.
2026-10-05T16:28:07Z WARNING 1c2fff6f-f3a7-43fb-b7e2-a33218d41614: failed while reading the NWB file (KeyError: 'Unable to synchronously open object (component not found)')
2026-10-05T16:28:07Z WARNING [9/5000] 1c2fff6f-f3a7-43fb-b7e2-a33218d41614: leaving unrecorded for a later run to retry.
2026-10-05T16:28:08Z WARNING 20b5d243-5a61-4246-a5d5-ac9d9068183d: failed while reading the NWB file (KeyError: 'Unable to synchronously open object (component not found)')
2026-10-05T16:28:08Z WARNING [10/5000] 20b5d243-5a61-4246-a5d5-ac9d9068183d: leaving unrecorded for a later run to retry.
2026-10-05T16:28:09Z WARNING 20e4b649-b593-4ee3-bd02-f0645aad7021: failed while reading the NWB file (KeyError: 'Unable to synchronously open object (component not found)')
2026-10-05T16:28:09Z WARNING [11/5000] 20e4b649-b593-4ee3-bd02-f0645aad7021: leaving unrecorded for a later run to retry.
2026-10-05T16:28:09Z WARNING 2420003b-b350-4a69-b1aa-b27f68179823: failed while reading the NWB file (KeyError: 'Unable to synchronously open object (component not found)')
2026-10-05T16:28:09Z WARNING [12/5000] 2420003b-b350-4a69-b1aa-b27f68179823: leaving unrecorded for a later run to retry.
2026-10-05T16:28:10Z WARNING 2a76c0ae-11ba-4712-bfc9-5a1534c26aeb: failed while reading the NWB file (KeyError: 'Unable to synchronously open object (component not found)')
2026-10-05T16:28:10Z WARNING [13/5000] 2a76c0ae-11ba-4712-bfc9-5a1534c26aeb: leaving unrecorded for a later run to retry.
2026-10-05T16:28:11Z WARNING 319d22c8-6c6e-41bb-9bf9-9c6773d2b2ad: failed while reading the NWB file (KeyError: 'Unable to synchronously open object (component not found)')
2026-10-05T16:28:11Z WARNING [14/5000] 319d22c8-6c6e-41bb-9bf9-9c6773d2b2ad: leaving unrecorded for a later run to retry.
2026-10-05T16:28:12Z WARNING 324ccb4d-b81e-4dbb-a29d-ef474eef0d50: failed while reading the NWB file (KeyError: 'Unable to synchronously open object (component not found)')
2026-10-05T16:28:12Z WARNING [15/5000] 324ccb4d-b81e-4dbb-a29d-ef474eef0d50: leaving unrecorded for a later run to retry.
2026-10-05T16:28:12Z WARNING 3b2672c0-01e2-4e2a-a6fd-09535b8afd67: failed while reading the NWB file (KeyError: 'Unable to synchronously open object (component not found)')
2026-10-05T16:28:12Z WARNING [16/5000] 3b2672c0-01e2-4e2a-a6fd-09535b8afd67: leaving unrecorded for a later run to retry.
2026-10-05T16:28:13Z WARNING 3dec1e5e-7a4c-4aaa-95eb-7a953aa18d59: failed while reading the NWB file (KeyError: 'Unable to synchronously open object (component not found)')
2026-10-05T16:28:13Z WARNING [17/5000] 3dec1e5e-7a4c-4aaa-95eb-7a953aa18d59: leaving unrecorded for a later run to retry.
2026-10-05T16:28:14Z WARNING 40d7f442-8923-4dd5-87cb-af432218c083: failed while reading the NWB file (KeyError: 'Unable to synchronously open object (component not found)')
2026-10-05T16:28:14Z WARNING [18/5000] 40d7f442-8923-4dd5-87cb-af432218c083: leaving unrecorded for a later run to retry.
2026-10-05T16:28:15Z WARNING 4255c687-2c9c-4ffc-83b6-08157b521931: failed while reading the NWB file (KeyError: 'Unable to synchronously open object (component not found)')
2026-10-05T16:28:15Z WARNING [19/5000] 4255c687-2c9c-4ffc-83b6-08157b521931: leaving unrecorded for a later run to retry.
2026-10-05T16:28:16Z WARNING 43addd0b-0674-4137-8eaa-9df790dee1ce: failed while reading the NWB file (KeyError: 'Unable to synchronously open object (component not found)')
2026-10-05T16:28:16Z WARNING [20/5000] 43addd0b-0674-4137-8eaa-9df790dee1ce: leaving unrecorded for a later run to retry.
2026-10-05T16:28:16Z INFO [21/5000] 52125c98-4fd8-41f4-9306-c5ee49397f0b: 19 internal nodes; 0.7 s; peak memory 157 MiB.
2026-10-05T16:28:25Z INFO [22/5000] 5213edbc-19dd-48a0-8139-1b79902f118a: 262 internal nodes; 8.5 s; peak memory 177 MiB.
2026-10-05T16:28:25Z INFO [23/5000] 52148a47-9a85-4de5-9f6d-3255d70f5d30: 27 internal nodes; 0.6 s; peak memory 177 MiB.
2026-10-05T16:28:26Z INFO [24/5000] 52156358-5717-40a7-b362-bf5963685798: 17 internal nodes; 0.7 s; peak memory 177 MiB.
2026-10-05T16:28:26Z INFO [25/5000] 52177151-0b39-487d-a733-631f31ee3a36: 21 internal nodes; 0.3 s; peak memory 177 MiB.
2026-10-05T16:28:27Z INFO [26/5000] 5217a89c-d8c1-4e86-b711-6cc4f9cf0438: 56 internal nodes; 0.8 s; peak memory 177 MiB.
2026-10-05T16:28:28Z INFO [27/5000] 5218aa39-64f1-4377-a674-f805cce33d31: 31 internal nodes; 0.8 s; peak memory 177 MiB.
2026-10-05T16:28:29Z INFO [28/5000] 52196899-6e2e-4a6d-a389-940794c6a52c: 31 internal nodes; 0.7 s; peak memory 177 MiB.
2026-10-05T16:28:29Z INFO [29/5000] 52198707-a194-43d2-9d38-efc7738a2215: 17 internal nodes; 0.5 s; peak memory 177 MiB.
2026-10-05T16:28:33Z INFO [30/5000] 5219fdcc-4623-47fc-980d-f7e12a34e8b2: 177 internal nodes; 3.8 s; peak memory 177 MiB.
2026-10-05T16:28:34Z INFO [31/5000] 521a4b02-b642-4dbd-b423-f5169c43f8c9: 17 internal nodes; 0.6 s; peak memory 177 MiB.
2026-10-05T16:28:37Z INFO [32/5000] 521aba80-2009-4c37-a676-dec56338bc2e: 124 internal nodes; 2.8 s; peak memory 177 MiB.
2026-10-05T16:28:37Z INFO [33/5000] 521add06-673e-4eec-8441-7296ca6c3aca: 27 internal nodes; 0.6 s; peak memory 177 MiB.
2026-10-05T16:28:38Z INFO [34/5000] 521bd027-ccb6-4dc4-9084-0785879f2adc: 17 internal nodes; 0.6 s; peak memory 177 MiB.
2026-10-05T16:28:41Z INFO [35/5000] 521bebdf-cd96-49db-9fbe-1a972ed25596: 117 internal nodes; 3.2 s; peak memory 177 MiB.
2026-10-05T16:28:42Z INFO [36/5000] 521c6461-2ac6-49bd-a3dd-04313e5cffd3: 31 internal nodes; 0.7 s; peak memory 177 MiB.
2026-10-05T16:28:43Z INFO [37/5000] 521e9751-26c1-49f5-850f-2cbe0d1eeed5: 29 internal nodes; 0.7 s; peak memory 177 MiB.
2026-10-05T16:28:43Z INFO [38/5000] 521eba9e-f706-4880-9449-fe65c9eb9a3e: 41 internal nodes; 0.7 s; peak memory 177 MiB.
2026-10-05T16:28:44Z INFO [39/5000] 521ee0ca-701e-46ba-a054-0b3237c1ca4b: 29 internal nodes; 0.6 s; peak memory 177 MiB.
2026-10-05T16:28:44Z INFO [40/5000] 521f9573-1614-4ef6-b51d-b4ae98569d6b: 11 internal nodes; 0.4 s; peak memory 177 MiB.
2026-10-05T16:28:46Z INFO [41/5000] 521fad14-b522-4056-b8a3-14e059cad228: 44 internal nodes; 1.5 s; peak memory 177 MiB.
2026-10-05T16:28:48Z INFO [42/5000] 521fb089-cf2f-41db-9f19-46bf1a63f08d: 46 internal nodes; 2.0 s; peak memory 177 MiB.
2026-10-05T16:28:48Z INFO [43/5000] 521fc826-aa33-4135-82fb-194dfe92dcbc: 27 internal nodes; 0.5 s; peak memory 177 MiB.
2026-10-05T16:28:49Z INFO [44/5000] 521fd0fa-d8ff-4ab5-9fa2-c88fe41ad2ed: 31 internal nodes; 0.8 s; peak memory 177 MiB.
2026-10-05T16:28:49Z INFO [45/5000] 5221f389-b87e-4d08-b57f-27ee7ad34cc2: 13 internal nodes; 0.4 s; peak memory 177 MiB.
2026-10-05T16:28:50Z INFO [46/5000] 52231d85-ef5d-49a0-9f0c-2779e3a072dd: 29 internal nodes; 0.6 s; peak memory 177 MiB.
2026-10-05T16:28:51Z INFO [47/5000] 522338b0-8446-499c-8e23-9664fbe50496: 31 internal nodes; 0.7 s; peak memory 177 MiB.
2026-10-05T16:28:53Z INFO [48/5000] 522363c8-4d37-4d6b-a25c-2658ec5c92e4: 44 internal nodes; 1.9 s; peak memory 177 MiB.
2026-10-05T16:28:54Z INFO [49/5000] 52247dcf-3edb-4f3c-a265-d70fc669179e: 44 internal nodes; 1.6 s; peak memory 177 MiB.
2026-10-05T16:28:55Z INFO [50/5000] 522480b4-4718-4792-9bed-63033cb22245: 27 internal nodes; 0.7 s; peak memory 177 MiB.
2026-10-05T16:28:55Z INFO [50/5000] 522480b4-4718-4792-9bed-63033cb22245: checkpointed 86485 records.
2026-10-05T16:28:56Z INFO [51/5000] 522494a8-bdf1-40e6-a6f8-637e2bae4c02: 119 internal nodes; 0.8 s; peak memory 177 MiB.
2026-10-05T16:28:57Z INFO [52/5000] 5224e217-569f-423e-a06e-05dc1729b7f8: 63 internal nodes; 0.7 s; peak memory 177 MiB.
2026-10-05T16:28:57Z INFO [53/5000] 522541ad-f909-45d4-8ff5-f405067d3889: 56 internal nodes; 0.9 s; peak memory 177 MiB.
2026-10-05T16:28:58Z INFO [54/5000] 5225f6c6-b92f-4a74-9e8f-f5d5286c6f59: 26 internal nodes; 0.9 s; peak memory 177 MiB.
2026-10-05T16:28:59Z INFO [55/5000] 52261418-37b6-493c-be47-e229d869e30c: 22 internal nodes; 0.3 s; peak memory 177 MiB.
2026-10-05T16:28:59Z INFO [56/5000] 52263eda-abdc-4aa1-b445-a33f1d3b5460: 17 internal nodes; 0.6 s; peak memory 177 MiB.
2026-10-05T16:29:00Z INFO [57/5000] 52283c2d-25a2-4c99-9e0a-d89f4aa737ca: 11 internal nodes; 0.4 s; peak memory 177 MiB.
2026-10-05T16:29:00Z INFO [58/5000] 5228a9c8-43b8-4bd8-b6c1-131968e3c255: 13 internal nodes; 0.6 s; peak memory 177 MiB.
2026-10-05T16:29:01Z INFO [59/5000] 52297791-0a5d-4b8c-a0a6-833057c7f8cb: 17 internal nodes; 0.7 s; peak memory 177 MiB.
2026-10-05T16:29:01Z INFO [60/5000] 5229f33c-2121-4770-be5d-7a81693dc623: 27 internal nodes; 0.5 s; peak memory 177 MiB.
2026-10-05T16:29:02Z INFO [61/5000] 522a351c-9dca-45a8-848e-7e0b7df53121: 29 internal nodes; 0.5 s; peak memory 177 MiB.
2026-10-05T16:29:04Z INFO [62/5000] 522ab6ac-7f70-44fe-9072-2eafaa093ab8: 96 internal nodes; 2.2 s; peak memory 177 MiB.
2026-10-05T16:29:05Z INFO [63/5000] 522abb1c-1560-4802-8096-9d57a52c58ff: 23 internal nodes; 0.5 s; peak memory 177 MiB.
2026-10-05T16:29:06Z INFO [64/5000] 522b0203-1e0a-4d78-b181-5817e741ddac: 29 internal nodes; 1.0 s; peak memory 177 MiB.
2026-10-05T16:29:06Z INFO [65/5000] 522c171f-3521-41c0-94c8-f0509ed9b79c: 23 internal nodes; 0.8 s; peak memory 177 MiB.
2026-10-05T16:29:12Z INFO [66/5000] 522c2549-dc9f-41b8-9fcc-d02ed73d141f: 49 internal nodes; 5.9 s; peak memory 259 MiB.
2026-10-05T16:29:13Z INFO [67/5000] 522ca7c8-c254-4206-8a7a-42fdf87dfe84: 16 internal nodes; 0.5 s; peak memory 259 MiB.
2026-10-05T16:29:14Z INFO [68/5000] 522ce401-4366-4a1d-92a1-05959c4b1d0d: 17 internal nodes; 0.7 s; peak memory 259 MiB.
2026-10-05T16:29:15Z INFO [69/5000] 522e2ac0-c44a-4ccf-995d-6abce7942af2: 46 internal nodes; 1.7 s; peak memory 259 MiB.
2026-10-05T16:29:19Z INFO [70/5000] 522f2a4d-6788-4076-8c6c-0500a63f9fa4: 68 internal nodes; 4.0 s; peak memory 259 MiB.
2026-10-05T16:29:20Z INFO [71/5000] 522facc9-0419-414a-bccd-b14c92cede02: 11 internal nodes; 0.3 s; peak memory 259 MiB.
2026-10-05T16:29:20Z INFO [72/5000] 523071ed-e7e7-4c19-8118-15208f0bdad8: 17 internal nodes; 0.6 s; peak memory 259 MiB.
2026-10-05T16:29:21Z INFO [73/5000] 523133a8-8e8f-41ef-a808-c063dc7b7ea9: 25 internal nodes; 1.2 s; peak memory 259 MiB.
2026-10-05T16:29:25Z INFO [74/5000] 52314fb7-0f9c-46d7-b47f-624c544885bb: 70 internal nodes; 3.8 s; peak memory 259 MiB.
2026-10-05T16:29:25Z INFO [75/5000] 5232aadb-d899-4a88-908f-4bcbf316c07b: 11 internal nodes; 0.3 s; peak memory 259 MiB.
2026-10-05T16:29:26Z INFO [76/5000] 5232cb24-0194-481f-9a1e-6ce0852c51ab: 17 internal nodes; 0.6 s; peak memory 259 MiB.
2026-10-05T16:29:27Z INFO [77/5000] 52333ad0-0a71-4552-a3a0-5b2e95e00c72: 56 internal nodes; 0.9 s; peak memory 259 MiB.
2026-10-05T16:29:28Z INFO [78/5000] 52338cb2-6dec-4c3b-abd6-c7ca891ca354: 27 internal nodes; 0.7 s; peak memory 259 MiB.
2026-10-05T16:29:28Z INFO [79/5000] 5233f17f-cb72-4186-8030-4b04445e226d: 13 internal nodes; 0.7 s; peak memory 259 MiB.
2026-10-05T16:29:29Z INFO [80/5000] 5233f654-be39-4c31-b4f2-8350aad812bc: 66 internal nodes; 1.2 s; peak memory 259 MiB.
2026-10-05T16:29:30Z INFO [81/5000] 523417e4-8c15-46a5-8ef6-97d04290fbe1: 66 internal nodes; 0.9 s; peak memory 259 MiB.
2026-10-05T16:29:31Z INFO [82/5000] 52349a31-1b53-48c9-8987-943a8c64ecc3: 28 internal nodes; 0.5 s; peak memory 259 MiB.
2026-10-05T16:29:31Z INFO [83/5000] 5234aa2d-e1eb-4969-82ff-9e710fffcd69: 58 internal nodes; 0.5 s; peak memory 259 MiB.
2026-10-05T16:29:32Z INFO [84/5000] 5234c8dd-6a2e-4d29-833c-e352d6d3be68: 18 internal nodes; 0.7 s; peak memory 259 MiB.
2026-10-05T16:29:33Z INFO [85/5000] 5235138c-a6c0-4363-9df7-24f244264ed9: 31 internal nodes; 0.8 s; peak memory 259 MiB.
2026-10-05T16:29:34Z INFO [86/5000] 5235a7f6-d181-4849-90a3-bd914d8d4ad1: 29 internal nodes; 0.7 s; peak memory 259 MiB.
2026-10-05T16:29:34Z INFO [87/5000] 5235e4b2-939c-4c62-86c7-b027ee79ab0a: 25 internal nodes; 0.4 s; peak memory 259 MiB.
2026-10-05T16:29:35Z INFO [88/5000] 5236495b-cafa-4cbd-951f-12ae636cb258: 44 internal nodes; 1.3 s; peak memory 259 MiB.
2026-10-05T16:29:36Z INFO [89/5000] 5236638c-b0e6-4d15-a191-3adfb3fb031a: 91 internal nodes; 1.2 s; peak memory 259 MiB.
2026-10-05T16:29:37Z INFO [90/5000] 5237ff34-cfee-4301-9b25-709cb3215b1b: 27 internal nodes; 0.7 s; peak memory 259 MiB.
2026-10-05T16:29:38Z INFO [91/5000] 5239dc96-40d4-4d91-9b5a-a1995191d9d2: 23 internal nodes; 0.5 s; peak memory 259 MiB.
2026-10-05T16:29:38Z INFO [92/5000] 523a288c-a31b-451e-98d9-e4ec64255f89: 11 internal nodes; 0.4 s; peak memory 259 MiB.
2026-10-05T16:29:38Z INFO [93/5000] 523af061-8e77-456a-92b1-3f4e205731ea: 13 internal nodes; 0.3 s; peak memory 259 MiB.
2026-10-05T16:29:39Z INFO [94/5000] 523b9bdf-d0c2-4248-aa24-ea5395bbe75c: 17 internal nodes; 0.7 s; peak memory 259 MiB.
2026-10-05T16:29:40Z INFO [95/5000] 523bc2fb-860e-4eee-a091-04ffd19084e0: 27 internal nodes; 0.7 s; peak memory 259 MiB.
2026-10-05T16:29:40Z INFO [96/5000] 523bc529-65cf-4ec1-8abe-ee892a2080eb: 26 internal nodes; 0.5 s; peak memory 259 MiB.
2026-10-05T16:29:41Z INFO [97/5000] 523d4569-d931-48dc-b171-13632bd819bb: 24 internal nodes; 0.8 s; peak memory 259 MiB.
2026-10-05T16:29:45Z INFO [98/5000] 523d7efe-ba9e-4f03-8e4a-d3edfc689ccd: 73 internal nodes; 4.0 s; peak memory 259 MiB.
2026-10-05T16:29:47Z INFO [99/5000] 523d80a7-baa8-43d4-b213-66c7c6a33be5: 53 internal nodes; 2.1 s; peak memory 259 MiB.
2026-10-05T16:29:48Z INFO [100/5000] 523e4e24-8870-4581-8393-d8cc43d258c6: 17 internal nodes; 0.6 s; peak memory 259 MiB.
2026-10-05T16:29:48Z INFO [100/5000] 523e4e24-8870-4581-8393-d8cc43d258c6: checkpointed 86535 records.
2026-10-05T16:29:49Z INFO [101/5000] 523e65af-4e06-443d-9d53-7e56110f3f9b: 18 internal nodes; 0.8 s; peak memory 259 MiB.
2026-10-05T16:29:51Z INFO [102/5000] 523e8473-746f-4c96-9889-09881fb28bc1: 49 internal nodes; 1.9 s; peak memory 259 MiB.
2026-10-05T16:29:51Z INFO [103/5000] 523eaa79-954c-4581-a37c-a05e617399d0: 17 internal nodes; 0.6 s; peak memory 259 MiB.
2026-10-05T16:29:52Z INFO [104/5000] 523fcd48-0b13-4fa6-9113-7f3133f562a0: 119 internal nodes; 0.9 s; peak memory 259 MiB.
2026-10-05T16:29:53Z INFO [105/5000] 523fddc2-f637-4675-abd9-607df5cae816: 27 internal nodes; 0.6 s; peak memory 259 MiB.
2026-10-05T16:29:53Z INFO [106/5000] 52400607-59ab-4214-8740-5b281ce37411: 115 internal nodes; 0.6 s; peak memory 259 MiB.
2026-10-05T16:29:54Z INFO [107/5000] 52403ca4-da84-4a59-ba63-f1643228c252: 27 internal nodes; 0.6 s; peak memory 259 MiB.
2026-10-05T16:29:54Z INFO [108/5000] 5240e003-ef9a-4522-853a-248721dcc6d7: 17 internal nodes; 0.6 s; peak memory 259 MiB.
2026-10-05T16:29:55Z INFO [109/5000] 52416408-2d00-4308-bef7-e10609b90352: 17 internal nodes; 0.6 s; peak memory 259 MiB.
2026-10-05T16:29:56Z INFO [110/5000] 52435551-9bae-4d88-ae78-ebe8f1564981: 29 internal nodes; 0.6 s; peak memory 259 MiB.
2026-10-05T16:29:56Z INFO [111/5000] 5243839c-1927-4283-a4e3-8497b014146b: 27 internal nodes; 0.6 s; peak memory 259 MiB.
2026-10-05T16:30:00Z INFO [112/5000] 52440749-e662-4fbc-968b-bd8a47b76c61: 131 internal nodes; 3.7 s; peak memory 259 MiB.
2026-10-05T16:30:01Z INFO [113/5000] 524584e5-2243-4939-b726-5484cdc63a12: 31 internal nodes; 0.8 s; peak memory 259 MiB.
2026-10-05T16:30:02Z INFO [114/5000] 52464039-3027-4aa1-b3f3-cf6946ddd991: 27 internal nodes; 0.7 s; peak memory 259 MiB.
2026-10-05T16:30:02Z INFO [115/5000] 524664de-b3d7-40d4-8503-f5338a59586e: 19 internal nodes; 0.6 s; peak memory 259 MiB.
2026-10-05T16:30:03Z INFO [116/5000] 52470149-5443-49cd-8dec-1ae5f9912e4e: 27 internal nodes; 0.7 s; peak memory 259 MiB.
2026-10-05T16:30:03Z INFO [117/5000] 52482617-235a-4121-9e0a-e77930fd8d2e: 22 internal nodes; 0.6 s; peak memory 259 MiB.
2026-10-05T16:30:04Z INFO [118/5000] 52487051-ac23-4d68-b7f8-5ad2f582e6d9: 17 internal nodes; 0.6 s; peak memory 259 MiB.
2026-10-05T16:30:05Z INFO [119/5000] 524983f7-df1e-49b9-b9db-bc292e9ea5d7: 17 internal nodes; 0.6 s; peak memory 259 MiB.
2026-10-05T16:30:05Z INFO [120/5000] 5249b0c6-d0f6-4b7c-8770-88acd718d18e: 27 internal nodes; 0.6 s; peak memory 259 MiB.
2026-10-05T16:30:06Z INFO [121/5000] 524a309e-41f8-45a5-ba24-cbb5f65c4f20: 21 internal nodes; 0.6 s; peak memory 259 MiB.
2026-10-05T16:30:06Z INFO [122/5000] 524a43dc-592f-4098-bee5-5c6d9f36768a: 60 internal nodes; 0.8 s; peak memory 259 MiB.
2026-10-05T16:30:07Z INFO [123/5000] 524a8942-b5b7-4da9-9d91-72c63ae4d4d0: 13 internal nodes; 0.4 s; peak memory 259 MiB.
2026-10-05T16:30:08Z INFO [124/5000] 524aecae-59dd-4212-9711-94c9adae0ed5: 17 internal nodes; 0.6 s; peak memory 259 MiB.
2026-10-05T16:30:08Z INFO [125/5000] 524b0168-151f-4303-a398-bdcb05c3feb8: 11 internal nodes; 0.4 s; peak memory 259 MiB.
2026-10-05T16:30:09Z INFO [126/5000] 524b3d21-0a28-4393-be7e-88606479ece9: 17 internal nodes; 0.8 s; peak memory 259 MiB.
2026-10-05T16:30:12Z INFO [127/5000] 524be563-22a9-4159-bfe9-63954e2c58b5: 177 internal nodes; 3.6 s; peak memory 259 MiB.
2026-10-05T16:30:17Z INFO [128/5000] 524bec27-7872-4613-9d5a-c3e92bedc015: 62 internal nodes; 4.2 s; peak memory 259 MiB.
2026-10-05T16:30:20Z INFO [129/5000] 524c1163-b943-4a1b-92a7-e79a5519a542: 182 internal nodes; 3.2 s; peak memory 259 MiB.
2026-10-05T16:30:20Z INFO [130/5000] 524c5286-3162-40bc-bb1c-323eeb38ac02: 27 internal nodes; 0.6 s; peak memory 259 MiB.
2026-10-05T16:30:21Z INFO [131/5000] 524c6ca9-11f8-4d49-9633-78acc502a9d3: 17 internal nodes; 0.6 s; peak memory 259 MiB.
2026-10-05T16:30:22Z INFO [132/5000] 524cf42f-8625-4263-acb6-d1ec8b948fac: 53 internal nodes; 0.8 s; peak memory 259 MiB.
2026-10-05T16:30:23Z INFO [133/5000] 524d28b2-716c-446d-87bb-0d001f288716: 31 internal nodes; 0.8 s; peak memory 259 MiB.
2026-10-05T16:30:24Z INFO [134/5000] 524da237-793f-443e-b86b-e9d8a608d004: 28 internal nodes; 1.0 s; peak memory 259 MiB.
2026-10-05T16:30:25Z INFO [135/5000] 524e499f-4d6b-4315-a6b3-9e195a326eb8: 42 internal nodes; 1.4 s; peak memory 259 MiB.
2026-10-05T16:30:25Z INFO [136/5000] 524e7a91-19d3-4f32-bcdb-cc20f0b74a56: 25 internal nodes; 0.3 s; peak memory 259 MiB.
2026-10-05T16:30:26Z INFO [137/5000] 524e869d-30f7-4665-b491-6b3cd37a4994: 27 internal nodes; 0.6 s; peak memory 259 MiB.
2026-10-05T16:30:34Z INFO [138/5000] 524eb9af-c40f-4401-acc4-f36919a3af38: 301 internal nodes; 8.0 s; peak memory 267 MiB.
2026-10-05T16:30:34Z INFO [139/5000] 524ec9e1-1acc-4e3a-acd4-a8255c8fab7c: 21 internal nodes; 0.6 s; peak memory 267 MiB.
2026-10-05T16:30:39Z INFO [140/5000] 5250802f-4e69-4730-8b4a-63741217fc3e: 191 internal nodes; 4.5 s; peak memory 267 MiB.
2026-10-05T16:30:40Z INFO [141/5000] 5250f8cd-b2df-45f7-82b5-4bcf0fed49c5: 61 internal nodes; 1.0 s; peak memory 267 MiB.
2026-10-05T16:30:42Z INFO [142/5000] 525186be-3dc0-44f6-aebe-f4a511b6eab6: 60 internal nodes; 1.9 s; peak memory 267 MiB.
2026-10-05T16:30:43Z INFO [143/5000] 52518878-686c-4f48-9ec0-cabc25a3eb7a: 17 internal nodes; 0.8 s; peak memory 267 MiB.
2026-10-05T16:30:43Z INFO [144/5000] 52522170-340b-4dff-9df9-55a04bb67d86: 13 internal nodes; 0.6 s; peak memory 267 MiB.
2026-10-05T16:30:44Z INFO [145/5000] 52524680-4349-485d-b1dc-fd8f1f3c54a2: 17 internal nodes; 0.7 s; peak memory 267 MiB.
2026-10-05T16:30:45Z INFO [146/5000] 52528af5-7560-4abd-b1b4-5f271a32a94c: 44 internal nodes; 1.3 s; peak memory 267 MiB.
2026-10-05T16:30:46Z INFO [147/5000] 5252d701-cb23-498c-8024-3a174f90196c: 24 internal nodes; 0.8 s; peak memory 267 MiB.
2026-10-05T16:30:48Z INFO [148/5000] 52532d3e-d7c5-4306-80b1-49136dcb72dc: 44 internal nodes; 1.6 s; peak memory 267 MiB.
2026-10-05T16:30:50Z INFO [149/5000] 525414cb-2c9f-4cd0-b3d5-61fd2d6fa55d: 47 internal nodes; 2.0 s; peak memory 267 MiB.
2026-10-05T16:30:50Z INFO [150/5000] 5254657f-5ec2-40b4-8159-644d4f11a9b8: 115 internal nodes; 0.6 s; peak memory 267 MiB.
2026-10-05T16:30:51Z INFO [150/5000] 5254657f-5ec2-40b4-8159-644d4f11a9b8: checkpointed 86585 records.
2026-10-05T16:30:53Z INFO [151/5000] 52546d30-454f-479d-b15f-99a08f3d92ce: 25 internal nodes; 2.1 s; peak memory 267 MiB.
2026-10-05T16:30:53Z INFO [152/5000] 52549ced-eacc-4056-811b-92e163171a58: 61 internal nodes; 0.8 s; peak memory 267 MiB.
2026-10-05T16:30:54Z INFO [153/5000] 5254ae39-51ac-491b-b177-9c94046a0203: 26 internal nodes; 0.3 s; peak memory 267 MiB.
2026-10-05T16:30:59Z INFO [154/5000] 5255a3ce-86aa-4974-ae1f-5bdbd1b27cae: 193 internal nodes; 4.9 s; peak memory 267 MiB.
2026-10-05T16:31:00Z INFO [155/5000] 5255c110-5c15-4f6c-9368-816aaad42ce7: 39 internal nodes; 1.0 s; peak memory 267 MiB.
2026-10-05T16:31:00Z INFO [156/5000] 52562c55-f824-459e-b57b-7f9ad2c06d41: 31 internal nodes; 0.8 s; peak memory 267 MiB.
2026-10-05T16:31:01Z INFO [157/5000] 52565032-3e30-4138-bd70-00e2850d2812: 18 internal nodes; 0.7 s; peak memory 267 MiB.
2026-10-05T16:31:02Z INFO [158/5000] 525669ee-d759-4df3-bb5b-c06e17403056: 31 internal nodes; 0.7 s; peak memory 267 MiB.
2026-10-05T16:31:03Z INFO [159/5000] 52570f02-a45e-4c9b-8ee7-f4093bdc55a2: 54 internal nodes; 1.0 s; peak memory 267 MiB.
2026-10-05T16:31:04Z INFO [160/5000] 52573f69-9cdf-4579-8956-d1134d65dfa0: 63 internal nodes; 1.2 s; peak memory 267 MiB.
2026-10-05T16:31:12Z INFO [161/5000] 52580a75-21d0-41bb-8a14-d44e99321dfb: 290 internal nodes; 7.6 s; peak memory 268 MiB.
2026-10-05T16:31:12Z INFO [162/5000] 525821fc-37d3-41a7-bde9-d557f970219b: 18 internal nodes; 0.5 s; peak memory 268 MiB.
2026-10-05T16:31:13Z INFO [163/5000] 525848ae-4926-4f89-a790-f7e7d800bec0: 17 internal nodes; 0.7 s; peak memory 268 MiB.
2026-10-05T16:31:14Z INFO [164/5000] 525850b5-d6c7-4356-b6a8-a67a01ac984c: 21 internal nodes; 0.8 s; peak memory 268 MiB.
2026-10-05T16:31:14Z INFO [165/5000] 5258aacd-c8b4-44a3-aaa9-b0407abbf53b: 31 internal nodes; 0.6 s; peak memory 268 MiB.
2026-10-05T16:31:15Z INFO [166/5000] 5258d1ae-f827-4594-abf0-bd3481bcf1cb: 17 internal nodes; 0.6 s; peak memory 268 MiB.
2026-10-05T16:31:16Z INFO [167/5000] 525974db-fe98-4350-82eb-f5d81b7129db: 17 internal nodes; 0.7 s; peak memory 268 MiB.
2026-10-05T16:31:16Z INFO [168/5000] 525a2802-0d87-4549-a6a2-adccb868be1f: 27 internal nodes; 0.5 s; peak memory 268 MiB.
2026-10-05T16:31:17Z INFO [169/5000] 525ad05c-6329-4ffc-b0b4-df9e66c352f6: 18 internal nodes; 0.6 s; peak memory 268 MiB.
2026-10-05T16:31:17Z INFO [170/5000] 525c086f-277f-4a07-8179-e6f50bdf889b: 31 internal nodes; 0.7 s; peak memory 268 MiB.
2026-10-05T16:31:18Z INFO [171/5000] 525c295b-986e-4696-83ba-d8765b2154ea: 27 internal nodes; 0.5 s; peak memory 268 MiB.
2026-10-05T16:31:22Z INFO [172/5000] 525c7bec-bf10-49bb-8887-ab1497d5f2ba: 215 internal nodes; 4.5 s; peak memory 268 MiB.
2026-10-05T16:31:27Z INFO [173/5000] 525d9ff3-e12b-4051-a9ae-0105478a6241: 65 internal nodes; 4.9 s; peak memory 268 MiB.
2026-10-05T16:31:28Z INFO [174/5000] 525db3b9-c223-4165-b20a-f4fa75ea0f01: 69 internal nodes; 1.2 s; peak memory 268 MiB.
2026-10-05T16:31:29Z INFO [175/5000] 525dd31e-b953-4f26-9a5f-3764c8146faf: 91 internal nodes; 0.8 s; peak memory 268 MiB.
2026-10-05T16:31:30Z INFO [176/5000] 525e186a-91ff-4873-8038-42c0d51dbb11: 22 internal nodes; 0.3 s; peak memory 268 MiB.
2026-10-05T16:31:31Z INFO [177/5000] 525e5450-a516-4413-9631-97468e39106c: 56 internal nodes; 0.9 s; peak memory 268 MiB.
2026-10-05T16:31:39Z INFO [178/5000] 525f0376-ff21-4094-821b-56829ddc93d5: 263 internal nodes; 8.5 s; peak memory 268 MiB.
2026-10-05T16:31:40Z INFO [179/5000] 525f5e57-7dd0-4258-8bf4-d5c8f0cc9eb4: 27 internal nodes; 0.5 s; peak memory 268 MiB.
2026-10-05T16:31:40Z INFO [180/5000] 525fa33b-7677-4224-b9bb-2e0e750cea77: 17 internal nodes; 0.6 s; peak memory 268 MiB.
2026-10-05T16:31:43Z INFO [181/5000] 52609f24-eb4f-4772-9b04-2739b5566b15: 41 internal nodes; 2.6 s; peak memory 268 MiB.
2026-10-05T16:31:44Z INFO [182/5000] 52614874-adf2-42b8-a7fc-d702523228b0: 57 internal nodes; 1.5 s; peak memory 268 MiB.
2026-10-05T16:31:45Z INFO [183/5000] 5261f7b6-7fe1-4fe4-8c4d-6d9c437aff20: 17 internal nodes; 0.6 s; peak memory 268 MiB.
2026-10-05T16:31:46Z INFO [184/5000] 52620a02-08a3-4232-b156-8c7417e9a129: 17 internal nodes; 0.6 s; peak memory 268 MiB.
2026-10-05T16:31:46Z INFO [185/5000] 5262bc19-4f56-4375-8f55-8232b02443ec: 17 internal nodes; 0.7 s; peak memory 268 MiB.
2026-10-05T16:31:47Z INFO [186/5000] 5263938e-119e-4a47-99c2-fdff1bbec42c: 27 internal nodes; 0.5 s; peak memory 268 MiB.
2026-10-05T16:31:47Z INFO [187/5000] 526409d7-22e2-4b76-b035-47294522b791: 12 internal nodes; 0.4 s; peak memory 268 MiB.
2026-10-05T16:31:48Z INFO [188/5000] 526439ba-597c-42e8-b2c7-ff9239288499: 17 internal nodes; 0.6 s; peak memory 268 MiB.
2026-10-05T16:31:48Z INFO [189/5000] 52645820-368a-4a48-93b7-aa17b3f5e563: 31 internal nodes; 0.5 s; peak memory 268 MiB.
2026-10-05T16:31:49Z INFO [190/5000] 52646708-faed-44c7-baad-4579283ca187: 52 internal nodes; 1.1 s; peak memory 268 MiB.
2026-10-05T16:31:50Z INFO [191/5000] 5264a73c-55c8-48a5-bb83-0dcb263140b9: 15 internal nodes; 0.4 s; peak memory 268 MiB.
2026-10-05T16:31:50Z INFO [192/5000] 52650d4b-27fa-4d51-a92a-d659c9475bb8: 19 internal nodes; 0.3 s; peak memory 268 MiB.
2026-10-05T16:31:51Z INFO [193/5000] 5265bf78-316a-450d-af4f-06cc7342fd4f: 17 internal nodes; 0.6 s; peak memory 268 MiB.
2026-10-05T16:31:51Z INFO [194/5000] 52665306-f334-44c3-98bd-276e956b7b38: 18 internal nodes; 0.7 s; peak memory 268 MiB.
2026-10-05T16:31:53Z INFO [195/5000] 52666989-7822-49ab-9a27-ad162ba343f2: 24 internal nodes; 1.2 s; peak memory 268 MiB.
2026-10-05T16:31:54Z INFO [196/5000] 52669c5d-46ef-41ad-907d-5ef70c305949: 40 internal nodes; 1.8 s; peak memory 268 MiB.
2026-10-05T16:31:56Z INFO [197/5000] 5266be8f-2aa5-4ea1-8f8f-69b1210f04be: 24 internal nodes; 1.2 s; peak memory 268 MiB.
2026-10-05T16:31:56Z INFO [198/5000] 526790b4-caa4-4fe3-b313-95a5bca864fc: 27 internal nodes; 0.5 s; peak memory 268 MiB.
2026-10-05T16:31:57Z INFO [199/5000] 526831ea-3dcd-4491-b62e-681cd4304d65: 31 internal nodes; 0.8 s; peak memory 268 MiB.
2026-10-05T16:31:58Z INFO [200/5000] 52688b7a-aa76-429a-80f8-ab4a8eb606a0: 17 internal nodes; 0.7 s; peak memory 268 MiB.
2026-10-05T16:31:58Z INFO [200/5000] 52688b7a-aa76-429a-80f8-ab4a8eb606a0: checkpointed 86635 records.
2026-10-05T16:31:59Z INFO [201/5000] 5268a589-6fee-4128-bdd5-dfe67e585760: 86 internal nodes; 1.0 s; peak memory 268 MiB.
2026-10-05T16:32:00Z INFO [202/5000] 5268d0c1-47b6-483e-a03c-dd253a99e0dd: 29 internal nodes; 0.6 s; peak memory 268 MiB.
2026-10-05T16:32:00Z INFO [203/5000] 5269db4b-3bf3-4c1a-abba-e473defd8dc2: 26 internal nodes; 0.3 s; peak memory 268 MiB.
2026-10-05T16:32:01Z INFO [204/5000] 526a2bfd-9b8d-41d6-957d-5c72d62574c3: 61 internal nodes; 0.7 s; peak memory 268 MiB.
2026-10-05T16:32:06Z INFO [205/5000] 526b5ffc-8072-4dfa-9e1c-d5ed6fdc0ce8: 226 internal nodes; 5.0 s; peak memory 268 MiB.
2026-10-05T16:32:07Z INFO [206/5000] 526bf7dc-bad0-4b52-944d-ca5abc4d1b11: 69 internal nodes; 1.1 s; peak memory 268 MiB.
2026-10-05T16:32:07Z INFO [207/5000] 526c2b6f-d9d1-4d1b-88a9-70023b61cf28: 17 internal nodes; 0.7 s; peak memory 268 MiB.
2026-10-05T16:32:08Z INFO [208/5000] 526c475f-a6f2-4b59-9c73-d947eeb95fa1: 26 internal nodes; 0.3 s; peak memory 268 MiB.
2026-10-05T16:32:09Z INFO [209/5000] 526cc790-9828-4ab4-aac0-7235a7735862: 60 internal nodes; 1.3 s; peak memory 268 MiB.
2026-10-05T16:32:10Z INFO [210/5000] 526d6ae0-5664-4b74-ac2d-89379b75d6ec: 27 internal nodes; 0.7 s; peak memory 268 MiB.
2026-10-05T16:32:10Z INFO [211/5000] 526db528-c113-4315-a6ea-c0699e619d32: 22 internal nodes; 0.3 s; peak memory 268 MiB.
2026-10-05T16:32:11Z INFO [212/5000] 526e42e7-57a8-47db-b5ab-deb8d3e827e6: 61 internal nodes; 0.9 s; peak memory 268 MiB.
2026-10-05T16:32:17Z INFO [213/5000] 526eb353-d9a4-4683-9cba-6ceea94b0890: 70 internal nodes; 6.3 s; peak memory 268 MiB.
2026-10-05T16:32:18Z INFO [214/5000] 526f53f4-20c8-4729-84fc-67951ca58920: 31 internal nodes; 0.7 s; peak memory 268 MiB.
2026-10-05T16:32:19Z INFO [215/5000] 52709424-34c3-458c-860c-9f5412eca6d3: 17 internal nodes; 0.6 s; peak memory 268 MiB.
2026-10-05T16:32:19Z INFO [216/5000] 52709dbd-5606-4b3a-bb4a-53c276e66878: 116 internal nodes; 0.8 s; peak memory 268 MiB.
2026-10-05T16:32:24Z INFO [217/5000] 5271411a-4458-45ce-a3ce-18749792be8b: 61 internal nodes; 4.6 s; peak memory 268 MiB.
2026-10-05T16:32:24Z INFO [218/5000] 52718cca-25a2-4fbc-ba8c-145314387d63: 26 internal nodes; 0.3 s; peak memory 268 MiB.
2026-10-05T16:32:26Z INFO [219/5000] 5271c072-1185-4075-9c08-9990871ba780: 55 internal nodes; 1.4 s; peak memory 268 MiB.
2026-10-05T16:32:28Z INFO [220/5000] 52720990-7432-4b06-8599-38c3add6143b: 89 internal nodes; 2.6 s; peak memory 268 MiB.
2026-10-05T16:32:31Z INFO [221/5000] 52721fa9-48c5-4663-97b6-5e5fb4ab2729: 116 internal nodes; 2.4 s; peak memory 268 MiB.
2026-10-05T16:32:31Z INFO [222/5000] 5272207f-1409-4bd1-9ae2-8b6e1ecef318: 23 internal nodes; 0.5 s; peak memory 268 MiB.
2026-10-05T16:32:32Z INFO [223/5000] 527235c8-6642-4248-8a9b-79d7fdac53c1: 61 internal nodes; 0.9 s; peak memory 268 MiB.
2026-10-05T16:32:33Z INFO [224/5000] 5272a94e-f2eb-4c58-b0ad-61bb495bc0da: 30 internal nodes; 1.2 s; peak memory 268 MiB.
2026-10-05T16:32:34Z INFO [225/5000] 5273f7e4-7bea-4b10-8d64-a781eb0e8cfe: 17 internal nodes; 0.6 s; peak memory 268 MiB.
2026-10-05T16:32:34Z INFO [226/5000] 52746d6e-bf82-4f40-a344-1fe89dff1278: 16 internal nodes; 0.5 s; peak memory 268 MiB.
2026-10-05T16:32:39Z INFO [227/5000] 52751a27-0491-4724-928d-b65fb6fe6f53: 73 internal nodes; 4.7 s; peak memory 268 MiB.
2026-10-05T16:32:40Z INFO [228/5000] 52761a57-2599-40fc-8630-7aefbe2be07f: 31 internal nodes; 0.8 s; peak memory 268 MiB.
2026-10-05T16:32:43Z INFO [229/5000] 5276394a-06f1-4b8c-a8e5-1fdbd19c55b7: 177 internal nodes; 3.3 s; peak memory 268 MiB.
2026-10-05T16:32:44Z INFO [230/5000] 527691f1-8014-410e-86c5-712ad489b310: 59 internal nodes; 0.8 s; peak memory 268 MiB.
2026-10-05T16:32:45Z INFO [231/5000] 5277ab0c-9b74-4a46-8d30-d340fbd91162: 17 internal nodes; 0.8 s; peak memory 268 MiB.
2026-10-05T16:32:45Z INFO [232/5000] 527800b4-11ab-4236-8269-39699821c3b6: 11 internal nodes; 0.3 s; peak memory 268 MiB.
2026-10-05T16:32:46Z INFO [233/5000] 527850ba-d7ef-48fd-b8ea-b30f40469f24: 13 internal nodes; 0.4 s; peak memory 268 MiB.
2026-10-05T16:32:46Z INFO [234/5000] 527a0789-7a57-46bf-ac57-62354e1ac197: 29 internal nodes; 0.6 s; peak memory 268 MiB.
2026-10-05T16:32:47Z INFO [235/5000] 527a1ad3-d700-48e4-90d6-377a36a6261f: 17 internal nodes; 0.6 s; peak memory 268 MiB.
2026-10-05T16:32:47Z INFO [236/5000] 527b201a-603c-4ee5-8c29-e5a836605f1c: 27 internal nodes; 0.5 s; peak memory 268 MiB.
2026-10-05T16:32:48Z INFO [237/5000] 527b8eed-365a-4aff-a675-5faea54ca4fc: 27 internal nodes; 0.6 s; peak memory 268 MiB.
2026-10-05T16:32:48Z INFO [238/5000] 527c58e9-40ff-4a03-be02-6089980fd97b: 18 internal nodes; 0.5 s; peak memory 268 MiB.
2026-10-05T16:32:49Z INFO [239/5000] 527ceeff-0c98-42ff-8215-dd273ac7a0ba: 27 internal nodes; 0.7 s; peak memory 268 MiB.
2026-10-05T16:32:50Z INFO [240/5000] 527d4065-d42a-4110-a1cf-2fde5a1757ff: 17 internal nodes; 0.7 s; peak memory 268 MiB.
2026-10-05T16:32:50Z INFO [241/5000] 527da3df-efb9-420d-91de-df804ec212c0: 13 internal nodes; 0.3 s; peak memory 268 MiB.
2026-10-05T16:32:59Z INFO [242/5000] 527da47f-b00f-4ad1-afe2-5abf8d5f62a1: 137 internal nodes; 8.7 s; peak memory 268 MiB.
2026-10-05T16:33:00Z INFO [243/5000] 527def8c-3df5-4cfb-9b3d-0558ddf944f2: 17 internal nodes; 0.6 s; peak memory 268 MiB.
2026-10-05T16:33:00Z INFO [244/5000] 527e91d4-23bc-4bd9-99f5-b6e1dcfc51c1: 17 internal nodes; 0.6 s; peak memory 268 MiB.
2026-10-05T16:33:08Z INFO [245/5000] 527e9f94-0fac-4d21-b2bc-8897fccaa7d4: 221 internal nodes; 8.3 s; peak memory 268 MiB.
2026-10-05T16:33:09Z INFO [246/5000] 527f09b8-02f5-4216-b873-f35d195021a4: 17 internal nodes; 0.7 s; peak memory 268 MiB.
2026-10-05T16:33:10Z INFO [247/5000] 527f9746-f9b1-47f8-b810-69a4204bb88b: 11 internal nodes; 0.5 s; peak memory 268 MiB.
2026-10-05T16:33:10Z INFO [248/5000] 527ff237-ab9c-40bc-8f9e-4846f6152993: 17 internal nodes; 0.6 s; peak memory 268 MiB.
2026-10-05T16:33:12Z INFO [249/5000] 52804750-86c1-4296-9a69-0f39eb78dfd2: 44 internal nodes; 1.6 s; peak memory 268 MiB.
2026-10-05T16:33:13Z INFO [250/5000] 528050b5-8c18-4123-aee6-529aa1b6b24a: 17 internal nodes; 0.7 s; peak memory 268 MiB.
2026-10-05T16:33:13Z INFO [250/5000] 528050b5-8c18-4123-aee6-529aa1b6b24a: checkpointed 86685 records.
2026-10-05T16:33:14Z INFO [251/5000] 52810c06-47f2-4b01-a099-dad001681f51: 19 internal nodes; 0.7 s; peak memory 268 MiB.
2026-10-05T16:33:14Z INFO [252/5000] 528115d3-f631-4323-a6d2-9e9f3618d030: 27 internal nodes; 0.7 s; peak memory 268 MiB.
2026-10-05T16:33:19Z INFO [253/5000] 528141d8-6ba5-42d8-9bab-b06aecd80bf9: 39 internal nodes; 4.6 s; peak memory 268 MiB.
2026-10-05T16:33:20Z INFO [254/5000] 52815a07-d624-43fc-ae5a-41b2e7ad7cc4: 19 internal nodes; 0.7 s; peak memory 268 MiB.
2026-10-05T16:33:21Z INFO [255/5000] 528194bc-d939-4313-8c8e-8b819a1192e9: 53 internal nodes; 1.7 s; peak memory 268 MiB.
2026-10-05T16:33:22Z INFO [256/5000] 5281e214-6dd4-4158-9add-56ff3de6180a: 27 internal nodes; 0.6 s; peak memory 268 MiB.
2026-10-05T16:33:22Z INFO [257/5000] 52827aea-e58a-4c32-bd09-615e2515c686: 27 internal nodes; 0.4 s; peak memory 268 MiB.
2026-10-05T16:33:23Z INFO [258/5000] 52829792-b7c6-4443-8e31-70e99631bc61: 29 internal nodes; 1.0 s; peak memory 268 MiB.
2026-10-05T16:33:24Z INFO [259/5000] 5282bfcb-7647-44e6-bf3d-e4780e921628: 29 internal nodes; 0.5 s; peak memory 268 MiB.
2026-10-05T16:33:24Z INFO [260/5000] 52836001-f933-4dda-a745-cc7e544f7391: 11 internal nodes; 0.3 s; peak memory 268 MiB.
2026-10-05T16:33:25Z INFO [261/5000] 5283f667-a92f-4e80-a745-13f3ea8d89b1: 17 internal nodes; 0.7 s; peak memory 268 MiB.
2026-10-05T16:33:26Z INFO [262/5000] 5284165f-8632-4d8f-8c7a-b1cc85b57997: 31 internal nodes; 0.8 s; peak memory 268 MiB.
2026-10-05T16:33:26Z INFO [263/5000] 52841e86-93fb-4352-bccf-d4d75a93a20a: 17 internal nodes; 0.6 s; peak memory 268 MiB.
2026-10-05T16:33:28Z INFO [264/5000] 5285401a-3fd5-4abe-a543-9dd8274bcd11: 44 internal nodes; 1.7 s; peak memory 268 MiB.
2026-10-05T16:33:28Z INFO [265/5000] 5285dea4-3df0-451f-82b9-d408f9b9e451: 11 internal nodes; 0.4 s; peak memory 268 MiB.
2026-10-05T16:33:32Z INFO [266/5000] 52867b26-cc27-48a2-83e2-9cf49fe2b298: 119 internal nodes; 3.9 s; peak memory 268 MiB.
2026-10-05T16:33:34Z INFO [267/5000] 5286a2dd-3e01-473b-906d-6623829febf5: 27 internal nodes; 1.6 s; peak memory 268 MiB.
2026-10-05T16:33:35Z INFO [268/5000] 52871285-9b7a-4ce4-9703-46429cf70946: 39 internal nodes; 0.9 s; peak memory 268 MiB.
2026-10-05T16:33:35Z INFO [269/5000] 528879bd-d922-4321-a12f-58a6856bd460: 27 internal nodes; 0.5 s; peak memory 268 MiB.
2026-10-05T16:33:41Z INFO [270/5000] 5288901c-0f26-4752-bed4-988449b8f6a0: 71 internal nodes; 5.8 s; peak memory 268 MiB.
2026-10-05T16:33:42Z INFO [271/5000] 5289509a-f641-41c2-ad4a-b2243a939f71: 29 internal nodes; 0.8 s; peak memory 268 MiB.
2026-10-05T16:33:43Z INFO [272/5000] 52896f17-262d-47b9-9788-31597bdd9e0f: 20 internal nodes; 0.9 s; peak memory 268 MiB.
2026-10-05T16:33:44Z INFO [273/5000] 52897708-339e-462b-a21e-7c855585ad6a: 31 internal nodes; 0.9 s; peak memory 268 MiB.
2026-10-05T16:33:44Z INFO [274/5000] 52899ea0-076c-4026-8799-e3e3cb53c44f: 90 internal nodes; 0.5 s; peak memory 268 MiB.
2026-10-05T16:33:44Z INFO [275/5000] 5289b758-0dea-41ac-94c5-88fc72e2eb4e: 26 internal nodes; 0.3 s; peak memory 268 MiB.
2026-10-05T16:33:45Z INFO [276/5000] 5289c4c8-328a-40ba-b809-1b3131a6485b: 62 internal nodes; 0.8 s; peak memory 268 MiB.
2026-10-05T16:33:46Z INFO [277/5000] 5289ca9c-b589-4ba5-ad6d-b79015678ca5: 58 internal nodes; 1.4 s; peak memory 268 MiB.
2026-10-05T16:33:47Z INFO [278/5000] 5289d66d-3dfe-4b4e-b32b-f2c9fd7dcec5: 90 internal nodes; 0.6 s; peak memory 268 MiB.
2026-10-05T16:33:48Z INFO [279/5000] 5289f3e9-622a-4afa-91ff-1d85f582c29c: 17 internal nodes; 0.7 s; peak memory 268 MiB.
2026-10-05T16:33:49Z INFO [280/5000] 528a32d5-41c1-47ef-8c45-76f1ba11c8fe: 17 internal nodes; 0.7 s; peak memory 268 MiB.
2026-10-05T16:33:53Z INFO [281/5000] 528a3713-a314-4c96-8187-a88587cc4511: 181 internal nodes; 4.7 s; peak memory 268 MiB.
2026-10-05T16:33:54Z INFO [282/5000] 528a3c51-31ae-43de-b3c9-60a16e1792ae: 27 internal nodes; 0.6 s; peak memory 268 MiB.
2026-10-05T16:33:59Z INFO [283/5000] 528b1ca2-cf82-4537-be8e-c14782ff57bb: 267 internal nodes; 5.4 s; peak memory 268 MiB.
2026-10-05T16:34:05Z INFO [284/5000] 528b72ad-54b1-4bd7-b8ae-ee45d3d8ef07: 244 internal nodes; 5.7 s; peak memory 268 MiB.
2026-10-05T16:34:09Z INFO [285/5000] 528ba978-8c21-4755-97d8-91b46c53719f: 177 internal nodes; 3.8 s; peak memory 268 MiB.
2026-10-05T16:34:10Z INFO [286/5000] 528cbb4a-f535-4c43-82b4-9afdd7dc5bf4: 54 internal nodes; 0.9 s; peak memory 268 MiB.
2026-10-05T16:34:10Z INFO [287/5000] 528ccb4b-5b5a-4e80-ae3b-7f78e384515d: 18 internal nodes; 0.4 s; peak memory 268 MiB.
2026-10-05T16:34:13Z INFO [288/5000] 528d1406-9641-4ef4-a215-f1620abeb7da: 107 internal nodes; 2.4 s; peak memory 268 MiB.
2026-10-05T16:34:13Z INFO [289/5000] 528e4e7f-1a79-4812-8061-0c9d3a9ef659: 27 internal nodes; 0.7 s; peak memory 268 MiB.
2026-10-05T16:34:14Z INFO [290/5000] 528e831a-abbe-4d89-944e-2a8598badd10: 23 internal nodes; 0.6 s; peak memory 268 MiB.
2026-10-05T16:34:17Z INFO [291/5000] 52903a7c-9546-49c2-9fa5-43a3b6f86227: 113 internal nodes; 3.3 s; peak memory 268 MiB.
2026-10-05T16:34:17Z INFO [292/5000] 52906132-b9a8-4594-ae36-89eee21acbd5: 17 internal nodes; 0.5 s; peak memory 268 MiB.
2026-10-05T16:34:18Z INFO [293/5000] 5290a3f0-6bb7-452d-869d-45972c20f9ab: 17 internal nodes; 0.6 s; peak memory 268 MiB.
2026-10-05T16:34:19Z INFO [294/5000] 5290f168-2733-498f-9324-c818b75bde89: 17 internal nodes; 0.6 s; peak memory 268 MiB.
2026-10-05T16:34:19Z INFO [295/5000] 52910f6e-317a-4c7b-9774-71b8e1847bfc: 17 internal nodes; 0.5 s; peak memory 268 MiB.
2026-10-05T16:34:20Z INFO [296/5000] 5291676e-4bc6-408a-bc72-5f8663d1ed99: 13 internal nodes; 0.6 s; peak memory 268 MiB.
2026-10-05T16:34:20Z INFO [297/5000] 5291f519-a4c9-4db8-a764-bad49fdf4485: 18 internal nodes; 0.6 s; peak memory 268 MiB.
2026-10-05T16:34:21Z INFO [298/5000] 5293a848-a104-4fb5-a575-f2bc7c80788c: 31 internal nodes; 0.6 s; peak memory 268 MiB.
2026-10-05T16:34:22Z INFO [299/5000] 52940fb0-6c1e-442f-ad75-b8e315c278fe: 30 internal nodes; 0.9 s; peak memory 268 MiB.
2026-10-05T16:34:23Z INFO [300/5000] 5294144e-927a-42c2-a064-57cea35bf10b: 13 internal nodes; 0.7 s; peak memory 268 MiB.
2026-10-05T16:34:23Z INFO [300/5000] 5294144e-927a-42c2-a064-57cea35bf10b: checkpointed 86735 records.
2026-10-05T16:34:24Z INFO [301/5000] 52957c03-35a4-4e6d-ab94-0b7940a1635f: 38 internal nodes; 0.9 s; peak memory 268 MiB.
2026-10-05T16:34:25Z INFO [302/5000] 5295cc5d-9a30-4419-ba15-012f22cce6f8: 54 internal nodes; 0.8 s; peak memory 268 MiB.
2026-10-05T16:34:25Z INFO [303/5000] 529764f6-ccb6-425b-9567-df07bf97d709: 17 internal nodes; 0.6 s; peak memory 268 MiB.
2026-10-05T16:34:26Z INFO [304/5000] 5297726c-5a01-43f8-8e04-aa27ad28bc6f: 27 internal nodes; 0.6 s; peak memory 268 MiB.
2026-10-05T16:34:30Z INFO [305/5000] 52979995-bf37-443c-8cd8-061e057251f2: 61 internal nodes; 4.2 s; peak memory 268 MiB.
2026-10-05T16:34:31Z INFO [306/5000] 5297a4b9-ea35-47a3-8a98-ced37ebb2be5: 24 internal nodes; 1.0 s; peak memory 268 MiB.
2026-10-05T16:35:00Z INFO [307/5000] 5297df40-065f-4a91-8122-617be6a5bb72: 2811 internal nodes; 28.9 s; peak memory 345 MiB.
2026-10-05T16:35:02Z INFO [308/5000] 5298ec83-7bb9-429c-ba9f-a9404c05a507: 53 internal nodes; 1.6 s; peak memory 345 MiB.
2026-10-05T16:35:03Z INFO [309/5000] 52990181-9255-4c94-859a-9639b17b9db8: 24 internal nodes; 1.2 s; peak memory 345 MiB.
2026-10-05T16:35:03Z INFO [310/5000] 5299cbb9-ae1f-4c31-a0b1-ef7b88153d05: 17 internal nodes; 0.6 s; peak memory 345 MiB.
2026-10-05T16:35:05Z INFO [311/5000] 529a0134-02eb-4fd3-a955-4ef0a7ed1609: 40 internal nodes; 2.1 s; peak memory 345 MiB.
2026-10-05T16:35:06Z INFO [312/5000] 529a22c9-ba78-4397-aabf-127824d814a9: 17 internal nodes; 0.6 s; peak memory 345 MiB.
2026-10-05T16:35:14Z INFO [313/5000] 529b9611-8c1f-4955-8cae-e4a86354db4f: 83 internal nodes; 8.1 s; peak memory 345 MiB.
2026-10-05T16:35:15Z INFO [314/5000] 529cde7f-dbcb-4c56-9d00-24f7a22fc806: 17 internal nodes; 0.6 s; peak memory 345 MiB.
2026-10-05T16:35:15Z INFO [315/5000] 529ce6b4-8dad-48c5-98f1-6576aced5411: 17 internal nodes; 0.7 s; peak memory 345 MiB.
2026-10-05T16:35:16Z INFO [316/5000] 529cf497-3c2e-4879-9af6-c10f80907142: 31 internal nodes; 0.8 s; peak memory 345 MiB.
2026-10-05T16:35:17Z INFO [317/5000] 529d5928-a8f2-4f45-abc5-514a1f5be1cb: 27 internal nodes; 0.5 s; peak memory 345 MiB.
2026-10-05T16:35:18Z INFO [318/5000] 529d6df3-13a9-4151-91b3-7570e60a6284: 17 internal nodes; 0.7 s; peak memory 345 MiB.
2026-10-05T16:35:18Z INFO [319/5000] 529e01fa-8eb5-47f0-b3b9-499ff438956a: 27 internal nodes; 0.6 s; peak memory 345 MiB.
2026-10-05T16:35:19Z INFO [320/5000] 529e50ec-faa7-4bf5-b763-2ae840dcb11f: 27 internal nodes; 0.6 s; peak memory 345 MiB.
2026-10-05T16:35:22Z INFO [321/5000] 529ea76f-44df-428b-8983-c8b9fb982e67: 78 internal nodes; 3.1 s; peak memory 345 MiB.
2026-10-05T16:35:22Z INFO [322/5000] 529eaa5b-6916-46fd-996e-7dc7aa48572d: 19 internal nodes; 0.3 s; peak memory 345 MiB.
2026-10-05T16:35:23Z INFO [323/5000] 529ee7cb-e019-4d1a-8b1c-9ed9d40ec029: 59 internal nodes; 1.3 s; peak memory 345 MiB.
2026-10-05T16:35:24Z INFO [324/5000] 529ef45c-5a5b-4e6e-bee0-225f02f1392d: 114 internal nodes; 0.5 s; peak memory 345 MiB.
2026-10-05T16:35:25Z INFO [325/5000] 529f5582-167b-4a48-a188-4573ee4e8d2c: 17 internal nodes; 0.7 s; peak memory 345 MiB.
2026-10-05T16:35:25Z INFO [326/5000] 529fa0ee-2c71-4043-a540-a5bb2ee25aea: 15 internal nodes; 0.8 s; peak memory 345 MiB.
2026-10-05T16:35:26Z INFO [327/5000] 52a141e1-f8c4-4136-96f8-3aabc975dea8: 16 internal nodes; 1.0 s; peak memory 345 MiB.
2026-10-05T16:35:34Z INFO [328/5000] 52a167bc-03d2-45aa-87b7-a9040a5cf4e2: 57 internal nodes; 7.6 s; peak memory 345 MiB.
2026-10-05T16:35:39Z INFO [329/5000] 52a1c92c-e8cc-48dd-9d2c-aa08c9df3d57: 182 internal nodes; 4.5 s; peak memory 345 MiB.
2026-10-05T16:35:39Z INFO [330/5000] 52a267f8-a80f-4495-a2d0-3e3768601ec5: 17 internal nodes; 0.6 s; peak memory 345 MiB.
2026-10-05T16:35:40Z INFO [331/5000] 52a2e8de-a866-4506-b2af-5566d5846054: 27 internal nodes; 0.7 s; peak memory 345 MiB.
2026-10-05T16:35:40Z INFO [332/5000] 52a36aba-db72-4822-b734-f48ed008fbe6: 31 internal nodes; 0.5 s; peak memory 345 MiB.
2026-10-05T16:35:41Z INFO [333/5000] 52a4154f-6b39-4cca-82cc-7d1220d37434: 11 internal nodes; 0.4 s; peak memory 345 MiB.
2026-10-05T16:35:41Z INFO [334/5000] 52a41fa0-adea-4b9f-a5c8-0517c5a6eb07: 11 internal nodes; 0.3 s; peak memory 345 MiB.
2026-10-05T16:35:42Z INFO [335/5000] 52a540b5-f5e7-4e10-949e-84bcb8725df1: 66 internal nodes; 1.3 s; peak memory 345 MiB.
2026-10-05T16:35:44Z INFO [336/5000] 52a59875-c636-408b-87fc-96b8b8eb296f: 46 internal nodes; 2.0 s; peak memory 345 MiB.
2026-10-05T16:35:46Z INFO [337/5000] 52a5a3ff-bf4d-4254-a233-d2e95499efd4: 46 internal nodes; 1.8 s; peak memory 345 MiB.
2026-10-05T16:35:47Z INFO [338/5000] 52a694cf-ac67-446d-a40a-aa1d013eccf3: 18 internal nodes; 0.7 s; peak memory 345 MiB.
2026-10-05T16:35:47Z INFO [339/5000] 52a6bf38-de98-4153-bf36-3e5052ca7854: 17 internal nodes; 0.6 s; peak memory 345 MiB.
2026-10-05T16:35:48Z INFO [340/5000] 52a75354-03f9-4abf-88e3-7bec38788859: 31 internal nodes; 0.7 s; peak memory 345 MiB.
2026-10-05T16:35:50Z INFO [341/5000] 52a7bef5-2100-491c-93a4-9c1add65cf3d: 44 internal nodes; 1.4 s; peak memory 345 MiB.
2026-10-05T16:35:50Z INFO [342/5000] 52a831c1-5272-41e6-a84f-7c299831f709: 21 internal nodes; 0.4 s; peak memory 345 MiB.
2026-10-05T16:35:51Z INFO [343/5000] 52a83a17-bbe8-4088-b0b7-7974a09f9cc7: 27 internal nodes; 0.7 s; peak memory 345 MiB.
2026-10-05T16:35:52Z INFO [344/5000] 52a8e7ee-c1ea-4968-87c1-86d118a31fd9: 17 internal nodes; 0.8 s; peak memory 345 MiB.
2026-10-05T16:35:52Z INFO [345/5000] 52a9ceb0-397b-4c68-bb25-9b507661f98a: 17 internal nodes; 0.7 s; peak memory 345 MiB.
2026-10-05T16:35:53Z INFO [346/5000] 52aa9c1e-2e6f-4c9d-957d-f145a87e6e98: 27 internal nodes; 0.7 s; peak memory 345 MiB.
2026-10-05T16:35:55Z INFO [347/5000] 52ab7624-ee11-4f07-9805-077c6783eacc: 39 internal nodes; 2.0 s; peak memory 345 MiB.
2026-10-05T16:35:56Z INFO [348/5000] 52ac0d7b-9273-45e1-8739-9d5c1d94931d: 27 internal nodes; 0.5 s; peak memory 345 MiB.
2026-10-05T16:35:56Z INFO [349/5000] 52acac42-025b-408f-9948-c69bb2026c68: 26 internal nodes; 0.7 s; peak memory 345 MiB.
2026-10-05T16:35:57Z INFO [350/5000] 52acc7c8-0c4e-4b4d-9520-ec4814cc8037: 26 internal nodes; 0.8 s; peak memory 345 MiB.
2026-10-05T16:35:57Z INFO [350/5000] 52acc7c8-0c4e-4b4d-9520-ec4814cc8037: checkpointed 86785 records.
2026-10-05T16:36:10Z INFO [351/5000] 52ad6b3c-e09b-4372-95a6-b1a68e6b946f: 135 internal nodes; 12.7 s; peak memory 345 MiB.
2026-10-05T16:36:11Z INFO [352/5000] 52ad995d-cae1-4ce0-a55d-74872f314519: 30 internal nodes; 1.1 s; peak memory 345 MiB.
2026-10-05T16:36:15Z INFO [353/5000] 52adc2ec-e8fe-43d1-85fa-ca423c928c9d: 188 internal nodes; 3.4 s; peak memory 345 MiB.
2026-10-05T16:36:15Z INFO [354/5000] 52aee0a2-b717-435f-849a-20ef46497849: 17 internal nodes; 0.8 s; peak memory 345 MiB.
2026-10-05T16:36:16Z INFO [355/5000] 52af073c-d4cc-41a0-ab82-394213e24208: 59 internal nodes; 0.9 s; peak memory 345 MiB.
2026-10-05T16:36:17Z INFO [356/5000] 52af3991-229c-4d8c-82d0-fffdd718002a: 17 internal nodes; 0.6 s; peak memory 345 MiB.
2026-10-05T16:36:17Z INFO [357/5000] 52af49ca-98d1-458a-9669-0bb115272b88: 13 internal nodes; 0.5 s; peak memory 345 MiB.
2026-10-05T16:36:18Z INFO [358/5000] 52afddb0-ea42-4357-b17b-21e93a93877a: 11 internal nodes; 0.4 s; peak memory 345 MiB.
2026-10-05T16:36:18Z INFO [359/5000] 52b0347b-6c93-4543-ae3e-a939f05f8c8a: 17 internal nodes; 0.6 s; peak memory 345 MiB.
2026-10-05T16:36:19Z INFO [360/5000] 52b07d66-97cb-4275-a259-6b44cc761f9c: 90 internal nodes; 0.6 s; peak memory 345 MiB.
2026-10-05T16:36:20Z INFO [361/5000] 52b0f0e1-af55-4c00-af85-6aeb871182ce: 19 internal nodes; 0.5 s; peak memory 345 MiB.
2026-10-05T16:36:20Z INFO [362/5000] 52b0f638-1b5a-4a5f-85bc-3cfd41f2b94f: 27 internal nodes; 0.6 s; peak memory 345 MiB.
2026-10-05T16:36:21Z INFO [363/5000] 52b1616d-727f-4a13-af1e-c4c5909e301f: 59 internal nodes; 1.2 s; peak memory 345 MiB.
2026-10-05T16:36:22Z INFO [364/5000] 52b16735-fb5b-4daf-8f12-2f16844a8e4d: 34 internal nodes; 0.8 s; peak memory 345 MiB.
2026-10-05T16:36:23Z INFO [365/5000] 52b1f4ee-00c5-49ce-bb2d-1f334d310b16: 17 internal nodes; 0.7 s; peak memory 345 MiB.
2026-10-05T16:36:24Z INFO [366/5000] 52b2c11f-1aba-4263-90d7-4af4ef91463c: 31 internal nodes; 0.9 s; peak memory 345 MiB.
2026-10-05T16:36:24Z INFO [367/5000] 52b395d5-2538-48b9-9776-6627b4e358c5: 27 internal nodes; 0.6 s; peak memory 345 MiB.
2026-10-05T16:36:25Z INFO [368/5000] 52b3ae6a-061e-4a20-82ff-c0eed8d0305d: 27 internal nodes; 0.7 s; peak memory 345 MiB.
2026-10-05T16:36:26Z INFO [369/5000] 52b3b4c3-0f86-4513-9237-030c1113c5d1: 17 internal nodes; 0.6 s; peak memory 345 MiB.
2026-10-05T16:36:32Z INFO [370/5000] 52b40703-6a42-4469-92c0-b5b87111011a: 183 internal nodes; 5.9 s; peak memory 345 MiB.
2026-10-05T16:36:32Z INFO [371/5000] 52b40d37-c6ec-4e59-864f-d4953632479e: 26 internal nodes; 0.4 s; peak memory 345 MiB.
2026-10-05T16:36:33Z INFO [372/5000] 52b493f4-360f-49f0-aa9e-4f609ba9ace6: 18 internal nodes; 0.6 s; peak memory 345 MiB.
2026-10-05T16:36:37Z INFO [373/5000] 52b4ffc6-6894-4801-bf35-fd41a1847bea: 61 internal nodes; 4.6 s; peak memory 345 MiB.
2026-10-05T16:36:37Z INFO [374/5000] 52b553ec-d34e-4ef7-9535-9338fd717fa6: 25 internal nodes; 0.3 s; peak memory 345 MiB.
2026-10-05T16:36:38Z INFO [375/5000] 52b60da2-95b5-45a8-a959-42a7c7769741: 17 internal nodes; 0.6 s; peak memory 345 MiB.
2026-10-05T16:36:44Z INFO [376/5000] 52b64152-e42b-4fbe-8121-d83c02313b45: 66 internal nodes; 5.4 s; peak memory 345 MiB.
2026-10-05T16:36:53Z INFO [377/5000] 52b7547b-4671-48b0-97fb-0d185f4879ce: 455 internal nodes; 9.5 s; peak memory 345 MiB.
2026-10-05T16:36:54Z INFO [378/5000] 52b96f1a-c3ab-4b1c-8d89-17f1151a3679: 19 internal nodes; 0.6 s; peak memory 345 MiB.
2026-10-05T16:36:54Z INFO [379/5000] 52b9b107-a1ef-40f7-9030-f49f627542b3: 17 internal nodes; 0.7 s; peak memory 345 MiB.
2026-10-05T16:36:55Z INFO [380/5000] 52b9d3dd-f36d-43b0-8574-6f487c94acdf: 17 internal nodes; 0.6 s; peak memory 345 MiB.
2026-10-05T16:36:56Z INFO [381/5000] 52ba028f-ba98-4e5d-9634-d7f9b8dbd9f0: 35 internal nodes; 0.8 s; peak memory 345 MiB.
2026-10-05T16:36:56Z INFO [382/5000] 52ba50e3-13df-437b-a63a-1b98e143c172: 13 internal nodes; 0.4 s; peak memory 345 MiB.
2026-10-05T16:36:57Z INFO [383/5000] 52bab93c-a020-460a-b08c-ca5b32456216: 17 internal nodes; 0.7 s; peak memory 345 MiB.
2026-10-05T16:36:58Z INFO [384/5000] 52bb8df8-1270-4f4e-ba86-b77844f04341: 60 internal nodes; 1.7 s; peak memory 345 MiB.
2026-10-05T16:36:59Z INFO [385/5000] 52bb90ea-f506-460b-8876-7eee1c546ab7: 31 internal nodes; 1.0 s; peak memory 345 MiB.
2026-10-05T16:37:00Z INFO [386/5000] 52bb928f-1f7e-4cf0-8d5e-dc99af455850: 63 internal nodes; 1.1 s; peak memory 345 MiB.
2026-10-05T16:37:01Z INFO [387/5000] 52bb96dd-40be-4932-ad61-5f1064dcc058: 61 internal nodes; 1.0 s; peak memory 345 MiB.
2026-10-05T16:37:02Z INFO [388/5000] 52bd3114-9a01-412d-9779-cbbc789eec9c: 25 internal nodes; 0.7 s; peak memory 345 MiB.
2026-10-05T16:37:03Z INFO [389/5000] 52bddb38-3352-4248-8e88-2b5e44ef547b: 24 internal nodes; 0.7 s; peak memory 345 MiB.
2026-10-05T16:37:04Z INFO [390/5000] 52be7e93-e8da-4290-8843-43aacdd413b7: 66 internal nodes; 1.5 s; peak memory 345 MiB.
2026-10-05T16:37:09Z INFO [391/5000] 52be814f-c65c-44e0-ab4b-38202b24c69c: 193 internal nodes; 4.1 s; peak memory 345 MiB.
2026-10-05T16:37:09Z INFO [392/5000] 52bea62e-484c-4c13-86db-92f5c4a7034e: 17 internal nodes; 0.6 s; peak memory 345 MiB.
2026-10-05T16:37:10Z INFO [393/5000] 52bfb80e-fe03-49f4-ae83-1d3515f0fd71: 29 internal nodes; 0.5 s; peak memory 345 MiB.
2026-10-05T16:37:10Z INFO [394/5000] 52c02713-273d-41b1-b3b8-aaaa892042e6: 37 internal nodes; 0.8 s; peak memory 345 MiB.
2026-10-05T16:37:12Z INFO [395/5000] 52c08cf4-639d-4661-bd7a-baf8b8563023: 56 internal nodes; 1.7 s; peak memory 345 MiB.
2026-10-05T16:37:13Z INFO [396/5000] 52c0d1f1-e7f8-4ee5-8fec-6c288e22b2e9: 53 internal nodes; 1.0 s; peak memory 345 MiB.
2026-10-05T16:37:15Z INFO [397/5000] 52c0f1e1-35b0-41d3-9e92-12f89517762c: 42 internal nodes; 1.4 s; peak memory 345 MiB.
2026-10-05T16:37:19Z INFO [398/5000] 52c118cd-c669-4c80-b2ce-938563c40124: 261 internal nodes; 4.9 s; peak memory 345 MiB.
2026-10-05T16:37:20Z INFO [399/5000] 52c20e8a-5677-475d-a6f9-e494a52ef171: 60 internal nodes; 0.9 s; peak memory 345 MiB.
2026-10-05T16:37:21Z INFO [400/5000] 52c2d056-8670-4c85-94d4-4bee28cb2bea: 24 internal nodes; 0.4 s; peak memory 345 MiB.
2026-10-05T16:37:21Z INFO [400/5000] 52c2d056-8670-4c85-94d4-4bee28cb2bea: checkpointed 86835 records.
2026-10-05T16:37:22Z INFO [401/5000] 52c330c5-3a17-49eb-bd92-d21de651b4cb: 27 internal nodes; 0.6 s; peak memory 345 MiB.
2026-10-05T16:37:23Z INFO [402/5000] 52c34c90-82d5-4aae-aa0c-c28a64af3f74: 39 internal nodes; 1.0 s; peak memory 345 MiB.
2026-10-05T16:37:23Z INFO [403/5000] 52c3a615-2d61-492b-bb6e-1f7f27ad372d: 61 internal nodes; 0.7 s; peak memory 345 MiB.
2026-10-05T16:37:29Z INFO [404/5000] 52c3b1d5-1713-4386-897d-831e490065ea: 242 internal nodes; 5.5 s; peak memory 345 MiB.
2026-10-05T16:37:29Z INFO [405/5000] 52c4b5d0-2bd3-4369-b920-64dbce9d3918: 18 internal nodes; 0.5 s; peak memory 345 MiB.
2026-10-05T16:37:30Z INFO [406/5000] 52c4d260-4c31-4f4a-9449-826c55656680: 27 internal nodes; 0.5 s; peak memory 345 MiB.
2026-10-05T16:37:31Z INFO [407/5000] 52c53dd8-ad49-4f7c-905f-a2d9beb26325: 30 internal nodes; 0.9 s; peak memory 345 MiB.
2026-10-05T16:37:32Z INFO [408/5000] 52c60634-142c-4b67-ac11-c86f36c01b70: 24 internal nodes; 0.9 s; peak memory 345 MiB.
2026-10-05T16:37:32Z INFO [409/5000] 52c667b4-6e36-47ef-afe0-fcb095c08fcf: 27 internal nodes; 0.6 s; peak memory 345 MiB.
2026-10-05T16:37:34Z INFO [410/5000] 52c71eec-c4ff-4426-b6e8-b4e97963ce39: 44 internal nodes; 1.5 s; peak memory 345 MiB.
2026-10-05T16:37:34Z INFO [411/5000] 52c80b13-bc86-4798-bbb0-b62bd6f9e244: 58 internal nodes; 0.5 s; peak memory 345 MiB.
2026-10-05T16:37:35Z INFO [412/5000] 52c872f5-e7da-4acd-badf-915e4702684a: 31 internal nodes; 0.9 s; peak memory 345 MiB.
2026-10-05T16:37:37Z INFO [413/5000] 52c8e97a-8c22-4ca2-992e-1da183aa8f4d: 47 internal nodes; 2.2 s; peak memory 345 MiB.
2026-10-05T16:37:38Z INFO [414/5000] 52ca2c1f-7dca-4ba0-82e2-23077f758b55: 19 internal nodes; 0.4 s; peak memory 345 MiB.
2026-10-05T16:37:38Z INFO [415/5000] 52ca6c7c-d1ec-45ed-8d67-f55d106fe877: 25 internal nodes; 0.7 s; peak memory 345 MiB.
2026-10-05T16:37:39Z INFO [416/5000] 52cab381-2fcb-4e35-ae42-a78f64ac16a2: 17 internal nodes; 0.6 s; peak memory 345 MiB.
2026-10-05T16:37:42Z INFO [417/5000] 52cb013e-7be2-480c-8a3b-b26a6d3f5d58: 422 internal nodes; 3.4 s; peak memory 345 MiB.
2026-10-05T16:37:44Z INFO [418/5000] 52cb7349-7781-46d3-af84-d4fa85e0861e: 95 internal nodes; 1.2 s; peak memory 345 MiB.
2026-10-05T16:37:45Z INFO [419/5000] 52cc2b65-3dec-47e8-bad7-796e6828842d: 59 internal nodes; 1.3 s; peak memory 345 MiB.
2026-10-05T16:37:53Z INFO [420/5000] 52ccc77a-c9fe-442c-a3bb-dfa91369e25f: 83 internal nodes; 8.4 s; peak memory 345 MiB.
2026-10-05T16:37:54Z INFO [421/5000] 52cd37d9-ed7a-4277-9e6d-f396b845d56b: 116 internal nodes; 0.6 s; peak memory 345 MiB.
2026-10-05T16:37:57Z INFO [422/5000] 52cde384-ba2a-4234-b5fe-391a0b9aaae0: 56 internal nodes; 3.0 s; peak memory 345 MiB.
2026-10-05T16:37:58Z INFO [423/5000] 52cfbbea-7db6-496c-b7f8-ce0e1df2e6d5: 27 internal nodes; 0.7 s; peak memory 345 MiB.
2026-10-05T16:38:04Z INFO [424/5000] 52d0a83a-73d6-47c5-9440-57665bc7b771: 313 internal nodes; 6.1 s; peak memory 345 MiB.
2026-10-05T16:38:07Z INFO [425/5000] 52d0b29d-f356-478f-b764-7a74bf8e9f6f: 50 internal nodes; 2.8 s; peak memory 345 MiB.
2026-10-05T16:38:08Z INFO [426/5000] 52d0ba9a-3566-49dd-a51a-0bb298c99de4: 42 internal nodes; 1.7 s; peak memory 345 MiB.
2026-10-05T16:38:09Z INFO [427/5000] 52d151fc-7bc1-415a-b491-a3ef42ae8d26: 17 internal nodes; 0.6 s; peak memory 345 MiB.
2026-10-05T16:38:10Z INFO [428/5000] 52d258e6-425a-44e9-8f74-8098bbc23376: 60 internal nodes; 1.4 s; peak memory 345 MiB.
2026-10-05T16:38:11Z INFO [429/5000] 52d2992a-4346-413f-ac1f-e9d985641886: 13 internal nodes; 0.3 s; peak memory 345 MiB.
2026-10-05T16:38:13Z INFO [430/5000] 52d33f4a-c24a-4815-b53f-ac9f47ccc2f8: 46 internal nodes; 2.3 s; peak memory 345 MiB.
2026-10-05T16:38:14Z INFO [431/5000] 52d35678-582c-4327-8728-22faa7ee39a3: 35 internal nodes; 0.7 s; peak memory 345 MiB.
2026-10-05T16:38:14Z INFO [432/5000] 52d37af0-b88c-46b7-a703-d89554214232: 13 internal nodes; 0.3 s; peak memory 345 MiB.
2026-10-05T16:38:15Z INFO [433/5000] 52d3a909-98e4-4818-969c-d8f82306c681: 42 internal nodes; 1.2 s; peak memory 345 MiB.
2026-10-05T16:38:16Z INFO [434/5000] 52d417a6-03b0-453d-a53b-9c417640f3f4: 16 internal nodes; 0.6 s; peak memory 345 MiB.
2026-10-05T16:38:31Z INFO [435/5000] 52d50e7a-ce99-4387-8441-ecbfb41ccf10: 281 internal nodes; 15.4 s; peak memory 345 MiB.
2026-10-05T16:38:32Z INFO [436/5000] 52d51c4e-e54f-4490-9913-e4c3c0938b8c: 42 internal nodes; 1.3 s; peak memory 345 MiB.
2026-10-05T16:38:33Z INFO [437/5000] 52d51c68-0de0-4846-b36c-4e9055deae2e: 19 internal nodes; 0.4 s; peak memory 345 MiB.
2026-10-05T16:38:33Z INFO [438/5000] 52d54633-5ee1-4148-a200-5bbf5a9fd202: 13 internal nodes; 0.4 s; peak memory 345 MiB.
2026-10-05T16:38:34Z INFO [439/5000] 52d64c5f-bfee-4162-83dd-e3ca6bfaff95: 25 internal nodes; 0.8 s; peak memory 345 MiB.
2026-10-05T16:38:34Z INFO [440/5000] 52d6a95a-691b-4478-a75a-4a4e9cf7316b: 17 internal nodes; 0.3 s; peak memory 345 MiB.
2026-10-05T16:38:35Z INFO [441/5000] 52d6e023-d097-41b5-9943-ac777f775b91: 29 internal nodes; 0.6 s; peak memory 345 MiB.
2026-10-05T16:38:40Z INFO [442/5000] 52d7a1ec-1fff-4be6-98b5-c8c90cdcdc9c: 44 internal nodes; 4.9 s; peak memory 345 MiB.
2026-10-05T16:38:44Z INFO [443/5000] 52d8e8f2-2466-4ffc-9cfa-8dd21e0c542b: 73 internal nodes; 4.2 s; peak memory 345 MiB.
2026-10-05T16:38:45Z INFO [444/5000] 52d91d43-58f0-48bb-a0e0-5e179cf2f2bd: 19 internal nodes; 0.6 s; peak memory 345 MiB.
2026-10-05T16:38:45Z INFO [445/5000] 52d9d7a4-1803-467d-9d00-7c9c8252626f: 29 internal nodes; 0.6 s; peak memory 345 MiB.
2026-10-05T16:38:46Z INFO [446/5000] 52d9db65-7ad0-4702-a6a2-eaa3ba8bb5ce: 41 internal nodes; 0.9 s; peak memory 345 MiB.
2026-10-05T16:38:47Z INFO [447/5000] 52da548b-ab5c-43e3-a172-900b25fa8b91: 69 internal nodes; 0.9 s; peak memory 345 MiB.
2026-10-05T16:38:48Z INFO [448/5000] 52da57c0-ea4a-4a7b-bb83-0268d4ba9dfb: 27 internal nodes; 0.6 s; peak memory 345 MiB.
2026-10-05T16:38:48Z INFO [449/5000] 52da7f64-c609-4811-95a1-c5c1258c03de: 19 internal nodes; 0.5 s; peak memory 345 MiB.
2026-10-05T16:38:49Z INFO [450/5000] 52daab0e-e8a7-4e56-9c85-3b98bdce43ef: 63 internal nodes; 0.8 s; peak memory 345 MiB.
2026-10-05T16:38:49Z INFO [450/5000] 52daab0e-e8a7-4e56-9c85-3b98bdce43ef: checkpointed 86885 records.
2026-10-05T16:38:59Z INFO [451/5000] 52dabd42-6b59-4c69-8bba-19dde25f8ca5: 22 internal nodes; 9.1 s; peak memory 345 MiB.
2026-10-05T16:38:59Z INFO [452/5000] 52db8baf-ae7a-45e9-8393-ca47055ed445: 115 internal nodes; 0.7 s; peak memory 345 MiB.
2026-10-05T16:39:00Z INFO [453/5000] 52db9d97-4bdd-459b-9b34-18df9e761b61: 11 internal nodes; 0.4 s; peak memory 345 MiB.
2026-10-05T16:39:18Z INFO [454/5000] 52dc38dd-adce-402f-8b7a-4a5851c97952: 929 internal nodes; 18.6 s; peak memory 345 MiB.
2026-10-05T16:39:19Z INFO [455/5000] 52dc66b4-8cd9-4ac4-9568-6bfc989afcce: 17 internal nodes; 0.7 s; peak memory 345 MiB.
2026-10-05T16:39:20Z INFO [456/5000] 52dc9792-46cd-4044-b06d-aa51380a3745: 58 internal nodes; 1.2 s; peak memory 345 MiB.
2026-10-05T16:39:25Z INFO [457/5000] 52ddcdaf-7fad-4aec-8a21-afa964c911e6: 61 internal nodes; 4.9 s; peak memory 345 MiB.
2026-10-05T16:39:26Z INFO [458/5000] 52de47e2-3b3b-47b6-8a21-35882c378fb0: 26 internal nodes; 0.8 s; peak memory 345 MiB.
2026-10-05T16:39:26Z INFO [459/5000] 52de6100-a90f-4135-bd6a-04ada813474c: 27 internal nodes; 0.5 s; peak memory 345 MiB.
2026-10-05T16:39:28Z INFO [460/5000] 52dff391-a820-4e03-bc61-f74c76619e8c: 66 internal nodes; 1.6 s; peak memory 345 MiB.
2026-10-05T16:39:29Z INFO [461/5000] 52e02e5d-19cb-4857-b83a-9b0bc14029f9: 19 internal nodes; 0.7 s; peak memory 345 MiB.
2026-10-05T16:39:29Z INFO [462/5000] 52e09ea1-b0e8-4ade-a737-6f6fe438a5e3: 31 internal nodes; 0.6 s; peak memory 345 MiB.
2026-10-05T16:39:30Z INFO [463/5000] 52e10dd4-db32-4755-807c-594d3df67b41: 27 internal nodes; 0.7 s; peak memory 345 MiB.
2026-10-05T16:39:32Z INFO [464/5000] 52e399de-701f-494f-92f5-6741eea9c010: 27 internal nodes; 1.9 s; peak memory 345 MiB.
2026-10-05T16:39:33Z INFO [465/5000] 52e3c588-11cd-44b1-a57d-61912de8ef12: 61 internal nodes; 0.9 s; peak memory 345 MiB.
2026-10-05T16:39:33Z INFO [466/5000] 52e46438-fe5c-4ef3-acbb-652cf79a96d9: 18 internal nodes; 0.5 s; peak memory 345 MiB.
2026-10-05T16:39:34Z INFO [467/5000] 52e4b134-ffeb-4848-a299-842f5aebe30c: 17 internal nodes; 0.7 s; peak memory 345 MiB.
2026-10-05T16:39:34Z INFO [468/5000] 52e50ca4-ec9a-4198-9e3c-f24cc4050e04: 12 internal nodes; 0.5 s; peak memory 345 MiB.
2026-10-05T16:39:35Z INFO [469/5000] 52e648f6-e0bf-4db3-bfbe-cf5fb674eaf7: 117 internal nodes; 0.5 s; peak memory 345 MiB.
2026-10-05T16:39:35Z INFO [470/5000] 52e7ad02-e98e-468c-9fc3-c631944a4afa: 13 internal nodes; 0.4 s; peak memory 345 MiB.
2026-10-05T16:39:37Z INFO [471/5000] 52e80401-8887-4953-8409-2a4469f90c00: 30 internal nodes; 1.3 s; peak memory 345 MiB.
2026-10-05T16:39:37Z INFO [472/5000] 52e81082-c29b-4c09-a6db-20bcf0161ca2: 17 internal nodes; 0.7 s; peak memory 345 MiB.
2026-10-05T16:39:38Z INFO [473/5000] 52e92d43-7da2-45ac-b55b-84bd5651df18: 29 internal nodes; 1.2 s; peak memory 345 MiB.
2026-10-05T16:39:43Z INFO [474/5000] 52e9bac4-0307-4a3f-9026-4e822d5f0711: 218 internal nodes; 4.9 s; peak memory 345 MiB.
2026-10-05T16:39:44Z INFO [475/5000] 52ea1c05-ec76-4425-8998-cea4a0ce0b64: 27 internal nodes; 0.6 s; peak memory 345 MiB.
2026-10-05T16:39:45Z INFO [476/5000] 52ea5c8b-2211-4d7b-968b-64f3b42992b0: 31 internal nodes; 0.8 s; peak memory 345 MiB.
2026-10-05T16:39:45Z INFO [477/5000] 52eac0e0-604f-4dc2-a0cd-daa0f14b66c2: 27 internal nodes; 0.6 s; peak memory 345 MiB.
2026-10-05T16:39:53Z INFO [478/5000] 52eac966-7fc3-4c73-8189-093c447e5fca: 74 internal nodes; 7.7 s; peak memory 345 MiB.
2026-10-05T16:39:54Z INFO [479/5000] 52eafe6b-362f-425a-862d-c623cab5f57d: 27 internal nodes; 0.6 s; peak memory 345 MiB.
2026-10-05T16:39:54Z INFO [480/5000] 52eb269a-f88d-475f-8b13-32cbfddb30ff: 31 internal nodes; 0.7 s; peak memory 345 MiB.
2026-10-05T16:39:55Z INFO [481/5000] 52eb3e16-a86d-4120-8c10-f15400cb46fd: 17 internal nodes; 0.8 s; peak memory 345 MiB.
2026-10-05T16:39:57Z INFO [482/5000] 52eb7e8a-a3ea-4a22-847c-156c49375710: 21 internal nodes; 1.4 s; peak memory 345 MiB.
2026-10-05T16:39:57Z INFO [483/5000] 52eb7fd7-3d60-4eb6-b0c8-f382c78f2b39: 13 internal nodes; 0.4 s; peak memory 345 MiB.
2026-10-05T16:39:59Z INFO [484/5000] 52ec0ab6-e684-42cb-a7a3-3a1fc952aad6: 27 internal nodes; 1.5 s; peak memory 345 MiB.
2026-10-05T16:39:59Z INFO [485/5000] 52ec7636-6035-4535-a7ef-d0d24bfff04b: 27 internal nodes; 0.5 s; peak memory 345 MiB.
2026-10-05T16:40:00Z INFO [486/5000] 52ecb0ad-299e-4aa9-8f0d-163aec4674bd: 17 internal nodes; 0.7 s; peak memory 345 MiB.
2026-10-05T16:40:05Z INFO [487/5000] 52ecda86-a739-4549-a8d9-2f344e91330d: 165 internal nodes; 5.4 s; peak memory 345 MiB.
2026-10-05T16:40:07Z INFO [488/5000] 52ed63c5-ac09-45ac-9bee-681715bfc5d0: 46 internal nodes; 1.8 s; peak memory 345 MiB.
2026-10-05T16:40:08Z INFO [489/5000] 52ed9bff-4017-4d89-b46e-ce07a2034156: 60 internal nodes; 0.9 s; peak memory 345 MiB.
2026-10-05T16:40:08Z INFO [490/5000] 52ee81b9-c746-4bc0-992e-382c3a51a61c: 27 internal nodes; 0.5 s; peak memory 345 MiB.
2026-10-05T16:40:09Z INFO [491/5000] 52eeef70-c61a-4c0a-b5dc-b1d67b959b73: 27 internal nodes; 0.3 s; peak memory 345 MiB.
2026-10-05T16:40:13Z INFO [492/5000] 52ef643e-dd49-4457-adec-cbee237e256c: 54 internal nodes; 4.4 s; peak memory 345 MiB.
2026-10-05T16:40:15Z INFO [493/5000] 52f1b485-8e6a-48c9-b067-7f90ef071ece: 30 internal nodes; 1.5 s; peak memory 345 MiB.
2026-10-05T16:40:24Z INFO [494/5000] 52f1bedf-a4b4-4460-ad4a-563e3ed87e9b: 2415 internal nodes; 9.3 s; peak memory 345 MiB.
2026-10-05T16:40:25Z INFO [495/5000] 52f1fcbb-8ff2-4467-bf61-3db5a94f0786: 17 internal nodes; 0.7 s; peak memory 345 MiB.
2026-10-05T16:40:25Z INFO [496/5000] 52f22d3f-7f45-4bc1-a943-97eab497b99a: 17 internal nodes; 0.7 s; peak memory 345 MiB.
2026-10-05T16:40:26Z INFO [497/5000] 52f252dc-7fd0-4b8f-ac2f-4ebf0ce5a4f1: 17 internal nodes; 0.6 s; peak memory 345 MiB.
2026-10-05T16:40:27Z INFO [498/5000] 52f266ac-4e4f-4c8f-beb4-ec23916594f2: 31 internal nodes; 0.9 s; peak memory 345 MiB.
2026-10-05T16:40:27Z INFO [499/5000] 52f27db3-32dc-4a71-b216-e7da046f975a: 17 internal nodes; 0.4 s; peak memory 345 MiB.
2026-10-05T16:40:29Z INFO [500/5000] 52f48e66-e805-4432-942d-d36b15f1ff2c: 41 internal nodes; 2.2 s; peak memory 345 MiB.
2026-10-05T16:40:30Z INFO [500/5000] 52f48e66-e805-4432-942d-d36b15f1ff2c: checkpointed 86935 records.
2026-10-05T16:40:31Z INFO [501/5000] 52f4bd55-c726-46e2-9caf-ea132f8c00d4: 66 internal nodes; 1.4 s; peak memory 345 MiB.
2026-10-05T16:40:32Z INFO [502/5000] 52f4f755-ed10-4b90-ad27-6bf4c704e906: 27 internal nodes; 0.5 s; peak memory 345 MiB.
2026-10-05T16:40:32Z INFO [503/5000] 52f5089a-16e4-45c4-bda6-0704bb1b19d9: 19 internal nodes; 0.7 s; peak memory 345 MiB.
2026-10-05T16:40:33Z INFO [504/5000] 52f5284f-0f46-43fe-b8b3-946872c55d0b: 63 internal nodes; 1.0 s; peak memory 345 MiB.
2026-10-05T16:40:34Z INFO [505/5000] 52f589fd-bb0c-49cc-97d5-469e05b738c9: 36 internal nodes; 0.9 s; peak memory 345 MiB.
2026-10-05T16:40:38Z INFO [506/5000] 52f6019f-12a0-40d7-9055-6790c2f24419: 171 internal nodes; 3.6 s; peak memory 345 MiB.
2026-10-05T16:40:38Z INFO [507/5000] 52f633d3-34e2-449f-94fa-ce6c6685dc84: 17 internal nodes; 0.6 s; peak memory 345 MiB.
2026-10-05T16:40:42Z INFO [508/5000] 52f6c850-2a22-40ef-a3e9-0332548185f5: 177 internal nodes; 3.6 s; peak memory 345 MiB.
2026-10-05T16:40:43Z INFO [509/5000] 52f7794d-1410-4d74-9955-fcfd95553dec: 56 internal nodes; 1.0 s; peak memory 345 MiB.
2026-10-05T16:40:44Z INFO [510/5000] 52f87fc4-4770-4497-9311-d801556f745d: 22 internal nodes; 1.0 s; peak memory 345 MiB.
2026-10-05T16:40:45Z INFO [511/5000] 52f8d6c2-63de-4518-a728-91713f97b57e: 37 internal nodes; 1.3 s; peak memory 345 MiB.
2026-10-05T16:40:46Z INFO [512/5000] 52f94698-8745-4bdd-9dea-32f301a2de1b: 29 internal nodes; 0.6 s; peak memory 345 MiB.
2026-10-05T16:40:46Z INFO [513/5000] 52fc4b13-e593-4f13-8844-51e6b6f1d2b7: 27 internal nodes; 0.5 s; peak memory 345 MiB.
2026-10-05T16:40:47Z INFO [514/5000] 52fc9987-c400-4d65-b061-ab71ebcd42af: 31 internal nodes; 0.7 s; peak memory 345 MiB.
2026-10-05T16:40:48Z INFO [515/5000] 52fdd99d-fec8-400f-a97f-2bee10647d0e: 18 internal nodes; 0.4 s; peak memory 345 MiB.
2026-10-05T16:40:48Z INFO [516/5000] 52fdf0a8-e583-4b68-82a0-f30af603d105: 37 internal nodes; 0.9 s; peak memory 345 MiB.
2026-10-05T16:40:49Z INFO [517/5000] 52fe08fa-7276-4cfd-8db2-a76b4886a796: 13 internal nodes; 0.7 s; peak memory 345 MiB.
2026-10-05T16:40:56Z INFO [518/5000] 52febaaa-f4c6-4c1a-be5f-e68285ebdeb2: 414 internal nodes; 7.3 s; peak memory 345 MiB.
2026-10-05T16:40:57Z INFO [519/5000] 52fef67b-8045-4b54-9d8c-89677e970db6: 18 internal nodes; 0.5 s; peak memory 345 MiB.
2026-10-05T16:41:09Z INFO [520/5000] 52ff4870-fe03-4339-b2c9-133bd7713b5f: 187 internal nodes; 12.0 s; peak memory 345 MiB.
2026-10-05T16:41:10Z INFO [521/5000] 52ff4f90-4ee5-45a6-9d01-5295611ad3e0: 27 internal nodes; 0.5 s; peak memory 345 MiB.
2026-10-05T16:41:11Z INFO [522/5000] 52ff6f37-e305-4d85-a4fb-6c510b4315c9: 44 internal nodes; 1.7 s; peak memory 345 MiB.
2026-10-05T16:41:13Z INFO [523/5000] 53038565-ec43-44b6-8fbb-b3aa71e3899e: 40 internal nodes; 1.7 s; peak memory 345 MiB.
2026-10-05T16:41:14Z INFO [524/5000] 5303c0db-89bd-4250-ac05-a34f0d85bca0: 31 internal nodes; 1.4 s; peak memory 345 MiB.
2026-10-05T16:41:15Z INFO [525/5000] 53040991-3f42-42f4-a5fb-cdf8fd25f402: 90 internal nodes; 0.5 s; peak memory 345 MiB.
2026-10-05T16:41:21Z INFO [526/5000] 53043eff-db4a-4e7b-bcb1-2169af88e569: 66 internal nodes; 5.6 s; peak memory 345 MiB.
2026-10-05T16:41:36Z INFO [527/5000] 53046e8a-d246-4542-a9a5-3142c6169d3b: 3776 internal nodes; 15.5 s; peak memory 345 MiB.
2026-10-05T16:41:38Z INFO [528/5000] 5304d4b2-cc94-446f-b0e0-f90ff695a491: 47 internal nodes; 2.2 s; peak memory 345 MiB.
2026-10-05T16:41:41Z INFO [529/5000] 5304fba0-3c56-4164-8f36-d958ec7d323f: 43 internal nodes; 3.0 s; peak memory 345 MiB.
2026-10-05T16:41:42Z INFO [530/5000] 5304fc00-1b18-4b52-ad41-d3e7df48b1f7: 17 internal nodes; 0.6 s; peak memory 345 MiB.
2026-10-05T16:41:42Z INFO [531/5000] 530562c2-7cae-49ba-bbe0-cd1357d26d8e: 11 internal nodes; 0.3 s; peak memory 345 MiB.
2026-10-05T16:41:43Z INFO [532/5000] 5305d2a4-05e4-44cd-a2e6-ab59fa425b99: 69 internal nodes; 1.1 s; peak memory 345 MiB.
2026-10-05T16:41:44Z INFO [533/5000] 5306837d-c7a4-4fbb-95c9-dc71662f3d26: 31 internal nodes; 0.7 s; peak memory 345 MiB.
2026-10-05T16:41:52Z INFO [534/5000] 53068f32-81b2-4875-a81b-18dd8781119b: 83 internal nodes; 7.7 s; peak memory 345 MiB.
2026-10-05T16:41:52Z INFO [535/5000] 5307e5c6-bad6-45a9-b3e7-902fd1cbd037: 27 internal nodes; 0.7 s; peak memory 345 MiB.
2026-10-05T16:41:53Z INFO [536/5000] 53080cb0-b4ac-49db-b5c1-e5092342e7fd: 53 internal nodes; 0.9 s; peak memory 345 MiB.
2026-10-05T16:41:54Z INFO [537/5000] 53089519-9dde-411a-bbe0-92fcfdb508d0: 37 internal nodes; 0.9 s; peak memory 345 MiB.
2026-10-05T16:42:00Z INFO [538/5000] 5308cd29-7518-4d91-af67-b86f7dee2f61: 197 internal nodes; 6.1 s; peak memory 345 MiB.
2026-10-05T16:42:01Z INFO [539/5000] 5308e6fb-0361-4000-9572-c4444ae11be4: 27 internal nodes; 0.7 s; peak memory 345 MiB.
2026-10-05T16:42:01Z INFO [540/5000] 5309e342-1b81-4894-918d-c68edb5a0b85: 21 internal nodes; 0.5 s; peak memory 345 MiB.
2026-10-05T16:42:02Z INFO [541/5000] 530a3890-a88c-4164-be5f-18e1d53e6600: 21 internal nodes; 0.7 s; peak memory 345 MiB.
2026-10-05T16:42:03Z INFO [542/5000] 530b5c31-e882-4378-a02c-59b4b7a6eafb: 19 internal nodes; 0.7 s; peak memory 345 MiB.
2026-10-05T16:42:04Z INFO [543/5000] 530bd751-9bb5-4f74-a9cf-a86b028ad917: 26 internal nodes; 0.8 s; peak memory 345 MiB.
2026-10-05T16:42:08Z INFO [544/5000] 530c0d09-b0f9-4383-9f53-7810131b793e: 61 internal nodes; 4.5 s; peak memory 345 MiB.
2026-10-05T16:42:13Z INFO [545/5000] 530c9802-b42c-4151-9e53-c7afa1846cd2: 232 internal nodes; 4.6 s; peak memory 345 MiB.
2026-10-05T16:42:14Z INFO [546/5000] 530cb375-30ac-4c07-bb16-c77f293e344c: 13 internal nodes; 0.8 s; peak memory 345 MiB.
2026-10-05T16:42:14Z INFO [547/5000] 530e4c8d-4d3e-483a-bfa1-f8b9fb007796: 17 internal nodes; 0.6 s; peak memory 345 MiB.
2026-10-05T16:42:18Z INFO [548/5000] 530f0e9f-40a9-47a1-904f-9873fd7564ef: 149 internal nodes; 4.1 s; peak memory 345 MiB.
2026-10-05T16:42:19Z INFO [549/5000] 530f742f-e945-40bd-a0db-1be0b153888d: 17 internal nodes; 0.6 s; peak memory 345 MiB.
2026-10-05T16:42:20Z INFO [550/5000] 53109a37-db79-4c1f-b29b-b7c1720a6588: 17 internal nodes; 0.7 s; peak memory 345 MiB.
2026-10-05T16:42:20Z INFO [550/5000] 53109a37-db79-4c1f-b29b-b7c1720a6588: checkpointed 86985 records.
2026-10-05T16:42:21Z INFO [551/5000] 531126e1-b19d-4d38-9723-a909eeb30768: 56 internal nodes; 1.4 s; peak memory 345 MiB.
2026-10-05T16:42:22Z INFO [552/5000] 5311554d-c28c-4fcf-8b51-f5981e58a6c8: 31 internal nodes; 0.7 s; peak memory 345 MiB.
2026-10-05T16:42:23Z INFO [553/5000] 5311f382-c5ac-45de-a194-c76743c17735: 31 internal nodes; 0.8 s; peak memory 345 MiB.
2026-10-05T16:42:23Z INFO [554/5000] 5311fa1c-4236-4a75-8fc5-175dde5c0d85: 17 internal nodes; 0.7 s; peak memory 345 MiB.
2026-10-05T16:42:24Z INFO [555/5000] 53126fd2-f366-43f0-8051-3f032272b08b: 17 internal nodes; 0.6 s; peak memory 345 MiB.
2026-10-05T16:42:35Z INFO [556/5000] 5312a7e9-4516-4c5f-baff-aa640b050d28: 2536 internal nodes; 11.0 s; peak memory 345 MiB.
2026-10-05T16:42:36Z INFO [557/5000] 53132bb8-b3ce-4d51-90b5-ec028619382d: 38 internal nodes; 1.3 s; peak memory 345 MiB.
2026-10-05T16:42:39Z INFO [558/5000] 531352c8-7806-4d88-8e87-7bcda5140b0d: 132 internal nodes; 3.1 s; peak memory 345 MiB.
2026-10-05T16:42:40Z INFO [559/5000] 53138122-e04d-4297-9751-bb60224e34eb: 27 internal nodes; 0.6 s; peak memory 345 MiB.
2026-10-05T16:42:41Z INFO [560/5000] 53140d27-93aa-4117-9250-035d9ef7f71a: 115 internal nodes; 0.5 s; peak memory 345 MiB.
2026-10-05T16:42:41Z INFO [561/5000] 53143312-6431-4618-a897-c4c68e1baf94: 17 internal nodes; 0.3 s; peak memory 345 MiB.
2026-10-05T16:42:43Z INFO [562/5000] 5314bec9-0318-400b-b84a-ee9f77069cdf: 40 internal nodes; 2.3 s; peak memory 345 MiB.
2026-10-05T16:42:45Z INFO [563/5000] 5314e0c1-7da4-4281-981c-8b52d29af66c: 89 internal nodes; 2.1 s; peak memory 345 MiB.
2026-10-05T16:42:46Z INFO [564/5000] 5315428b-c190-477e-b436-2ee13e2a99e3: 31 internal nodes; 1.1 s; peak memory 345 MiB.
2026-10-05T16:42:47Z INFO [565/5000] 5315af96-f54b-4382-b900-d3a415ba754a: 29 internal nodes; 0.7 s; peak memory 345 MiB.
2026-10-05T16:42:48Z INFO [566/5000] 5315d284-c5ec-445f-bb66-ee495d96dc60: 31 internal nodes; 1.0 s; peak memory 345 MiB.
2026-10-05T16:42:49Z INFO [567/5000] 53165f1b-1dc4-439a-a309-f8d6e2dc2642: 53 internal nodes; 0.9 s; peak memory 345 MiB.
2026-10-05T16:42:54Z INFO [568/5000] 53169691-ebac-4ad9-9a4d-44893130298c: 234 internal nodes; 4.7 s; peak memory 345 MiB.
2026-10-05T16:42:54Z INFO [569/5000] 5316d833-f116-47f4-b54e-3f38334c3049: 17 internal nodes; 0.7 s; peak memory 345 MiB.
2026-10-05T16:42:57Z INFO [570/5000] 5316e80e-6163-4443-b355-e83dd0840dd0: 45 internal nodes; 2.2 s; peak memory 345 MiB.
2026-10-05T16:42:57Z INFO [571/5000] 53175b2c-7e40-4d02-918c-e92483535726: 114 internal nodes; 0.6 s; peak memory 345 MiB.
2026-10-05T16:42:58Z INFO [572/5000] 5317c32d-a79d-4656-be6e-c78b2e8960d8: 13 internal nodes; 0.3 s; peak memory 345 MiB.
2026-10-05T16:43:00Z INFO [573/5000] 5318356f-0b25-4775-b6f0-9926a9ab8bcb: 58 internal nodes; 2.6 s; peak memory 345 MiB.
2026-10-05T16:43:06Z INFO [574/5000] 531981a8-711f-4a82-9ebc-709ecb378fb7: 243 internal nodes; 5.5 s; peak memory 345 MiB.
2026-10-05T16:43:08Z INFO [575/5000] 5319b81d-f895-46c1-960a-9887b26fbee5: 91 internal nodes; 2.5 s; peak memory 345 MiB.
2026-10-05T16:43:09Z INFO [576/5000] 531a55e9-ad4b-41d1-b60a-8599c6a938f8: 27 internal nodes; 0.7 s; peak memory 345 MiB.
2026-10-05T16:43:11Z INFO [577/5000] 531aafa1-4578-4a18-8fb1-6494d8051845: 57 internal nodes; 2.5 s; peak memory 345 MiB.
2026-10-05T16:43:12Z INFO [578/5000] 531b38c3-907f-497f-bf68-015a2ea7eca4: 27 internal nodes; 0.6 s; peak memory 345 MiB.
2026-10-05T16:43:13Z INFO [579/5000] 531c1a60-5d5a-4730-87cd-2f58882b6379: 35 internal nodes; 0.8 s; peak memory 345 MiB.
2026-10-05T16:43:14Z INFO [580/5000] 531c3a84-c642-4fd2-97f9-4e8548f2519f: 13 internal nodes; 0.9 s; peak memory 345 MiB.
2026-10-05T16:43:15Z INFO [581/5000] 531c5493-179a-4443-a793-5cc918c9e58b: 44 internal nodes; 1.6 s; peak memory 345 MiB.
2026-10-05T16:43:19Z INFO [582/5000] 531da23f-1f71-49d8-b26d-b001b47ff7f3: 177 internal nodes; 3.8 s; peak memory 345 MiB.
2026-10-05T16:43:22Z INFO [583/5000] 531ed852-595d-4dd9-8a2f-7f1c3f34fdd0: 73 internal nodes; 2.9 s; peak memory 345 MiB.
2026-10-05T16:43:22Z INFO [584/5000] 531f247d-942e-4014-b453-d7c14ef38cf2: 17 internal nodes; 0.7 s; peak memory 345 MiB.
2026-10-05T16:43:23Z INFO [585/5000] 531f51a3-f4af-4e3f-9e06-dca1699d2d6f: 17 internal nodes; 0.8 s; peak memory 345 MiB.
2026-10-05T16:43:24Z INFO [586/5000] 531f728e-d3ea-4117-a59a-7ad30f29f531: 17 internal nodes; 0.7 s; peak memory 345 MiB.
2026-10-05T16:43:27Z INFO [587/5000] 531fe0d1-e0aa-4f76-a97a-42fa54f3abd3: 74 internal nodes; 2.8 s; peak memory 345 MiB.
2026-10-05T16:43:28Z INFO [588/5000] 53200f0f-0b1c-460f-8805-de7815557925: 62 internal nodes; 1.2 s; peak memory 345 MiB.
2026-10-05T16:43:28Z INFO [589/5000] 5320bea9-b919-45f9-a1e5-26dc158a0429: 25 internal nodes; 0.5 s; peak memory 345 MiB.
2026-10-05T16:43:29Z INFO [590/5000] 5320f2b9-4ffa-4dea-95de-167622d6eb5e: 30 internal nodes; 0.8 s; peak memory 345 MiB.
2026-10-05T16:43:30Z INFO [591/5000] 532217b0-b6fa-4ae2-96e8-620441e1c7a1: 17 internal nodes; 0.7 s; peak memory 345 MiB.
2026-10-05T16:43:31Z INFO [592/5000] 53223dd8-b9dd-4cc4-a322-6d3bcff16354: 27 internal nodes; 0.7 s; peak memory 345 MiB.
2026-10-05T16:43:31Z INFO [593/5000] 5322c319-8059-4dea-b310-e57ca34a5a7e: 27 internal nodes; 0.7 s; peak memory 345 MiB.
2026-10-05T16:43:32Z INFO [594/5000] 5323597b-d44d-4ded-a4b6-11254157cce2: 17 internal nodes; 0.8 s; peak memory 345 MiB.
2026-10-05T16:43:33Z INFO [595/5000] 5323b985-0f36-41db-9672-7f68a78db70d: 66 internal nodes; 1.2 s; peak memory 345 MiB.
2026-10-05T16:43:56Z INFO [596/5000] 5323c118-4a6b-4b9a-a1fd-73ec2577b71c: 2911 internal nodes; 22.9 s; peak memory 387 MiB.
2026-10-05T16:43:57Z INFO [597/5000] 53244f2b-b730-49c1-8eb5-ef0acb76277f: 31 internal nodes; 0.8 s; peak memory 387 MiB.
2026-10-05T16:43:58Z INFO [598/5000] 53249451-f406-4035-bb2f-ebdc1a781e7f: 17 internal nodes; 0.7 s; peak memory 387 MiB.
2026-10-05T16:43:58Z INFO [599/5000] 5324f626-d8b3-4068-b285-be36ca920cb2: 17 internal nodes; 0.6 s; peak memory 387 MiB.
2026-10-05T16:43:59Z INFO [600/5000] 5325253d-6a0d-4341-be4d-b36bde0f7340: 31 internal nodes; 0.9 s; peak memory 387 MiB.
2026-10-05T16:43:59Z INFO [600/5000] 5325253d-6a0d-4341-be4d-b36bde0f7340: checkpointed 87035 records.
2026-10-05T16:44:00Z INFO [601/5000] 5326e7e8-404d-4e55-b921-d90fd4eb4780: 114 internal nodes; 0.5 s; peak memory 387 MiB.
2026-10-05T16:44:01Z INFO [602/5000] 5327602f-0bb7-4e10-a700-b2d75b2e263e: 27 internal nodes; 0.6 s; peak memory 387 MiB.
2026-10-05T16:44:01Z INFO [603/5000] 53276677-5d50-48eb-aa5f-c60ba729a46a: 90 internal nodes; 0.6 s; peak memory 387 MiB.
2026-10-05T16:44:02Z INFO [604/5000] 5327e011-5482-46b0-9bed-f036a68f9a67: 18 internal nodes; 0.5 s; peak memory 387 MiB.
2026-10-05T16:44:02Z INFO [605/5000] 532906f7-91c3-467d-8157-0f7d8888ba4a: 17 internal nodes; 0.5 s; peak memory 387 MiB.
2026-10-05T16:44:04Z INFO [606/5000] 53299466-19a6-4724-8a60-f91870cbe0f4: 45 internal nodes; 1.7 s; peak memory 387 MiB.
2026-10-05T16:44:05Z INFO [607/5000] 532a05e6-3780-470e-9404-e19763287547: 27 internal nodes; 0.6 s; peak memory 387 MiB.
2026-10-05T16:44:05Z INFO [608/5000] 532a1278-a0a1-4b46-afaf-49d1c2154800: 29 internal nodes; 0.8 s; peak memory 387 MiB.
2026-10-05T16:44:06Z INFO [609/5000] 532a7017-6110-42f2-b64e-c7ca76eaaf38: 38 internal nodes; 0.7 s; peak memory 387 MiB.
2026-10-05T16:44:07Z INFO [610/5000] 532ac2e6-e95e-4156-9801-73dc8080b2e1: 17 internal nodes; 0.6 s; peak memory 387 MiB.
2026-10-05T16:44:07Z INFO [611/5000] 532af05e-14ac-4013-b054-770811d482ee: 29 internal nodes; 0.6 s; peak memory 387 MiB.
2026-10-05T16:44:11Z INFO [612/5000] 532bb738-03ff-41f7-adb1-9d5bd005172d: 99 internal nodes; 4.1 s; peak memory 387 MiB.
2026-10-05T16:44:12Z INFO [613/5000] 532c4c6d-8379-4b7b-b4e9-528e46a48885: 25 internal nodes; 0.5 s; peak memory 387 MiB.
2026-10-05T16:44:12Z INFO [614/5000] 532c7fa6-4745-4ef0-a419-4e49bb398ffb: 17 internal nodes; 0.5 s; peak memory 387 MiB.
2026-10-05T16:44:14Z INFO [615/5000] 532c81cf-a3e1-43f7-9c00-231f421d1fb5: 42 internal nodes; 1.4 s; peak memory 387 MiB.
2026-10-05T16:44:14Z INFO [616/5000] 532e2885-e620-445a-969a-d7409159f96d: 11 internal nodes; 0.4 s; peak memory 387 MiB.
2026-10-05T16:44:15Z INFO [617/5000] 532eb500-c260-4d3e-a883-290828388ff4: 31 internal nodes; 0.7 s; peak memory 387 MiB.
2026-10-05T16:44:16Z INFO [618/5000] 532ee3c7-1114-4a92-b3c5-107216e1ce27: 42 internal nodes; 1.6 s; peak memory 387 MiB.
2026-10-05T16:44:17Z INFO [619/5000] 532f7213-5487-4703-b549-b8d356f6ebe9: 29 internal nodes; 1.0 s; peak memory 387 MiB.
2026-10-05T16:44:18Z INFO [620/5000] 53309dec-3ae1-481b-ad2e-be80c06e0550: 119 internal nodes; 0.6 s; peak memory 387 MiB.
2026-10-05T16:44:19Z INFO [621/5000] 5330dac7-c004-4537-a4c2-8a383d6d77d5: 17 internal nodes; 0.8 s; peak memory 387 MiB.
2026-10-05T16:44:19Z INFO [622/5000] 533179d1-ddd3-45e9-96f3-23df9c6ee0cb: 17 internal nodes; 0.5 s; peak memory 387 MiB.
2026-10-05T16:44:24Z INFO [623/5000] 5331b8a5-93f8-46f4-a008-52a17055ac51: 40 internal nodes; 4.6 s; peak memory 387 MiB.
2026-10-05T16:44:29Z INFO [624/5000] 53320c27-b3bc-4445-b849-ae48ec0574da: 67 internal nodes; 5.5 s; peak memory 387 MiB.
2026-10-05T16:44:35Z INFO [625/5000] 53326278-e157-402d-aaa4-de9f20236615: 64 internal nodes; 5.8 s; peak memory 387 MiB.
2026-10-05T16:44:38Z INFO [626/5000] 5332c67e-9094-4289-93d3-c849fd3d5fe5: 177 internal nodes; 3.2 s; peak memory 387 MiB.
2026-10-05T16:44:41Z INFO [627/5000] 53338479-0194-40d3-b726-19c20a5dc4e6: 505 internal nodes; 3.0 s; peak memory 387 MiB.
2026-10-05T16:44:42Z INFO [628/5000] 5334bb38-a2ff-472a-bd57-339cf0bb3abf: 17 internal nodes; 0.3 s; peak memory 387 MiB.
2026-10-05T16:44:42Z INFO [629/5000] 53354d1a-e65e-45fe-9832-d1c86c0ce584: 17 internal nodes; 0.7 s; peak memory 387 MiB.
2026-10-05T16:44:43Z INFO [630/5000] 5335b886-1e1d-4012-9c9e-84f97512255c: 31 internal nodes; 1.0 s; peak memory 387 MiB.
2026-10-05T16:44:50Z INFO [631/5000] 5335c216-a4e4-4c46-ac12-7ec782522ac7: 85 internal nodes; 7.0 s; peak memory 387 MiB.
2026-10-05T16:44:51Z INFO [632/5000] 5336dd24-588e-4b74-9902-b173f903c8bf: 26 internal nodes; 0.3 s; peak memory 387 MiB.
2026-10-05T16:44:51Z INFO [633/5000] 53372102-59a3-4d25-8a39-66feda080644: 27 internal nodes; 0.6 s; peak memory 387 MiB.
2026-10-05T16:44:53Z INFO [634/5000] 53374907-e283-4d3a-b90b-e3b62223dd2b: 50 internal nodes; 1.5 s; peak memory 387 MiB.
2026-10-05T16:44:53Z INFO [635/5000] 53383f57-b66f-484e-8fb4-47cd22852967: 17 internal nodes; 0.7 s; peak memory 387 MiB.
2026-10-05T16:44:54Z INFO [636/5000] 533881af-5bd6-45b3-9954-fac25cf6d7c1: 31 internal nodes; 0.8 s; peak memory 387 MiB.
2026-10-05T16:44:55Z INFO [637/5000] 53389b25-f374-4ab4-9b3c-0425cda909ab: 17 internal nodes; 0.7 s; peak memory 387 MiB.
2026-10-05T16:44:55Z INFO [638/5000] 5338a140-6252-4234-81ee-4bd166ad0741: 27 internal nodes; 0.6 s; peak memory 387 MiB.
2026-10-05T16:44:56Z INFO [639/5000] 533a9613-6683-42fc-abcc-5ffa467eec20: 19 internal nodes; 0.5 s; peak memory 387 MiB.
2026-10-05T16:44:57Z INFO [640/5000] 533b4a1c-df69-4b07-bbac-cc2a45b30bd6: 17 internal nodes; 0.7 s; peak memory 387 MiB.
2026-10-05T16:44:57Z INFO [641/5000] 533c0a73-7de6-4d2c-81da-1546124e24da: 22 internal nodes; 0.9 s; peak memory 387 MiB.
2026-10-05T16:44:58Z INFO [642/5000] 533c833a-c3ac-40ee-b566-c63d76d4a81e: 17 internal nodes; 0.6 s; peak memory 387 MiB.
2026-10-05T16:45:27Z INFO [643/5000] 533c8740-895d-4367-89e9-eea3b1dd1547: 3425 internal nodes; 28.9 s; peak memory 445 MiB.
2026-10-05T16:45:28Z INFO [644/5000] 533c9b03-057b-4641-8f55-811abff9d30e: 27 internal nodes; 0.6 s; peak memory 445 MiB.
2026-10-05T16:45:28Z INFO [645/5000] 533ca96a-9fe6-4c13-8716-5095157150ec: 17 internal nodes; 0.6 s; peak memory 445 MiB.
2026-10-05T16:45:29Z INFO [646/5000] 533f2aec-82d5-4a8c-b477-2cfa680b4231: 62 internal nodes; 0.8 s; peak memory 445 MiB.
2026-10-05T16:45:32Z INFO [647/5000] 533fa890-cad9-4d33-bdd6-8639858a7ccc: 111 internal nodes; 3.2 s; peak memory 445 MiB.
2026-10-05T16:45:36Z INFO [648/5000] 534125a5-d67e-4b5b-ba91-5ae175bde846: 73 internal nodes; 3.7 s; peak memory 445 MiB.
2026-10-05T16:45:37Z INFO [649/5000] 53415886-9e05-403b-8618-d97a3191333e: 63 internal nodes; 1.5 s; peak memory 445 MiB.
2026-10-05T16:45:38Z INFO [650/5000] 5341f230-2fba-4a5c-b440-b88077802582: 31 internal nodes; 0.8 s; peak memory 445 MiB.
2026-10-05T16:45:39Z INFO [650/5000] 5341f230-2fba-4a5c-b440-b88077802582: checkpointed 87085 records.
2026-10-05T16:45:39Z INFO [651/5000] 53432830-9cad-4e77-b750-f15a44adcb23: 38 internal nodes; 0.8 s; peak memory 445 MiB.
2026-10-05T16:45:44Z INFO [652/5000] 53434084-c10a-42ac-9500-b943a4287590: 593 internal nodes; 4.3 s; peak memory 445 MiB.
2026-10-05T16:45:45Z INFO [653/5000] 5343ea41-63f8-4929-9b84-d2468bb2259c: 46 internal nodes; 1.8 s; peak memory 445 MiB.
2026-10-05T16:45:46Z INFO [654/5000] 53440dc9-b941-42e5-8762-5546e8aef88f: 27 internal nodes; 0.6 s; peak memory 445 MiB.
2026-10-05T16:45:47Z INFO [655/5000] 53447c1b-21e3-4cbe-9ed0-af0b94f3bb52: 27 internal nodes; 0.6 s; peak memory 445 MiB.
2026-10-05T16:45:47Z INFO [656/5000] 53449ae8-9f72-412d-a47a-4cc7555af729: 13 internal nodes; 0.4 s; peak memory 445 MiB.
2026-10-05T16:45:48Z INFO [657/5000] 5345d0a6-e305-4300-845a-7dde532ebfa8: 17 internal nodes; 0.7 s; peak memory 445 MiB.
2026-10-05T16:45:48Z INFO [658/5000] 5345dde9-169c-4ac1-93dd-3986fccfd547: 31 internal nodes; 0.7 s; peak memory 445 MiB.
2026-10-05T16:45:49Z INFO [659/5000] 5346cb2f-c3a2-41de-9197-d74b2e54153a: 17 internal nodes; 0.7 s; peak memory 445 MiB.
2026-10-05T16:45:50Z INFO [660/5000] 5346d919-5806-4b16-a9ca-d63a2574f6e7: 27 internal nodes; 0.7 s; peak memory 445 MiB.
2026-10-05T16:45:50Z INFO [661/5000] 53481ab4-49ef-44ed-9b26-afdd00a99c08: 17 internal nodes; 0.7 s; peak memory 445 MiB.
2026-10-05T16:45:52Z INFO [662/5000] 5348eec2-11ae-45d4-b6d3-37df19c50ee9: 31 internal nodes; 1.1 s; peak memory 445 MiB.
2026-10-05T16:45:52Z INFO [663/5000] 53495bbd-2a29-41a2-9aae-cfe89c9dd06d: 30 internal nodes; 0.8 s; peak memory 445 MiB.
2026-10-05T16:45:54Z INFO [664/5000] 534b8cc6-6e74-487b-bc03-669239323967: 44 internal nodes; 1.3 s; peak memory 445 MiB.
2026-10-05T16:45:54Z INFO [665/5000] 534ba229-d71b-4019-8241-aceb8378b2d2: 31 internal nodes; 0.7 s; peak memory 445 MiB.
2026-10-05T16:45:55Z INFO [666/5000] 534c05e1-c5ad-4c06-b6ef-e3fd2137be64: 31 internal nodes; 0.7 s; peak memory 445 MiB.
2026-10-05T16:45:59Z INFO [667/5000] 534c0ca9-5f7d-4ed8-8eb4-ac3f65c1a36e: 135 internal nodes; 3.5 s; peak memory 445 MiB.
2026-10-05T16:45:59Z INFO [668/5000] 534c5131-74cc-4ba6-be24-2093c4ee9a1a: 29 internal nodes; 0.6 s; peak memory 445 MiB.
2026-10-05T16:46:00Z INFO [669/5000] 534db80f-b0ea-4910-89b4-d3fe1eeeb1d9: 27 internal nodes; 0.6 s; peak memory 445 MiB.
2026-10-05T16:46:00Z INFO [670/5000] 534df944-273e-4594-a788-a3f254068d47: 17 internal nodes; 0.7 s; peak memory 445 MiB.
2026-10-05T16:46:01Z INFO [671/5000] 534e0fc4-9877-4059-a756-4961a7043de2: 27 internal nodes; 0.6 s; peak memory 445 MiB.
2026-10-05T16:46:02Z INFO [672/5000] 534ea7ba-528f-413f-94fc-ceb129989525: 17 internal nodes; 0.8 s; peak memory 445 MiB.
2026-10-05T16:46:02Z INFO [673/5000] 534efca6-000f-4147-ad0a-f7f4cd910fa6: 29 internal nodes; 0.6 s; peak memory 445 MiB.
2026-10-05T16:46:03Z INFO [674/5000] 534f5d38-bdba-49d4-843a-700ddb260f70: 19 internal nodes; 0.6 s; peak memory 445 MiB.
2026-10-05T16:46:04Z INFO [675/5000] 534f8023-33d3-4762-9136-1526b9e8a128: 53 internal nodes; 1.0 s; peak memory 445 MiB.
2026-10-05T16:46:07Z INFO [676/5000] 5351284c-b7b2-4e0d-abe9-3a5271a46bfb: 241 internal nodes; 3.1 s; peak memory 445 MiB.
2026-10-05T16:46:08Z INFO [677/5000] 5352036c-6ff5-4440-9b71-e69ed0fc8688: 27 internal nodes; 0.6 s; peak memory 445 MiB.
2026-10-05T16:46:08Z INFO [678/5000] 535252d6-7e7e-4368-8e8a-80d017de63d0: 25 internal nodes; 0.6 s; peak memory 445 MiB.
2026-10-05T16:46:09Z INFO [679/5000] 53529412-3be5-4e38-becf-7b4ae9b5b5c5: 21 internal nodes; 0.4 s; peak memory 445 MiB.
2026-10-05T16:46:09Z INFO [680/5000] 5352f032-a225-44c5-aea8-8254642a22e0: 63 internal nodes; 0.7 s; peak memory 445 MiB.
2026-10-05T16:46:11Z INFO [681/5000] 53536a0a-5359-4315-ae64-3802d575308e: 65 internal nodes; 1.4 s; peak memory 445 MiB.
2026-10-05T16:46:11Z INFO [682/5000] 5353743e-f159-4d89-a5a9-ee6b5e22a6e6: 17 internal nodes; 0.7 s; peak memory 445 MiB.
2026-10-05T16:46:12Z INFO [683/5000] 5353cde1-4118-4814-9937-34883703a027: 15 internal nodes; 0.6 s; peak memory 445 MiB.
2026-10-05T16:46:13Z INFO [684/5000] 53540cfc-a3f9-4889-82dd-6e69e0a4e031: 60 internal nodes; 0.7 s; peak memory 445 MiB.
2026-10-05T16:46:14Z INFO [685/5000] 53544065-5833-463b-9c57-e3a985ce6cb3: 45 internal nodes; 1.9 s; peak memory 445 MiB.
2026-10-05T16:46:18Z INFO [686/5000] 53546587-fb89-42b5-85d1-d86888b3909f: 151 internal nodes; 3.8 s; peak memory 445 MiB.
2026-10-05T16:46:19Z INFO [687/5000] 5354ab6d-338b-4dfb-a3ea-6ff960ce6d71: 27 internal nodes; 0.6 s; peak memory 445 MiB.
2026-10-05T16:46:19Z INFO [688/5000] 53554644-0bf5-44eb-ad2f-27bb4e4460f2: 18 internal nodes; 0.4 s; peak memory 445 MiB.
2026-10-05T16:46:20Z INFO [689/5000] 53554696-c71c-4c99-8c8a-7ae67fb545d9: 31 internal nodes; 0.5 s; peak memory 445 MiB.
2026-10-05T16:46:23Z INFO [690/5000] 53562e58-7a5f-4a5e-aa60-8cabe98f02b6: 101 internal nodes; 2.8 s; peak memory 445 MiB.
2026-10-05T16:46:23Z INFO [691/5000] 5356c6d6-4f0b-447d-a4a8-a80f28480b84: 26 internal nodes; 0.3 s; peak memory 445 MiB.
2026-10-05T16:46:24Z INFO [692/5000] 53572964-123a-4959-86c4-3df4de9e79f6: 17 internal nodes; 0.7 s; peak memory 445 MiB.
2026-10-05T16:46:24Z INFO [693/5000] 5358162c-409e-403e-bde5-ff6effad1238: 13 internal nodes; 0.7 s; peak memory 445 MiB.
2026-10-05T16:46:25Z INFO [694/5000] 5358efb3-755c-49c1-9f06-325f09de2f9b: 17 internal nodes; 0.7 s; peak memory 445 MiB.
2026-10-05T16:46:26Z INFO [695/5000] 53599dba-7a6f-4485-97ac-fc6b47248fa2: 17 internal nodes; 0.7 s; peak memory 445 MiB.
2026-10-05T16:46:26Z INFO [696/5000] 535ac598-39be-4ac6-af4f-608e866fef2c: 17 internal nodes; 0.7 s; peak memory 445 MiB.
2026-10-05T16:46:27Z INFO [697/5000] 535bc21a-f3c0-474d-abd0-c47bb29c0e1f: 17 internal nodes; 0.5 s; peak memory 445 MiB.
2026-10-05T16:46:27Z INFO [698/5000] 535be403-5dc6-4ed8-9198-4a2611201982: 27 internal nodes; 0.7 s; peak memory 445 MiB.
2026-10-05T16:46:28Z INFO [699/5000] 535be48e-cc68-402f-b0cb-96d9d5059998: 26 internal nodes; 0.4 s; peak memory 445 MiB.
2026-10-05T16:46:29Z INFO [700/5000] 535c2068-f683-4c36-bbab-2d06a629c378: 31 internal nodes; 0.7 s; peak memory 445 MiB.
2026-10-05T16:46:29Z INFO [700/5000] 535c2068-f683-4c36-bbab-2d06a629c378: checkpointed 87135 records.
2026-10-05T16:46:31Z INFO [701/5000] 535ca793-812b-4d21-9e08-457c9685791e: 47 internal nodes; 1.6 s; peak memory 445 MiB.
2026-10-05T16:46:31Z INFO [702/5000] 535d8444-9e80-434f-a99a-0a0688eb23de: 27 internal nodes; 0.5 s; peak memory 445 MiB.
2026-10-05T16:46:32Z INFO [703/5000] 535e013d-3730-46e9-81ab-887e829d71f4: 19 internal nodes; 0.5 s; peak memory 445 MiB.
2026-10-05T16:46:34Z INFO [704/5000] 535ebe8d-aac9-4ca3-ad97-98c0909286ea: 41 internal nodes; 2.7 s; peak memory 445 MiB.
2026-10-05T16:46:35Z INFO [705/5000] 535ee29b-e902-47db-9fae-9675e8e2ea61: 19 internal nodes; 0.5 s; peak memory 445 MiB.
2026-10-05T16:46:35Z INFO [706/5000] 535f2a21-bf34-418f-a888-ca67cb7d6a39: 17 internal nodes; 0.6 s; peak memory 445 MiB.
2026-10-05T16:46:36Z INFO [707/5000] 535fa97e-a78a-4d7a-8d77-0323f913efeb: 17 internal nodes; 0.7 s; peak memory 445 MiB.
2026-10-05T16:46:38Z INFO [708/5000] 5360400d-ad25-4586-82c9-f8891f00cffe: 46 internal nodes; 1.8 s; peak memory 445 MiB.
2026-10-05T16:46:39Z INFO [709/5000] 53606d78-a72f-4798-bcb1-affc053f9e31: 31 internal nodes; 0.6 s; peak memory 445 MiB.
2026-10-05T16:46:39Z INFO [710/5000] 53607d74-c558-411e-ae76-57831ac684c4: 37 internal nodes; 0.9 s; peak memory 445 MiB.
2026-10-05T16:46:40Z INFO [711/5000] 53608cdb-3486-4bd3-a95c-f8960c08e740: 17 internal nodes; 0.6 s; peak memory 445 MiB.
2026-10-05T16:46:41Z INFO [712/5000] 53613807-a9b5-411d-b9b5-a4958fee5af0: 14 internal nodes; 0.6 s; peak memory 445 MiB.
2026-10-05T16:46:47Z INFO [713/5000] 5361ae55-6ca5-4390-97cf-3bb47b0066a8: 70 internal nodes; 6.0 s; peak memory 445 MiB.
2026-10-05T16:46:51Z INFO [714/5000] 5361eeaa-56e6-41a8-9d4b-979cd895c754: 54 internal nodes; 4.2 s; peak memory 445 MiB.
2026-10-05T16:46:51Z INFO [715/5000] 5362da99-8004-42f1-a5b4-0ae2f4416015: 17 internal nodes; 0.6 s; peak memory 445 MiB.
2026-10-05T16:46:52Z INFO [716/5000] 53634aec-0c70-4c42-bea0-00834b53459c: 31 internal nodes; 0.8 s; peak memory 445 MiB.
2026-10-05T16:46:54Z INFO [717/5000] 5364402a-af00-4b3b-b71b-ad45a5b6da4f: 44 internal nodes; 1.6 s; peak memory 445 MiB.
2026-10-05T16:46:54Z INFO [718/5000] 53644ed2-f22c-430b-9ffb-5383cecd769d: 37 internal nodes; 0.7 s; peak memory 445 MiB.
2026-10-05T16:46:55Z INFO [719/5000] 5364713e-9be4-42cf-a411-6280b46123b1: 27 internal nodes; 0.6 s; peak memory 445 MiB.
2026-10-05T16:46:56Z INFO [720/5000] 536596ce-277f-42cb-8fa7-d8c0a42cbdff: 37 internal nodes; 1.0 s; peak memory 445 MiB.
2026-10-05T16:46:57Z INFO [721/5000] 5366426a-cbe1-4cd1-ab79-73352add6218: 17 internal nodes; 0.6 s; peak memory 445 MiB.
2026-10-05T16:47:00Z INFO [722/5000] 53668cb7-4963-4a0a-a288-c61b74dc0ba4: 73 internal nodes; 3.2 s; peak memory 445 MiB.
2026-10-05T16:47:03Z INFO [723/5000] 5366ea50-2b81-4bff-a725-29bdde9cd736: 172 internal nodes; 3.5 s; peak memory 445 MiB.
2026-10-05T16:47:11Z INFO [724/5000] 53673c39-5753-420d-ad1a-b2034f28752a: 197 internal nodes; 7.8 s; peak memory 445 MiB.
2026-10-05T16:47:12Z INFO [725/5000] 53683104-049a-4870-b88e-3ee296dffe9b: 53 internal nodes; 0.8 s; peak memory 445 MiB.
2026-10-05T16:47:12Z INFO [726/5000] 53699b87-2bf5-47e0-8dda-1eaea9018fee: 18 internal nodes; 0.4 s; peak memory 445 MiB.
2026-10-05T16:47:23Z INFO [727/5000] 536b0f74-0380-43dc-94a0-28669c2fbf88: 359 internal nodes; 10.1 s; peak memory 445 MiB.
2026-10-05T16:47:24Z INFO [728/5000] 536b3ee1-ebe0-427e-a108-b3d23797a115: 30 internal nodes; 1.0 s; peak memory 445 MiB.
2026-10-05T16:47:24Z INFO [729/5000] 536b5832-5685-4750-a6b0-5b6a1c076aa5: 19 internal nodes; 0.6 s; peak memory 445 MiB.
2026-10-05T16:47:30Z INFO [730/5000] 536d0416-4857-4e6a-9b85-5fae84c6785e: 365 internal nodes; 5.7 s; peak memory 445 MiB.
2026-10-05T16:47:31Z INFO [731/5000] 536d610f-7b8f-4625-93c8-b38614b6ad8a: 31 internal nodes; 0.7 s; peak memory 445 MiB.
2026-10-05T16:47:31Z INFO [732/5000] 536d9a7e-2125-49f7-b322-8489c41bee43: 29 internal nodes; 0.7 s; peak memory 445 MiB.
2026-10-05T16:47:32Z INFO [733/5000] 536d9d6f-2641-45d2-9d94-6de8b017960f: 39 internal nodes; 0.8 s; peak memory 445 MiB.
2026-10-05T16:47:33Z INFO [734/5000] 536dd353-fa0d-4792-8932-47776c3f1b71: 115 internal nodes; 0.6 s; peak memory 445 MiB.
2026-10-05T16:47:34Z INFO [735/5000] 536ee0cd-2c79-4574-80b3-c30ea722e9a0: 44 internal nodes; 1.2 s; peak memory 445 MiB.
2026-10-05T16:47:36Z INFO [736/5000] 536f765d-c600-4ab6-a93e-67f12c828476: 46 internal nodes; 1.9 s; peak memory 445 MiB.
2026-10-05T16:47:36Z INFO [737/5000] 53704f30-98c4-449b-92a1-1915e9b031e3: 17 internal nodes; 0.6 s; peak memory 445 MiB.
2026-10-05T16:47:38Z INFO [738/5000] 53706a5f-2b8c-4033-97dc-77fa1ad14e5d: 65 internal nodes; 1.4 s; peak memory 445 MiB.
2026-10-05T16:47:39Z INFO [739/5000] 53708389-4e00-4aea-8041-c6dfbf4f810c: 17 internal nodes; 0.7 s; peak memory 445 MiB.
2026-10-05T16:47:39Z INFO [740/5000] 5370f236-bdd9-4f04-970d-f61a5ab9f5f2: 31 internal nodes; 0.9 s; peak memory 445 MiB.
2026-10-05T16:47:40Z INFO [741/5000] 5371d9d2-f286-424e-9bd6-14da0428ff15: 55 internal nodes; 0.6 s; peak memory 445 MiB.
2026-10-05T16:47:40Z INFO [742/5000] 537277b9-1208-4cf2-9fe2-b4b9667aa75a: 11 internal nodes; 0.3 s; peak memory 445 MiB.
2026-10-05T16:47:41Z INFO [743/5000] 5372e097-be1d-40ac-96c8-d045508aceca: 17 internal nodes; 0.7 s; peak memory 445 MiB.
2026-10-05T16:47:41Z INFO [744/5000] 53731ecd-a4de-49b5-9bd8-c6d0039290ca: 11 internal nodes; 0.3 s; peak memory 445 MiB.
2026-10-05T16:47:42Z INFO [745/5000] 5373bdd6-ee90-4f81-bfb8-145e9b5fbd92: 20 internal nodes; 0.4 s; peak memory 445 MiB.
2026-10-05T16:47:42Z INFO [746/5000] 537431a9-578e-49a4-b6f6-ab131edccbca: 27 internal nodes; 0.5 s; peak memory 445 MiB.
2026-10-05T16:47:46Z INFO [747/5000] 537462f9-45ca-4b8d-9c6e-a90c2f2ba815: 185 internal nodes; 3.7 s; peak memory 445 MiB.
2026-10-05T16:47:46Z INFO [748/5000] 537489e4-d927-404c-8c48-cd1b60ab6d55: 13 internal nodes; 0.3 s; peak memory 445 MiB.
2026-10-05T16:47:47Z INFO [749/5000] 5375ee81-1573-443c-9736-5ffd3917b2eb: 11 internal nodes; 0.4 s; peak memory 445 MiB.
2026-10-05T16:47:50Z INFO [750/5000] 5376793f-9b7b-45f7-b999-81b71f20998d: 54 internal nodes; 3.5 s; peak memory 445 MiB.
2026-10-05T16:47:50Z INFO [750/5000] 5376793f-9b7b-45f7-b999-81b71f20998d: checkpointed 87185 records.
2026-10-05T16:47:53Z INFO [751/5000] 53768c85-1f50-4be3-82bb-987f5d7c62bb: 77 internal nodes; 2.9 s; peak memory 445 MiB.
2026-10-05T16:47:54Z INFO [752/5000] 53772faa-9a2e-4031-9045-c4854901fbf7: 27 internal nodes; 0.6 s; peak memory 445 MiB.
2026-10-05T16:47:57Z INFO [753/5000] 537784ef-9a0b-4385-ace6-fe4d31c9d1cc: 177 internal nodes; 2.8 s; peak memory 445 MiB.
2026-10-05T16:47:57Z INFO [754/5000] 5377aa28-2231-4e2b-9833-a5b6fcf7cd80: 13 internal nodes; 0.3 s; peak memory 445 MiB.
2026-10-05T16:47:58Z INFO [755/5000] 537804e8-5bb3-45ab-95c0-70deef0d145b: 17 internal nodes; 0.6 s; peak memory 445 MiB.
2026-10-05T16:48:02Z INFO [756/5000] 53785dcb-5b11-4ff9-bda1-ea62658f5587: 135 internal nodes; 4.1 s; peak memory 445 MiB.
2026-10-05T16:48:02Z INFO [757/5000] 53786af8-cf2c-441e-94a9-9723b509ed74: 27 internal nodes; 0.6 s; peak memory 445 MiB.
2026-10-05T16:48:03Z INFO [758/5000] 53788b70-cab4-4d8b-90bc-6544c28cee41: 95 internal nodes; 0.9 s; peak memory 445 MiB.
2026-10-05T16:48:05Z INFO [759/5000] 537990fc-aeed-49c6-a0b8-e2a5d09edd91: 42 internal nodes; 1.3 s; peak memory 445 MiB.
2026-10-05T16:48:06Z INFO [760/5000] 5379c6e4-1f51-4caf-b114-d12e6bd011c1: 54 internal nodes; 1.5 s; peak memory 445 MiB.
2026-10-05T16:48:07Z INFO [761/5000] 5379c792-40cd-4e4e-9a9b-768ec73f032e: 31 internal nodes; 0.6 s; peak memory 445 MiB.
2026-10-05T16:48:09Z INFO [762/5000] 5379e345-12b9-4123-b574-e5fab697bbb6: 57 internal nodes; 1.9 s; peak memory 445 MiB.
2026-10-05T16:48:09Z INFO [763/5000] 537a708a-ca77-4363-958a-5abdf2877201: 18 internal nodes; 0.6 s; peak memory 445 MiB.
2026-10-05T16:48:10Z INFO [764/5000] 537a86b6-ebda-4e32-9832-59cacaa08804: 27 internal nodes; 0.6 s; peak memory 445 MiB.
2026-10-05T16:48:10Z INFO [765/5000] 537ae86c-5a4f-4fa5-967a-fb4af5028383: 19 internal nodes; 0.5 s; peak memory 445 MiB.
2026-10-05T16:48:12Z INFO [766/5000] 537b8c4c-dcac-4f32-8ac9-ac43a5876654: 46 internal nodes; 1.6 s; peak memory 445 MiB.
2026-10-05T16:48:12Z INFO [767/5000] 537b91f3-9179-429a-be00-78be98ce42e3: 19 internal nodes; 0.3 s; peak memory 445 MiB.
2026-10-05T16:48:16Z INFO [768/5000] 537bcbbd-d4e9-4f6c-ba6b-1dd13d92f493: 61 internal nodes; 3.6 s; peak memory 445 MiB.
2026-10-05T16:48:17Z INFO [769/5000] 537ca6b7-f237-44be-9d75-94bd2e40b8e5: 59 internal nodes; 0.9 s; peak memory 445 MiB.
2026-10-05T16:48:17Z INFO [770/5000] 537d572e-b853-4854-9580-0464ec3ccd68: 17 internal nodes; 0.6 s; peak memory 445 MiB.
2026-10-05T16:48:18Z INFO [771/5000] 537df40a-a7d9-459e-b07b-15fb7789df1a: 120 internal nodes; 0.8 s; peak memory 445 MiB.
2026-10-05T16:48:19Z INFO [772/5000] 537e5bd2-09ea-4db8-aca8-898cc51446f3: 31 internal nodes; 0.7 s; peak memory 445 MiB.
2026-10-05T16:48:19Z INFO [773/5000] 537eb3cd-c993-4a7d-89de-dc7ef2f009a4: 17 internal nodes; 0.6 s; peak memory 445 MiB.
2026-10-05T16:48:20Z INFO [774/5000] 537ef8a2-309a-476e-89e9-5073c0890d1a: 25 internal nodes; 0.6 s; peak memory 445 MiB.
2026-10-05T16:48:25Z INFO [775/5000] 537f158f-1d3c-4e4d-9d2b-6da083c76088: 191 internal nodes; 5.5 s; peak memory 445 MiB.
2026-10-05T16:48:26Z INFO [776/5000] 537f1e37-cc72-4a97-9317-2c96a7e47296: 31 internal nodes; 0.8 s; peak memory 445 MiB.
2026-10-05T16:48:27Z INFO [777/5000] 537feb74-d4d3-4dc4-b998-da9c47fe9502: 29 internal nodes; 0.7 s; peak memory 445 MiB.
2026-10-05T16:48:27Z INFO [778/5000] 537fefff-72b8-4276-ac48-b998b3a2828b: 27 internal nodes; 0.6 s; peak memory 445 MiB.
2026-10-05T16:48:28Z INFO [779/5000] 53805fe6-bb12-4b0e-a5c6-0deca0a5d1d3: 28 internal nodes; 0.5 s; peak memory 445 MiB.
2026-10-05T16:48:29Z INFO [780/5000] 53809af7-f3a9-4290-a383-848f0f258b10: 31 internal nodes; 0.7 s; peak memory 445 MiB.
2026-10-05T16:48:29Z INFO [781/5000] 53820567-1ebd-4c0d-8ff9-cb4f67bf4524: 13 internal nodes; 0.4 s; peak memory 445 MiB.
2026-10-05T16:48:30Z INFO [782/5000] 5382858c-401a-4d3e-9d25-80aeecb915e1: 55 internal nodes; 0.8 s; peak memory 445 MiB.
2026-10-05T16:48:30Z INFO [783/5000] 5382c217-44b6-4ee1-b427-101f31075cf0: 90 internal nodes; 0.7 s; peak memory 445 MiB.
2026-10-05T16:48:31Z INFO [784/5000] 5382d20b-a989-4819-8e76-a482d296709d: 27 internal nodes; 0.6 s; peak memory 445 MiB.
2026-10-05T16:48:34Z INFO [785/5000] 53839240-eb97-4b47-af84-1c6fec8446b9: 177 internal nodes; 3.2 s; peak memory 445 MiB.
2026-10-05T16:48:37Z INFO [786/5000] 5384743e-1ae8-4084-91fb-8d5c70e4ae22: 92 internal nodes; 2.4 s; peak memory 445 MiB.
2026-10-05T16:48:40Z INFO [787/5000] 53848112-a421-46ec-96d8-195bd8a8166b: 100 internal nodes; 3.0 s; peak memory 445 MiB.
2026-10-05T16:48:44Z INFO [788/5000] 5384e32f-fcfe-4d4d-a288-56a8ddc68123: 1349 internal nodes; 4.6 s; peak memory 445 MiB.
2026-10-05T16:48:47Z INFO [789/5000] 538536ea-b5eb-4eb4-8ed0-fd0ec72f1173: 84 internal nodes; 2.9 s; peak memory 445 MiB.
2026-10-05T16:48:48Z INFO [790/5000] 53863b2d-6799-4938-871a-08e8d7966dda: 17 internal nodes; 0.5 s; peak memory 445 MiB.
2026-10-05T16:48:49Z INFO [791/5000] 5387ff2b-4da0-49cd-ab34-590f8d0d315e: 66 internal nodes; 1.1 s; peak memory 445 MiB.
2026-10-05T16:48:50Z INFO [792/5000] 53883dbe-830b-4701-81b1-f2c5b1e7cba7: 60 internal nodes; 1.3 s; peak memory 445 MiB.
2026-10-05T16:48:51Z INFO [793/5000] 5388e2af-f58c-4b2e-8045-a1558b2fef2a: 44 internal nodes; 1.3 s; peak memory 445 MiB.
2026-10-05T16:48:52Z INFO [794/5000] 538ab86a-65bd-4fa6-bc0d-e9ede6a0b939: 27 internal nodes; 0.8 s; peak memory 445 MiB.
2026-10-05T16:48:53Z INFO [795/5000] 538abc4b-9ce7-4e31-acf3-d896f5334e93: 17 internal nodes; 0.5 s; peak memory 445 MiB.
2026-10-05T16:48:53Z INFO [796/5000] 538b312d-2816-44ab-9896-1063c535a8d8: 19 internal nodes; 0.5 s; peak memory 445 MiB.
2026-10-05T16:48:56Z INFO [797/5000] 538bb403-dba9-4972-8c93-a89a03c4e878: 135 internal nodes; 2.7 s; peak memory 445 MiB.
2026-10-05T16:48:56Z INFO [798/5000] 538c5ed4-857a-4fd0-9de8-d17efd905e26: 27 internal nodes; 0.6 s; peak memory 445 MiB.
2026-10-05T16:48:57Z INFO [799/5000] 538ca1f5-6773-4508-98e6-fc1cbf328289: 31 internal nodes; 0.8 s; peak memory 445 MiB.
2026-10-05T16:48:58Z INFO [800/5000] 538cc9dd-181a-4fc9-825f-7771dea340c3: 27 internal nodes; 0.6 s; peak memory 445 MiB.
2026-10-05T16:48:58Z INFO [800/5000] 538cc9dd-181a-4fc9-825f-7771dea340c3: checkpointed 87235 records.
2026-10-05T16:48:59Z INFO [801/5000] 538cd945-9fa0-4456-b513-2f2485d3339d: 26 internal nodes; 0.5 s; peak memory 445 MiB.
2026-10-05T16:48:59Z INFO [802/5000] 538cda57-bf6a-44f0-b03b-1f80b922cb9a: 24 internal nodes; 0.4 s; peak memory 445 MiB.
2026-10-05T16:48:59Z INFO [803/5000] 538ebbd9-f11f-446b-846e-0b2a3dd1c688: 17 internal nodes; 0.4 s; peak memory 445 MiB.
2026-10-05T16:49:04Z INFO [804/5000] 538f0d72-4f96-4598-a909-a6c3ec2bb8b0: 296 internal nodes; 4.9 s; peak memory 445 MiB.
2026-10-05T16:49:05Z INFO [805/5000] 538f7793-faed-4f81-91bb-306d473c9713: 17 internal nodes; 0.5 s; peak memory 445 MiB.
2026-10-05T16:49:05Z INFO [806/5000] 538fa5b4-1b27-4025-aaad-285bf458fe44: 32 internal nodes; 0.7 s; peak memory 445 MiB.
2026-10-05T16:49:06Z INFO [807/5000] 5390b75e-409a-44fa-adc9-b601cc070c76: 27 internal nodes; 0.6 s; peak memory 445 MiB.
2026-10-05T16:49:06Z INFO [808/5000] 539121ef-c9a5-44fe-bde2-3089a071b5a9: 11 internal nodes; 0.3 s; peak memory 445 MiB.
2026-10-05T16:49:07Z INFO [809/5000] 53941ea8-cb88-4b39-8731-278f3e30164c: 18 internal nodes; 0.3 s; peak memory 445 MiB.
2026-10-05T16:49:07Z INFO [810/5000] 539463cc-7136-4446-a899-febe15dd582b: 27 internal nodes; 0.6 s; peak memory 445 MiB.
2026-10-05T16:49:08Z INFO [811/5000] 5394e3b0-e5c4-4dd9-b1b1-35714fc79ec3: 17 internal nodes; 0.5 s; peak memory 445 MiB.
2026-10-05T16:49:09Z INFO [812/5000] 539686e0-7ef2-4b3a-ad70-31a4d1cef237: 44 internal nodes; 1.2 s; peak memory 445 MiB.
2026-10-05T16:49:09Z INFO [813/5000] 5397d9b2-8af5-4a41-a134-e3b878c33f70: 23 internal nodes; 0.5 s; peak memory 445 MiB.
2026-10-05T16:49:10Z INFO [814/5000] 5398c9d5-9fe3-4c81-af11-143112ab6c97: 17 internal nodes; 0.4 s; peak memory 445 MiB.
2026-10-05T16:49:14Z INFO [815/5000] 5398cb9a-b889-485b-90c3-8f736d61ab66: 235 internal nodes; 4.4 s; peak memory 445 MiB.
2026-10-05T16:49:15Z INFO [816/5000] 53999984-d1a9-4dcc-a30c-bf525c2d2c30: 33 internal nodes; 0.9 s; peak memory 445 MiB.
2026-10-05T16:49:19Z INFO [817/5000] 539a4a85-9d2a-4af1-8118-93652dcafda8: 181 internal nodes; 3.5 s; peak memory 445 MiB.
2026-10-05T16:49:20Z INFO [818/5000] 539b5e83-bb52-44e8-b111-69f82680e7e7: 72 internal nodes; 0.9 s; peak memory 445 MiB.
2026-10-05T16:49:21Z INFO [819/5000] 539c06bd-6b49-40c3-b48e-69b8f0a94e6f: 56 internal nodes; 1.0 s; peak memory 445 MiB.
2026-10-05T16:49:22Z INFO [820/5000] 539c3238-4654-4976-adf7-4d09b9e18de5: 44 internal nodes; 1.1 s; peak memory 445 MiB.
2026-10-05T16:49:22Z INFO [821/5000] 539d5d11-2e3b-478d-a7f1-83a1c5dc8b41: 17 internal nodes; 0.6 s; peak memory 445 MiB.
2026-10-05T16:49:23Z INFO [822/5000] 539df370-91e8-40c9-8c07-69e0cc12a3a9: 17 internal nodes; 0.6 s; peak memory 445 MiB.
2026-10-05T16:49:23Z INFO [823/5000] 539df88e-2c25-46ed-a499-5e79d3beccf9: 18 internal nodes; 0.6 s; peak memory 445 MiB.
2026-10-05T16:49:24Z INFO [824/5000] 539e0f7f-66d1-4f7f-928e-ab70d550af2b: 17 internal nodes; 0.7 s; peak memory 445 MiB.
2026-10-05T16:49:25Z INFO [825/5000] 539e349e-7579-438d-a70a-a056cfe7cea5: 83 internal nodes; 0.9 s; peak memory 445 MiB.
2026-10-05T16:49:26Z INFO [826/5000] 539ed10b-a5cc-4f28-80d3-673c1a5a565f: 30 internal nodes; 0.9 s; peak memory 445 MiB.
2026-10-05T16:49:26Z INFO [827/5000] 539ee4f9-9146-4249-b0ee-078312c8ca83: 11 internal nodes; 0.4 s; peak memory 445 MiB.
2026-10-05T16:49:27Z INFO [828/5000] 539f6855-3fe4-41f8-aa52-64f347af015e: 27 internal nodes; 0.7 s; peak memory 445 MiB.
2026-10-05T16:49:27Z INFO [829/5000] 539f6ebd-dccf-4fbd-8826-00d36dd55746: 19 internal nodes; 0.5 s; peak memory 445 MiB.
2026-10-05T16:49:28Z INFO [830/5000] 539ff916-7eba-42f6-ac12-58ec11f7e30e: 17 internal nodes; 0.6 s; peak memory 445 MiB.
2026-10-05T16:49:28Z INFO [831/5000] 53a02256-1dbc-4da8-bb4e-288e0778dd6b: 13 internal nodes; 0.4 s; peak memory 445 MiB.
2026-10-05T16:49:29Z INFO [832/5000] 53a19cd4-583e-4e76-9c96-829d759d55c3: 31 internal nodes; 1.0 s; peak memory 445 MiB.
2026-10-05T16:49:33Z INFO [833/5000] 53a1a33b-8567-4a8c-831b-4c992b3c726e: 137 internal nodes; 3.6 s; peak memory 445 MiB.
2026-10-05T16:49:34Z INFO [834/5000] 53a1efcc-e302-475e-a844-160bc9ae1cf3: 90 internal nodes; 0.7 s; peak memory 445 MiB.
2026-10-05T16:49:34Z INFO [835/5000] 53a1f692-a33c-4d3d-8dce-c93230d1a130: 19 internal nodes; 0.7 s; peak memory 445 MiB.
2026-10-05T16:49:35Z INFO [836/5000] 53a2837b-44a9-412d-9335-255abc9f8815: 27 internal nodes; 0.8 s; peak memory 445 MiB.
2026-10-05T16:49:36Z INFO [837/5000] 53a2acc4-43ab-493c-b938-bbb702e8c27c: 31 internal nodes; 1.0 s; peak memory 445 MiB.
2026-10-05T16:49:37Z INFO [838/5000] 53a2ed0e-e3f9-401c-8950-3684203f2469: 13 internal nodes; 0.4 s; peak memory 445 MiB.
2026-10-05T16:49:37Z INFO [839/5000] 53a31c3c-46af-49df-8d70-f0b9dd76002b: 27 internal nodes; 0.6 s; peak memory 445 MiB.
2026-10-05T16:49:38Z INFO [840/5000] 53a39443-0089-4a31-a03a-4a56f7f01877: 24 internal nodes; 0.9 s; peak memory 445 MiB.
2026-10-05T16:49:39Z INFO [841/5000] 53a3c9db-c35c-4423-9507-1e593de7ca5c: 17 internal nodes; 0.6 s; peak memory 445 MiB.
2026-10-05T16:49:43Z INFO [842/5000] 53a401ef-f3bb-4c7d-9b21-10d41f2a2157: 286 internal nodes; 4.3 s; peak memory 445 MiB.
2026-10-05T16:49:44Z INFO [843/5000] 53a49c54-7e0f-4480-a03a-407c9b37c36f: 17 internal nodes; 0.8 s; peak memory 445 MiB.
2026-10-05T16:49:46Z INFO [844/5000] 53a6058f-63b5-4a5c-a918-19cd338c4041: 53 internal nodes; 1.8 s; peak memory 445 MiB.
2026-10-05T16:49:46Z INFO [845/5000] 53a62ee0-b766-4908-8ddb-ad5c60b051e5: 26 internal nodes; 0.5 s; peak memory 445 MiB.
2026-10-05T16:49:47Z INFO [846/5000] 53a7120b-0543-4205-a1a1-8a09ed4a594e: 27 internal nodes; 0.7 s; peak memory 445 MiB.
2026-10-05T16:49:47Z INFO [847/5000] 53a9b2d4-6354-4af0-9498-5928cd0da24b: 17 internal nodes; 0.5 s; peak memory 445 MiB.
2026-10-05T16:49:48Z INFO [848/5000] 53ab539b-e1bb-47b7-bb7f-9d757947bcb7: 44 internal nodes; 1.0 s; peak memory 445 MiB.
2026-10-05T16:49:49Z INFO [849/5000] 53ab66c3-4c71-49cf-bb5d-d0281b9aa2b0: 116 internal nodes; 0.6 s; peak memory 445 MiB.
2026-10-05T16:49:49Z INFO [850/5000] 53abc67e-3ba3-48b1-ade0-53877c7401e3: 17 internal nodes; 0.6 s; peak memory 445 MiB.
2026-10-05T16:49:50Z INFO [850/5000] 53abc67e-3ba3-48b1-ade0-53877c7401e3: checkpointed 87285 records.
2026-10-05T16:49:50Z INFO [851/5000] 53abeab9-1d6a-485c-83d8-639cdebbcc2b: 13 internal nodes; 0.7 s; peak memory 445 MiB.
2026-10-05T16:49:51Z INFO [852/5000] 53acd168-139c-433f-9d3e-58a6d0dce796: 55 internal nodes; 0.7 s; peak memory 445 MiB.
2026-10-05T16:49:52Z INFO [853/5000] 53ad6745-e796-46b8-88df-962deaad7379: 23 internal nodes; 0.7 s; peak memory 445 MiB.
2026-10-05T16:49:52Z INFO [854/5000] 53ae0b47-72ab-4638-8eb6-f2041cb9c99d: 17 internal nodes; 0.5 s; peak memory 445 MiB.
2026-10-05T16:49:53Z INFO [855/5000] 53ae6013-8d9f-479a-9093-f4ae100f04a6: 27 internal nodes; 0.6 s; peak memory 445 MiB.
2026-10-05T16:49:56Z INFO [856/5000] 53aeec86-f8dd-4dd3-bdc2-6e7bd34e8063: 149 internal nodes; 3.4 s; peak memory 445 MiB.
2026-10-05T16:50:01Z INFO [857/5000] 53af0b11-e06c-4051-9bfb-2614727ae1c6: 195 internal nodes; 4.8 s; peak memory 445 MiB.
2026-10-05T16:50:02Z INFO [858/5000] 53af27c5-d552-4a59-832f-36fbfeffd97c: 17 internal nodes; 0.7 s; peak memory 445 MiB.
2026-10-05T16:50:02Z INFO [859/5000] 53afd463-8453-44cd-be4a-13eb11447938: 21 internal nodes; 0.6 s; peak memory 445 MiB.
2026-10-05T16:50:03Z INFO [860/5000] 53b03211-cb18-4c88-a341-a30fa639eef6: 31 internal nodes; 0.8 s; peak memory 445 MiB.
2026-10-05T16:50:05Z INFO [861/5000] 53b141da-0637-480b-aa38-bb254cc1598d: 44 internal nodes; 1.8 s; peak memory 445 MiB.
2026-10-05T16:50:06Z INFO [862/5000] 53b167b5-0498-412a-a896-df50d5337799: 27 internal nodes; 0.7 s; peak memory 445 MiB.
2026-10-05T16:50:12Z INFO [863/5000] 53b17e59-b57d-4ba1-bc6b-f5655026936a: 223 internal nodes; 6.0 s; peak memory 445 MiB.
2026-10-05T16:50:12Z INFO [864/5000] 53b1bd08-3477-4d54-99f3-eadfca799842: 19 internal nodes; 0.7 s; peak memory 445 MiB.
2026-10-05T16:50:14Z INFO [865/5000] 53b289d9-b25c-4034-83f8-f1b0ce794c75: 37 internal nodes; 1.1 s; peak memory 445 MiB.
2026-10-05T16:50:14Z INFO [866/5000] 53b29b1c-5025-4556-9ece-a1db77159b90: 31 internal nodes; 0.7 s; peak memory 445 MiB.
2026-10-05T16:50:15Z INFO [867/5000] 53b2e95b-2ea3-4079-ae56-37e347f2779c: 58 internal nodes; 1.1 s; peak memory 445 MiB.
2026-10-05T16:50:16Z INFO [868/5000] 53b3e233-dd45-401b-bacc-db956353b907: 69 internal nodes; 0.9 s; peak memory 445 MiB.
2026-10-05T16:50:17Z INFO [869/5000] 53b3e4a9-54f3-43e8-8acb-1a836e9fc189: 31 internal nodes; 0.8 s; peak memory 445 MiB.
2026-10-05T16:50:18Z INFO [870/5000] 53b41796-ed6e-437a-9545-913debbab721: 17 internal nodes; 0.6 s; peak memory 445 MiB.
2026-10-05T16:50:18Z INFO [871/5000] 53b4373a-1629-4e73-9983-29649dc339dd: 38 internal nodes; 0.8 s; peak memory 445 MiB.
2026-10-05T16:50:24Z INFO [872/5000] 53b4a14f-2a05-4e16-a5e2-544e5abfc88f: 63 internal nodes; 5.1 s; peak memory 445 MiB.
2026-10-05T16:50:24Z INFO [873/5000] 53b4fac9-d9c3-44b0-8a52-929cd12507b3: 27 internal nodes; 0.6 s; peak memory 445 MiB.
2026-10-05T16:50:26Z INFO [874/5000] 53b5c573-8ff2-4cd7-a7bc-7a672376b3c9: 45 internal nodes; 1.9 s; peak memory 445 MiB.
2026-10-05T16:50:27Z INFO [875/5000] 53b722a9-20b5-4293-82b4-eff77bc2cb93: 26 internal nodes; 0.5 s; peak memory 445 MiB.
2026-10-05T16:50:27Z INFO [876/5000] 53b7ab0f-b996-4962-97e1-bfeaa771c77c: 31 internal nodes; 0.9 s; peak memory 445 MiB.
2026-10-05T16:50:29Z INFO [877/5000] 53b9ddee-b71f-4574-9600-db1d4e254bc5: 46 internal nodes; 1.8 s; peak memory 445 MiB.
2026-10-05T16:50:30Z INFO [878/5000] 53ba0504-b64c-4e6e-b784-678ed0bdf7aa: 58 internal nodes; 1.2 s; peak memory 445 MiB.
2026-10-05T16:50:35Z INFO [879/5000] 53ba0f71-0451-4f74-9663-63803576a340: 163 internal nodes; 4.6 s; peak memory 445 MiB.
2026-10-05T16:50:36Z INFO [880/5000] 53ba0f76-6b07-4cfe-a38b-010419fc6dc1: 17 internal nodes; 0.4 s; peak memory 445 MiB.
2026-10-05T16:50:36Z INFO [881/5000] 53baa3f1-79e2-48ee-bb9b-aa3ef283c814: 29 internal nodes; 0.6 s; peak memory 445 MiB.
2026-10-05T16:50:39Z INFO [882/5000] 53bacade-1f17-4935-b852-916612fc0a62: 70 internal nodes; 3.3 s; peak memory 445 MiB.
2026-10-05T16:50:40Z INFO [883/5000] 53bb9c6c-4e20-4e8a-bbd3-d4dd537a0ea2: 17 internal nodes; 0.6 s; peak memory 445 MiB.
2026-10-05T16:50:44Z INFO [884/5000] 53bbd463-deda-44e9-9925-e8b515c0621d: 213 internal nodes; 3.8 s; peak memory 445 MiB.
2026-10-05T16:50:45Z INFO [885/5000] 53bbfa8d-c7b9-4fd8-9265-2d7f2623d049: 27 internal nodes; 0.7 s; peak memory 445 MiB.
2026-10-05T16:50:46Z INFO [886/5000] 53bc0e4c-a06d-4f5e-8732-6a924d7bd31a: 31 internal nodes; 1.1 s; peak memory 445 MiB.
2026-10-05T16:50:47Z INFO [887/5000] 53bc23db-66cb-4ee0-932c-91fe8dbbc844: 29 internal nodes; 0.9 s; peak memory 445 MiB.
2026-10-05T16:50:47Z INFO [888/5000] 53bd1073-be7b-4f04-a356-09ff606f31e7: 27 internal nodes; 0.5 s; peak memory 445 MiB.
2026-10-05T16:50:55Z INFO [889/5000] 53bdfc40-21b5-48f6-a000-1c64ae02fdb6: 301 internal nodes; 7.9 s; peak memory 445 MiB.
2026-10-05T16:50:56Z INFO [890/5000] 53be32bf-83e3-4163-af9b-fde1a5024227: 17 internal nodes; 0.6 s; peak memory 445 MiB.
2026-10-05T16:50:56Z INFO [891/5000] 53bf234f-aa8e-46a5-8c93-41f7572bc98d: 22 internal nodes; 0.5 s; peak memory 445 MiB.
2026-10-05T16:50:57Z INFO [892/5000] 53c0022a-7a60-4d8c-bed1-39f745118a4e: 22 internal nodes; 0.4 s; peak memory 445 MiB.
2026-10-05T16:50:57Z INFO [893/5000] 53c157df-1f21-4389-a86e-a5c7605da848: 27 internal nodes; 0.6 s; peak memory 445 MiB.
2026-10-05T16:50:59Z INFO [894/5000] 53c2d8bd-cf86-48d0-85b4-ca0d2d1ab9fa: 44 internal nodes; 1.9 s; peak memory 445 MiB.
2026-10-05T16:51:00Z INFO [895/5000] 53c36a4f-8435-44e2-ae0e-c9399c356021: 65 internal nodes; 1.3 s; peak memory 445 MiB.
2026-10-05T16:51:01Z INFO [896/5000] 53c46cc6-f56e-445a-8a51-2d39e7a31a62: 6 internal nodes; 0.5 s; peak memory 445 MiB.
2026-10-05T16:51:01Z INFO [897/5000] 53c6242f-71bd-429c-ac78-ab5a78b8eb65: 11 internal nodes; 0.4 s; peak memory 445 MiB.
2026-10-05T16:51:02Z INFO [898/5000] 53c69106-1106-449a-b737-67b8743ff98e: 17 internal nodes; 0.6 s; peak memory 445 MiB.
2026-10-05T16:51:03Z INFO [899/5000] 53c70479-438f-4933-bd2a-def94f26faf7: 44 internal nodes; 1.5 s; peak memory 445 MiB.
2026-10-05T16:51:08Z INFO [900/5000] 53c7083d-f812-4d28-b0b4-2876668677cc: 182 internal nodes; 4.4 s; peak memory 445 MiB.
2026-10-05T16:51:08Z INFO [900/5000] 53c7083d-f812-4d28-b0b4-2876668677cc: checkpointed 87335 records.
2026-10-05T16:51:09Z INFO [901/5000] 53ca1e4e-2ddf-41c0-b265-9e4c0613261a: 39 internal nodes; 1.1 s; peak memory 445 MiB.
2026-10-05T16:51:10Z INFO [902/5000] 53cac459-9632-4c0c-b4ef-0224971ef7e2: 17 internal nodes; 0.7 s; peak memory 445 MiB.
2026-10-05T16:51:11Z INFO [903/5000] 53cb0d0f-d4c5-4137-ad89-a843ceea65d2: 17 internal nodes; 0.7 s; peak memory 445 MiB.
2026-10-05T16:51:11Z INFO [904/5000] 53cb49bf-8ff2-40ab-a830-f18f188c680c: 11 internal nodes; 0.3 s; peak memory 445 MiB.
2026-10-05T16:51:12Z INFO [905/5000] 53cb4efa-153a-4770-a02e-7ad6046e2bbc: 116 internal nodes; 0.8 s; peak memory 445 MiB.
2026-10-05T16:51:13Z INFO [906/5000] 53cbeb44-ae48-4735-ab25-6f759f4ab0db: 29 internal nodes; 0.9 s; peak memory 445 MiB.
2026-10-05T16:51:13Z INFO [907/5000] 53cd6305-084d-4da6-aea0-f3d8c684e0bf: 18 internal nodes; 0.5 s; peak memory 445 MiB.
2026-10-05T16:51:17Z INFO [908/5000] 53cd907d-5464-4ccd-bb88-a6c3ff152cf3: 142 internal nodes; 3.5 s; peak memory 445 MiB.
2026-10-05T16:51:17Z INFO [909/5000] 53ce6497-7660-4bf4-9353-9bfd7fe8c000: 17 internal nodes; 0.5 s; peak memory 445 MiB.
2026-10-05T16:51:18Z INFO [910/5000] 53cf352f-0162-4cf0-8d9e-bcbf2511268e: 31 internal nodes; 0.9 s; peak memory 445 MiB.
2026-10-05T16:51:19Z INFO [911/5000] 53d063e3-fea0-4f78-9acc-78209136e9b4: 90 internal nodes; 0.8 s; peak memory 445 MiB.
2026-10-05T16:51:20Z INFO [912/5000] 53d0f5bb-fc43-4b99-b1e2-0e38ec0e6f7e: 66 internal nodes; 1.1 s; peak memory 445 MiB.
2026-10-05T16:51:22Z INFO [913/5000] 53d0f5ee-8ef7-4fe8-8813-ecf64a7646aa: 67 internal nodes; 1.8 s; peak memory 445 MiB.
2026-10-05T16:51:23Z INFO [914/5000] 53d18791-b52b-4e6f-8489-201f9b8a7b44: 19 internal nodes; 0.7 s; peak memory 445 MiB.
2026-10-05T16:51:23Z INFO [915/5000] 53d20065-f53f-4ebb-bd45-31368e811df3: 19 internal nodes; 0.6 s; peak memory 445 MiB.
2026-10-05T16:51:24Z INFO [916/5000] 53d298cf-fc27-49ff-8b75-8550f27d79c4: 17 internal nodes; 0.6 s; peak memory 445 MiB.
2026-10-05T16:51:25Z INFO [917/5000] 53d2f926-0cf0-4221-85ac-0983afd365f6: 56 internal nodes; 0.9 s; peak memory 445 MiB.
2026-10-05T16:51:39Z INFO [918/5000] 53d3425d-d53f-4ad1-9e4d-fbbbb068f297: 678 internal nodes; 14.5 s; peak memory 445 MiB.
2026-10-05T16:51:40Z INFO [919/5000] 53d358b6-9af2-4a20-bafe-7b1a069f8102: 19 internal nodes; 0.5 s; peak memory 445 MiB.
2026-10-05T16:51:40Z INFO [920/5000] 53d3a1d9-b3e2-4a7e-969c-2d9f9e29ace1: 27 internal nodes; 0.7 s; peak memory 445 MiB.
2026-10-05T16:51:41Z INFO [921/5000] 53d515e1-eb93-43b3-a7cd-e6f4653a9bf2: 17 internal nodes; 0.6 s; peak memory 445 MiB.
2026-10-05T16:51:45Z INFO [922/5000] 53d5742f-26e4-40b3-8d7e-86c088eef89b: 168 internal nodes; 4.0 s; peak memory 445 MiB.
2026-10-05T16:51:45Z INFO [923/5000] 53d5c4b9-2f4d-44de-b032-4b401593051d: 27 internal nodes; 0.7 s; peak memory 445 MiB.
2026-10-05T16:51:46Z INFO [924/5000] 53d6a990-04c4-4df6-babb-ef51f705e230: 6 internal nodes; 0.4 s; peak memory 445 MiB.
2026-10-05T16:51:49Z INFO [925/5000] 53d7c390-4d0e-4d49-94fc-d9d35a083f20: 109 internal nodes; 2.8 s; peak memory 445 MiB.
2026-10-05T16:51:49Z INFO [926/5000] 53d8295f-7ebc-43da-a691-b6a42f237b43: 17 internal nodes; 0.5 s; peak memory 445 MiB.
2026-10-05T16:51:50Z INFO [927/5000] 53d9495a-60b0-4b56-9c92-187cc7cb2dac: 27 internal nodes; 0.7 s; peak memory 445 MiB.
2026-10-05T16:51:50Z INFO [928/5000] 53d97daa-cbd9-45db-8a81-7bf879535410: 27 internal nodes; 0.6 s; peak memory 445 MiB.
2026-10-05T16:51:52Z INFO [929/5000] 53d9d85a-d49b-4cbe-96cc-c5e5b78feb20: 46 internal nodes; 1.7 s; peak memory 445 MiB.
2026-10-05T16:51:53Z INFO [930/5000] 53db37c1-a242-40fa-b10c-dad82e9b8b89: 11 internal nodes; 0.3 s; peak memory 445 MiB.
2026-10-05T16:51:53Z INFO [931/5000] 53db9034-f122-43b7-9b96-7b16567366f2: 17 internal nodes; 0.6 s; peak memory 445 MiB.
2026-10-05T16:51:55Z INFO [932/5000] 53dbf0c4-6725-4042-a1a8-51a4f22105c8: 46 internal nodes; 1.7 s; peak memory 445 MiB.
2026-10-05T16:51:55Z INFO [933/5000] 53dc53ec-e7ff-4d7a-9a9d-bfe0a874e1a4: 11 internal nodes; 0.4 s; peak memory 445 MiB.
2026-10-05T16:51:56Z INFO [934/5000] 53dd60d8-b27f-445c-8af9-57a36162b2a5: 27 internal nodes; 0.6 s; peak memory 445 MiB.
2026-10-05T16:51:58Z INFO [935/5000] 53ddc806-29c8-480d-87ea-789c1f9240f5: 53 internal nodes; 2.2 s; peak memory 445 MiB.
2026-10-05T16:52:04Z INFO [936/5000] 53de9879-f737-4e90-ad00-b5c99f73b452: 83 internal nodes; 6.2 s; peak memory 445 MiB.
2026-10-05T16:52:05Z INFO [937/5000] 53df1d8f-3444-4b4d-b5a4-50e8d2281df3: 17 internal nodes; 0.6 s; peak memory 445 MiB.
2026-10-05T16:52:05Z INFO [938/5000] 53df954e-60aa-4d5a-acdc-a9de75bc0d0e: 13 internal nodes; 0.5 s; peak memory 445 MiB.
2026-10-05T16:52:06Z INFO [939/5000] 53e01965-a5e1-448d-a913-8d0e468ef3c1: 49 internal nodes; 0.9 s; peak memory 445 MiB.
2026-10-05T16:52:09Z INFO [940/5000] 53e0267b-f34c-4b49-9844-6446858de2d9: 119 internal nodes; 3.0 s; peak memory 445 MiB.
2026-10-05T16:52:10Z INFO [941/5000] 53e113eb-285e-497d-927f-a34ba5b1574a: 27 internal nodes; 0.6 s; peak memory 445 MiB.
2026-10-05T16:52:11Z INFO [942/5000] 53e132e6-05cb-4ca0-a0ca-42b168621850: 38 internal nodes; 0.9 s; peak memory 445 MiB.
2026-10-05T16:52:13Z INFO [943/5000] 53e1f805-2044-487b-96bf-86973237466d: 40 internal nodes; 2.1 s; peak memory 445 MiB.
2026-10-05T16:52:15Z INFO [944/5000] 53e2f89d-a87a-4900-bc0f-291fce4b5c8d: 58 internal nodes; 2.1 s; peak memory 445 MiB.
2026-10-05T16:52:15Z INFO [945/5000] 53e3a4ab-bb45-46f0-9d36-1298eb0efd84: 17 internal nodes; 0.5 s; peak memory 445 MiB.
2026-10-05T16:52:16Z INFO [946/5000] 53e3cab1-701a-4026-a75a-d38f6ac7a958: 62 internal nodes; 1.0 s; peak memory 445 MiB.
2026-10-05T16:52:17Z INFO [947/5000] 53e44bff-1e82-461b-af88-9624ba5dbf58: 13 internal nodes; 0.5 s; peak memory 445 MiB.
2026-10-05T16:52:17Z INFO [948/5000] 53e5cf78-1374-43d7-a2fe-76f728f058bc: 21 internal nodes; 0.4 s; peak memory 445 MiB.
2026-10-05T16:52:18Z INFO [949/5000] 53e629a6-f22d-42dd-ae94-5ee0f1967ea5: 31 internal nodes; 0.8 s; peak memory 445 MiB.
2026-10-05T16:52:19Z INFO [950/5000] 53e63002-4aaa-4f22-9183-b6f44297ac17: 17 internal nodes; 0.6 s; peak memory 445 MiB.
2026-10-05T16:52:19Z INFO [950/5000] 53e63002-4aaa-4f22-9183-b6f44297ac17: checkpointed 87385 records.
2026-10-05T16:52:19Z INFO [951/5000] 53e6b36b-9a42-45b8-9c37-629f29b8975f: 17 internal nodes; 0.5 s; peak memory 445 MiB.
2026-10-05T16:52:20Z INFO [952/5000] 53e6b8dd-b725-43ee-a841-4c2903dbd50d: 116 internal nodes; 0.7 s; peak memory 445 MiB.
2026-10-05T16:52:22Z INFO [953/5000] 53e82e7a-7204-4b2b-ac5e-c3301ee08c0b: 44 internal nodes; 1.5 s; peak memory 445 MiB.
2026-10-05T16:52:22Z INFO [954/5000] 53e92c46-26e2-4c40-9f8b-674cc20184fa: 31 internal nodes; 0.8 s; peak memory 445 MiB.
2026-10-05T16:52:24Z INFO [955/5000] 53e94fe3-1cca-49ea-8fe4-1dc0384c67f6: 46 internal nodes; 1.9 s; peak memory 445 MiB.
2026-10-05T16:52:28Z INFO [956/5000] 53e9cefe-9cf5-49c7-91ca-f90ea4d64cc5: 101 internal nodes; 4.2 s; peak memory 445 MiB.
2026-10-05T16:52:29Z INFO [957/5000] 53e9f1df-e148-47ec-b44c-8b937eb25ce2: 31 internal nodes; 0.9 s; peak memory 445 MiB.
2026-10-05T16:52:30Z INFO [958/5000] 53ea5f48-41a2-458a-84a6-652c121767f5: 83 internal nodes; 0.8 s; peak memory 445 MiB.
2026-10-05T16:52:36Z INFO [959/5000] 53ea8077-7176-49d8-9936-d54efe238ca2: 67 internal nodes; 5.8 s; peak memory 445 MiB.
2026-10-05T16:52:36Z INFO [960/5000] 53eac2d2-dc24-402a-91e8-97e36d59fcd3: 11 internal nodes; 0.4 s; peak memory 445 MiB.
2026-10-05T16:52:37Z INFO [961/5000] 53ead2b0-f920-48e6-ab9b-79e7d46546a8: 31 internal nodes; 0.9 s; peak memory 445 MiB.
2026-10-05T16:52:38Z INFO [962/5000] 53eae5bf-3688-4f78-9ff6-85dc2e33b98a: 17 internal nodes; 0.6 s; peak memory 445 MiB.
2026-10-05T16:52:38Z INFO [963/5000] 53eaff88-abec-4259-9273-43590d00a448: 31 internal nodes; 0.8 s; peak memory 445 MiB.
2026-10-05T16:52:40Z INFO [964/5000] 53eb6e6d-22ee-47c0-b1e0-9fc6cb732662: 44 internal nodes; 1.8 s; peak memory 445 MiB.
2026-10-05T16:52:41Z INFO [965/5000] 53ec8e6f-ff57-4e9c-9b59-121b67005582: 17 internal nodes; 0.5 s; peak memory 445 MiB.
2026-10-05T16:52:41Z INFO [966/5000] 53ed04eb-3930-4c9f-90e0-938b5e8500ec: 24 internal nodes; 0.6 s; peak memory 445 MiB.
2026-10-05T16:52:44Z INFO [967/5000] 53ed23d8-f905-4c14-9208-e5aecf7c09c0: 189 internal nodes; 3.1 s; peak memory 445 MiB.
2026-10-05T16:52:45Z INFO [968/5000] 53edaed0-eb33-4767-af54-4cbc086d7384: 27 internal nodes; 0.7 s; peak memory 445 MiB.
2026-10-05T16:52:46Z INFO [969/5000] 53ef5645-8e6c-4120-b78c-abce5d846325: 17 internal nodes; 0.6 s; peak memory 445 MiB.
2026-10-05T16:52:46Z INFO [970/5000] 53ef9c97-25dc-4454-aeef-1f112920c644: 13 internal nodes; 0.5 s; peak memory 445 MiB.
2026-10-05T16:52:51Z INFO [971/5000] 53f17ec9-68b9-44c3-9d54-f767ab1c7c1f: 21 internal nodes; 5.0 s; peak memory 445 MiB.
2026-10-05T16:52:56Z INFO [972/5000] 53f1b0df-c32d-4b25-ac65-7fc529327eed: 184 internal nodes; 4.7 s; peak memory 445 MiB.
2026-10-05T16:52:56Z INFO [973/5000] 53f256f7-fa0a-4ef1-bd67-4cc6a16e8290: 11 internal nodes; 0.4 s; peak memory 445 MiB.
2026-10-05T16:52:57Z INFO [974/5000] 53f2b88e-5ca9-41a0-b7a8-7cf49ad4c1a3: 56 internal nodes; 0.8 s; peak memory 445 MiB.
2026-10-05T16:52:58Z INFO [975/5000] 53f2eb06-5397-4e3f-b0bf-0e3dca626402: 19 internal nodes; 0.7 s; peak memory 445 MiB.
2026-10-05T16:52:59Z INFO [976/5000] 53f347ed-3475-4870-b40b-f302a70fb088: 27 internal nodes; 0.7 s; peak memory 445 MiB.
2026-10-05T16:52:59Z INFO [977/5000] 53f3e233-c2aa-4a9c-8f85-5a9ae741afc5: 27 internal nodes; 0.5 s; peak memory 445 MiB.
2026-10-05T16:53:00Z INFO [978/5000] 53f44b19-db9f-42cc-ac45-44d58ab51f46: 17 internal nodes; 0.6 s; peak memory 445 MiB.
2026-10-05T16:53:00Z INFO [979/5000] 53f52616-7fd2-4bb2-a7ce-abef6b78e2e2: 90 internal nodes; 0.6 s; peak memory 445 MiB.
2026-10-05T16:53:01Z INFO [980/5000] 53f53e1c-8833-417a-92e3-846b8e224641: 11 internal nodes; 0.3 s; peak memory 445 MiB.
2026-10-05T16:53:01Z INFO [981/5000] 53f5a14f-bdc2-47eb-9bbc-5375298d7817: 17 internal nodes; 0.6 s; peak memory 445 MiB.
2026-10-05T16:53:05Z INFO [982/5000] 53f7b68a-6805-4440-a602-03028ae6d7fb: 158 internal nodes; 3.7 s; peak memory 445 MiB.
2026-10-05T16:53:06Z INFO [983/5000] 53f7b7e7-16ef-417e-afa6-865479013cfb: 27 internal nodes; 0.8 s; peak memory 445 MiB.
2026-10-05T16:53:10Z INFO [984/5000] 53f83673-622b-4822-a4f7-3a35f6eb462f: 203 internal nodes; 4.3 s; peak memory 445 MiB.
2026-10-05T16:53:16Z INFO [985/5000] 53f83edd-35da-4b4a-ad2e-278a46911043: 61 internal nodes; 6.3 s; peak memory 445 MiB.
2026-10-05T16:53:22Z INFO [986/5000] 53f86eb0-3cf1-4760-8e32-0bac6d372a49: 65 internal nodes; 6.1 s; peak memory 445 MiB.
2026-10-05T16:53:23Z INFO [987/5000] 53f9b125-03c6-4d7a-9379-b931ee2fbff3: 13 internal nodes; 0.5 s; peak memory 445 MiB.
2026-10-05T16:53:25Z INFO [988/5000] 53f9bdd1-4a31-4742-a6f4-0dc693ba6de9: 46 internal nodes; 2.0 s; peak memory 445 MiB.
2026-10-05T16:53:26Z INFO [989/5000] 53fb30b4-5b95-4f32-a147-8a2089c44d2c: 27 internal nodes; 0.6 s; peak memory 445 MiB.
2026-10-05T16:53:26Z INFO [990/5000] 53fc03f1-ad4e-421b-ba30-5f3837c34415: 19 internal nodes; 0.7 s; peak memory 445 MiB.
2026-10-05T16:53:27Z INFO [991/5000] 53fd6450-cdd3-4f31-85d1-e34c08fc12d5: 19 internal nodes; 0.8 s; peak memory 445 MiB.
2026-10-05T16:53:28Z INFO [992/5000] 53fe55d6-3eaf-4e72-b250-bfa8ad7ed461: 62 internal nodes; 1.0 s; peak memory 445 MiB.
2026-10-05T16:53:29Z INFO [993/5000] 53ff35d8-e035-4a48-8832-c0b7acc7df11: 67 internal nodes; 1.1 s; peak memory 445 MiB.
2026-10-05T16:53:31Z INFO [994/5000] 53ffbf59-5369-4953-ade1-779b4c77ab37: 69 internal nodes; 2.0 s; peak memory 445 MiB.
2026-10-05T16:53:32Z INFO [995/5000] 53ffe718-0b1e-4bf6-a111-63567d77f33e: 27 internal nodes; 0.8 s; peak memory 445 MiB.
2026-10-05T16:53:34Z INFO [996/5000] 5400d084-bbaf-4a3a-81c0-b76c3be19743: 44 internal nodes; 1.7 s; peak memory 445 MiB.
2026-10-05T16:53:34Z INFO [997/5000] 54012ba9-a2f5-4664-b52d-cf5931379bf5: 31 internal nodes; 0.8 s; peak memory 445 MiB.
2026-10-05T16:53:36Z INFO [998/5000] 54015e63-f280-40e0-b8ef-3454297242b1: 60 internal nodes; 1.5 s; peak memory 445 MiB.
2026-10-05T16:53:36Z INFO [999/5000] 5402c36f-7491-42bc-8ae6-19d4c90f50f0: 26 internal nodes; 0.4 s; peak memory 445 MiB.
2026-10-05T16:53:37Z INFO [1000/5000] 5402cf67-e88b-447d-bd01-56605a9b20ae: 17 internal nodes; 0.6 s; peak memory 445 MiB.
2026-10-05T16:53:37Z INFO [1000/5000] 5402cf67-e88b-447d-bd01-56605a9b20ae: checkpointed 87435 records.
2026-10-05T16:53:41Z INFO [1001/5000] 54031645-247a-4eb8-8751-d43a46b66ffb: 177 internal nodes; 3.8 s; peak memory 445 MiB.
2026-10-05T16:53:42Z INFO [1002/5000] 5403326a-bc46-489b-8fc6-15dac48f1ae8: 27 internal nodes; 0.7 s; peak memory 445 MiB.
2026-10-05T16:53:43Z INFO [1003/5000] 54033e89-85f5-4fb8-971e-498e3b06f247: 66 internal nodes; 0.8 s; peak memory 445 MiB.
2026-10-05T16:53:43Z INFO [1004/5000] 5403497d-4e9a-4cfe-be56-1634b058d1f1: 27 internal nodes; 0.7 s; peak memory 445 MiB.
2026-10-05T16:53:44Z INFO [1005/5000] 54036754-41e5-4b37-9877-e6d1d481059f: 31 internal nodes; 0.9 s; peak memory 445 MiB.
2026-10-05T16:53:45Z INFO [1006/5000] 5403b6c8-105d-4717-82b4-b59a54de0f2d: 26 internal nodes; 0.7 s; peak memory 445 MiB.
2026-10-05T16:53:45Z INFO [1007/5000] 54051148-4bb8-42ad-815a-08a3ff3d4a50: 17 internal nodes; 0.6 s; peak memory 445 MiB.
2026-10-05T16:53:47Z INFO [1008/5000] 5406afed-fcbe-411f-9056-3253dee0534f: 46 internal nodes; 1.8 s; peak memory 445 MiB.
2026-10-05T16:53:48Z INFO [1009/5000] 540712bb-02b2-4253-9ab8-50e7936375bf: 17 internal nodes; 0.6 s; peak memory 445 MiB.
2026-10-05T16:53:48Z INFO [1010/5000] 5407572d-cb87-4295-a72f-cab9fa50933e: 17 internal nodes; 0.6 s; peak memory 445 MiB.
2026-10-05T16:53:49Z INFO [1011/5000] 54099c89-e758-49c2-968e-4b497fbb9371: 31 internal nodes; 0.8 s; peak memory 445 MiB.
2026-10-05T16:53:50Z INFO [1012/5000] 540a3c6d-36f5-4037-8482-4e43f9eb3848: 17 internal nodes; 0.7 s; peak memory 445 MiB.
2026-10-05T16:53:50Z INFO [1013/5000] 540a424e-e74b-49e3-97d9-99958a2b37b4: 17 internal nodes; 0.6 s; peak memory 445 MiB.
2026-10-05T16:53:51Z INFO [1014/5000] 540a8ef6-6e53-4c09-91ee-ddc0ad5253be: 27 internal nodes; 0.9 s; peak memory 445 MiB.
2026-10-05T16:53:54Z INFO [1015/5000] 540aa71b-e303-4638-b987-9ce3da1cfc3e: 177 internal nodes; 2.8 s; peak memory 445 MiB.
2026-10-05T16:53:55Z INFO [1016/5000] 540b9110-0e49-4825-8c0a-6dc7a73c426d: 23 internal nodes; 0.7 s; peak memory 445 MiB.
2026-10-05T16:53:56Z INFO [1017/5000] 540ca773-a5d3-4286-a9f2-e15e08caf92e: 30 internal nodes; 1.0 s; peak memory 445 MiB.
2026-10-05T16:53:57Z INFO [1018/5000] 540e1f7e-e658-4379-9d26-5451bab8ff0f: 31 internal nodes; 0.8 s; peak memory 445 MiB.
2026-10-05T16:54:00Z INFO [1019/5000] 540e528f-a030-451c-8a88-ca8c82d73498: 170 internal nodes; 3.7 s; peak memory 445 MiB.
2026-10-05T16:54:01Z INFO [1020/5000] 540f17bf-5020-4451-b64e-3bbe11a635c8: 17 internal nodes; 0.6 s; peak memory 445 MiB.
2026-10-05T16:54:01Z INFO [1021/5000] 540f5b32-4e17-4878-b15e-fc525a177a5a: 27 internal nodes; 0.7 s; peak memory 445 MiB.
2026-10-05T16:54:02Z INFO [1022/5000] 540f5e4f-ab3e-4f13-a822-835328753a61: 27 internal nodes; 0.6 s; peak memory 445 MiB.
2026-10-05T16:54:03Z INFO [1023/5000] 54100f9f-a707-4571-9a69-784f4e9a27c4: 17 internal nodes; 0.6 s; peak memory 445 MiB.
2026-10-05T16:54:08Z INFO [1024/5000] 54117536-f687-4d9b-8346-aa8f7a1f9029: 61 internal nodes; 5.6 s; peak memory 445 MiB.
2026-10-05T16:54:09Z INFO [1025/5000] 54118281-50ce-4ffd-9123-195d8d4b4ee2: 17 internal nodes; 0.7 s; peak memory 445 MiB.
2026-10-05T16:54:15Z INFO [1026/5000] 54118a74-48b0-498c-a73a-e04af7fcb2bc: 235 internal nodes; 5.6 s; peak memory 445 MiB.
2026-10-05T16:54:15Z INFO [1027/5000] 5411cb13-a73d-4232-82f7-fc0942685aa0: 27 internal nodes; 0.6 s; peak memory 445 MiB.
2026-10-05T16:54:16Z INFO [1028/5000] 5412dadc-6ccf-4011-9299-58818bba49e5: 27 internal nodes; 0.5 s; peak memory 445 MiB.
2026-10-05T16:54:16Z INFO [1029/5000] 5412e944-7d1a-4ac4-869e-afb3ec8dc800: 27 internal nodes; 0.7 s; peak memory 445 MiB.
2026-10-05T16:54:17Z INFO [1030/5000] 541317e2-9227-412d-b89c-6585bdfcb7e4: 19 internal nodes; 0.6 s; peak memory 445 MiB.
2026-10-05T16:54:19Z INFO [1031/5000] 541331bd-be26-4602-b00c-dce6a1afb813: 50 internal nodes; 1.5 s; peak memory 445 MiB.
2026-10-05T16:54:19Z INFO [1032/5000] 54139b30-9f19-4b77-91e5-0a88035fb7b4: 13 internal nodes; 0.5 s; peak memory 445 MiB.
2026-10-05T16:54:20Z INFO [1033/5000] 5414459a-1b5b-495e-8070-b6f058d83034: 37 internal nodes; 1.4 s; peak memory 445 MiB.
2026-10-05T16:54:21Z INFO [1034/5000] 5415474b-1ffd-4a4a-a389-1fd1acf46ffb: 27 internal nodes; 0.7 s; peak memory 445 MiB.
2026-10-05T16:54:22Z INFO [1035/5000] 5415591a-fc96-4b89-bc90-d77ec4343363: 19 internal nodes; 0.7 s; peak memory 445 MiB.
2026-10-05T16:54:23Z INFO [1036/5000] 54155b13-8b23-4f17-915d-ed3333effa27: 37 internal nodes; 1.1 s; peak memory 445 MiB.
2026-10-05T16:54:28Z INFO [1037/5000] 54159440-b34f-4aad-a250-388a6d768726: 157 internal nodes; 4.8 s; peak memory 445 MiB.
2026-10-05T16:54:28Z INFO [1038/5000] 5415e7a2-cf02-476a-b4de-f6b2db09ad45: 11 internal nodes; 0.4 s; peak memory 445 MiB.
2026-10-05T16:54:29Z INFO [1039/5000] 5417df22-b378-426b-8bda-c45f93cce7a3: 26 internal nodes; 0.5 s; peak memory 445 MiB.
2026-10-05T16:54:29Z INFO [1040/5000] 541b82aa-4dd8-418e-8bbd-713d5c253905: 17 internal nodes; 0.6 s; peak memory 445 MiB.
2026-10-05T16:54:34Z INFO [1041/5000] 541bb9cb-3b37-4752-a5f2-8f3bfff0e723: 187 internal nodes; 5.0 s; peak memory 445 MiB.
2026-10-05T16:54:35Z INFO [1042/5000] 541cac13-130e-4290-9847-9cbbeba37c5b: 95 internal nodes; 0.9 s; peak memory 445 MiB.
2026-10-05T16:54:36Z INFO [1043/5000] 541d2ea1-3a46-466e-9244-776e5f18afe2: 26 internal nodes; 0.5 s; peak memory 445 MiB.
2026-10-05T16:54:36Z INFO [1044/5000] 541d60c8-75bc-42fc-bb15-793afd82618a: 11 internal nodes; 0.4 s; peak memory 445 MiB.
2026-10-05T16:54:39Z INFO [1045/5000] 541f9ddf-986f-48e6-8fe9-b959fd981e96: 64 internal nodes; 3.0 s; peak memory 445 MiB.
2026-10-05T16:54:40Z INFO [1046/5000] 54205e7b-6970-4951-8414-93201410dc6a: 31 internal nodes; 0.8 s; peak memory 445 MiB.
2026-10-05T16:54:41Z INFO [1047/5000] 5420710f-f05e-418f-b507-3756acce824b: 30 internal nodes; 1.0 s; peak memory 445 MiB.
2026-10-05T16:54:42Z INFO [1048/5000] 5420b399-88db-4e18-800d-17071e33feda: 31 internal nodes; 0.9 s; peak memory 445 MiB.
2026-10-05T16:54:43Z INFO [1049/5000] 54211428-8071-4f4c-a48a-dc7606d1c07e: 17 internal nodes; 0.6 s; peak memory 445 MiB.
2026-10-05T16:54:43Z INFO [1050/5000] 5421bbce-f477-448b-bdd2-890fedd5117b: 119 internal nodes; 0.7 s; peak memory 445 MiB.
2026-10-05T16:54:44Z INFO [1050/5000] 5421bbce-f477-448b-bdd2-890fedd5117b: checkpointed 87485 records.
2026-10-05T16:54:44Z INFO [1051/5000] 54233967-788d-409a-8709-ceda1aef4c81: 19 internal nodes; 0.7 s; peak memory 445 MiB.
2026-10-05T16:54:45Z INFO [1052/5000] 54234e1d-f4c9-4674-ba4b-a6b876808077: 31 internal nodes; 0.8 s; peak memory 445 MiB.
2026-10-05T16:54:46Z INFO [1053/5000] 54238f1b-1ead-4a11-917c-c1e4ba6e80d7: 17 internal nodes; 0.6 s; peak memory 445 MiB.
2026-10-05T16:54:46Z INFO [1054/5000] 5423979d-03a6-42f1-80d6-67da5eae214b: 25 internal nodes; 0.7 s; peak memory 445 MiB.
2026-10-05T16:54:47Z INFO [1055/5000] 5423ce41-85ce-4653-ab9e-07f191481c39: 27 internal nodes; 0.6 s; peak memory 445 MiB.
2026-10-05T16:54:48Z INFO [1056/5000] 542431f9-97d1-4bcb-914c-1cff27472f29: 17 internal nodes; 0.6 s; peak memory 445 MiB.
2026-10-05T16:54:48Z INFO [1057/5000] 54248c1c-a3a8-4cc1-a015-f4e43b4545d5: 22 internal nodes; 0.8 s; peak memory 445 MiB.
2026-10-05T16:54:49Z INFO [1058/5000] 542493a2-1f86-48bd-a7ad-988c70253141: 13 internal nodes; 0.8 s; peak memory 445 MiB.
2026-10-05T16:54:50Z INFO [1059/5000] 54255aa7-f213-4c37-9288-b2a2277e032b: 22 internal nodes; 0.7 s; peak memory 445 MiB.
2026-10-05T16:54:51Z INFO [1060/5000] 542569a4-8e42-4aac-9cc6-5d667bce5325: 16 internal nodes; 0.7 s; peak memory 445 MiB.
2026-10-05T16:54:51Z INFO [1061/5000] 54263aed-ec86-4db5-bfca-f93bcfff27e5: 58 internal nodes; 0.9 s; peak memory 445 MiB.
2026-10-05T16:54:53Z INFO [1062/5000] 5426a6c1-5571-4fda-a421-f870aff3ea5e: 44 internal nodes; 1.4 s; peak memory 445 MiB.
2026-10-05T16:54:57Z INFO [1063/5000] 5426a9c0-56f4-47a1-a874-828d2ec0d902: 171 internal nodes; 4.5 s; peak memory 445 MiB.
2026-10-05T16:54:58Z INFO [1064/5000] 54282629-3dcf-4b20-9b79-fb22ab744a9f: 27 internal nodes; 0.7 s; peak memory 445 MiB.
2026-10-05T16:54:59Z INFO [1065/5000] 5428e735-c3d2-4ee8-a019-65d91e35dc73: 17 internal nodes; 0.8 s; peak memory 445 MiB.
2026-10-05T16:55:03Z INFO [1066/5000] 5429fa88-270f-4e05-9752-55da15594dd5: 54 internal nodes; 4.2 s; peak memory 445 MiB.
2026-10-05T16:55:04Z INFO [1067/5000] 542a1dd7-2b62-4120-a87d-d3d1644b4c0c: 17 internal nodes; 0.6 s; peak memory 445 MiB.
2026-10-05T16:55:04Z INFO [1068/5000] 542a732b-5937-46fb-a84c-6eca9540a711: 27 internal nodes; 0.6 s; peak memory 445 MiB.
2026-10-05T16:55:24Z INFO [1069/5000] 542a94b4-fc7e-413a-bfd2-8cf545588449: 1989 internal nodes; 19.3 s; peak memory 445 MiB.
2026-10-05T16:55:24Z INFO [1070/5000] 542a9fd1-cae3-4e60-af3c-f4da16830d33: 22 internal nodes; 1.0 s; peak memory 445 MiB.
2026-10-05T16:55:25Z INFO [1071/5000] 542b179e-f122-45d1-bbf2-1c5c310ba4b2: 59 internal nodes; 1.0 s; peak memory 445 MiB.
2026-10-05T16:55:26Z INFO [1072/5000] 542b3a84-b27a-4ced-ae69-49fb04b68025: 17 internal nodes; 0.6 s; peak memory 445 MiB.
2026-10-05T16:55:29Z INFO [1073/5000] 542bce79-302a-48f7-b54e-4a798ef5e4a4: 143 internal nodes; 3.1 s; peak memory 445 MiB.
2026-10-05T16:55:30Z INFO [1074/5000] 542d88d5-0af3-4c3c-8043-958d2dd595de: 23 internal nodes; 0.8 s; peak memory 445 MiB.
2026-10-05T16:55:31Z INFO [1075/5000] 542dde8a-2c37-4f47-acd1-26c1d5347be9: 18 internal nodes; 0.8 s; peak memory 445 MiB.
2026-10-05T16:55:31Z INFO [1076/5000] 542e09ed-b928-453b-83fd-e8d8fd80e834: 27 internal nodes; 0.8 s; peak memory 445 MiB.
2026-10-05T16:55:32Z INFO [1077/5000] 542eb38a-64d6-4d87-a70f-19310410677a: 17 internal nodes; 0.6 s; peak memory 445 MiB.
2026-10-05T16:55:33Z INFO [1078/5000] 542edb0a-bf87-413f-b340-b5a61223a64a: 29 internal nodes; 1.0 s; peak memory 445 MiB.
2026-10-05T16:55:34Z INFO [1079/5000] 542f8efa-96c0-404b-856d-a4d6f3bfb5d8: 27 internal nodes; 0.7 s; peak memory 445 MiB.
2026-10-05T16:55:34Z INFO [1080/5000] 542f9cf0-9403-454a-86c7-9909fe78c4e0: 17 internal nodes; 0.5 s; peak memory 445 MiB.
2026-10-05T16:55:35Z INFO [1081/5000] 542fa953-b854-4e1d-99bc-5702af227459: 27 internal nodes; 0.5 s; peak memory 445 MiB.
2026-10-05T16:55:36Z INFO [1082/5000] 5430c23c-56ae-42ac-aa2b-f84f22a84b1b: 58 internal nodes; 1.2 s; peak memory 445 MiB.
2026-10-05T16:55:37Z INFO [1083/5000] 543130b9-1d6d-4440-9c5b-5650d208d251: 33 internal nodes; 0.8 s; peak memory 445 MiB.
2026-10-05T16:55:38Z INFO [1084/5000] 543239fd-5541-4f01-b84f-e9b40d7bd009: 17 internal nodes; 0.7 s; peak memory 445 MiB.
2026-10-05T16:55:43Z INFO [1085/5000] 5433875d-66f5-4bb2-b896-d36a6098e503: 199 internal nodes; 6.0 s; peak memory 445 MiB.
2026-10-05T16:55:45Z INFO [1086/5000] 54338a8e-62bd-4960-83d9-aa524b5f1e9d: 47 internal nodes; 1.6 s; peak memory 445 MiB.
2026-10-05T16:55:46Z INFO [1087/5000] 5433ae1c-ea53-4bcd-8f3b-56a4faf29b13: 69 internal nodes; 1.0 s; peak memory 445 MiB.
2026-10-05T16:55:47Z INFO [1088/5000] 5433f1e4-beee-4f01-8776-b0c226aa4d41: 41 internal nodes; 0.8 s; peak memory 445 MiB.
2026-10-05T16:55:48Z INFO [1089/5000] 543402d6-e6f6-4834-ae47-5ff4fde33ac6: 31 internal nodes; 0.8 s; peak memory 445 MiB.
2026-10-05T16:55:48Z INFO [1090/5000] 54340d07-1b14-411b-92e4-30060d9a21b1: 28 internal nodes; 0.6 s; peak memory 445 MiB.
2026-10-05T16:55:49Z INFO [1091/5000] 54349eb1-67b0-455c-98ae-6a3fb425c360: 27 internal nodes; 0.8 s; peak memory 445 MiB.
2026-10-05T16:55:49Z INFO [1092/5000] 5435e639-49d1-4715-96fd-3282852494e6: 23 internal nodes; 0.3 s; peak memory 445 MiB.
2026-10-05T16:55:50Z INFO [1093/5000] 5437728b-922a-49e1-baf2-77ea20c9843a: 17 internal nodes; 0.5 s; peak memory 445 MiB.
2026-10-05T16:55:52Z INFO [1094/5000] 5438121c-aa55-48aa-ac9e-cb8f588858fc: 27 internal nodes; 1.7 s; peak memory 445 MiB.
2026-10-05T16:55:53Z INFO [1095/5000] 5438242d-eb7b-434d-b79f-408eb1569e29: 37 internal nodes; 0.9 s; peak memory 445 MiB.
2026-10-05T16:55:53Z INFO [1096/5000] 5439c193-2500-4110-84c4-911552e08262: 29 internal nodes; 0.9 s; peak memory 445 MiB.
2026-10-05T16:55:55Z INFO [1097/5000] 543a10bb-ec21-46f8-bacd-72a1655431d4: 61 internal nodes; 1.3 s; peak memory 445 MiB.
2026-10-05T16:55:55Z INFO [1098/5000] 543a5010-cfe7-4090-a187-c1d7959d1f10: 17 internal nodes; 0.5 s; peak memory 445 MiB.
2026-10-05T16:55:56Z INFO [1099/5000] 543a6679-817f-4842-aa18-0d97d718d955: 27 internal nodes; 0.8 s; peak memory 445 MiB.
2026-10-05T16:55:57Z INFO [1100/5000] 543ae12b-5d0e-4594-8d30-f10bfb45793e: 27 internal nodes; 0.6 s; peak memory 445 MiB.
2026-10-05T16:55:57Z INFO [1100/5000] 543ae12b-5d0e-4594-8d30-f10bfb45793e: checkpointed 87535 records.
2026-10-05T16:55:58Z INFO [1101/5000] 543b1eb3-211c-432c-9b9a-d425354bd9c1: 17 internal nodes; 0.5 s; peak memory 445 MiB.
2026-10-05T16:55:58Z INFO [1102/5000] 543b8c8b-ef59-465d-a87c-cb85cdf5dfab: 26 internal nodes; 0.5 s; peak memory 445 MiB.
2026-10-05T16:55:59Z INFO [1103/5000] 543c7834-b3f4-45e1-b802-e1e4ec09cbf3: 27 internal nodes; 0.7 s; peak memory 445 MiB.
2026-10-05T16:55:59Z INFO [1104/5000] 543db71a-d296-4e5b-a193-b26864d02b0f: 38 internal nodes; 0.7 s; peak memory 445 MiB.
2026-10-05T16:56:00Z INFO [1105/5000] 543de9b7-a4f8-49d3-b4af-4c7549279313: 26 internal nodes; 0.5 s; peak memory 445 MiB.
2026-10-05T16:56:01Z INFO [1106/5000] 543e43b4-1749-42ae-bb15-9529ce367f3e: 40 internal nodes; 1.1 s; peak memory 445 MiB.
2026-10-05T16:56:02Z INFO [1107/5000] 543fc598-9de7-42bd-91bc-3b064815bebb: 37 internal nodes; 1.1 s; peak memory 445 MiB.
2026-10-05T16:56:06Z INFO [1108/5000] 5440210f-ce58-4e24-8781-f39dbf159ff7: 177 internal nodes; 3.5 s; peak memory 445 MiB.
2026-10-05T16:56:07Z INFO [1109/5000] 5440eab9-07c6-46a8-ab1b-57650026aca6: 26 internal nodes; 1.2 s; peak memory 445 MiB.
2026-10-05T16:56:07Z INFO [1110/5000] 5441378d-2966-409f-acd4-3ee3022d682e: 19 internal nodes; 0.6 s; peak memory 445 MiB.
2026-10-05T16:56:08Z INFO [1111/5000] 5441b454-2310-4e9f-96e5-0667339f1b25: 18 internal nodes; 0.6 s; peak memory 445 MiB.
2026-10-05T16:56:09Z INFO [1112/5000] 54423dbc-bd18-41ef-84f7-6edb1ca9f0b4: 27 internal nodes; 0.6 s; peak memory 445 MiB.
2026-10-05T16:56:09Z INFO [1113/5000] 54427efa-4fc3-40d8-b1e8-c3812a420967: 19 internal nodes; 0.7 s; peak memory 445 MiB.
2026-10-05T16:56:10Z INFO [1114/5000] 5443515c-8977-4848-97f3-d4f75f0b5f16: 13 internal nodes; 0.7 s; peak memory 445 MiB.
2026-10-05T16:56:11Z INFO [1115/5000] 54439d77-e0a1-468e-beff-fe09b7290691: 50 internal nodes; 1.4 s; peak memory 445 MiB.
2026-10-05T16:56:12Z INFO [1116/5000] 5443d36f-2df3-4064-aa66-e30f19500d1a: 17 internal nodes; 0.6 s; peak memory 445 MiB.
2026-10-05T16:56:13Z INFO [1117/5000] 5444aad9-6dc3-4887-8cbe-f651ba6cc1b4: 24 internal nodes; 1.0 s; peak memory 445 MiB.
2026-10-05T16:56:14Z INFO [1118/5000] 5444cfe4-521b-41b0-9568-c56d180f86fe: 17 internal nodes; 0.5 s; peak memory 445 MiB.
2026-10-05T16:56:18Z INFO [1119/5000] 5444e180-0675-47cc-a902-f795aa65ad32: 177 internal nodes; 3.9 s; peak memory 445 MiB.
2026-10-05T16:56:19Z INFO [1120/5000] 5445efa0-d8a8-4cbc-9b53-b70c669a9fbe: 46 internal nodes; 1.6 s; peak memory 445 MiB.
2026-10-05T16:56:20Z INFO [1121/5000] 5446063a-a06a-4ea6-a5f8-519560242214: 38 internal nodes; 0.8 s; peak memory 445 MiB.
2026-10-05T16:56:20Z INFO [1122/5000] 544683af-b135-43f5-945d-2668b942a29f: 13 internal nodes; 0.4 s; peak memory 445 MiB.
2026-10-05T16:56:21Z INFO [1123/5000] 54470778-2ef9-43c4-806d-7abd78d33660: 24 internal nodes; 1.0 s; peak memory 445 MiB.
2026-10-05T16:56:23Z INFO [1124/5000] 5447455e-49ec-4ce0-9a64-4cad767bef7b: 34 internal nodes; 2.2 s; peak memory 445 MiB.
2026-10-05T16:56:24Z INFO [1125/5000] 5447a108-21b6-4503-930b-b7ab62a31fa3: 18 internal nodes; 0.4 s; peak memory 445 MiB.
2026-10-05T16:56:25Z INFO [1126/5000] 5447db1a-61a4-4fa7-bb38-64bd8220fb21: 63 internal nodes; 0.8 s; peak memory 445 MiB.
2026-10-05T16:56:25Z INFO [1127/5000] 5447f8c7-3b2c-4ef1-93f2-dacd08c3b4d5: 17 internal nodes; 0.6 s; peak memory 445 MiB.
2026-10-05T16:56:26Z INFO [1128/5000] 5448a13a-6458-4136-b431-474dd55b9233: 29 internal nodes; 0.8 s; peak memory 445 MiB.
2026-10-05T16:56:29Z INFO [1129/5000] 5449c43b-5a53-4eaa-8c6c-27651639aca4: 168 internal nodes; 2.7 s; peak memory 445 MiB.
2026-10-05T16:56:29Z INFO [1130/5000] 544a042b-c05b-411a-98de-8757a3e33e20: 26 internal nodes; 0.6 s; peak memory 445 MiB.
2026-10-05T16:56:30Z INFO [1131/5000] 544a59c2-f231-4986-b0ba-3d5e73b1a089: 11 internal nodes; 0.4 s; peak memory 445 MiB.
2026-10-05T16:56:31Z INFO [1132/5000] 544c22b7-1631-49bf-a008-0b050ca810b0: 58 internal nodes; 1.1 s; peak memory 445 MiB.
2026-10-05T16:56:31Z INFO [1133/5000] 544c8894-bc52-4ee6-810b-9ca77d128020: 27 internal nodes; 0.6 s; peak memory 445 MiB.
2026-10-05T16:56:32Z INFO [1134/5000] 544cb570-19f3-43b2-a1c9-8684f0b0738c: 29 internal nodes; 0.6 s; peak memory 445 MiB.
2026-10-05T16:56:33Z INFO [1135/5000] 544d3262-7f4a-4f82-9c0d-fe2d0cc9279e: 31 internal nodes; 0.8 s; peak memory 445 MiB.
2026-10-05T16:56:34Z INFO [1136/5000] 544e5a36-3019-4cba-99c1-d80c3d2b39f2: 30 internal nodes; 0.8 s; peak memory 445 MiB.
2026-10-05T16:56:34Z INFO [1137/5000] 544e7ac0-ec3b-48c4-ba33-113fecf92f04: 37 internal nodes; 0.7 s; peak memory 445 MiB.
2026-10-05T16:56:35Z INFO [1138/5000] 544e9044-d698-4b33-be50-49e41ed14f04: 17 internal nodes; 0.7 s; peak memory 445 MiB.
2026-10-05T16:56:36Z INFO [1139/5000] 544eba2f-1874-48f2-b701-0725140acbdd: 17 internal nodes; 0.5 s; peak memory 445 MiB.
2026-10-05T16:56:36Z INFO [1140/5000] 544feeea-4053-4d8e-8f11-60f6531f53bd: 17 internal nodes; 0.6 s; peak memory 445 MiB.
2026-10-05T16:56:38Z INFO [1141/5000] 544ff3d6-43ac-46f9-95a8-ee5c0bdcc26c: 31 internal nodes; 1.5 s; peak memory 445 MiB.
2026-10-05T16:56:42Z INFO [1142/5000] 54513849-4a4c-4914-818c-696f5d0c9798: 40 internal nodes; 4.8 s; peak memory 445 MiB.
2026-10-05T16:56:43Z INFO [1143/5000] 5451ca49-248d-455b-ae9d-520706c449a8: 21 internal nodes; 0.3 s; peak memory 445 MiB.
2026-10-05T16:56:43Z INFO [1144/5000] 545228e0-374f-4efd-b635-8c8b1b547bb4: 31 internal nodes; 0.6 s; peak memory 445 MiB.
2026-10-05T16:56:45Z INFO [1145/5000] 5452c38a-1a34-42aa-a62e-b32e4d77f746: 66 internal nodes; 1.4 s; peak memory 445 MiB.
2026-10-05T16:56:46Z INFO [1146/5000] 545338ee-7f0c-4ff5-b758-efa5aac51348: 27 internal nodes; 1.0 s; peak memory 445 MiB.
2026-10-05T16:56:46Z INFO [1147/5000] 5453837c-78ad-49d5-b2de-3efc8d22a2ca: 27 internal nodes; 0.4 s; peak memory 445 MiB.
2026-10-05T16:56:47Z INFO [1148/5000] 5453985c-9617-4d0a-95e9-564736b3f477: 17 internal nodes; 0.3 s; peak memory 445 MiB.
2026-10-05T16:56:47Z INFO [1149/5000] 545465a7-2cd1-4e54-93eb-5790893f8ae7: 17 internal nodes; 0.5 s; peak memory 445 MiB.
2026-10-05T16:56:49Z INFO [1150/5000] 54556614-5d06-4835-9dcf-79ab56b740e1: 42 internal nodes; 1.5 s; peak memory 445 MiB.
2026-10-05T16:56:49Z INFO [1150/5000] 54556614-5d06-4835-9dcf-79ab56b740e1: checkpointed 87585 records.
2026-10-05T16:56:49Z INFO [1151/5000] 54557d62-c05f-46dd-af8c-6abdc211092f: 18 internal nodes; 0.4 s; peak memory 445 MiB.
2026-10-05T16:56:50Z INFO [1152/5000] 54567028-98e7-4054-ac94-b86a83c7509e: 116 internal nodes; 0.6 s; peak memory 445 MiB.
2026-10-05T16:56:51Z INFO [1153/5000] 54578071-256f-4b6e-85c6-117d2af50d79: 27 internal nodes; 0.6 s; peak memory 445 MiB.
2026-10-05T16:56:54Z INFO [1154/5000] 545842f0-9458-4d58-8c58-70932e3db984: 133 internal nodes; 2.9 s; peak memory 445 MiB.
2026-10-05T16:56:54Z INFO [1155/5000] 5458a8dd-2249-4d86-84f5-1baf5db9e91f: 27 internal nodes; 0.7 s; peak memory 445 MiB.
2026-10-05T16:56:55Z INFO [1156/5000] 5459554e-89d1-482f-8438-7bd04d727a4a: 27 internal nodes; 0.6 s; peak memory 445 MiB.
2026-10-05T16:56:57Z INFO [1157/5000] 545989e3-9d0f-4ec4-872d-2a0e52333af4: 51 internal nodes; 2.1 s; peak memory 445 MiB.
2026-10-05T16:56:58Z INFO [1158/5000] 545996be-5e51-4224-ae4c-d4c2d9ecda6c: 27 internal nodes; 0.8 s; peak memory 445 MiB.
2026-10-05T16:56:59Z INFO [1159/5000] 545a1ff9-f272-46f9-a078-e0ef4b81f6ab: 36 internal nodes; 1.5 s; peak memory 445 MiB.
2026-10-05T16:57:00Z INFO [1160/5000] 545a80ef-1ff3-4783-9041-2a7bada49b68: 83 internal nodes; 0.7 s; peak memory 445 MiB.
2026-10-05T16:57:14Z INFO [1161/5000] 545acb27-dd50-47b7-8603-1dd794a05eb1: 1300 internal nodes; 13.9 s; peak memory 445 MiB.
2026-10-05T16:57:15Z INFO [1162/5000] 545b8dc8-7bc1-4aa1-9d19-d36c878d93a1: 26 internal nodes; 0.7 s; peak memory 445 MiB.
2026-10-05T16:57:15Z INFO [1163/5000] 545dd57c-287a-4d9b-a58e-dc552c950da4: 25 internal nodes; 0.7 s; peak memory 445 MiB.
2026-10-05T16:57:16Z INFO [1164/5000] 545e73f2-bf9f-4b09-885d-57cd18768629: 13 internal nodes; 0.7 s; peak memory 445 MiB.
2026-10-05T16:57:17Z INFO [1165/5000] 545f7a6a-eecc-44c5-bc5e-baa2653d4d4b: 17 internal nodes; 0.6 s; peak memory 445 MiB.
2026-10-05T16:57:18Z INFO [1166/5000] 545f93d7-5c34-40fe-abd0-edfda4dab372: 25 internal nodes; 1.1 s; peak memory 445 MiB.
2026-10-05T16:57:18Z INFO [1167/5000] 546046f3-7b6d-41cb-92fe-ebe9be1ec396: 17 internal nodes; 0.6 s; peak memory 445 MiB.
2026-10-05T16:57:19Z INFO [1168/5000] 5460ae4b-c4f2-4f42-be63-90f9665d97b4: 11 internal nodes; 0.3 s; peak memory 445 MiB.
2026-10-05T16:57:19Z INFO [1169/5000] 5460d65b-9c83-4294-bb58-43af75d521a7: 27 internal nodes; 0.6 s; peak memory 445 MiB.
2026-10-05T16:57:20Z INFO [1170/5000] 5460e591-167c-4c11-9f17-3d5f2aaaa517: 17 internal nodes; 0.7 s; peak memory 445 MiB.
2026-10-05T16:57:20Z INFO [1171/5000] 546163a9-501b-42e2-b9f5-a2ff971c1d3c: 27 internal nodes; 0.6 s; peak memory 445 MiB.
2026-10-05T16:57:24Z INFO [1172/5000] 5461d549-c696-42e1-9c5c-bcb2c32435e3: 178 internal nodes; 3.8 s; peak memory 445 MiB.
2026-10-05T16:57:25Z INFO [1173/5000] 54620b60-4c9d-415c-a07a-d205ac4fde50: 11 internal nodes; 0.4 s; peak memory 445 MiB.
2026-10-05T16:57:25Z INFO [1174/5000] 54620ed3-03d0-49a6-9020-79d3b6cd2864: 13 internal nodes; 0.6 s; peak memory 445 MiB.
2026-10-05T16:57:27Z INFO [1175/5000] 5462234a-0043-47fa-9bc6-6ee3a8b22251: 72 internal nodes; 1.2 s; peak memory 445 MiB.
2026-10-05T16:57:27Z INFO [1176/5000] 546236bd-1f28-4986-9a08-afb522988ec5: 23 internal nodes; 0.6 s; peak memory 445 MiB.
2026-10-05T16:57:28Z INFO [1177/5000] 5462ccf6-23a8-41f4-b9b9-bec80f7f6533: 66 internal nodes; 0.7 s; peak memory 445 MiB.
2026-10-05T16:57:29Z INFO [1178/5000] 54631f46-6033-46ce-a621-c55a07ee19aa: 13 internal nodes; 0.6 s; peak memory 445 MiB.
2026-10-05T16:57:29Z INFO [1179/5000] 546344bb-cef9-425c-8009-ec67f1552a9b: 17 internal nodes; 0.6 s; peak memory 445 MiB.
2026-10-05T16:57:30Z INFO [1180/5000] 5465638f-2965-495d-8d09-2b45f5f26d67: 27 internal nodes; 0.7 s; peak memory 445 MiB.
2026-10-05T16:57:30Z INFO [1181/5000] 5465f39c-2a39-45c5-a794-e0337deed235: 19 internal nodes; 0.6 s; peak memory 445 MiB.
2026-10-05T16:57:32Z INFO [1182/5000] 546671a3-f25d-4a70-899e-b2c2f7198a2e: 44 internal nodes; 1.8 s; peak memory 445 MiB.
2026-10-05T16:57:33Z INFO [1183/5000] 5466a4c4-ebf8-484e-9b3a-36087d474e77: 17 internal nodes; 0.6 s; peak memory 445 MiB.
2026-10-05T16:57:33Z INFO [1184/5000] 54673253-f06f-4413-b1b2-b945145c4e24: 31 internal nodes; 0.6 s; peak memory 445 MiB.
2026-10-05T16:57:34Z INFO [1185/5000] 54678e9c-9373-4aa4-973d-ef68bcedded3: 17 internal nodes; 0.5 s; peak memory 445 MiB.
2026-10-05T16:57:35Z INFO [1186/5000] 5467a32b-cad9-43d6-ae2e-fa34fefbc1d0: 31 internal nodes; 0.7 s; peak memory 445 MiB.
2026-10-05T16:57:39Z INFO [1187/5000] 546a0634-150c-41f3-82f5-7a131be856f7: 61 internal nodes; 4.2 s; peak memory 445 MiB.
2026-10-05T16:57:40Z INFO [1188/5000] 546a2389-4f5f-4dbb-a4b3-ccab5abd836f: 27 internal nodes; 0.8 s; peak memory 445 MiB.
2026-10-05T16:57:40Z INFO [1189/5000] 546a3894-2f94-4db6-bc12-59e2817898ce: 17 internal nodes; 0.4 s; peak memory 445 MiB.
2026-10-05T16:57:41Z INFO [1190/5000] 546a9f23-da9c-4f08-aa7c-d6fe8420272a: 60 internal nodes; 0.8 s; peak memory 445 MiB.
2026-10-05T16:57:42Z INFO [1191/5000] 546aa0a1-8660-4cf4-87c3-be96c80fffa4: 31 internal nodes; 0.8 s; peak memory 445 MiB.
2026-10-05T16:57:42Z INFO [1192/5000] 546ba3c6-69c2-458c-b05b-07d911c257f9: 17 internal nodes; 0.6 s; peak memory 445 MiB.
2026-10-05T16:57:44Z INFO [1193/5000] 546c3b3b-8bc7-449e-9dd8-956c669a7db3: 30 internal nodes; 1.3 s; peak memory 445 MiB.
2026-10-05T16:57:45Z INFO [1194/5000] 546c5511-61b2-45a1-b5d8-8e7232064f4c: 44 internal nodes; 1.4 s; peak memory 445 MiB.
2026-10-05T16:57:46Z INFO [1195/5000] 546c9a81-f978-42c9-ac12-01ce29594571: 27 internal nodes; 0.7 s; peak memory 445 MiB.
2026-10-05T16:57:49Z INFO [1196/5000] 546d28da-39d0-463b-84f2-3fb600ffd331: 177 internal nodes; 3.7 s; peak memory 445 MiB.
2026-10-05T16:57:50Z INFO [1197/5000] 546d7f9e-74fa-438e-97d0-1fca684a5498: 31 internal nodes; 0.5 s; peak memory 445 MiB.
2026-10-05T16:57:51Z INFO [1198/5000] 546dcca2-6372-4848-95e1-2bcc0593cbcb: 17 internal nodes; 0.6 s; peak memory 445 MiB.
2026-10-05T16:57:52Z INFO [1199/5000] 546de580-a4c1-4ac7-8a72-928761663cb5: 59 internal nodes; 1.1 s; peak memory 445 MiB.
2026-10-05T16:57:52Z INFO [1200/5000] 546e3dbf-adb7-4431-9baf-e64de27a7e87: 27 internal nodes; 0.7 s; peak memory 445 MiB.
2026-10-05T16:57:53Z INFO [1200/5000] 546e3dbf-adb7-4431-9baf-e64de27a7e87: checkpointed 87635 records.
2026-10-05T16:57:53Z INFO [1201/5000] 546eeb4c-175d-46df-87a1-8f33feec9674: 29 internal nodes; 0.7 s; peak memory 445 MiB.
2026-10-05T16:57:54Z INFO [1202/5000] 547029ae-8e93-4bde-819e-eee8c0cb9d52: 23 internal nodes; 0.5 s; peak memory 445 MiB.
2026-10-05T16:57:55Z INFO [1203/5000] 54719635-884d-496d-bf02-1b69f624cbbd: 44 internal nodes; 1.6 s; peak memory 445 MiB.
2026-10-05T16:57:56Z INFO [1204/5000] 5472d7df-c261-4dd1-8247-2b3364833972: 27 internal nodes; 0.6 s; peak memory 445 MiB.
2026-10-05T16:57:57Z INFO [1205/5000] 547353e0-19cf-4e1c-8531-4b19daccea43: 17 internal nodes; 0.6 s; peak memory 445 MiB.
2026-10-05T16:57:57Z INFO [1206/5000] 5474e5c6-9cae-4750-b508-ea28d5e7fe6c: 27 internal nodes; 0.6 s; peak memory 445 MiB.
2026-10-05T16:58:01Z INFO [1207/5000] 5475d0e3-f06c-4781-81a7-faf2f89da235: 153 internal nodes; 3.5 s; peak memory 445 MiB.
2026-10-05T16:58:01Z INFO [1208/5000] 5476c3d1-c0d4-48be-907d-2b4fbe343c99: 17 internal nodes; 0.6 s; peak memory 445 MiB.
2026-10-05T16:58:05Z INFO [1209/5000] 5476ccaa-16e1-4ff1-9bd2-3ea6313961cd: 73 internal nodes; 3.3 s; peak memory 445 MiB.
2026-10-05T16:58:05Z INFO [1210/5000] 5477071f-6b1d-404e-af9e-71038e79cd61: 17 internal nodes; 0.5 s; peak memory 445 MiB.
2026-10-05T16:58:06Z INFO [1211/5000] 54771871-b7c3-4c16-bd19-6ede0b7e9b29: 31 internal nodes; 0.8 s; peak memory 445 MiB.
2026-10-05T16:58:07Z INFO [1212/5000] 54773c95-6cac-4fe4-8c8e-a4c0476e513d: 27 internal nodes; 0.7 s; peak memory 445 MiB.
2026-10-05T16:58:07Z INFO [1213/5000] 54777d71-5a01-4af3-8a43-61bd30f04cee: 29 internal nodes; 0.6 s; peak memory 445 MiB.
2026-10-05T16:58:08Z INFO [1214/5000] 5477db2b-4ce7-426e-98c0-c3bd7494befe: 29 internal nodes; 1.0 s; peak memory 445 MiB.
2026-10-05T16:58:09Z INFO [1215/5000] 54788868-9421-4c6e-8ea8-40ec3da33870: 22 internal nodes; 0.4 s; peak memory 445 MiB.
2026-10-05T16:58:09Z INFO [1216/5000] 5479dc6d-9f4f-4f9b-a946-a66b2a30db2e: 17 internal nodes; 0.5 s; peak memory 445 MiB.
2026-10-05T16:58:10Z INFO [1217/5000] 547a515d-80a1-475b-a79f-ff0ae409a78e: 18 internal nodes; 0.7 s; peak memory 445 MiB.
2026-10-05T16:58:15Z INFO [1218/5000] 547b5fb1-d11b-4b7f-9e6e-10be3e656684: 48 internal nodes; 4.9 s; peak memory 445 MiB.
2026-10-05T16:58:15Z INFO [1219/5000] 547c65b1-c144-4157-a63d-c1eb7afa2d16: 29 internal nodes; 0.8 s; peak memory 445 MiB.
2026-10-05T16:58:16Z INFO [1220/5000] 547ceca5-5477-4252-ab45-8bfb8aa78cf6: 37 internal nodes; 0.7 s; peak memory 445 MiB.
2026-10-05T16:58:17Z INFO [1221/5000] 547e8872-155e-4587-8d6f-77cb6019348d: 61 internal nodes; 0.7 s; peak memory 445 MiB.
2026-10-05T16:58:18Z INFO [1222/5000] 547f7f41-f6ac-4324-86c7-0751f95cd91c: 27 internal nodes; 0.8 s; peak memory 445 MiB.
2026-10-05T16:58:19Z INFO [1223/5000] 548028d4-353a-480f-bcd2-904b0af77e0c: 58 internal nodes; 1.0 s; peak memory 445 MiB.
2026-10-05T16:58:20Z INFO [1224/5000] 5480390e-a4da-4150-9625-90325129b456: 66 internal nodes; 1.1 s; peak memory 445 MiB.
2026-10-05T16:58:21Z INFO [1225/5000] 5480f357-2356-4a67-89fb-fe50bf1431b2: 31 internal nodes; 0.9 s; peak memory 445 MiB.
2026-10-05T16:58:21Z INFO [1226/5000] 5480f77d-4c8d-490c-adfc-416633e933db: 17 internal nodes; 0.4 s; peak memory 445 MiB.
2026-10-05T16:58:22Z INFO [1227/5000] 5481789c-3b55-4b4f-ac76-7e3f26ea634a: 17 internal nodes; 0.6 s; peak memory 445 MiB.
2026-10-05T16:58:22Z INFO [1228/5000] 54819711-59f7-4026-97c1-a7451a78cbe3: 17 internal nodes; 0.6 s; peak memory 445 MiB.
2026-10-05T16:58:23Z INFO [1229/5000] 5482899f-c7f0-4e8a-be2a-f69af796d785: 28 internal nodes; 0.5 s; peak memory 445 MiB.
2026-10-05T16:58:24Z INFO [1230/5000] 54839d05-ac2b-44ec-9236-446ab93df7ed: 19 internal nodes; 0.7 s; peak memory 445 MiB.
2026-10-05T16:58:25Z INFO [1231/5000] 54843368-3118-40d4-83cc-30af99e09688: 54 internal nodes; 1.5 s; peak memory 445 MiB.
2026-10-05T16:58:26Z INFO [1232/5000] 548449ff-1103-4cec-9470-62109e34f292: 51 internal nodes; 0.9 s; peak memory 445 MiB.
2026-10-05T16:58:29Z INFO [1233/5000] 54845e01-187e-4d6b-858a-071e0675a0de: 62 internal nodes; 3.1 s; peak memory 445 MiB.
2026-10-05T16:58:30Z INFO [1234/5000] 54849c58-6f20-4033-9b04-f2bde70915a9: 27 internal nodes; 0.6 s; peak memory 445 MiB.
2026-10-05T16:58:31Z INFO [1235/5000] 5484bce8-7f80-4765-8dc5-fd884b810633: 44 internal nodes; 1.6 s; peak memory 445 MiB.
2026-10-05T16:58:32Z INFO [1236/5000] 5484f314-d8a6-4119-bf49-a97667f91898: 17 internal nodes; 0.6 s; peak memory 445 MiB.
2026-10-05T16:58:32Z INFO [1237/5000] 54853b01-8163-41b8-be28-28279100535d: 17 internal nodes; 0.5 s; peak memory 445 MiB.
2026-10-05T16:58:33Z INFO [1238/5000] 548731da-16ec-4fe1-ae06-f20ed0ef86cb: 6 internal nodes; 0.4 s; peak memory 445 MiB.
2026-10-05T16:58:38Z INFO [1239/5000] 548798c0-e21a-4291-8a00-bed268c93d94: 215 internal nodes; 5.3 s; peak memory 445 MiB.
2026-10-05T16:58:39Z INFO [1240/5000] 54880fe7-673a-4eae-b141-79eb8fb4eaac: 31 internal nodes; 0.8 s; peak memory 445 MiB.
2026-10-05T16:58:40Z INFO [1241/5000] 5489e04a-5392-4756-8345-c6ff260e209e: 31 internal nodes; 0.8 s; peak memory 445 MiB.
2026-10-05T16:58:53Z INFO [1242/5000] 548b3842-d573-4558-a711-5657c3cb69eb: 534 internal nodes; 13.0 s; peak memory 445 MiB.
2026-10-05T16:59:02Z INFO [1243/5000] 548bab02-e867-4f6a-9629-d3e4565228c3: 135 internal nodes; 9.5 s; peak memory 445 MiB.
2026-10-05T16:59:03Z INFO [1244/5000] 548cce03-3a54-4975-ba31-76ced5975d43: 27 internal nodes; 0.7 s; peak memory 445 MiB.
2026-10-05T16:59:04Z INFO [1245/5000] 548d622d-26a7-49f1-9565-4e696bfa5f9a: 47 internal nodes; 1.5 s; peak memory 445 MiB.
2026-10-05T16:59:05Z INFO [1246/5000] 548db557-09ff-422b-bdac-79983b5bb93a: 54 internal nodes; 0.8 s; peak memory 445 MiB.
2026-10-05T16:59:06Z INFO [1247/5000] 548edd5e-9f39-4eda-a2a9-0ae9fb91855a: 11 internal nodes; 0.4 s; peak memory 445 MiB.
2026-10-05T16:59:07Z INFO [1248/5000] 548f534c-555e-417a-950e-bed94ea13c50: 25 internal nodes; 1.2 s; peak memory 445 MiB.
2026-10-05T16:59:08Z INFO [1249/5000] 548f907a-9590-42a7-9a87-0c3ffc17f98b: 61 internal nodes; 0.9 s; peak memory 445 MiB.
2026-10-05T16:59:08Z INFO [1250/5000] 548f9be3-9010-4db1-8d81-4b9d31e8256a: 17 internal nodes; 0.6 s; peak memory 445 MiB.
2026-10-05T16:59:09Z INFO [1250/5000] 548f9be3-9010-4db1-8d81-4b9d31e8256a: checkpointed 87685 records.
2026-10-05T16:59:09Z INFO [1251/5000] 54908570-5302-4d83-9cd3-4b907bee5abd: 31 internal nodes; 0.8 s; peak memory 445 MiB.
2026-10-05T16:59:15Z INFO [1252/5000] 5490b4fd-40ff-43f6-bac0-cab22df26da8: 70 internal nodes; 5.4 s; peak memory 445 MiB.
2026-10-05T16:59:16Z INFO [1253/5000] 54917031-3a12-4fa6-81fa-5decb2592758: 31 internal nodes; 1.0 s; peak memory 445 MiB.
2026-10-05T16:59:16Z INFO [1254/5000] 5491a4bc-a398-41ac-8b88-52d8b5504e81: 27 internal nodes; 0.7 s; peak memory 445 MiB.
2026-10-05T16:59:17Z INFO [1255/5000] 5492371b-8804-4b82-a560-e0aa4994a1b5: 29 internal nodes; 0.7 s; peak memory 445 MiB.
2026-10-05T16:59:18Z INFO [1256/5000] 5492f7a8-9c3e-47f3-a227-67333a10d273: 34 internal nodes; 0.6 s; peak memory 445 MiB.
2026-10-05T16:59:19Z INFO [1257/5000] 549413ab-9f2a-4121-a97b-ff5d8286dcb5: 31 internal nodes; 0.9 s; peak memory 445 MiB.
2026-10-05T16:59:28Z INFO [1258/5000] 54945538-5137-4e8e-a5e7-cdce3b65d13f: 88 internal nodes; 8.9 s; peak memory 445 MiB.
2026-10-05T16:59:28Z INFO [1259/5000] 54945613-596a-407c-94d4-5cb0e31d290e: 19 internal nodes; 0.6 s; peak memory 445 MiB.
2026-10-05T16:59:30Z INFO [1260/5000] 54953593-2f96-4cfc-ad20-b834ca0777c5: 44 internal nodes; 1.3 s; peak memory 445 MiB.
2026-10-05T16:59:31Z INFO [1261/5000] 5496085f-e723-419a-80b8-74b532c9f943: 50 internal nodes; 1.2 s; peak memory 445 MiB.
2026-10-05T16:59:31Z INFO [1262/5000] 54962f64-042d-4431-8845-9b280bb5cdf2: 17 internal nodes; 0.5 s; peak memory 445 MiB.
2026-10-05T16:59:32Z INFO [1263/5000] 54964fe4-808c-4851-a471-9c445ffdf5c0: 17 internal nodes; 0.6 s; peak memory 445 MiB.
2026-10-05T16:59:33Z INFO [1264/5000] 549810f2-6beb-4c06-99aa-3db97147cb13: 27 internal nodes; 0.6 s; peak memory 445 MiB.
2026-10-05T16:59:33Z INFO [1265/5000] 549828c9-9834-4aaf-8996-6c356cd1f3e4: 27 internal nodes; 0.6 s; peak memory 445 MiB.
2026-10-05T16:59:34Z INFO [1266/5000] 549845fd-26a3-4be0-882f-a080d973eb24: 17 internal nodes; 0.5 s; peak memory 445 MiB.
2026-10-05T16:59:34Z INFO [1267/5000] 54996fcd-3bd1-4ce5-a488-e23365f51a01: 27 internal nodes; 0.6 s; peak memory 445 MiB.
2026-10-05T16:59:35Z INFO [1268/5000] 549a8ac9-c3d7-461e-8846-5fd84084446c: 114 internal nodes; 0.6 s; peak memory 445 MiB.
2026-10-05T16:59:35Z INFO [1269/5000] 549a9b40-4b90-4cd7-8a53-ce09e9d19f34: 17 internal nodes; 0.6 s; peak memory 445 MiB.
2026-10-05T16:59:36Z INFO [1270/5000] 549b0fc0-3838-48cc-b9d1-b51db5e708b4: 27 internal nodes; 0.7 s; peak memory 445 MiB.
2026-10-05T16:59:37Z INFO [1271/5000] 549c6b38-5d86-4552-ad18-10abc93c1cc7: 18 internal nodes; 0.5 s; peak memory 445 MiB.
2026-10-05T16:59:38Z INFO [1272/5000] 549cb737-f989-41b4-89dd-968066906e83: 60 internal nodes; 1.1 s; peak memory 445 MiB.
2026-10-05T16:59:40Z INFO [1273/5000] 549cdf4f-b507-4bb9-b597-945caed4040a: 46 internal nodes; 2.0 s; peak memory 445 MiB.
2026-10-05T16:59:40Z INFO [1274/5000] 549d8208-9ca9-4779-b499-7aae64e96a8e: 17 internal nodes; 0.6 s; peak memory 445 MiB.
2026-10-05T16:59:41Z INFO [1275/5000] 549d84c0-dc06-4fa9-8791-b7740f6744ee: 27 internal nodes; 0.6 s; peak memory 445 MiB.
2026-10-05T16:59:42Z INFO [1276/5000] 549d908c-2428-4a08-b1b2-4f9d0d3821db: 17 internal nodes; 0.6 s; peak memory 445 MiB.
2026-10-05T16:59:42Z INFO [1277/5000] 549e149d-146d-48ef-9479-332c793db785: 31 internal nodes; 0.9 s; peak memory 445 MiB.
2026-10-05T16:59:44Z INFO [1278/5000] 549e6f9c-244d-4bfe-9784-4f6d11899610: 44 internal nodes; 1.6 s; peak memory 445 MiB.
2026-10-05T16:59:45Z INFO [1279/5000] 549f01d6-f6ab-462e-8a07-ce067ba21983: 53 internal nodes; 1.0 s; peak memory 445 MiB.
2026-10-05T16:59:46Z INFO [1280/5000] 549f5a6a-30a6-4b6b-9236-4b90657d2fb0: 17 internal nodes; 0.6 s; peak memory 445 MiB.
2026-10-05T16:59:47Z INFO [1281/5000] 549f83d3-d94d-4bfa-b86a-821f7b06d86f: 44 internal nodes; 1.5 s; peak memory 445 MiB.
2026-10-05T16:59:49Z INFO [1282/5000] 549f8a1a-c28e-4cdf-9db4-feb291d69a2f: 53 internal nodes; 1.9 s; peak memory 445 MiB.
2026-10-05T16:59:50Z INFO [1283/5000] 549fe856-4db9-40fd-9abf-08446fc49a7e: 17 internal nodes; 0.5 s; peak memory 445 MiB.
2026-10-05T16:59:50Z INFO [1284/5000] 54a1281e-f298-46be-83ad-b670d45b1370: 60 internal nodes; 0.9 s; peak memory 445 MiB.
2026-10-05T16:59:52Z INFO [1285/5000] 54a17a68-2b9e-47f5-91ae-894cc6aba66b: 31 internal nodes; 1.3 s; peak memory 445 MiB.
2026-10-05T16:59:52Z INFO [1286/5000] 54a2b54b-236d-477e-a781-901de96ba4af: 17 internal nodes; 0.5 s; peak memory 445 MiB.
2026-10-05T16:59:57Z INFO [1287/5000] 54a328a6-c5b8-43e1-913d-9b65f4e06158: 198 internal nodes; 5.1 s; peak memory 445 MiB.
2026-10-05T16:59:58Z INFO [1288/5000] 54a37ece-c6f0-4c7b-975c-32ab390ecc08: 17 internal nodes; 0.6 s; peak memory 445 MiB.
2026-10-05T16:59:59Z INFO [1289/5000] 54a50873-2351-49b0-8f00-0eedd3597521: 115 internal nodes; 0.6 s; peak memory 445 MiB.
2026-10-05T16:59:59Z INFO [1290/5000] 54a52a38-6dff-4ee0-abfd-b5fdab79cf67: 11 internal nodes; 0.4 s; peak memory 445 MiB.
2026-10-05T16:59:59Z INFO [1291/5000] 54a5474d-eac5-45e1-a378-4c9cc18d6b82: 18 internal nodes; 0.4 s; peak memory 445 MiB.
2026-10-05T17:00:03Z INFO [1292/5000] 54a587e9-3eac-4291-b657-0960bb323864: 41 internal nodes; 3.8 s; peak memory 445 MiB.
2026-10-05T17:00:07Z INFO [1293/5000] 54a5b51d-ec25-4a73-a702-7b4263dcf7fa: 130 internal nodes; 3.5 s; peak memory 445 MiB.
2026-10-05T17:00:07Z INFO [1294/5000] 54a652cb-85b1-4abc-a19f-9709d251e52f: 31 internal nodes; 0.6 s; peak memory 445 MiB.
2026-10-05T17:00:08Z INFO [1295/5000] 54a6b480-816b-49d5-8e2e-cb5dbc38e8cd: 19 internal nodes; 0.6 s; peak memory 445 MiB.
2026-10-05T17:00:08Z INFO [1296/5000] 54a6c297-3f50-449e-a8bf-613b6367c847: 27 internal nodes; 0.6 s; peak memory 445 MiB.
2026-10-05T17:00:14Z INFO [1297/5000] 54a7463d-156a-48bd-a60d-e22200ca33ab: 200 internal nodes; 5.4 s; peak memory 445 MiB.
2026-10-05T17:00:15Z INFO [1298/5000] 54a7b981-db3a-4e3d-8563-0f5fc8114a4f: 27 internal nodes; 0.8 s; peak memory 445 MiB.
2026-10-05T17:00:16Z INFO [1299/5000] 54a89c16-65ba-4b1f-8bcf-2b9516ddca64: 27 internal nodes; 0.9 s; peak memory 445 MiB.
2026-10-05T17:00:16Z INFO [1300/5000] 54a90877-3854-473b-8daf-140043c303ff: 27 internal nodes; 0.7 s; peak memory 445 MiB.
2026-10-05T17:00:17Z INFO [1300/5000] 54a90877-3854-473b-8daf-140043c303ff: checkpointed 87735 records.
2026-10-05T17:00:18Z INFO [1301/5000] 54a93b4e-75e8-408f-b4f8-8f2d14fc2237: 27 internal nodes; 0.9 s; peak memory 445 MiB.
2026-10-05T17:00:18Z INFO [1302/5000] 54a9b760-0b37-461d-b613-3e14124d10b3: 17 internal nodes; 0.4 s; peak memory 445 MiB.
2026-10-05T17:00:20Z INFO [1303/5000] 54aa00c0-68d0-42c0-8b3c-f8763598983b: 47 internal nodes; 2.0 s; peak memory 445 MiB.
2026-10-05T17:00:21Z INFO [1304/5000] 54aa2377-e229-42b3-b7e0-0634740a00c8: 118 internal nodes; 1.5 s; peak memory 445 MiB.
2026-10-05T17:00:22Z INFO [1305/5000] 54aa4488-8ce1-430f-aec9-91af9a4b1f58: 17 internal nodes; 0.4 s; peak memory 445 MiB.
2026-10-05T17:00:22Z INFO [1306/5000] 54aac4f9-374c-423a-b314-cec3c84e0203: 22 internal nodes; 0.3 s; peak memory 445 MiB.
2026-10-05T17:00:23Z INFO [1307/5000] 54ab723f-35ff-4933-aeef-e830be4189fe: 31 internal nodes; 0.7 s; peak memory 445 MiB.
2026-10-05T17:00:25Z INFO [1308/5000] 54abbd6b-073c-4d00-b323-92216abcca0e: 47 internal nodes; 1.6 s; peak memory 445 MiB.
2026-10-05T17:00:25Z INFO [1309/5000] 54ac4ba3-217c-4ded-8cc5-903a465f2882: 27 internal nodes; 0.5 s; peak memory 445 MiB.
2026-10-05T17:00:26Z INFO [1310/5000] 54acb2c4-748c-4d5f-9de7-1733cb0633c9: 27 internal nodes; 0.7 s; peak memory 445 MiB.
2026-10-05T17:00:26Z INFO [1311/5000] 54ad1a6e-2ace-4d88-8178-6ddb427875a2: 17 internal nodes; 0.4 s; peak memory 445 MiB.
2026-10-05T17:00:27Z INFO [1312/5000] 54ad357a-9893-4d76-917c-272d02088dd5: 31 internal nodes; 0.9 s; peak memory 445 MiB.
2026-10-05T17:00:32Z INFO [1313/5000] 54af748a-e18f-439e-9a43-d8e5e667f680: 44 internal nodes; 5.2 s; peak memory 445 MiB.
2026-10-05T17:00:33Z INFO [1314/5000] 54b0e07e-343d-4fa2-9b5c-0c851ab780ef: 17 internal nodes; 0.4 s; peak memory 445 MiB.
2026-10-05T17:00:37Z INFO [1315/5000] 54b188d6-7625-4a69-a720-c57aa74129c4: 205 internal nodes; 4.2 s; peak memory 445 MiB.
2026-10-05T17:00:37Z INFO [1316/5000] 54b1bf19-210f-4ec8-816b-d8352845c776: 17 internal nodes; 0.6 s; peak memory 445 MiB.
2026-10-05T17:00:44Z INFO [1317/5000] 54b1c92f-96ef-4fdb-a4cb-da7ac41cb617: 246 internal nodes; 6.5 s; peak memory 445 MiB.
2026-10-05T17:00:46Z INFO [1318/5000] 54b1f6e3-3649-445b-a773-3e3377909097: 46 internal nodes; 1.8 s; peak memory 445 MiB.
2026-10-05T17:00:50Z INFO [1319/5000] 54b27756-cd03-43bc-8b87-67800c6f024e: 41 internal nodes; 4.2 s; peak memory 445 MiB.
2026-10-05T17:00:50Z INFO [1320/5000] 54b32bb9-b0da-4a26-a38e-1103735ad972: 17 internal nodes; 0.6 s; peak memory 445 MiB.
2026-10-05T17:00:51Z INFO [1321/5000] 54b3e43a-b0ea-468e-8ac3-9d25f79233a6: 27 internal nodes; 0.7 s; peak memory 445 MiB.
2026-10-05T17:00:58Z INFO [1322/5000] 54b3ec87-ae16-4126-96df-2b141de79fe8: 312 internal nodes; 7.1 s; peak memory 445 MiB.
2026-10-05T17:00:59Z INFO [1323/5000] 54b624bb-ddc0-4584-8331-853572cceed0: 44 internal nodes; 1.2 s; peak memory 445 MiB.
2026-10-05T17:01:01Z INFO [1324/5000] 54b684a5-c1dc-417e-adbf-c4cfe61c9d8e: 44 internal nodes; 1.7 s; peak memory 445 MiB.
2026-10-05T17:01:02Z INFO [1325/5000] 54b6b909-2283-470b-93a1-ba4834eb0cf3: 18 internal nodes; 0.8 s; peak memory 445 MiB.
2026-10-05T17:01:02Z INFO [1326/5000] 54b82054-df0f-4aa4-b367-7caa67331001: 19 internal nodes; 0.6 s; peak memory 445 MiB.
2026-10-05T17:01:03Z INFO [1327/5000] 54b87374-3a85-4111-8676-667ed73500ca: 31 internal nodes; 1.0 s; peak memory 445 MiB.
2026-10-05T17:01:04Z INFO [1328/5000] 54b876ed-ddab-4609-b4cf-5d01e6e51c39: 29 internal nodes; 0.8 s; peak memory 445 MiB.
2026-10-05T17:01:05Z INFO [1329/5000] 54b90157-7c04-47c7-8fd3-8190c43baa83: 17 internal nodes; 0.8 s; peak memory 445 MiB.
2026-10-05T17:01:06Z INFO [1330/5000] 54b966a5-4365-46ff-9a0d-c47033048899: 31 internal nodes; 0.7 s; peak memory 445 MiB.
2026-10-05T17:01:06Z INFO [1331/5000] 54b97575-c52a-4f1b-bcf1-c0fb75028b68: 17 internal nodes; 0.8 s; peak memory 445 MiB.
2026-10-05T17:01:07Z INFO [1332/5000] 54b9d6e3-9476-433b-abdf-8e4aa454f449: 27 internal nodes; 0.7 s; peak memory 445 MiB.
2026-10-05T17:01:08Z INFO [1333/5000] 54ba8d75-fbd4-4d89-9e92-9681bea1420d: 27 internal nodes; 0.6 s; peak memory 445 MiB.
2026-10-05T17:01:14Z INFO [1334/5000] 54bb9946-5d4d-4175-9171-15fb6dd08f6f: 216 internal nodes; 6.2 s; peak memory 445 MiB.
2026-10-05T17:01:14Z INFO [1335/5000] 54bbe1b1-2e19-4912-833a-80ee0ff1d995: 20 internal nodes; 0.4 s; peak memory 445 MiB.
2026-10-05T17:01:16Z INFO [1336/5000] 54bc2261-50ab-48a1-8718-7cddcd375fb1: 44 internal nodes; 1.5 s; peak memory 445 MiB.
2026-10-05T17:01:18Z INFO [1337/5000] 54bd85e0-89d4-4810-8eab-a287b18d05fb: 46 internal nodes; 1.8 s; peak memory 445 MiB.
2026-10-05T17:01:18Z INFO [1338/5000] 54be4bae-be84-4c27-b2f5-bc16e0ff478e: 19 internal nodes; 0.8 s; peak memory 445 MiB.
2026-10-05T17:01:19Z INFO [1339/5000] 54be6783-f4b8-4a9d-b2bd-82805de92845: 27 internal nodes; 0.8 s; peak memory 445 MiB.
2026-10-05T17:01:20Z INFO [1340/5000] 54c02d25-c994-46b1-b1aa-f07ae029cb72: 17 internal nodes; 0.5 s; peak memory 445 MiB.
2026-10-05T17:01:21Z INFO [1341/5000] 54c05f3b-a88a-4f7d-881c-d6eb7b8cf33b: 31 internal nodes; 0.8 s; peak memory 445 MiB.
2026-10-05T17:01:22Z INFO [1342/5000] 54c31314-9781-414c-9166-8bbce4163b0e: 23 internal nodes; 0.8 s; peak memory 445 MiB.
2026-10-05T17:01:22Z INFO [1343/5000] 54c3b884-5077-498e-a2c0-320b37e27244: 67 internal nodes; 0.9 s; peak memory 445 MiB.
2026-10-05T17:01:23Z INFO [1344/5000] 54c456fd-e3a7-4b9e-b152-173c1132d9cb: 13 internal nodes; 0.6 s; peak memory 445 MiB.
2026-10-05T17:01:24Z INFO [1345/5000] 54c4a9d6-ed43-4791-88e7-10a4a9f2ebde: 27 internal nodes; 0.8 s; peak memory 445 MiB.
2026-10-05T17:01:25Z INFO [1346/5000] 54c504cc-bbb4-4979-8d3f-6e6ea556decf: 27 internal nodes; 0.8 s; peak memory 445 MiB.
2026-10-05T17:01:29Z INFO [1347/5000] 54c59eec-9618-46c0-9a7f-77fe36b7de3f: 62 internal nodes; 4.1 s; peak memory 445 MiB.
2026-10-05T17:01:29Z INFO [1348/5000] 54c60e5f-9213-41c0-a27c-6f5ce3e0bf71: 27 internal nodes; 0.4 s; peak memory 445 MiB.
2026-10-05T17:01:36Z INFO [1349/5000] 54c6118e-1d49-4f20-b9e7-0541062fbd59: 124 internal nodes; 6.6 s; peak memory 445 MiB.
2026-10-05T17:01:38Z INFO [1350/5000] 54c68a8d-61c7-41ed-8907-b2f3931439e1: 47 internal nodes; 2.1 s; peak memory 445 MiB.
2026-10-05T17:01:38Z INFO [1350/5000] 54c68a8d-61c7-41ed-8907-b2f3931439e1: checkpointed 87785 records.
2026-10-05T17:01:39Z INFO [1351/5000] 54c690bd-b3c3-47a9-8c96-08b7c862b200: 21 internal nodes; 0.6 s; peak memory 445 MiB.
2026-10-05T17:01:39Z INFO [1352/5000] 54c8035a-826f-4bbd-9013-187033ddeaac: 17 internal nodes; 0.5 s; peak memory 445 MiB.
2026-10-05T17:01:41Z INFO [1353/5000] 54c87fc7-d09e-4b69-ad4b-efd271442195: 43 internal nodes; 1.5 s; peak memory 445 MiB.
2026-10-05T17:01:41Z INFO [1354/5000] 54c901b0-18b7-4504-9a03-e14fa7365a80: 17 internal nodes; 0.5 s; peak memory 445 MiB.
2026-10-05T17:01:42Z INFO [1355/5000] 54c90d9a-2ba5-4b4e-9ade-5d7e29f44283: 18 internal nodes; 0.4 s; peak memory 445 MiB.
2026-10-05T17:01:42Z INFO [1356/5000] 54c93a73-cbaa-4c25-aaff-aa51a8e1a6b0: 17 internal nodes; 0.5 s; peak memory 445 MiB.
2026-10-05T17:01:43Z INFO [1357/5000] 54c95d33-3cbb-4a24-b351-8fdd45c64c34: 18 internal nodes; 0.5 s; peak memory 445 MiB.
2026-10-05T17:01:43Z INFO [1358/5000] 54cb1e70-62c0-4f56-abf0-e6c6683e603d: 17 internal nodes; 0.6 s; peak memory 445 MiB.
2026-10-05T17:01:44Z INFO [1359/5000] 54cc4770-536b-45f1-bfc9-23398d34a9a1: 17 internal nodes; 0.6 s; peak memory 445 MiB.
2026-10-05T17:01:45Z INFO [1360/5000] 54cc5a3a-cae9-4dd7-87b7-dbc91c84d7b8: 72 internal nodes; 1.0 s; peak memory 445 MiB.
2026-10-05T17:01:45Z INFO [1361/5000] 54cccf8a-469f-494f-b5a0-a2fba8ade6fd: 19 internal nodes; 0.5 s; peak memory 445 MiB.
2026-10-05T17:01:46Z INFO [1362/5000] 54ccd33b-bd79-4da3-a94e-dd9547e01e22: 18 internal nodes; 0.5 s; peak memory 445 MiB.
2026-10-05T17:01:47Z INFO [1363/5000] 54ccebc1-abae-4aee-a1e0-516c6c9e32fe: 53 internal nodes; 0.7 s; peak memory 445 MiB.
2026-10-05T17:01:47Z INFO [1364/5000] 54cd4f91-d28c-4fb2-bd12-6fb1daaefbb5: 60 internal nodes; 0.8 s; peak memory 445 MiB.
2026-10-05T17:01:51Z INFO [1365/5000] 54cd7514-c987-4ca3-9997-79abdf46e3ad: 59 internal nodes; 3.8 s; peak memory 445 MiB.
2026-10-05T17:01:52Z INFO [1366/5000] 54cdf4dd-b596-43c1-842c-4d184a2af9b4: 27 internal nodes; 0.8 s; peak memory 445 MiB.
2026-10-05T17:01:54Z INFO [1367/5000] 54cecfa0-e12c-43c8-91a9-42f0794cc920: 41 internal nodes; 1.6 s; peak memory 445 MiB.
2026-10-05T17:01:54Z INFO [1368/5000] 54cfe65c-45b8-4d16-9b93-e493bbe881da: 90 internal nodes; 0.7 s; peak memory 445 MiB.
2026-10-05T17:01:55Z INFO [1369/5000] 54cff0f5-699c-4914-ae3e-ef04d01ef80b: 29 internal nodes; 0.9 s; peak memory 445 MiB.
2026-10-05T17:01:56Z INFO [1370/5000] 54d0a95f-4e17-40c9-8f4c-0b883d28f40a: 13 internal nodes; 0.5 s; peak memory 445 MiB.
2026-10-05T17:02:03Z INFO [1371/5000] 54d0ab62-9306-429c-af0d-a2093e5cf5a7: 439 internal nodes; 7.4 s; peak memory 445 MiB.
2026-10-05T17:02:04Z INFO [1372/5000] 54d0e845-4733-4d51-814e-078a7bb2da39: 17 internal nodes; 0.6 s; peak memory 445 MiB.
2026-10-05T17:02:05Z INFO [1373/5000] 54d0e9e9-071d-4a42-ac33-8478a677d7ce: 29 internal nodes; 1.0 s; peak memory 445 MiB.
2026-10-05T17:02:05Z INFO [1374/5000] 54d1ba2f-2fce-42dd-b1a0-b2407b3acc4c: 19 internal nodes; 0.6 s; peak memory 445 MiB.
2026-10-05T17:02:06Z INFO [1375/5000] 54d1d6ee-eb9b-4646-a3c1-b518385695bd: 27 internal nodes; 0.6 s; peak memory 445 MiB.
2026-10-05T17:02:06Z INFO [1376/5000] 54d28c8e-be48-4d49-aa74-b20d4125e0f2: 11 internal nodes; 0.4 s; peak memory 445 MiB.
2026-10-05T17:02:07Z INFO [1377/5000] 54d2a8df-90de-465d-90fa-a91ce03366bc: 17 internal nodes; 0.6 s; peak memory 445 MiB.
2026-10-05T17:02:41Z INFO [1378/5000] 54d337ed-63d6-437b-b252-0860f68d78ac: 5505 internal nodes; 34.0 s; peak memory 506 MiB.
2026-10-05T17:02:42Z INFO [1379/5000] 54d3d44b-e1e8-4a4a-a540-a5e72e7f7fed: 26 internal nodes; 1.2 s; peak memory 506 MiB.
2026-10-05T17:02:43Z INFO [1380/5000] 54d40836-4329-4f3c-9030-67d606bff1d6: 18 internal nodes; 0.4 s; peak memory 506 MiB.
2026-10-05T17:02:43Z INFO [1381/5000] 54d46edd-6515-4a1a-ae0c-95cbe47f7a2d: 17 internal nodes; 0.6 s; peak memory 506 MiB.
2026-10-05T17:02:46Z INFO [1382/5000] 54d530c6-afb8-437b-be1f-10f9704a2e33: 114 internal nodes; 2.3 s; peak memory 506 MiB.
2026-10-05T17:02:46Z INFO [1383/5000] 54d54bc0-d61d-4804-ab49-91ed70f23950: 17 internal nodes; 0.7 s; peak memory 506 MiB.
2026-10-05T17:02:47Z INFO [1384/5000] 54d706df-e647-428a-a574-35c27edcea92: 35 internal nodes; 1.0 s; peak memory 506 MiB.
2026-10-05T17:02:48Z INFO [1385/5000] 54d7a5f2-9457-4ac4-a209-ff22d13b4a5e: 17 internal nodes; 0.6 s; peak memory 506 MiB.
2026-10-05T17:02:49Z INFO [1386/5000] 54d7ce4d-8d2f-4624-8729-b1f90dff23ef: 17 internal nodes; 0.6 s; peak memory 506 MiB.
2026-10-05T17:02:49Z INFO [1387/5000] 54d853f6-f23e-4a56-a606-c5691a9d4fcc: 27 internal nodes; 0.7 s; peak memory 506 MiB.
2026-10-05T17:02:57Z INFO [1388/5000] 54d8a318-a9d9-49a5-8fe4-49f3bfd07561: 308 internal nodes; 8.1 s; peak memory 506 MiB.
2026-10-05T17:02:58Z INFO [1389/5000] 54d950d3-988a-41c5-8058-9c01ee4af988: 13 internal nodes; 0.8 s; peak memory 506 MiB.
2026-10-05T17:02:59Z INFO [1390/5000] 54d96a29-9459-4404-aedc-46c616218f84: 27 internal nodes; 0.8 s; peak memory 506 MiB.
2026-10-05T17:03:00Z INFO [1391/5000] 54daeb4d-5e16-4507-8b38-7b3f34e44014: 17 internal nodes; 0.7 s; peak memory 506 MiB.
2026-10-05T17:03:00Z INFO [1392/5000] 54dbc608-1169-47b3-ae6f-f8452b887dc2: 13 internal nodes; 0.5 s; peak memory 506 MiB.
2026-10-05T17:03:06Z INFO [1393/5000] 54dc1e5b-2249-4441-88b4-a61611153190: 114 internal nodes; 5.7 s; peak memory 506 MiB.
2026-10-05T17:03:07Z INFO [1394/5000] 54dc30ba-77b0-4743-849d-42e0f3c66e7f: 27 internal nodes; 0.7 s; peak memory 506 MiB.
2026-10-05T17:03:09Z INFO [1395/5000] 54dc6681-8582-4663-b95d-4521e47ba905: 41 internal nodes; 2.4 s; peak memory 506 MiB.
2026-10-05T17:03:09Z INFO [1396/5000] 54dcf538-f571-4cb8-9bfa-2528c37f6bfa: 11 internal nodes; 0.4 s; peak memory 506 MiB.
2026-10-05T17:03:15Z INFO [1397/5000] 54dcfb05-4bcb-457e-879f-8400a90d3641: 857 internal nodes; 5.9 s; peak memory 506 MiB.
2026-10-05T17:03:16Z INFO [1398/5000] 54dd1548-530a-4395-9e90-f03c9dcb1181: 27 internal nodes; 0.6 s; peak memory 506 MiB.
2026-10-05T17:03:16Z INFO [1399/5000] 54ddddfc-bbb0-492a-bb3e-a85809068075: 27 internal nodes; 0.5 s; peak memory 506 MiB.
2026-10-05T17:03:17Z INFO [1400/5000] 54de088c-ce0c-4338-813a-ec7c384cff0d: 25 internal nodes; 0.7 s; peak memory 506 MiB.
2026-10-05T17:03:17Z INFO [1400/5000] 54de088c-ce0c-4338-813a-ec7c384cff0d: checkpointed 87835 records.
2026-10-05T17:03:18Z INFO [1401/5000] 54de0f36-e1dd-4dfb-a0fe-e88c14c70bff: 19 internal nodes; 0.3 s; peak memory 506 MiB.
2026-10-05T17:03:19Z INFO [1402/5000] 54de1913-5966-4593-812e-b5a90ea250b6: 31 internal nodes; 0.9 s; peak memory 506 MiB.
2026-10-05T17:03:19Z INFO [1403/5000] 54de2d64-4b87-4bbb-ac85-222bf9e55ba1: 18 internal nodes; 0.5 s; peak memory 506 MiB.
2026-10-05T17:03:27Z INFO [1404/5000] 54de7e2c-338e-426a-863c-ef5de7deebaf: 262 internal nodes; 8.1 s; peak memory 506 MiB.
2026-10-05T17:03:28Z INFO [1405/5000] 54de9118-97bd-4737-8a7f-61c418b1a961: 116 internal nodes; 0.8 s; peak memory 506 MiB.
2026-10-05T17:03:29Z INFO [1406/5000] 54de9e50-085c-406b-9a7d-5861e55b4b27: 31 internal nodes; 0.9 s; peak memory 506 MiB.
2026-10-05T17:03:30Z INFO [1407/5000] 54e00abf-7763-4077-bf4f-2988016c7c94: 44 internal nodes; 1.5 s; peak memory 506 MiB.
2026-10-05T17:03:31Z INFO [1408/5000] 54e0b426-f6b4-4661-be0b-d4a2bccaf83a: 27 internal nodes; 0.7 s; peak memory 506 MiB.
2026-10-05T17:03:32Z INFO [1409/5000] 54e15ce5-de26-4c1b-80ea-0cdb2da9464b: 23 internal nodes; 1.3 s; peak memory 506 MiB.
2026-10-05T17:03:34Z INFO [1410/5000] 54e1aa31-14e8-4cac-ad22-de628dc30ecc: 44 internal nodes; 1.5 s; peak memory 506 MiB.
2026-10-05T17:03:35Z INFO [1411/5000] 54e21147-8281-40cc-b716-2fcc377c3be8: 27 internal nodes; 0.8 s; peak memory 506 MiB.
2026-10-05T17:03:38Z INFO [1412/5000] 54e22459-16ee-4bea-9f91-7c3cb1c9b488: 61 internal nodes; 3.8 s; peak memory 506 MiB.
2026-10-05T17:03:39Z INFO [1413/5000] 54e22d29-1a7f-4640-ad33-20aecd7a4d87: 29 internal nodes; 0.9 s; peak memory 506 MiB.
2026-10-05T17:03:40Z INFO [1414/5000] 54e23b58-fc9d-4162-9ba0-eef559b6a50d: 56 internal nodes; 1.0 s; peak memory 506 MiB.
2026-10-05T17:03:47Z INFO [1415/5000] 54e26df4-996f-4719-ac33-e2e819d2bc5a: 180 internal nodes; 6.8 s; peak memory 506 MiB.
2026-10-05T17:03:48Z INFO [1416/5000] 54e27e01-2806-4155-8e9a-9313671857a4: 27 internal nodes; 0.6 s; peak memory 506 MiB.
2026-10-05T17:03:49Z INFO [1417/5000] 54e2c838-27c9-46db-a1a7-e1a6c7f0279e: 46 internal nodes; 1.3 s; peak memory 506 MiB.
2026-10-05T17:03:49Z INFO [1418/5000] 54e57e2c-de5f-45da-b90b-e0c50f737d40: 21 internal nodes; 0.4 s; peak memory 506 MiB.
2026-10-05T17:03:50Z INFO [1419/5000] 54e61931-5703-4a3a-9be4-c633061df25a: 17 internal nodes; 0.4 s; peak memory 506 MiB.
2026-10-05T17:03:50Z INFO [1420/5000] 54e643b4-31bb-450e-847d-e60343515177: 115 internal nodes; 0.6 s; peak memory 506 MiB.
2026-10-05T17:03:51Z INFO [1421/5000] 54e65e25-bc28-4c65-9822-9c204b748a3b: 28 internal nodes; 0.8 s; peak memory 506 MiB.
2026-10-05T17:03:56Z INFO [1422/5000] 54e67a68-b730-4c76-b49b-11f9d31f619b: 187 internal nodes; 5.2 s; peak memory 506 MiB.
2026-10-05T17:03:57Z INFO [1423/5000] 54e7dbcc-d996-4ac9-9a13-2dcafa0a512a: 17 internal nodes; 0.7 s; peak memory 506 MiB.
2026-10-05T17:03:58Z INFO [1424/5000] 54e82134-0b40-4835-a7c1-1fa30206bdec: 25 internal nodes; 0.6 s; peak memory 506 MiB.
2026-10-05T17:03:59Z INFO [1425/5000] 54e8d421-a563-4148-9624-71d0a3390656: 44 internal nodes; 1.8 s; peak memory 506 MiB.
2026-10-05T17:04:00Z INFO [1426/5000] 54ea6818-17ad-4ab4-89a3-c8ef3309f3ed: 18 internal nodes; 0.5 s; peak memory 506 MiB.
2026-10-05T17:04:07Z INFO [1427/5000] 54eb718b-6fd4-4a57-8240-6c45143c4dae: 85 internal nodes; 6.7 s; peak memory 506 MiB.
2026-10-05T17:04:07Z INFO [1428/5000] 54ebafb3-0ddf-4596-8680-91c0d7133a93: 19 internal nodes; 0.5 s; peak memory 506 MiB.
2026-10-05T17:04:08Z INFO [1429/5000] 54ebddea-541c-4f60-989c-afe4acb8d0cd: 67 internal nodes; 0.9 s; peak memory 506 MiB.
2026-10-05T17:04:09Z INFO [1430/5000] 54ec4aa4-9fb1-4045-88f2-2738ecb38b7e: 27 internal nodes; 0.7 s; peak memory 506 MiB.
2026-10-05T17:04:09Z INFO [1431/5000] 54ec6041-dd15-42dd-98ef-3c840d944f8d: 22 internal nodes; 0.3 s; peak memory 506 MiB.
2026-10-05T17:04:10Z INFO [1432/5000] 54ece582-3789-446e-9f2a-32418c96989d: 18 internal nodes; 0.6 s; peak memory 506 MiB.
2026-10-05T17:04:10Z INFO [1433/5000] 54ed412d-a198-46da-910f-940c27514268: 17 internal nodes; 0.6 s; peak memory 506 MiB.
2026-10-05T17:04:11Z INFO [1434/5000] 54ee2f3a-29c2-4acb-bfd9-944288d5ff60: 6 internal nodes; 0.4 s; peak memory 506 MiB.
2026-10-05T17:04:12Z INFO [1435/5000] 54ef2627-56db-430c-b136-1c7997e91783: 31 internal nodes; 1.0 s; peak memory 506 MiB.
2026-10-05T17:04:13Z INFO [1436/5000] 54ef7ba0-a926-4202-bce4-e251ad963407: 29 internal nodes; 0.9 s; peak memory 506 MiB.
2026-10-05T17:04:13Z INFO [1437/5000] 54f03886-24b4-4214-a089-b1b4bf451108: 11 internal nodes; 0.4 s; peak memory 506 MiB.
2026-10-05T17:04:14Z INFO [1438/5000] 54f18739-a7d3-4a53-8048-d5b220fddafc: 17 internal nodes; 0.6 s; peak memory 506 MiB.
2026-10-05T17:04:14Z INFO [1439/5000] 54f25dff-4f8e-4b7e-a538-963a7a15a393: 17 internal nodes; 0.7 s; peak memory 506 MiB.
2026-10-05T17:04:36Z INFO [1440/5000] 54f31192-7149-4b8b-8578-31399213842a: 3471 internal nodes; 21.4 s; peak memory 506 MiB.
2026-10-05T17:04:36Z INFO [1441/5000] 54f37d7f-c8c2-4e07-9d25-d40332a72cb3: 17 internal nodes; 0.7 s; peak memory 506 MiB.
2026-10-05T17:04:37Z INFO [1442/5000] 54f39fd1-64ee-4dae-9e82-9dacac171c3e: 29 internal nodes; 1.1 s; peak memory 506 MiB.
2026-10-05T17:04:38Z INFO [1443/5000] 54f3d42f-b70c-4342-913e-72adefe7bf9f: 27 internal nodes; 0.5 s; peak memory 506 MiB.
2026-10-05T17:04:39Z INFO [1444/5000] 54f3fe03-42d8-479d-b9a1-b05108a43aa7: 114 internal nodes; 0.6 s; peak memory 506 MiB.
2026-10-05T17:04:39Z INFO [1445/5000] 54f43901-dadd-4c56-812a-69c1f4d2c592: 17 internal nodes; 0.7 s; peak memory 506 MiB.
2026-10-05T17:04:41Z INFO [1446/5000] 54f4fc48-fe4e-42f8-a444-1290bed95438: 34 internal nodes; 1.6 s; peak memory 506 MiB.
2026-10-05T17:04:41Z INFO [1447/5000] 54f542a5-9dad-474f-9f66-63c356df9cd4: 11 internal nodes; 0.3 s; peak memory 506 MiB.
2026-10-05T17:04:42Z INFO [1448/5000] 54f59eb0-c008-453f-9dbc-c7b419dc243b: 17 internal nodes; 0.5 s; peak memory 506 MiB.
2026-10-05T17:04:42Z INFO [1449/5000] 54f678c4-c58c-4d06-b1be-85af3a94a401: 17 internal nodes; 0.6 s; peak memory 506 MiB.
2026-10-05T17:04:43Z INFO [1450/5000] 54f6af6b-3326-41c4-a3dc-52cac7e84153: 31 internal nodes; 0.9 s; peak memory 506 MiB.
2026-10-05T17:04:43Z INFO [1450/5000] 54f6af6b-3326-41c4-a3dc-52cac7e84153: checkpointed 87885 records.
2026-10-05T17:04:44Z INFO [1451/5000] 54f6fa85-9353-448d-a82c-7c5f83620e21: 27 internal nodes; 0.7 s; peak memory 506 MiB.
2026-10-05T17:04:45Z INFO [1452/5000] 54f6fc4f-e414-4280-8ee8-bc7716e6248d: 17 internal nodes; 0.5 s; peak memory 506 MiB.
2026-10-05T17:04:45Z INFO [1453/5000] 54f725e3-76c6-49f3-9865-da824ac3d645: 15 internal nodes; 0.5 s; peak memory 506 MiB.
2026-10-05T17:04:46Z INFO [1454/5000] 54f733b5-16da-493a-a4eb-e6e889c196c1: 27 internal nodes; 0.7 s; peak memory 506 MiB.
2026-10-05T17:04:48Z INFO [1455/5000] 54f76c49-98f9-45fc-9325-515fd4c22e5e: 133 internal nodes; 2.6 s; peak memory 506 MiB.
2026-10-05T17:04:49Z INFO [1456/5000] 54f82956-bbdb-40ca-88d3-0b000d909c6e: 27 internal nodes; 0.7 s; peak memory 506 MiB.
2026-10-05T17:04:50Z INFO [1457/5000] 54f96735-cbf2-42de-8408-4ab85b604043: 27 internal nodes; 0.7 s; peak memory 506 MiB.
2026-10-05T17:04:51Z INFO [1458/5000] 54fab18e-cb62-4ef6-bcf4-d470207fcba2: 67 internal nodes; 1.0 s; peak memory 506 MiB.
2026-10-05T17:04:51Z INFO [1459/5000] 54fc733f-78d3-4a5f-880b-db4014d2caa3: 11 internal nodes; 0.4 s; peak memory 506 MiB.
2026-10-05T17:04:53Z INFO [1460/5000] 54fd3bee-3fb8-414a-978b-f4c5c12ac8c0: 58 internal nodes; 1.4 s; peak memory 506 MiB.
2026-10-05T17:04:53Z INFO [1461/5000] 54fdfe31-f7b4-4801-b486-f34f5a5f066c: 11 internal nodes; 0.3 s; peak memory 506 MiB.
2026-10-05T17:04:55Z INFO [1462/5000] 54fe2e7a-8f98-4ce5-a86d-0fef465f5c71: 25 internal nodes; 1.9 s; peak memory 506 MiB.
2026-10-05T17:05:00Z INFO [1463/5000] 54ff29f2-afc6-4a1f-b6fa-1aaefd80e948: 48 internal nodes; 5.6 s; peak memory 506 MiB.
2026-10-05T17:05:01Z INFO [1464/5000] 54ff76b0-b086-4ed7-88fe-6c868bb4d46e: 15 internal nodes; 0.5 s; peak memory 506 MiB.
2026-10-05T17:05:01Z INFO [1465/5000] 54ffcf95-24a0-4d7a-a5fb-4f0388f8381c: 13 internal nodes; 0.5 s; peak memory 506 MiB.
2026-10-05T17:05:03Z INFO [1466/5000] 550017a6-4e6b-4986-aad2-d485cb03c110: 22 internal nodes; 1.2 s; peak memory 506 MiB.
2026-10-05T17:05:06Z INFO [1467/5000] 55005670-99f8-4e35-88ba-92226dd78102: 177 internal nodes; 3.6 s; peak memory 506 MiB.
2026-10-05T17:05:08Z INFO [1468/5000] 55009ebd-331f-4bc3-8ee6-4e1eec53b23f: 72 internal nodes; 1.6 s; peak memory 506 MiB.
2026-10-05T17:05:08Z INFO [1469/5000] 55014390-d89c-4e10-8799-9b3b4938ab30: 27 internal nodes; 0.7 s; peak memory 506 MiB.
2026-10-05T17:05:17Z INFO [1470/5000] 550159cd-702c-454f-90b9-847916d55595: 84 internal nodes; 8.2 s; peak memory 506 MiB.
2026-10-05T17:05:17Z INFO [1471/5000] 55015f10-a0d0-4448-8a18-23bd35b2789a: 17 internal nodes; 0.7 s; peak memory 506 MiB.
2026-10-05T17:05:22Z INFO [1472/5000] 550190b3-73b4-44e1-9ee4-2a6227ecc9d4: 73 internal nodes; 4.2 s; peak memory 506 MiB.
2026-10-05T17:05:22Z INFO [1473/5000] 55022f95-ac60-40df-846a-abdb284dbcd5: 27 internal nodes; 0.7 s; peak memory 506 MiB.
2026-10-05T17:05:23Z INFO [1474/5000] 55027a93-85ce-400d-b8cb-30fafbad4207: 13 internal nodes; 0.6 s; peak memory 506 MiB.
2026-10-05T17:05:24Z INFO [1475/5000] 550289e8-17ce-4922-8a3f-17fbfefddfaa: 31 internal nodes; 0.8 s; peak memory 506 MiB.
2026-10-05T17:05:25Z INFO [1476/5000] 550296db-e8e6-4eca-b6eb-5a78a540da75: 28 internal nodes; 0.9 s; peak memory 506 MiB.
2026-10-05T17:05:26Z INFO [1477/5000] 5502bd8f-2330-410c-aec9-8f7fcce9dc70: 36 internal nodes; 1.7 s; peak memory 506 MiB.
2026-10-05T17:05:27Z INFO [1478/5000] 55035139-6f4e-4964-a176-08e7910781d1: 28 internal nodes; 1.0 s; peak memory 506 MiB.
2026-10-05T17:05:28Z INFO [1479/5000] 55035a39-3a04-46c6-81f6-9a0dce794299: 53 internal nodes; 0.6 s; peak memory 506 MiB.
2026-10-05T17:05:29Z INFO [1480/5000] 550367d9-4d7c-4079-86e4-04d60b0f34a2: 31 internal nodes; 0.8 s; peak memory 506 MiB.
2026-10-05T17:05:36Z INFO [1481/5000] 550373ea-da93-495c-91c3-4cbb063e42d6: 335 internal nodes; 6.9 s; peak memory 506 MiB.
2026-10-05T17:05:36Z INFO [1482/5000] 5503b2fc-1eed-43bf-80ab-20b19007a8b3: 115 internal nodes; 0.8 s; peak memory 506 MiB.
2026-10-05T17:05:38Z INFO [1483/5000] 55041b4e-e8f8-46f3-9cd6-640cd1531024: 31 internal nodes; 1.2 s; peak memory 506 MiB.
2026-10-05T17:05:39Z INFO [1484/5000] 55046f9b-c80e-40e9-bff9-68a053180708: 21 internal nodes; 1.1 s; peak memory 506 MiB.
2026-10-05T17:05:48Z INFO [1485/5000] 5505d0f7-42ed-453f-b354-30dd06759c49: 373 internal nodes; 9.7 s; peak memory 506 MiB.
2026-10-05T17:05:49Z INFO [1486/5000] 55072530-b1e5-4bf7-a22f-e46507701876: 17 internal nodes; 0.4 s; peak memory 506 MiB.
2026-10-05T17:05:49Z INFO [1487/5000] 55075583-98aa-44c7-8189-1a094059ef7a: 19 internal nodes; 0.6 s; peak memory 506 MiB.
2026-10-05T17:05:51Z INFO [1488/5000] 5507819f-7c14-4552-a484-7b2cf95726eb: 66 internal nodes; 1.1 s; peak memory 506 MiB.
2026-10-05T17:05:51Z INFO [1489/5000] 5508f81c-51d5-463b-bff5-f36a1032fa06: 29 internal nodes; 0.6 s; peak memory 506 MiB.
2026-10-05T17:05:58Z INFO [1490/5000] 55095412-cc9e-46e7-ab1c-dfe63a2b3f3f: 195 internal nodes; 6.6 s; peak memory 506 MiB.
2026-10-05T17:05:58Z INFO [1491/5000] 550aa379-6fff-415e-9068-07f546e6bb48: 27 internal nodes; 0.6 s; peak memory 506 MiB.
2026-10-05T17:05:59Z INFO [1492/5000] 550ab419-423e-4ffc-b73b-2f8d6b85d631: 18 internal nodes; 0.4 s; peak memory 506 MiB.
2026-10-05T17:06:00Z INFO [1493/5000] 550ae89b-efa1-447b-99ea-2bd955b6ad22: 46 internal nodes; 1.6 s; peak memory 506 MiB.
2026-10-05T17:06:01Z INFO [1494/5000] 550b0ebd-a802-4567-84f3-2abdc0ab5235: 114 internal nodes; 0.7 s; peak memory 506 MiB.
2026-10-05T17:06:02Z INFO [1495/5000] 550b310d-944b-4737-b361-0efaa7945604: 22 internal nodes; 0.7 s; peak memory 506 MiB.
2026-10-05T17:06:04Z INFO [1496/5000] 550b9a99-5a5a-49ff-861e-8d1765ac9ec9: 46 internal nodes; 1.7 s; peak memory 506 MiB.
2026-10-05T17:06:04Z INFO [1497/5000] 550c6940-211e-439b-bec9-d87708e6634f: 27 internal nodes; 0.8 s; peak memory 506 MiB.
2026-10-05T17:06:05Z INFO [1498/5000] 550c80ff-fd34-4ba4-b0e9-2a5e19918389: 27 internal nodes; 0.7 s; peak memory 506 MiB.
2026-10-05T17:06:06Z INFO [1499/5000] 550ced0d-0b17-43ba-9489-8c0bbbdb4a64: 17 internal nodes; 0.7 s; peak memory 506 MiB.
2026-10-05T17:06:06Z INFO [1500/5000] 550e85d4-5503-46d7-8da6-ae28f15588c5: 11 internal nodes; 0.3 s; peak memory 506 MiB.
2026-10-05T17:06:06Z INFO [1500/5000] 550e85d4-5503-46d7-8da6-ae28f15588c5: checkpointed 87935 records.
2026-10-05T17:06:07Z INFO [1501/5000] 550f1402-8fc6-4c57-818b-29a0002909bc: 25 internal nodes; 0.4 s; peak memory 506 MiB.
2026-10-05T17:06:07Z INFO [1502/5000] 550faac6-c3c6-4110-9d46-ed0444e062ef: 117 internal nodes; 0.6 s; peak memory 506 MiB.
2026-10-05T17:06:08Z INFO [1503/5000] 550fb78e-e620-4b2b-9fd2-df37e7b22878: 11 internal nodes; 0.4 s; peak memory 506 MiB.
2026-10-05T17:06:08Z INFO [1504/5000] 550fec0e-ba37-43ba-a8e9-51d6441b0507: 17 internal nodes; 0.6 s; peak memory 506 MiB.
2026-10-05T17:06:09Z INFO [1505/5000] 55102939-949a-4cf4-b0d3-8f6270e3a19a: 27 internal nodes; 0.7 s; peak memory 506 MiB.
2026-10-05T17:06:10Z INFO [1506/5000] 55110053-5e93-40cd-86b4-cec1cc21309b: 17 internal nodes; 0.5 s; peak memory 506 MiB.
2026-10-05T17:06:10Z INFO [1507/5000] 5512af97-29e9-461f-9901-42afea58121e: 24 internal nodes; 0.7 s; peak memory 506 MiB.
2026-10-05T17:06:11Z INFO [1508/5000] 55135c9e-5a46-48f0-978d-4902e196d5dd: 27 internal nodes; 0.7 s; peak memory 506 MiB.
2026-10-05T17:06:12Z INFO [1509/5000] 5513803b-69d2-4df1-a20c-63796d37f0da: 27 internal nodes; 0.7 s; peak memory 506 MiB.
2026-10-05T17:06:12Z INFO [1510/5000] 551382b7-1dc2-47b3-9c0a-60692da5045d: 19 internal nodes; 0.5 s; peak memory 506 MiB.
2026-10-05T17:06:16Z INFO [1511/5000] 5513cb08-23be-4343-a027-d5acc0fe85b5: 73 internal nodes; 4.0 s; peak memory 506 MiB.
2026-10-05T17:06:18Z INFO [1512/5000] 55147651-078b-45d5-abc0-989ef07886d0: 44 internal nodes; 1.4 s; peak memory 506 MiB.
2026-10-05T17:06:18Z INFO [1513/5000] 5514ab8f-736e-4cac-a6b2-3e67f0a2cba8: 34 internal nodes; 0.9 s; peak memory 506 MiB.
2026-10-05T17:06:19Z INFO [1514/5000] 5516975c-c112-4853-ba99-0f311b8dd6cd: 31 internal nodes; 0.9 s; peak memory 506 MiB.
2026-10-05T17:06:22Z INFO [1515/5000] 55172511-1b63-4ba1-9ad2-ca4290151304: 129 internal nodes; 2.9 s; peak memory 506 MiB.
2026-10-05T17:06:23Z INFO [1516/5000] 55180915-8c78-432b-84aa-983273518896: 26 internal nodes; 0.8 s; peak memory 506 MiB.
2026-10-05T17:06:23Z INFO [1517/5000] 551a0c07-3739-4eca-8eea-df2cc83aafd6: 11 internal nodes; 0.3 s; peak memory 506 MiB.
2026-10-05T17:06:24Z INFO [1518/5000] 551af1bd-1cea-4c0e-bbd2-3fb22eb4820b: 17 internal nodes; 0.6 s; peak memory 506 MiB.
2026-10-05T17:06:26Z INFO [1519/5000] 551b6324-b9ff-4db6-a25f-e1aab7de4199: 72 internal nodes; 1.6 s; peak memory 506 MiB.
2026-10-05T17:06:30Z INFO [1520/5000] 551b7a1f-590f-4950-b489-3d6d7f208e51: 47 internal nodes; 4.5 s; peak memory 506 MiB.
2026-10-05T17:06:31Z INFO [1521/5000] 551ba7a9-4e09-4cb1-bcdf-476f43591c39: 17 internal nodes; 0.6 s; peak memory 506 MiB.
2026-10-05T17:06:39Z INFO [1522/5000] 551c0ed9-5923-4665-b2a6-5fb6b31843de: 488 internal nodes; 8.5 s; peak memory 506 MiB.
2026-10-05T17:06:40Z INFO [1523/5000] 551c7964-57fd-4cf7-834f-c73956d20f32: 25 internal nodes; 0.7 s; peak memory 506 MiB.
2026-10-05T17:06:40Z INFO [1524/5000] 551cd2a8-1ee2-4eff-bd0f-0ddbac4c3b06: 16 internal nodes; 0.5 s; peak memory 506 MiB.
2026-10-05T17:06:41Z INFO [1525/5000] 551ceaa6-9ac6-4856-aa80-bb6cb4612b54: 31 internal nodes; 0.8 s; peak memory 506 MiB.
2026-10-05T17:06:43Z INFO [1526/5000] 551dce68-dbe4-4bc0-a36b-d5716136b0fb: 44 internal nodes; 1.8 s; peak memory 506 MiB.
2026-10-05T17:06:44Z INFO [1527/5000] 551e4b14-a18d-4c4d-bf33-011b8d5cb3fb: 115 internal nodes; 0.6 s; peak memory 506 MiB.
2026-10-05T17:06:44Z INFO [1528/5000] 551e8c2d-7e6f-4981-8a69-619ccced61bd: 31 internal nodes; 0.8 s; peak memory 506 MiB.
2026-10-05T17:06:45Z INFO [1529/5000] 551f041b-67f5-4b00-b5d7-f9c4cf93e2f7: 56 internal nodes; 0.9 s; peak memory 506 MiB.
2026-10-05T17:06:46Z INFO [1530/5000] 551f4e02-04a5-4831-ba2c-c37cca37f435: 19 internal nodes; 0.6 s; peak memory 506 MiB.
2026-10-05T17:06:47Z INFO [1531/5000] 551f5fcd-e2d4-4204-aa61-8eec5b44c2a0: 17 internal nodes; 0.6 s; peak memory 506 MiB.
2026-10-05T17:06:47Z INFO [1532/5000] 551f6992-2553-4111-ac3c-09382c16fd04: 19 internal nodes; 0.6 s; peak memory 506 MiB.
2026-10-05T17:06:48Z INFO [1533/5000] 551ff407-d721-4d2d-814e-60bea41b719e: 17 internal nodes; 0.5 s; peak memory 506 MiB.
2026-10-05T17:06:48Z INFO [1534/5000] 551ff749-761e-4253-821c-6c07cc470586: 26 internal nodes; 0.4 s; peak memory 506 MiB.
2026-10-05T17:06:49Z INFO [1535/5000] 5520084d-6654-4122-adb2-8a2132be1382: 27 internal nodes; 0.6 s; peak memory 506 MiB.
2026-10-05T17:06:49Z INFO [1536/5000] 55200c83-a892-4947-99cb-eafba84d5b72: 29 internal nodes; 0.7 s; peak memory 506 MiB.
2026-10-05T17:06:53Z INFO [1537/5000] 55207bc5-1a71-4e72-bb91-1c6a359b84c0: 54 internal nodes; 3.6 s; peak memory 506 MiB.
2026-10-05T17:06:54Z INFO [1538/5000] 55213796-6292-4252-986a-1a0f07ea191f: 17 internal nodes; 0.7 s; peak memory 506 MiB.
2026-10-05T17:07:00Z INFO [1539/5000] 5521766e-6776-46bc-8fb0-5596c048d446: 324 internal nodes; 6.4 s; peak memory 506 MiB.
2026-10-05T17:07:01Z INFO [1540/5000] 5521ab72-9d9e-42b6-9520-4c4869540f35: 19 internal nodes; 0.7 s; peak memory 506 MiB.
2026-10-05T17:07:01Z INFO [1541/5000] 5521e482-b988-4b2e-8381-b8dd44ffd4ca: 15 internal nodes; 0.4 s; peak memory 506 MiB.
2026-10-05T17:07:02Z INFO [1542/5000] 55222330-6735-400a-aded-4783026b766d: 19 internal nodes; 0.6 s; peak memory 506 MiB.
2026-10-05T17:07:02Z INFO [1543/5000] 552290f4-5aff-499c-9f35-755e516e5370: 17 internal nodes; 0.5 s; peak memory 506 MiB.
2026-10-05T17:07:03Z INFO [1544/5000] 5522d59f-8484-43c0-985b-addffb03b050: 31 internal nodes; 0.6 s; peak memory 506 MiB.
2026-10-05T17:07:09Z INFO [1545/5000] 552373fa-0b1e-40ed-9740-08a137d83064: 71 internal nodes; 6.5 s; peak memory 506 MiB.
2026-10-05T17:07:15Z INFO [1546/5000] 5523b86b-beca-44a2-b1b0-b69f036c2d31: 207 internal nodes; 5.8 s; peak memory 506 MiB.
2026-10-05T17:07:16Z INFO [1547/5000] 552443d2-96c5-4628-b003-4a29d542600a: 63 internal nodes; 1.1 s; peak memory 506 MiB.
2026-10-05T17:07:18Z INFO [1548/5000] 5524441c-42b7-4f3b-b1ab-95bb2a7e8ee9: 46 internal nodes; 2.0 s; peak memory 506 MiB.
2026-10-05T17:07:19Z INFO [1549/5000] 55245ece-1dd8-4e4a-a3c2-ef2b6fc0f8b5: 67 internal nodes; 1.1 s; peak memory 506 MiB.
2026-10-05T17:07:24Z INFO [1550/5000] 5524b886-bdae-43ac-abe0-15062c9ffaab: 115 internal nodes; 5.1 s; peak memory 506 MiB.
2026-10-05T17:07:25Z INFO [1550/5000] 5524b886-bdae-43ac-abe0-15062c9ffaab: checkpointed 87985 records.
2026-10-05T17:07:25Z INFO [1551/5000] 5524bca5-48c6-4f8d-875f-8b4168fe534c: 31 internal nodes; 0.8 s; peak memory 506 MiB.
2026-10-05T17:07:26Z INFO [1552/5000] 5525d836-77ce-45ae-9078-b57353f3df07: 17 internal nodes; 0.6 s; peak memory 506 MiB.
2026-10-05T17:07:26Z INFO [1553/5000] 55265f89-d363-40d7-a329-a18b6bef2078: 11 internal nodes; 0.5 s; peak memory 506 MiB.
2026-10-05T17:07:27Z INFO [1554/5000] 55277ed3-9a71-41ff-b7e4-9dbeca5975ad: 17 internal nodes; 0.5 s; peak memory 506 MiB.
2026-10-05T17:07:28Z INFO [1555/5000] 5527eb89-2198-49ff-a161-c5d733e547ec: 17 internal nodes; 0.5 s; peak memory 506 MiB.
2026-10-05T17:07:28Z INFO [1556/5000] 55289694-f0fb-4ffd-b569-26879acc3d24: 13 internal nodes; 0.7 s; peak memory 506 MiB.
2026-10-05T17:07:30Z INFO [1557/5000] 5528a616-38c5-44e8-a436-fb57c4dab7e8: 43 internal nodes; 1.6 s; peak memory 506 MiB.
2026-10-05T17:07:31Z INFO [1558/5000] 55293507-fb09-4142-918f-4ab4500b5c8c: 65 internal nodes; 0.9 s; peak memory 506 MiB.
2026-10-05T17:07:32Z INFO [1559/5000] 5529490b-d1de-47e0-8422-cc285df0751a: 31 internal nodes; 1.0 s; peak memory 506 MiB.
2026-10-05T17:07:32Z INFO [1560/5000] 552b30d0-aac3-4703-a7ee-5adc02353ed8: 19 internal nodes; 0.6 s; peak memory 506 MiB.
2026-10-05T17:07:33Z INFO [1561/5000] 552b7a93-a106-4325-a911-099cdba7a904: 28 internal nodes; 0.9 s; peak memory 506 MiB.
2026-10-05T17:07:34Z INFO [1562/5000] 552c9a0c-f6a7-4638-ae71-45c83ddc4f58: 31 internal nodes; 0.8 s; peak memory 506 MiB.
2026-10-05T17:07:43Z INFO [1563/5000] 552cdee7-c71b-4d7f-83c0-af6f4977d30a: 290 internal nodes; 8.7 s; peak memory 506 MiB.
2026-10-05T17:07:44Z INFO [1564/5000] 552d059c-1922-4b3f-97b0-50f590153934: 17 internal nodes; 0.7 s; peak memory 506 MiB.
2026-10-05T17:07:44Z INFO [1565/5000] 552d4035-9465-40e4-987e-f1b7964d06bf: 18 internal nodes; 0.4 s; peak memory 506 MiB.
2026-10-05T17:07:45Z INFO [1566/5000] 552dd05a-f2a9-452d-8356-527a6ee9a087: 17 internal nodes; 0.5 s; peak memory 506 MiB.
2026-10-05T17:07:45Z INFO [1567/5000] 552ef4d3-43cc-48ed-920b-c312ff4cd0cd: 27 internal nodes; 0.7 s; peak memory 506 MiB.
2026-10-05T17:07:47Z INFO [1568/5000] 55308d49-b1cb-4875-9edf-9fce3f2d898f: 46 internal nodes; 1.7 s; peak memory 506 MiB.
2026-10-05T17:07:47Z INFO [1569/5000] 5530ef0f-af2c-4a50-9138-8f188c011054: 23 internal nodes; 0.5 s; peak memory 506 MiB.
2026-10-05T17:07:48Z INFO [1570/5000] 5532a1a7-17cc-4c75-ac34-4d870b34b01a: 28 internal nodes; 0.8 s; peak memory 506 MiB.
2026-10-05T17:07:49Z INFO [1571/5000] 5532b6c0-f77d-41d7-b917-88bacc0a0025: 17 internal nodes; 0.6 s; peak memory 506 MiB.
2026-10-05T17:07:49Z INFO [1572/5000] 5532e35e-47fb-4ba2-8516-5ffd0a0c9cf5: 11 internal nodes; 0.5 s; peak memory 506 MiB.
2026-10-05T17:07:50Z INFO [1573/5000] 55337990-9078-4132-a967-74be4e19757d: 67 internal nodes; 1.1 s; peak memory 506 MiB.
2026-10-05T17:07:57Z INFO [1574/5000] 5533e4a3-b7ec-430d-b3a2-509878aa5b73: 71 internal nodes; 6.9 s; peak memory 506 MiB.
2026-10-05T17:07:58Z INFO [1575/5000] 5533f0ae-c414-4ece-8dea-a090905e2d00: 26 internal nodes; 0.4 s; peak memory 506 MiB.
2026-10-05T17:07:58Z INFO [1576/5000] 5534871d-567c-45da-83c8-abd3ba758765: 37 internal nodes; 0.8 s; peak memory 506 MiB.
2026-10-05T17:07:59Z INFO [1577/5000] 5534f251-6e3c-468f-92ef-44c87537e123: 11 internal nodes; 0.3 s; peak memory 506 MiB.
2026-10-05T17:08:00Z INFO [1578/5000] 55353f70-2845-4f4a-8fbe-54089e999f57: 62 internal nodes; 1.1 s; peak memory 506 MiB.
2026-10-05T17:08:01Z INFO [1579/5000] 55357257-5cd9-46c3-b79b-05f21b7eb440: 27 internal nodes; 0.8 s; peak memory 506 MiB.
2026-10-05T17:08:01Z INFO [1580/5000] 553579fe-3adf-41ff-95bc-a9e974764521: 17 internal nodes; 0.6 s; peak memory 506 MiB.
2026-10-05T17:08:02Z INFO [1581/5000] 553597bd-d5dd-4025-b5cb-89cd36e904c2: 17 internal nodes; 0.7 s; peak memory 506 MiB.
2026-10-05T17:08:03Z INFO [1582/5000] 55368cd0-1203-473e-900e-22f849a09616: 44 internal nodes; 1.0 s; peak memory 506 MiB.
2026-10-05T17:08:04Z INFO [1583/5000] 5536e68b-e25b-44e2-9b9e-721ba980c53f: 27 internal nodes; 0.6 s; peak memory 506 MiB.
2026-10-05T17:08:07Z INFO [1584/5000] 5537ffeb-0844-4814-bc4e-86e8f0b2e445: 113 internal nodes; 2.8 s; peak memory 506 MiB.
2026-10-05T17:08:08Z INFO [1585/5000] 5539f89b-919a-412e-a95c-ec3385429ab8: 122 internal nodes; 1.1 s; peak memory 506 MiB.
2026-10-05T17:08:11Z INFO [1586/5000] 553a4af9-6fc2-4eaa-9073-b9707e62fa9b: 67 internal nodes; 3.2 s; peak memory 506 MiB.
2026-10-05T17:08:12Z INFO [1587/5000] 553a4d29-d687-4cdb-9b14-e9d1e67d89a9: 58 internal nodes; 0.7 s; peak memory 506 MiB.
2026-10-05T17:08:12Z INFO [1588/5000] 553afde7-f6c3-4873-8da7-0a32607e8d97: 31 internal nodes; 0.8 s; peak memory 506 MiB.
2026-10-05T17:08:13Z INFO [1589/5000] 553b618d-dab3-4968-b5db-f0677a3d586e: 61 internal nodes; 1.0 s; peak memory 506 MiB.
2026-10-05T17:08:14Z INFO [1590/5000] 553cb899-e362-4cbd-9f30-decf4d6f20fd: 13 internal nodes; 0.5 s; peak memory 506 MiB.
2026-10-05T17:08:16Z INFO [1591/5000] 553d7f2f-8d21-4c75-b57f-17b81da6fb5d: 60 internal nodes; 1.8 s; peak memory 506 MiB.
2026-10-05T17:08:16Z INFO [1592/5000] 553e18a7-b934-4c1c-b377-e752500121ec: 13 internal nodes; 0.4 s; peak memory 506 MiB.
2026-10-05T17:08:17Z INFO [1593/5000] 553e69da-b567-4972-bf0d-c71cff3201da: 27 internal nodes; 0.8 s; peak memory 506 MiB.
2026-10-05T17:08:17Z INFO [1594/5000] 553faa78-5644-4c58-a103-971f116be309: 17 internal nodes; 0.6 s; peak memory 506 MiB.
2026-10-05T17:08:19Z INFO [1595/5000] 553fca6d-9497-4d50-a1e4-32fca76281f1: 75 internal nodes; 1.6 s; peak memory 506 MiB.
2026-10-05T17:08:19Z INFO [1596/5000] 554045d3-756e-4437-bc86-fde38b5163f2: 17 internal nodes; 0.5 s; peak memory 506 MiB.
2026-10-05T17:08:20Z INFO [1597/5000] 55404955-4e91-4381-8042-e7886bc65d62: 19 internal nodes; 0.4 s; peak memory 506 MiB.
2026-10-05T17:08:23Z INFO [1598/5000] 55406ba1-e4fa-4580-bd70-b528292519b8: 73 internal nodes; 3.4 s; peak memory 506 MiB.
2026-10-05T17:08:24Z INFO [1599/5000] 554103eb-e530-4746-93b9-6ffad6f327e1: 17 internal nodes; 0.6 s; peak memory 506 MiB.
2026-10-05T17:08:25Z INFO [1600/5000] 55415b79-aaba-426b-b2a4-41e8c5c5b648: 66 internal nodes; 1.0 s; peak memory 506 MiB.
2026-10-05T17:08:25Z INFO [1600/5000] 55415b79-aaba-426b-b2a4-41e8c5c5b648: checkpointed 88035 records.
2026-10-05T17:08:26Z INFO [1601/5000] 5541c8ee-73db-447c-81f0-3e6ea46934c3: 17 internal nodes; 0.6 s; peak memory 506 MiB.
2026-10-05T17:08:26Z INFO [1602/5000] 5541c9cc-e7e6-40cd-bf79-4d7a031387fc: 17 internal nodes; 0.4 s; peak memory 506 MiB.
2026-10-05T17:08:26Z INFO [1603/5000] 5541d120-776a-4258-9653-664e499d9784: 22 internal nodes; 0.4 s; peak memory 506 MiB.
2026-10-05T17:08:28Z INFO [1604/5000] 5541e68b-4a0e-40f3-b9af-66a411cbad4e: 27 internal nodes; 1.5 s; peak memory 506 MiB.
2026-10-05T17:08:29Z INFO [1605/5000] 5541fd9a-0f5c-4cf4-877f-5340b0bbb5c3: 17 internal nodes; 0.7 s; peak memory 506 MiB.
2026-10-05T17:08:29Z INFO [1606/5000] 5542c3f5-c36c-43d0-983e-cd1951ded5e8: 27 internal nodes; 0.7 s; peak memory 506 MiB.
2026-10-05T17:08:31Z INFO [1607/5000] 5542ca5b-7826-4fc1-9897-395865dc4d5b: 65 internal nodes; 1.5 s; peak memory 506 MiB.
2026-10-05T17:08:36Z INFO [1608/5000] 5542cba1-8596-4563-8d20-fd56f003aa43: 207 internal nodes; 5.1 s; peak memory 506 MiB.
2026-10-05T17:09:05Z INFO [1609/5000] 5544a6e1-6f0c-450a-8a90-c056b43e456c: 354 internal nodes; 29.0 s; peak memory 506 MiB.
2026-10-05T17:09:06Z INFO [1610/5000] 5544f980-2dd6-434e-8a5e-c588c1e90f9f: 31 internal nodes; 0.8 s; peak memory 506 MiB.
2026-10-05T17:09:06Z INFO [1611/5000] 55452c55-182e-4894-bf4f-2c4fdfa119d9: 27 internal nodes; 0.6 s; peak memory 506 MiB.
2026-10-05T17:09:07Z INFO [1612/5000] 55453937-13f2-4e21-9c17-b4da23b6927e: 63 internal nodes; 0.8 s; peak memory 506 MiB.
2026-10-05T17:09:11Z INFO [1613/5000] 5545776c-0d76-4522-97fc-ca80b7ef9fe6: 172 internal nodes; 3.8 s; peak memory 506 MiB.
2026-10-05T17:09:12Z INFO [1614/5000] 55460b6f-fac2-42cf-a3c9-9214ef705abe: 27 internal nodes; 0.7 s; peak memory 506 MiB.
2026-10-05T17:09:26Z INFO [1615/5000] 55468dde-0175-4c51-a348-a40c38250923: 246 internal nodes; 14.4 s; peak memory 506 MiB.
2026-10-05T17:09:31Z INFO [1616/5000] 554876ab-1a4b-4037-a62d-ea10e2c9f43c: 282 internal nodes; 4.5 s; peak memory 506 MiB.
2026-10-05T17:09:31Z INFO [1617/5000] 5548d5fd-636a-4347-b403-7808668ad6ba: 23 internal nodes; 0.7 s; peak memory 506 MiB.
2026-10-05T17:09:32Z INFO [1618/5000] 5549da22-fea5-462f-902d-76cc2b576823: 29 internal nodes; 1.0 s; peak memory 506 MiB.
2026-10-05T17:09:33Z INFO [1619/5000] 554a943e-ef66-490a-b3d5-5a2aed5ee1fd: 21 internal nodes; 0.5 s; peak memory 506 MiB.
2026-10-05T17:09:33Z INFO [1620/5000] 554c00f6-7982-4c70-8629-9c834d6783e5: 17 internal nodes; 0.7 s; peak memory 506 MiB.
2026-10-05T17:09:34Z INFO [1621/5000] 554c1391-3371-43ca-8423-a20ecd30f609: 17 internal nodes; 0.5 s; peak memory 506 MiB.
2026-10-05T17:09:35Z INFO [1622/5000] 554cb97f-0b1c-433d-b134-0629935ca0e2: 31 internal nodes; 0.6 s; peak memory 506 MiB.
2026-10-05T17:09:36Z INFO [1623/5000] 554d7554-05a4-4708-83b9-31e6de4f7292: 69 internal nodes; 1.0 s; peak memory 506 MiB.
2026-10-05T17:09:36Z INFO [1624/5000] 554d8950-ac35-438f-915d-a3ea06b21b6c: 27 internal nodes; 0.7 s; peak memory 506 MiB.
2026-10-05T17:09:37Z INFO [1625/5000] 554de486-dd35-4140-b13e-ae9f0b48c354: 31 internal nodes; 0.9 s; peak memory 506 MiB.
2026-10-05T17:09:38Z INFO [1626/5000] 554e409f-ef77-4ce5-aaea-2f9651f8b6cd: 27 internal nodes; 0.8 s; peak memory 506 MiB.
2026-10-05T17:09:39Z INFO [1627/5000] 554e486d-dc2e-453b-bb76-466aa1e5cb57: 17 internal nodes; 0.6 s; peak memory 506 MiB.
2026-10-05T17:09:54Z INFO [1628/5000] 554fccdc-5a50-4dfb-8e02-2543775455db: 2335 internal nodes; 15.0 s; peak memory 506 MiB.
2026-10-05T17:09:54Z INFO [1629/5000] 554fd5b7-c63b-4909-99b3-e1949dea7a28: 19 internal nodes; 0.6 s; peak memory 506 MiB.
2026-10-05T17:09:55Z INFO [1630/5000] 55505bc2-6d57-4f18-8dea-2f91e2aae21c: 36 internal nodes; 1.1 s; peak memory 506 MiB.
2026-10-05T17:09:56Z INFO [1631/5000] 5550f6d1-c91d-4e98-9fcd-5d789e8136be: 27 internal nodes; 0.6 s; peak memory 506 MiB.
2026-10-05T17:09:57Z INFO [1632/5000] 5552e98b-2a00-4637-a5b6-7dcc851f5a12: 17 internal nodes; 0.7 s; peak memory 506 MiB.
2026-10-05T17:09:57Z INFO [1633/5000] 555351ab-68ff-4dcf-aae3-344d3c8befdb: 27 internal nodes; 0.5 s; peak memory 506 MiB.
2026-10-05T17:09:58Z INFO [1634/5000] 5553aded-16c8-4c1a-bf49-0d62b6961f36: 31 internal nodes; 0.7 s; peak memory 506 MiB.
2026-10-05T17:09:59Z INFO [1635/5000] 555439b6-98f0-472c-ba0f-a73239dd5608: 29 internal nodes; 0.8 s; peak memory 506 MiB.
2026-10-05T17:09:59Z INFO [1636/5000] 555443ab-cd99-4bd1-9f1a-6b5849094dc7: 17 internal nodes; 0.6 s; peak memory 506 MiB.
2026-10-05T17:10:00Z INFO [1637/5000] 55548190-b3c1-46f0-ae41-c7555c1fc5f0: 17 internal nodes; 0.6 s; peak memory 506 MiB.
2026-10-05T17:10:00Z INFO [1638/5000] 5554ad63-b8ac-4e9f-ab01-23f6833a5e2e: 26 internal nodes; 0.4 s; peak memory 506 MiB.
2026-10-05T17:10:02Z INFO [1639/5000] 55550a2d-9f51-480f-95f8-531609029a78: 38 internal nodes; 1.3 s; peak memory 506 MiB.
2026-10-05T17:10:02Z INFO [1640/5000] 555544c9-c14a-4dcd-b39d-f5cdcffc58ca: 19 internal nodes; 0.7 s; peak memory 506 MiB.
2026-10-05T17:10:03Z INFO [1641/5000] 55555df6-bd61-4682-88ed-fc130e11a7ed: 17 internal nodes; 0.6 s; peak memory 506 MiB.
2026-10-05T17:10:04Z INFO [1642/5000] 55556324-3666-4a09-b403-100ac1ab2859: 66 internal nodes; 1.3 s; peak memory 506 MiB.
2026-10-05T17:10:05Z INFO [1643/5000] 555588dd-0311-48f1-a063-e20ba062187a: 13 internal nodes; 0.5 s; peak memory 506 MiB.
2026-10-05T17:10:06Z INFO [1644/5000] 55558ed7-e136-4d92-a34e-b42636f87043: 21 internal nodes; 0.8 s; peak memory 506 MiB.
2026-10-05T17:10:06Z INFO [1645/5000] 55561905-0031-4411-b372-d55ab1cc789d: 31 internal nodes; 0.7 s; peak memory 506 MiB.
2026-10-05T17:10:32Z INFO [1646/5000] 5556694c-ad11-4833-a8d0-1db3443b70ee: 93 internal nodes; 26.1 s; peak memory 506 MiB.
2026-10-05T17:10:33Z INFO [1647/5000] 5556b6da-ec98-4315-a73d-e50ed657f750: 13 internal nodes; 0.5 s; peak memory 506 MiB.
2026-10-05T17:10:33Z INFO [1648/5000] 5556e3bd-ade9-46da-ab27-9b5e7a20e34b: 27 internal nodes; 0.6 s; peak memory 506 MiB.
2026-10-05T17:10:34Z INFO [1649/5000] 5557cd29-249f-4853-8df1-4c75e6dc9032: 53 internal nodes; 1.0 s; peak memory 506 MiB.
2026-10-05T17:10:43Z INFO [1650/5000] 55587f2b-69f3-495d-86ea-f5ef01d20ee6: 275 internal nodes; 8.1 s; peak memory 506 MiB.
2026-10-05T17:10:43Z INFO [1650/5000] 55587f2b-69f3-495d-86ea-f5ef01d20ee6: checkpointed 88085 records.
2026-10-05T17:10:44Z INFO [1651/5000] 5558a6e8-77ea-43b0-8480-cec343220714: 37 internal nodes; 0.8 s; peak memory 506 MiB.
2026-10-05T17:10:44Z INFO [1652/5000] 5558d922-e23d-4df5-8474-b8abf3eea31a: 27 internal nodes; 0.6 s; peak memory 506 MiB.
2026-10-05T17:10:45Z INFO [1653/5000] 5558dbca-fa03-4ff3-8d83-bfde9c4ab6e9: 25 internal nodes; 0.5 s; peak memory 506 MiB.
2026-10-05T17:10:45Z INFO [1654/5000] 5558e9ff-1007-458e-86b9-990be91b9cc5: 13 internal nodes; 0.4 s; peak memory 506 MiB.
2026-10-05T17:10:46Z INFO [1655/5000] 5558f054-a670-4335-97cc-a244a33f6ad0: 17 internal nodes; 0.4 s; peak memory 506 MiB.
2026-10-05T17:10:46Z INFO [1656/5000] 55594651-20cb-4d7b-ac6a-566ea6f3e1a7: 27 internal nodes; 0.9 s; peak memory 506 MiB.
2026-10-05T17:10:47Z INFO [1657/5000] 555a17f7-2576-41c4-b78d-523c5d940146: 27 internal nodes; 0.8 s; peak memory 506 MiB.
2026-10-05T17:10:48Z INFO [1658/5000] 555b1b1f-4e0f-4a97-b6ce-04b5a474f816: 17 internal nodes; 0.6 s; peak memory 506 MiB.
2026-10-05T17:10:52Z INFO [1659/5000] 555c66e6-acf0-4719-8199-fd87a3ed4098: 61 internal nodes; 4.0 s; peak memory 506 MiB.
2026-10-05T17:10:53Z INFO [1660/5000] 555d04c3-fa1c-4bcc-871b-5c65651f5c95: 27 internal nodes; 0.7 s; peak memory 506 MiB.
2026-10-05T17:10:56Z INFO [1661/5000] 555d700c-e8a7-439f-ae7e-03ff0f2aa73f: 167 internal nodes; 3.3 s; peak memory 506 MiB.
2026-10-05T17:11:00Z INFO [1662/5000] 555d70ea-1e26-4552-b045-df39a1546506: 61 internal nodes; 4.2 s; peak memory 506 MiB.
2026-10-05T17:11:04Z INFO [1663/5000] 555fa735-f4ee-4888-9ef8-c07faa73e496: 65 internal nodes; 4.1 s; peak memory 506 MiB.
2026-10-05T17:11:05Z INFO [1664/5000] 555fddfb-8481-460f-9508-d93225cc71a3: 19 internal nodes; 0.5 s; peak memory 506 MiB.
2026-10-05T17:11:05Z INFO [1665/5000] 55609658-d4bc-42c2-ac2e-a2ddf083e957: 17 internal nodes; 0.5 s; peak memory 506 MiB.
2026-10-05T17:11:11Z INFO [1666/5000] 5561eb33-0c2d-4781-8d65-3051e000f226: 261 internal nodes; 6.4 s; peak memory 506 MiB.
2026-10-05T17:11:12Z INFO [1667/5000] 556398b1-5665-44bb-b5e1-78022c568efe: 17 internal nodes; 0.7 s; peak memory 506 MiB.
2026-10-05T17:11:13Z INFO [1668/5000] 55643174-a6df-416c-a3ce-0be878026066: 17 internal nodes; 0.6 s; peak memory 506 MiB.
2026-10-05T17:11:14Z INFO [1669/5000] 55643e72-563d-46b0-ac5b-23b8b61cdc92: 116 internal nodes; 0.8 s; peak memory 506 MiB.
2026-10-05T17:11:14Z INFO [1670/5000] 55648201-be13-48da-b529-4772d35fc851: 17 internal nodes; 0.7 s; peak memory 506 MiB.
2026-10-05T17:11:15Z INFO [1671/5000] 5564be04-553b-415a-8e29-5add7d8c8027: 27 internal nodes; 0.7 s; peak memory 506 MiB.
2026-10-05T17:11:18Z INFO [1672/5000] 5565bb0a-75bb-4571-bf47-8c009740fa39: 70 internal nodes; 2.9 s; peak memory 506 MiB.
2026-10-05T17:11:19Z INFO [1673/5000] 5566b4b9-3948-4a69-bc06-d4d7b3c6a6f6: 17 internal nodes; 0.6 s; peak memory 506 MiB.
2026-10-05T17:11:19Z INFO [1674/5000] 55678484-c983-49b5-835d-6364ad8e157a: 22 internal nodes; 0.8 s; peak memory 506 MiB.
2026-10-05T17:11:20Z INFO [1675/5000] 55679643-34de-4b06-a02b-6bf8bafe5eab: 17 internal nodes; 0.6 s; peak memory 506 MiB.
2026-10-05T17:11:21Z INFO [1676/5000] 5567bf8f-69cb-467c-8514-0ca13e08b088: 27 internal nodes; 0.7 s; peak memory 506 MiB.
2026-10-05T17:11:21Z INFO [1677/5000] 5568f28c-14fe-44e1-a60c-c1e028f002fb: 29 internal nodes; 0.7 s; peak memory 506 MiB.
2026-10-05T17:11:22Z INFO [1678/5000] 55693b33-78c5-4621-afff-59611d871e73: 16 internal nodes; 0.5 s; peak memory 506 MiB.
2026-10-05T17:11:22Z INFO [1679/5000] 556a45a6-5c79-4047-b9e7-5d08aed51711: 17 internal nodes; 0.5 s; peak memory 506 MiB.
2026-10-05T17:11:26Z INFO [1680/5000] 556a46a1-1ea3-4461-b957-330b6212120f: 55 internal nodes; 3.6 s; peak memory 506 MiB.
2026-10-05T17:11:27Z INFO [1681/5000] 556a86b7-deac-4ed9-a7c5-542d71778ccd: 27 internal nodes; 0.8 s; peak memory 506 MiB.
2026-10-05T17:11:27Z INFO [1682/5000] 556b0abf-01c7-4a05-9787-a781aa68a474: 17 internal nodes; 0.5 s; peak memory 506 MiB.
2026-10-05T17:11:28Z INFO [1683/5000] 556ba451-a123-40fb-8518-28e588088b1f: 27 internal nodes; 0.6 s; peak memory 506 MiB.
2026-10-05T17:11:29Z INFO [1684/5000] 556bb845-1e43-4883-b370-575a6eb90a40: 19 internal nodes; 0.6 s; peak memory 506 MiB.
2026-10-05T17:11:30Z INFO [1685/5000] 556bf577-b1a3-4fb4-af09-bf3d357e9a00: 66 internal nodes; 1.4 s; peak memory 506 MiB.
2026-10-05T17:11:31Z INFO [1686/5000] 556d1ce5-ca5a-445e-9fa3-d4c3d21bcf5a: 118 internal nodes; 0.7 s; peak memory 506 MiB.
2026-10-05T17:11:31Z INFO [1687/5000] 556d8e97-833f-430e-8a14-ee6d82b65441: 17 internal nodes; 0.6 s; peak memory 506 MiB.
2026-10-05T17:11:32Z INFO [1688/5000] 556e0517-e6b7-4aff-a7e8-28d79df43a5b: 13 internal nodes; 0.5 s; peak memory 506 MiB.
2026-10-05T17:11:32Z INFO [1689/5000] 556e30d7-a2ef-457d-bdab-506063491a77: 17 internal nodes; 0.5 s; peak memory 506 MiB.
2026-10-05T17:11:33Z INFO [1690/5000] 556e6df7-292b-40b0-a243-8d70b98d78ed: 61 internal nodes; 1.0 s; peak memory 506 MiB.
2026-10-05T17:11:34Z INFO [1691/5000] 556ea4e8-6ce3-47c4-9b3d-32d1c7495219: 17 internal nodes; 0.5 s; peak memory 506 MiB.
2026-10-05T17:11:41Z INFO [1692/5000] 556eded9-223f-4e1f-8bed-afbcb74dbe50: 351 internal nodes; 7.2 s; peak memory 506 MiB.
2026-10-05T17:11:42Z INFO [1693/5000] 556fe468-cef2-439b-88f8-0e9e15f17cdf: 44 internal nodes; 1.3 s; peak memory 506 MiB.
2026-10-05T17:11:43Z INFO [1694/5000] 556ff0b9-a7f3-4e0b-bbf6-f710e2444991: 26 internal nodes; 0.6 s; peak memory 506 MiB.
2026-10-05T17:11:43Z INFO [1695/5000] 5572737f-31ad-4a40-a890-b9ce894ad080: 21 internal nodes; 0.4 s; peak memory 506 MiB.
2026-10-05T17:11:44Z INFO [1696/5000] 5572b0c4-09d5-4b89-a97a-532f66debdd5: 27 internal nodes; 0.6 s; peak memory 506 MiB.
2026-10-05T17:11:45Z INFO [1697/5000] 55739ea9-8537-49b0-baec-0933a17fe201: 17 internal nodes; 0.6 s; peak memory 506 MiB.
2026-10-05T17:11:45Z INFO [1698/5000] 5573c272-c328-430b-99e1-40355648e2ef: 19 internal nodes; 0.6 s; peak memory 506 MiB.
2026-10-05T17:11:46Z INFO [1699/5000] 5573e9bc-c35f-4c64-b105-4c11132516ec: 27 internal nodes; 0.6 s; peak memory 506 MiB.
2026-10-05T17:11:46Z INFO [1700/5000] 557491d4-0741-434f-9be8-366475b56e02: 13 internal nodes; 0.4 s; peak memory 506 MiB.
2026-10-05T17:11:47Z INFO [1700/5000] 557491d4-0741-434f-9be8-366475b56e02: checkpointed 88135 records.
2026-10-05T17:11:47Z INFO [1701/5000] 55752bb0-d737-4f78-b51b-7d0cfe9febb0: 26 internal nodes; 0.5 s; peak memory 506 MiB.
2026-10-05T17:11:47Z INFO [1702/5000] 55755577-335d-40cf-92f6-ab0092ed5271: 22 internal nodes; 0.4 s; peak memory 506 MiB.
2026-10-05T17:11:48Z INFO [1703/5000] 55755faf-f68b-4687-9b94-7aa98fd948db: 27 internal nodes; 0.7 s; peak memory 506 MiB.
2026-10-05T17:11:53Z INFO [1704/5000] 55760adf-6228-4b74-a967-211803b8bdbf: 66 internal nodes; 4.7 s; peak memory 506 MiB.
2026-10-05T17:11:54Z INFO [1705/5000] 5576b2cf-b386-46cd-97b0-a9cbd7736b31: 44 internal nodes; 1.5 s; peak memory 506 MiB.
2026-10-05T17:11:55Z INFO [1706/5000] 5576b696-54a0-405c-a42b-790ea5938a61: 27 internal nodes; 0.6 s; peak memory 506 MiB.
2026-10-05T17:11:57Z INFO [1707/5000] 5576cfc4-214f-4cb8-a73f-a157e3d04620: 44 internal nodes; 1.7 s; peak memory 506 MiB.
2026-10-05T17:12:00Z INFO [1708/5000] 5577fb6b-2d70-4f83-b8de-d903b3f885e9: 54 internal nodes; 3.4 s; peak memory 506 MiB.
2026-10-05T17:12:01Z INFO [1709/5000] 55780287-2422-4058-98b5-92866deec231: 66 internal nodes; 1.1 s; peak memory 506 MiB.
2026-10-05T17:12:02Z INFO [1710/5000] 55781f7a-d3ce-429c-8aed-7166857237d2: 17 internal nodes; 0.7 s; peak memory 506 MiB.
2026-10-05T17:12:03Z INFO [1711/5000] 5578ed50-b605-4208-8b2f-e768c25d96a3: 42 internal nodes; 1.2 s; peak memory 506 MiB.
2026-10-05T17:12:03Z INFO [1712/5000] 5578f6e6-4fa8-4697-b71f-d507d62f10a1: 13 internal nodes; 0.5 s; peak memory 506 MiB.
2026-10-05T17:12:04Z INFO [1713/5000] 5579a3de-0fcb-407c-8bf3-292240f015ff: 53 internal nodes; 1.0 s; peak memory 506 MiB.
2026-10-05T17:12:07Z INFO [1714/5000] 5579b411-b742-4ac6-81dd-8f1d667afd3c: 112 internal nodes; 2.5 s; peak memory 506 MiB.
2026-10-05T17:12:08Z INFO [1715/5000] 557b41c2-14a0-48f5-b298-d26020ca1825: 63 internal nodes; 0.8 s; peak memory 506 MiB.
2026-10-05T17:12:10Z INFO [1716/5000] 557b7fef-0999-4e8d-99ea-ed919ae3f276: 46 internal nodes; 1.9 s; peak memory 506 MiB.
2026-10-05T17:12:10Z INFO [1717/5000] 557b979e-fd17-48d6-9a80-f2b4ae112e1b: 27 internal nodes; 0.7 s; peak memory 506 MiB.
2026-10-05T17:12:11Z INFO [1718/5000] 557c4936-5c9f-4c77-ad01-5f57cb5115b1: 31 internal nodes; 0.9 s; peak memory 506 MiB.
2026-10-05T17:12:12Z INFO [1719/5000] 557cc683-c196-4dca-8520-54a16a2c262a: 17 internal nodes; 0.5 s; peak memory 506 MiB.
2026-10-05T17:12:21Z INFO [1720/5000] 557ccf22-ff2b-4414-9ff0-e96884e77ac1: 23 internal nodes; 8.9 s; peak memory 506 MiB.
2026-10-05T17:12:21Z INFO [1721/5000] 557cee0a-d115-4211-836e-87569c839c3b: 17 internal nodes; 0.6 s; peak memory 506 MiB.
2026-10-05T17:12:22Z INFO [1722/5000] 557d55a2-5382-40d7-9244-8fe175c83678: 17 internal nodes; 0.6 s; peak memory 506 MiB.
2026-10-05T17:12:25Z INFO [1723/5000] 557d985e-4dda-48e8-943b-c8bdbb6b577a: 54 internal nodes; 3.7 s; peak memory 506 MiB.
2026-10-05T17:12:26Z INFO [1724/5000] 557f01c6-9d9c-45e2-9012-fb154096ad1d: 31 internal nodes; 0.9 s; peak memory 506 MiB.
2026-10-05T17:12:28Z INFO [1725/5000] 557f0b4b-857c-4606-9ce8-f7c153cd7adb: 72 internal nodes; 1.1 s; peak memory 506 MiB.
2026-10-05T17:12:29Z INFO [1726/5000] 557fdd15-7b20-4446-8ea3-3de70faac781: 46 internal nodes; 1.8 s; peak memory 506 MiB.
2026-10-05T17:12:30Z INFO [1727/5000] 557fe4c1-58ff-4889-9f6b-7d9631bedc43: 61 internal nodes; 0.8 s; peak memory 506 MiB.
2026-10-05T17:12:31Z INFO [1728/5000] 558180bb-3c1b-419c-a963-9637eb5f127e: 17 internal nodes; 0.6 s; peak memory 506 MiB.
2026-10-05T17:12:32Z INFO [1729/5000] 558195e8-f901-4304-956b-e21c59be1c80: 43 internal nodes; 1.6 s; peak memory 506 MiB.
2026-10-05T17:12:33Z INFO [1730/5000] 55822211-5bac-4f53-b820-e833bc79c700: 17 internal nodes; 0.6 s; peak memory 506 MiB.
2026-10-05T17:12:33Z INFO [1731/5000] 558232f5-1957-4531-8f34-dc1e802704b7: 18 internal nodes; 0.5 s; peak memory 506 MiB.
2026-10-05T17:12:37Z INFO [1732/5000] 5582cd8f-7dec-4a4d-997d-b9ec7f6faf07: 129 internal nodes; 3.6 s; peak memory 506 MiB.
2026-10-05T17:12:38Z INFO [1733/5000] 558303bb-8bce-4427-b22f-c89c1f581445: 17 internal nodes; 0.7 s; peak memory 506 MiB.
2026-10-05T17:12:38Z INFO [1734/5000] 5583e439-af5c-4ab2-9007-41a746e61719: 17 internal nodes; 0.5 s; peak memory 506 MiB.
2026-10-05T17:12:39Z INFO [1735/5000] 55847643-1c45-411b-8736-8d95ea8ea1d5: 19 internal nodes; 0.7 s; peak memory 506 MiB.
2026-10-05T17:12:42Z INFO [1736/5000] 5584b62a-5ac9-4580-ad79-f3058e8acd27: 54 internal nodes; 3.3 s; peak memory 506 MiB.
2026-10-05T17:12:43Z INFO [1737/5000] 55850dd4-8b0d-4fe9-b016-d103a843cc47: 17 internal nodes; 0.6 s; peak memory 506 MiB.
2026-10-05T17:12:46Z INFO [1738/5000] 55856673-8bf9-4de7-8603-49cd9775881b: 407 internal nodes; 2.7 s; peak memory 506 MiB.
2026-10-05T17:12:46Z INFO [1739/5000] 558733ba-25bb-4e3a-a31a-c96d3fcee510: 31 internal nodes; 0.9 s; peak memory 506 MiB.
2026-10-05T17:12:47Z INFO [1740/5000] 55876b63-addd-497c-a5f6-fd6d3105a103: 27 internal nodes; 0.7 s; peak memory 506 MiB.
2026-10-05T17:12:53Z INFO [1741/5000] 55878dc7-1cf1-49ae-bbdb-2fab24c16f8a: 226 internal nodes; 6.1 s; peak memory 506 MiB.
2026-10-05T17:12:54Z INFO [1742/5000] 5587ebe6-c13c-4ecb-8d1a-6b5c63011ad8: 17 internal nodes; 0.6 s; peak memory 506 MiB.
2026-10-05T17:12:54Z INFO [1743/5000] 558877ba-78fc-499b-9b15-35f89c3f2526: 13 internal nodes; 0.5 s; peak memory 506 MiB.
2026-10-05T17:12:56Z INFO [1744/5000] 5588ac36-2e54-4983-8200-0f8ea755c4a4: 44 internal nodes; 1.3 s; peak memory 506 MiB.
2026-10-05T17:13:04Z INFO [1745/5000] 5588c40f-b682-4f1e-8294-48f9f83b3eaf: 325 internal nodes; 8.0 s; peak memory 506 MiB.
2026-10-05T17:13:04Z INFO [1746/5000] 55890f73-3309-4836-a235-ca246c103d9c: 27 internal nodes; 0.7 s; peak memory 506 MiB.
2026-10-05T17:13:05Z INFO [1747/5000] 55896f45-7380-491b-9908-d6bceb61d486: 27 internal nodes; 0.7 s; peak memory 506 MiB.
2026-10-05T17:13:05Z INFO [1748/5000] 5589babf-83f9-480c-9dd6-fd509fedc11c: 17 internal nodes; 0.6 s; peak memory 506 MiB.
2026-10-05T17:13:07Z INFO [1749/5000] 5589caa0-85a5-4ba7-ab98-3d3ead9acc09: 24 internal nodes; 1.0 s; peak memory 506 MiB.
2026-10-05T17:13:07Z INFO [1750/5000] 558a624f-d8a0-4043-bfa5-28fc61ccfed3: 17 internal nodes; 0.6 s; peak memory 506 MiB.
2026-10-05T17:13:07Z INFO [1750/5000] 558a624f-d8a0-4043-bfa5-28fc61ccfed3: checkpointed 88185 records.
2026-10-05T17:13:09Z INFO [1751/5000] 558b605f-b027-436f-baad-f3e1658279e2: 53 internal nodes; 1.9 s; peak memory 506 MiB.
2026-10-05T17:13:10Z INFO [1752/5000] 558b8e65-36f0-45a7-baa1-be0431c685ee: 27 internal nodes; 0.8 s; peak memory 506 MiB.
2026-10-05T17:13:12Z INFO [1753/5000] 558b9941-511f-4e8e-be31-c2595eee27d6: 44 internal nodes; 1.6 s; peak memory 506 MiB.
2026-10-05T17:13:13Z INFO [1754/5000] 558bbfd3-255a-448b-ae0f-027425a8da8d: 58 internal nodes; 1.2 s; peak memory 506 MiB.
2026-10-05T17:13:13Z INFO [1755/5000] 558c70de-53fa-413d-89de-950dcc4ccbd4: 17 internal nodes; 0.5 s; peak memory 506 MiB.
2026-10-05T17:13:14Z INFO [1756/5000] 558d1a79-ebc7-448a-8ef6-18b8ec07c408: 31 internal nodes; 0.7 s; peak memory 506 MiB.
2026-10-05T17:13:15Z INFO [1757/5000] 558d59cf-c4d8-4005-ae9c-40157f00a299: 17 internal nodes; 0.6 s; peak memory 506 MiB.
2026-10-05T17:13:15Z INFO [1758/5000] 558e0216-618d-4ed1-934c-31e911fa27a2: 27 internal nodes; 0.7 s; peak memory 506 MiB.
2026-10-05T17:13:28Z INFO [1759/5000] 558e5f36-9413-4dff-8572-7748ad4f3f9e: 437 internal nodes; 13.0 s; peak memory 506 MiB.
2026-10-05T17:13:29Z INFO [1760/5000] 558eab24-9513-489b-879c-434919056a3b: 20 internal nodes; 0.7 s; peak memory 506 MiB.
2026-10-05T17:13:34Z INFO [1761/5000] 558f54c5-46a2-4e58-bcde-a6cce1629704: 63 internal nodes; 4.9 s; peak memory 506 MiB.
2026-10-05T17:13:35Z INFO [1762/5000] 55911a93-24b6-4368-84d2-62550755ebe2: 27 internal nodes; 0.6 s; peak memory 506 MiB.
2026-10-05T17:13:35Z INFO [1763/5000] 55933cc1-e35e-4167-933d-beeb26858548: 31 internal nodes; 0.6 s; peak memory 506 MiB.
2026-10-05T17:13:36Z INFO [1764/5000] 55948495-05b2-4f41-a7b1-d5120e02b95d: 19 internal nodes; 0.5 s; peak memory 506 MiB.
2026-10-05T17:13:36Z INFO [1765/5000] 5594c120-2770-46de-a8c0-361f813eedec: 17 internal nodes; 0.5 s; peak memory 506 MiB.
2026-10-05T17:13:37Z INFO [1766/5000] 55950abd-000b-4ee1-9041-156f74b3a127: 17 internal nodes; 0.7 s; peak memory 506 MiB.
2026-10-05T17:13:38Z INFO [1767/5000] 55951be3-05f0-4b61-9686-e4ef14e35ee7: 60 internal nodes; 1.4 s; peak memory 506 MiB.
2026-10-05T17:13:40Z INFO [1768/5000] 55951d4b-031f-49c6-a476-9e9739206198: 72 internal nodes; 1.2 s; peak memory 506 MiB.
2026-10-05T17:13:43Z INFO [1769/5000] 5595502c-a5bb-45df-818a-7c3bb5075055: 124 internal nodes; 3.5 s; peak memory 506 MiB.
2026-10-05T17:13:44Z INFO [1770/5000] 5596d6d0-7576-4a0d-8fc3-57ca051e980e: 11 internal nodes; 0.4 s; peak memory 506 MiB.
2026-10-05T17:13:44Z INFO [1771/5000] 5596e333-0eae-49b6-a7a8-7dc98416a69c: 13 internal nodes; 0.5 s; peak memory 506 MiB.
2026-10-05T17:13:45Z INFO [1772/5000] 55972c92-0083-449b-bb94-9f4b9a5af0f5: 17 internal nodes; 0.6 s; peak memory 506 MiB.
2026-10-05T17:13:46Z INFO [1773/5000] 5598b386-707a-420d-9c81-9be54fc791bb: 44 internal nodes; 1.6 s; peak memory 506 MiB.
2026-10-05T17:13:47Z INFO [1774/5000] 5598fe4b-85f1-4c81-9ab5-dcd9247f1cb5: 17 internal nodes; 0.4 s; peak memory 506 MiB.
2026-10-05T17:13:47Z INFO [1775/5000] 559a9423-2839-49cc-b90f-7e5e0f08a301: 23 internal nodes; 0.6 s; peak memory 506 MiB.
2026-10-05T17:13:48Z INFO [1776/5000] 559ab044-ffb8-46a9-b0f9-9c90538c4af1: 13 internal nodes; 0.8 s; peak memory 506 MiB.
2026-10-05T17:13:50Z INFO [1777/5000] 559b60bf-3686-4f1f-a54b-49e8e9807e5b: 41 internal nodes; 1.8 s; peak memory 506 MiB.
2026-10-05T17:13:50Z INFO [1778/5000] 559c1c9a-ff27-4a4b-9b21-a089f6d8811f: 17 internal nodes; 0.6 s; peak memory 506 MiB.
2026-10-05T17:13:51Z INFO [1779/5000] 559ca3c0-456a-4699-aa7f-f471c311b8b1: 27 internal nodes; 1.1 s; peak memory 506 MiB.
2026-10-05T17:13:54Z INFO [1780/5000] 559cf5d6-26dc-41bc-a2fd-cec54a370cc1: 45 internal nodes; 2.2 s; peak memory 506 MiB.
2026-10-05T17:13:54Z INFO [1781/5000] 559d2850-454d-4b3c-bffa-9b68e6435ac1: 34 internal nodes; 0.5 s; peak memory 506 MiB.
2026-10-05T17:13:55Z INFO [1782/5000] 559dd5f2-5852-4b5a-b300-8e1320f536e6: 13 internal nodes; 0.8 s; peak memory 506 MiB.
2026-10-05T17:13:56Z INFO [1783/5000] 559f18ca-a4bf-4638-bef9-5077989a9014: 17 internal nodes; 0.6 s; peak memory 506 MiB.
2026-10-05T17:13:56Z INFO [1784/5000] 559f1990-4e31-4aed-b801-3dfacf6ffe78: 31 internal nodes; 0.7 s; peak memory 506 MiB.
2026-10-05T17:13:57Z INFO [1785/5000] 559fa962-e9f2-412e-ac52-b9e1bffda61e: 13 internal nodes; 0.5 s; peak memory 506 MiB.
2026-10-05T17:13:57Z INFO [1786/5000] 55a11c38-8614-48a2-9855-778aa5c88d09: 11 internal nodes; 0.4 s; peak memory 506 MiB.
2026-10-05T17:13:58Z INFO [1787/5000] 55a185b6-feef-4477-ac32-f80990b07233: 20 internal nodes; 0.6 s; peak memory 506 MiB.
2026-10-05T17:13:59Z INFO [1788/5000] 55a19bf8-432d-4dbf-aea2-8c3d5de61caf: 45 internal nodes; 1.6 s; peak memory 506 MiB.
2026-10-05T17:14:00Z INFO [1789/5000] 55a1eb7e-4715-40b0-a696-8f007953dc0a: 27 internal nodes; 0.6 s; peak memory 506 MiB.
2026-10-05T17:14:02Z INFO [1790/5000] 55a24fe2-3891-4ad5-b9f2-99b630f6180b: 46 internal nodes; 1.7 s; peak memory 506 MiB.
2026-10-05T17:14:02Z INFO [1791/5000] 55a3af95-311a-4529-99ed-4c4929cf5393: 31 internal nodes; 0.9 s; peak memory 506 MiB.
2026-10-05T17:14:06Z INFO [1792/5000] 55a3daa0-bee2-415d-98c3-c695013fecf2: 166 internal nodes; 3.5 s; peak memory 506 MiB.
2026-10-05T17:14:08Z INFO [1793/5000] 55a46466-cc7b-4eb8-9df1-baa2fdce8d56: 44 internal nodes; 1.7 s; peak memory 506 MiB.
2026-10-05T17:14:09Z INFO [1794/5000] 55a4a5aa-cca2-487a-bf1f-6abc79f125b8: 31 internal nodes; 0.8 s; peak memory 506 MiB.
2026-10-05T17:14:09Z INFO [1795/5000] 55a52949-fc5d-40c3-8040-f016e1abac53: 17 internal nodes; 0.5 s; peak memory 506 MiB.
2026-10-05T17:14:10Z INFO [1796/5000] 55a52e38-9ab8-40a5-a04a-e4bffa3671a0: 13 internal nodes; 0.7 s; peak memory 506 MiB.
2026-10-05T17:14:10Z INFO [1797/5000] 55a6157d-c83c-44a2-8fba-3cd2cac7768b: 27 internal nodes; 0.6 s; peak memory 506 MiB.
2026-10-05T17:14:11Z INFO [1798/5000] 55a6cc78-a7c9-4e57-8b36-b21adff7fea5: 17 internal nodes; 0.5 s; peak memory 506 MiB.
2026-10-05T17:14:12Z INFO [1799/5000] 55a6f864-a1fd-477f-b91c-effffe52d9b5: 31 internal nodes; 1.0 s; peak memory 506 MiB.
2026-10-05T17:14:12Z INFO [1800/5000] 55a8b5f7-320f-4089-afc2-eeae7f63848a: 17 internal nodes; 0.5 s; peak memory 506 MiB.
2026-10-05T17:14:13Z INFO [1800/5000] 55a8b5f7-320f-4089-afc2-eeae7f63848a: checkpointed 88235 records.
2026-10-05T17:14:13Z INFO [1801/5000] 55a91922-fd7e-4ebd-a5e3-f6dfe31e861e: 27 internal nodes; 0.5 s; peak memory 506 MiB.
2026-10-05T17:14:14Z INFO [1802/5000] 55a92f9d-652f-48ee-824d-2d9efd7d6298: 58 internal nodes; 0.9 s; peak memory 506 MiB.
2026-10-05T17:14:15Z INFO [1803/5000] 55a98510-7950-4e25-bbc6-4cd977554899: 27 internal nodes; 0.7 s; peak memory 506 MiB.
2026-10-05T17:14:15Z INFO [1804/5000] 55a9f08c-3050-4bf7-bc0b-efafaa2ec7d3: 26 internal nodes; 0.4 s; peak memory 506 MiB.
2026-10-05T17:14:16Z INFO [1805/5000] 55aa898e-8303-4801-9b64-ae5cf61164d8: 29 internal nodes; 0.8 s; peak memory 506 MiB.
2026-10-05T17:14:17Z INFO [1806/5000] 55ab3187-e11e-4ab9-946a-5744093782e4: 44 internal nodes; 1.2 s; peak memory 506 MiB.
2026-10-05T17:14:18Z INFO [1807/5000] 55ab6107-cc3a-453b-9b48-d76b85c4edd8: 18 internal nodes; 0.8 s; peak memory 506 MiB.
2026-10-05T17:14:22Z INFO [1808/5000] 55ac394a-8eea-4b72-af9f-a8e77f1e907d: 73 internal nodes; 3.8 s; peak memory 506 MiB.
2026-10-05T17:14:24Z INFO [1809/5000] 55aca4dd-bdb3-4be4-a4b8-1c69ec7ac078: 67 internal nodes; 1.9 s; peak memory 506 MiB.
2026-10-05T17:14:25Z INFO [1810/5000] 55ad6d7d-eea3-4a1c-a7d1-eac0dbb1ff44: 27 internal nodes; 0.7 s; peak memory 506 MiB.
2026-10-05T17:14:25Z INFO [1811/5000] 55ad8d0e-34b6-4357-be21-36c242d474f4: 17 internal nodes; 0.6 s; peak memory 506 MiB.
2026-10-05T17:14:26Z INFO [1812/5000] 55ad9265-c26b-441d-804f-a6a9d1afbc2e: 26 internal nodes; 0.3 s; peak memory 506 MiB.
2026-10-05T17:14:26Z INFO [1813/5000] 55ade208-49b1-4fd5-a892-04f0bdda6614: 26 internal nodes; 0.8 s; peak memory 506 MiB.
2026-10-05T17:14:27Z INFO [1814/5000] 55aedbbf-dd85-4f46-81bc-28d29c62c6b4: 11 internal nodes; 0.4 s; peak memory 506 MiB.
2026-10-05T17:14:28Z INFO [1815/5000] 55af375d-1e59-4169-8f04-6628f8f71afc: 31 internal nodes; 0.9 s; peak memory 506 MiB.
2026-10-05T17:14:29Z INFO [1816/5000] 55b09e31-668b-45f4-b624-bbb0285d1222: 29 internal nodes; 1.1 s; peak memory 506 MiB.
2026-10-05T17:14:29Z INFO [1817/5000] 55b0c69d-a150-484f-9520-42ad758d2f65: 17 internal nodes; 0.4 s; peak memory 506 MiB.
2026-10-05T17:14:30Z INFO [1818/5000] 55b11228-6fbd-4734-a379-2ef7a9419de3: 37 internal nodes; 0.9 s; peak memory 506 MiB.
2026-10-05T17:14:31Z INFO [1819/5000] 55b223e2-3030-4084-878c-4e11a5f19722: 115 internal nodes; 0.7 s; peak memory 506 MiB.
2026-10-05T17:14:31Z INFO [1820/5000] 55b2288e-ba37-4869-a332-7170737621a5: 11 internal nodes; 0.3 s; peak memory 506 MiB.
2026-10-05T17:14:32Z INFO [1821/5000] 55b2b544-ee1b-4566-a352-07ad43f3b274: 17 internal nodes; 0.5 s; peak memory 506 MiB.
2026-10-05T17:14:33Z INFO [1822/5000] 55b396a5-1040-48bf-85fb-13bc87f568ac: 26 internal nodes; 1.2 s; peak memory 506 MiB.
2026-10-05T17:14:40Z INFO [1823/5000] 55b4e43a-3644-4958-8a3a-5fc638daabb8: 300 internal nodes; 7.6 s; peak memory 506 MiB.
2026-10-05T17:14:41Z INFO [1824/5000] 55b50462-951d-4432-8b73-bac6a6cef6c6: 27 internal nodes; 0.4 s; peak memory 506 MiB.
2026-10-05T17:14:41Z INFO [1825/5000] 55b646ce-4e9b-465f-92e2-06ca77b8fe6d: 27 internal nodes; 0.4 s; peak memory 506 MiB.
2026-10-05T17:14:42Z INFO [1826/5000] 55b7c6fa-d635-42b3-ab61-0c649bf822b2: 27 internal nodes; 1.0 s; peak memory 506 MiB.
2026-10-05T17:14:43Z INFO [1827/5000] 55b8ec22-d988-4418-910b-e998e0f26be0: 44 internal nodes; 1.3 s; peak memory 506 MiB.
2026-10-05T17:14:44Z INFO [1828/5000] 55bb90bf-2206-40a6-9a3a-20ccc57d9a35: 13 internal nodes; 0.6 s; peak memory 506 MiB.
2026-10-05T17:16:01Z INFO [1829/5000] 55bbcd1e-c710-4030-bf7d-453cff10f68f: 3281 internal nodes; 76.9 s; peak memory 563 MiB.
2026-10-05T17:16:02Z INFO [1830/5000] 55bc0560-c741-4d34-b5a9-b5c6265ebea7: 27 internal nodes; 0.7 s; peak memory 563 MiB.
2026-10-05T17:16:02Z INFO [1831/5000] 55bc2b10-f7e7-4453-8d2e-43bd7b49ae31: 27 internal nodes; 0.8 s; peak memory 563 MiB.
2026-10-05T17:16:05Z INFO [1832/5000] 55bcfbd8-fe8a-4df2-bcc3-5673e656f8bd: 53 internal nodes; 2.2 s; peak memory 563 MiB.
2026-10-05T17:16:05Z INFO [1833/5000] 55bd2207-18f6-4f19-a1db-7f8175bbe8ba: 17 internal nodes; 0.6 s; peak memory 563 MiB.
2026-10-05T17:16:06Z INFO [1834/5000] 55be493e-33b9-44e9-a5fb-fa839247ec48: 19 internal nodes; 0.6 s; peak memory 563 MiB.
2026-10-05T17:16:09Z INFO [1835/5000] 55bf2aa6-bc91-4d4f-9b83-16d74d96c10c: 177 internal nodes; 3.3 s; peak memory 563 MiB.
2026-10-05T17:16:10Z INFO [1836/5000] 55c0b640-a3d5-4f73-be36-e49dd49f9872: 13 internal nodes; 0.8 s; peak memory 563 MiB.
2026-10-05T17:16:11Z INFO [1837/5000] 55c1ee7c-f34f-4924-a911-d5018265b597: 27 internal nodes; 0.8 s; peak memory 563 MiB.
2026-10-05T17:16:12Z INFO [1838/5000] 55c22216-79f4-4eb5-8258-b42782ba79e1: 31 internal nodes; 0.8 s; peak memory 563 MiB.
2026-10-05T17:16:16Z INFO [1839/5000] 55c2a913-66ad-441b-90b7-09c2a5295608: 63 internal nodes; 4.8 s; peak memory 563 MiB.
2026-10-05T17:16:21Z INFO [1840/5000] 55c2fd56-5905-46fc-bf27-408cffc9dbbb: 41 internal nodes; 4.2 s; peak memory 563 MiB.
2026-10-05T17:16:21Z INFO [1841/5000] 55c3c4f7-8f58-4e02-9e55-1a3feaf7db6f: 17 internal nodes; 0.6 s; peak memory 563 MiB.
2026-10-05T17:16:22Z INFO [1842/5000] 55c3ca31-6125-4dfb-9ea8-711ac812d51f: 17 internal nodes; 0.6 s; peak memory 563 MiB.
2026-10-05T17:16:22Z INFO [1843/5000] 55c45a30-6e38-430b-ad35-caebd8609dae: 11 internal nodes; 0.3 s; peak memory 563 MiB.
2026-10-05T17:16:23Z INFO [1844/5000] 55c47b71-0aae-43d9-b6cd-046f15c35dc3: 27 internal nodes; 0.8 s; peak memory 563 MiB.
2026-10-05T17:16:23Z INFO [1845/5000] 55c4a1f6-5ec8-4c82-bf3e-e260a1ec67e4: 90 internal nodes; 0.7 s; peak memory 563 MiB.
2026-10-05T17:16:31Z INFO [1846/5000] 55c517c5-a263-4d64-bab4-f1a0e2c12a21: 43 internal nodes; 7.9 s; peak memory 563 MiB.
2026-10-05T17:16:36Z INFO [1847/5000] 55c59130-00a2-487e-95ed-d78dccf2d599: 823 internal nodes; 5.0 s; peak memory 563 MiB.
2026-10-05T17:16:37Z INFO [1848/5000] 55c5f703-3e31-4011-9db1-652d2d12d052: 63 internal nodes; 0.9 s; peak memory 563 MiB.
2026-10-05T17:16:38Z INFO [1849/5000] 55c70a3c-e713-4e99-98c9-27c392c3f291: 27 internal nodes; 0.8 s; peak memory 563 MiB.
2026-10-05T17:16:39Z INFO [1850/5000] 55c732bf-2a08-4850-b799-d62d12166248: 22 internal nodes; 0.9 s; peak memory 563 MiB.
2026-10-05T17:16:39Z INFO [1850/5000] 55c732bf-2a08-4850-b799-d62d12166248: checkpointed 88285 records.
2026-10-05T17:16:40Z INFO [1851/5000] 55c7848e-0b3f-484e-9583-6c8704c6552b: 69 internal nodes; 1.0 s; peak memory 563 MiB.
2026-10-05T17:16:41Z INFO [1852/5000] 55c79076-eb79-40a9-8233-85e28b51b38e: 53 internal nodes; 0.8 s; peak memory 563 MiB.
2026-10-05T17:16:45Z INFO [1853/5000] 55c7cd7c-9ace-4ba3-9751-161f723399a1: 47 internal nodes; 4.1 s; peak memory 563 MiB.
2026-10-05T17:16:46Z INFO [1854/5000] 55c7fa26-e6bc-4c2b-bcd9-2aef59873612: 31 internal nodes; 0.7 s; peak memory 563 MiB.
2026-10-05T17:16:47Z INFO [1855/5000] 55c8e992-6274-45e6-89e6-87b91be3a0ee: 38 internal nodes; 0.8 s; peak memory 563 MiB.
2026-10-05T17:16:47Z INFO [1856/5000] 55c92e6b-ebbf-40f8-ba62-223455b6f785: 27 internal nodes; 0.7 s; peak memory 563 MiB.
2026-10-05T17:16:48Z INFO [1857/5000] 55c985f9-4b21-4c1d-88c6-d35879ea5b7d: 17 internal nodes; 0.5 s; peak memory 563 MiB.
2026-10-05T17:16:49Z INFO [1858/5000] 55ca83c2-3f94-43ac-a80a-cf011f19df33: 27 internal nodes; 0.7 s; peak memory 563 MiB.
2026-10-05T17:16:50Z INFO [1859/5000] 55caba33-d9d1-48ae-8f20-cf2ea5f59468: 46 internal nodes; 1.7 s; peak memory 563 MiB.
2026-10-05T17:16:51Z INFO [1860/5000] 55cabe0c-1b55-4acd-b869-9c76c9730a57: 17 internal nodes; 0.5 s; peak memory 563 MiB.
2026-10-05T17:16:51Z INFO [1861/5000] 55cb93e8-46a5-478f-a5b2-d207c88efcb0: 17 internal nodes; 0.6 s; peak memory 563 MiB.
2026-10-05T17:16:52Z INFO [1862/5000] 55cc5f37-4931-4d2d-89ea-e1f43c6f7278: 32 internal nodes; 1.0 s; peak memory 563 MiB.
2026-10-05T17:16:53Z INFO [1863/5000] 55cd1e74-6b1b-40a1-9ebd-2b86e96bbc30: 17 internal nodes; 0.6 s; peak memory 563 MiB.
2026-10-05T17:16:54Z INFO [1864/5000] 55cdf4c1-bce2-496d-982e-624a95e0c2d9: 27 internal nodes; 0.7 s; peak memory 563 MiB.
2026-10-05T17:16:54Z INFO [1865/5000] 55ce9270-a258-49f8-9d60-2d3a687025f8: 17 internal nodes; 0.7 s; peak memory 563 MiB.
2026-10-05T17:16:55Z INFO [1866/5000] 55cf1284-71ca-4965-8599-a1cba843c2b1: 31 internal nodes; 0.9 s; peak memory 563 MiB.
2026-10-05T17:16:56Z INFO [1867/5000] 55cfb3f9-c150-4434-82a2-36bafb67c677: 17 internal nodes; 0.5 s; peak memory 563 MiB.
2026-10-05T17:16:56Z INFO [1868/5000] 55d02335-7d57-4fe2-a0cc-42288ead118e: 22 internal nodes; 0.4 s; peak memory 563 MiB.
2026-10-05T17:16:58Z INFO [1869/5000] 55d0ffab-274b-4cb9-8fe8-28ea1025d04d: 36 internal nodes; 1.4 s; peak memory 563 MiB.
2026-10-05T17:17:02Z INFO [1870/5000] 55d19e32-0074-4b45-96bb-cd214c753c1f: 228 internal nodes; 4.5 s; peak memory 563 MiB.
2026-10-05T17:17:03Z INFO [1871/5000] 55d2e588-2114-4afb-ade7-e4ea0a3efc11: 17 internal nodes; 0.6 s; peak memory 563 MiB.
2026-10-05T17:17:03Z INFO [1872/5000] 55d2f867-2e59-4242-be52-96163a41068c: 27 internal nodes; 0.7 s; peak memory 563 MiB.
2026-10-05T17:17:04Z INFO [1873/5000] 55d34307-6ef6-4d48-9750-d138bb4a670f: 18 internal nodes; 0.4 s; peak memory 563 MiB.
2026-10-05T17:17:05Z INFO [1874/5000] 55d365ea-1bc6-4e2b-b77a-0cd78948ccf7: 27 internal nodes; 0.7 s; peak memory 563 MiB.
2026-10-05T17:17:06Z INFO [1875/5000] 55d3bd10-7621-45fa-83d4-40e3560b7caf: 46 internal nodes; 1.2 s; peak memory 563 MiB.
2026-10-05T17:17:06Z INFO [1876/5000] 55d3c7c2-2635-481b-8a71-f029bfbaedd5: 27 internal nodes; 0.6 s; peak memory 563 MiB.
2026-10-05T17:17:12Z INFO [1877/5000] 55d40255-8b25-43a0-b637-45fa7cf2f56d: 276 internal nodes; 6.1 s; peak memory 563 MiB.
2026-10-05T17:17:13Z INFO [1878/5000] 55d4553d-73a5-40d0-a938-df58cd18bd02: 54 internal nodes; 0.9 s; peak memory 563 MiB.
2026-10-05T17:17:18Z INFO [1879/5000] 55d46605-6bbf-483c-a622-4a973b6a61bd: 61 internal nodes; 4.2 s; peak memory 563 MiB.
2026-10-05T17:17:18Z INFO [1880/5000] 55d4c005-3cd3-448e-93a7-73af24363e77: 17 internal nodes; 0.5 s; peak memory 563 MiB.
2026-10-05T17:17:24Z INFO [1881/5000] 55d4c952-3d8d-45ef-9789-0f85266afda9: 61 internal nodes; 5.5 s; peak memory 563 MiB.
2026-10-05T17:17:24Z INFO [1882/5000] 55d55c8f-7d79-4a82-a715-cedcd375358f: 27 internal nodes; 0.5 s; peak memory 563 MiB.
2026-10-05T17:17:25Z INFO [1883/5000] 55d7483c-6e37-49f3-877a-3a9ca25e3e82: 52 internal nodes; 1.2 s; peak memory 563 MiB.
2026-10-05T17:17:26Z INFO [1884/5000] 55d75d7a-13ac-48e0-b0bd-9715dd97ced5: 26 internal nodes; 0.4 s; peak memory 563 MiB.
2026-10-05T17:17:30Z INFO [1885/5000] 55d75ef5-691f-4d4d-b83a-85f6c619864e: 196 internal nodes; 4.5 s; peak memory 563 MiB.
2026-10-05T17:17:31Z INFO [1886/5000] 55d7b2bc-71a7-4423-a4cf-d3ec6212e02d: 17 internal nodes; 0.5 s; peak memory 563 MiB.
2026-10-05T17:17:32Z INFO [1887/5000] 55d80de5-5316-4c88-870f-de9f9a1b3eba: 31 internal nodes; 0.8 s; peak memory 563 MiB.
2026-10-05T17:17:33Z INFO [1888/5000] 55d877bf-1bfe-47ce-b9f5-909c6dd5feff: 29 internal nodes; 1.0 s; peak memory 563 MiB.
2026-10-05T17:17:33Z INFO [1889/5000] 55d8b428-9106-4c32-86c2-2512a3802488: 60 internal nodes; 0.7 s; peak memory 563 MiB.
2026-10-05T17:17:35Z INFO [1890/5000] 55d93b68-cd0f-4d0a-91f7-caf3e86b6330: 42 internal nodes; 1.2 s; peak memory 563 MiB.
2026-10-05T17:17:35Z INFO [1891/5000] 55d9687f-53ef-4665-874f-41ad15a89516: 31 internal nodes; 0.9 s; peak memory 563 MiB.
2026-10-05T17:17:36Z INFO [1892/5000] 55dac1cc-341a-469c-a384-b86b83a21807: 31 internal nodes; 0.9 s; peak memory 563 MiB.
2026-10-05T17:17:37Z INFO [1893/5000] 55dbe352-397d-4fd9-91ab-303a3eb50aef: 116 internal nodes; 0.7 s; peak memory 563 MiB.
2026-10-05T17:17:38Z INFO [1894/5000] 55dd2131-e70e-40c8-b1e5-2aeec0f287d3: 17 internal nodes; 0.6 s; peak memory 563 MiB.
2026-10-05T17:17:38Z INFO [1895/5000] 55ddf8af-4c1e-44b4-ac41-78fefd2abab8: 27 internal nodes; 0.6 s; peak memory 563 MiB.
2026-10-05T17:17:39Z INFO [1896/5000] 55de3873-df6b-44a2-9253-5435435bf455: 31 internal nodes; 0.8 s; peak memory 563 MiB.
2026-10-05T17:17:40Z INFO [1897/5000] 55de68d9-8dd7-437d-9ee6-6c1f1181e8a7: 29 internal nodes; 1.0 s; peak memory 563 MiB.
2026-10-05T17:17:40Z INFO [1898/5000] 55ded763-dc63-452c-8868-a07f457a1a96: 25 internal nodes; 0.4 s; peak memory 563 MiB.
2026-10-05T17:17:41Z INFO [1899/5000] 55df1689-a823-4a0f-ba20-138fe6565789: 17 internal nodes; 0.5 s; peak memory 563 MiB.
2026-10-05T17:17:41Z INFO [1900/5000] 55e01c61-4627-4919-b510-264097a40fcd: 25 internal nodes; 0.4 s; peak memory 563 MiB.
2026-10-05T17:17:42Z INFO [1900/5000] 55e01c61-4627-4919-b510-264097a40fcd: checkpointed 88335 records.
2026-10-05T17:17:56Z INFO [1901/5000] 55e053d7-ff6b-456b-8210-3ef9f477b938: 136 internal nodes; 14.1 s; peak memory 563 MiB.
2026-10-05T17:17:56Z INFO [1902/5000] 55e06630-8833-46ce-8b07-2d3aed21e25d: 11 internal nodes; 0.4 s; peak memory 563 MiB.
2026-10-05T17:18:02Z INFO [1903/5000] 55e0913b-1432-4c19-aa49-140c5ab23341: 2002 internal nodes; 5.6 s; peak memory 563 MiB.
2026-10-05T17:18:03Z INFO [1904/5000] 55e16123-ca44-45d5-8ba2-5d0deea55217: 29 internal nodes; 1.1 s; peak memory 563 MiB.
2026-10-05T17:18:06Z INFO [1905/5000] 55e291d7-9965-4bba-9e37-0f02ef429cda: 73 internal nodes; 2.9 s; peak memory 563 MiB.
2026-10-05T17:18:06Z INFO [1906/5000] 55e29b21-8daf-4514-bf4e-864a274da0e1: 27 internal nodes; 0.6 s; peak memory 563 MiB.
2026-10-05T17:18:07Z INFO [1907/5000] 55e3eaac-d897-49a2-995f-85a527c7cd3f: 31 internal nodes; 0.9 s; peak memory 563 MiB.
2026-10-05T17:18:08Z INFO [1908/5000] 55e44b61-d520-4724-b5c3-9980172ecfe3: 31 internal nodes; 0.9 s; peak memory 563 MiB.
2026-10-05T17:18:09Z INFO [1909/5000] 55e4b27f-682a-4a9e-a468-3c077f19424e: 37 internal nodes; 0.9 s; peak memory 563 MiB.
2026-10-05T17:18:12Z INFO [1910/5000] 55e53fd9-116a-46e3-8b54-aba74ce34d0a: 141 internal nodes; 3.3 s; peak memory 563 MiB.
2026-10-05T17:18:13Z INFO [1911/5000] 55e5c4d1-4dfa-4895-8ca6-c318127edfb9: 17 internal nodes; 0.4 s; peak memory 563 MiB.
2026-10-05T17:18:13Z INFO [1912/5000] 55e6e2aa-58e2-42cd-a874-1da78f728a48: 55 internal nodes; 0.6 s; peak memory 563 MiB.
2026-10-05T17:18:14Z INFO [1913/5000] 55e714e9-81de-4f0f-9582-492f35033d51: 27 internal nodes; 0.7 s; peak memory 563 MiB.
2026-10-05T17:18:18Z INFO [1914/5000] 55e7fc28-2f15-4a0d-ab8d-d83b1728b0bb: 73 internal nodes; 4.1 s; peak memory 563 MiB.
2026-10-05T17:18:19Z INFO [1915/5000] 55e85e20-871a-4f19-a88d-8eff0c8ff617: 31 internal nodes; 0.9 s; peak memory 563 MiB.
2026-10-05T17:18:21Z INFO [1916/5000] 55e906a8-322f-4d8b-9aec-93cf9ef9e0c5: 46 internal nodes; 1.7 s; peak memory 563 MiB.
2026-10-05T17:18:21Z INFO [1917/5000] 55e973cb-2d8e-4ee6-bbf4-027281a92302: 17 internal nodes; 0.6 s; peak memory 563 MiB.
2026-10-05T17:18:22Z INFO [1918/5000] 55e9811a-d91b-4d08-bcb0-f09a4af704e4: 35 internal nodes; 0.5 s; peak memory 563 MiB.
2026-10-05T17:18:48Z INFO [1919/5000] 55e99931-7ad7-41e7-8a10-e6bc716eceac: 93 internal nodes; 25.9 s; peak memory 563 MiB.
2026-10-05T17:18:48Z INFO [1920/5000] 55e9fb0f-e32a-4990-a3e3-de9d850b5f64: 11 internal nodes; 0.4 s; peak memory 563 MiB.
2026-10-05T17:18:49Z INFO [1921/5000] 55ec4302-b7ba-406d-a4f0-c7d73d3d4ac9: 31 internal nodes; 0.8 s; peak memory 563 MiB.
2026-10-05T17:18:57Z INFO [1922/5000] 55ed6ad3-914b-4cfb-bbf5-24e93666beca: 398 internal nodes; 8.0 s; peak memory 563 MiB.
2026-10-05T17:18:58Z INFO [1923/5000] 55ee77a2-41d4-44fe-9558-f8b367ddd310: 27 internal nodes; 0.7 s; peak memory 563 MiB.
2026-10-05T17:18:58Z INFO [1924/5000] 55ee781f-7e66-440b-b403-263e4b343ecc: 19 internal nodes; 0.4 s; peak memory 563 MiB.
2026-10-05T17:18:59Z INFO [1925/5000] 55eec1ff-8c81-480a-9853-d1ce11a087de: 31 internal nodes; 0.7 s; peak memory 563 MiB.
2026-10-05T17:18:59Z INFO [1926/5000] 55ef69f3-be0c-44e5-ac87-547c03371bfb: 17 internal nodes; 0.6 s; peak memory 563 MiB.
2026-10-05T17:19:00Z INFO [1927/5000] 55ef95b3-17ba-47a0-852c-05da80edbcd7: 27 internal nodes; 0.6 s; peak memory 563 MiB.
2026-10-05T17:19:01Z INFO [1928/5000] 55efbffa-3392-41df-804f-9c1865beb9e2: 30 internal nodes; 0.9 s; peak memory 563 MiB.
2026-10-05T17:19:02Z INFO [1929/5000] 55f01f1c-8213-402f-88be-ffb5045b4183: 52 internal nodes; 1.1 s; peak memory 563 MiB.
2026-10-05T17:19:03Z INFO [1930/5000] 55f21d93-83db-4a7b-a6e2-4dc1520c5d32: 19 internal nodes; 0.6 s; peak memory 563 MiB.
2026-10-05T17:19:03Z INFO [1931/5000] 55f2327e-ee3c-4380-a559-b46fff1b1d2f: 31 internal nodes; 0.8 s; peak memory 563 MiB.
2026-10-05T17:19:04Z INFO [1932/5000] 55f23db4-b9ba-4ca9-901f-ce46492456fa: 31 internal nodes; 0.7 s; peak memory 563 MiB.
2026-10-05T17:19:06Z INFO [1933/5000] 55f27190-a22e-4f92-953c-25450c1ea810: 57 internal nodes; 2.5 s; peak memory 563 MiB.
2026-10-05T17:19:07Z INFO [1934/5000] 55f291f9-6013-4d5f-a053-8b28c12f2b65: 29 internal nodes; 0.8 s; peak memory 563 MiB.
2026-10-05T17:19:08Z INFO [1935/5000] 55f2bc85-1e7d-460b-b2e3-965029a7cc0a: 17 internal nodes; 0.6 s; peak memory 563 MiB.
2026-10-05T17:19:16Z INFO [1936/5000] 55f6692e-eddf-48fb-8c64-67559805b8e0: 347 internal nodes; 8.1 s; peak memory 563 MiB.
2026-10-05T17:19:17Z INFO [1937/5000] 55f6dc0e-f770-41cf-8ee7-14344b46e026: 15 internal nodes; 1.0 s; peak memory 563 MiB.
2026-10-05T17:19:26Z INFO [1938/5000] 55f7b957-84ca-49c9-ac66-66483603fa06: 33 internal nodes; 8.6 s; peak memory 563 MiB.
2026-10-05T17:19:26Z INFO [1939/5000] 55f836a7-1cb1-4f90-9de1-445e58495b51: 11 internal nodes; 0.4 s; peak memory 563 MiB.
2026-10-05T17:19:28Z INFO [1940/5000] 55f87b03-0371-4e7b-a790-9ca69ca234ec: 70 internal nodes; 1.4 s; peak memory 563 MiB.
2026-10-05T17:19:29Z INFO [1941/5000] 55f8bbc6-41b1-4d08-9751-1cecad635b94: 31 internal nodes; 1.3 s; peak memory 563 MiB.
2026-10-05T17:19:29Z INFO [1942/5000] 55fa1529-5518-43e4-a829-c544b8f98491: 58 internal nodes; 0.5 s; peak memory 563 MiB.
2026-10-05T17:19:30Z INFO [1943/5000] 55fa9f50-8174-4cc6-8e76-27be035619a6: 59 internal nodes; 1.1 s; peak memory 563 MiB.
2026-10-05T17:19:33Z INFO [1944/5000] 55faaa82-8011-449b-9651-f7f87516fcb5: 59 internal nodes; 2.9 s; peak memory 563 MiB.
2026-10-05T17:19:35Z INFO [1945/5000] 55fabb89-c907-43bf-866f-03edb0367d9c: 39 internal nodes; 1.7 s; peak memory 563 MiB.
2026-10-05T17:19:36Z INFO [1946/5000] 55fb4e7a-ed20-4997-9ab8-c2565715b5ab: 65 internal nodes; 1.1 s; peak memory 563 MiB.
2026-10-05T17:19:37Z INFO [1947/5000] 55fbea05-4081-4f4e-b035-0b86fe741aa2: 27 internal nodes; 0.6 s; peak memory 563 MiB.
2026-10-05T17:19:37Z INFO [1948/5000] 55fc5321-7feb-4401-8317-16c3e15fb6a2: 17 internal nodes; 0.5 s; peak memory 563 MiB.
2026-10-05T17:19:38Z INFO [1949/5000] 55fc8476-3017-486c-87a4-b4faeb74fa8d: 22 internal nodes; 0.7 s; peak memory 563 MiB.
2026-10-05T17:19:39Z INFO [1950/5000] 55fc9761-5697-4d7d-a8e1-21242586583c: 51 internal nodes; 1.4 s; peak memory 563 MiB.
2026-10-05T17:19:40Z INFO [1950/5000] 55fc9761-5697-4d7d-a8e1-21242586583c: checkpointed 88385 records.
2026-10-05T17:19:40Z INFO [1951/5000] 55fd22cc-e266-4b01-8c77-fde2fff2289c: 27 internal nodes; 0.3 s; peak memory 563 MiB.
2026-10-05T17:19:41Z INFO [1952/5000] 55fe9928-63c4-4c64-b47a-128e8d3665ae: 44 internal nodes; 1.2 s; peak memory 563 MiB.
2026-10-05T17:19:42Z INFO [1953/5000] 55ff7b81-4618-4248-b4eb-4986fd94566e: 17 internal nodes; 0.6 s; peak memory 563 MiB.
2026-10-05T17:19:42Z INFO [1954/5000] 560001ca-9b7f-471b-96b9-bf43a2ffdeb4: 17 internal nodes; 0.5 s; peak memory 563 MiB.
2026-10-05T17:19:43Z INFO [1955/5000] 56006f63-ee6b-41ff-9b14-2add984374c9: 27 internal nodes; 0.5 s; peak memory 563 MiB.
2026-10-05T17:19:44Z INFO [1956/5000] 56015d0a-de5b-428e-b5c4-cf3d81ef59f9: 15 internal nodes; 0.6 s; peak memory 563 MiB.
2026-10-05T17:19:44Z INFO [1957/5000] 560256f3-bdfa-42ec-b442-53b37863df11: 31 internal nodes; 0.8 s; peak memory 563 MiB.
2026-10-05T17:19:45Z INFO [1958/5000] 5602bddd-1fc8-4a49-81aa-574ed40b3c64: 27 internal nodes; 0.6 s; peak memory 563 MiB.
2026-10-05T17:19:46Z INFO [1959/5000] 56030d70-96bf-465e-ac4f-d7c6d6e0c0ea: 53 internal nodes; 0.8 s; peak memory 563 MiB.
2026-10-05T17:19:47Z INFO [1960/5000] 5603777d-d3e0-463a-bcc4-3e96e0691a0f: 27 internal nodes; 0.7 s; peak memory 563 MiB.
2026-10-05T17:19:47Z INFO [1961/5000] 56046419-e2b1-46b0-813f-1a96f6f63980: 17 internal nodes; 0.6 s; peak memory 563 MiB.
2026-10-05T17:19:48Z INFO [1962/5000] 560471ac-4c5a-484d-9614-606509bd88fc: 11 internal nodes; 0.5 s; peak memory 563 MiB.
2026-10-05T17:19:48Z INFO [1963/5000] 56049900-f1e0-4d22-ad57-186fcb5bacf6: 24 internal nodes; 0.7 s; peak memory 563 MiB.
2026-10-05T17:19:49Z INFO [1964/5000] 5604f4a1-8505-40e5-8d4b-421dd335f5a8: 31 internal nodes; 0.7 s; peak memory 563 MiB.
2026-10-05T17:19:50Z INFO [1965/5000] 56062575-6720-4bc1-a222-cdb3d8b9a0d5: 31 internal nodes; 0.9 s; peak memory 563 MiB.
2026-10-05T17:19:51Z INFO [1966/5000] 560655ec-bf74-481b-acad-6caa44ec8ca4: 19 internal nodes; 0.6 s; peak memory 563 MiB.
2026-10-05T17:19:52Z INFO [1967/5000] 5606779d-2e0e-4520-bc32-8f028317ed49: 72 internal nodes; 0.9 s; peak memory 563 MiB.
2026-10-05T17:19:52Z INFO [1968/5000] 5606a256-fab9-4dcd-89b5-8dedda7bff19: 17 internal nodes; 0.6 s; peak memory 563 MiB.
2026-10-05T17:19:55Z INFO [1969/5000] 5606df75-4dd1-44e0-a89f-96ef93836c21: 152 internal nodes; 3.1 s; peak memory 563 MiB.
2026-10-05T17:20:02Z INFO [1970/5000] 56074549-09c1-4d2b-bf1e-373141928c6d: 241 internal nodes; 6.6 s; peak memory 563 MiB.
2026-10-05T17:20:02Z INFO [1971/5000] 56075350-3c48-40d3-9124-0f16810c50df: 18 internal nodes; 0.6 s; peak memory 563 MiB.
2026-10-05T17:20:03Z INFO [1972/5000] 56086a5c-352c-44e3-a97d-b9e9710e0182: 17 internal nodes; 0.5 s; peak memory 563 MiB.
2026-10-05T17:20:04Z INFO [1973/5000] 560a5cc4-f732-4b37-8942-f0926b912ece: 27 internal nodes; 0.6 s; peak memory 563 MiB.
2026-10-05T17:20:05Z INFO [1974/5000] 560aeadd-ff00-47ff-9d38-d00cef4e341d: 31 internal nodes; 1.0 s; peak memory 563 MiB.
2026-10-05T17:20:06Z INFO [1975/5000] 560c299f-0f51-4565-bc65-7d485c981b4b: 44 internal nodes; 1.6 s; peak memory 563 MiB.
2026-10-05T17:20:07Z INFO [1976/5000] 560ca3de-d43b-432d-912f-05e748acdcf2: 17 internal nodes; 0.5 s; peak memory 563 MiB.
2026-10-05T17:20:12Z INFO [1977/5000] 560cc881-e095-48aa-ba94-9c18466b190b: 269 internal nodes; 5.4 s; peak memory 563 MiB.
2026-10-05T17:20:13Z INFO [1978/5000] 560cd706-886e-48f9-8c17-31682a4c63a4: 38 internal nodes; 0.9 s; peak memory 563 MiB.
2026-10-05T17:20:14Z INFO [1979/5000] 560d259f-5088-4964-afd9-c0cbdb52c7e3: 17 internal nodes; 0.6 s; peak memory 563 MiB.
2026-10-05T17:20:15Z INFO [1980/5000] 560d8e0a-6675-4061-8bf7-910c675f9337: 31 internal nodes; 0.8 s; peak memory 563 MiB.
2026-10-05T17:20:15Z INFO [1981/5000] 560edc46-d15b-4522-9732-5e510ab0db1c: 21 internal nodes; 0.3 s; peak memory 563 MiB.
2026-10-05T17:20:15Z INFO [1982/5000] 560ef2c4-ceda-4cde-a979-0e163f997367: 17 internal nodes; 0.4 s; peak memory 563 MiB.
2026-10-05T17:20:16Z INFO [1983/5000] 560fb12d-d8ba-4eac-8342-f55bea7df2af: 17 internal nodes; 0.6 s; peak memory 563 MiB.
2026-10-05T17:20:17Z INFO [1984/5000] 560fc48f-4076-4f28-be11-28ed79cb7280: 59 internal nodes; 0.8 s; peak memory 563 MiB.
2026-10-05T17:20:17Z INFO [1985/5000] 560fddeb-2c36-4ccd-a5af-9222037c8f07: 72 internal nodes; 0.8 s; peak memory 563 MiB.
2026-10-05T17:20:18Z INFO [1986/5000] 56107389-7392-479d-ab21-a03121fda52c: 90 internal nodes; 0.7 s; peak memory 563 MiB.
2026-10-05T17:20:19Z INFO [1987/5000] 56108565-00af-4592-b447-96d1edc6a814: 17 internal nodes; 0.6 s; peak memory 563 MiB.
2026-10-05T17:20:20Z INFO [1988/5000] 5610b4f6-6ef2-438f-9279-11a4601cf140: 66 internal nodes; 1.1 s; peak memory 563 MiB.
2026-10-05T17:20:20Z INFO [1989/5000] 5610e20d-219f-4de1-8282-9a8eed09a553: 28 internal nodes; 0.6 s; peak memory 563 MiB.
2026-10-05T17:20:22Z INFO [1990/5000] 56119c82-386b-45ec-90d0-58dcb2c77835: 60 internal nodes; 1.4 s; peak memory 563 MiB.
2026-10-05T17:20:23Z INFO [1991/5000] 5611cdb9-e1ee-4c3f-9f8d-b4e4bda8e0be: 27 internal nodes; 0.8 s; peak memory 563 MiB.
2026-10-05T17:20:23Z INFO [1992/5000] 56123c07-c4d4-4eb4-a410-ed0adac34e53: 17 internal nodes; 0.5 s; peak memory 563 MiB.
2026-10-05T17:20:28Z INFO [1993/5000] 5612a839-576c-4b44-8bad-623344cab028: 198 internal nodes; 4.4 s; peak memory 563 MiB.
2026-10-05T17:20:28Z INFO [1994/5000] 56156e99-6b8e-4483-9e2e-c7499115d7fd: 119 internal nodes; 0.7 s; peak memory 563 MiB.
2026-10-05T17:20:29Z INFO [1995/5000] 56169247-259b-48be-ac1b-8fbeae858b5b: 17 internal nodes; 0.6 s; peak memory 563 MiB.
2026-10-05T17:20:30Z INFO [1996/5000] 5616f829-6058-4f36-b265-d048bebda8be: 17 internal nodes; 0.7 s; peak memory 563 MiB.
2026-10-05T17:20:30Z INFO [1997/5000] 56176277-e8cb-43a0-8b33-cf9595fcb744: 17 internal nodes; 0.8 s; peak memory 563 MiB.
2026-10-05T17:20:31Z INFO [1998/5000] 5617d561-2b63-4492-b847-446f9fedd570: 27 internal nodes; 0.8 s; peak memory 563 MiB.
2026-10-05T17:20:32Z INFO [1999/5000] 56190214-aec7-4139-a1ef-1e779c0ad84e: 30 internal nodes; 1.2 s; peak memory 563 MiB.
2026-10-05T17:20:33Z INFO [2000/5000] 56191d89-07c8-46e3-9416-3c12e18e0dea: 27 internal nodes; 0.6 s; peak memory 563 MiB.
2026-10-05T17:20:33Z INFO [2000/5000] 56191d89-07c8-46e3-9416-3c12e18e0dea: checkpointed 88435 records.
2026-10-05T17:20:34Z INFO [2001/5000] 56192940-3970-4eff-9be5-09e55a72f2bb: 23 internal nodes; 0.4 s; peak memory 563 MiB.
2026-10-05T17:20:38Z INFO [2002/5000] 56197e4f-1b13-4e16-a647-a921957e60f7: 129 internal nodes; 3.8 s; peak memory 563 MiB.
2026-10-05T17:20:41Z INFO [2003/5000] 561a8dd8-0738-4d94-bfc7-79a03ee65dc3: 73 internal nodes; 3.2 s; peak memory 563 MiB.
2026-10-05T17:20:41Z INFO [2004/5000] 561b427d-cf2e-4aa9-bf7f-b672cee1acea: 17 internal nodes; 0.6 s; peak memory 563 MiB.
2026-10-05T17:20:46Z INFO [2005/5000] 561c3fdc-a849-42e0-a417-89b618f31531: 209 internal nodes; 4.4 s; peak memory 563 MiB.
2026-10-05T17:20:47Z INFO [2006/5000] 561d1910-0943-41ec-b7fa-faac651fc8b9: 31 internal nodes; 0.8 s; peak memory 563 MiB.
2026-10-05T17:20:50Z INFO [2007/5000] 561d2109-092f-4d59-ab5c-f4606dc4da1f: 68 internal nodes; 3.3 s; peak memory 563 MiB.
2026-10-05T17:20:50Z INFO [2008/5000] 561dca4b-7390-4f01-9818-1bcf5d52b9cf: 26 internal nodes; 0.6 s; peak memory 563 MiB.
2026-10-05T17:20:51Z INFO [2009/5000] 561e6a78-ed8e-4a1c-a2e1-fced296a1956: 22 internal nodes; 0.7 s; peak memory 563 MiB.
2026-10-05T17:20:55Z INFO [2010/5000] 561ee204-9d4c-4fd8-b160-0472f9b9d6f7: 61 internal nodes; 4.4 s; peak memory 563 MiB.
2026-10-05T17:20:56Z INFO [2011/5000] 561f2d3f-2939-405d-9a7f-16ea584b65e8: 17 internal nodes; 0.4 s; peak memory 563 MiB.
2026-10-05T17:20:57Z INFO [2012/5000] 56205a27-6673-4b58-ab11-cfd99776a24e: 17 internal nodes; 0.7 s; peak memory 563 MiB.
2026-10-05T17:20:57Z INFO [2013/5000] 562066e7-8541-4dd6-a251-4a2fbabab3ea: 17 internal nodes; 0.6 s; peak memory 563 MiB.
2026-10-05T17:20:58Z INFO [2014/5000] 56206f2d-abc3-4b8f-8f90-b0064ccb431a: 29 internal nodes; 0.7 s; peak memory 563 MiB.
2026-10-05T17:20:59Z INFO [2015/5000] 5620a46b-e563-4361-b03f-ef4d05c19cb1: 17 internal nodes; 0.7 s; peak memory 563 MiB.
2026-10-05T17:20:59Z INFO [2016/5000] 5620f806-3267-42d0-9d54-fe23e07cf9d9: 11 internal nodes; 0.3 s; peak memory 563 MiB.
2026-10-05T17:21:00Z INFO [2017/5000] 56221cb6-a5c4-45ff-9126-d7059abe9fa4: 59 internal nodes; 1.3 s; peak memory 563 MiB.
2026-10-05T17:21:01Z INFO [2018/5000] 56222879-e0cd-4735-b8b9-ccae325e78d1: 83 internal nodes; 0.9 s; peak memory 563 MiB.
2026-10-05T17:21:03Z INFO [2019/5000] 5623723f-e282-4f03-8c00-3b54086196ed: 69 internal nodes; 1.7 s; peak memory 563 MiB.
2026-10-05T17:21:03Z INFO [2020/5000] 56238d9f-b2a3-400a-af57-904f2494d1cd: 17 internal nodes; 0.6 s; peak memory 563 MiB.
2026-10-05T17:21:04Z INFO [2021/5000] 56239f31-7003-4ed2-b378-cf35fcb2e352: 27 internal nodes; 0.7 s; peak memory 563 MiB.
2026-10-05T17:21:05Z INFO [2022/5000] 5624a801-e3c0-4b1c-aa9a-3ce5a504664e: 16 internal nodes; 0.6 s; peak memory 563 MiB.
2026-10-05T17:21:05Z INFO [2023/5000] 5624d890-4664-435e-a3bc-5758bddd93ed: 11 internal nodes; 0.3 s; peak memory 563 MiB.
2026-10-05T17:21:06Z INFO [2024/5000] 56251d4a-5eda-44a1-8c4c-c1d14e88c7b2: 31 internal nodes; 0.9 s; peak memory 563 MiB.
2026-10-05T17:21:06Z INFO [2025/5000] 56269fe9-bf17-4c17-b6d0-55c6ce56785f: 19 internal nodes; 0.6 s; peak memory 563 MiB.
2026-10-05T17:21:07Z INFO [2026/5000] 5626dd90-ce4d-499c-a283-4836c4f9d546: 19 internal nodes; 0.7 s; peak memory 563 MiB.
2026-10-05T17:21:08Z INFO [2027/5000] 5629714d-fa9d-488f-992a-3b7eeed576f1: 27 internal nodes; 0.6 s; peak memory 563 MiB.
2026-10-05T17:21:08Z INFO [2028/5000] 5629b1ec-4578-4d71-8946-28cf93168ed0: 13 internal nodes; 0.6 s; peak memory 563 MiB.
2026-10-05T17:21:13Z INFO [2029/5000] 562a48f8-5c5f-426f-9d8d-1d55f4504b70: 1964 internal nodes; 4.4 s; peak memory 563 MiB.
2026-10-05T17:21:13Z INFO [2030/5000] 562b1288-e5b4-4c9c-a94e-f70ed6196085: 12 internal nodes; 0.7 s; peak memory 563 MiB.
2026-10-05T17:21:14Z INFO [2031/5000] 562b409f-e093-4bd9-863c-4e59bbff4de7: 27 internal nodes; 0.6 s; peak memory 563 MiB.
2026-10-05T17:21:15Z INFO [2032/5000] 562c4496-51a9-4796-b67b-e2b12815388c: 31 internal nodes; 1.2 s; peak memory 563 MiB.
2026-10-05T17:21:16Z INFO [2033/5000] 562d466e-aa75-4d9f-b0ff-f19e80cba4b0: 17 internal nodes; 0.5 s; peak memory 563 MiB.
2026-10-05T17:21:16Z INFO [2034/5000] 562dc3bb-be99-48aa-b294-68f9284d694d: 116 internal nodes; 0.6 s; peak memory 563 MiB.
2026-10-05T17:21:17Z INFO [2035/5000] 562fa1e0-fb33-4707-9722-ec3840c73dcb: 17 internal nodes; 0.5 s; peak memory 563 MiB.
2026-10-05T17:21:17Z INFO [2036/5000] 563053b9-8bc1-4030-8f99-f3b4957f368f: 11 internal nodes; 0.5 s; peak memory 563 MiB.
2026-10-05T17:21:18Z INFO [2037/5000] 56305923-35c1-44d6-ac96-caa01b9971ca: 27 internal nodes; 0.7 s; peak memory 563 MiB.
2026-10-05T17:21:23Z INFO [2038/5000] 5630fa68-99d3-40c2-988b-49a06e4d9000: 213 internal nodes; 5.2 s; peak memory 563 MiB.
2026-10-05T17:21:24Z INFO [2039/5000] 56310591-a880-45cd-a78f-d52ca0a45d9b: 17 internal nodes; 0.6 s; peak memory 563 MiB.
2026-10-05T17:21:25Z INFO [2040/5000] 5631949c-0e16-4fc3-8ea7-bf138a7e758e: 54 internal nodes; 1.0 s; peak memory 563 MiB.
2026-10-05T17:21:27Z INFO [2041/5000] 56321a19-40b8-4a09-b56a-5dd1c574ef28: 145 internal nodes; 2.6 s; peak memory 563 MiB.
2026-10-05T17:21:28Z INFO [2042/5000] 56324f3e-bb26-4035-b73d-501c50a8a9c7: 19 internal nodes; 0.5 s; peak memory 563 MiB.
2026-10-05T17:21:29Z INFO [2043/5000] 5634756f-daec-4cd4-bd2e-671380332a1b: 115 internal nodes; 0.7 s; peak memory 563 MiB.
2026-10-05T17:21:29Z INFO [2044/5000] 5634853b-155d-4046-b9aa-c605c338ced0: 29 internal nodes; 0.7 s; peak memory 563 MiB.
2026-10-05T17:21:33Z INFO [2045/5000] 56349fa5-d4f6-409c-a805-f29b9215a9d8: 100 internal nodes; 3.2 s; peak memory 563 MiB.
2026-10-05T17:21:36Z INFO [2046/5000] 5634f189-adfb-4a98-9039-cf5cdc64d03c: 111 internal nodes; 3.2 s; peak memory 563 MiB.
2026-10-05T17:21:36Z INFO [2047/5000] 563583a3-0b9a-4d36-920e-803616dd84e0: 11 internal nodes; 0.5 s; peak memory 563 MiB.
2026-10-05T17:21:38Z INFO [2048/5000] 5635ad8e-f355-45a5-9ab9-e6a8683a6dd9: 29 internal nodes; 1.3 s; peak memory 563 MiB.
2026-10-05T17:21:39Z INFO [2049/5000] 56370b52-3ea9-4bd9-9ff0-3a7cff07a4fa: 37 internal nodes; 1.0 s; peak memory 563 MiB.
2026-10-05T17:21:39Z INFO [2050/5000] 56380c34-b64c-4a0b-aa52-8530d108ea66: 27 internal nodes; 0.7 s; peak memory 563 MiB.
2026-10-05T17:21:40Z INFO [2050/5000] 56380c34-b64c-4a0b-aa52-8530d108ea66: checkpointed 88485 records.
2026-10-05T17:21:40Z INFO [2051/5000] 56389d55-264d-4fed-a0b0-f2d2685f686a: 17 internal nodes; 0.5 s; peak memory 563 MiB.
2026-10-05T17:21:41Z INFO [2052/5000] 5638af94-8677-45a6-a52a-126299c20b6f: 13 internal nodes; 0.6 s; peak memory 563 MiB.
2026-10-05T17:21:42Z INFO [2053/5000] 56392d26-b23e-4824-a48f-846586af2678: 44 internal nodes; 1.6 s; peak memory 563 MiB.
2026-10-05T17:21:43Z INFO [2054/5000] 563a3bb6-d295-4855-a92d-4779268605bf: 31 internal nodes; 0.7 s; peak memory 563 MiB.
2026-10-05T17:21:44Z INFO [2055/5000] 563adb63-4b19-465a-9e04-0c10c3b2ef34: 27 internal nodes; 0.7 s; peak memory 563 MiB.
2026-10-05T17:21:44Z INFO [2056/5000] 563b4ca8-2fc2-4694-9908-b3b0e9ca91ab: 17 internal nodes; 0.7 s; peak memory 563 MiB.
2026-10-05T17:21:48Z INFO [2057/5000] 563d685b-0578-40f0-bb66-d26835c79397: 61 internal nodes; 4.1 s; peak memory 563 MiB.
2026-10-05T17:21:50Z INFO [2058/5000] 563da09f-3641-473a-85b3-f6bcdb612033: 44 internal nodes; 1.3 s; peak memory 563 MiB.
2026-10-05T17:21:50Z INFO [2059/5000] 563e33f9-fa5c-4b5e-a69d-4133079688fb: 90 internal nodes; 0.7 s; peak memory 563 MiB.
2026-10-05T17:21:51Z INFO [2060/5000] 563e49bd-411d-4705-bd19-d33166c19fff: 27 internal nodes; 0.8 s; peak memory 563 MiB.
2026-10-05T17:21:52Z INFO [2061/5000] 563e7e6c-d1d9-4c7c-9a94-c918226d4ba3: 17 internal nodes; 0.6 s; peak memory 563 MiB.
2026-10-05T17:21:52Z INFO [2062/5000] 563e96bf-b5e9-415d-acc4-e78b23bc8438: 17 internal nodes; 0.5 s; peak memory 563 MiB.
2026-10-05T17:21:59Z INFO [2063/5000] 563fa3e2-db42-41d7-a0ac-d7ba942717c4: 306 internal nodes; 7.1 s; peak memory 563 MiB.
2026-10-05T17:22:00Z INFO [2064/5000] 563fcf9b-51fd-4e4d-a88d-5d9b073e914e: 61 internal nodes; 0.9 s; peak memory 563 MiB.
2026-10-05T17:22:03Z INFO [2065/5000] 563fff57-dd18-43fb-b966-5e153621416b: 149 internal nodes; 3.1 s; peak memory 563 MiB.
2026-10-05T17:22:04Z INFO [2066/5000] 56407ded-1c09-4a9e-9ac0-31800c469834: 27 internal nodes; 0.7 s; peak memory 563 MiB.
2026-10-05T17:22:09Z INFO [2067/5000] 5640e425-5281-4e0b-9c1c-73a85a14cc58: 70 internal nodes; 4.7 s; peak memory 563 MiB.
2026-10-05T17:22:09Z INFO [2068/5000] 5640f1c7-a1a4-4517-b27d-4f0a78f458ea: 17 internal nodes; 0.6 s; peak memory 563 MiB.
2026-10-05T17:22:10Z INFO [2069/5000] 5640f615-7ac8-44d1-b716-31cd048dafd4: 17 internal nodes; 0.6 s; peak memory 563 MiB.
2026-10-05T17:22:43Z INFO [2070/5000] 5642287a-cb09-420d-b63c-5a5fa058d7c3: 2983 internal nodes; 33.0 s; peak memory 563 MiB.
2026-10-05T17:22:43Z INFO [2071/5000] 564242e4-600e-4aeb-87e6-15c7178eb860: 27 internal nodes; 0.7 s; peak memory 563 MiB.
2026-10-05T17:22:44Z INFO [2072/5000] 5642dd72-1068-4318-ac2d-39c8f9ad2ae0: 17 internal nodes; 0.6 s; peak memory 563 MiB.
2026-10-05T17:22:45Z INFO [2073/5000] 56435068-67c9-4b26-8f0f-dc08ad3347d5: 69 internal nodes; 0.9 s; peak memory 563 MiB.
2026-10-05T17:22:46Z INFO [2074/5000] 564405b9-edf5-4e90-ac1a-4e7e564efd10: 27 internal nodes; 0.7 s; peak memory 563 MiB.
2026-10-05T17:22:48Z INFO [2075/5000] 564556c4-a212-427e-997a-ade5d1b7e821: 41 internal nodes; 2.6 s; peak memory 563 MiB.
2026-10-05T17:22:49Z INFO [2076/5000] 5646417b-e404-45f8-bafd-e19ebef279bb: 122 internal nodes; 0.8 s; peak memory 563 MiB.
2026-10-05T17:22:54Z INFO [2077/5000] 5646726b-bb5b-44e1-b0d8-952b9e845cf7: 200 internal nodes; 4.7 s; peak memory 563 MiB.
2026-10-05T17:23:02Z INFO [2078/5000] 5646966b-b522-42a1-8a27-d3f3f3c55e6b: 570 internal nodes; 8.4 s; peak memory 563 MiB.
2026-10-05T17:23:03Z INFO [2079/5000] 56471acd-519c-45b1-8fbd-5f327fe4e3dc: 29 internal nodes; 0.7 s; peak memory 563 MiB.
2026-10-05T17:23:04Z INFO [2080/5000] 56472f6a-841a-4f99-afe1-ffead5f7187b: 15 internal nodes; 0.5 s; peak memory 563 MiB.
2026-10-05T17:23:11Z INFO [2081/5000] 56473e22-faf9-4cb6-bcf9-e2509284f885: 371 internal nodes; 7.4 s; peak memory 563 MiB.
2026-10-05T17:23:12Z INFO [2082/5000] 5647a0de-a56c-416e-9128-fc8046004b27: 27 internal nodes; 0.8 s; peak memory 563 MiB.
2026-10-05T17:23:13Z INFO [2083/5000] 5647abe1-2f7d-46ae-8df1-63070246ae92: 42 internal nodes; 1.4 s; peak memory 563 MiB.
2026-10-05T17:23:14Z INFO [2084/5000] 5647ba25-361e-4afd-bf6a-32683e5b4d0f: 27 internal nodes; 0.7 s; peak memory 563 MiB.
2026-10-05T17:23:14Z INFO [2085/5000] 56490e63-084e-4c1c-8905-a937f7dae792: 17 internal nodes; 0.6 s; peak memory 563 MiB.
2026-10-05T17:23:15Z INFO [2086/5000] 564b28a8-5071-446f-86e2-09db9ed3d0ed: 17 internal nodes; 0.6 s; peak memory 563 MiB.
2026-10-05T17:23:16Z INFO [2087/5000] 564bfd56-06b4-4022-8458-6c7d6b38bf8d: 27 internal nodes; 0.7 s; peak memory 563 MiB.
2026-10-05T17:23:16Z INFO [2088/5000] 564c1f0d-f76c-4582-911a-a61dae6d5ac9: 30 internal nodes; 0.8 s; peak memory 563 MiB.
2026-10-05T17:23:17Z INFO [2089/5000] 564d4179-a379-4075-a3c9-c9b76e0f689e: 31 internal nodes; 0.6 s; peak memory 563 MiB.
2026-10-05T17:23:19Z INFO [2090/5000] 564d9bf3-e430-40bd-9161-48282a255b77: 40 internal nodes; 1.4 s; peak memory 563 MiB.
2026-10-05T17:23:19Z INFO [2091/5000] 564e04b5-67a2-4a75-b8a4-17d535232906: 31 internal nodes; 0.8 s; peak memory 563 MiB.
2026-10-05T17:23:20Z INFO [2092/5000] 564e533c-0738-4336-b38a-5e6b353cf7c3: 29 internal nodes; 0.6 s; peak memory 563 MiB.
2026-10-05T17:23:21Z INFO [2093/5000] 564e581a-0239-42c2-b81b-97270f71c92f: 30 internal nodes; 0.8 s; peak memory 563 MiB.
2026-10-05T17:23:21Z INFO [2094/5000] 564ee5d9-20e8-4a5e-a75d-43bfa4429d22: 13 internal nodes; 0.5 s; peak memory 563 MiB.
2026-10-05T17:23:22Z INFO [2095/5000] 564efe70-4e1b-4708-917c-202c30b1b3ca: 72 internal nodes; 1.1 s; peak memory 563 MiB.
2026-10-05T17:23:23Z INFO [2096/5000] 564f5611-252d-41d3-b045-645abb1073d9: 11 internal nodes; 0.4 s; peak memory 563 MiB.
2026-10-05T17:23:23Z INFO [2097/5000] 564f9231-3fef-4a22-87b4-7f207d045d62: 11 internal nodes; 0.4 s; peak memory 563 MiB.
2026-10-05T17:23:25Z INFO [2098/5000] 56515416-0a68-43b2-a052-60d7e71bafbc: 44 internal nodes; 1.6 s; peak memory 563 MiB.
2026-10-05T17:23:26Z INFO [2099/5000] 56527c3d-04b8-43ab-b058-3103947227ad: 49 internal nodes; 1.6 s; peak memory 563 MiB.
2026-10-05T17:23:27Z INFO [2100/5000] 5652886e-d486-4ea3-91e1-8884f470160a: 27 internal nodes; 0.7 s; peak memory 563 MiB.
2026-10-05T17:23:27Z INFO [2100/5000] 5652886e-d486-4ea3-91e1-8884f470160a: checkpointed 88535 records.
2026-10-05T17:23:28Z INFO [2101/5000] 5653d8f8-6734-4797-8cc5-09cf975c944d: 18 internal nodes; 0.3 s; peak memory 563 MiB.
2026-10-05T17:23:28Z INFO [2102/5000] 5653dccc-f114-49c8-aa3c-b06326de3a6e: 13 internal nodes; 0.5 s; peak memory 563 MiB.
2026-10-05T17:23:29Z INFO [2103/5000] 5653e7c8-ac03-4c47-9ef2-b7181fddb4f1: 31 internal nodes; 0.8 s; peak memory 563 MiB.
2026-10-05T17:23:33Z INFO [2104/5000] 5654d331-5cbc-4c3f-8409-ba97f79b1f03: 81 internal nodes; 3.7 s; peak memory 563 MiB.
2026-10-05T17:23:33Z INFO [2105/5000] 565537d8-1688-4d02-825c-d24763dde5ae: 16 internal nodes; 0.7 s; peak memory 563 MiB.
2026-10-05T17:23:34Z INFO [2106/5000] 56554e31-03d9-4681-80a8-2ade1cb972ed: 17 internal nodes; 0.4 s; peak memory 563 MiB.
2026-10-05T17:23:34Z INFO [2107/5000] 56557c00-4c4f-4aa2-b351-6b3766146e5a: 17 internal nodes; 0.5 s; peak memory 563 MiB.
2026-10-05T17:23:35Z INFO [2108/5000] 565592ab-64cb-45c5-bf34-04d095bb058e: 31 internal nodes; 0.7 s; peak memory 563 MiB.
2026-10-05T17:23:40Z INFO [2109/5000] 5656e307-0450-45db-aa62-0a6182e0273c: 182 internal nodes; 5.0 s; peak memory 563 MiB.
2026-10-05T17:23:40Z INFO [2110/5000] 56576cfd-f85b-4a5f-bd1d-b256f06cf367: 13 internal nodes; 0.3 s; peak memory 563 MiB.
2026-10-05T17:23:41Z INFO [2111/5000] 5658495b-e45a-45c1-b0b8-f92c28459704: 17 internal nodes; 0.6 s; peak memory 563 MiB.
2026-10-05T17:23:42Z INFO [2112/5000] 56586bc2-586d-45a0-8b85-a4df66ddd013: 69 internal nodes; 0.9 s; peak memory 563 MiB.
2026-10-05T17:23:46Z INFO [2113/5000] 56586e26-585d-466c-8ae4-fde5d3e7de11: 184 internal nodes; 4.7 s; peak memory 563 MiB.
2026-10-05T17:23:47Z INFO [2114/5000] 5658c2e2-0463-4341-b41c-3967139dd6a0: 17 internal nodes; 0.6 s; peak memory 563 MiB.
2026-10-05T17:23:47Z INFO [2115/5000] 56599377-d1aa-4e63-97dc-11fb9ad70ba4: 14 internal nodes; 0.5 s; peak memory 563 MiB.
2026-10-05T17:23:48Z INFO [2116/5000] 565a16ab-6a92-430e-97cf-72770693fd71: 17 internal nodes; 0.6 s; peak memory 563 MiB.
2026-10-05T17:23:49Z INFO [2117/5000] 565a3a78-68cf-4584-b668-d3c3e34aa43d: 27 internal nodes; 0.6 s; peak memory 563 MiB.
2026-10-05T17:23:50Z INFO [2118/5000] 565b85d5-eeae-4b7f-b979-e0833d14daf0: 67 internal nodes; 1.2 s; peak memory 563 MiB.
2026-10-05T17:23:50Z INFO [2119/5000] 565bf72e-6542-4fac-acd1-18afb5f917bc: 54 internal nodes; 0.6 s; peak memory 563 MiB.
2026-10-05T17:23:54Z INFO [2120/5000] 565c4e96-dd40-4b7c-bde2-531e8c881ebb: 177 internal nodes; 3.7 s; peak memory 563 MiB.
2026-10-05T17:23:55Z INFO [2121/5000] 565c75ce-ef01-40c0-b6f4-1dca446a7b34: 27 internal nodes; 0.5 s; peak memory 563 MiB.
2026-10-05T17:24:08Z INFO [2122/5000] 565c9542-6bbd-4c8e-a134-f454806c32e6: 112 internal nodes; 13.6 s; peak memory 563 MiB.
2026-10-05T17:24:09Z INFO [2123/5000] 565d8c55-b5cf-46f8-b95b-d8e5f8764335: 18 internal nodes; 0.7 s; peak memory 563 MiB.
2026-10-05T17:24:12Z INFO [2124/5000] 565da62b-0bab-4d01-9151-cfa30c2779ae: 107 internal nodes; 3.2 s; peak memory 563 MiB.
2026-10-05T17:24:13Z INFO [2125/5000] 565df09d-ead6-4179-9f93-4ac32062b8a8: 28 internal nodes; 0.9 s; peak memory 563 MiB.
2026-10-05T17:24:14Z INFO [2126/5000] 565df8ec-2182-4f71-9ff2-1e4d9ff60c63: 17 internal nodes; 0.6 s; peak memory 563 MiB.
2026-10-05T17:24:15Z INFO [2127/5000] 565e35a6-d637-4bfe-9a48-0a90f858659d: 43 internal nodes; 1.7 s; peak memory 563 MiB.
2026-10-05T17:24:16Z INFO [2128/5000] 565e5f7a-996d-4df9-8841-a30f48a8725b: 17 internal nodes; 0.6 s; peak memory 563 MiB.
2026-10-05T17:24:16Z INFO [2129/5000] 565eb65d-55f6-4c7c-ab2d-78dc589cfb04: 27 internal nodes; 0.7 s; peak memory 563 MiB.
2026-10-05T17:24:17Z INFO [2130/5000] 565fccda-e75e-4955-94ab-6cc906036887: 11 internal nodes; 0.3 s; peak memory 563 MiB.
2026-10-05T17:24:17Z INFO [2131/5000] 565ff39f-a4fb-4001-b0a1-6e90be4acd75: 17 internal nodes; 0.6 s; peak memory 563 MiB.
2026-10-05T17:24:18Z INFO [2132/5000] 5660a66c-e5b6-4783-ada7-b5b001054ead: 27 internal nodes; 0.7 s; peak memory 563 MiB.
2026-10-05T17:24:19Z INFO [2133/5000] 56617cb1-77e9-4399-92ec-e980b1bfd97a: 22 internal nodes; 0.5 s; peak memory 563 MiB.
2026-10-05T17:24:19Z INFO [2134/5000] 566233e3-2a5d-402b-a386-f6c388f3d3c2: 27 internal nodes; 0.7 s; peak memory 563 MiB.
2026-10-05T17:24:20Z INFO [2135/5000] 5662e3f0-2f7e-426a-84f4-4700933cf52a: 19 internal nodes; 0.7 s; peak memory 563 MiB.
2026-10-05T17:24:21Z INFO [2136/5000] 56630b42-f4d7-4816-a4e2-3d4a045469f9: 27 internal nodes; 0.6 s; peak memory 563 MiB.
2026-10-05T17:24:21Z INFO [2137/5000] 56642d46-09c4-40b7-9cce-321607a598e9: 22 internal nodes; 0.5 s; peak memory 563 MiB.
2026-10-05T17:24:25Z INFO [2138/5000] 5664a880-b0d9-4828-9659-967e00fc4827: 62 internal nodes; 4.0 s; peak memory 563 MiB.
2026-10-05T17:24:26Z INFO [2139/5000] 5664ae7a-18f8-4aa7-9786-a427a8d8db84: 41 internal nodes; 1.3 s; peak memory 563 MiB.
2026-10-05T17:24:27Z INFO [2140/5000] 5664db3a-3a3f-436f-af11-00a5d620c18c: 23 internal nodes; 0.7 s; peak memory 563 MiB.
2026-10-05T17:24:28Z INFO [2141/5000] 5666289a-3d2a-4d0f-be22-25b26f65ce29: 29 internal nodes; 1.1 s; peak memory 563 MiB.
2026-10-05T17:24:29Z INFO [2142/5000] 56666e4e-a2a4-427b-bfa2-a90dc81a6332: 17 internal nodes; 0.5 s; peak memory 563 MiB.
2026-10-05T17:24:33Z INFO [2143/5000] 5666c72a-4a17-4e01-870c-9a26e3bef7ef: 191 internal nodes; 4.4 s; peak memory 563 MiB.
2026-10-05T17:24:38Z INFO [2144/5000] 566804b6-f97b-4ee7-927a-87549060f1aa: 66 internal nodes; 4.6 s; peak memory 563 MiB.
2026-10-05T17:24:38Z INFO [2145/5000] 566896cb-c716-4fa9-9279-5b125812a184: 24 internal nodes; 0.5 s; peak memory 563 MiB.
2026-10-05T17:24:39Z INFO [2146/5000] 5668a730-9372-4def-8737-ff5953023239: 15 internal nodes; 0.6 s; peak memory 563 MiB.
2026-10-05T17:24:39Z INFO [2147/5000] 5668cebc-536d-4c67-bcfc-659ec6aae102: 27 internal nodes; 0.7 s; peak memory 563 MiB.
2026-10-05T17:24:40Z INFO [2148/5000] 5668e3d1-8188-4d6d-96f1-6109230a0f72: 32 internal nodes; 0.9 s; peak memory 563 MiB.
2026-10-05T17:24:42Z INFO [2149/5000] 5669763b-3a9f-4f15-8c7d-764a7b236185: 41 internal nodes; 1.7 s; peak memory 563 MiB.
2026-10-05T17:24:43Z INFO [2150/5000] 56699a40-a659-4b6d-b27d-9d92e72345c2: 18 internal nodes; 0.6 s; peak memory 563 MiB.
2026-10-05T17:24:43Z INFO [2150/5000] 56699a40-a659-4b6d-b27d-9d92e72345c2: checkpointed 88585 records.
2026-10-05T17:24:45Z INFO [2151/5000] 5669c36a-59a0-48ca-a1fd-371ba1ca3ccc: 46 internal nodes; 2.2 s; peak memory 563 MiB.
2026-10-05T17:24:46Z INFO [2152/5000] 5669d2bd-6d8b-4abf-8b44-db2a0822b5f4: 29 internal nodes; 0.7 s; peak memory 563 MiB.
2026-10-05T17:24:46Z INFO [2153/5000] 5669e6ae-70a9-4418-a471-2960ec2db35a: 22 internal nodes; 0.4 s; peak memory 563 MiB.
2026-10-05T17:24:47Z INFO [2154/5000] 566a384b-aa14-4f9b-991c-2e35e0411b4d: 17 internal nodes; 0.5 s; peak memory 563 MiB.
2026-10-05T17:24:47Z INFO [2155/5000] 566a54a2-f0b1-4b29-8ed1-b72d5677e090: 15 internal nodes; 0.5 s; peak memory 563 MiB.
2026-10-05T17:24:49Z INFO [2156/5000] 566a8bd5-5a98-46a7-a40d-9bd1a0b1c230: 42 internal nodes; 1.8 s; peak memory 563 MiB.
2026-10-05T17:24:50Z INFO [2157/5000] 566ae3d6-fe9d-4e76-b7ff-52c513474d21: 17 internal nodes; 0.5 s; peak memory 563 MiB.
2026-10-05T17:24:51Z INFO [2158/5000] 566af0b6-b2df-439b-a734-cbb5413a772f: 66 internal nodes; 1.0 s; peak memory 563 MiB.
2026-10-05T17:24:51Z INFO [2159/5000] 566b698b-8e1b-4b4f-983d-cf2927999069: 27 internal nodes; 0.9 s; peak memory 563 MiB.
2026-10-05T17:24:52Z INFO [2160/5000] 566c3bc8-0dc8-410f-a6b2-3e2e0172bc88: 19 internal nodes; 0.5 s; peak memory 563 MiB.
2026-10-05T17:24:53Z INFO [2161/5000] 566c9e4a-2f3c-448a-ac8c-399f6f9ff0b6: 31 internal nodes; 0.7 s; peak memory 563 MiB.
2026-10-05T17:24:53Z INFO [2162/5000] 566cd772-0499-4f19-bf7f-444a185687ab: 17 internal nodes; 0.5 s; peak memory 563 MiB.
2026-10-05T17:24:54Z INFO [2163/5000] 566d4c31-6066-4a67-81cd-ff4ad24df1f0: 13 internal nodes; 0.4 s; peak memory 563 MiB.
2026-10-05T17:24:58Z INFO [2164/5000] 566dd6bd-a059-45cf-aa3f-73bb9ed1d335: 73 internal nodes; 4.2 s; peak memory 563 MiB.
2026-10-05T17:24:58Z INFO [2165/5000] 566e40c8-8744-4496-ba4e-8b345763395d: 17 internal nodes; 0.6 s; peak memory 563 MiB.
2026-10-05T17:24:59Z INFO [2166/5000] 566ef90b-8334-46a2-ad26-cdd9944513ba: 37 internal nodes; 0.9 s; peak memory 563 MiB.
2026-10-05T17:25:08Z INFO [2167/5000] 566f3025-b2db-458d-bbf9-c4f2d1545fd2: 218 internal nodes; 8.7 s; peak memory 563 MiB.
2026-10-05T17:25:09Z INFO [2168/5000] 566f98f3-47ba-4723-9ac1-701ee1e9aa51: 17 internal nodes; 0.7 s; peak memory 563 MiB.
2026-10-05T17:25:09Z INFO [2169/5000] 566ff50f-e5f4-4b58-b432-6d337906ce8d: 13 internal nodes; 0.6 s; peak memory 563 MiB.
2026-10-05T17:25:10Z INFO [2170/5000] 5671956f-bb93-45f3-8eac-9f3ce83028af: 17 internal nodes; 0.6 s; peak memory 563 MiB.
2026-10-05T17:25:10Z INFO [2171/5000] 5672fd51-8bd9-4d62-9abd-0c96c52a4e28: 31 internal nodes; 0.8 s; peak memory 563 MiB.
2026-10-05T17:25:11Z INFO [2172/5000] 56730a9d-a30d-401b-bba3-0aad3cc3d517: 17 internal nodes; 0.7 s; peak memory 563 MiB.
2026-10-05T17:25:12Z INFO [2173/5000] 5673b206-c8d4-4772-8506-28bae426f0ed: 27 internal nodes; 0.8 s; peak memory 563 MiB.
2026-10-05T17:25:13Z INFO [2174/5000] 56744a4f-208c-4905-9ea5-31a948109793: 27 internal nodes; 0.6 s; peak memory 563 MiB.
2026-10-05T17:25:14Z INFO [2175/5000] 567466db-e3f9-4628-8dba-f94c4de68621: 90 internal nodes; 1.0 s; peak memory 563 MiB.
2026-10-05T17:25:15Z INFO [2176/5000] 5674de3d-aee5-4f9b-95b4-02d9fba8a275: 56 internal nodes; 1.1 s; peak memory 563 MiB.
2026-10-05T17:25:15Z INFO [2177/5000] 56760d38-76c4-43e9-871b-62a6d89688f2: 27 internal nodes; 0.8 s; peak memory 563 MiB.
2026-10-05T17:25:17Z INFO [2178/5000] 5676a990-9ea8-4b71-9158-8b3faf39c114: 44 internal nodes; 1.3 s; peak memory 563 MiB.
2026-10-05T17:25:17Z INFO [2179/5000] 56773c38-47c6-49cb-8fc0-f328f745ea94: 13 internal nodes; 0.4 s; peak memory 563 MiB.
2026-10-05T17:25:18Z INFO [2180/5000] 567798e7-da59-4606-8a3d-d69d7548a481: 13 internal nodes; 0.6 s; peak memory 563 MiB.
2026-10-05T17:25:18Z INFO [2181/5000] 5677a84a-5df5-498a-89b3-86e9eea3d638: 17 internal nodes; 0.6 s; peak memory 563 MiB.
2026-10-05T17:25:19Z INFO [2182/5000] 56783daa-919a-4f87-a53f-265960f34985: 17 internal nodes; 0.6 s; peak memory 563 MiB.
2026-10-05T17:25:25Z INFO [2183/5000] 5678d28f-99ce-4c89-8d57-e5b9a207664d: 320 internal nodes; 5.8 s; peak memory 563 MiB.
2026-10-05T17:25:27Z INFO [2184/5000] 567a7bea-68ee-4cf9-b841-80f0e5ed97bc: 46 internal nodes; 2.1 s; peak memory 563 MiB.
2026-10-05T17:25:27Z INFO [2185/5000] 567ab7fb-2939-4fa7-80ea-1ad284cced5a: 27 internal nodes; 0.6 s; peak memory 563 MiB.
2026-10-05T17:25:28Z INFO [2186/5000] 567c87bd-fbc7-4117-9cb3-23b81e770127: 13 internal nodes; 0.7 s; peak memory 563 MiB.
2026-10-05T17:25:29Z INFO [2187/5000] 567cf8c7-20d2-40c5-9d2e-1551ebc86b5b: 17 internal nodes; 0.6 s; peak memory 563 MiB.
2026-10-05T17:25:30Z INFO [2188/5000] 567d46c7-fb2f-408a-a892-2a43ab896760: 62 internal nodes; 0.9 s; peak memory 563 MiB.
2026-10-05T17:25:30Z INFO [2189/5000] 567da1ad-219e-40d3-a94a-a929d4cd5262: 13 internal nodes; 0.7 s; peak memory 563 MiB.
2026-10-05T17:25:32Z INFO [2190/5000] 567db801-2602-4d5b-bf52-47ecbd428519: 41 internal nodes; 1.7 s; peak memory 563 MiB.
2026-10-05T17:25:32Z INFO [2191/5000] 567dea6c-aeb2-40a3-aaec-c833350ff810: 24 internal nodes; 0.5 s; peak memory 563 MiB.
2026-10-05T17:25:33Z INFO [2192/5000] 567e35a5-9cf3-4d58-ac16-c5d76319f5fb: 20 internal nodes; 0.6 s; peak memory 563 MiB.
2026-10-05T17:25:34Z INFO [2193/5000] 567e6063-e706-40d3-a117-d7ad8a78171f: 22 internal nodes; 0.8 s; peak memory 563 MiB.
2026-10-05T17:25:35Z INFO [2194/5000] 567ea9e9-0105-4d78-9906-9aaeb0baeded: 95 internal nodes; 1.0 s; peak memory 563 MiB.
2026-10-05T17:25:35Z INFO [2195/5000] 567f0d15-2661-449a-8b8b-9069924ea5d9: 27 internal nodes; 0.6 s; peak memory 563 MiB.
2026-10-05T17:25:36Z INFO [2196/5000] 567f5281-1ffb-45b7-86e6-0b11d0e7ee66: 95 internal nodes; 0.8 s; peak memory 563 MiB.
2026-10-05T17:25:41Z INFO [2197/5000] 567f768c-f96c-466e-8614-e39a7272d690: 284 internal nodes; 5.1 s; peak memory 563 MiB.
2026-10-05T17:25:42Z INFO [2198/5000] 567fa8ea-0004-438a-87b0-1983223b62da: 31 internal nodes; 0.9 s; peak memory 563 MiB.
2026-10-05T17:25:45Z INFO [2199/5000] 567fd098-ab7d-4709-a9e9-165cfaf8fd08: 177 internal nodes; 3.3 s; peak memory 563 MiB.
2026-10-05T17:25:52Z INFO [2200/5000] 568167d5-f468-4f96-9fae-44f17f490213: 74 internal nodes; 6.6 s; peak memory 563 MiB.
2026-10-05T17:25:52Z INFO [2200/5000] 568167d5-f468-4f96-9fae-44f17f490213: checkpointed 88635 records.
2026-10-05T17:25:54Z INFO [2201/5000] 5681966b-0d91-4fc1-b395-6a1868401648: 27 internal nodes; 1.2 s; peak memory 563 MiB.
2026-10-05T17:25:54Z INFO [2202/5000] 5681ce86-7abf-4038-94da-af5726fb7ba4: 27 internal nodes; 0.7 s; peak memory 563 MiB.
2026-10-05T17:25:57Z INFO [2203/5000] 5681d666-b1f7-4a48-83ec-5a69fd750f9f: 265 internal nodes; 2.3 s; peak memory 563 MiB.
2026-10-05T17:25:58Z INFO [2204/5000] 56821d3d-3a54-4d60-a460-d0221d0f7c23: 44 internal nodes; 1.3 s; peak memory 563 MiB.
2026-10-05T17:26:01Z INFO [2205/5000] 5682d84d-0451-4b6f-aff7-ac73def11d92: 115 internal nodes; 3.1 s; peak memory 563 MiB.
2026-10-05T17:26:02Z INFO [2206/5000] 568327ef-fedf-4835-9a7b-31b9d25f9a03: 61 internal nodes; 0.8 s; peak memory 563 MiB.
2026-10-05T17:26:03Z INFO [2207/5000] 56837450-2b30-4af5-bfc7-ebafd65f7ac9: 66 internal nodes; 1.1 s; peak memory 563 MiB.
2026-10-05T17:26:04Z INFO [2208/5000] 56837cbe-1230-47cb-aff7-4d99fe3868dd: 17 internal nodes; 0.7 s; peak memory 563 MiB.
2026-10-05T17:26:04Z INFO [2209/5000] 56838d47-4392-454d-89cf-a4a3a284d678: 53 internal nodes; 0.8 s; peak memory 563 MiB.
2026-10-05T17:26:05Z INFO [2210/5000] 5683e8b9-e102-40bd-96f9-1756cf74fdd9: 22 internal nodes; 0.4 s; peak memory 563 MiB.
2026-10-05T17:26:11Z INFO [2211/5000] 56849213-4255-45e7-ba06-330c5709fa5b: 212 internal nodes; 6.1 s; peak memory 563 MiB.
2026-10-05T17:26:12Z INFO [2212/5000] 56849bdc-bc43-464e-9d6e-b507e82cb465: 27 internal nodes; 0.8 s; peak memory 563 MiB.
2026-10-05T17:26:12Z INFO [2213/5000] 568520d0-57b9-4b89-8746-3777d944988b: 18 internal nodes; 0.5 s; peak memory 563 MiB.
2026-10-05T17:26:13Z INFO [2214/5000] 5685c03c-a32b-483e-8667-0158ede60a1f: 61 internal nodes; 1.0 s; peak memory 563 MiB.
2026-10-05T17:26:14Z INFO [2215/5000] 56862331-e412-4840-9598-65a1550cbea9: 31 internal nodes; 0.8 s; peak memory 563 MiB.
2026-10-05T17:26:15Z INFO [2216/5000] 568656e1-6e60-467d-81a8-195fa6045c6e: 38 internal nodes; 1.3 s; peak memory 563 MiB.
2026-10-05T17:26:16Z INFO [2217/5000] 5687a5ea-4564-40a9-9cab-21b6700a89f0: 27 internal nodes; 0.8 s; peak memory 563 MiB.
2026-10-05T17:26:17Z INFO [2218/5000] 5687f47a-042e-4b62-957c-acced6d8eabd: 27 internal nodes; 0.7 s; peak memory 563 MiB.
2026-10-05T17:26:19Z INFO [2219/5000] 56888fe5-99a2-491c-833e-8be16fc34c29: 54 internal nodes; 2.1 s; peak memory 563 MiB.
2026-10-05T17:26:20Z INFO [2220/5000] 56889974-a7de-4e61-930e-0bc83ebf3d49: 27 internal nodes; 0.6 s; peak memory 563 MiB.
2026-10-05T17:26:20Z INFO [2221/5000] 5688ccb8-0cf1-423d-be9a-f3db32e1aeb5: 13 internal nodes; 0.5 s; peak memory 563 MiB.
2026-10-05T17:26:28Z INFO [2222/5000] 56891f68-a511-4bb9-8e5b-56292bf55448: 132 internal nodes; 7.7 s; peak memory 563 MiB.
2026-10-05T17:26:33Z INFO [2223/5000] 56894766-5d9a-4b00-b441-dd4e2d21b82e: 277 internal nodes; 5.5 s; peak memory 563 MiB.
2026-10-05T17:26:34Z INFO [2224/5000] 568a3d05-a6ba-4af8-bd04-e0d0c18ef858: 27 internal nodes; 0.5 s; peak memory 563 MiB.
2026-10-05T17:26:35Z INFO [2225/5000] 568a64f2-81b3-419a-8922-8ecb4e2434c5: 65 internal nodes; 1.2 s; peak memory 563 MiB.
2026-10-05T17:26:36Z INFO [2226/5000] 568bb538-1ac4-4111-9232-3c7568944f41: 23 internal nodes; 0.8 s; peak memory 563 MiB.
2026-10-05T17:26:37Z INFO [2227/5000] 568ce699-42e4-456e-94cb-e75544dc3eed: 22 internal nodes; 1.5 s; peak memory 563 MiB.
2026-10-05T17:26:43Z INFO [2228/5000] 568d1775-43f3-426b-b412-775f2aaabce9: 88 internal nodes; 6.0 s; peak memory 563 MiB.
2026-10-05T17:26:44Z INFO [2229/5000] 568d26e8-abe7-4b49-956e-2e4401736fdf: 19 internal nodes; 0.4 s; peak memory 563 MiB.
2026-10-05T17:26:44Z INFO [2230/5000] 568d8ddc-aedc-4631-9ca1-a431784976d4: 17 internal nodes; 0.5 s; peak memory 563 MiB.
2026-10-05T17:26:49Z INFO [2231/5000] 568e3bb1-bf1c-44f3-bf1f-740a79c7cb31: 195 internal nodes; 4.7 s; peak memory 563 MiB.
2026-10-05T17:26:49Z INFO [2232/5000] 568ea9cd-c705-4c8e-b58c-4e2d3427d160: 17 internal nodes; 0.5 s; peak memory 563 MiB.
2026-10-05T17:26:50Z INFO [2233/5000] 568ebb32-9d5d-49e7-9e84-b37571b46a29: 17 internal nodes; 0.5 s; peak memory 563 MiB.
2026-10-05T17:26:51Z INFO [2234/5000] 568ed36b-5e62-49ce-9adf-adb6ce3d2458: 115 internal nodes; 0.7 s; peak memory 563 MiB.
2026-10-05T17:27:07Z INFO [2235/5000] 568f4af6-4c40-4ea5-a06e-6b8e6f3920e5: 2185 internal nodes; 16.0 s; peak memory 563 MiB.
2026-10-05T17:27:11Z INFO [2236/5000] 568f6f7c-9f7a-4a5d-88a9-3035d3e5e2d9: 182 internal nodes; 4.8 s; peak memory 563 MiB.
2026-10-05T17:27:15Z INFO [2237/5000] 568fde0a-dc90-4b54-be9f-e13c01845f47: 165 internal nodes; 3.7 s; peak memory 563 MiB.
2026-10-05T17:27:16Z INFO [2238/5000] 5690b13b-1678-4f56-b942-5fe210b1adad: 17 internal nodes; 0.8 s; peak memory 563 MiB.
2026-10-05T17:27:17Z INFO [2239/5000] 5691d1f2-6341-47e1-b666-127dc5d24aac: 11 internal nodes; 0.6 s; peak memory 563 MiB.
2026-10-05T17:27:17Z INFO [2240/5000] 56920ee3-e059-4a4a-a93e-8b2159a5ad91: 31 internal nodes; 1.0 s; peak memory 563 MiB.
2026-10-05T17:27:18Z INFO [2241/5000] 569270b3-6f49-4a1d-96fa-507eaf59fc1e: 31 internal nodes; 0.6 s; peak memory 563 MiB.
2026-10-05T17:27:27Z INFO [2242/5000] 569357c8-2b0c-4dc1-ada7-d74c3e04e1f9: 231 internal nodes; 8.6 s; peak memory 563 MiB.
2026-10-05T17:27:28Z INFO [2243/5000] 569485d4-afda-495d-83e5-6d5bf118cd9b: 46 internal nodes; 1.6 s; peak memory 563 MiB.
2026-10-05T17:27:32Z INFO [2244/5000] 56978a51-44f2-402d-92c1-92656fdc91af: 62 internal nodes; 3.4 s; peak memory 563 MiB.
2026-10-05T17:27:32Z INFO [2245/5000] 5697a8f5-97c2-4099-b6a8-a0df335a2df7: 18 internal nodes; 0.5 s; peak memory 563 MiB.
2026-10-05T17:27:36Z INFO [2246/5000] 569812a5-8429-4827-9a83-8e4636ae5890: 260 internal nodes; 4.1 s; peak memory 563 MiB.
2026-10-05T17:27:39Z INFO [2247/5000] 5698176d-2dc8-4117-9c20-ee7d885f67b3: 68 internal nodes; 3.3 s; peak memory 563 MiB.
2026-10-05T17:27:41Z INFO [2248/5000] 569888ea-5b1b-4fd6-ae48-f9e52599844d: 38 internal nodes; 1.4 s; peak memory 563 MiB.
2026-10-05T17:27:45Z INFO [2249/5000] 5698c2eb-f309-49c4-a8fa-c9e507b7ebd1: 54 internal nodes; 4.0 s; peak memory 563 MiB.
2026-10-05T17:27:46Z INFO [2250/5000] 5698ed70-b2d5-4e49-b5ab-347d8ab89e50: 27 internal nodes; 0.8 s; peak memory 563 MiB.
2026-10-05T17:27:46Z INFO [2250/5000] 5698ed70-b2d5-4e49-b5ab-347d8ab89e50: checkpointed 88685 records.
2026-10-05T17:27:47Z INFO [2251/5000] 56993e2c-48d9-4c81-91d4-20bba0f8e216: 22 internal nodes; 0.6 s; peak memory 563 MiB.
2026-10-05T17:27:52Z INFO [2252/5000] 569b5489-3e15-435a-a649-d2e958720188: 221 internal nodes; 5.5 s; peak memory 563 MiB.
2026-10-05T17:27:54Z INFO [2253/5000] 569d8649-1653-4ccb-b21c-e77deec7ff07: 44 internal nodes; 1.6 s; peak memory 563 MiB.
2026-10-05T17:27:57Z INFO [2254/5000] 569e209b-969a-49f9-8852-5306a84401f5: 106 internal nodes; 3.2 s; peak memory 563 MiB.
2026-10-05T17:28:02Z INFO [2255/5000] 569e4a56-8a56-4103-a80d-0a2c6b857408: 81 internal nodes; 5.1 s; peak memory 563 MiB.
2026-10-05T17:28:03Z INFO [2256/5000] 569e7035-7172-48bb-9118-abb9db06ef2b: 58 internal nodes; 1.0 s; peak memory 563 MiB.
2026-10-05T17:28:04Z INFO [2257/5000] 569fa978-c361-4492-919a-76fa6eb9ce3a: 115 internal nodes; 0.6 s; peak memory 563 MiB.
2026-10-05T17:28:05Z INFO [2258/5000] 56a05c48-d182-4c8d-a1ca-83c304d25f43: 69 internal nodes; 1.0 s; peak memory 563 MiB.
2026-10-05T17:28:06Z INFO [2259/5000] 56a2ccdb-dc31-4d0a-afdc-f1543f6c16b9: 30 internal nodes; 1.5 s; peak memory 563 MiB.
2026-10-05T17:28:14Z INFO [2260/5000] 56a2e3de-0d70-4430-b347-6fbe939a4228: 126 internal nodes; 8.1 s; peak memory 563 MiB.
2026-10-05T17:28:18Z INFO [2261/5000] 56a33c65-943c-4cc0-82ae-c863b4596bbe: 177 internal nodes; 3.6 s; peak memory 563 MiB.
2026-10-05T17:28:19Z INFO [2262/5000] 56a43304-a3fa-45c8-899b-3744efefd9d5: 46 internal nodes; 1.7 s; peak memory 563 MiB.
2026-10-05T17:28:20Z INFO [2263/5000] 56a46d83-334d-4927-84cd-5132572fdb6c: 59 internal nodes; 0.9 s; peak memory 563 MiB.
2026-10-05T17:28:26Z INFO [2264/5000] 56a4e480-d575-427d-ab40-324b394bf18b: 1646 internal nodes; 5.8 s; peak memory 563 MiB.
2026-10-05T17:28:27Z INFO [2265/5000] 56a4ef98-a6f0-4377-8a23-373fba80b153: 26 internal nodes; 0.9 s; peak memory 563 MiB.
2026-10-05T17:28:29Z INFO [2266/5000] 56a5cf5d-b437-4c97-94fe-4203ed26c4c1: 45 internal nodes; 2.0 s; peak memory 563 MiB.
2026-10-05T17:28:30Z INFO [2267/5000] 56a5d6c1-ea7d-4527-b532-41c9e05536dc: 17 internal nodes; 0.6 s; peak memory 563 MiB.
2026-10-05T17:28:31Z INFO [2268/5000] 56a6a275-80a3-4b0c-b6c9-586e7562731d: 31 internal nodes; 0.9 s; peak memory 563 MiB.
2026-10-05T17:28:31Z INFO [2269/5000] 56a8334a-2dc0-4086-90b3-ed99d41f5fdb: 17 internal nodes; 0.6 s; peak memory 563 MiB.
2026-10-05T17:28:32Z INFO [2270/5000] 56a87377-d7e5-47cf-96dc-078d0833062b: 11 internal nodes; 0.6 s; peak memory 563 MiB.
2026-10-05T17:28:43Z INFO [2271/5000] 56aaed5b-9e82-4ff9-b319-64149c3f3cd3: 2645 internal nodes; 10.9 s; peak memory 563 MiB.
2026-10-05T17:28:43Z INFO [2272/5000] 56ab317b-0417-4174-9373-adf886dd3f55: 26 internal nodes; 0.5 s; peak memory 563 MiB.
2026-10-05T17:28:46Z INFO [2273/5000] 56ad0fda-26a7-4233-b668-44435421e9ed: 73 internal nodes; 3.2 s; peak memory 563 MiB.
2026-10-05T17:28:47Z INFO [2274/5000] 56ad969b-41bc-4a96-93a0-a7254323d5de: 17 internal nodes; 0.6 s; peak memory 563 MiB.
2026-10-05T17:28:49Z INFO [2275/5000] 56adbc5c-9f56-4898-826b-be2debfea346: 46 internal nodes; 1.8 s; peak memory 563 MiB.
2026-10-05T17:28:49Z INFO [2276/5000] 56ade0ef-b5df-4e2f-8962-bd2b52333b37: 31 internal nodes; 0.7 s; peak memory 563 MiB.
2026-10-05T17:28:50Z INFO [2277/5000] 56af71bc-18b1-4732-afc5-12c73e06ed15: 26 internal nodes; 0.5 s; peak memory 563 MiB.
2026-10-05T17:28:51Z INFO [2278/5000] 56afa85e-bc00-45a3-8d76-1903a300af97: 31 internal nodes; 0.9 s; peak memory 563 MiB.
2026-10-05T17:28:51Z INFO [2279/5000] 56b04a6a-2886-4a39-8625-69c6378e70e3: 17 internal nodes; 0.5 s; peak memory 563 MiB.
2026-10-05T17:28:52Z INFO [2280/5000] 56b09b62-f2e4-4b49-b719-12a311c61c93: 29 internal nodes; 0.8 s; peak memory 563 MiB.
2026-10-05T17:28:53Z INFO [2281/5000] 56b11d68-228b-4bb6-9504-2162f809744f: 17 internal nodes; 0.6 s; peak memory 563 MiB.
2026-10-05T17:29:02Z INFO [2282/5000] 56b122d7-85d7-4f5c-96bc-5372ca17a15a: 283 internal nodes; 9.4 s; peak memory 563 MiB.
2026-10-05T17:29:08Z INFO [2283/5000] 56b1f1ff-b9c5-4464-bfed-879bd0d93881: 131 internal nodes; 6.4 s; peak memory 563 MiB.
2026-10-05T17:29:09Z INFO [2284/5000] 56b3bdaa-966b-44d9-8c27-39288c8adf4b: 13 internal nodes; 0.6 s; peak memory 563 MiB.
2026-10-05T17:29:12Z INFO [2285/5000] 56b4961c-71c7-498c-9d8d-5eb5238c0853: 177 internal nodes; 3.0 s; peak memory 563 MiB.
2026-10-05T17:29:13Z INFO [2286/5000] 56b5802c-fcce-47ba-a355-e9b386766100: 27 internal nodes; 0.8 s; peak memory 563 MiB.
2026-10-05T17:29:18Z INFO [2287/5000] 56b592bf-da44-4970-9e66-ded08e1314bb: 114 internal nodes; 5.5 s; peak memory 563 MiB.
2026-10-05T17:29:24Z INFO [2288/5000] 56b5a5d9-43fe-494c-bcf9-d9db40e7e4db: 171 internal nodes; 5.2 s; peak memory 563 MiB.
2026-10-05T17:29:24Z INFO [2289/5000] 56b5affc-0515-48b5-9128-f79b483c4bef: 17 internal nodes; 0.5 s; peak memory 563 MiB.
2026-10-05T17:29:25Z INFO [2290/5000] 56b5c54d-2ccd-44f0-a7e6-31eecb45395b: 17 internal nodes; 0.6 s; peak memory 563 MiB.
2026-10-05T17:29:33Z INFO [2291/5000] 56b62d07-5d55-4eac-9a4b-9a25f203e699: 88 internal nodes; 8.6 s; peak memory 563 MiB.
2026-10-05T17:29:35Z INFO [2292/5000] 56b71ca9-cea0-484e-9206-b57fac03a640: 27 internal nodes; 1.4 s; peak memory 563 MiB.
2026-10-05T17:29:35Z INFO [2293/5000] 56b72d5a-a628-4851-886b-04ca9d3ab6e4: 29 internal nodes; 0.5 s; peak memory 563 MiB.
2026-10-05T17:29:37Z INFO [2294/5000] 56b74fde-58b1-4f02-b84d-2e4a04d58cf2: 47 internal nodes; 1.5 s; peak memory 563 MiB.
2026-10-05T17:29:37Z INFO [2295/5000] 56b77554-d02b-4fba-9738-9582d68805f1: 29 internal nodes; 0.7 s; peak memory 563 MiB.
2026-10-05T17:29:42Z INFO [2296/5000] 56b80624-227e-4890-8eb3-3c7b76e85bd0: 61 internal nodes; 4.5 s; peak memory 563 MiB.
2026-10-05T17:29:43Z INFO [2297/5000] 56b8dcf2-7e22-44e4-98d6-56ba47472155: 26 internal nodes; 1.2 s; peak memory 563 MiB.
2026-10-05T17:29:44Z INFO [2298/5000] 56ba1f2d-9859-4b9c-9fd4-c6612d4c13cc: 11 internal nodes; 0.4 s; peak memory 563 MiB.
2026-10-05T17:29:47Z INFO [2299/5000] 56ba4f5c-fc96-4c49-8f62-d439f92c70cf: 59 internal nodes; 3.5 s; peak memory 563 MiB.
2026-10-05T17:29:47Z INFO [2300/5000] 56bb9f76-063d-4b49-93a3-9b76443d48dd: 11 internal nodes; 0.4 s; peak memory 563 MiB.
2026-10-05T17:29:48Z INFO [2300/5000] 56bb9f76-063d-4b49-93a3-9b76443d48dd: checkpointed 88735 records.
2026-10-05T17:29:52Z INFO [2301/5000] 56bc0a91-81ac-486b-84b4-9b6bb263d5ae: 70 internal nodes; 3.9 s; peak memory 563 MiB.
2026-10-05T17:29:52Z INFO [2302/5000] 56bc31c0-5434-4269-a3a1-f7e638ec7a5f: 27 internal nodes; 0.6 s; peak memory 563 MiB.
2026-10-05T17:29:53Z INFO [2303/5000] 56bc3f15-bbd0-4a3a-8453-82b8fd8f311d: 17 internal nodes; 0.5 s; peak memory 563 MiB.
2026-10-05T17:29:54Z INFO [2304/5000] 56bcbd23-11c7-4e55-81e5-026e66613cbe: 31 internal nodes; 0.9 s; peak memory 563 MiB.
2026-10-05T17:29:54Z INFO [2305/5000] 56bd044d-ef46-4949-9902-a62f395c2578: 17 internal nodes; 0.4 s; peak memory 563 MiB.
2026-10-05T17:29:55Z INFO [2306/5000] 56bde432-aa1a-4c11-9c3e-29ca8034e49e: 17 internal nodes; 0.5 s; peak memory 563 MiB.
2026-10-05T17:29:55Z INFO [2307/5000] 56bdf113-a780-4bff-8583-13e6635f5520: 17 internal nodes; 0.7 s; peak memory 563 MiB.
2026-10-05T17:29:56Z INFO [2308/5000] 56bedd68-9c01-42fa-a4fa-c0377e0f0561: 59 internal nodes; 1.0 s; peak memory 563 MiB.
2026-10-05T17:29:57Z INFO [2309/5000] 56bfa0cb-6aba-4489-908b-1ec2b115282a: 27 internal nodes; 0.6 s; peak memory 563 MiB.
2026-10-05T17:29:58Z INFO [2310/5000] 56bff71f-42af-4bf5-835c-01a08f85b114: 27 internal nodes; 0.7 s; peak memory 563 MiB.
2026-10-05T17:29:58Z INFO [2311/5000] 56c053c8-48c0-4185-9ad5-66e39631ded9: 95 internal nodes; 0.8 s; peak memory 563 MiB.
2026-10-05T17:29:59Z INFO [2312/5000] 56c06bb6-f735-4163-945a-52f0d1a7da70: 18 internal nodes; 0.7 s; peak memory 563 MiB.
2026-10-05T17:30:00Z INFO [2313/5000] 56c1182f-ec6a-4c79-b66f-af0c7fb6ea91: 27 internal nodes; 0.6 s; peak memory 563 MiB.
2026-10-05T17:30:01Z INFO [2314/5000] 56c13b47-a535-4a20-8542-d9d7fb2d4921: 30 internal nodes; 1.2 s; peak memory 563 MiB.
2026-10-05T17:30:02Z INFO [2315/5000] 56c18735-33da-4e4e-9c84-16e7e20dd44b: 29 internal nodes; 0.7 s; peak memory 563 MiB.
2026-10-05T17:30:02Z INFO [2316/5000] 56c217ca-2fce-428c-b15a-67d55536bda4: 26 internal nodes; 0.5 s; peak memory 563 MiB.
2026-10-05T17:30:04Z INFO [2317/5000] 56c31a1f-a6fb-4b73-ab7d-98fb5ef9a553: 44 internal nodes; 1.7 s; peak memory 563 MiB.
2026-10-05T17:30:04Z INFO [2318/5000] 56c32a72-d85c-42c1-b7fa-7d297aae8388: 17 internal nodes; 0.5 s; peak memory 563 MiB.
2026-10-05T17:30:32Z INFO [2319/5000] 56c37701-0e3c-4ab8-8982-d2dedda2b6e9: 1213 internal nodes; 27.7 s; peak memory 563 MiB.
2026-10-05T17:30:32Z INFO [2320/5000] 56c46bf5-e7d1-44ea-bdc3-00ad217969c7: 15 internal nodes; 0.4 s; peak memory 563 MiB.
2026-10-05T17:30:33Z INFO [2321/5000] 56c48c5e-1180-42ab-8abc-298227f8de28: 38 internal nodes; 0.7 s; peak memory 563 MiB.
2026-10-05T17:30:35Z INFO [2322/5000] 56c4b4cc-8b58-4ba0-89e4-f01a940815f7: 46 internal nodes; 1.8 s; peak memory 563 MiB.
2026-10-05T17:30:36Z INFO [2323/5000] 56c4eec9-def0-49a2-a927-c7a205450f0e: 31 internal nodes; 1.1 s; peak memory 563 MiB.
2026-10-05T17:30:37Z INFO [2324/5000] 56c558df-6818-42b7-a7b9-52a208ec4ffc: 63 internal nodes; 0.7 s; peak memory 563 MiB.
2026-10-05T17:30:43Z INFO [2325/5000] 56c593c9-916e-47d3-916d-447fef0d0c8c: 70 internal nodes; 6.0 s; peak memory 563 MiB.
2026-10-05T17:30:43Z INFO [2326/5000] 56c5c8c9-1723-444b-8d4d-372a728746b1: 17 internal nodes; 0.8 s; peak memory 563 MiB.
2026-10-05T17:30:44Z INFO [2327/5000] 56c637a8-084b-47e5-9c72-ee91b97e5bec: 17 internal nodes; 0.5 s; peak memory 563 MiB.
2026-10-05T17:30:45Z INFO [2328/5000] 56c63bb3-d944-4657-9ac2-eeb496423c68: 31 internal nodes; 1.2 s; peak memory 563 MiB.
2026-10-05T17:30:49Z INFO [2329/5000] 56c67489-d366-4145-8b4b-2af59f93d6c6: 41 internal nodes; 3.4 s; peak memory 563 MiB.
2026-10-05T17:30:49Z INFO [2330/5000] 56c83a76-e933-4ebb-9f95-7e7f20d9ebaf: 17 internal nodes; 0.7 s; peak memory 563 MiB.
2026-10-05T17:30:50Z INFO [2331/5000] 56c8a859-47cd-45ba-a2b3-10a346f1113e: 31 internal nodes; 0.9 s; peak memory 563 MiB.
2026-10-05T17:30:51Z INFO [2332/5000] 56c8e682-8887-4be7-9892-0ffdd8a61c1e: 21 internal nodes; 0.5 s; peak memory 563 MiB.
2026-10-05T17:30:51Z INFO [2333/5000] 56c90cb2-d7af-42bf-947a-42ed18657ba5: 17 internal nodes; 0.6 s; peak memory 563 MiB.
2026-10-05T17:30:52Z INFO [2334/5000] 56c91f7b-c369-46fc-aaf4-b46d6dbd5b74: 27 internal nodes; 0.7 s; peak memory 563 MiB.
2026-10-05T17:30:53Z INFO [2335/5000] 56c92669-a42a-401f-a2e1-2e3c39967437: 31 internal nodes; 0.9 s; peak memory 563 MiB.
2026-10-05T17:30:54Z INFO [2336/5000] 56ca70a8-8798-4675-8abf-a0b4c34837d9: 31 internal nodes; 1.4 s; peak memory 563 MiB.
2026-10-05T17:30:55Z INFO [2337/5000] 56caa94f-5820-4166-9f7b-eea120a0c576: 27 internal nodes; 0.6 s; peak memory 563 MiB.
2026-10-05T17:31:00Z INFO [2338/5000] 56cab213-4bad-4d8a-8eaa-d09bec663964: 63 internal nodes; 5.3 s; peak memory 563 MiB.
2026-10-05T17:31:01Z INFO [2339/5000] 56cb211f-35a5-49bb-bac9-24b35a4d01dc: 17 internal nodes; 0.7 s; peak memory 563 MiB.
2026-10-05T17:31:01Z INFO [2340/5000] 56cb6c74-2027-4dd4-879b-c50a4f8609db: 11 internal nodes; 0.4 s; peak memory 563 MiB.
2026-10-05T17:31:02Z INFO [2341/5000] 56cb9b45-4847-40b6-a929-15865e64b2f3: 17 internal nodes; 0.6 s; peak memory 563 MiB.
2026-10-05T17:31:02Z INFO [2342/5000] 56cbac83-4484-4d28-a28e-487ba552d32c: 27 internal nodes; 0.6 s; peak memory 563 MiB.
2026-10-05T17:31:03Z INFO [2343/5000] 56cc4646-9073-49cc-8ff4-3b735d38c9c5: 53 internal nodes; 0.9 s; peak memory 563 MiB.
2026-10-05T17:31:04Z INFO [2344/5000] 56cc58c3-62c4-4a26-96a6-ac964ae3a24d: 41 internal nodes; 0.9 s; peak memory 563 MiB.
2026-10-05T17:31:05Z INFO [2345/5000] 56cc60d5-7646-4621-a819-f6c3ccce1867: 17 internal nodes; 0.7 s; peak memory 563 MiB.
2026-10-05T17:31:06Z INFO [2346/5000] 56cc831c-e975-435a-b65d-84591be200a3: 17 internal nodes; 0.6 s; peak memory 563 MiB.
2026-10-05T17:31:07Z INFO [2347/5000] 56ccbfe3-298a-4990-9460-27ddb572a69a: 44 internal nodes; 1.7 s; peak memory 563 MiB.
2026-10-05T17:31:08Z INFO [2348/5000] 56cd73f7-ab39-4c39-9d9c-7ba45f83315e: 13 internal nodes; 0.4 s; peak memory 563 MiB.
2026-10-05T17:31:11Z INFO [2349/5000] 56ce10df-716d-4a8e-9887-b6c0f2013cf7: 135 internal nodes; 3.6 s; peak memory 563 MiB.
2026-10-05T17:31:12Z INFO [2350/5000] 56cfa255-2c7a-42a9-8cdc-ba0d5f76cd08: 67 internal nodes; 1.1 s; peak memory 563 MiB.
2026-10-05T17:31:13Z INFO [2350/5000] 56cfa255-2c7a-42a9-8cdc-ba0d5f76cd08: checkpointed 88785 records.
2026-10-05T17:31:15Z INFO [2351/5000] 56d0045a-b12b-45cf-bef1-425f8ee7b44a: 46 internal nodes; 1.8 s; peak memory 563 MiB.
2026-10-05T17:31:15Z INFO [2352/5000] 56d07ada-e3f7-483b-aa4b-5ea7f03e5a11: 17 internal nodes; 0.7 s; peak memory 563 MiB.
2026-10-05T17:31:16Z INFO [2353/5000] 56d220b0-957d-4815-8886-e5fe98a50683: 19 internal nodes; 0.7 s; peak memory 563 MiB.
2026-10-05T17:31:17Z INFO [2354/5000] 56d318c3-1224-40f5-b816-44743a7293f4: 27 internal nodes; 0.6 s; peak memory 563 MiB.
2026-10-05T17:31:17Z INFO [2355/5000] 56d335da-b9d9-4f3d-9c02-965e7015a4ed: 18 internal nodes; 0.5 s; peak memory 563 MiB.
2026-10-05T17:31:18Z INFO [2356/5000] 56d33fbe-8409-47db-ba6a-2311c79d4311: 36 internal nodes; 1.1 s; peak memory 563 MiB.
2026-10-05T17:31:19Z INFO [2357/5000] 56d38690-46c4-43d3-91f3-879a28be837e: 17 internal nodes; 0.5 s; peak memory 563 MiB.
2026-10-05T17:31:19Z INFO [2358/5000] 56d3a51d-0df8-4bd8-ae4b-c8dd0bee5cfe: 56 internal nodes; 0.9 s; peak memory 563 MiB.
2026-10-05T17:31:20Z INFO [2359/5000] 56d3dccd-a86c-4614-8d8b-f40c80fc277d: 31 internal nodes; 0.9 s; peak memory 563 MiB.
2026-10-05T17:31:21Z INFO [2360/5000] 56d4b85c-43dd-45af-a8ae-004faac5bc87: 30 internal nodes; 0.9 s; peak memory 563 MiB.
2026-10-05T17:31:22Z INFO [2361/5000] 56d54079-497c-4050-8fcc-bb6f0b0311f3: 116 internal nodes; 0.7 s; peak memory 563 MiB.
2026-10-05T17:31:24Z INFO [2362/5000] 56d59212-fa22-4e59-ad4f-b073d9fd0a5c: 44 internal nodes; 1.6 s; peak memory 563 MiB.
2026-10-05T17:31:24Z INFO [2363/5000] 56d5b1e3-0618-478d-a13c-9bf218e0b0cf: 17 internal nodes; 0.5 s; peak memory 563 MiB.
2026-10-05T17:31:25Z INFO [2364/5000] 56d5e15a-3479-4462-b30c-96e95f842e70: 54 internal nodes; 0.8 s; peak memory 563 MiB.
2026-10-05T17:31:26Z INFO [2365/5000] 56d6471c-28be-48ad-9272-e27b1e976529: 44 internal nodes; 1.2 s; peak memory 563 MiB.
2026-10-05T17:31:26Z INFO [2366/5000] 56d688bb-d912-4251-826b-a5069a46b6f0: 13 internal nodes; 0.4 s; peak memory 563 MiB.
2026-10-05T17:31:27Z INFO [2367/5000] 56d695fb-d111-47b0-9f7d-476011db88ad: 55 internal nodes; 1.0 s; peak memory 563 MiB.
2026-10-05T17:31:29Z INFO [2368/5000] 56d6d64e-e311-4d07-86b3-a1a15f50200c: 44 internal nodes; 1.8 s; peak memory 563 MiB.
2026-10-05T17:31:30Z INFO [2369/5000] 56d739c3-4463-4435-986f-48909c8e866a: 13 internal nodes; 0.5 s; peak memory 563 MiB.
2026-10-05T17:31:30Z INFO [2370/5000] 56d85df1-3419-40cb-8505-3dc141766a03: 17 internal nodes; 0.6 s; peak memory 563 MiB.
2026-10-05T17:31:35Z INFO [2371/5000] 56d880c6-d0cc-4f34-8f42-a185b405297e: 248 internal nodes; 4.7 s; peak memory 563 MiB.
2026-10-05T17:31:36Z INFO [2372/5000] 56d8d4b3-c711-4ee6-831b-052d602a190f: 37 internal nodes; 1.2 s; peak memory 563 MiB.
2026-10-05T17:31:41Z INFO [2373/5000] 56d9509c-20af-4c58-843a-dc6ab78517de: 50 internal nodes; 4.8 s; peak memory 563 MiB.
2026-10-05T17:31:45Z INFO [2374/5000] 56d9987e-7b79-4d59-8dd6-23dfe99e2661: 54 internal nodes; 4.1 s; peak memory 563 MiB.
2026-10-05T17:31:46Z INFO [2375/5000] 56dbf592-66d2-43a4-94b2-8e85525bf998: 27 internal nodes; 0.8 s; peak memory 563 MiB.
2026-10-05T17:31:47Z INFO [2376/5000] 56dc1118-c845-4958-aac9-d8f253766048: 23 internal nodes; 0.8 s; peak memory 563 MiB.
2026-10-05T17:31:47Z INFO [2377/5000] 56dc6315-ecb2-4649-80e6-989aad874004: 17 internal nodes; 0.6 s; peak memory 563 MiB.
2026-10-05T17:31:48Z INFO [2378/5000] 56dcf9d5-4d12-4eec-bc35-2f2629c07c7d: 18 internal nodes; 0.5 s; peak memory 563 MiB.
2026-10-05T17:31:51Z INFO [2379/5000] 56ddd45f-5e6a-4520-8154-1eef14512eba: 70 internal nodes; 2.7 s; peak memory 563 MiB.
2026-10-05T17:31:51Z INFO [2380/5000] 56de3c0e-d859-4b02-ae4b-bfa7d4982607: 17 internal nodes; 0.5 s; peak memory 563 MiB.
2026-10-05T17:31:52Z INFO [2381/5000] 56df051f-c4a7-4d4c-8143-e6d230d20b77: 13 internal nodes; 0.5 s; peak memory 563 MiB.
2026-10-05T17:31:52Z INFO [2382/5000] 56e047ca-19b7-4a26-864d-8476b1221f73: 31 internal nodes; 0.8 s; peak memory 563 MiB.
2026-10-05T17:31:53Z INFO [2383/5000] 56e0eb5b-2da4-48ef-a0bb-a98e3a6c70de: 72 internal nodes; 1.1 s; peak memory 563 MiB.
2026-10-05T17:31:54Z INFO [2384/5000] 56e0f6a2-26e9-4b9e-93a8-25bb0e5c7ed4: 17 internal nodes; 0.6 s; peak memory 563 MiB.
2026-10-05T17:31:55Z INFO [2385/5000] 56e20c9f-d3fe-4fb2-a33b-76228caedb11: 17 internal nodes; 0.5 s; peak memory 563 MiB.
2026-10-05T17:31:55Z INFO [2386/5000] 56e277f1-cf2e-4a94-8770-21977c1c27ac: 27 internal nodes; 0.7 s; peak memory 563 MiB.
2026-10-05T17:31:56Z INFO [2387/5000] 56e2f7c1-ff5b-4cbf-b5df-3c1f3742305d: 54 internal nodes; 0.8 s; peak memory 563 MiB.
2026-10-05T17:31:57Z INFO [2388/5000] 56e328ce-7249-45a1-9846-1bf8bec6d5d3: 17 internal nodes; 0.7 s; peak memory 563 MiB.
2026-10-05T17:31:58Z INFO [2389/5000] 56e48be0-6431-4557-a018-cab2673398fe: 27 internal nodes; 0.7 s; peak memory 563 MiB.
2026-10-05T17:31:58Z INFO [2390/5000] 56e4e12a-5afe-4da1-aafa-1f11aa1a53e5: 17 internal nodes; 0.7 s; peak memory 563 MiB.
2026-10-05T17:31:59Z INFO [2391/5000] 56e4fc8a-11fd-44bf-a4f7-e46d4af71a07: 23 internal nodes; 0.5 s; peak memory 563 MiB.
2026-10-05T17:31:59Z INFO [2392/5000] 56e50ff6-139b-4bbd-80b4-3412bcb3dcb6: 17 internal nodes; 0.6 s; peak memory 563 MiB.
2026-10-05T17:32:01Z INFO [2393/5000] 56e5d655-871b-4d30-ad2f-23ed086c6b21: 40 internal nodes; 1.9 s; peak memory 563 MiB.
2026-10-05T17:32:02Z INFO [2394/5000] 56e60f45-85ce-4607-8f0d-ba51ba1eb35f: 25 internal nodes; 0.8 s; peak memory 563 MiB.
2026-10-05T17:32:10Z INFO [2395/5000] 56e6bc45-5ffe-4e5d-8ca1-8bd294fa535a: 1006 internal nodes; 7.9 s; peak memory 563 MiB.
2026-10-05T17:32:13Z INFO [2396/5000] 56e6f480-bec7-497c-b1c1-6d9d4a1650b9: 177 internal nodes; 3.4 s; peak memory 563 MiB.
2026-10-05T17:32:15Z INFO [2397/5000] 56e741c0-8ca2-4fe1-bbb6-b0c8fdb59474: 46 internal nodes; 1.8 s; peak memory 563 MiB.
2026-10-05T17:32:16Z INFO [2398/5000] 56e78c01-9106-4edf-b4b5-294d9baa3566: 29 internal nodes; 0.9 s; peak memory 563 MiB.
2026-10-05T17:32:17Z INFO [2399/5000] 56e7c4e0-de0a-4c69-8bb0-21f7250c823a: 26 internal nodes; 1.1 s; peak memory 563 MiB.
2026-10-05T17:32:19Z INFO [2400/5000] 56eac030-c8f3-4e29-95f8-da2ffb624ce9: 48 internal nodes; 2.1 s; peak memory 563 MiB.
2026-10-05T17:32:20Z INFO [2400/5000] 56eac030-c8f3-4e29-95f8-da2ffb624ce9: checkpointed 88835 records.
2026-10-05T17:32:21Z INFO [2401/5000] 56eca77a-49d0-47fc-ba57-cdee5dcf2e9f: 44 internal nodes; 1.3 s; peak memory 563 MiB.
2026-10-05T17:32:22Z INFO [2402/5000] 56ed808b-9273-4d46-b71a-82aa06f0b1b4: 38 internal nodes; 0.8 s; peak memory 563 MiB.
2026-10-05T17:32:23Z INFO [2403/5000] 56edcafb-c828-46e9-9b57-491cd2db8e5e: 55 internal nodes; 1.6 s; peak memory 563 MiB.
2026-10-05T17:32:24Z INFO [2404/5000] 56ee1a84-7066-4916-9906-f874d2ebe2d0: 21 internal nodes; 0.8 s; peak memory 563 MiB.
2026-10-05T17:32:25Z INFO [2405/5000] 56ee4dc3-bcba-4c71-85ba-c72c4f4c71de: 27 internal nodes; 0.7 s; peak memory 563 MiB.
2026-10-05T17:32:26Z INFO [2406/5000] 56ee6d5a-b688-49a0-a2af-41a4e9009f37: 63 internal nodes; 0.7 s; peak memory 563 MiB.
2026-10-05T17:32:26Z INFO [2407/5000] 56eeab5b-d42f-45f2-bf08-c6e8ec62b0a8: 54 internal nodes; 0.8 s; peak memory 563 MiB.
2026-10-05T17:32:27Z INFO [2408/5000] 56ef0d30-990e-4ac3-a15b-f493534698e8: 13 internal nodes; 0.6 s; peak memory 563 MiB.
2026-10-05T17:32:28Z INFO [2409/5000] 56ef2b2b-b261-4e1f-876e-f2c58c6b35df: 27 internal nodes; 0.7 s; peak memory 563 MiB.
2026-10-05T17:32:36Z INFO [2410/5000] 56f19359-c602-4827-baf0-50b40c04073a: 273 internal nodes; 8.1 s; peak memory 563 MiB.
2026-10-05T17:32:37Z INFO [2411/5000] 56f2510b-311e-4090-89d3-ce224f1d3d1c: 33 internal nodes; 1.3 s; peak memory 563 MiB.
2026-10-05T17:32:38Z INFO [2412/5000] 56f35667-fc4e-4d92-a0cb-2973239a6cb8: 27 internal nodes; 0.7 s; peak memory 563 MiB.
2026-10-05T17:32:38Z INFO [2413/5000] 56f36009-79e1-4470-8ba2-53f426e33649: 17 internal nodes; 0.5 s; peak memory 563 MiB.
2026-10-05T17:32:39Z INFO [2414/5000] 56f3f308-4547-4729-a69c-aa557842318c: 29 internal nodes; 0.4 s; peak memory 563 MiB.
2026-10-05T17:32:39Z INFO [2415/5000] 56f50db0-5267-4437-872c-abbb3f3a57bc: 27 internal nodes; 0.6 s; peak memory 563 MiB.
2026-10-05T17:32:40Z INFO [2416/5000] 56f56e06-e1d4-4395-8a39-5e9b4d4e6cdc: 27 internal nodes; 0.7 s; peak memory 563 MiB.
2026-10-05T17:32:40Z INFO [2417/5000] 56f58733-eb28-4370-8d98-4bbd5023ce09: 11 internal nodes; 0.4 s; peak memory 563 MiB.
2026-10-05T17:32:41Z INFO [2418/5000] 56f6a61f-455a-43c0-8369-63b6b7c3745c: 17 internal nodes; 0.5 s; peak memory 563 MiB.
2026-10-05T17:32:45Z INFO [2419/5000] 56f6fb16-549c-41f6-8d55-0a15fe943550: 41 internal nodes; 3.9 s; peak memory 563 MiB.
2026-10-05T17:32:48Z INFO [2420/5000] 56f6ff62-5268-435e-b228-7810c2484720: 177 internal nodes; 3.2 s; peak memory 563 MiB.
2026-10-05T17:32:49Z INFO [2421/5000] 56f8c002-bc66-443d-944b-3554bc539632: 19 internal nodes; 0.5 s; peak memory 563 MiB.
2026-10-05T17:32:49Z INFO [2422/5000] 56f8efd5-c6a2-414e-a4cc-4058843ef763: 19 internal nodes; 0.6 s; peak memory 563 MiB.
2026-10-05T17:32:50Z INFO [2423/5000] 56f933eb-6299-4d1e-8a32-4dd37120ef80: 58 internal nodes; 0.7 s; peak memory 563 MiB.
2026-10-05T17:32:50Z INFO [2424/5000] 56f97a18-8ca4-469c-b95e-10baa3d63e99: 23 internal nodes; 0.5 s; peak memory 563 MiB.
2026-10-05T17:32:51Z INFO [2425/5000] 56f98160-a008-4caf-90d6-34a1eaea3bf6: 13 internal nodes; 0.5 s; peak memory 563 MiB.
2026-10-05T17:32:52Z INFO [2426/5000] 56fa4901-97c2-4a13-81bf-1b1523b6b77b: 31 internal nodes; 1.5 s; peak memory 563 MiB.
2026-10-05T17:33:02Z INFO [2427/5000] 56fab40c-6bdb-4bdc-8642-7d46fd050d49: 313 internal nodes; 9.8 s; peak memory 563 MiB.
2026-10-05T17:33:03Z INFO [2428/5000] 56fbf8bc-5bae-4d63-b2aa-aa721f9af801: 17 internal nodes; 0.5 s; peak memory 563 MiB.
2026-10-05T17:33:03Z INFO [2429/5000] 56fc7e13-0a4e-409b-99e3-e1b04c305d99: 17 internal nodes; 0.7 s; peak memory 563 MiB.
2026-10-05T17:33:04Z INFO [2430/5000] 56fcc7cd-e45e-4ec0-8b89-1f2ceb9dd79e: 38 internal nodes; 0.9 s; peak memory 563 MiB.
2026-10-05T17:33:05Z INFO [2431/5000] 56fd07d0-691f-4745-9473-810720e60d40: 19 internal nodes; 0.6 s; peak memory 563 MiB.
2026-10-05T17:33:06Z INFO [2432/5000] 56fd135f-40c5-44df-b012-a1b770427397: 61 internal nodes; 1.5 s; peak memory 563 MiB.
2026-10-05T17:33:07Z INFO [2433/5000] 56fe959e-3358-40f2-a064-076fee66051a: 15 internal nodes; 0.5 s; peak memory 563 MiB.
2026-10-05T17:33:07Z INFO [2434/5000] 56ff2ccf-354f-46e4-818b-471518e30ed6: 17 internal nodes; 0.6 s; peak memory 563 MiB.
2026-10-05T17:33:31Z INFO [2435/5000] 56ff2e5f-ee2e-44af-bed6-2a58e99ac85b: 1169 internal nodes; 23.8 s; peak memory 563 MiB.
2026-10-05T17:33:32Z INFO [2436/5000] 56ff6343-836f-4648-907b-53ff2563b65a: 17 internal nodes; 0.6 s; peak memory 563 MiB.
2026-10-05T17:33:33Z INFO [2437/5000] 56ffaa62-7bcd-4004-8c59-2f14a4a4ee53: 31 internal nodes; 1.0 s; peak memory 563 MiB.
2026-10-05T17:33:34Z INFO [2438/5000] 57000853-88bb-4fcc-8520-9bd43f9ba393: 69 internal nodes; 0.9 s; peak memory 563 MiB.
2026-10-05T17:33:35Z INFO [2439/5000] 570050cb-3150-4029-b010-f01623642ee0: 53 internal nodes; 1.0 s; peak memory 563 MiB.
2026-10-05T17:33:35Z INFO [2440/5000] 57017e03-b213-48ed-a69e-5762571293c2: 11 internal nodes; 0.5 s; peak memory 563 MiB.
2026-10-05T17:33:36Z INFO [2441/5000] 5702f7aa-608f-43fc-b566-7e635e0b9f5c: 66 internal nodes; 0.9 s; peak memory 563 MiB.
2026-10-05T17:33:45Z INFO [2442/5000] 5703af4e-0741-457a-9a6d-268b644eab1d: 157 internal nodes; 9.3 s; peak memory 563 MiB.
2026-10-05T17:33:46Z INFO [2443/5000] 5703efd1-f22f-4d8c-9bb6-a3311656bc98: 17 internal nodes; 0.6 s; peak memory 563 MiB.
2026-10-05T17:33:47Z INFO [2444/5000] 570499db-5e7b-484f-9b08-5c50234697da: 18 internal nodes; 0.5 s; peak memory 563 MiB.
2026-10-05T17:33:47Z INFO [2445/5000] 5704a53e-381d-40b7-92cc-4aca760e2ca3: 30 internal nodes; 0.7 s; peak memory 563 MiB.
2026-10-05T17:33:48Z INFO [2446/5000] 57050382-bb6e-42f4-bb97-19b1793b07ef: 13 internal nodes; 0.4 s; peak memory 563 MiB.
2026-10-05T17:33:48Z INFO [2447/5000] 57052b46-c640-4c0b-a27e-3e81401308ca: 17 internal nodes; 0.5 s; peak memory 563 MiB.
2026-10-05T17:33:49Z INFO [2448/5000] 57067e16-cd37-4ee3-9945-614141209b7c: 26 internal nodes; 0.4 s; peak memory 563 MiB.
2026-10-05T17:33:50Z INFO [2449/5000] 5706e67b-9180-48ae-87d9-efe9fd07a5f8: 44 internal nodes; 1.4 s; peak memory 563 MiB.
2026-10-05T17:33:51Z INFO [2450/5000] 570a8071-ae96-4716-a3f1-f1cfaa556463: 90 internal nodes; 0.7 s; peak memory 563 MiB.
2026-10-05T17:33:51Z INFO [2450/5000] 570a8071-ae96-4716-a3f1-f1cfaa556463: checkpointed 88885 records.
2026-10-05T17:33:52Z INFO [2451/5000] 570a8900-b727-49c6-8007-cc2933cf3ba3: 17 internal nodes; 0.6 s; peak memory 563 MiB.
2026-10-05T17:33:52Z INFO [2452/5000] 570b6813-3029-45be-957e-eb0acc792801: 31 internal nodes; 0.8 s; peak memory 563 MiB.
2026-10-05T17:33:53Z INFO [2453/5000] 570b8423-b2d6-4241-b279-9bc6f89d28b8: 17 internal nodes; 0.5 s; peak memory 563 MiB.
2026-10-05T17:33:57Z INFO [2454/5000] 570be990-89d3-4ff1-a3bb-e17ac353d487: 127 internal nodes; 3.8 s; peak memory 563 MiB.
2026-10-05T17:33:57Z INFO [2455/5000] 570c553d-f1fe-4698-be4a-fb6dd1cbc32e: 13 internal nodes; 0.5 s; peak memory 563 MiB.
2026-10-05T17:33:58Z INFO [2456/5000] 570dc14d-5961-4abd-ba60-339546ed73a6: 23 internal nodes; 0.7 s; peak memory 563 MiB.
2026-10-05T17:33:59Z INFO [2457/5000] 570ddc82-47e2-48be-aa34-9c69296cbf4d: 17 internal nodes; 0.5 s; peak memory 563 MiB.
2026-10-05T17:33:59Z INFO [2458/5000] 570e5fce-ba72-41a0-9e78-6a9ed6c7a999: 24 internal nodes; 0.4 s; peak memory 563 MiB.
2026-10-05T17:34:00Z INFO [2459/5000] 570ece07-4862-4bdf-b810-1d20dea9f0fb: 24 internal nodes; 0.7 s; peak memory 563 MiB.
2026-10-05T17:34:00Z INFO [2460/5000] 570eff16-468a-4526-935e-efb903e29c35: 27 internal nodes; 0.6 s; peak memory 563 MiB.
2026-10-05T17:34:01Z INFO [2461/5000] 570f1107-1282-4e0f-ae3a-5f0892c14c76: 23 internal nodes; 0.9 s; peak memory 563 MiB.
2026-10-05T17:34:05Z INFO [2462/5000] 570f68aa-4763-4976-87e9-f4aae2280113: 61 internal nodes; 3.7 s; peak memory 563 MiB.
2026-10-05T17:34:05Z INFO [2463/5000] 57114a6b-a1da-470d-9d40-114775e98800: 17 internal nodes; 0.6 s; peak memory 563 MiB.
2026-10-05T17:34:06Z INFO [2464/5000] 57116c24-4532-4110-a5e7-5edc9c27fb53: 25 internal nodes; 1.0 s; peak memory 563 MiB.
2026-10-05T17:34:07Z INFO [2465/5000] 5711a7ef-1425-429b-9746-ecd69f1fdddb: 15 internal nodes; 0.5 s; peak memory 563 MiB.
2026-10-05T17:34:08Z INFO [2466/5000] 57136920-ebb4-45f2-99ff-d13931041edb: 31 internal nodes; 1.3 s; peak memory 563 MiB.
2026-10-05T17:34:09Z INFO [2467/5000] 5714a168-77cf-4748-b654-d9dd677b6f04: 32 internal nodes; 1.1 s; peak memory 563 MiB.
2026-10-05T17:34:10Z INFO [2468/5000] 5716b733-1b18-4ec6-b019-8dd5b30e83dc: 24 internal nodes; 0.7 s; peak memory 563 MiB.
2026-10-05T17:34:11Z INFO [2469/5000] 5716bd2e-195c-4b99-beee-1a5c39d2cad9: 31 internal nodes; 0.9 s; peak memory 563 MiB.
2026-10-05T17:34:12Z INFO [2470/5000] 5717b32b-b580-40cd-a585-cc79987fee29: 67 internal nodes; 0.9 s; peak memory 563 MiB.
2026-10-05T17:34:12Z INFO [2471/5000] 5717e725-4053-4114-9e40-1435dfc61097: 11 internal nodes; 0.3 s; peak memory 563 MiB.
2026-10-05T17:34:13Z INFO [2472/5000] 5717f855-5368-43ca-abc8-a87117279d78: 27 internal nodes; 0.7 s; peak memory 563 MiB.
2026-10-05T17:34:16Z INFO [2473/5000] 57189736-c4ba-430c-94a7-a385ac914fc1: 73 internal nodes; 3.2 s; peak memory 563 MiB.
2026-10-05T17:34:16Z INFO [2474/5000] 5718ef13-3961-4155-915f-53542c1a4298: 27 internal nodes; 0.6 s; peak memory 563 MiB.
2026-10-05T17:34:17Z INFO [2475/5000] 5719b4b2-8d70-4cd5-951d-628c4a0f7c1c: 11 internal nodes; 0.3 s; peak memory 563 MiB.
2026-10-05T17:34:17Z INFO [2476/5000] 571a541f-7992-4e14-bd27-806489e64b30: 27 internal nodes; 0.7 s; peak memory 563 MiB.
2026-10-05T17:34:18Z INFO [2477/5000] 571acab9-aabf-4a66-8656-34c34ae29583: 19 internal nodes; 0.4 s; peak memory 563 MiB.
2026-10-05T17:34:18Z INFO [2478/5000] 571ba3a2-4b96-424c-8be9-1e34aac9166e: 24 internal nodes; 0.6 s; peak memory 563 MiB.
2026-10-05T17:34:19Z INFO [2479/5000] 571bb10d-cf81-4a70-bde1-6448d45d73ad: 13 internal nodes; 0.3 s; peak memory 563 MiB.
2026-10-05T17:34:19Z INFO [2480/5000] 571c176e-9983-4f4d-9d93-c57bf7fb6d00: 23 internal nodes; 0.7 s; peak memory 563 MiB.
2026-10-05T17:34:20Z INFO [2481/5000] 571dd138-e30f-446e-b8e9-1a59458bad65: 26 internal nodes; 0.7 s; peak memory 563 MiB.
2026-10-05T17:34:20Z INFO [2482/5000] 571df99c-3b34-44ed-a2c2-841bcf6f18ac: 26 internal nodes; 0.4 s; peak memory 563 MiB.
2026-10-05T17:34:21Z INFO [2483/5000] 571f14c9-0e98-4a4f-bda0-34283b70310f: 17 internal nodes; 0.6 s; peak memory 563 MiB.
2026-10-05T17:34:23Z INFO [2484/5000] 571f482a-9ab7-4434-bd21-1e24da77b381: 56 internal nodes; 1.9 s; peak memory 563 MiB.
2026-10-05T17:34:27Z INFO [2485/5000] 571faae3-d100-4940-ace8-463562e8a77e: 41 internal nodes; 3.8 s; peak memory 563 MiB.
2026-10-05T17:34:28Z INFO [2486/5000] 57201614-9c4d-41f1-8d66-659e925c5402: 44 internal nodes; 1.2 s; peak memory 563 MiB.
2026-10-05T17:34:29Z INFO [2487/5000] 572016ea-4454-4a22-9547-abdaa0a036ff: 31 internal nodes; 1.0 s; peak memory 563 MiB.
2026-10-05T17:34:29Z INFO [2488/5000] 5720646b-17d4-455f-b9bc-356d584faa30: 24 internal nodes; 0.5 s; peak memory 563 MiB.
2026-10-05T17:34:33Z INFO [2489/5000] 5720e5ca-a129-4bd9-9ff1-834f244874c6: 177 internal nodes; 3.5 s; peak memory 563 MiB.
2026-10-05T17:34:35Z INFO [2490/5000] 5720e757-abce-4e5a-aa19-ea6211731d90: 86 internal nodes; 2.4 s; peak memory 563 MiB.
2026-10-05T17:34:37Z INFO [2491/5000] 57210c01-90c4-45b2-9f80-9b8480ce1b2b: 39 internal nodes; 1.2 s; peak memory 563 MiB.
2026-10-05T17:34:37Z INFO [2492/5000] 57217bd7-6d82-4902-a20b-9675e83baaa7: 22 internal nodes; 0.7 s; peak memory 563 MiB.
2026-10-05T17:34:38Z INFO [2493/5000] 572259ca-6435-41d1-9ab2-6a1534bb9afc: 17 internal nodes; 0.6 s; peak memory 563 MiB.
2026-10-05T17:34:39Z INFO [2494/5000] 5722dc45-dbcb-49d6-8e0a-8f27c20947bf: 28 internal nodes; 1.1 s; peak memory 563 MiB.
2026-10-05T17:34:39Z INFO [2495/5000] 5723e765-a31f-4123-9450-c7ebc1915518: 11 internal nodes; 0.3 s; peak memory 563 MiB.
2026-10-05T17:34:40Z INFO [2496/5000] 5726340a-b01f-491e-a101-f03a473b23ed: 66 internal nodes; 0.8 s; peak memory 563 MiB.
2026-10-05T17:34:46Z INFO [2497/5000] 5726fc7d-e6c0-48fd-84df-301fb358df80: 233 internal nodes; 6.1 s; peak memory 563 MiB.
2026-10-05T17:34:48Z INFO [2498/5000] 57275aca-11a6-4dc3-af0b-d71e7a69b1d3: 41 internal nodes; 1.6 s; peak memory 563 MiB.
2026-10-05T17:34:48Z INFO [2499/5000] 57279820-f420-4414-b5b8-4affe536a0e5: 27 internal nodes; 0.7 s; peak memory 563 MiB.
2026-10-05T17:34:49Z INFO [2500/5000] 5727f3f4-2489-493f-8d50-17e5b23a5e86: 17 internal nodes; 0.5 s; peak memory 563 MiB.
2026-10-05T17:34:49Z INFO [2500/5000] 5727f3f4-2489-493f-8d50-17e5b23a5e86: checkpointed 88935 records.
2026-10-05T17:34:50Z INFO [2501/5000] 5729d859-1f3b-4025-8443-a0e5c0274331: 31 internal nodes; 0.9 s; peak memory 563 MiB.
2026-10-05T17:34:51Z INFO [2502/5000] 572a76b4-afd2-4e2b-aba3-6c32ab873b5b: 13 internal nodes; 0.5 s; peak memory 563 MiB.
2026-10-05T17:34:55Z INFO [2503/5000] 572accaf-18a7-45cb-971f-b3c5b0e990dc: 194 internal nodes; 4.3 s; peak memory 563 MiB.
2026-10-05T17:34:58Z INFO [2504/5000] 572bea91-01fd-4fdf-be62-6fa7469b721e: 169 internal nodes; 3.0 s; peak memory 563 MiB.
2026-10-05T17:34:59Z INFO [2505/5000] 572c58c5-14d8-4f57-b183-c079a4e5eb2d: 61 internal nodes; 1.2 s; peak memory 563 MiB.
2026-10-05T17:35:00Z INFO [2506/5000] 572d3101-3216-46c9-9f70-37316b2a1d04: 17 internal nodes; 0.6 s; peak memory 563 MiB.
2026-10-05T17:35:00Z INFO [2507/5000] 572d8092-6ac2-4033-814f-7e75639b9b4e: 26 internal nodes; 0.3 s; peak memory 563 MiB.
2026-10-05T17:35:06Z INFO [2508/5000] 572e10ca-35ad-4bf3-87e6-5ba9fedbf108: 248 internal nodes; 6.1 s; peak memory 563 MiB.
2026-10-05T17:35:07Z INFO [2509/5000] 572e2314-f3a0-4fdb-805d-4045ba7f10b2: 27 internal nodes; 0.7 s; peak memory 563 MiB.
2026-10-05T17:35:23Z INFO [2510/5000] 5730fd76-f1b6-4ba0-a81b-fa9052868c2c: 300 internal nodes; 16.2 s; peak memory 563 MiB.
2026-10-05T17:35:25Z INFO [2511/5000] 57312362-d2cf-4f5d-b327-14db080bd047: 56 internal nodes; 1.5 s; peak memory 563 MiB.
2026-10-05T17:35:34Z INFO [2512/5000] 5733098b-f046-4d26-a1d1-cdef30220f82: 255 internal nodes; 9.5 s; peak memory 563 MiB.
2026-10-05T17:35:35Z INFO [2513/5000] 57341c32-6ba0-48df-83a0-36936b0bd2c0: 17 internal nodes; 0.6 s; peak memory 563 MiB.
2026-10-05T17:35:40Z INFO [2514/5000] 57344499-bdcc-4122-9d91-c91c6b8dfcbc: 115 internal nodes; 5.1 s; peak memory 563 MiB.
2026-10-05T17:35:40Z INFO [2515/5000] 573490d3-3b8d-4d01-af3c-8acaeddd1673: 17 internal nodes; 0.6 s; peak memory 563 MiB.
2026-10-05T17:35:41Z INFO [2516/5000] 57354665-f676-4ca2-a2dc-24e44f709b29: 17 internal nodes; 0.6 s; peak memory 563 MiB.
2026-10-05T17:35:41Z INFO [2517/5000] 5737868c-4a41-4060-b5da-0e1ac71a4d52: 21 internal nodes; 0.4 s; peak memory 563 MiB.
2026-10-05T17:35:45Z INFO [2518/5000] 5737c917-cbc2-432d-8654-a594ed63d3d1: 139 internal nodes; 3.7 s; peak memory 563 MiB.
2026-10-05T17:35:46Z INFO [2519/5000] 57394d30-0fbe-44e1-9d7f-19fd75338444: 31 internal nodes; 0.7 s; peak memory 563 MiB.
2026-10-05T17:35:47Z INFO [2520/5000] 57396bdb-24fc-4506-a7f8-d9bd81abdbd4: 31 internal nodes; 1.1 s; peak memory 563 MiB.
2026-10-05T17:35:47Z INFO [2521/5000] 573afcf2-150b-4e44-bfe1-21f395ad555e: 11 internal nodes; 0.5 s; peak memory 563 MiB.
2026-10-05T17:35:49Z INFO [2522/5000] 573b1256-d2e1-4b56-8dac-1f05d6d06e16: 66 internal nodes; 1.6 s; peak memory 563 MiB.
2026-10-05T17:35:50Z INFO [2523/5000] 573b1b19-1699-48b0-8c01-ffa0dfe55601: 27 internal nodes; 0.7 s; peak memory 563 MiB.
2026-10-05T17:35:52Z INFO [2524/5000] 573b423e-0472-4a93-807c-7391b8c1c90f: 44 internal nodes; 1.8 s; peak memory 563 MiB.
2026-10-05T17:35:52Z INFO [2525/5000] 573b93e3-9c4a-49b7-a6d9-a7b3dae3dd7e: 17 internal nodes; 0.6 s; peak memory 563 MiB.
2026-10-05T17:35:53Z INFO [2526/5000] 573bba73-6ae1-402d-a44d-00a2874b5a8b: 27 internal nodes; 0.9 s; peak memory 563 MiB.
2026-10-05T17:35:54Z INFO [2527/5000] 573cbf20-f710-4700-a1c8-3fac2ca6416b: 19 internal nodes; 0.6 s; peak memory 563 MiB.
2026-10-05T17:35:56Z INFO [2528/5000] 573d6146-0e65-422c-9383-97784aee739f: 61 internal nodes; 2.6 s; peak memory 563 MiB.
2026-10-05T17:35:57Z INFO [2529/5000] 573d9368-5143-4f5a-84b4-a82f9543fbbd: 27 internal nodes; 0.7 s; peak memory 563 MiB.
2026-10-05T17:35:57Z INFO [2530/5000] 573e25e8-aa4d-4a9c-85f5-a20ccd8cce6d: 18 internal nodes; 0.4 s; peak memory 563 MiB.
2026-10-05T17:35:58Z INFO [2531/5000] 573e9639-55fb-4bfe-a83f-4efaade1a105: 17 internal nodes; 0.8 s; peak memory 563 MiB.
2026-10-05T17:35:59Z INFO [2532/5000] 573f403e-effa-4a7f-bb43-d0df0dd0271d: 27 internal nodes; 1.0 s; peak memory 563 MiB.
2026-10-05T17:36:00Z INFO [2533/5000] 573f6551-9359-42e8-9b2e-1f457f1efc3d: 19 internal nodes; 0.8 s; peak memory 563 MiB.
2026-10-05T17:36:00Z INFO [2534/5000] 573f9b41-e81e-45ea-9b0f-1f85788689b8: 19 internal nodes; 0.6 s; peak memory 563 MiB.
2026-10-05T17:36:01Z INFO [2535/5000] 57407448-3cc2-413d-bf16-09c34a40bfe3: 27 internal nodes; 0.6 s; peak memory 563 MiB.
2026-10-05T17:36:05Z INFO [2536/5000] 574108d7-e73f-46da-a595-c01019c54af2: 158 internal nodes; 4.1 s; peak memory 563 MiB.
2026-10-05T17:36:07Z INFO [2537/5000] 57418b41-5038-4df2-93fc-2b2e8cf0270e: 66 internal nodes; 1.8 s; peak memory 563 MiB.
2026-10-05T17:36:08Z INFO [2538/5000] 57422f42-6b02-42d6-a809-4367d2a843a5: 18 internal nodes; 0.9 s; peak memory 563 MiB.
2026-10-05T17:36:08Z INFO [2539/5000] 57423df9-fa09-4425-9984-533f3dacf7af: 17 internal nodes; 0.6 s; peak memory 563 MiB.
2026-10-05T17:36:09Z INFO [2540/5000] 574248ea-f5bf-41d4-b24c-f94db630bd44: 31 internal nodes; 0.9 s; peak memory 563 MiB.
2026-10-05T17:36:10Z INFO [2541/5000] 5742970a-b7d7-449b-8132-b26f7eb42654: 29 internal nodes; 0.8 s; peak memory 563 MiB.
2026-10-05T17:36:11Z INFO [2542/5000] 574419f9-c643-4a9b-87c0-871425ac7852: 17 internal nodes; 0.8 s; peak memory 563 MiB.
2026-10-05T17:36:18Z INFO [2543/5000] 57452b80-671a-46bf-a981-2e0a3c8e7a14: 136 internal nodes; 7.4 s; peak memory 563 MiB.
2026-10-05T17:36:19Z INFO [2544/5000] 57455a3a-8f98-4972-93f4-a03c1c1ccf3d: 27 internal nodes; 0.7 s; peak memory 563 MiB.
2026-10-05T17:36:20Z INFO [2545/5000] 5745772b-dc18-4feb-9f41-08bd579fe97b: 27 internal nodes; 0.7 s; peak memory 563 MiB.
2026-10-05T17:36:20Z INFO [2546/5000] 574631a7-156d-4693-9054-cae38d4e8832: 19 internal nodes; 0.6 s; peak memory 563 MiB.
2026-10-05T17:36:21Z INFO [2547/5000] 5747f29e-1175-48cb-87b8-cc6ec90abb9a: 115 internal nodes; 0.7 s; peak memory 563 MiB.
2026-10-05T17:36:22Z INFO [2548/5000] 5748e786-745d-4bff-91c4-20c7e43baa7d: 27 internal nodes; 0.8 s; peak memory 563 MiB.
2026-10-05T17:36:23Z INFO [2549/5000] 57490b83-e536-4072-aa4b-7a50b0054d89: 47 internal nodes; 1.6 s; peak memory 563 MiB.
2026-10-05T17:36:24Z INFO [2550/5000] 57498d28-2f92-48b2-94f7-e5fa0a6a7f92: 31 internal nodes; 0.9 s; peak memory 563 MiB.
2026-10-05T17:36:25Z INFO [2550/5000] 57498d28-2f92-48b2-94f7-e5fa0a6a7f92: checkpointed 88985 records.
2026-10-05T17:36:25Z INFO [2551/5000] 5749a871-83ba-40d8-85bf-b8ec3a4d10b6: 17 internal nodes; 0.6 s; peak memory 563 MiB.
2026-10-05T17:36:47Z INFO [2552/5000] 5749c352-2776-4570-bf82-63ab4683abc2: 2289 internal nodes; 21.6 s; peak memory 563 MiB.
2026-10-05T17:36:51Z INFO [2553/5000] 574a020e-6cd0-44e8-bc27-5f63b47cc583: 188 internal nodes; 3.9 s; peak memory 563 MiB.
2026-10-05T17:36:51Z INFO [2554/5000] 574ad3a8-a212-471f-b3c2-f46293c283da: 17 internal nodes; 0.6 s; peak memory 563 MiB.
2026-10-05T17:37:00Z INFO [2555/5000] 574b278c-4751-4616-8381-864e8f0be6a7: 248 internal nodes; 8.2 s; peak memory 563 MiB.
2026-10-05T17:37:00Z INFO [2556/5000] 574bef35-b207-4d43-9d8e-ce6ded6b0780: 119 internal nodes; 0.6 s; peak memory 563 MiB.
2026-10-05T17:37:01Z INFO [2557/5000] 574bf8aa-7cae-4d9d-8a2f-4822bffbd4d7: 26 internal nodes; 1.1 s; peak memory 563 MiB.
2026-10-05T17:37:13Z INFO [2558/5000] 574c5c01-83d5-43c8-9790-31ec8a73570a: 99 internal nodes; 11.5 s; peak memory 563 MiB.
2026-10-05T17:37:13Z INFO [2559/5000] 574cd86f-9c76-4686-b58a-11d947de9c72: 17 internal nodes; 0.6 s; peak memory 563 MiB.
2026-10-05T17:37:20Z INFO [2560/5000] 574ce70b-1981-40a6-8ce0-66fe32f41a5c: 227 internal nodes; 6.3 s; peak memory 563 MiB.
2026-10-05T17:37:20Z INFO [2561/5000] 574d1ade-3af5-4bac-8e4d-9fcf8e24b472: 13 internal nodes; 0.5 s; peak memory 563 MiB.
2026-10-05T17:37:24Z INFO [2562/5000] 574d3a55-d7fd-4d51-a952-f2e236543862: 177 internal nodes; 3.4 s; peak memory 563 MiB.
2026-10-05T17:37:24Z INFO [2563/5000] 574d7f29-ed89-4a65-afcb-d45727a94644: 13 internal nodes; 0.5 s; peak memory 563 MiB.
2026-10-05T17:37:26Z INFO [2564/5000] 574d8c46-9f3a-4c2a-8e58-8f9d94df8105: 42 internal nodes; 1.7 s; peak memory 563 MiB.
2026-10-05T17:37:26Z INFO [2565/5000] 574e044d-250a-47f6-b36c-be2f86ccbcde: 27 internal nodes; 0.7 s; peak memory 563 MiB.
2026-10-05T17:37:27Z INFO [2566/5000] 574e2aab-d453-4d8a-9dd7-d4813f39f6fe: 90 internal nodes; 0.8 s; peak memory 563 MiB.
2026-10-05T17:37:28Z INFO [2567/5000] 574e2f96-e9f1-4f30-bd0a-3ac6b42e67ac: 116 internal nodes; 0.6 s; peak memory 563 MiB.
2026-10-05T17:37:28Z INFO [2568/5000] 574e5f94-151e-4fcd-84eb-8e37dbfbcbad: 25 internal nodes; 0.7 s; peak memory 563 MiB.
2026-10-05T17:37:29Z INFO [2569/5000] 574e8e91-6d4e-4ce8-8d13-ede1f3c481cc: 11 internal nodes; 0.4 s; peak memory 563 MiB.
2026-10-05T17:37:30Z INFO [2570/5000] 574e9c66-7835-4d76-8521-5192d98edc28: 90 internal nodes; 0.8 s; peak memory 563 MiB.
2026-10-05T17:37:30Z INFO [2571/5000] 574f9b85-9898-47b7-89c7-127af72a8a5a: 27 internal nodes; 0.8 s; peak memory 563 MiB.
2026-10-05T17:37:31Z INFO [2572/5000] 5750124b-6672-4c31-9ffd-c1de71742acd: 19 internal nodes; 0.7 s; peak memory 563 MiB.
2026-10-05T17:37:32Z INFO [2573/5000] 57516bd2-212b-4fef-af7a-3d111c8270c1: 11 internal nodes; 0.3 s; peak memory 563 MiB.
2026-10-05T17:37:33Z INFO [2574/5000] 5751ea08-782d-4f80-8678-f5431b84b629: 25 internal nodes; 1.3 s; peak memory 563 MiB.
2026-10-05T17:37:33Z INFO [2575/5000] 57522f47-4d1c-4009-a6b3-7825f8c602b6: 13 internal nodes; 0.4 s; peak memory 563 MiB.
2026-10-05T17:37:34Z INFO [2576/5000] 5752ac2e-1cae-46cc-9176-97051b2d1e02: 17 internal nodes; 0.6 s; peak memory 563 MiB.
2026-10-05T17:37:36Z INFO [2577/5000] 5752b14d-8403-4679-891e-867ff37b6290: 31 internal nodes; 1.7 s; peak memory 563 MiB.
2026-10-05T17:37:36Z INFO [2578/5000] 57530bfa-7373-40b7-ab3d-1e3fee6dcac6: 17 internal nodes; 0.7 s; peak memory 563 MiB.
2026-10-05T17:37:37Z INFO [2579/5000] 57531764-9223-425d-bf08-47d10284961c: 20 internal nodes; 0.6 s; peak memory 563 MiB.
2026-10-05T17:37:38Z INFO [2580/5000] 57531d3d-34fb-4701-b485-578cbd13696b: 27 internal nodes; 1.3 s; peak memory 563 MiB.
2026-10-05T17:37:40Z INFO [2581/5000] 57545fc0-6891-45df-bf6f-b8195eaf5d5e: 44 internal nodes; 1.3 s; peak memory 563 MiB.
2026-10-05T17:37:41Z INFO [2582/5000] 575540bd-9870-45a7-906b-6a744bf0b601: 44 internal nodes; 1.4 s; peak memory 563 MiB.
2026-10-05T17:37:42Z INFO [2583/5000] 5755c76e-c226-47e2-a034-ef4cb51a4399: 90 internal nodes; 1.0 s; peak memory 563 MiB.
2026-10-05T17:37:42Z INFO [2584/5000] 5755e09a-f664-4c20-8897-5c0e1e70c8ac: 27 internal nodes; 0.6 s; peak memory 563 MiB.
2026-10-05T17:37:45Z INFO [2585/5000] 5756d3d3-99a1-4136-b7f9-18ba48fc3d42: 46 internal nodes; 2.1 s; peak memory 563 MiB.
2026-10-05T17:37:46Z INFO [2586/5000] 5756db38-6a6f-493f-b1f8-c2d989a2cc8d: 66 internal nodes; 1.5 s; peak memory 563 MiB.
2026-10-05T17:37:47Z INFO [2587/5000] 57576caf-72e0-491b-a0ee-580e376e6c02: 27 internal nodes; 0.8 s; peak memory 563 MiB.
2026-10-05T17:37:48Z INFO [2588/5000] 57578574-eb4d-4b9d-9a90-542e83638de0: 38 internal nodes; 0.9 s; peak memory 563 MiB.
2026-10-05T17:37:48Z INFO [2589/5000] 57590f25-f3b8-49db-8b2d-4cd39f42465c: 17 internal nodes; 0.6 s; peak memory 563 MiB.
2026-10-05T17:37:53Z INFO [2590/5000] 57594d59-35fe-4f38-aded-333534cd01f0: 158 internal nodes; 5.0 s; peak memory 563 MiB.
2026-10-05T17:37:54Z INFO [2591/5000] 57596295-0e5d-43a3-b52a-7e6389227a03: 17 internal nodes; 0.5 s; peak memory 563 MiB.
2026-10-05T17:37:55Z INFO [2592/5000] 5759e74b-3a7d-4d70-bd20-486f0e3b2979: 17 internal nodes; 0.6 s; peak memory 563 MiB.
2026-10-05T17:37:55Z INFO [2593/5000] 575a04b8-31d2-4f5e-bc25-8e3e55930171: 27 internal nodes; 0.7 s; peak memory 563 MiB.
2026-10-05T17:37:59Z INFO [2594/5000] 575aa2e7-b98c-448e-85c8-e230c0e332f3: 55 internal nodes; 3.7 s; peak memory 563 MiB.
2026-10-05T17:38:05Z INFO [2595/5000] 575abab3-73d9-4f4c-85c7-a936dd3644cd: 44 internal nodes; 5.8 s; peak memory 563 MiB.
2026-10-05T17:38:06Z INFO [2596/5000] 575af79b-7828-47e2-af0e-1f71b6410eff: 27 internal nodes; 1.0 s; peak memory 563 MiB.
2026-10-05T17:38:07Z INFO [2597/5000] 575bb6aa-e9ef-4b3d-b0a9-d3bca0a95643: 31 internal nodes; 1.0 s; peak memory 563 MiB.
2026-10-05T17:38:13Z INFO [2598/5000] 575bbfdc-62c2-4649-9292-1d648c7125a6: 82 internal nodes; 6.1 s; peak memory 563 MiB.
2026-10-05T17:38:13Z INFO [2599/5000] 575c36aa-e414-49a5-99c8-90452cf92152: 17 internal nodes; 0.6 s; peak memory 563 MiB.
2026-10-05T17:38:15Z INFO [2600/5000] 575c421a-b743-426c-9f9f-e5d0f964ccb0: 44 internal nodes; 1.8 s; peak memory 563 MiB.
2026-10-05T17:38:16Z INFO [2600/5000] 575c421a-b743-426c-9f9f-e5d0f964ccb0: checkpointed 89035 records.
2026-10-05T17:38:16Z INFO [2601/5000] 575c5adf-2b89-444e-a7fa-b58b31708942: 17 internal nodes; 0.4 s; peak memory 563 MiB.
2026-10-05T17:38:17Z INFO [2602/5000] 575d1a8a-17e6-4bc1-ac3e-8add185fb1b1: 27 internal nodes; 0.8 s; peak memory 563 MiB.
2026-10-05T17:38:22Z INFO [2603/5000] 575d2612-cbf5-4b8e-bdeb-7f933ed94397: 115 internal nodes; 5.2 s; peak memory 563 MiB.
2026-10-05T17:38:22Z INFO [2604/5000] 575dad93-bbf0-4082-b0f7-fd61d13ad6df: 17 internal nodes; 0.6 s; peak memory 563 MiB.
2026-10-05T17:38:23Z INFO [2605/5000] 575dbab6-c9d7-492b-b36b-667aaa39acbb: 17 internal nodes; 0.6 s; peak memory 563 MiB.
2026-10-05T17:38:25Z INFO [2606/5000] 575eafc4-5632-44f5-aa6e-d23e0f1722d9: 44 internal nodes; 1.7 s; peak memory 563 MiB.
2026-10-05T17:38:25Z INFO [2607/5000] 576022a2-b7dd-4b21-bf10-e4a2e3df8b10: 19 internal nodes; 0.6 s; peak memory 563 MiB.
2026-10-05T17:38:29Z INFO [2608/5000] 57605d06-3e01-4ef9-b20c-043d3bcf1fa0: 55 internal nodes; 3.4 s; peak memory 563 MiB.
2026-10-05T17:38:30Z INFO [2609/5000] 576097f9-ffb5-45bb-96a4-912d99469496: 31 internal nodes; 0.9 s; peak memory 563 MiB.
2026-10-05T17:38:31Z INFO [2610/5000] 57619bc5-a589-4e04-aea5-731026477c51: 31 internal nodes; 1.1 s; peak memory 563 MiB.
2026-10-05T17:38:32Z INFO [2611/5000] 576282e8-c438-4b03-b506-f699bf130bcf: 72 internal nodes; 1.5 s; peak memory 563 MiB.
2026-10-05T17:38:33Z INFO [2612/5000] 5762dccf-a6ca-44aa-9046-3f946cc102db: 27 internal nodes; 0.7 s; peak memory 563 MiB.
2026-10-05T17:38:34Z INFO [2613/5000] 5763181e-efdb-48ad-bfc3-44206daf2a3c: 17 internal nodes; 0.6 s; peak memory 563 MiB.
2026-10-05T17:38:34Z INFO [2614/5000] 576345e0-11cf-4ebb-91b7-ecd5be17e050: 31 internal nodes; 0.7 s; peak memory 563 MiB.
2026-10-05T17:38:35Z INFO [2615/5000] 576377e7-9b91-4e3f-b90a-095129c98c21: 59 internal nodes; 0.8 s; peak memory 563 MiB.
2026-10-05T17:38:36Z INFO [2616/5000] 5763c9c0-ef6f-4656-9cc8-b820ab8a9071: 59 internal nodes; 1.2 s; peak memory 563 MiB.
2026-10-05T17:38:38Z INFO [2617/5000] 57647d9f-f5db-46b7-8b67-df124b14ab4e: 56 internal nodes; 1.9 s; peak memory 563 MiB.
2026-10-05T17:38:40Z INFO [2618/5000] 5765cfab-5d65-466b-a9d9-42afb0b570ef: 44 internal nodes; 1.5 s; peak memory 563 MiB.
2026-10-05T17:38:41Z INFO [2619/5000] 5765eddd-aace-48cc-a201-c33d4a01ec43: 27 internal nodes; 1.0 s; peak memory 563 MiB.
2026-10-05T17:38:42Z INFO [2620/5000] 576689b7-0296-48fe-ae18-5a720cfb0e97: 31 internal nodes; 0.9 s; peak memory 563 MiB.
2026-10-05T17:38:42Z INFO [2621/5000] 5766a826-1317-40c1-a090-b54840d3d98c: 17 internal nodes; 0.7 s; peak memory 563 MiB.
2026-10-05T17:38:43Z INFO [2622/5000] 5767764d-1ea9-4c78-b7f4-b66743dc73bd: 29 internal nodes; 0.7 s; peak memory 563 MiB.
2026-10-05T17:38:44Z INFO [2623/5000] 57681e52-16ce-4b6e-83fb-932b1d15fc7f: 83 internal nodes; 0.7 s; peak memory 563 MiB.
2026-10-05T17:38:44Z INFO [2624/5000] 576894f3-ea39-4f73-9112-1ceff0ced2f4: 17 internal nodes; 0.7 s; peak memory 563 MiB.
2026-10-05T17:38:45Z INFO [2625/5000] 5768febe-f9ae-4508-82aa-0122216460b4: 29 internal nodes; 0.9 s; peak memory 563 MiB.
2026-10-05T17:38:46Z INFO [2626/5000] 5769344c-05ed-4e57-9a76-aa7849a7af9a: 44 internal nodes; 1.2 s; peak memory 563 MiB.
2026-10-05T17:38:47Z INFO [2627/5000] 5769bf18-7f68-4d9f-8d45-0b3c1cd0f701: 17 internal nodes; 0.5 s; peak memory 563 MiB.
2026-10-05T17:39:43Z INFO [2628/5000] 576ad28c-49b8-4b55-94de-f2b354054f45: 2603 internal nodes; 56.3 s; peak memory 563 MiB.
2026-10-05T17:39:44Z INFO [2629/5000] 576ae32c-3fee-4017-9233-22786c691d31: 27 internal nodes; 0.8 s; peak memory 563 MiB.
2026-10-05T17:39:44Z INFO [2630/5000] 576aec02-94b7-414b-b665-448491fdd78a: 15 internal nodes; 0.5 s; peak memory 563 MiB.
2026-10-05T17:39:45Z INFO [2631/5000] 576b385d-9e87-4f00-90d6-27f046e66775: 29 internal nodes; 0.8 s; peak memory 563 MiB.
2026-10-05T17:39:46Z INFO [2632/5000] 576b695b-3c11-4e35-bb59-8bdeebfc78ef: 65 internal nodes; 1.0 s; peak memory 563 MiB.
2026-10-05T17:39:51Z INFO [2633/5000] 576b77bb-cd4e-4159-9506-417e802015f0: 177 internal nodes; 4.5 s; peak memory 563 MiB.
2026-10-05T17:39:51Z INFO [2634/5000] 576bacc4-aeee-43ca-ad3d-145fdf4effc3: 27 internal nodes; 0.7 s; peak memory 563 MiB.
2026-10-05T17:39:52Z INFO [2635/5000] 576c1cc5-8797-4fbc-8aa3-e0bd5518de5b: 17 internal nodes; 0.5 s; peak memory 563 MiB.
2026-10-05T17:39:53Z INFO [2636/5000] 576c3b99-755a-46b9-80b6-228066df1e82: 17 internal nodes; 0.6 s; peak memory 563 MiB.
2026-10-05T17:39:53Z INFO [2637/5000] 576c9bab-d311-422a-a6a0-fc04fa099dd1: 22 internal nodes; 0.5 s; peak memory 563 MiB.
2026-10-05T17:39:54Z INFO [2638/5000] 576ca8e5-869f-4144-8b01-490d2b8fde34: 56 internal nodes; 0.9 s; peak memory 563 MiB.
2026-10-05T17:39:55Z INFO [2639/5000] 576e0567-250f-42cf-8b60-6dc25bd5292a: 66 internal nodes; 1.1 s; peak memory 563 MiB.
2026-10-05T17:39:56Z INFO [2640/5000] 576f2d54-0c52-4321-9b8b-05108be11089: 27 internal nodes; 0.7 s; peak memory 563 MiB.
2026-10-05T17:39:56Z INFO [2641/5000] 576fdbad-e574-4e22-a6e9-bdad359caef8: 16 internal nodes; 0.5 s; peak memory 563 MiB.
2026-10-05T17:39:57Z INFO [2642/5000] 576ffd87-2424-415c-9c3a-7d50f57dd154: 27 internal nodes; 0.7 s; peak memory 563 MiB.
2026-10-05T17:39:58Z INFO [2643/5000] 57705012-2507-4716-b503-521f86c80a1e: 27 internal nodes; 0.7 s; peak memory 563 MiB.
2026-10-05T17:39:58Z INFO [2644/5000] 5770663d-9ae9-4249-8f6a-4a7db4fae2be: 17 internal nodes; 0.7 s; peak memory 563 MiB.
2026-10-05T17:39:59Z INFO [2645/5000] 5770e3f7-3330-46aa-8213-cc7e856e4953: 13 internal nodes; 0.7 s; peak memory 563 MiB.
2026-10-05T17:40:02Z INFO [2646/5000] 57711304-9201-45c8-9753-1d65ecef327e: 177 internal nodes; 2.7 s; peak memory 563 MiB.
2026-10-05T17:40:02Z INFO [2647/5000] 57725537-c6bd-4068-8783-35e17ef0192c: 18 internal nodes; 0.7 s; peak memory 563 MiB.
2026-10-05T17:40:07Z INFO [2648/5000] 5772c442-2301-48f3-865c-8c88c8c97934: 65 internal nodes; 4.8 s; peak memory 563 MiB.
2026-10-05T17:40:08Z INFO [2649/5000] 5772fa07-4eb2-4c1c-bca6-56f8deaf81b2: 27 internal nodes; 0.7 s; peak memory 563 MiB.
2026-10-05T17:40:08Z INFO [2650/5000] 5773b33b-8ad3-45cf-991c-17c2f624197e: 11 internal nodes; 0.4 s; peak memory 563 MiB.
2026-10-05T17:40:08Z INFO [2650/5000] 5773b33b-8ad3-45cf-991c-17c2f624197e: checkpointed 89085 records.
2026-10-05T17:40:09Z INFO [2651/5000] 57740879-a8f9-4440-95bd-bcf0757809a1: 17 internal nodes; 0.7 s; peak memory 563 MiB.
2026-10-05T17:40:11Z INFO [2652/5000] 57743d29-1a9d-4d44-a92b-6e3a2bb7126f: 41 internal nodes; 2.0 s; peak memory 563 MiB.
2026-10-05T17:40:12Z INFO [2653/5000] 57746350-630f-49be-a831-df018113f40a: 27 internal nodes; 0.6 s; peak memory 563 MiB.
2026-10-05T17:40:14Z INFO [2654/5000] 57767cfc-3616-48c8-b7b6-121ccad4d994: 51 internal nodes; 1.8 s; peak memory 563 MiB.
2026-10-05T17:40:14Z INFO [2655/5000] 5776d8ac-1189-4392-9f41-690c4c951696: 39 internal nodes; 0.9 s; peak memory 563 MiB.
2026-10-05T17:40:15Z INFO [2656/5000] 5776ebd5-b627-46de-b479-83f937e3cd2d: 18 internal nodes; 0.9 s; peak memory 563 MiB.
2026-10-05T17:40:16Z INFO [2657/5000] 5776fb18-39df-475f-b108-7ab78d7be7b2: 17 internal nodes; 0.8 s; peak memory 563 MiB.
2026-10-05T17:40:17Z INFO [2658/5000] 57772273-54c1-4d5f-b5d9-663f4b6a35de: 27 internal nodes; 0.7 s; peak memory 563 MiB.
2026-10-05T17:40:17Z INFO [2659/5000] 57772598-0d0d-49a4-93c2-73a4ce4966c4: 27 internal nodes; 0.6 s; peak memory 563 MiB.
2026-10-05T17:40:18Z INFO [2660/5000] 577741f3-1148-4a1f-b29e-1a3f4886822b: 18 internal nodes; 0.7 s; peak memory 563 MiB.
2026-10-05T17:40:20Z INFO [2661/5000] 5777ec92-f2b3-4088-882e-dd90cebd4dd2: 42 internal nodes; 1.9 s; peak memory 563 MiB.
2026-10-05T17:40:20Z INFO [2662/5000] 5777f7e5-94a9-4751-94bb-43d4119977b0: 11 internal nodes; 0.3 s; peak memory 563 MiB.
2026-10-05T17:43:24Z INFO [2663/5000] 57782270-adba-40a6-9f5f-a96086cdb49b: 5557 internal nodes; 183.1 s; peak memory 782 MiB.
2026-10-05T17:43:24Z INFO [2664/5000] 57787417-30ce-4c77-9b72-e8b0646e573a: 27 internal nodes; 0.8 s; peak memory 782 MiB.
2026-10-05T17:43:25Z INFO [2665/5000] 5778789e-2c68-49c8-b29c-a0e125b30eb9: 72 internal nodes; 0.9 s; peak memory 782 MiB.
2026-10-05T17:43:27Z INFO [2666/5000] 5778983d-3910-4b22-bed1-0ada987e9e0f: 69 internal nodes; 1.2 s; peak memory 782 MiB.
2026-10-05T17:43:27Z INFO [2667/5000] 5779930b-844f-42b7-acaf-6d218f94505c: 31 internal nodes; 0.9 s; peak memory 782 MiB.
2026-10-05T17:43:28Z INFO [2668/5000] 577a4e1a-f3bf-408a-93fe-c693cec42163: 11 internal nodes; 0.5 s; peak memory 782 MiB.
2026-10-05T17:43:29Z INFO [2669/5000] 577beff1-174f-493f-ab24-04ef987e3a5e: 18 internal nodes; 0.7 s; peak memory 782 MiB.
2026-10-05T17:43:29Z INFO [2670/5000] 577bfa6c-ec54-4f26-9fe1-272a2969ea00: 19 internal nodes; 0.5 s; peak memory 782 MiB.
2026-10-05T17:43:30Z INFO [2671/5000] 577c06d3-fd6f-43c6-b8a0-4251ff5e3de7: 17 internal nodes; 0.7 s; peak memory 782 MiB.
2026-10-05T17:43:31Z INFO [2672/5000] 577c8ece-e1f7-4d39-850b-7642a3cbe199: 63 internal nodes; 1.1 s; peak memory 782 MiB.
2026-10-05T17:43:32Z INFO [2673/5000] 577cfe75-aa83-4977-8f57-42f2f4bf62ed: 61 internal nodes; 0.8 s; peak memory 782 MiB.
2026-10-05T17:43:33Z INFO [2674/5000] 577de86e-7f7c-4c59-a66d-9a64083d9f60: 44 internal nodes; 1.5 s; peak memory 782 MiB.
2026-10-05T17:43:34Z INFO [2675/5000] 577e5c8d-a577-4a74-b6c7-1e88e1589252: 20 internal nodes; 0.4 s; peak memory 782 MiB.
2026-10-05T17:43:35Z INFO [2676/5000] 577ed354-c61d-42f0-9144-fd46b1a6d8d0: 29 internal nodes; 0.9 s; peak memory 782 MiB.
2026-10-05T17:43:35Z INFO [2677/5000] 577edc28-b1ce-40b3-8794-568b326a243d: 27 internal nodes; 0.8 s; peak memory 782 MiB.
2026-10-05T17:43:45Z INFO [2678/5000] 577f3c6d-7f90-47d6-8ec1-3613028ef716: 135 internal nodes; 10.0 s; peak memory 782 MiB.
2026-10-05T17:43:46Z INFO [2679/5000] 57803656-f4a5-4004-9ca2-b40fa9d49916: 31 internal nodes; 0.8 s; peak memory 782 MiB.
2026-10-05T17:43:47Z INFO [2680/5000] 57808b45-4991-4999-af66-69c81a7e3f7a: 17 internal nodes; 0.6 s; peak memory 782 MiB.
2026-10-05T17:43:47Z INFO [2681/5000] 5780f9ab-7de0-4705-af55-7ce0ec5326c9: 17 internal nodes; 0.5 s; peak memory 782 MiB.
2026-10-05T17:43:48Z INFO [2682/5000] 57816033-05c9-4b3c-86a3-e540fca2da11: 13 internal nodes; 0.6 s; peak memory 782 MiB.
2026-10-05T17:43:49Z INFO [2683/5000] 57826505-2d7f-4630-98c0-8802cec79db8: 31 internal nodes; 0.8 s; peak memory 782 MiB.
2026-10-05T17:43:49Z INFO [2684/5000] 57830b01-373e-4a68-8f35-4a732deb5e17: 17 internal nodes; 0.6 s; peak memory 782 MiB.
2026-10-05T17:43:53Z INFO [2685/5000] 578376d7-43ac-452b-b9ce-23f3889e641e: 73 internal nodes; 3.3 s; peak memory 782 MiB.
2026-10-05T17:43:57Z INFO [2686/5000] 578383fe-8607-41e3-985f-076b0b7f6c24: 131 internal nodes; 4.8 s; peak memory 782 MiB.
2026-10-05T17:43:59Z INFO [2687/5000] 5783eecf-518a-4467-86a0-0e0fd11c1c6c: 56 internal nodes; 1.7 s; peak memory 782 MiB.
2026-10-05T17:44:03Z INFO [2688/5000] 57856ad9-122f-4fd9-91c7-2f079d6a33b2: 145 internal nodes; 4.1 s; peak memory 782 MiB.
2026-10-05T17:44:05Z INFO [2689/5000] 578694e9-ce99-4666-ad36-744edc2b59d9: 56 internal nodes; 1.6 s; peak memory 782 MiB.
2026-10-05T17:44:05Z INFO [2690/5000] 5786ed81-5376-4a3a-a26b-b489b5f756f5: 17 internal nodes; 0.6 s; peak memory 782 MiB.
2026-10-05T17:44:06Z INFO [2691/5000] 5787c93b-1f00-495a-9bd8-152634b16409: 61 internal nodes; 0.9 s; peak memory 782 MiB.
2026-10-05T17:44:07Z INFO [2692/5000] 5788a322-654e-4dc1-b6ae-e9f291594bdc: 17 internal nodes; 0.6 s; peak memory 782 MiB.
2026-10-05T17:44:08Z INFO [2693/5000] 5788b237-307c-4028-aaf7-51647f732e12: 27 internal nodes; 0.8 s; peak memory 782 MiB.
2026-10-05T17:44:08Z INFO [2694/5000] 57895a95-a129-4f20-884f-4624253bfcb0: 22 internal nodes; 0.4 s; peak memory 782 MiB.
2026-10-05T17:44:09Z INFO [2695/5000] 5789e336-f346-4fd3-b28e-41a1b6c33ae2: 17 internal nodes; 0.5 s; peak memory 782 MiB.
2026-10-05T17:44:09Z INFO [2696/5000] 578a4cc1-8bbc-4761-ad01-e4d8dc9d40d7: 27 internal nodes; 0.7 s; peak memory 782 MiB.
2026-10-05T17:44:17Z INFO [2697/5000] 578a601f-eb2d-478d-824c-31a68eaf8a8c: 2027 internal nodes; 8.1 s; peak memory 782 MiB.
2026-10-05T17:44:21Z INFO [2698/5000] 578a886a-c242-4afa-a0f7-b9e05dc86c36: 154 internal nodes; 3.9 s; peak memory 782 MiB.
2026-10-05T17:44:22Z INFO [2699/5000] 578acb48-810a-436f-82ce-3c898fcfb645: 114 internal nodes; 0.7 s; peak memory 782 MiB.
2026-10-05T17:44:23Z INFO [2700/5000] 578b27d5-f9ff-4e80-b784-9a83d0e993ad: 13 internal nodes; 0.7 s; peak memory 782 MiB.
2026-10-05T17:44:23Z INFO [2700/5000] 578b27d5-f9ff-4e80-b784-9a83d0e993ad: checkpointed 89135 records.
2026-10-05T17:44:24Z INFO [2701/5000] 578c18ea-3a52-4658-a29d-257a1eb8c23e: 31 internal nodes; 0.8 s; peak memory 782 MiB.
2026-10-05T17:44:24Z INFO [2702/5000] 578c3cf8-ae83-477c-97c1-b52e20a1c92a: 17 internal nodes; 0.5 s; peak memory 782 MiB.
2026-10-05T17:44:25Z INFO [2703/5000] 578e7241-fa15-44de-9bdd-2ab60d9915c1: 17 internal nodes; 0.6 s; peak memory 782 MiB.
2026-10-05T17:44:26Z INFO [2704/5000] 578eab49-6575-46b2-9a18-a6f095b8945f: 27 internal nodes; 0.7 s; peak memory 782 MiB.
2026-10-05T17:44:27Z INFO [2705/5000] 578eb617-c01b-482f-990a-f3745d2f27f0: 44 internal nodes; 1.5 s; peak memory 782 MiB.
2026-10-05T17:44:28Z INFO [2706/5000] 578fbe9d-5def-49b5-b679-5e1216c35278: 122 internal nodes; 1.0 s; peak memory 782 MiB.
2026-10-05T17:44:36Z INFO [2707/5000] 578fe0d2-7606-4803-a324-5a902c321a26: 83 internal nodes; 8.2 s; peak memory 782 MiB.
2026-10-05T17:44:37Z INFO [2708/5000] 57907ac6-f76e-4351-9ae2-dafb87c7b8ed: 17 internal nodes; 0.7 s; peak memory 782 MiB.
2026-10-05T17:44:38Z INFO [2709/5000] 5790d340-aaaa-4669-a18f-1051e4d70e43: 31 internal nodes; 0.8 s; peak memory 782 MiB.
2026-10-05T17:44:38Z INFO [2710/5000] 5791c713-73fe-46b9-9636-ae966c69cabb: 31 internal nodes; 0.7 s; peak memory 782 MiB.
2026-10-05T17:44:39Z INFO [2711/5000] 5792263c-7a3e-4e2a-8a75-9f4846dc06aa: 18 internal nodes; 0.5 s; peak memory 782 MiB.
2026-10-05T17:44:39Z INFO [2712/5000] 5792a342-45b4-4834-b20e-1547b8fd8ad3: 17 internal nodes; 0.6 s; peak memory 782 MiB.
2026-10-05T17:44:45Z INFO [2713/5000] 5792e9af-5586-4bdd-b921-c0a070670cbf: 234 internal nodes; 5.4 s; peak memory 782 MiB.
2026-10-05T17:44:46Z INFO [2714/5000] 579322ec-1fb1-4cc8-8333-84f36f39dcfc: 29 internal nodes; 0.8 s; peak memory 782 MiB.
2026-10-05T17:44:46Z INFO [2715/5000] 579393b9-caae-4ee1-a01d-279d7a759475: 17 internal nodes; 0.6 s; peak memory 782 MiB.
2026-10-05T17:44:47Z INFO [2716/5000] 5793f6f1-5ad3-4fb5-a178-927f72d743ed: 27 internal nodes; 0.7 s; peak memory 782 MiB.
2026-10-05T17:44:48Z INFO [2717/5000] 57967a06-bf32-4b2d-b879-2f6f08178c3f: 27 internal nodes; 0.7 s; peak memory 782 MiB.
2026-10-05T17:44:50Z INFO [2718/5000] 57974909-2d52-466e-893d-e9bd30d373bd: 59 internal nodes; 2.5 s; peak memory 782 MiB.
2026-10-05T17:44:51Z INFO [2719/5000] 57974d3c-665c-46e6-b093-cf44a3965404: 17 internal nodes; 0.4 s; peak memory 782 MiB.
2026-10-05T17:44:51Z INFO [2720/5000] 5797c972-7168-4598-98f5-0d2fd485f158: 17 internal nodes; 0.6 s; peak memory 782 MiB.
2026-10-05T17:44:52Z INFO [2721/5000] 5797cbec-40eb-4b2d-a197-d0a92ef7cc24: 31 internal nodes; 0.8 s; peak memory 782 MiB.
2026-10-05T17:44:54Z INFO [2722/5000] 5797f7c4-5844-4e81-8f10-e8e5c670a469: 36 internal nodes; 1.5 s; peak memory 782 MiB.
2026-10-05T17:44:55Z INFO [2723/5000] 57987ad5-30f6-49a4-bb7d-d9b4423f75d6: 42 internal nodes; 1.5 s; peak memory 782 MiB.
2026-10-05T17:44:56Z INFO [2724/5000] 57999505-1524-4a34-aec0-87d73b256bf3: 27 internal nodes; 0.7 s; peak memory 782 MiB.
2026-10-05T17:44:57Z INFO [2725/5000] 5799ee28-d430-4020-92a0-738395e8f506: 24 internal nodes; 0.8 s; peak memory 782 MiB.
2026-10-05T17:44:58Z INFO [2726/5000] 579ad2cd-5663-45d0-9948-efe2096bacdd: 44 internal nodes; 1.2 s; peak memory 782 MiB.
2026-10-05T17:44:58Z INFO [2727/5000] 579b2550-f7ec-4935-a883-138afd1a0f07: 17 internal nodes; 0.6 s; peak memory 782 MiB.
2026-10-05T17:44:59Z INFO [2728/5000] 579cd553-4e8c-4f08-9df1-50a6007f5132: 21 internal nodes; 0.4 s; peak memory 782 MiB.
2026-10-05T17:44:59Z INFO [2729/5000] 579cfd0f-aad7-4653-ba2b-2b3103ac9351: 17 internal nodes; 0.4 s; peak memory 782 MiB.
2026-10-05T17:45:00Z INFO [2730/5000] 579da7ab-209b-43b4-9131-7e81ff83be23: 17 internal nodes; 0.7 s; peak memory 782 MiB.
2026-10-05T17:45:05Z INFO [2731/5000] 579dcd86-eaff-4cff-9b87-a695a0ed0cd9: 188 internal nodes; 5.5 s; peak memory 782 MiB.
2026-10-05T17:45:06Z INFO [2732/5000] 579dd973-9941-4afd-9f37-eacc5e1adff7: 27 internal nodes; 0.8 s; peak memory 782 MiB.
2026-10-05T17:45:07Z INFO [2733/5000] 579de52b-065a-4b15-bb36-9860214e16fe: 17 internal nodes; 0.6 s; peak memory 782 MiB.
2026-10-05T17:45:08Z INFO [2734/5000] 579eb000-8e2d-41bd-ac01-4df6972aa96f: 29 internal nodes; 0.9 s; peak memory 782 MiB.
2026-10-05T17:45:12Z INFO [2735/5000] 579f0b8e-4e04-496e-83a6-d3d984095a74: 55 internal nodes; 4.0 s; peak memory 782 MiB.
2026-10-05T17:45:12Z INFO [2736/5000] 57a0404e-7d31-4a1b-929d-7d582ce3fb0c: 27 internal nodes; 0.7 s; peak memory 782 MiB.
2026-10-05T17:45:13Z INFO [2737/5000] 57a1aa56-e80e-422a-8844-018900fdb800: 13 internal nodes; 0.3 s; peak memory 782 MiB.
2026-10-05T17:45:18Z INFO [2738/5000] 57a1decb-51c3-4950-8228-4594ebb851c6: 83 internal nodes; 5.8 s; peak memory 782 MiB.
2026-10-05T17:45:19Z INFO [2739/5000] 57a40c85-5417-4f36-bebb-f6e0bbfbfd0e: 27 internal nodes; 0.8 s; peak memory 782 MiB.
2026-10-05T17:45:20Z INFO [2740/5000] 57a48dcc-2282-4364-a265-c88194da5a93: 27 internal nodes; 0.4 s; peak memory 782 MiB.
2026-10-05T17:45:22Z INFO [2741/5000] 57a539a8-8881-41ff-839d-7ae9ac1c9964: 52 internal nodes; 2.2 s; peak memory 782 MiB.
2026-10-05T17:45:22Z INFO [2742/5000] 57a57ad1-d8b9-4f0b-972c-7fcff73a682a: 116 internal nodes; 0.6 s; peak memory 782 MiB.
2026-10-05T17:45:23Z INFO [2743/5000] 57a5b838-bc5a-4030-b33a-3cd827ce7798: 25 internal nodes; 0.4 s; peak memory 782 MiB.
2026-10-05T17:45:23Z INFO [2744/5000] 57a5bda1-cb87-4091-8b48-6a92acdeaed3: 19 internal nodes; 0.5 s; peak memory 782 MiB.
2026-10-05T17:45:24Z INFO [2745/5000] 57a5c472-158d-4bd8-be44-b17c1d46cb07: 17 internal nodes; 0.6 s; peak memory 782 MiB.
2026-10-05T17:45:24Z INFO [2746/5000] 57a646e5-6501-441c-84c7-fadf1670ccbe: 17 internal nodes; 0.4 s; peak memory 782 MiB.
2026-10-05T17:45:25Z INFO [2747/5000] 57a663e3-ee57-40e6-b051-f0c54c5c4126: 23 internal nodes; 0.5 s; peak memory 782 MiB.
2026-10-05T17:45:26Z INFO [2748/5000] 57a671f2-cf94-46c5-a74a-b2c274982c20: 44 internal nodes; 1.0 s; peak memory 782 MiB.
2026-10-05T17:45:27Z INFO [2749/5000] 57a6c69d-29d5-4b64-b4ef-900519408f10: 17 internal nodes; 0.6 s; peak memory 782 MiB.
2026-10-05T17:45:27Z INFO [2750/5000] 57a7b6b3-c527-49ba-8534-134b16aba657: 19 internal nodes; 0.6 s; peak memory 782 MiB.
2026-10-05T17:45:28Z INFO [2750/5000] 57a7b6b3-c527-49ba-8534-134b16aba657: checkpointed 89185 records.
2026-10-05T17:45:34Z INFO [2751/5000] 57a80bc6-1a62-45ad-9478-f155044d8d66: 87 internal nodes; 6.4 s; peak memory 782 MiB.
2026-10-05T17:45:35Z INFO [2752/5000] 57a8f303-2b0d-4a24-bc40-b15728c738de: 27 internal nodes; 0.8 s; peak memory 782 MiB.
2026-10-05T17:45:39Z INFO [2753/5000] 57a9b4ae-26a4-4d5f-840c-468ac7f6741d: 57 internal nodes; 4.1 s; peak memory 782 MiB.
2026-10-05T17:45:40Z INFO [2754/5000] 57aa4b94-7fda-41bf-af63-8774705a7cc3: 27 internal nodes; 0.6 s; peak memory 782 MiB.
2026-10-05T17:45:43Z INFO [2755/5000] 57aa685f-b88f-4f77-84e8-ebd0ef37ff36: 177 internal nodes; 3.6 s; peak memory 782 MiB.
2026-10-05T17:45:44Z INFO [2756/5000] 57abc9c5-1da4-4e60-bca9-9b179e98fbf8: 27 internal nodes; 1.2 s; peak memory 782 MiB.
2026-10-05T17:45:45Z INFO [2757/5000] 57ad93a5-0398-4424-939b-140ac0b68149: 18 internal nodes; 0.7 s; peak memory 782 MiB.
2026-10-05T17:45:46Z INFO [2758/5000] 57adf493-7027-4225-8448-259beb9d75b2: 27 internal nodes; 0.6 s; peak memory 782 MiB.
2026-10-05T17:45:47Z INFO [2759/5000] 57aeaf83-3a4e-42df-995e-e8ca3a9cd44c: 53 internal nodes; 1.0 s; peak memory 782 MiB.
2026-10-05T17:45:47Z INFO [2760/5000] 57af0f34-a221-4ff7-a4ad-4f1433b32474: 17 internal nodes; 0.5 s; peak memory 782 MiB.
2026-10-05T17:45:48Z INFO [2761/5000] 57af194d-3cc4-4eac-9de4-c8b644ccb4e7: 23 internal nodes; 1.1 s; peak memory 782 MiB.
2026-10-05T17:45:49Z INFO [2762/5000] 57afcc44-84ad-4d76-9739-65a723ad79b1: 59 internal nodes; 1.2 s; peak memory 782 MiB.
2026-10-05T17:45:50Z INFO [2763/5000] 57b00c0f-5f5a-4a84-8d52-01ba23c417b7: 13 internal nodes; 0.4 s; peak memory 782 MiB.
2026-10-05T17:45:50Z INFO [2764/5000] 57b01923-1490-48a4-a099-d7d0e787067a: 19 internal nodes; 0.6 s; peak memory 782 MiB.
2026-10-05T17:45:51Z INFO [2765/5000] 57b03252-6c05-4d6b-b186-ddfac7aedf82: 27 internal nodes; 0.6 s; peak memory 782 MiB.
2026-10-05T17:45:52Z INFO [2766/5000] 57b203de-481d-4526-942a-32cf6a7d1a74: 17 internal nodes; 0.7 s; peak memory 782 MiB.
2026-10-05T17:45:53Z INFO [2767/5000] 57b300d8-bf2d-47b9-b94d-46a26aa7ada6: 63 internal nodes; 0.9 s; peak memory 782 MiB.
2026-10-05T17:45:54Z INFO [2768/5000] 57b326b4-3922-47e1-8c5a-b5765e52770c: 31 internal nodes; 0.9 s; peak memory 782 MiB.
2026-10-05T17:45:55Z INFO [2769/5000] 57b3da85-7036-4089-9fe7-4f5f7d7f1b1b: 60 internal nodes; 1.6 s; peak memory 782 MiB.
2026-10-05T17:45:56Z INFO [2770/5000] 57b3f80f-2e15-444c-b643-492d5e7b4c73: 40 internal nodes; 0.8 s; peak memory 782 MiB.
2026-10-05T17:45:57Z INFO [2771/5000] 57b4314f-ec3e-4c4b-aabe-796e91a88124: 119 internal nodes; 1.0 s; peak memory 782 MiB.
2026-10-05T17:45:58Z INFO [2772/5000] 57b46aa7-cb6f-4596-a49d-5935e7269faf: 31 internal nodes; 0.9 s; peak memory 782 MiB.
2026-10-05T17:45:58Z INFO [2773/5000] 57b64baa-1a7e-4257-9b6b-220b9d94a2e6: 27 internal nodes; 0.6 s; peak memory 782 MiB.
2026-10-05T17:45:59Z INFO [2774/5000] 57b73d57-f729-4eb8-95a6-1aeb1a5f188f: 39 internal nodes; 1.1 s; peak memory 782 MiB.
2026-10-05T17:46:00Z INFO [2775/5000] 57b74af3-868b-4377-8ad3-1e7031549998: 18 internal nodes; 0.5 s; peak memory 782 MiB.
2026-10-05T17:46:01Z INFO [2776/5000] 57b7b05c-2af8-4bca-9914-974dc129fa05: 72 internal nodes; 0.9 s; peak memory 782 MiB.
2026-10-05T17:46:02Z INFO [2777/5000] 57b7e8d5-ada9-49a0-baad-6522f75c8215: 21 internal nodes; 1.3 s; peak memory 782 MiB.
2026-10-05T17:46:03Z INFO [2778/5000] 57b808f8-c200-4b00-81fd-04e778b75281: 11 internal nodes; 0.4 s; peak memory 782 MiB.
2026-10-05T17:46:03Z INFO [2779/5000] 57b8bcf6-6c2a-4ff4-aa30-eaeb04cbef24: 27 internal nodes; 0.7 s; peak memory 782 MiB.
2026-10-05T17:46:05Z INFO [2780/5000] 57b9a4e5-f26a-4d7e-8066-408d908690f3: 41 internal nodes; 1.9 s; peak memory 782 MiB.
2026-10-05T17:46:06Z INFO [2781/5000] 57ba4c10-206a-4d4a-9d7d-e6bc47b76449: 23 internal nodes; 0.6 s; peak memory 782 MiB.
2026-10-05T17:46:06Z INFO [2782/5000] 57bad468-e1ff-456b-8589-5393199ca7cc: 19 internal nodes; 0.6 s; peak memory 782 MiB.
2026-10-05T17:46:07Z INFO [2783/5000] 57bc5aba-1734-4c40-9e7d-f54be66c6e10: 19 internal nodes; 0.5 s; peak memory 782 MiB.
2026-10-05T17:46:11Z INFO [2784/5000] 57bc5b20-056d-4d8a-837a-51c45fce6b37: 177 internal nodes; 3.9 s; peak memory 782 MiB.
2026-10-05T17:46:14Z INFO [2785/5000] 57bd024c-588b-40f5-aa14-7f2f694df0d8: 137 internal nodes; 3.6 s; peak memory 782 MiB.
2026-10-05T17:46:16Z INFO [2786/5000] 57be3a94-876c-4219-bf16-4d99d0a14147: 46 internal nodes; 1.3 s; peak memory 782 MiB.
2026-10-05T17:46:16Z INFO [2787/5000] 57be9d26-52f0-4745-9814-1015d7565df2: 25 internal nodes; 0.8 s; peak memory 782 MiB.
2026-10-05T17:46:17Z INFO [2788/5000] 57bfd762-7bf3-4610-99b4-7c0771cf3051: 17 internal nodes; 0.6 s; peak memory 782 MiB.
2026-10-05T17:46:18Z INFO [2789/5000] 57bfdd20-5c41-48d8-9d44-ebc6a04bbf9a: 19 internal nodes; 0.5 s; peak memory 782 MiB.
2026-10-05T17:46:18Z INFO [2790/5000] 57c07f8d-9f8f-413e-843a-9df08b48802a: 31 internal nodes; 0.8 s; peak memory 782 MiB.
2026-10-05T17:46:19Z INFO [2791/5000] 57c0e604-1e7f-477d-8a9f-1dee2c81b3f1: 11 internal nodes; 0.4 s; peak memory 782 MiB.
2026-10-05T17:46:24Z INFO [2792/5000] 57c11f9c-8d6c-4df8-9a06-c2af98dddc95: 115 internal nodes; 5.1 s; peak memory 782 MiB.
2026-10-05T17:46:31Z INFO [2793/5000] 57c1aa00-850c-47d5-86cb-7cba531ca180: 34 internal nodes; 6.7 s; peak memory 782 MiB.
2026-10-05T17:46:31Z INFO [2794/5000] 57c1cd74-ced5-4f23-8254-d433f7f0e28d: 17 internal nodes; 0.6 s; peak memory 782 MiB.
2026-10-05T17:46:32Z INFO [2795/5000] 57c2ca61-83ea-4d72-9fe3-ef62759c92dc: 27 internal nodes; 0.7 s; peak memory 782 MiB.
2026-10-05T17:46:33Z INFO [2796/5000] 57c37403-2897-4e65-8e8f-a526c23b1569: 27 internal nodes; 0.6 s; peak memory 782 MiB.
2026-10-05T17:46:34Z INFO [2797/5000] 57c4db8d-ce8a-4909-8f41-c9048f2af05f: 24 internal nodes; 1.2 s; peak memory 782 MiB.
2026-10-05T17:46:35Z INFO [2798/5000] 57c50dea-ed95-4c6e-a705-1e5afdd4fbd1: 31 internal nodes; 0.8 s; peak memory 782 MiB.
2026-10-05T17:46:35Z INFO [2799/5000] 57c6041f-7f4b-447f-86df-52ea5710df44: 27 internal nodes; 0.6 s; peak memory 782 MiB.
2026-10-05T17:46:36Z INFO [2800/5000] 57c6352d-2a87-41b7-8ea7-557c253afdfd: 17 internal nodes; 0.5 s; peak memory 782 MiB.
2026-10-05T17:46:36Z INFO [2800/5000] 57c6352d-2a87-41b7-8ea7-557c253afdfd: checkpointed 89235 records.
2026-10-05T17:46:37Z INFO [2801/5000] 57c6f49b-5e80-4ff7-ba47-85798a7c0748: 17 internal nodes; 0.5 s; peak memory 782 MiB.
2026-10-05T17:46:37Z INFO [2802/5000] 57c7edaf-3192-4859-9d29-17ae16ea34f9: 29 internal nodes; 0.6 s; peak memory 782 MiB.
2026-10-05T17:46:38Z INFO [2803/5000] 57c84ae7-4e80-4a26-a975-eaa3b6639cc6: 27 internal nodes; 0.7 s; peak memory 782 MiB.
2026-10-05T17:46:42Z INFO [2804/5000] 57c86e6f-6e25-4639-8b42-f24fbc7517f2: 180 internal nodes; 4.6 s; peak memory 782 MiB.
2026-10-05T17:46:43Z INFO [2805/5000] 57c86f82-0345-4617-bae8-aa711617b977: 25 internal nodes; 0.5 s; peak memory 782 MiB.
2026-10-05T17:46:43Z INFO [2806/5000] 57c92c87-95aa-4177-83a6-1c3ba8796144: 11 internal nodes; 0.4 s; peak memory 782 MiB.
2026-10-05T17:46:44Z INFO [2807/5000] 57c9c3ef-8f5d-4b0d-b5dd-316b3fa6e2e2: 17 internal nodes; 0.6 s; peak memory 782 MiB.
2026-10-05T17:46:45Z INFO [2808/5000] 57cb1de8-c874-47bb-a29d-0ef652eee4b9: 27 internal nodes; 0.6 s; peak memory 782 MiB.
2026-10-05T17:46:45Z INFO [2809/5000] 57cb6720-6c53-436e-8954-95cb42641b3b: 17 internal nodes; 0.6 s; peak memory 782 MiB.
2026-10-05T17:46:46Z INFO [2810/5000] 57cbb9e1-dc4e-418f-b4cb-7dacf95e10fa: 17 internal nodes; 0.6 s; peak memory 782 MiB.
2026-10-05T17:46:48Z INFO [2811/5000] 57cc92c6-7d1d-4348-a030-38f3f213c604: 155 internal nodes; 2.0 s; peak memory 782 MiB.
2026-10-05T17:46:48Z INFO [2812/5000] 57cd0bf6-866c-4bce-b597-927bdcef314c: 17 internal nodes; 0.4 s; peak memory 782 MiB.
2026-10-05T17:46:49Z INFO [2813/5000] 57cd6989-c8f4-421e-9ca7-638d6b463ca6: 24 internal nodes; 0.7 s; peak memory 782 MiB.
2026-10-05T17:46:51Z INFO [2814/5000] 57cd8ab1-575f-447f-b991-39fd5a38f040: 44 internal nodes; 1.6 s; peak memory 782 MiB.
2026-10-05T17:46:52Z INFO [2815/5000] 57cda383-21bc-465c-bbcf-fe85af34c307: 69 internal nodes; 1.1 s; peak memory 782 MiB.
2026-10-05T17:46:52Z INFO [2816/5000] 57cdb5d0-37b7-4c02-a698-dc5088d82a1e: 17 internal nodes; 0.6 s; peak memory 782 MiB.
2026-10-05T17:46:53Z INFO [2817/5000] 57ce1289-0827-461c-8a17-7ad372bee143: 27 internal nodes; 0.6 s; peak memory 782 MiB.
2026-10-05T17:46:54Z INFO [2818/5000] 57cf242b-ce67-4673-98ae-25e7a1e8cf58: 27 internal nodes; 0.6 s; peak memory 782 MiB.
2026-10-05T17:46:55Z INFO [2819/5000] 57cfbe6d-1ab9-4f29-a5bc-5ba7433845b2: 44 internal nodes; 1.9 s; peak memory 782 MiB.
2026-10-05T17:46:56Z INFO [2820/5000] 57d23295-359d-46df-8285-2618130cdc6f: 17 internal nodes; 0.6 s; peak memory 782 MiB.
2026-10-05T17:46:57Z INFO [2821/5000] 57d289df-80cf-48e9-abf4-1c3b8f548264: 37 internal nodes; 1.0 s; peak memory 782 MiB.
2026-10-05T17:46:58Z INFO [2822/5000] 57d31bd1-ef29-4b91-a43a-304e7e164061: 17 internal nodes; 1.0 s; peak memory 782 MiB.
2026-10-05T17:46:59Z INFO [2823/5000] 57d43f0f-6761-4070-b854-94ba132fec1b: 13 internal nodes; 0.7 s; peak memory 782 MiB.
2026-10-05T17:46:59Z INFO [2824/5000] 57d5a824-a18d-4fe2-926b-46a6d6d52781: 17 internal nodes; 0.5 s; peak memory 782 MiB.
2026-10-05T17:47:00Z INFO [2825/5000] 57d63b52-b1e8-46a6-8601-fe5f1e2f0407: 19 internal nodes; 0.7 s; peak memory 782 MiB.
2026-10-05T17:47:01Z INFO [2826/5000] 57d63d76-4a74-4ada-b24b-659cf6e697ab: 27 internal nodes; 0.9 s; peak memory 782 MiB.
2026-10-05T17:47:01Z INFO [2827/5000] 57d65e10-5a80-4ac9-a2d0-9d08a016a36f: 28 internal nodes; 0.5 s; peak memory 782 MiB.
2026-10-05T17:47:03Z INFO [2828/5000] 57d6c3e7-b2d3-41f4-9304-da0d3f5b7c13: 44 internal nodes; 1.7 s; peak memory 782 MiB.
2026-10-05T17:47:05Z INFO [2829/5000] 57d6dc2a-154b-4673-80ae-767178801b59: 44 internal nodes; 1.6 s; peak memory 782 MiB.
2026-10-05T17:47:05Z INFO [2830/5000] 57d79ef1-bd38-4dec-88ad-3a6a5356983f: 17 internal nodes; 0.6 s; peak memory 782 MiB.
2026-10-05T17:47:06Z INFO [2831/5000] 57d7b453-b353-464c-b962-5f765d789de9: 17 internal nodes; 0.6 s; peak memory 782 MiB.
2026-10-05T17:47:07Z INFO [2832/5000] 57d7ed72-05d7-40a2-99aa-27df57ce1724: 31 internal nodes; 1.0 s; peak memory 782 MiB.
2026-10-05T17:47:08Z INFO [2833/5000] 57d884c8-6992-467f-bda8-5c85f4d05006: 62 internal nodes; 0.9 s; peak memory 782 MiB.
2026-10-05T17:47:09Z INFO [2834/5000] 57d8cf3c-24cd-46c7-b51f-eb78688df337: 29 internal nodes; 0.9 s; peak memory 782 MiB.
2026-10-05T17:47:09Z INFO [2835/5000] 57d9421e-be63-4558-a11b-c538d24a7d57: 18 internal nodes; 0.8 s; peak memory 782 MiB.
2026-10-05T17:47:11Z INFO [2836/5000] 57d9c7e4-609d-465d-b65c-a1967437fb6e: 46 internal nodes; 1.8 s; peak memory 782 MiB.
2026-10-05T17:47:13Z INFO [2837/5000] 57da2ca9-cbab-41ae-b706-57ccf1c4f63f: 63 internal nodes; 1.5 s; peak memory 782 MiB.
2026-10-05T17:47:19Z INFO [2838/5000] 57daa34d-a0e2-42d2-a099-ddc6edc0f45f: 239 internal nodes; 6.4 s; peak memory 782 MiB.
2026-10-05T17:47:24Z INFO [2839/5000] 57dac6ab-c8d0-42a4-ac33-7d5a57c40053: 61 internal nodes; 4.4 s; peak memory 782 MiB.
2026-10-05T17:47:24Z INFO [2840/5000] 57daf8a1-ebf1-45ec-bed3-f7d5c522f2a8: 17 internal nodes; 0.7 s; peak memory 782 MiB.
2026-10-05T17:47:25Z INFO [2841/5000] 57db1156-36b3-4914-a41a-72da90d96b98: 17 internal nodes; 0.6 s; peak memory 782 MiB.
2026-10-05T17:47:25Z INFO [2842/5000] 57db5ff1-8272-45ed-a3bc-7ecfb4053edf: 17 internal nodes; 0.6 s; peak memory 782 MiB.
2026-10-05T17:47:36Z INFO [2843/5000] 57db675c-c06e-4576-b33c-63b4d8d1773d: 411 internal nodes; 10.6 s; peak memory 782 MiB.
2026-10-05T17:47:37Z INFO [2844/5000] 57dc483d-ac21-4f79-a1a9-688720868994: 30 internal nodes; 0.8 s; peak memory 782 MiB.
2026-10-05T17:47:37Z INFO [2845/5000] 57dcf2ed-e2ba-4471-85a2-6db0021045e7: 11 internal nodes; 0.3 s; peak memory 782 MiB.
2026-10-05T17:47:45Z INFO [2846/5000] 57dd474c-5466-4101-9d7c-77a201636d58: 252 internal nodes; 7.9 s; peak memory 782 MiB.
2026-10-05T17:47:46Z INFO [2847/5000] 57dfa251-ac0c-4b4b-bd94-62d7dcd621d2: 27 internal nodes; 0.7 s; peak memory 782 MiB.
2026-10-05T17:47:46Z INFO [2848/5000] 57e10e98-6753-476f-9952-c27f322e5bf7: 31 internal nodes; 0.8 s; peak memory 782 MiB.
2026-10-05T17:47:47Z INFO [2849/5000] 57e17d4e-82fa-48fa-b58b-9140c3852017: 115 internal nodes; 0.7 s; peak memory 782 MiB.
2026-10-05T17:47:48Z INFO [2850/5000] 57e18983-e2f5-4992-8685-ea622764d00c: 17 internal nodes; 0.6 s; peak memory 782 MiB.
2026-10-05T17:47:48Z INFO [2850/5000] 57e18983-e2f5-4992-8685-ea622764d00c: checkpointed 89285 records.
2026-10-05T17:47:49Z INFO [2851/5000] 57e389f0-de4a-474b-a3c1-dc3152f4803b: 13 internal nodes; 0.7 s; peak memory 782 MiB.
2026-10-05T17:47:50Z INFO [2852/5000] 57e408c7-d66b-4c4a-946f-58dd168d6810: 54 internal nodes; 1.6 s; peak memory 782 MiB.
2026-10-05T17:47:55Z INFO [2853/5000] 57e45548-decc-44ab-b1e4-209383ae6143: 169 internal nodes; 4.6 s; peak memory 782 MiB.
2026-10-05T17:47:56Z INFO [2854/5000] 57e47563-ad04-44e0-9d4f-1f098b599ad3: 55 internal nodes; 1.2 s; peak memory 782 MiB.
2026-10-05T17:47:57Z INFO [2855/5000] 57e5a62f-11db-404a-976c-cf85ad5a9a94: 37 internal nodes; 0.8 s; peak memory 782 MiB.
2026-10-05T17:47:58Z INFO [2856/5000] 57e61db3-2522-4310-b7d5-eb8a807f5462: 60 internal nodes; 1.2 s; peak memory 782 MiB.
2026-10-05T17:48:00Z INFO [2857/5000] 57e6dc30-14d8-4056-b8bc-88e07bdb699c: 37 internal nodes; 1.3 s; peak memory 782 MiB.
2026-10-05T17:48:02Z INFO [2858/5000] 57e84af8-7681-456f-87e2-aac8bf4fa695: 115 internal nodes; 2.7 s; peak memory 782 MiB.
2026-10-05T17:48:04Z INFO [2859/5000] 57e89dae-45d0-408d-8d60-dc61d90cf974: 72 internal nodes; 1.5 s; peak memory 782 MiB.
2026-10-05T17:48:04Z INFO [2860/5000] 57e8e465-fae6-4544-a47d-06d1d7f7c22f: 11 internal nodes; 0.4 s; peak memory 782 MiB.
2026-10-05T17:48:12Z INFO [2861/5000] 57e9de3d-8f4c-474e-892c-1f268fbc7de2: 329 internal nodes; 8.3 s; peak memory 782 MiB.
2026-10-05T17:48:13Z INFO [2862/5000] 57ea180a-83f0-47ca-994f-a427bba055df: 66 internal nodes; 0.8 s; peak memory 782 MiB.
2026-10-05T17:48:14Z INFO [2863/5000] 57eb170e-2b30-4efe-a0f1-410e953c58e5: 27 internal nodes; 0.7 s; peak memory 782 MiB.
2026-10-05T17:48:14Z INFO [2864/5000] 57eb7398-5a1f-4e15-9c5e-c4e7ac60c018: 28 internal nodes; 0.6 s; peak memory 782 MiB.
2026-10-05T17:48:15Z INFO [2865/5000] 57eb73fa-a24e-4ed3-ab4c-2449372f4c0e: 17 internal nodes; 0.6 s; peak memory 782 MiB.
2026-10-05T17:48:16Z INFO [2866/5000] 57eb8ad2-89d2-4c00-8675-7325d5efb6bd: 27 internal nodes; 0.7 s; peak memory 782 MiB.
2026-10-05T17:48:17Z INFO [2867/5000] 57ebb266-9ebc-4c6e-a73b-80e09603aacb: 31 internal nodes; 1.0 s; peak memory 782 MiB.
2026-10-05T17:48:17Z INFO [2868/5000] 57ebe0dd-9d4b-46e2-a289-b093ebcd7c53: 22 internal nodes; 0.4 s; peak memory 782 MiB.
2026-10-05T17:48:18Z INFO [2869/5000] 57ec959c-7f9c-4ea0-ad6e-7af1d72b0c39: 31 internal nodes; 0.9 s; peak memory 782 MiB.
2026-10-05T17:48:19Z INFO [2870/5000] 57ecea72-abce-43ad-811a-57344161f557: 21 internal nodes; 0.8 s; peak memory 782 MiB.
2026-10-05T17:48:20Z INFO [2871/5000] 57ede271-3155-4550-b617-7c627cdf2133: 60 internal nodes; 0.9 s; peak memory 782 MiB.
2026-10-05T17:48:21Z INFO [2872/5000] 57ee018a-235d-4b74-816c-b12defc6a699: 44 internal nodes; 1.7 s; peak memory 782 MiB.
2026-10-05T17:48:22Z INFO [2873/5000] 57eeee05-4adf-4447-8d16-a9cac74c11a0: 18 internal nodes; 0.4 s; peak memory 782 MiB.
2026-10-05T17:48:26Z INFO [2874/5000] 57efa74f-ad55-4065-93bb-784a4abfa7ac: 47 internal nodes; 4.3 s; peak memory 782 MiB.
2026-10-05T17:48:27Z INFO [2875/5000] 57f02018-ed45-4b9c-ad70-93fba2e84c07: 31 internal nodes; 0.9 s; peak memory 782 MiB.
2026-10-05T17:48:28Z INFO [2876/5000] 57f0a95e-dcbb-4cbe-bae1-2aa94a073903: 27 internal nodes; 0.6 s; peak memory 782 MiB.
2026-10-05T17:48:28Z INFO [2877/5000] 57f149a4-11c0-4fda-812f-3446e158f73b: 27 internal nodes; 0.7 s; peak memory 782 MiB.
2026-10-05T17:48:29Z INFO [2878/5000] 57f20991-cf49-4934-8a54-9295c86f0090: 27 internal nodes; 0.7 s; peak memory 782 MiB.
2026-10-05T17:48:30Z INFO [2879/5000] 57f212d6-6b6e-4804-82bb-606ca420386f: 22 internal nodes; 0.9 s; peak memory 782 MiB.
2026-10-05T17:48:34Z INFO [2880/5000] 57f36fb3-516d-4eae-8d1f-f44e87853233: 215 internal nodes; 4.3 s; peak memory 782 MiB.
2026-10-05T17:48:35Z INFO [2881/5000] 57f4440d-d835-4333-a49a-199b8608a88a: 22 internal nodes; 0.8 s; peak memory 782 MiB.
2026-10-05T17:48:36Z INFO [2882/5000] 57f4a659-d44c-43be-b8e3-17c18a52406a: 21 internal nodes; 0.7 s; peak memory 782 MiB.
2026-10-05T17:48:36Z INFO [2883/5000] 57f6e022-d5ae-4b46-8957-d95814a5bde2: 23 internal nodes; 0.6 s; peak memory 782 MiB.
2026-10-05T17:48:37Z INFO [2884/5000] 57f76e6c-7e3b-4e1e-ac00-6d669a91ef25: 17 internal nodes; 0.5 s; peak memory 782 MiB.
2026-10-05T17:48:38Z INFO [2885/5000] 57f77c67-5813-4c6a-b176-b8179576a19d: 13 internal nodes; 0.6 s; peak memory 782 MiB.
2026-10-05T17:48:43Z INFO [2886/5000] 57f7a406-10cb-4584-b578-7768009bc8c7: 114 internal nodes; 5.2 s; peak memory 782 MiB.
2026-10-05T17:48:43Z INFO [2887/5000] 57f86d31-6f3b-4118-803d-3c32bea7c4df: 17 internal nodes; 0.6 s; peak memory 782 MiB.
2026-10-05T17:48:44Z INFO [2888/5000] 57f88394-e1d2-40c0-8cd9-7bbb63089086: 19 internal nodes; 0.7 s; peak memory 782 MiB.
2026-10-05T17:48:47Z INFO [2889/5000] 57f8e586-9618-4ebb-a949-cdef43b28636: 41 internal nodes; 2.7 s; peak memory 782 MiB.
2026-10-05T17:48:48Z INFO [2890/5000] 57f9eef2-a95e-4716-8a12-80e4eadbc750: 29 internal nodes; 0.9 s; peak memory 782 MiB.
2026-10-05T17:48:49Z INFO [2891/5000] 57fa28b5-c104-426b-bd9c-0663f95b150c: 22 internal nodes; 1.0 s; peak memory 782 MiB.
2026-10-05T17:48:50Z INFO [2892/5000] 57fb0f82-da12-410b-964d-ec486d6dfe7d: 31 internal nodes; 0.9 s; peak memory 782 MiB.
2026-10-05T17:48:50Z INFO [2893/5000] 57fb827f-5204-4f6c-a8c1-792e83ebc727: 116 internal nodes; 0.7 s; peak memory 782 MiB.
2026-10-05T17:48:51Z INFO [2894/5000] 57fb885b-b475-4861-8600-48d0fb4d2bb4: 115 internal nodes; 0.6 s; peak memory 782 MiB.
2026-10-05T17:49:00Z INFO [2895/5000] 57fbe99e-8890-4f37-bc45-8ebebaac6a4f: 326 internal nodes; 8.7 s; peak memory 782 MiB.
2026-10-05T17:49:01Z INFO [2896/5000] 57fc1672-ae0a-44ba-8050-3ac13f0345b8: 54 internal nodes; 0.9 s; peak memory 782 MiB.
2026-10-05T17:49:01Z INFO [2897/5000] 57fc87f1-c031-44d6-88cd-6a8638d97c8c: 17 internal nodes; 0.6 s; peak memory 782 MiB.
2026-10-05T17:49:03Z INFO [2898/5000] 57fd2fe7-9c95-43f7-bbfe-7d692b81f4b7: 65 internal nodes; 1.4 s; peak memory 782 MiB.
2026-10-05T17:49:03Z INFO [2899/5000] 57fd452f-95df-4f41-80e3-1e7710b1d023: 17 internal nodes; 0.6 s; peak memory 782 MiB.
2026-10-05T17:49:04Z INFO [2900/5000] 57fd5a99-6758-44e8-920a-5eb29b29ccbb: 17 internal nodes; 0.6 s; peak memory 782 MiB.
2026-10-05T17:49:04Z INFO [2900/5000] 57fd5a99-6758-44e8-920a-5eb29b29ccbb: checkpointed 89335 records.
2026-10-05T17:49:05Z INFO [2901/5000] 57fe7e8f-1b5a-4730-a1fc-3a222d69e8be: 31 internal nodes; 0.8 s; peak memory 782 MiB.
2026-10-05T17:49:06Z INFO [2902/5000] 57fe99ff-cf5b-4641-9157-76e12c75003d: 72 internal nodes; 1.0 s; peak memory 782 MiB.
2026-10-05T17:49:07Z INFO [2903/5000] 57ff11fe-8806-4b25-b285-01fdf3fc277c: 24 internal nodes; 1.5 s; peak memory 782 MiB.
2026-10-05T17:49:08Z INFO [2904/5000] 57ff2e89-3c7a-46e6-8386-47747da1eda9: 31 internal nodes; 0.8 s; peak memory 782 MiB.
2026-10-05T17:49:09Z INFO [2905/5000] 57fffe5d-f2e9-42cb-b589-ef0fb82d5c14: 17 internal nodes; 0.6 s; peak memory 782 MiB.
2026-10-05T17:49:10Z INFO [2906/5000] 58007e5b-0f26-4ccd-9fc4-2d10f263b508: 17 internal nodes; 0.7 s; peak memory 782 MiB.
2026-10-05T17:49:10Z INFO [2907/5000] 5802e1ac-1476-4829-9bdb-c93908716faf: 27 internal nodes; 0.7 s; peak memory 782 MiB.
2026-10-05T17:49:11Z INFO [2908/5000] 58032005-e680-49da-bf6a-3aab9c8fe1db: 23 internal nodes; 0.7 s; peak memory 782 MiB.
2026-10-05T17:49:13Z INFO [2909/5000] 580485ba-1145-4fd0-b111-f6ff4bd3ff34: 26 internal nodes; 2.5 s; peak memory 782 MiB.
2026-10-05T17:49:14Z INFO [2910/5000] 5804e24a-96e1-4a7e-a0d0-97520691645d: 26 internal nodes; 0.4 s; peak memory 782 MiB.
2026-10-05T17:49:15Z INFO [2911/5000] 580520b0-f646-485f-b709-24efa563126d: 30 internal nodes; 0.7 s; peak memory 782 MiB.
2026-10-05T17:49:15Z INFO [2912/5000] 5805748e-cd69-42ef-8834-445adb891faf: 34 internal nodes; 0.6 s; peak memory 782 MiB.
2026-10-05T17:49:16Z INFO [2913/5000] 5805bd9c-7cbd-44a8-82cf-ca3eb78bb326: 19 internal nodes; 0.6 s; peak memory 782 MiB.
2026-10-05T17:49:16Z INFO [2914/5000] 5806100b-2070-42af-b856-12d9d78bcd74: 27 internal nodes; 0.5 s; peak memory 782 MiB.
2026-10-05T17:49:17Z INFO [2915/5000] 5806555d-fabc-4675-b02f-a6dabc47d8f0: 17 internal nodes; 0.8 s; peak memory 782 MiB.
2026-10-05T17:49:18Z INFO [2916/5000] 5806a5a0-8242-4cc9-b705-61c138229b15: 11 internal nodes; 0.6 s; peak memory 782 MiB.
2026-10-05T17:49:18Z INFO [2917/5000] 58070228-ea67-4dc9-888f-0c5d5b307cca: 31 internal nodes; 0.8 s; peak memory 782 MiB.
2026-10-05T17:49:19Z INFO [2918/5000] 58099173-cb45-40fe-9d49-4e7cb1df3c94: 27 internal nodes; 0.7 s; peak memory 782 MiB.
2026-10-05T17:49:25Z INFO [2919/5000] 580aa149-092d-4e87-9d89-51f897682059: 63 internal nodes; 5.5 s; peak memory 782 MiB.
2026-10-05T17:49:25Z INFO [2920/5000] 580bb076-971a-4ba1-a11e-7cf756f63b65: 27 internal nodes; 0.7 s; peak memory 782 MiB.
2026-10-05T17:49:26Z INFO [2921/5000] 580bb0e0-36f2-4dca-9de3-fed08f528124: 26 internal nodes; 0.5 s; peak memory 782 MiB.
2026-10-05T17:49:27Z INFO [2922/5000] 580bd43b-67a9-431f-8d9e-092f2944e01e: 29 internal nodes; 0.8 s; peak memory 782 MiB.
2026-10-05T17:50:34Z INFO [2923/5000] 580c213d-8f11-4613-973b-26d470ece3f7: 497 internal nodes; 67.6 s; peak memory 782 MiB.
2026-10-05T17:50:35Z INFO [2924/5000] 580c2153-169e-483a-9b73-ecdd37e7e8b1: 17 internal nodes; 0.6 s; peak memory 782 MiB.
2026-10-05T17:50:38Z INFO [2925/5000] 580c3456-5e00-41da-a0b2-d1925e8a0c70: 177 internal nodes; 3.5 s; peak memory 782 MiB.
2026-10-05T17:50:39Z INFO [2926/5000] 580c41ba-15ba-468b-ba10-c2b2922e8413: 17 internal nodes; 0.7 s; peak memory 782 MiB.
2026-10-05T17:50:42Z INFO [2927/5000] 580c5371-1594-4d09-9be8-8e897df4d2bc: 161 internal nodes; 3.1 s; peak memory 782 MiB.
2026-10-05T17:50:43Z INFO [2928/5000] 580c9145-92bb-47bc-ba1e-a243af704bd4: 19 internal nodes; 0.5 s; peak memory 782 MiB.
2026-10-05T17:50:43Z INFO [2929/5000] 580cbe8a-f980-4741-b4c1-d0dd06821175: 90 internal nodes; 0.9 s; peak memory 782 MiB.
2026-10-05T17:50:44Z INFO [2930/5000] 580d7bc7-6bb6-4ae7-9dcf-8bd18829cb98: 63 internal nodes; 0.8 s; peak memory 782 MiB.
2026-10-05T17:50:45Z INFO [2931/5000] 580db1ac-96b0-43ae-80ac-aeaaca57a433: 17 internal nodes; 0.6 s; peak memory 782 MiB.
2026-10-05T17:50:46Z INFO [2932/5000] 580e15d3-0fbb-44b5-9fa5-3659e206d04f: 32 internal nodes; 1.2 s; peak memory 782 MiB.
2026-10-05T17:50:46Z INFO [2933/5000] 580f098f-7d88-410c-83f3-c456b2414945: 13 internal nodes; 0.4 s; peak memory 782 MiB.
2026-10-05T17:50:47Z INFO [2934/5000] 580f2881-8194-4f7a-bf02-1f08b4aac497: 60 internal nodes; 0.9 s; peak memory 782 MiB.
2026-10-05T17:50:50Z INFO [2935/5000] 58107404-cf93-4898-9a1c-55d5f3afc180: 152 internal nodes; 3.2 s; peak memory 782 MiB.
2026-10-05T17:50:52Z INFO [2936/5000] 5810ad7d-7e1f-48fc-8571-3bc36ad44576: 59 internal nodes; 1.4 s; peak memory 782 MiB.
2026-10-05T17:50:53Z INFO [2937/5000] 58117b63-4f11-4d07-bf01-6260bc0b2485: 29 internal nodes; 0.8 s; peak memory 782 MiB.
2026-10-05T17:50:53Z INFO [2938/5000] 58120d4d-d532-4c8e-b9d2-091fdb10e8a5: 17 internal nodes; 0.7 s; peak memory 782 MiB.
2026-10-05T17:50:54Z INFO [2939/5000] 58140011-5cfe-4179-b865-76f8f640a724: 27 internal nodes; 0.7 s; peak memory 782 MiB.
2026-10-05T17:50:55Z INFO [2940/5000] 58141415-b611-4c93-a32c-6eeb38e4592f: 17 internal nodes; 0.6 s; peak memory 782 MiB.
2026-10-05T17:50:55Z INFO [2941/5000] 5814580f-1e58-4b61-a58e-545b1b7b3a79: 27 internal nodes; 0.7 s; peak memory 782 MiB.
2026-10-05T17:51:00Z INFO [2942/5000] 5814d895-dc13-4468-9513-fcda7a6aaeb2: 226 internal nodes; 4.4 s; peak memory 782 MiB.
2026-10-05T17:51:01Z INFO [2943/5000] 58155c29-c204-4706-8b4a-2286f2b9d611: 42 internal nodes; 1.5 s; peak memory 782 MiB.
2026-10-05T17:51:02Z INFO [2944/5000] 58161f8f-e86b-494d-a35d-37fd90e52419: 27 internal nodes; 0.6 s; peak memory 782 MiB.
2026-10-05T17:51:06Z INFO [2945/5000] 5816a8f8-c082-4457-8a20-e94588477839: 54 internal nodes; 3.5 s; peak memory 782 MiB.
2026-10-05T17:51:06Z INFO [2946/5000] 58170534-7eb7-4e3f-8f30-914eb3f09bd9: 17 internal nodes; 0.7 s; peak memory 782 MiB.
2026-10-05T17:51:07Z INFO [2947/5000] 58194f47-5230-42b1-88cd-389cf40a8d99: 13 internal nodes; 0.4 s; peak memory 782 MiB.
2026-10-05T17:51:07Z INFO [2948/5000] 5819e751-0ac4-4b75-90c9-4c8a0f0ee0f2: 17 internal nodes; 0.8 s; peak memory 782 MiB.
2026-10-05T17:51:08Z INFO [2949/5000] 581a17f1-63b2-417f-bd9a-3defd7b79602: 17 internal nodes; 0.6 s; peak memory 782 MiB.
2026-10-05T17:51:09Z INFO [2950/5000] 581a4ccf-916c-4b0a-9930-020455ff8e79: 37 internal nodes; 0.9 s; peak memory 782 MiB.
2026-10-05T17:51:09Z INFO [2950/5000] 581a4ccf-916c-4b0a-9930-020455ff8e79: checkpointed 89385 records.
2026-10-05T17:51:10Z INFO [2951/5000] 581a6364-37a7-454b-90af-d6bea9f580ae: 27 internal nodes; 0.6 s; peak memory 782 MiB.
2026-10-05T17:51:10Z INFO [2952/5000] 581aabb2-4378-4813-9adb-5a84b1973ad1: 34 internal nodes; 0.5 s; peak memory 782 MiB.
2026-10-05T17:51:11Z INFO [2953/5000] 581afaa8-2b33-4e7d-9fc5-289adf57128d: 27 internal nodes; 0.6 s; peak memory 782 MiB.
2026-10-05T17:51:14Z INFO [2954/5000] 581b4c54-1823-4fe9-8f36-7280ec2190dd: 177 internal nodes; 3.5 s; peak memory 782 MiB.
2026-10-05T17:51:15Z INFO [2955/5000] 581b9995-0c56-4a6b-a404-b934dd395b23: 24 internal nodes; 1.0 s; peak memory 782 MiB.
2026-10-05T17:51:24Z INFO [2956/5000] 581ba14f-c39b-4f95-8087-4f408f174c34: 88 internal nodes; 8.2 s; peak memory 782 MiB.
2026-10-05T17:51:27Z INFO [2957/5000] 581c863e-a0b2-4359-b99d-57c86e7994ed: 210 internal nodes; 3.8 s; peak memory 782 MiB.
2026-10-05T17:51:30Z INFO [2958/5000] 581d606c-93f7-40a3-8fc0-e9aefe8549a4: 128 internal nodes; 3.0 s; peak memory 782 MiB.
2026-10-05T17:51:31Z INFO [2959/5000] 581df001-7af9-45d9-bb10-f9823e041247: 27 internal nodes; 0.8 s; peak memory 782 MiB.
2026-10-05T17:51:33Z INFO [2960/5000] 58204b2c-fa15-488d-a923-5421d2672f68: 45 internal nodes; 1.7 s; peak memory 782 MiB.
2026-10-05T17:51:34Z INFO [2961/5000] 58208a99-77c2-451e-bbf8-d3aaf24a944e: 13 internal nodes; 0.5 s; peak memory 782 MiB.
2026-10-05T17:51:35Z INFO [2962/5000] 5820a617-b3e6-4e7f-8dbf-5adcbb8e2232: 59 internal nodes; 1.7 s; peak memory 782 MiB.
2026-10-05T17:51:36Z INFO [2963/5000] 582216ec-1de2-4c75-b7fd-7d8a67501af2: 63 internal nodes; 0.9 s; peak memory 782 MiB.
2026-10-05T17:51:37Z INFO [2964/5000] 58234ed8-1aec-4e95-8810-1c68d090a5cf: 72 internal nodes; 1.5 s; peak memory 782 MiB.
2026-10-05T17:51:38Z INFO [2965/5000] 5823e9e0-cd7a-4801-8c54-3339f42a3f4d: 21 internal nodes; 0.8 s; peak memory 782 MiB.
2026-10-05T17:51:43Z INFO [2966/5000] 58253044-dd4b-4cb0-89a5-1a354036c673: 163 internal nodes; 4.5 s; peak memory 782 MiB.
2026-10-05T17:51:49Z INFO [2967/5000] 58259680-9091-47b9-a656-63fe9986c802: 230 internal nodes; 5.9 s; peak memory 782 MiB.
2026-10-05T17:51:49Z INFO [2968/5000] 5826a494-bc8f-4878-a35b-0747a0dee9c2: 19 internal nodes; 0.6 s; peak memory 782 MiB.
2026-10-05T17:51:57Z INFO [2969/5000] 58279adb-4fab-4818-a45d-6e575d392746: 136 internal nodes; 7.7 s; peak memory 782 MiB.
2026-10-05T17:51:58Z INFO [2970/5000] 582805c6-67be-4efe-ad67-1a205da4fb1c: 31 internal nodes; 0.8 s; peak memory 782 MiB.
2026-10-05T17:51:58Z INFO [2971/5000] 58293e76-53be-4e87-83fa-7a2da71fb228: 27 internal nodes; 0.7 s; peak memory 782 MiB.
2026-10-05T17:51:59Z INFO [2972/5000] 5829b224-5307-4991-9713-1010bdb2923a: 31 internal nodes; 1.0 s; peak memory 782 MiB.
2026-10-05T17:52:00Z INFO [2973/5000] 582a1398-f186-4cac-9185-360fab990afa: 27 internal nodes; 0.6 s; peak memory 782 MiB.
2026-10-05T17:52:01Z INFO [2974/5000] 582ab5cc-5f5d-478f-a6a1-2f7a693ec078: 31 internal nodes; 1.1 s; peak memory 782 MiB.
2026-10-05T17:52:05Z INFO [2975/5000] 582ada48-d1b3-4298-a1c0-e038a8d7daad: 217 internal nodes; 4.2 s; peak memory 782 MiB.
2026-10-05T17:52:06Z INFO [2976/5000] 582b527e-65d6-4c74-ae7a-8fbdb09d5d00: 31 internal nodes; 0.9 s; peak memory 782 MiB.
2026-10-05T17:52:11Z INFO [2977/5000] 582b6126-9ffb-425a-8da6-9127ef607726: 65 internal nodes; 5.2 s; peak memory 782 MiB.
2026-10-05T17:52:12Z INFO [2978/5000] 582bd6f7-b104-4698-aa90-afa80f4e7e2f: 34 internal nodes; 0.6 s; peak memory 782 MiB.
2026-10-05T17:52:16Z INFO [2979/5000] 582bead3-c09e-49b3-8c4f-5e14a67de624: 61 internal nodes; 4.3 s; peak memory 782 MiB.
2026-10-05T17:52:19Z INFO [2980/5000] 582dfd88-473b-4164-8706-e7c2f85fe9e3: 53 internal nodes; 2.4 s; peak memory 782 MiB.
2026-10-05T17:52:19Z INFO [2981/5000] 582e601a-c946-4135-97cd-e041b2082eb7: 13 internal nodes; 0.5 s; peak memory 782 MiB.
2026-10-05T17:52:23Z INFO [2982/5000] 582eed63-2f94-487f-885c-cee3510cf4da: 73 internal nodes; 3.6 s; peak memory 782 MiB.
2026-10-05T17:52:24Z INFO [2983/5000] 582f36e2-4ed0-4d66-90a1-3504204758de: 26 internal nodes; 0.9 s; peak memory 782 MiB.
2026-10-05T17:52:25Z INFO [2984/5000] 582fce19-8fee-423c-8b6c-1788c9a8e70b: 13 internal nodes; 0.7 s; peak memory 782 MiB.
2026-10-05T17:52:25Z INFO [2985/5000] 58306062-c061-4b2d-83ba-792dddd3b1a1: 17 internal nodes; 0.6 s; peak memory 782 MiB.
2026-10-05T17:52:26Z INFO [2986/5000] 58311ac2-0cc0-4050-ad74-9f25619db26d: 17 internal nodes; 0.7 s; peak memory 782 MiB.
2026-10-05T17:52:32Z INFO [2987/5000] 58315b11-40bb-4c45-a159-68e2f9ac8bec: 226 internal nodes; 6.6 s; peak memory 782 MiB.
2026-10-05T17:52:33Z INFO [2988/5000] 5831a706-5365-4ff5-ac83-b1128ba2005c: 31 internal nodes; 1.1 s; peak memory 782 MiB.
2026-10-05T17:52:34Z INFO [2989/5000] 5831cc1d-af4e-4930-9448-b5f5fb824f5e: 11 internal nodes; 0.4 s; peak memory 782 MiB.
2026-10-05T17:52:38Z INFO [2990/5000] 58324ddd-09a6-4e26-8055-837b15f65dc0: 177 internal nodes; 3.7 s; peak memory 782 MiB.
2026-10-05T17:52:38Z INFO [2991/5000] 58329445-938a-4616-ba16-cf2205440e8c: 25 internal nodes; 0.7 s; peak memory 782 MiB.
2026-10-05T17:52:39Z INFO [2992/5000] 5834b9cb-5249-4f9c-ba93-3260b19110d0: 23 internal nodes; 0.6 s; peak memory 782 MiB.
2026-10-05T17:52:40Z INFO [2993/5000] 58374363-ec61-4b5c-816a-328daa57a460: 27 internal nodes; 0.7 s; peak memory 782 MiB.
2026-10-05T17:52:42Z INFO [2994/5000] 5837bcbe-8228-4767-afcc-3f1d17b376dc: 53 internal nodes; 1.9 s; peak memory 782 MiB.
2026-10-05T17:52:43Z INFO [2995/5000] 583833b5-ebbb-40a3-881d-f532e49ca2bc: 59 internal nodes; 1.5 s; peak memory 782 MiB.
2026-10-05T17:52:49Z INFO [2996/5000] 5838c756-4981-419e-8195-b2de88e4250f: 61 internal nodes; 5.9 s; peak memory 782 MiB.
2026-10-05T17:52:50Z INFO [2997/5000] 58394502-0701-46de-a6b9-36671784eb30: 28 internal nodes; 0.5 s; peak memory 782 MiB.
2026-10-05T17:53:02Z INFO [2998/5000] 58399370-4c39-403c-be71-d40b571da374: 135 internal nodes; 12.1 s; peak memory 782 MiB.
2026-10-05T17:53:03Z INFO [2999/5000] 5839ef6e-41bf-49a4-8aa0-1b5cbd4cde21: 37 internal nodes; 1.0 s; peak memory 782 MiB.
2026-10-05T17:53:04Z INFO [3000/5000] 5839ff62-60b2-483c-945f-8a8757a6e727: 38 internal nodes; 1.8 s; peak memory 782 MiB.
2026-10-05T17:53:05Z INFO [3000/5000] 5839ff62-60b2-483c-945f-8a8757a6e727: checkpointed 89435 records.
2026-10-05T17:54:42Z INFO [3001/5000] 583a7a4d-c837-4ee5-b576-c66bd592fd71: 2317 internal nodes; 96.9 s; peak memory 782 MiB.
2026-10-05T17:54:42Z INFO [3002/5000] 583a8986-6df4-49d2-8655-213ddc8655d4: 116 internal nodes; 0.8 s; peak memory 782 MiB.
2026-10-05T17:54:43Z INFO [3003/5000] 583ab34a-14c5-4f68-8a7b-021e0567f5fb: 17 internal nodes; 0.7 s; peak memory 782 MiB.
2026-10-05T17:54:44Z INFO [3004/5000] 583afa48-3950-4fd7-96f9-5502607ce9da: 26 internal nodes; 0.4 s; peak memory 782 MiB.
2026-10-05T17:54:44Z INFO [3005/5000] 583b932f-8923-4720-9ebf-b2fdef65eec5: 27 internal nodes; 0.7 s; peak memory 782 MiB.
2026-10-05T17:54:49Z INFO [3006/5000] 583c30c1-2665-4366-a29a-67ddf2b62d9e: 179 internal nodes; 4.5 s; peak memory 782 MiB.
2026-10-05T17:54:49Z INFO [3007/5000] 583db0de-438b-499a-810c-a7f165ce3404: 17 internal nodes; 0.7 s; peak memory 782 MiB.
2026-10-05T17:54:50Z INFO [3008/5000] 583dcfc2-d957-4e7d-92c8-f5612738f3bc: 11 internal nodes; 0.4 s; peak memory 782 MiB.
2026-10-05T17:54:50Z INFO [3009/5000] 583e512b-efd5-46f4-93d0-cacf0db6cc5f: 17 internal nodes; 0.6 s; peak memory 782 MiB.
2026-10-05T17:54:51Z INFO [3010/5000] 583e900a-c3aa-43b0-bf67-ef842256c34f: 17 internal nodes; 0.7 s; peak memory 782 MiB.
2026-10-05T17:54:51Z INFO [3011/5000] 583ef118-0a19-494d-ae5e-e80dd7f90f22: 17 internal nodes; 0.4 s; peak memory 782 MiB.
2026-10-05T17:54:52Z INFO [3012/5000] 583f3e93-6149-429c-9ebf-5ad93b2909b6: 17 internal nodes; 0.6 s; peak memory 782 MiB.
2026-10-05T17:54:53Z INFO [3013/5000] 583f82b3-23c9-4534-9533-b24b4fa68a0a: 27 internal nodes; 0.6 s; peak memory 782 MiB.
2026-10-05T17:54:57Z INFO [3014/5000] 583fc005-9d26-4130-8b54-d2b24be6f9dc: 70 internal nodes; 4.4 s; peak memory 782 MiB.
2026-10-05T17:54:57Z INFO [3015/5000] 58407778-4de2-4918-9f9a-cbb430bf929d: 19 internal nodes; 0.5 s; peak memory 782 MiB.
2026-10-05T17:54:58Z INFO [3016/5000] 58407d8a-503d-4d73-bed0-8750a754eb86: 31 internal nodes; 0.7 s; peak memory 782 MiB.
2026-10-05T17:54:59Z INFO [3017/5000] 5840e4dc-9f98-44d4-acde-ad7b473c406a: 31 internal nodes; 0.9 s; peak memory 782 MiB.
2026-10-05T17:55:00Z INFO [3018/5000] 5840f556-20fb-479b-a446-e4906974fb1a: 26 internal nodes; 1.2 s; peak memory 782 MiB.
2026-10-05T17:55:01Z INFO [3019/5000] 584136a0-0b83-4b2c-9a6b-5adb92b14def: 17 internal nodes; 0.7 s; peak memory 782 MiB.
2026-10-05T17:55:02Z INFO [3020/5000] 58417cab-3c59-4f19-bc15-552811576fe7: 27 internal nodes; 0.7 s; peak memory 782 MiB.
2026-10-05T17:55:03Z INFO [3021/5000] 58421bdd-eaa0-493a-8d0f-47a0f2352479: 44 internal nodes; 1.5 s; peak memory 782 MiB.
2026-10-05T17:55:04Z INFO [3022/5000] 584220f1-ad99-429e-af5d-f2313e1d1ef4: 58 internal nodes; 0.7 s; peak memory 782 MiB.
2026-10-05T17:55:04Z INFO [3023/5000] 58423107-f9a7-413c-b2c9-5ec3349c2bb2: 25 internal nodes; 0.4 s; peak memory 782 MiB.
2026-10-05T17:55:05Z INFO [3024/5000] 5843cf35-8024-4d92-bdf9-be2637e708cd: 17 internal nodes; 0.6 s; peak memory 782 MiB.
2026-10-05T17:55:06Z INFO [3025/5000] 58462b7e-8934-4a0e-bd6f-1601cd53f217: 17 internal nodes; 0.6 s; peak memory 782 MiB.
2026-10-05T17:55:06Z INFO [3026/5000] 58463a79-3cb4-4b25-bce6-a7f2189353c2: 17 internal nodes; 0.4 s; peak memory 782 MiB.
2026-10-05T17:55:07Z INFO [3027/5000] 5846445c-13ca-44bf-bafe-a3733daf6a31: 27 internal nodes; 0.7 s; peak memory 782 MiB.
2026-10-05T17:55:08Z INFO [3028/5000] 5846e15a-2c30-4d34-9174-17fa177e5498: 60 internal nodes; 1.7 s; peak memory 782 MiB.
2026-10-05T17:55:14Z INFO [3029/5000] 5846fd77-cbed-43a7-8704-cac5a9dbeab2: 303 internal nodes; 5.6 s; peak memory 782 MiB.
2026-10-05T17:55:15Z INFO [3030/5000] 58479f17-c9fe-43ab-8410-d7b27811029c: 19 internal nodes; 0.7 s; peak memory 782 MiB.
2026-10-05T17:55:16Z INFO [3031/5000] 5848087b-cbe8-4391-93c4-60a690c8da36: 31 internal nodes; 0.9 s; peak memory 782 MiB.
2026-10-05T17:55:16Z INFO [3032/5000] 58488239-efd3-47e4-85db-3c0f28772c04: 13 internal nodes; 0.7 s; peak memory 782 MiB.
2026-10-05T17:55:17Z INFO [3033/5000] 58493a49-53a7-4ab5-bcd7-0e340790cb8e: 27 internal nodes; 0.6 s; peak memory 782 MiB.
2026-10-05T17:55:18Z INFO [3034/5000] 5849eaf3-e302-4008-8761-ad7179d065d3: 27 internal nodes; 0.8 s; peak memory 782 MiB.
2026-10-05T17:55:18Z INFO [3035/5000] 584c6120-374e-4521-ad8e-043e7954af90: 13 internal nodes; 0.4 s; peak memory 782 MiB.
2026-10-05T17:55:19Z INFO [3036/5000] 584ce755-56d5-40cd-8218-3186c2caa380: 69 internal nodes; 0.9 s; peak memory 782 MiB.
2026-10-05T17:55:20Z INFO [3037/5000] 584d96d2-a21f-446c-891b-349b3c3ff749: 17 internal nodes; 0.6 s; peak memory 782 MiB.
2026-10-05T17:55:21Z INFO [3038/5000] 584dae47-63fc-45dd-8908-b760da8a9a5e: 46 internal nodes; 1.2 s; peak memory 782 MiB.
2026-10-05T17:55:21Z INFO [3039/5000] 584e03f4-2417-4a11-ae32-56b77b2af739: 28 internal nodes; 0.5 s; peak memory 782 MiB.
2026-10-05T17:55:23Z INFO [3040/5000] 584ef16e-fb9d-4c86-8789-59e876d1e739: 46 internal nodes; 1.4 s; peak memory 782 MiB.
2026-10-05T17:55:24Z INFO [3041/5000] 584f31e4-9284-4f19-a7d9-5f5fd290502a: 31 internal nodes; 0.9 s; peak memory 782 MiB.
2026-10-05T17:55:24Z INFO [3042/5000] 584fb054-1c9e-4078-ade4-b7d2b5da6ead: 23 internal nodes; 0.6 s; peak memory 782 MiB.
2026-10-05T17:55:25Z INFO [3043/5000] 584fb829-ba65-4ba9-9fd1-089c76cdd9ad: 15 internal nodes; 0.6 s; peak memory 782 MiB.
2026-10-05T17:55:25Z INFO [3044/5000] 584fcae0-c29a-4481-a566-10d695181daf: 13 internal nodes; 0.6 s; peak memory 782 MiB.
2026-10-05T17:55:27Z INFO [3045/5000] 584ff696-25aa-4e7c-819d-560103d58db5: 46 internal nodes; 1.8 s; peak memory 782 MiB.
2026-10-05T17:55:28Z INFO [3046/5000] 5851514a-c631-4114-ad45-ae558e789b63: 17 internal nodes; 0.6 s; peak memory 782 MiB.
2026-10-05T17:55:28Z INFO [3047/5000] 58524780-4b89-49d1-9a63-41fdec25ce83: 15 internal nodes; 0.6 s; peak memory 782 MiB.
2026-10-05T17:55:33Z INFO [3048/5000] 58527ff7-f604-4512-afa9-604772e0639d: 61 internal nodes; 4.8 s; peak memory 782 MiB.
2026-10-05T17:55:34Z INFO [3049/5000] 585432a0-978d-4935-b760-f9749f61de7a: 69 internal nodes; 0.9 s; peak memory 782 MiB.
2026-10-05T17:55:35Z INFO [3050/5000] 585477cc-8472-458a-b123-9c8e2fec4fce: 17 internal nodes; 0.6 s; peak memory 782 MiB.
2026-10-05T17:55:35Z INFO [3050/5000] 585477cc-8472-458a-b123-9c8e2fec4fce: checkpointed 89485 records.
2026-10-05T17:55:36Z INFO [3051/5000] 58551e0d-ab00-442f-844b-a68683a98481: 37 internal nodes; 1.0 s; peak memory 782 MiB.
2026-10-05T17:55:37Z INFO [3052/5000] 585585ba-197a-4333-bf70-6d96a9c4fe8e: 13 internal nodes; 0.5 s; peak memory 782 MiB.
2026-10-05T17:55:38Z INFO [3053/5000] 5855b7d5-3dc1-4e14-874d-089d91be1c92: 58 internal nodes; 1.2 s; peak memory 782 MiB.
2026-10-05T17:55:38Z INFO [3054/5000] 58569b1a-d0ff-4c22-b84b-026d8554bfd0: 27 internal nodes; 0.7 s; peak memory 782 MiB.
2026-10-05T17:55:39Z INFO [3055/5000] 58579dc2-fe25-4e11-85f6-1860f5e937af: 31 internal nodes; 1.0 s; peak memory 782 MiB.
2026-10-05T17:55:44Z INFO [3056/5000] 5858260d-61bf-407d-b8ec-214c59830001: 173 internal nodes; 4.6 s; peak memory 782 MiB.
2026-10-05T17:55:50Z INFO [3057/5000] 58588dd5-d911-4855-83ba-fc2808c9b27d: 44 internal nodes; 6.5 s; peak memory 782 MiB.
2026-10-05T17:55:51Z INFO [3058/5000] 5858a394-6407-4aad-8442-c7566b51a185: 17 internal nodes; 0.6 s; peak memory 782 MiB.
2026-10-05T17:55:52Z INFO [3059/5000] 58594581-505d-41f3-b0b2-edf7eb10839a: 17 internal nodes; 0.7 s; peak memory 782 MiB.
2026-10-05T17:55:52Z INFO [3060/5000] 5859541a-f1bc-4e2b-a6f5-39ece9693839: 27 internal nodes; 0.7 s; peak memory 782 MiB.
2026-10-05T17:55:53Z INFO [3061/5000] 585b473f-e6f7-483f-b840-4d4b62624a5f: 90 internal nodes; 0.8 s; peak memory 782 MiB.
2026-10-05T17:55:54Z INFO [3062/5000] 585bc3d7-293b-49fb-be39-7487925aeb11: 65 internal nodes; 1.3 s; peak memory 782 MiB.
2026-10-05T17:55:55Z INFO [3063/5000] 585bffd1-1537-4aa7-9e07-bae633674b12: 17 internal nodes; 0.6 s; peak memory 782 MiB.
2026-10-05T17:55:56Z INFO [3064/5000] 585ce82b-98ad-4b11-932d-fa562e1651d9: 22 internal nodes; 0.7 s; peak memory 782 MiB.
2026-10-05T17:55:56Z INFO [3065/5000] 585cfa64-26e2-4e89-92ec-f0391468def7: 18 internal nodes; 0.8 s; peak memory 782 MiB.
2026-10-05T17:55:59Z INFO [3066/5000] 585d99a1-8aff-43e6-8aa5-beb92c4f533a: 73 internal nodes; 3.0 s; peak memory 782 MiB.
2026-10-05T17:56:01Z INFO [3067/5000] 585dc5ee-1eb3-4943-91d4-8b8ea93997d1: 72 internal nodes; 1.5 s; peak memory 782 MiB.
2026-10-05T17:56:01Z INFO [3068/5000] 585e1f26-6ad1-42ac-9ac9-b3ce3fca3ba6: 26 internal nodes; 0.4 s; peak memory 782 MiB.
2026-10-05T17:56:02Z INFO [3069/5000] 585ef242-9dea-44aa-983d-9f84c2adaf92: 11 internal nodes; 0.4 s; peak memory 782 MiB.
2026-10-05T17:56:02Z INFO [3070/5000] 585efb1f-054e-49fc-beeb-a3c8fa1f3f03: 29 internal nodes; 0.7 s; peak memory 782 MiB.
2026-10-05T17:56:03Z INFO [3071/5000] 58604b66-0892-4a97-a570-a95ce875dd24: 16 internal nodes; 0.6 s; peak memory 782 MiB.
2026-10-05T17:56:07Z INFO [3072/5000] 5860cd99-482f-434d-b257-b349a6e799de: 177 internal nodes; 3.7 s; peak memory 782 MiB.
2026-10-05T17:56:08Z INFO [3073/5000] 58613590-fc08-4dba-ad1c-7a4c0731d9d4: 27 internal nodes; 0.8 s; peak memory 782 MiB.
2026-10-05T17:56:08Z INFO [3074/5000] 58615f8c-30a5-4ed5-a540-b7484a8eee68: 21 internal nodes; 0.6 s; peak memory 782 MiB.
2026-10-05T17:56:09Z INFO [3075/5000] 5861c519-651b-46ec-8713-51c612f43bfd: 21 internal nodes; 0.7 s; peak memory 782 MiB.
2026-10-05T17:56:09Z INFO [3076/5000] 5861d1cf-13b1-4530-8dab-7723e2f9f5e8: 26 internal nodes; 0.4 s; peak memory 782 MiB.
2026-10-05T17:56:10Z INFO [3077/5000] 58621be5-222f-4328-85c8-384ae0038660: 17 internal nodes; 0.7 s; peak memory 782 MiB.
2026-10-05T17:56:13Z INFO [3078/5000] 586278ab-67a4-4f7e-9691-e7ace5f1eb61: 115 internal nodes; 2.6 s; peak memory 782 MiB.
2026-10-05T17:56:16Z INFO [3079/5000] 5862b80e-33ef-4f49-824c-53f4615dd8fb: 130 internal nodes; 3.3 s; peak memory 782 MiB.
2026-10-05T17:56:17Z INFO [3080/5000] 58635c99-8841-447f-a8c9-1966e560bd9f: 17 internal nodes; 0.7 s; peak memory 782 MiB.
2026-10-05T17:56:17Z INFO [3081/5000] 58639037-d5fc-4afa-a0eb-ad88f90b3141: 27 internal nodes; 0.8 s; peak memory 782 MiB.
2026-10-05T17:56:39Z INFO [3082/5000] 5864027c-6696-4b82-af23-7ebba42c95be: 2021 internal nodes; 21.3 s; peak memory 782 MiB.
2026-10-05T17:56:39Z INFO [3083/5000] 586414f2-0c7e-4e0d-8954-6eb345741402: 55 internal nodes; 0.7 s; peak memory 782 MiB.
2026-10-05T17:56:40Z INFO [3084/5000] 586535cc-07c1-42f9-b9bc-e1a72ad72a81: 17 internal nodes; 0.6 s; peak memory 782 MiB.
2026-10-05T17:56:44Z INFO [3085/5000] 5866e777-1795-4110-bd22-1f637d21c1c9: 231 internal nodes; 4.1 s; peak memory 782 MiB.
2026-10-05T17:56:45Z INFO [3086/5000] 5867834a-ba49-4228-b12f-cd5acefcb398: 31 internal nodes; 1.1 s; peak memory 782 MiB.
2026-10-05T17:56:46Z INFO [3087/5000] 5867dab4-9038-475e-b730-7f694272a879: 17 internal nodes; 0.7 s; peak memory 782 MiB.
2026-10-05T17:56:56Z INFO [3088/5000] 5867f13f-1988-44c0-83df-ff8af52a3496: 210 internal nodes; 10.5 s; peak memory 782 MiB.
2026-10-05T17:56:57Z INFO [3089/5000] 5867f821-b8b5-41eb-8585-c16b29da6bdb: 17 internal nodes; 0.7 s; peak memory 782 MiB.
2026-10-05T17:56:58Z INFO [3090/5000] 5868060f-f5de-4e47-a42f-18b9316b8e8a: 17 internal nodes; 0.6 s; peak memory 782 MiB.
2026-10-05T17:57:02Z INFO [3091/5000] 5868678b-6440-4e3f-a20f-95f80e4c038f: 177 internal nodes; 3.9 s; peak memory 782 MiB.
2026-10-05T17:57:04Z INFO [3092/5000] 58691184-2a20-4426-aafd-8b1b4f18ef20: 46 internal nodes; 2.0 s; peak memory 782 MiB.
2026-10-05T17:57:04Z INFO [3093/5000] 586a48d6-a7c9-4942-9ae2-864443195ed2: 17 internal nodes; 0.6 s; peak memory 782 MiB.
2026-10-05T17:57:05Z INFO [3094/5000] 586a7999-b793-485c-b4cc-7b169217daa5: 31 internal nodes; 0.9 s; peak memory 782 MiB.
2026-10-05T17:57:07Z INFO [3095/5000] 586a865c-8f79-4391-a652-4a60722a848a: 46 internal nodes; 1.9 s; peak memory 782 MiB.
2026-10-05T17:57:08Z INFO [3096/5000] 586ac6a7-598b-4c3d-b34b-77875aa2b92e: 17 internal nodes; 0.6 s; peak memory 782 MiB.
2026-10-05T17:57:08Z INFO [3097/5000] 586ad676-428b-4b37-91b1-c1ee171d33f9: 31 internal nodes; 0.9 s; peak memory 782 MiB.
2026-10-05T17:57:09Z INFO [3098/5000] 586b7a35-a89a-4987-9fe1-5b47a0392a32: 17 internal nodes; 0.7 s; peak memory 782 MiB.
2026-10-05T17:57:10Z INFO [3099/5000] 586e5d46-86ce-4a79-9506-ef66c336f987: 17 internal nodes; 0.6 s; peak memory 782 MiB.
2026-10-05T17:57:10Z INFO [3100/5000] 587050e5-6830-4d58-8129-73bf1c2d4690: 29 internal nodes; 0.5 s; peak memory 782 MiB.
2026-10-05T17:57:11Z INFO [3100/5000] 587050e5-6830-4d58-8129-73bf1c2d4690: checkpointed 89535 records.
2026-10-05T17:57:11Z INFO [3101/5000] 5871b908-d5e4-4112-b8c1-144090dd5c1c: 13 internal nodes; 0.5 s; peak memory 782 MiB.
2026-10-05T17:57:12Z INFO [3102/5000] 5871fe28-5f20-4267-b1a8-4c1c6e1b4aaf: 17 internal nodes; 0.6 s; peak memory 782 MiB.
2026-10-05T17:57:12Z INFO [3103/5000] 58731c33-403f-443f-aeb7-5813892bdc0e: 27 internal nodes; 0.7 s; peak memory 782 MiB.
2026-10-05T17:57:14Z INFO [3104/5000] 587388f5-5e52-4623-ae09-9e8b44063c6e: 20 internal nodes; 1.8 s; peak memory 782 MiB.
2026-10-05T17:57:15Z INFO [3105/5000] 5874004e-747b-427e-80c7-fc148513a4ed: 17 internal nodes; 0.6 s; peak memory 782 MiB.
2026-10-05T17:57:16Z INFO [3106/5000] 5874f402-f8c9-4739-af80-84873fffb4c2: 39 internal nodes; 0.9 s; peak memory 782 MiB.
2026-10-05T17:57:16Z INFO [3107/5000] 58758487-5be9-4ed0-bdad-46ef3942edfa: 20 internal nodes; 0.3 s; peak memory 782 MiB.
2026-10-05T17:57:18Z INFO [3108/5000] 58758bd3-4968-4c13-b8ac-61878eb0ed5e: 43 internal nodes; 1.6 s; peak memory 782 MiB.
2026-10-05T17:57:20Z INFO [3109/5000] 5875b7ce-6681-4f27-8b65-526c3b65a687: 83 internal nodes; 2.2 s; peak memory 782 MiB.
2026-10-05T17:57:20Z INFO [3110/5000] 58760dc9-9497-4890-9461-56668905abd1: 17 internal nodes; 0.5 s; peak memory 782 MiB.
2026-10-05T17:57:21Z INFO [3111/5000] 5876ccb4-c423-4a19-9195-42ee9c35ca27: 31 internal nodes; 0.7 s; peak memory 782 MiB.
2026-10-05T17:57:22Z INFO [3112/5000] 5877eea6-88f9-423b-b94e-fb03cfb0e2c5: 18 internal nodes; 0.5 s; peak memory 782 MiB.
2026-10-05T17:57:22Z INFO [3113/5000] 5879e7b6-4b40-4127-a24a-17d24a4ff964: 17 internal nodes; 0.6 s; peak memory 782 MiB.
2026-10-05T17:57:23Z INFO [3114/5000] 5879e98a-e1ce-4f65-97a7-34a42c968892: 17 internal nodes; 0.5 s; peak memory 782 MiB.
2026-10-05T17:57:29Z INFO [3115/5000] 587a13fb-6544-44bc-b57e-23e150d9daea: 305 internal nodes; 5.7 s; peak memory 782 MiB.
2026-10-05T17:57:29Z INFO [3116/5000] 587abc43-12d1-4664-a047-083a41930e49: 17 internal nodes; 0.6 s; peak memory 782 MiB.
2026-10-05T17:57:30Z INFO [3117/5000] 587b5c1d-2f51-4502-ba28-a49c7fb169a2: 27 internal nodes; 0.6 s; peak memory 782 MiB.
2026-10-05T17:57:30Z INFO [3118/5000] 587c7426-9466-44b7-b48f-4941ccec1601: 18 internal nodes; 0.5 s; peak memory 782 MiB.
2026-10-05T17:57:31Z INFO [3119/5000] 587e0db5-2d32-419b-9093-0c8762c1de08: 17 internal nodes; 0.6 s; peak memory 782 MiB.
2026-10-05T17:57:37Z INFO [3120/5000] 5880139e-5e7c-4e77-bfd3-a1c4d5df3d33: 284 internal nodes; 5.9 s; peak memory 782 MiB.
2026-10-05T17:57:37Z INFO [3121/5000] 58806d08-1214-43b6-adf8-e526cc66ae5a: 27 internal nodes; 0.7 s; peak memory 782 MiB.
2026-10-05T17:57:38Z INFO [3122/5000] 58822016-fe0b-48b5-b42e-d7d7b2f448e5: 53 internal nodes; 1.0 s; peak memory 782 MiB.
2026-10-05T17:57:39Z INFO [3123/5000] 58825b7b-2775-48aa-82ea-fdd63ad2eddb: 17 internal nodes; 0.6 s; peak memory 782 MiB.
2026-10-05T17:57:39Z INFO [3124/5000] 58826575-1315-496b-a13d-688f6e396fbb: 18 internal nodes; 0.5 s; peak memory 782 MiB.
2026-10-05T17:57:40Z INFO [3125/5000] 5882b9f2-d422-4e2e-bdb0-17f828920fee: 29 internal nodes; 0.6 s; peak memory 782 MiB.
2026-10-05T17:57:43Z INFO [3126/5000] 5883792d-d9aa-4dd4-8873-dd64eb1aa18d: 115 internal nodes; 2.7 s; peak memory 782 MiB.
2026-10-05T17:57:46Z INFO [3127/5000] 5883bae1-21ee-44e6-b303-e2d9af6076be: 69 internal nodes; 3.7 s; peak memory 782 MiB.
2026-10-05T17:57:47Z INFO [3128/5000] 588419bb-dba1-4123-a939-e8a4f3583221: 13 internal nodes; 0.8 s; peak memory 782 MiB.
2026-10-05T17:57:48Z INFO [3129/5000] 58859ded-f74a-4b84-b93d-ed5f1b2f06c8: 27 internal nodes; 0.6 s; peak memory 782 MiB.
2026-10-05T17:57:49Z INFO [3130/5000] 588676e7-e8cb-442e-ad16-e5237168b60c: 29 internal nodes; 0.7 s; peak memory 782 MiB.
2026-10-05T17:57:49Z INFO [3131/5000] 5886eaf1-2b12-414a-8ccd-00b9f5170222: 17 internal nodes; 0.7 s; peak memory 782 MiB.
2026-10-05T17:57:50Z INFO [3132/5000] 5886f9fa-002f-494c-a2dc-86480d5adf73: 26 internal nodes; 0.5 s; peak memory 782 MiB.
2026-10-05T17:57:56Z INFO [3133/5000] 58871406-b901-4350-a59c-04ce09797180: 1954 internal nodes; 6.2 s; peak memory 782 MiB.
2026-10-05T17:57:56Z INFO [3134/5000] 5887974a-5dbe-4337-9257-4e62d9f4e934: 11 internal nodes; 0.3 s; peak memory 782 MiB.
2026-10-05T17:57:57Z INFO [3135/5000] 588832c6-a859-4c08-895b-7fe585e5032c: 31 internal nodes; 0.9 s; peak memory 782 MiB.
2026-10-05T17:58:01Z INFO [3136/5000] 588949b2-990f-4884-9845-9c3ad6938389: 61 internal nodes; 4.2 s; peak memory 782 MiB.
2026-10-05T17:58:03Z INFO [3137/5000] 588987a0-47c1-4925-a839-14c77c18a51b: 44 internal nodes; 1.7 s; peak memory 782 MiB.
2026-10-05T17:58:06Z INFO [3138/5000] 588a202a-4fc5-4cc5-96cd-84a5cabd3756: 57 internal nodes; 2.7 s; peak memory 782 MiB.
2026-10-05T17:58:14Z INFO [3139/5000] 588ad179-c44b-4d1b-8614-9b06d6042a64: 262 internal nodes; 8.3 s; peak memory 782 MiB.
2026-10-05T17:58:15Z INFO [3140/5000] 588b06c1-6217-4e9f-a52d-f031a0f17358: 31 internal nodes; 0.8 s; peak memory 782 MiB.
2026-10-05T17:58:16Z INFO [3141/5000] 588b94c4-a76f-4f2d-9b66-c2d3d3e45f9b: 60 internal nodes; 1.5 s; peak memory 782 MiB.
2026-10-05T17:58:17Z INFO [3142/5000] 588be75a-54af-4091-aa58-4437710695c0: 29 internal nodes; 0.8 s; peak memory 782 MiB.
2026-10-05T17:58:18Z INFO [3143/5000] 588dee64-0f06-4680-9615-f6594781e2b6: 27 internal nodes; 0.7 s; peak memory 782 MiB.
2026-10-05T17:58:22Z INFO [3144/5000] 588f4cb8-eaa8-44ce-bf2c-8fbcec3c0ec4: 208 internal nodes; 4.5 s; peak memory 782 MiB.
2026-10-05T17:58:24Z INFO [3145/5000] 58904243-856a-408c-a94e-42a1e8eecc73: 31 internal nodes; 1.6 s; peak memory 782 MiB.
2026-10-05T17:58:25Z INFO [3146/5000] 58908554-1f9c-4b14-be61-16072dbbda30: 28 internal nodes; 0.9 s; peak memory 782 MiB.
2026-10-05T17:58:26Z INFO [3147/5000] 5890acce-72da-4bbf-8f75-cd88fb638420: 53 internal nodes; 1.3 s; peak memory 782 MiB.
2026-10-05T17:58:30Z INFO [3148/5000] 5892a80c-9b93-41a0-b179-c2e1ceafe09a: 41 internal nodes; 3.8 s; peak memory 782 MiB.
2026-10-05T17:58:32Z INFO [3149/5000] 5893286f-d320-4e4f-9346-920b0e3fe838: 46 internal nodes; 1.9 s; peak memory 782 MiB.
2026-10-05T17:58:34Z INFO [3150/5000] 5893cdcd-9a80-49cf-b0d6-77d401349458: 41 internal nodes; 2.5 s; peak memory 782 MiB.
2026-10-05T17:58:35Z INFO [3150/5000] 5893cdcd-9a80-49cf-b0d6-77d401349458: checkpointed 89585 records.
2026-10-05T17:58:40Z INFO [3151/5000] 58941c6a-591c-4911-b2ba-46b9be57065a: 205 internal nodes; 5.5 s; peak memory 782 MiB.
2026-10-05T17:58:44Z INFO [3152/5000] 5894490a-2d7c-443f-bf2f-2b2d29ccdf39: 73 internal nodes; 4.1 s; peak memory 782 MiB.
2026-10-05T17:58:45Z INFO [3153/5000] 58953015-b87b-464e-beb2-66b606f160cc: 17 internal nodes; 0.6 s; peak memory 782 MiB.
2026-10-05T17:58:46Z INFO [3154/5000] 589563d7-ee90-4cab-ab95-449416b4e277: 45 internal nodes; 1.0 s; peak memory 782 MiB.
2026-10-05T17:58:47Z INFO [3155/5000] 58962a00-9a84-4661-b0dc-ed75e8575c96: 66 internal nodes; 1.6 s; peak memory 782 MiB.
2026-10-05T17:58:48Z INFO [3156/5000] 58966a9a-75a4-4bef-ab2c-577c4adde844: 17 internal nodes; 0.6 s; peak memory 782 MiB.
2026-10-05T17:58:49Z INFO [3157/5000] 5897daab-0282-4e4c-b371-a01bc75996e7: 19 internal nodes; 0.7 s; peak memory 782 MiB.
2026-10-05T17:58:49Z INFO [3158/5000] 58983232-7318-4501-86b1-211acfe23b42: 11 internal nodes; 0.5 s; peak memory 782 MiB.
2026-10-05T17:58:50Z INFO [3159/5000] 5898689c-933b-45d2-92fd-8e24e63756d5: 27 internal nodes; 0.7 s; peak memory 782 MiB.
2026-10-05T17:58:50Z INFO [3160/5000] 58989dda-5d56-4844-ac9b-96a4577aa9e0: 27 internal nodes; 0.6 s; peak memory 782 MiB.
2026-10-05T17:58:53Z INFO [3161/5000] 58993a02-8d1c-4dc4-9419-7947eec809ab: 73 internal nodes; 3.1 s; peak memory 782 MiB.
2026-10-05T17:58:54Z INFO [3162/5000] 58995433-32f2-493f-ade1-21d4a9225ee2: 15 internal nodes; 0.5 s; peak memory 782 MiB.
2026-10-05T17:58:55Z INFO [3163/5000] 589a282a-612a-4e08-a6b3-71825de88eb7: 38 internal nodes; 0.9 s; peak memory 782 MiB.
2026-10-05T17:58:55Z INFO [3164/5000] 589a3408-30ba-4b73-b5f6-5727162a6929: 19 internal nodes; 0.5 s; peak memory 782 MiB.
2026-10-05T17:58:56Z INFO [3165/5000] 589a6474-c694-4633-9f95-673e23eb081c: 63 internal nodes; 0.7 s; peak memory 782 MiB.
2026-10-05T17:58:56Z INFO [3166/5000] 589bbb64-4519-42c7-8dcf-2aea8b3ff550: 29 internal nodes; 0.5 s; peak memory 782 MiB.
2026-10-05T17:58:58Z INFO [3167/5000] 589bd1ed-237e-4a98-b23e-d6829ac25736: 44 internal nodes; 1.3 s; peak memory 782 MiB.
2026-10-05T17:58:59Z INFO [3168/5000] 589c26d8-97fb-474e-9ebe-9d64392f58bf: 30 internal nodes; 1.0 s; peak memory 782 MiB.
2026-10-05T17:59:03Z INFO [3169/5000] 589ca70a-e58c-4ba7-ae3d-c83aec45df3a: 61 internal nodes; 4.2 s; peak memory 782 MiB.
2026-10-05T17:59:08Z INFO [3170/5000] 589dc7c0-cc4b-41e3-a7fc-44af89553088: 191 internal nodes; 4.5 s; peak memory 782 MiB.
2026-10-05T17:59:08Z INFO [3171/5000] 589e52bc-acfc-4fcd-ac03-9dfc6bbc80a9: 13 internal nodes; 0.6 s; peak memory 782 MiB.
2026-10-05T17:59:09Z INFO [3172/5000] 589efe69-7032-4dbc-9baf-6402ac09c305: 11 internal nodes; 0.5 s; peak memory 782 MiB.
2026-10-05T17:59:10Z INFO [3173/5000] 589f4fae-ffce-4956-9e9e-1801c37b3226: 58 internal nodes; 1.1 s; peak memory 782 MiB.
2026-10-05T17:59:10Z INFO [3174/5000] 589fae02-9ea0-4b09-9d0b-3f9cf3c5ad14: 27 internal nodes; 0.6 s; peak memory 782 MiB.
2026-10-05T17:59:11Z INFO [3175/5000] 58a07ddf-60f7-42a8-a8a1-d1d604ed1e6c: 31 internal nodes; 0.9 s; peak memory 782 MiB.
2026-10-05T17:59:12Z INFO [3176/5000] 58a0aa2f-4256-4ec7-ae98-e75301d70255: 18 internal nodes; 0.5 s; peak memory 782 MiB.
2026-10-05T17:59:12Z INFO [3177/5000] 58a10da9-861b-4de5-911c-dee7246cf491: 30 internal nodes; 0.8 s; peak memory 782 MiB.
2026-10-05T17:59:13Z INFO [3178/5000] 58a1f711-2ce2-4b52-9c96-86a6010650aa: 27 internal nodes; 0.5 s; peak memory 782 MiB.
2026-10-05T17:59:14Z INFO [3179/5000] 58a30da6-77db-4dd0-acad-b9b2cf24f00c: 53 internal nodes; 0.7 s; peak memory 782 MiB.
2026-10-05T17:59:17Z INFO [3180/5000] 58a4fed3-2be7-430f-b2cf-6b4923cf72be: 128 internal nodes; 2.9 s; peak memory 782 MiB.
2026-10-05T17:59:17Z INFO [3181/5000] 58a502d1-5689-4e02-8a43-522f97501105: 63 internal nodes; 0.9 s; peak memory 782 MiB.
2026-10-05T17:59:18Z INFO [3182/5000] 58a51044-b21f-4186-847a-9881a8ef872b: 22 internal nodes; 0.8 s; peak memory 782 MiB.
2026-10-05T17:59:19Z INFO [3183/5000] 58a54ee2-67cf-45ba-aca5-7ce3a646466b: 31 internal nodes; 0.8 s; peak memory 782 MiB.
2026-10-05T17:59:20Z INFO [3184/5000] 58a6ff6d-cc69-4c53-9cb7-5b20a9a3b0d0: 31 internal nodes; 0.7 s; peak memory 782 MiB.
2026-10-05T17:59:20Z INFO [3185/5000] 58a8a4cd-d306-4c4c-85aa-f6f3571e4ada: 11 internal nodes; 0.4 s; peak memory 782 MiB.
2026-10-05T17:59:21Z INFO [3186/5000] 58a8d000-6283-4f06-98e1-0dba5d437072: 95 internal nodes; 0.9 s; peak memory 782 MiB.
2026-10-05T17:59:24Z INFO [3187/5000] 58a8fb8a-ebab-4d12-b36f-243328ed7a71: 117 internal nodes; 2.6 s; peak memory 782 MiB.
2026-10-05T17:59:24Z INFO [3188/5000] 58a8fdf3-dfcb-4ee2-ba04-8ffd4f11a6c6: 17 internal nodes; 0.6 s; peak memory 782 MiB.
2026-10-05T17:59:25Z INFO [3189/5000] 58a97472-b0a0-4802-88b7-926ceed456d3: 11 internal nodes; 0.4 s; peak memory 782 MiB.
2026-10-05T17:59:26Z INFO [3190/5000] 58a9ca54-770b-4998-b356-da52882ee736: 20 internal nodes; 0.9 s; peak memory 782 MiB.
2026-10-05T17:59:30Z INFO [3191/5000] 58aa9cc0-285d-47f2-92d6-c1811f326726: 61 internal nodes; 4.2 s; peak memory 782 MiB.
2026-10-05T17:59:32Z INFO [3192/5000] 58aad25b-2f09-40db-a09d-d06a583cadde: 44 internal nodes; 1.8 s; peak memory 782 MiB.
2026-10-05T17:59:32Z INFO [3193/5000] 58ab0502-705b-4ebe-864f-abbe038a5d64: 31 internal nodes; 0.7 s; peak memory 782 MiB.
2026-10-05T17:59:33Z INFO [3194/5000] 58ab900b-8d2c-4355-a6e7-14f1dc3ff910: 17 internal nodes; 0.7 s; peak memory 782 MiB.
2026-10-05T17:59:34Z INFO [3195/5000] 58abb0cb-34e0-4d62-872c-4b9ba8d13b84: 27 internal nodes; 0.7 s; peak memory 782 MiB.
2026-10-05T17:59:35Z INFO [3196/5000] 58ac893f-4c65-44b6-bcfa-5613cf55590f: 62 internal nodes; 0.9 s; peak memory 782 MiB.
2026-10-05T17:59:37Z INFO [3197/5000] 58acb0ed-95f5-4bb1-818d-902e64aa2406: 85 internal nodes; 2.2 s; peak memory 782 MiB.
2026-10-05T17:59:42Z INFO [3198/5000] 58adbeaf-4372-474e-a44c-c4a35a1117f0: 70 internal nodes; 4.8 s; peak memory 782 MiB.
2026-10-05T17:59:43Z INFO [3199/5000] 58adfdc6-017d-49af-9a25-b083b75be955: 29 internal nodes; 0.8 s; peak memory 782 MiB.
2026-10-05T17:59:43Z INFO [3200/5000] 58ae1556-4a35-4286-ab11-67c6eaf9a835: 19 internal nodes; 0.7 s; peak memory 782 MiB.
2026-10-05T17:59:44Z INFO [3200/5000] 58ae1556-4a35-4286-ab11-67c6eaf9a835: checkpointed 89635 records.
2026-10-05T17:59:50Z INFO [3201/5000] 58ae5fbe-1953-4227-8abf-60c66e432b62: 57 internal nodes; 5.9 s; peak memory 782 MiB.
2026-10-05T17:59:50Z INFO [3202/5000] 58af9245-98cb-4238-8dfc-1e5ff75e514a: 27 internal nodes; 0.7 s; peak memory 782 MiB.
2026-10-05T17:59:58Z INFO [3203/5000] 58b0a2de-2e5e-4001-a089-982bfee12625: 239 internal nodes; 7.9 s; peak memory 782 MiB.
2026-10-05T17:59:59Z INFO [3204/5000] 58b0cc42-d5aa-4ea1-84ae-d547dd662b64: 19 internal nodes; 1.1 s; peak memory 782 MiB.
2026-10-05T18:00:01Z INFO [3205/5000] 58b1eda5-f208-445f-ab2b-20ecab8868b0: 44 internal nodes; 1.3 s; peak memory 782 MiB.
2026-10-05T18:00:06Z INFO [3206/5000] 58b2d03a-3360-40e0-9ff0-540ff8ae295b: 44 internal nodes; 5.1 s; peak memory 782 MiB.
2026-10-05T18:00:06Z INFO [3207/5000] 58b30acb-c016-4535-98f3-b19586bed982: 17 internal nodes; 0.7 s; peak memory 782 MiB.
2026-10-05T18:00:07Z INFO [3208/5000] 58b31ee1-26e2-4cab-9159-0c51d7bcb08b: 27 internal nodes; 0.8 s; peak memory 782 MiB.
2026-10-05T18:00:08Z INFO [3209/5000] 58b3749f-a96b-4b3c-a575-179279a270f8: 31 internal nodes; 0.8 s; peak memory 782 MiB.
2026-10-05T18:00:09Z INFO [3210/5000] 58b3e2dc-aaf6-43b7-ac48-21799dd2a2c6: 17 internal nodes; 0.6 s; peak memory 782 MiB.
2026-10-05T18:00:09Z INFO [3211/5000] 58b40dec-b185-438e-8ddf-854dd2da5d54: 17 internal nodes; 0.8 s; peak memory 782 MiB.
2026-10-05T18:00:10Z INFO [3212/5000] 58b42a60-2eca-4675-af5f-6e12c1e0fb76: 116 internal nodes; 0.6 s; peak memory 782 MiB.
2026-10-05T18:00:11Z INFO [3213/5000] 58b54e06-9507-4644-94d3-94c04531bda0: 17 internal nodes; 0.8 s; peak memory 782 MiB.
2026-10-05T18:00:14Z INFO [3214/5000] 58b67b43-1055-4605-b6f3-86f067309e2e: 64 internal nodes; 2.7 s; peak memory 782 MiB.
2026-10-05T18:00:14Z INFO [3215/5000] 58b6b7b4-9b96-4f64-8da9-53e4c86654b2: 19 internal nodes; 0.6 s; peak memory 782 MiB.
2026-10-05T18:00:17Z INFO [3216/5000] 58b6c56f-a954-4b5d-b1c0-1728d172be42: 143 internal nodes; 2.4 s; peak memory 782 MiB.
2026-10-05T18:00:17Z INFO [3217/5000] 58b6d48e-5b7e-42f6-8c7e-55d3dc7b6112: 27 internal nodes; 0.7 s; peak memory 782 MiB.
2026-10-05T18:00:18Z INFO [3218/5000] 58b7b6bf-7484-435d-bcd9-cf90827eeda6: 54 internal nodes; 0.9 s; peak memory 782 MiB.
2026-10-05T18:00:19Z INFO [3219/5000] 58b7d8bd-bf2f-4a64-bf20-2a9e82b3e4fd: 67 internal nodes; 1.1 s; peak memory 782 MiB.
2026-10-05T18:00:21Z INFO [3220/5000] 58b8a721-bd23-4f11-8aee-d8491a5584a4: 37 internal nodes; 1.2 s; peak memory 782 MiB.
2026-10-05T18:00:21Z INFO [3221/5000] 58b8c566-3010-4f52-8078-4182a6c99e5d: 17 internal nodes; 0.8 s; peak memory 782 MiB.
2026-10-05T18:00:22Z INFO [3222/5000] 58ba4f3e-ca21-47a9-a1eb-c5b89abbc06e: 24 internal nodes; 0.5 s; peak memory 782 MiB.
2026-10-05T18:00:23Z INFO [3223/5000] 58bae31f-6661-44fc-9aba-3cc74db71cf0: 114 internal nodes; 0.7 s; peak memory 782 MiB.
2026-10-05T18:00:23Z INFO [3224/5000] 58bb2172-e79a-487a-b5c0-001b366728ba: 17 internal nodes; 0.7 s; peak memory 782 MiB.
2026-10-05T18:00:24Z INFO [3225/5000] 58bb2bb3-dcf7-4b01-aaa6-1768a7d01b1d: 27 internal nodes; 0.7 s; peak memory 782 MiB.
2026-10-05T18:00:26Z INFO [3226/5000] 58bb589e-8539-4f77-8aa7-4c46d298e1fc: 115 internal nodes; 1.9 s; peak memory 782 MiB.
2026-10-05T18:00:27Z INFO [3227/5000] 58bca27f-2b69-4bbc-8de1-1ffa469f046b: 90 internal nodes; 0.9 s; peak memory 782 MiB.
2026-10-05T18:00:29Z INFO [3228/5000] 58bd3f6e-5b53-4e13-af14-aa91be8ff463: 66 internal nodes; 1.7 s; peak memory 782 MiB.
2026-10-05T18:00:33Z INFO [3229/5000] 58bd4633-deda-476f-a5ba-b931f2730481: 61 internal nodes; 4.6 s; peak memory 782 MiB.
2026-10-05T18:00:34Z INFO [3230/5000] 58bf6dfc-3719-4648-8114-a2dbf1039b11: 17 internal nodes; 0.7 s; peak memory 782 MiB.
2026-10-05T18:00:39Z INFO [3231/5000] 58bfde6b-72d0-4dd7-8fa8-5ff152cd3615: 70 internal nodes; 5.0 s; peak memory 782 MiB.
2026-10-05T18:00:44Z INFO [3232/5000] 58c1d57d-a6a8-4d1d-8227-690fc98b085e: 198 internal nodes; 4.7 s; peak memory 782 MiB.
2026-10-05T18:00:44Z INFO [3233/5000] 58c25a68-d525-4ba3-ae91-2b224ef36936: 26 internal nodes; 0.7 s; peak memory 782 MiB.
2026-10-05T18:00:49Z INFO [3234/5000] 58c30fa6-4ddc-40d1-9f9c-5774cc500ad7: 62 internal nodes; 4.9 s; peak memory 782 MiB.
2026-10-05T18:00:51Z INFO [3235/5000] 58c3d99f-3558-4a1c-a996-44a06cdf102c: 72 internal nodes; 1.5 s; peak memory 782 MiB.
2026-10-05T18:00:51Z INFO [3236/5000] 58c4fb3e-c284-4922-b382-d1aad006cccb: 17 internal nodes; 0.7 s; peak memory 782 MiB.
2026-10-05T18:00:52Z INFO [3237/5000] 58c5038b-86ce-43c6-b635-c868f8b15f5c: 11 internal nodes; 0.5 s; peak memory 782 MiB.
2026-10-05T18:01:21Z INFO [3238/5000] 58c56aea-929c-454e-b10e-3e13f02a8e65: 1311 internal nodes; 29.4 s; peak memory 782 MiB.
2026-10-05T18:01:26Z INFO [3239/5000] 58c5d6ca-8d25-4dbf-9244-885c30acb8c2: 251 internal nodes; 4.4 s; peak memory 782 MiB.
2026-10-05T18:01:28Z INFO [3240/5000] 58c66b2d-c9a0-4c76-8e8f-45b3a568ca60: 97 internal nodes; 2.3 s; peak memory 782 MiB.
2026-10-05T18:01:31Z INFO [3241/5000] 58c6c9c7-2796-4525-803b-cbb3e5776893: 68 internal nodes; 2.6 s; peak memory 782 MiB.
2026-10-05T18:01:32Z INFO [3242/5000] 58c6e549-419a-4a10-88e7-c894cc48536d: 30 internal nodes; 0.9 s; peak memory 782 MiB.
2026-10-05T18:01:32Z INFO [3243/5000] 58c7230d-6168-475a-be9e-a63c749c6499: 66 internal nodes; 0.9 s; peak memory 782 MiB.
2026-10-05T18:01:33Z INFO [3244/5000] 58c7a8f7-fe39-49b3-b67b-86d7d656fe7b: 18 internal nodes; 0.6 s; peak memory 782 MiB.
2026-10-05T18:01:34Z INFO [3245/5000] 58c8ef1d-4b64-4f3f-a358-632a60fcb43a: 17 internal nodes; 0.6 s; peak memory 782 MiB.
2026-10-05T18:01:34Z INFO [3246/5000] 58c9093e-6215-4ab1-82bf-63e26b5b3de6: 27 internal nodes; 0.6 s; peak memory 782 MiB.
2026-10-05T18:01:35Z INFO [3247/5000] 58c9fc09-09a4-430a-91f6-a7fbc0e62d41: 27 internal nodes; 0.7 s; peak memory 782 MiB.
2026-10-05T18:01:36Z INFO [3248/5000] 58c9fcfd-05eb-4659-b5ad-7b2abed16cbf: 27 internal nodes; 0.8 s; peak memory 782 MiB.
2026-10-05T18:01:37Z INFO [3249/5000] 58ca56dc-0ee8-4422-aa3d-294aebd44e44: 27 internal nodes; 1.2 s; peak memory 782 MiB.
2026-10-05T18:01:38Z INFO [3250/5000] 58cad647-98fb-4e0b-bed6-4d444055e8a1: 72 internal nodes; 1.4 s; peak memory 782 MiB.
2026-10-05T18:01:39Z INFO [3250/5000] 58cad647-98fb-4e0b-bed6-4d444055e8a1: checkpointed 89685 records.
2026-10-05T18:01:40Z INFO [3251/5000] 58cc0173-b822-4d35-9e2a-434faee1e57b: 22 internal nodes; 1.0 s; peak memory 782 MiB.
2026-10-05T18:01:43Z INFO [3252/5000] 58cd1af6-2729-43f6-9fa5-56b341dcbc11: 177 internal nodes; 2.9 s; peak memory 782 MiB.
2026-10-05T18:01:43Z INFO [3253/5000] 58cd3667-5088-423a-bc49-9269a846bb34: 17 internal nodes; 0.5 s; peak memory 782 MiB.
2026-10-05T18:01:44Z INFO [3254/5000] 58cd4989-99ea-4dab-9ce5-75debf44b35a: 11 internal nodes; 0.4 s; peak memory 782 MiB.
2026-10-05T18:01:46Z INFO [3255/5000] 58cd5806-6356-4aba-bfdc-84dd072d6cf2: 46 internal nodes; 2.3 s; peak memory 782 MiB.
2026-10-05T18:01:47Z INFO [3256/5000] 58cd5937-3153-43ca-8def-500cef1dbc48: 22 internal nodes; 0.9 s; peak memory 782 MiB.
2026-10-05T18:01:48Z INFO [3257/5000] 58cdbdfc-3d24-46cd-bc82-9c3cc74fe742: 53 internal nodes; 1.0 s; peak memory 782 MiB.
2026-10-05T18:01:49Z INFO [3258/5000] 58cf7590-5951-4da3-a95a-8052dfc1f869: 31 internal nodes; 0.7 s; peak memory 782 MiB.
2026-10-05T18:01:49Z INFO [3259/5000] 58cfaa8f-8ba7-41f9-8146-6ac3fe5af284: 27 internal nodes; 0.7 s; peak memory 782 MiB.
2026-10-05T18:01:50Z INFO [3260/5000] 58cfd2a5-d4ce-49b0-b9d5-2bb87641ae34: 26 internal nodes; 0.8 s; peak memory 782 MiB.
2026-10-05T18:01:51Z INFO [3261/5000] 58d05039-071d-414d-8dd6-b82259375ca7: 31 internal nodes; 1.0 s; peak memory 782 MiB.
2026-10-05T18:01:51Z INFO [3262/5000] 58d0f4e5-4bbb-4ee0-b2c8-cd0ff50122ff: 11 internal nodes; 0.4 s; peak memory 782 MiB.
2026-10-05T18:01:52Z INFO [3263/5000] 58d114a8-5bb3-4c9a-a46c-b1c41af5c889: 11 internal nodes; 0.4 s; peak memory 782 MiB.
2026-10-05T18:01:53Z INFO [3264/5000] 58d1746d-aafb-4d48-a621-5c324be29711: 27 internal nodes; 1.0 s; peak memory 782 MiB.
2026-10-05T18:01:54Z INFO [3265/5000] 58d1e368-3d22-46b6-a490-6b51ddb36982: 33 internal nodes; 1.5 s; peak memory 782 MiB.
2026-10-05T18:01:55Z INFO [3266/5000] 58d2c881-d18b-42af-ad74-dded0a669439: 31 internal nodes; 1.0 s; peak memory 782 MiB.
2026-10-05T18:01:56Z INFO [3267/5000] 58d2e7c9-fac8-43a6-8356-9f35bf19ba00: 17 internal nodes; 0.7 s; peak memory 782 MiB.
2026-10-05T18:01:59Z INFO [3268/5000] 58d30142-43d5-48f1-87d1-da61f7291f2e: 73 internal nodes; 3.0 s; peak memory 782 MiB.
2026-10-05T18:02:00Z INFO [3269/5000] 58d30223-3f07-498d-88a7-652e2c5ad06e: 24 internal nodes; 0.7 s; peak memory 782 MiB.
2026-10-05T18:02:06Z INFO [3270/5000] 58d36f2d-f95d-47e8-b82a-1f26f138dccf: 213 internal nodes; 6.2 s; peak memory 782 MiB.
2026-10-05T18:02:07Z INFO [3271/5000] 58d3ac46-09f4-40f7-84ba-1e396223b6c4: 23 internal nodes; 0.7 s; peak memory 782 MiB.
2026-10-05T18:02:08Z INFO [3272/5000] 58d3bda2-2ba1-4f91-969a-720f9e175808: 39 internal nodes; 1.2 s; peak memory 782 MiB.
2026-10-05T18:02:09Z INFO [3273/5000] 58d45a75-eae3-4071-af38-2ea1200f290f: 29 internal nodes; 0.9 s; peak memory 782 MiB.
2026-10-05T18:02:09Z INFO [3274/5000] 58d5a0bb-ed49-4014-8df7-779997254677: 11 internal nodes; 0.5 s; peak memory 782 MiB.
2026-10-05T18:02:10Z INFO [3275/5000] 58d63afe-c0aa-40d9-897d-2b10e7c17d32: 17 internal nodes; 0.7 s; peak memory 782 MiB.
2026-10-05T18:02:11Z INFO [3276/5000] 58d7811f-94f9-4de6-bba0-49cf4fc7bedb: 17 internal nodes; 0.6 s; peak memory 782 MiB.
2026-10-05T18:02:11Z INFO [3277/5000] 58d8eb24-03b8-4626-bcdd-f5404b89c388: 69 internal nodes; 0.9 s; peak memory 782 MiB.
2026-10-05T18:02:14Z INFO [3278/5000] 58d9163d-6f87-4dd6-8d34-cb3482c3a07e: 49 internal nodes; 2.6 s; peak memory 782 MiB.
2026-10-05T18:02:15Z INFO [3279/5000] 58d91bbd-ad7d-4101-a841-75c9de0efc22: 25 internal nodes; 0.8 s; peak memory 782 MiB.
2026-10-05T18:02:15Z INFO [3280/5000] 58da05dd-8ba0-4db4-a68f-fcad44be4ee9: 27 internal nodes; 0.6 s; peak memory 782 MiB.
2026-10-05T18:02:20Z INFO [3281/5000] 58da7c3c-7404-4d2d-aa05-8109b75ab7a5: 217 internal nodes; 4.7 s; peak memory 782 MiB.
2026-10-05T18:02:21Z INFO [3282/5000] 58db8f0a-e637-4be7-8ec0-cf2016d98005: 55 internal nodes; 0.7 s; peak memory 782 MiB.
2026-10-05T18:02:23Z INFO [3283/5000] 58dba327-68fd-43a3-bd1c-0ea625128814: 21 internal nodes; 1.8 s; peak memory 782 MiB.
2026-10-05T18:02:24Z INFO [3284/5000] 58dbae46-f4c8-42ac-bfca-de7ae9890a52: 47 internal nodes; 1.5 s; peak memory 782 MiB.
2026-10-05T18:02:25Z INFO [3285/5000] 58dc441c-d6d0-4eb0-9554-9752384a18cb: 17 internal nodes; 0.8 s; peak memory 782 MiB.
2026-10-05T18:02:25Z INFO [3286/5000] 58dc616f-1cfb-4578-96e7-1bed0e33a5e5: 11 internal nodes; 0.3 s; peak memory 782 MiB.
2026-10-05T18:02:26Z INFO [3287/5000] 58dc620c-4512-4b01-a6a6-1b670939a93c: 17 internal nodes; 0.5 s; peak memory 782 MiB.
2026-10-05T18:02:26Z INFO [3288/5000] 58dcd63b-f235-460e-a4e5-93d3e1558b8c: 27 internal nodes; 0.7 s; peak memory 782 MiB.
2026-10-05T18:02:31Z INFO [3289/5000] 58dd87eb-0250-49c6-abbb-f92843d79eb9: 70 internal nodes; 5.1 s; peak memory 782 MiB.
2026-10-05T18:02:32Z INFO [3290/5000] 58ddc929-7eae-409f-8b92-2825eff2c582: 29 internal nodes; 0.8 s; peak memory 782 MiB.
2026-10-05T18:02:33Z INFO [3291/5000] 58de6215-08bf-48d4-84f7-369251867535: 28 internal nodes; 0.6 s; peak memory 782 MiB.
2026-10-05T18:02:38Z INFO [3292/5000] 58de7137-a5a0-408c-a34f-114b95df3242: 182 internal nodes; 5.6 s; peak memory 782 MiB.
2026-10-05T18:02:39Z INFO [3293/5000] 58de9799-3617-4b4f-8042-dbc0e9f23d08: 27 internal nodes; 0.7 s; peak memory 782 MiB.
2026-10-05T18:02:44Z INFO [3294/5000] 58dec385-0310-4e22-907b-ac17a3dd08c9: 194 internal nodes; 5.2 s; peak memory 782 MiB.
2026-10-05T18:02:45Z INFO [3295/5000] 58df5b80-66de-4d74-a8cd-09c378fbd3cb: 19 internal nodes; 0.5 s; peak memory 782 MiB.
2026-10-05T18:02:45Z INFO [3296/5000] 58e1da10-5db3-4651-a7bf-f535fa89ed82: 17 internal nodes; 0.5 s; peak memory 782 MiB.
2026-10-05T18:02:51Z INFO [3297/5000] 58e24576-6f44-43ce-abb7-197770d665c7: 114 internal nodes; 5.5 s; peak memory 782 MiB.
2026-10-05T18:02:52Z INFO [3298/5000] 58e2f1dc-e850-4b3a-afd9-4ad3449562d1: 90 internal nodes; 0.9 s; peak memory 782 MiB.
2026-10-05T18:02:53Z INFO [3299/5000] 58e34458-51d5-4dd2-8c2f-6c555fc50d11: 61 internal nodes; 0.9 s; peak memory 782 MiB.
2026-10-05T18:02:58Z INFO [3300/5000] 58e356dd-be51-40ef-ac8b-a48ce0684633: 223 internal nodes; 5.2 s; peak memory 782 MiB.
2026-10-05T18:02:58Z INFO [3300/5000] 58e356dd-be51-40ef-ac8b-a48ce0684633: checkpointed 89735 records.
2026-10-05T18:02:59Z INFO [3301/5000] 58e7a80c-2ed0-4621-8655-6a5a59d49fe5: 17 internal nodes; 0.6 s; peak memory 782 MiB.
2026-10-05T18:02:59Z INFO [3302/5000] 58e7ee18-6f1b-43f6-98ba-3c5e6b760a81: 39 internal nodes; 0.5 s; peak memory 782 MiB.
2026-10-05T18:03:01Z INFO [3303/5000] 58e7f18c-dffa-49cc-877e-26eb836b7549: 30 internal nodes; 1.6 s; peak memory 782 MiB.
2026-10-05T18:03:02Z INFO [3304/5000] 58e84d93-5ed9-4c38-be4d-1ab39f7694c4: 63 internal nodes; 1.0 s; peak memory 782 MiB.
2026-10-05T18:03:02Z INFO [3305/5000] 58e85710-f0cd-4e86-9307-72303de0eb03: 27 internal nodes; 0.5 s; peak memory 782 MiB.
2026-10-05T18:03:03Z INFO [3306/5000] 58e908bd-d038-4fe8-ab8d-9bd7b80bb710: 23 internal nodes; 0.8 s; peak memory 782 MiB.
2026-10-05T18:03:04Z INFO [3307/5000] 58e96dfe-6518-47b0-bd89-c331b0e71962: 17 internal nodes; 0.6 s; peak memory 782 MiB.
2026-10-05T18:03:07Z INFO [3308/5000] 58e96f3e-8eb9-47b2-8e0f-f6d4601cc976: 64 internal nodes; 3.6 s; peak memory 782 MiB.
2026-10-05T18:03:08Z INFO [3309/5000] 58e9d12d-d088-4452-98e3-2d1e028367ce: 58 internal nodes; 0.8 s; peak memory 782 MiB.
2026-10-05T18:03:12Z INFO [3310/5000] 58ea0fed-d52c-4cb0-b589-254c54638661: 167 internal nodes; 3.8 s; peak memory 782 MiB.
2026-10-05T18:03:12Z INFO [3311/5000] 58ea6ec4-c31f-48bc-82f7-66e46b95d678: 11 internal nodes; 0.4 s; peak memory 782 MiB.
2026-10-05T18:03:13Z INFO [3312/5000] 58eacc51-e350-46a4-8921-ef13170884d6: 17 internal nodes; 0.7 s; peak memory 782 MiB.
2026-10-05T18:03:14Z INFO [3313/5000] 58eae8ce-9130-47a1-90e2-e1fd7d1d9217: 27 internal nodes; 0.7 s; peak memory 782 MiB.
2026-10-05T18:03:14Z INFO [3314/5000] 58ec3281-ff8a-45dc-b263-94db9fe9b9cf: 27 internal nodes; 0.8 s; peak memory 782 MiB.
2026-10-05T18:03:15Z INFO [3315/5000] 58ec6b9d-9363-4cb9-8086-368ea2808719: 17 internal nodes; 0.6 s; peak memory 782 MiB.
2026-10-05T18:03:17Z INFO [3316/5000] 58eca775-47c8-4db8-8c88-209c23daab74: 46 internal nodes; 2.2 s; peak memory 782 MiB.
2026-10-05T18:03:21Z INFO [3317/5000] 58eceea3-4e2b-4cb0-bf2b-2be850ff242d: 167 internal nodes; 3.7 s; peak memory 782 MiB.
2026-10-05T18:03:22Z INFO [3318/5000] 58ed021b-31b9-4a43-914f-8e6746a31da5: 72 internal nodes; 1.1 s; peak memory 782 MiB.
2026-10-05T18:03:36Z INFO [3319/5000] 58ee2285-dfbd-49a5-bff6-32a544ca315a: 135 internal nodes; 14.0 s; peak memory 782 MiB.
2026-10-05T18:03:37Z INFO [3320/5000] 58ef173b-20b5-4348-8170-48de71480c9d: 63 internal nodes; 1.1 s; peak memory 782 MiB.
2026-10-05T18:03:42Z INFO [3321/5000] 58f06a69-f5ce-4235-a53f-1623b8320885: 182 internal nodes; 4.4 s; peak memory 782 MiB.
2026-10-05T18:03:42Z INFO [3322/5000] 58f08a0e-b400-4a06-93a9-66ea9304c6b7: 116 internal nodes; 0.6 s; peak memory 782 MiB.
2026-10-05T18:03:45Z INFO [3323/5000] 58f0b311-ad61-4688-b3c0-5743e3a18030: 100 internal nodes; 3.2 s; peak memory 782 MiB.
2026-10-05T18:03:46Z INFO [3324/5000] 58f0f87c-6e1e-4c9e-81bb-a4e7350014cf: 27 internal nodes; 0.8 s; peak memory 782 MiB.
2026-10-05T18:03:47Z INFO [3325/5000] 58f22fab-54a2-49c6-ad33-5e489e46c6f3: 17 internal nodes; 0.5 s; peak memory 782 MiB.
2026-10-05T18:03:47Z INFO [3326/5000] 58f31083-94c8-4756-abe7-87d330c63491: 27 internal nodes; 0.6 s; peak memory 782 MiB.
2026-10-05T18:03:48Z INFO [3327/5000] 58f32c87-7bf1-4d82-8297-b2c8e4b6f902: 32 internal nodes; 1.1 s; peak memory 782 MiB.
2026-10-05T18:03:50Z INFO [3328/5000] 58f38402-45d4-42e2-a995-bfa7afdbffad: 31 internal nodes; 1.5 s; peak memory 782 MiB.
2026-10-05T18:03:51Z INFO [3329/5000] 58f3a6c2-d7cd-48ec-8d58-2b6cba6f3cd2: 22 internal nodes; 1.3 s; peak memory 782 MiB.
2026-10-05T18:03:52Z INFO [3330/5000] 58f3db19-1d06-4d90-b6f5-c800b568e91d: 27 internal nodes; 0.8 s; peak memory 782 MiB.
2026-10-05T18:03:53Z INFO [3331/5000] 58f40c0e-5722-46d0-a38c-d6c1b8b72a7a: 95 internal nodes; 0.7 s; peak memory 782 MiB.
2026-10-05T18:03:53Z INFO [3332/5000] 58f4189f-685e-412d-91e4-d5b649fac01d: 27 internal nodes; 0.8 s; peak memory 782 MiB.
2026-10-05T18:03:54Z INFO [3333/5000] 58f4405b-8a75-4fcb-a250-6078d2532dfe: 17 internal nodes; 0.5 s; peak memory 782 MiB.
2026-10-05T18:03:54Z INFO [3334/5000] 58f4b9a3-4f15-4de3-9e28-fe747380741c: 26 internal nodes; 0.5 s; peak memory 782 MiB.
2026-10-05T18:03:55Z INFO [3335/5000] 58f52dfa-e1d9-4b29-a9d4-99bb5920e785: 19 internal nodes; 0.6 s; peak memory 782 MiB.
2026-10-05T18:03:56Z INFO [3336/5000] 58f5c49b-f045-4c1b-8643-5f73c0758163: 17 internal nodes; 0.6 s; peak memory 782 MiB.
2026-10-05T18:03:56Z INFO [3337/5000] 58f5d1ae-bc89-45f4-8acd-93a86a445afb: 17 internal nodes; 0.6 s; peak memory 782 MiB.
2026-10-05T18:03:57Z INFO [3338/5000] 58f6d320-39c3-4687-9d7d-4697e4e516fa: 12 internal nodes; 0.6 s; peak memory 782 MiB.
2026-10-05T18:03:57Z INFO [3339/5000] 58f79e47-6258-4689-94e6-d42ab43d58ae: 11 internal nodes; 0.4 s; peak memory 782 MiB.
2026-10-05T18:03:58Z INFO [3340/5000] 58fa4e57-ce7a-4045-84dd-561236f4237f: 67 internal nodes; 1.1 s; peak memory 782 MiB.
2026-10-05T18:04:03Z INFO [3341/5000] 58fa4fc6-4ae5-4c5d-b162-4ac51d98c481: 65 internal nodes; 5.0 s; peak memory 782 MiB.
2026-10-05T18:04:06Z INFO [3342/5000] 58fa5deb-ece3-4873-a900-41e49f3989fb: 56 internal nodes; 2.8 s; peak memory 782 MiB.
2026-10-05T18:04:08Z INFO [3343/5000] 58fa97a5-a05f-473a-9509-acceece5b8be: 44 internal nodes; 1.7 s; peak memory 782 MiB.
2026-10-05T18:04:08Z INFO [3344/5000] 58fb81d6-573d-46a1-83cd-d0471fd931aa: 11 internal nodes; 0.4 s; peak memory 782 MiB.
2026-10-05T18:04:09Z INFO [3345/5000] 58fbcc40-3b85-4d0f-93c3-518a90cb6326: 17 internal nodes; 0.7 s; peak memory 782 MiB.
2026-10-05T18:04:10Z INFO [3346/5000] 58fc2226-b72d-451b-a0ab-88a24742b664: 44 internal nodes; 1.4 s; peak memory 782 MiB.
2026-10-05T18:04:11Z INFO [3347/5000] 58fd637d-50f7-42a3-9b93-fba4b2f4f7c7: 17 internal nodes; 0.7 s; peak memory 782 MiB.
2026-10-05T18:04:13Z INFO [3348/5000] 58fead70-c9aa-45a5-9516-9017f0489f58: 46 internal nodes; 1.9 s; peak memory 782 MiB.
2026-10-05T18:04:14Z INFO [3349/5000] 59005672-8808-49d4-aed2-b8310ea97ab5: 27 internal nodes; 0.7 s; peak memory 782 MiB.
2026-10-05T18:04:14Z INFO [3350/5000] 590206c3-2466-4cda-b89c-ab9ce864c0fb: 23 internal nodes; 0.7 s; peak memory 782 MiB.
2026-10-05T18:04:15Z INFO [3350/5000] 590206c3-2466-4cda-b89c-ab9ce864c0fb: checkpointed 89785 records.
2026-10-05T18:04:15Z INFO [3351/5000] 59021a64-a043-4109-bdb6-02e42ebaf64f: 27 internal nodes; 0.7 s; peak memory 782 MiB.
2026-10-05T18:04:25Z INFO [3352/5000] 590283c1-4a3a-439b-b4ba-c7df2504cede: 81 internal nodes; 9.4 s; peak memory 782 MiB.
2026-10-05T18:04:27Z INFO [3353/5000] 5902f479-3d12-47ec-b7ac-5614f8df8cc3: 95 internal nodes; 1.7 s; peak memory 782 MiB.
2026-10-05T18:04:27Z INFO [3354/5000] 5902f498-ef70-4ac2-b1e6-d047b07bc123: 18 internal nodes; 0.5 s; peak memory 782 MiB.
2026-10-05T18:04:28Z INFO [3355/5000] 59033610-b49f-47b7-9bc1-f3caa874663a: 17 internal nodes; 0.6 s; peak memory 782 MiB.
2026-10-05T18:04:28Z INFO [3356/5000] 5903c8ba-736a-4878-b70a-adc6be66e15f: 17 internal nodes; 0.6 s; peak memory 782 MiB.
2026-10-05T18:04:29Z INFO [3357/5000] 5904235a-fe82-40cd-b11e-4f5e7d928826: 31 internal nodes; 0.8 s; peak memory 782 MiB.
2026-10-05T18:04:30Z INFO [3358/5000] 5904cd79-4332-46b0-9b43-bc65445ac2fb: 23 internal nodes; 0.6 s; peak memory 782 MiB.
2026-10-05T18:04:30Z INFO [3359/5000] 5904e078-e46c-4c7c-9cb3-b7bc893fc982: 17 internal nodes; 0.6 s; peak memory 782 MiB.
2026-10-05T18:04:31Z INFO [3360/5000] 5904ebf1-1d0a-49e5-82ed-af1963f61323: 31 internal nodes; 0.9 s; peak memory 782 MiB.
2026-10-05T18:04:37Z INFO [3361/5000] 590505d8-d9d4-4dbc-afe0-38beda668e18: 22 internal nodes; 6.3 s; peak memory 782 MiB.
2026-10-05T18:04:38Z INFO [3362/5000] 5905287d-c239-4871-832a-699ae4502900: 26 internal nodes; 0.7 s; peak memory 782 MiB.
2026-10-05T18:04:44Z INFO [3363/5000] 59067985-882d-4ecc-8ab4-d2763e7ca73b: 229 internal nodes; 6.1 s; peak memory 782 MiB.
2026-10-05T18:04:46Z INFO [3364/5000] 5906c199-17b2-4c4e-8a89-41a2395032f9: 55 internal nodes; 1.9 s; peak memory 782 MiB.
2026-10-05T18:04:47Z INFO [3365/5000] 59074481-d0b6-444f-aecb-4877770a6f93: 25 internal nodes; 0.6 s; peak memory 782 MiB.
2026-10-05T18:04:47Z INFO [3366/5000] 5907cabd-5a5d-4b99-a203-63d66cbdc239: 118 internal nodes; 0.8 s; peak memory 782 MiB.
2026-10-05T18:04:48Z INFO [3367/5000] 590952b0-13bf-4b18-8218-de3fef9abdcb: 23 internal nodes; 0.6 s; peak memory 782 MiB.
2026-10-05T18:04:49Z INFO [3368/5000] 5909b099-9123-4c3a-bd77-91176b03fe06: 62 internal nodes; 1.0 s; peak memory 782 MiB.
2026-10-05T18:04:50Z INFO [3369/5000] 590a6cd7-d066-4484-b690-210501e57464: 23 internal nodes; 0.6 s; peak memory 782 MiB.
2026-10-05T18:04:56Z INFO [3370/5000] 590ab0e5-3019-4c7d-ab8e-52d325e2c5dd: 134 internal nodes; 6.0 s; peak memory 782 MiB.
2026-10-05T18:04:57Z INFO [3371/5000] 590c1a63-6638-43f0-9100-fec97ce4b5a3: 60 internal nodes; 0.8 s; peak memory 782 MiB.
2026-10-05T18:04:57Z INFO [3372/5000] 590ca468-1604-46dc-87c8-29713162b991: 17 internal nodes; 0.6 s; peak memory 782 MiB.
2026-10-05T18:04:59Z INFO [3373/5000] 590cb20b-0ed6-4547-9c68-70f554f2ab7b: 44 internal nodes; 1.4 s; peak memory 782 MiB.
2026-10-05T18:05:06Z INFO [3374/5000] 590d18ea-5948-4129-8b93-d187ba155eb9: 267 internal nodes; 7.0 s; peak memory 782 MiB.
2026-10-05T18:05:06Z INFO [3375/5000] 590d5f10-9bca-4e9f-9cbe-ea28e435451a: 26 internal nodes; 0.6 s; peak memory 782 MiB.
2026-10-05T18:05:07Z INFO [3376/5000] 590eb5ba-87f2-43be-a082-5902b9b8cfac: 17 internal nodes; 0.6 s; peak memory 782 MiB.
2026-10-05T18:05:13Z INFO [3377/5000] 590ec528-9a9a-4de3-9844-6dc36bf3c44b: 77 internal nodes; 6.2 s; peak memory 782 MiB.
2026-10-05T18:05:14Z INFO [3378/5000] 590f0e1a-4225-481d-a98b-c9b438ca52f1: 17 internal nodes; 0.6 s; peak memory 782 MiB.
2026-10-05T18:05:15Z INFO [3379/5000] 590f9a9b-9b6d-47a2-854d-fddd336607be: 62 internal nodes; 1.1 s; peak memory 782 MiB.
2026-10-05T18:05:15Z INFO [3380/5000] 5910326c-43f3-4950-a467-b3b03056a745: 25 internal nodes; 0.7 s; peak memory 782 MiB.
2026-10-05T18:05:17Z INFO [3381/5000] 5910729f-4a00-486b-a326-c6cbbf298a9b: 44 internal nodes; 1.7 s; peak memory 782 MiB.
2026-10-05T18:05:19Z INFO [3382/5000] 59109cde-a5cd-4f29-bdc5-2cb1e8d898d0: 18 internal nodes; 1.7 s; peak memory 782 MiB.
2026-10-05T18:05:19Z INFO [3383/5000] 59112a70-b7b7-41ff-98e1-e3183dec4d14: 26 internal nodes; 0.5 s; peak memory 782 MiB.
2026-10-05T18:05:21Z INFO [3384/5000] 59114d1e-bb32-4130-9983-a9299f8f9910: 46 internal nodes; 1.7 s; peak memory 782 MiB.
2026-10-05T18:05:21Z INFO [3385/5000] 5913bb7e-1cee-4d46-b71c-fe71c5eee969: 17 internal nodes; 0.6 s; peak memory 782 MiB.
2026-10-05T18:05:22Z INFO [3386/5000] 5913d9ae-249c-4c5e-87bd-36136bf75d2a: 23 internal nodes; 0.6 s; peak memory 782 MiB.
2026-10-05T18:05:23Z INFO [3387/5000] 5914de55-011f-478a-b0bd-b60c114f7c5d: 120 internal nodes; 0.7 s; peak memory 782 MiB.
2026-10-05T18:05:24Z INFO [3388/5000] 5914f8b6-024b-4cd3-9272-fa737770c2df: 23 internal nodes; 0.9 s; peak memory 782 MiB.
2026-10-05T18:05:24Z INFO [3389/5000] 59165320-f731-4a6e-a04c-92b80471a224: 17 internal nodes; 0.6 s; peak memory 782 MiB.
2026-10-05T18:05:30Z INFO [3390/5000] 59166358-c437-4eb4-ad01-2a700209129e: 47 internal nodes; 5.6 s; peak memory 782 MiB.
2026-10-05T18:05:31Z INFO [3391/5000] 591771cc-a85b-4f65-a1c0-f5f85f46384e: 69 internal nodes; 1.1 s; peak memory 782 MiB.
2026-10-05T18:05:32Z INFO [3392/5000] 5917b15e-f80f-47f0-a356-31b6eadd1b11: 31 internal nodes; 1.0 s; peak memory 782 MiB.
2026-10-05T18:05:32Z INFO [3393/5000] 5917e20d-c929-4dc6-a68e-a4b9ea22a5f1: 17 internal nodes; 0.6 s; peak memory 782 MiB.
2026-10-05T18:05:33Z INFO [3394/5000] 59191837-74b2-4c38-84f8-e5e3e56bb66c: 17 internal nodes; 0.7 s; peak memory 782 MiB.
2026-10-05T18:05:34Z INFO [3395/5000] 5919b326-4e03-41ab-acb6-e4e5b0954f46: 54 internal nodes; 1.3 s; peak memory 782 MiB.
2026-10-05T18:05:42Z INFO [3396/5000] 5919bd7f-2b86-4328-a6a6-dbc376402f34: 231 internal nodes; 7.7 s; peak memory 782 MiB.
2026-10-05T18:05:43Z INFO [3397/5000] 5919e3c4-6d69-4579-aadc-122cbc2edda6: 27 internal nodes; 0.6 s; peak memory 782 MiB.
2026-10-05T18:05:44Z INFO [3398/5000] 591a6db0-8298-4ab5-8433-e1eeaa3e5738: 31 internal nodes; 1.0 s; peak memory 782 MiB.
2026-10-05T18:05:45Z INFO [3399/5000] 591aa00f-a8e8-4b80-9594-98df8dedcd18: 34 internal nodes; 0.9 s; peak memory 782 MiB.
2026-10-05T18:05:48Z INFO [3400/5000] 591ad761-9959-430d-ac06-7a236bc0c4c5: 117 internal nodes; 3.0 s; peak memory 782 MiB.
2026-10-05T18:05:48Z INFO [3400/5000] 591ad761-9959-430d-ac06-7a236bc0c4c5: checkpointed 89835 records.
2026-10-05T18:05:49Z INFO [3401/5000] 591b1a31-0184-461c-b550-b3e59790c4bd: 58 internal nodes; 1.1 s; peak memory 782 MiB.
2026-10-05T18:05:50Z INFO [3402/5000] 591c2665-3102-429f-ae10-75943170cff7: 61 internal nodes; 0.9 s; peak memory 782 MiB.
2026-10-05T18:05:51Z INFO [3403/5000] 591ceef3-b523-45ba-9f21-f8e8fda9c2af: 17 internal nodes; 0.7 s; peak memory 782 MiB.
2026-10-05T18:05:51Z INFO [3404/5000] 591e27f2-05b2-4206-9881-811823c1136b: 27 internal nodes; 0.6 s; peak memory 782 MiB.
2026-10-05T18:05:59Z INFO [3405/5000] 591e990a-b29d-4d5c-84c1-284578b84411: 2112 internal nodes; 8.1 s; peak memory 782 MiB.
2026-10-05T18:06:00Z INFO [3406/5000] 591ebbad-ce91-423d-81a9-cb5b029d91a6: 27 internal nodes; 0.7 s; peak memory 782 MiB.
2026-10-05T18:06:01Z INFO [3407/5000] 591f76b5-8de8-40f2-b0ae-09776d6cf4bb: 58 internal nodes; 1.1 s; peak memory 782 MiB.
2026-10-05T18:06:02Z INFO [3408/5000] 59215f99-6f16-4b42-afde-beee139bbdeb: 17 internal nodes; 0.8 s; peak memory 782 MiB.
2026-10-05T18:06:15Z INFO [3409/5000] 5921acf7-88a9-4d7a-bf1a-52928d4b4766: 237 internal nodes; 13.4 s; peak memory 782 MiB.
2026-10-05T18:06:16Z INFO [3410/5000] 59223156-b337-4e8e-84f7-75a44e9b26cc: 31 internal nodes; 1.0 s; peak memory 782 MiB.
2026-10-05T18:06:18Z INFO [3411/5000] 5922e133-ae48-4711-a284-eb8c155e55d4: 42 internal nodes; 2.0 s; peak memory 782 MiB.
2026-10-05T18:06:19Z INFO [3412/5000] 5923acbd-2444-42e9-99ff-85eec6064772: 17 internal nodes; 0.8 s; peak memory 782 MiB.
2026-10-05T18:06:21Z INFO [3413/5000] 59240252-3013-4c1c-a491-b214486afa0d: 46 internal nodes; 1.8 s; peak memory 782 MiB.
2026-10-05T18:06:21Z INFO [3414/5000] 59245413-3a45-4581-a180-e0bdea6d81e1: 25 internal nodes; 0.4 s; peak memory 782 MiB.
2026-10-05T18:06:22Z INFO [3415/5000] 592482e0-9c83-4acc-9270-40dc76511fc5: 63 internal nodes; 0.8 s; peak memory 782 MiB.
2026-10-05T18:06:24Z INFO [3416/5000] 592535bb-2659-4c66-8770-336c3b6948f2: 50 internal nodes; 1.4 s; peak memory 782 MiB.
2026-10-05T18:06:24Z INFO [3417/5000] 5925ac6a-185c-4ec9-abe9-e85cb5a830fe: 17 internal nodes; 0.6 s; peak memory 782 MiB.
2026-10-05T18:06:25Z INFO [3418/5000] 592664d7-9535-4588-b82b-002b2ece2abb: 17 internal nodes; 0.6 s; peak memory 782 MiB.
2026-10-05T18:06:27Z INFO [3419/5000] 59275657-1c0e-4bd8-a65c-c07c1d1174d2: 45 internal nodes; 2.7 s; peak memory 782 MiB.
2026-10-05T18:06:28Z INFO [3420/5000] 5927a55a-cfce-4a60-a4d6-9acc0dcbc9c6: 26 internal nodes; 0.8 s; peak memory 782 MiB.
2026-10-05T18:06:29Z INFO [3421/5000] 59297939-e744-4ead-af93-e5ecfcfbe0e4: 17 internal nodes; 0.6 s; peak memory 782 MiB.
2026-10-05T18:06:30Z INFO [3422/5000] 592a31be-1e2e-44f4-aff4-79d19b091676: 27 internal nodes; 0.7 s; peak memory 782 MiB.
2026-10-05T18:06:30Z INFO [3423/5000] 592a8ee0-d249-41d5-b459-75a662e38fa3: 27 internal nodes; 0.6 s; peak memory 782 MiB.
2026-10-05T18:06:31Z INFO [3424/5000] 592a90da-d6d5-4610-b7ca-3a8db4954f9f: 27 internal nodes; 0.7 s; peak memory 782 MiB.
2026-10-05T18:06:34Z INFO [3425/5000] 592c6416-f949-4970-ad0e-6d5f610e91d0: 55 internal nodes; 3.6 s; peak memory 782 MiB.
2026-10-05T18:06:39Z INFO [3426/5000] 592d190a-1b45-4f59-8eeb-f7ed80481f9c: 233 internal nodes; 4.5 s; peak memory 782 MiB.
2026-10-05T18:06:40Z INFO [3427/5000] 592dea03-e839-484e-b0c7-b173b2f046ec: 27 internal nodes; 0.7 s; peak memory 782 MiB.
2026-10-05T18:06:41Z INFO [3428/5000] 592e0c9e-9e72-4e66-8a7d-27563def9e67: 31 internal nodes; 1.3 s; peak memory 782 MiB.
2026-10-05T18:06:46Z INFO [3429/5000] 592e8ccb-bf58-4f40-9e97-e2ad4a6e16b2: 66 internal nodes; 4.9 s; peak memory 782 MiB.
2026-10-05T18:06:49Z INFO [3430/5000] 592f2fec-eed5-4515-baff-1cad7a364860: 143 internal nodes; 3.2 s; peak memory 782 MiB.
2026-10-05T18:06:49Z INFO [3431/5000] 5930153b-4605-48f5-a78f-e4568f55b78b: 17 internal nodes; 0.5 s; peak memory 782 MiB.
2026-10-05T18:06:50Z INFO [3432/5000] 59308eb8-496e-438b-8414-75ca9b73c189: 17 internal nodes; 0.6 s; peak memory 782 MiB.
2026-10-05T18:06:51Z INFO [3433/5000] 5930e6e1-4ac0-4c33-94db-4a24ec9b9788: 26 internal nodes; 1.0 s; peak memory 782 MiB.
2026-10-05T18:06:52Z INFO [3434/5000] 59324f7a-8568-4af9-92a5-ee332e7c85c1: 17 internal nodes; 0.6 s; peak memory 782 MiB.
2026-10-05T18:06:52Z INFO [3435/5000] 59325ca3-748a-490d-a407-15f8edc349ba: 27 internal nodes; 0.7 s; peak memory 782 MiB.
2026-10-05T18:06:53Z INFO [3436/5000] 5932751c-c139-4f4f-bd3b-d5f2274b5c9a: 115 internal nodes; 0.6 s; peak memory 782 MiB.
2026-10-05T18:06:54Z INFO [3437/5000] 59336c38-7cf3-4614-a534-dac75dd9ad5c: 17 internal nodes; 0.6 s; peak memory 782 MiB.
2026-10-05T18:06:55Z INFO [3438/5000] 5934a5f9-2ff9-4289-8213-85524149bb83: 41 internal nodes; 1.7 s; peak memory 782 MiB.
2026-10-05T18:06:56Z INFO [3439/5000] 59355c76-71d9-4cff-bfff-c666b6545b4b: 13 internal nodes; 0.6 s; peak memory 782 MiB.
2026-10-05T18:06:57Z INFO [3440/5000] 5935ced3-021c-43e8-a73c-b13982b57e2b: 44 internal nodes; 1.5 s; peak memory 782 MiB.
2026-10-05T18:06:58Z INFO [3441/5000] 5936ea33-c51c-4f1e-9e8e-5122ded565b1: 24 internal nodes; 0.8 s; peak memory 782 MiB.
2026-10-05T18:06:59Z INFO [3442/5000] 5936eb51-2382-4688-abcb-af4cf5b9dccc: 27 internal nodes; 0.7 s; peak memory 782 MiB.
2026-10-05T18:07:00Z INFO [3443/5000] 59370f06-592c-4213-86f8-98673654b398: 45 internal nodes; 1.5 s; peak memory 782 MiB.
2026-10-05T18:07:08Z INFO [3444/5000] 5937f17f-e688-4545-a727-c67e6429d725: 317 internal nodes; 8.1 s; peak memory 782 MiB.
2026-10-05T18:07:09Z INFO [3445/5000] 59388309-02e8-4a73-94e4-09e88ee36d10: 27 internal nodes; 0.7 s; peak memory 782 MiB.
2026-10-05T18:07:11Z INFO [3446/5000] 5938a881-00b4-4240-a299-1a493a3bab47: 46 internal nodes; 2.1 s; peak memory 782 MiB.
2026-10-05T18:07:12Z INFO [3447/5000] 5938c99d-dfcf-4c33-96da-843e697e68d7: 31 internal nodes; 0.6 s; peak memory 782 MiB.
2026-10-05T18:07:13Z INFO [3448/5000] 5939a5f8-7799-4bb0-8aca-3ef5a1e70e26: 27 internal nodes; 0.6 s; peak memory 782 MiB.
2026-10-05T18:07:13Z INFO [3449/5000] 593a61e6-f0e2-4903-94c0-b0f951ed4826: 34 internal nodes; 0.6 s; peak memory 782 MiB.
2026-10-05T18:07:14Z INFO [3450/5000] 593a6b4f-8481-4b4a-8246-80583451ccfe: 27 internal nodes; 0.7 s; peak memory 782 MiB.
2026-10-05T18:07:14Z INFO [3450/5000] 593a6b4f-8481-4b4a-8246-80583451ccfe: checkpointed 89885 records.
2026-10-05T18:07:15Z INFO [3451/5000] 593ab2ff-1aee-48ef-b627-c1811d985214: 21 internal nodes; 0.9 s; peak memory 782 MiB.
2026-10-05T18:07:16Z INFO [3452/5000] 593ab79a-b09e-484a-86c0-71c0d1c79505: 44 internal nodes; 1.3 s; peak memory 782 MiB.
2026-10-05T18:07:17Z INFO [3453/5000] 593af9d6-a383-4307-b088-ce6a71ab8af7: 26 internal nodes; 0.6 s; peak memory 782 MiB.
2026-10-05T18:07:18Z INFO [3454/5000] 593b56e7-67ea-48da-8aee-209953ecc8f9: 31 internal nodes; 0.9 s; peak memory 782 MiB.
2026-10-05T18:07:18Z INFO [3455/5000] 593bb7a4-3401-48a2-88a1-9236a14c3836: 27 internal nodes; 0.7 s; peak memory 782 MiB.
2026-10-05T18:07:19Z INFO [3456/5000] 593c4ff5-6900-4c7b-99fc-cbc2c2f8b513: 27 internal nodes; 0.7 s; peak memory 782 MiB.
2026-10-05T18:07:20Z INFO [3457/5000] 593cb866-fc3e-44ce-b195-1cb4a1309ed4: 11 internal nodes; 0.3 s; peak memory 782 MiB.
2026-10-05T18:07:21Z INFO [3458/5000] 593ceac1-8ca2-4bce-97b6-b39288d52db3: 28 internal nodes; 1.1 s; peak memory 782 MiB.
2026-10-05T18:07:21Z INFO [3459/5000] 593d4cec-f613-4681-b73d-44c531b2a857: 21 internal nodes; 0.5 s; peak memory 782 MiB.
2026-10-05T18:07:22Z INFO [3460/5000] 593d66fe-5ae3-47f2-9ab2-c79342ba69d6: 28 internal nodes; 0.5 s; peak memory 782 MiB.
2026-10-05T18:07:22Z INFO [3461/5000] 593dc70e-4b2b-4633-b967-6ca65471597e: 27 internal nodes; 0.9 s; peak memory 782 MiB.
2026-10-05T18:07:23Z INFO [3462/5000] 593e130a-c7a7-4e8c-9176-c4e7f6394705: 27 internal nodes; 0.9 s; peak memory 782 MiB.
2026-10-05T18:07:27Z INFO [3463/5000] 593f3022-fd08-42eb-a962-72488ac8ac41: 64 internal nodes; 3.4 s; peak memory 782 MiB.
2026-10-05T18:07:28Z INFO [3464/5000] 593f3c56-dfe2-40ac-bb31-e43da70c430b: 31 internal nodes; 0.9 s; peak memory 782 MiB.
2026-10-05T18:07:28Z INFO [3465/5000] 593fa457-0c72-444c-87db-9b87a28f5607: 31 internal nodes; 0.9 s; peak memory 782 MiB.
2026-10-05T18:07:29Z INFO [3466/5000] 593ff9c9-80a7-461b-aa89-e73a03f3ac9f: 17 internal nodes; 0.6 s; peak memory 782 MiB.
2026-10-05T18:07:30Z INFO [3467/5000] 5940031e-e803-46f5-974e-e53231e49e94: 17 internal nodes; 0.5 s; peak memory 782 MiB.
2026-10-05T18:07:33Z INFO [3468/5000] 59402754-c035-4a32-9b10-104f0aa29754: 163 internal nodes; 3.8 s; peak memory 782 MiB.
2026-10-05T18:07:34Z INFO [3469/5000] 59404a73-1c38-4bbc-909c-69e32e85a528: 17 internal nodes; 1.0 s; peak memory 782 MiB.
2026-10-05T18:07:35Z INFO [3470/5000] 59405009-9b76-4e25-b127-2b01afab6a0a: 31 internal nodes; 1.0 s; peak memory 782 MiB.
2026-10-05T18:07:36Z INFO [3471/5000] 5940fbb6-4c13-4841-8c66-0bf873a95326: 31 internal nodes; 0.7 s; peak memory 782 MiB.
2026-10-05T18:07:37Z INFO [3472/5000] 594110be-0c1c-4e7f-8d5b-82180db93478: 23 internal nodes; 0.5 s; peak memory 782 MiB.
2026-10-05T18:07:38Z INFO [3473/5000] 59414816-d93b-41d7-81f5-dd696601add8: 25 internal nodes; 0.9 s; peak memory 782 MiB.
2026-10-05T18:07:40Z INFO [3474/5000] 59417aa2-5f89-40d0-831b-017c6ffa06c7: 44 internal nodes; 1.8 s; peak memory 782 MiB.
2026-10-05T18:07:41Z INFO [3475/5000] 59430cdb-a559-4be6-a459-028e39111062: 52 internal nodes; 1.2 s; peak memory 782 MiB.
2026-10-05T18:07:43Z INFO [3476/5000] 5943bd62-3ff4-4457-9fd6-6c969f25c498: 44 internal nodes; 1.8 s; peak memory 782 MiB.
2026-10-05T18:07:45Z INFO [3477/5000] 59467635-7809-41c3-aadc-4518e94b339b: 70 internal nodes; 2.9 s; peak memory 782 MiB.
2026-10-05T18:07:46Z INFO [3478/5000] 5947423b-54dc-45e3-a2f5-531a122dd332: 17 internal nodes; 0.6 s; peak memory 782 MiB.
2026-10-05T18:07:47Z INFO [3479/5000] 5947b8ff-aa26-467a-9cf4-36c36cafbc83: 17 internal nodes; 0.7 s; peak memory 782 MiB.
2026-10-05T18:07:48Z INFO [3480/5000] 5948455c-2412-4d26-aed4-1a6fbbf95beb: 44 internal nodes; 1.5 s; peak memory 782 MiB.
2026-10-05T18:07:51Z INFO [3481/5000] 5948ca6d-f6d0-4fb9-a9dc-51244ccdc7d4: 144 internal nodes; 2.7 s; peak memory 782 MiB.
2026-10-05T18:07:52Z INFO [3482/5000] 59493cac-9ff3-4af7-ab6e-bbb9016f04e7: 28 internal nodes; 1.3 s; peak memory 782 MiB.
2026-10-05T18:07:53Z INFO [3483/5000] 594abc82-4133-4867-baef-dcfbff83a066: 30 internal nodes; 1.1 s; peak memory 782 MiB.
2026-10-05T18:07:54Z INFO [3484/5000] 594aee4c-ad5a-4579-8a87-c08c68c69125: 115 internal nodes; 0.9 s; peak memory 782 MiB.
2026-10-05T18:07:55Z INFO [3485/5000] 594cbf13-19aa-4ef6-883a-46ec21438041: 26 internal nodes; 0.8 s; peak memory 782 MiB.
2026-10-05T18:07:56Z INFO [3486/5000] 594cd4f9-91c4-426f-be68-f9025122f3ca: 27 internal nodes; 0.7 s; peak memory 782 MiB.
2026-10-05T18:07:57Z INFO [3487/5000] 594ce141-8357-4d27-b85e-acf433778b9a: 61 internal nodes; 1.0 s; peak memory 782 MiB.
2026-10-05T18:07:58Z INFO [3488/5000] 594d50cc-71f2-41de-98ed-dd554a0cc01e: 31 internal nodes; 1.0 s; peak memory 782 MiB.
2026-10-05T18:07:58Z INFO [3489/5000] 594f76ab-4667-493a-95d3-6b88cc3a3030: 17 internal nodes; 0.5 s; peak memory 782 MiB.
2026-10-05T18:07:59Z INFO [3490/5000] 594f9491-2486-490d-b30d-e729ebe7d8fd: 39 internal nodes; 1.3 s; peak memory 782 MiB.
2026-10-05T18:08:00Z INFO [3491/5000] 594fa054-dbe6-4cef-b48d-683b5179246f: 90 internal nodes; 0.7 s; peak memory 782 MiB.
2026-10-05T18:08:04Z INFO [3492/5000] 594fb87b-b996-46cc-b473-9dada1857412: 177 internal nodes; 3.9 s; peak memory 782 MiB.
2026-10-05T18:08:08Z INFO [3493/5000] 59503b8e-6d25-43b6-bc50-26eb4dbc6aad: 177 internal nodes; 3.8 s; peak memory 782 MiB.
2026-10-05T18:08:09Z INFO [3494/5000] 595062ea-1b71-42d4-b63d-af1d1f9aacd6: 27 internal nodes; 1.0 s; peak memory 782 MiB.
2026-10-05T18:08:10Z INFO [3495/5000] 59510c33-e85e-4b7d-aa74-6a08a756d65e: 29 internal nodes; 0.6 s; peak memory 782 MiB.
2026-10-05T18:08:13Z INFO [3496/5000] 5952cda8-0602-4d09-883b-6ca0855ade7d: 167 internal nodes; 3.0 s; peak memory 782 MiB.
2026-10-05T18:08:13Z INFO [3497/5000] 59534a47-ad68-4b61-bbf6-c7d0dd90520d: 11 internal nodes; 0.3 s; peak memory 782 MiB.
2026-10-05T18:08:13Z INFO [3498/5000] 5953fee6-0dc3-4508-ad3c-9ff9ef87a3e6: 28 internal nodes; 0.5 s; peak memory 782 MiB.
2026-10-05T18:08:14Z INFO [3499/5000] 59552b42-5576-4f84-8864-c10fca875dbe: 27 internal nodes; 0.7 s; peak memory 782 MiB.
2026-10-05T18:08:21Z INFO [3500/5000] 5955350d-1832-431b-8e0e-e0519e7238cc: 255 internal nodes; 6.7 s; peak memory 782 MiB.
2026-10-05T18:08:21Z INFO [3500/5000] 5955350d-1832-431b-8e0e-e0519e7238cc: checkpointed 89935 records.
2026-10-05T18:08:22Z INFO [3501/5000] 595760bf-347c-4d72-9065-aafffa4a21d2: 21 internal nodes; 0.6 s; peak memory 782 MiB.
2026-10-05T18:08:23Z INFO [3502/5000] 59585b2e-d5a3-4eb0-b11c-024fb7fb1d34: 22 internal nodes; 0.8 s; peak memory 782 MiB.
2026-10-05T18:08:24Z INFO [3503/5000] 5958794c-7a59-4307-b6d0-6316faecfb7b: 72 internal nodes; 1.4 s; peak memory 782 MiB.
2026-10-05T18:08:25Z INFO [3504/5000] 59594c91-97f7-4f2d-b9a0-af5eb8575164: 17 internal nodes; 0.7 s; peak memory 782 MiB.
2026-10-05T18:08:25Z INFO [3505/5000] 5959819a-c3ea-487d-b3c6-d3256262a697: 27 internal nodes; 0.7 s; peak memory 782 MiB.
2026-10-05T18:08:26Z INFO [3506/5000] 595aba05-eda1-4cdf-95e2-4657d4934d7f: 26 internal nodes; 0.6 s; peak memory 782 MiB.
2026-10-05T18:08:30Z INFO [3507/5000] 595b02f4-0cd4-457b-b46d-51e8da640c5c: 73 internal nodes; 3.7 s; peak memory 782 MiB.
2026-10-05T18:08:30Z INFO [3508/5000] 595b7fd4-d82d-4259-a2ac-edde9fafa23c: 115 internal nodes; 0.7 s; peak memory 782 MiB.
2026-10-05T18:08:33Z INFO [3509/5000] 595c0bc0-0c34-40ff-afd5-c0f16d2918f2: 177 internal nodes; 3.1 s; peak memory 782 MiB.
2026-10-05T18:08:34Z INFO [3510/5000] 595c6baa-6ed1-4c24-84b9-4abb181fa774: 25 internal nodes; 0.4 s; peak memory 782 MiB.
2026-10-05T18:08:36Z INFO [3511/5000] 595d2a83-24d6-4aa1-bb1f-6d9554ca5fdf: 34 internal nodes; 1.7 s; peak memory 782 MiB.
2026-10-05T18:08:36Z INFO [3512/5000] 595da6a0-9220-4588-b816-79f514dbfbee: 27 internal nodes; 0.6 s; peak memory 782 MiB.
2026-10-05T18:08:37Z INFO [3513/5000] 595de5a4-5ae3-4e70-a6ce-944dab9b83d1: 31 internal nodes; 0.7 s; peak memory 782 MiB.
2026-10-05T18:08:38Z INFO [3514/5000] 595e54bd-d2a7-46d0-a775-43f62fd06a32: 65 internal nodes; 1.5 s; peak memory 782 MiB.
2026-10-05T18:08:39Z INFO [3515/5000] 595e8f8f-6659-4fc6-bc30-4b1695f97286: 27 internal nodes; 0.7 s; peak memory 782 MiB.
2026-10-05T18:08:47Z INFO [3516/5000] 595eef2a-9a35-437a-a367-899158b1f566: 289 internal nodes; 7.5 s; peak memory 782 MiB.
2026-10-05T18:08:51Z INFO [3517/5000] 595f3b55-9f7d-46bc-8bd1-7129431d797e: 168 internal nodes; 3.9 s; peak memory 782 MiB.
2026-10-05T18:08:52Z INFO [3518/5000] 59600c27-a703-4d4e-884a-23fe52f83716: 53 internal nodes; 1.5 s; peak memory 782 MiB.
2026-10-05T18:08:53Z INFO [3519/5000] 59604bf9-e4df-45e7-a50b-7b65cab7db45: 17 internal nodes; 0.4 s; peak memory 782 MiB.
2026-10-05T18:08:53Z INFO [3520/5000] 59609d16-2b7b-4d2f-a1e0-5ed07e03d443: 31 internal nodes; 0.7 s; peak memory 782 MiB.
2026-10-05T18:08:54Z INFO [3521/5000] 59611267-37aa-4d5f-b497-ec5f3748ebac: 52 internal nodes; 1.1 s; peak memory 782 MiB.
2026-10-05T18:08:55Z INFO [3522/5000] 59616f8d-5a4c-47ce-863d-63efee42b2a4: 31 internal nodes; 0.8 s; peak memory 782 MiB.
2026-10-05T18:08:56Z INFO [3523/5000] 5961d024-242b-4f0d-8aad-a405eb86be8d: 37 internal nodes; 0.9 s; peak memory 782 MiB.
2026-10-05T18:09:05Z INFO [3524/5000] 5962f70b-c189-4615-b0ab-576b38cf7c1f: 2612 internal nodes; 8.6 s; peak memory 782 MiB.
2026-10-05T18:09:06Z INFO [3525/5000] 5963155d-108a-41c2-a898-c03d3f1955cb: 31 internal nodes; 1.0 s; peak memory 782 MiB.
2026-10-05T18:09:06Z INFO [3526/5000] 5963b760-d12c-4503-90ca-cd3a5429517c: 13 internal nodes; 0.4 s; peak memory 782 MiB.
2026-10-05T18:09:07Z INFO [3527/5000] 59646985-c6ac-42bc-a3f0-28c612a0ae54: 31 internal nodes; 0.9 s; peak memory 782 MiB.
2026-10-05T18:09:07Z INFO [3528/5000] 5964ab19-af3f-40d0-b637-18cc70eb0ee1: 15 internal nodes; 0.5 s; peak memory 782 MiB.
2026-10-05T18:09:08Z INFO [3529/5000] 59651aa8-fb30-475f-a038-6701231e7f93: 55 internal nodes; 0.7 s; peak memory 782 MiB.
2026-10-05T18:09:10Z INFO [3530/5000] 59663ccc-efb3-4c01-ae04-b77a278b3f26: 41 internal nodes; 2.2 s; peak memory 782 MiB.
2026-10-05T18:09:14Z INFO [3531/5000] 5966709c-95ab-4a8a-8c2d-931c2098ff88: 285 internal nodes; 4.1 s; peak memory 782 MiB.
2026-10-05T18:09:15Z INFO [3532/5000] 5966a193-3c8f-4de2-94d4-2d9123186215: 25 internal nodes; 0.8 s; peak memory 782 MiB.
2026-10-05T18:09:16Z INFO [3533/5000] 5966d403-a6cb-49d5-a30d-30379a9a9270: 27 internal nodes; 0.9 s; peak memory 782 MiB.
2026-10-05T18:09:17Z INFO [3534/5000] 59671630-8c17-4d9c-bc19-5b2d2471a522: 26 internal nodes; 0.5 s; peak memory 782 MiB.
2026-10-05T18:09:17Z INFO [3535/5000] 59673420-7ef8-4bd5-9e0a-6a7e67eef7a1: 17 internal nodes; 0.6 s; peak memory 782 MiB.
2026-10-05T18:09:18Z INFO [3536/5000] 59673de8-130b-4bbf-8f70-eead828d85e2: 52 internal nodes; 0.7 s; peak memory 782 MiB.
2026-10-05T18:09:19Z INFO [3537/5000] 596773ad-c5c3-4bdf-b727-1532831709d8: 27 internal nodes; 0.7 s; peak memory 782 MiB.
2026-10-05T18:09:22Z INFO [3538/5000] 5967b794-7ada-42c2-9b0e-5ac167bb7087: 169 internal nodes; 3.8 s; peak memory 782 MiB.
2026-10-05T18:09:23Z INFO [3539/5000] 59684552-39fb-474f-af65-95ae5c8f9a89: 17 internal nodes; 0.6 s; peak memory 782 MiB.
2026-10-05T18:09:24Z INFO [3540/5000] 59684a51-d688-4175-a28d-3d12faab6c63: 27 internal nodes; 0.7 s; peak memory 782 MiB.
2026-10-05T18:09:27Z INFO [3541/5000] 5968ac83-58cc-4c37-a84e-ac033ba139a6: 208 internal nodes; 2.9 s; peak memory 782 MiB.
2026-10-05T18:09:27Z INFO [3542/5000] 59694f4c-eb8f-4821-8b98-e641394f7d20: 27 internal nodes; 0.6 s; peak memory 782 MiB.
2026-10-05T18:09:28Z INFO [3543/5000] 5969b5d5-85ac-444a-9b48-02d3f5906c62: 27 internal nodes; 0.7 s; peak memory 782 MiB.
2026-10-05T18:09:29Z INFO [3544/5000] 596a766b-a42e-4855-bd25-09412b4b0c41: 27 internal nodes; 0.6 s; peak memory 782 MiB.
2026-10-05T18:09:33Z INFO [3545/5000] 596b27c5-963e-46dd-89dc-b0e0a1b9634e: 183 internal nodes; 4.1 s; peak memory 782 MiB.
2026-10-05T18:09:33Z INFO [3546/5000] 596ba06d-8ea8-43f3-8cb9-12937a7433be: 27 internal nodes; 0.7 s; peak memory 782 MiB.
2026-10-05T18:09:34Z INFO [3547/5000] 596bc753-bae9-4f57-8edb-596411ea322e: 17 internal nodes; 0.6 s; peak memory 782 MiB.
2026-10-05T18:09:35Z INFO [3548/5000] 596bcd74-0da7-4e37-9f22-e636a37826d1: 54 internal nodes; 0.8 s; peak memory 782 MiB.
2026-10-05T18:09:40Z INFO [3549/5000] 596cb717-bc42-43da-ae98-1f00d289c83a: 219 internal nodes; 4.8 s; peak memory 782 MiB.
2026-10-05T18:09:40Z INFO [3550/5000] 596cb9d6-3cdf-487b-80c7-b2bf770584b2: 115 internal nodes; 0.6 s; peak memory 782 MiB.
2026-10-05T18:09:41Z INFO [3550/5000] 596cb9d6-3cdf-487b-80c7-b2bf770584b2: checkpointed 89985 records.
2026-10-05T18:09:47Z INFO [3551/5000] 596cfcb9-afa3-43f7-bc4d-843b5bb3eadc: 323 internal nodes; 6.0 s; peak memory 782 MiB.
2026-10-05T18:09:47Z INFO [3552/5000] 596db43a-8510-4c86-9d0a-b84b354954f6: 17 internal nodes; 0.7 s; peak memory 782 MiB.
2026-10-05T18:09:52Z INFO [3553/5000] 596e1659-7a13-44e8-affa-df64ca6317ed: 61 internal nodes; 4.6 s; peak memory 782 MiB.
2026-10-05T18:09:54Z INFO [3554/5000] 596e39d9-83b7-4922-99e2-2d5dee65417e: 46 internal nodes; 1.8 s; peak memory 782 MiB.
2026-10-05T18:09:57Z INFO [3555/5000] 596e3a02-ec3f-4f31-8141-fe13e18fe0ed: 54 internal nodes; 3.8 s; peak memory 782 MiB.
2026-10-05T18:09:58Z INFO [3556/5000] 596e3f90-e231-4c8f-bd65-d00fc908a4b4: 17 internal nodes; 0.6 s; peak memory 782 MiB.
2026-10-05T18:09:59Z INFO [3557/5000] 596e47f2-c4e0-4bca-8430-31eb19bf258f: 17 internal nodes; 0.5 s; peak memory 782 MiB.
2026-10-05T18:09:59Z INFO [3558/5000] 596f3618-4183-4c40-8945-2ee289a6a822: 17 internal nodes; 0.8 s; peak memory 782 MiB.
2026-10-05T18:10:00Z INFO [3559/5000] 59707586-1bee-4316-86ab-47f39c2bfbd9: 24 internal nodes; 0.8 s; peak memory 782 MiB.
2026-10-05T18:10:02Z INFO [3560/5000] 5970eb0c-e9c3-485c-8d90-63b38a66152f: 30 internal nodes; 1.4 s; peak memory 782 MiB.
2026-10-05T18:10:06Z INFO [3561/5000] 59718d92-4780-4e29-8ab8-93a8a83058c6: 146 internal nodes; 4.2 s; peak memory 782 MiB.
2026-10-05T18:10:06Z INFO [3562/5000] 597248a4-b7d6-4607-b668-1d54edd5a561: 18 internal nodes; 0.7 s; peak memory 782 MiB.
2026-10-05T18:10:07Z INFO [3563/5000] 5972f997-4156-4b1d-b4c1-10f5cb94996b: 41 internal nodes; 0.8 s; peak memory 782 MiB.
2026-10-05T18:10:11Z INFO [3564/5000] 59740a5f-917d-43b7-baba-facbf432a95c: 702 internal nodes; 3.3 s; peak memory 782 MiB.
2026-10-05T18:10:11Z INFO [3565/5000] 59746ae2-b56a-4803-b60b-aa1af605f8eb: 17 internal nodes; 0.7 s; peak memory 782 MiB.
2026-10-05T18:10:12Z INFO [3566/5000] 59747ea9-5015-40d4-ac74-e92a6236afe6: 17 internal nodes; 0.7 s; peak memory 782 MiB.
2026-10-05T18:10:13Z INFO [3567/5000] 5974ed27-870e-45a3-97fc-ff5a843b253f: 17 internal nodes; 0.6 s; peak memory 782 MiB.
2026-10-05T18:10:13Z INFO [3568/5000] 59767415-b078-4ce7-9018-f22d6a6f80f6: 13 internal nodes; 0.5 s; peak memory 782 MiB.
2026-10-05T18:10:14Z INFO [3569/5000] 59769d03-aeee-40ab-ab87-3e58340a10d3: 17 internal nodes; 0.7 s; peak memory 782 MiB.
2026-10-05T18:10:15Z INFO [3570/5000] 5976fbd2-cd6e-40d4-b951-817a2999d08c: 31 internal nodes; 0.9 s; peak memory 782 MiB.
2026-10-05T18:10:15Z INFO [3571/5000] 5977bb63-53cd-4ea1-97f8-c6c3abd9a782: 11 internal nodes; 0.5 s; peak memory 782 MiB.
2026-10-05T18:10:16Z INFO [3572/5000] 5977dad5-d49c-494d-8ea2-cd5142dc6b16: 19 internal nodes; 0.6 s; peak memory 782 MiB.
2026-10-05T18:10:16Z INFO [3573/5000] 5977ddb6-4fbc-4565-9273-a93054bd3412: 17 internal nodes; 0.6 s; peak memory 782 MiB.
2026-10-05T18:10:20Z INFO [3574/5000] 5977f903-5aa5-4199-b18c-cc1aaeaf659d: 186 internal nodes; 3.9 s; peak memory 782 MiB.
2026-10-05T18:10:27Z INFO [3575/5000] 59782173-c444-4324-8e09-0009e0244b3c: 226 internal nodes; 7.1 s; peak memory 782 MiB.
2026-10-05T18:10:33Z INFO [3576/5000] 59783c8d-5aff-4ba3-9147-243dabcb13f9: 287 internal nodes; 5.3 s; peak memory 782 MiB.
2026-10-05T18:10:33Z INFO [3577/5000] 59783e5d-6543-4681-aa9e-9d2a6afcf85d: 90 internal nodes; 0.7 s; peak memory 782 MiB.
2026-10-05T18:10:34Z INFO [3578/5000] 59792a99-0fc3-40ea-8bd5-b896ee38e35d: 25 internal nodes; 0.5 s; peak memory 782 MiB.
2026-10-05T18:10:50Z INFO [3579/5000] 597b24ee-8250-4103-9212-7c132ed5b18a: 136 internal nodes; 16.1 s; peak memory 782 MiB.
2026-10-05T18:10:51Z INFO [3580/5000] 597b4405-2b35-4624-ac37-54c60acbb53b: 17 internal nodes; 0.7 s; peak memory 782 MiB.
2026-10-05T18:10:56Z INFO [3581/5000] 597c3639-c4a6-4de4-89ef-c5cac86cc6a2: 45 internal nodes; 5.4 s; peak memory 782 MiB.
2026-10-05T18:10:57Z INFO [3582/5000] 597c7a3d-7b85-426f-8c2e-eae8f51a991e: 37 internal nodes; 1.1 s; peak memory 782 MiB.
2026-10-05T18:10:58Z INFO [3583/5000] 597c9d48-19e9-424b-8720-e71a8c9a1ce7: 17 internal nodes; 0.6 s; peak memory 782 MiB.
2026-10-05T18:11:00Z INFO [3584/5000] 597cfc04-00a2-40d3-bf50-7484c3e9ebce: 72 internal nodes; 2.0 s; peak memory 782 MiB.
2026-10-05T18:11:02Z INFO [3585/5000] 597d6abe-f455-4b57-891f-fcfe24cdf5cb: 20 internal nodes; 2.2 s; peak memory 782 MiB.
2026-10-05T18:11:04Z INFO [3586/5000] 597e701b-c462-4f71-baf0-5edf40c24d49: 72 internal nodes; 1.6 s; peak memory 782 MiB.
2026-10-05T18:11:04Z INFO [3587/5000] 597e7eda-0ff7-4df1-aa4d-575098b0bfc1: 27 internal nodes; 0.8 s; peak memory 782 MiB.
2026-10-05T18:11:05Z INFO [3588/5000] 597f8a9a-9cc0-4413-ae0a-8fabec6df3ec: 27 internal nodes; 0.7 s; peak memory 782 MiB.
2026-10-05T18:11:14Z INFO [3589/5000] 597fb719-c2bd-491d-affa-b0222ebd917e: 439 internal nodes; 9.1 s; peak memory 782 MiB.
2026-10-05T18:11:15Z INFO [3590/5000] 597fd04e-d9d9-49b3-a20f-de3c048a4217: 17 internal nodes; 0.6 s; peak memory 782 MiB.
2026-10-05T18:11:15Z INFO [3591/5000] 5980e086-a606-406d-b34e-99d92b7b1009: 27 internal nodes; 0.7 s; peak memory 782 MiB.
2026-10-05T18:11:16Z INFO [3592/5000] 59810d0f-f71b-4b03-a11a-d9da76422531: 27 internal nodes; 0.7 s; peak memory 782 MiB.
2026-10-05T18:11:18Z INFO [3593/5000] 59817d03-4d3d-43f2-9e20-500eb3571a46: 44 internal nodes; 1.7 s; peak memory 782 MiB.
2026-10-05T18:11:18Z INFO [3594/5000] 5981bf35-4eac-4e4f-b423-7df1dc130fd6: 26 internal nodes; 0.4 s; peak memory 782 MiB.
2026-10-05T18:11:19Z INFO [3595/5000] 598270ea-e356-49a6-abbe-a82287b29b4f: 17 internal nodes; 0.7 s; peak memory 782 MiB.
2026-10-05T18:11:20Z INFO [3596/5000] 59829fa6-d03a-4229-af79-90bb93bc00ff: 31 internal nodes; 1.1 s; peak memory 782 MiB.
2026-10-05T18:11:21Z INFO [3597/5000] 5982fac8-6394-4cde-b226-84520f1c38f0: 27 internal nodes; 0.7 s; peak memory 782 MiB.
2026-10-05T18:11:21Z INFO [3598/5000] 59838ca7-b75f-41d1-864a-caa629e50ef3: 115 internal nodes; 0.6 s; peak memory 782 MiB.
2026-10-05T18:11:23Z INFO [3599/5000] 59838e26-ce20-4def-ac10-58b17d8b3e6f: 72 internal nodes; 1.5 s; peak memory 782 MiB.
2026-10-05T18:11:24Z INFO [3600/5000] 598439e4-22e1-4424-bb85-ce2b6656669b: 44 internal nodes; 1.6 s; peak memory 782 MiB.
2026-10-05T18:11:25Z INFO [3600/5000] 598439e4-22e1-4424-bb85-ce2b6656669b: checkpointed 90035 records.
2026-10-05T18:11:26Z INFO [3601/5000] 5984d5b1-a064-4c0b-ab2c-6b0710f0411b: 13 internal nodes; 0.7 s; peak memory 782 MiB.
2026-10-05T18:11:26Z INFO [3602/5000] 5984ed11-3a64-44c5-ac09-4d2dcb550fbc: 19 internal nodes; 0.7 s; peak memory 782 MiB.
2026-10-05T18:11:27Z INFO [3603/5000] 59854c3c-d7e7-4023-851c-62dfdc39e0ce: 21 internal nodes; 0.4 s; peak memory 782 MiB.
2026-10-05T18:11:27Z INFO [3604/5000] 59867cfe-b955-442e-bdeb-847ebe8955d9: 119 internal nodes; 0.9 s; peak memory 782 MiB.
2026-10-05T18:11:28Z INFO [3605/5000] 59874a02-ac65-4131-9320-0a115d60a86a: 27 internal nodes; 0.7 s; peak memory 782 MiB.
2026-10-05T18:11:29Z INFO [3606/5000] 59877bc5-97b3-42c3-aefb-c58baf1d763a: 17 internal nodes; 0.6 s; peak memory 782 MiB.
2026-10-05T18:11:30Z INFO [3607/5000] 598843ea-49ad-4f31-863a-4e4e69ad25d7: 31 internal nodes; 0.9 s; peak memory 782 MiB.
2026-10-05T18:11:30Z INFO [3608/5000] 5989dcb4-093e-4c24-ac7e-7d331959292c: 31 internal nodes; 0.6 s; peak memory 782 MiB.
2026-10-05T18:11:32Z INFO [3609/5000] 598a3e2c-d62f-4b7f-88ff-5a62f7d08945: 43 internal nodes; 1.8 s; peak memory 782 MiB.
2026-10-05T18:11:34Z INFO [3610/5000] 598af552-8c8f-4a0c-bd83-5da7841be4a3: 44 internal nodes; 1.5 s; peak memory 782 MiB.
2026-10-05T18:11:36Z INFO [3611/5000] 598b95ac-dc92-4102-8ca6-6feb581a8865: 45 internal nodes; 2.2 s; peak memory 782 MiB.
2026-10-05T18:11:38Z INFO [3612/5000] 598bc71a-015b-4759-afb5-8bc9706a4d79: 44 internal nodes; 1.6 s; peak memory 782 MiB.
2026-10-05T18:11:38Z INFO [3613/5000] 598c2347-e8a9-46ca-81dd-84226762fcb2: 25 internal nodes; 0.5 s; peak memory 782 MiB.
2026-10-05T18:11:39Z INFO [3614/5000] 598f00b2-8a49-4ccd-97dd-ef8beaddcde0: 21 internal nodes; 0.6 s; peak memory 782 MiB.
2026-10-05T18:11:39Z INFO [3615/5000] 598f27e9-6e53-4f8a-8992-9356dccb866e: 17 internal nodes; 0.6 s; peak memory 782 MiB.
2026-10-05T18:11:40Z INFO [3616/5000] 598fe618-6fc4-4bab-94ed-2b45493d66b6: 11 internal nodes; 0.4 s; peak memory 782 MiB.
2026-10-05T18:11:40Z INFO [3617/5000] 598ffdc3-edf3-4de2-9425-419b076491e4: 58 internal nodes; 0.7 s; peak memory 782 MiB.
2026-10-05T18:11:41Z INFO [3618/5000] 5990386f-ec29-4034-adbe-9e694b2e2def: 58 internal nodes; 0.8 s; peak memory 782 MiB.
2026-10-05T18:11:42Z INFO [3619/5000] 599085c8-a271-442b-bc6d-c059daa62224: 13 internal nodes; 0.4 s; peak memory 782 MiB.
2026-10-05T18:11:43Z INFO [3620/5000] 5991460c-444e-4d0b-a894-5661bbc137af: 29 internal nodes; 1.0 s; peak memory 782 MiB.
2026-10-05T18:11:44Z INFO [3621/5000] 59916408-c8d8-4d10-8bbc-764c20c842c3: 52 internal nodes; 1.0 s; peak memory 782 MiB.
2026-10-05T18:11:45Z INFO [3622/5000] 5991d875-2d86-44f0-a96b-6901a3517b69: 38 internal nodes; 1.5 s; peak memory 782 MiB.
2026-10-05T18:11:46Z INFO [3623/5000] 5991dcef-0fb1-4d94-b4a0-b5fd736b3900: 53 internal nodes; 0.7 s; peak memory 782 MiB.
2026-10-05T18:11:47Z INFO [3624/5000] 59922702-5ea5-4f2d-8969-ec98244c1f9f: 15 internal nodes; 0.6 s; peak memory 782 MiB.
2026-10-05T18:11:47Z INFO [3625/5000] 5992298d-8b36-4f90-b690-06feb0b5e5a1: 25 internal nodes; 0.5 s; peak memory 782 MiB.
2026-10-05T18:11:47Z INFO [3626/5000] 59929fee-1c49-4fe4-a420-ac58f7eb1839: 11 internal nodes; 0.4 s; peak memory 782 MiB.
2026-10-05T18:11:48Z INFO [3627/5000] 5993fa63-5422-4a51-9e66-5a3251071f26: 20 internal nodes; 0.8 s; peak memory 782 MiB.
2026-10-05T18:11:49Z INFO [3628/5000] 59944fe3-bd5d-4f9a-8407-979c69558759: 29 internal nodes; 0.9 s; peak memory 782 MiB.
2026-10-05T18:11:50Z INFO [3629/5000] 59947a91-4b05-42ac-8c4f-7c698e0b1684: 17 internal nodes; 0.6 s; peak memory 782 MiB.
2026-10-05T18:11:50Z INFO [3630/5000] 59952f54-97aa-4ee2-8228-6544894a7c18: 17 internal nodes; 0.6 s; peak memory 782 MiB.
2026-10-05T18:11:51Z INFO [3631/5000] 5995adaf-08d4-449e-a6aa-a7c7e6d122df: 13 internal nodes; 0.7 s; peak memory 782 MiB.
2026-10-05T18:11:52Z INFO [3632/5000] 5996005e-86d6-487b-90d5-ab1846f6d6f6: 31 internal nodes; 0.7 s; peak memory 782 MiB.
2026-10-05T18:12:00Z INFO [3633/5000] 59963eae-59d4-4b7a-847a-951102c9965b: 286 internal nodes; 8.3 s; peak memory 782 MiB.
2026-10-05T18:12:04Z INFO [3634/5000] 59973850-b66e-48dd-a01d-b23e01091add: 68 internal nodes; 3.7 s; peak memory 782 MiB.
2026-10-05T18:12:04Z INFO [3635/5000] 59983fa8-84eb-4a50-a6cc-dcb3c58198f0: 27 internal nodes; 0.7 s; peak memory 782 MiB.
2026-10-05T18:12:05Z INFO [3636/5000] 59986a38-ca92-4fb8-a5d1-160ccfc7ec21: 17 internal nodes; 0.6 s; peak memory 782 MiB.
2026-10-05T18:12:06Z INFO [3637/5000] 59988495-e884-4db3-81aa-0bad68122cb1: 26 internal nodes; 0.9 s; peak memory 782 MiB.
2026-10-05T18:12:07Z INFO [3638/5000] 5998aad0-b7f2-47cd-a652-3c156396c910: 17 internal nodes; 0.7 s; peak memory 782 MiB.
2026-10-05T18:12:08Z INFO [3639/5000] 599a0c34-bb9f-49ec-963b-829cc70e7b0c: 42 internal nodes; 1.8 s; peak memory 782 MiB.
2026-10-05T18:12:10Z INFO [3640/5000] 599a8a93-0d75-4c32-abc3-97399b05a3f6: 58 internal nodes; 1.5 s; peak memory 782 MiB.
2026-10-05T18:12:11Z INFO [3641/5000] 599acba2-e605-4c46-8ad7-b3f2e11c24f4: 27 internal nodes; 0.7 s; peak memory 782 MiB.
2026-10-05T18:12:12Z INFO [3642/5000] 599b7209-f747-43a7-bca4-b80e520aa5d3: 55 internal nodes; 1.0 s; peak memory 782 MiB.
2026-10-05T18:12:13Z INFO [3643/5000] 599b8726-d614-41ba-97c9-066f4744e313: 55 internal nodes; 1.6 s; peak memory 782 MiB.
2026-10-05T18:12:14Z INFO [3644/5000] 599c477a-0c0a-472b-a00d-cfe0ee2f96ce: 17 internal nodes; 0.4 s; peak memory 782 MiB.
2026-10-05T18:12:19Z INFO [3645/5000] 599ccc0a-2015-42ff-b526-f0afece960fc: 55 internal nodes; 5.5 s; peak memory 782 MiB.
2026-10-05T18:12:20Z INFO [3646/5000] 599cd459-8fbf-4592-b546-637fb022efa5: 58 internal nodes; 0.7 s; peak memory 782 MiB.
2026-10-05T18:12:20Z INFO [3647/5000] 599cda40-1772-4632-98a7-2888e27a83b3: 23 internal nodes; 0.5 s; peak memory 782 MiB.
2026-10-05T18:12:21Z INFO [3648/5000] 599d152f-c0ae-4711-bb1d-6e5af94c0191: 22 internal nodes; 0.9 s; peak memory 782 MiB.
2026-10-05T18:12:22Z INFO [3649/5000] 599e1d31-ffe4-4ec9-8c7c-7dbc07c38e7b: 18 internal nodes; 0.8 s; peak memory 782 MiB.
2026-10-05T18:12:23Z INFO [3650/5000] 599ecdb6-31e6-4610-95b2-368a4bf4e024: 27 internal nodes; 0.7 s; peak memory 782 MiB.
2026-10-05T18:12:23Z INFO [3650/5000] 599ecdb6-31e6-4610-95b2-368a4bf4e024: checkpointed 90085 records.
2026-10-05T18:12:24Z INFO [3651/5000] 599f0c89-8fed-4ee8-8dab-ca8c73e2addc: 27 internal nodes; 0.6 s; peak memory 782 MiB.
2026-10-05T18:12:24Z INFO [3652/5000] 59a0aa2f-61dd-475d-97e4-3ed185d6c5ad: 24 internal nodes; 0.9 s; peak memory 782 MiB.
2026-10-05T18:12:28Z INFO [3653/5000] 59a0b6b1-08ae-4742-8c99-6434c9769a8b: 177 internal nodes; 3.6 s; peak memory 782 MiB.
2026-10-05T18:12:29Z INFO [3654/5000] 59a2d50b-6205-4038-9930-74d3e11b04d2: 17 internal nodes; 0.7 s; peak memory 782 MiB.
2026-10-05T18:12:30Z INFO [3655/5000] 59a2db34-f846-4513-a2cc-08e4e944579b: 31 internal nodes; 1.0 s; peak memory 782 MiB.
2026-10-05T18:12:31Z INFO [3656/5000] 59a2f1a2-1e3e-4a05-962e-c0ec7bdffbdc: 30 internal nodes; 0.8 s; peak memory 782 MiB.
2026-10-05T18:12:31Z INFO [3657/5000] 59a2fabb-d149-4a9e-95ab-bdc6f5ab51c8: 19 internal nodes; 0.6 s; peak memory 782 MiB.
2026-10-05T18:12:35Z INFO [3658/5000] 59a3a7cf-4f40-4a06-92cc-a7a0ceeff430: 163 internal nodes; 4.2 s; peak memory 782 MiB.
2026-10-05T18:12:39Z INFO [3659/5000] 59a3ed29-8c1f-4b98-848d-16cafa4b8b1b: 133 internal nodes; 3.3 s; peak memory 782 MiB.
2026-10-05T18:12:40Z INFO [3660/5000] 59a40893-068d-410c-a988-c089bcbd4d5e: 22 internal nodes; 0.9 s; peak memory 782 MiB.
2026-10-05T18:12:40Z INFO [3661/5000] 59a50562-f2bd-4f2e-8ea5-eeadaea17fb6: 11 internal nodes; 0.3 s; peak memory 782 MiB.
2026-10-05T18:12:41Z INFO [3662/5000] 59a54c4c-8f35-4c33-9780-a77f33ca37de: 11 internal nodes; 0.5 s; peak memory 782 MiB.
2026-10-05T18:12:41Z INFO [3663/5000] 59a59432-6f76-419b-964d-9be954a19c5c: 17 internal nodes; 0.6 s; peak memory 782 MiB.
2026-10-05T18:12:42Z INFO [3664/5000] 59a6b5ba-581a-40d3-abe5-ce124751daf8: 17 internal nodes; 0.6 s; peak memory 782 MiB.
2026-10-05T18:12:42Z INFO [3665/5000] 59a6bb9e-2700-4930-9dff-c5215d582c20: 19 internal nodes; 0.7 s; peak memory 782 MiB.
2026-10-05T18:12:43Z INFO [3666/5000] 59a7679a-1df5-4141-a698-6b3cabbda797: 17 internal nodes; 0.6 s; peak memory 782 MiB.
2026-10-05T18:12:44Z INFO [3667/5000] 59a7d9a0-5fcd-44b9-a3e7-f927895d0241: 17 internal nodes; 0.6 s; peak memory 782 MiB.
2026-10-05T18:12:44Z INFO [3668/5000] 59a80452-0e37-4bfa-b756-d32d188fa8d1: 17 internal nodes; 0.7 s; peak memory 782 MiB.
2026-10-05T18:12:45Z INFO [3669/5000] 59a8d955-46c8-4678-84dd-d39cccd93cb2: 17 internal nodes; 0.5 s; peak memory 782 MiB.
2026-10-05T18:12:45Z INFO [3670/5000] 59a923e0-353f-4d9c-b7e5-0de8afa20138: 23 internal nodes; 0.7 s; peak memory 782 MiB.
2026-10-05T18:12:46Z INFO [3671/5000] 59a92401-ed59-438c-b59c-566a13de2c89: 26 internal nodes; 1.0 s; peak memory 782 MiB.
2026-10-05T18:12:52Z INFO [3672/5000] 59a9fdee-2533-4569-8243-ddb7c9c2b661: 44 internal nodes; 5.6 s; peak memory 782 MiB.
2026-10-05T18:12:53Z INFO [3673/5000] 59aa5b24-c7e3-46a5-8700-0dce4535f53b: 31 internal nodes; 0.7 s; peak memory 782 MiB.
2026-10-05T18:12:54Z INFO [3674/5000] 59ab2535-10da-44cc-b7d6-f8844df56623: 58 internal nodes; 1.1 s; peak memory 782 MiB.
2026-10-05T18:12:55Z INFO [3675/5000] 59ab983a-8de1-4722-8172-c17058ec8924: 116 internal nodes; 0.8 s; peak memory 782 MiB.
2026-10-05T18:12:55Z INFO [3676/5000] 59ac7ee0-b140-4d6a-848a-da9aa8441027: 18 internal nodes; 0.4 s; peak memory 782 MiB.
2026-10-05T18:12:55Z INFO [3677/5000] 59aedace-a9c2-489d-bf60-e82786e1a5e5: 17 internal nodes; 0.4 s; peak memory 782 MiB.
2026-10-05T18:12:57Z INFO [3678/5000] 59aeece8-f42c-46fa-9b73-fae5a16dbe44: 44 internal nodes; 1.3 s; peak memory 782 MiB.
2026-10-05T18:12:57Z INFO [3679/5000] 59af443b-abcc-49b4-8813-aab331ff24f0: 17 internal nodes; 0.6 s; peak memory 782 MiB.
2026-10-05T18:12:58Z INFO [3680/5000] 59b073c6-1593-4ad2-b611-d62b3682d0f0: 17 internal nodes; 0.7 s; peak memory 782 MiB.
2026-10-05T18:13:04Z INFO [3681/5000] 59b0c3b0-0cc3-4c08-97a6-0d65facd0b54: 70 internal nodes; 6.4 s; peak memory 782 MiB.
2026-10-05T18:13:05Z INFO [3682/5000] 59b132f0-2938-4193-bce3-b849f6cd890d: 27 internal nodes; 0.8 s; peak memory 782 MiB.
2026-10-05T18:13:06Z INFO [3683/5000] 59b17c5b-282d-4abb-a978-e7b5a4425fb4: 15 internal nodes; 0.5 s; peak memory 782 MiB.
2026-10-05T18:13:06Z INFO [3684/5000] 59b1c1bc-c1e6-4c82-8340-9e9612792ef3: 11 internal nodes; 0.3 s; peak memory 782 MiB.
2026-10-05T18:13:07Z INFO [3685/5000] 59b1fc97-f54d-42e7-9654-b918c83bc382: 27 internal nodes; 0.7 s; peak memory 782 MiB.
2026-10-05T18:13:08Z INFO [3686/5000] 59b284c9-98ee-485a-8ca6-2e8c7cb67b49: 17 internal nodes; 0.9 s; peak memory 782 MiB.
2026-10-05T18:13:09Z INFO [3687/5000] 59b2b966-090e-40c5-bb81-4a7aa5602605: 55 internal nodes; 1.3 s; peak memory 782 MiB.
2026-10-05T18:13:10Z INFO [3688/5000] 59b2e603-050c-45c2-8a32-6a1a24fbe11b: 17 internal nodes; 0.6 s; peak memory 782 MiB.
2026-10-05T18:13:10Z INFO [3689/5000] 59b39d69-2477-4e45-89ec-ec81410381e6: 30 internal nodes; 0.8 s; peak memory 782 MiB.
2026-10-05T18:13:11Z INFO [3690/5000] 59b47625-b00c-4814-ab2b-3503d4eb4063: 17 internal nodes; 0.5 s; peak memory 782 MiB.
2026-10-05T18:13:12Z INFO [3691/5000] 59b4ad18-1ff1-4df5-8934-e5eaad3d62a3: 27 internal nodes; 0.6 s; peak memory 782 MiB.
2026-10-05T18:13:15Z INFO [3692/5000] 59b4f6b9-6665-4666-8599-40f6da0bfe1d: 87 internal nodes; 3.3 s; peak memory 782 MiB.
2026-10-05T18:13:16Z INFO [3693/5000] 59b589fa-2173-4420-bfeb-43c9f49f69a6: 37 internal nodes; 0.7 s; peak memory 782 MiB.
2026-10-05T18:14:05Z INFO [3694/5000] 59b79daf-45c7-4155-af07-92422440f0f4: 4356 internal nodes; 49.0 s; peak memory 782 MiB.
2026-10-05T18:14:05Z INFO [3695/5000] 59b7dd8c-49fc-4de6-ab07-09c73b50be1e: 27 internal nodes; 0.8 s; peak memory 782 MiB.
2026-10-05T18:14:07Z INFO [3696/5000] 59b89153-0226-4512-8086-4b98c1586108: 32 internal nodes; 1.2 s; peak memory 782 MiB.
2026-10-05T18:14:07Z INFO [3697/5000] 59b8a858-13b6-4d1d-9027-1e36b154a644: 17 internal nodes; 0.6 s; peak memory 782 MiB.
2026-10-05T18:14:08Z INFO [3698/5000] 59b9e48b-0b0a-4ddf-8af1-53aaedc2be5b: 53 internal nodes; 1.0 s; peak memory 782 MiB.
2026-10-05T18:14:14Z INFO [3699/5000] 59baa33e-b101-47fd-8cba-b9e0755f0ad7: 202 internal nodes; 5.7 s; peak memory 782 MiB.
2026-10-05T18:14:15Z INFO [3700/5000] 59bac65d-fbd1-42b8-aafd-2df1e1115059: 17 internal nodes; 0.8 s; peak memory 782 MiB.
2026-10-05T18:14:15Z INFO [3700/5000] 59bac65d-fbd1-42b8-aafd-2df1e1115059: checkpointed 90135 records.
2026-10-05T18:14:16Z INFO [3701/5000] 59bb60a3-4d7f-4f3f-b97c-183e486c8097: 115 internal nodes; 0.7 s; peak memory 782 MiB.
2026-10-05T18:14:16Z INFO [3702/5000] 59bd5d21-d2c9-42ae-8b74-e95941e41572: 29 internal nodes; 0.8 s; peak memory 782 MiB.
2026-10-05T18:14:20Z INFO [3703/5000] 59bdc9d1-7800-4330-b915-234cbff4df43: 70 internal nodes; 3.4 s; peak memory 782 MiB.
2026-10-05T18:14:20Z INFO [3704/5000] 59be5f5f-2edb-4638-bf67-7ace928ed006: 11 internal nodes; 0.3 s; peak memory 782 MiB.
2026-10-05T18:14:21Z INFO [3705/5000] 59be6166-4c93-4efc-8ec1-5a42544e7f29: 67 internal nodes; 1.1 s; peak memory 782 MiB.
2026-10-05T18:14:22Z WARNING 59beae01-8c63-4353-a90b-e97078f0ecde: failed while reading the NWB file (KeyError: 'Unable to synchronously open object (component not found)')
2026-10-05T18:14:22Z WARNING [3706/5000] 59beae01-8c63-4353-a90b-e97078f0ecde: leaving unrecorded for a later run to retry.
2026-10-05T18:14:23Z INFO [3707/5000] 59bf4d91-b398-4678-8138-22aa5951afdc: 44 internal nodes; 1.3 s; peak memory 782 MiB.
2026-10-05T18:14:24Z INFO [3708/5000] 59c00717-ffc7-4ca7-ab70-4e1c8572be39: 13 internal nodes; 0.6 s; peak memory 782 MiB.
2026-10-05T18:14:25Z INFO [3709/5000] 59c0293c-2e4d-491f-aed2-c67ce9706c78: 17 internal nodes; 0.7 s; peak memory 782 MiB.
2026-10-05T18:14:25Z INFO [3710/5000] 59c0412b-bf62-4e6b-aad4-460e62ead209: 27 internal nodes; 0.7 s; peak memory 782 MiB.
2026-10-05T18:14:26Z INFO [3711/5000] 59c0b092-eba2-440f-8f42-c22bbe22888f: 17 internal nodes; 0.6 s; peak memory 782 MiB.
2026-10-05T18:14:27Z INFO [3712/5000] 59c218e7-f87a-4ff6-8603-38fe1f82121f: 24 internal nodes; 0.8 s; peak memory 782 MiB.
2026-10-05T18:14:27Z INFO [3713/5000] 59c2554d-37bb-4e93-82c7-893453717447: 13 internal nodes; 0.4 s; peak memory 782 MiB.
2026-10-05T18:14:28Z INFO [3714/5000] 59c26a00-1a54-449c-9d94-0b6e6fa97a97: 17 internal nodes; 0.7 s; peak memory 782 MiB.
2026-10-05T18:14:28Z INFO [3715/5000] 59c2a1bf-5a83-4134-9540-b53f80f32145: 27 internal nodes; 0.5 s; peak memory 782 MiB.
2026-10-05T18:14:34Z INFO [3716/5000] 59c2aeae-da18-49ab-9b47-190d588b0e47: 211 internal nodes; 5.8 s; peak memory 782 MiB.
2026-10-05T18:14:35Z INFO [3717/5000] 59c2f9a1-e8c6-4b4f-a7b9-2254aaefbe99: 72 internal nodes; 1.1 s; peak memory 782 MiB.
2026-10-05T18:14:36Z INFO [3718/5000] 59c40621-a0f7-4c0d-acd6-f6ad7a0c36b1: 17 internal nodes; 0.6 s; peak memory 782 MiB.
2026-10-05T18:14:36Z INFO [3719/5000] 59c492e0-e95e-4aeb-a911-fea6e54911da: 17 internal nodes; 0.7 s; peak memory 782 MiB.
2026-10-05T18:14:38Z INFO [3720/5000] 59c5b045-3def-468c-a175-2498e301d5ab: 44 internal nodes; 1.6 s; peak memory 782 MiB.
2026-10-05T18:14:38Z INFO [3721/5000] 59c5d747-0070-4998-ad91-b2712a7d699b: 18 internal nodes; 0.4 s; peak memory 782 MiB.
2026-10-05T18:14:40Z INFO [3722/5000] 59c6c768-e207-48db-96ba-f6b9413cb95d: 44 internal nodes; 1.5 s; peak memory 782 MiB.
2026-10-05T18:14:41Z INFO [3723/5000] 59c806b4-a6bc-4fb3-8f04-5cc49b374051: 13 internal nodes; 0.6 s; peak memory 782 MiB.
2026-10-05T18:14:41Z INFO [3724/5000] 59c819ce-a874-440e-86f0-21588ae16886: 17 internal nodes; 0.4 s; peak memory 782 MiB.
2026-10-05T18:14:42Z INFO [3725/5000] 59c8354e-24e8-4144-a84f-c7559e404d30: 45 internal nodes; 1.5 s; peak memory 782 MiB.
2026-10-05T18:14:43Z INFO [3726/5000] 59c85599-1121-4135-ae74-e14bc0e4eadf: 13 internal nodes; 0.7 s; peak memory 782 MiB.
2026-10-05T18:14:44Z INFO [3727/5000] 59c875c7-6a14-45a7-98b3-785e1b22471d: 116 internal nodes; 0.8 s; peak memory 782 MiB.
2026-10-05T18:14:45Z INFO [3728/5000] 59c96d1c-f22e-4a96-82ac-6c20fe6708ae: 17 internal nodes; 0.5 s; peak memory 782 MiB.
2026-10-05T18:14:46Z INFO [3729/5000] 59c98e27-3d5a-41f8-a0ef-31c473ca016a: 60 internal nodes; 1.2 s; peak memory 782 MiB.
2026-10-05T18:14:46Z INFO [3730/5000] 59c98e2a-3dd4-4b04-b903-d68a35dbcc1f: 11 internal nodes; 0.3 s; peak memory 782 MiB.
2026-10-05T18:14:47Z INFO [3731/5000] 59c9976a-a888-4cbf-9f91-8516a1e28500: 69 internal nodes; 1.0 s; peak memory 782 MiB.
2026-10-05T18:14:48Z INFO [3732/5000] 59c9acd4-8359-4d1d-8357-613f0ceb41b1: 31 internal nodes; 0.7 s; peak memory 782 MiB.
2026-10-05T18:14:50Z INFO [3733/5000] 59c9b857-21c2-4342-a168-39006e907533: 40 internal nodes; 1.9 s; peak memory 782 MiB.
2026-10-05T18:14:52Z INFO [3734/5000] 59c9f019-8c0b-4e8d-8f83-66f5fe10bfcf: 47 internal nodes; 2.3 s; peak memory 782 MiB.
2026-10-05T18:14:52Z INFO [3735/5000] 59ca48fa-3c3a-438b-8b3a-87ecf0f7757b: 24 internal nodes; 0.4 s; peak memory 782 MiB.
2026-10-05T18:14:53Z INFO [3736/5000] 59cad54b-b526-40f5-95c7-f4009143da16: 27 internal nodes; 0.8 s; peak memory 782 MiB.
2026-10-05T18:14:58Z INFO [3737/5000] 59cb8f6e-3df3-4d5e-afb9-8b75d21986ba: 71 internal nodes; 4.6 s; peak memory 782 MiB.
2026-10-05T18:14:59Z INFO [3738/5000] 59cc12f2-87a4-41bb-b5ff-ba280b764fc3: 35 internal nodes; 1.1 s; peak memory 782 MiB.
2026-10-05T18:15:00Z INFO [3739/5000] 59cc2456-2f56-4f75-9fe7-e1aa868a3ec7: 29 internal nodes; 0.9 s; peak memory 782 MiB.
2026-10-05T18:15:06Z INFO [3740/5000] 59cc555c-cb18-435d-9e7a-0f1532901d68: 202 internal nodes; 6.2 s; peak memory 782 MiB.
2026-10-05T18:15:07Z INFO [3741/5000] 59ccce03-5c25-499d-9c34-cfcae024ff15: 19 internal nodes; 0.6 s; peak memory 782 MiB.
2026-10-05T18:15:08Z INFO [3742/5000] 59ce0dfd-20f9-4f9a-9186-d7f9461064ab: 44 internal nodes; 1.7 s; peak memory 782 MiB.
2026-10-05T18:15:09Z INFO [3743/5000] 59ce8c58-29cb-4099-a77f-d12c2f9b74eb: 58 internal nodes; 0.7 s; peak memory 782 MiB.
2026-10-05T18:15:10Z INFO [3744/5000] 59cedc70-f28a-4a82-8296-35395e8ceca7: 17 internal nodes; 0.7 s; peak memory 782 MiB.
2026-10-05T18:15:10Z INFO [3745/5000] 59ceefcb-edd1-4ab6-95e5-4a20b6455190: 17 internal nodes; 0.8 s; peak memory 782 MiB.
2026-10-05T18:15:11Z INFO [3746/5000] 59cf6ccf-f09a-41f0-a303-0cba4574a0de: 15 internal nodes; 0.7 s; peak memory 782 MiB.
2026-10-05T18:15:12Z INFO [3747/5000] 59cfa8a4-3630-4a3f-a84f-977dfbef2ef2: 37 internal nodes; 1.2 s; peak memory 782 MiB.
2026-10-05T18:15:17Z INFO [3748/5000] 59d0612b-e100-4186-9722-3d4ca73a78c3: 73 internal nodes; 4.9 s; peak memory 782 MiB.
2026-10-05T18:15:18Z INFO [3749/5000] 59d155dc-0837-4287-87fb-7ac97e3bb0dc: 61 internal nodes; 0.9 s; peak memory 782 MiB.
2026-10-05T18:15:19Z INFO [3750/5000] 59d184cf-e719-474c-ae7e-5ac258be964e: 31 internal nodes; 0.8 s; peak memory 782 MiB.
2026-10-05T18:15:19Z INFO [3750/5000] 59d184cf-e719-474c-ae7e-5ac258be964e: checkpointed 90184 records.
2026-10-05T18:15:20Z INFO [3751/5000] 59d1cdf0-9074-4afa-be49-7a576384c9d5: 27 internal nodes; 0.8 s; peak memory 782 MiB.
2026-10-05T18:15:21Z INFO [3752/5000] 59d2736a-c825-44ea-9272-5ef7f220d481: 13 internal nodes; 0.7 s; peak memory 782 MiB.
2026-10-05T18:15:22Z INFO [3753/5000] 59d2fb65-4744-420f-a165-00cc9689a28a: 30 internal nodes; 0.9 s; peak memory 782 MiB.
2026-10-05T18:15:22Z INFO [3754/5000] 59d42e1d-6d2b-4aff-8570-afebe4958823: 17 internal nodes; 0.7 s; peak memory 782 MiB.
2026-10-05T18:15:23Z INFO [3755/5000] 59d5a321-cf62-45f4-8a52-8a786f296f98: 29 internal nodes; 0.7 s; peak memory 782 MiB.
2026-10-05T18:15:24Z INFO [3756/5000] 59d6f64c-f091-426a-a123-9cb8feea0806: 19 internal nodes; 0.6 s; peak memory 782 MiB.
2026-10-05T18:15:26Z INFO [3757/5000] 59d712a4-a514-4e7b-8606-63cea8e9d9a6: 46 internal nodes; 2.2 s; peak memory 782 MiB.
2026-10-05T18:15:27Z INFO [3758/5000] 59d756fc-e2b2-458b-9d31-418b64433778: 27 internal nodes; 0.8 s; peak memory 782 MiB.
2026-10-05T18:15:27Z INFO [3759/5000] 59d78b02-8020-4c5c-a20c-5d713000b3dc: 13 internal nodes; 0.6 s; peak memory 782 MiB.
2026-10-05T18:15:29Z INFO [3760/5000] 59d7ac72-c7df-41a6-9148-bc55ce2516b9: 29 internal nodes; 1.6 s; peak memory 782 MiB.
2026-10-05T18:15:30Z INFO [3761/5000] 59d86068-e98e-4b02-a9b8-0b0695ef2f15: 27 internal nodes; 0.8 s; peak memory 782 MiB.
2026-10-05T18:15:34Z INFO [3762/5000] 59d9303e-45b4-473e-a59e-025edec3802c: 164 internal nodes; 4.3 s; peak memory 782 MiB.
2026-10-05T18:15:35Z INFO [3763/5000] 59d9c01c-619d-4730-913c-e74113c5ed95: 12 internal nodes; 0.7 s; peak memory 782 MiB.
2026-10-05T18:15:35Z INFO [3764/5000] 59d9d76a-4bee-4113-8109-c32004fb54bc: 17 internal nodes; 0.6 s; peak memory 782 MiB.
2026-10-05T18:15:36Z INFO [3765/5000] 59da5c94-eff2-45d1-b4fd-8894178f2bf2: 61 internal nodes; 0.8 s; peak memory 782 MiB.
2026-10-05T18:15:51Z INFO [3766/5000] 59da6ab2-056e-4d5b-a153-70cf98860e4d: 135 internal nodes; 14.9 s; peak memory 782 MiB.
2026-10-05T18:15:52Z INFO [3767/5000] 59da8957-536c-4626-8c0c-f9cd66d17798: 27 internal nodes; 0.6 s; peak memory 782 MiB.
2026-10-05T18:15:52Z INFO [3768/5000] 59da9f7d-316d-4e14-b9b5-0ce918f7c3f6: 17 internal nodes; 0.7 s; peak memory 782 MiB.
2026-10-05T18:15:53Z INFO [3769/5000] 59dcaff5-4b83-4990-97fa-5d7094743f4c: 31 internal nodes; 0.8 s; peak memory 782 MiB.
2026-10-05T18:15:59Z INFO [3770/5000] 59deaee4-d199-4b58-bbac-12f471e66441: 61 internal nodes; 6.1 s; peak memory 782 MiB.
2026-10-05T18:16:05Z INFO [3771/5000] 59df5d92-95d6-4a98-be9e-1aa56fa0eddf: 66 internal nodes; 5.3 s; peak memory 782 MiB.
2026-10-05T18:16:06Z INFO [3772/5000] 59df6b39-e6c1-40f9-8049-59e13c8bb896: 44 internal nodes; 1.7 s; peak memory 782 MiB.
2026-10-05T18:16:08Z INFO [3773/5000] 59dfed76-7e52-4ed7-a861-683c1b043901: 22 internal nodes; 1.3 s; peak memory 782 MiB.
2026-10-05T18:16:08Z INFO [3774/5000] 59e01519-72df-4dcb-b882-c6a0b675fcf3: 26 internal nodes; 0.6 s; peak memory 782 MiB.
2026-10-05T18:16:10Z INFO [3775/5000] 59e0ae59-2749-4222-8b7a-61414150fae8: 44 internal nodes; 1.3 s; peak memory 782 MiB.
2026-10-05T18:16:10Z INFO [3776/5000] 59e16722-cd2e-4c35-87b9-27841357b7eb: 27 internal nodes; 0.8 s; peak memory 782 MiB.
2026-10-05T18:16:12Z INFO [3777/5000] 59e1f096-8186-4aa3-9f56-b44acdbbf6d3: 46 internal nodes; 1.7 s; peak memory 782 MiB.
2026-10-05T18:16:13Z INFO [3778/5000] 59e2ac94-2c34-42f2-8581-ab993e70bef0: 31 internal nodes; 0.7 s; peak memory 782 MiB.
2026-10-05T18:16:13Z INFO [3779/5000] 59e2c352-1488-43fe-a8e9-64a08e440d92: 17 internal nodes; 0.7 s; peak memory 782 MiB.
2026-10-05T18:16:17Z INFO [3780/5000] 59e30edb-9805-47b6-ab29-2ef560fa1ad2: 68 internal nodes; 3.2 s; peak memory 782 MiB.
2026-10-05T18:16:17Z INFO [3781/5000] 59e4e45a-190c-4edf-8a6b-7be12c73a2a4: 17 internal nodes; 0.7 s; peak memory 782 MiB.
2026-10-05T18:16:19Z INFO [3782/5000] 59e56e3a-d1a6-4429-81b8-070fc19a5214: 44 internal nodes; 1.5 s; peak memory 782 MiB.
2026-10-05T18:16:20Z INFO [3783/5000] 59e6e273-6641-4a3e-860c-5e11dffab127: 44 internal nodes; 1.5 s; peak memory 782 MiB.
2026-10-05T18:16:21Z INFO [3784/5000] 59e7e668-f48e-40c4-8ee3-d6039bc06055: 17 internal nodes; 0.6 s; peak memory 782 MiB.
2026-10-05T18:16:22Z INFO [3785/5000] 59e84ff9-80cb-432e-9ec2-cb73c5695537: 56 internal nodes; 0.8 s; peak memory 782 MiB.
2026-10-05T18:16:32Z INFO [3786/5000] 59e86d10-7dc8-4486-9748-0354e85a6f08: 1022 internal nodes; 10.5 s; peak memory 782 MiB.
2026-10-05T18:16:33Z INFO [3787/5000] 59e91e8b-1fdb-4e5f-a9b0-0933a22e7f81: 27 internal nodes; 0.6 s; peak memory 782 MiB.
2026-10-05T18:16:33Z INFO [3788/5000] 59ea2c08-0716-4780-9156-a336ad79b147: 25 internal nodes; 0.5 s; peak memory 782 MiB.
2026-10-05T18:16:34Z INFO [3789/5000] 59eadecf-d3a6-4aff-b8f5-e8e0de0896ba: 27 internal nodes; 0.8 s; peak memory 782 MiB.
2026-10-05T18:16:38Z INFO [3790/5000] 59ebf9b7-bb77-4725-8f15-908dc4705a72: 203 internal nodes; 4.3 s; peak memory 782 MiB.
2026-10-05T18:16:39Z INFO [3791/5000] 59ebfe05-706b-42ec-a679-ab8bab1aedce: 25 internal nodes; 0.8 s; peak memory 782 MiB.
2026-10-05T18:16:40Z INFO [3792/5000] 59ec3f2a-0074-4ddc-82ab-fffa722c73a6: 17 internal nodes; 0.7 s; peak memory 782 MiB.
2026-10-05T18:16:41Z INFO [3793/5000] 59ec7c47-4190-49ed-b31c-1afa48ad6356: 18 internal nodes; 0.9 s; peak memory 782 MiB.
2026-10-05T18:16:42Z INFO [3794/5000] 59ec9a43-704f-4d1c-ac3e-21032b935f0b: 58 internal nodes; 1.1 s; peak memory 782 MiB.
2026-10-05T18:16:43Z INFO [3795/5000] 59ecb230-e7a6-46c1-97c9-b40fa1e6648f: 31 internal nodes; 1.1 s; peak memory 782 MiB.
2026-10-05T18:16:44Z INFO [3796/5000] 59ee347b-8fa3-447b-aa33-a05dff299876: 17 internal nodes; 0.7 s; peak memory 782 MiB.
2026-10-05T18:16:44Z INFO [3797/5000] 59eef640-53f0-4e63-a7a0-1bc400c9c242: 19 internal nodes; 0.7 s; peak memory 782 MiB.
2026-10-05T18:16:46Z INFO [3798/5000] 59ef64ea-7434-4970-bfde-9b6997510dab: 46 internal nodes; 1.9 s; peak memory 782 MiB.
2026-10-05T18:16:48Z INFO [3799/5000] 59efeba9-9739-42d3-b974-f1a8c457a6cb: 46 internal nodes; 1.9 s; peak memory 782 MiB.
2026-10-05T18:16:49Z INFO [3800/5000] 59f006db-0d09-400e-b595-ff0c5c56682d: 26 internal nodes; 1.0 s; peak memory 782 MiB.
2026-10-05T18:16:50Z INFO [3800/5000] 59f006db-0d09-400e-b595-ff0c5c56682d: checkpointed 90234 records.
2026-10-05T18:16:50Z INFO [3801/5000] 59f0638a-0ca6-492d-83d1-c51c0aa32e02: 56 internal nodes; 0.9 s; peak memory 782 MiB.
2026-10-05T18:16:51Z INFO [3802/5000] 59f0b527-78e1-4972-a764-470ece6a2f36: 17 internal nodes; 0.7 s; peak memory 782 MiB.
2026-10-05T18:16:53Z INFO [3803/5000] 59f1dda2-b62c-4cf7-b497-3027f005ae32: 44 internal nodes; 1.9 s; peak memory 782 MiB.
2026-10-05T18:16:54Z INFO [3804/5000] 59f20a69-dfd2-4d12-8789-be01a7e5c184: 115 internal nodes; 0.7 s; peak memory 782 MiB.
2026-10-05T18:16:54Z INFO [3805/5000] 59f2a988-73d8-4e5c-8be8-fd667fc26dde: 17 internal nodes; 0.6 s; peak memory 782 MiB.
2026-10-05T18:16:55Z INFO [3806/5000] 59f2c5e7-3a9d-4ab7-ac46-7c3774c1dd2d: 122 internal nodes; 1.2 s; peak memory 782 MiB.
2026-10-05T18:16:56Z INFO [3807/5000] 59f38b74-b9cb-4f78-bc69-d08bf28d6208: 31 internal nodes; 0.7 s; peak memory 782 MiB.
2026-10-05T18:16:57Z INFO [3808/5000] 59f3ddc9-accc-416a-8d4d-87df4e6abff5: 13 internal nodes; 0.7 s; peak memory 782 MiB.
2026-10-05T18:16:58Z INFO [3809/5000] 59f3ea51-d936-45fb-8f32-ef078ee15725: 122 internal nodes; 0.9 s; peak memory 782 MiB.
2026-10-05T18:16:58Z INFO [3810/5000] 59f3fd22-e2c9-49d7-8ede-7a208c44b589: 25 internal nodes; 0.6 s; peak memory 782 MiB.
2026-10-05T18:16:59Z INFO [3811/5000] 59f40ba1-1ba3-4c87-9973-bde3fdcc3357: 17 internal nodes; 0.6 s; peak memory 782 MiB.
2026-10-05T18:17:04Z INFO [3812/5000] 59f440e2-b62a-4253-b419-43ba402e155c: 229 internal nodes; 5.3 s; peak memory 782 MiB.
2026-10-05T18:17:05Z INFO [3813/5000] 59f447c5-50f2-4741-b51b-c88e192a7158: 27 internal nodes; 0.7 s; peak memory 782 MiB.
2026-10-05T18:17:11Z INFO [3814/5000] 59f627c4-652c-4bfb-bcd3-5674c86b0a6e: 44 internal nodes; 6.3 s; peak memory 782 MiB.
2026-10-05T18:17:12Z INFO [3815/5000] 59f6375e-1155-4b9f-9be0-4e95e2d7d3b9: 27 internal nodes; 0.7 s; peak memory 782 MiB.
2026-10-05T18:17:13Z INFO [3816/5000] 59f6fc74-ef58-4211-b272-a5b40f57d8e7: 17 internal nodes; 0.6 s; peak memory 782 MiB.
2026-10-05T18:17:13Z INFO [3817/5000] 59f7e3e7-6dae-4fe1-b2ba-8e4d04babf0a: 27 internal nodes; 0.6 s; peak memory 782 MiB.
2026-10-05T18:17:15Z INFO [3818/5000] 59f875fa-2eb4-4ffc-af38-4f1e5ffe85d3: 44 internal nodes; 1.8 s; peak memory 782 MiB.
2026-10-05T18:17:16Z INFO [3819/5000] 59f91a53-e7bf-4a91-9541-6dc6542b93b7: 17 internal nodes; 0.7 s; peak memory 782 MiB.
2026-10-05T18:17:17Z INFO [3820/5000] 59f98978-a3ae-4340-9aa4-69f06de2e57e: 31 internal nodes; 0.9 s; peak memory 782 MiB.
2026-10-05T18:17:17Z INFO [3821/5000] 59fb11e0-f642-475e-bb0f-14dad1da982d: 17 internal nodes; 0.6 s; peak memory 782 MiB.
2026-10-05T18:17:18Z INFO [3822/5000] 59fc3290-98de-4d5e-a5fe-4a4854066c68: 17 internal nodes; 0.6 s; peak memory 782 MiB.
2026-10-05T18:17:19Z INFO [3823/5000] 59fd1612-eb21-410f-8647-23007cd914f1: 72 internal nodes; 1.3 s; peak memory 782 MiB.
2026-10-05T18:17:20Z INFO [3824/5000] 59fdccf0-de0a-4b2d-8abe-7cf94b922007: 23 internal nodes; 0.8 s; peak memory 782 MiB.
2026-10-05T18:17:20Z INFO [3825/5000] 59fe0140-a6df-4e06-8545-0449d0ebeab6: 12 internal nodes; 0.5 s; peak memory 782 MiB.
2026-10-05T18:17:21Z INFO [3826/5000] 59fe40af-e8b6-4cd7-ba99-7c9304e3fc9b: 18 internal nodes; 0.5 s; peak memory 782 MiB.
2026-10-05T18:17:23Z INFO [3827/5000] 59ff1e65-9ea9-4853-b8f1-ea5b0aa1b019: 56 internal nodes; 2.1 s; peak memory 782 MiB.
2026-10-05T18:17:24Z INFO [3828/5000] 59ff92d3-75dc-4c7d-9b1f-973015591a5a: 31 internal nodes; 0.9 s; peak memory 782 MiB.
2026-10-05T18:17:24Z INFO [3829/5000] 5a00fd6c-a9d4-4d04-9108-50529e790eac: 27 internal nodes; 0.6 s; peak memory 782 MiB.
2026-10-05T18:17:29Z INFO [3830/5000] 5a01055c-3036-4546-8660-c42db8891b6a: 61 internal nodes; 4.2 s; peak memory 782 MiB.
2026-10-05T18:17:34Z INFO [3831/5000] 5a0195a1-b5fd-458f-8a05-65c15ef5a1c1: 64 internal nodes; 5.4 s; peak memory 782 MiB.
2026-10-05T18:17:35Z INFO [3832/5000] 5a027826-6ca3-4c51-bb48-724fbbf20713: 17 internal nodes; 0.8 s; peak memory 782 MiB.
2026-10-05T18:17:36Z INFO [3833/5000] 5a02fb51-99bc-43bb-8b12-28d34c70d79c: 54 internal nodes; 0.7 s; peak memory 782 MiB.
2026-10-05T18:17:37Z INFO [3834/5000] 5a042d1d-6e7a-4a06-99a8-d518e7b6d9dc: 44 internal nodes; 1.5 s; peak memory 782 MiB.
2026-10-05T18:17:38Z INFO [3835/5000] 5a046a74-0d55-448c-a7a6-9ac0d2836e08: 29 internal nodes; 0.8 s; peak memory 782 MiB.
2026-10-05T18:17:39Z INFO [3836/5000] 5a048ea4-0532-4f19-af9f-94b69bcc88ab: 23 internal nodes; 0.8 s; peak memory 782 MiB.
2026-10-05T18:17:39Z INFO [3837/5000] 5a055763-8249-4ed5-8932-527e5eb7ed63: 62 internal nodes; 0.8 s; peak memory 782 MiB.
2026-10-05T18:17:40Z INFO [3838/5000] 5a0557f8-cca7-4674-ab45-67838a57af79: 11 internal nodes; 0.3 s; peak memory 782 MiB.
2026-10-05T18:17:40Z INFO [3839/5000] 5a05d524-c254-4e82-8b3b-26be76a0611b: 17 internal nodes; 0.6 s; peak memory 782 MiB.
2026-10-05T18:17:41Z INFO [3840/5000] 5a063e55-0474-4eaa-a43f-2e8e5e9bf5ad: 28 internal nodes; 0.5 s; peak memory 782 MiB.
2026-10-05T18:17:41Z INFO [3841/5000] 5a0691e3-4272-4747-98b0-24acef2cd1a2: 17 internal nodes; 0.7 s; peak memory 782 MiB.
2026-10-05T18:17:55Z INFO [3842/5000] 5a06d459-d420-4142-af38-60b545702276: 137 internal nodes; 13.1 s; peak memory 782 MiB.
2026-10-05T18:17:55Z INFO [3843/5000] 5a079ea7-ba33-49fb-86e3-ce4441b8ddaf: 17 internal nodes; 0.7 s; peak memory 782 MiB.
2026-10-05T18:17:56Z INFO [3844/5000] 5a08003e-9844-45ac-9951-73b7e8cee845: 31 internal nodes; 0.9 s; peak memory 782 MiB.
2026-10-05T18:17:59Z INFO [3845/5000] 5a08817f-4797-4848-be51-d9ed2cc961eb: 41 internal nodes; 2.5 s; peak memory 782 MiB.
2026-10-05T18:17:59Z INFO [3846/5000] 5a08b674-6cf0-4e03-a7a6-32d281b34038: 17 internal nodes; 0.7 s; peak memory 782 MiB.
2026-10-05T18:18:00Z INFO [3847/5000] 5a090d95-c580-4f2b-bd47-0faa0ad6ec16: 119 internal nodes; 0.9 s; peak memory 782 MiB.
2026-10-05T18:18:01Z INFO [3848/5000] 5a0954ee-cda4-4408-8832-edaa5dda929a: 24 internal nodes; 1.0 s; peak memory 782 MiB.
2026-10-05T18:18:02Z INFO [3849/5000] 5a09578c-5192-4ed6-bf08-88c8e7167ad1: 31 internal nodes; 0.9 s; peak memory 782 MiB.
2026-10-05T18:18:03Z INFO [3850/5000] 5a09949c-9b1a-47e0-b628-e3870b5be5fb: 17 internal nodes; 0.6 s; peak memory 782 MiB.
2026-10-05T18:18:03Z INFO [3850/5000] 5a09949c-9b1a-47e0-b628-e3870b5be5fb: checkpointed 90284 records.
2026-10-05T18:18:04Z INFO [3851/5000] 5a09dd44-f7d9-4611-9843-e2454371cda7: 19 internal nodes; 0.7 s; peak memory 782 MiB.
2026-10-05T18:18:04Z INFO [3852/5000] 5a0aabff-c22e-4451-96ca-0e212d92931e: 22 internal nodes; 0.5 s; peak memory 782 MiB.
2026-10-05T18:18:05Z INFO [3853/5000] 5a0bbc39-a237-4025-954e-2268a2a70f17: 27 internal nodes; 0.8 s; peak memory 782 MiB.
2026-10-05T18:18:06Z INFO [3854/5000] 5a0c7e88-2be5-4f01-bf11-e9717e3892fe: 25 internal nodes; 0.7 s; peak memory 782 MiB.
2026-10-05T18:18:07Z INFO [3855/5000] 5a0cdc28-0ff8-4be4-b1ac-00b2043ae9a1: 18 internal nodes; 0.7 s; peak memory 782 MiB.
2026-10-05T18:18:07Z INFO [3856/5000] 5a0d31b6-7624-4baa-bbc6-ad6e70f7e1a6: 11 internal nodes; 0.4 s; peak memory 782 MiB.
2026-10-05T18:18:08Z INFO [3857/5000] 5a0e7cc1-208a-4d84-82de-0f16e576c030: 31 internal nodes; 1.1 s; peak memory 782 MiB.
2026-10-05T18:18:10Z INFO [3858/5000] 5a0f9f58-d014-4654-bab0-12a3cd5d9894: 44 internal nodes; 1.7 s; peak memory 782 MiB.
2026-10-05T18:18:10Z INFO [3859/5000] 5a0fa3be-0c4b-46fe-8231-5967184af48e: 17 internal nodes; 0.7 s; peak memory 782 MiB.
2026-10-05T18:18:15Z INFO [3860/5000] 5a122190-a95f-4d9d-89a3-b772581ff537: 195 internal nodes; 5.0 s; peak memory 782 MiB.
2026-10-05T18:18:17Z INFO [3861/5000] 5a1381d7-055f-4c1a-8f1a-a83873419efd: 58 internal nodes; 1.3 s; peak memory 782 MiB.
2026-10-05T18:18:18Z INFO [3862/5000] 5a138ad2-bf95-4093-861c-7abdcd6be936: 90 internal nodes; 0.9 s; peak memory 782 MiB.
2026-10-05T18:18:18Z INFO [3863/5000] 5a13de66-5d21-4e74-82ab-e2aaec99ca35: 27 internal nodes; 0.7 s; peak memory 782 MiB.
2026-10-05T18:18:19Z INFO [3864/5000] 5a1452f2-1a24-4df1-8d11-d4f465219664: 17 internal nodes; 0.7 s; peak memory 782 MiB.
2026-10-05T18:18:21Z INFO [3865/5000] 5a148070-9efe-4906-9cd0-c95ffe7e99e3: 72 internal nodes; 1.5 s; peak memory 782 MiB.
2026-10-05T18:18:21Z INFO [3866/5000] 5a14ad20-a739-47a4-b12a-f03bd7b8caed: 17 internal nodes; 0.7 s; peak memory 782 MiB.
2026-10-05T18:18:23Z INFO [3867/5000] 5a15119a-2d6a-4843-8912-f29d472f25b8: 72 internal nodes; 1.4 s; peak memory 782 MiB.
2026-10-05T18:18:23Z INFO [3868/5000] 5a15e946-8d37-48d9-8b57-53e25497d32c: 30 internal nodes; 0.7 s; peak memory 782 MiB.
2026-10-05T18:18:29Z INFO [3869/5000] 5a1705b5-c96f-4b31-a1da-e1e2c0beeafb: 319 internal nodes; 5.2 s; peak memory 782 MiB.
2026-10-05T18:18:30Z INFO [3870/5000] 5a1747db-79c1-438d-abdf-d079744f1267: 44 internal nodes; 1.5 s; peak memory 782 MiB.
2026-10-05T18:18:31Z INFO [3871/5000] 5a175559-2e1f-4d25-b689-8c08910d0cb6: 114 internal nodes; 0.6 s; peak memory 782 MiB.
2026-10-05T18:18:32Z INFO [3872/5000] 5a175df3-301e-49a7-8e45-12839e23c657: 27 internal nodes; 0.9 s; peak memory 782 MiB.
2026-10-05T18:18:36Z INFO [3873/5000] 5a179ea4-fdcf-4fc1-8c9a-37e88fe0e84a: 66 internal nodes; 4.7 s; peak memory 782 MiB.
2026-10-05T18:18:37Z INFO [3874/5000] 5a186be7-9491-48cf-8d78-ed4d810ae297: 23 internal nodes; 1.0 s; peak memory 782 MiB.
2026-10-05T18:18:38Z INFO [3875/5000] 5a18ee09-abb9-4da0-b80e-99be3c80d100: 17 internal nodes; 0.6 s; peak memory 782 MiB.
2026-10-05T18:18:38Z INFO [3876/5000] 5a19e621-541f-46a0-aafa-e045aa076a3b: 11 internal nodes; 0.5 s; peak memory 782 MiB.
2026-10-05T18:18:39Z INFO [3877/5000] 5a1abdb6-73d1-4280-9ef3-ec601b30b551: 21 internal nodes; 0.7 s; peak memory 782 MiB.
2026-10-05T18:18:40Z INFO [3878/5000] 5a1b4592-a808-4bde-aac4-eeec8ba8baf0: 31 internal nodes; 0.7 s; peak memory 782 MiB.
2026-10-05T18:18:41Z INFO [3879/5000] 5a1bb398-ade6-4a4a-a645-1c071c38738f: 42 internal nodes; 1.7 s; peak memory 782 MiB.
2026-10-05T18:18:42Z INFO [3880/5000] 5a1c0520-9aa3-496b-a3f6-65cf72ec19b5: 23 internal nodes; 0.7 s; peak memory 782 MiB.
2026-10-05T18:18:43Z INFO [3881/5000] 5a1c234b-68f3-4494-8abc-b7179c14cd69: 58 internal nodes; 0.8 s; peak memory 782 MiB.
2026-10-05T18:18:43Z INFO [3882/5000] 5a1cb121-4090-4617-86f7-46b98661e682: 13 internal nodes; 0.3 s; peak memory 782 MiB.
2026-10-05T18:18:44Z INFO [3883/5000] 5a1e00f9-f115-4c50-88be-dd8615e1be23: 25 internal nodes; 0.8 s; peak memory 782 MiB.
2026-10-05T18:18:45Z INFO [3884/5000] 5a1eb836-7d7c-4faa-9cd2-a896c6095213: 11 internal nodes; 0.5 s; peak memory 782 MiB.
2026-10-05T18:18:46Z INFO [3885/5000] 5a1edefc-e76b-4611-ba36-28222d1fc36d: 32 internal nodes; 1.1 s; peak memory 782 MiB.
2026-10-05T18:18:46Z INFO [3886/5000] 5a1f205c-3868-4602-bd6b-9942ee115b1b: 23 internal nodes; 0.7 s; peak memory 782 MiB.
2026-10-05T18:18:47Z INFO [3887/5000] 5a200bd1-90f8-4dc9-a797-2f02affef1c7: 31 internal nodes; 0.8 s; peak memory 782 MiB.
2026-10-05T18:18:48Z INFO [3888/5000] 5a2028cc-e739-472f-a61a-df83eb1be2a9: 37 internal nodes; 0.8 s; peak memory 782 MiB.
2026-10-05T18:18:48Z INFO [3889/5000] 5a20c36e-fb0d-4b25-9017-186a9afa2a5b: 22 internal nodes; 0.4 s; peak memory 782 MiB.
2026-10-05T18:18:49Z INFO [3890/5000] 5a22128d-eefc-4e3f-ab9f-6bc9ee391a60: 11 internal nodes; 0.4 s; peak memory 782 MiB.
2026-10-05T18:18:49Z INFO [3891/5000] 5a22689e-c6b8-43c3-aa71-82f6d2ec25a6: 27 internal nodes; 0.6 s; peak memory 782 MiB.
2026-10-05T18:18:51Z INFO [3892/5000] 5a23b2be-c3cc-465b-8b77-15deaa71e8ea: 44 internal nodes; 1.6 s; peak memory 782 MiB.
2026-10-05T18:18:52Z INFO [3893/5000] 5a24338e-4c15-4b84-b8d6-8dbbd2c8f09c: 72 internal nodes; 1.0 s; peak memory 782 MiB.
2026-10-05T18:18:53Z INFO [3894/5000] 5a2451dc-3df0-462b-bc3b-976c6450415f: 27 internal nodes; 0.8 s; peak memory 782 MiB.
2026-10-05T18:18:56Z INFO [3895/5000] 5a245c52-edd5-4e99-aad5-b9564feb38fd: 100 internal nodes; 3.5 s; peak memory 782 MiB.
2026-10-05T18:18:57Z INFO [3896/5000] 5a24a952-a025-4b3d-a618-08b020850fdb: 19 internal nodes; 0.7 s; peak memory 782 MiB.
2026-10-05T18:18:58Z INFO [3897/5000] 5a24b31e-070d-4dd2-8733-31d2ed30d283: 27 internal nodes; 0.7 s; peak memory 782 MiB.
2026-10-05T18:18:59Z INFO [3898/5000] 5a24dced-5dd1-4b76-bf34-4f19b86b73ce: 66 internal nodes; 1.0 s; peak memory 782 MiB.
2026-10-05T18:18:59Z INFO [3899/5000] 5a25f400-d92c-424a-8331-0eee6183582a: 27 internal nodes; 0.6 s; peak memory 782 MiB.
2026-10-05T18:19:00Z INFO [3900/5000] 5a2674ee-a244-46b2-9158-ecb529045a64: 17 internal nodes; 0.6 s; peak memory 782 MiB.
2026-10-05T18:19:00Z INFO [3900/5000] 5a2674ee-a244-46b2-9158-ecb529045a64: checkpointed 90334 records.
2026-10-05T18:19:01Z INFO [3901/5000] 5a267c25-f747-4f09-9bca-60d107429288: 27 internal nodes; 0.7 s; peak memory 782 MiB.
2026-10-05T18:19:03Z INFO [3902/5000] 5a26bb2d-5ac6-4e95-b0ca-c7381f030aa1: 45 internal nodes; 2.3 s; peak memory 782 MiB.
2026-10-05T18:19:04Z INFO [3903/5000] 5a2711d0-149c-439d-939f-44423ed22402: 115 internal nodes; 0.7 s; peak memory 782 MiB.
2026-10-05T18:19:04Z INFO [3904/5000] 5a279489-38f6-4d94-a458-c6577a42f16c: 11 internal nodes; 0.3 s; peak memory 782 MiB.
2026-10-05T18:19:06Z INFO [3905/5000] 5a2812cf-7be7-4dc4-a696-060e16b6eb6a: 63 internal nodes; 1.7 s; peak memory 782 MiB.
2026-10-05T18:19:07Z INFO [3906/5000] 5a282bc6-92d6-4ed2-b925-eac126d37862: 31 internal nodes; 0.8 s; peak memory 782 MiB.
2026-10-05T18:19:07Z INFO [3907/5000] 5a283a20-eab3-40b4-b246-87e01b90c6cd: 27 internal nodes; 0.6 s; peak memory 782 MiB.
2026-10-05T18:19:08Z INFO [3908/5000] 5a288849-26a4-4942-9e94-65b0e6a4681c: 23 internal nodes; 0.6 s; peak memory 782 MiB.
2026-10-05T18:19:12Z INFO [3909/5000] 5a29dc87-a928-4864-a7b2-592737520777: 177 internal nodes; 3.7 s; peak memory 782 MiB.
2026-10-05T18:19:17Z INFO [3910/5000] 5a2a1714-8340-48de-8702-d0191af27991: 177 internal nodes; 5.7 s; peak memory 782 MiB.
2026-10-05T18:19:18Z INFO [3911/5000] 5a2a30bf-437f-426e-b56f-bdab5385d419: 17 internal nodes; 0.8 s; peak memory 782 MiB.
2026-10-05T18:19:54Z INFO [3912/5000] 5a2a3ac6-0c32-44e3-a3a2-e70370aab514: 1659 internal nodes; 36.3 s; peak memory 782 MiB.
2026-10-05T18:19:55Z INFO [3913/5000] 5a2a4b02-0469-4153-8117-e2926635238d: 17 internal nodes; 0.7 s; peak memory 782 MiB.
2026-10-05T18:19:56Z INFO [3914/5000] 5a2b4491-98b6-4a64-a7de-e69d59d57c4c: 27 internal nodes; 0.8 s; peak memory 782 MiB.
2026-10-05T18:19:57Z INFO [3915/5000] 5a2b557c-cacc-4058-8db7-a4e71f5e64e1: 115 internal nodes; 0.8 s; peak memory 782 MiB.
2026-10-05T18:19:58Z INFO [3916/5000] 5a2d1eb2-d660-4e05-ad72-f1d4e87b574c: 17 internal nodes; 0.7 s; peak memory 782 MiB.
2026-10-05T18:19:58Z INFO [3917/5000] 5a2dcc59-6e30-41ed-8794-69d0cae3f084: 11 internal nodes; 0.5 s; peak memory 782 MiB.
2026-10-05T18:19:59Z INFO [3918/5000] 5a2e6887-16f5-4791-b3d7-9a20edcb15bc: 28 internal nodes; 1.2 s; peak memory 782 MiB.
2026-10-05T18:20:00Z INFO [3919/5000] 5a2fc430-683d-474a-a1cf-b1d1d1e62e38: 23 internal nodes; 0.9 s; peak memory 782 MiB.
2026-10-05T18:20:01Z INFO [3920/5000] 5a307164-6f8f-4f43-b90d-29e3e5e9bb68: 18 internal nodes; 0.9 s; peak memory 782 MiB.
2026-10-05T18:21:59Z INFO [3921/5000] 5a30724a-846f-4c17-aa40-980a6c7b34b7: 710 internal nodes; 117.5 s; peak memory 782 MiB.
2026-10-05T18:21:59Z INFO [3922/5000] 5a3076cf-aded-48dd-94e3-8a5c90ceae39: 27 internal nodes; 0.6 s; peak memory 782 MiB.
2026-10-05T18:22:01Z INFO [3923/5000] 5a30e29c-aa57-42da-89e6-58492c4dc4e8: 72 internal nodes; 2.0 s; peak memory 782 MiB.
2026-10-05T18:22:02Z INFO [3924/5000] 5a321828-7a44-4505-a0c2-33abe92ff908: 31 internal nodes; 1.1 s; peak memory 782 MiB.
2026-10-05T18:22:03Z INFO [3925/5000] 5a322074-4d01-416d-a541-a5e0aa6fe504: 26 internal nodes; 0.5 s; peak memory 782 MiB.
2026-10-05T18:22:08Z INFO [3926/5000] 5a326d15-2ab0-4666-b18e-9201a2578799: 208 internal nodes; 5.8 s; peak memory 782 MiB.
2026-10-05T18:22:12Z INFO [3927/5000] 5a32df4a-3a2b-44fd-a52b-5a05f983996e: 205 internal nodes; 3.6 s; peak memory 782 MiB.
2026-10-05T18:22:13Z INFO [3928/5000] 5a32e98f-37d5-4805-bf87-7e2e0f1a4813: 27 internal nodes; 0.8 s; peak memory 782 MiB.
2026-10-05T18:22:14Z INFO [3929/5000] 5a32fc56-b104-4128-88e9-805d5f5eb976: 25 internal nodes; 0.7 s; peak memory 782 MiB.
2026-10-05T18:22:15Z INFO [3930/5000] 5a33c95a-7c3e-45fa-be0f-a6c2e1706049: 44 internal nodes; 1.8 s; peak memory 782 MiB.
2026-10-05T18:22:16Z INFO [3931/5000] 5a33c9b3-a97e-4e5b-8178-89e450c125e8: 27 internal nodes; 0.7 s; peak memory 782 MiB.
2026-10-05T18:22:17Z INFO [3932/5000] 5a34d6f2-21c8-47fa-9e53-3f919f194efc: 27 internal nodes; 0.7 s; peak memory 782 MiB.
2026-10-05T18:22:17Z INFO [3933/5000] 5a35ba8f-3e61-4112-b07a-f71982854de6: 17 internal nodes; 0.7 s; peak memory 782 MiB.
2026-10-05T18:22:22Z INFO [3934/5000] 5a35c719-b81b-44b2-8d13-89ce9ba1a9cb: 186 internal nodes; 4.7 s; peak memory 782 MiB.
2026-10-05T18:22:23Z INFO [3935/5000] 5a3601f4-1be2-469e-99d0-0bc2a3ce1af4: 17 internal nodes; 0.7 s; peak memory 782 MiB.
2026-10-05T18:22:23Z INFO [3936/5000] 5a36249b-bb52-442d-9b70-4246036a7e8b: 27 internal nodes; 0.8 s; peak memory 782 MiB.
2026-10-05T18:22:24Z INFO [3937/5000] 5a3762d8-7afa-47c1-bf2d-0661a492ee74: 31 internal nodes; 1.0 s; peak memory 782 MiB.
2026-10-05T18:22:25Z INFO [3938/5000] 5a37b323-dc6f-47bf-903e-0328e8495c7f: 17 internal nodes; 0.7 s; peak memory 782 MiB.
2026-10-05T18:22:29Z INFO [3939/5000] 5a37fa85-5265-4ff4-bd25-4c435df59b56: 54 internal nodes; 3.9 s; peak memory 782 MiB.
2026-10-05T18:22:29Z INFO [3940/5000] 5a3940a8-287d-4305-859f-3e2b578711de: 25 internal nodes; 0.4 s; peak memory 782 MiB.
2026-10-05T18:22:30Z INFO [3941/5000] 5a398e66-fa9a-492a-9bb4-c03861ec5e64: 17 internal nodes; 0.8 s; peak memory 782 MiB.
2026-10-05T18:22:31Z INFO [3942/5000] 5a399490-af5b-4a3c-9453-29d4041361c1: 24 internal nodes; 0.8 s; peak memory 782 MiB.
2026-10-05T18:22:32Z INFO [3943/5000] 5a39c61e-a26e-48b5-b00d-a27a360899cc: 16 internal nodes; 0.6 s; peak memory 782 MiB.
2026-10-05T18:22:32Z INFO [3944/5000] 5a3a25e4-591e-47d8-8d62-e654a63280ae: 53 internal nodes; 0.8 s; peak memory 782 MiB.
2026-10-05T18:22:33Z INFO [3945/5000] 5a3abf87-0168-49a0-8a6e-24e10732faac: 17 internal nodes; 0.7 s; peak memory 782 MiB.
2026-10-05T18:22:37Z INFO [3946/5000] 5a3ade54-f8af-4a0b-8561-bb521d1a19c9: 210 internal nodes; 4.3 s; peak memory 782 MiB.
2026-10-05T18:22:38Z INFO [3947/5000] 5a3ae88f-7e23-428f-b3d5-63cecec2aae6: 17 internal nodes; 0.6 s; peak memory 782 MiB.
2026-10-05T18:22:39Z INFO [3948/5000] 5a3b39ef-31f6-4bf1-adf1-ab6d1e7c7c7a: 58 internal nodes; 0.8 s; peak memory 782 MiB.
2026-10-05T18:22:43Z INFO [3949/5000] 5a3c4ff4-8596-402b-bc80-9b2f043a3f43: 41 internal nodes; 4.0 s; peak memory 782 MiB.
2026-10-05T18:22:47Z INFO [3950/5000] 5a3c5cb7-8726-4062-930c-107efd183fd7: 96 internal nodes; 4.1 s; peak memory 782 MiB.
2026-10-05T18:22:47Z INFO [3950/5000] 5a3c5cb7-8726-4062-930c-107efd183fd7: checkpointed 90384 records.
2026-10-05T18:22:48Z INFO [3951/5000] 5a3df9ea-f007-44ae-b0ef-e9a869519ee2: 17 internal nodes; 0.6 s; peak memory 782 MiB.
2026-10-05T18:22:49Z INFO [3952/5000] 5a3e7851-5522-423f-aa0e-dff9a6fc51a1: 27 internal nodes; 0.7 s; peak memory 782 MiB.
2026-10-05T18:22:49Z INFO [3953/5000] 5a4101df-6be7-4793-b9c3-b1acdbc7d449: 27 internal nodes; 0.8 s; peak memory 782 MiB.
2026-10-05T18:23:00Z INFO [3954/5000] 5a41410a-5db3-4081-a21c-6d7551aafeca: 333 internal nodes; 10.9 s; peak memory 782 MiB.
2026-10-05T18:23:01Z INFO [3955/5000] 5a427167-ff9c-4557-a457-07ea001b1d65: 58 internal nodes; 0.6 s; peak memory 782 MiB.
2026-10-05T18:23:02Z INFO [3956/5000] 5a42e9aa-396c-4ff7-92bd-697a3bf81295: 17 internal nodes; 0.8 s; peak memory 782 MiB.
2026-10-05T18:23:02Z INFO [3957/5000] 5a43b59d-de38-4cec-8582-6c937981cdc2: 116 internal nodes; 0.6 s; peak memory 782 MiB.
2026-10-05T18:23:03Z INFO [3958/5000] 5a43c37f-4cd8-4fab-a171-d62f6428d81b: 28 internal nodes; 0.6 s; peak memory 782 MiB.
2026-10-05T18:23:03Z INFO [3959/5000] 5a441207-d904-44ee-ab22-6a596e4e529a: 17 internal nodes; 0.5 s; peak memory 782 MiB.
2026-10-05T18:23:05Z INFO [3960/5000] 5a442bb7-7e1f-4c1c-a5f9-18df5984a1a9: 25 internal nodes; 1.1 s; peak memory 782 MiB.
2026-10-05T18:23:06Z INFO [3961/5000] 5a4470ac-18ac-4afb-86af-84018f401fea: 29 internal nodes; 1.1 s; peak memory 782 MiB.
2026-10-05T18:23:07Z INFO [3962/5000] 5a457c2d-da67-4667-9f96-c4487cb7ba0f: 36 internal nodes; 1.3 s; peak memory 782 MiB.
2026-10-05T18:23:08Z INFO [3963/5000] 5a464eb0-7057-45b0-92e8-d8f505e212ae: 46 internal nodes; 1.6 s; peak memory 782 MiB.
2026-10-05T18:23:09Z INFO [3964/5000] 5a4652e1-0e70-4acf-b7ad-a995f14ff063: 19 internal nodes; 0.7 s; peak memory 782 MiB.
2026-10-05T18:23:10Z INFO [3965/5000] 5a467092-0a47-4293-878f-5777c92283ec: 27 internal nodes; 0.7 s; peak memory 782 MiB.
2026-10-05T18:23:11Z INFO [3966/5000] 5a4720eb-c719-43c0-90bd-3802454fe882: 17 internal nodes; 0.7 s; peak memory 782 MiB.
2026-10-05T18:23:11Z INFO [3967/5000] 5a472d59-0a2a-4669-b24d-7298e9b23e9d: 27 internal nodes; 0.6 s; peak memory 782 MiB.
2026-10-05T18:23:12Z INFO [3968/5000] 5a474389-b325-45ea-ab62-7cc996db4623: 31 internal nodes; 0.9 s; peak memory 782 MiB.
2026-10-05T18:23:13Z INFO [3969/5000] 5a4778f5-dddf-4b72-8154-5e6bf8cbad00: 26 internal nodes; 0.6 s; peak memory 782 MiB.
2026-10-05T18:23:13Z INFO [3970/5000] 5a4789b4-e00a-4171-9ac6-18b28644c149: 17 internal nodes; 0.6 s; peak memory 782 MiB.
2026-10-05T18:23:14Z INFO [3971/5000] 5a47977e-2797-4a6e-96cb-a80b2d73dc65: 15 internal nodes; 0.5 s; peak memory 782 MiB.
2026-10-05T18:23:15Z INFO [3972/5000] 5a485292-8049-458c-9a77-059a9734ade5: 31 internal nodes; 0.8 s; peak memory 782 MiB.
2026-10-05T18:23:19Z INFO [3973/5000] 5a493f0b-9575-49f5-97bd-5b1d21853cb7: 157 internal nodes; 4.3 s; peak memory 782 MiB.
2026-10-05T18:23:24Z INFO [3974/5000] 5a4a684e-27bc-4390-bdb4-4d98aec830ac: 59 internal nodes; 4.6 s; peak memory 782 MiB.
2026-10-05T18:23:24Z INFO [3975/5000] 5a4b1f4c-5b40-4af3-8a0b-cd99f2aaea58: 27 internal nodes; 0.7 s; peak memory 782 MiB.
2026-10-05T18:23:25Z INFO [3976/5000] 5a4bd2a4-2994-455e-99d9-96b1a8cbd5a3: 17 internal nodes; 0.7 s; peak memory 782 MiB.
2026-10-05T18:23:26Z INFO [3977/5000] 5a4c0212-8b5f-43ea-bbb2-6d04216c4e81: 27 internal nodes; 0.8 s; peak memory 782 MiB.
2026-10-05T18:23:26Z INFO [3978/5000] 5a4c3505-554e-48a9-bd41-9c76059cc71a: 17 internal nodes; 0.6 s; peak memory 782 MiB.
2026-10-05T18:23:27Z INFO [3979/5000] 5a4c4d51-3254-426a-a418-95f8a52bca4a: 90 internal nodes; 0.9 s; peak memory 782 MiB.
2026-10-05T18:23:28Z INFO [3980/5000] 5a4e4129-8cdd-4502-93c7-509a49654f79: 27 internal nodes; 0.7 s; peak memory 782 MiB.
2026-10-05T18:23:29Z INFO [3981/5000] 5a4fe7f6-dc07-4e4c-a5db-81d17cf3886f: 22 internal nodes; 1.1 s; peak memory 782 MiB.
2026-10-05T18:23:30Z INFO [3982/5000] 5a514d4a-3b66-42cf-b0e8-6f7bcc17d740: 27 internal nodes; 0.5 s; peak memory 782 MiB.
2026-10-05T18:23:33Z INFO [3983/5000] 5a51aca0-d1a5-46a1-b011-89fe0f57a048: 171 internal nodes; 3.5 s; peak memory 782 MiB.
2026-10-05T18:23:34Z INFO [3984/5000] 5a52090b-95aa-4f90-b3dd-9679fbc71cf6: 27 internal nodes; 0.8 s; peak memory 782 MiB.
2026-10-05T18:23:34Z INFO [3985/5000] 5a52a2b1-8c4a-48b4-9115-3c683915724a: 31 internal nodes; 0.5 s; peak memory 782 MiB.
2026-10-05T18:23:40Z INFO [3986/5000] 5a532f6e-418e-4705-bb67-42e596e28b3a: 197 internal nodes; 5.6 s; peak memory 782 MiB.
2026-10-05T18:23:41Z INFO [3987/5000] 5a5351b4-dc7c-4041-9c6e-74f6d5a98a0c: 17 internal nodes; 0.6 s; peak memory 782 MiB.
2026-10-05T18:23:42Z INFO [3988/5000] 5a53df1f-2bb5-4ac5-8e3a-475d524c60c0: 24 internal nodes; 1.0 s; peak memory 782 MiB.
2026-10-05T18:23:43Z INFO [3989/5000] 5a5427d6-dd5a-49ef-b15e-d521a2f683ea: 37 internal nodes; 1.1 s; peak memory 782 MiB.
2026-10-05T18:23:43Z INFO [3990/5000] 5a548f6a-7799-4cd8-b1d2-5e8b990b4e5f: 16 internal nodes; 0.5 s; peak memory 782 MiB.
2026-10-05T18:23:44Z INFO [3991/5000] 5a55639c-5f85-4601-9ffc-c9de8aaf8eaf: 20 internal nodes; 1.1 s; peak memory 782 MiB.
2026-10-05T18:23:45Z INFO [3992/5000] 5a55f189-5c52-4348-81ea-ac6fea759cb6: 63 internal nodes; 1.0 s; peak memory 782 MiB.
2026-10-05T18:23:46Z INFO [3993/5000] 5a561d53-63aa-43df-88b4-8e66dddfab8b: 31 internal nodes; 0.7 s; peak memory 782 MiB.
2026-10-05T18:23:53Z INFO [3994/5000] 5a563112-b338-4650-9f6f-cd9b2a33e4ad: 243 internal nodes; 7.1 s; peak memory 782 MiB.
2026-10-05T18:23:53Z INFO [3995/5000] 5a56792c-95a2-4d8f-9647-5b9341c6287a: 11 internal nodes; 0.4 s; peak memory 782 MiB.
2026-10-05T18:23:54Z INFO [3996/5000] 5a5873c1-6e2c-4a7e-bcfc-66180b88d4ff: 27 internal nodes; 0.7 s; peak memory 782 MiB.
2026-10-05T18:23:55Z INFO [3997/5000] 5a5a0d97-d1dd-40ee-807f-6b54afe670aa: 31 internal nodes; 1.1 s; peak memory 782 MiB.
2026-10-05T18:23:56Z INFO [3998/5000] 5a5aec38-a77e-4b43-a481-1bf5c6a098c5: 31 internal nodes; 0.9 s; peak memory 782 MiB.
2026-10-05T18:23:57Z INFO [3999/5000] 5a5b4135-406a-4328-804d-125ca4ee966e: 31 internal nodes; 0.7 s; peak memory 782 MiB.
2026-10-05T18:23:58Z INFO [4000/5000] 5a5b4777-a324-45f8-841b-92445a35ddfc: 37 internal nodes; 1.2 s; peak memory 782 MiB.
2026-10-05T18:23:58Z INFO [4000/5000] 5a5b4777-a324-45f8-841b-92445a35ddfc: checkpointed 90434 records.
2026-10-05T18:23:59Z INFO [4001/5000] 5a5c2cc1-7738-4325-a354-1eea3800d72b: 26 internal nodes; 0.4 s; peak memory 782 MiB.
2026-10-05T18:24:01Z INFO [4002/5000] 5a5d04b1-86b1-4809-9a9e-ef0ee88267bd: 41 internal nodes; 1.8 s; peak memory 782 MiB.
2026-10-05T18:24:01Z INFO [4003/5000] 5a5d701c-16e1-48af-bbd0-2f1f3f673fe6: 17 internal nodes; 0.6 s; peak memory 782 MiB.
2026-10-05T18:24:02Z INFO [4004/5000] 5a5e5e7d-9022-4739-8721-bf9e58b5e8c9: 31 internal nodes; 0.9 s; peak memory 782 MiB.
2026-10-05T18:24:03Z INFO [4005/5000] 5a5f6101-8d5a-4cb1-8e63-97be24fb95d6: 61 internal nodes; 1.0 s; peak memory 782 MiB.
2026-10-05T18:24:04Z INFO [4006/5000] 5a5f8cdd-9f50-4bb6-980a-4350b685c73a: 13 internal nodes; 0.6 s; peak memory 782 MiB.
2026-10-05T18:24:04Z INFO [4007/5000] 5a5fc867-9b7e-4f10-b456-f8441682b029: 25 internal nodes; 0.5 s; peak memory 782 MiB.
2026-10-05T18:24:05Z INFO [4008/5000] 5a6032a2-7e08-4b43-a70f-98615c44fe6d: 29 internal nodes; 0.8 s; peak memory 782 MiB.
2026-10-05T18:24:06Z INFO [4009/5000] 5a606831-4b85-4673-b033-fe4746f434f5: 27 internal nodes; 0.7 s; peak memory 782 MiB.
2026-10-05T18:24:12Z INFO [4010/5000] 5a606a52-4196-48bc-ba02-10e61f0c2980: 64 internal nodes; 6.3 s; peak memory 782 MiB.
2026-10-05T18:24:13Z INFO [4011/5000] 5a60c8ca-feb5-4c27-9d3d-cc0989c666ec: 27 internal nodes; 0.7 s; peak memory 782 MiB.
2026-10-05T18:24:13Z INFO [4012/5000] 5a60d639-a26b-4100-b55c-2ef64df1de71: 27 internal nodes; 0.7 s; peak memory 782 MiB.
2026-10-05T18:24:14Z INFO [4013/5000] 5a61a6b0-d506-45ae-a959-cbaa8b411eea: 17 internal nodes; 0.8 s; peak memory 782 MiB.
2026-10-05T18:24:16Z INFO [4014/5000] 5a61c60e-ad23-41a1-928b-27f52a29d9be: 44 internal nodes; 1.6 s; peak memory 782 MiB.
2026-10-05T18:24:16Z INFO [4015/5000] 5a61e3bf-31a1-423f-be2e-2d7caf901b1f: 17 internal nodes; 0.6 s; peak memory 782 MiB.
2026-10-05T18:24:17Z INFO [4016/5000] 5a61f021-87b0-4e07-9164-0e071144dd72: 31 internal nodes; 1.0 s; peak memory 782 MiB.
2026-10-05T18:24:18Z INFO [4017/5000] 5a623f7e-774b-47a7-a158-0c4ffbe6a593: 44 internal nodes; 1.3 s; peak memory 782 MiB.
2026-10-05T18:24:22Z INFO [4018/5000] 5a62aa14-b921-4e5e-ba11-e54b5a6f17b5: 138 internal nodes; 3.0 s; peak memory 782 MiB.
2026-10-05T18:24:22Z INFO [4019/5000] 5a634b61-3503-407e-b09e-ad09daef6155: 31 internal nodes; 0.9 s; peak memory 782 MiB.
2026-10-05T18:24:24Z INFO [4020/5000] 5a63b799-6865-457c-9331-58b832c9ba6f: 25 internal nodes; 1.8 s; peak memory 782 MiB.
2026-10-05T18:24:25Z INFO [4021/5000] 5a63e40a-e8d3-4dc9-b24b-8de3097c8649: 13 internal nodes; 0.7 s; peak memory 782 MiB.
2026-10-05T18:24:26Z INFO [4022/5000] 5a63faa3-4a52-4851-baa8-eebb9f771f12: 23 internal nodes; 0.8 s; peak memory 782 MiB.
2026-10-05T18:24:26Z INFO [4023/5000] 5a64737a-fefe-46b5-a8ab-e810a27ecf9c: 13 internal nodes; 0.4 s; peak memory 782 MiB.
2026-10-05T18:24:27Z INFO [4024/5000] 5a64ed94-2ade-434e-861b-bc9eefa32d38: 17 internal nodes; 0.6 s; peak memory 782 MiB.
2026-10-05T18:24:27Z INFO [4025/5000] 5a651f11-9ca2-4bbf-8761-c2eaaa307c78: 19 internal nodes; 0.6 s; peak memory 782 MiB.
2026-10-05T18:24:28Z INFO [4026/5000] 5a6545a4-7229-43f3-aa03-946c3cab2037: 17 internal nodes; 0.5 s; peak memory 782 MiB.
2026-10-05T18:24:29Z INFO [4027/5000] 5a656eaf-e78c-4198-b1e3-e49e02b5f83a: 63 internal nodes; 1.3 s; peak memory 782 MiB.
2026-10-05T18:24:33Z INFO [4028/5000] 5a659f74-4a8b-47ee-8eb1-fd2eddee1956: 133 internal nodes; 4.3 s; peak memory 782 MiB.
2026-10-05T18:24:34Z INFO [4029/5000] 5a664fd6-bcec-40b8-801f-0e21696d89e4: 86 internal nodes; 0.9 s; peak memory 782 MiB.
2026-10-05T18:24:35Z INFO [4030/5000] 5a669bad-37db-44b5-a0db-e27578f121f4: 23 internal nodes; 0.5 s; peak memory 782 MiB.
2026-10-05T18:24:40Z INFO [4031/5000] 5a66eaee-5704-42b5-b774-c5ea2d44e07a: 115 internal nodes; 5.1 s; peak memory 782 MiB.
2026-10-05T18:24:40Z INFO [4032/5000] 5a673cb5-ca38-43be-9e35-420660b6d769: 19 internal nodes; 0.5 s; peak memory 782 MiB.
2026-10-05T18:24:41Z INFO [4033/5000] 5a67d965-3661-442e-9d33-31db1b0d94d2: 31 internal nodes; 1.0 s; peak memory 782 MiB.
2026-10-05T18:24:42Z INFO [4034/5000] 5a680357-8e06-48a2-b9df-cb5f9d4a7ca0: 27 internal nodes; 0.8 s; peak memory 782 MiB.
2026-10-05T18:24:43Z INFO [4035/5000] 5a68a37e-7444-45c3-a8db-8869f30bfbf1: 58 internal nodes; 0.6 s; peak memory 782 MiB.
2026-10-05T18:24:44Z INFO [4036/5000] 5a694814-69e7-4ebb-b58e-671e057db0bf: 67 internal nodes; 1.1 s; peak memory 782 MiB.
2026-10-05T18:24:45Z INFO [4037/5000] 5a699de5-79b7-44d6-8cc9-db13e349466e: 17 internal nodes; 0.6 s; peak memory 782 MiB.
2026-10-05T18:24:45Z INFO [4038/5000] 5a69af0b-4937-472b-b0b6-03e4c8779280: 27 internal nodes; 0.8 s; peak memory 782 MiB.
2026-10-05T18:24:48Z INFO [4039/5000] 5a69c085-0935-40eb-ac0f-6ebc25924e80: 44 internal nodes; 2.1 s; peak memory 782 MiB.
2026-10-05T18:24:49Z INFO [4040/5000] 5a69edb5-0460-4992-bfb9-7cd698212066: 44 internal nodes; 1.8 s; peak memory 782 MiB.
2026-10-05T18:24:50Z INFO [4041/5000] 5a6b1aa0-13d6-422b-a7e4-890d52f30bfa: 17 internal nodes; 0.7 s; peak memory 782 MiB.
2026-10-05T18:24:51Z INFO [4042/5000] 5a6c270b-336a-41f0-9465-bcec886c255f: 31 internal nodes; 1.0 s; peak memory 782 MiB.
2026-10-05T18:24:52Z INFO [4043/5000] 5a6c3fd5-f0e3-46bf-9ed1-380ab1aa6c0a: 27 internal nodes; 0.7 s; peak memory 782 MiB.
2026-10-05T18:24:53Z INFO [4044/5000] 5a6c7275-ac27-4013-9529-7ea8f2bf89f8: 59 internal nodes; 1.1 s; peak memory 782 MiB.
2026-10-05T18:24:55Z INFO [4045/5000] 5a6db783-5723-458d-bc2a-3b00d6997cfb: 44 internal nodes; 1.7 s; peak memory 782 MiB.
2026-10-05T18:24:55Z INFO [4046/5000] 5a6dbf02-cf8d-4390-a766-0ccefb9a6f51: 18 internal nodes; 0.7 s; peak memory 782 MiB.
2026-10-05T18:24:56Z INFO [4047/5000] 5a6dc0ec-b1ad-4e1c-8970-04c7b817e02e: 66 internal nodes; 0.9 s; peak memory 782 MiB.
2026-10-05T18:25:02Z INFO [4048/5000] 5a6e5081-6e42-436c-bd06-ebba74a4cbb1: 115 internal nodes; 6.0 s; peak memory 782 MiB.
2026-10-05T18:25:03Z INFO [4049/5000] 5a6f2cf0-26b1-44e1-a85d-20768d2b63bf: 27 internal nodes; 0.7 s; peak memory 782 MiB.
2026-10-05T18:25:04Z INFO [4050/5000] 5a6f6add-8f9a-4e3f-bd2a-37f8549a89d4: 55 internal nodes; 1.1 s; peak memory 782 MiB.
2026-10-05T18:25:04Z INFO [4050/5000] 5a6f6add-8f9a-4e3f-bd2a-37f8549a89d4: checkpointed 90484 records.
2026-10-05T18:25:05Z INFO [4051/5000] 5a6f7e43-1f4b-4713-bfcb-654ac2239a23: 17 internal nodes; 0.7 s; peak memory 782 MiB.
2026-10-05T18:25:06Z INFO [4052/5000] 5a70b5c1-783d-4297-ad62-74899b8f5896: 58 internal nodes; 1.2 s; peak memory 782 MiB.
2026-10-05T18:25:10Z INFO [4053/5000] 5a713240-9e1d-4fb8-b1c6-a306ccd520a6: 54 internal nodes; 4.1 s; peak memory 782 MiB.
2026-10-05T18:25:11Z INFO [4054/5000] 5a72abff-066f-459d-8507-84d9f2cecd78: 120 internal nodes; 0.9 s; peak memory 782 MiB.
2026-10-05T18:25:12Z INFO [4055/5000] 5a752ac8-1f30-47f1-b0c2-0489aca01ce4: 17 internal nodes; 0.5 s; peak memory 782 MiB.
2026-10-05T18:25:18Z INFO [4056/5000] 5a75911e-291b-474b-aefc-74fdd1675854: 60 internal nodes; 6.5 s; peak memory 782 MiB.
2026-10-05T18:25:19Z INFO [4057/5000] 5a76c634-9c63-4e4d-8e3b-51b4de7ee0d8: 17 internal nodes; 0.6 s; peak memory 782 MiB.
2026-10-05T18:25:20Z INFO [4058/5000] 5a77527f-8246-433a-a18d-e8fd4cb791ac: 17 internal nodes; 0.6 s; peak memory 782 MiB.
2026-10-05T18:25:20Z INFO [4059/5000] 5a77db85-9ae5-4379-9e9b-db857ac183c2: 24 internal nodes; 0.7 s; peak memory 782 MiB.
2026-10-05T18:25:21Z INFO [4060/5000] 5a77e97b-f9a2-48cf-b6b8-2323c9363392: 27 internal nodes; 0.7 s; peak memory 782 MiB.
2026-10-05T18:25:22Z INFO [4061/5000] 5a77fbf5-d826-4be6-80e8-b7236c748806: 27 internal nodes; 0.7 s; peak memory 782 MiB.
2026-10-05T18:25:22Z INFO [4062/5000] 5a793c83-49a9-4842-884a-f406b0ea7854: 27 internal nodes; 0.8 s; peak memory 782 MiB.
2026-10-05T18:25:23Z INFO [4063/5000] 5a79bd57-dde1-4a92-96e3-87bc25f6e9d4: 18 internal nodes; 0.6 s; peak memory 782 MiB.
2026-10-05T18:25:24Z INFO [4064/5000] 5a7a3a60-d92d-44ec-9dec-cb2b50c2e5c7: 19 internal nodes; 0.6 s; peak memory 782 MiB.
2026-10-05T18:25:25Z INFO [4065/5000] 5a7b7744-d081-4a28-8368-a2fe7f5d2d82: 28 internal nodes; 1.4 s; peak memory 782 MiB.
2026-10-05T18:25:26Z INFO [4066/5000] 5a7b8379-f3d2-4730-aa5c-5f2d7dbd52ba: 18 internal nodes; 0.5 s; peak memory 782 MiB.
2026-10-05T18:25:27Z INFO [4067/5000] 5a7b9785-e0ec-4ead-bd46-ee6507ed8d0c: 27 internal nodes; 1.1 s; peak memory 782 MiB.
2026-10-05T18:25:27Z INFO [4068/5000] 5a7ba73d-adf9-45f3-9c40-502a17aab410: 27 internal nodes; 0.7 s; peak memory 782 MiB.
2026-10-05T18:25:28Z INFO [4069/5000] 5a7c1f0c-2c29-4203-87ae-061dc2b490ce: 17 internal nodes; 0.8 s; peak memory 782 MiB.
2026-10-05T18:25:29Z INFO [4070/5000] 5a7c5bb2-5069-4254-8ffe-228b9d49a173: 17 internal nodes; 0.7 s; peak memory 782 MiB.
2026-10-05T18:25:30Z INFO [4071/5000] 5a7cbcc3-e879-4fcf-93d3-f187d8e6ebac: 17 internal nodes; 0.8 s; peak memory 782 MiB.
2026-10-05T18:25:31Z INFO [4072/5000] 5a7d0d86-cf16-4c9c-95d9-4a8acc1d8e40: 59 internal nodes; 1.1 s; peak memory 782 MiB.
2026-10-05T18:25:31Z INFO [4073/5000] 5a7decc5-24e4-4b11-8fbd-9e20b811f086: 11 internal nodes; 0.3 s; peak memory 782 MiB.
2026-10-05T18:25:32Z INFO [4074/5000] 5a7e3616-3cd3-44fe-9822-83962ec5cc8f: 18 internal nodes; 0.6 s; peak memory 782 MiB.
2026-10-05T18:25:34Z INFO [4075/5000] 5a7e5a95-37ac-4f42-8f7a-7c92cddf626e: 44 internal nodes; 1.9 s; peak memory 782 MiB.
2026-10-05T18:25:37Z INFO [4076/5000] 5a7ec80b-e39b-4ad3-a5f0-2e35ce87d2cf: 73 internal nodes; 3.7 s; peak memory 782 MiB.
2026-10-05T18:25:38Z INFO [4077/5000] 5a7f80a2-309b-46e2-8902-aa2a43ac807a: 28 internal nodes; 0.6 s; peak memory 782 MiB.
2026-10-05T18:25:39Z INFO [4078/5000] 5a7fcdb8-948a-4f32-8759-a82247fd0f1b: 54 internal nodes; 1.0 s; peak memory 782 MiB.
2026-10-05T18:25:39Z INFO [4079/5000] 5a812451-7ff2-4a5d-8b5d-cd05a1aec15e: 25 internal nodes; 0.5 s; peak memory 782 MiB.
2026-10-05T18:25:40Z INFO [4080/5000] 5a816dc8-da01-4f5e-8094-123ba53c8083: 13 internal nodes; 0.5 s; peak memory 782 MiB.
2026-10-05T18:25:45Z INFO [4081/5000] 5a819922-81ff-4673-9e70-72d9a739efc7: 187 internal nodes; 4.7 s; peak memory 782 MiB.
2026-10-05T18:25:46Z INFO [4082/5000] 5a819bcb-c175-412f-9a0c-9a7a7edca95f: 32 internal nodes; 1.2 s; peak memory 782 MiB.
2026-10-05T18:25:46Z INFO [4083/5000] 5a81b764-04fd-4322-b797-cf73f5b572f2: 17 internal nodes; 0.7 s; peak memory 782 MiB.
2026-10-05T18:25:47Z INFO [4084/5000] 5a81db94-cbb7-491c-8d07-c2857201c16c: 62 internal nodes; 1.0 s; peak memory 782 MiB.
2026-10-05T18:25:48Z INFO [4085/5000] 5a82f72f-1bdf-4849-ab97-606258758b62: 29 internal nodes; 1.0 s; peak memory 782 MiB.
2026-10-05T18:25:49Z INFO [4086/5000] 5a832e09-9037-4e52-bc6e-0d287d97c2ea: 27 internal nodes; 0.6 s; peak memory 782 MiB.
2026-10-05T18:25:50Z INFO [4087/5000] 5a83993f-e133-41f8-be51-c49e21c48f41: 57 internal nodes; 1.5 s; peak memory 782 MiB.
2026-10-05T18:25:51Z INFO [4088/5000] 5a847f58-88f0-4b0e-9f13-4ddfc994b39b: 61 internal nodes; 0.9 s; peak memory 782 MiB.
2026-10-05T18:25:52Z INFO [4089/5000] 5a84c911-07e4-44b0-9447-57a43a828dfe: 13 internal nodes; 0.5 s; peak memory 782 MiB.
2026-10-05T18:25:53Z INFO [4090/5000] 5a85488f-aea9-46aa-a5aa-6fec668307e6: 17 internal nodes; 0.7 s; peak memory 782 MiB.
2026-10-05T18:25:54Z INFO [4091/5000] 5a85957a-af21-49c6-8f3b-b54eed2aebca: 56 internal nodes; 1.0 s; peak memory 782 MiB.
2026-10-05T18:25:54Z INFO [4092/5000] 5a85a57e-85a4-4ae7-af44-86be39bad26b: 27 internal nodes; 0.7 s; peak memory 782 MiB.
2026-10-05T18:25:55Z INFO [4093/5000] 5a85afe0-98c2-461e-9b2f-b0a81b8665f4: 17 internal nodes; 0.9 s; peak memory 782 MiB.
2026-10-05T18:25:56Z INFO [4094/5000] 5a8696db-1fdf-46ce-8195-7e033eb5725a: 16 internal nodes; 0.6 s; peak memory 782 MiB.
2026-10-05T18:26:00Z INFO [4095/5000] 5a86a276-0650-4b51-916e-47636cae2503: 192 internal nodes; 4.2 s; peak memory 782 MiB.
2026-10-05T18:26:05Z INFO [4096/5000] 5a873feb-904a-409f-8a68-23d5ee362461: 41 internal nodes; 5.4 s; peak memory 782 MiB.
2026-10-05T18:26:06Z INFO [4097/5000] 5a877dad-cfc4-4632-83d6-0ef62b55f107: 27 internal nodes; 1.0 s; peak memory 782 MiB.
2026-10-05T18:26:14Z INFO [4098/5000] 5a878a0c-fac9-4017-834c-f7dc20f88810: 241 internal nodes; 7.7 s; peak memory 782 MiB.
2026-10-05T18:26:16Z INFO [4099/5000] 5a87955c-14ef-41d6-bf88-bee425213422: 44 internal nodes; 1.7 s; peak memory 782 MiB.
2026-10-05T18:26:17Z INFO [4100/5000] 5a87ab1d-4f52-40b3-a128-8ebcb3e0a797: 29 internal nodes; 1.3 s; peak memory 782 MiB.
2026-10-05T18:26:17Z INFO [4100/5000] 5a87ab1d-4f52-40b3-a128-8ebcb3e0a797: checkpointed 90534 records.
2026-10-05T18:26:18Z INFO [4101/5000] 5a880419-678d-4a6e-8fab-87ad1b7e723f: 27 internal nodes; 0.8 s; peak memory 782 MiB.
2026-10-05T18:26:19Z INFO [4102/5000] 5a885af1-c6be-456f-b422-742ee2cd3405: 18 internal nodes; 0.6 s; peak memory 782 MiB.
2026-10-05T18:26:19Z INFO [4103/5000] 5a8873ce-9d38-4b2c-af9a-1147add19660: 17 internal nodes; 0.7 s; peak memory 782 MiB.
2026-10-05T18:26:20Z INFO [4104/5000] 5a88755b-1c1e-4631-ae5e-240e9b73fba5: 17 internal nodes; 0.6 s; peak memory 782 MiB.
2026-10-05T18:26:20Z INFO [4105/5000] 5a8941e1-565e-4fd2-901e-40d67b187f69: 11 internal nodes; 0.4 s; peak memory 782 MiB.
2026-10-05T18:26:21Z INFO [4106/5000] 5a8b7670-ceda-4c2d-a7d9-24c88c046d68: 27 internal nodes; 0.8 s; peak memory 782 MiB.
2026-10-05T18:26:22Z INFO [4107/5000] 5a8ce1c1-7803-4656-89aa-235bb9def2e7: 17 internal nodes; 0.6 s; peak memory 782 MiB.
2026-10-05T18:26:32Z INFO [4108/5000] 5a8d1a3d-6cae-457c-b275-d861b85f3c5d: 145 internal nodes; 10.1 s; peak memory 782 MiB.
2026-10-05T18:26:32Z INFO [4109/5000] 5a8d9ed8-52ce-4a50-af75-4f156c31dde5: 18 internal nodes; 0.6 s; peak memory 782 MiB.
2026-10-05T18:26:33Z INFO [4110/5000] 5a8dbaf7-8eeb-4631-a717-b0de675a04e3: 11 internal nodes; 0.4 s; peak memory 782 MiB.
2026-10-05T18:26:34Z INFO [4111/5000] 5a8fa9ad-dc5e-4bf9-abc4-05eb50db6c21: 39 internal nodes; 1.2 s; peak memory 782 MiB.
2026-10-05T18:26:35Z INFO [4112/5000] 5a9067af-5b32-4699-8b59-fd310894bf50: 21 internal nodes; 0.6 s; peak memory 782 MiB.
2026-10-05T18:26:36Z INFO [4113/5000] 5a90ee80-9d63-4875-896c-ba0345997a99: 27 internal nodes; 1.0 s; peak memory 782 MiB.
2026-10-05T18:26:36Z INFO [4114/5000] 5a91ff71-385b-40a7-b8dd-3e19839e6d11: 27 internal nodes; 0.6 s; peak memory 782 MiB.
2026-10-05T18:26:37Z INFO [4115/5000] 5a9210b4-3bbe-4629-b18d-7b0167e46cfb: 53 internal nodes; 0.8 s; peak memory 782 MiB.
2026-10-05T18:26:38Z INFO [4116/5000] 5a923ca4-30ce-4f04-84fd-cf333d567a88: 50 internal nodes; 1.4 s; peak memory 782 MiB.
2026-10-05T18:26:39Z INFO [4117/5000] 5a92e56a-6b3b-4c8b-b0a7-e5b67307c6ae: 27 internal nodes; 0.7 s; peak memory 782 MiB.
2026-10-05T18:26:40Z INFO [4118/5000] 5a933888-da7c-4272-b2df-b17d9c73c269: 17 internal nodes; 0.7 s; peak memory 782 MiB.
2026-10-05T18:26:41Z INFO [4119/5000] 5a93b1e2-b062-4948-acba-561e9d5e1c2a: 30 internal nodes; 0.9 s; peak memory 782 MiB.
2026-10-05T18:26:41Z INFO [4120/5000] 5a946d5d-2e1b-4bd4-a2ee-9c629105187c: 11 internal nodes; 0.4 s; peak memory 782 MiB.
2026-10-05T18:26:42Z INFO [4121/5000] 5a94da39-6447-4dc9-b388-a73c833a4591: 19 internal nodes; 0.6 s; peak memory 782 MiB.
2026-10-05T18:26:43Z INFO [4122/5000] 5a95546d-90a6-48a9-81fa-045435f28cc9: 31 internal nodes; 0.8 s; peak memory 782 MiB.
2026-10-05T18:26:44Z INFO [4123/5000] 5a967ff2-b631-47e5-b436-e4ff42076179: 31 internal nodes; 1.0 s; peak memory 782 MiB.
2026-10-05T18:26:45Z INFO [4124/5000] 5a96a6e7-5f4a-44d6-874c-33d03252ae0f: 61 internal nodes; 1.1 s; peak memory 782 MiB.
2026-10-05T18:26:45Z INFO [4125/5000] 5a96af19-ec76-47e7-9f39-5498500706e0: 27 internal nodes; 0.8 s; peak memory 782 MiB.
2026-10-05T18:26:46Z INFO [4126/5000] 5a96cc34-2ec2-4720-b745-dec36d03f20d: 27 internal nodes; 0.9 s; peak memory 782 MiB.
2026-10-05T18:26:47Z INFO [4127/5000] 5a975b15-6d40-45d5-a478-0f1409b5781c: 31 internal nodes; 0.9 s; peak memory 782 MiB.
2026-10-05T18:26:48Z INFO [4128/5000] 5a976612-f6f2-49fc-bdea-2d6dfd232f89: 17 internal nodes; 0.7 s; peak memory 782 MiB.
2026-10-05T18:26:49Z INFO [4129/5000] 5a97a5d4-7bb7-4beb-99ba-58b8f886e2e3: 27 internal nodes; 1.1 s; peak memory 782 MiB.
2026-10-05T18:26:50Z INFO [4130/5000] 5a9b1c22-e575-4330-a889-a122fccead55: 31 internal nodes; 0.8 s; peak memory 782 MiB.
2026-10-05T18:26:58Z INFO [4131/5000] 5a9b2862-3fa0-4025-a7ad-d491408396ab: 336 internal nodes; 7.8 s; peak memory 782 MiB.
2026-10-05T18:26:58Z INFO [4132/5000] 5a9cb4f7-b0ad-4fe6-bb5c-f80d4b7a96b1: 17 internal nodes; 0.7 s; peak memory 782 MiB.
2026-10-05T18:27:01Z INFO [4133/5000] 5a9cda0e-f1bf-42d7-9925-63eca9d0ad30: 143 internal nodes; 2.5 s; peak memory 782 MiB.
2026-10-05T18:27:13Z INFO [4134/5000] 5a9df112-dc28-4609-bfb6-47908eb7e129: 570 internal nodes; 12.0 s; peak memory 782 MiB.
2026-10-05T18:27:13Z INFO [4135/5000] 5a9e51c1-067e-4760-858b-33bacd1c97de: 12 internal nodes; 0.6 s; peak memory 782 MiB.
2026-10-05T18:27:14Z INFO [4136/5000] 5a9ef31b-696b-46b5-8310-069f6173fe19: 31 internal nodes; 0.7 s; peak memory 782 MiB.
2026-10-05T18:27:15Z INFO [4137/5000] 5a9ef5a8-8fff-4518-86f1-7abb06ac9656: 17 internal nodes; 0.8 s; peak memory 782 MiB.
2026-10-05T18:27:16Z INFO [4138/5000] 5aa1321f-a95e-4179-be67-ccefb6743896: 31 internal nodes; 0.9 s; peak memory 782 MiB.
2026-10-05T18:27:17Z INFO [4139/5000] 5aa1d2d7-eea0-4d13-99fb-dedf56d3313b: 31 internal nodes; 0.8 s; peak memory 782 MiB.
2026-10-05T18:27:19Z INFO [4140/5000] 5aa1d64e-9992-4cb8-b30b-90304dbf813b: 41 internal nodes; 2.2 s; peak memory 782 MiB.
2026-10-05T18:27:20Z INFO [4141/5000] 5aa2cdf1-ed88-43ce-9f87-24c2572f2467: 25 internal nodes; 0.8 s; peak memory 782 MiB.
2026-10-05T18:27:23Z INFO [4142/5000] 5aa39768-5f74-442c-a88e-5af3141a285f: 73 internal nodes; 3.3 s; peak memory 782 MiB.
2026-10-05T18:27:24Z INFO [4143/5000] 5aa397d1-d6f7-4356-97c8-9693ba23222a: 17 internal nodes; 0.6 s; peak memory 782 MiB.
2026-10-05T18:27:24Z INFO [4144/5000] 5aa4bfcb-fb73-41f0-9190-c5c7ac7a3a91: 17 internal nodes; 0.7 s; peak memory 782 MiB.
2026-10-05T18:27:25Z INFO [4145/5000] 5aa4d8f6-4e07-4475-9f29-f7d04df13f10: 31 internal nodes; 1.0 s; peak memory 782 MiB.
2026-10-05T18:27:27Z INFO [4146/5000] 5aa4dc6d-24b6-45b9-afc5-eadabf258cb9: 44 internal nodes; 1.7 s; peak memory 782 MiB.
2026-10-05T18:27:31Z INFO [4147/5000] 5aa569a3-6568-45bd-be37-5aaba04a7590: 161 internal nodes; 3.7 s; peak memory 782 MiB.
2026-10-05T18:27:32Z INFO [4148/5000] 5aa65be3-54dc-4efd-9eae-08bf51cc747a: 58 internal nodes; 1.0 s; peak memory 782 MiB.
2026-10-05T18:27:33Z INFO [4149/5000] 5aa67b79-acff-421a-94b4-b51d689d32ae: 34 internal nodes; 1.7 s; peak memory 782 MiB.
2026-10-05T18:27:34Z INFO [4150/5000] 5aa69b5a-7776-4ecb-8723-e8034c9830e6: 18 internal nodes; 0.8 s; peak memory 782 MiB.
2026-10-05T18:27:34Z INFO [4150/5000] 5aa69b5a-7776-4ecb-8723-e8034c9830e6: checkpointed 90584 records.
2026-10-05T18:27:35Z INFO [4151/5000] 5aa69d45-bd1e-45f4-b49e-aa6b3642c489: 17 internal nodes; 0.6 s; peak memory 782 MiB.
2026-10-05T18:27:35Z INFO [4152/5000] 5aa75ad4-62e9-4d9f-8b20-fee95c133aa7: 11 internal nodes; 0.3 s; peak memory 782 MiB.
2026-10-05T18:27:36Z INFO [4153/5000] 5aa79812-ee5a-4435-aa7d-e8a322a6692b: 11 internal nodes; 0.4 s; peak memory 782 MiB.
2026-10-05T18:27:36Z INFO [4154/5000] 5aa7d2c7-2d3a-4831-9869-4a53bf43f617: 17 internal nodes; 0.6 s; peak memory 782 MiB.
2026-10-05T18:27:37Z INFO [4155/5000] 5aa823d4-7cac-425b-b73e-525ee9cb691e: 31 internal nodes; 0.9 s; peak memory 782 MiB.
2026-10-05T18:27:44Z INFO [4156/5000] 5aa83732-7d7a-4710-b18a-56ac21afb8ed: 71 internal nodes; 6.7 s; peak memory 782 MiB.
2026-10-05T18:27:45Z INFO [4157/5000] 5aa95ac6-d0c9-4ddb-be39-ed7ebb4d2f50: 17 internal nodes; 0.7 s; peak memory 782 MiB.
2026-10-05T18:27:45Z INFO [4158/5000] 5aaa518d-a825-478e-81ea-9b46c56a0ebe: 13 internal nodes; 0.5 s; peak memory 782 MiB.
2026-10-05T18:27:46Z INFO [4159/5000] 5aab2b65-9a47-4060-b19e-24f306441aa4: 11 internal nodes; 0.3 s; peak memory 782 MiB.
2026-10-05T18:27:46Z INFO [4160/5000] 5aac86ca-dcf5-4774-90dc-25438da93058: 27 internal nodes; 0.7 s; peak memory 782 MiB.
2026-10-05T18:27:47Z INFO [4161/5000] 5aacbbd8-d313-4b8f-8416-4fa1e11b7970: 17 internal nodes; 0.6 s; peak memory 782 MiB.
2026-10-05T18:27:48Z INFO [4162/5000] 5aacee16-2ea4-4494-80d5-adf4e7a99783: 17 internal nodes; 0.6 s; peak memory 782 MiB.
2026-10-05T18:27:51Z INFO [4163/5000] 5aad4e8f-30d1-42b8-a54f-efbe352f5c48: 177 internal nodes; 3.5 s; peak memory 782 MiB.
2026-10-05T18:27:51Z INFO [4164/5000] 5aad77dd-b132-45e6-be49-e54a5d7bb90b: 26 internal nodes; 0.5 s; peak memory 782 MiB.
2026-10-05T18:27:52Z INFO [4165/5000] 5aadc9f7-818f-415e-8f17-8b2cf02b78ee: 18 internal nodes; 0.6 s; peak memory 782 MiB.
2026-10-05T18:27:53Z INFO [4166/5000] 5aae2e1e-9941-44a9-91a7-79dcca600b93: 90 internal nodes; 0.8 s; peak memory 782 MiB.
2026-10-05T18:27:54Z INFO [4167/5000] 5aae6041-dfcc-47a9-a904-0aa268916744: 29 internal nodes; 0.9 s; peak memory 782 MiB.
2026-10-05T18:27:54Z INFO [4168/5000] 5aaea9bd-d4aa-47c5-b5be-621e225e250a: 17 internal nodes; 0.6 s; peak memory 782 MiB.
2026-10-05T18:27:55Z INFO [4169/5000] 5aaec78f-f63c-4515-a331-e34e6c331cbd: 13 internal nodes; 0.5 s; peak memory 782 MiB.
2026-10-05T18:27:56Z INFO [4170/5000] 5aaf2431-af09-45ee-a699-64afeafe776d: 36 internal nodes; 1.3 s; peak memory 782 MiB.
2026-10-05T18:27:57Z INFO [4171/5000] 5aaf84cb-cb5c-4149-a37a-0be782f0ce49: 27 internal nodes; 0.7 s; peak memory 782 MiB.
2026-10-05T18:28:03Z INFO [4172/5000] 5ab0c168-9154-44d1-abff-e94eb404df6b: 243 internal nodes; 6.1 s; peak memory 782 MiB.
2026-10-05T18:28:04Z INFO [4173/5000] 5ab16a29-7ff5-48d1-950e-73796b5e24ef: 41 internal nodes; 1.5 s; peak memory 782 MiB.
2026-10-05T18:28:05Z INFO [4174/5000] 5ab221f1-f523-481b-9ee0-be1d5fb30830: 17 internal nodes; 0.6 s; peak memory 782 MiB.
2026-10-05T18:28:06Z INFO [4175/5000] 5ab273a7-474a-4d26-a2b0-65cc789b7046: 27 internal nodes; 0.8 s; peak memory 782 MiB.
2026-10-05T18:28:10Z INFO [4176/5000] 5ab284a4-7de0-4f06-ae37-2138aec452b0: 218 internal nodes; 4.1 s; peak memory 782 MiB.
2026-10-05T18:28:13Z INFO [4177/5000] 5ab2a18e-85a2-4ccf-b6a5-f5759f84673b: 136 internal nodes; 3.4 s; peak memory 782 MiB.
2026-10-05T18:28:14Z INFO [4178/5000] 5ab38562-876c-4d20-9659-135edcb08960: 31 internal nodes; 0.9 s; peak memory 782 MiB.
2026-10-05T18:28:15Z INFO [4179/5000] 5ab40928-02a2-441c-958b-4dc2c362236d: 23 internal nodes; 1.0 s; peak memory 782 MiB.
2026-10-05T18:28:19Z INFO [4180/5000] 5ab43020-c46c-4103-83d0-30d44dd757ea: 142 internal nodes; 3.3 s; peak memory 782 MiB.
2026-10-05T18:28:20Z INFO [4181/5000] 5ab4af6f-2976-4e14-ac9e-580353b57b5e: 44 internal nodes; 1.6 s; peak memory 782 MiB.
2026-10-05T18:28:21Z INFO [4182/5000] 5ab4b9d5-0696-4c0e-a89b-2e3b12c44222: 17 internal nodes; 0.6 s; peak memory 782 MiB.
2026-10-05T18:28:21Z INFO [4183/5000] 5ab50784-2db0-48fe-9f8f-f60966b2c6ba: 13 internal nodes; 0.5 s; peak memory 782 MiB.
2026-10-05T18:28:32Z INFO [4184/5000] 5ab5d15f-30f9-4b88-b39e-95bae1e98d08: 126 internal nodes; 10.6 s; peak memory 782 MiB.
2026-10-05T18:28:33Z INFO [4185/5000] 5ab64055-0c19-4791-8463-1c2d3cba049a: 13 internal nodes; 0.8 s; peak memory 782 MiB.
2026-10-05T18:28:33Z INFO [4186/5000] 5ab6739f-dbee-4a03-a294-515e6b275e7f: 23 internal nodes; 0.6 s; peak memory 782 MiB.
2026-10-05T18:28:34Z INFO [4187/5000] 5ab676a1-c036-4ae0-a91f-f59068010204: 17 internal nodes; 0.7 s; peak memory 782 MiB.
2026-10-05T18:28:36Z INFO [4188/5000] 5ab6a2b5-0028-421e-84b8-7e34b421b6c0: 55 internal nodes; 1.9 s; peak memory 782 MiB.
2026-10-05T18:28:37Z INFO [4189/5000] 5ab6da10-c8b3-4350-ac72-3d04775eddc0: 41 internal nodes; 0.8 s; peak memory 782 MiB.
2026-10-05T18:28:37Z INFO [4190/5000] 5ab7eeb8-d007-499e-80e7-e92290b9609a: 14 internal nodes; 0.7 s; peak memory 782 MiB.
2026-10-05T18:28:44Z INFO [4191/5000] 5ab849fa-ff53-4565-80ed-6debbff2f8e1: 299 internal nodes; 6.4 s; peak memory 782 MiB.
2026-10-05T18:28:45Z INFO [4192/5000] 5ab8c0e5-5aa6-4c8a-ad75-b6306e12d390: 17 internal nodes; 0.9 s; peak memory 782 MiB.
2026-10-05T18:28:45Z INFO [4193/5000] 5ab8c7e6-53b9-4770-902e-4e8e571f0bcd: 29 internal nodes; 0.8 s; peak memory 782 MiB.
2026-10-05T18:28:46Z INFO [4194/5000] 5ab99512-e9c7-4c2e-81a3-9a18d2532681: 19 internal nodes; 0.7 s; peak memory 782 MiB.
2026-10-05T18:28:47Z INFO [4195/5000] 5abb4dbd-1ede-4f3b-a196-560f193ed1a2: 17 internal nodes; 0.7 s; peak memory 782 MiB.
2026-10-05T18:28:48Z INFO [4196/5000] 5abb9541-8d9f-472d-8532-cc0dfd6976d1: 17 internal nodes; 0.7 s; peak memory 782 MiB.
2026-10-05T18:28:48Z INFO [4197/5000] 5abbd072-6d0f-4376-b855-ba8e6bae22b9: 19 internal nodes; 0.6 s; peak memory 782 MiB.
2026-10-05T18:28:55Z INFO [4198/5000] 5abc0809-2d89-4a88-af40-5bd78fb2e67f: 265 internal nodes; 6.5 s; peak memory 782 MiB.
2026-10-05T18:28:56Z INFO [4199/5000] 5abc1921-d3aa-47ac-995d-74715900cf4f: 58 internal nodes; 1.2 s; peak memory 782 MiB.
2026-10-05T18:28:57Z INFO [4200/5000] 5abd038c-b5ac-4e25-b6ef-47d08c85d74d: 13 internal nodes; 0.8 s; peak memory 782 MiB.
2026-10-05T18:28:57Z INFO [4200/5000] 5abd038c-b5ac-4e25-b6ef-47d08c85d74d: checkpointed 90634 records.
2026-10-05T18:28:57Z INFO [4201/5000] 5abd4863-adc7-41ee-ad65-1f840321979f: 26 internal nodes; 0.5 s; peak memory 782 MiB.
2026-10-05T18:28:58Z INFO [4202/5000] 5abd486e-abef-4263-a942-e6a5459042eb: 15 internal nodes; 0.5 s; peak memory 782 MiB.
2026-10-05T18:28:59Z INFO [4203/5000] 5abd5776-9f78-4983-8f0d-92bb8824152a: 25 internal nodes; 1.2 s; peak memory 782 MiB.
2026-10-05T18:29:00Z INFO [4204/5000] 5abd5e24-0c08-4bb8-9f59-bab054d230d6: 27 internal nodes; 0.8 s; peak memory 782 MiB.
2026-10-05T18:29:00Z INFO [4205/5000] 5abd93d3-0cc8-4f14-8ba2-710e07de8fe8: 13 internal nodes; 0.5 s; peak memory 782 MiB.
2026-10-05T18:29:04Z INFO [4206/5000] 5abd9f94-9d06-4892-92e0-626e69cebee9: 56 internal nodes; 4.0 s; peak memory 782 MiB.
2026-10-05T18:29:05Z INFO [4207/5000] 5abdeae8-e0bf-47a3-b6f6-69be3812a479: 27 internal nodes; 0.8 s; peak memory 782 MiB.
2026-10-05T18:29:06Z INFO [4208/5000] 5abfc2c4-7d7e-449a-9697-5e8a59e3aff8: 13 internal nodes; 0.4 s; peak memory 782 MiB.
2026-10-05T18:29:11Z INFO [4209/5000] 5ac09a80-cb62-4752-bc05-39469c784ead: 44 internal nodes; 5.1 s; peak memory 782 MiB.
2026-10-05T18:29:12Z INFO [4210/5000] 5ac0de63-22b5-4162-8385-10e1aa7df517: 27 internal nodes; 0.7 s; peak memory 782 MiB.
2026-10-05T18:29:12Z INFO [4211/5000] 5ac1690c-0d61-49cd-9ef0-3621d2cd6451: 63 internal nodes; 0.8 s; peak memory 782 MiB.
2026-10-05T18:29:13Z INFO [4212/5000] 5ac20492-4470-4989-96a6-6e713efb0b24: 17 internal nodes; 0.6 s; peak memory 782 MiB.
2026-10-05T18:29:18Z INFO [4213/5000] 5ac21673-c221-449f-a48a-f783ad0e3b9a: 208 internal nodes; 5.3 s; peak memory 782 MiB.
2026-10-05T18:29:19Z INFO [4214/5000] 5ac21b94-2b2c-4ba5-b40b-dbbc704f6bd9: 23 internal nodes; 0.6 s; peak memory 782 MiB.
2026-10-05T18:29:19Z INFO [4215/5000] 5ac2dcde-10de-4b31-972e-5520c92a7003: 17 internal nodes; 0.7 s; peak memory 782 MiB.
2026-10-05T18:29:20Z INFO [4216/5000] 5ac305aa-6be9-454f-b7f9-f4e6ae2175f3: 19 internal nodes; 1.0 s; peak memory 782 MiB.
2026-10-05T18:29:21Z INFO [4217/5000] 5ac30e06-24f5-4492-b755-7b0860bbfb70: 17 internal nodes; 0.6 s; peak memory 782 MiB.
2026-10-05T18:29:22Z INFO [4218/5000] 5ac48592-4aca-4bf1-8714-ddf7b807a77c: 17 internal nodes; 0.7 s; peak memory 782 MiB.
2026-10-05T18:29:22Z INFO [4219/5000] 5ac5a92c-9654-49dd-8fa7-cf35c8ac9697: 95 internal nodes; 0.8 s; peak memory 782 MiB.
2026-10-05T18:29:23Z INFO [4220/5000] 5ac6702f-1a2c-4c95-a917-3fcf5f7b4d7e: 31 internal nodes; 0.9 s; peak memory 782 MiB.
2026-10-05T18:29:24Z INFO [4221/5000] 5ac6ccb5-b088-4a2d-bcaf-fe43da9b5686: 27 internal nodes; 0.7 s; peak memory 782 MiB.
2026-10-05T18:29:25Z INFO [4222/5000] 5ac7755b-c180-4fec-bdc9-070a96e56538: 60 internal nodes; 0.9 s; peak memory 782 MiB.
2026-10-05T18:29:28Z INFO [4223/5000] 5ac8fb29-f0ce-4119-a898-323d00552773: 73 internal nodes; 3.5 s; peak memory 782 MiB.
2026-10-05T18:29:29Z INFO [4224/5000] 5ac90589-258f-4fdc-9567-b5bfd7055ffd: 22 internal nodes; 0.5 s; peak memory 782 MiB.
2026-10-05T18:29:33Z INFO [4225/5000] 5ac98af7-5d8e-4c4f-83a5-7b59125996c3: 41 internal nodes; 3.6 s; peak memory 782 MiB.
2026-10-05T18:29:33Z INFO [4226/5000] 5ac9cc9e-99b7-4f44-88de-8ac94a48f585: 27 internal nodes; 0.6 s; peak memory 782 MiB.
2026-10-05T18:29:34Z INFO [4227/5000] 5aca41b3-6457-4dc7-a5a6-f7d6b32ffbc7: 27 internal nodes; 0.8 s; peak memory 782 MiB.
2026-10-05T18:29:37Z INFO [4228/5000] 5acb547c-56f0-4916-bf04-99f3ff914451: 152 internal nodes; 3.3 s; peak memory 782 MiB.
2026-10-05T18:29:38Z INFO [4229/5000] 5acb8161-143e-4132-b6e2-ed5fdfbea5d6: 17 internal nodes; 0.8 s; peak memory 782 MiB.
2026-10-05T18:29:39Z INFO [4230/5000] 5acb9a39-af42-42aa-9a13-428e723b9665: 17 internal nodes; 0.7 s; peak memory 782 MiB.
2026-10-05T18:29:40Z INFO [4231/5000] 5acc746a-71bb-453f-82da-375d3abbd38d: 61 internal nodes; 1.1 s; peak memory 782 MiB.
2026-10-05T18:29:42Z INFO [4232/5000] 5acccda3-1218-4fbd-9668-13c2b2f202b1: 102 internal nodes; 2.5 s; peak memory 782 MiB.
2026-10-05T18:29:43Z INFO [4233/5000] 5acce0be-efbb-4a26-8b15-562837804ff6: 24 internal nodes; 0.4 s; peak memory 782 MiB.
2026-10-05T18:29:48Z INFO [4234/5000] 5acce877-c324-4ef8-a124-f64eb8d92401: 289 internal nodes; 5.5 s; peak memory 782 MiB.
2026-10-05T18:29:56Z INFO [4235/5000] 5acdcc68-e17d-45cb-b810-ee5d9c9636b6: 256 internal nodes; 7.7 s; peak memory 782 MiB.
2026-10-05T18:29:56Z INFO [4236/5000] 5ace02a9-3d49-420a-9f7b-9a4ab92ff398: 11 internal nodes; 0.4 s; peak memory 782 MiB.
2026-10-05T18:29:57Z INFO [4237/5000] 5acec78a-045e-45ea-866c-a47ad7ee6046: 30 internal nodes; 1.0 s; peak memory 782 MiB.
2026-10-05T18:29:58Z INFO [4238/5000] 5ad0c3ff-173f-4657-9238-3f634e845088: 17 internal nodes; 0.6 s; peak memory 782 MiB.
2026-10-05T18:29:59Z INFO [4239/5000] 5ad18c27-6e63-4e07-9c83-910c54c499c9: 17 internal nodes; 0.7 s; peak memory 782 MiB.
2026-10-05T18:29:59Z INFO [4240/5000] 5ad1bb44-9eaf-417b-a2c0-31db93507de9: 27 internal nodes; 0.6 s; peak memory 782 MiB.
2026-10-05T18:30:00Z INFO [4241/5000] 5ad25c02-05b7-477b-938f-cb08feeb0fda: 27 internal nodes; 0.7 s; peak memory 782 MiB.
2026-10-05T18:30:01Z INFO [4242/5000] 5ad2bd9f-a68b-401e-9154-bda5d57aa3b7: 72 internal nodes; 1.0 s; peak memory 782 MiB.
2026-10-05T18:30:06Z INFO [4243/5000] 5ad32a66-f73c-4ff9-8649-a23d9da4b913: 182 internal nodes; 5.0 s; peak memory 782 MiB.
2026-10-05T18:30:07Z INFO [4244/5000] 5ad361bb-ff4b-46b2-a3ba-5dff3d541ffa: 31 internal nodes; 0.8 s; peak memory 782 MiB.
2026-10-05T18:30:07Z INFO [4245/5000] 5ad541f1-ca08-4ba7-8597-f073d9344cf0: 17 internal nodes; 0.6 s; peak memory 782 MiB.
2026-10-05T18:30:08Z INFO [4246/5000] 5ad564f5-782b-4855-99ad-a21ed32964cc: 17 internal nodes; 0.6 s; peak memory 782 MiB.
2026-10-05T18:30:09Z INFO [4247/5000] 5ad57f68-9328-4bbc-8bca-86bb89caf5c7: 27 internal nodes; 0.7 s; peak memory 782 MiB.
2026-10-05T18:30:09Z INFO [4248/5000] 5ad58827-2155-444e-ac6d-94368396a5d7: 19 internal nodes; 0.7 s; peak memory 782 MiB.
2026-10-05T18:30:14Z INFO [4249/5000] 5ad621fc-74bf-4003-81ab-d309d5041189: 136 internal nodes; 4.6 s; peak memory 782 MiB.
2026-10-05T18:30:14Z INFO [4250/5000] 5ad6f283-6453-413b-bd96-02656363819b: 17 internal nodes; 0.7 s; peak memory 782 MiB.
2026-10-05T18:30:15Z INFO [4250/5000] 5ad6f283-6453-413b-bd96-02656363819b: checkpointed 90684 records.
2026-10-05T18:30:18Z INFO [4251/5000] 5ad791ec-c69a-436b-a99c-26ef5378d1c8: 129 internal nodes; 3.3 s; peak memory 782 MiB.
2026-10-05T18:30:19Z INFO [4252/5000] 5ad81ea6-b592-4721-b7ea-23e188a73561: 18 internal nodes; 0.6 s; peak memory 782 MiB.
2026-10-05T18:30:23Z INFO [4253/5000] 5ad93294-fb54-48d6-b623-94987ca52328: 188 internal nodes; 4.5 s; peak memory 782 MiB.
2026-10-05T18:30:24Z INFO [4254/5000] 5ad9e18c-5eb4-4e5e-a736-b19fdad0816f: 67 internal nodes; 1.2 s; peak memory 782 MiB.
2026-10-05T18:30:26Z INFO [4255/5000] 5ada22af-0483-47db-9686-4dcbf8ae7988: 46 internal nodes; 1.6 s; peak memory 782 MiB.
2026-10-05T18:30:26Z INFO [4256/5000] 5adb1f88-668a-4ecc-b7b6-d06f65e949a6: 17 internal nodes; 0.6 s; peak memory 782 MiB.
2026-10-05T18:30:27Z INFO [4257/5000] 5adc1a10-8c1c-4ebb-9f85-91eb659ca9c3: 11 internal nodes; 0.4 s; peak memory 782 MiB.
2026-10-05T18:30:27Z INFO [4258/5000] 5ade3ad9-2f3e-43f1-adbf-48cd40bfb50c: 18 internal nodes; 0.6 s; peak memory 782 MiB.
2026-10-05T18:30:33Z INFO [4259/5000] 5adfe256-b3eb-415e-ae8b-e2ef5e044998: 101 internal nodes; 6.0 s; peak memory 782 MiB.
2026-10-05T18:30:34Z INFO [4260/5000] 5ae03487-d045-41b9-afa9-7c5f4f554a0c: 18 internal nodes; 0.7 s; peak memory 782 MiB.
2026-10-05T18:30:35Z INFO [4261/5000] 5ae0707d-0074-4673-97e5-4e23d1a19598: 17 internal nodes; 0.7 s; peak memory 782 MiB.
2026-10-05T18:30:36Z INFO [4262/5000] 5ae0d27e-29df-4e59-b322-90192fc07c14: 27 internal nodes; 0.7 s; peak memory 782 MiB.
2026-10-05T18:30:36Z INFO [4263/5000] 5ae13632-7d44-41fb-8627-b68ece966387: 11 internal nodes; 0.5 s; peak memory 782 MiB.
2026-10-05T18:30:37Z INFO [4264/5000] 5ae24496-8f78-44f4-b63d-46996f1a83f2: 38 internal nodes; 0.9 s; peak memory 782 MiB.
2026-10-05T18:30:38Z INFO [4265/5000] 5ae2eaa9-3f72-4086-bac8-fa0aaf330c50: 17 internal nodes; 0.7 s; peak memory 782 MiB.
2026-10-05T18:30:39Z INFO [4266/5000] 5ae398d6-8152-4484-a758-16970b314d40: 24 internal nodes; 1.2 s; peak memory 782 MiB.
2026-10-05T18:30:40Z INFO [4267/5000] 5ae4a056-10ed-4040-94e2-f9b06c8b888e: 17 internal nodes; 0.7 s; peak memory 782 MiB.
2026-10-05T18:32:06Z INFO [4268/5000] 5ae4a67c-de1a-46a4-ac98-27a5da56fba6: 821 internal nodes; 86.5 s; peak memory 782 MiB.
2026-10-05T18:32:07Z INFO [4269/5000] 5ae4de6e-ac13-44ea-95ac-f938adc6766c: 17 internal nodes; 0.7 s; peak memory 782 MiB.
2026-10-05T18:32:08Z INFO [4270/5000] 5ae5693b-468c-4b36-8067-00a9cbdad688: 18 internal nodes; 1.1 s; peak memory 782 MiB.
2026-10-05T18:32:09Z INFO [4271/5000] 5ae61280-a716-4477-8613-4fb16d8629ef: 31 internal nodes; 0.8 s; peak memory 782 MiB.
2026-10-05T18:32:09Z INFO [4272/5000] 5ae6a949-5605-4eda-8c54-bafd513e1b10: 27 internal nodes; 0.8 s; peak memory 782 MiB.
2026-10-05T18:32:11Z INFO [4273/5000] 5ae6eee1-46d2-45ce-8a9f-8931e233c68c: 46 internal nodes; 1.8 s; peak memory 782 MiB.
2026-10-05T18:32:15Z INFO [4274/5000] 5ae6f097-96d8-4bd6-8e00-ad3b1cc05429: 61 internal nodes; 3.8 s; peak memory 782 MiB.
2026-10-05T18:32:16Z INFO [4275/5000] 5ae71ce9-1522-4213-9ff6-244b0c12126a: 29 internal nodes; 1.0 s; peak memory 782 MiB.
2026-10-05T18:32:33Z INFO [4276/5000] 5ae7e984-f0f8-42dc-bf99-1858db38245a: 144 internal nodes; 17.2 s; peak memory 782 MiB.
2026-10-05T18:32:34Z INFO [4277/5000] 5ae8328e-8865-47d3-a0c8-257acfb85ed9: 25 internal nodes; 0.8 s; peak memory 782 MiB.
2026-10-05T18:32:35Z INFO [4278/5000] 5ae832f1-c4b9-4821-8127-6b292ed045ef: 19 internal nodes; 0.7 s; peak memory 782 MiB.
2026-10-05T18:32:37Z INFO [4279/5000] 5ae846ff-414f-4b96-aa52-e62cae5de725: 65 internal nodes; 1.7 s; peak memory 782 MiB.
2026-10-05T18:32:37Z INFO [4280/5000] 5ae9c396-794a-4b46-a324-a7d291dc0c6f: 31 internal nodes; 0.9 s; peak memory 782 MiB.
2026-10-05T18:32:38Z INFO [4281/5000] 5aeb879e-5484-4cff-8e7b-11a3b5a84c0f: 17 internal nodes; 0.7 s; peak memory 782 MiB.
2026-10-05T18:32:39Z INFO [4282/5000] 5aebfb68-4692-4216-9762-2a37059ca9d7: 17 internal nodes; 0.6 s; peak memory 782 MiB.
2026-10-05T18:32:39Z INFO [4283/5000] 5aec6d6e-bef9-4f57-82e4-afac7793c4c0: 17 internal nodes; 0.6 s; peak memory 782 MiB.
2026-10-05T18:32:40Z INFO [4284/5000] 5aed151e-0d53-4e89-9e6c-9d6f06c372fe: 20 internal nodes; 0.9 s; peak memory 782 MiB.
2026-10-05T18:32:41Z INFO [4285/5000] 5aee5468-e4d5-43c2-a2bc-7105bba21966: 13 internal nodes; 0.8 s; peak memory 782 MiB.
2026-10-05T18:32:42Z INFO [4286/5000] 5aeeb744-6a54-4335-93f3-49fb03d59bed: 31 internal nodes; 1.0 s; peak memory 782 MiB.
2026-10-05T18:32:44Z INFO [4287/5000] 5aef382e-c602-4c59-b0fb-824c0a88d87d: 55 internal nodes; 1.5 s; peak memory 782 MiB.
2026-10-05T18:32:45Z INFO [4288/5000] 5aefae21-709f-4f45-b9f2-822e811ac74f: 31 internal nodes; 1.0 s; peak memory 782 MiB.
2026-10-05T18:32:45Z INFO [4289/5000] 5af00979-0029-4525-a060-d314bc7002ac: 17 internal nodes; 0.6 s; peak memory 782 MiB.
2026-10-05T18:32:46Z INFO [4290/5000] 5af02b8a-fdf3-4091-a7a2-ebb4957f10e8: 22 internal nodes; 0.9 s; peak memory 782 MiB.
2026-10-05T18:32:47Z INFO [4291/5000] 5af0d5ea-076f-4cf1-8970-c7b69d6f03fb: 17 internal nodes; 0.7 s; peak memory 782 MiB.
2026-10-05T18:32:47Z INFO [4292/5000] 5af1301e-c410-4528-b491-47afc7d262e2: 18 internal nodes; 0.5 s; peak memory 782 MiB.
2026-10-05T18:32:48Z INFO [4293/5000] 5af15e11-5124-4b31-a0c1-c39967b7697d: 40 internal nodes; 0.8 s; peak memory 782 MiB.
2026-10-05T18:32:49Z INFO [4294/5000] 5af3e363-19c2-43ea-96bb-d0c86486546c: 19 internal nodes; 0.8 s; peak memory 782 MiB.
2026-10-05T18:32:50Z INFO [4295/5000] 5af4ca69-f063-476d-83fc-50dc1638d68a: 31 internal nodes; 0.9 s; peak memory 782 MiB.
2026-10-05T18:32:51Z INFO [4296/5000] 5af5b6b5-2b4c-422f-83fc-8a154761663c: 54 internal nodes; 1.0 s; peak memory 782 MiB.
2026-10-05T18:32:51Z INFO [4297/5000] 5af6dbcf-e3c1-4a9c-958f-e29377b4d774: 17 internal nodes; 0.5 s; peak memory 782 MiB.
2026-10-05T18:32:52Z INFO [4298/5000] 5af7cb17-2bde-432b-af95-ad2371c719cc: 90 internal nodes; 0.8 s; peak memory 782 MiB.
2026-10-05T18:32:53Z INFO [4299/5000] 5af84d4f-1c20-4c64-8f69-06b147dc9ce2: 19 internal nodes; 0.7 s; peak memory 782 MiB.
2026-10-05T18:32:53Z INFO [4300/5000] 5af89470-3f79-4dea-aa57-8e57cce72ee3: 11 internal nodes; 0.4 s; peak memory 782 MiB.
2026-10-05T18:32:54Z INFO [4300/5000] 5af89470-3f79-4dea-aa57-8e57cce72ee3: checkpointed 90734 records.
2026-10-05T18:32:54Z INFO [4301/5000] 5af9d5b2-acc9-4fae-91c4-697b469d4967: 29 internal nodes; 0.7 s; peak memory 782 MiB.
2026-10-05T18:32:58Z INFO [4302/5000] 5afa48d1-bbd4-46bf-a655-4b16b9a23581: 41 internal nodes; 4.0 s; peak memory 782 MiB.
2026-10-05T18:32:59Z INFO [4303/5000] 5afa7434-febf-4c30-99ca-05ef759e45e3: 11 internal nodes; 0.4 s; peak memory 782 MiB.
2026-10-05T18:32:59Z INFO [4304/5000] 5afad8eb-ff86-45dd-a9ef-aaf400ea287b: 27 internal nodes; 0.7 s; peak memory 782 MiB.
2026-10-05T18:33:04Z INFO [4305/5000] 5afb65c2-32b1-473d-8cda-76c0f776f1df: 69 internal nodes; 4.4 s; peak memory 782 MiB.
2026-10-05T18:33:05Z INFO [4306/5000] 5afb7292-c74c-43bf-9e1d-e4709764eb85: 27 internal nodes; 0.7 s; peak memory 782 MiB.
2026-10-05T18:33:05Z INFO [4307/5000] 5afb8f00-deb3-42fb-a1e8-6623b3fc6887: 27 internal nodes; 0.7 s; peak memory 782 MiB.
2026-10-05T18:33:06Z INFO [4308/5000] 5afc81ad-1f0b-4158-9188-54f62a1db8b3: 31 internal nodes; 0.6 s; peak memory 782 MiB.
2026-10-05T18:33:07Z INFO [4309/5000] 5afc9987-9ec1-430f-a3d8-86a59c0fe59d: 19 internal nodes; 1.2 s; peak memory 782 MiB.
2026-10-05T18:33:08Z INFO [4310/5000] 5afcd3b0-cc19-4aeb-84a6-b601fcb80f1e: 31 internal nodes; 1.2 s; peak memory 782 MiB.
2026-10-05T18:33:09Z INFO [4311/5000] 5afcf1a1-a340-4593-b490-f415a4f0ec30: 115 internal nodes; 0.7 s; peak memory 782 MiB.
2026-10-05T18:33:10Z INFO [4312/5000] 5afcf7a0-57b7-47e2-85e9-020eab1b68ee: 25 internal nodes; 0.9 s; peak memory 782 MiB.
2026-10-05T18:33:11Z INFO [4313/5000] 5affefaf-545d-4273-8300-5551da6086c2: 35 internal nodes; 0.8 s; peak memory 782 MiB.
2026-10-05T18:33:11Z INFO [4314/5000] 5b00298d-747a-4339-91a9-c8360cec92ee: 63 internal nodes; 0.7 s; peak memory 782 MiB.
2026-10-05T18:33:12Z INFO [4315/5000] 5b002b89-9462-40f7-91ee-b822ab438d54: 31 internal nodes; 1.0 s; peak memory 782 MiB.
2026-10-05T18:33:16Z INFO [4316/5000] 5b0094ee-9db2-43ab-a459-c70f4d40492e: 192 internal nodes; 3.1 s; peak memory 782 MiB.
2026-10-05T18:33:16Z INFO [4317/5000] 5b010701-e746-4f12-bd51-e0923dfbe230: 22 internal nodes; 0.8 s; peak memory 782 MiB.
2026-10-05T18:33:17Z INFO [4318/5000] 5b01545a-a93c-4b39-8ae0-7e935c1137b5: 37 internal nodes; 0.9 s; peak memory 782 MiB.
2026-10-05T18:33:18Z INFO [4319/5000] 5b017e7e-cec2-4e5b-ae5a-848463ac1660: 19 internal nodes; 0.8 s; peak memory 782 MiB.
2026-10-05T18:33:19Z INFO [4320/5000] 5b029a12-c70a-42d8-aad1-b41cc46c2095: 27 internal nodes; 0.7 s; peak memory 782 MiB.
2026-10-05T18:33:20Z INFO [4321/5000] 5b02b06a-6a4e-4ee2-a558-9c7f492b7909: 58 internal nodes; 1.2 s; peak memory 782 MiB.
2026-10-05T18:33:20Z INFO [4322/5000] 5b02bd0d-fc4f-4338-83da-0c2b45332e5c: 11 internal nodes; 0.3 s; peak memory 782 MiB.
2026-10-05T18:33:21Z INFO [4323/5000] 5b05675d-cb4c-4b9a-94bd-30f0e8a93c9a: 17 internal nodes; 0.7 s; peak memory 782 MiB.
2026-10-05T18:33:22Z INFO [4324/5000] 5b059297-8dd1-4fb6-8105-68ad227b10da: 65 internal nodes; 0.8 s; peak memory 782 MiB.
2026-10-05T18:33:22Z INFO [4325/5000] 5b07000a-d8dc-46fe-a75f-87364d41a8e2: 17 internal nodes; 0.6 s; peak memory 782 MiB.
2026-10-05T18:33:26Z INFO [4326/5000] 5b07b30a-464d-4bd1-a422-9e5a56cd1a02: 177 internal nodes; 3.8 s; peak memory 782 MiB.
2026-10-05T18:33:27Z INFO [4327/5000] 5b084190-c494-446e-9dd0-16d6e5cd11a5: 17 internal nodes; 0.6 s; peak memory 782 MiB.
2026-10-05T18:33:27Z INFO [4328/5000] 5b08b344-b38e-46eb-9404-595cb2dce556: 17 internal nodes; 0.6 s; peak memory 782 MiB.
2026-10-05T18:33:31Z INFO [4329/5000] 5b090c45-3907-404f-b0e5-c2f397ada05e: 177 internal nodes; 3.5 s; peak memory 782 MiB.
2026-10-05T18:33:33Z INFO [4330/5000] 5b0939b5-338d-47b3-92be-3fc45de5498d: 45 internal nodes; 1.9 s; peak memory 782 MiB.
2026-10-05T18:33:35Z INFO [4331/5000] 5b09a2a9-aa00-4ef2-a48c-9b5762074ea1: 41 internal nodes; 2.6 s; peak memory 782 MiB.
2026-10-05T18:33:37Z INFO [4332/5000] 5b0a8a4a-4052-4d72-9b1a-cdf9eb0deead: 27 internal nodes; 1.5 s; peak memory 782 MiB.
2026-10-05T18:33:37Z INFO [4333/5000] 5b0b0f15-d29a-43cc-9091-fa6d406ec6cd: 17 internal nodes; 0.5 s; peak memory 782 MiB.
2026-10-05T18:33:38Z INFO [4334/5000] 5b0b614a-e0dd-4ea4-a480-bdcb1d661af4: 17 internal nodes; 0.8 s; peak memory 782 MiB.
2026-10-05T18:33:42Z INFO [4335/5000] 5b0be3d6-e19a-41a8-93a3-520c98077fda: 59 internal nodes; 3.9 s; peak memory 782 MiB.
2026-10-05T18:33:44Z INFO [4336/5000] 5b0c3e4b-0522-4e53-ae61-0bf130d98af1: 53 internal nodes; 1.7 s; peak memory 782 MiB.
2026-10-05T18:33:44Z INFO [4337/5000] 5b0ca958-022a-45ef-9417-174e4358f9f6: 17 internal nodes; 0.7 s; peak memory 782 MiB.
2026-10-05T18:33:45Z INFO [4338/5000] 5b0cc4c0-44b8-4181-923c-a1ba7326ab87: 17 internal nodes; 0.7 s; peak memory 782 MiB.
2026-10-05T18:33:48Z INFO [4339/5000] 5b0e2cc6-98c9-493c-ba61-de1d3a9c1aad: 145 internal nodes; 3.3 s; peak memory 782 MiB.
2026-10-05T18:33:49Z INFO [4340/5000] 5b0eeaba-acd8-45fa-afbb-0768b79c6f13: 17 internal nodes; 0.6 s; peak memory 782 MiB.
2026-10-05T18:33:50Z INFO [4341/5000] 5b100cca-f923-4701-8293-a456192cb059: 27 internal nodes; 0.7 s; peak memory 782 MiB.
2026-10-05T18:33:50Z INFO [4342/5000] 5b10c09e-6fcf-4fa2-b09a-93bf853e091f: 18 internal nodes; 0.5 s; peak memory 782 MiB.
2026-10-05T18:33:51Z INFO [4343/5000] 5b11119a-c514-4bb2-b151-f5fce12e35f8: 24 internal nodes; 0.9 s; peak memory 782 MiB.
2026-10-05T18:33:55Z INFO [4344/5000] 5b118e46-5cfc-4189-8b06-bceff89ee1f4: 73 internal nodes; 4.2 s; peak memory 782 MiB.
2026-10-05T18:33:56Z INFO [4345/5000] 5b11e2d7-1760-421b-9adc-585f4441b441: 19 internal nodes; 0.7 s; peak memory 782 MiB.
2026-10-05T18:33:56Z INFO [4346/5000] 5b11f703-a5cb-4662-a790-ddc041b69409: 21 internal nodes; 0.4 s; peak memory 782 MiB.
2026-10-05T18:33:57Z INFO [4347/5000] 5b1291dc-79f3-44de-ada6-46ada59680b3: 17 internal nodes; 0.7 s; peak memory 782 MiB.
2026-10-05T18:33:59Z INFO [4348/5000] 5b129d0a-266d-48e3-b97d-f83d37850d2a: 44 internal nodes; 2.0 s; peak memory 782 MiB.
2026-10-05T18:34:06Z INFO [4349/5000] 5b12ec02-0557-4640-89f3-595693d56122: 229 internal nodes; 6.7 s; peak memory 782 MiB.
2026-10-05T18:34:07Z INFO [4350/5000] 5b13041c-5cb9-48dc-8d72-436d588e09cb: 31 internal nodes; 1.0 s; peak memory 782 MiB.
2026-10-05T18:34:07Z INFO [4350/5000] 5b13041c-5cb9-48dc-8d72-436d588e09cb: checkpointed 90784 records.
2026-10-05T18:34:08Z INFO [4351/5000] 5b130644-00d0-4284-b32a-9e041335aa71: 20 internal nodes; 0.8 s; peak memory 782 MiB.
2026-10-05T18:34:09Z INFO [4352/5000] 5b138e6a-affd-4dd9-b778-05d444259f86: 27 internal nodes; 0.6 s; peak memory 782 MiB.
2026-10-05T18:34:09Z INFO [4353/5000] 5b140711-f05b-4206-be59-e719af49fd40: 37 internal nodes; 0.8 s; peak memory 782 MiB.
2026-10-05T18:34:10Z INFO [4354/5000] 5b14096a-c112-412d-a53b-e72d791b53a3: 27 internal nodes; 0.8 s; peak memory 782 MiB.
2026-10-05T18:34:11Z INFO [4355/5000] 5b148633-4a05-47e9-8278-577bcacb2fbf: 27 internal nodes; 0.7 s; peak memory 782 MiB.
2026-10-05T18:34:12Z INFO [4356/5000] 5b1494fb-22c0-4237-a558-e7f2c18b1b46: 27 internal nodes; 0.7 s; peak memory 782 MiB.
2026-10-05T18:34:25Z INFO [4357/5000] 5b14cbb5-2d01-4642-867e-a56ea9ad202e: 1876 internal nodes; 13.3 s; peak memory 782 MiB.
2026-10-05T18:34:26Z INFO [4358/5000] 5b1634d4-60d8-499c-b5b8-496c6ac9e7ec: 27 internal nodes; 0.7 s; peak memory 782 MiB.
2026-10-05T18:34:26Z INFO [4359/5000] 5b167890-4f80-47f3-a8cb-ef9b1c9aee5b: 27 internal nodes; 0.7 s; peak memory 782 MiB.
2026-10-05T18:34:30Z INFO [4360/5000] 5b16ff5b-2d04-497d-a22e-e2a28906a555: 47 internal nodes; 3.5 s; peak memory 782 MiB.
2026-10-05T18:34:37Z INFO [4361/5000] 5b172f1a-3bc9-403b-a0c8-b9e80f5f2b45: 226 internal nodes; 7.1 s; peak memory 782 MiB.
2026-10-05T18:34:50Z INFO [4362/5000] 5b179608-14fd-421f-b7bf-da5ae9e3a947: 2686 internal nodes; 13.5 s; peak memory 782 MiB.
2026-10-05T18:34:51Z INFO [4363/5000] 5b17a8e4-fe64-46ed-9765-bf8c00907a8d: 27 internal nodes; 0.8 s; peak memory 782 MiB.
2026-10-05T18:34:55Z INFO [4364/5000] 5b17add7-3430-4c55-903b-6f361625147b: 132 internal nodes; 3.6 s; peak memory 782 MiB.
2026-10-05T18:35:01Z INFO [4365/5000] 5b17f653-0980-4a39-8a24-10e08d843eb3: 22 internal nodes; 6.7 s; peak memory 782 MiB.
2026-10-05T18:35:02Z INFO [4366/5000] 5b1807ff-be45-4e05-adbc-d352357ea262: 17 internal nodes; 0.7 s; peak memory 782 MiB.
2026-10-05T18:35:03Z INFO [4367/5000] 5b193e33-8ec1-4a6f-81be-75d6b790a7f9: 28 internal nodes; 0.6 s; peak memory 782 MiB.
2026-10-05T18:35:03Z INFO [4368/5000] 5b19950f-d998-4723-9092-6747d6b02b6c: 54 internal nodes; 0.6 s; peak memory 782 MiB.
2026-10-05T18:35:11Z INFO [4369/5000] 5b19a919-88ee-4636-bebf-9eacae0f8d5b: 83 internal nodes; 8.0 s; peak memory 782 MiB.
2026-10-05T18:35:12Z INFO [4370/5000] 5b19e142-b682-467a-82aa-f2368b54775c: 13 internal nodes; 0.5 s; peak memory 782 MiB.
2026-10-05T18:35:12Z INFO [4371/5000] 5b1a3908-0f32-47d8-aec8-ed83ebe7f64e: 17 internal nodes; 0.6 s; peak memory 782 MiB.
2026-10-05T18:35:16Z INFO [4372/5000] 5b1a513d-e161-496c-8d02-737193c5c7bc: 177 internal nodes; 3.6 s; peak memory 782 MiB.
2026-10-05T18:35:17Z INFO [4373/5000] 5b1aedb3-4628-46ba-a46d-c574807ad456: 17 internal nodes; 0.6 s; peak memory 782 MiB.
2026-10-05T18:35:17Z INFO [4374/5000] 5b1c800f-393f-41f5-b2a8-1a72e8892190: 31 internal nodes; 0.9 s; peak memory 782 MiB.
2026-10-05T18:35:18Z INFO [4375/5000] 5b1c882b-2371-40b5-a533-7b1fd474dbc1: 27 internal nodes; 0.7 s; peak memory 782 MiB.
2026-10-05T18:35:21Z INFO [4376/5000] 5b1cfba4-a229-41df-bc07-90adbff6afd6: 177 internal nodes; 3.0 s; peak memory 782 MiB.
2026-10-05T18:35:23Z INFO [4377/5000] 5b1e1674-46ee-4db4-aecc-8d24a63be784: 60 internal nodes; 1.4 s; peak memory 782 MiB.
2026-10-05T18:35:23Z INFO [4378/5000] 5b1e4f63-adac-4334-9691-b239a34f1861: 27 internal nodes; 0.7 s; peak memory 782 MiB.
2026-10-05T18:35:25Z INFO [4379/5000] 5b1e8dcd-d8dd-4b17-b514-fea6f97eabb1: 44 internal nodes; 1.5 s; peak memory 782 MiB.
2026-10-05T18:35:25Z INFO [4380/5000] 5b1ebbfa-e50d-47df-8fe9-2b92dfcb462c: 11 internal nodes; 0.4 s; peak memory 782 MiB.
2026-10-05T18:35:26Z INFO [4381/5000] 5b1f3d1c-b410-44e2-97ed-bd7ae498f233: 17 internal nodes; 0.6 s; peak memory 782 MiB.
2026-10-05T18:35:33Z INFO [4382/5000] 5b1fd2a0-054c-4f2e-b2e0-2856675f3c5e: 190 internal nodes; 6.7 s; peak memory 782 MiB.
2026-10-05T18:35:36Z INFO [4383/5000] 5b1fdc42-4220-4c2c-b9ee-d3a726cd59cf: 165 internal nodes; 3.6 s; peak memory 782 MiB.
2026-10-05T18:35:37Z INFO [4384/5000] 5b201c0b-46ff-4b90-b49c-67724a37694f: 27 internal nodes; 0.6 s; peak memory 782 MiB.
2026-10-05T18:35:37Z INFO [4385/5000] 5b218712-c1f3-43e2-b469-0b9a705d0053: 27 internal nodes; 0.6 s; peak memory 782 MiB.
2026-10-05T18:35:41Z INFO [4386/5000] 5b21d5ec-8c04-4df8-a9f1-eac83e8a88d8: 177 internal nodes; 3.4 s; peak memory 782 MiB.
2026-10-05T18:35:42Z INFO [4387/5000] 5b21e05f-c494-43bb-8493-e197a26021b0: 42 internal nodes; 1.6 s; peak memory 782 MiB.
2026-10-05T18:35:43Z INFO [4388/5000] 5b22b2eb-a816-4a89-9558-ed92260f7b73: 31 internal nodes; 0.7 s; peak memory 782 MiB.
2026-10-05T18:35:44Z INFO [4389/5000] 5b233661-8692-41e0-b85f-471f94045ec4: 18 internal nodes; 0.6 s; peak memory 782 MiB.
2026-10-05T18:35:52Z INFO [4390/5000] 5b2370b2-3dce-464c-bb23-979e308edd88: 307 internal nodes; 8.4 s; peak memory 782 MiB.
2026-10-05T18:35:53Z INFO [4391/5000] 5b23ce2d-44b0-4308-84c7-7af4dd92e9e5: 27 internal nodes; 0.6 s; peak memory 782 MiB.
2026-10-05T18:35:53Z INFO [4392/5000] 5b23e27e-3035-4b8f-b855-df8d87f88ffe: 12 internal nodes; 0.7 s; peak memory 782 MiB.
2026-10-05T18:35:55Z INFO [4393/5000] 5b24f144-8162-4275-98f2-a09ddb75c10f: 26 internal nodes; 1.1 s; peak memory 782 MiB.
2026-10-05T18:35:55Z INFO [4394/5000] 5b24fccf-d22d-4227-95ef-befd5a3d6c64: 17 internal nodes; 0.6 s; peak memory 782 MiB.
2026-10-05T18:35:56Z INFO [4395/5000] 5b250424-8409-4eae-816b-762c412be016: 17 internal nodes; 0.6 s; peak memory 782 MiB.
2026-10-05T18:35:56Z INFO [4396/5000] 5b25c856-6bb9-4c98-9c61-0a331bce58a7: 25 internal nodes; 0.6 s; peak memory 782 MiB.
2026-10-05T18:35:57Z INFO [4397/5000] 5b25dfd2-45c3-4d26-9485-ab97cdf29ac2: 11 internal nodes; 0.5 s; peak memory 782 MiB.
2026-10-05T18:35:59Z INFO [4398/5000] 5b26c7ea-cbe1-4b7e-8dc4-5226ccac6837: 100 internal nodes; 2.1 s; peak memory 782 MiB.
2026-10-05T18:36:04Z INFO [4399/5000] 5b278cf0-d0c5-416f-8076-bb5519b3fc38: 1526 internal nodes; 4.8 s; peak memory 782 MiB.
2026-10-05T18:36:04Z INFO [4400/5000] 5b291460-dc3f-4872-9d78-66687ab94742: 17 internal nodes; 0.6 s; peak memory 782 MiB.
2026-10-05T18:36:05Z INFO [4400/5000] 5b291460-dc3f-4872-9d78-66687ab94742: checkpointed 90834 records.
2026-10-05T18:36:07Z INFO [4401/5000] 5b292910-9290-4f92-b6c5-1a448c012e01: 41 internal nodes; 2.1 s; peak memory 782 MiB.
2026-10-05T18:36:07Z INFO [4402/5000] 5b299c88-2c79-4a03-979b-b1bc288f2e21: 26 internal nodes; 0.4 s; peak memory 782 MiB.
2026-10-05T18:36:08Z INFO [4403/5000] 5b29a4a8-fb66-4066-acb0-6849917324f9: 18 internal nodes; 0.5 s; peak memory 782 MiB.
2026-10-05T18:36:17Z INFO [4404/5000] 5b29a767-df32-4f92-91d8-dc7af5ec126f: 133 internal nodes; 9.7 s; peak memory 782 MiB.
2026-10-05T18:36:18Z INFO [4405/5000] 5b29d917-2504-40e8-8d5b-262a5a2186c1: 13 internal nodes; 0.6 s; peak memory 782 MiB.
2026-10-05T18:36:18Z INFO [4406/5000] 5b2a1f76-ba01-4d14-89c6-4600c21ae170: 17 internal nodes; 0.6 s; peak memory 782 MiB.
2026-10-05T18:36:21Z INFO [4407/5000] 5b2a1fc6-a4c8-456a-99cc-370529107a8e: 106 internal nodes; 2.2 s; peak memory 782 MiB.
2026-10-05T18:36:21Z INFO [4408/5000] 5b2bb9e7-216a-4a7a-9410-fa6b84b31c9b: 31 internal nodes; 0.7 s; peak memory 782 MiB.
2026-10-05T18:36:22Z INFO [4409/5000] 5b2bcac5-e3ca-416a-86ec-9bb4a0d3526e: 23 internal nodes; 0.9 s; peak memory 782 MiB.
2026-10-05T18:36:23Z INFO [4410/5000] 5b2c0413-18d0-4b2d-9b1e-8bd2f7ab509a: 17 internal nodes; 0.6 s; peak memory 782 MiB.
2026-10-05T18:36:24Z INFO [4411/5000] 5b2c0b03-d5d0-4711-bccf-5189e92fb2a4: 31 internal nodes; 0.9 s; peak memory 782 MiB.
2026-10-05T18:36:25Z INFO [4412/5000] 5b2c56da-9bc4-4fce-a741-3ffecf35d1c6: 27 internal nodes; 0.7 s; peak memory 782 MiB.
2026-10-05T18:36:25Z INFO [4413/5000] 5b2da2f3-1e23-4038-876b-2cc6c042e513: 13 internal nodes; 0.5 s; peak memory 782 MiB.
2026-10-05T18:36:26Z INFO [4414/5000] 5b2dbf9a-a456-48ef-817d-1a10277537bd: 17 internal nodes; 0.8 s; peak memory 782 MiB.
2026-10-05T18:36:27Z INFO [4415/5000] 5b2dcda0-d0e3-4bcc-b1a5-da91e680ef61: 30 internal nodes; 1.0 s; peak memory 782 MiB.
2026-10-05T18:36:28Z INFO [4416/5000] 5b2de8c6-b7d9-464d-8642-0c25ec31ad41: 31 internal nodes; 1.4 s; peak memory 782 MiB.
2026-10-05T18:36:32Z INFO [4417/5000] 5b2deb06-ad7f-4479-a1bc-a0f36b924ef8: 70 internal nodes; 3.4 s; peak memory 782 MiB.
2026-10-05T18:36:32Z INFO [4418/5000] 5b2df091-6f09-4937-9da8-aabff07d12ae: 17 internal nodes; 0.4 s; peak memory 782 MiB.
2026-10-05T18:36:33Z INFO [4419/5000] 5b2e3150-9506-41e3-83f7-1e5e8aee9bf2: 90 internal nodes; 0.6 s; peak memory 782 MiB.
2026-10-05T18:36:36Z INFO [4420/5000] 5b2ee1c6-fa3a-4e4d-81d4-c70e09ce5198: 114 internal nodes; 3.2 s; peak memory 782 MiB.
2026-10-05T18:36:37Z INFO [4421/5000] 5b3024cd-ab90-468b-8b62-16309cff89a8: 29 internal nodes; 0.8 s; peak memory 782 MiB.
2026-10-05T18:36:38Z INFO [4422/5000] 5b31c832-816b-475c-b531-27efe35b930b: 29 internal nodes; 1.2 s; peak memory 782 MiB.
2026-10-05T18:36:38Z INFO [4423/5000] 5b328b5f-e75d-471e-a989-d597c390d11c: 23 internal nodes; 0.6 s; peak memory 782 MiB.
2026-10-05T18:36:39Z INFO [4424/5000] 5b329791-cc4b-4f66-882a-646fd38e708f: 31 internal nodes; 0.8 s; peak memory 782 MiB.
2026-10-05T18:36:40Z INFO [4425/5000] 5b3362b7-db0d-43fa-9ec0-d15afabb684f: 31 internal nodes; 0.9 s; peak memory 782 MiB.
2026-10-05T18:36:41Z INFO [4426/5000] 5b338315-bfc9-426f-9258-d3d44a39fd72: 27 internal nodes; 1.3 s; peak memory 782 MiB.
2026-10-05T18:36:47Z INFO [4427/5000] 5b340867-7575-4582-b616-82ba8bffb05a: 44 internal nodes; 5.3 s; peak memory 782 MiB.
2026-10-05T18:36:47Z INFO [4428/5000] 5b342963-0540-4acb-a332-851ce30ff095: 11 internal nodes; 0.5 s; peak memory 782 MiB.
2026-10-05T18:36:48Z INFO [4429/5000] 5b357ea8-9293-4bc3-b141-39ed506f23c5: 6 internal nodes; 0.4 s; peak memory 782 MiB.
2026-10-05T18:36:51Z INFO [4430/5000] 5b3592a4-cdd5-4ec1-a207-aee783008c16: 128 internal nodes; 3.6 s; peak memory 782 MiB.
2026-10-05T18:36:54Z INFO [4431/5000] 5b36699c-6c97-4dab-a6e1-b1c4bcdaa300: 95 internal nodes; 2.4 s; peak memory 782 MiB.
2026-10-05T18:36:55Z INFO [4432/5000] 5b373c65-0ab3-4e9d-a759-6091bb79ea6c: 66 internal nodes; 1.2 s; peak memory 782 MiB.
2026-10-05T18:36:56Z INFO [4433/5000] 5b3801bd-f357-418f-8da6-06bef7b40cc0: 31 internal nodes; 1.0 s; peak memory 782 MiB.
2026-10-05T18:36:58Z INFO [4434/5000] 5b3823f7-8da0-4017-bc1c-3435117e6aea: 31 internal nodes; 1.9 s; peak memory 782 MiB.
2026-10-05T18:36:58Z INFO [4435/5000] 5b391584-2464-4774-9c7b-1b016747be2b: 27 internal nodes; 0.7 s; peak memory 782 MiB.
2026-10-05T18:36:59Z INFO [4436/5000] 5b3927fb-a310-4501-af8f-87938a176cc6: 19 internal nodes; 0.7 s; peak memory 782 MiB.
2026-10-05T18:37:00Z INFO [4437/5000] 5b39829e-ea89-4d1e-8677-84218db55da6: 24 internal nodes; 1.0 s; peak memory 782 MiB.
2026-10-05T18:37:01Z INFO [4438/5000] 5b398652-6e17-4002-bffe-3e4b2ef1fa7f: 17 internal nodes; 0.6 s; peak memory 782 MiB.
2026-10-05T18:37:06Z INFO [4439/5000] 5b3a01de-e1ea-493d-9f48-6068430ebe4d: 196 internal nodes; 4.8 s; peak memory 782 MiB.
2026-10-05T18:37:06Z INFO [4440/5000] 5b3a7305-12c4-46d7-b935-aaa3f779b7a9: 31 internal nodes; 0.8 s; peak memory 782 MiB.
2026-10-05T18:37:07Z INFO [4441/5000] 5b3a7452-a0d6-4734-9be7-3a709e700b6f: 17 internal nodes; 0.6 s; peak memory 782 MiB.
2026-10-05T18:37:09Z INFO [4442/5000] 5b3ad684-97c9-4d8f-bd38-c653e8e61777: 42 internal nodes; 2.1 s; peak memory 782 MiB.
2026-10-05T18:37:10Z INFO [4443/5000] 5b3c8c6e-35a4-41df-bb33-f34fc97011a9: 28 internal nodes; 1.0 s; peak memory 782 MiB.
2026-10-05T18:37:15Z INFO [4444/5000] 5b3cc0f8-2a6e-4926-bf9c-1f76e70a316c: 214 internal nodes; 5.2 s; peak memory 782 MiB.
2026-10-05T18:37:17Z INFO [4445/5000] 5b3cd9af-dcfe-4ac4-9aee-e88895c7b56a: 36 internal nodes; 1.3 s; peak memory 782 MiB.
2026-10-05T18:37:22Z INFO [4446/5000] 5b3ce271-e3a8-4767-92cd-0e79b82e99a8: 64 internal nodes; 5.6 s; peak memory 782 MiB.
2026-10-05T18:37:23Z INFO [4447/5000] 5b3d2170-9244-4068-a3de-619e1e5cac79: 17 internal nodes; 0.6 s; peak memory 782 MiB.
2026-10-05T18:37:24Z INFO [4448/5000] 5b3d9300-c37b-4dc4-a96d-283dfa94ec72: 31 internal nodes; 0.9 s; peak memory 782 MiB.
2026-10-05T18:37:26Z INFO [4449/5000] 5b3e92dd-baa9-4863-b715-1a684fb7f87b: 97 internal nodes; 2.1 s; peak memory 782 MiB.
2026-10-05T18:37:27Z INFO [4450/5000] 5b3f1590-c845-491d-b10c-2fd7f57300c1: 17 internal nodes; 0.7 s; peak memory 782 MiB.
2026-10-05T18:37:27Z INFO [4450/5000] 5b3f1590-c845-491d-b10c-2fd7f57300c1: checkpointed 90884 records.
2026-10-05T18:37:28Z INFO [4451/5000] 5b3f8282-48dd-4f09-b248-8a2a86288392: 27 internal nodes; 0.7 s; peak memory 782 MiB.
2026-10-05T18:37:29Z INFO [4452/5000] 5b404388-9a8e-45dd-b78a-80c51730c017: 28 internal nodes; 1.4 s; peak memory 782 MiB.
2026-10-05T18:37:30Z INFO [4453/5000] 5b40f242-6eed-4be8-a023-b63b51383941: 44 internal nodes; 1.3 s; peak memory 782 MiB.
2026-10-05T18:37:31Z INFO [4454/5000] 5b414627-e92e-4d95-96ce-8737950a1689: 23 internal nodes; 1.1 s; peak memory 782 MiB.
2026-10-05T18:37:33Z INFO [4455/5000] 5b4368bd-ecd6-485b-9b5a-b72a97f53e3a: 38 internal nodes; 1.4 s; peak memory 782 MiB.
2026-10-05T18:37:33Z INFO [4456/5000] 5b43a20f-b82f-41ac-8701-428bcc044eac: 13 internal nodes; 0.4 s; peak memory 782 MiB.
2026-10-05T18:37:34Z INFO [4457/5000] 5b43d651-066a-4820-838e-9e28dad0e534: 31 internal nodes; 1.0 s; peak memory 782 MiB.
2026-10-05T18:37:35Z INFO [4458/5000] 5b43f3b9-d748-411a-8aa0-0944933a4967: 13 internal nodes; 0.5 s; peak memory 782 MiB.
2026-10-05T18:37:35Z INFO [4459/5000] 5b4411ee-1295-4d1e-8c2d-e57a114975f5: 17 internal nodes; 0.6 s; peak memory 782 MiB.
2026-10-05T18:37:36Z INFO [4460/5000] 5b445b40-dec0-40f3-9d15-453b7a27496c: 35 internal nodes; 1.1 s; peak memory 782 MiB.
2026-10-05T18:37:38Z INFO [4461/5000] 5b451d0b-2191-42bc-8000-86f43df2a5e8: 50 internal nodes; 1.7 s; peak memory 782 MiB.
2026-10-05T18:37:40Z INFO [4462/5000] 5b456fb2-4bda-47cb-90cb-c7b2df24d742: 26 internal nodes; 1.7 s; peak memory 782 MiB.
2026-10-05T18:37:40Z INFO [4463/5000] 5b458acf-c088-4fb3-965b-08499aed0702: 27 internal nodes; 0.7 s; peak memory 782 MiB.
2026-10-05T18:37:45Z INFO [4464/5000] 5b469684-976b-4d97-8e5c-f1f8debbf617: 54 internal nodes; 4.1 s; peak memory 782 MiB.
2026-10-05T18:37:45Z INFO [4465/5000] 5b46d9b2-b855-47f9-aa8c-8207ed37dbd9: 31 internal nodes; 0.8 s; peak memory 782 MiB.
2026-10-05T18:37:46Z INFO [4466/5000] 5b47391a-9e96-489c-960d-f9dc52c4efe5: 11 internal nodes; 0.5 s; peak memory 782 MiB.
2026-10-05T18:37:47Z INFO [4467/5000] 5b47418e-6486-48a8-9b8a-7ee5b05cdd5c: 27 internal nodes; 0.8 s; peak memory 782 MiB.
2026-10-05T18:37:53Z INFO [4468/5000] 5b4790d2-6ca4-46b6-8d3d-e1e601c48750: 74 internal nodes; 6.4 s; peak memory 782 MiB.
2026-10-05T18:37:56Z INFO [4469/5000] 5b4807f3-df47-4345-b234-149aec169b83: 141 internal nodes; 3.0 s; peak memory 782 MiB.
2026-10-05T18:38:01Z INFO [4470/5000] 5b492900-7977-4c55-adb4-e7d5fc4ab991: 114 internal nodes; 5.4 s; peak memory 782 MiB.
2026-10-05T18:38:02Z INFO [4471/5000] 5b4a3acc-530c-4280-a867-1ecd7d3b56a2: 22 internal nodes; 0.5 s; peak memory 782 MiB.
2026-10-05T18:38:02Z INFO [4472/5000] 5b4a3b86-2688-456f-b44b-fabb00314a41: 27 internal nodes; 0.6 s; peak memory 782 MiB.
2026-10-05T18:38:06Z INFO [4473/5000] 5b4a8884-2fbe-46e3-bdff-9f213db27a3c: 177 internal nodes; 3.7 s; peak memory 782 MiB.
2026-10-05T18:38:07Z INFO [4474/5000] 5b4abba0-8e1d-4712-9b8d-ec1f83748322: 13 internal nodes; 0.6 s; peak memory 782 MiB.
2026-10-05T18:38:11Z INFO [4475/5000] 5b4b3fae-90df-4cdc-ae5f-1d049df4b1f1: 131 internal nodes; 3.9 s; peak memory 782 MiB.
2026-10-05T18:38:15Z INFO [4476/5000] 5b4b9946-944b-44a9-a97b-6a88fea352cc: 73 internal nodes; 4.7 s; peak memory 782 MiB.
2026-10-05T18:38:16Z INFO [4477/5000] 5b4c68ac-1082-44cf-98d5-7106ed887f58: 27 internal nodes; 0.9 s; peak memory 782 MiB.
2026-10-05T18:38:17Z INFO [4478/5000] 5b4d3175-9f2a-49e7-bdc8-932fc3cff91c: 27 internal nodes; 0.7 s; peak memory 782 MiB.
2026-10-05T18:38:17Z INFO [4479/5000] 5b4d443f-2094-4585-8b1d-d2087bbfe9a5: 17 internal nodes; 0.5 s; peak memory 782 MiB.
2026-10-05T18:38:18Z INFO [4480/5000] 5b4d7d2c-2107-49fc-8364-71d14fa05354: 27 internal nodes; 0.8 s; peak memory 782 MiB.
2026-10-05T18:38:19Z INFO [4481/5000] 5b4e862a-05de-4c74-bcb2-17aa863c09c9: 31 internal nodes; 0.8 s; peak memory 782 MiB.
2026-10-05T18:38:27Z INFO [4482/5000] 5b50769c-3332-4bed-adbb-89ac233e91da: 251 internal nodes; 7.6 s; peak memory 782 MiB.
2026-10-05T18:38:27Z INFO [4483/5000] 5b508eb5-28c8-4f42-b19a-922ea8d9761c: 27 internal nodes; 0.7 s; peak memory 782 MiB.
2026-10-05T18:38:28Z INFO [4484/5000] 5b50d985-aa06-46b6-94e9-237eae782f11: 90 internal nodes; 0.8 s; peak memory 782 MiB.
2026-10-05T18:38:29Z INFO [4485/5000] 5b5251a4-daae-444b-8c75-a8fc875ed735: 17 internal nodes; 0.6 s; peak memory 782 MiB.
2026-10-05T18:38:31Z INFO [4486/5000] 5b5272bf-a6ee-45ee-8d0b-4b99a2b801c2: 53 internal nodes; 2.0 s; peak memory 782 MiB.
2026-10-05T18:38:31Z INFO [4487/5000] 5b538f3a-8564-428d-8d4e-95be1f238f3f: 17 internal nodes; 0.8 s; peak memory 782 MiB.
2026-10-05T18:38:33Z INFO [4488/5000] 5b53a671-f60f-452f-a9e2-aa72d2caddef: 53 internal nodes; 1.8 s; peak memory 782 MiB.
2026-10-05T18:38:34Z INFO [4489/5000] 5b53a9ef-cfa7-49da-ba1a-9adc65030ed4: 23 internal nodes; 1.1 s; peak memory 782 MiB.
2026-10-05T18:38:35Z INFO [4490/5000] 5b541d4a-7693-417e-9697-5b6049cd0f99: 17 internal nodes; 0.7 s; peak memory 782 MiB.
2026-10-05T18:38:36Z INFO [4491/5000] 5b544544-dad2-4070-93b3-c327c6ca1ed2: 19 internal nodes; 0.9 s; peak memory 782 MiB.
2026-10-05T18:38:41Z INFO [4492/5000] 5b547759-0368-47ff-abab-82cc7f8b7455: 73 internal nodes; 5.6 s; peak memory 782 MiB.
2026-10-05T18:38:42Z INFO [4493/5000] 5b549cc5-4e75-4686-8118-b47abd824741: 53 internal nodes; 1.0 s; peak memory 782 MiB.
2026-10-05T18:38:43Z INFO [4494/5000] 5b567faf-c1db-4998-951a-388a45f7b065: 13 internal nodes; 0.5 s; peak memory 782 MiB.
2026-10-05T18:38:43Z INFO [4495/5000] 5b569291-d884-4877-a4e3-cf90e0ad6b40: 27 internal nodes; 0.5 s; peak memory 782 MiB.
2026-10-05T18:38:44Z INFO [4496/5000] 5b56de0c-3038-430a-a36e-b6d77b6e4917: 31 internal nodes; 0.9 s; peak memory 782 MiB.
2026-10-05T18:38:45Z INFO [4497/5000] 5b574018-4d28-49ca-a938-611819012f00: 18 internal nodes; 0.5 s; peak memory 782 MiB.
2026-10-05T18:38:46Z INFO [4498/5000] 5b57830f-67ae-4d08-9c60-52b982352e4f: 31 internal nodes; 1.0 s; peak memory 782 MiB.
2026-10-05T18:38:46Z INFO [4499/5000] 5b58d257-759d-4b61-89b1-bb3d85ca35ed: 23 internal nodes; 0.5 s; peak memory 782 MiB.
2026-10-05T18:38:47Z INFO [4500/5000] 5b5964a4-09f1-4679-a3e5-eb90b02d9dc8: 17 internal nodes; 0.6 s; peak memory 782 MiB.
2026-10-05T18:38:47Z INFO [4500/5000] 5b5964a4-09f1-4679-a3e5-eb90b02d9dc8: checkpointed 90934 records.
2026-10-05T18:38:48Z INFO [4501/5000] 5b5969cf-e949-4042-b669-75cddad1ab4c: 27 internal nodes; 0.8 s; peak memory 782 MiB.
2026-10-05T18:38:49Z INFO [4502/5000] 5b599ebf-23f4-4706-963b-89f1915efa0e: 27 internal nodes; 0.7 s; peak memory 782 MiB.
2026-10-05T18:38:49Z INFO [4503/5000] 5b59a12e-1b4e-4942-82db-3891655bd9ce: 17 internal nodes; 0.7 s; peak memory 782 MiB.
2026-10-05T18:38:53Z INFO [4504/5000] 5b59e5c7-10f5-4e43-b36b-7aa05f6921b0: 151 internal nodes; 3.6 s; peak memory 782 MiB.
2026-10-05T18:38:54Z INFO [4505/5000] 5b59f177-41da-4527-ae4d-dc158a8cb965: 17 internal nodes; 0.8 s; peak memory 782 MiB.
2026-10-05T18:38:55Z INFO [4506/5000] 5b5a0181-89b3-4b41-a24e-ea5d37448817: 24 internal nodes; 1.3 s; peak memory 782 MiB.
2026-10-05T18:38:56Z INFO [4507/5000] 5b5a4dc9-b07d-4431-a4f2-9a3b2b92dd6d: 17 internal nodes; 0.8 s; peak memory 782 MiB.
2026-10-05T18:38:58Z INFO [4508/5000] 5b5a9b08-476c-4767-88ba-bd867e791f7c: 44 internal nodes; 1.6 s; peak memory 782 MiB.
2026-10-05T18:38:58Z INFO [4509/5000] 5b5b3355-812a-4609-aaab-3719c8ec2904: 11 internal nodes; 0.4 s; peak memory 782 MiB.
2026-10-05T18:38:58Z INFO [4510/5000] 5b5e4ba1-17c3-41ad-b3a9-aac0292d0234: 18 internal nodes; 0.5 s; peak memory 782 MiB.
2026-10-05T18:39:00Z INFO [4511/5000] 5b5ec88a-78a4-40ea-8a8a-296db145ae56: 44 internal nodes; 1.8 s; peak memory 782 MiB.
2026-10-05T18:39:01Z INFO [4512/5000] 5b5ed350-024b-4307-9632-5e862899ce53: 27 internal nodes; 0.8 s; peak memory 782 MiB.
2026-10-05T18:39:02Z INFO [4513/5000] 5b5f4ffc-8844-4315-bbc7-b2ff4e9ee1e5: 17 internal nodes; 0.7 s; peak memory 782 MiB.
2026-10-05T18:39:02Z INFO [4514/5000] 5b5fba28-561c-4682-8fff-dd119bd69a25: 27 internal nodes; 0.6 s; peak memory 782 MiB.
2026-10-05T18:39:03Z INFO [4515/5000] 5b60f015-d489-48fd-a126-2c9a6b2dcc20: 17 internal nodes; 0.6 s; peak memory 782 MiB.
2026-10-05T18:39:04Z INFO [4516/5000] 5b60f118-7a7b-4b61-93ce-4467642af64d: 63 internal nodes; 1.0 s; peak memory 782 MiB.
2026-10-05T18:39:08Z INFO [4517/5000] 5b61c13f-1167-47ba-97b4-e8c752404f0e: 73 internal nodes; 3.9 s; peak memory 782 MiB.
2026-10-05T18:39:09Z INFO [4518/5000] 5b61c9f2-fa8a-4f51-a12b-a8e04b9ece94: 17 internal nodes; 0.9 s; peak memory 782 MiB.
2026-10-05T18:39:09Z INFO [4519/5000] 5b61fe4f-0094-4452-b794-bdf86d19590d: 17 internal nodes; 0.6 s; peak memory 782 MiB.
2026-10-05T18:39:11Z INFO [4520/5000] 5b629a97-e697-4bc7-abeb-147353e55e51: 91 internal nodes; 1.3 s; peak memory 782 MiB.
2026-10-05T18:39:12Z INFO [4521/5000] 5b629e06-f3d1-4b96-84b5-311e1015d05d: 30 internal nodes; 1.0 s; peak memory 782 MiB.
2026-10-05T18:39:13Z INFO [4522/5000] 5b636646-d4d7-49fc-8b7b-6a79859697c2: 42 internal nodes; 1.9 s; peak memory 782 MiB.
2026-10-05T18:39:14Z INFO [4523/5000] 5b647726-95f6-4aef-88fc-3a54d33301c3: 23 internal nodes; 0.6 s; peak memory 782 MiB.
2026-10-05T18:39:14Z INFO [4524/5000] 5b64ebd4-d24b-4bca-a12a-d6a55f68cacd: 11 internal nodes; 0.4 s; peak memory 782 MiB.
2026-10-05T18:39:15Z INFO [4525/5000] 5b655586-9d87-46d7-9a3c-633747bfaf79: 27 internal nodes; 0.7 s; peak memory 782 MiB.
2026-10-05T18:39:16Z INFO [4526/5000] 5b655789-4790-48b6-b952-c4447959f8eb: 27 internal nodes; 0.7 s; peak memory 782 MiB.
2026-10-05T18:39:17Z INFO [4527/5000] 5b662328-2a95-4c95-b8d7-9f64a7340c24: 29 internal nodes; 0.9 s; peak memory 782 MiB.
2026-10-05T18:39:18Z INFO [4528/5000] 5b67e80d-9d26-40ff-b4ea-ea7ac94fb6ef: 31 internal nodes; 0.8 s; peak memory 782 MiB.
2026-10-05T18:39:19Z INFO [4529/5000] 5b68450f-0b90-4cfc-8705-63841428b74b: 66 internal nodes; 1.7 s; peak memory 782 MiB.
2026-10-05T18:39:29Z INFO [4530/5000] 5b69a4a1-1040-4ae7-a25c-64caf4e1da31: 308 internal nodes; 9.8 s; peak memory 782 MiB.
2026-10-05T18:39:30Z INFO [4531/5000] 5b6a1e53-26f9-4b1a-89ff-e9a556fcc57f: 31 internal nodes; 0.9 s; peak memory 782 MiB.
2026-10-05T18:39:31Z INFO [4532/5000] 5b6b2d46-c56e-4df7-a551-b7337eb9b36a: 18 internal nodes; 0.5 s; peak memory 782 MiB.
2026-10-05T18:39:34Z INFO [4533/5000] 5b6c2cb1-a610-4e2c-b109-628d5395013c: 73 internal nodes; 3.8 s; peak memory 782 MiB.
2026-10-05T18:39:35Z INFO [4534/5000] 5b6c4d82-b1db-49d1-93c2-6cb0eb075dd5: 19 internal nodes; 0.6 s; peak memory 782 MiB.
2026-10-05T18:39:36Z INFO [4535/5000] 5b6c805f-ef3b-4f7d-ac4f-187698630468: 21 internal nodes; 0.6 s; peak memory 782 MiB.
2026-10-05T18:39:36Z INFO [4536/5000] 5b6ce32a-1155-4223-8380-62cb823f90dc: 27 internal nodes; 0.6 s; peak memory 782 MiB.
2026-10-05T18:39:44Z INFO [4537/5000] 5b6e2fdd-84ef-468d-a492-270f897c2f27: 419 internal nodes; 8.3 s; peak memory 782 MiB.
2026-10-05T18:39:45Z INFO [4538/5000] 5b6e4cbd-4624-40c8-b629-6858acd47a23: 31 internal nodes; 0.8 s; peak memory 782 MiB.
2026-10-05T18:39:46Z INFO [4539/5000] 5b6e80b4-3642-4914-8a36-e28ea8045b73: 27 internal nodes; 0.7 s; peak memory 782 MiB.
2026-10-05T18:39:47Z INFO [4540/5000] 5b703269-dcce-428b-ac7c-723c6edcaa78: 66 internal nodes; 1.5 s; peak memory 782 MiB.
2026-10-05T18:39:54Z INFO [4541/5000] 5b70a901-6cf4-41a7-9062-5627d55ba9f4: 202 internal nodes; 6.3 s; peak memory 782 MiB.
2026-10-05T18:39:54Z INFO [4542/5000] 5b713eca-dc95-4aa3-ab1b-3ce5bb20c4f1: 13 internal nodes; 0.4 s; peak memory 782 MiB.
2026-10-05T18:39:55Z INFO [4543/5000] 5b72697d-2405-4c20-b947-2b01d3e85fb4: 17 internal nodes; 0.6 s; peak memory 782 MiB.
2026-10-05T18:39:56Z INFO [4544/5000] 5b728e2e-12bc-463e-82d6-fb6ac3e58762: 55 internal nodes; 0.9 s; peak memory 782 MiB.
2026-10-05T18:39:56Z INFO [4545/5000] 5b7363d8-0de8-4162-8ac9-0a4ea523904b: 17 internal nodes; 0.6 s; peak memory 782 MiB.
2026-10-05T18:39:58Z INFO [4546/5000] 5b749390-0449-49a1-bcf2-daa92805f6ed: 63 internal nodes; 1.2 s; peak memory 782 MiB.
2026-10-05T18:39:59Z INFO [4547/5000] 5b751791-5592-4c2f-aebd-b2ae47e41008: 91 internal nodes; 1.2 s; peak memory 782 MiB.
2026-10-05T18:40:00Z INFO [4548/5000] 5b75ca31-6eec-432a-b292-2febb539cc94: 65 internal nodes; 1.0 s; peak memory 782 MiB.
2026-10-05T18:40:00Z INFO [4549/5000] 5b761727-c003-4e40-8048-fdfe40383a7e: 13 internal nodes; 0.6 s; peak memory 782 MiB.
2026-10-05T18:40:01Z INFO [4550/5000] 5b76e8ef-1330-4791-a3e2-6e94995d254a: 17 internal nodes; 0.6 s; peak memory 782 MiB.
2026-10-05T18:40:01Z INFO [4550/5000] 5b76e8ef-1330-4791-a3e2-6e94995d254a: checkpointed 90984 records.
2026-10-05T18:40:02Z INFO [4551/5000] 5b77dcbc-cdb1-4b1c-853d-e0f73f550ae8: 18 internal nodes; 0.6 s; peak memory 782 MiB.
2026-10-05T18:40:03Z INFO [4552/5000] 5b79601f-6515-4efa-af5d-ddd24e4dba1e: 61 internal nodes; 1.1 s; peak memory 782 MiB.
2026-10-05T18:40:07Z INFO [4553/5000] 5b7967ef-471b-44ad-b481-39a78f86511c: 83 internal nodes; 3.6 s; peak memory 782 MiB.
2026-10-05T18:40:07Z INFO [4554/5000] 5b79f771-28bc-4a55-abda-64dae7ebc21e: 11 internal nodes; 0.4 s; peak memory 782 MiB.
2026-10-05T18:40:08Z INFO [4555/5000] 5b7a6bfc-1558-4d14-9c5b-02b99e40e4c9: 27 internal nodes; 0.7 s; peak memory 782 MiB.
2026-10-05T18:40:16Z INFO [4556/5000] 5b7ab283-a66b-4e6c-a810-b2474c1daac7: 268 internal nodes; 8.2 s; peak memory 782 MiB.
2026-10-05T18:40:17Z INFO [4557/5000] 5b7aff10-fd4f-45b3-82d8-c76c2d9e480a: 22 internal nodes; 0.9 s; peak memory 782 MiB.
2026-10-05T18:40:18Z INFO [4558/5000] 5b7b91b9-3168-41ad-b9aa-0db41c411669: 119 internal nodes; 0.7 s; peak memory 782 MiB.
2026-10-05T18:40:19Z INFO [4559/5000] 5b7c3085-771e-4ca7-8fb9-6d5a24275954: 44 internal nodes; 1.8 s; peak memory 782 MiB.
2026-10-05T18:40:20Z INFO [4560/5000] 5b7c3b23-d1fa-4c3c-afe0-788fdd67a314: 17 internal nodes; 0.5 s; peak memory 782 MiB.
2026-10-05T18:40:21Z INFO [4561/5000] 5b7d1f67-a5d2-44da-ac52-9ff4f4aa7dc4: 27 internal nodes; 0.7 s; peak memory 782 MiB.
2026-10-05T18:40:21Z INFO [4562/5000] 5b7d44bf-a200-4e00-87e4-9b608dff4b3e: 27 internal nodes; 0.7 s; peak memory 782 MiB.
2026-10-05T18:40:23Z INFO [4563/5000] 5b7d8cf2-a5c4-4f19-96c4-2167f94ebaf6: 65 internal nodes; 1.5 s; peak memory 782 MiB.
2026-10-05T18:40:26Z INFO [4564/5000] 5b7dca95-1982-4ebd-9859-3bfdc2a5fc92: 177 internal nodes; 3.1 s; peak memory 782 MiB.
2026-10-05T18:40:27Z INFO [4565/5000] 5b7e3731-02c5-4aa4-95b4-c0d37dcf547a: 122 internal nodes; 1.0 s; peak memory 782 MiB.
2026-10-05T18:40:28Z INFO [4566/5000] 5b7ea274-7417-41c5-b8e9-a603f57afbda: 17 internal nodes; 0.8 s; peak memory 782 MiB.
2026-10-05T18:40:29Z INFO [4567/5000] 5b7f39d6-8b5b-4003-b752-a5136ea974be: 65 internal nodes; 1.4 s; peak memory 782 MiB.
2026-10-05T18:40:30Z INFO [4568/5000] 5b800db0-0e37-4ad7-876f-7a314e786f8a: 27 internal nodes; 0.8 s; peak memory 782 MiB.
2026-10-05T18:40:31Z INFO [4569/5000] 5b812a5d-acd4-4032-bf9b-c669421e193b: 19 internal nodes; 0.6 s; peak memory 782 MiB.
2026-10-05T18:40:31Z INFO [4570/5000] 5b81b47a-51bf-4522-a040-cfed4ef7a0a2: 31 internal nodes; 0.8 s; peak memory 782 MiB.
2026-10-05T18:40:32Z INFO [4571/5000] 5b81f14d-16b3-4511-8693-cc9ae08f5165: 17 internal nodes; 0.7 s; peak memory 782 MiB.
2026-10-05T18:40:38Z INFO [4572/5000] 5b826955-c039-4097-8acf-3b2410bb3809: 271 internal nodes; 6.4 s; peak memory 782 MiB.
2026-10-05T18:40:40Z INFO [4573/5000] 5b826cb5-dc67-46c5-905c-6e0de81768a0: 24 internal nodes; 1.1 s; peak memory 782 MiB.
2026-10-05T18:40:40Z INFO [4574/5000] 5b82de49-6228-4ecd-a654-4c0bbc385b39: 31 internal nodes; 0.8 s; peak memory 782 MiB.
2026-10-05T18:40:41Z INFO [4575/5000] 5b8387c0-4df0-4c9d-9b69-7bddc796e9b2: 17 internal nodes; 0.6 s; peak memory 782 MiB.
2026-10-05T18:40:43Z INFO [4576/5000] 5b85939c-0777-4e27-9264-1e1153fe8a7c: 21 internal nodes; 1.7 s; peak memory 782 MiB.
2026-10-05T18:40:43Z INFO [4577/5000] 5b85fd13-5298-45c8-a436-042081d461d3: 18 internal nodes; 0.9 s; peak memory 782 MiB.
2026-10-05T18:40:44Z INFO [4578/5000] 5b862e59-3358-4095-afda-0cf186811cc2: 18 internal nodes; 0.7 s; peak memory 782 MiB.
2026-10-05T18:40:45Z INFO [4579/5000] 5b86a45f-3974-4ce0-a6ba-5ff05a58491d: 27 internal nodes; 0.8 s; peak memory 782 MiB.
2026-10-05T18:40:47Z INFO [4580/5000] 5b87c6e8-0c45-462e-a3c8-ae3f2aa76b98: 54 internal nodes; 2.0 s; peak memory 782 MiB.
2026-10-05T18:40:48Z INFO [4581/5000] 5b87c83c-4448-48b0-8f19-5f02cc1845f2: 58 internal nodes; 0.9 s; peak memory 782 MiB.
2026-10-05T18:40:48Z INFO [4582/5000] 5b8805c8-f28b-401a-b97a-8d2c13fb4691: 27 internal nodes; 0.7 s; peak memory 782 MiB.
2026-10-05T18:40:50Z INFO [4583/5000] 5b88fe08-0139-4074-8d73-ff0c62bf665a: 122 internal nodes; 1.4 s; peak memory 782 MiB.
2026-10-05T18:40:54Z INFO [4584/5000] 5b891ae4-db62-4e1b-9efe-61fc1815c654: 177 internal nodes; 4.1 s; peak memory 782 MiB.
2026-10-05T18:40:55Z INFO [4585/5000] 5b89efcc-ca2c-4eca-8bba-f3e2b1884855: 44 internal nodes; 1.2 s; peak memory 782 MiB.
2026-10-05T18:41:01Z INFO [4586/5000] 5b8a04b1-1dd1-4e87-be5a-b74754e8076a: 233 internal nodes; 6.0 s; peak memory 782 MiB.
2026-10-05T18:41:02Z INFO [4587/5000] 5b8a44ac-c883-4f92-91e5-9f98381766c5: 17 internal nodes; 0.8 s; peak memory 782 MiB.
2026-10-05T18:41:03Z INFO [4588/5000] 5b8a554a-4494-4a38-bf46-b2968475ec34: 29 internal nodes; 0.8 s; peak memory 782 MiB.
2026-10-05T18:41:05Z INFO [4589/5000] 5b8ac7e7-09ba-44c3-a0fc-92baa97dd3f9: 46 internal nodes; 1.9 s; peak memory 782 MiB.
2026-10-05T18:41:05Z INFO [4590/5000] 5b8af44c-99b9-492a-95d5-076b9fe2d61f: 11 internal nodes; 0.4 s; peak memory 782 MiB.
2026-10-05T18:41:06Z INFO [4591/5000] 5b8b95d3-fa5f-4202-8923-ef036882a307: 27 internal nodes; 0.9 s; peak memory 782 MiB.
2026-10-05T18:41:07Z INFO [4592/5000] 5b8b9aca-d033-4802-9c8b-b4c798972211: 13 internal nodes; 0.4 s; peak memory 782 MiB.
2026-10-05T18:41:08Z INFO [4593/5000] 5b8bd713-824f-4c4a-88aa-8e2ca6534f8b: 59 internal nodes; 1.6 s; peak memory 782 MiB.
2026-10-05T18:41:09Z INFO [4594/5000] 5b8c1646-4724-4e1a-96dc-27faeb8b6c24: 17 internal nodes; 0.7 s; peak memory 782 MiB.
2026-10-05T18:41:10Z INFO [4595/5000] 5b8d3535-14a2-4e4d-a078-db24e6a8a945: 22 internal nodes; 1.0 s; peak memory 782 MiB.
2026-10-05T18:41:11Z INFO [4596/5000] 5b8dc672-55ba-4293-9fce-23ad8a8242d6: 27 internal nodes; 0.7 s; peak memory 782 MiB.
2026-10-05T18:41:12Z INFO [4597/5000] 5b8fa245-f01a-40e6-9e23-067f00bd37be: 27 internal nodes; 0.9 s; peak memory 782 MiB.
2026-10-05T18:41:13Z INFO [4598/5000] 5b907c57-df03-4a62-8017-6990c48ba373: 44 internal nodes; 1.5 s; peak memory 782 MiB.
2026-10-05T18:41:14Z INFO [4599/5000] 5b908633-e854-46d5-b0bb-999b2e015ad6: 26 internal nodes; 0.6 s; peak memory 782 MiB.
2026-10-05T18:41:14Z INFO [4600/5000] 5b90b4af-2632-4060-9a1b-a7130a96e9a1: 19 internal nodes; 0.5 s; peak memory 782 MiB.
2026-10-05T18:41:14Z INFO [4600/5000] 5b90b4af-2632-4060-9a1b-a7130a96e9a1: checkpointed 91034 records.
2026-10-05T18:41:15Z INFO [4601/5000] 5b911003-8b42-4a0e-80d9-557f80e097c7: 27 internal nodes; 0.8 s; peak memory 782 MiB.
2026-10-05T18:41:21Z INFO [4602/5000] 5b91d24c-a7ec-4bea-bcc8-0ab21b84ec86: 61 internal nodes; 5.4 s; peak memory 782 MiB.
2026-10-05T18:41:27Z INFO [4603/5000] 5b928216-1fec-4b75-8ef2-855289c24166: 44 internal nodes; 6.1 s; peak memory 782 MiB.
2026-10-05T18:41:27Z INFO [4604/5000] 5b92ea74-52b5-4d0e-84c5-5cacc45708c5: 17 internal nodes; 0.7 s; peak memory 782 MiB.
2026-10-05T18:41:28Z INFO [4605/5000] 5b947799-5ac4-49d9-8c11-65ea5ebe36ae: 27 internal nodes; 0.8 s; peak memory 782 MiB.
2026-10-05T18:41:29Z INFO [4606/5000] 5b947f8c-0072-458e-9f4e-6c9da2f17705: 17 internal nodes; 0.5 s; peak memory 782 MiB.
2026-10-05T18:41:29Z INFO [4607/5000] 5b94d258-2768-4a23-8891-3cbb77b48330: 22 internal nodes; 0.5 s; peak memory 782 MiB.
2026-10-05T18:41:30Z INFO [4608/5000] 5b952a53-66ff-438f-9944-f7a9d5964a5e: 31 internal nodes; 0.6 s; peak memory 782 MiB.
2026-10-05T18:41:31Z INFO [4609/5000] 5b955a75-446e-43fd-a804-7b672cc9cb39: 13 internal nodes; 0.8 s; peak memory 782 MiB.
2026-10-05T18:41:31Z INFO [4610/5000] 5b9603d4-c31a-4618-bf07-a3ba0c30ab55: 120 internal nodes; 0.9 s; peak memory 782 MiB.
2026-10-05T18:41:32Z INFO [4611/5000] 5b975a23-ffcf-4e0b-9974-b2407785ef48: 17 internal nodes; 0.6 s; peak memory 782 MiB.
2026-10-05T18:41:33Z INFO [4612/5000] 5b977ae0-3c12-434f-a791-1f290eea6061: 26 internal nodes; 1.3 s; peak memory 782 MiB.
2026-10-05T18:41:34Z INFO [4613/5000] 5b97a7b4-9828-40be-bc44-a83cc2319af5: 24 internal nodes; 0.9 s; peak memory 782 MiB.
2026-10-05T18:41:35Z INFO [4614/5000] 5b97b801-a189-4018-ada8-4a70a62c594b: 26 internal nodes; 0.9 s; peak memory 782 MiB.
2026-10-05T18:41:36Z INFO [4615/5000] 5b97c773-1cff-44cf-8cf7-7f1f4bf63ec3: 13 internal nodes; 0.7 s; peak memory 782 MiB.
2026-10-05T18:41:38Z INFO [4616/5000] 5b97c8e7-385f-48a7-932e-11725c06dca6: 56 internal nodes; 2.6 s; peak memory 782 MiB.
2026-10-05T18:41:39Z INFO [4617/5000] 5b97e36e-f8d8-4eac-8f86-4828db5cc07e: 31 internal nodes; 1.0 s; peak memory 782 MiB.
2026-10-05T18:41:40Z INFO [4618/5000] 5b9821ce-6fe0-4db8-a37e-edcb378835b5: 17 internal nodes; 0.6 s; peak memory 782 MiB.
2026-10-05T18:41:41Z INFO [4619/5000] 5b9925f4-c79f-4b69-9e77-f7a849a8c682: 17 internal nodes; 0.6 s; peak memory 782 MiB.
2026-10-05T18:41:45Z INFO [4620/5000] 5b992d97-96c8-4758-a4dd-ee7dfd5cfd39: 59 internal nodes; 4.5 s; peak memory 782 MiB.
2026-10-05T18:41:46Z INFO [4621/5000] 5b999b95-541e-4377-ad5d-4e66b3ec0282: 13 internal nodes; 0.7 s; peak memory 782 MiB.
2026-10-05T18:41:47Z INFO [4622/5000] 5b99d323-f764-477d-83ca-a0d5359d768d: 19 internal nodes; 0.8 s; peak memory 782 MiB.
2026-10-05T18:41:47Z INFO [4623/5000] 5b99e7b3-af54-419f-a21a-a5468f77e775: 27 internal nodes; 0.6 s; peak memory 782 MiB.
2026-10-05T18:41:54Z INFO [4624/5000] 5b9a8488-9fcb-496b-a68d-aeb961b5640c: 251 internal nodes; 7.3 s; peak memory 782 MiB.
2026-10-05T18:41:55Z INFO [4625/5000] 5b9a89bb-8a27-4889-b667-c96901e78189: 13 internal nodes; 0.7 s; peak memory 782 MiB.
2026-10-05T18:41:56Z INFO [4626/5000] 5b9db986-ffac-4c14-a6e6-63694217c69e: 17 internal nodes; 0.6 s; peak memory 782 MiB.
2026-10-05T18:41:56Z INFO [4627/5000] 5b9ec036-60ad-49b4-b2a0-eecc1df1580d: 17 internal nodes; 0.6 s; peak memory 782 MiB.
2026-10-05T18:41:57Z INFO [4628/5000] 5b9f53d3-9ab9-4372-83cc-f418b4032711: 17 internal nodes; 0.7 s; peak memory 782 MiB.
2026-10-05T18:41:58Z INFO [4629/5000] 5ba04e8a-a666-4cdb-9916-147030f28a28: 116 internal nodes; 0.8 s; peak memory 782 MiB.
2026-10-05T18:42:01Z INFO [4630/5000] 5ba0a378-fedb-4630-9c12-aefea03eb095: 109 internal nodes; 3.0 s; peak memory 782 MiB.
2026-10-05T18:42:03Z INFO [4631/5000] 5ba0cb6d-a0e6-485e-949d-708e76c554c2: 26 internal nodes; 1.6 s; peak memory 782 MiB.
2026-10-05T18:42:03Z INFO [4632/5000] 5ba1ceec-dec8-4ab6-a7f6-016dcced48d1: 11 internal nodes; 0.5 s; peak memory 782 MiB.
2026-10-05T18:42:04Z INFO [4633/5000] 5ba2826f-8ce4-499f-bcf4-dc85aae72532: 17 internal nodes; 0.6 s; peak memory 782 MiB.
2026-10-05T18:42:09Z INFO [4634/5000] 5ba2ccc8-1bc5-44d0-84ef-501385262932: 115 internal nodes; 5.4 s; peak memory 782 MiB.
2026-10-05T18:42:13Z INFO [4635/5000] 5ba2eace-ea89-4e82-878c-73699f037cef: 73 internal nodes; 4.0 s; peak memory 782 MiB.
2026-10-05T18:42:14Z INFO [4636/5000] 5ba33c7d-6695-4d6b-bebc-8c1934ea8f0e: 27 internal nodes; 0.9 s; peak memory 782 MiB.
2026-10-05T18:42:15Z INFO [4637/5000] 5ba3ba1a-e22b-456d-aad4-6c34a1cb971a: 67 internal nodes; 1.2 s; peak memory 782 MiB.
2026-10-05T18:42:16Z INFO [4638/5000] 5ba3d2ce-adda-4cb8-9a26-d9dda9990a00: 17 internal nodes; 0.8 s; peak memory 782 MiB.
2026-10-05T18:42:17Z INFO [4639/5000] 5ba4086d-b209-4044-b953-d6d456b8d453: 17 internal nodes; 0.8 s; peak memory 782 MiB.
2026-10-05T18:42:18Z INFO [4640/5000] 5ba48235-18db-452d-9f20-f65b3e46ccb8: 50 internal nodes; 1.5 s; peak memory 782 MiB.
2026-10-05T18:42:19Z INFO [4641/5000] 5ba58bf0-3242-42c7-b037-5b8c1005a684: 17 internal nodes; 0.7 s; peak memory 782 MiB.
2026-10-05T18:42:21Z INFO [4642/5000] 5ba5ff55-642a-47dd-b075-45c3fa90ecef: 53 internal nodes; 1.9 s; peak memory 782 MiB.
2026-10-05T18:42:22Z INFO [4643/5000] 5ba61563-7b0d-4ae2-9590-57ca88d9576e: 27 internal nodes; 0.8 s; peak memory 782 MiB.
2026-10-05T18:42:28Z INFO [4644/5000] 5ba8df15-f7e7-49b9-ae3b-4986bd1fc00d: 665 internal nodes; 6.4 s; peak memory 782 MiB.
2026-10-05T18:42:29Z INFO [4645/5000] 5ba90f13-7ddd-4785-b82c-1d0612e60cb4: 11 internal nodes; 0.4 s; peak memory 782 MiB.
2026-10-05T18:42:33Z INFO [4646/5000] 5ba9ee0e-f66e-455b-9019-cb0fa872dfab: 203 internal nodes; 4.3 s; peak memory 782 MiB.
2026-10-05T18:42:34Z INFO [4647/5000] 5baa4323-0aaa-4237-8c89-f7f942059316: 17 internal nodes; 0.7 s; peak memory 782 MiB.
2026-10-05T18:42:34Z INFO [4648/5000] 5baa6c5a-a75b-46cc-9e17-56b3ab7faa55: 31 internal nodes; 0.8 s; peak memory 782 MiB.
2026-10-05T18:42:35Z INFO [4649/5000] 5baa9dd1-21e6-4128-b468-476fa33a8311: 17 internal nodes; 0.6 s; peak memory 782 MiB.
2026-10-05T18:42:36Z INFO [4650/5000] 5bab154d-d23b-4393-8578-0ea144204a18: 17 internal nodes; 0.6 s; peak memory 782 MiB.
2026-10-05T18:42:36Z INFO [4650/5000] 5bab154d-d23b-4393-8578-0ea144204a18: checkpointed 91084 records.
2026-10-05T18:42:37Z INFO [4651/5000] 5bab9e69-0768-4fe9-bc07-ec3713ae5b8f: 17 internal nodes; 0.6 s; peak memory 782 MiB.
2026-10-05T18:42:42Z INFO [4652/5000] 5bac2c7a-f980-4c9b-9b75-3e654d1aad5c: 245 internal nodes; 5.0 s; peak memory 782 MiB.
2026-10-05T18:42:42Z INFO [4653/5000] 5bad10d0-0e30-4a15-9709-86f0d2d653a9: 17 internal nodes; 0.7 s; peak memory 782 MiB.
2026-10-05T18:42:43Z INFO [4654/5000] 5baee71e-22b8-4ce6-895b-cbabc1eaa8fc: 31 internal nodes; 0.9 s; peak memory 782 MiB.
2026-10-05T18:42:45Z INFO [4655/5000] 5baf362d-4e07-4e95-83ee-18aca0cf2799: 44 internal nodes; 2.1 s; peak memory 782 MiB.
2026-10-05T18:42:46Z INFO [4656/5000] 5baf6edc-3846-4a17-ae71-14847649ee51: 29 internal nodes; 0.7 s; peak memory 782 MiB.
2026-10-05T18:42:47Z INFO [4657/5000] 5bb0a13b-ff75-403a-bbf6-18b9c06ff2c3: 11 internal nodes; 0.5 s; peak memory 782 MiB.
2026-10-05T18:42:47Z INFO [4658/5000] 5bb0c59f-4011-49a3-a7fb-db4c64c5024d: 27 internal nodes; 0.7 s; peak memory 782 MiB.
2026-10-05T18:42:48Z INFO [4659/5000] 5bb0f9c0-5f0b-42f4-873d-b469f038745f: 18 internal nodes; 0.8 s; peak memory 782 MiB.
2026-10-05T18:42:49Z INFO [4660/5000] 5bb1160e-c602-4b1e-baf4-149647811abf: 31 internal nodes; 0.7 s; peak memory 782 MiB.
2026-10-05T18:42:49Z INFO [4661/5000] 5bb237e8-6ea1-4c83-94aa-2e71ad549426: 6 internal nodes; 0.4 s; peak memory 782 MiB.
2026-10-05T18:42:50Z INFO [4662/5000] 5bb44f6c-4551-4403-87a7-6390573b4efb: 13 internal nodes; 0.4 s; peak memory 782 MiB.
2026-10-05T18:42:50Z INFO [4663/5000] 5bb58c18-978b-4347-b5dd-c9c157db6f58: 20 internal nodes; 0.5 s; peak memory 782 MiB.
2026-10-05T18:42:57Z INFO [4664/5000] 5bb609a5-8239-4cac-b20e-032d73ba412c: 75 internal nodes; 7.0 s; peak memory 782 MiB.
2026-10-05T18:42:58Z INFO [4665/5000] 5bb7035a-8bf3-4523-beee-5772fda5c0f7: 39 internal nodes; 0.9 s; peak memory 782 MiB.
2026-10-05T18:42:59Z INFO [4666/5000] 5bb7c3b4-8537-45d6-8a60-8045874767dc: 27 internal nodes; 0.9 s; peak memory 782 MiB.
2026-10-05T18:43:00Z INFO [4667/5000] 5bb88f31-775f-4132-9f0a-6132b89d693e: 31 internal nodes; 0.7 s; peak memory 782 MiB.
2026-10-05T18:43:00Z INFO [4668/5000] 5bb93545-38cc-44d1-8d77-8e1767adfd87: 27 internal nodes; 0.4 s; peak memory 782 MiB.
2026-10-05T18:43:01Z INFO [4669/5000] 5bb95072-bd17-4337-b0d0-54ce95124c4a: 17 internal nodes; 0.7 s; peak memory 782 MiB.
2026-10-05T18:43:01Z INFO [4670/5000] 5bb98bce-38b5-4597-bb3a-a91680f90fcd: 115 internal nodes; 0.7 s; peak memory 782 MiB.
2026-10-05T18:43:02Z INFO [4671/5000] 5bb9acfc-c0b2-4f7f-99eb-0358c54407cc: 27 internal nodes; 0.7 s; peak memory 782 MiB.
2026-10-05T18:43:03Z INFO [4672/5000] 5bbab1f7-8947-442f-af44-f82f795f15cc: 27 internal nodes; 0.7 s; peak memory 782 MiB.
2026-10-05T18:43:04Z INFO [4673/5000] 5bbb710c-5f74-49e3-bfeb-644d836148cc: 63 internal nodes; 1.0 s; peak memory 782 MiB.
2026-10-05T18:43:05Z INFO [4674/5000] 5bbc071b-3ad2-4315-9983-2036817549b6: 27 internal nodes; 0.8 s; peak memory 782 MiB.
2026-10-05T18:43:05Z INFO [4675/5000] 5bbc0b09-9342-44ee-bf4e-ac89836770f1: 11 internal nodes; 0.4 s; peak memory 782 MiB.
2026-10-05T18:43:06Z INFO [4676/5000] 5bbc3b26-2132-4982-a274-25c2353707a1: 17 internal nodes; 0.7 s; peak memory 782 MiB.
2026-10-05T18:43:07Z INFO [4677/5000] 5bbd2f97-b2ab-430a-84ba-fdc733431998: 17 internal nodes; 0.8 s; peak memory 782 MiB.
2026-10-05T18:43:07Z INFO [4678/5000] 5bbd5ea1-af8b-4a13-8bce-cd714564a33a: 27 internal nodes; 0.8 s; peak memory 782 MiB.
2026-10-05T18:43:08Z INFO [4679/5000] 5bbd72d8-52b7-49b4-9a40-34df58e09591: 27 internal nodes; 0.6 s; peak memory 782 MiB.
2026-10-05T18:43:09Z INFO [4680/5000] 5bbe1c58-21c7-493b-b516-add5491f1275: 17 internal nodes; 0.7 s; peak memory 782 MiB.
2026-10-05T18:43:10Z INFO [4681/5000] 5bbf5160-f775-4769-9716-d89dd2739a9b: 27 internal nodes; 0.8 s; peak memory 782 MiB.
2026-10-05T18:43:10Z INFO [4682/5000] 5bbf5669-0978-459e-bfe7-80d18c2c097b: 17 internal nodes; 0.6 s; peak memory 782 MiB.
2026-10-05T18:43:11Z INFO [4683/5000] 5bbf909b-4b65-4e26-ae21-05800d48ec9d: 31 internal nodes; 0.9 s; peak memory 782 MiB.
2026-10-05T18:43:12Z INFO [4684/5000] 5bc08dde-c70a-401a-a49c-e0c3cb633bfc: 17 internal nodes; 0.7 s; peak memory 782 MiB.
2026-10-05T18:43:12Z INFO [4685/5000] 5bc18a68-6def-4722-95f3-8d2eb937a3fc: 91 internal nodes; 0.7 s; peak memory 782 MiB.
2026-10-05T18:43:13Z INFO [4686/5000] 5bc223d7-5c43-4acd-a436-9b5fb6cbe426: 90 internal nodes; 0.9 s; peak memory 782 MiB.
2026-10-05T18:43:14Z INFO [4687/5000] 5bc23066-8d50-4294-860e-540ebb6785c1: 16 internal nodes; 0.7 s; peak memory 782 MiB.
2026-10-05T18:43:18Z INFO [4688/5000] 5bc2b01a-c281-45de-841b-1eb158a0eabc: 206 internal nodes; 4.3 s; peak memory 782 MiB.
2026-10-05T18:43:19Z INFO [4689/5000] 5bc3e4c8-a4f8-4715-9d84-33ea0651d45f: 18 internal nodes; 1.0 s; peak memory 782 MiB.
2026-10-05T18:43:21Z INFO [4690/5000] 5bc554e5-6a4b-4729-ac23-834dd786d3c4: 61 internal nodes; 1.3 s; peak memory 782 MiB.
2026-10-05T18:43:21Z INFO [4691/5000] 5bc56be1-5b96-4903-bbed-c3cc3f286af9: 27 internal nodes; 0.9 s; peak memory 782 MiB.
2026-10-05T18:43:22Z INFO [4692/5000] 5bc5dd10-9a1b-475d-864a-2e8656dfd81d: 17 internal nodes; 0.5 s; peak memory 782 MiB.
2026-10-05T18:43:23Z INFO [4693/5000] 5bc5f767-a4f9-47f7-a138-8dff6bd48a33: 23 internal nodes; 1.1 s; peak memory 782 MiB.
2026-10-05T18:43:24Z INFO [4694/5000] 5bc60322-aae2-45bb-b8f1-d37e3e7fe72b: 31 internal nodes; 0.9 s; peak memory 782 MiB.
2026-10-05T18:43:25Z INFO [4695/5000] 5bc977c7-9753-4ae5-9b22-6c91419d6b94: 27 internal nodes; 0.7 s; peak memory 782 MiB.
2026-10-05T18:43:26Z INFO [4696/5000] 5bc9d6ba-bd58-4760-9716-fbab00a99714: 67 internal nodes; 1.1 s; peak memory 782 MiB.
2026-10-05T18:43:26Z INFO [4697/5000] 5bca1ca6-b491-4d45-b11f-f5ee13b459bf: 11 internal nodes; 0.5 s; peak memory 782 MiB.
2026-10-05T18:43:31Z INFO [4698/5000] 5bca2e6d-ed20-47d5-ba40-97c9d8c2c742: 293 internal nodes; 5.2 s; peak memory 782 MiB.
2026-10-05T18:43:32Z INFO [4699/5000] 5bcafb21-60d5-4658-bc18-6a8dcd8d8556: 37 internal nodes; 0.8 s; peak memory 782 MiB.
2026-10-05T18:43:33Z INFO [4700/5000] 5bcb5dad-eb16-4bb4-a989-4695402c608f: 31 internal nodes; 0.7 s; peak memory 782 MiB.
2026-10-05T18:43:33Z INFO [4700/5000] 5bcb5dad-eb16-4bb4-a989-4695402c608f: checkpointed 91134 records.
2026-10-05T18:43:34Z INFO [4701/5000] 5bcb7572-e4d0-4af0-a7ed-72ef51251c06: 27 internal nodes; 0.7 s; peak memory 782 MiB.
2026-10-05T18:43:35Z INFO [4702/5000] 5bcbdb80-f4b6-45f6-9432-a567dd7844e0: 31 internal nodes; 1.3 s; peak memory 782 MiB.
2026-10-05T18:43:36Z INFO [4703/5000] 5bcc48c8-67c2-4b20-afe9-d828858937af: 67 internal nodes; 1.0 s; peak memory 782 MiB.
2026-10-05T18:43:37Z INFO [4704/5000] 5bcd8be3-b4d9-4ee2-93d6-1256733340b7: 27 internal nodes; 0.9 s; peak memory 782 MiB.
2026-10-05T18:43:38Z INFO [4705/5000] 5bcdc1e2-a09e-4e1a-9161-190b00f7333c: 37 internal nodes; 0.9 s; peak memory 782 MiB.
2026-10-05T18:43:39Z INFO [4706/5000] 5bcded3d-f7e4-4f30-8693-bb60d6bf1189: 31 internal nodes; 0.8 s; peak memory 782 MiB.
2026-10-05T18:43:40Z INFO [4707/5000] 5bcdf642-876f-4db2-95fc-df74db855946: 23 internal nodes; 1.2 s; peak memory 782 MiB.
2026-10-05T18:43:41Z INFO [4708/5000] 5bce81a2-a4b4-4446-abf3-6a4703c7fe8a: 27 internal nodes; 0.7 s; peak memory 782 MiB.
2026-10-05T18:43:41Z INFO [4709/5000] 5bcf1806-85b4-4a83-8f66-a622a7b1a697: 19 internal nodes; 0.7 s; peak memory 782 MiB.
2026-10-05T18:43:42Z INFO [4710/5000] 5bd2f891-f265-4023-96c0-1aaf3e2d3dd5: 27 internal nodes; 0.7 s; peak memory 782 MiB.
2026-10-05T18:43:43Z INFO [4711/5000] 5bd30f4d-ac64-454c-a083-7e666abcad5b: 55 internal nodes; 1.1 s; peak memory 782 MiB.
2026-10-05T18:43:44Z INFO [4712/5000] 5bd35bd0-c386-4ab7-bdd3-c9a2ac81f63c: 17 internal nodes; 0.8 s; peak memory 782 MiB.
2026-10-05T18:43:45Z INFO [4713/5000] 5bd3817a-c078-419b-a2a6-7b0b93c6744b: 16 internal nodes; 0.8 s; peak memory 782 MiB.
2026-10-05T18:43:48Z INFO [4714/5000] 5bd463aa-7842-4d47-ae01-1b58efefa1ed: 105 internal nodes; 2.9 s; peak memory 782 MiB.
2026-10-05T18:43:48Z INFO [4715/5000] 5bd47b31-46b9-4a63-9b00-da1242408caf: 19 internal nodes; 0.5 s; peak memory 782 MiB.
2026-10-05T18:43:49Z INFO [4716/5000] 5bd59603-d1bb-49ec-b841-c680b9f8951e: 13 internal nodes; 0.5 s; peak memory 782 MiB.
2026-10-05T18:43:50Z INFO [4717/5000] 5bd5addb-5838-4fb7-8076-e63a858dcc10: 43 internal nodes; 1.8 s; peak memory 782 MiB.
2026-10-05T18:44:01Z INFO [4718/5000] 5bd633e6-f283-451d-a345-9ce7a2a96afc: 570 internal nodes; 10.7 s; peak memory 782 MiB.
2026-10-05T18:44:02Z INFO [4719/5000] 5bd6dba9-5d29-4fae-84c0-eb18727183b1: 17 internal nodes; 0.6 s; peak memory 782 MiB.
2026-10-05T18:44:03Z INFO [4720/5000] 5bd708e9-6115-469e-9cbe-3a6a2bbb96ae: 29 internal nodes; 0.9 s; peak memory 782 MiB.
2026-10-05T18:44:10Z INFO [4721/5000] 5bd80b36-da7c-4ced-b26d-f6c22b1f2fda: 302 internal nodes; 7.0 s; peak memory 782 MiB.
2026-10-05T18:44:10Z INFO [4722/5000] 5bd94c65-d992-46d6-aff9-2bab657eb118: 17 internal nodes; 0.7 s; peak memory 782 MiB.
2026-10-05T18:44:13Z INFO [4723/5000] 5bd978c0-d419-4763-8c79-33d32636d0fe: 623 internal nodes; 3.1 s; peak memory 782 MiB.
2026-10-05T18:44:14Z INFO [4724/5000] 5bd99343-c361-4af6-8c37-8839e89efd71: 55 internal nodes; 1.0 s; peak memory 782 MiB.
2026-10-05T18:44:15Z INFO [4725/5000] 5bd9f17a-4ec2-4fb2-8114-8738cb76c2f5: 58 internal nodes; 0.6 s; peak memory 782 MiB.
2026-10-05T18:44:16Z INFO [4726/5000] 5bdbdb84-00e9-48de-adb3-744f4bc0726f: 23 internal nodes; 0.6 s; peak memory 782 MiB.
2026-10-05T18:44:16Z INFO [4727/5000] 5bdbefe7-ca91-4730-a359-d9624e130dfa: 31 internal nodes; 0.8 s; peak memory 782 MiB.
2026-10-05T18:44:18Z INFO [4728/5000] 5bdc7c31-d966-4019-a3d4-8939f46c589e: 24 internal nodes; 2.0 s; peak memory 782 MiB.
2026-10-05T18:44:19Z INFO [4729/5000] 5bdc99d5-932d-4839-b322-e100740c176b: 60 internal nodes; 0.8 s; peak memory 782 MiB.
2026-10-05T18:44:20Z INFO [4730/5000] 5bde66df-ed91-473a-93d8-ab9b8a4580cb: 17 internal nodes; 0.7 s; peak memory 782 MiB.
2026-10-05T18:44:21Z INFO [4731/5000] 5bdf2c6f-ee53-4477-8657-dc3188ac6916: 38 internal nodes; 1.0 s; peak memory 782 MiB.
2026-10-05T18:44:22Z INFO [4732/5000] 5bdfde87-be06-47b1-8b05-5248339c2b36: 17 internal nodes; 0.6 s; peak memory 782 MiB.
2026-10-05T18:44:24Z INFO [4733/5000] 5be0bebe-7b58-44b6-bf1e-6ce7a77cf310: 45 internal nodes; 2.5 s; peak memory 782 MiB.
2026-10-05T18:44:25Z INFO [4734/5000] 5be0e559-a718-42e7-8986-87ed06bc70f0: 31 internal nodes; 1.0 s; peak memory 782 MiB.
2026-10-05T18:44:26Z INFO [4735/5000] 5be1a110-0d39-4029-a1bc-3be0bb6bdcf6: 25 internal nodes; 1.1 s; peak memory 782 MiB.
2026-10-05T18:44:27Z INFO [4736/5000] 5be1cf81-7127-43c5-b567-4ae5e70d6cef: 17 internal nodes; 0.7 s; peak memory 782 MiB.
2026-10-05T18:44:28Z INFO [4737/5000] 5be1e66d-29bb-4dd6-b6f3-0c44ccf5f874: 30 internal nodes; 1.0 s; peak memory 782 MiB.
2026-10-05T18:44:29Z INFO [4738/5000] 5be24978-f1e8-4f76-829c-f4fcc4f8cfe1: 27 internal nodes; 0.5 s; peak memory 782 MiB.
2026-10-05T18:44:29Z INFO [4739/5000] 5be4cf4c-812e-4729-8042-654d7787ac08: 27 internal nodes; 0.7 s; peak memory 782 MiB.
2026-10-05T18:44:32Z INFO [4740/5000] 5be53de7-35c4-4f6b-8087-f316dfa6041b: 67 internal nodes; 3.2 s; peak memory 782 MiB.
2026-10-05T18:44:33Z INFO [4741/5000] 5be54585-b625-4055-a389-307b8eb7fe28: 60 internal nodes; 0.9 s; peak memory 782 MiB.
2026-10-05T18:44:35Z INFO [4742/5000] 5be66f36-ed5e-4fcc-896a-658a17218a68: 44 internal nodes; 1.7 s; peak memory 782 MiB.
2026-10-05T18:44:36Z INFO [4743/5000] 5be71e45-24c8-47d0-9e95-c3638a530ee8: 17 internal nodes; 0.7 s; peak memory 782 MiB.
2026-10-05T18:44:37Z INFO [4744/5000] 5be7a2cb-3606-48b7-a7dd-7d65e6659f76: 25 internal nodes; 1.4 s; peak memory 782 MiB.
2026-10-05T18:44:38Z INFO [4745/5000] 5be7d1f7-4dc3-4e01-a996-45c2a26e8ec1: 17 internal nodes; 0.7 s; peak memory 782 MiB.
2026-10-05T18:44:40Z INFO [4746/5000] 5be7f4fd-895d-4f2a-a76a-620c3827f0c9: 30 internal nodes; 1.7 s; peak memory 782 MiB.
2026-10-05T18:44:40Z INFO [4747/5000] 5be9c320-71da-4f5d-8c3b-23dfc1c671b7: 27 internal nodes; 0.8 s; peak memory 782 MiB.
2026-10-05T18:44:41Z INFO [4748/5000] 5be9e6f7-3c9c-4900-ad86-27639e43bf9e: 38 internal nodes; 0.8 s; peak memory 782 MiB.
2026-10-05T18:44:42Z INFO [4749/5000] 5beb93aa-c565-4b37-bd80-150530e6a381: 17 internal nodes; 0.7 s; peak memory 782 MiB.
2026-10-05T18:44:42Z INFO [4750/5000] 5bebd908-ae85-4aec-9734-3eb3bcb8ecb4: 27 internal nodes; 0.6 s; peak memory 782 MiB.
2026-10-05T18:44:43Z INFO [4750/5000] 5bebd908-ae85-4aec-9734-3eb3bcb8ecb4: checkpointed 91184 records.
2026-10-05T18:44:43Z INFO [4751/5000] 5bebda48-dc62-4bbe-bd17-339283a76828: 17 internal nodes; 0.6 s; peak memory 782 MiB.
2026-10-05T18:44:45Z INFO [4752/5000] 5bec5dd3-89ce-463a-afe6-d71816062f38: 44 internal nodes; 1.6 s; peak memory 782 MiB.
2026-10-05T18:44:45Z INFO [4753/5000] 5becd6e4-67d4-4b06-83d6-7b6773f779f4: 15 internal nodes; 0.5 s; peak memory 782 MiB.
2026-10-05T18:44:46Z INFO [4754/5000] 5becd945-65db-4d03-8003-a46ae53542b9: 26 internal nodes; 0.4 s; peak memory 782 MiB.
2026-10-05T18:44:46Z INFO [4755/5000] 5bed7de1-5805-4f9e-920e-9e8684609b0e: 52 internal nodes; 0.7 s; peak memory 782 MiB.
2026-10-05T18:44:47Z INFO [4756/5000] 5bedad5e-c5d4-41ce-919d-9294fbe36707: 31 internal nodes; 0.8 s; peak memory 782 MiB.
2026-10-05T18:44:52Z INFO [4757/5000] 5bee7cda-ec7a-45eb-86a5-63d846003d51: 227 internal nodes; 5.1 s; peak memory 782 MiB.
2026-10-05T18:44:53Z INFO [4758/5000] 5beffc99-4fd0-4c23-8b3c-b37d813f95ac: 53 internal nodes; 1.1 s; peak memory 782 MiB.
2026-10-05T18:44:54Z INFO [4759/5000] 5bf01a36-144f-4b07-87c6-59809a398ffa: 22 internal nodes; 0.7 s; peak memory 782 MiB.
2026-10-05T18:44:55Z INFO [4760/5000] 5bf01aac-9ca0-4d16-8d06-5fd7dd89eab1: 122 internal nodes; 1.0 s; peak memory 782 MiB.
2026-10-05T18:44:56Z INFO [4761/5000] 5bf0ae2b-9c10-4e00-aca8-0990fe946c2b: 31 internal nodes; 1.3 s; peak memory 782 MiB.
2026-10-05T18:45:03Z INFO [4762/5000] 5bf0ceb7-5611-40be-92cc-829ba9ab631e: 114 internal nodes; 6.2 s; peak memory 782 MiB.
2026-10-05T18:45:04Z INFO [4763/5000] 5bf1e241-59b0-4b22-87b9-d33d130a3486: 37 internal nodes; 1.0 s; peak memory 782 MiB.
2026-10-05T18:45:05Z INFO [4764/5000] 5bf1fdcf-154b-448e-808e-8c890566e9c0: 60 internal nodes; 1.1 s; peak memory 782 MiB.
2026-10-05T18:45:06Z INFO [4765/5000] 5bf35bb4-de46-4c01-8a60-7cdaad0271a0: 67 internal nodes; 1.2 s; peak memory 782 MiB.
2026-10-05T18:45:08Z INFO [4766/5000] 5bf39d5e-1570-4428-9d5c-bab4855d4fa8: 105 internal nodes; 2.5 s; peak memory 782 MiB.
2026-10-05T18:45:09Z INFO [4767/5000] 5bf52933-8902-45d6-80c1-745a0d9ad95b: 13 internal nodes; 0.7 s; peak memory 782 MiB.
2026-10-05T18:45:10Z INFO [4768/5000] 5bf5edfa-c1ed-4008-a9af-d9add2824c80: 17 internal nodes; 0.6 s; peak memory 782 MiB.
2026-10-05T18:45:14Z INFO [4769/5000] 5bf71774-2f30-4a6e-a476-0efad062d191: 194 internal nodes; 4.8 s; peak memory 782 MiB.
2026-10-05T18:45:15Z INFO [4770/5000] 5bf8206c-4eee-48f9-917e-b977fbac5457: 27 internal nodes; 0.8 s; peak memory 782 MiB.
2026-10-05T18:45:20Z INFO [4771/5000] 5bf8c157-f340-458d-9885-431de60b8388: 196 internal nodes; 4.8 s; peak memory 782 MiB.
2026-10-05T18:45:25Z INFO [4772/5000] 5bf919bb-46cf-4ce4-a5e5-1ce97174e1c5: 177 internal nodes; 4.6 s; peak memory 782 MiB.
2026-10-05T18:45:25Z INFO [4773/5000] 5bf9fa30-af3b-4371-a051-728a30e597f8: 31 internal nodes; 0.9 s; peak memory 782 MiB.
2026-10-05T18:45:26Z INFO [4774/5000] 5bfc50e9-4960-48a4-97f6-0ff4202b0008: 18 internal nodes; 1.0 s; peak memory 782 MiB.
2026-10-05T18:45:32Z INFO [4775/5000] 5bfcb454-308c-4b2f-ac29-6c3830342f5f: 211 internal nodes; 5.8 s; peak memory 782 MiB.
2026-10-05T18:45:33Z INFO [4776/5000] 5bfcc34c-8296-4d1f-8823-7d45f0e59260: 27 internal nodes; 0.7 s; peak memory 782 MiB.
2026-10-05T18:45:36Z INFO [4777/5000] 5bfcc731-3970-4f09-b87b-baa6725ef327: 26 internal nodes; 3.3 s; peak memory 782 MiB.
2026-10-05T18:45:37Z INFO [4778/5000] 5bfd14be-49f8-4d4f-9463-57f3b5b2e364: 56 internal nodes; 1.0 s; peak memory 782 MiB.
2026-10-05T18:45:38Z INFO [4779/5000] 5bfd833e-ffc6-42ce-baa3-c0b30ff63e17: 24 internal nodes; 0.8 s; peak memory 782 MiB.
2026-10-05T18:45:39Z INFO [4780/5000] 5bfe31ea-10b4-4582-a3b6-a02c50503e7f: 17 internal nodes; 0.6 s; peak memory 782 MiB.
2026-10-05T18:45:40Z INFO [4781/5000] 5bfed360-88c0-42dc-8468-66bd7f4a2cf3: 44 internal nodes; 1.8 s; peak memory 782 MiB.
2026-10-05T18:45:48Z INFO [4782/5000] 5c001a5d-d456-4900-8c34-521da2e7325e: 391 internal nodes; 7.8 s; peak memory 782 MiB.
2026-10-05T18:45:52Z INFO [4783/5000] 5c004070-8109-40f9-b9dd-04079207fe06: 100 internal nodes; 3.4 s; peak memory 782 MiB.
2026-10-05T18:45:57Z INFO [4784/5000] 5c008616-ffd9-4d22-bd8d-affe83abc7c8: 226 internal nodes; 5.7 s; peak memory 782 MiB.
2026-10-05T18:45:58Z INFO [4785/5000] 5c00ebe2-ea74-4654-b086-fd88148ef4b6: 27 internal nodes; 0.8 s; peak memory 782 MiB.
2026-10-05T18:45:59Z INFO [4786/5000] 5c012172-0ab1-42c8-b25e-04806bafe9d1: 27 internal nodes; 0.6 s; peak memory 782 MiB.
2026-10-05T18:46:04Z INFO [4787/5000] 5c017fe0-1bc9-4999-9593-22eb91567c31: 231 internal nodes; 4.8 s; peak memory 782 MiB.
2026-10-05T18:46:04Z INFO [4788/5000] 5c01e742-0dd7-440c-89f4-f31e41ae5c82: 27 internal nodes; 0.7 s; peak memory 782 MiB.
2026-10-05T18:46:05Z INFO [4789/5000] 5c01fb4c-2d2e-42b3-b921-74e5f771a7cb: 27 internal nodes; 0.8 s; peak memory 782 MiB.
2026-10-05T18:46:06Z INFO [4790/5000] 5c02249f-d40f-4bb4-aba8-13cc27efb71b: 17 internal nodes; 0.6 s; peak memory 782 MiB.
2026-10-05T18:46:07Z INFO [4791/5000] 5c025978-e8d6-4657-bc84-d66e2700f1d1: 38 internal nodes; 0.8 s; peak memory 782 MiB.
2026-10-05T18:46:08Z INFO [4792/5000] 5c028aab-de24-4fb3-b264-89a6abcdf2bc: 46 internal nodes; 1.3 s; peak memory 782 MiB.
2026-10-05T18:46:09Z INFO [4793/5000] 5c029ceb-4b5f-43a2-a2a6-b0509341536e: 17 internal nodes; 0.6 s; peak memory 782 MiB.
2026-10-05T18:46:09Z INFO [4794/5000] 5c02bf24-bed9-4c8c-a85c-c1d94b0b7cf0: 23 internal nodes; 0.7 s; peak memory 782 MiB.
2026-10-05T18:46:10Z INFO [4795/5000] 5c03c0f3-6bac-415d-b6b8-5d86a2fb25ad: 24 internal nodes; 0.8 s; peak memory 782 MiB.
2026-10-05T18:46:10Z INFO [4796/5000] 5c03cb9a-dd82-4cd3-b6ed-80e3351be15d: 13 internal nodes; 0.5 s; peak memory 782 MiB.
2026-10-05T18:46:16Z INFO [4797/5000] 5c03e6a3-2ade-4d9e-91f9-1213977906de: 48 internal nodes; 5.1 s; peak memory 782 MiB.
2026-10-05T18:46:24Z INFO [4798/5000] 5c042729-69b2-4e67-885e-6e7c92944bbd: 59 internal nodes; 8.2 s; peak memory 782 MiB.
2026-10-05T18:46:24Z INFO [4799/5000] 5c042b19-a249-4375-95dc-31363ce1e270: 19 internal nodes; 0.7 s; peak memory 782 MiB.
2026-10-05T18:46:25Z INFO [4800/5000] 5c059d92-151f-4486-a149-286fbe29199c: 63 internal nodes; 0.9 s; peak memory 782 MiB.
2026-10-05T18:46:26Z INFO [4800/5000] 5c059d92-151f-4486-a149-286fbe29199c: checkpointed 91234 records.
2026-10-05T18:46:27Z INFO [4801/5000] 5c05f406-b2b5-474f-bf6a-56e2773e0127: 61 internal nodes; 0.8 s; peak memory 782 MiB.
2026-10-05T18:46:27Z INFO [4802/5000] 5c063f63-afca-4327-9bbc-311922d17f1e: 27 internal nodes; 0.7 s; peak memory 782 MiB.
2026-10-05T18:46:28Z INFO [4803/5000] 5c06d2ce-42a1-466b-88b1-5f7a84ffac7c: 18 internal nodes; 0.5 s; peak memory 782 MiB.
2026-10-05T18:46:29Z INFO [4804/5000] 5c093d4c-28c4-4218-8cf6-ae3bf71ecf46: 27 internal nodes; 0.7 s; peak memory 782 MiB.
2026-10-05T18:46:29Z INFO [4805/5000] 5c0a2239-740e-4643-8da0-58a7d6530147: 24 internal nodes; 0.9 s; peak memory 782 MiB.
2026-10-05T18:46:30Z INFO [4806/5000] 5c0a5cf9-9c43-4b46-8522-1f823e443843: 17 internal nodes; 0.7 s; peak memory 782 MiB.
2026-10-05T18:46:31Z INFO [4807/5000] 5c0aaf2c-0dbe-4553-bff7-e48f873c7083: 17 internal nodes; 0.7 s; peak memory 782 MiB.
2026-10-05T18:46:31Z INFO [4808/5000] 5c0bbea9-8618-41f4-ba4e-d8a61c4a0fdb: 17 internal nodes; 0.6 s; peak memory 782 MiB.
2026-10-05T18:46:32Z INFO [4809/5000] 5c0c8a2f-7a13-434f-8101-50d1c3c0145b: 17 internal nodes; 0.7 s; peak memory 782 MiB.
2026-10-05T18:46:32Z INFO [4810/5000] 5c0cfc15-693b-46f0-bfd9-a555d6a87f92: 26 internal nodes; 0.4 s; peak memory 782 MiB.
2026-10-05T18:46:33Z INFO [4811/5000] 5c0d6614-67be-454d-bdff-54947c9f6a0d: 13 internal nodes; 0.5 s; peak memory 782 MiB.
2026-10-05T18:46:34Z INFO [4812/5000] 5c0d88e9-a6e3-4991-9306-123ba39c0fca: 30 internal nodes; 1.0 s; peak memory 782 MiB.
2026-10-05T18:46:35Z INFO [4813/5000] 5c0dfc7a-eb5b-4db9-bb8d-320b3e516491: 27 internal nodes; 0.7 s; peak memory 782 MiB.
2026-10-05T18:46:35Z INFO [4814/5000] 5c0e7ccf-b76b-4d0a-80c1-c51073927244: 27 internal nodes; 0.8 s; peak memory 782 MiB.
2026-10-05T18:46:36Z INFO [4815/5000] 5c10b147-f51a-42ac-85e0-3bae64473ce2: 115 internal nodes; 0.8 s; peak memory 782 MiB.
2026-10-05T18:46:37Z INFO [4816/5000] 5c10e5c3-a8d4-4fdc-8b69-0297d396a7b7: 13 internal nodes; 0.5 s; peak memory 782 MiB.
2026-10-05T18:46:37Z INFO [4817/5000] 5c111dd4-b200-4c95-bd11-f2319c2cc108: 29 internal nodes; 0.8 s; peak memory 782 MiB.
2026-10-05T18:46:44Z INFO [4818/5000] 5c1123e4-f9bf-405b-a604-f05fb94b0cdd: 292 internal nodes; 6.3 s; peak memory 782 MiB.
2026-10-05T18:46:45Z INFO [4819/5000] 5c1159db-bba4-4e25-87f5-7ec9f4300ef8: 25 internal nodes; 1.2 s; peak memory 782 MiB.
2026-10-05T18:46:46Z INFO [4820/5000] 5c116a5a-1ea7-4532-968f-7eebb08c0c82: 27 internal nodes; 0.8 s; peak memory 782 MiB.
2026-10-05T18:46:47Z INFO [4821/5000] 5c11987a-0c41-4a62-b086-4ee2b966597e: 28 internal nodes; 1.5 s; peak memory 782 MiB.
2026-10-05T18:46:48Z INFO [4822/5000] 5c129d77-0a20-420b-b3cf-9a0b17038e63: 65 internal nodes; 0.8 s; peak memory 782 MiB.
2026-10-05T18:46:50Z INFO [4823/5000] 5c134a14-157f-4349-a2ae-f46d105ca9a7: 44 internal nodes; 1.5 s; peak memory 782 MiB.
2026-10-05T18:46:50Z INFO [4824/5000] 5c151a84-81c3-4ba6-be4b-df781053ee0b: 13 internal nodes; 0.5 s; peak memory 782 MiB.
2026-10-05T18:46:51Z INFO [4825/5000] 5c15377c-bd05-47c6-95dc-319beb3be58a: 27 internal nodes; 0.8 s; peak memory 782 MiB.
2026-10-05T18:46:51Z INFO [4826/5000] 5c155a1d-0769-447e-aedd-ef3b7455f78f: 17 internal nodes; 0.6 s; peak memory 782 MiB.
2026-10-05T18:46:52Z INFO [4827/5000] 5c158b5a-0777-4292-9627-065c47303670: 27 internal nodes; 0.8 s; peak memory 782 MiB.
2026-10-05T18:46:53Z INFO [4828/5000] 5c163254-85be-4233-bfe0-ec5147526919: 27 internal nodes; 0.7 s; peak memory 782 MiB.
2026-10-05T18:46:54Z INFO [4829/5000] 5c16e65f-478c-4acd-acc5-2685c98e2111: 27 internal nodes; 0.7 s; peak memory 782 MiB.
2026-10-05T18:46:55Z INFO [4830/5000] 5c175e18-87f6-4bcc-a6bb-c2e2ce8282d1: 120 internal nodes; 0.8 s; peak memory 782 MiB.
2026-10-05T18:46:55Z INFO [4831/5000] 5c181a7b-d25d-4b46-93de-d060c57a827d: 27 internal nodes; 0.7 s; peak memory 782 MiB.
2026-10-05T18:46:56Z INFO [4832/5000] 5c182463-d3b4-4893-9a3c-b3064247b66a: 17 internal nodes; 0.9 s; peak memory 782 MiB.
2026-10-05T18:46:57Z INFO [4833/5000] 5c185ae2-89ed-4473-a0ff-9a0039802490: 17 internal nodes; 0.5 s; peak memory 782 MiB.
2026-10-05T18:47:00Z INFO [4834/5000] 5c190841-d0b7-492b-8315-e96f2681b694: 177 internal nodes; 3.5 s; peak memory 782 MiB.
2026-10-05T18:47:02Z INFO [4835/5000] 5c192dec-f65b-4ea3-84ad-0508b7274c5c: 43 internal nodes; 1.9 s; peak memory 782 MiB.
2026-10-05T18:47:03Z INFO [4836/5000] 5c19f912-18b9-4be2-bc3c-1b76fa91c301: 31 internal nodes; 0.7 s; peak memory 782 MiB.
2026-10-05T18:47:07Z INFO [4837/5000] 5c1a0ed7-75cb-4110-abf1-68f75f431f1a: 41 internal nodes; 4.6 s; peak memory 782 MiB.
2026-10-05T18:47:08Z INFO [4838/5000] 5c1a1f2e-7aba-4811-8ecc-cd2363f608ab: 118 internal nodes; 0.9 s; peak memory 782 MiB.
2026-10-05T18:47:12Z INFO [4839/5000] 5c1a3f0e-24b5-4c42-91e4-95854d81e2c3: 54 internal nodes; 4.1 s; peak memory 782 MiB.
2026-10-05T18:47:13Z INFO [4840/5000] 5c1ab9c5-009a-45fe-b3f8-7bf317aedcea: 17 internal nodes; 0.9 s; peak memory 782 MiB.
2026-10-05T18:47:14Z INFO [4841/5000] 5c1b1ff5-077a-4bdf-99b8-5dbfd5b63c4f: 18 internal nodes; 0.5 s; peak memory 782 MiB.
2026-10-05T18:47:21Z INFO [4842/5000] 5c1d2434-5fd2-47f3-a8b6-ce79934aaead: 267 internal nodes; 7.3 s; peak memory 782 MiB.
2026-10-05T18:47:22Z INFO [4843/5000] 5c1d30a6-90ba-45de-803c-23000c3d4810: 27 internal nodes; 0.7 s; peak memory 782 MiB.
2026-10-05T18:47:26Z INFO [4844/5000] 5c1d508b-ce63-4cad-9daa-c02e0b018a0c: 168 internal nodes; 4.3 s; peak memory 782 MiB.
2026-10-05T18:47:27Z INFO [4845/5000] 5c1ea790-a86c-42e7-8297-85f1af904015: 122 internal nodes; 0.9 s; peak memory 782 MiB.
2026-10-05T18:47:28Z INFO [4846/5000] 5c1ebb53-38ca-4978-ab37-bec25a8d7f9d: 19 internal nodes; 0.7 s; peak memory 782 MiB.
2026-10-05T18:47:29Z INFO [4847/5000] 5c1f3d3f-0a63-4400-b129-321e6ae8a1b5: 55 internal nodes; 1.6 s; peak memory 782 MiB.
2026-10-05T18:47:35Z INFO [4848/5000] 5c20a901-950c-41a7-a11c-6faa376f847a: 143 internal nodes; 5.6 s; peak memory 782 MiB.
2026-10-05T18:47:41Z INFO [4849/5000] 5c225b07-f066-4d3d-a0f0-90a735d8cd49: 204 internal nodes; 5.7 s; peak memory 782 MiB.
2026-10-05T18:47:41Z INFO [4850/5000] 5c241404-381f-41bb-87a0-75a18546a47e: 27 internal nodes; 0.8 s; peak memory 782 MiB.
2026-10-05T18:47:42Z INFO [4850/5000] 5c241404-381f-41bb-87a0-75a18546a47e: checkpointed 91284 records.
2026-10-05T18:47:43Z INFO [4851/5000] 5c24f7f8-5446-4fbd-b46c-7bbbb5985c25: 39 internal nodes; 1.2 s; peak memory 782 MiB.
2026-10-05T18:47:44Z INFO [4852/5000] 5c257e00-d662-4223-8d82-43846cc18931: 27 internal nodes; 0.7 s; peak memory 782 MiB.
2026-10-05T18:47:44Z INFO [4853/5000] 5c25a6ca-4b47-4492-b2e2-2dd829d9fbca: 17 internal nodes; 0.5 s; peak memory 782 MiB.
2026-10-05T18:47:45Z INFO [4854/5000] 5c2656fb-69bc-4089-9369-cd05d86cc51e: 31 internal nodes; 0.9 s; peak memory 782 MiB.
2026-10-05T18:47:46Z INFO [4855/5000] 5c26a8ee-af78-4ad0-9f85-fc90314c54ba: 59 internal nodes; 1.4 s; peak memory 782 MiB.
2026-10-05T18:47:53Z INFO [4856/5000] 5c273f54-fa1e-401e-9b7a-30b531b388d2: 69 internal nodes; 7.0 s; peak memory 782 MiB.
2026-10-05T18:47:54Z INFO [4857/5000] 5c277868-9950-4c26-b83c-de339ea1765e: 56 internal nodes; 0.9 s; peak memory 782 MiB.
2026-10-05T18:47:55Z INFO [4858/5000] 5c280da9-1d44-420a-bfc6-a2b19f5be733: 13 internal nodes; 0.8 s; peak memory 782 MiB.
2026-10-05T18:47:57Z INFO [4859/5000] 5c2881c0-0d6f-4c85-812c-03b3f4fc1ae3: 54 internal nodes; 2.0 s; peak memory 782 MiB.
2026-10-05T18:48:03Z INFO [4860/5000] 5c29d017-474f-4341-bfb6-a56152a22051: 19 internal nodes; 6.0 s; peak memory 782 MiB.
2026-10-05T18:48:08Z INFO [4861/5000] 5c2a04f9-eefa-49bc-8c5b-2cb525e76ce7: 248 internal nodes; 4.9 s; peak memory 782 MiB.
2026-10-05T18:48:09Z INFO [4862/5000] 5c2b7f07-2ae8-44a1-882f-9824c09f8c94: 17 internal nodes; 0.8 s; peak memory 782 MiB.
2026-10-05T18:48:15Z INFO [4863/5000] 5c2c4c54-d57f-453d-81fb-377e37f43b21: 194 internal nodes; 5.9 s; peak memory 782 MiB.
2026-10-05T18:48:15Z INFO [4864/5000] 5c2d1ba4-10cf-498b-9145-2bb6357874cb: 27 internal nodes; 0.8 s; peak memory 782 MiB.
2026-10-05T18:48:16Z INFO [4865/5000] 5c2e67ea-d72b-41f5-bedd-c28d71b1f4c5: 17 internal nodes; 0.7 s; peak memory 782 MiB.
2026-10-05T18:48:17Z INFO [4866/5000] 5c2eae49-850d-4fde-9627-5ab23d77ca81: 27 internal nodes; 0.8 s; peak memory 782 MiB.
2026-10-05T18:48:19Z INFO [4867/5000] 5c311274-b39e-4a4d-98c1-94872b228998: 46 internal nodes; 2.2 s; peak memory 782 MiB.
2026-10-05T18:48:20Z INFO [4868/5000] 5c313e7d-60b5-4fa7-a114-495409df5850: 17 internal nodes; 0.8 s; peak memory 782 MiB.
2026-10-05T18:48:20Z INFO [4869/5000] 5c314796-05c8-4f9e-98fb-0f86f50ba0ea: 23 internal nodes; 0.6 s; peak memory 782 MiB.
2026-10-05T18:48:21Z INFO [4870/5000] 5c3197d6-851d-4339-8183-fa750903e9a9: 17 internal nodes; 0.7 s; peak memory 782 MiB.
2026-10-05T18:48:22Z INFO [4871/5000] 5c31c71d-bb35-4960-a55f-305081f412c1: 13 internal nodes; 0.5 s; peak memory 782 MiB.
2026-10-05T18:48:23Z INFO [4872/5000] 5c31d586-495b-449f-8c5c-803e0649976a: 29 internal nodes; 0.9 s; peak memory 782 MiB.
2026-10-05T18:48:24Z INFO [4873/5000] 5c31ed03-2622-4c22-a8bc-3f2910ec51fc: 44 internal nodes; 1.5 s; peak memory 782 MiB.
2026-10-05T18:48:27Z INFO [4874/5000] 5c324f8d-e0d1-4d85-8e22-90b10796acc6: 47 internal nodes; 2.5 s; peak memory 782 MiB.
2026-10-05T18:48:27Z INFO [4875/5000] 5c325c4e-463d-4552-a064-b622cfe39ba0: 17 internal nodes; 0.8 s; peak memory 782 MiB.
2026-10-05T18:48:29Z INFO [4876/5000] 5c335901-6fe7-4ba5-9134-3a179c4df45c: 44 internal nodes; 1.3 s; peak memory 782 MiB.
2026-10-05T18:48:29Z INFO [4877/5000] 5c33e3e2-4233-4e9d-b8db-c3e4ebe95668: 17 internal nodes; 0.7 s; peak memory 782 MiB.
2026-10-05T18:48:31Z INFO [4878/5000] 5c340e00-79db-4f02-8cdb-f144c3addd93: 61 internal nodes; 1.3 s; peak memory 782 MiB.
2026-10-05T18:48:31Z INFO [4879/5000] 5c3453db-b52b-46ae-b123-5e6fcb688ca4: 17 internal nodes; 0.7 s; peak memory 782 MiB.
2026-10-05T18:48:32Z INFO [4880/5000] 5c352535-25b8-4652-9b4e-0db9735e2b6c: 19 internal nodes; 0.9 s; peak memory 782 MiB.
2026-10-05T18:48:33Z INFO [4881/5000] 5c36b37f-8182-4a38-bf4f-db9e43de884e: 17 internal nodes; 0.6 s; peak memory 782 MiB.
2026-10-05T18:48:40Z INFO [4882/5000] 5c36c54b-afd5-48d2-a796-071a0b330852: 88 internal nodes; 7.5 s; peak memory 782 MiB.
2026-10-05T18:48:41Z INFO [4883/5000] 5c36ee23-0487-45d8-9583-61978827f50f: 25 internal nodes; 1.0 s; peak memory 782 MiB.
2026-10-05T18:48:42Z INFO [4884/5000] 5c37dcd3-425f-4eac-b300-facadf31634b: 53 internal nodes; 0.9 s; peak memory 782 MiB.
2026-10-05T18:48:43Z INFO [4885/5000] 5c386315-453d-4c37-ba35-b0ae31b83974: 31 internal nodes; 1.0 s; peak memory 782 MiB.
2026-10-05T18:48:44Z INFO [4886/5000] 5c393e26-9978-4c8d-88a2-858fd04962e8: 27 internal nodes; 0.8 s; peak memory 782 MiB.
2026-10-05T18:48:45Z INFO [4887/5000] 5c3a7c8c-3ef7-4150-ba5f-2fe379be48e6: 17 internal nodes; 0.8 s; peak memory 782 MiB.
2026-10-05T18:48:45Z INFO [4888/5000] 5c3af65c-75ab-4744-a68d-5c31dff1aeee: 31 internal nodes; 0.6 s; peak memory 782 MiB.
2026-10-05T18:48:46Z INFO [4889/5000] 5c3c0efe-c14b-4ae4-a2c8-47630301f903: 11 internal nodes; 0.4 s; peak memory 782 MiB.
2026-10-05T18:48:46Z INFO [4890/5000] 5c3c1941-40f9-4a0e-891f-0d09e0f02235: 19 internal nodes; 0.7 s; peak memory 782 MiB.
2026-10-05T18:48:47Z INFO [4891/5000] 5c3c2d37-de42-44a6-abfa-0d3e0d5654e8: 17 internal nodes; 0.7 s; peak memory 782 MiB.
2026-10-05T18:48:48Z INFO [4892/5000] 5c3c6042-8180-4756-a171-06ccbac1c407: 27 internal nodes; 0.6 s; peak memory 782 MiB.
2026-10-05T18:48:49Z INFO [4893/5000] 5c3cace8-7673-4719-a013-865d3c8d8b7a: 26 internal nodes; 0.9 s; peak memory 782 MiB.
2026-10-05T18:48:49Z INFO [4894/5000] 5c3caf18-85c4-4b3b-925f-9bf1b113e2cd: 18 internal nodes; 0.4 s; peak memory 782 MiB.
2026-10-05T18:48:50Z INFO [4895/5000] 5c3cd797-70cb-4d52-ba63-b35951ce3d1d: 25 internal nodes; 0.7 s; peak memory 782 MiB.
2026-10-05T18:48:50Z INFO [4896/5000] 5c3d2b87-0b7a-43d2-b703-d60b1f990374: 27 internal nodes; 0.7 s; peak memory 782 MiB.
2026-10-05T18:48:51Z INFO [4897/5000] 5c3dc2d1-bda7-4226-a558-6ba382cb9868: 18 internal nodes; 0.9 s; peak memory 782 MiB.
2026-10-05T18:48:52Z INFO [4898/5000] 5c3dceb5-7430-42fe-abda-ac0170631f14: 31 internal nodes; 0.8 s; peak memory 782 MiB.
2026-10-05T18:48:54Z INFO [4899/5000] 5c3e9ab7-82eb-405c-8e7c-04ae2c2b71e5: 44 internal nodes; 1.5 s; peak memory 782 MiB.
2026-10-05T18:48:55Z INFO [4900/5000] 5c3f0048-3ee3-4c6b-a055-ed0b3d6d548a: 26 internal nodes; 1.1 s; peak memory 782 MiB.
2026-10-05T18:48:55Z INFO [4900/5000] 5c3f0048-3ee3-4c6b-a055-ed0b3d6d548a: checkpointed 91334 records.
2026-10-05T18:48:56Z INFO [4901/5000] 5c3f3d6e-2cb5-41bb-99d8-dff31ae15ca8: 26 internal nodes; 0.6 s; peak memory 782 MiB.
2026-10-05T18:48:57Z INFO [4902/5000] 5c3f8044-8838-4650-915a-5ac88d637ea4: 31 internal nodes; 0.9 s; peak memory 782 MiB.
2026-10-05T18:48:57Z INFO [4903/5000] 5c3fe1fa-43e1-4bb9-aed8-668b67a616fd: 27 internal nodes; 0.7 s; peak memory 782 MiB.
2026-10-05T18:49:00Z INFO [4904/5000] 5c3fe5eb-aceb-4a9a-8b63-94a47f2e0b51: 121 internal nodes; 3.2 s; peak memory 782 MiB.
2026-10-05T18:49:02Z INFO [4905/5000] 5c40596d-ddf6-4efe-8707-6757455004ff: 65 internal nodes; 1.2 s; peak memory 782 MiB.
2026-10-05T18:49:03Z INFO [4906/5000] 5c4204d2-6d74-45c6-8df2-5802ab5c9c16: 66 internal nodes; 1.2 s; peak memory 782 MiB.
2026-10-05T18:49:03Z INFO [4907/5000] 5c42052b-2dbf-493e-b722-e2d77fc9c53b: 17 internal nodes; 0.6 s; peak memory 782 MiB.
2026-10-05T18:49:04Z INFO [4908/5000] 5c42d40c-5059-4ed1-99dc-6c3393b88692: 31 internal nodes; 0.6 s; peak memory 782 MiB.
2026-10-05T18:49:10Z INFO [4909/5000] 5c42ffc3-cf53-45de-b514-66ffd55c7452: 64 internal nodes; 5.5 s; peak memory 782 MiB.
2026-10-05T18:49:10Z INFO [4910/5000] 5c430f05-ee79-4f32-8e36-5a8a3d64b6c3: 13 internal nodes; 0.5 s; peak memory 782 MiB.
2026-10-05T18:49:11Z INFO [4911/5000] 5c433163-0275-4a4c-aadd-eacf1739006e: 60 internal nodes; 0.9 s; peak memory 782 MiB.
2026-10-05T18:49:12Z INFO [4912/5000] 5c444180-7eef-41db-8280-b0cd1776d7ca: 18 internal nodes; 0.8 s; peak memory 782 MiB.
2026-10-05T18:49:12Z INFO [4913/5000] 5c4450e1-2777-4d01-8a33-175610d79c6e: 11 internal nodes; 0.4 s; peak memory 782 MiB.
2026-10-05T18:49:13Z INFO [4914/5000] 5c446c8d-3c59-434b-98f6-e2e1d90c1283: 23 internal nodes; 0.8 s; peak memory 782 MiB.
2026-10-05T18:49:13Z INFO [4915/5000] 5c4495b2-58d8-412b-8581-5a35ae08a339: 13 internal nodes; 0.5 s; peak memory 782 MiB.
2026-10-05T18:49:14Z INFO [4916/5000] 5c450628-3bd6-4bab-b89c-cf546c1daaa8: 22 internal nodes; 0.4 s; peak memory 782 MiB.
2026-10-05T18:49:15Z INFO [4917/5000] 5c45426a-ec8e-4db7-bdf4-43bb3c5fcd74: 31 internal nodes; 0.9 s; peak memory 782 MiB.
2026-10-05T18:49:15Z INFO [4918/5000] 5c457105-c246-468f-8300-ea1437024c10: 13 internal nodes; 0.8 s; peak memory 782 MiB.
2026-10-05T18:49:18Z INFO [4919/5000] 5c458f66-ebed-45e2-8b8e-4143d3af9820: 34 internal nodes; 2.4 s; peak memory 782 MiB.
2026-10-05T18:49:19Z INFO [4920/5000] 5c472f92-203e-4c23-804e-6af895472bce: 30 internal nodes; 1.3 s; peak memory 782 MiB.
2026-10-05T18:49:20Z INFO [4921/5000] 5c473bc9-579d-41fa-b4cc-282f8fd68a23: 31 internal nodes; 0.9 s; peak memory 782 MiB.
2026-10-05T18:49:21Z INFO [4922/5000] 5c47e1f5-e8ba-4692-90d9-1c06f1e8bc0e: 31 internal nodes; 0.7 s; peak memory 782 MiB.
2026-10-05T18:49:21Z INFO [4923/5000] 5c493c49-83b8-47b2-88c4-b31c2ecef790: 17 internal nodes; 0.7 s; peak memory 782 MiB.
2026-10-05T18:49:22Z INFO [4924/5000] 5c49d38f-67d2-458d-8b53-cf1c70ce7029: 27 internal nodes; 0.8 s; peak memory 782 MiB.
2026-10-05T18:49:23Z INFO [4925/5000] 5c4aabd8-8c18-4e99-82e9-c217818918bf: 55 internal nodes; 1.0 s; peak memory 782 MiB.
2026-10-05T18:49:24Z INFO [4926/5000] 5c4b4dcf-fc08-4a6e-b506-e60bacc5bd52: 22 internal nodes; 0.4 s; peak memory 782 MiB.
2026-10-05T18:49:24Z INFO [4927/5000] 5c4ba773-7f45-4216-a917-4b1f2a1bdd99: 27 internal nodes; 0.7 s; peak memory 782 MiB.
2026-10-05T18:49:25Z INFO [4928/5000] 5c4bcd1e-590f-4b14-bbd2-5cc3000fd002: 119 internal nodes; 0.8 s; peak memory 782 MiB.
2026-10-05T18:49:26Z INFO [4929/5000] 5c4c0b89-1865-4180-9b18-9f9cb7958184: 17 internal nodes; 0.7 s; peak memory 782 MiB.
2026-10-05T18:49:26Z INFO [4930/5000] 5c4d082e-49cd-4f24-ac7b-736939109b1f: 17 internal nodes; 0.7 s; peak memory 782 MiB.
2026-10-05T18:49:28Z INFO [4931/5000] 5c4d9960-6e6a-4139-baeb-ceb7b4c15d99: 31 internal nodes; 1.1 s; peak memory 782 MiB.
2026-10-05T18:49:29Z INFO [4932/5000] 5c4e2cbe-e80e-49b1-be7c-3d1dd7ab3653: 66 internal nodes; 1.5 s; peak memory 782 MiB.
2026-10-05T18:49:31Z INFO [4933/5000] 5c4e73ba-93f2-4005-b7ac-0d0ee9069bb0: 44 internal nodes; 1.6 s; peak memory 782 MiB.
2026-10-05T18:49:39Z INFO [4934/5000] 5c521a46-3a76-4af2-9158-c768937d0d51: 475 internal nodes; 8.6 s; peak memory 782 MiB.
2026-10-05T18:49:40Z INFO [4935/5000] 5c52c380-9398-443a-824c-b2b4e5a7e489: 31 internal nodes; 0.7 s; peak memory 782 MiB.
2026-10-05T18:49:41Z INFO [4936/5000] 5c52e395-d7d2-40a4-b9dc-ddd7c79a4f54: 27 internal nodes; 0.8 s; peak memory 782 MiB.
2026-10-05T18:49:41Z INFO [4937/5000] 5c52fbc9-e592-43df-ba02-68e9bbbc75ac: 19 internal nodes; 0.7 s; peak memory 782 MiB.
2026-10-05T18:49:42Z INFO [4938/5000] 5c5302c1-ead5-4ee1-8f2a-4d917ebeab70: 27 internal nodes; 0.7 s; peak memory 782 MiB.
2026-10-05T18:49:43Z INFO [4939/5000] 5c53033a-15e4-4985-bb02-8819953a7db1: 17 internal nodes; 0.6 s; peak memory 782 MiB.
2026-10-05T18:49:43Z INFO [4940/5000] 5c5310df-4658-4580-8e23-f554c8f5d612: 13 internal nodes; 0.6 s; peak memory 782 MiB.
2026-10-05T18:49:44Z INFO [4941/5000] 5c533b4c-f214-4d5c-ad9c-2b4be53fdb76: 17 internal nodes; 0.6 s; peak memory 782 MiB.
2026-10-05T18:49:45Z INFO [4942/5000] 5c54ec09-8e2f-4524-868b-f5bd8b08dc6c: 30 internal nodes; 0.9 s; peak memory 782 MiB.
2026-10-05T18:49:45Z INFO [4943/5000] 5c5590f9-923e-4465-adae-2dec29d741c5: 25 internal nodes; 0.6 s; peak memory 782 MiB.
2026-10-05T18:49:47Z INFO [4944/5000] 5c5599a1-ae9b-4c38-bfa7-048966ca50ee: 44 internal nodes; 1.7 s; peak memory 782 MiB.
2026-10-05T18:49:48Z INFO [4945/5000] 5c56d4f1-54d0-431b-a8a0-2c2ed0779c4c: 31 internal nodes; 0.9 s; peak memory 782 MiB.
2026-10-05T18:49:49Z INFO [4946/5000] 5c56e40d-1ee8-43fc-a183-6b8184ffcfa0: 27 internal nodes; 0.8 s; peak memory 782 MiB.
2026-10-05T18:49:50Z INFO [4947/5000] 5c576877-85a5-43b1-9f80-0a375a9eb25c: 17 internal nodes; 0.6 s; peak memory 782 MiB.
2026-10-05T18:49:55Z INFO [4948/5000] 5c578f12-2ed7-4587-babe-be4514202ded: 64 internal nodes; 5.7 s; peak memory 782 MiB.
2026-10-05T18:49:56Z INFO [4949/5000] 5c579560-40ef-48ef-9603-a1e912aa8685: 14 internal nodes; 0.6 s; peak memory 782 MiB.
2026-10-05T18:49:56Z INFO [4950/5000] 5c57b0df-59b0-4e66-a909-e507e076bcfb: 19 internal nodes; 0.6 s; peak memory 782 MiB.
2026-10-05T18:49:57Z INFO [4950/5000] 5c57b0df-59b0-4e66-a909-e507e076bcfb: checkpointed 91384 records.
2026-10-05T18:49:58Z INFO [4951/5000] 5c59859f-8f47-4c62-b89c-1a40983b1731: 17 internal nodes; 0.8 s; peak memory 782 MiB.
2026-10-05T18:49:59Z INFO [4952/5000] 5c59b45d-67fa-491a-b8d0-e13a2379845c: 24 internal nodes; 0.9 s; peak memory 782 MiB.
2026-10-05T18:49:59Z INFO [4953/5000] 5c5ba1cd-d2dd-4e9e-a8e1-5ba2441a3bee: 27 internal nodes; 0.8 s; peak memory 782 MiB.
2026-10-05T18:50:00Z INFO [4954/5000] 5c5da4dd-d12f-4d4e-ad7a-f67b661cdc87: 17 internal nodes; 0.7 s; peak memory 782 MiB.
2026-10-05T18:50:01Z INFO [4955/5000] 5c5dbfe1-ebd2-4cee-ba01-a49fa9a1a528: 28 internal nodes; 0.9 s; peak memory 782 MiB.
2026-10-05T18:50:02Z INFO [4956/5000] 5c5dd2c1-792e-4a1f-8fe6-e9f73678e221: 27 internal nodes; 1.1 s; peak memory 782 MiB.
2026-10-05T18:50:03Z INFO [4957/5000] 5c5efdec-ac93-494b-9262-100f6080d046: 15 internal nodes; 0.5 s; peak memory 782 MiB.
2026-10-05T18:50:03Z INFO [4958/5000] 5c5f2f82-7a22-46c0-b35c-6f96183c757c: 11 internal nodes; 0.3 s; peak memory 782 MiB.
2026-10-05T18:50:04Z INFO [4959/5000] 5c5fa1f0-fe65-47ab-b519-3c544fb19f35: 65 internal nodes; 0.8 s; peak memory 782 MiB.
2026-10-05T18:50:04Z INFO [4960/5000] 5c610203-1446-4565-bfb5-35456cf9970b: 27 internal nodes; 0.7 s; peak memory 782 MiB.
2026-10-05T18:50:06Z INFO [4961/5000] 5c614685-ce34-48b2-a425-08db9f53cd43: 21 internal nodes; 1.7 s; peak memory 782 MiB.
2026-10-05T18:50:07Z INFO [4962/5000] 5c6165e4-4ad0-4e15-aff9-cff4d0ecede8: 17 internal nodes; 0.5 s; peak memory 782 MiB.
2026-10-05T18:50:08Z INFO [4963/5000] 5c61a3bd-991c-4ab6-a647-4c9699da4e6a: 31 internal nodes; 1.0 s; peak memory 782 MiB.
2026-10-05T18:50:08Z INFO [4964/5000] 5c621e7f-ea32-4c98-be83-59d5478c27e7: 27 internal nodes; 0.6 s; peak memory 782 MiB.
2026-10-05T18:50:09Z INFO [4965/5000] 5c62b855-b16f-418d-b849-3fb787de676c: 23 internal nodes; 0.8 s; peak memory 782 MiB.
2026-10-05T18:50:10Z INFO [4966/5000] 5c632395-d636-4ebb-8207-699acb6f25ac: 29 internal nodes; 0.9 s; peak memory 782 MiB.
2026-10-05T18:50:11Z INFO [4967/5000] 5c638d4e-5689-4656-959c-3c7bd55cabf9: 31 internal nodes; 1.3 s; peak memory 782 MiB.
2026-10-05T18:50:13Z INFO [4968/5000] 5c64d4b7-c955-4cba-a1a7-896c8b0e45d7: 44 internal nodes; 1.9 s; peak memory 782 MiB.
2026-10-05T18:50:14Z INFO [4969/5000] 5c64e008-06f1-4ff9-ad6b-1f8a247213ff: 11 internal nodes; 0.5 s; peak memory 782 MiB.
2026-10-05T18:50:14Z INFO [4970/5000] 5c666ba9-e7e3-45f0-95cb-8a1b58e04b99: 86 internal nodes; 0.6 s; peak memory 782 MiB.
2026-10-05T18:50:15Z INFO [4971/5000] 5c678161-bfb1-4817-a914-fe6a7cf4061e: 11 internal nodes; 0.3 s; peak memory 782 MiB.
2026-10-05T18:50:15Z INFO [4972/5000] 5c67889f-2d80-4dac-a8ba-46f4485c14bf: 31 internal nodes; 0.8 s; peak memory 782 MiB.
2026-10-05T18:50:16Z INFO [4973/5000] 5c681122-208e-4545-920f-dccbf8fce4ba: 31 internal nodes; 1.2 s; peak memory 782 MiB.
2026-10-05T18:50:17Z INFO [4974/5000] 5c686a67-f4a8-453c-99dd-a544d02cccb2: 31 internal nodes; 0.8 s; peak memory 782 MiB.
2026-10-05T18:50:18Z INFO [4975/5000] 5c688c78-7af8-4888-afaf-de49209ba87d: 31 internal nodes; 0.7 s; peak memory 782 MiB.
2026-10-05T18:50:19Z INFO [4976/5000] 5c68c803-9ee9-49d8-8e82-df2044bbb173: 91 internal nodes; 1.2 s; peak memory 782 MiB.
2026-10-05T18:50:29Z INFO [4977/5000] 5c695859-f207-411d-a3d8-9795b9d7091a: 443 internal nodes; 10.0 s; peak memory 782 MiB.
2026-10-05T18:50:35Z INFO [4978/5000] 5c699fba-8f42-49b2-9971-31bb91ebddb1: 332 internal nodes; 6.0 s; peak memory 782 MiB.
2026-10-05T18:50:39Z INFO [4979/5000] 5c69bf71-c682-4379-800f-8e60b9ebd37f: 73 internal nodes; 3.3 s; peak memory 782 MiB.
2026-10-05T18:50:42Z INFO [4980/5000] 5c6a0778-da43-44f9-9483-edb95ae27acd: 52 internal nodes; 3.6 s; peak memory 782 MiB.
2026-10-05T18:50:43Z INFO [4981/5000] 5c6a1617-03b9-4689-8751-f77bfd663fb3: 17 internal nodes; 0.6 s; peak memory 782 MiB.
2026-10-05T18:50:44Z INFO [4982/5000] 5c6b57ed-25dc-4534-a9f9-0c7eb3654a15: 56 internal nodes; 1.0 s; peak memory 782 MiB.
2026-10-05T18:50:45Z INFO [4983/5000] 5c6bea3f-219b-432e-9999-3bde06f53d09: 20 internal nodes; 1.2 s; peak memory 782 MiB.
2026-10-05T18:50:46Z INFO [4984/5000] 5c6beeae-9c37-4ed3-887e-12dea006c09e: 27 internal nodes; 0.8 s; peak memory 782 MiB.
2026-10-05T18:50:46Z INFO [4985/5000] 5c6bf19c-438c-492c-81eb-4915cefd46a7: 11 internal nodes; 0.4 s; peak memory 782 MiB.
2026-10-05T18:50:47Z INFO [4986/5000] 5c6cccd7-63a1-45e3-967c-2ff813c2dfe9: 17 internal nodes; 0.6 s; peak memory 782 MiB.
2026-10-05T18:50:52Z INFO [4987/5000] 5c6d736a-e60a-402f-ab22-07c8fb030580: 66 internal nodes; 5.2 s; peak memory 782 MiB.
2026-10-05T18:50:53Z INFO [4988/5000] 5c6dba10-32e7-4d8f-9f74-7747397a0b4a: 30 internal nodes; 1.5 s; peak memory 782 MiB.
2026-10-05T18:51:01Z INFO [4989/5000] 5c6e145a-852c-4b9d-bb26-8414b0de822c: 83 internal nodes; 7.5 s; peak memory 782 MiB.
2026-10-05T18:51:02Z INFO [4990/5000] 5c6f4af2-91d1-48c1-8cb9-ea5737e73054: 31 internal nodes; 0.8 s; peak memory 782 MiB.
2026-10-05T18:51:03Z INFO [4991/5000] 5c6f50ae-319c-430e-8301-00a0b081be7f: 55 internal nodes; 1.6 s; peak memory 782 MiB.
2026-10-05T18:51:05Z INFO [4992/5000] 5c700a93-e2b7-4434-b37a-cf68a0ba079d: 58 internal nodes; 1.3 s; peak memory 782 MiB.
2026-10-05T18:51:05Z INFO [4993/5000] 5c70e102-3c82-42ab-b9d3-a64d4295944f: 17 internal nodes; 0.8 s; peak memory 782 MiB.
2026-10-05T18:51:07Z INFO [4994/5000] 5c70f824-c4aa-4d6d-9108-81a84a240016: 62 internal nodes; 1.3 s; peak memory 782 MiB.
2026-10-05T18:51:08Z INFO [4995/5000] 5c711b24-8b43-4b91-b395-a4d0d30aaa2f: 31 internal nodes; 1.2 s; peak memory 782 MiB.
2026-10-05T18:51:09Z INFO [4996/5000] 5c716e16-95f1-4507-ad86-01544c2ab0af: 54 internal nodes; 0.7 s; peak memory 782 MiB.
2026-10-05T18:51:13Z INFO [4997/5000] 5c72775e-3866-4be2-bb41-b36c7c92ed68: 201 internal nodes; 4.8 s; peak memory 782 MiB.
2026-10-05T18:51:14Z INFO [4998/5000] 5c72c5d1-a473-44ef-a933-5c7bbf0c1a02: 11 internal nodes; 0.4 s; peak memory 782 MiB.
2026-10-05T18:51:15Z INFO [4999/5000] 5c72ce54-87f2-4993-a889-0451928f31ce: 22 internal nodes; 0.9 s; peak memory 782 MiB.
2026-10-05T18:51:16Z INFO [5000/5000] 5c736a14-2af7-4dbc-9d5c-37cc64929b6a: 95 internal nodes; 1.4 s; peak memory 782 MiB.
2026-10-05T18:51:16Z INFO [5000/5000] 5c736a14-2af7-4dbc-9d5c-37cc64929b6a: checkpointed 91434 records.
2026-10-05T18:51:17Z INFO Wrote 91434 records to /tmp/derivatives/valid_nwb_file_to_out_degrees.jsonl (4979 new, 21 failed) in 143.3 min (peak memory 782 MiB).
