2026-10-09T21:23:50Z INFO Logging to /tmp/logs/update_2026-10-09T21-23-50Z.log.
2026-10-09T21:23:50Z INFO Update valid-nwb-file-to-out-degrees (base directory /tmp).
2026-10-09T21:23:50Z INFO Processing 1886 items (141982 already recorded).
2026-10-09T21:23:56Z WARNING 024ef50f-ac6f-49ea-806b-93ef4b5e8644: failed while reading the NWB file (KeyError: 'Unable to synchronously open object (component not found)')
2026-10-09T21:23:56Z WARNING [1/1886] 024ef50f-ac6f-49ea-806b-93ef4b5e8644: leaving unrecorded for a later run to retry.
2026-10-09T21:23:59Z WARNING 09073220-fbea-45d2-9a39-2cc61fcdc2a1: failed while reading the NWB file (KeyError: 'Unable to synchronously open object (component not found)')
2026-10-09T21:23:59Z WARNING [2/1886] 09073220-fbea-45d2-9a39-2cc61fcdc2a1: leaving unrecorded for a later run to retry.
2026-10-09T21:24:01Z WARNING 0dec427d-4db4-44c3-988a-c37959ceaff3: failed while reading the NWB file (KeyError: 'Unable to synchronously open object (component not found)')
2026-10-09T21:24:01Z WARNING [3/1886] 0dec427d-4db4-44c3-988a-c37959ceaff3: leaving unrecorded for a later run to retry.
2026-10-09T21:24:02Z WARNING 0f7396ad-67ec-468a-b6a6-5599cb507f54: failed while reading the NWB file (KeyError: 'Unable to synchronously open object (component not found)')
2026-10-09T21:24:02Z WARNING [4/1886] 0f7396ad-67ec-468a-b6a6-5599cb507f54: leaving unrecorded for a later run to retry.
2026-10-09T21:24:04Z WARNING 1066b3ba-83d9-4cb3-bfe3-ecf8539e2334: failed while reading the NWB file (KeyError: 'Unable to synchronously open object (component not found)')
2026-10-09T21:24:04Z WARNING [5/1886] 1066b3ba-83d9-4cb3-bfe3-ecf8539e2334: leaving unrecorded for a later run to retry.
2026-10-09T21:24:06Z WARNING 17a546c4-6425-4c56-a43e-9f9f272d299c: failed while reading the NWB file (KeyError: 'Unable to synchronously open object (component not found)')
2026-10-09T21:24:06Z WARNING [6/1886] 17a546c4-6425-4c56-a43e-9f9f272d299c: leaving unrecorded for a later run to retry.
2026-10-09T21:24:07Z WARNING 19998990-d06f-40db-8d07-c5121b317b6a: failed while reading the NWB file (KeyError: 'Unable to synchronously open object (component not found)')
2026-10-09T21:24:07Z WARNING [7/1886] 19998990-d06f-40db-8d07-c5121b317b6a: leaving unrecorded for a later run to retry.
2026-10-09T21:24:09Z WARNING 1a18ed31-9155-4512-919f-b6875d14b9f3: failed while reading the NWB file (KeyError: 'Unable to synchronously open object (component not found)')
2026-10-09T21:24:09Z WARNING [8/1886] 1a18ed31-9155-4512-919f-b6875d14b9f3: leaving unrecorded for a later run to retry.
2026-10-09T21:24:12Z WARNING 1c2fff6f-f3a7-43fb-b7e2-a33218d41614: failed while reading the NWB file (KeyError: 'Unable to synchronously open object (component not found)')
2026-10-09T21:24:12Z WARNING [9/1886] 1c2fff6f-f3a7-43fb-b7e2-a33218d41614: leaving unrecorded for a later run to retry.
2026-10-09T21:24:14Z WARNING 20b5d243-5a61-4246-a5d5-ac9d9068183d: failed while reading the NWB file (KeyError: 'Unable to synchronously open object (component not found)')
2026-10-09T21:24:14Z WARNING [10/1886] 20b5d243-5a61-4246-a5d5-ac9d9068183d: leaving unrecorded for a later run to retry.
2026-10-09T21:24:17Z WARNING 20e4b649-b593-4ee3-bd02-f0645aad7021: failed while reading the NWB file (KeyError: 'Unable to synchronously open object (component not found)')
2026-10-09T21:24:17Z WARNING [11/1886] 20e4b649-b593-4ee3-bd02-f0645aad7021: leaving unrecorded for a later run to retry.
2026-10-09T21:24:18Z WARNING 2420003b-b350-4a69-b1aa-b27f68179823: failed while reading the NWB file (KeyError: 'Unable to synchronously open object (component not found)')
2026-10-09T21:24:18Z WARNING [12/1886] 2420003b-b350-4a69-b1aa-b27f68179823: leaving unrecorded for a later run to retry.
2026-10-09T21:24:20Z WARNING 2a76c0ae-11ba-4712-bfc9-5a1534c26aeb: failed while reading the NWB file (KeyError: 'Unable to synchronously open object (component not found)')
2026-10-09T21:24:20Z WARNING [13/1886] 2a76c0ae-11ba-4712-bfc9-5a1534c26aeb: leaving unrecorded for a later run to retry.
2026-10-09T21:24:22Z WARNING 319d22c8-6c6e-41bb-9bf9-9c6773d2b2ad: failed while reading the NWB file (KeyError: 'Unable to synchronously open object (component not found)')
2026-10-09T21:24:22Z WARNING [14/1886] 319d22c8-6c6e-41bb-9bf9-9c6773d2b2ad: leaving unrecorded for a later run to retry.
2026-10-09T21:24:24Z WARNING 324ccb4d-b81e-4dbb-a29d-ef474eef0d50: failed while reading the NWB file (KeyError: 'Unable to synchronously open object (component not found)')
2026-10-09T21:24:24Z WARNING [15/1886] 324ccb4d-b81e-4dbb-a29d-ef474eef0d50: leaving unrecorded for a later run to retry.
2026-10-09T21:24:25Z WARNING 3b2672c0-01e2-4e2a-a6fd-09535b8afd67: failed while reading the NWB file (KeyError: 'Unable to synchronously open object (component not found)')
2026-10-09T21:24:25Z WARNING [16/1886] 3b2672c0-01e2-4e2a-a6fd-09535b8afd67: leaving unrecorded for a later run to retry.
2026-10-09T21:24:27Z WARNING 3dec1e5e-7a4c-4aaa-95eb-7a953aa18d59: failed while reading the NWB file (KeyError: 'Unable to synchronously open object (component not found)')
2026-10-09T21:24:27Z WARNING [17/1886] 3dec1e5e-7a4c-4aaa-95eb-7a953aa18d59: leaving unrecorded for a later run to retry.
2026-10-09T21:24:29Z WARNING 40d7f442-8923-4dd5-87cb-af432218c083: failed while reading the NWB file (KeyError: 'Unable to synchronously open object (component not found)')
2026-10-09T21:24:29Z WARNING [18/1886] 40d7f442-8923-4dd5-87cb-af432218c083: leaving unrecorded for a later run to retry.
2026-10-09T21:24:30Z WARNING 4255c687-2c9c-4ffc-83b6-08157b521931: failed while reading the NWB file (KeyError: 'Unable to synchronously open object (component not found)')
2026-10-09T21:24:30Z WARNING [19/1886] 4255c687-2c9c-4ffc-83b6-08157b521931: leaving unrecorded for a later run to retry.
2026-10-09T21:24:32Z WARNING 43addd0b-0674-4137-8eaa-9df790dee1ce: failed while reading the NWB file (KeyError: 'Unable to synchronously open object (component not found)')
2026-10-09T21:24:32Z WARNING [20/1886] 43addd0b-0674-4137-8eaa-9df790dee1ce: leaving unrecorded for a later run to retry.
2026-10-09T21:24:34Z WARNING 59beae01-8c63-4353-a90b-e97078f0ecde: failed while reading the NWB file (KeyError: 'Unable to synchronously open object (component not found)')
2026-10-09T21:24:34Z WARNING [21/1886] 59beae01-8c63-4353-a90b-e97078f0ecde: leaving unrecorded for a later run to retry.
2026-10-09T21:24:36Z WARNING 6a997180-d683-4d9d-9b90-05b7dc97c11c: failed while reading the NWB file (KeyError: 'Unable to synchronously open object (component not found)')
2026-10-09T21:24:36Z WARNING [22/1886] 6a997180-d683-4d9d-9b90-05b7dc97c11c: leaving unrecorded for a later run to retry.
2026-10-09T21:24:37Z WARNING 6aa6bd0b-2ee9-4b1c-ae04-8288b68d12ff: failed while reading the NWB file (KeyError: 'Unable to synchronously open object (component not found)')
2026-10-09T21:24:37Z WARNING [23/1886] 6aa6bd0b-2ee9-4b1c-ae04-8288b68d12ff: leaving unrecorded for a later run to retry.
2026-10-09T21:24:39Z WARNING 6aae1939-4782-4088-b5f7-42ef42d4db39: failed while reading the NWB file (KeyError: 'Unable to synchronously open object (component not found)')
2026-10-09T21:24:39Z WARNING [24/1886] 6aae1939-4782-4088-b5f7-42ef42d4db39: leaving unrecorded for a later run to retry.
2026-10-09T21:24:42Z WARNING 6d423b55-67f8-42c9-9dee-caa73708d896: failed while reading the NWB file (KeyError: 'Unable to synchronously open object (component not found)')
2026-10-09T21:24:42Z WARNING [25/1886] 6d423b55-67f8-42c9-9dee-caa73708d896: leaving unrecorded for a later run to retry.
2026-10-09T21:24:44Z WARNING 735c7449-7e23-44fa-8990-d5c55f725aa2: failed while reading the NWB file (KeyError: 'Unable to synchronously open object (component not found)')
2026-10-09T21:24:44Z WARNING [26/1886] 735c7449-7e23-44fa-8990-d5c55f725aa2: leaving unrecorded for a later run to retry.
2026-10-09T21:24:45Z WARNING 75dc9b6e-40d1-4c10-8d75-71e6d60a1109: failed while reading the NWB file (KeyError: 'Unable to synchronously open object (component not found)')
2026-10-09T21:24:45Z WARNING [27/1886] 75dc9b6e-40d1-4c10-8d75-71e6d60a1109: leaving unrecorded for a later run to retry.
2026-10-09T21:24:49Z WARNING 75e93a30-06d1-4377-ac24-e439b70138bf: failed while reading the NWB file (KeyError: 'Unable to synchronously open object (component not found)')
2026-10-09T21:24:49Z WARNING [28/1886] 75e93a30-06d1-4377-ac24-e439b70138bf: leaving unrecorded for a later run to retry.
2026-10-09T21:24:51Z WARNING 79d6c03f-a5ad-43d3-a8c3-a13e7b361f24: failed while reading the NWB file (KeyError: 'Unable to synchronously open object (component not found)')
2026-10-09T21:24:51Z WARNING [29/1886] 79d6c03f-a5ad-43d3-a8c3-a13e7b361f24: leaving unrecorded for a later run to retry.
2026-10-09T21:24:52Z WARNING 80e5eff2-6863-4038-9302-675d85163951: failed while reading the NWB file (KeyError: 'Unable to synchronously open object (component not found)')
2026-10-09T21:24:52Z WARNING [30/1886] 80e5eff2-6863-4038-9302-675d85163951: leaving unrecorded for a later run to retry.
2026-10-09T21:24:54Z WARNING 8485f502-7092-4934-80fe-dc37dd3a4c16: failed while reading the NWB file (KeyError: 'Unable to synchronously open object (component not found)')
2026-10-09T21:24:54Z WARNING [31/1886] 8485f502-7092-4934-80fe-dc37dd3a4c16: leaving unrecorded for a later run to retry.
2026-10-09T21:24:56Z WARNING 85df85c4-6672-4675-9bb8-5e82e44e0f88: failed while reading the NWB file (KeyError: 'Unable to synchronously open object (component not found)')
2026-10-09T21:24:56Z WARNING [32/1886] 85df85c4-6672-4675-9bb8-5e82e44e0f88: leaving unrecorded for a later run to retry.
2026-10-09T21:24:58Z WARNING 87fdf428-ebbd-4376-85b5-341f14f18593: failed while reading the NWB file (KeyError: 'Unable to synchronously open object (component not found)')
2026-10-09T21:24:58Z WARNING [33/1886] 87fdf428-ebbd-4376-85b5-341f14f18593: leaving unrecorded for a later run to retry.
2026-10-09T21:24:59Z WARNING 8f0183a2-f90f-4b15-8fac-1ca3a404a100: failed while reading the NWB file (KeyError: 'Unable to synchronously open object (component not found)')
2026-10-09T21:24:59Z WARNING [34/1886] 8f0183a2-f90f-4b15-8fac-1ca3a404a100: leaving unrecorded for a later run to retry.
2026-10-09T21:25:01Z WARNING 9078e86c-42d8-47e9-a68b-72aaef5868b8: failed while reading the NWB file (KeyError: 'Unable to synchronously open object (component not found)')
2026-10-09T21:25:01Z WARNING [35/1886] 9078e86c-42d8-47e9-a68b-72aaef5868b8: leaving unrecorded for a later run to retry.
2026-10-09T21:25:03Z WARNING 907b3a91-92b0-49da-9d8a-a9ce5b752d18: failed while reading the NWB file (KeyError: 'Unable to synchronously open object (component not found)')
2026-10-09T21:25:03Z WARNING [36/1886] 907b3a91-92b0-49da-9d8a-a9ce5b752d18: leaving unrecorded for a later run to retry.
2026-10-09T21:25:04Z WARNING 91d0f104-6918-47ae-8959-2116c86ee157: failed while reading the NWB file (KeyError: 'Unable to synchronously open object (component not found)')
2026-10-09T21:25:04Z WARNING [37/1886] 91d0f104-6918-47ae-8959-2116c86ee157: leaving unrecorded for a later run to retry.
2026-10-09T21:25:06Z WARNING 969e4747-5a03-4948-bad1-05be9db18f9a: failed while reading the NWB file (KeyError: 'Unable to synchronously open object (component not found)')
2026-10-09T21:25:06Z WARNING [38/1886] 969e4747-5a03-4948-bad1-05be9db18f9a: leaving unrecorded for a later run to retry.
2026-10-09T21:25:08Z WARNING 96fcc9d3-cbe9-4aaa-986b-aaaf8831ed40: failed while reading the NWB file (KeyError: 'Unable to synchronously open object (component not found)')
2026-10-09T21:25:08Z WARNING [39/1886] 96fcc9d3-cbe9-4aaa-986b-aaaf8831ed40: leaving unrecorded for a later run to retry.
2026-10-09T21:25:10Z WARNING 98c46e12-f90f-4286-b1c2-15acdc057e25: failed while reading the NWB file (KeyError: 'Unable to synchronously open object (component not found)')
2026-10-09T21:25:10Z WARNING [40/1886] 98c46e12-f90f-4286-b1c2-15acdc057e25: leaving unrecorded for a later run to retry.
2026-10-09T21:25:11Z WARNING 9f0feaa9-adb3-4487-afb9-d4f49f1acdc6: failed while reading the NWB file (KeyError: 'Unable to synchronously open object (component not found)')
2026-10-09T21:25:11Z WARNING [41/1886] 9f0feaa9-adb3-4487-afb9-d4f49f1acdc6: leaving unrecorded for a later run to retry.
2026-10-09T21:25:14Z WARNING a5c144c2-f4f0-4c1e-9c08-2b521f863a3b: failed while reading the NWB file (KeyError: 'Unable to synchronously open object (component not found)')
2026-10-09T21:25:14Z WARNING [42/1886] a5c144c2-f4f0-4c1e-9c08-2b521f863a3b: leaving unrecorded for a later run to retry.
2026-10-09T21:25:16Z WARNING a8b6a037-6a71-4569-91a5-b9a166b789a9: failed while reading the NWB file (KeyError: 'Unable to synchronously open object (component not found)')
2026-10-09T21:25:16Z WARNING [43/1886] a8b6a037-6a71-4569-91a5-b9a166b789a9: leaving unrecorded for a later run to retry.
2026-10-09T21:25:17Z WARNING ad5b0970-92ee-45ed-9ade-ec72ab7c0c43: failed while reading the NWB file (KeyError: 'Unable to synchronously open object (component not found)')
2026-10-09T21:25:17Z WARNING [44/1886] ad5b0970-92ee-45ed-9ade-ec72ab7c0c43: leaving unrecorded for a later run to retry.
2026-10-09T21:25:19Z WARNING af8f8d1e-890e-40fb-8b99-bcfbd9dafa86: failed while reading the NWB file (KeyError: 'Unable to synchronously open object (component not found)')
2026-10-09T21:25:19Z WARNING [45/1886] af8f8d1e-890e-40fb-8b99-bcfbd9dafa86: leaving unrecorded for a later run to retry.
2026-10-09T21:25:21Z WARNING b359ad1b-7ba4-48e8-a318-3a5df59e0611: failed while reading the NWB file (KeyError: 'Unable to synchronously open object (component not found)')
2026-10-09T21:25:21Z WARNING [46/1886] b359ad1b-7ba4-48e8-a318-3a5df59e0611: leaving unrecorded for a later run to retry.
2026-10-09T21:25:24Z WARNING b90ff2fd-f7e7-41b9-939a-f8612e2c9ba9: failed while reading the NWB file (KeyError: 'Unable to synchronously open object (component not found)')
2026-10-09T21:25:24Z WARNING [47/1886] b90ff2fd-f7e7-41b9-939a-f8612e2c9ba9: leaving unrecorded for a later run to retry.
2026-10-09T21:25:25Z WARNING c30d8e04-35d5-46ae-89c1-f0ad78152437: failed while reading the NWB file (KeyError: 'Unable to synchronously open object (component not found)')
2026-10-09T21:25:25Z WARNING [48/1886] c30d8e04-35d5-46ae-89c1-f0ad78152437: leaving unrecorded for a later run to retry.
2026-10-09T21:25:27Z INFO [49/1886] c4d3edba-655a-412a-8886-e946eca5da9a: 31 internal nodes; 2.0 s; peak memory 221 MiB.
2026-10-09T21:25:28Z INFO [50/1886] c4d40cac-7160-4415-97c4-fb844f4e827a: 17 internal nodes; 1.3 s; peak memory 221 MiB.
2026-10-09T21:25:29Z INFO [50/1886] c4d40cac-7160-4415-97c4-fb844f4e827a: checkpointed 141984 new records.
2026-10-09T21:25:30Z INFO [51/1886] c4d4c540-127e-4b46-9810-0519919be5bb: 17 internal nodes; 1.1 s; peak memory 222 MiB.
2026-10-09T21:25:31Z INFO [52/1886] c4d56cbb-970d-4280-b5b6-570f9859ffc1: 11 internal nodes; 1.1 s; peak memory 222 MiB.
2026-10-09T21:25:33Z INFO [53/1886] c4d5d9f7-ea47-4c65-8720-4745ebc664b3: 29 internal nodes; 2.2 s; peak memory 222 MiB.
2026-10-09T21:25:34Z INFO [54/1886] c4d7771e-f051-48ec-8f09-c0aa5814b3f7: 18 internal nodes; 1.1 s; peak memory 222 MiB.
2026-10-09T21:25:36Z INFO [55/1886] c4d78b0f-e475-433d-a1f8-72d8dc1fb02e: 54 internal nodes; 2.0 s; peak memory 222 MiB.
2026-10-09T21:25:38Z INFO [56/1886] c4d9640c-d50a-48f5-bcfe-561fec0a1e69: 27 internal nodes; 1.3 s; peak memory 222 MiB.
2026-10-09T21:25:39Z INFO [57/1886] c4da2e99-aab1-4693-b665-96b8033a3c16: 17 internal nodes; 1.1 s; peak memory 222 MiB.
2026-10-09T21:25:40Z INFO [58/1886] c4dab776-3284-40e6-8327-a87ce339b76c: 23 internal nodes; 0.9 s; peak memory 222 MiB.
2026-10-09T21:25:42Z INFO [59/1886] c4dac591-3499-481d-92bc-26177a8f0161: 20 internal nodes; 1.8 s; peak memory 222 MiB.
2026-10-09T21:25:45Z INFO [60/1886] c4dbccca-d596-4376-8ab0-432ab8c6e3eb: 46 internal nodes; 3.5 s; peak memory 222 MiB.
2026-10-09T21:25:46Z INFO [61/1886] c4dc932e-d10d-43d9-9891-ac93dfee69b5: 11 internal nodes; 0.9 s; peak memory 222 MiB.
2026-10-09T21:25:49Z INFO [62/1886] c4dd5f05-2175-4719-a819-b775e646976d: 45 internal nodes; 3.4 s; peak memory 222 MiB.
2026-10-09T21:25:51Z INFO [63/1886] c4df6b96-edc7-44cc-bd3c-94467567b9b5: 72 internal nodes; 2.2 s; peak memory 223 MiB.
2026-10-09T21:25:54Z INFO [64/1886] c4dfca97-7e61-418f-a59a-41c6110f901d: 27 internal nodes; 2.9 s; peak memory 223 MiB.
2026-10-09T21:26:01Z INFO [65/1886] c4e05002-7a5b-4c66-92b4-c9d07a284461: 157 internal nodes; 6.7 s; peak memory 231 MiB.
2026-10-09T21:26:02Z INFO [66/1886] c4e0f03e-a3d6-464c-9e2a-bbf395751af8: 17 internal nodes; 1.1 s; peak memory 231 MiB.
2026-10-09T21:26:04Z INFO [67/1886] c4e16baf-b882-4775-bd7c-83165379ca87: 95 internal nodes; 1.8 s; peak memory 231 MiB.
2026-10-09T21:26:07Z INFO [68/1886] c4e1c19f-08d8-483f-a08e-c61d8bfca8a2: 46 internal nodes; 2.7 s; peak memory 231 MiB.
2026-10-09T21:26:08Z INFO [69/1886] c4e2c061-8283-4cb6-b97a-d4cc093f697c: 27 internal nodes; 1.5 s; peak memory 231 MiB.
2026-10-09T21:26:19Z INFO [70/1886] c4e3002d-7457-4e66-ac18-6aae35e81159: 258 internal nodes; 11.3 s; peak memory 239 MiB.
2026-10-09T21:26:21Z INFO [71/1886] c4e3073d-1764-4640-9291-f89c67cc843a: 17 internal nodes; 1.8 s; peak memory 239 MiB.
2026-10-09T21:26:22Z INFO [72/1886] c4e3c056-8247-4d86-ad9c-064f7bf5f5d4: 17 internal nodes; 1.2 s; peak memory 239 MiB.
2026-10-09T21:26:28Z INFO [73/1886] c4e3c2a6-06e1-42a5-8f77-4b5fe2c76644: 36 internal nodes; 5.2 s; peak memory 239 MiB.
2026-10-09T21:26:29Z INFO [74/1886] c4e4afe8-237d-4064-9bf8-82883422be29: 19 internal nodes; 1.1 s; peak memory 239 MiB.
2026-10-09T21:26:30Z INFO [75/1886] c4e5505a-3cb4-4ff5-98a5-aba5ae9eacdc: 119 internal nodes; 1.7 s; peak memory 239 MiB.
2026-10-09T21:26:32Z INFO [76/1886] c4e59579-5525-4901-a357-74578a9a83a7: 17 internal nodes; 1.2 s; peak memory 239 MiB.
2026-10-09T21:26:40Z INFO [77/1886] c4e627e9-2d29-4841-b8ea-23b8df9b43ba: 171 internal nodes; 8.5 s; peak memory 239 MiB.
2026-10-09T21:26:41Z INFO [78/1886] c4e64e41-44b2-487f-a1fb-e3c6e9c7f9c0: 27 internal nodes; 1.3 s; peak memory 239 MiB.
2026-10-09T21:26:43Z INFO [79/1886] c4e6ae07-f0a7-4df3-b0a4-455cbda443e8: 67 internal nodes; 2.0 s; peak memory 239 MiB.
2026-10-09T21:26:46Z INFO [80/1886] c4e74004-9e10-4ebf-a673-8755b9878c78: 31 internal nodes; 2.8 s; peak memory 239 MiB.
2026-10-09T21:26:47Z INFO [81/1886] c4e92b68-9cff-4532-880b-1fd7b5a87ce8: 17 internal nodes; 1.1 s; peak memory 239 MiB.
2026-10-09T21:26:49Z INFO [82/1886] c4e9367e-8a9a-4c6f-b230-37256da20a97: 27 internal nodes; 1.4 s; peak memory 239 MiB.
2026-10-09T21:26:53Z INFO [83/1886] c4e94b1e-11dd-4202-872e-f6aab05a015d: 26 internal nodes; 4.4 s; peak memory 239 MiB.
2026-10-09T21:26:55Z INFO [84/1886] c4e970f9-aca0-4480-820e-829c5715594c: 11 internal nodes; 2.1 s; peak memory 239 MiB.
2026-10-09T21:26:57Z INFO [85/1886] c4e97a25-835b-4eec-8731-3b0b28fb6bdc: 28 internal nodes; 2.2 s; peak memory 239 MiB.
2026-10-09T21:26:58Z INFO [86/1886] c4e98d7b-eb32-4947-8673-6c2cea4e3924: 27 internal nodes; 1.2 s; peak memory 239 MiB.
2026-10-09T21:27:07Z INFO [87/1886] c4e9f71e-1708-4ed2-a12b-707478532cee: 61 internal nodes; 8.5 s; peak memory 239 MiB.
2026-10-09T21:27:09Z INFO [88/1886] c4ea6074-5d93-4487-8190-da8dadc513a3: 29 internal nodes; 2.0 s; peak memory 239 MiB.
2026-10-09T21:27:13Z INFO [89/1886] c4ea72b9-f3f6-4e46-9eb6-7644ce41ece7: 27 internal nodes; 4.2 s; peak memory 239 MiB.
2026-10-09T21:27:14Z INFO [90/1886] c4ead73d-46af-4b8c-a3cd-39e7703c3fd3: 18 internal nodes; 1.3 s; peak memory 239 MiB.
2026-10-09T21:27:23Z INFO [91/1886] c4eb96b3-6f3b-4f30-b430-22504de27b25: 105 internal nodes; 8.6 s; peak memory 239 MiB.
2026-10-09T21:27:24Z INFO [92/1886] c4ebdc58-66d3-4ffb-91db-37750b598fd4: 11 internal nodes; 0.8 s; peak memory 239 MiB.
2026-10-09T21:27:29Z INFO [93/1886] c4ecde4c-fae1-455a-b1df-9c7626378512: 114 internal nodes; 5.0 s; peak memory 239 MiB.
2026-10-09T21:27:30Z INFO [94/1886] c4edd2bd-3fac-4f51-b176-ad6aaeddcd8c: 19 internal nodes; 1.3 s; peak memory 239 MiB.
2026-10-09T21:27:38Z INFO [95/1886] c4ee665f-1f38-4d6e-a1a2-b02a9d47249b: 173 internal nodes; 7.8 s; peak memory 239 MiB.
2026-10-09T21:27:40Z INFO [96/1886] c4eedee2-34f0-427c-97cd-075ca426ce6d: 18 internal nodes; 2.4 s; peak memory 241 MiB.
2026-10-09T21:27:47Z INFO [97/1886] c4f0d75d-3838-4a3b-8e6d-b4ac71575adb: 61 internal nodes; 7.2 s; peak memory 241 MiB.
2026-10-09T21:27:51Z INFO [98/1886] c4f0f1b7-b4fd-452d-b9c8-757d651ad941: 38 internal nodes; 3.7 s; peak memory 241 MiB.
2026-10-09T21:27:52Z INFO [99/1886] c4f3157d-b7e0-400c-ac9a-1fe025f461a1: 17 internal nodes; 1.2 s; peak memory 241 MiB.
2026-10-09T21:27:54Z INFO [100/1886] c4f3790d-45d3-4200-9b32-47845607997d: 44 internal nodes; 2.1 s; peak memory 241 MiB.
2026-10-09T21:27:55Z INFO [100/1886] c4f3790d-45d3-4200-9b32-47845607997d: checkpointed 142034 new records.
2026-10-09T21:27:56Z INFO [101/1886] c4f48ecc-12c0-4179-b051-e044cf3d5d84: 17 internal nodes; 1.3 s; peak memory 241 MiB.
2026-10-09T21:27:58Z INFO [102/1886] c4f49bbc-8cff-49b8-8f03-f030e976c47a: 20 internal nodes; 1.8 s; peak memory 241 MiB.
2026-10-09T21:27:59Z INFO [103/1886] c4f49ee5-324d-4583-81d0-206e9b76fc93: 27 internal nodes; 1.3 s; peak memory 241 MiB.
2026-10-09T21:28:00Z INFO [104/1886] c4f51365-789c-420d-bd3c-0f9154480f90: 31 internal nodes; 1.1 s; peak memory 241 MiB.
2026-10-09T21:28:01Z INFO [105/1886] c4f53ca1-aac3-4248-8600-5581b33d8bad: 19 internal nodes; 1.0 s; peak memory 241 MiB.
2026-10-09T21:28:02Z INFO [106/1886] c4f53e05-0de9-4450-b1b9-c873afc314bf: 18 internal nodes; 1.0 s; peak memory 241 MiB.
2026-10-09T21:28:03Z INFO [107/1886] c4f55740-50ef-45d3-a704-d8d103d28113: 13 internal nodes; 0.8 s; peak memory 241 MiB.
2026-10-09T21:28:05Z INFO [108/1886] c4f60b62-d331-4109-9c63-0c6a93b6b64f: 18 internal nodes; 1.4 s; peak memory 241 MiB.
2026-10-09T21:28:10Z INFO [109/1886] c4f64021-a1c6-41da-835e-04c04e0fc4d0: 70 internal nodes; 5.2 s; peak memory 241 MiB.
2026-10-09T21:28:13Z INFO [110/1886] c4f679fc-db98-4825-bddd-17e745ce0ee0: 69 internal nodes; 3.4 s; peak memory 241 MiB.
2026-10-09T21:28:14Z INFO [111/1886] c4f6a4e0-8571-4825-8c5f-8920a9d8fdae: 17 internal nodes; 1.3 s; peak memory 241 MiB.
2026-10-09T21:28:16Z INFO [112/1886] c4f6ac30-287e-4d41-b41b-6e433e41b7f6: 60 internal nodes; 1.6 s; peak memory 241 MiB.
2026-10-09T21:28:17Z INFO [113/1886] c4f82b58-e20d-4640-8a1f-8403745ab752: 19 internal nodes; 0.9 s; peak memory 241 MiB.
2026-10-09T21:28:18Z INFO [114/1886] c4f878be-ba72-4c37-b22f-797610d7e5f8: 13 internal nodes; 0.9 s; peak memory 241 MiB.
2026-10-09T21:28:19Z INFO [115/1886] c4f89574-1607-4d17-9783-0a50241d6454: 27 internal nodes; 1.3 s; peak memory 241 MiB.
2026-10-09T21:28:20Z INFO [116/1886] c4f89e4d-f02f-4bd7-a9b9-cbd8573ff8e1: 17 internal nodes; 1.2 s; peak memory 241 MiB.
2026-10-09T21:28:28Z INFO [117/1886] c4f8f868-087d-4e0f-b6ad-e2e7f5ec478f: 185 internal nodes; 7.7 s; peak memory 241 MiB.
2026-10-09T21:28:29Z INFO [118/1886] c4f97ddc-d6d6-4107-b75b-a8676b89345d: 11 internal nodes; 0.8 s; peak memory 241 MiB.
2026-10-09T21:28:32Z INFO [119/1886] c4fadb7c-8ad3-404a-a1c3-930bfdd292d0: 29 internal nodes; 3.6 s; peak memory 241 MiB.
2026-10-09T21:28:34Z INFO [120/1886] c4fbc88d-4f87-4506-9def-7b566704200d: 56 internal nodes; 1.4 s; peak memory 241 MiB.
2026-10-09T21:28:35Z INFO [121/1886] c4fbd209-ce4a-492b-abd6-a06ab23ff921: 13 internal nodes; 0.9 s; peak memory 241 MiB.
2026-10-09T21:28:37Z INFO [122/1886] c4fc3f1c-af8a-4591-947b-32ee373794cc: 61 internal nodes; 2.1 s; peak memory 241 MiB.
2026-10-09T21:29:06Z INFO [123/1886] c4fe71cc-bb88-47de-903d-18fecafb696e: 2725 internal nodes; 28.8 s; peak memory 312 MiB.
2026-10-09T21:29:07Z INFO [124/1886] c4ffdaeb-3e4a-4439-adb6-e69c7195b21e: 18 internal nodes; 1.3 s; peak memory 312 MiB.
2026-10-09T21:29:08Z INFO [125/1886] c5016ea7-3938-4729-84b1-18a766a0c16f: 17 internal nodes; 1.1 s; peak memory 312 MiB.
2026-10-09T21:29:12Z INFO [126/1886] c502b01a-c3a1-4689-a694-97f63c8e759a: 26 internal nodes; 3.6 s; peak memory 312 MiB.
2026-10-09T21:29:13Z INFO [127/1886] c503242a-2ebc-4f54-8330-ebc8f5024dcf: 15 internal nodes; 1.2 s; peak memory 312 MiB.
2026-10-09T21:29:22Z INFO [128/1886] c5053a9d-42e5-495a-ae71-8ccc38ab06f2: 196 internal nodes; 9.1 s; peak memory 312 MiB.
2026-10-09T21:29:30Z INFO [129/1886] c50566e9-6b5b-4f98-aecd-4ae62a00dad6: 185 internal nodes; 8.3 s; peak memory 312 MiB.
2026-10-09T21:29:42Z INFO [130/1886] c506007c-0fc5-4494-b990-a488ab63dad9: 231 internal nodes; 12.1 s; peak memory 312 MiB.
2026-10-09T21:29:44Z INFO [131/1886] c506c0e3-01a8-4f54-ba72-a1edfd96cc5d: 18 internal nodes; 1.0 s; peak memory 312 MiB.
2026-10-09T21:29:45Z INFO [132/1886] c5076863-d885-4677-a088-5b803f39fef4: 27 internal nodes; 1.4 s; peak memory 312 MiB.
2026-10-09T21:29:46Z INFO [133/1886] c507fa83-5b43-471f-9b72-2ab9c0b807d8: 17 internal nodes; 1.2 s; peak memory 312 MiB.
2026-10-09T21:29:47Z INFO [134/1886] c508773c-a210-4625-86c3-1a36b0d499e3: 17 internal nodes; 1.0 s; peak memory 312 MiB.
2026-10-09T21:30:02Z INFO [135/1886] c508ed8d-f89e-428d-8e06-9aff3c33a82e: 282 internal nodes; 14.7 s; peak memory 312 MiB.
2026-10-09T21:30:03Z INFO [136/1886] c50ad6ea-ce50-4be3-9c14-f57a0cbe6198: 23 internal nodes; 1.6 s; peak memory 312 MiB.
2026-10-09T21:30:05Z INFO [137/1886] c50baa12-43e7-427f-9363-1cce98fc71c2: 28 internal nodes; 2.1 s; peak memory 312 MiB.
2026-10-09T21:30:07Z INFO [138/1886] c50bd564-dcb3-4aa4-a2f3-8a96d3295691: 31 internal nodes; 2.0 s; peak memory 312 MiB.
2026-10-09T21:30:09Z INFO [139/1886] c50c00da-14e0-4f21-aa91-4eec6350f6a6: 17 internal nodes; 1.1 s; peak memory 312 MiB.
2026-10-09T21:30:09Z INFO [140/1886] c50c227d-735a-4786-86c0-2d578a866f94: 27 internal nodes; 0.9 s; peak memory 312 MiB.
2026-10-09T21:30:11Z INFO [141/1886] c50c3db4-17fb-4054-98df-63aabc0a5ea7: 27 internal nodes; 1.4 s; peak memory 312 MiB.
2026-10-09T21:31:22Z INFO [142/1886] c50c6b05-75bc-4804-a568-5fcd3844c647: 59 internal nodes; 70.7 s; peak memory 312 MiB.
2026-10-09T21:31:24Z INFO [143/1886] c50cf12c-7c95-444c-88ad-f7b7f31da441: 30 internal nodes; 2.3 s; peak memory 312 MiB.
2026-10-09T21:31:27Z INFO [144/1886] c50d5d85-4850-4e2e-a327-46cfc7ad22ee: 31 internal nodes; 3.1 s; peak memory 312 MiB.
2026-10-09T21:31:28Z INFO [145/1886] c50e3388-18cc-48ce-8f03-eca8277d9658: 17 internal nodes; 1.2 s; peak memory 312 MiB.
2026-10-09T21:31:31Z INFO [146/1886] c50f1c6a-edb9-4da5-9b1d-5edf1f7466a1: 19 internal nodes; 2.9 s; peak memory 312 MiB.
2026-10-09T21:31:33Z INFO [147/1886] c510353e-9e79-472f-bbfc-17c4bc9d8f7c: 59 internal nodes; 2.1 s; peak memory 312 MiB.
2026-10-09T21:31:35Z INFO [148/1886] c5111a3a-dee7-439d-99e1-12413f89a0b0: 13 internal nodes; 1.5 s; peak memory 312 MiB.
2026-10-09T21:31:36Z INFO [149/1886] c511ebab-5381-43a1-bdbe-9a502c65180f: 69 internal nodes; 1.8 s; peak memory 312 MiB.
2026-10-09T21:31:40Z INFO [150/1886] c5121fae-2195-4dfb-accb-408705819364: 56 internal nodes; 3.3 s; peak memory 312 MiB.
2026-10-09T21:31:40Z INFO [150/1886] c5121fae-2195-4dfb-accb-408705819364: checkpointed 142084 new records.
2026-10-09T21:31:42Z INFO [151/1886] c5125570-3624-4bb1-9a0a-0bff83e590c2: 38 internal nodes; 1.8 s; peak memory 312 MiB.
2026-10-09T21:31:44Z INFO [152/1886] c5128b3e-aeb1-4dd2-914f-55cb47f72af8: 55 internal nodes; 1.6 s; peak memory 312 MiB.
2026-10-09T21:31:45Z INFO [153/1886] c512c4d8-6ef9-48a9-a368-8994ea07b0dd: 22 internal nodes; 1.4 s; peak memory 312 MiB.
2026-10-09T21:31:48Z INFO [154/1886] c5137765-a202-4cb9-8e55-b34b1176d8b7: 27 internal nodes; 2.5 s; peak memory 312 MiB.
2026-10-09T21:31:49Z INFO [155/1886] c51410e0-faba-436b-bb86-c1be5661bf9d: 13 internal nodes; 1.4 s; peak memory 312 MiB.
2026-10-09T21:31:50Z INFO [156/1886] c5156896-872c-467e-9265-52ba614bd59d: 19 internal nodes; 1.2 s; peak memory 312 MiB.
2026-10-09T21:31:51Z INFO [157/1886] c5159282-eecc-41a6-8e7e-e4b0b29ace3f: 11 internal nodes; 0.9 s; peak memory 312 MiB.
2026-10-09T21:31:52Z INFO [158/1886] c5159e48-1fc2-40b5-9b8f-f0f5a8c8c63a: 27 internal nodes; 1.2 s; peak memory 312 MiB.
2026-10-09T21:31:53Z INFO [159/1886] c515b3a3-5263-4979-a482-eea5239e2fe2: 13 internal nodes; 0.9 s; peak memory 312 MiB.
2026-10-09T21:31:54Z INFO [160/1886] c515ebba-992f-45be-a614-c85233e8f361: 18 internal nodes; 1.2 s; peak memory 312 MiB.
2026-10-09T21:31:56Z INFO [161/1886] c5165e36-8a6d-450e-b368-e14259441457: 63 internal nodes; 1.5 s; peak memory 312 MiB.
2026-10-09T21:31:58Z INFO [162/1886] c516a60e-5a28-43e9-828f-6b98dc6ea35b: 44 internal nodes; 2.5 s; peak memory 312 MiB.
2026-10-09T21:32:01Z INFO [163/1886] c5185a6c-4af5-477d-9ade-689fa8dce077: 29 internal nodes; 2.9 s; peak memory 312 MiB.
2026-10-09T21:32:03Z INFO [164/1886] c518fa07-7230-43e1-af3d-c37e47ba9a66: 27 internal nodes; 1.4 s; peak memory 312 MiB.
2026-10-09T21:32:09Z INFO [165/1886] c51a054c-c6ff-42d0-9bb7-e1396a84ab88: 155 internal nodes; 5.9 s; peak memory 312 MiB.
2026-10-09T21:32:12Z INFO [166/1886] c51a7177-e288-4495-ba09-1c0ce8b583a4: 62 internal nodes; 3.1 s; peak memory 312 MiB.
2026-10-09T21:32:13Z INFO [167/1886] c51a74f4-b5b9-4945-aeb6-86f3a5a4a069: 17 internal nodes; 1.1 s; peak memory 312 MiB.
2026-10-09T21:32:15Z INFO [168/1886] c51c94e0-4b24-4667-b436-244bc4a504f2: 27 internal nodes; 2.3 s; peak memory 312 MiB.
2026-10-09T21:32:18Z INFO [169/1886] c51d29db-b09b-4d4e-a8fa-ea24e80808a7: 42 internal nodes; 2.8 s; peak memory 312 MiB.
2026-10-09T21:32:21Z INFO [170/1886] c51dc6af-4b24-48db-a3ec-1d1957d877ac: 42 internal nodes; 3.1 s; peak memory 312 MiB.
2026-10-09T21:32:23Z INFO [171/1886] c51e9121-892e-4744-9598-2292fcc38851: 67 internal nodes; 1.9 s; peak memory 312 MiB.
2026-10-09T21:32:24Z INFO [172/1886] c51ece84-1002-4e1e-a321-26909f0584a3: 17 internal nodes; 1.2 s; peak memory 312 MiB.
2026-10-09T21:32:26Z INFO [173/1886] c51fed3e-e64d-422b-9448-44a4b60ae45c: 17 internal nodes; 2.2 s; peak memory 312 MiB.
2026-10-09T21:32:30Z INFO [174/1886] c5200672-1fdc-4550-a063-0f589c82678e: 41 internal nodes; 3.7 s; peak memory 312 MiB.
2026-10-09T21:32:37Z INFO [175/1886] c52088ec-6dcb-4fa6-904b-1af33fec5290: 151 internal nodes; 6.7 s; peak memory 312 MiB.
2026-10-09T21:32:40Z INFO [176/1886] c52162b2-2cf5-4581-ae49-fcf2cd750236: 44 internal nodes; 3.1 s; peak memory 312 MiB.
2026-10-09T21:32:41Z INFO [177/1886] c5217a8e-a9e0-4048-9283-2f9b91b69335: 27 internal nodes; 1.2 s; peak memory 312 MiB.
2026-10-09T21:33:09Z INFO [178/1886] c521b58e-e470-4cdb-abb5-4edfaf4357c2: 3376 internal nodes; 28.2 s; peak memory 312 MiB.
2026-10-09T21:33:11Z INFO [179/1886] c5221bc2-371a-463d-9f53-78a74a977027: 39 internal nodes; 1.9 s; peak memory 312 MiB.
2026-10-09T21:33:13Z INFO [180/1886] c5222739-a88c-414f-91fd-bd9ded2b9e27: 31 internal nodes; 1.8 s; peak memory 312 MiB.
2026-10-09T21:33:18Z INFO [181/1886] c522bcf0-9e66-4207-97bc-f74e1e195d68: 113 internal nodes; 5.6 s; peak memory 312 MiB.
2026-10-09T21:33:20Z INFO [182/1886] c522c042-d9f7-48ff-ac8d-5e0c2e03c289: 17 internal nodes; 1.2 s; peak memory 312 MiB.
2026-10-09T21:33:21Z INFO [183/1886] c5237af7-f028-4ecb-898b-3df9f30ccb82: 19 internal nodes; 1.3 s; peak memory 312 MiB.
2026-10-09T21:33:22Z INFO [184/1886] c523d768-c912-4d21-b977-c2d8973a1146: 31 internal nodes; 1.6 s; peak memory 312 MiB.
2026-10-09T21:33:28Z INFO [185/1886] c5255f71-5522-40f6-a9e5-bcdedafc8425: 73 internal nodes; 6.0 s; peak memory 312 MiB.
2026-10-09T21:33:30Z INFO [186/1886] c5266e5f-ef65-4657-a323-561a991dc293: 17 internal nodes; 1.2 s; peak memory 312 MiB.
2026-10-09T21:33:37Z INFO [187/1886] c52673a8-0711-4e3e-9750-ec5f40cfbd24: 61 internal nodes; 7.5 s; peak memory 312 MiB.
2026-10-09T21:33:39Z INFO [188/1886] c5267ea4-8d2b-449c-aff2-a164b3b34b62: 55 internal nodes; 1.8 s; peak memory 312 MiB.
2026-10-09T21:33:40Z INFO [189/1886] c5284a79-d370-4c99-9b6e-bdd24bd98d8e: 17 internal nodes; 1.3 s; peak memory 312 MiB.
2026-10-09T21:33:42Z INFO [190/1886] c52870ec-1327-44ef-a192-0d92bebe72bf: 61 internal nodes; 1.9 s; peak memory 312 MiB.
2026-10-09T21:36:15Z INFO [191/1886] c528d88a-33c7-4c87-9ef1-7e1c15bca4af: 2944 internal nodes; 153.3 s; peak memory 443 MiB.
2026-10-09T21:36:17Z INFO [192/1886] c52970ce-212f-463b-bf4f-af0da19f1f54: 19 internal nodes; 1.3 s; peak memory 443 MiB.
2026-10-09T21:36:17Z INFO [193/1886] c52a01b2-b9b2-4218-9d13-b673e62d4e58: 11 internal nodes; 0.8 s; peak memory 443 MiB.
2026-10-09T21:36:21Z INFO [194/1886] c52a49a7-3b82-4a42-b4b2-d1aacd0dd914: 50 internal nodes; 3.2 s; peak memory 443 MiB.
2026-10-09T21:36:21Z INFO [195/1886] c52a4a8d-594d-44ac-b25d-d16385369db6: 11 internal nodes; 0.8 s; peak memory 443 MiB.
2026-10-09T21:36:34Z INFO [196/1886] c52a4d89-f1af-47bd-acd2-425e9500ab8c: 214 internal nodes; 12.6 s; peak memory 443 MiB.
2026-10-09T21:36:36Z INFO [197/1886] c52afba8-9d20-4b72-b5ea-10ecb9161f57: 31 internal nodes; 2.1 s; peak memory 443 MiB.
2026-10-09T21:36:37Z INFO [198/1886] c52b6ac0-986b-41b2-a95b-a7b34c841749: 27 internal nodes; 1.3 s; peak memory 443 MiB.
2026-10-09T21:36:39Z INFO [199/1886] c52ce840-26ac-442c-b786-83386d9ef3cb: 28 internal nodes; 1.3 s; peak memory 443 MiB.
2026-10-09T21:36:40Z INFO [200/1886] c52ed1ba-a937-4d8a-a03d-c9b472131c7e: 27 internal nodes; 1.3 s; peak memory 443 MiB.
2026-10-09T21:36:41Z INFO [200/1886] c52ed1ba-a937-4d8a-a03d-c9b472131c7e: checkpointed 142134 new records.
2026-10-09T21:36:47Z INFO [201/1886] c52f48fb-d43d-467f-8e4c-efa4f94a4cc1: 73 internal nodes; 6.0 s; peak memory 443 MiB.
2026-10-09T21:36:58Z INFO [202/1886] c530197d-52da-4da0-be5d-93c1aee1841d: 339 internal nodes; 11.5 s; peak memory 443 MiB.
2026-10-09T21:36:59Z INFO [203/1886] c53136a2-8186-40f5-971b-d9b0d55ca63b: 19 internal nodes; 1.0 s; peak memory 443 MiB.
2026-10-09T21:37:00Z INFO [204/1886] c53187f7-3ffd-4dc2-bb8a-7ccc2d4e7f51: 13 internal nodes; 0.7 s; peak memory 443 MiB.
2026-10-09T21:37:09Z INFO [205/1886] c53222fd-b040-45e8-a8c5-2bdfa2da8ed5: 190 internal nodes; 9.2 s; peak memory 443 MiB.
2026-10-09T21:37:11Z INFO [206/1886] c5326783-a447-431c-a829-e6fcdb45baa3: 31 internal nodes; 1.8 s; peak memory 443 MiB.
2026-10-09T21:37:12Z INFO [207/1886] c533410d-1cb5-4047-be96-cfc3a35c558b: 11 internal nodes; 0.8 s; peak memory 443 MiB.
2026-10-09T21:37:14Z INFO [208/1886] c533db85-772e-410f-8be7-e72e58ef67b5: 27 internal nodes; 2.0 s; peak memory 443 MiB.
2026-10-09T21:37:15Z INFO [209/1886] c533f446-2be3-4547-b27f-405f59ac5939: 27 internal nodes; 1.3 s; peak memory 443 MiB.
2026-10-09T21:37:16Z INFO [210/1886] c5342781-35df-4918-8380-cc0fb2f7626f: 17 internal nodes; 1.2 s; peak memory 443 MiB.
2026-10-09T21:37:18Z INFO [211/1886] c534a657-14a8-4ec1-8ae9-d319add64e64: 61 internal nodes; 1.6 s; peak memory 443 MiB.
2026-10-09T21:37:19Z INFO [212/1886] c534e9dd-8fd3-4256-b0fa-b9c80da6d1a4: 26 internal nodes; 0.8 s; peak memory 443 MiB.
2026-10-09T21:37:24Z INFO [213/1886] c536aae3-d1c2-4a8d-aa1e-43deb73ec763: 52 internal nodes; 5.7 s; peak memory 443 MiB.
2026-10-09T21:37:26Z INFO [214/1886] c5375fbc-9686-42a8-800f-f175e966e7c6: 27 internal nodes; 1.4 s; peak memory 443 MiB.
2026-10-09T21:37:28Z INFO [215/1886] c5375fbd-31ec-469a-b844-bb30cbe84c75: 23 internal nodes; 2.3 s; peak memory 443 MiB.
2026-10-09T21:37:29Z INFO [216/1886] c537cf9b-51b0-4eec-874c-f18b001e9391: 17 internal nodes; 1.2 s; peak memory 443 MiB.
2026-10-09T21:37:30Z INFO [217/1886] c537d601-5ab3-426e-8000-65cb4b9d563d: 23 internal nodes; 1.2 s; peak memory 443 MiB.
2026-10-09T21:37:33Z INFO [218/1886] c5396675-7b97-4236-9581-132d5fa6dfd9: 66 internal nodes; 2.3 s; peak memory 443 MiB.
2026-10-09T21:37:41Z INFO [219/1886] c53a0d4d-9517-44f3-a2ea-5f7705472de5: 177 internal nodes; 8.1 s; peak memory 443 MiB.
2026-10-09T21:37:42Z INFO [220/1886] c53a102e-f3ec-48b5-a6c0-6ba4746bcf82: 17 internal nodes; 1.2 s; peak memory 443 MiB.
2026-10-09T21:37:44Z INFO [221/1886] c53a16e4-5c60-4e44-8dda-74703a57c040: 72 internal nodes; 2.2 s; peak memory 443 MiB.
2026-10-09T21:37:45Z INFO [222/1886] c53b7363-9887-4578-891e-6d5191b092bf: 11 internal nodes; 0.8 s; peak memory 443 MiB.
2026-10-09T21:37:46Z INFO [223/1886] c53b974e-38cd-410c-bc99-36a22ef4a6c6: 31 internal nodes; 1.4 s; peak memory 443 MiB.
2026-10-09T21:37:48Z INFO [224/1886] c53d362b-7549-4436-ab5d-c3f55d94edc6: 27 internal nodes; 1.3 s; peak memory 443 MiB.
2026-10-09T21:37:51Z INFO [225/1886] c53d5ec9-8221-4970-af20-533e4b1052e3: 44 internal nodes; 3.3 s; peak memory 443 MiB.
2026-10-09T21:37:53Z INFO [226/1886] c53e7aae-7f40-47f5-bebe-dfc2475e7b28: 90 internal nodes; 1.6 s; peak memory 443 MiB.
2026-10-09T21:38:00Z INFO [227/1886] c53e944f-572c-4f0f-990b-4691904b6a82: 151 internal nodes; 7.6 s; peak memory 443 MiB.
2026-10-09T21:38:02Z INFO [228/1886] c53ed9f8-8245-4307-ba27-b3885c60414e: 33 internal nodes; 2.0 s; peak memory 443 MiB.
2026-10-09T21:38:04Z INFO [229/1886] c53f43ba-6e43-47f6-9f8c-3775ddc11272: 63 internal nodes; 2.3 s; peak memory 443 MiB.
2026-10-09T21:38:12Z INFO [230/1886] c53fe55a-0841-4965-9ab2-d1e3b11c41e7: 59 internal nodes; 8.0 s; peak memory 443 MiB.
2026-10-09T21:38:14Z INFO [231/1886] c53fe7d6-46a3-4a46-82f1-c83363103866: 19 internal nodes; 1.1 s; peak memory 443 MiB.
2026-10-09T21:38:19Z INFO [232/1886] c541316d-30d4-4b57-a061-d53bf78942fb: 177 internal nodes; 5.7 s; peak memory 443 MiB.
2026-10-09T21:38:21Z INFO [233/1886] c5413609-dc33-4f44-8772-cd2ab969df83: 36 internal nodes; 1.8 s; peak memory 443 MiB.
2026-10-09T21:38:23Z INFO [234/1886] c542b766-5304-43ff-9c55-ef88f5a3b320: 90 internal nodes; 1.4 s; peak memory 443 MiB.
2026-10-09T21:38:30Z INFO [235/1886] c542dafe-f9fd-4962-babf-4d67e96f557f: 177 internal nodes; 7.5 s; peak memory 443 MiB.
2026-10-09T21:38:31Z INFO [236/1886] c5434817-7791-4e84-9883-a85dfb785ffc: 27 internal nodes; 1.3 s; peak memory 443 MiB.
2026-10-09T21:38:33Z INFO [237/1886] c543dbd4-6734-4346-bde7-9d6989a2f9f2: 31 internal nodes; 1.6 s; peak memory 443 MiB.
2026-10-09T21:38:34Z INFO [238/1886] c545c8e5-2fff-477a-8de0-37c0e2a9b640: 31 internal nodes; 1.4 s; peak memory 443 MiB.
2026-10-09T21:38:41Z INFO [239/1886] c545d036-8911-4c01-958d-194df5d75bae: 109 internal nodes; 6.5 s; peak memory 443 MiB.
2026-10-09T21:38:42Z INFO [240/1886] c546158d-909d-4c17-810a-5f1752f0bc88: 17 internal nodes; 1.3 s; peak memory 443 MiB.
2026-10-09T21:38:46Z INFO [241/1886] c5473d8a-bd10-40f0-afa8-328dfc362149: 46 internal nodes; 3.9 s; peak memory 443 MiB.
2026-10-09T21:38:54Z INFO [242/1886] c5475f4c-e032-482f-aab3-6a63c40c8b33: 56 internal nodes; 7.7 s; peak memory 443 MiB.
2026-10-09T21:39:08Z INFO [243/1886] c5485429-1760-4dc1-b4bc-89a0574c6a68: 267 internal nodes; 14.5 s; peak memory 443 MiB.
2026-10-09T21:39:10Z INFO [244/1886] c548d45e-78be-452c-8f4d-566963479d0f: 28 internal nodes; 2.0 s; peak memory 443 MiB.
2026-10-09T21:39:12Z INFO [245/1886] c548e662-269e-4b5c-a083-c07e93104288: 31 internal nodes; 1.9 s; peak memory 443 MiB.
2026-10-09T21:39:14Z INFO [246/1886] c54a3b4e-2b61-4a14-81f2-4ceae099ff2c: 83 internal nodes; 2.0 s; peak memory 443 MiB.
2026-10-09T21:39:15Z INFO [247/1886] c54a68f3-8c4a-4041-b643-ec29f4d7bbbd: 17 internal nodes; 1.2 s; peak memory 443 MiB.
2026-10-09T21:39:17Z INFO [248/1886] c54aa6a2-7ce3-4947-9685-9abd395c94d8: 23 internal nodes; 1.4 s; peak memory 443 MiB.
2026-10-09T21:39:18Z INFO [249/1886] c54b6d23-8293-4658-b711-0020386a09ec: 23 internal nodes; 1.1 s; peak memory 443 MiB.
2026-10-09T21:39:19Z INFO [250/1886] c54b9783-eed1-491e-816a-2ae118f96cc2: 17 internal nodes; 1.1 s; peak memory 443 MiB.
2026-10-09T21:39:19Z INFO [250/1886] c54b9783-eed1-491e-816a-2ae118f96cc2: checkpointed 142184 new records.
2026-10-09T21:39:22Z INFO [251/1886] c54c1a2f-0b7b-4310-8236-f360041aafef: 66 internal nodes; 2.2 s; peak memory 443 MiB.
2026-10-09T21:39:22Z INFO [252/1886] c54d40bd-f6a4-4a12-950b-c47882a95b3d: 13 internal nodes; 0.8 s; peak memory 443 MiB.
2026-10-09T21:39:24Z INFO [253/1886] c54da459-aeb7-41a3-ab77-208171878582: 13 internal nodes; 1.4 s; peak memory 443 MiB.
2026-10-09T21:39:25Z INFO [254/1886] c54de1c3-779e-4bf4-bf6a-99810af0fd01: 11 internal nodes; 0.9 s; peak memory 443 MiB.
2026-10-09T21:39:28Z INFO [255/1886] c54e6aca-019f-4d26-ab24-1021b3801ee6: 40 internal nodes; 3.5 s; peak memory 443 MiB.
2026-10-09T21:39:29Z INFO [256/1886] c54f0c63-873b-47fc-9079-363dc2797b49: 19 internal nodes; 1.2 s; peak memory 443 MiB.
2026-10-09T21:39:31Z INFO [257/1886] c54fbb87-d2bb-4f94-8ff5-be36f1df7837: 15 internal nodes; 1.2 s; peak memory 443 MiB.
2026-10-09T21:39:32Z INFO [258/1886] c54fd670-3d16-456e-acb4-a484b9ddf76b: 29 internal nodes; 1.3 s; peak memory 443 MiB.
2026-10-09T21:39:33Z INFO [259/1886] c54fd7fd-2b8d-49b0-9e56-9d469a29913d: 17 internal nodes; 1.2 s; peak memory 443 MiB.
2026-10-09T21:39:34Z INFO [260/1886] c5500aa7-6931-4270-ac88-9c396675ca64: 19 internal nodes; 1.3 s; peak memory 443 MiB.
2026-10-09T21:39:35Z INFO [261/1886] c550f97d-43e6-4a0a-b411-3eb4f3aaf249: 17 internal nodes; 1.1 s; peak memory 443 MiB.
2026-10-09T21:39:37Z INFO [262/1886] c552ddd7-163d-4cb9-96cb-29efff212175: 17 internal nodes; 1.2 s; peak memory 443 MiB.
2026-10-09T21:39:38Z INFO [263/1886] c5534fe0-2fe6-42d9-a184-1e3b91633d7b: 19 internal nodes; 1.4 s; peak memory 443 MiB.
2026-10-09T21:39:42Z INFO [264/1886] c554826f-7638-4667-9b48-eb174d322573: 44 internal nodes; 3.5 s; peak memory 443 MiB.
2026-10-09T21:39:43Z INFO [265/1886] c5552e46-6b1d-4e20-9cb1-cf744564804e: 115 internal nodes; 1.4 s; peak memory 443 MiB.
2026-10-09T21:39:45Z INFO [266/1886] c555b4a0-a500-4d4b-872f-de8b434b5514: 18 internal nodes; 1.8 s; peak memory 443 MiB.
2026-10-09T21:39:46Z INFO [267/1886] c555bd40-3b13-4648-8312-7dd1473bd3ca: 27 internal nodes; 1.4 s; peak memory 443 MiB.
2026-10-09T21:39:52Z INFO [268/1886] c55606e2-afae-4585-90bb-965c15d85b26: 73 internal nodes; 5.5 s; peak memory 443 MiB.
2026-10-09T21:39:56Z INFO [269/1886] c5561642-6c0d-4421-80e7-15565e2e5bdd: 52 internal nodes; 3.7 s; peak memory 443 MiB.
2026-10-09T21:39:57Z INFO [270/1886] c556280b-3a7a-405d-bc89-ba5b44c19a83: 31 internal nodes; 1.6 s; peak memory 443 MiB.
2026-10-09T21:39:59Z INFO [271/1886] c5564727-f1a4-42fa-82c0-f05783c4925b: 37 internal nodes; 1.7 s; peak memory 443 MiB.
2026-10-09T21:40:01Z INFO [272/1886] c556acc7-9807-4eaa-b5c6-e649ea4da096: 51 internal nodes; 2.6 s; peak memory 443 MiB.
2026-10-09T21:40:03Z INFO [273/1886] c5583f30-fd03-4862-b6c9-22be17595cde: 11 internal nodes; 1.4 s; peak memory 443 MiB.
2026-10-09T21:40:04Z INFO [274/1886] c558f568-07df-47cc-bc7b-89803457618c: 54 internal nodes; 1.6 s; peak memory 443 MiB.
2026-10-09T21:40:06Z INFO [275/1886] c559801e-498c-4a89-bdc0-6ed59ff401b3: 61 internal nodes; 1.9 s; peak memory 443 MiB.
2026-10-09T21:40:08Z INFO [276/1886] c559e84f-5b2b-41e6-8b4f-7ba4e27d3721: 38 internal nodes; 1.9 s; peak memory 443 MiB.
2026-10-09T21:40:10Z INFO [277/1886] c55a22e9-5207-43ee-800e-3eb2b84191c5: 30 internal nodes; 1.9 s; peak memory 443 MiB.
2026-10-09T21:40:12Z INFO [278/1886] c55af525-af49-4b06-9648-9c8c542747ea: 27 internal nodes; 1.6 s; peak memory 443 MiB.
2026-10-09T21:40:13Z INFO [279/1886] c55af8fe-88a7-4227-9628-239e20b0de59: 19 internal nodes; 1.5 s; peak memory 443 MiB.
2026-10-09T21:40:14Z INFO [280/1886] c55b7573-e1fb-4ac8-98c9-ef76d5ab1369: 17 internal nodes; 1.1 s; peak memory 443 MiB.
2026-10-09T21:40:24Z INFO [281/1886] c55d4df7-e6d9-4909-b672-71cc984231b2: 65 internal nodes; 9.8 s; peak memory 443 MiB.
2026-10-09T21:40:25Z INFO [282/1886] c55f7b19-6185-4b79-aaff-9aedaef769c9: 17 internal nodes; 1.3 s; peak memory 443 MiB.
2026-10-09T21:40:26Z INFO [283/1886] c55fb9cc-178a-4979-a066-897122081d7b: 11 internal nodes; 0.8 s; peak memory 443 MiB.
2026-10-09T21:40:28Z INFO [284/1886] c5605376-7890-4c80-aca3-f9d5a56dd8d4: 27 internal nodes; 1.5 s; peak memory 443 MiB.
2026-10-09T21:40:29Z INFO [285/1886] c560cd7a-cabf-4a3e-b4da-c7059202dbef: 18 internal nodes; 1.0 s; peak memory 443 MiB.
2026-10-09T21:40:30Z INFO [286/1886] c56143ee-5ad1-4fef-9047-bdaf4c7c3eca: 27 internal nodes; 1.7 s; peak memory 443 MiB.
2026-10-09T21:40:31Z INFO [287/1886] c561b0cc-48e9-4c42-9668-6bf39b74129b: 17 internal nodes; 1.1 s; peak memory 443 MiB.
2026-10-09T21:40:33Z INFO [288/1886] c561b28d-db8b-41ee-8342-7687d59cc5fe: 17 internal nodes; 1.1 s; peak memory 443 MiB.
2026-10-09T21:40:33Z INFO [289/1886] c562dc39-6d27-4d73-81ce-1724f3266292: 11 internal nodes; 0.8 s; peak memory 443 MiB.
2026-10-09T21:40:35Z INFO [290/1886] c56313b2-65a7-433f-a938-7dae0e1601c0: 13 internal nodes; 1.2 s; peak memory 443 MiB.
2026-10-09T21:40:36Z INFO [291/1886] c563b387-500d-48b6-909a-8e7de6e6576e: 31 internal nodes; 1.7 s; peak memory 443 MiB.
2026-10-09T21:40:51Z INFO [292/1886] c56428f2-3ea8-432b-ba3f-dce51eb77c1c: 279 internal nodes; 15.2 s; peak memory 443 MiB.
2026-10-09T21:40:59Z INFO [293/1886] c564808b-33a4-460b-badb-33e3804cacd1: 61 internal nodes; 7.5 s; peak memory 443 MiB.
2026-10-09T21:41:01Z INFO [294/1886] c565f83b-6b4d-4c9c-8347-ac5cb1015ffe: 53 internal nodes; 1.8 s; peak memory 443 MiB.
2026-10-09T21:41:02Z INFO [295/1886] c5662219-cab3-45e0-8fa1-29397a85f18c: 27 internal nodes; 1.7 s; peak memory 443 MiB.
2026-10-09T21:41:04Z INFO [296/1886] c566296c-7164-4cab-9efe-474e3285189d: 18 internal nodes; 1.6 s; peak memory 443 MiB.
2026-10-09T21:41:05Z INFO [297/1886] c5662df4-41c6-4e55-98ab-53f8d54addea: 19 internal nodes; 1.2 s; peak memory 443 MiB.
2026-10-09T21:41:15Z INFO [298/1886] c566a71b-3116-4ede-a0cb-5a61aee86d5c: 266 internal nodes; 10.1 s; peak memory 443 MiB.
2026-10-09T21:41:17Z INFO [299/1886] c5680ade-9bbb-40fe-a472-d17e5ddc40cd: 29 internal nodes; 2.0 s; peak memory 443 MiB.
2026-10-09T21:41:19Z INFO [300/1886] c56916db-e217-4aad-9efc-7b926ef165cf: 90 internal nodes; 1.4 s; peak memory 443 MiB.
2026-10-09T21:41:19Z INFO [300/1886] c56916db-e217-4aad-9efc-7b926ef165cf: checkpointed 142234 new records.
2026-10-09T21:41:20Z INFO [301/1886] c569174c-7ff0-4754-8986-4dbe5470e61d: 19 internal nodes; 1.2 s; peak memory 443 MiB.
2026-10-09T21:41:35Z INFO [302/1886] c569a9eb-b218-48de-a9fe-25a9987e9b26: 141 internal nodes; 14.9 s; peak memory 443 MiB.
2026-10-09T21:41:39Z INFO [303/1886] c569f6ac-0a8c-40eb-9dfe-23d5b027572d: 39 internal nodes; 3.3 s; peak memory 443 MiB.
2026-10-09T21:41:40Z INFO [304/1886] c56a9cf7-8468-46cf-84c8-0497c47371f7: 11 internal nodes; 1.0 s; peak memory 443 MiB.
2026-10-09T21:41:41Z INFO [305/1886] c56adf15-0b36-4758-a0ee-65fd43e85166: 95 internal nodes; 1.9 s; peak memory 443 MiB.
2026-10-09T21:41:53Z INFO [306/1886] c56b8d9f-c2d9-4bdd-aa24-b3ed5c770e7a: 114 internal nodes; 11.4 s; peak memory 443 MiB.
2026-10-09T21:41:54Z INFO [307/1886] c56bdc1f-fbd6-4652-9b4c-3f55e6ddb420: 17 internal nodes; 1.1 s; peak memory 443 MiB.
2026-10-09T21:41:55Z INFO [308/1886] c56bf3ac-ad56-4e5c-8667-8152728da55d: 27 internal nodes; 1.3 s; peak memory 443 MiB.
2026-10-09T21:41:57Z INFO [309/1886] c56c6b19-a50d-4d2d-97bc-f92b9326d9a2: 27 internal nodes; 1.3 s; peak memory 443 MiB.
2026-10-09T21:41:58Z INFO [310/1886] c56c7786-8304-4893-ba54-54b883964263: 27 internal nodes; 1.4 s; peak memory 443 MiB.
2026-10-09T21:42:06Z INFO [311/1886] c56c879e-2a94-47d6-8a77-e4579508c78c: 177 internal nodes; 7.7 s; peak memory 443 MiB.
2026-10-09T21:42:18Z INFO [312/1886] c56d5a39-49fa-4a85-8f59-d771a4475f94: 213 internal nodes; 12.2 s; peak memory 443 MiB.
2026-10-09T21:42:19Z INFO [313/1886] c56deef7-c244-4ce3-9d49-18d29b6d3d9e: 17 internal nodes; 1.1 s; peak memory 443 MiB.
2026-10-09T21:42:21Z INFO [314/1886] c56e066f-91fe-4298-a9f3-c52995315c57: 26 internal nodes; 1.9 s; peak memory 443 MiB.
2026-10-09T21:42:24Z INFO [315/1886] c56e95f6-7671-44ac-b56d-4cb210050c12: 44 internal nodes; 2.9 s; peak memory 443 MiB.
2026-10-09T21:42:25Z INFO [316/1886] c56edf90-b920-460f-b897-59a46ec21ab1: 17 internal nodes; 1.2 s; peak memory 443 MiB.
2026-10-09T21:42:26Z INFO [317/1886] c56ef2e9-cd98-4919-a503-542815689fe7: 17 internal nodes; 1.3 s; peak memory 443 MiB.
2026-10-09T21:42:28Z INFO [318/1886] c56f9e31-a294-4b3a-a6b3-627ac22c2a2d: 31 internal nodes; 1.6 s; peak memory 443 MiB.
2026-10-09T21:42:30Z INFO [319/1886] c56fc95c-d341-4560-84c1-965863e92d2f: 45 internal nodes; 2.5 s; peak memory 443 MiB.
2026-10-09T21:42:33Z INFO [320/1886] c5705e50-632f-4bed-ae2c-33531ff2e3bd: 39 internal nodes; 3.0 s; peak memory 443 MiB.
2026-10-09T21:42:35Z INFO [321/1886] c5706c40-2323-4b6d-b54e-8ff7b789e871: 19 internal nodes; 1.3 s; peak memory 443 MiB.
2026-10-09T21:42:43Z INFO [322/1886] c5708a43-d5e8-476b-a0cc-ba35307eac17: 47 internal nodes; 8.6 s; peak memory 443 MiB.
2026-10-09T21:44:06Z INFO [323/1886] c570a0e6-ef31-472e-bb4c-34eeb2b369a3: 247 internal nodes; 83.0 s; peak memory 443 MiB.
2026-10-09T21:44:08Z INFO [324/1886] c5712fa3-59a1-4c0f-838b-08d3d5dd4ac2: 115 internal nodes; 1.3 s; peak memory 443 MiB.
2026-10-09T21:44:15Z INFO [325/1886] c5716bd1-984d-4c70-8666-2cf55a7482b3: 73 internal nodes; 7.0 s; peak memory 443 MiB.
2026-10-09T21:44:16Z INFO [326/1886] c571906f-b7cd-4fbd-8a73-ae52ad18b1f4: 41 internal nodes; 1.6 s; peak memory 443 MiB.
2026-10-09T21:44:18Z INFO [327/1886] c571cc0d-7279-4190-b979-997b655bb963: 26 internal nodes; 2.2 s; peak memory 443 MiB.
2026-10-09T21:44:20Z INFO [328/1886] c572b9d3-60aa-41ed-ba25-8595cee35a06: 27 internal nodes; 1.5 s; peak memory 443 MiB.
2026-10-09T21:44:21Z INFO [329/1886] c572ce0d-89d6-44a0-a569-e83fb02909e2: 90 internal nodes; 1.3 s; peak memory 443 MiB.
2026-10-09T21:44:22Z INFO [330/1886] c57306e5-96fd-4812-aa66-06b954202031: 17 internal nodes; 1.1 s; peak memory 443 MiB.
2026-10-09T21:44:32Z INFO [331/1886] c573b4a3-ff86-4d52-b257-2d7a384a0347: 303 internal nodes; 9.6 s; peak memory 443 MiB.
2026-10-09T21:44:33Z INFO [332/1886] c574583a-09ae-473a-a25f-451420b99fef: 17 internal nodes; 1.2 s; peak memory 443 MiB.
2026-10-09T21:44:35Z INFO [333/1886] c5749832-4223-4693-b842-239d0442144d: 31 internal nodes; 1.8 s; peak memory 443 MiB.
2026-10-09T21:44:36Z INFO [334/1886] c575bf7d-39ab-48f5-b875-961761a7e558: 11 internal nodes; 0.8 s; peak memory 443 MiB.
2026-10-09T21:44:38Z INFO [335/1886] c5760171-1de1-4882-98ea-1f6455a411db: 21 internal nodes; 2.3 s; peak memory 443 MiB.
2026-10-09T21:44:40Z INFO [336/1886] c576cedb-7042-4a3f-a81d-eec4b602126f: 31 internal nodes; 1.6 s; peak memory 443 MiB.
2026-10-09T21:44:55Z INFO [337/1886] c576e406-81b7-4106-bb08-08ec8b486f2e: 126 internal nodes; 15.0 s; peak memory 443 MiB.
2026-10-09T21:44:56Z INFO [338/1886] c5771b05-6a48-4732-ab07-d913a878f5c9: 25 internal nodes; 1.0 s; peak memory 443 MiB.
2026-10-09T21:44:57Z INFO [339/1886] c577b070-82a2-48c2-bdd2-cecce158d65a: 17 internal nodes; 1.1 s; peak memory 443 MiB.
2026-10-09T21:45:00Z INFO [340/1886] c577d2b8-c308-4ad2-805b-6b251a360c27: 41 internal nodes; 3.0 s; peak memory 443 MiB.
2026-10-09T21:45:01Z INFO [341/1886] c579303f-820e-41eb-9756-b3cc05531d2b: 17 internal nodes; 1.1 s; peak memory 443 MiB.
2026-10-09T21:45:03Z INFO [342/1886] c5793404-283c-42c7-ab72-3b324ebeea41: 31 internal nodes; 1.8 s; peak memory 443 MiB.
2026-10-09T21:45:09Z INFO [343/1886] c579a8c4-3b46-4eb9-8acb-97484408e99c: 138 internal nodes; 6.2 s; peak memory 443 MiB.
2026-10-09T21:45:10Z INFO [344/1886] c57a2337-aa6c-4a76-8c12-f50461449349: 17 internal nodes; 1.2 s; peak memory 443 MiB.
2026-10-09T21:45:14Z INFO [345/1886] c57a2e79-85f5-4716-995e-cf7817a5ebfb: 46 internal nodes; 3.5 s; peak memory 443 MiB.
2026-10-09T21:45:15Z INFO [346/1886] c57a40b3-1e49-41f4-9ade-285f6d41954c: 37 internal nodes; 1.7 s; peak memory 443 MiB.
2026-10-09T21:45:17Z INFO [347/1886] c57a9944-fc53-4d9a-8c9c-866683234680: 67 internal nodes; 2.1 s; peak memory 443 MiB.
2026-10-09T21:45:19Z INFO [348/1886] c57b9b03-4bfc-4b59-b1c0-e6a305763099: 24 internal nodes; 1.2 s; peak memory 443 MiB.
2026-10-09T21:45:20Z INFO [349/1886] c57ba062-6f5b-4bad-b920-e7846dd9463b: 19 internal nodes; 1.3 s; peak memory 443 MiB.
2026-10-09T21:45:21Z INFO [350/1886] c57baeb3-4f45-42ff-80b9-25b0c4b5c91b: 53 internal nodes; 1.3 s; peak memory 443 MiB.
2026-10-09T21:45:22Z INFO [350/1886] c57baeb3-4f45-42ff-80b9-25b0c4b5c91b: checkpointed 142284 new records.
2026-10-09T21:45:23Z INFO [351/1886] c57c306d-3da5-498d-ab8d-a4339b77db1a: 31 internal nodes; 1.5 s; peak memory 443 MiB.
2026-10-09T21:45:24Z INFO [352/1886] c57c83dc-2553-46f4-83de-48c8d908cba6: 27 internal nodes; 1.3 s; peak memory 443 MiB.
2026-10-09T21:45:26Z INFO [353/1886] c57d1c61-56e5-4614-921e-cbeec9bc6e29: 17 internal nodes; 1.1 s; peak memory 443 MiB.
2026-10-09T21:45:37Z INFO [354/1886] c57d986f-dfe9-40da-81cc-de2c4f2e4a76: 68 internal nodes; 11.8 s; peak memory 443 MiB.
2026-10-09T21:45:42Z INFO [355/1886] c57f60f4-774d-4d98-b5b3-99212c1dff54: 57 internal nodes; 5.0 s; peak memory 443 MiB.
2026-10-09T21:45:50Z INFO [356/1886] c57f63f8-c038-4dcd-8277-ce3ecc56282a: 156 internal nodes; 7.4 s; peak memory 443 MiB.
2026-10-09T21:45:51Z INFO [357/1886] c580162c-9767-4234-962f-515e9781bd37: 13 internal nodes; 1.2 s; peak memory 443 MiB.
2026-10-09T21:45:52Z INFO [358/1886] c5808c66-54d1-4485-b947-1ed3fea10081: 29 internal nodes; 1.6 s; peak memory 443 MiB.
2026-10-09T21:45:54Z INFO [359/1886] c5818b2d-6335-4a2d-a3a1-1076d65d3699: 17 internal nodes; 1.2 s; peak memory 443 MiB.
2026-10-09T21:45:55Z INFO [360/1886] c5826fad-91ef-4029-b60b-d46f55897a49: 29 internal nodes; 1.5 s; peak memory 443 MiB.
2026-10-09T21:46:06Z INFO [361/1886] c5827ff6-ff50-4289-82d7-de2be9ac6987: 209 internal nodes; 11.3 s; peak memory 443 MiB.
2026-10-09T21:46:07Z INFO [362/1886] c5836424-f49a-4f24-889e-28452de95783: 17 internal nodes; 1.1 s; peak memory 443 MiB.
2026-10-09T21:46:09Z INFO [363/1886] c5840fde-1cd3-4dbf-8670-c0d20dd84db5: 17 internal nodes; 1.3 s; peak memory 443 MiB.
2026-10-09T21:46:14Z INFO [364/1886] c5844d27-4419-4973-bf41-49ec032b3209: 26 internal nodes; 4.9 s; peak memory 443 MiB.
2026-10-09T21:46:15Z INFO [365/1886] c584e216-9cbc-42aa-898a-3a0f44c1b296: 31 internal nodes; 1.7 s; peak memory 443 MiB.
2026-10-09T21:46:17Z INFO [366/1886] c5851113-408c-4e25-975f-ebca4dba1b8f: 18 internal nodes; 1.5 s; peak memory 443 MiB.
2026-10-09T21:46:18Z INFO [367/1886] c5857252-ec2d-42cb-a787-a9882714d579: 27 internal nodes; 1.2 s; peak memory 443 MiB.
2026-10-09T21:46:19Z INFO [368/1886] c585c894-a864-4a36-afe3-15f117fa5d98: 26 internal nodes; 0.9 s; peak memory 443 MiB.
2026-10-09T21:46:20Z INFO [369/1886] c5881bfb-88ef-4524-af8c-8c70f9cc93fe: 19 internal nodes; 1.0 s; peak memory 443 MiB.
2026-10-09T21:46:43Z INFO [370/1886] c58891d6-b930-4fdb-a1bb-6cd30499beca: 144 internal nodes; 22.9 s; peak memory 443 MiB.
2026-10-09T21:46:44Z INFO [371/1886] c5897562-8d21-4753-8041-fc3b58acfea0: 27 internal nodes; 1.4 s; peak memory 443 MiB.
2026-10-09T21:46:46Z INFO [372/1886] c5899069-0c10-46af-a157-9ad50cf666b0: 17 internal nodes; 1.3 s; peak memory 443 MiB.
2026-10-09T21:46:47Z INFO [373/1886] c58a0da0-2fe6-4651-bea5-e8a7d13b2dea: 61 internal nodes; 1.4 s; peak memory 443 MiB.
2026-10-09T21:46:48Z INFO [374/1886] c58b2f1a-53c8-409e-901f-f7c96ba89bef: 17 internal nodes; 1.0 s; peak memory 443 MiB.
2026-10-09T21:46:49Z INFO [375/1886] c58b8864-30a9-4c15-ac44-2afc64c6c805: 27 internal nodes; 1.4 s; peak memory 443 MiB.
2026-10-09T21:46:53Z INFO [376/1886] c58bfbfa-1cb3-4754-9bb6-1174e98431bb: 46 internal nodes; 3.6 s; peak memory 443 MiB.
2026-10-09T21:46:54Z INFO [377/1886] c58cbdbb-d808-4bb4-a992-32e19109c256: 19 internal nodes; 1.3 s; peak memory 443 MiB.
2026-10-09T21:47:04Z INFO [378/1886] c58d29d3-0664-4794-ae9c-d2d117695a2a: 311 internal nodes; 9.6 s; peak memory 443 MiB.
2026-10-09T21:47:06Z INFO [379/1886] c58e1529-cf88-4c3a-bac6-860070d4cd2e: 26 internal nodes; 2.2 s; peak memory 443 MiB.
2026-10-09T21:47:08Z INFO [380/1886] c58e96d6-bad8-4f56-ab95-bacd676242ed: 31 internal nodes; 1.4 s; peak memory 443 MiB.
2026-10-09T21:47:21Z INFO [381/1886] c58ec3c6-42e8-41a3-a066-d1bce24b1f74: 230 internal nodes; 13.4 s; peak memory 443 MiB.
2026-10-09T21:47:22Z INFO [382/1886] c58eda99-f51b-449d-bb49-5e3850c77dc8: 27 internal nodes; 1.3 s; peak memory 443 MiB.
2026-10-09T21:47:24Z INFO [383/1886] c58fa967-72ce-444d-afd5-4a4fb6d8e9a6: 29 internal nodes; 1.5 s; peak memory 443 MiB.
2026-10-09T21:47:25Z INFO [384/1886] c5907dff-8d3e-42ad-a645-19298e270c59: 115 internal nodes; 1.3 s; peak memory 443 MiB.
2026-10-09T21:47:26Z INFO [385/1886] c590e507-975b-490e-8aee-014814fa7148: 63 internal nodes; 1.2 s; peak memory 443 MiB.
2026-10-09T21:47:28Z INFO [386/1886] c5911ea4-5579-4626-8bcb-f4d4ac00feed: 27 internal nodes; 1.3 s; peak memory 443 MiB.
2026-10-09T21:47:29Z INFO [387/1886] c591e24f-7ca9-4af5-bab7-6c7e20c5a3a3: 54 internal nodes; 1.8 s; peak memory 443 MiB.
2026-10-09T21:47:30Z INFO [388/1886] c5920991-aa8e-4947-a375-f71382501b67: 17 internal nodes; 1.2 s; peak memory 443 MiB.
2026-10-09T21:47:32Z INFO [389/1886] c5924dbd-aed5-4440-be34-cb61a068bb22: 27 internal nodes; 1.3 s; peak memory 443 MiB.
2026-10-09T21:47:39Z INFO [390/1886] c592fcc5-b418-4905-8eb5-b6c8a71135d0: 360 internal nodes; 7.7 s; peak memory 443 MiB.
2026-10-09T21:47:51Z INFO [391/1886] c59352a4-a678-42f5-899c-04232510a803: 216 internal nodes; 11.1 s; peak memory 443 MiB.
2026-10-09T21:47:52Z INFO [392/1886] c593765e-b05e-4a45-88fd-414bf30dda63: 17 internal nodes; 1.1 s; peak memory 443 MiB.
2026-10-09T21:47:53Z INFO [393/1886] c593ce12-fb18-4933-94e6-514f432414c8: 17 internal nodes; 1.2 s; peak memory 443 MiB.
2026-10-09T21:47:55Z INFO [394/1886] c59463d6-2b76-47e1-84bb-3597e3896c10: 59 internal nodes; 2.4 s; peak memory 443 MiB.
2026-10-09T21:47:57Z INFO [395/1886] c5948b0e-df04-4308-8847-c798c7448593: 27 internal nodes; 1.5 s; peak memory 443 MiB.
2026-10-09T21:47:58Z INFO [396/1886] c5951d55-991a-4c0f-a213-7dacee29de56: 11 internal nodes; 1.1 s; peak memory 443 MiB.
2026-10-09T21:47:59Z INFO [397/1886] c5955c52-0b4d-4cc9-b56c-6c823de0ba0c: 13 internal nodes; 1.2 s; peak memory 443 MiB.
2026-10-09T21:48:00Z INFO [398/1886] c595709b-c1c3-4326-b95c-8731e779c862: 17 internal nodes; 1.2 s; peak memory 443 MiB.
2026-10-09T21:48:02Z INFO [399/1886] c5960589-7cc4-483d-a10e-5c44e9c6fe06: 90 internal nodes; 1.6 s; peak memory 443 MiB.
2026-10-09T21:48:03Z INFO [400/1886] c5962b06-3089-4ff8-a437-173216cb20ee: 17 internal nodes; 1.2 s; peak memory 443 MiB.
2026-10-09T21:48:04Z INFO [400/1886] c5962b06-3089-4ff8-a437-173216cb20ee: checkpointed 142334 new records.
2026-10-09T21:48:04Z INFO [401/1886] c5968782-f359-4785-a6ac-b7a03bfbdf90: 22 internal nodes; 0.8 s; peak memory 443 MiB.
2026-10-09T21:48:06Z INFO [402/1886] c596a2b0-72c8-4003-9eb5-f1cf8c8dec30: 17 internal nodes; 1.1 s; peak memory 443 MiB.
2026-10-09T21:48:07Z INFO [403/1886] c59756d0-3e00-4a6f-8750-cad184ec3a15: 17 internal nodes; 1.1 s; peak memory 443 MiB.
2026-10-09T21:48:08Z INFO [404/1886] c597b354-50b3-4faa-977c-e3813ee496df: 17 internal nodes; 1.1 s; peak memory 443 MiB.
2026-10-09T21:48:09Z INFO [405/1886] c5983d31-210a-4148-99ec-d762fca50159: 19 internal nodes; 1.1 s; peak memory 443 MiB.
2026-10-09T21:48:11Z INFO [406/1886] c5988abf-1139-4548-a069-04176a4cd3e4: 31 internal nodes; 1.8 s; peak memory 443 MiB.
2026-10-09T21:48:14Z INFO [407/1886] c598ce98-f437-4c12-ac8e-f5ac599ddaf6: 46 internal nodes; 3.6 s; peak memory 443 MiB.
2026-10-09T21:48:16Z INFO [408/1886] c59aed22-7fb0-4809-86ee-9413033c4fb6: 31 internal nodes; 2.1 s; peak memory 443 MiB.
2026-10-09T21:48:18Z INFO [409/1886] c59b64e6-9104-40a3-bf72-3e8c00fb7f6f: 17 internal nodes; 1.3 s; peak memory 443 MiB.
2026-10-09T21:48:20Z INFO [410/1886] c59bc708-2955-4272-8b5d-64ec50ebb993: 31 internal nodes; 1.9 s; peak memory 443 MiB.
2026-10-09T21:48:21Z INFO [411/1886] c59be6a7-188b-4514-bb9f-49e8fe0a0c47: 27 internal nodes; 1.2 s; peak memory 443 MiB.
2026-10-09T21:48:24Z INFO [412/1886] c59c0129-e126-428e-b6de-6e5ad3d8e480: 46 internal nodes; 3.4 s; peak memory 443 MiB.
2026-10-09T21:48:32Z INFO [413/1886] c59c0fe9-6f6a-4815-936a-21447590bd84: 220 internal nodes; 7.8 s; peak memory 443 MiB.
2026-10-09T21:48:33Z INFO [414/1886] c59d3af4-5a5f-4410-8e69-e8efee49d8b9: 27 internal nodes; 1.4 s; peak memory 443 MiB.
2026-10-09T21:48:35Z INFO [415/1886] c59e1167-85d9-4c6c-bf7f-cd9fee583334: 25 internal nodes; 1.3 s; peak memory 443 MiB.
2026-10-09T21:48:36Z INFO [416/1886] c59e4005-fb06-4417-8ee1-81661757e029: 31 internal nodes; 1.7 s; peak memory 443 MiB.
2026-10-09T21:48:38Z INFO [417/1886] c59ea1df-81b6-4c7d-ae7b-d03efb7a4182: 19 internal nodes; 1.2 s; peak memory 443 MiB.
2026-10-09T21:48:41Z INFO [418/1886] c59ed95b-7785-422e-bead-f5a3a3f0c491: 44 internal nodes; 2.8 s; peak memory 443 MiB.
2026-10-09T21:48:47Z INFO [419/1886] c59eda30-53a1-417e-b10c-efc91f184ded: 142 internal nodes; 6.1 s; peak memory 443 MiB.
2026-10-09T21:48:48Z INFO [420/1886] c59f369a-2043-4887-bb59-3240296d8a65: 23 internal nodes; 1.2 s; peak memory 443 MiB.
2026-10-09T21:48:49Z INFO [421/1886] c59f9c1a-8823-4d50-8846-9d84ee8c0131: 29 internal nodes; 1.6 s; peak memory 443 MiB.
2026-10-09T21:48:51Z INFO [422/1886] c59fdfb4-d3a6-486d-9062-1fcae157c8ed: 29 internal nodes; 1.7 s; peak memory 443 MiB.
2026-10-09T21:48:54Z INFO [423/1886] c5a072cf-c872-4d01-a2fa-c8c71f47a266: 61 internal nodes; 2.4 s; peak memory 443 MiB.
2026-10-09T21:48:55Z INFO [424/1886] c5a0cd29-9e3a-4ce2-be6a-04bd434e2700: 27 internal nodes; 1.3 s; peak memory 443 MiB.
2026-10-09T21:48:56Z INFO [425/1886] c5a14589-6cfa-4ab3-a6a1-ae39c417991a: 17 internal nodes; 1.1 s; peak memory 443 MiB.
2026-10-09T21:48:57Z INFO [426/1886] c5a1e61e-6621-4ba7-ab07-a3fcf9e0570d: 27 internal nodes; 1.5 s; peak memory 443 MiB.
2026-10-09T21:48:59Z INFO [427/1886] c5a291ca-0c73-487a-ae97-1d518c36e683: 52 internal nodes; 1.4 s; peak memory 443 MiB.
2026-10-09T21:49:00Z INFO [428/1886] c5a2d910-41f3-42ef-8ace-f1daaa4d6a31: 12 internal nodes; 1.0 s; peak memory 443 MiB.
2026-10-09T21:49:06Z INFO [429/1886] c5a3ede6-0915-476e-bb3a-f98853e40798: 135 internal nodes; 5.7 s; peak memory 443 MiB.
2026-10-09T21:49:12Z INFO [430/1886] c5a50d5d-78ef-4b6d-9daa-f8875af42adf: 124 internal nodes; 5.9 s; peak memory 443 MiB.
2026-10-09T21:49:14Z INFO [431/1886] c5a53d0c-14d4-43d2-9ce2-5ceaac5c6b79: 18 internal nodes; 2.1 s; peak memory 443 MiB.
2026-10-09T21:49:15Z INFO [432/1886] c5a5ea69-0c4c-4787-b080-eea18b59aec3: 25 internal nodes; 1.2 s; peak memory 443 MiB.
2026-10-09T21:49:20Z INFO [433/1886] c5a678d3-4b07-4bda-9e5f-1c7bc9581f57: 103 internal nodes; 5.4 s; peak memory 443 MiB.
2026-10-09T21:49:21Z INFO [434/1886] c5a68a1c-515d-425f-b5f5-6e69e2d5c14d: 25 internal nodes; 0.9 s; peak memory 443 MiB.
2026-10-09T21:49:23Z INFO [435/1886] c5a6f9f6-5cd7-423a-88c9-ead715b9bded: 66 internal nodes; 2.2 s; peak memory 443 MiB.
2026-10-09T21:49:25Z INFO [436/1886] c5a8a951-252b-45b4-a0a6-9e2969481de4: 17 internal nodes; 1.2 s; peak memory 443 MiB.
2026-10-09T21:49:26Z INFO [437/1886] c5a9eeb0-6378-4099-9f54-9c79fcb6d164: 27 internal nodes; 1.4 s; peak memory 443 MiB.
2026-10-09T21:49:27Z INFO [438/1886] c5ab5340-af64-4430-aa6c-f1e9cff38409: 27 internal nodes; 1.4 s; peak memory 443 MiB.
2026-10-09T21:49:29Z INFO [439/1886] c5ab9a06-73ff-4e5d-b456-94dca2d59231: 27 internal nodes; 1.1 s; peak memory 443 MiB.
2026-10-09T21:49:30Z INFO [440/1886] c5ac5b58-4ff4-47b3-87bf-a347365382ab: 54 internal nodes; 1.5 s; peak memory 443 MiB.
2026-10-09T21:49:41Z INFO [441/1886] c5ae8804-8d30-4d55-9c32-def9669337a2: 114 internal nodes; 10.6 s; peak memory 443 MiB.
2026-10-09T21:49:42Z INFO [442/1886] c5af4910-7946-4333-b9f4-7459fd2c57f5: 22 internal nodes; 1.5 s; peak memory 443 MiB.
2026-10-09T21:49:45Z INFO [443/1886] c5af7c92-67a7-4197-a12d-69833981beda: 46 internal nodes; 3.2 s; peak memory 443 MiB.
2026-10-09T21:49:47Z INFO [444/1886] c5af9c16-0fb1-41ba-b55f-9d152110b012: 115 internal nodes; 1.3 s; peak memory 443 MiB.
2026-10-09T21:49:47Z INFO [445/1886] c5b14476-f3ef-47b5-93a3-bc781fed0c44: 12 internal nodes; 0.8 s; peak memory 443 MiB.
2026-10-09T21:49:50Z INFO [446/1886] c5b210ee-b4e1-428f-94bf-1f274caf6eeb: 31 internal nodes; 2.3 s; peak memory 443 MiB.
2026-10-09T21:49:51Z INFO [447/1886] c5b4ce33-f3a2-47f9-9fcc-6136a0bb6c08: 25 internal nodes; 0.8 s; peak memory 443 MiB.
2026-10-09T21:49:59Z INFO [448/1886] c5b4f811-4587-4297-b919-2540dd1ca05d: 129 internal nodes; 8.0 s; peak memory 443 MiB.
2026-10-09T21:50:00Z INFO [449/1886] c5b617ea-024f-4e53-a314-32db7cdd1502: 17 internal nodes; 1.1 s; peak memory 443 MiB.
2026-10-09T21:50:01Z INFO [450/1886] c5b632fc-1121-4b0b-8a11-2d5b6323e3ad: 17 internal nodes; 1.2 s; peak memory 443 MiB.
2026-10-09T21:50:01Z INFO [450/1886] c5b632fc-1121-4b0b-8a11-2d5b6323e3ad: checkpointed 142384 new records.
2026-10-09T21:50:05Z INFO [451/1886] c5b6ba8c-1b5c-4d12-9a89-b78d3ca64af1: 46 internal nodes; 3.5 s; peak memory 443 MiB.
2026-10-09T21:50:06Z INFO [452/1886] c5b70997-854d-42ca-a4ba-af3254998844: 17 internal nodes; 1.2 s; peak memory 443 MiB.
2026-10-09T21:50:08Z INFO [453/1886] c5b71ba0-76dc-4476-b1c4-d62e3fe4a35c: 17 internal nodes; 1.5 s; peak memory 443 MiB.
2026-10-09T21:50:10Z INFO [454/1886] c5b87e73-6f69-4fd8-bf81-534e09ebf010: 44 internal nodes; 2.8 s; peak memory 443 MiB.
2026-10-09T21:50:12Z INFO [455/1886] c5b8a3a3-408b-4ed9-8757-30938078b4ae: 52 internal nodes; 2.0 s; peak memory 443 MiB.
2026-10-09T21:50:13Z INFO [456/1886] c5b8b076-f67a-4ff3-9e57-05941f2a374f: 17 internal nodes; 1.1 s; peak memory 443 MiB.
2026-10-09T21:50:15Z INFO [457/1886] c5b8c286-f754-4d09-89c0-807c29bb36f3: 54 internal nodes; 1.2 s; peak memory 443 MiB.
2026-10-09T21:50:26Z INFO [458/1886] c5b9e9ac-b8db-4f66-adb1-1b3376421e61: 196 internal nodes; 11.4 s; peak memory 443 MiB.
2026-10-09T21:50:28Z INFO [459/1886] c5b9f499-88a9-49bf-a055-d726cba4bd09: 31 internal nodes; 1.9 s; peak memory 443 MiB.
2026-10-09T21:50:29Z INFO [460/1886] c5bb0b3f-2d9a-46fc-a4b0-46f2c21f517f: 17 internal nodes; 1.2 s; peak memory 443 MiB.
2026-10-09T21:50:30Z INFO [461/1886] c5bb1a58-8a39-41c4-9191-899e09902bd5: 11 internal nodes; 0.8 s; peak memory 443 MiB.
2026-10-09T21:50:31Z INFO [462/1886] c5bba0d3-8b8f-4e78-ad7d-d73ad50ff25e: 17 internal nodes; 1.2 s; peak memory 443 MiB.
2026-10-09T21:50:42Z INFO [463/1886] c5bbb0b4-4c2b-437b-b05e-ef692a42cdca: 256 internal nodes; 11.2 s; peak memory 443 MiB.
2026-10-09T21:50:45Z INFO [464/1886] c5bbb2d6-5429-4471-9547-aea12984a6e3: 45 internal nodes; 2.7 s; peak memory 443 MiB.
2026-10-09T21:50:46Z INFO [465/1886] c5bbb456-dda5-453f-8354-ff7974e6c89b: 23 internal nodes; 0.8 s; peak memory 443 MiB.
2026-10-09T21:50:47Z INFO [466/1886] c5bc8975-9ef8-4765-b81d-4ccd1ba279c7: 26 internal nodes; 1.4 s; peak memory 443 MiB.
2026-10-09T21:50:49Z INFO [467/1886] c5bc8f1e-058a-4504-8f16-2bde5c73639b: 27 internal nodes; 2.1 s; peak memory 443 MiB.
2026-10-09T21:50:50Z INFO [468/1886] c5beafcf-028f-45d7-b5a1-cce1e3f7d219: 17 internal nodes; 1.1 s; peak memory 443 MiB.
2026-10-09T21:50:52Z INFO [469/1886] c5bf2fad-82cf-457e-b472-23825e256a7b: 29 internal nodes; 2.0 s; peak memory 443 MiB.
2026-10-09T21:50:54Z INFO [470/1886] c5bf65f2-361f-4870-8b99-f5e395f0292d: 115 internal nodes; 1.4 s; peak memory 443 MiB.
2026-10-09T21:50:55Z INFO [471/1886] c5bf6b0c-acd6-4917-b1c3-a76839f85aed: 17 internal nodes; 1.2 s; peak memory 443 MiB.
2026-10-09T21:50:56Z INFO [472/1886] c5bfafd0-4a60-4b1f-bcc3-95dc13eb08d7: 17 internal nodes; 1.1 s; peak memory 443 MiB.
2026-10-09T21:50:58Z INFO [473/1886] c5c041d9-e7ed-41e6-adbb-5cb5ce78b356: 31 internal nodes; 1.5 s; peak memory 443 MiB.
2026-10-09T21:50:59Z INFO [474/1886] c5c1e8dd-8fe3-4a7c-b5e8-543218771948: 13 internal nodes; 1.3 s; peak memory 443 MiB.
2026-10-09T21:51:00Z INFO [475/1886] c5c285a8-7685-4114-9f8b-c081a678386d: 27 internal nodes; 1.4 s; peak memory 443 MiB.
2026-10-09T21:51:02Z INFO [476/1886] c5c2e341-17cb-47cf-90d6-380d7f29f35b: 29 internal nodes; 1.6 s; peak memory 443 MiB.
2026-10-09T21:51:10Z INFO [477/1886] c5c33818-d254-4866-8c78-6802c063cf50: 172 internal nodes; 8.1 s; peak memory 443 MiB.
2026-10-09T21:51:11Z INFO [478/1886] c5c396ad-e2a4-4683-9e2d-59f129954d6a: 19 internal nodes; 1.3 s; peak memory 443 MiB.
2026-10-09T21:51:12Z INFO [479/1886] c5c39d35-b6e1-4257-9bc4-bbe06196ee0a: 17 internal nodes; 1.2 s; peak memory 443 MiB.
2026-10-09T21:51:14Z INFO [480/1886] c5c484d5-c807-41e3-a3f1-331b42f21904: 17 internal nodes; 1.1 s; peak memory 443 MiB.
2026-10-09T21:51:15Z INFO [481/1886] c5c4d7f9-2a44-4e45-9914-5c9727b62f4f: 17 internal nodes; 1.1 s; peak memory 443 MiB.
2026-10-09T21:51:16Z INFO [482/1886] c5c5df30-b7fe-4983-80c6-b7b5109a5b00: 19 internal nodes; 0.9 s; peak memory 443 MiB.
2026-10-09T21:51:17Z INFO [483/1886] c5c6768e-d501-4d29-b4fb-45bc9804a0f3: 13 internal nodes; 1.4 s; peak memory 443 MiB.
2026-10-09T21:51:18Z INFO [484/1886] c5c7c511-7838-412b-877f-523a714d9864: 17 internal nodes; 1.0 s; peak memory 443 MiB.
2026-10-09T21:51:19Z INFO [485/1886] c5c8445d-a92c-4949-8bad-0351b9a7643b: 27 internal nodes; 1.4 s; peak memory 443 MiB.
2026-10-09T21:51:23Z INFO [486/1886] c5c8b384-87b0-49b8-9b42-7aff043daae8: 46 internal nodes; 3.6 s; peak memory 443 MiB.
2026-10-09T21:51:24Z INFO [487/1886] c5c8be21-9946-4fea-8756-97c51306a33a: 15 internal nodes; 1.0 s; peak memory 443 MiB.
2026-10-09T21:51:25Z INFO [488/1886] c5c8cb16-42c9-4ae6-a0dd-ba1e9955d9a6: 27 internal nodes; 1.1 s; peak memory 443 MiB.
2026-10-09T21:51:26Z INFO [489/1886] c5c9ca48-8563-4ffc-a238-90f1782df92f: 17 internal nodes; 1.1 s; peak memory 443 MiB.
2026-10-09T21:51:29Z INFO [490/1886] c5c9e494-fafa-4c3b-aa71-fe63e3d89904: 55 internal nodes; 2.4 s; peak memory 443 MiB.
2026-10-09T21:51:30Z INFO [491/1886] c5ca42e6-3f1b-4434-9e34-ca72baf8cea1: 17 internal nodes; 1.0 s; peak memory 443 MiB.
2026-10-09T21:51:34Z INFO [492/1886] c5ca4d8f-7aed-4081-92c4-a6d6d81af69c: 107 internal nodes; 4.9 s; peak memory 443 MiB.
2026-10-09T21:51:36Z INFO [493/1886] c5caa69d-f47a-438a-8199-42a47d6d18c2: 23 internal nodes; 1.2 s; peak memory 443 MiB.
2026-10-09T21:51:37Z INFO [494/1886] c5cb5872-1d7c-481d-bce9-8606319ab21b: 11 internal nodes; 0.9 s; peak memory 443 MiB.
2026-10-09T21:51:51Z INFO [495/1886] c5cd4174-7549-44ec-bcdb-4bd034f75442: 326 internal nodes; 14.8 s; peak memory 443 MiB.
2026-10-09T21:51:54Z INFO [496/1886] c5cd9e94-13cb-4d0a-8514-9a05b611cdb9: 27 internal nodes; 2.5 s; peak memory 443 MiB.
2026-10-09T21:51:57Z INFO [497/1886] c5cda55b-4fa3-4dc6-ad0a-38b8b69cf90a: 46 internal nodes; 3.6 s; peak memory 443 MiB.
2026-10-09T21:51:59Z INFO [498/1886] c5ce2c30-3fb1-4b21-a350-e53d07e020fd: 17 internal nodes; 1.2 s; peak memory 443 MiB.
2026-10-09T21:52:00Z INFO [499/1886] c5ce6082-b03f-4bfb-8e48-bd3cb8f7687e: 90 internal nodes; 1.7 s; peak memory 443 MiB.
2026-10-09T21:52:01Z INFO [500/1886] c5ce7ed4-55ab-40f8-82ad-3598a1ce8860: 26 internal nodes; 1.1 s; peak memory 443 MiB.
2026-10-09T21:52:02Z INFO [500/1886] c5ce7ed4-55ab-40f8-82ad-3598a1ce8860: checkpointed 142434 new records.
2026-10-09T21:52:03Z INFO [501/1886] c5ce9cb1-936d-4e59-92e1-6942d9c13061: 14 internal nodes; 0.9 s; peak memory 443 MiB.
2026-10-09T21:52:21Z INFO [502/1886] c5cea30a-9010-44f9-af8f-f88de1df9913: 293 internal nodes; 17.8 s; peak memory 443 MiB.
2026-10-09T21:52:22Z INFO [503/1886] c5cfa559-8b8b-417a-8a75-86e21b8ac7cd: 31 internal nodes; 1.7 s; peak memory 443 MiB.
2026-10-09T21:52:24Z INFO [504/1886] c5cfbf11-36a3-42d0-a73d-4d61b05de578: 115 internal nodes; 1.4 s; peak memory 443 MiB.
2026-10-09T21:52:25Z INFO [505/1886] c5d00d11-3767-4301-b8a0-0f4ae7b91a81: 17 internal nodes; 1.1 s; peak memory 443 MiB.
2026-10-09T21:52:26Z INFO [506/1886] c5d0c078-5842-4b61-83cb-a1783348b6ae: 17 internal nodes; 1.0 s; peak memory 443 MiB.
2026-10-09T21:52:29Z INFO [507/1886] c5d12769-c06f-4c53-b7fe-ee95f9d88296: 42 internal nodes; 2.9 s; peak memory 443 MiB.
2026-10-09T21:52:31Z INFO [508/1886] c5d1bacb-684a-4dd5-9473-b3befcc25ab3: 31 internal nodes; 1.6 s; peak memory 443 MiB.
2026-10-09T21:52:32Z INFO [509/1886] c5d1da5b-152a-40b4-9646-d842ad6691d7: 27 internal nodes; 1.4 s; peak memory 443 MiB.
2026-10-09T21:52:35Z INFO [510/1886] c5d2122b-6ae5-42a9-882d-5db23bf9fe30: 45 internal nodes; 3.5 s; peak memory 443 MiB.
2026-10-09T21:52:37Z INFO [511/1886] c5d23bfa-58ec-4208-82e1-0094d09887b5: 27 internal nodes; 1.3 s; peak memory 443 MiB.
2026-10-09T21:52:45Z INFO [512/1886] c5d37c8c-b838-4ecf-9b85-1d5896159c1c: 42 internal nodes; 8.0 s; peak memory 443 MiB.
2026-10-09T21:52:46Z INFO [513/1886] c5d38c77-ffcb-48ca-810d-dcdba4597249: 17 internal nodes; 1.2 s; peak memory 443 MiB.
2026-10-09T21:52:47Z INFO [514/1886] c5d47dd8-3693-4740-8d2b-f91049a233ff: 28 internal nodes; 1.1 s; peak memory 443 MiB.
2026-10-09T21:52:48Z INFO [515/1886] c5d4e7da-c9b8-4822-a5f6-dd22cf0647d0: 17 internal nodes; 0.9 s; peak memory 443 MiB.
2026-10-09T21:52:51Z INFO [516/1886] c5d4f58d-2215-404b-9c45-f7fc27d62e98: 44 internal nodes; 2.9 s; peak memory 443 MiB.
2026-10-09T21:52:52Z INFO [517/1886] c5d50d71-16d7-4c61-b7b7-8634849e7775: 17 internal nodes; 1.1 s; peak memory 443 MiB.
2026-10-09T21:52:59Z INFO [518/1886] c5d5da03-d3f4-4a95-945f-003cb58ac4bb: 177 internal nodes; 6.9 s; peak memory 443 MiB.
2026-10-09T21:53:00Z INFO [519/1886] c5d5e0f4-f1a8-45db-9324-4291f822c480: 27 internal nodes; 1.4 s; peak memory 443 MiB.
2026-10-09T21:53:02Z INFO [520/1886] c5d6bc21-5142-4b6d-9464-be3077a307b0: 19 internal nodes; 1.2 s; peak memory 443 MiB.
2026-10-09T21:53:03Z INFO [521/1886] c5d6e081-096f-47be-8e68-c6ad8f8fc060: 55 internal nodes; 1.5 s; peak memory 443 MiB.
2026-10-09T21:53:10Z INFO [522/1886] c5d7298a-fa48-4398-91f9-cc579ec3dd4d: 177 internal nodes; 7.0 s; peak memory 443 MiB.
2026-10-09T21:53:11Z INFO [523/1886] c5d73107-8934-4178-a9f3-3ce759f50e34: 17 internal nodes; 1.1 s; peak memory 443 MiB.
2026-10-09T21:53:12Z INFO [524/1886] c5d8a74b-3477-49b1-8f43-9e899c945151: 28 internal nodes; 1.1 s; peak memory 443 MiB.
2026-10-09T21:53:13Z INFO [525/1886] c5d98173-79c1-4ef8-8fe4-fed418beaec3: 23 internal nodes; 1.1 s; peak memory 443 MiB.
2026-10-09T21:53:16Z INFO [526/1886] c5da20d0-02b8-47e7-bb75-2718035b4eeb: 44 internal nodes; 3.0 s; peak memory 443 MiB.
2026-10-09T21:53:18Z INFO [527/1886] c5da56a1-42f7-4161-bf48-652f6499d77c: 56 internal nodes; 1.6 s; peak memory 443 MiB.
2026-10-09T21:53:19Z INFO [528/1886] c5daa506-b1ed-4ec6-98b0-fe94a7ea26f5: 29 internal nodes; 1.4 s; peak memory 443 MiB.
2026-10-09T21:53:21Z INFO [529/1886] c5dabf44-7ae2-431f-bf10-6ffaf4f84c33: 61 internal nodes; 1.5 s; peak memory 443 MiB.
2026-10-09T21:53:28Z INFO [530/1886] c5db294b-5dcc-4bc6-834e-59b83d95442d: 73 internal nodes; 7.1 s; peak memory 443 MiB.
2026-10-09T21:53:29Z INFO [531/1886] c5db3ced-a75d-471d-8aba-9ba9eae8f993: 90 internal nodes; 1.4 s; peak memory 443 MiB.
2026-10-09T21:53:31Z INFO [532/1886] c5db3fb8-5f4e-48df-b2f7-46b72e897011: 27 internal nodes; 1.9 s; peak memory 443 MiB.
2026-10-09T21:53:32Z INFO [533/1886] c5db56b3-16ae-4a64-9d09-f78a9d1a7ea8: 27 internal nodes; 1.3 s; peak memory 443 MiB.
2026-10-09T21:53:43Z INFO [534/1886] c5db6528-5515-43ab-b756-4e5743e17cff: 114 internal nodes; 10.8 s; peak memory 443 MiB.
2026-10-09T21:53:46Z INFO [535/1886] c5dba1a6-bd2a-46bb-91a7-10d83f2ae894: 41 internal nodes; 2.7 s; peak memory 443 MiB.
2026-10-09T21:53:48Z INFO [536/1886] c5dba99a-0711-4287-8234-93059d473f47: 31 internal nodes; 1.7 s; peak memory 443 MiB.
2026-10-09T21:53:50Z INFO [537/1886] c5dc265e-be7e-444a-a0cd-d66bfb9114e0: 33 internal nodes; 2.2 s; peak memory 443 MiB.
2026-10-09T21:53:51Z INFO [538/1886] c5dc838d-2c6c-4460-bf4f-2840f6edf152: 17 internal nodes; 1.3 s; peak memory 443 MiB.
2026-10-09T21:53:55Z INFO [539/1886] c5dc9952-4a47-4ea6-a9d2-4b5583c60cc4: 57 internal nodes; 3.6 s; peak memory 443 MiB.
2026-10-09T21:54:06Z INFO [540/1886] c5dca44f-0d59-4c5c-9821-0d452fc266bb: 44 internal nodes; 10.9 s; peak memory 443 MiB.
2026-10-09T21:54:07Z INFO [541/1886] c5dd8f0a-88b0-4230-a326-8665d0af2b1f: 29 internal nodes; 1.4 s; peak memory 443 MiB.
2026-10-09T21:54:11Z INFO [542/1886] c5dde1a1-ae66-49cf-95c1-61c1637df3da: 46 internal nodes; 3.5 s; peak memory 443 MiB.
2026-10-09T21:54:12Z INFO [543/1886] c5de631c-85dc-4996-8539-28ef6a61922f: 17 internal nodes; 1.0 s; peak memory 443 MiB.
2026-10-09T21:54:13Z INFO [544/1886] c5df60ce-e6a0-47bd-901a-9744a5dc667e: 27 internal nodes; 1.3 s; peak memory 443 MiB.
2026-10-09T21:54:14Z INFO [545/1886] c5dfadf7-38d1-469d-9f21-d6f2870eca3b: 26 internal nodes; 1.1 s; peak memory 443 MiB.
2026-10-09T21:54:15Z INFO [546/1886] c5e00ad7-f3be-4e39-8e35-ba9343889835: 27 internal nodes; 1.3 s; peak memory 443 MiB.
2026-10-09T21:54:18Z INFO [547/1886] c5e09936-41ff-49c4-938f-e855dd922aee: 66 internal nodes; 2.2 s; peak memory 443 MiB.
2026-10-09T21:54:19Z INFO [548/1886] c5e0f4c0-3508-4a31-b2a5-909775c73984: 22 internal nodes; 1.4 s; peak memory 443 MiB.
2026-10-09T21:54:20Z INFO [549/1886] c5e3850e-c904-418b-b059-72465f278245: 17 internal nodes; 1.2 s; peak memory 443 MiB.
2026-10-09T21:54:22Z INFO [550/1886] c5e3dbad-87bf-4f18-a4d8-dc5e8fe0371c: 31 internal nodes; 2.0 s; peak memory 443 MiB.
2026-10-09T21:54:23Z INFO [550/1886] c5e3dbad-87bf-4f18-a4d8-dc5e8fe0371c: checkpointed 142484 new records.
2026-10-09T21:54:34Z INFO [551/1886] c5e4e657-667c-4c3a-9a2c-788d42caf97b: 233 internal nodes; 11.0 s; peak memory 443 MiB.
2026-10-09T21:54:35Z INFO [552/1886] c5e4fea8-96de-4897-a583-23a7f32a81e7: 27 internal nodes; 1.5 s; peak memory 443 MiB.
2026-10-09T21:54:42Z INFO [553/1886] c5e50da9-1f32-4d4c-8ca7-9c28bb674514: 129 internal nodes; 7.1 s; peak memory 443 MiB.
2026-10-09T21:54:45Z INFO [554/1886] c5e53866-c776-4dda-b3a4-20e0b8d91b0c: 37 internal nodes; 2.5 s; peak memory 443 MiB.
2026-10-09T21:54:47Z INFO [555/1886] c5e61505-ad94-4ca8-b628-16127df87781: 59 internal nodes; 2.0 s; peak memory 443 MiB.
2026-10-09T21:54:56Z INFO [556/1886] c5e70296-02de-4e82-9fb9-c2b571eecd64: 228 internal nodes; 9.1 s; peak memory 443 MiB.
2026-10-09T21:54:57Z INFO [557/1886] c5e71bd3-7ebe-427e-81d9-019d9c165286: 17 internal nodes; 1.1 s; peak memory 443 MiB.
2026-10-09T21:54:59Z INFO [558/1886] c5e7ba22-77ec-4d71-a919-852622751f8b: 39 internal nodes; 1.7 s; peak memory 443 MiB.
2026-10-09T21:55:00Z INFO [559/1886] c5e80c05-c9c5-41ec-93ae-df36b769ff47: 29 internal nodes; 1.8 s; peak memory 443 MiB.
2026-10-09T21:55:03Z INFO [560/1886] c5e8b09c-ff6c-4c8d-b800-b52110de9afd: 44 internal nodes; 2.5 s; peak memory 443 MiB.
2026-10-09T21:55:06Z INFO [561/1886] c5e8c7ee-a1b8-4ef0-b503-bb4d05479347: 46 internal nodes; 3.4 s; peak memory 443 MiB.
2026-10-09T21:55:07Z INFO [562/1886] c5e99ad2-e688-4569-b40c-14f548429c24: 13 internal nodes; 1.2 s; peak memory 443 MiB.
2026-10-09T21:55:08Z INFO [563/1886] c5e9b2b1-0db2-4bad-a5fd-0bf6c7a1c8a9: 11 internal nodes; 0.8 s; peak memory 443 MiB.
2026-10-09T21:55:14Z INFO [564/1886] c5eada18-88f7-4a45-871e-bf8a8cd1a62b: 124 internal nodes; 5.7 s; peak memory 443 MiB.
2026-10-09T21:55:15Z INFO [565/1886] c5eb42dc-a7cf-425b-9e34-eb352df5d8fe: 17 internal nodes; 1.1 s; peak memory 443 MiB.
2026-10-09T21:55:17Z INFO [566/1886] c5ebdedd-ea6b-4465-85da-dca8fc6dac4a: 30 internal nodes; 2.2 s; peak memory 443 MiB.
2026-10-09T21:55:19Z INFO [567/1886] c5ec3ccf-2c9a-45f7-be52-9891a118471b: 27 internal nodes; 1.4 s; peak memory 443 MiB.
2026-10-09T21:55:20Z INFO [568/1886] c5ec5789-e56e-4e62-bd32-a4bf5eef58ca: 31 internal nodes; 1.4 s; peak memory 443 MiB.
2026-10-09T21:55:21Z INFO [569/1886] c5ed5f9b-4ace-4ff6-8983-fade20c91e51: 17 internal nodes; 1.1 s; peak memory 443 MiB.
2026-10-09T21:55:22Z INFO [570/1886] c5ed8a5c-10d8-4112-a438-5f6d79cd62c4: 58 internal nodes; 1.1 s; peak memory 443 MiB.
2026-10-09T21:55:23Z INFO [571/1886] c5ed9f8d-5658-4847-b593-3112f34dc8c7: 27 internal nodes; 0.9 s; peak memory 443 MiB.
2026-10-09T21:55:25Z INFO [572/1886] c5eeddaf-115e-48b4-ba27-fc59476a0a29: 27 internal nodes; 1.4 s; peak memory 443 MiB.
2026-10-09T21:55:26Z INFO [573/1886] c5ef57d9-fec2-4d7d-8a6a-3df8d81ad87c: 31 internal nodes; 1.7 s; peak memory 443 MiB.
2026-10-09T21:55:28Z INFO [574/1886] c5ef969e-121e-4192-b20d-ecbacfae6b9b: 17 internal nodes; 1.2 s; peak memory 443 MiB.
2026-10-09T21:55:29Z INFO [575/1886] c5efab21-d32e-4b48-ad0d-e25e36347297: 63 internal nodes; 1.6 s; peak memory 443 MiB.
2026-10-09T21:55:37Z INFO [576/1886] c5f01c1d-a4a6-4602-8905-d1eda6475f66: 66 internal nodes; 7.6 s; peak memory 443 MiB.
2026-10-09T21:55:39Z INFO [577/1886] c5f0ba76-18a1-489b-aed3-badbd4524161: 14 internal nodes; 2.1 s; peak memory 443 MiB.
2026-10-09T21:55:51Z INFO [578/1886] c5f10b96-80a4-4763-9e1c-5af2c9c36ec6: 245 internal nodes; 12.5 s; peak memory 443 MiB.
2026-10-09T21:55:53Z INFO [579/1886] c5f121bb-d8a1-4243-bed4-b9418aee4505: 63 internal nodes; 1.6 s; peak memory 443 MiB.
2026-10-09T21:55:54Z INFO [580/1886] c5f12298-7c2f-4441-a4f6-4252a27e8a91: 22 internal nodes; 1.4 s; peak memory 443 MiB.
2026-10-09T21:55:55Z INFO [581/1886] c5f260c4-b865-4911-8ac7-07d4e969e5b6: 17 internal nodes; 1.2 s; peak memory 443 MiB.
2026-10-09T21:56:10Z INFO [582/1886] c5f42129-182e-441a-923f-23da5c10d5fc: 1373 internal nodes; 14.4 s; peak memory 443 MiB.
2026-10-09T21:56:11Z INFO [583/1886] c5f646c1-3f82-4301-a1dd-8eaa18c28eef: 23 internal nodes; 1.3 s; peak memory 443 MiB.
2026-10-09T21:56:12Z INFO [584/1886] c5f75bd0-d405-4dfe-ada8-574acd9012cc: 13 internal nodes; 1.1 s; peak memory 443 MiB.
2026-10-09T21:56:14Z INFO [585/1886] c5f7b0e0-c15c-4759-8f54-7b318aa55a3d: 69 internal nodes; 1.9 s; peak memory 443 MiB.
2026-10-09T21:56:15Z INFO [586/1886] c5f855c6-688a-45c7-b7c6-6f6dcb332325: 26 internal nodes; 0.8 s; peak memory 443 MiB.
2026-10-09T21:56:16Z INFO [587/1886] c5f92316-ccab-42df-95a2-2af3cf42f5a9: 17 internal nodes; 1.1 s; peak memory 443 MiB.
2026-10-09T21:56:19Z INFO [588/1886] c5fa6f4c-d9b5-42cf-a03b-21f263b982f7: 44 internal nodes; 3.2 s; peak memory 443 MiB.
2026-10-09T21:56:21Z INFO [589/1886] c5fa8f22-f89e-4f29-a1c9-9656a376eb7f: 72 internal nodes; 2.0 s; peak memory 443 MiB.
2026-10-09T21:56:28Z INFO [590/1886] c5fa907e-3615-4f70-a4fd-2d6c1746a9c0: 159 internal nodes; 6.6 s; peak memory 443 MiB.
2026-10-09T21:56:29Z INFO [591/1886] c5fab7ab-8c2b-49da-9f8b-be36a2b08fdc: 17 internal nodes; 1.1 s; peak memory 443 MiB.
2026-10-09T21:56:30Z INFO [592/1886] c5facad1-e752-4770-84e5-c5923508ca86: 18 internal nodes; 1.0 s; peak memory 443 MiB.
2026-10-09T21:56:31Z INFO [593/1886] c5fb4b89-c1b8-4063-9a3e-97a39dd34195: 29 internal nodes; 1.5 s; peak memory 443 MiB.
2026-10-09T21:56:34Z INFO [594/1886] c5fb70a3-89e7-4134-86cc-bdd0d66950b4: 44 internal nodes; 2.8 s; peak memory 443 MiB.
2026-10-09T21:56:36Z INFO [595/1886] c5fd6f1a-80a8-4292-a874-3dedee750ca5: 58 internal nodes; 2.0 s; peak memory 443 MiB.
2026-10-09T21:56:38Z INFO [596/1886] c5ffb3b1-27ad-4aa7-930e-ae8ab81efab1: 16 internal nodes; 1.3 s; peak memory 443 MiB.
2026-10-09T21:56:38Z INFO [597/1886] c600d548-9913-4fe5-af0d-3dc62d69da68: 18 internal nodes; 0.9 s; peak memory 443 MiB.
2026-10-09T21:56:47Z INFO [598/1886] c6012172-9936-45d7-8527-4ccbc4ecfd19: 44 internal nodes; 8.6 s; peak memory 443 MiB.
2026-10-09T21:56:50Z INFO [599/1886] c6017667-185c-4808-82fa-bd6469c58285: 44 internal nodes; 3.2 s; peak memory 443 MiB.
2026-10-09T21:56:52Z INFO [600/1886] c6023b59-3fb6-4aa0-8d89-e43be47285f1: 27 internal nodes; 1.5 s; peak memory 443 MiB.
2026-10-09T21:56:52Z INFO [600/1886] c6023b59-3fb6-4aa0-8d89-e43be47285f1: checkpointed 142534 new records.
2026-10-09T21:57:00Z INFO [601/1886] c603226d-58aa-4fb6-9807-f28cdde64eb6: 63 internal nodes; 7.8 s; peak memory 443 MiB.
2026-10-09T21:57:01Z INFO [602/1886] c6034d00-934b-450e-baee-8f54e4998f93: 18 internal nodes; 1.4 s; peak memory 443 MiB.
2026-10-09T21:57:03Z INFO [603/1886] c603dea9-43ca-4540-bb87-a95b79f19d57: 52 internal nodes; 1.4 s; peak memory 443 MiB.
2026-10-09T21:57:04Z INFO [604/1886] c603fd4a-933a-435f-94a2-5d3f99951c52: 18 internal nodes; 1.2 s; peak memory 443 MiB.
2026-10-09T21:57:05Z INFO [605/1886] c60403fa-14c8-4f4b-b3b8-cd536842e956: 13 internal nodes; 1.1 s; peak memory 443 MiB.
2026-10-09T21:57:11Z INFO [606/1886] c6048ac2-996c-4a4b-ad23-ccc7c63ed8fc: 68 internal nodes; 6.2 s; peak memory 443 MiB.
2026-10-09T21:57:24Z INFO [607/1886] c6057520-8fa9-465a-9b11-1f6ceafab008: 877 internal nodes; 12.5 s; peak memory 443 MiB.
2026-10-09T21:57:29Z INFO [608/1886] c606c984-8319-4562-b467-cafe1691b195: 73 internal nodes; 5.4 s; peak memory 443 MiB.
2026-10-09T21:57:31Z INFO [609/1886] c6074d49-bc7d-4201-9f49-978ade4097ff: 30 internal nodes; 1.5 s; peak memory 443 MiB.
2026-10-09T21:57:32Z INFO [610/1886] c607832e-d689-4ec5-b921-c0fc11dc379e: 11 internal nodes; 0.8 s; peak memory 443 MiB.
2026-10-09T21:57:33Z INFO [611/1886] c607a65d-bf73-4e4b-ac3f-0398a2bd0527: 27 internal nodes; 1.3 s; peak memory 443 MiB.
2026-10-09T21:57:34Z INFO [612/1886] c6086915-1e64-4c3f-8e33-2bb7ed950f8f: 17 internal nodes; 1.1 s; peak memory 443 MiB.
2026-10-09T21:57:35Z INFO [613/1886] c6087379-82e8-4f0c-8b14-94b980597cea: 27 internal nodes; 1.4 s; peak memory 443 MiB.
2026-10-09T21:57:37Z INFO [614/1886] c6095e54-1148-4406-888d-004661401e4e: 17 internal nodes; 1.2 s; peak memory 443 MiB.
2026-10-09T21:57:38Z INFO [615/1886] c609e089-a6b1-4109-9a1d-b24bb2f4d123: 116 internal nodes; 1.3 s; peak memory 443 MiB.
2026-10-09T21:57:39Z INFO [616/1886] c60b1578-02d7-4762-8fd6-a535664d71d4: 27 internal nodes; 1.4 s; peak memory 443 MiB.
2026-10-09T21:57:40Z INFO [617/1886] c60b57ee-669c-41d2-8f4f-ad77b47c7873: 17 internal nodes; 1.1 s; peak memory 443 MiB.
2026-10-09T21:57:42Z INFO [618/1886] c60b8b48-9fcf-407e-a063-f1db38c78ac8: 29 internal nodes; 1.7 s; peak memory 443 MiB.
2026-10-09T21:57:43Z INFO [619/1886] c60ba412-ee7f-4b8a-b4fd-1c439d03e5e6: 17 internal nodes; 1.1 s; peak memory 443 MiB.
2026-10-09T21:57:44Z INFO [620/1886] c60c2e0a-e735-42e1-b0f4-7dd35dd9d1cc: 17 internal nodes; 1.1 s; peak memory 443 MiB.
2026-10-09T21:57:46Z INFO [621/1886] c60c9ba8-e58b-42f5-ac44-d021e8eb876c: 31 internal nodes; 1.6 s; peak memory 443 MiB.
2026-10-09T21:57:47Z INFO [622/1886] c60da312-0015-4da1-9fec-3ee0659900cb: 17 internal nodes; 1.1 s; peak memory 443 MiB.
2026-10-09T21:57:58Z INFO [623/1886] c60df6e2-50af-4295-ad29-85094379508b: 71 internal nodes; 11.2 s; peak memory 443 MiB.
2026-10-09T21:58:00Z INFO [624/1886] c60e187a-ddab-4111-a0cb-5d030abc38a6: 27 internal nodes; 1.4 s; peak memory 443 MiB.
2026-10-09T21:58:01Z INFO [625/1886] c60fbc29-34b8-4025-9633-beaa64274f68: 27 internal nodes; 1.5 s; peak memory 443 MiB.
2026-10-09T21:58:14Z INFO [626/1886] c6111b65-13f6-44a5-ab91-6d49710a0adb: 127 internal nodes; 12.4 s; peak memory 443 MiB.
2026-10-09T21:58:20Z INFO [627/1886] c611250e-b795-4cfe-9db0-6bcbce795f8f: 134 internal nodes; 6.3 s; peak memory 443 MiB.
2026-10-09T21:58:22Z INFO [628/1886] c6118810-d940-46e2-abb4-e333a1d7d903: 34 internal nodes; 1.9 s; peak memory 443 MiB.
2026-10-09T21:58:23Z INFO [629/1886] c612443d-a47c-4af7-910e-368ae4060b85: 18 internal nodes; 1.0 s; peak memory 443 MiB.
2026-10-09T21:58:23Z INFO [630/1886] c61295ca-c28b-43f6-99a7-91427d0068f0: 11 internal nodes; 0.7 s; peak memory 443 MiB.
2026-10-09T21:58:27Z INFO [631/1886] c612b99d-a1cd-453a-8a81-70e64f71c2bb: 41 internal nodes; 3.3 s; peak memory 443 MiB.
2026-10-09T21:58:29Z INFO [632/1886] c61301bf-b9c6-4c95-aa62-067b781ac670: 69 internal nodes; 1.9 s; peak memory 443 MiB.
2026-10-09T21:58:31Z INFO [633/1886] c61318b4-e9ab-4119-bc96-4df885470634: 31 internal nodes; 1.9 s; peak memory 443 MiB.
2026-10-09T21:58:32Z INFO [634/1886] c6135b7a-8663-465f-ad23-e1e309431443: 17 internal nodes; 1.1 s; peak memory 443 MiB.
2026-10-09T21:58:33Z INFO [635/1886] c613f811-14bd-4c31-817a-da6f40539de5: 27 internal nodes; 1.4 s; peak memory 443 MiB.
2026-10-09T21:58:34Z INFO [636/1886] c6146e9c-303b-4b4d-9e80-0403a71bd4e1: 18 internal nodes; 0.9 s; peak memory 443 MiB.
2026-10-09T21:58:35Z INFO [637/1886] c614b5b0-3041-4864-95c2-adc779925e3e: 116 internal nodes; 1.3 s; peak memory 443 MiB.
2026-10-09T21:58:36Z INFO [638/1886] c61521a9-5ff8-4a40-a172-246ba81546f9: 19 internal nodes; 1.1 s; peak memory 443 MiB.
2026-10-09T21:58:37Z INFO [639/1886] c6164d6f-6e30-4239-a55c-cec630555193: 17 internal nodes; 1.1 s; peak memory 443 MiB.
2026-10-09T21:58:39Z INFO [640/1886] c616aeac-d59d-478d-85cd-d5f3cdfce2eb: 31 internal nodes; 1.3 s; peak memory 443 MiB.
2026-10-09T21:58:47Z INFO [641/1886] c6179a84-ec31-41e5-be07-aed749222be6: 181 internal nodes; 8.6 s; peak memory 443 MiB.
2026-10-09T21:58:48Z INFO [642/1886] c617e663-9e58-455b-9ace-3e9640ebb729: 17 internal nodes; 1.2 s; peak memory 443 MiB.
2026-10-09T21:58:49Z INFO [643/1886] c6188f7c-c770-467d-b295-b91b4ff27ad2: 11 internal nodes; 0.9 s; peak memory 443 MiB.
2026-10-09T21:58:52Z INFO [644/1886] c61a749e-d2d7-4560-a3d6-c2c751ba1962: 55 internal nodes; 3.0 s; peak memory 443 MiB.
2026-10-09T21:59:03Z INFO [645/1886] c61ad424-3f8b-4a37-8129-f759f3044a66: 229 internal nodes; 11.1 s; peak memory 443 MiB.
2026-10-09T21:59:04Z INFO [646/1886] c61c6b41-1ffc-4b78-a4ab-c860569c42dc: 18 internal nodes; 1.0 s; peak memory 443 MiB.
2026-10-09T21:59:06Z INFO [647/1886] c61cb125-2113-4f7a-b62f-f52995691490: 19 internal nodes; 1.2 s; peak memory 443 MiB.
2026-10-09T21:59:07Z INFO [648/1886] c61d0b17-b100-4ad7-9d92-5ec68cb11213: 27 internal nodes; 1.4 s; peak memory 443 MiB.
2026-10-09T21:59:08Z INFO [649/1886] c61ed9cd-cb2b-4554-9a2c-d43bac5c5dd8: 27 internal nodes; 1.3 s; peak memory 443 MiB.
2026-10-09T21:59:09Z INFO [650/1886] c61ffbb6-217a-4e4e-8754-f0e3292088ae: 17 internal nodes; 1.1 s; peak memory 443 MiB.
2026-10-09T21:59:10Z INFO [650/1886] c61ffbb6-217a-4e4e-8754-f0e3292088ae: checkpointed 142584 new records.
2026-10-09T21:59:11Z INFO [651/1886] c620ab99-1098-4de8-8f77-1a771636b251: 27 internal nodes; 1.3 s; peak memory 443 MiB.
2026-10-09T21:59:22Z INFO [652/1886] c6216b53-57ef-46af-a7ff-91ef889a6b81: 50 internal nodes; 10.8 s; peak memory 443 MiB.
2026-10-09T21:59:23Z INFO [653/1886] c6221c54-5fb8-416b-b285-649f6d6e948f: 27 internal nodes; 1.3 s; peak memory 443 MiB.
2026-10-09T21:59:25Z INFO [654/1886] c622fd5d-222b-4580-9611-f044d38b1c48: 27 internal nodes; 1.5 s; peak memory 443 MiB.
2026-10-09T21:59:27Z INFO [655/1886] c6230899-357f-4a1c-b9ca-19768ef278fb: 26 internal nodes; 2.2 s; peak memory 443 MiB.
2026-10-09T21:59:28Z INFO [656/1886] c6248493-48a9-4750-8611-f59a38fb5a93: 17 internal nodes; 1.1 s; peak memory 443 MiB.
2026-10-09T21:59:29Z INFO [657/1886] c625394e-c3cc-4b6d-b484-2a980e01bd54: 13 internal nodes; 1.2 s; peak memory 443 MiB.
2026-10-09T21:59:31Z INFO [658/1886] c6260349-918d-4b06-a600-e89a83667907: 31 internal nodes; 1.5 s; peak memory 443 MiB.
2026-10-09T21:59:32Z INFO [659/1886] c6262f0e-6252-4b70-a468-09a7b35f5a7f: 13 internal nodes; 0.9 s; peak memory 443 MiB.
2026-10-09T21:59:33Z INFO [660/1886] c62639ec-95ee-4f2b-b48b-dc262d8ad350: 27 internal nodes; 1.4 s; peak memory 443 MiB.
2026-10-09T21:59:37Z INFO [661/1886] c6264e97-1152-4dd5-87b9-e4771f1cfeca: 49 internal nodes; 4.0 s; peak memory 443 MiB.
2026-10-09T21:59:40Z INFO [662/1886] c626c141-a196-4774-9eef-a85e2e20a3c5: 45 internal nodes; 2.4 s; peak memory 443 MiB.
2026-10-09T21:59:41Z INFO [663/1886] c6274b2c-793b-4f7d-b9da-ec170fc98976: 17 internal nodes; 1.1 s; peak memory 443 MiB.
2026-10-09T21:59:42Z INFO [664/1886] c627c5fe-06b2-4122-aed8-26e254010123: 27 internal nodes; 1.5 s; peak memory 443 MiB.
2026-10-09T21:59:44Z INFO [665/1886] c628a8e4-7122-40ef-908c-75c879736889: 26 internal nodes; 2.2 s; peak memory 443 MiB.
2026-10-09T21:59:45Z INFO [666/1886] c628adbe-a91b-4d69-b82d-e832c11d011f: 17 internal nodes; 0.8 s; peak memory 443 MiB.
2026-10-09T21:59:47Z INFO [667/1886] c629299e-b674-49c8-b6a9-d91412c4d488: 25 internal nodes; 1.5 s; peak memory 443 MiB.
2026-10-09T21:59:48Z INFO [668/1886] c62951b3-3a90-4e3a-95e4-b6805b7f2bda: 27 internal nodes; 1.3 s; peak memory 443 MiB.
2026-10-09T21:59:49Z INFO [669/1886] c6298119-cf1e-474d-a26d-0947f38edd5a: 17 internal nodes; 1.1 s; peak memory 443 MiB.
2026-10-09T21:59:55Z INFO [670/1886] c62a2ddd-f70e-4f56-a7aa-c3ade955dba8: 73 internal nodes; 5.9 s; peak memory 443 MiB.
2026-10-09T21:59:56Z INFO [671/1886] c62abd8d-b934-466f-97f0-c37d40057114: 17 internal nodes; 1.2 s; peak memory 443 MiB.
2026-10-09T21:59:59Z INFO [672/1886] c62b2db0-3158-4e8f-ae08-ca0431f50d91: 44 internal nodes; 3.0 s; peak memory 443 MiB.
2026-10-09T22:00:02Z INFO [673/1886] c62bcb33-eb2f-4d8f-b018-858979ec7919: 61 internal nodes; 2.6 s; peak memory 443 MiB.
2026-10-09T22:00:08Z INFO [674/1886] c62bd19c-3670-4885-8782-df15441e9f85: 73 internal nodes; 6.4 s; peak memory 443 MiB.
2026-10-09T22:00:10Z INFO [675/1886] c62c13ec-aca1-4157-8a0c-98c6e155c860: 55 internal nodes; 2.0 s; peak memory 443 MiB.
2026-10-09T22:00:11Z INFO [676/1886] c62c17a8-9e25-4a8f-8724-4eb71515d7ae: 22 internal nodes; 1.1 s; peak memory 443 MiB.
2026-10-09T22:00:30Z INFO [677/1886] c62ca79e-a7aa-4eb2-b329-a3f7f077db1a: 1094 internal nodes; 18.3 s; peak memory 443 MiB.
2026-10-09T22:00:31Z INFO [678/1886] c62ce3b5-6ab5-4f6f-b9dd-f2d858b12096: 15 internal nodes; 0.9 s; peak memory 443 MiB.
2026-10-09T22:00:32Z INFO [679/1886] c62d670e-942b-4384-a030-ff233ab2c87f: 17 internal nodes; 1.3 s; peak memory 443 MiB.
2026-10-09T22:00:38Z INFO [680/1886] c62d76d0-bf77-4597-9af0-c590eef2ffed: 124 internal nodes; 6.2 s; peak memory 443 MiB.
2026-10-09T22:00:40Z INFO [681/1886] c62e2664-82f4-4841-8750-7fcf6e5d11a5: 27 internal nodes; 1.4 s; peak memory 443 MiB.
2026-10-09T22:00:53Z INFO [682/1886] c62e6f80-7cf1-4e93-b026-e03906296abc: 223 internal nodes; 13.0 s; peak memory 443 MiB.
2026-10-09T22:00:55Z INFO [683/1886] c62e9cd1-56fe-4f93-a262-9014628d7689: 30 internal nodes; 2.4 s; peak memory 443 MiB.
2026-10-09T22:00:56Z INFO [684/1886] c62ed87d-2633-45ea-bbfb-18ecec507b0c: 13 internal nodes; 1.3 s; peak memory 443 MiB.
2026-10-09T22:01:00Z INFO [685/1886] c62f0239-84f1-474a-ad23-5a748c018ed7: 56 internal nodes; 3.9 s; peak memory 443 MiB.
2026-10-09T22:01:02Z INFO [686/1886] c62fb5de-b5ae-4817-9470-d58cd6e7a28e: 27 internal nodes; 1.4 s; peak memory 443 MiB.
2026-10-09T22:01:10Z INFO [687/1886] c63027f2-0c11-4f89-98fd-0dadd3cff6ab: 184 internal nodes; 8.2 s; peak memory 443 MiB.
2026-10-09T22:01:12Z INFO [688/1886] c631c61c-de91-4fd5-8ab9-7364c996f3c0: 29 internal nodes; 2.2 s; peak memory 443 MiB.
2026-10-09T22:01:13Z INFO [689/1886] c632d0c3-8496-4863-ae28-0fc72d7d3058: 17 internal nodes; 1.2 s; peak memory 443 MiB.
2026-10-09T22:01:15Z INFO [690/1886] c632f037-dba5-4b66-ad81-bf4da79067e9: 34 internal nodes; 2.0 s; peak memory 443 MiB.
2026-10-09T22:01:17Z INFO [691/1886] c6333595-5069-42e3-b17e-a86915691685: 29 internal nodes; 1.5 s; peak memory 443 MiB.
2026-10-09T22:01:20Z INFO [692/1886] c6346234-f4f6-4b0b-b00e-6fd86e86786d: 55 internal nodes; 3.2 s; peak memory 443 MiB.
2026-10-09T22:01:21Z INFO [693/1886] c63577bd-ef23-4ad9-b52b-41d7b00d3bc2: 90 internal nodes; 1.4 s; peak memory 443 MiB.
2026-10-09T22:01:22Z INFO [694/1886] c635defd-615f-4ede-bdba-3645d815514e: 17 internal nodes; 1.2 s; peak memory 443 MiB.
2026-10-09T22:01:24Z INFO [695/1886] c635fc13-dd90-43ab-b26f-00cea3f4efc6: 31 internal nodes; 1.8 s; peak memory 443 MiB.
2026-10-09T22:01:26Z INFO [696/1886] c6362421-3a35-4764-baac-b9ed58ea8aed: 31 internal nodes; 2.0 s; peak memory 443 MiB.
2026-10-09T22:01:30Z INFO [697/1886] c6370846-e408-4e4a-8b7e-4018a86f9def: 46 internal nodes; 3.8 s; peak memory 443 MiB.
2026-10-09T22:01:37Z INFO [698/1886] c6375804-864d-4d8f-b312-4359c93f043b: 201 internal nodes; 7.3 s; peak memory 443 MiB.
2026-10-09T22:01:48Z INFO [699/1886] c6378602-c8dc-4c7f-9d83-1021e09691b7: 267 internal nodes; 10.9 s; peak memory 443 MiB.
2026-10-09T22:01:52Z INFO [700/1886] c6383bb9-404f-47a4-92e2-18e8507a5ce7: 46 internal nodes; 3.6 s; peak memory 443 MiB.
2026-10-09T22:01:52Z INFO [700/1886] c6383bb9-404f-47a4-92e2-18e8507a5ce7: checkpointed 142634 new records.
2026-10-09T22:01:54Z INFO [701/1886] c63859ec-9a85-456f-a7ea-6a0dea69823a: 29 internal nodes; 1.7 s; peak memory 443 MiB.
2026-10-09T22:01:55Z INFO [702/1886] c6392e97-595d-4adf-98ab-f560773aa7a7: 30 internal nodes; 1.5 s; peak memory 443 MiB.
2026-10-09T22:01:58Z INFO [703/1886] c639642a-f9c4-4152-8ee4-3b3ecbaeb020: 52 internal nodes; 2.7 s; peak memory 443 MiB.
2026-10-09T22:02:01Z INFO [704/1886] c63a412b-0225-412f-b1d2-db4121be662a: 44 internal nodes; 2.9 s; peak memory 443 MiB.
2026-10-09T22:02:11Z INFO [705/1886] c63a4db1-9304-446a-8b6e-ae72963235d8: 327 internal nodes; 9.8 s; peak memory 443 MiB.
2026-10-09T22:02:12Z INFO [706/1886] c63ad6fb-c8e6-4e2b-9ef5-e34e2752edd1: 23 internal nodes; 1.3 s; peak memory 443 MiB.
2026-10-09T22:02:14Z INFO [707/1886] c63ca4a4-fe3a-4fa2-a26e-d6d6c6e6ff90: 27 internal nodes; 1.4 s; peak memory 443 MiB.
2026-10-09T22:02:17Z INFO [708/1886] c63caf5b-a380-416d-b655-533594d4c1d4: 44 internal nodes; 3.1 s; peak memory 443 MiB.
2026-10-09T22:02:24Z INFO [709/1886] c63d609b-a566-43f4-a20c-19b0d1ff0791: 177 internal nodes; 7.7 s; peak memory 443 MiB.
2026-10-09T22:03:23Z INFO [710/1886] c63def38-6feb-4cbb-994e-78b3cdf7f611: 2893 internal nodes; 58.5 s; peak memory 458 MiB.
2026-10-09T22:03:27Z INFO [711/1886] c63df6c0-19f3-45fe-b457-ccc62da5d091: 49 internal nodes; 4.0 s; peak memory 458 MiB.
2026-10-09T22:03:28Z INFO [712/1886] c63e1007-2cf4-4bae-8a19-cd0a2ca07030: 27 internal nodes; 1.5 s; peak memory 458 MiB.
2026-10-09T22:03:35Z INFO [713/1886] c63eed6f-357d-49a5-a29e-5f9967607251: 73 internal nodes; 6.2 s; peak memory 458 MiB.
2026-10-09T22:03:36Z INFO [714/1886] c63f4395-92da-4d94-90e4-e66b6adc32ee: 83 internal nodes; 1.6 s; peak memory 458 MiB.
2026-10-09T22:03:37Z INFO [715/1886] c6400a9b-392b-49b8-9040-20434992ad74: 17 internal nodes; 1.2 s; peak memory 458 MiB.
2026-10-09T22:03:40Z INFO [716/1886] c6401ca7-9c40-4d64-ac0b-b80fc61a350e: 59 internal nodes; 2.5 s; peak memory 458 MiB.
2026-10-09T22:03:41Z INFO [717/1886] c640201e-dba4-448e-89a8-3391f89eb62f: 21 internal nodes; 0.8 s; peak memory 458 MiB.
2026-10-09T22:03:42Z INFO [718/1886] c641f7c3-0c7e-4b45-9b1a-7e374a519719: 17 internal nodes; 1.1 s; peak memory 458 MiB.
2026-10-09T22:03:43Z INFO [719/1886] c64265a7-3a1f-4284-bf9f-7eba28a7a342: 17 internal nodes; 1.1 s; peak memory 458 MiB.
2026-10-09T22:03:44Z INFO [720/1886] c642c4f5-1685-4e57-99ad-a457dfb37ddb: 17 internal nodes; 1.1 s; peak memory 458 MiB.
2026-10-09T22:03:49Z INFO [721/1886] c642e6b3-47b8-4586-b249-1e36ca4b6837: 117 internal nodes; 5.4 s; peak memory 458 MiB.
2026-10-09T22:03:53Z INFO [722/1886] c643a336-b41b-40fd-b9d0-622971c36006: 46 internal nodes; 3.5 s; peak memory 458 MiB.
2026-10-09T22:04:01Z INFO [723/1886] c643b0c5-9031-403a-a76e-761fd38837bc: 453 internal nodes; 8.0 s; peak memory 458 MiB.
2026-10-09T22:04:08Z INFO [724/1886] c6445e6c-f3e6-4db4-bbf3-09cacefd0e0b: 54 internal nodes; 6.9 s; peak memory 458 MiB.
2026-10-09T22:04:09Z INFO [725/1886] c644796c-7628-4933-99e2-96ded902cff8: 41 internal nodes; 1.6 s; peak memory 458 MiB.
2026-10-09T22:04:11Z INFO [726/1886] c6449740-f31d-4ccc-b811-ee12fafdead2: 19 internal nodes; 1.2 s; peak memory 458 MiB.
2026-10-09T22:04:13Z INFO [727/1886] c644e314-dcf1-4c79-a653-d408add758e5: 31 internal nodes; 2.0 s; peak memory 458 MiB.
2026-10-09T22:04:14Z INFO [728/1886] c644efd3-d48d-4f05-a2e0-51c8e86b1ede: 31 internal nodes; 1.7 s; peak memory 458 MiB.
2026-10-09T22:04:17Z INFO [729/1886] c646327b-a23b-46d3-9e87-716678d34eff: 45 internal nodes; 2.8 s; peak memory 458 MiB.
2026-10-09T22:04:20Z INFO [730/1886] c646f90c-ba0e-4f6f-b31a-114024291eb4: 47 internal nodes; 3.1 s; peak memory 458 MiB.
2026-10-09T22:04:22Z INFO [731/1886] c64707c8-836b-47d3-ab12-32b918031b37: 27 internal nodes; 1.4 s; peak memory 458 MiB.
2026-10-09T22:04:23Z INFO [732/1886] c648189d-51aa-44f9-a882-4044aa6ebbd7: 27 internal nodes; 1.5 s; peak memory 458 MiB.
2026-10-09T22:04:29Z INFO [733/1886] c6486617-7474-49f7-8f32-b9ede4cfeeea: 132 internal nodes; 5.9 s; peak memory 458 MiB.
2026-10-09T22:04:31Z INFO [734/1886] c6495ddb-53b2-4fd2-8f9a-1e4e5bc175b4: 27 internal nodes; 1.6 s; peak memory 458 MiB.
2026-10-09T22:04:33Z INFO [735/1886] c6499011-b6b8-4c7d-a3a2-0533ae0bceb8: 50 internal nodes; 2.6 s; peak memory 458 MiB.
2026-10-09T22:04:34Z INFO [736/1886] c64998e4-f987-4f86-8b41-f4a65602fec4: 11 internal nodes; 0.7 s; peak memory 458 MiB.
2026-10-09T22:04:35Z INFO [737/1886] c649b7dd-05b4-48de-8032-979c444bc6f9: 17 internal nodes; 1.2 s; peak memory 458 MiB.
2026-10-09T22:04:38Z INFO [738/1886] c649e22b-e32c-4d4e-a41a-dc9758aad99a: 42 internal nodes; 2.9 s; peak memory 458 MiB.
2026-10-09T22:04:41Z INFO [739/1886] c64a1208-526e-4394-9452-d397de771677: 44 internal nodes; 2.8 s; peak memory 458 MiB.
2026-10-09T22:04:42Z INFO [740/1886] c64a325e-c681-464e-94fd-a16a4e7360c7: 19 internal nodes; 1.2 s; peak memory 458 MiB.
2026-10-09T22:10:28Z INFO [741/1886] c64af80a-9988-4c4f-b2c8-fff7ffe0b3a0: 8611 internal nodes; 345.9 s; peak memory 978 MiB.
2026-10-09T22:10:30Z INFO [742/1886] c64b3877-d4e2-4df5-b89f-48db872795a9: 31 internal nodes; 1.7 s; peak memory 978 MiB.
2026-10-09T22:10:33Z INFO [743/1886] c64b3d1a-cf2f-4f5f-9cc5-26f8cfd2a1ba: 55 internal nodes; 3.0 s; peak memory 978 MiB.
2026-10-09T22:10:34Z INFO [744/1886] c64c9073-c4b5-46a0-9c37-0f533f881cf1: 53 internal nodes; 1.5 s; peak memory 978 MiB.
2026-10-09T22:10:35Z INFO [745/1886] c64cbf3a-9fda-4a32-ae22-66a8f8ae78cf: 26 internal nodes; 0.8 s; peak memory 978 MiB.
2026-10-09T22:10:36Z INFO [746/1886] c64d8bf0-d402-4655-933d-f3c5b3cc3763: 17 internal nodes; 1.1 s; peak memory 978 MiB.
2026-10-09T22:10:43Z INFO [747/1886] c64e4aaa-8b4a-4d3b-80ca-41d03c2de0dd: 65 internal nodes; 7.1 s; peak memory 978 MiB.
2026-10-09T22:10:44Z INFO [748/1886] c64faafc-4117-48c0-887b-d18903446dc0: 17 internal nodes; 1.2 s; peak memory 978 MiB.
2026-10-09T22:10:45Z INFO [749/1886] c6508df3-2101-4bc7-9ccf-67439843e288: 17 internal nodes; 1.0 s; peak memory 978 MiB.
2026-10-09T22:10:46Z INFO [750/1886] c6515938-2ce3-4ece-bf32-55f173dc835e: 11 internal nodes; 0.8 s; peak memory 978 MiB.
2026-10-09T22:10:47Z INFO [750/1886] c6515938-2ce3-4ece-bf32-55f173dc835e: checkpointed 142684 new records.
2026-10-09T22:10:48Z INFO [751/1886] c651bd25-4ea7-49f5-90fc-167b0b021303: 11 internal nodes; 1.0 s; peak memory 978 MiB.
2026-10-09T22:10:56Z INFO [752/1886] c651ecfb-1c4f-4859-a6f8-11d6189b83a7: 179 internal nodes; 8.3 s; peak memory 978 MiB.
2026-10-09T22:10:57Z INFO [753/1886] c6528b45-1972-4dff-ba59-9700d81e4e0b: 27 internal nodes; 1.2 s; peak memory 978 MiB.
2026-10-09T22:11:09Z INFO [754/1886] c65334bd-043b-471c-8848-c23434f65e37: 1355 internal nodes; 11.7 s; peak memory 978 MiB.
2026-10-09T22:11:10Z INFO [755/1886] c6540bce-aef8-4759-82ff-1bee07c5008e: 20 internal nodes; 1.1 s; peak memory 978 MiB.
2026-10-09T22:11:12Z INFO [756/1886] c654a7ee-f4fa-47e9-9909-639da89e818b: 58 internal nodes; 1.9 s; peak memory 978 MiB.
2026-10-09T22:11:13Z INFO [757/1886] c6551e97-5239-4e1e-b247-58371172730f: 17 internal nodes; 1.0 s; peak memory 978 MiB.
2026-10-09T22:11:14Z INFO [758/1886] c6563f8d-fd1c-474f-a504-be7d19220e6f: 17 internal nodes; 1.1 s; peak memory 978 MiB.
2026-10-09T22:11:19Z INFO [759/1886] c6568a0f-0a5b-457b-b6aa-7f3a9aa62d54: 64 internal nodes; 5.5 s; peak memory 978 MiB.
2026-10-09T22:11:23Z INFO [760/1886] c656977e-2323-4080-9980-825d48ae2cd9: 53 internal nodes; 3.4 s; peak memory 978 MiB.
2026-10-09T22:11:24Z INFO [761/1886] c656b710-eb9d-4f92-a01c-622d834d1632: 29 internal nodes; 1.6 s; peak memory 978 MiB.
2026-10-09T22:11:30Z INFO [762/1886] c657772f-40aa-4892-bdab-427571dce38c: 81 internal nodes; 5.3 s; peak memory 978 MiB.
2026-10-09T22:11:31Z INFO [763/1886] c657da70-f507-4c43-8970-b44201e0b187: 31 internal nodes; 1.3 s; peak memory 978 MiB.
2026-10-09T22:11:34Z INFO [764/1886] c6584584-dfd5-4271-b188-d9dff753817b: 46 internal nodes; 3.2 s; peak memory 978 MiB.
2026-10-09T22:11:36Z INFO [765/1886] c659f700-a0e9-43a7-b80b-10c57846583d: 27 internal nodes; 1.2 s; peak memory 978 MiB.
2026-10-09T22:11:37Z INFO [766/1886] c65b26c0-bef8-4802-9f72-5a3ba4bce046: 67 internal nodes; 1.6 s; peak memory 978 MiB.
2026-10-09T22:11:45Z INFO [767/1886] c65d3e28-41a1-44c9-af8d-c86d103a107f: 190 internal nodes; 7.4 s; peak memory 978 MiB.
2026-10-09T22:11:46Z INFO [768/1886] c65d51d2-a338-42f4-9796-3e22d31d9272: 17 internal nodes; 1.1 s; peak memory 978 MiB.
2026-10-09T22:11:47Z INFO [769/1886] c65e7631-d5a5-4d9f-8db5-4f6289fb69aa: 22 internal nodes; 0.8 s; peak memory 978 MiB.
2026-10-09T22:11:48Z INFO [770/1886] c65ea56a-5354-4fc7-807c-7fb755531fcc: 19 internal nodes; 1.1 s; peak memory 978 MiB.
2026-10-09T22:11:49Z INFO [771/1886] c6604c49-00a3-4da7-a843-5ae52199d559: 31 internal nodes; 1.7 s; peak memory 978 MiB.
2026-10-09T22:11:52Z INFO [772/1886] c6605516-5662-44ca-8c15-de2e427ad8b3: 44 internal nodes; 2.2 s; peak memory 978 MiB.
2026-10-09T22:11:53Z INFO [773/1886] c661d6c7-b7cf-494f-a876-4dd1eb20045a: 17 internal nodes; 1.1 s; peak memory 978 MiB.
2026-10-09T22:11:54Z INFO [774/1886] c661e887-cd43-47c5-8ab6-1fecb7e38109: 37 internal nodes; 1.5 s; peak memory 978 MiB.
2026-10-09T22:11:55Z INFO [775/1886] c6623595-157f-4333-8b52-af77e4bfd8fb: 17 internal nodes; 1.3 s; peak memory 978 MiB.
2026-10-09T22:11:57Z INFO [776/1886] c6625c42-a189-4384-a595-8f2cfebed166: 17 internal nodes; 1.2 s; peak memory 978 MiB.
2026-10-09T22:11:57Z INFO [777/1886] c6631358-384e-420c-b7f2-1d6cdcfa45be: 11 internal nodes; 0.8 s; peak memory 978 MiB.
2026-10-09T22:11:59Z INFO [778/1886] c6636a70-e76d-4e0e-af9b-7dbb0035f238: 18 internal nodes; 1.3 s; peak memory 978 MiB.
2026-10-09T22:12:00Z INFO [779/1886] c66393bb-526f-492b-bd50-314b99b53518: 90 internal nodes; 1.4 s; peak memory 978 MiB.
2026-10-09T22:12:03Z INFO [780/1886] c6648c23-1966-4c5e-b687-85518d271392: 50 internal nodes; 3.1 s; peak memory 978 MiB.
2026-10-09T22:12:04Z INFO [781/1886] c6655379-d349-4063-af8f-2346286e85ce: 17 internal nodes; 1.1 s; peak memory 978 MiB.
2026-10-09T22:12:06Z INFO [782/1886] c66570dc-d577-453c-9fd1-ed0dc1f7ac19: 90 internal nodes; 1.4 s; peak memory 978 MiB.
2026-10-09T22:12:22Z INFO [783/1886] c6657c0f-a043-4899-85b1-6e101a68dc71: 136 internal nodes; 16.5 s; peak memory 978 MiB.
2026-10-09T22:12:24Z INFO [784/1886] c6667400-1f27-41af-92f1-a0a42d3d6f06: 28 internal nodes; 1.8 s; peak memory 978 MiB.
2026-10-09T22:12:25Z INFO [785/1886] c668fb44-fee8-4474-8c69-833307bf334e: 27 internal nodes; 1.4 s; peak memory 978 MiB.
2026-10-09T22:12:33Z INFO [786/1886] c669555d-4db7-4048-8034-bab6dede3c62: 61 internal nodes; 7.8 s; peak memory 978 MiB.
2026-10-09T22:12:35Z INFO [787/1886] c66990a0-68ed-4bd4-bb2d-da2f96171644: 115 internal nodes; 1.3 s; peak memory 978 MiB.
2026-10-09T22:12:35Z INFO [788/1886] c669d871-834e-4bb6-ae32-487da2608c09: 6 internal nodes; 0.8 s; peak memory 978 MiB.
2026-10-09T22:12:36Z INFO [789/1886] c669f4c3-c82c-4222-82dc-fbc090ae39d6: 13 internal nodes; 1.1 s; peak memory 978 MiB.
2026-10-09T22:12:38Z INFO [790/1886] c66a1b1b-509b-440a-b246-062314d24b39: 31 internal nodes; 1.6 s; peak memory 978 MiB.
2026-10-09T22:12:39Z INFO [791/1886] c66a8790-291d-4f59-867f-4321743c6e10: 26 internal nodes; 1.3 s; peak memory 978 MiB.
2026-10-09T22:12:44Z INFO [792/1886] c66ae578-f853-49de-b70a-a451643f97b4: 70 internal nodes; 5.0 s; peak memory 978 MiB.
2026-10-09T22:12:46Z INFO [793/1886] c66b11c7-8a02-450f-92fa-a997d4749876: 17 internal nodes; 1.1 s; peak memory 978 MiB.
2026-10-09T22:12:47Z INFO [794/1886] c66b2e8b-8eb7-4233-be5f-74f55f1b3d5e: 17 internal nodes; 1.1 s; peak memory 978 MiB.
2026-10-09T22:12:48Z INFO [795/1886] c66b9385-7855-4d1a-8732-ce15480d46d8: 23 internal nodes; 1.4 s; peak memory 978 MiB.
2026-10-09T22:12:49Z INFO [796/1886] c66b9c36-4520-4605-bcb5-f3f342ea52dc: 23 internal nodes; 1.3 s; peak memory 978 MiB.
2026-10-09T22:12:50Z INFO [797/1886] c66c037f-01a8-45da-9fd4-42687e0fc2c3: 18 internal nodes; 0.9 s; peak memory 978 MiB.
2026-10-09T22:12:51Z INFO [798/1886] c66cfda1-907e-488b-85c6-da3b2f30a125: 25 internal nodes; 1.3 s; peak memory 978 MiB.
2026-10-09T22:12:52Z INFO [799/1886] c66e2199-8a5b-4bff-a531-510cb6aa839a: 13 internal nodes; 0.7 s; peak memory 978 MiB.
2026-10-09T22:12:53Z INFO [800/1886] c67018cf-9f5c-4260-8fca-57e21f7f5319: 17 internal nodes; 1.0 s; peak memory 978 MiB.
2026-10-09T22:12:54Z INFO [800/1886] c67018cf-9f5c-4260-8fca-57e21f7f5319: checkpointed 142734 new records.
2026-10-09T22:13:03Z INFO [801/1886] c6701bcd-6876-41a6-bb7d-9af3165aced3: 44 internal nodes; 9.0 s; peak memory 978 MiB.
2026-10-09T22:13:04Z INFO [802/1886] c67048b4-4263-4254-9662-07523f75bd19: 23 internal nodes; 1.3 s; peak memory 978 MiB.
2026-10-09T22:13:05Z INFO [803/1886] c6722089-385c-46ed-8db0-a4754a6fcf29: 116 internal nodes; 1.3 s; peak memory 978 MiB.
2026-10-09T22:13:06Z INFO [804/1886] c672a077-a2fc-4558-ae38-5b38acd3c001: 17 internal nodes; 1.1 s; peak memory 978 MiB.
2026-10-09T22:13:14Z INFO [805/1886] c672a666-c44a-4a6e-ab6f-b76393649083: 90 internal nodes; 7.9 s; peak memory 978 MiB.
2026-10-09T22:13:25Z INFO [806/1886] c67337fa-80bc-490e-9717-de5fa39b45ab: 115 internal nodes; 10.2 s; peak memory 978 MiB.
2026-10-09T22:13:26Z INFO [807/1886] c675855f-80f3-47b6-bf2d-e493ede99d67: 27 internal nodes; 1.2 s; peak memory 978 MiB.
2026-10-09T22:13:33Z INFO [808/1886] c675a0a0-e2cb-49c8-bc49-f145d24acc97: 194 internal nodes; 6.8 s; peak memory 978 MiB.
2026-10-09T22:13:34Z INFO [809/1886] c676e8c3-7eeb-4167-a975-60eab1a28ad7: 27 internal nodes; 1.3 s; peak memory 978 MiB.
2026-10-09T22:13:36Z INFO [810/1886] c6770512-86c9-40bd-a986-65cdcfb76880: 55 internal nodes; 2.2 s; peak memory 978 MiB.
2026-10-09T22:13:37Z INFO [811/1886] c67708dd-3c42-42da-a056-4f61e05f7b6c: 19 internal nodes; 1.2 s; peak memory 978 MiB.
2026-10-09T22:13:43Z INFO [812/1886] c67725ac-9e09-4a35-9ce8-17a2413c1b93: 73 internal nodes; 5.7 s; peak memory 978 MiB.
2026-10-09T22:13:44Z INFO [813/1886] c6773455-1192-46e0-a4bc-170c0f001932: 27 internal nodes; 1.4 s; peak memory 978 MiB.
2026-10-09T22:13:45Z INFO [814/1886] c67855ba-3615-4a27-bfca-99a48a2330b5: 13 internal nodes; 0.9 s; peak memory 978 MiB.
2026-10-09T22:13:46Z INFO [815/1886] c678b5cf-70d4-49d3-ba61-d9c8b5901437: 24 internal nodes; 1.1 s; peak memory 978 MiB.
2026-10-09T22:13:47Z INFO [816/1886] c67a2444-7642-447b-9b9d-a06a1f54f4a6: 17 internal nodes; 1.1 s; peak memory 978 MiB.
2026-10-09T22:13:56Z INFO [817/1886] c67a75d0-99c4-41cf-a46d-c14e3a5da199: 210 internal nodes; 9.2 s; peak memory 978 MiB.
2026-10-09T22:13:57Z INFO [818/1886] c67b4d08-4026-418c-a009-079b1be935eb: 19 internal nodes; 1.0 s; peak memory 978 MiB.
2026-10-09T22:13:58Z INFO [819/1886] c67b8f05-a080-42d9-b1c9-66a754b0ffa3: 18 internal nodes; 0.9 s; peak memory 978 MiB.
2026-10-09T22:14:00Z INFO [820/1886] c67c7083-61be-4832-bbb3-abf02ef272a0: 17 internal nodes; 1.1 s; peak memory 978 MiB.
2026-10-09T22:14:01Z INFO [821/1886] c67d5e5f-2bdf-4666-8394-e280c30f8480: 24 internal nodes; 1.6 s; peak memory 978 MiB.
2026-10-09T22:14:02Z INFO [822/1886] c67d69bc-1a7e-421b-b5fd-948e297bb6f0: 17 internal nodes; 1.1 s; peak memory 978 MiB.
2026-10-09T22:14:03Z INFO [823/1886] c67e0a73-8bb4-4636-9d42-fa8c04a0f58c: 19 internal nodes; 0.9 s; peak memory 978 MiB.
2026-10-09T22:14:04Z INFO [824/1886] c67e7f90-98cc-4a58-9bc8-681ce2c7f730: 17 internal nodes; 1.0 s; peak memory 978 MiB.
2026-10-09T22:14:05Z INFO [825/1886] c67e8f72-1612-4f2d-8201-bce347439f57: 27 internal nodes; 1.3 s; peak memory 978 MiB.
2026-10-09T22:14:13Z INFO [826/1886] c67f8cbe-3902-40f9-83a7-5c8b0cfe4496: 179 internal nodes; 7.9 s; peak memory 978 MiB.
2026-10-09T22:14:15Z INFO [827/1886] c67fa2bc-25b8-4d4c-853d-d207cb38cd08: 61 internal nodes; 1.6 s; peak memory 978 MiB.
2026-10-09T22:14:17Z INFO [828/1886] c6810212-241c-463d-9de0-1c8da885090c: 42 internal nodes; 2.4 s; peak memory 978 MiB.
2026-10-09T22:14:19Z INFO [829/1886] c6813ca3-e5be-4a9a-b40a-ebf945874c65: 23 internal nodes; 1.1 s; peak memory 978 MiB.
2026-10-09T22:14:26Z INFO [830/1886] c68159fe-e32e-47cb-9b03-d3eb6f0996c1: 162 internal nodes; 7.8 s; peak memory 978 MiB.
2026-10-09T22:14:28Z INFO [831/1886] c6820396-101a-419e-9ac8-276ee31f7f89: 30 internal nodes; 1.5 s; peak memory 978 MiB.
2026-10-09T22:14:29Z INFO [832/1886] c6820a8f-0765-4ecd-ac97-48071b42ffc4: 17 internal nodes; 1.0 s; peak memory 978 MiB.
2026-10-09T22:14:30Z INFO [833/1886] c6827cc4-7976-4c51-8ae6-87319c02626e: 27 internal nodes; 1.1 s; peak memory 978 MiB.
2026-10-09T22:14:37Z INFO [834/1886] c682edda-3c17-4003-b708-c81d94afee7f: 151 internal nodes; 7.5 s; peak memory 978 MiB.
2026-10-09T22:14:39Z INFO [835/1886] c683a8be-082b-4dd7-bc0a-0226f9a1996f: 65 internal nodes; 1.7 s; peak memory 978 MiB.
2026-10-09T22:14:42Z INFO [836/1886] c6844c04-aad0-4b87-a3ea-87f106b89557: 42 internal nodes; 2.4 s; peak memory 978 MiB.
2026-10-09T22:14:43Z INFO [837/1886] c68656c6-7054-496a-b702-46392d274903: 118 internal nodes; 1.5 s; peak memory 978 MiB.
2026-10-09T22:14:44Z INFO [838/1886] c686dae0-0858-426c-bb77-7b61b177ce19: 17 internal nodes; 1.0 s; peak memory 978 MiB.
2026-10-09T22:14:52Z INFO [839/1886] c688846d-83a5-4de0-a94e-e14b7c42d063: 61 internal nodes; 7.6 s; peak memory 978 MiB.
2026-10-09T22:14:54Z INFO [840/1886] c688e4f8-723f-47bc-8422-11da236cc0d8: 25 internal nodes; 1.9 s; peak memory 978 MiB.
2026-10-09T22:14:56Z INFO [841/1886] c6898cec-676c-420a-9897-12eb845f8b3e: 67 internal nodes; 2.0 s; peak memory 978 MiB.
2026-10-09T22:15:03Z INFO [842/1886] c68b0310-e2e8-4872-b65e-cfb00bba0816: 59 internal nodes; 7.1 s; peak memory 978 MiB.
2026-10-09T22:15:04Z INFO [843/1886] c68bd311-bce0-4e21-8212-37a9e9f798c0: 17 internal nodes; 1.1 s; peak memory 978 MiB.
2026-10-09T22:15:05Z INFO [844/1886] c68cf223-18bd-4cbd-a1d3-ef349ef9b503: 27 internal nodes; 1.7 s; peak memory 978 MiB.
2026-10-09T22:15:06Z INFO [845/1886] c68dacbf-9cd9-4fef-a20e-4df64af9838f: 17 internal nodes; 1.0 s; peak memory 978 MiB.
2026-10-09T22:15:12Z INFO [846/1886] c68e0535-83ec-49bf-a16b-9602a2a91812: 73 internal nodes; 6.0 s; peak memory 978 MiB.
2026-10-09T22:15:14Z INFO [847/1886] c68fdf8e-aa97-4aab-a115-5e271728aa53: 27 internal nodes; 1.3 s; peak memory 978 MiB.
2026-10-09T22:15:16Z INFO [848/1886] c68ff62e-5017-491e-93ec-5d3490734f7c: 135 internal nodes; 2.5 s; peak memory 978 MiB.
2026-10-09T22:15:18Z INFO [849/1886] c690cd85-fd19-43a6-a433-3398704901aa: 69 internal nodes; 1.8 s; peak memory 978 MiB.
2026-10-09T22:15:19Z INFO [850/1886] c69263c8-4909-4eac-952e-086068375dde: 17 internal nodes; 1.0 s; peak memory 978 MiB.
2026-10-09T22:15:20Z INFO [850/1886] c69263c8-4909-4eac-952e-086068375dde: checkpointed 142784 new records.
2026-10-09T22:15:21Z INFO [851/1886] c692df07-e2a1-457b-9b6f-c5baf1746654: 27 internal nodes; 1.5 s; peak memory 978 MiB.
2026-10-09T22:15:22Z INFO [852/1886] c6932c72-5b84-40df-bd9d-284be6bb366f: 17 internal nodes; 1.1 s; peak memory 978 MiB.
2026-10-09T22:15:25Z INFO [853/1886] c69473e2-ccb4-46b2-8dd4-11671dec1955: 44 internal nodes; 2.7 s; peak memory 978 MiB.
2026-10-09T22:15:26Z INFO [854/1886] c694ba48-6d9a-485c-a03a-9e198eef9e78: 11 internal nodes; 0.7 s; peak memory 978 MiB.
2026-10-09T22:15:27Z INFO [855/1886] c695637d-982a-4d09-ab19-9a98a954943c: 17 internal nodes; 1.2 s; peak memory 978 MiB.
2026-10-09T22:15:28Z INFO [856/1886] c6962909-58f5-4c84-b12e-6077a5b401f6: 17 internal nodes; 1.0 s; peak memory 978 MiB.
2026-10-09T22:15:29Z INFO [857/1886] c696bb12-5df5-406e-bb62-0669e6c9c928: 22 internal nodes; 1.5 s; peak memory 978 MiB.
2026-10-09T22:15:35Z INFO [858/1886] c696bf0b-b694-4775-8427-befca47bd16f: 67 internal nodes; 6.0 s; peak memory 978 MiB.
2026-10-09T22:15:37Z INFO [859/1886] c6974477-7cbd-468f-84d9-f1186ec8467e: 22 internal nodes; 1.6 s; peak memory 978 MiB.
2026-10-09T22:15:40Z INFO [860/1886] c697814a-d0f8-4887-945f-55b239c355f9: 46 internal nodes; 3.1 s; peak memory 978 MiB.
2026-10-09T22:15:41Z INFO [861/1886] c6979059-7b42-4b29-80d2-cb6091595621: 27 internal nodes; 1.3 s; peak memory 978 MiB.
2026-10-09T22:15:43Z INFO [862/1886] c697bd3e-fe7f-4b7a-887d-06f4bee47610: 24 internal nodes; 1.5 s; peak memory 978 MiB.
2026-10-09T22:15:53Z INFO [863/1886] c6988b0b-09cf-4e95-9a6e-a2c60b8b146e: 268 internal nodes; 10.7 s; peak memory 978 MiB.
2026-10-09T22:16:06Z INFO [864/1886] c698db79-14fc-4935-a133-d4ffe409d5a7: 22 internal nodes; 13.0 s; peak memory 978 MiB.
2026-10-09T22:16:08Z INFO [865/1886] c699cac2-5bbd-49b6-8be1-a97e86301197: 27 internal nodes; 1.5 s; peak memory 978 MiB.
2026-10-09T22:16:09Z INFO [866/1886] c69a61b4-a395-431f-83b3-279c582a44ff: 17 internal nodes; 1.1 s; peak memory 978 MiB.
2026-10-09T22:16:11Z INFO [867/1886] c69a77d7-e102-4e91-a08b-d8a7762d5be3: 31 internal nodes; 1.6 s; peak memory 978 MiB.
2026-10-09T22:16:12Z INFO [868/1886] c69b7a47-6cbb-4e82-b678-65be1437cf7f: 17 internal nodes; 1.1 s; peak memory 978 MiB.
2026-10-09T22:16:13Z INFO [869/1886] c69c05ad-6b92-4327-9c16-b4b7fd5b08d7: 25 internal nodes; 1.3 s; peak memory 978 MiB.
2026-10-09T22:16:14Z INFO [870/1886] c69c2b58-0c0a-4b1e-9aaa-c46c564d751a: 17 internal nodes; 1.1 s; peak memory 978 MiB.
2026-10-09T22:16:15Z INFO [871/1886] c69c5ced-4152-4265-a0c4-f83c3da6467e: 19 internal nodes; 1.4 s; peak memory 978 MiB.
2026-10-09T22:16:18Z INFO [872/1886] c69cf397-0921-436a-9ecf-06f59ce1547e: 44 internal nodes; 2.7 s; peak memory 978 MiB.
2026-10-09T22:16:19Z INFO [873/1886] c69d31a3-8f06-4020-9e5f-ad92b5b5b9f8: 90 internal nodes; 1.3 s; peak memory 978 MiB.
2026-10-09T22:16:20Z INFO [874/1886] c69d34de-5459-4b6d-8a04-591e8a0a35e5: 21 internal nodes; 0.9 s; peak memory 978 MiB.
2026-10-09T22:16:26Z INFO [875/1886] c69d5f2d-e5ce-43cb-80e4-c704857c9e19: 73 internal nodes; 5.5 s; peak memory 978 MiB.
2026-10-09T22:16:27Z INFO [876/1886] c69d8268-ea75-4c3a-940b-e4b245ac7788: 116 internal nodes; 1.5 s; peak memory 978 MiB.
2026-10-09T22:16:29Z INFO [877/1886] c69dc792-623c-4bf2-9fdf-006008da5907: 25 internal nodes; 1.3 s; peak memory 978 MiB.
2026-10-09T22:16:30Z INFO [878/1886] c69e4554-6883-4d1c-845c-6a2176a46bc0: 26 internal nodes; 2.0 s; peak memory 978 MiB.
2026-10-09T22:16:31Z INFO [879/1886] c69ebab1-8679-48be-8d85-1e14c3f9e798: 13 internal nodes; 0.8 s; peak memory 978 MiB.
2026-10-09T22:16:34Z INFO [880/1886] c69f069c-9c41-45a8-bd14-cb2a2a486601: 45 internal nodes; 3.0 s; peak memory 978 MiB.
2026-10-09T22:16:36Z INFO [881/1886] c69f10a1-3dc0-42d6-a482-5eb1719aa799: 29 internal nodes; 1.5 s; peak memory 978 MiB.
2026-10-09T22:16:37Z INFO [882/1886] c69f710c-900f-43e6-8589-bca6254df88a: 17 internal nodes; 1.0 s; peak memory 978 MiB.
2026-10-09T22:16:38Z INFO [883/1886] c6a16259-1fe3-4ac9-a378-25ad3800a9f4: 27 internal nodes; 1.3 s; peak memory 978 MiB.
2026-10-09T22:16:49Z INFO [884/1886] c6a1628b-5e0a-41c2-bebf-02a9e837d742: 198 internal nodes; 10.6 s; peak memory 978 MiB.
2026-10-09T22:16:50Z INFO [885/1886] c6a200a4-b34b-4194-946e-94a48345a14b: 116 internal nodes; 1.3 s; peak memory 978 MiB.
2026-10-09T22:16:51Z INFO [886/1886] c6a237e1-e2dc-4d15-9ef5-3981cc849ded: 24 internal nodes; 0.8 s; peak memory 978 MiB.
2026-10-09T22:16:53Z INFO [887/1886] c6a3583f-c59a-476f-9f89-0587989090f1: 59 internal nodes; 1.6 s; peak memory 978 MiB.
2026-10-09T22:16:56Z INFO [888/1886] c6a53d1c-28b4-445b-ab84-8fc597719839: 77 internal nodes; 3.8 s; peak memory 978 MiB.
2026-10-09T22:16:58Z INFO [889/1886] c6a58afd-2365-44d0-b31e-e8bfcdde79d2: 19 internal nodes; 1.2 s; peak memory 978 MiB.
2026-10-09T22:16:59Z INFO [890/1886] c6a5d3c3-de75-4b8e-9fd4-76fa2b264575: 31 internal nodes; 1.6 s; peak memory 978 MiB.
2026-10-09T22:17:02Z INFO [891/1886] c6a61cff-c939-4874-a405-7f8c83dbc7ff: 45 internal nodes; 3.0 s; peak memory 978 MiB.
2026-10-09T22:17:03Z INFO [892/1886] c6a6240a-6f13-47c6-97d7-83c07c3f481f: 27 internal nodes; 1.2 s; peak memory 978 MiB.
2026-10-09T22:17:05Z INFO [893/1886] c6a64d27-f637-4e67-b7cc-4cd4fcfb25cc: 17 internal nodes; 1.5 s; peak memory 978 MiB.
2026-10-09T22:17:06Z INFO [894/1886] c6a67427-4684-45bc-b26c-4581fdd096ce: 17 internal nodes; 1.1 s; peak memory 978 MiB.
2026-10-09T22:17:08Z INFO [895/1886] c6a698b2-0a0e-42dc-9836-132e3e7ebaf6: 31 internal nodes; 1.9 s; peak memory 978 MiB.
2026-10-09T22:17:11Z INFO [896/1886] c6abf559-ebd8-4be9-afe8-132a0ca3f5f5: 41 internal nodes; 3.3 s; peak memory 978 MiB.
2026-10-09T22:17:13Z INFO [897/1886] c6acae2f-d65f-401a-9308-f01e322efc3f: 26 internal nodes; 1.5 s; peak memory 978 MiB.
2026-10-09T22:17:14Z INFO [898/1886] c6ace1d0-3e15-4540-83a7-973b6ad152ff: 17 internal nodes; 1.1 s; peak memory 978 MiB.
2026-10-09T22:17:20Z INFO [899/1886] c6ad2f78-7842-4d33-991e-9c375ae29fa5: 41 internal nodes; 6.4 s; peak memory 978 MiB.
2026-10-09T22:17:22Z INFO [900/1886] c6ad7b72-9bee-4f8c-93fe-452c8c697aa6: 27 internal nodes; 1.4 s; peak memory 978 MiB.
2026-10-09T22:17:22Z INFO [900/1886] c6ad7b72-9bee-4f8c-93fe-452c8c697aa6: checkpointed 142834 new records.
2026-10-09T22:17:24Z INFO [901/1886] c6adc448-8733-4690-b230-7bc217151294: 27 internal nodes; 1.5 s; peak memory 978 MiB.
2026-10-09T22:17:26Z INFO [902/1886] c6ae84c6-721a-445e-97ba-9202d98000be: 53 internal nodes; 2.6 s; peak memory 978 MiB.
2026-10-09T22:17:27Z INFO [903/1886] c6b0af37-a010-4ed8-a581-68eb1fdc00a4: 116 internal nodes; 1.3 s; peak memory 978 MiB.
2026-10-09T22:17:29Z INFO [904/1886] c6b102ae-1ec2-4a7f-a28e-901465641c3e: 27 internal nodes; 1.2 s; peak memory 978 MiB.
2026-10-09T22:17:30Z INFO [905/1886] c6b115ff-ff9a-4e2b-bb20-912714932f83: 22 internal nodes; 1.5 s; peak memory 978 MiB.
2026-10-09T22:17:31Z INFO [906/1886] c6b32d04-10b8-4bf9-a2b2-cadda6c770bd: 17 internal nodes; 1.1 s; peak memory 978 MiB.
2026-10-09T22:17:33Z INFO [907/1886] c6b372a0-f21b-4ed6-b73a-17ad2221be4a: 56 internal nodes; 1.7 s; peak memory 978 MiB.
2026-10-09T22:17:35Z INFO [908/1886] c6b57b1e-594a-442f-b736-633b0643d7a4: 31 internal nodes; 1.7 s; peak memory 978 MiB.
2026-10-09T22:17:36Z INFO [909/1886] c6b6e842-bca3-4298-a667-59b0922ecc93: 31 internal nodes; 1.7 s; peak memory 978 MiB.
2026-10-09T22:17:38Z INFO [910/1886] c6b6fec1-ea5d-429a-a3b5-965b88c18b44: 27 internal nodes; 1.4 s; peak memory 978 MiB.
2026-10-09T22:17:39Z INFO [911/1886] c6b74d81-3ed3-4ea4-9788-c9e16c5102d5: 22 internal nodes; 1.4 s; peak memory 978 MiB.
2026-10-09T22:17:40Z INFO [912/1886] c6b7e7ca-9eb5-45eb-9ba9-c94fc15218c2: 19 internal nodes; 1.3 s; peak memory 978 MiB.
2026-10-09T22:17:42Z INFO [913/1886] c6b80ac6-0faa-47fe-83a3-c31377862a15: 30 internal nodes; 1.4 s; peak memory 978 MiB.
2026-10-09T22:17:43Z INFO [914/1886] c6b86bc5-a132-45e7-bbf6-dc45cb3e63ec: 63 internal nodes; 1.4 s; peak memory 978 MiB.
2026-10-09T22:17:45Z INFO [915/1886] c6b9945e-0771-4a3e-b904-62cf0eed012e: 31 internal nodes; 1.6 s; peak memory 978 MiB.
2026-10-09T22:17:47Z INFO [916/1886] c6b9c474-264c-4cad-836d-743935563de8: 58 internal nodes; 2.0 s; peak memory 978 MiB.
2026-10-09T22:17:48Z INFO [917/1886] c6b9f8e5-4e10-4165-b332-e80757046405: 115 internal nodes; 1.3 s; peak memory 978 MiB.
2026-10-09T22:17:54Z INFO [918/1886] c6ba13bf-9303-424e-9249-b13ce793e12c: 73 internal nodes; 5.3 s; peak memory 978 MiB.
2026-10-09T22:17:55Z INFO [919/1886] c6ba1972-3666-465f-93bd-0bf4acc48e70: 38 internal nodes; 1.8 s; peak memory 978 MiB.
2026-10-09T22:17:57Z INFO [920/1886] c6ba3143-8594-4989-8469-c3ef1588e305: 31 internal nodes; 1.6 s; peak memory 978 MiB.
2026-10-09T22:17:58Z INFO [921/1886] c6bb1d3c-a8a1-4017-8b48-43d231c98f83: 17 internal nodes; 1.0 s; peak memory 978 MiB.
2026-10-09T22:17:59Z INFO [922/1886] c6bb8d83-e330-4a73-9a98-fbf03115f584: 17 internal nodes; 1.0 s; peak memory 978 MiB.
2026-10-09T22:18:12Z INFO [923/1886] c6bd9bfb-fe4c-4521-8f76-ff42d331e61a: 250 internal nodes; 12.9 s; peak memory 978 MiB.
2026-10-09T22:18:13Z INFO [924/1886] c6be3ca9-e178-42e0-91f3-bb0a39cd6b9a: 17 internal nodes; 1.4 s; peak memory 978 MiB.
2026-10-09T22:18:22Z INFO [925/1886] c6be85aa-eebe-459b-b947-c948f310cbfc: 215 internal nodes; 9.1 s; peak memory 978 MiB.
2026-10-09T22:18:24Z INFO [926/1886] c6be87ef-f091-4be3-ad51-dbd06ffaf014: 31 internal nodes; 1.7 s; peak memory 978 MiB.
2026-10-09T22:18:25Z INFO [927/1886] c6bea739-2494-4263-acf0-f07bfd85b592: 115 internal nodes; 1.3 s; peak memory 978 MiB.
2026-10-09T22:18:27Z INFO [928/1886] c6bef45b-1f3f-432b-9e0d-1f6ac16ac700: 29 internal nodes; 1.2 s; peak memory 978 MiB.
2026-10-09T22:18:28Z INFO [929/1886] c6bef8ab-e747-4429-b8f8-9584d77e5717: 17 internal nodes; 0.8 s; peak memory 978 MiB.
2026-10-09T22:18:30Z INFO [930/1886] c6bf88dd-fa9f-49fa-8f41-275ce4f4412c: 44 internal nodes; 2.1 s; peak memory 978 MiB.
2026-10-09T22:18:30Z INFO [931/1886] c6bfcf00-2ea7-47ae-8af1-4b39927c5acc: 17 internal nodes; 0.9 s; peak memory 978 MiB.
2026-10-09T22:18:32Z INFO [932/1886] c6c0a32a-28d6-4069-a8fc-916e9bcda1e4: 17 internal nodes; 1.1 s; peak memory 978 MiB.
2026-10-09T22:18:33Z INFO [933/1886] c6c0bc63-cc77-4bcd-91f9-4389c1216498: 30 internal nodes; 1.2 s; peak memory 978 MiB.
2026-10-09T22:18:34Z INFO [934/1886] c6c2a294-97b5-498f-9be4-ac6f16a151d9: 17 internal nodes; 1.1 s; peak memory 978 MiB.
2026-10-09T22:18:35Z INFO [935/1886] c6c2b1b1-0258-4d6f-b183-a581667916a4: 27 internal nodes; 1.4 s; peak memory 978 MiB.
2026-10-09T22:18:36Z INFO [936/1886] c6c2e531-572a-42f3-bcaf-fcd2a2bb58cf: 17 internal nodes; 0.9 s; peak memory 978 MiB.
2026-10-09T22:18:37Z INFO [937/1886] c6c31493-79ee-45bc-ace9-fb3aef450272: 17 internal nodes; 1.0 s; peak memory 978 MiB.
2026-10-09T22:18:39Z INFO [938/1886] c6c3ef5b-65c5-43f4-b9b8-9dde703f93f2: 29 internal nodes; 1.3 s; peak memory 978 MiB.
2026-10-09T22:18:40Z INFO [939/1886] c6c46515-c859-40be-a1d0-94164c5cb32e: 17 internal nodes; 1.0 s; peak memory 978 MiB.
2026-10-09T22:18:41Z INFO [940/1886] c6c4dd1c-7839-4257-959f-8148afa829cd: 30 internal nodes; 1.3 s; peak memory 978 MiB.
2026-10-09T22:18:42Z INFO [941/1886] c6c52562-2736-4b90-b8b7-3af7bec62245: 17 internal nodes; 1.2 s; peak memory 978 MiB.
2026-10-09T22:18:45Z INFO [942/1886] c6c5db0b-c8c1-465e-a278-c4f2e0edbd29: 44 internal nodes; 2.4 s; peak memory 978 MiB.
2026-10-09T22:18:46Z INFO [943/1886] c6c61ba7-d553-4f46-ac14-8df6f5d053c1: 17 internal nodes; 1.1 s; peak memory 978 MiB.
2026-10-09T22:18:50Z INFO [944/1886] c6c6e32a-0a8a-4e08-bd30-894df0507113: 1169 internal nodes; 4.8 s; peak memory 978 MiB.
2026-10-09T22:18:52Z INFO [945/1886] c6c6f410-c141-4640-8556-dbfb270155f4: 17 internal nodes; 1.1 s; peak memory 978 MiB.
2026-10-09T22:18:53Z INFO [946/1886] c6c77254-fd42-4785-8afe-df34282ea5ca: 26 internal nodes; 1.4 s; peak memory 978 MiB.
2026-10-09T22:18:54Z INFO [947/1886] c6c78e59-cd9c-4638-ae28-9fb74864bee2: 90 internal nodes; 1.5 s; peak memory 978 MiB.
2026-10-09T22:18:56Z INFO [948/1886] c6c8aae6-28e0-4230-a28f-b1ef69840276: 72 internal nodes; 1.9 s; peak memory 978 MiB.
2026-10-09T22:18:57Z INFO [949/1886] c6c8f7fe-06a6-4baf-8df8-7664b18e7ed6: 17 internal nodes; 1.0 s; peak memory 978 MiB.
2026-10-09T22:18:58Z INFO [950/1886] c6c9486a-e1af-40b6-bb03-272cd2c92d2b: 26 internal nodes; 0.8 s; peak memory 978 MiB.
2026-10-09T22:18:59Z INFO [950/1886] c6c9486a-e1af-40b6-bb03-272cd2c92d2b: checkpointed 142884 new records.
2026-10-09T22:19:02Z INFO [951/1886] c6ca10d8-9ae6-49ce-9f98-30b2ca8ec1d1: 84 internal nodes; 3.5 s; peak memory 978 MiB.
2026-10-09T22:19:08Z INFO [952/1886] c6ca667b-ff66-41cd-b100-0aa2977baf1c: 69 internal nodes; 5.4 s; peak memory 978 MiB.
2026-10-09T22:19:09Z INFO [953/1886] c6cadf81-bef5-4f4d-8601-426b271e3820: 23 internal nodes; 1.2 s; peak memory 978 MiB.
2026-10-09T22:19:19Z INFO [954/1886] c6cbd3de-cf8b-42a3-b13f-f15848e423d1: 294 internal nodes; 9.9 s; peak memory 978 MiB.
2026-10-09T22:19:20Z INFO [955/1886] c6cc4d31-a430-43d8-a145-198ca9984c10: 27 internal nodes; 1.4 s; peak memory 978 MiB.
2026-10-09T22:19:21Z INFO [956/1886] c6cd591d-e1a7-43db-878c-d6d28eb72622: 27 internal nodes; 1.3 s; peak memory 978 MiB.
2026-10-09T22:19:22Z INFO [957/1886] c6cdbf63-6428-4f0b-98ee-1fcc17827d3c: 17 internal nodes; 0.9 s; peak memory 978 MiB.
2026-10-09T22:19:23Z INFO [958/1886] c6cdc491-9c78-4ec6-b19d-2ee07bc1e870: 17 internal nodes; 1.1 s; peak memory 978 MiB.
2026-10-09T22:19:24Z INFO [959/1886] c6cdcce6-7e94-42cf-aec6-edc156d211fc: 13 internal nodes; 0.7 s; peak memory 978 MiB.
2026-10-09T22:19:25Z INFO [960/1886] c6ce200f-1215-4753-9f0e-fe4747c84abc: 17 internal nodes; 1.1 s; peak memory 978 MiB.
2026-10-09T22:19:34Z INFO [961/1886] c6d0f522-7646-4c2e-9a66-707a723474e2: 44 internal nodes; 8.7 s; peak memory 978 MiB.
2026-10-09T22:19:35Z INFO [962/1886] c6d13eb7-8a22-4a75-a18f-64cd8e4fcba7: 26 internal nodes; 1.3 s; peak memory 978 MiB.
2026-10-09T22:19:37Z INFO [963/1886] c6d14071-315c-4218-a888-8c54b9c2a247: 30 internal nodes; 1.3 s; peak memory 978 MiB.
2026-10-09T22:19:39Z INFO [964/1886] c6d1d926-76ae-45a5-a4eb-cf728759fa27: 42 internal nodes; 2.8 s; peak memory 978 MiB.
2026-10-09T22:19:41Z INFO [965/1886] c6d1e1b0-f10f-4136-bfa0-0ba76078d49b: 13 internal nodes; 1.2 s; peak memory 978 MiB.
2026-10-09T22:19:42Z INFO [966/1886] c6d1ebf6-adab-41c8-ae1a-456a921c8c82: 17 internal nodes; 1.2 s; peak memory 978 MiB.
2026-10-09T22:19:51Z INFO [967/1886] c6d2b30c-7e17-4f3d-ad4f-9fb0e3574dbf: 185 internal nodes; 9.6 s; peak memory 978 MiB.
2026-10-09T22:19:54Z INFO [968/1886] c6d3b9da-c9fd-4070-bdba-ba87b925f801: 42 internal nodes; 2.4 s; peak memory 978 MiB.
2026-10-09T22:19:55Z INFO [969/1886] c6d3e784-4c96-4277-9e03-c556a162f654: 28 internal nodes; 1.0 s; peak memory 978 MiB.
2026-10-09T22:19:56Z INFO [970/1886] c6d4b062-37ee-41ac-8a3f-743dc2753799: 17 internal nodes; 1.0 s; peak memory 978 MiB.
2026-10-09T22:20:06Z INFO [971/1886] c6d4c9c2-8de0-457f-9567-61e77b17d2a4: 190 internal nodes; 10.0 s; peak memory 978 MiB.
2026-10-09T22:20:07Z INFO [972/1886] c6d50831-3b8c-45d1-99fc-f15a6ed9463c: 63 internal nodes; 1.6 s; peak memory 978 MiB.
2026-10-09T22:20:15Z INFO [973/1886] c6d56b24-1ca2-4200-b7c7-4630306347f7: 248 internal nodes; 7.7 s; peak memory 978 MiB.
2026-10-09T22:20:17Z INFO [974/1886] c6d5ad91-692f-4c32-9206-cadc4dca34a4: 31 internal nodes; 1.8 s; peak memory 978 MiB.
2026-10-09T22:20:18Z INFO [975/1886] c6d644c6-daa5-4fb0-9116-9cb2a7117265: 17 internal nodes; 1.1 s; peak memory 978 MiB.
2026-10-09T22:20:26Z INFO [976/1886] c6d6bcd8-2033-4b49-8917-9549d31436ba: 65 internal nodes; 7.6 s; peak memory 978 MiB.
2026-10-09T22:20:27Z INFO [977/1886] c6d6bd37-4953-4508-ac35-8531dc719cdc: 17 internal nodes; 1.1 s; peak memory 978 MiB.
2026-10-09T22:20:28Z INFO [978/1886] c6d75ab9-8d31-43dd-a986-44c385dfcf3e: 27 internal nodes; 1.3 s; peak memory 978 MiB.
2026-10-09T22:20:34Z INFO [979/1886] c6d88603-c9b9-4e7d-bdc3-de4bf966b05a: 131 internal nodes; 6.4 s; peak memory 978 MiB.
2026-10-09T22:20:36Z INFO [980/1886] c6d90124-ad61-4516-942f-3fd9e52a366e: 27 internal nodes; 1.4 s; peak memory 978 MiB.
2026-10-09T22:20:38Z INFO [981/1886] c6d94520-2a8e-4c4c-abc2-f1d308037e45: 31 internal nodes; 1.8 s; peak memory 978 MiB.
2026-10-09T22:20:39Z INFO [982/1886] c6da154f-3b7a-444c-badc-cc50b81d62d7: 62 internal nodes; 1.6 s; peak memory 978 MiB.
2026-10-09T22:20:41Z INFO [983/1886] c6da3a61-dfbe-48cd-abcc-ddcde9efa792: 31 internal nodes; 1.5 s; peak memory 978 MiB.
2026-10-09T22:20:42Z INFO [984/1886] c6dbe44c-f525-4d3e-9f09-6b3b13962436: 13 internal nodes; 1.1 s; peak memory 978 MiB.
2026-10-09T22:20:43Z INFO [985/1886] c6dc6772-4406-45e5-af05-f9d3a6c4634f: 21 internal nodes; 0.8 s; peak memory 978 MiB.
2026-10-09T22:20:48Z INFO [986/1886] c6dd01cb-40bf-434d-b9e2-7cefb7c74616: 142 internal nodes; 5.4 s; peak memory 978 MiB.
2026-10-09T22:21:07Z INFO [987/1886] c6dd3dad-ba46-40a9-9874-40586c6bf553: 137 internal nodes; 18.9 s; peak memory 978 MiB.
2026-10-09T22:21:08Z INFO [988/1886] c6dd4051-a9de-4546-8074-72d68296b697: 19 internal nodes; 1.2 s; peak memory 978 MiB.
2026-10-09T22:21:09Z INFO [989/1886] c6de578e-df0b-4fc3-a7a4-32a16b98c280: 18 internal nodes; 1.3 s; peak memory 978 MiB.
2026-10-09T22:21:11Z INFO [990/1886] c6dea2dd-7b60-4bb2-9421-3b6b08b0201a: 27 internal nodes; 1.3 s; peak memory 978 MiB.
2026-10-09T22:21:13Z INFO [991/1886] c6dea8b6-873d-425e-8af0-929db8202b7f: 58 internal nodes; 1.9 s; peak memory 978 MiB.
2026-10-09T22:21:14Z INFO [992/1886] c6ded0f6-5fb3-4483-9258-785ce3143253: 17 internal nodes; 1.1 s; peak memory 978 MiB.
2026-10-09T22:21:15Z INFO [993/1886] c6df18c7-27ff-418a-8b6d-64b5025498d2: 17 internal nodes; 1.0 s; peak memory 978 MiB.
2026-10-09T22:21:16Z INFO [994/1886] c6e0dc6b-30d3-46b7-a7dd-c4f43fab80a5: 13 internal nodes; 0.8 s; peak memory 978 MiB.
2026-10-09T22:21:16Z INFO [995/1886] c6e12875-109d-4033-8d9b-f8529a0e2732: 13 internal nodes; 0.8 s; peak memory 978 MiB.
2026-10-09T22:21:18Z INFO [996/1886] c6e1c3c7-2621-445a-b382-39c04b897db5: 27 internal nodes; 1.3 s; peak memory 978 MiB.
2026-10-09T22:21:19Z INFO [997/1886] c6e31b02-7f8b-4c86-ad80-d6dedc1fc757: 17 internal nodes; 1.1 s; peak memory 978 MiB.
2026-10-09T22:21:21Z INFO [998/1886] c6e33efc-771d-4cc7-8c2f-cc26a6d2ffd5: 25 internal nodes; 2.3 s; peak memory 978 MiB.
2026-10-09T22:21:22Z INFO [999/1886] c6e351a8-9e16-4408-932f-ef0c9e5c9a51: 27 internal nodes; 1.4 s; peak memory 978 MiB.
2026-10-09T22:21:23Z INFO [1000/1886] c6e38694-eece-4c71-bd93-5108631d50e1: 15 internal nodes; 0.9 s; peak memory 978 MiB.
2026-10-09T22:21:24Z INFO [1000/1886] c6e38694-eece-4c71-bd93-5108631d50e1: checkpointed 142934 new records.
2026-10-09T22:21:25Z INFO [1001/1886] c6e38dbb-f601-42cc-8a7e-6d51cb533326: 18 internal nodes; 1.3 s; peak memory 978 MiB.
2026-10-09T22:21:26Z INFO [1002/1886] c6e3bc22-4cba-43e0-84ee-5319deadeb64: 17 internal nodes; 1.1 s; peak memory 978 MiB.
2026-10-09T22:21:28Z INFO [1003/1886] c6e4642b-fe6d-4949-bb03-0acf6b56f889: 21 internal nodes; 1.1 s; peak memory 978 MiB.
2026-10-09T22:21:29Z INFO [1004/1886] c6e49ad1-05e9-4066-8986-9c60d5f2988c: 18 internal nodes; 1.2 s; peak memory 978 MiB.
2026-10-09T22:21:30Z INFO [1005/1886] c6e4ba7f-dab6-49df-8e40-08f12ae434ae: 61 internal nodes; 1.6 s; peak memory 978 MiB.
2026-10-09T22:21:46Z INFO [1006/1886] c6e52d04-f71f-4372-b49f-fc1ddf473133: 137 internal nodes; 15.9 s; peak memory 978 MiB.
2026-10-09T22:21:47Z INFO [1007/1886] c6e5477c-f4fe-49a3-994a-474d81f66525: 11 internal nodes; 0.7 s; peak memory 978 MiB.
2026-10-09T22:21:48Z INFO [1008/1886] c6e58da8-1431-4ce9-8c66-606d1f43eb66: 17 internal nodes; 1.0 s; peak memory 978 MiB.
2026-10-09T22:21:49Z INFO [1009/1886] c6e72489-22ba-40c1-bb5d-de72d6e8b6f8: 17 internal nodes; 1.1 s; peak memory 978 MiB.
2026-10-09T22:21:51Z INFO [1010/1886] c6e7c358-2c30-484b-8de4-3429d0124717: 31 internal nodes; 1.6 s; peak memory 978 MiB.
2026-10-09T22:21:52Z INFO [1011/1886] c6e7df9b-76d0-4a95-982e-35da6c10bbfd: 27 internal nodes; 1.3 s; peak memory 978 MiB.
2026-10-09T22:21:55Z INFO [1012/1886] c6e8519e-d08a-4037-b876-723f26faacac: 72 internal nodes; 2.7 s; peak memory 978 MiB.
2026-10-09T22:21:55Z INFO [1013/1886] c6e8f9d6-2d6e-404b-9fad-220dc37e41f5: 16 internal nodes; 0.9 s; peak memory 978 MiB.
2026-10-09T22:22:05Z INFO [1014/1886] c6e906f9-dbe1-4233-8e79-ff73dc21c4ed: 238 internal nodes; 9.5 s; peak memory 978 MiB.
2026-10-09T22:22:07Z INFO [1015/1886] c6e96367-1c3f-40f3-a4f3-d416b5ce81cb: 29 internal nodes; 1.6 s; peak memory 978 MiB.
2026-10-09T22:22:09Z INFO [1016/1886] c6ea3b23-5f5d-4e15-8481-bf18707410e6: 44 internal nodes; 2.3 s; peak memory 978 MiB.
2026-10-09T22:22:25Z INFO [1017/1886] c6ea9cad-f058-484e-a683-9042e1341fd0: 151 internal nodes; 15.9 s; peak memory 978 MiB.
2026-10-09T22:22:26Z INFO [1018/1886] c6eaa83c-755c-42be-971e-5ae485adf6d9: 95 internal nodes; 1.5 s; peak memory 978 MiB.
2026-10-09T22:22:28Z INFO [1019/1886] c6eaed44-c047-49f1-bf15-ecb2ace64acc: 27 internal nodes; 1.3 s; peak memory 978 MiB.
2026-10-09T22:22:29Z INFO [1020/1886] c6eb488d-3146-478a-809e-a1191873bfb4: 17 internal nodes; 1.1 s; peak memory 978 MiB.
2026-10-09T22:22:30Z INFO [1021/1886] c6eb6dc9-781a-404a-893e-68030219545f: 61 internal nodes; 1.7 s; peak memory 978 MiB.
2026-10-09T22:22:32Z INFO [1022/1886] c6ebb6da-6b93-4496-9b22-1375ccbe2d06: 31 internal nodes; 1.9 s; peak memory 978 MiB.
2026-10-09T22:22:34Z INFO [1023/1886] c6ebedfd-9908-4389-b1df-99fc1b707c05: 17 internal nodes; 1.2 s; peak memory 978 MiB.
2026-10-09T22:22:36Z INFO [1024/1886] c6ed2dac-bf4d-4e75-97ae-e2947655ba63: 72 internal nodes; 2.2 s; peak memory 978 MiB.
2026-10-09T22:22:37Z INFO [1025/1886] c6ed3c23-172b-4238-b485-1a24662c8d42: 65 internal nodes; 1.7 s; peak memory 978 MiB.
2026-10-09T22:22:38Z INFO [1026/1886] c6edc498-8900-489c-a152-c1ad680ba711: 17 internal nodes; 1.0 s; peak memory 978 MiB.
2026-10-09T22:22:39Z INFO [1027/1886] c6edfab6-4431-49b4-9914-c7c4cb873165: 11 internal nodes; 0.8 s; peak memory 978 MiB.
2026-10-09T22:22:41Z INFO [1028/1886] c6ee3491-bca9-4b3d-aa51-79c8c4b46b56: 31 internal nodes; 1.4 s; peak memory 978 MiB.
2026-10-09T22:22:42Z INFO [1029/1886] c6eea3fb-4b31-41bd-946c-fb724135e2e5: 27 internal nodes; 1.1 s; peak memory 978 MiB.
2026-10-09T22:22:45Z INFO [1030/1886] c6eed892-0fa8-4045-9227-bb02b15b1095: 44 internal nodes; 2.8 s; peak memory 978 MiB.
2026-10-09T22:22:46Z INFO [1031/1886] c6f01a11-9f9e-4d97-9d4c-9ff5f0c6718f: 23 internal nodes; 1.1 s; peak memory 978 MiB.
2026-10-09T22:22:48Z INFO [1032/1886] c6f0e032-51f8-4e9c-9c27-4e85d43a5fd5: 44 internal nodes; 2.2 s; peak memory 978 MiB.
2026-10-09T22:22:49Z INFO [1033/1886] c6f15ba0-9f52-4f30-8b7a-eac464fe3270: 17 internal nodes; 1.1 s; peak memory 978 MiB.
2026-10-09T22:22:50Z INFO [1034/1886] c6f19aeb-b109-44cd-895e-6f2273d56a78: 114 internal nodes; 1.1 s; peak memory 978 MiB.
2026-10-09T22:22:51Z INFO [1035/1886] c6f1fd21-7612-4bd7-8ef9-b544dd806eeb: 22 internal nodes; 0.8 s; peak memory 978 MiB.
2026-10-09T22:22:52Z INFO [1036/1886] c6f26eca-46cc-4793-af04-02ab66f21ce4: 27 internal nodes; 1.3 s; peak memory 978 MiB.
2026-10-09T22:22:53Z INFO [1037/1886] c6f2a58b-0890-495c-9657-a6c920d9c649: 17 internal nodes; 1.1 s; peak memory 978 MiB.
2026-10-09T22:22:55Z INFO [1038/1886] c6f4effa-9b4e-4793-a4b4-f69a0a33d55b: 31 internal nodes; 1.6 s; peak memory 978 MiB.
2026-10-09T22:22:55Z INFO [1039/1886] c6f5c9e8-b3cb-4a3d-884c-0c505f81f5db: 26 internal nodes; 0.8 s; peak memory 978 MiB.
2026-10-09T22:22:59Z INFO [1040/1886] c6f5fb5b-0fe0-4ab6-b9b7-16dfa6985bd4: 46 internal nodes; 3.1 s; peak memory 978 MiB.
2026-10-09T22:23:00Z INFO [1041/1886] c6f6d7fc-c6c9-4888-a147-853fb8a1a704: 27 internal nodes; 1.5 s; peak memory 978 MiB.
2026-10-09T22:23:01Z INFO [1042/1886] c6f73cd4-5d62-406c-8835-68bfeed8734b: 22 internal nodes; 1.4 s; peak memory 978 MiB.
2026-10-09T22:23:07Z INFO [1043/1886] c6f77400-54f1-477f-87a8-48a203aa7603: 146 internal nodes; 5.5 s; peak memory 978 MiB.
2026-10-09T22:23:09Z INFO [1044/1886] c6f8e54e-e2d3-45b4-a194-a642c7551d57: 116 internal nodes; 1.7 s; peak memory 978 MiB.
2026-10-09T22:23:12Z INFO [1045/1886] c6f98fef-48b1-4e18-9333-2aac96efebb5: 44 internal nodes; 3.0 s; peak memory 978 MiB.
2026-10-09T22:23:12Z INFO [1046/1886] c6fa5169-3410-4779-8386-288fd4582372: 27 internal nodes; 0.7 s; peak memory 978 MiB.
2026-10-09T22:23:24Z INFO [1047/1886] c6fa70c0-b5e7-4a87-b63e-060d314169be: 285 internal nodes; 11.5 s; peak memory 978 MiB.
2026-10-09T22:23:25Z INFO [1048/1886] c6fb8e59-cb31-49ee-b62c-ef1a12b490cc: 26 internal nodes; 0.9 s; peak memory 978 MiB.
2026-10-09T22:23:32Z INFO [1049/1886] c6fbec74-188a-4442-81aa-60773b2d421b: 169 internal nodes; 7.4 s; peak memory 978 MiB.
2026-10-09T22:23:34Z INFO [1050/1886] c6fbf624-816b-4948-9e55-e20f991944a2: 27 internal nodes; 1.4 s; peak memory 978 MiB.
2026-10-09T22:23:34Z INFO [1050/1886] c6fbf624-816b-4948-9e55-e20f991944a2: checkpointed 142984 new records.
2026-10-09T22:23:37Z INFO [1051/1886] c6fc2243-d27b-40ca-a033-a660e98ac17f: 34 internal nodes; 2.7 s; peak memory 978 MiB.
2026-10-09T22:23:38Z INFO [1052/1886] c6fc3ec3-5bf2-425c-93a7-93bea76354f0: 90 internal nodes; 1.1 s; peak memory 978 MiB.
2026-10-09T22:23:39Z INFO [1053/1886] c6fdb813-7d9c-4a32-afe2-30cb142df03c: 17 internal nodes; 1.1 s; peak memory 978 MiB.
2026-10-09T22:23:45Z INFO [1054/1886] c6fdf189-ad73-48bf-bcda-b8ca5049a3e0: 73 internal nodes; 6.0 s; peak memory 978 MiB.
2026-10-09T22:23:54Z INFO [1055/1886] c6fea587-bda2-432c-a5aa-fdcd240e563f: 179 internal nodes; 9.3 s; peak memory 978 MiB.
2026-10-09T22:23:56Z INFO [1056/1886] c6fea5bc-9ef0-4c8e-900f-45248f33ab5d: 17 internal nodes; 1.2 s; peak memory 978 MiB.
2026-10-09T22:23:57Z INFO [1057/1886] c6ffcfce-af71-4cdd-adf9-41109561dca2: 31 internal nodes; 1.5 s; peak memory 978 MiB.
2026-10-09T22:23:59Z INFO [1058/1886] c6ffda1f-373d-42a9-840c-2b71efdf3b05: 31 internal nodes; 1.6 s; peak memory 978 MiB.
2026-10-09T22:24:00Z INFO [1059/1886] c700c176-69fe-413f-b904-5f09057bb960: 27 internal nodes; 1.3 s; peak memory 978 MiB.
2026-10-09T22:24:01Z INFO [1060/1886] c7015551-23b5-4f4e-86e3-124c274f7b48: 17 internal nodes; 1.1 s; peak memory 978 MiB.
2026-10-09T22:24:14Z INFO [1061/1886] c7023fe7-8fe2-4db0-af62-5ed0fbcb39c6: 251 internal nodes; 13.4 s; peak memory 978 MiB.
2026-10-09T22:24:16Z INFO [1062/1886] c7033ca0-a83f-4bd8-852e-9d2295e711ef: 22 internal nodes; 1.3 s; peak memory 978 MiB.
2026-10-09T22:24:17Z INFO [1063/1886] c7033d67-8946-4fc1-ac34-47a920cc2c91: 17 internal nodes; 1.0 s; peak memory 978 MiB.
2026-10-09T22:24:17Z INFO [1064/1886] c7036168-9da2-4a7e-982b-decd37ab1568: 26 internal nodes; 0.8 s; peak memory 978 MiB.
2026-10-09T22:24:20Z INFO [1065/1886] c704a74b-cf2e-4e01-b81e-d4a9a078b961: 51 internal nodes; 2.1 s; peak memory 978 MiB.
2026-10-09T22:24:27Z INFO [1066/1886] c704d62a-2f55-4fcf-adbd-6065e883784c: 169 internal nodes; 7.4 s; peak memory 978 MiB.
2026-10-09T22:24:28Z INFO [1067/1886] c7050b07-211e-4a97-9045-9e2ed9f634ff: 17 internal nodes; 1.0 s; peak memory 978 MiB.
2026-10-09T22:24:37Z INFO [1068/1886] c7052eb6-0db9-4f94-8980-df40712c4aff: 1966 internal nodes; 8.7 s; peak memory 978 MiB.
2026-10-09T22:24:38Z INFO [1069/1886] c70553ea-4163-4575-8c7b-5d156294e4ae: 15 internal nodes; 1.0 s; peak memory 978 MiB.
2026-10-09T22:24:39Z INFO [1070/1886] c707024c-3762-4a43-80f9-a4ab990f52e6: 60 internal nodes; 1.5 s; peak memory 978 MiB.
2026-10-09T22:24:41Z INFO [1071/1886] c7079b51-8fab-440e-9c86-8bce42c51596: 27 internal nodes; 1.4 s; peak memory 978 MiB.
2026-10-09T22:24:42Z INFO [1072/1886] c7080d2d-7a5d-4540-a84f-9d2210542b77: 116 internal nodes; 1.4 s; peak memory 978 MiB.
2026-10-09T22:24:53Z INFO [1073/1886] c7085322-c161-406a-9969-0ed4acd46d71: 213 internal nodes; 11.0 s; peak memory 978 MiB.
2026-10-09T22:24:54Z INFO [1074/1886] c7089e5b-be5d-4ae9-8011-333bc8dd8f58: 27 internal nodes; 1.2 s; peak memory 978 MiB.
2026-10-09T22:24:56Z INFO [1075/1886] c708aa3e-eaae-4693-9112-9905a04ee54b: 44 internal nodes; 2.1 s; peak memory 978 MiB.
2026-10-09T22:24:57Z INFO [1076/1886] c70966f6-6b59-41ad-986f-6f2ae88d6d42: 17 internal nodes; 1.0 s; peak memory 978 MiB.
2026-10-09T22:24:59Z INFO [1077/1886] c70a5b99-f189-4dd7-805c-c35351633ccd: 27 internal nodes; 1.3 s; peak memory 978 MiB.
2026-10-09T22:25:00Z INFO [1078/1886] c70a9514-d9fd-46d0-833e-ada078acf09a: 17 internal nodes; 1.0 s; peak memory 978 MiB.
2026-10-09T22:25:02Z INFO [1079/1886] c70b52f5-5b37-4c6d-8651-66023d0570cc: 45 internal nodes; 2.5 s; peak memory 978 MiB.
2026-10-09T22:25:04Z INFO [1080/1886] c70b5c2d-8fb1-4360-a1b2-9586e4d5373a: 27 internal nodes; 1.3 s; peak memory 978 MiB.
2026-10-09T22:25:05Z INFO [1081/1886] c70bc8b1-b24f-45aa-a65b-57b2c3804d4f: 14 internal nodes; 1.0 s; peak memory 978 MiB.
2026-10-09T22:25:06Z INFO [1082/1886] c70d0c55-559f-4474-92cf-0b08ed7ca889: 17 internal nodes; 1.1 s; peak memory 978 MiB.
2026-10-09T22:25:20Z INFO [1083/1886] c70e09ec-6c73-4666-b1c9-f653ad820ba2: 273 internal nodes; 14.4 s; peak memory 978 MiB.
2026-10-09T22:25:22Z INFO [1084/1886] c70ea1b4-f6f2-4d09-9453-8cb6996d06a2: 18 internal nodes; 2.4 s; peak memory 978 MiB.
2026-10-09T22:25:24Z INFO [1085/1886] c70eb2b4-b5d2-4950-bf2a-913eeb83ea7a: 31 internal nodes; 1.7 s; peak memory 978 MiB.
2026-10-09T22:25:25Z INFO [1086/1886] c70eb932-d44b-4d41-bdb5-f4c8fe592c0a: 21 internal nodes; 0.9 s; peak memory 978 MiB.
2026-10-09T22:25:26Z INFO [1087/1886] c7102780-a8de-414f-8868-24d3a82b59c9: 19 internal nodes; 1.0 s; peak memory 978 MiB.
2026-10-09T22:25:32Z INFO [1088/1886] c710466b-957d-4b04-b397-b917d545ffbf: 101 internal nodes; 5.5 s; peak memory 978 MiB.
2026-10-09T22:25:45Z INFO [1089/1886] c7107f45-64a2-4fc6-bc73-78365b71303f: 312 internal nodes; 13.9 s; peak memory 978 MiB.
2026-10-09T22:25:47Z INFO [1090/1886] c7108cb2-b118-41db-ad94-05a3a72f8d31: 17 internal nodes; 1.1 s; peak memory 978 MiB.
2026-10-09T22:25:48Z INFO [1091/1886] c711ceda-bdb2-4f25-aa84-627f52adccab: 27 internal nodes; 1.5 s; peak memory 978 MiB.
2026-10-09T22:25:50Z INFO [1092/1886] c7121fa3-165b-4ca9-871f-23d58f7389dc: 27 internal nodes; 1.6 s; peak memory 978 MiB.
2026-10-09T22:25:51Z INFO [1093/1886] c7124d49-3cd4-482b-b910-d6e64b3394f8: 17 internal nodes; 1.0 s; peak memory 978 MiB.
2026-10-09T22:25:53Z INFO [1094/1886] c712e6bc-b9a9-4f4b-9542-bd88c8778d66: 44 internal nodes; 2.7 s; peak memory 978 MiB.
2026-10-09T22:25:55Z INFO [1095/1886] c71320d6-77c2-4c3e-94ba-8af04c4f8df9: 37 internal nodes; 1.6 s; peak memory 978 MiB.
2026-10-09T22:25:58Z INFO [1096/1886] c7135242-9c4d-427f-84b1-516da3175db4: 44 internal nodes; 2.7 s; peak memory 978 MiB.
2026-10-09T22:25:58Z INFO [1097/1886] c713b9c9-fc61-4bc7-92fc-5ed9389b8b23: 25 internal nodes; 0.8 s; peak memory 978 MiB.
2026-10-09T22:26:01Z INFO [1098/1886] c713f22f-d8ed-4e1a-9720-420529c94714: 45 internal nodes; 3.0 s; peak memory 978 MiB.
2026-10-09T22:26:02Z INFO [1099/1886] c7153d32-b823-4202-bcbd-096a0dba622e: 17 internal nodes; 1.1 s; peak memory 978 MiB.
2026-10-09T22:26:04Z INFO [1100/1886] c7153f05-0b28-469b-aa22-ad6b364231d1: 31 internal nodes; 1.5 s; peak memory 978 MiB.
2026-10-09T22:26:04Z INFO [1100/1886] c7153f05-0b28-469b-aa22-ad6b364231d1: checkpointed 143034 new records.
2026-10-09T22:26:05Z INFO [1101/1886] c715708c-cf28-47e1-9f6d-73674590c895: 26 internal nodes; 0.9 s; peak memory 978 MiB.
2026-10-09T22:26:07Z INFO [1102/1886] c7175214-ea2a-4f69-acc2-337936005cce: 115 internal nodes; 1.4 s; peak memory 978 MiB.
2026-10-09T22:26:08Z INFO [1103/1886] c718d797-0981-4c1c-9241-d3b3308828b3: 17 internal nodes; 1.0 s; peak memory 978 MiB.
2026-10-09T22:26:09Z INFO [1104/1886] c719b78d-412f-4722-98ef-6d3f39263cd7: 19 internal nodes; 1.1 s; peak memory 978 MiB.
2026-10-09T22:26:11Z INFO [1105/1886] c71ac4b9-7471-4fae-a75e-5d8a82f497cf: 21 internal nodes; 2.3 s; peak memory 978 MiB.
2026-10-09T22:28:00Z INFO [1106/1886] c71b146d-4d7c-4c54-af9f-e11f622cbc4a: 578 internal nodes; 108.4 s; peak memory 978 MiB.
2026-10-09T22:28:00Z INFO [1107/1886] c71b16db-64ff-4e59-9567-03e44fa8a029: 19 internal nodes; 0.8 s; peak memory 978 MiB.
2026-10-09T22:28:02Z INFO [1108/1886] c71b5ba7-bfc1-41ac-8443-8958ba4b60a4: 17 internal nodes; 1.1 s; peak memory 978 MiB.
2026-10-09T22:28:12Z INFO [1109/1886] c71bea3b-1a34-4fb2-a9b8-d20315092b79: 167 internal nodes; 10.3 s; peak memory 978 MiB.
2026-10-09T22:28:13Z INFO [1110/1886] c71c3347-489f-4b7f-a5aa-013459385dfc: 13 internal nodes; 1.0 s; peak memory 978 MiB.
2026-10-09T22:28:14Z INFO [1111/1886] c71d09d6-3fa6-413e-9ad3-ae8da247774a: 17 internal nodes; 1.0 s; peak memory 978 MiB.
2026-10-09T22:28:15Z INFO [1112/1886] c71e1251-9732-402e-89ed-47a2b10534ed: 17 internal nodes; 1.0 s; peak memory 978 MiB.
2026-10-09T22:28:26Z INFO [1113/1886] c71e2d05-3ca6-450f-a1a9-92b15f64a080: 134 internal nodes; 11.3 s; peak memory 978 MiB.
2026-10-09T22:28:27Z INFO [1114/1886] c71e90e1-ff2d-4194-af69-ffdc32c08f7d: 17 internal nodes; 1.1 s; peak memory 978 MiB.
2026-10-09T22:28:29Z INFO [1115/1886] c71ea141-f975-4de6-8850-bcdab1615b8b: 116 internal nodes; 1.3 s; peak memory 978 MiB.
2026-10-09T22:28:30Z INFO [1116/1886] c71ed204-2282-4f66-9326-1c7cd98996b8: 27 internal nodes; 1.2 s; peak memory 978 MiB.
2026-10-09T22:28:32Z INFO [1117/1886] c71f7709-3c6a-41a1-8881-b46f8ed4358c: 31 internal nodes; 1.8 s; peak memory 978 MiB.
2026-10-09T22:28:41Z INFO [1118/1886] c71f7a85-2a76-4a41-8521-a2e138776872: 208 internal nodes; 9.0 s; peak memory 978 MiB.
2026-10-09T22:28:44Z INFO [1119/1886] c71ff2e2-d1d8-4da6-96fe-22f85ef772f3: 97 internal nodes; 3.8 s; peak memory 978 MiB.
2026-10-09T22:28:45Z INFO [1120/1886] c720a69b-e34c-48f3-9e39-d52d2043cb2d: 11 internal nodes; 0.7 s; peak memory 978 MiB.
2026-10-09T22:28:53Z INFO [1121/1886] c720d94e-9454-43e8-85a7-aa5941752928: 177 internal nodes; 7.6 s; peak memory 978 MiB.
2026-10-09T22:28:55Z INFO [1122/1886] c7214694-66b7-44d5-9576-0019965558fe: 32 internal nodes; 2.6 s; peak memory 978 MiB.
2026-10-09T22:28:57Z INFO [1123/1886] c722352e-b8a2-4479-a00f-1bdcff841673: 59 internal nodes; 2.0 s; peak memory 978 MiB.
2026-10-09T22:28:58Z INFO [1124/1886] c722e131-c346-479f-b0e1-894eed9c4524: 22 internal nodes; 1.3 s; peak memory 978 MiB.
2026-10-09T22:29:00Z INFO [1125/1886] c7232052-324d-4a25-a405-1714634af9b5: 24 internal nodes; 1.6 s; peak memory 978 MiB.
2026-10-09T22:29:01Z INFO [1126/1886] c723967d-25ba-4c5c-8b57-37323556d249: 17 internal nodes; 0.9 s; peak memory 978 MiB.
2026-10-09T22:29:02Z INFO [1127/1886] c723cac2-dac6-4f7d-9bfa-6939cea005a2: 27 internal nodes; 1.4 s; peak memory 978 MiB.
2026-10-09T22:29:03Z INFO [1128/1886] c7247790-abb4-48bf-889e-6f745e9025f4: 17 internal nodes; 1.0 s; peak memory 978 MiB.
2026-10-09T22:29:04Z INFO [1129/1886] c7251fcb-a109-4a26-83ca-f69d02f0bec2: 17 internal nodes; 0.8 s; peak memory 978 MiB.
2026-10-09T22:29:05Z INFO [1130/1886] c7253625-518e-47f6-b5d0-56d62f684294: 27 internal nodes; 1.2 s; peak memory 978 MiB.
2026-10-09T22:29:06Z INFO [1131/1886] c725fed4-b159-46db-bdf9-42275387a91e: 23 internal nodes; 1.1 s; peak memory 978 MiB.
2026-10-09T22:29:08Z INFO [1132/1886] c7265ba7-bf4e-4dc0-a81b-2312fe81363e: 31 internal nodes; 1.2 s; peak memory 978 MiB.
2026-10-09T22:29:09Z INFO [1133/1886] c726d8f8-fd6a-4033-b59b-a430611fc278: 27 internal nodes; 1.4 s; peak memory 978 MiB.
2026-10-09T22:29:12Z INFO [1134/1886] c7271cc8-294f-4494-bfec-548fa7236a9c: 42 internal nodes; 2.9 s; peak memory 978 MiB.
2026-10-09T22:29:13Z INFO [1135/1886] c7274191-d8c9-4602-9a76-4798f2ed0348: 17 internal nodes; 0.9 s; peak memory 978 MiB.
2026-10-09T22:29:14Z INFO [1136/1886] c72759dd-1c50-4e11-8662-9e07c65e2524: 17 internal nodes; 1.1 s; peak memory 978 MiB.
2026-10-09T22:29:15Z INFO [1137/1886] c7277f30-0263-437f-8e71-e13d26ca89bb: 17 internal nodes; 1.0 s; peak memory 978 MiB.
2026-10-09T22:29:17Z INFO [1138/1886] c7292733-ecb1-4c34-9801-44a9eef70056: 37 internal nodes; 1.8 s; peak memory 978 MiB.
2026-10-09T22:29:18Z INFO [1139/1886] c72a4dd8-9e5c-4ed2-b705-6bca400124a5: 31 internal nodes; 1.6 s; peak memory 978 MiB.
2026-10-09T22:29:24Z INFO [1140/1886] c72ab86a-61c6-4a6a-8b3f-2b0d4ecbd44a: 141 internal nodes; 5.8 s; peak memory 978 MiB.
2026-10-09T22:29:25Z INFO [1141/1886] c72ad4e4-1164-48c2-8971-fec9ccff773c: 18 internal nodes; 1.1 s; peak memory 978 MiB.
2026-10-09T22:29:26Z INFO [1142/1886] c72afb12-fbde-4f7d-9b01-b2c891d69c35: 17 internal nodes; 1.0 s; peak memory 978 MiB.
2026-10-09T22:29:27Z INFO [1143/1886] c72b9851-05ee-47aa-96c4-8680b87b9fdf: 27 internal nodes; 1.3 s; peak memory 978 MiB.
2026-10-09T22:29:29Z INFO [1144/1886] c72b9a2a-ff15-4bf7-9302-13b2f058b634: 17 internal nodes; 1.1 s; peak memory 978 MiB.
2026-10-09T22:29:29Z INFO [1145/1886] c72bae3a-ef9d-4358-ae8e-304f1cb322c5: 11 internal nodes; 0.7 s; peak memory 978 MiB.
2026-10-09T22:29:39Z INFO [1146/1886] c72c48c4-85cd-44bd-a8d2-c03fe582f24f: 201 internal nodes; 9.9 s; peak memory 978 MiB.
2026-10-09T22:29:40Z INFO [1147/1886] c72cd60a-8255-4133-8dcc-842c4b3c5493: 27 internal nodes; 1.3 s; peak memory 978 MiB.
2026-10-09T22:29:50Z INFO [1148/1886] c72d0561-717c-4e8f-af80-0283d5492041: 114 internal nodes; 10.0 s; peak memory 978 MiB.
2026-10-09T22:29:52Z INFO [1149/1886] c72dea65-3dee-42f7-a99a-70d2efaa05f9: 19 internal nodes; 1.4 s; peak memory 978 MiB.
2026-10-09T22:29:53Z INFO [1150/1886] c72dfe25-fc85-4d7a-8770-76fcff71151f: 17 internal nodes; 1.0 s; peak memory 978 MiB.
2026-10-09T22:29:54Z INFO [1150/1886] c72dfe25-fc85-4d7a-8770-76fcff71151f: checkpointed 143084 new records.
2026-10-09T22:29:55Z INFO [1151/1886] c72ed8c5-ad34-47e8-a3ed-792777616fe4: 27 internal nodes; 1.4 s; peak memory 978 MiB.
2026-10-09T22:29:57Z INFO [1152/1886] c72f06e0-691b-4f91-b9e9-cff901d4cc26: 29 internal nodes; 1.6 s; peak memory 978 MiB.
2026-10-09T22:30:07Z INFO [1153/1886] c72fe95a-7088-40a1-a42c-219e0b78b308: 214 internal nodes; 10.3 s; peak memory 978 MiB.
2026-10-09T22:30:08Z INFO [1154/1886] c731d2a4-6eb6-42a4-a125-57f2b0c622a7: 19 internal nodes; 1.3 s; peak memory 978 MiB.
2026-10-09T22:30:10Z INFO [1155/1886] c731f916-66a6-47c3-9765-cd3fda8b4813: 116 internal nodes; 1.4 s; peak memory 978 MiB.
2026-10-09T22:30:15Z INFO [1156/1886] c7329a3b-b1d6-41fd-a569-5b03f11c45dd: 73 internal nodes; 5.5 s; peak memory 978 MiB.
2026-10-09T22:30:16Z INFO [1157/1886] c733262e-574f-44d6-86cf-9981d8509edc: 13 internal nodes; 1.1 s; peak memory 978 MiB.
2026-10-09T22:30:21Z INFO [1158/1886] c7347cb7-13f0-440f-831b-1e45c104e835: 70 internal nodes; 5.2 s; peak memory 978 MiB.
2026-10-09T22:30:23Z INFO [1159/1886] c73525eb-8313-45ca-8fa6-88bab7a51578: 17 internal nodes; 1.1 s; peak memory 978 MiB.
2026-10-09T22:30:24Z INFO [1160/1886] c7356ef1-bad2-45dd-bda0-bd515fe934c1: 17 internal nodes; 1.1 s; peak memory 978 MiB.
2026-10-09T22:30:43Z INFO [1161/1886] c735f5f5-04e6-42ed-8e13-332344b7d01e: 1465 internal nodes; 19.0 s; peak memory 978 MiB.
2026-10-09T22:30:44Z INFO [1162/1886] c73635e6-fb1f-490c-82ef-112f87858a3b: 17 internal nodes; 1.0 s; peak memory 978 MiB.
2026-10-09T22:30:46Z INFO [1163/1886] c737a1bd-a162-4a7e-9a84-cc22cc11d24c: 31 internal nodes; 1.9 s; peak memory 978 MiB.
2026-10-09T22:30:47Z INFO [1164/1886] c737f2be-0936-4c82-b74c-8ee8a9f5cf3d: 51 internal nodes; 1.6 s; peak memory 978 MiB.
2026-10-09T22:30:48Z INFO [1165/1886] c738021f-49dd-4b12-86d9-6c8094331f20: 17 internal nodes; 1.0 s; peak memory 978 MiB.
2026-10-09T22:30:49Z INFO [1166/1886] c73815e6-32d4-42fb-9355-2f8dcf3bcb88: 116 internal nodes; 1.3 s; peak memory 978 MiB.
2026-10-09T22:30:50Z INFO [1167/1886] c738f019-06a7-42d5-b9bc-c408e0ab07b0: 15 internal nodes; 1.1 s; peak memory 978 MiB.
2026-10-09T22:31:02Z INFO [1168/1886] c739b227-d731-4bff-9c61-4ff273ebbed6: 218 internal nodes; 11.7 s; peak memory 978 MiB.
2026-10-09T22:31:04Z INFO [1169/1886] c739ecb3-0ca1-406a-bd3a-bb9d0f1fce94: 31 internal nodes; 1.7 s; peak memory 978 MiB.
2026-10-09T22:31:07Z INFO [1170/1886] c73b040d-cff2-4686-bd93-715d5f7186cd: 44 internal nodes; 2.7 s; peak memory 978 MiB.
2026-10-09T22:31:19Z INFO [1171/1886] c73b6d2b-2ae3-4c09-b10c-cb749537a91c: 74 internal nodes; 12.0 s; peak memory 978 MiB.
2026-10-09T22:31:20Z INFO [1172/1886] c73c1985-05a9-49c4-8800-a99ef940b1c7: 13 internal nodes; 1.0 s; peak memory 978 MiB.
2026-10-09T22:31:23Z INFO [1173/1886] c73cc815-16e2-44fe-beff-df326ac88c93: 60 internal nodes; 3.4 s; peak memory 978 MiB.
2026-10-09T22:31:24Z INFO [1174/1886] c73cd99f-b118-42fc-8efb-21365436f113: 19 internal nodes; 1.2 s; peak memory 978 MiB.
2026-10-09T22:31:25Z INFO [1175/1886] c73d2ed0-03db-4444-bd3b-116df3b92417: 17 internal nodes; 1.1 s; peak memory 978 MiB.
2026-10-09T22:31:27Z INFO [1176/1886] c73d32d6-d6c5-4abc-96ae-4fded5058496: 31 internal nodes; 1.7 s; peak memory 978 MiB.
2026-10-09T22:31:28Z INFO [1177/1886] c73d7e6a-8265-46ad-8c3e-6040750bb457: 17 internal nodes; 1.2 s; peak memory 978 MiB.
2026-10-09T22:31:29Z INFO [1178/1886] c73df1ca-2120-4109-9e8f-23c2f836e6c8: 17 internal nodes; 1.0 s; peak memory 978 MiB.
2026-10-09T22:31:31Z INFO [1179/1886] c73dfc6b-cd76-4bbe-9310-d6d9b267ba69: 31 internal nodes; 2.2 s; peak memory 978 MiB.
2026-10-09T22:31:33Z INFO [1180/1886] c73e3e69-125f-4c8e-9e03-1f23f47ace86: 84 internal nodes; 2.0 s; peak memory 978 MiB.
2026-10-09T22:31:35Z INFO [1181/1886] c73e4f78-59e3-4402-b13b-b69b10e24709: 31 internal nodes; 1.7 s; peak memory 978 MiB.
2026-10-09T22:31:36Z INFO [1182/1886] c73eab45-670e-4127-a5d6-bcd9003d1694: 19 internal nodes; 1.0 s; peak memory 978 MiB.
2026-10-09T22:31:45Z INFO [1183/1886] c73eee10-f0ce-4ca9-9ba6-375c3752b87f: 222 internal nodes; 8.5 s; peak memory 978 MiB.
2026-10-09T22:31:46Z INFO [1184/1886] c73f07a1-0fff-4ad5-8cac-1d1db2833882: 17 internal nodes; 1.1 s; peak memory 978 MiB.
2026-10-09T22:31:47Z INFO [1185/1886] c73f20bf-6bfe-4949-b020-22563de13534: 27 internal nodes; 1.4 s; peak memory 978 MiB.
2026-10-09T22:31:49Z INFO [1186/1886] c73f63fe-39a4-4c83-bddb-5d921548ccca: 27 internal nodes; 1.4 s; peak memory 978 MiB.
2026-10-09T22:31:50Z INFO [1187/1886] c73f8468-c899-4f7c-9c38-93d7c0d694a3: 27 internal nodes; 1.3 s; peak memory 978 MiB.
2026-10-09T22:31:51Z INFO [1188/1886] c73f96f6-cae0-4343-a88e-35ae6b2bfb71: 11 internal nodes; 0.7 s; peak memory 978 MiB.
2026-10-09T22:31:52Z INFO [1189/1886] c7409dd5-7c72-4d65-bd32-17fd06776935: 34 internal nodes; 1.3 s; peak memory 978 MiB.
2026-10-09T22:31:53Z INFO [1190/1886] c7412d7f-07ae-49b6-9abb-d0255e97d194: 17 internal nodes; 1.1 s; peak memory 978 MiB.
2026-10-09T22:31:59Z INFO [1191/1886] c74130b7-8e76-4c60-af37-5e3e3055c1af: 177 internal nodes; 5.6 s; peak memory 978 MiB.
2026-10-09T22:32:00Z INFO [1192/1886] c741aa7c-6f15-4396-bb9c-a671d01975e1: 27 internal nodes; 1.5 s; peak memory 978 MiB.
2026-10-09T22:32:01Z INFO [1193/1886] c741fabd-44c8-4518-8cab-01889b4107a1: 23 internal nodes; 1.2 s; peak memory 978 MiB.
2026-10-09T22:32:03Z INFO [1194/1886] c7420aa8-0591-41d9-b22d-159aee591787: 29 internal nodes; 1.4 s; peak memory 978 MiB.
2026-10-09T22:32:04Z INFO [1195/1886] c7420bf9-5c22-4966-95c9-4d59c1026a5e: 22 internal nodes; 1.1 s; peak memory 978 MiB.
2026-10-09T22:32:05Z INFO [1196/1886] c7422489-2e2b-48e8-89c3-d3c1830392eb: 16 internal nodes; 1.1 s; peak memory 978 MiB.
2026-10-09T22:32:08Z INFO [1197/1886] c742aa9c-af21-4700-ad47-90e01d4710f2: 44 internal nodes; 3.1 s; peak memory 978 MiB.
2026-10-09T22:33:07Z INFO [1198/1886] c7436b3c-9a5e-4ae5-baf4-95fe690d97a9: 1317 internal nodes; 59.2 s; peak memory 978 MiB.
2026-10-09T22:33:09Z INFO [1199/1886] c7439e99-5a49-432e-9c80-e11f4e06c3dc: 31 internal nodes; 1.7 s; peak memory 978 MiB.
2026-10-09T22:33:17Z INFO [1200/1886] c7441a2c-d284-4011-b447-27fe6616198e: 65 internal nodes; 8.0 s; peak memory 978 MiB.
2026-10-09T22:33:18Z INFO [1200/1886] c7441a2c-d284-4011-b447-27fe6616198e: checkpointed 143134 new records.
2026-10-09T22:33:19Z INFO [1201/1886] c7450a49-8edf-4124-a47d-9eb4789dcfd9: 17 internal nodes; 1.2 s; peak memory 978 MiB.
2026-10-09T22:33:20Z INFO [1202/1886] c7455743-8660-4ce1-b51c-373274d487ba: 13 internal nodes; 0.9 s; peak memory 978 MiB.
2026-10-09T22:33:21Z INFO [1203/1886] c745705e-81ea-4ac3-b7d2-f37069a0a734: 17 internal nodes; 1.3 s; peak memory 978 MiB.
2026-10-09T22:33:25Z INFO [1204/1886] c7457230-0039-4077-9178-f9bbe69c4c2a: 47 internal nodes; 3.7 s; peak memory 978 MiB.
2026-10-09T22:33:26Z INFO [1205/1886] c746364b-feb8-4164-9e6a-64254230584e: 17 internal nodes; 1.1 s; peak memory 978 MiB.
2026-10-09T22:33:27Z INFO [1206/1886] c746a8e2-1bec-4cfb-a57a-3f37514d2325: 27 internal nodes; 1.4 s; peak memory 978 MiB.
2026-10-09T22:33:28Z INFO [1207/1886] c746b2db-8ee8-4554-a7d3-6b6dd35c6358: 27 internal nodes; 1.3 s; peak memory 978 MiB.
2026-10-09T22:33:29Z INFO [1208/1886] c746eb8e-5620-4ead-85d3-c183b275d09f: 17 internal nodes; 1.0 s; peak memory 978 MiB.
2026-10-09T22:33:31Z INFO [1209/1886] c747b002-06e5-4aa1-9dc9-8f91bab623e5: 27 internal nodes; 1.3 s; peak memory 978 MiB.
2026-10-09T22:33:32Z INFO [1210/1886] c7486102-d23d-4148-af13-96d9245c0197: 17 internal nodes; 1.1 s; peak memory 978 MiB.
2026-10-09T22:33:56Z INFO [1211/1886] c748aa43-3c95-452c-a1e7-d3bb18075fa4: 219 internal nodes; 24.3 s; peak memory 978 MiB.
2026-10-09T22:33:57Z INFO [1212/1886] c74a4d9d-24a7-48d6-bb9d-87fc0fc7eed4: 19 internal nodes; 1.1 s; peak memory 978 MiB.
2026-10-09T22:33:59Z INFO [1213/1886] c74bd054-5277-4608-854f-a9a71bc8fd98: 63 internal nodes; 1.7 s; peak memory 978 MiB.
2026-10-09T22:34:00Z INFO [1214/1886] c74c3ee0-c19c-4020-8878-6d151a754c99: 17 internal nodes; 1.0 s; peak memory 978 MiB.
2026-10-09T22:34:01Z INFO [1215/1886] c74c5ac4-fdd1-4e48-a417-1f12b5a1d6c4: 17 internal nodes; 1.2 s; peak memory 978 MiB.
2026-10-09T22:34:12Z INFO [1216/1886] c74cdc7e-2d7d-44d3-8f92-de5cd6467e4a: 124 internal nodes; 10.7 s; peak memory 978 MiB.
2026-10-09T22:34:13Z INFO [1217/1886] c74d1ea6-5b73-4c0d-9567-710016134e93: 114 internal nodes; 1.3 s; peak memory 978 MiB.
2026-10-09T22:34:14Z INFO [1218/1886] c74d36fc-7168-445d-93b4-10393ba23f4d: 21 internal nodes; 1.2 s; peak memory 978 MiB.
2026-10-09T22:34:17Z INFO [1219/1886] c74eafd8-cf98-41a6-a5f4-53b1d5809e08: 55 internal nodes; 2.4 s; peak memory 978 MiB.
2026-10-09T22:34:18Z INFO [1220/1886] c74ec2e2-d59d-4232-bda8-a4bed82c3955: 19 internal nodes; 1.1 s; peak memory 978 MiB.
2026-10-09T22:34:19Z INFO [1221/1886] c74f6a85-8dd7-46ea-99b8-1e8f07a29a4c: 17 internal nodes; 1.2 s; peak memory 978 MiB.
2026-10-09T22:34:20Z INFO [1222/1886] c74fa18c-1735-43aa-ad15-d2ec922b8238: 18 internal nodes; 0.9 s; peak memory 978 MiB.
2026-10-09T22:34:22Z INFO [1223/1886] c7508be2-9df0-42c8-ba02-bc80c572fb83: 59 internal nodes; 1.9 s; peak memory 978 MiB.
2026-10-09T22:34:23Z INFO [1224/1886] c7510706-67a0-4871-9c85-2742c18072a9: 63 internal nodes; 1.5 s; peak memory 978 MiB.
2026-10-09T22:34:25Z INFO [1225/1886] c75182e9-d8b3-4ba4-beae-4bd846b7b3a1: 29 internal nodes; 2.0 s; peak memory 978 MiB.
2026-10-09T22:34:33Z INFO [1226/1886] c7519244-b3ec-4bea-8b82-8e808055372c: 174 internal nodes; 7.8 s; peak memory 978 MiB.
2026-10-09T22:34:34Z INFO [1227/1886] c7522e37-7365-4ad2-bdd5-fef60605e81f: 17 internal nodes; 1.1 s; peak memory 978 MiB.
2026-10-09T22:34:36Z INFO [1228/1886] c752facc-749a-4061-ae50-59d0e89f1448: 27 internal nodes; 1.3 s; peak memory 978 MiB.
2026-10-09T22:34:38Z INFO [1229/1886] c753b9db-9d8e-4222-9ac4-842f7403e537: 44 internal nodes; 2.9 s; peak memory 978 MiB.
2026-10-09T22:34:40Z INFO [1230/1886] c754a549-ca64-43cf-a73d-ec7d74dc6188: 29 internal nodes; 1.3 s; peak memory 978 MiB.
2026-10-09T22:34:42Z INFO [1231/1886] c75525d2-86a1-42e6-bb26-1203e068ab2b: 31 internal nodes; 1.8 s; peak memory 978 MiB.
2026-10-09T22:34:43Z INFO [1232/1886] c7559c42-8f67-480e-8b5c-760653698744: 17 internal nodes; 1.0 s; peak memory 978 MiB.
2026-10-09T22:34:44Z INFO [1233/1886] c755b4c3-50c5-4159-9add-25ef4aa51607: 21 internal nodes; 1.2 s; peak memory 978 MiB.
2026-10-09T22:34:46Z INFO [1234/1886] c75681a0-b951-40da-82fe-41298ef9088e: 31 internal nodes; 2.1 s; peak memory 978 MiB.
2026-10-09T22:34:47Z INFO [1235/1886] c756c375-5114-41cc-8ea4-5e2ca0229c07: 29 internal nodes; 1.3 s; peak memory 978 MiB.
2026-10-09T22:34:49Z INFO [1236/1886] c756dc3e-a62c-462c-b4a9-e092ad710744: 58 internal nodes; 1.8 s; peak memory 978 MiB.
2026-10-09T22:34:51Z INFO [1237/1886] c75747fc-7ced-4e1c-9034-210a57ef7613: 31 internal nodes; 1.6 s; peak memory 978 MiB.
2026-10-09T22:34:52Z INFO [1238/1886] c75775c1-0f23-47da-bcea-117a86d4bd24: 118 internal nodes; 1.5 s; peak memory 978 MiB.
2026-10-09T22:34:54Z WARNING c75892b0-e896-47ce-9be6-aaf7fff0b0bc: failed while reading the NWB file (KeyError: 'Unable to synchronously open object (component not found)')
2026-10-09T22:34:54Z WARNING [1239/1886] c75892b0-e896-47ce-9be6-aaf7fff0b0bc: leaving unrecorded for a later run to retry.
2026-10-09T22:35:00Z INFO [1240/1886] c75904fb-afc7-4487-8774-ccbaecbc1829: 143 internal nodes; 6.4 s; peak memory 978 MiB.
2026-10-09T22:35:02Z INFO [1241/1886] c7598ea5-64c7-4318-a893-30278211a94f: 63 internal nodes; 2.3 s; peak memory 978 MiB.
2026-10-09T22:35:15Z INFO [1242/1886] c75a265a-76c7-48bd-b738-1c9f122ba960: 298 internal nodes; 12.2 s; peak memory 978 MiB.
2026-10-09T22:35:16Z INFO [1243/1886] c75a7e28-eb17-4e14-8488-37a4b0ab0dbf: 17 internal nodes; 1.1 s; peak memory 978 MiB.
2026-10-09T22:35:17Z INFO [1244/1886] c75a84a1-fa44-411e-a1fb-0e0b5a787edb: 67 internal nodes; 1.5 s; peak memory 978 MiB.
2026-10-09T22:35:18Z INFO [1245/1886] c75ae5a0-7f58-4b63-b829-3f463cac28ee: 18 internal nodes; 1.0 s; peak memory 978 MiB.
2026-10-09T22:35:19Z INFO [1246/1886] c75bd7f1-99f3-4e23-8682-81e2add44d88: 52 internal nodes; 1.3 s; peak memory 978 MiB.
2026-10-09T22:35:32Z INFO [1247/1886] c75be00f-9485-49f3-81cb-ff6614bd16aa: 219 internal nodes; 12.5 s; peak memory 978 MiB.
2026-10-09T22:35:34Z INFO [1248/1886] c75c9fdf-4ff2-4927-ab69-99330e2476fb: 53 internal nodes; 1.6 s; peak memory 978 MiB.
2026-10-09T22:35:35Z INFO [1249/1886] c75d7de3-43e0-4035-86b9-b6cbb20658e0: 17 internal nodes; 1.1 s; peak memory 978 MiB.
2026-10-09T22:35:37Z INFO [1250/1886] c75d91a3-8fd0-44cd-a379-aa2f7932e537: 61 internal nodes; 2.6 s; peak memory 978 MiB.
2026-10-09T22:35:38Z INFO [1250/1886] c75d91a3-8fd0-44cd-a379-aa2f7932e537: checkpointed 143183 new records.
2026-10-09T22:35:39Z INFO [1251/1886] c75dfcb5-b6ba-4b98-9d9f-19f07030ebf5: 17 internal nodes; 1.1 s; peak memory 978 MiB.
2026-10-09T22:35:43Z INFO [1252/1886] c75ecffd-10b3-4438-9720-d20b1926c8a9: 117 internal nodes; 4.3 s; peak memory 978 MiB.
2026-10-09T22:35:44Z INFO [1253/1886] c75f9eb1-2b92-442c-b0cf-80f8bd3b14ac: 18 internal nodes; 1.3 s; peak memory 978 MiB.
2026-10-09T22:35:45Z INFO [1254/1886] c75fe07b-773d-4503-89d9-d5ef3e7941f9: 17 internal nodes; 1.0 s; peak memory 978 MiB.
2026-10-09T22:35:46Z INFO [1255/1886] c76055b1-080d-4c78-8e22-63623ff1d856: 19 internal nodes; 1.1 s; peak memory 978 MiB.
2026-10-09T22:35:53Z INFO [1256/1886] c76073c0-0eb8-4273-8d59-d19a36bf178d: 508 internal nodes; 6.5 s; peak memory 978 MiB.
2026-10-09T22:35:56Z INFO [1257/1886] c760d437-35b6-480c-9082-4696f2f75e00: 46 internal nodes; 3.5 s; peak memory 978 MiB.
2026-10-09T22:35:57Z INFO [1258/1886] c760d81a-2931-4989-9968-7eb262febba9: 17 internal nodes; 1.0 s; peak memory 978 MiB.
2026-10-09T22:35:59Z INFO [1259/1886] c76100e5-7e32-447d-b233-344e13baa0ac: 31 internal nodes; 1.5 s; peak memory 978 MiB.
2026-10-09T22:36:04Z INFO [1260/1886] c76199ba-6067-4adf-aac6-01c81c2c7e83: 140 internal nodes; 5.2 s; peak memory 978 MiB.
2026-10-09T22:36:07Z INFO [1261/1886] c762d050-05b4-4023-ae43-1626846639d8: 59 internal nodes; 2.6 s; peak memory 978 MiB.
2026-10-09T22:36:08Z INFO [1262/1886] c7639b3a-e50f-4685-90aa-1a93aefabee2: 58 internal nodes; 1.5 s; peak memory 978 MiB.
2026-10-09T22:36:10Z INFO [1263/1886] c764eac7-bb70-434f-8326-828730832a1d: 31 internal nodes; 1.8 s; peak memory 978 MiB.
2026-10-09T22:36:12Z INFO [1264/1886] c76597cb-3b2a-460d-a3b0-d0ae602367c3: 61 internal nodes; 1.6 s; peak memory 978 MiB.
2026-10-09T22:36:13Z INFO [1265/1886] c7660f26-b23b-4f88-afe1-76baf7c65704: 31 internal nodes; 1.5 s; peak memory 978 MiB.
2026-10-09T22:36:15Z INFO [1266/1886] c7667fbe-ddd6-474d-ac2a-cca5cd1d81db: 17 internal nodes; 1.2 s; peak memory 978 MiB.
2026-10-09T22:36:22Z INFO [1267/1886] c766aeb5-13ed-4714-853a-3633a083498a: 91 internal nodes; 7.5 s; peak memory 978 MiB.
2026-10-09T22:36:26Z INFO [1268/1886] c766e60a-5ef7-4170-8d4d-308c7960f231: 46 internal nodes; 3.8 s; peak memory 978 MiB.
2026-10-09T22:36:32Z INFO [1269/1886] c767f405-d142-4846-bc24-5235ba10d213: 54 internal nodes; 6.0 s; peak memory 978 MiB.
2026-10-09T22:36:33Z INFO [1270/1886] c7685574-805c-4a85-9bde-244730a38794: 17 internal nodes; 1.1 s; peak memory 978 MiB.
2026-10-09T22:36:34Z INFO [1271/1886] c768a98b-972e-4bd1-875e-560906e4c189: 17 internal nodes; 1.1 s; peak memory 978 MiB.
2026-10-09T22:36:35Z INFO [1272/1886] c768af1e-e235-40a1-aa99-7c46cc27ed8a: 11 internal nodes; 0.7 s; peak memory 978 MiB.
2026-10-09T22:36:36Z INFO [1273/1886] c768ff58-1dc1-49f4-a0c3-78b063c4f548: 27 internal nodes; 1.2 s; peak memory 978 MiB.
2026-10-09T22:36:37Z INFO [1274/1886] c7693bd2-41e1-4708-943c-fc7d04bfc352: 19 internal nodes; 0.9 s; peak memory 978 MiB.
2026-10-09T22:36:38Z INFO [1275/1886] c769a240-89c3-4b81-ae6f-f6c5a0e8aaea: 27 internal nodes; 1.6 s; peak memory 978 MiB.
2026-10-09T22:36:39Z INFO [1276/1886] c769df84-a37d-4301-85e3-522cca47e725: 13 internal nodes; 0.8 s; peak memory 978 MiB.
2026-10-09T22:36:44Z INFO [1277/1886] c76a6e6f-2b6d-4932-840e-682686bb7dbe: 57 internal nodes; 4.3 s; peak memory 978 MiB.
2026-10-09T22:36:45Z INFO [1278/1886] c76df2e1-dbae-4f44-92d6-85a83f92a5fa: 115 internal nodes; 1.3 s; peak memory 978 MiB.
2026-10-09T22:36:46Z INFO [1279/1886] c76e4279-a170-413d-8b2a-477d00a2273b: 58 internal nodes; 1.2 s; peak memory 978 MiB.
2026-10-09T22:36:53Z INFO [1280/1886] c76e780a-302a-4aaa-b661-31b353f2c47f: 41 internal nodes; 7.0 s; peak memory 978 MiB.
2026-10-09T22:36:55Z INFO [1281/1886] c76f2ead-2de3-411b-8c88-194426ff0113: 42 internal nodes; 2.3 s; peak memory 978 MiB.
2026-10-09T22:36:58Z INFO [1282/1886] c76fe562-799b-49ee-a766-03bdfb37f97f: 72 internal nodes; 2.5 s; peak memory 978 MiB.
2026-10-09T22:36:59Z INFO [1283/1886] c7706e48-5dbf-49fe-9234-899fa1596687: 17 internal nodes; 1.0 s; peak memory 978 MiB.
2026-10-09T22:37:00Z INFO [1284/1886] c7709c78-5435-45c4-b99a-23152a49aaed: 27 internal nodes; 1.3 s; peak memory 978 MiB.
2026-10-09T22:37:09Z INFO [1285/1886] c7717001-36fe-4965-b28e-80f140445615: 233 internal nodes; 8.6 s; peak memory 978 MiB.
2026-10-09T22:37:10Z INFO [1286/1886] c771b777-d79f-4ee7-b9f5-fbe0c804fdf8: 17 internal nodes; 1.0 s; peak memory 978 MiB.
2026-10-09T22:37:11Z INFO [1287/1886] c771d2b6-1e44-4895-b0c5-bfbbbffd62e0: 17 internal nodes; 1.0 s; peak memory 978 MiB.
2026-10-09T22:37:12Z INFO [1288/1886] c7734adb-ceeb-465f-80ba-0e16780611ca: 13 internal nodes; 1.1 s; peak memory 978 MiB.
2026-10-09T22:37:13Z INFO [1289/1886] c7736cf4-213d-425e-9b52-4ad466941d1e: 19 internal nodes; 1.0 s; peak memory 978 MiB.
2026-10-09T22:37:15Z INFO [1290/1886] c7740adc-8c1f-4ba0-91a1-9a7006d71044: 31 internal nodes; 1.8 s; peak memory 978 MiB.
2026-10-09T22:37:16Z INFO [1291/1886] c774deab-8f34-4814-a352-c6078081ad24: 31 internal nodes; 1.5 s; peak memory 978 MiB.
2026-10-09T22:37:17Z INFO [1292/1886] c775dfd7-204e-4f2f-9656-fd3a0aecaa3c: 17 internal nodes; 0.9 s; peak memory 978 MiB.
2026-10-09T22:37:18Z INFO [1293/1886] c7761e6f-8c1f-4491-b0c6-167c4f97073b: 17 internal nodes; 1.2 s; peak memory 978 MiB.
2026-10-09T22:37:19Z INFO [1294/1886] c77680da-cbf9-4e17-9632-8ea2e1860e01: 17 internal nodes; 1.0 s; peak memory 978 MiB.
2026-10-09T22:37:21Z INFO [1295/1886] c777f65e-7b9e-4a77-a51e-2f31858ae633: 27 internal nodes; 1.3 s; peak memory 978 MiB.
2026-10-09T22:38:04Z INFO [1296/1886] c77829d4-ff57-4f2c-b897-05dc4b10fecd: 5322 internal nodes; 43.4 s; peak memory 978 MiB.
2026-10-09T22:38:05Z INFO [1297/1886] c7795c71-a96c-4a4b-81ef-cdab542cf6bb: 17 internal nodes; 1.2 s; peak memory 978 MiB.
2026-10-09T22:38:07Z INFO [1298/1886] c77b62de-24d6-4752-b1e5-994c12d5127f: 59 internal nodes; 1.4 s; peak memory 978 MiB.
2026-10-09T22:38:18Z INFO [1299/1886] c77be78e-4707-45da-b57d-aa2fcc643cee: 295 internal nodes; 10.9 s; peak memory 978 MiB.
2026-10-09T22:38:19Z INFO [1300/1886] c77c20a5-47ab-4e60-a524-94accf45f6c2: 17 internal nodes; 1.4 s; peak memory 978 MiB.
2026-10-09T22:38:20Z INFO [1300/1886] c77c20a5-47ab-4e60-a524-94accf45f6c2: checkpointed 143233 new records.
2026-10-09T22:38:22Z INFO [1301/1886] c77d7237-8fba-4737-a056-186e6b05d3cd: 58 internal nodes; 2.1 s; peak memory 978 MiB.
2026-10-09T22:38:23Z INFO [1302/1886] c77e79b0-9653-4501-8daa-2783c5327d48: 17 internal nodes; 1.1 s; peak memory 978 MiB.
2026-10-09T22:38:24Z INFO [1303/1886] c78040ab-697a-4408-b1ff-159c92ab847a: 18 internal nodes; 1.0 s; peak memory 978 MiB.
2026-10-09T22:38:25Z INFO [1304/1886] c78094ed-7d56-4860-bcfc-1aed01a57cde: 17 internal nodes; 1.1 s; peak memory 978 MiB.
2026-10-09T22:38:26Z INFO [1305/1886] c780c143-2318-4e9a-a7ac-465d67d5aa0f: 17 internal nodes; 1.0 s; peak memory 978 MiB.
2026-10-09T22:38:27Z INFO [1306/1886] c780cc06-9c4e-4627-9ac4-81214cf03fce: 17 internal nodes; 0.7 s; peak memory 978 MiB.
2026-10-09T22:38:28Z INFO [1307/1886] c780f4e6-93a4-43d3-95f0-8d7dd79dd3bb: 28 internal nodes; 1.8 s; peak memory 978 MiB.
2026-10-09T22:38:47Z INFO [1308/1886] c781895e-922c-443d-97de-f58d3f786762: 1725 internal nodes; 18.3 s; peak memory 978 MiB.
2026-10-09T22:38:49Z INFO [1309/1886] c782419d-d514-462e-b417-f3067715fa1f: 72 internal nodes; 2.3 s; peak memory 978 MiB.
2026-10-09T22:38:56Z INFO [1310/1886] c78380df-1324-4182-a3bd-1bfa3e424f03: 177 internal nodes; 7.2 s; peak memory 978 MiB.
2026-10-09T22:38:58Z INFO [1311/1886] c7839778-fe70-41da-b416-ceeb8484ded3: 31 internal nodes; 2.0 s; peak memory 978 MiB.
2026-10-09T22:38:59Z INFO [1312/1886] c78429be-0d5e-4ed4-8361-53466a577dfa: 19 internal nodes; 0.9 s; peak memory 978 MiB.
2026-10-09T22:39:07Z INFO [1313/1886] c78443fc-4865-4efc-bede-01dad386c567: 177 internal nodes; 7.4 s; peak memory 978 MiB.
2026-10-09T22:39:08Z INFO [1314/1886] c78448bb-cc93-4200-9a05-ff7044d1637b: 27 internal nodes; 1.4 s; peak memory 978 MiB.
2026-10-09T22:39:10Z INFO [1315/1886] c785b22c-6fdf-4622-be8f-180b41c35645: 31 internal nodes; 1.8 s; peak memory 978 MiB.
2026-10-09T22:39:16Z INFO [1316/1886] c785ca4d-da5c-46c3-a605-14f6d89722c0: 142 internal nodes; 6.2 s; peak memory 978 MiB.
2026-10-09T22:39:17Z INFO [1317/1886] c785fd5a-2961-4e2b-ac70-c3b71bae12f6: 53 internal nodes; 1.5 s; peak memory 978 MiB.
2026-10-09T22:39:20Z INFO [1318/1886] c7868208-f6b7-4fce-a841-3e1b42fe5991: 60 internal nodes; 2.8 s; peak memory 978 MiB.
2026-10-09T22:39:21Z INFO [1319/1886] c7872c1b-a812-4d49-b333-f2c75a1e37f4: 29 internal nodes; 1.0 s; peak memory 978 MiB.
2026-10-09T22:39:22Z INFO [1320/1886] c7874679-12b0-4d4d-8988-47c590eebf2a: 18 internal nodes; 1.2 s; peak memory 978 MiB.
2026-10-09T22:39:25Z INFO [1321/1886] c7874724-c8cf-408b-a474-c2741a2b1340: 52 internal nodes; 2.2 s; peak memory 978 MiB.
2026-10-09T22:39:26Z INFO [1322/1886] c78756c3-2f4f-432b-86c7-863596b51598: 27 internal nodes; 1.3 s; peak memory 978 MiB.
2026-10-09T22:39:29Z INFO [1323/1886] c7877326-f24a-436e-a04f-e4c207781458: 49 internal nodes; 3.3 s; peak memory 978 MiB.
2026-10-09T22:39:30Z INFO [1324/1886] c7877dc7-563e-4038-a48a-82b8612bf740: 17 internal nodes; 1.1 s; peak memory 978 MiB.
2026-10-09T22:39:32Z INFO [1325/1886] c78788b0-64f3-4515-81da-1344e950c037: 116 internal nodes; 1.2 s; peak memory 978 MiB.
2026-10-09T22:39:33Z INFO [1326/1886] c787d0d8-0ebb-4b45-b55a-22643a1d20b8: 61 internal nodes; 1.5 s; peak memory 978 MiB.
2026-10-09T22:39:34Z INFO [1327/1886] c787dd81-6190-4e84-939d-90b6a36fe037: 23 internal nodes; 1.2 s; peak memory 978 MiB.
2026-10-09T22:39:35Z INFO [1328/1886] c788212a-a3d3-4d06-b6f0-8d8cf0ff5efb: 17 internal nodes; 1.1 s; peak memory 978 MiB.
2026-10-09T22:39:36Z INFO [1329/1886] c7882c84-0eee-48f7-8317-a679c25a8dcf: 17 internal nodes; 1.0 s; peak memory 978 MiB.
2026-10-09T22:39:39Z INFO [1330/1886] c789d076-b8f0-4547-96a1-b2cbbe17a6ec: 44 internal nodes; 2.6 s; peak memory 978 MiB.
2026-10-09T22:39:47Z INFO [1331/1886] c789f56d-5b54-4926-bc9c-1cf5e58e8549: 65 internal nodes; 8.1 s; peak memory 978 MiB.
2026-10-09T22:39:54Z INFO [1332/1886] c789fcd9-334a-4f8e-8b74-aa96fac4b209: 62 internal nodes; 7.1 s; peak memory 978 MiB.
2026-10-09T22:39:57Z INFO [1333/1886] c78a459e-d12c-4522-8e61-799c6d402677: 44 internal nodes; 3.0 s; peak memory 978 MiB.
2026-10-09T22:39:59Z INFO [1334/1886] c78a6665-a19b-4eed-ad74-e080cfb390f2: 69 internal nodes; 1.5 s; peak memory 978 MiB.
2026-10-09T22:40:00Z INFO [1335/1886] c78ad825-b884-4b1d-8bee-b5b895003660: 17 internal nodes; 1.0 s; peak memory 978 MiB.
2026-10-09T22:40:08Z INFO [1336/1886] c78b5c7d-4b26-42b6-93bc-78664cec6192: 180 internal nodes; 7.9 s; peak memory 978 MiB.
2026-10-09T22:40:09Z INFO [1337/1886] c78bf30a-fa0e-444b-922c-be1b23b4e82d: 17 internal nodes; 1.1 s; peak memory 978 MiB.
2026-10-09T22:40:21Z INFO [1338/1886] c78d41da-44c7-4640-9ef3-c9d642a01b82: 190 internal nodes; 12.5 s; peak memory 978 MiB.
2026-10-09T22:40:22Z INFO [1339/1886] c78e584c-a31e-4e32-95a8-606ccb1864bc: 17 internal nodes; 1.1 s; peak memory 978 MiB.
2026-10-09T22:40:23Z INFO [1340/1886] c78ece90-da0d-4815-ba14-73224a541cdb: 15 internal nodes; 0.8 s; peak memory 978 MiB.
2026-10-09T22:40:29Z INFO [1341/1886] c78ef53f-16de-4f5e-8235-afe87a226203: 62 internal nodes; 5.4 s; peak memory 978 MiB.
2026-10-09T22:40:30Z INFO [1342/1886] c78f5eb5-f469-40bb-ac98-57de6415f489: 18 internal nodes; 1.0 s; peak memory 978 MiB.
2026-10-09T22:40:31Z INFO [1343/1886] c78f993d-c713-4218-9681-87a5ff89579d: 116 internal nodes; 1.4 s; peak memory 978 MiB.
2026-10-09T22:40:32Z INFO [1344/1886] c7902c48-d06b-43db-af58-8dc54d783c0f: 119 internal nodes; 1.3 s; peak memory 978 MiB.
2026-10-09T22:40:34Z INFO [1345/1886] c79113a4-942d-4303-ad3c-9a4f8b122947: 44 internal nodes; 2.2 s; peak memory 978 MiB.
2026-10-09T22:40:36Z INFO [1346/1886] c791d6c5-e804-4410-8b05-c4e8c91ddcb4: 17 internal nodes; 1.1 s; peak memory 978 MiB.
2026-10-09T22:40:37Z INFO [1347/1886] c7920a56-1876-41b5-b8f1-9f8550dcd475: 17 internal nodes; 1.1 s; peak memory 978 MiB.
2026-10-09T22:40:38Z INFO [1348/1886] c792ceba-0c5e-4bf6-9417-7c537a2d1950: 53 internal nodes; 1.3 s; peak memory 978 MiB.
2026-10-09T22:40:39Z INFO [1349/1886] c793b13f-8ea3-4b99-9b65-08f425f4ae28: 17 internal nodes; 1.2 s; peak memory 978 MiB.
2026-10-09T22:40:41Z INFO [1350/1886] c7943623-8258-4889-8865-7e42d426399e: 31 internal nodes; 1.6 s; peak memory 978 MiB.
2026-10-09T22:40:41Z INFO [1350/1886] c7943623-8258-4889-8865-7e42d426399e: checkpointed 143283 new records.
2026-10-09T22:40:44Z INFO [1351/1886] c7953c51-f547-49fd-981b-375acf9dc9d1: 44 internal nodes; 2.8 s; peak memory 978 MiB.
2026-10-09T22:40:52Z INFO [1352/1886] c795437b-9192-4346-9625-cd5285d55b79: 177 internal nodes; 7.7 s; peak memory 978 MiB.
2026-10-09T22:40:53Z INFO [1353/1886] c7954438-838d-40e9-a191-5a431f91a92a: 22 internal nodes; 1.6 s; peak memory 978 MiB.
2026-10-09T22:40:55Z INFO [1354/1886] c79553e0-7596-453f-ad5f-d20128e4946c: 17 internal nodes; 1.1 s; peak memory 978 MiB.
2026-10-09T22:40:56Z INFO [1355/1886] c7958c49-fd62-434b-a730-9fc1817cf08a: 17 internal nodes; 1.1 s; peak memory 978 MiB.
2026-10-09T22:40:57Z INFO [1356/1886] c7975932-31e8-45c3-a2ac-8a7b0f2f516b: 27 internal nodes; 1.2 s; peak memory 978 MiB.
2026-10-09T22:40:58Z INFO [1357/1886] c79781e2-71f2-47f8-97d0-2d53a9cf8709: 23 internal nodes; 1.0 s; peak memory 978 MiB.
2026-10-09T22:40:59Z INFO [1358/1886] c797bdcc-711f-478c-b975-0986d218dc13: 27 internal nodes; 1.1 s; peak memory 978 MiB.
2026-10-09T22:41:07Z INFO [1359/1886] c797c86d-b300-4830-bc81-acc059a229b3: 215 internal nodes; 8.5 s; peak memory 978 MiB.
2026-10-09T22:41:09Z INFO [1360/1886] c798977d-48ca-4660-a80f-ad7e9d9a817e: 17 internal nodes; 1.1 s; peak memory 978 MiB.
2026-10-09T22:41:10Z INFO [1361/1886] c7994349-0c16-441f-a028-4900bfb0d976: 17 internal nodes; 1.0 s; peak memory 978 MiB.
2026-10-09T22:41:18Z INFO [1362/1886] c79a7e41-9563-464d-8446-1a1e05340971: 495 internal nodes; 8.6 s; peak memory 978 MiB.
2026-10-09T22:41:20Z INFO [1363/1886] c79a7fb3-283a-4fc5-a69a-2f8ef9ab680d: 58 internal nodes; 1.6 s; peak memory 978 MiB.
2026-10-09T22:41:26Z INFO [1364/1886] c79b5579-91e8-4d18-86d9-707a94614c4c: 150 internal nodes; 5.8 s; peak memory 978 MiB.
2026-10-09T22:41:27Z INFO [1365/1886] c79bba1e-fdae-4589-b205-b29147dc49c2: 31 internal nodes; 1.5 s; peak memory 978 MiB.
2026-10-09T22:41:34Z INFO [1366/1886] c79c13ee-d213-455f-9550-7ef0a9a17847: 177 internal nodes; 6.7 s; peak memory 978 MiB.
2026-10-09T22:41:36Z INFO [1367/1886] c79c1d2d-08d7-411f-8a1f-25a8d6c39e1e: 72 internal nodes; 2.1 s; peak memory 978 MiB.
2026-10-09T22:41:38Z INFO [1368/1886] c79d44f5-4d16-443b-bf0b-4fe0df04c03f: 31 internal nodes; 1.8 s; peak memory 978 MiB.
2026-10-09T22:41:45Z INFO [1369/1886] c79e8b43-595a-4b94-a47b-524e680c73b0: 193 internal nodes; 7.6 s; peak memory 978 MiB.
2026-10-09T22:41:47Z INFO [1370/1886] c79f173b-6579-4617-9193-a5a4c6467bb2: 31 internal nodes; 1.7 s; peak memory 978 MiB.
2026-10-09T22:41:48Z INFO [1371/1886] c7a169d4-dc7b-40a4-aa95-7a2ffe8ee7a8: 11 internal nodes; 0.8 s; peak memory 978 MiB.
2026-10-09T22:41:53Z INFO [1372/1886] c7a1a7a6-6f03-48fd-963e-a916b69ef255: 123 internal nodes; 5.4 s; peak memory 978 MiB.
2026-10-09T22:41:56Z INFO [1373/1886] c7a1b2b5-9852-46a0-823a-912d682ac9bb: 44 internal nodes; 2.6 s; peak memory 978 MiB.
2026-10-09T22:42:10Z INFO [1374/1886] c7a3739d-3d87-4a3c-857e-87b34c97660e: 282 internal nodes; 14.5 s; peak memory 978 MiB.
2026-10-09T22:42:12Z INFO [1375/1886] c7a3874f-d893-41a8-88b4-f7e1e2d76e80: 61 internal nodes; 1.6 s; peak memory 978 MiB.
2026-10-09T22:42:13Z INFO [1376/1886] c7a446d2-9528-4b2c-82cd-144661bf2bfa: 17 internal nodes; 1.1 s; peak memory 978 MiB.
2026-10-09T22:42:19Z INFO [1377/1886] c7a44894-54f4-4697-9971-54dbc1d68c1c: 149 internal nodes; 5.7 s; peak memory 978 MiB.
2026-10-09T22:42:20Z INFO [1378/1886] c7a5281d-050a-4cae-a58f-dbbe1ee67e5b: 19 internal nodes; 1.1 s; peak memory 978 MiB.
2026-10-09T22:42:21Z INFO [1379/1886] c7a5a5dd-a448-4af6-8fb9-27b6e60dc169: 13 internal nodes; 1.2 s; peak memory 978 MiB.
2026-10-09T22:42:22Z INFO [1380/1886] c7a5b869-7ec7-4b15-9e2e-ede86f037900: 29 internal nodes; 1.1 s; peak memory 978 MiB.
2026-10-09T22:42:23Z INFO [1381/1886] c7a733b5-a745-470c-b1e3-a4195295f16a: 11 internal nodes; 0.9 s; peak memory 978 MiB.
2026-10-09T22:42:24Z INFO [1382/1886] c7a76245-13fc-44d0-8992-0c559f03446b: 61 internal nodes; 1.5 s; peak memory 978 MiB.
2026-10-09T22:42:25Z INFO [1383/1886] c7a7d868-0f5a-4535-aa7d-e0b2ea14b4bf: 27 internal nodes; 0.8 s; peak memory 978 MiB.
2026-10-09T22:42:26Z INFO [1384/1886] c7a961f2-5cde-44d1-a538-0ae2abc93d95: 17 internal nodes; 1.3 s; peak memory 978 MiB.
2026-10-09T22:42:28Z INFO [1385/1886] c7a96dca-135a-47df-92cb-468f2b1c51fa: 22 internal nodes; 1.4 s; peak memory 978 MiB.
2026-10-09T22:42:29Z INFO [1386/1886] c7aa0cfe-5c32-4f2c-98e3-cce864108358: 18 internal nodes; 1.4 s; peak memory 978 MiB.
2026-10-09T22:42:30Z INFO [1387/1886] c7aa8387-6a1d-4d0a-8b02-4f9ffa1e84bc: 23 internal nodes; 1.1 s; peak memory 978 MiB.
2026-10-09T22:42:47Z INFO [1388/1886] c7aae984-9a5e-46bc-902d-c6eccf935c05: 3288 internal nodes; 17.0 s; peak memory 978 MiB.
2026-10-09T22:42:48Z INFO [1389/1886] c7ac2169-23e3-4cc9-98bd-d3131537c1a1: 17 internal nodes; 1.2 s; peak memory 978 MiB.
2026-10-09T22:42:50Z INFO [1390/1886] c7ad0d20-c2bd-44f1-b446-ee44a72a9c3e: 27 internal nodes; 1.2 s; peak memory 978 MiB.
2026-10-09T22:42:51Z INFO [1391/1886] c7adcaeb-63a0-4ffb-a7fd-97482acb5341: 27 internal nodes; 1.4 s; peak memory 978 MiB.
2026-10-09T22:42:52Z INFO [1392/1886] c7afa5e1-3371-463a-b589-e47bf697d3a0: 19 internal nodes; 1.0 s; peak memory 978 MiB.
2026-10-09T22:42:54Z INFO [1393/1886] c7aff5c3-bd7e-4477-aa75-5e4ff8d3dee6: 31 internal nodes; 1.6 s; peak memory 978 MiB.
2026-10-09T22:42:55Z INFO [1394/1886] c7b02df5-afe7-4976-b5ad-b4aec4fa76b8: 15 internal nodes; 1.2 s; peak memory 978 MiB.
2026-10-09T22:42:57Z INFO [1395/1886] c7b1cd93-2970-494d-8e67-4482a1ddf9fe: 24 internal nodes; 1.6 s; peak memory 978 MiB.
2026-10-09T22:42:57Z INFO [1396/1886] c7b1ece7-4645-449c-ae01-8db5c4a44fab: 11 internal nodes; 0.8 s; peak memory 978 MiB.
2026-10-09T22:43:00Z INFO [1397/1886] c7b1ed49-0247-41f6-a222-48528c76c7fa: 44 internal nodes; 3.1 s; peak memory 978 MiB.
2026-10-09T22:43:02Z INFO [1398/1886] c7b419f3-d851-4305-97e3-db41f8834fe5: 17 internal nodes; 1.2 s; peak memory 978 MiB.
2026-10-09T22:43:03Z INFO [1399/1886] c7b43210-6c9d-48a1-bf9a-3f0e25400705: 17 internal nodes; 1.2 s; peak memory 978 MiB.
2026-10-09T22:43:04Z INFO [1400/1886] c7b5f005-cf2f-44cd-ac26-7a495875d9f1: 27 internal nodes; 1.4 s; peak memory 978 MiB.
2026-10-09T22:43:05Z INFO [1400/1886] c7b5f005-cf2f-44cd-ac26-7a495875d9f1: checkpointed 143333 new records.
2026-10-09T22:43:07Z INFO [1401/1886] c7b66e96-814f-4a79-9374-3addbde00d67: 67 internal nodes; 1.9 s; peak memory 978 MiB.
2026-10-09T22:43:13Z INFO [1402/1886] c7b6d293-8d29-425c-bfe3-da7003b001cd: 61 internal nodes; 6.6 s; peak memory 978 MiB.
2026-10-09T22:43:14Z INFO [1403/1886] c7b6dbf4-6283-44dc-88f0-cbb85fd93c51: 17 internal nodes; 1.2 s; peak memory 978 MiB.
2026-10-09T22:43:15Z INFO [1404/1886] c7b7577d-de78-404e-8293-ae6067696645: 26 internal nodes; 1.0 s; peak memory 978 MiB.
2026-10-09T22:43:17Z INFO [1405/1886] c7b8182f-202c-44f1-a3c8-7f46bc2c6972: 29 internal nodes; 1.2 s; peak memory 978 MiB.
2026-10-09T22:43:18Z INFO [1406/1886] c7b8750a-a9d1-42a0-a513-0114f34df3d0: 114 internal nodes; 1.1 s; peak memory 978 MiB.
2026-10-09T22:43:20Z INFO [1407/1886] c7b8cc93-bad5-4a1c-b5d3-f4c6e6344469: 31 internal nodes; 1.8 s; peak memory 978 MiB.
2026-10-09T22:43:21Z INFO [1408/1886] c7b973e5-e6f9-4be5-9356-2c4db3d52ff2: 31 internal nodes; 1.7 s; peak memory 978 MiB.
2026-10-09T22:43:23Z INFO [1409/1886] c7b9ad8f-1c4c-48af-af96-f99e34922280: 31 internal nodes; 1.7 s; peak memory 978 MiB.
2026-10-09T22:43:25Z INFO [1410/1886] c7bd8abb-9a47-4244-a8fb-b04283e2ee90: 31 internal nodes; 1.8 s; peak memory 978 MiB.
2026-10-09T22:43:26Z INFO [1411/1886] c7bda9e0-e9c6-4bbd-bfca-a836c3213d2d: 17 internal nodes; 1.1 s; peak memory 978 MiB.
2026-10-09T22:43:27Z INFO [1412/1886] c7be0fbb-0bc3-4905-8c2d-7693996b932a: 17 internal nodes; 1.1 s; peak memory 978 MiB.
2026-10-09T22:43:28Z INFO [1413/1886] c7be1cf0-5010-48c0-92b6-ab7f952b520e: 17 internal nodes; 1.1 s; peak memory 978 MiB.
2026-10-09T22:43:29Z INFO [1414/1886] c7bf2fb8-9101-4f38-947b-1aa13809ded2: 28 internal nodes; 1.2 s; peak memory 978 MiB.
2026-10-09T22:43:30Z INFO [1415/1886] c7bf7f62-fa38-4f83-bd6f-4d470c74a94e: 27 internal nodes; 1.4 s; peak memory 978 MiB.
2026-10-09T22:43:36Z INFO [1416/1886] c7bf89fd-84fc-4fde-b3ed-db0ba65a7acd: 141 internal nodes; 5.5 s; peak memory 978 MiB.
2026-10-09T22:43:37Z INFO [1417/1886] c7bfb3d3-b391-4faa-890e-63abe30e1577: 31 internal nodes; 1.2 s; peak memory 978 MiB.
2026-10-09T22:43:39Z INFO [1418/1886] c7c08f60-6f44-4406-9b2c-5fe81a01a31c: 59 internal nodes; 2.2 s; peak memory 978 MiB.
2026-10-09T22:43:41Z INFO [1419/1886] c7c0f113-af4e-4f25-9573-f69d8f269596: 62 internal nodes; 1.3 s; peak memory 978 MiB.
2026-10-09T22:43:42Z INFO [1420/1886] c7c1222a-9b9e-4de4-9324-39a6210e1ea2: 90 internal nodes; 1.4 s; peak memory 978 MiB.
2026-10-09T22:43:43Z INFO [1421/1886] c7c1e2a7-7eb3-4c80-872e-804de45a4c96: 27 internal nodes; 1.4 s; peak memory 978 MiB.
2026-10-09T22:43:44Z INFO [1422/1886] c7c22ac3-7c93-4dac-bbfa-0ecb5abf430b: 17 internal nodes; 1.0 s; peak memory 978 MiB.
2026-10-09T22:43:45Z INFO [1423/1886] c7c2cbf3-8a51-498e-8641-d928e7ea2ec2: 17 internal nodes; 1.0 s; peak memory 978 MiB.
2026-10-09T22:43:47Z INFO [1424/1886] c7c335c0-cf68-4d96-9cba-e12da36ac1ae: 37 internal nodes; 1.6 s; peak memory 978 MiB.
2026-10-09T22:43:49Z INFO [1425/1886] c7c3391c-64b3-4317-bbf9-ea37f14f3910: 31 internal nodes; 1.6 s; peak memory 978 MiB.
2026-10-09T22:43:58Z INFO [1426/1886] c7c51a4c-bdc8-4897-9652-4777fcb8f78c: 177 internal nodes; 9.1 s; peak memory 978 MiB.
2026-10-09T22:43:59Z INFO [1427/1886] c7c5eb3b-2381-4a48-a844-0dff1c20fa3c: 17 internal nodes; 1.1 s; peak memory 978 MiB.
2026-10-09T22:44:01Z INFO [1428/1886] c7c6ab4e-5455-4baa-bd2d-fa3947d4e581: 29 internal nodes; 1.8 s; peak memory 978 MiB.
2026-10-09T22:44:02Z INFO [1429/1886] c7c75d90-1eeb-4195-a338-843e3b36ac93: 29 internal nodes; 1.5 s; peak memory 978 MiB.
2026-10-09T22:44:03Z INFO [1430/1886] c7c8215c-74a4-41b3-b8bf-17b60cd8f21d: 53 internal nodes; 1.5 s; peak memory 978 MiB.
2026-10-09T22:44:05Z INFO [1431/1886] c7c8a2ba-51ba-4994-86d1-f53b4defdd28: 31 internal nodes; 1.5 s; peak memory 978 MiB.
2026-10-09T22:44:11Z INFO [1432/1886] c7c907f1-12ce-4bc3-8967-92c428881159: 67 internal nodes; 5.8 s; peak memory 978 MiB.
2026-10-09T22:44:12Z INFO [1433/1886] c7cc1686-5f7c-4c37-bb26-432ae018ecc7: 18 internal nodes; 0.9 s; peak memory 978 MiB.
2026-10-09T22:44:13Z INFO [1434/1886] c7ccd59e-b6bd-408e-aecb-60d42f0dbc48: 29 internal nodes; 1.5 s; peak memory 978 MiB.
2026-10-09T22:44:31Z INFO [1435/1886] c7ce972d-8d48-4492-83f4-e3a28012d5ac: 404 internal nodes; 18.3 s; peak memory 978 MiB.
2026-10-09T22:44:33Z INFO [1436/1886] c7d05934-1b9c-4975-b61b-f9d0f85ec54e: 37 internal nodes; 1.7 s; peak memory 978 MiB.
2026-10-09T22:44:34Z INFO [1437/1886] c7d086cd-45e3-4c99-b2c8-65bb7b993dea: 17 internal nodes; 1.1 s; peak memory 978 MiB.
2026-10-09T22:44:41Z INFO [1438/1886] c7d0bc7c-bb0a-479e-a4ff-971b1c30bb73: 41 internal nodes; 6.8 s; peak memory 978 MiB.
2026-10-09T22:44:43Z INFO [1439/1886] c7d16666-fe74-4365-87cc-115352655056: 31 internal nodes; 1.9 s; peak memory 978 MiB.
2026-10-09T22:44:44Z INFO [1440/1886] c7d2c696-48fd-4f00-b76d-07fd8d8af0dc: 27 internal nodes; 1.4 s; peak memory 978 MiB.
2026-10-09T22:44:54Z INFO [1441/1886] c7d2ee43-7198-41d4-b868-63961e55b407: 182 internal nodes; 9.4 s; peak memory 978 MiB.
2026-10-09T22:44:55Z INFO [1442/1886] c7d2f125-1aca-431c-9229-c25c7ef0e936: 29 internal nodes; 1.7 s; peak memory 978 MiB.
2026-10-09T22:44:57Z INFO [1443/1886] c7d330ad-00fb-4adf-ac18-00e815b7a4c9: 31 internal nodes; 1.4 s; peak memory 978 MiB.
2026-10-09T22:44:58Z INFO [1444/1886] c7d333f9-6b09-4a1b-8e8e-a833595ab9cb: 29 internal nodes; 1.2 s; peak memory 978 MiB.
2026-10-09T22:44:59Z INFO [1445/1886] c7d517a5-6c97-40d4-a067-1aac8b411a74: 17 internal nodes; 1.0 s; peak memory 978 MiB.
2026-10-09T22:45:01Z INFO [1446/1886] c7d51a7a-e233-4e5c-adac-fe2b166e6612: 67 internal nodes; 1.7 s; peak memory 978 MiB.
2026-10-09T22:45:02Z INFO [1447/1886] c7d54a7c-ecb0-4657-9a06-07e86310e54c: 17 internal nodes; 0.9 s; peak memory 978 MiB.
2026-10-09T22:45:03Z INFO [1448/1886] c7d61e20-9493-4725-9926-65aefa924350: 18 internal nodes; 1.0 s; peak memory 978 MiB.
2026-10-09T22:45:04Z INFO [1449/1886] c7d709c8-5f95-4ff7-a0a4-a0feed63114c: 23 internal nodes; 1.2 s; peak memory 978 MiB.
2026-10-09T22:45:05Z INFO [1450/1886] c7d71f38-5ba2-498c-b4d9-c7b245e864d3: 27 internal nodes; 1.3 s; peak memory 978 MiB.
2026-10-09T22:45:06Z INFO [1450/1886] c7d71f38-5ba2-498c-b4d9-c7b245e864d3: checkpointed 143383 new records.
2026-10-09T22:45:19Z INFO [1451/1886] c7d76ce8-26ca-4b1d-a5a9-f30290dc4df7: 336 internal nodes; 13.6 s; peak memory 978 MiB.
2026-10-09T22:45:20Z INFO [1452/1886] c7db25e0-75f8-437a-bc3e-ae89167476be: 17 internal nodes; 1.0 s; peak memory 978 MiB.
2026-10-09T22:45:22Z INFO [1453/1886] c7db8aef-983c-4db7-9ec6-ad5eb6aa87d9: 31 internal nodes; 1.5 s; peak memory 978 MiB.
2026-10-09T22:45:23Z INFO [1454/1886] c7dbcb33-900a-4d90-b561-b4a56163ae98: 13 internal nodes; 0.9 s; peak memory 978 MiB.
2026-10-09T22:45:26Z INFO [1455/1886] c7dd03b1-deda-4315-8165-03edc6f5c59b: 45 internal nodes; 3.0 s; peak memory 978 MiB.
2026-10-09T22:45:27Z INFO [1456/1886] c7dd2ad5-c013-46a3-b071-0b28344ca94a: 27 internal nodes; 1.6 s; peak memory 978 MiB.
2026-10-09T22:45:31Z INFO [1457/1886] c7dd8463-a191-4e1f-899d-1c0f685458ba: 46 internal nodes; 3.4 s; peak memory 978 MiB.
2026-10-09T22:45:32Z INFO [1458/1886] c7ddb030-0d42-4527-b4ed-6fdd66d95cc2: 31 internal nodes; 1.8 s; peak memory 978 MiB.
2026-10-09T22:45:45Z INFO [1459/1886] c7de4078-ae21-425c-a2a8-2bf29ef5d02b: 74 internal nodes; 12.5 s; peak memory 978 MiB.
2026-10-09T22:45:48Z INFO [1460/1886] c7de66ea-1983-4738-9e6b-8c68a8c587db: 46 internal nodes; 3.5 s; peak memory 978 MiB.
2026-10-09T22:45:51Z INFO [1461/1886] c7dec886-4d05-46cd-a32e-e1a8fe332cba: 53 internal nodes; 2.5 s; peak memory 978 MiB.
2026-10-09T22:45:52Z INFO [1462/1886] c7df19bd-58b7-4c6a-a501-6d8e167192d9: 17 internal nodes; 1.3 s; peak memory 978 MiB.
2026-10-09T22:45:53Z INFO [1463/1886] c7e02973-1f41-4fba-b062-506c42f5a0ca: 23 internal nodes; 1.3 s; peak memory 978 MiB.
2026-10-09T22:45:55Z INFO [1464/1886] c7e0508b-751b-4ff0-b276-e23fdba6ee9e: 17 internal nodes; 1.1 s; peak memory 978 MiB.
2026-10-09T22:45:58Z INFO [1465/1886] c7e12d59-b7da-4255-910c-1733471b4e7d: 46 internal nodes; 3.1 s; peak memory 978 MiB.
2026-10-09T22:45:59Z INFO [1466/1886] c7e18150-86b1-4508-ba3a-3f3ddefdfb8c: 21 internal nodes; 1.4 s; peak memory 978 MiB.
2026-10-09T22:46:01Z INFO [1467/1886] c7e1c322-0f58-4d1b-88be-4a6ac9ae3e1a: 44 internal nodes; 2.2 s; peak memory 978 MiB.
2026-10-09T22:46:02Z INFO [1468/1886] c7e3b668-1923-4983-b601-899dde86ef9d: 17 internal nodes; 1.0 s; peak memory 978 MiB.
2026-10-09T22:46:04Z INFO [1469/1886] c7e3f9d9-15f2-4b7c-9a07-2697915a12c5: 27 internal nodes; 1.3 s; peak memory 978 MiB.
2026-10-09T22:46:05Z INFO [1470/1886] c7e4ce2c-5d49-4b21-b0c8-5a10cf05e72b: 17 internal nodes; 1.1 s; peak memory 978 MiB.
2026-10-09T22:46:05Z INFO [1471/1886] c7e4fbe6-cc45-45f8-9a92-2951cda6af09: 13 internal nodes; 0.7 s; peak memory 978 MiB.
2026-10-09T22:46:06Z INFO [1472/1886] c7e5eaa1-3e6c-48c4-9726-cf6003bbc665: 16 internal nodes; 1.0 s; peak memory 978 MiB.
2026-10-09T22:46:08Z INFO [1473/1886] c7e5f448-381a-4bc8-ab7e-7fd2bc77cd75: 17 internal nodes; 1.1 s; peak memory 978 MiB.
2026-10-09T22:46:09Z INFO [1474/1886] c7e5fe4e-b403-4345-b137-5f6cf61a5e95: 17 internal nodes; 1.1 s; peak memory 978 MiB.
2026-10-09T22:46:23Z INFO [1475/1886] c7e68ec9-ce6f-4cd5-b019-0f63b6509cc2: 286 internal nodes; 13.9 s; peak memory 978 MiB.
2026-10-09T22:46:24Z INFO [1476/1886] c7e6dcde-7ddc-4bf8-9f2a-e843d61d763b: 23 internal nodes; 1.2 s; peak memory 978 MiB.
2026-10-09T22:46:25Z INFO [1477/1886] c7e741a7-4b6b-43f0-922e-455f62de2948: 17 internal nodes; 1.3 s; peak memory 978 MiB.
2026-10-09T22:46:26Z INFO [1478/1886] c7e8571f-51e7-4202-a7a4-8b6d9bcae0e2: 17 internal nodes; 1.0 s; peak memory 978 MiB.
2026-10-09T22:46:27Z INFO [1479/1886] c7e8ecbd-57d1-4af0-a0ba-2bab5d37d952: 27 internal nodes; 1.3 s; peak memory 978 MiB.
2026-10-09T22:46:28Z INFO [1480/1886] c7e9137d-9536-4321-b7fe-5c57343e4b35: 17 internal nodes; 0.9 s; peak memory 978 MiB.
2026-10-09T22:46:29Z INFO [1481/1886] c7e97ef9-5d3c-40ea-8f02-a8f79fc3b069: 17 internal nodes; 1.0 s; peak memory 978 MiB.
2026-10-09T22:46:30Z INFO [1482/1886] c7eca2a1-97cd-40c4-ae5e-97fb30d7d32a: 17 internal nodes; 1.0 s; peak memory 978 MiB.
2026-10-09T22:46:33Z INFO [1483/1886] c7ecc0b7-afaf-4cff-beca-3f8ef6f75db2: 42 internal nodes; 2.3 s; peak memory 978 MiB.
2026-10-09T22:46:34Z INFO [1484/1886] c7ee7cbd-89c0-4e21-87ee-402278dbfb36: 13 internal nodes; 1.0 s; peak memory 978 MiB.
2026-10-09T22:46:37Z INFO [1485/1886] c7eed822-d326-453e-88fc-860b9b4f28cf: 46 internal nodes; 3.5 s; peak memory 978 MiB.
2026-10-09T22:46:39Z INFO [1486/1886] c7ef7865-c33c-4884-ae50-e6604139e5e6: 49 internal nodes; 1.6 s; peak memory 978 MiB.
2026-10-09T22:46:40Z INFO [1487/1886] c7efa574-a6bc-442c-bc7b-6f6be8a21b15: 116 internal nodes; 1.3 s; peak memory 978 MiB.
2026-10-09T22:46:42Z INFO [1488/1886] c7f0635a-9898-4270-99ef-1a2c3d0f95f3: 29 internal nodes; 1.7 s; peak memory 978 MiB.
2026-10-09T22:46:49Z INFO [1489/1886] c7f08583-a45c-4392-986e-34d48a0ce3e6: 154 internal nodes; 7.7 s; peak memory 978 MiB.
2026-10-09T22:46:51Z INFO [1490/1886] c7f0b9c2-41e4-4c5c-a2b4-3a9647a39ad8: 116 internal nodes; 1.3 s; peak memory 978 MiB.
2026-10-09T22:46:52Z INFO [1491/1886] c7f0daa9-1527-4a5b-87a1-40af472cce08: 31 internal nodes; 1.5 s; peak memory 978 MiB.
2026-10-09T22:46:57Z INFO [1492/1886] c7f15319-e7ed-4fd6-979f-650748131b7f: 99 internal nodes; 5.4 s; peak memory 978 MiB.
2026-10-09T22:46:59Z INFO [1493/1886] c7f1f48b-20ac-4abd-a157-1c6dd2fdb852: 17 internal nodes; 1.1 s; peak memory 978 MiB.
2026-10-09T22:47:00Z INFO [1494/1886] c7f230c8-8d3f-4d0a-87ac-c3b93592ce5d: 31 internal nodes; 1.5 s; peak memory 978 MiB.
2026-10-09T22:47:03Z INFO [1495/1886] c7f31d6a-46cd-4e3e-bac3-9ce6bf57b2e6: 46 internal nodes; 3.4 s; peak memory 978 MiB.
2026-10-09T22:47:04Z INFO [1496/1886] c7f374e5-a246-442c-a3c4-23d6b48c1eda: 17 internal nodes; 1.0 s; peak memory 978 MiB.
2026-10-09T22:47:06Z INFO [1497/1886] c7f39dcb-8b54-477c-94bd-b1023aba8774: 27 internal nodes; 1.3 s; peak memory 978 MiB.
2026-10-09T22:47:10Z INFO [1498/1886] c7f3b53a-8824-46e4-94e9-2b126fa8ba23: 61 internal nodes; 3.7 s; peak memory 978 MiB.
2026-10-09T22:47:10Z INFO [1499/1886] c7f3fb52-3af9-4899-8f40-a11351715772: 17 internal nodes; 0.7 s; peak memory 978 MiB.
2026-10-09T22:47:12Z INFO [1500/1886] c7f551b4-ad6c-4bc2-9cdb-f2f2e6e0cdee: 22 internal nodes; 1.4 s; peak memory 978 MiB.
2026-10-09T22:47:12Z INFO [1500/1886] c7f551b4-ad6c-4bc2-9cdb-f2f2e6e0cdee: checkpointed 143433 new records.
2026-10-09T22:47:24Z INFO [1501/1886] c7f5e426-c6bc-4cc8-9621-8e848122d4aa: 259 internal nodes; 12.3 s; peak memory 978 MiB.
2026-10-09T22:47:27Z INFO [1502/1886] c7f6b676-c07a-4614-be88-8e4bd5f13f09: 44 internal nodes; 3.0 s; peak memory 978 MiB.
2026-10-09T22:47:28Z INFO [1503/1886] c7f6d415-0fe0-46e2-b2f8-6ae704479844: 13 internal nodes; 0.9 s; peak memory 978 MiB.
2026-10-09T22:47:30Z INFO [1504/1886] c7f6e1d2-a552-4017-8afb-b7398d930657: 23 internal nodes; 1.4 s; peak memory 978 MiB.
2026-10-09T22:47:31Z INFO [1505/1886] c7f7b008-1a82-4b74-95c1-5b748241dfd2: 27 internal nodes; 1.3 s; peak memory 978 MiB.
2026-10-09T22:47:50Z INFO [1506/1886] c7f888df-e959-4c2c-9be4-04269ea81fe7: 1946 internal nodes; 19.2 s; peak memory 978 MiB.
2026-10-09T22:47:56Z INFO [1507/1886] c7fa03a1-9b80-4187-b009-ad53b1f00877: 64 internal nodes; 5.7 s; peak memory 978 MiB.
2026-10-09T22:47:58Z INFO [1508/1886] c7fac097-1ca4-40d0-b9b9-b2a2d7a55f6f: 37 internal nodes; 1.8 s; peak memory 978 MiB.
2026-10-09T22:48:15Z INFO [1509/1886] c7fae87d-668c-4993-9135-e1743778e71f: 1313 internal nodes; 17.7 s; peak memory 978 MiB.
2026-10-09T22:48:17Z INFO [1510/1886] c7fb3942-88c0-4b69-81a5-f2b90b424575: 27 internal nodes; 1.4 s; peak memory 978 MiB.
2026-10-09T22:48:20Z INFO [1511/1886] c7fc457b-7e44-4ce2-ab28-fa6823977366: 50 internal nodes; 3.3 s; peak memory 978 MiB.
2026-10-09T22:48:21Z INFO [1512/1886] c7fc65a4-9f91-4d35-bcd3-c58a3597f8a0: 17 internal nodes; 1.1 s; peak memory 978 MiB.
2026-10-09T22:48:30Z INFO [1513/1886] c7fd35b8-ff3b-4e80-adee-a0ab1a49690a: 218 internal nodes; 8.6 s; peak memory 978 MiB.
2026-10-09T22:48:43Z INFO [1514/1886] c7fd6dd6-f550-47b4-bd87-6bb69d41bcdc: 273 internal nodes; 13.7 s; peak memory 978 MiB.
2026-10-09T22:48:45Z INFO [1515/1886] c7fe005b-9a34-4864-9406-6ec625b692d4: 13 internal nodes; 1.2 s; peak memory 978 MiB.
2026-10-09T22:48:46Z INFO [1516/1886] c7fe38b5-41c5-47d1-9a69-5f273191921b: 114 internal nodes; 1.4 s; peak memory 978 MiB.
2026-10-09T22:48:47Z INFO [1517/1886] c7ff01f8-41c4-454c-896e-591b4b2340d5: 17 internal nodes; 1.0 s; peak memory 978 MiB.
2026-10-09T22:48:48Z INFO [1518/1886] c7ff22d3-937a-40b7-9abe-391d5aa90da3: 29 internal nodes; 1.5 s; peak memory 978 MiB.
2026-10-09T22:48:50Z INFO [1519/1886] c7ff9706-605b-40b1-a1b8-f3680713c472: 31 internal nodes; 1.7 s; peak memory 978 MiB.
2026-10-09T22:49:02Z INFO [1520/1886] c800704f-35f7-4bb2-867c-e13458057184: 307 internal nodes; 11.4 s; peak memory 978 MiB.
2026-10-09T22:49:03Z INFO [1521/1886] c80074fb-ba3c-4026-8439-4f2842707eac: 31 internal nodes; 1.8 s; peak memory 978 MiB.
2026-10-09T22:49:05Z INFO [1522/1886] c801e2a7-9dbd-4836-8456-1964ca271350: 95 internal nodes; 1.9 s; peak memory 978 MiB.
2026-10-09T22:49:06Z INFO [1523/1886] c802023d-dfd2-4f98-88ea-53bf91e95bb1: 18 internal nodes; 1.2 s; peak memory 978 MiB.
2026-10-09T22:49:08Z INFO [1524/1886] c8035c81-2877-4516-a5f8-d6272cc245ec: 19 internal nodes; 1.7 s; peak memory 978 MiB.
2026-10-09T22:49:16Z INFO [1525/1886] c80527b0-93bd-4558-83f4-9515f5bfd560: 66 internal nodes; 8.2 s; peak memory 978 MiB.
2026-10-09T22:49:17Z INFO [1526/1886] c8052918-9e41-413f-ba18-30c586dbd894: 11 internal nodes; 0.8 s; peak memory 978 MiB.
2026-10-09T22:49:18Z INFO [1527/1886] c8059e92-51a6-41c1-a362-4f5a67946e97: 13 internal nodes; 0.7 s; peak memory 978 MiB.
2026-10-09T22:49:19Z INFO [1528/1886] c805bb33-aefc-4959-8c51-899aa09a6267: 18 internal nodes; 0.9 s; peak memory 978 MiB.
2026-10-09T22:49:20Z INFO [1529/1886] c8064e4c-0609-43e1-bc73-37b15813e918: 119 internal nodes; 1.3 s; peak memory 978 MiB.
2026-10-09T22:49:21Z INFO [1530/1886] c806cfb2-ee02-4859-8800-5907c02d57ed: 17 internal nodes; 1.0 s; peak memory 978 MiB.
2026-10-09T22:49:22Z INFO [1531/1886] c806fb8b-48c3-4862-8edf-31639c4f8cd5: 23 internal nodes; 1.0 s; peak memory 978 MiB.
2026-10-09T22:49:24Z INFO [1532/1886] c8076a17-0f9f-45c8-b8b1-e4d9558f3220: 53 internal nodes; 1.5 s; peak memory 978 MiB.
2026-10-09T22:49:38Z INFO [1533/1886] c807d228-66ee-4d33-9406-ecabd046706e: 297 internal nodes; 14.6 s; peak memory 978 MiB.
2026-10-09T22:49:44Z INFO [1534/1886] c807da3f-c4a0-49a3-bca4-34ccbafd1ee0: 73 internal nodes; 5.8 s; peak memory 978 MiB.
2026-10-09T22:49:45Z INFO [1535/1886] c80811b1-343a-4e5d-82f0-b7725ba7059f: 27 internal nodes; 1.5 s; peak memory 978 MiB.
2026-10-09T22:49:47Z INFO [1536/1886] c808358d-b2a9-43cd-adf1-3270c7eb12c2: 27 internal nodes; 1.5 s; peak memory 978 MiB.
2026-10-09T22:49:52Z INFO [1537/1886] c808489a-4905-46d5-b552-0ccc90f3412b: 177 internal nodes; 5.6 s; peak memory 978 MiB.
2026-10-09T22:49:58Z INFO [1538/1886] c8090e85-9dd7-407e-98a5-fd94d7c193be: 73 internal nodes; 5.4 s; peak memory 978 MiB.
2026-10-09T22:49:59Z INFO [1539/1886] c809549a-7c32-4eee-a470-f1824c2dc229: 17 internal nodes; 1.3 s; peak memory 978 MiB.
2026-10-09T22:50:00Z INFO [1540/1886] c809b3a6-7612-45b1-af98-b20bd8a59c41: 17 internal nodes; 1.1 s; peak memory 978 MiB.
2026-10-09T22:50:01Z INFO [1541/1886] c80a526a-0d06-45d2-9d50-f4e24b6f2de8: 17 internal nodes; 1.1 s; peak memory 978 MiB.
2026-10-09T22:50:03Z INFO [1542/1886] c80a7568-c496-4ab2-a237-e8d6d378d4f0: 65 internal nodes; 1.8 s; peak memory 978 MiB.
2026-10-09T22:50:13Z INFO [1543/1886] c80ba1e0-37e4-4156-b3bd-47d5c015eac8: 223 internal nodes; 9.7 s; peak memory 978 MiB.
2026-10-09T22:50:17Z INFO [1544/1886] c80c739f-f5d1-4405-87ee-ebbb35353125: 47 internal nodes; 3.8 s; peak memory 978 MiB.
2026-10-09T22:50:18Z INFO [1545/1886] c80d20d9-c216-4279-8a17-bab319bed17b: 17 internal nodes; 1.0 s; peak memory 978 MiB.
2026-10-09T22:50:19Z INFO [1546/1886] c80d2dcd-365f-4a3c-891a-9ba60af8e53a: 11 internal nodes; 0.9 s; peak memory 978 MiB.
2026-10-09T22:50:19Z INFO [1547/1886] c80d481f-a9ad-431b-a06c-f86bfa963dd1: 17 internal nodes; 0.8 s; peak memory 978 MiB.
2026-10-09T22:50:21Z INFO [1548/1886] c80d8dc3-8746-4910-91ca-7f77fefc8b84: 31 internal nodes; 1.5 s; peak memory 978 MiB.
2026-10-09T22:50:22Z INFO [1549/1886] c80db6d8-50a4-4e1c-a9bd-edaf3a656534: 18 internal nodes; 1.1 s; peak memory 978 MiB.
2026-10-09T22:50:23Z INFO [1550/1886] c80dd6fb-7385-42fd-9fc1-db5cd763069b: 27 internal nodes; 1.2 s; peak memory 978 MiB.
2026-10-09T22:50:24Z INFO [1550/1886] c80dd6fb-7385-42fd-9fc1-db5cd763069b: checkpointed 143483 new records.
2026-10-09T22:50:25Z INFO [1551/1886] c80e6e30-e3b8-4d1a-8d60-c7f2065be337: 19 internal nodes; 1.3 s; peak memory 978 MiB.
2026-10-09T22:50:31Z INFO [1552/1886] c80ed4f1-8e6f-48a3-a75c-47aab6e05fe2: 119 internal nodes; 6.0 s; peak memory 978 MiB.
2026-10-09T22:50:32Z INFO [1553/1886] c80ee339-7765-440c-b710-5cbb9837f808: 27 internal nodes; 1.3 s; peak memory 978 MiB.
2026-10-09T22:50:35Z INFO [1554/1886] c80ee536-48fd-4dde-80f7-8f5167a0f67f: 39 internal nodes; 2.4 s; peak memory 978 MiB.
2026-10-09T22:50:37Z INFO [1555/1886] c80f3a15-4bce-4c9d-9137-50a62e0c549e: 42 internal nodes; 2.2 s; peak memory 978 MiB.
2026-10-09T22:50:40Z INFO [1556/1886] c80f3bd1-f12c-4c1c-9613-9ae0d3eeefeb: 56 internal nodes; 3.3 s; peak memory 978 MiB.
2026-10-09T22:50:44Z INFO [1557/1886] c80fe8c1-64a6-4276-b11e-eb3d00e8515c: 53 internal nodes; 4.0 s; peak memory 978 MiB.
2026-10-09T22:50:45Z INFO [1558/1886] c81033ca-a8ae-4c0e-810e-7a797ebab6ec: 17 internal nodes; 1.0 s; peak memory 978 MiB.
2026-10-09T22:50:59Z INFO [1559/1886] c8104c19-6f2a-45fb-b501-617a6e8377cd: 266 internal nodes; 13.6 s; peak memory 978 MiB.
2026-10-09T22:51:00Z INFO [1560/1886] c810e3c5-da63-4216-a814-80022ed0549a: 26 internal nodes; 1.6 s; peak memory 978 MiB.
2026-10-09T22:51:01Z INFO [1561/1886] c810ef5f-ed2d-4d45-84d1-f9d0a463512b: 17 internal nodes; 1.1 s; peak memory 978 MiB.
2026-10-09T22:51:03Z INFO [1562/1886] c813267e-9341-47ca-abd5-375354713b4d: 27 internal nodes; 1.3 s; peak memory 978 MiB.
2026-10-09T22:51:04Z INFO [1563/1886] c813504a-dfde-477e-ad85-2f7c11b5ec86: 55 internal nodes; 1.5 s; peak memory 978 MiB.
2026-10-09T22:51:58Z INFO [1564/1886] c81376ca-cebd-4ad4-821e-b92b3cf425c0: 1117 internal nodes; 53.9 s; peak memory 978 MiB.
2026-10-09T22:51:59Z INFO [1565/1886] c81495b1-4f71-4557-87ae-952d658f6aa9: 17 internal nodes; 1.3 s; peak memory 978 MiB.
2026-10-09T22:52:01Z INFO [1566/1886] c816352f-bcb1-4cc8-9887-856a1230011c: 17 internal nodes; 1.2 s; peak memory 978 MiB.
2026-10-09T22:52:03Z INFO [1567/1886] c81653d6-090f-4200-a33d-7ffbe3cc427a: 44 internal nodes; 2.6 s; peak memory 978 MiB.
2026-10-09T22:52:05Z INFO [1568/1886] c8166fff-5d34-479a-9115-3ad3a1715d28: 119 internal nodes; 1.3 s; peak memory 978 MiB.
2026-10-09T22:52:08Z INFO [1569/1886] c8167f16-777a-4331-bab0-db8055abe41d: 44 internal nodes; 2.9 s; peak memory 978 MiB.
2026-10-09T22:52:10Z INFO [1570/1886] c8169d46-cc33-4d2e-8eb5-04bcff920af6: 72 internal nodes; 2.5 s; peak memory 978 MiB.
2026-10-09T22:52:16Z INFO [1571/1886] c817cb5c-a78f-4687-9e73-d5b6b39f2823: 182 internal nodes; 5.6 s; peak memory 978 MiB.
2026-10-09T22:52:17Z INFO [1572/1886] c817f063-2b2e-4456-b8f9-d60330702a18: 27 internal nodes; 1.2 s; peak memory 978 MiB.
2026-10-09T22:52:18Z INFO [1573/1886] c8180372-909b-4fdf-aa93-e0f1b6b1b87b: 27 internal nodes; 1.3 s; peak memory 978 MiB.
2026-10-09T22:52:19Z INFO [1574/1886] c818a527-ec6f-4fbd-85e4-a38554dbab33: 13 internal nodes; 0.8 s; peak memory 978 MiB.
2026-10-09T22:52:20Z INFO [1575/1886] c819510e-11bd-4554-b1dc-edb8dd79b779: 17 internal nodes; 1.1 s; peak memory 978 MiB.
2026-10-09T22:52:21Z INFO [1576/1886] c81a1de9-c7b4-4440-9ed8-142fc2569701: 27 internal nodes; 1.4 s; peak memory 978 MiB.
2026-10-09T22:52:22Z INFO [1577/1886] c81af1c6-8826-48ac-b9ef-e23647619912: 27 internal nodes; 0.8 s; peak memory 978 MiB.
2026-10-09T22:52:24Z INFO [1578/1886] c81b756e-205e-467c-930e-b571dbbc4981: 56 internal nodes; 1.5 s; peak memory 978 MiB.
2026-10-09T22:52:25Z INFO [1579/1886] c81bbe79-c886-41e0-9934-d6e6aaacc775: 17 internal nodes; 1.0 s; peak memory 978 MiB.
2026-10-09T22:52:26Z INFO [1580/1886] c81cecc2-4613-4a43-aee1-96ffb594007b: 27 internal nodes; 1.3 s; peak memory 978 MiB.
2026-10-09T22:52:27Z INFO [1581/1886] c81d19f4-5f0c-4106-9ab3-04d2b5d93700: 17 internal nodes; 1.1 s; peak memory 978 MiB.
2026-10-09T22:52:29Z INFO [1582/1886] c81d4986-63fd-400a-8358-dabbf6c21c1d: 27 internal nodes; 1.5 s; peak memory 978 MiB.
2026-10-09T22:52:30Z INFO [1583/1886] c81d4b95-d732-4e8d-9ca2-003cd14224f7: 23 internal nodes; 1.4 s; peak memory 978 MiB.
2026-10-09T22:52:31Z INFO [1584/1886] c81d54d5-a810-432a-93c0-bd3f6795e936: 17 internal nodes; 1.0 s; peak memory 978 MiB.
2026-10-09T22:52:34Z INFO [1585/1886] c81d58ec-f8df-4844-9233-df5153be5506: 45 internal nodes; 3.1 s; peak memory 978 MiB.
2026-10-09T22:52:39Z INFO [1586/1886] c81e1763-73e7-41f3-a9bc-0965f3d0e517: 70 internal nodes; 5.1 s; peak memory 978 MiB.
2026-10-09T22:52:41Z INFO [1587/1886] c81f7d48-50ec-4092-9015-224b8405fee0: 115 internal nodes; 1.4 s; peak memory 978 MiB.
2026-10-09T22:52:52Z INFO [1588/1886] c81fd32d-7f6b-4571-bc36-26ec37f4ad20: 306 internal nodes; 11.8 s; peak memory 978 MiB.
2026-10-09T22:52:54Z INFO [1589/1886] c81fedce-5d1f-40ed-84a9-062cfbdb2c4c: 17 internal nodes; 1.2 s; peak memory 978 MiB.
2026-10-09T22:52:55Z INFO [1590/1886] c81fedce-6ae5-4707-9960-b1fcabd3446d: 13 internal nodes; 1.0 s; peak memory 978 MiB.
2026-10-09T22:52:56Z INFO [1591/1886] c82000bb-ea28-46f6-a718-5cca156ceabd: 54 internal nodes; 1.5 s; peak memory 978 MiB.
2026-10-09T22:52:58Z INFO [1592/1886] c82113e8-dfea-40a5-8a4f-aa88e414a1e5: 31 internal nodes; 1.8 s; peak memory 978 MiB.
2026-10-09T22:52:59Z INFO [1593/1886] c82253ba-a098-4a7e-ac33-90ee8312ae74: 22 internal nodes; 1.4 s; peak memory 978 MiB.
2026-10-09T22:53:00Z INFO [1594/1886] c822adaf-c179-4aad-8fdf-f053c1f9878d: 20 internal nodes; 0.8 s; peak memory 978 MiB.
2026-10-09T22:53:01Z INFO [1595/1886] c822d0f0-c6bf-451c-8e7c-fd48134742ba: 17 internal nodes; 1.2 s; peak memory 978 MiB.
2026-10-09T22:53:03Z INFO [1596/1886] c82356a3-61cf-47b1-980a-28c7be573482: 27 internal nodes; 1.2 s; peak memory 978 MiB.
2026-10-09T22:53:04Z INFO [1597/1886] c8247541-7c26-4796-97dd-fef2cda3cc20: 13 internal nodes; 1.1 s; peak memory 978 MiB.
2026-10-09T22:53:20Z INFO [1598/1886] c824979f-d647-45cd-a43c-fa33566898a5: 287 internal nodes; 16.3 s; peak memory 978 MiB.
2026-10-09T22:53:22Z INFO [1599/1886] c824ccc7-ee94-473c-a1ac-5f7b5d7dc9b2: 19 internal nodes; 1.8 s; peak memory 978 MiB.
2026-10-09T22:53:23Z INFO [1600/1886] c8252ea7-07c4-4160-9576-66c789fb2974: 22 internal nodes; 0.8 s; peak memory 978 MiB.
2026-10-09T22:53:23Z INFO [1600/1886] c8252ea7-07c4-4160-9576-66c789fb2974: checkpointed 143533 new records.
2026-10-09T22:53:25Z INFO [1601/1886] c8264694-041f-4559-98fd-002b922038fe: 30 internal nodes; 2.1 s; peak memory 978 MiB.
2026-10-09T22:53:26Z INFO [1602/1886] c826b94a-3627-48c0-9749-f8a03ae89e9d: 17 internal nodes; 1.0 s; peak memory 978 MiB.
2026-10-09T22:53:29Z INFO [1603/1886] c8277efd-0c9d-4588-80e6-71b112b4a454: 44 internal nodes; 2.8 s; peak memory 978 MiB.
2026-10-09T22:53:30Z INFO [1604/1886] c827b70e-bd36-45f6-acd6-707e498fbf5f: 30 internal nodes; 1.4 s; peak memory 978 MiB.
2026-10-09T22:53:31Z INFO [1605/1886] c82833f6-30fa-490b-8e6c-08ac4bb9ce41: 17 internal nodes; 1.0 s; peak memory 978 MiB.
2026-10-09T22:53:33Z INFO [1606/1886] c82841fb-ac0c-4fb5-baed-abbe6f1128a4: 27 internal nodes; 1.3 s; peak memory 978 MiB.
2026-10-09T22:53:34Z INFO [1607/1886] c828d505-9a9b-46d2-ae16-ed6d96828b08: 30 internal nodes; 1.5 s; peak memory 978 MiB.
2026-10-09T22:53:36Z INFO [1608/1886] c8291532-a3ee-47a0-afa7-7b8180186c01: 36 internal nodes; 1.6 s; peak memory 978 MiB.
2026-10-09T22:53:37Z INFO [1609/1886] c829c45b-f918-4947-a007-d11425633f42: 116 internal nodes; 1.2 s; peak memory 978 MiB.
2026-10-09T22:53:38Z INFO [1610/1886] c82a24ac-44f0-4454-b297-7cf6cd967fd7: 17 internal nodes; 1.0 s; peak memory 978 MiB.
2026-10-09T22:53:43Z INFO [1611/1886] c82a65c2-220a-43e6-926d-5c776594f846: 64 internal nodes; 5.3 s; peak memory 978 MiB.
2026-10-09T22:53:51Z INFO [1612/1886] c82a683e-8d2e-444b-b8f8-5f263e98bcbb: 192 internal nodes; 7.7 s; peak memory 978 MiB.
2026-10-09T22:53:53Z INFO [1613/1886] c82aadbc-67f0-49e2-ad42-624b356e55ac: 44 internal nodes; 2.6 s; peak memory 978 MiB.
2026-10-09T22:54:00Z INFO [1614/1886] c82ae7ee-6380-4272-8381-aaaf417a2ce5: 80 internal nodes; 6.7 s; peak memory 978 MiB.
2026-10-09T22:54:01Z INFO [1615/1886] c82afc03-c9cd-4322-a991-cf54b37cb4b3: 17 internal nodes; 1.1 s; peak memory 978 MiB.
2026-10-09T22:54:02Z INFO [1616/1886] c82bb76d-721c-479f-9a48-3cb65d985ad0: 15 internal nodes; 1.0 s; peak memory 978 MiB.
2026-10-09T22:54:03Z INFO [1617/1886] c82c6d95-25c0-4116-bb73-f82db262402a: 17 internal nodes; 0.9 s; peak memory 978 MiB.
2026-10-09T22:54:04Z INFO [1618/1886] c82d175b-be86-42f0-94f5-2ee7b6e99ff2: 31 internal nodes; 1.4 s; peak memory 978 MiB.
2026-10-09T22:54:07Z INFO [1619/1886] c82d6cf9-c504-4cd0-8182-29f19eb41f03: 44 internal nodes; 2.6 s; peak memory 978 MiB.
2026-10-09T22:54:08Z INFO [1620/1886] c82de79c-dc5f-4773-a9bc-e7cd94f2bd9d: 17 internal nodes; 1.0 s; peak memory 978 MiB.
2026-10-09T22:54:14Z INFO [1621/1886] c82e692f-4d40-438c-8db5-a1d906421f42: 73 internal nodes; 5.7 s; peak memory 978 MiB.
2026-10-09T22:54:15Z INFO [1622/1886] c82fe58a-266c-4c98-92cc-b7bad730f560: 17 internal nodes; 1.1 s; peak memory 978 MiB.
2026-10-09T22:54:21Z INFO [1623/1886] c82ff29c-2f73-4ada-81f9-1be774c14fc1: 61 internal nodes; 6.2 s; peak memory 978 MiB.
2026-10-09T22:54:22Z INFO [1624/1886] c8301058-db74-4fd1-9949-bd06f518975e: 17 internal nodes; 1.0 s; peak memory 978 MiB.
2026-10-09T22:54:23Z INFO [1625/1886] c832eb0c-f5f8-4990-a8ad-3511421dafe0: 17 internal nodes; 1.1 s; peak memory 978 MiB.
2026-10-09T22:54:24Z INFO [1626/1886] c8332200-93bd-4193-9338-d1c70ceb14fa: 26 internal nodes; 0.9 s; peak memory 978 MiB.
2026-10-09T22:54:25Z INFO [1627/1886] c833738e-f16e-4ea1-8d24-4a073f523922: 17 internal nodes; 1.0 s; peak memory 978 MiB.
2026-10-09T22:54:26Z INFO [1628/1886] c8349154-8924-45f3-a002-0a19f04de64c: 17 internal nodes; 1.0 s; peak memory 978 MiB.
2026-10-09T22:54:27Z INFO [1629/1886] c834a544-2871-4929-ba52-33fbf8cdf493: 17 internal nodes; 1.0 s; peak memory 978 MiB.
2026-10-09T22:54:28Z INFO [1630/1886] c835443c-2bae-49d7-9c1e-acd50edefe81: 31 internal nodes; 1.3 s; peak memory 978 MiB.
2026-10-09T22:54:29Z INFO [1631/1886] c835b8af-bcec-4720-8ca5-c98c6adffb42: 16 internal nodes; 1.0 s; peak memory 978 MiB.
2026-10-09T22:54:30Z INFO [1632/1886] c835e9a5-51a6-457e-80ec-1e5e0acec013: 17 internal nodes; 0.9 s; peak memory 978 MiB.
2026-10-09T22:54:32Z INFO [1633/1886] c837321e-dbc3-4366-96e0-369b7be33b6d: 31 internal nodes; 1.7 s; peak memory 978 MiB.
2026-10-09T22:54:33Z INFO [1634/1886] c8373eab-efd1-4129-8653-34ed3658a045: 27 internal nodes; 1.3 s; peak memory 978 MiB.
2026-10-09T22:54:34Z INFO [1635/1886] c8373f63-8bf1-4825-8300-d409d2804780: 19 internal nodes; 0.9 s; peak memory 978 MiB.
2026-10-09T22:54:36Z INFO [1636/1886] c838a879-6692-42e9-a290-ab0058b4520f: 27 internal nodes; 1.3 s; peak memory 978 MiB.
2026-10-09T22:54:38Z INFO [1637/1886] c83ac3e7-8239-4382-80c7-ba1df2f7ddfe: 60 internal nodes; 2.8 s; peak memory 978 MiB.
2026-10-09T22:54:39Z INFO [1638/1886] c83b22bc-9c1d-4140-b097-8bf722c89578: 17 internal nodes; 1.0 s; peak memory 978 MiB.
2026-10-09T22:54:40Z INFO [1639/1886] c83b4dc3-9ccf-493d-b970-b02ce2d706a8: 19 internal nodes; 1.1 s; peak memory 978 MiB.
2026-10-09T22:54:42Z INFO [1640/1886] c83cbb6b-86e6-4fd8-932f-0cff751baa9e: 13 internal nodes; 1.1 s; peak memory 978 MiB.
2026-10-09T22:54:43Z INFO [1641/1886] c83cc92f-2953-495f-9188-255f0335e42c: 21 internal nodes; 1.1 s; peak memory 978 MiB.
2026-10-09T22:54:44Z INFO [1642/1886] c83e5bc4-985f-4a1b-a539-114aa218ff1f: 27 internal nodes; 1.1 s; peak memory 978 MiB.
2026-10-09T22:54:45Z INFO [1643/1886] c83f9b13-ffc2-4006-a24c-5581e15cb027: 114 internal nodes; 1.1 s; peak memory 978 MiB.
2026-10-09T22:54:47Z INFO [1644/1886] c8408f0a-9a2e-4ea8-9c19-f32e154e8ebf: 31 internal nodes; 1.7 s; peak memory 978 MiB.
2026-10-09T22:54:48Z INFO [1645/1886] c8415c93-53fb-42f9-9179-c7773b5e0534: 25 internal nodes; 1.4 s; peak memory 978 MiB.
2026-10-09T22:54:49Z INFO [1646/1886] c8418668-333d-4299-bc14-66c1559c5e3e: 22 internal nodes; 1.2 s; peak memory 978 MiB.
2026-10-09T22:54:50Z INFO [1647/1886] c842612f-73f6-4889-bdb7-bde1ac367232: 17 internal nodes; 1.1 s; peak memory 978 MiB.
2026-10-09T22:54:51Z INFO [1648/1886] c84307a1-0605-4465-90db-7425c3f44d9f: 17 internal nodes; 1.0 s; peak memory 978 MiB.
2026-10-09T22:54:58Z INFO [1649/1886] c844392c-5586-4580-98a3-51cbb581c9a9: 173 internal nodes; 7.1 s; peak memory 978 MiB.
2026-10-09T22:55:01Z INFO [1650/1886] c845036f-f220-4590-81db-b49d490ae0d7: 42 internal nodes; 2.9 s; peak memory 978 MiB.
2026-10-09T22:55:02Z INFO [1650/1886] c845036f-f220-4590-81db-b49d490ae0d7: checkpointed 143583 new records.
2026-10-09T22:55:03Z INFO [1651/1886] c8453415-7ae4-4c42-b656-57ad56d75345: 29 internal nodes; 1.4 s; peak memory 978 MiB.
2026-10-09T22:55:05Z INFO [1652/1886] c846a761-4191-46eb-bbcd-e1e6ec24e22e: 27 internal nodes; 1.4 s; peak memory 978 MiB.
2026-10-09T22:55:06Z INFO [1653/1886] c8476fac-a4ff-414b-83a5-2c0717c63729: 17 internal nodes; 1.0 s; peak memory 978 MiB.
2026-10-09T22:55:16Z INFO [1654/1886] c847838d-2b45-4092-bb33-26c7072869fb: 230 internal nodes; 10.2 s; peak memory 978 MiB.
2026-10-09T22:55:16Z INFO [1655/1886] c849757f-5b52-4a32-b5f6-7f19c86532f0: 11 internal nodes; 0.7 s; peak memory 978 MiB.
2026-10-09T22:55:17Z INFO [1656/1886] c84a5f91-c139-4d0b-9bc3-9de7636943c6: 17 internal nodes; 1.0 s; peak memory 978 MiB.
2026-10-09T22:55:19Z INFO [1657/1886] c84a7d5b-f690-49f3-bad9-50a6f7a04211: 31 internal nodes; 1.6 s; peak memory 978 MiB.
2026-10-09T22:55:20Z INFO [1658/1886] c84b1b73-bc19-4eaa-b23d-1bf5bc0324b9: 13 internal nodes; 1.0 s; peak memory 978 MiB.
2026-10-09T22:55:21Z INFO [1659/1886] c84bb59d-e89c-48b3-ada2-01edc6566156: 17 internal nodes; 1.0 s; peak memory 978 MiB.
2026-10-09T22:55:32Z INFO [1660/1886] c84c29a7-4462-467c-a7c5-42259ddefe81: 68 internal nodes; 10.8 s; peak memory 978 MiB.
2026-10-09T22:55:33Z INFO [1661/1886] c84d356c-3ccf-4bae-9a40-7bd3bc089e2f: 27 internal nodes; 1.2 s; peak memory 978 MiB.
2026-10-09T22:55:34Z INFO [1662/1886] c84d925a-fee6-4db3-a7c0-6bc09d20a862: 11 internal nodes; 1.0 s; peak memory 978 MiB.
2026-10-09T22:55:35Z INFO [1663/1886] c84e6377-3cd4-4fa4-b36e-66372d7ca904: 27 internal nodes; 1.3 s; peak memory 978 MiB.
2026-10-09T22:55:37Z INFO [1664/1886] c84eaa7e-64e4-46a0-be5f-1786c7990ccd: 21 internal nodes; 1.4 s; peak memory 978 MiB.
2026-10-09T22:55:38Z INFO [1665/1886] c84fc43e-a0ec-4b43-8b96-3c0b4376a22f: 18 internal nodes; 1.1 s; peak memory 978 MiB.
2026-10-09T22:55:39Z INFO [1666/1886] c85037fe-2cfe-473f-a62f-e3e22cbacb50: 58 internal nodes; 1.1 s; peak memory 978 MiB.
2026-10-09T22:55:44Z INFO [1667/1886] c850f7ba-a675-49a7-bfca-b4e90f103082: 65 internal nodes; 5.0 s; peak memory 978 MiB.
2026-10-09T22:55:45Z INFO [1668/1886] c8519453-bf60-44e9-8170-957335aada69: 17 internal nodes; 1.1 s; peak memory 978 MiB.
2026-10-09T22:55:47Z INFO [1669/1886] c851fd36-f3df-4fed-8313-0104594426b1: 27 internal nodes; 1.5 s; peak memory 978 MiB.
2026-10-09T22:55:48Z INFO [1670/1886] c85368f5-277b-455e-9c9f-319434a6a0f9: 17 internal nodes; 1.1 s; peak memory 978 MiB.
2026-10-09T22:55:56Z INFO [1671/1886] c853d547-3497-4c71-bf5a-16d558607504: 44 internal nodes; 8.5 s; peak memory 978 MiB.
2026-10-09T22:55:58Z INFO [1672/1886] c8542f85-2e8e-476f-8e57-dc261c10750a: 27 internal nodes; 1.4 s; peak memory 978 MiB.
2026-10-09T22:55:59Z INFO [1673/1886] c855ab17-77ad-4565-a5d5-b1b4c6d3c288: 18 internal nodes; 1.0 s; peak memory 978 MiB.
2026-10-09T22:56:00Z INFO [1674/1886] c855ca8e-dabe-4ec6-bdf9-079109a81085: 13 internal nodes; 1.1 s; peak memory 978 MiB.
2026-10-09T22:56:03Z INFO [1675/1886] c855f93d-f025-44fc-8091-86c5f95c3474: 44 internal nodes; 2.9 s; peak memory 978 MiB.
2026-10-09T22:56:04Z INFO [1676/1886] c8560cc4-be4c-450a-a3df-90ff8f601594: 27 internal nodes; 1.2 s; peak memory 978 MiB.
2026-10-09T22:56:05Z INFO [1677/1886] c856ca17-2ca8-47ab-8000-7a04b91c45a3: 11 internal nodes; 0.9 s; peak memory 978 MiB.
2026-10-09T22:56:06Z INFO [1678/1886] c85768ad-1423-40d8-93b3-5ccbd6e6e6ca: 27 internal nodes; 1.4 s; peak memory 978 MiB.
2026-10-09T22:56:07Z INFO [1679/1886] c8581315-d383-47d5-9433-e163399a5bf4: 27 internal nodes; 1.4 s; peak memory 978 MiB.
2026-10-09T22:56:08Z INFO [1680/1886] c85844a2-cc54-43c9-8edd-f4b523cac67f: 11 internal nodes; 0.9 s; peak memory 978 MiB.
2026-10-09T22:56:14Z INFO [1681/1886] c8587216-b250-4ed5-86cc-86acb477a1fa: 54 internal nodes; 5.8 s; peak memory 978 MiB.
2026-10-09T22:56:15Z INFO [1682/1886] c858e8c4-6ead-4820-95b1-86c95df19275: 11 internal nodes; 0.9 s; peak memory 978 MiB.
2026-10-09T22:56:17Z INFO [1683/1886] c85a049e-ca72-4f8f-9628-4fbdae4e2f90: 31 internal nodes; 2.0 s; peak memory 978 MiB.
2026-10-09T22:56:19Z INFO [1684/1886] c85a898a-cacd-46f8-a01a-d46b18146315: 30 internal nodes; 1.4 s; peak memory 978 MiB.
2026-10-09T22:56:19Z INFO [1685/1886] c85b1279-9d71-4383-9e3c-19d5fa52203c: 17 internal nodes; 0.7 s; peak memory 978 MiB.
2026-10-09T22:56:22Z INFO [1686/1886] c85b62ea-c882-4eec-a1ee-8f74a8072f81: 40 internal nodes; 2.5 s; peak memory 978 MiB.
2026-10-09T22:56:23Z INFO [1687/1886] c85d6712-af50-4000-970f-b56803c4e071: 17 internal nodes; 1.0 s; peak memory 978 MiB.
2026-10-09T22:56:24Z INFO [1688/1886] c85d7047-b548-4d6d-a79a-4ae8dc7350fc: 18 internal nodes; 1.0 s; peak memory 978 MiB.
2026-10-09T22:56:25Z INFO [1689/1886] c85dafa7-9712-4d02-8004-dcec2124383e: 27 internal nodes; 1.3 s; peak memory 978 MiB.
2026-10-09T22:56:28Z INFO [1690/1886] c85dcf2c-2be8-43c9-bee5-a6ef3d7f82e3: 47 internal nodes; 3.2 s; peak memory 978 MiB.
2026-10-09T22:56:35Z INFO [1691/1886] c85eca5f-cdf7-40c2-8907-90edce10b1e9: 41 internal nodes; 6.6 s; peak memory 978 MiB.
2026-10-09T22:56:36Z INFO [1692/1886] c85f960e-31eb-49c1-8d8c-6163ecbfd5b3: 27 internal nodes; 1.4 s; peak memory 978 MiB.
2026-10-09T22:56:38Z INFO [1693/1886] c85f980e-a9d0-4c0b-b91f-6ad99e38ca71: 37 internal nodes; 1.6 s; peak memory 978 MiB.
2026-10-09T22:56:39Z INFO [1694/1886] c8606095-bcbb-416b-8891-1de04bcbf379: 17 internal nodes; 1.1 s; peak memory 978 MiB.
2026-10-09T22:56:40Z INFO [1695/1886] c86062f8-32cf-4923-9338-b3dd318c5291: 17 internal nodes; 1.1 s; peak memory 978 MiB.
2026-10-09T22:56:41Z INFO [1696/1886] c860fa9e-15a8-421f-bc91-2f8883128167: 24 internal nodes; 1.3 s; peak memory 978 MiB.
2026-10-09T22:56:42Z INFO [1697/1886] c8613c71-1225-4fd9-b895-15eae3ba1e17: 17 internal nodes; 1.0 s; peak memory 978 MiB.
2026-10-09T22:56:44Z INFO [1698/1886] c8618306-ce60-46f7-adaf-c0b17de88b3d: 31 internal nodes; 1.8 s; peak memory 978 MiB.
2026-10-09T22:56:46Z INFO [1699/1886] c86232a6-58db-42de-b8ff-1c4b7d396724: 29 internal nodes; 1.7 s; peak memory 978 MiB.
2026-10-09T22:56:47Z INFO [1700/1886] c86248cc-255b-4a93-b7fa-3e9ea5e9fd77: 22 internal nodes; 0.8 s; peak memory 978 MiB.
2026-10-09T22:56:47Z INFO [1700/1886] c86248cc-255b-4a93-b7fa-3e9ea5e9fd77: checkpointed 143633 new records.
2026-10-09T22:56:48Z INFO [1701/1886] c8657e2d-c583-4e25-89d8-e4e3febcaa94: 13 internal nodes; 0.8 s; peak memory 978 MiB.
2026-10-09T22:56:54Z INFO [1702/1886] c865d8a2-8dc4-4b1c-b7d5-9f3314179dc2: 121 internal nodes; 6.2 s; peak memory 978 MiB.
2026-10-09T22:56:56Z INFO [1703/1886] c8661d39-ce3a-41ea-bd2c-08300cc62e49: 37 internal nodes; 1.9 s; peak memory 978 MiB.
2026-10-09T22:57:08Z INFO [1704/1886] c8671edc-14b4-4996-8539-092c5dbdab46: 134 internal nodes; 11.7 s; peak memory 978 MiB.
2026-10-09T22:57:09Z INFO [1705/1886] c8688e2b-b3aa-4358-8976-deb1ca576042: 26 internal nodes; 1.1 s; peak memory 978 MiB.
2026-10-09T22:57:10Z INFO [1706/1886] c868c9c5-8d88-4574-b341-142861eeb144: 17 internal nodes; 1.2 s; peak memory 978 MiB.
2026-10-09T22:57:12Z INFO [1707/1886] c8695847-4036-4891-9b87-83613a6eb02d: 27 internal nodes; 1.5 s; peak memory 978 MiB.
2026-10-09T22:57:13Z INFO [1708/1886] c869619b-a9f6-47f2-818d-f54b525c7215: 17 internal nodes; 1.1 s; peak memory 978 MiB.
2026-10-09T22:57:15Z INFO [1709/1886] c869aa0b-3958-42e7-bca3-7c8971bae65e: 40 internal nodes; 2.9 s; peak memory 978 MiB.
2026-10-09T22:57:17Z INFO [1710/1886] c869b39f-38e0-48fb-83ff-69e802bde164: 27 internal nodes; 1.5 s; peak memory 978 MiB.
2026-10-09T22:57:19Z INFO [1711/1886] c869edc7-9219-4d25-b7a6-9747d4503bb2: 33 internal nodes; 1.7 s; peak memory 978 MiB.
2026-10-09T22:57:19Z INFO [1712/1886] c86d2aab-c999-422a-aeb7-699474d03392: 11 internal nodes; 0.8 s; peak memory 978 MiB.
2026-10-09T22:57:21Z INFO [1713/1886] c86dd9d9-aa20-4d9a-99d2-ed30d7571b10: 24 internal nodes; 1.6 s; peak memory 978 MiB.
2026-10-09T22:57:22Z INFO [1714/1886] c86de027-c7ff-47e0-a0a4-cfb29a6f406a: 27 internal nodes; 1.1 s; peak memory 978 MiB.
2026-10-09T22:57:25Z INFO [1715/1886] c86e0d7c-9891-4314-a9e4-7881350a5ffd: 50 internal nodes; 2.5 s; peak memory 978 MiB.
2026-10-09T22:57:26Z INFO [1716/1886] c86e223a-a6c0-4d5f-84d2-1a14297e8663: 17 internal nodes; 1.0 s; peak memory 978 MiB.
2026-10-09T22:57:27Z INFO [1717/1886] c86e67d5-808b-4d3e-b9aa-9d182cf72e76: 17 internal nodes; 1.1 s; peak memory 978 MiB.
2026-10-09T22:57:28Z INFO [1718/1886] c86ebfc5-8d8e-4b2c-96f5-b5ba59fd315e: 17 internal nodes; 0.9 s; peak memory 978 MiB.
2026-10-09T22:57:29Z INFO [1719/1886] c86eca0a-2cfe-420c-b46a-2515a345b6e9: 28 internal nodes; 1.1 s; peak memory 978 MiB.
2026-10-09T22:57:31Z INFO [1720/1886] c86f738e-dc7a-49d5-acb3-043169994a71: 40 internal nodes; 2.6 s; peak memory 978 MiB.
2026-10-09T22:57:33Z INFO [1721/1886] c86f91dc-17fd-49cc-8653-ccc7cdfdb082: 26 internal nodes; 1.8 s; peak memory 978 MiB.
2026-10-09T22:57:34Z INFO [1722/1886] c86fb2c9-6795-451a-9eb2-316fbfebb38c: 17 internal nodes; 1.1 s; peak memory 978 MiB.
2026-10-09T22:57:35Z INFO [1723/1886] c8706a72-1766-4130-bac3-6390cf8fa9f5: 27 internal nodes; 1.3 s; peak memory 978 MiB.
2026-10-09T22:57:37Z INFO [1724/1886] c8711e2a-1db0-4cc2-abef-e4457151ad63: 58 internal nodes; 1.7 s; peak memory 978 MiB.
2026-10-09T22:57:41Z INFO [1725/1886] c871b421-6335-400a-b610-cf9014ae295c: 287 internal nodes; 4.0 s; peak memory 978 MiB.
2026-10-09T22:57:42Z INFO [1726/1886] c871d6e9-27e5-4df3-9211-12a7901d025e: 11 internal nodes; 0.7 s; peak memory 978 MiB.
2026-10-09T22:57:43Z INFO [1727/1886] c8724b24-3329-4d9c-8659-4c2b207b3baf: 28 internal nodes; 1.2 s; peak memory 978 MiB.
2026-10-09T22:57:45Z INFO [1728/1886] c873338d-d9f5-404c-aa19-143ebb4898de: 65 internal nodes; 2.0 s; peak memory 978 MiB.
2026-10-09T22:57:46Z INFO [1729/1886] c873906c-c8ca-47b7-b040-5438ec362f13: 17 internal nodes; 1.1 s; peak memory 978 MiB.
2026-10-09T22:57:47Z INFO [1730/1886] c873eb4b-3d86-40ca-9e44-67990fdb9599: 17 internal nodes; 1.1 s; peak memory 978 MiB.
2026-10-09T22:58:13Z INFO [1731/1886] c8740d1c-35f9-4c56-beb1-be3b007a7f6d: 3129 internal nodes; 25.8 s; peak memory 978 MiB.
2026-10-09T22:58:14Z INFO [1732/1886] c874cbe3-0fa1-406c-af31-2dd587080940: 60 internal nodes; 1.4 s; peak memory 978 MiB.
2026-10-09T22:58:16Z INFO [1733/1886] c8756e14-3419-4905-86b0-ea776cc2f059: 27 internal nodes; 1.2 s; peak memory 978 MiB.
2026-10-09T22:58:17Z INFO [1734/1886] c8758769-751a-4792-9806-d1263e7acea0: 27 internal nodes; 1.2 s; peak memory 978 MiB.
2026-10-09T22:58:18Z INFO [1735/1886] c875a1c9-cee5-4633-9e68-66048cf6f85d: 27 internal nodes; 1.3 s; peak memory 978 MiB.
2026-10-09T22:58:19Z INFO [1736/1886] c875a802-2277-4a96-a06f-6e957bca2ece: 15 internal nodes; 1.1 s; peak memory 978 MiB.
2026-10-09T22:58:21Z INFO [1737/1886] c875eeac-6997-4188-9e22-ab37441f1e85: 29 internal nodes; 1.4 s; peak memory 978 MiB.
2026-10-09T22:58:22Z INFO [1738/1886] c876334b-295a-4794-b626-6905108166dd: 17 internal nodes; 1.0 s; peak memory 978 MiB.
2026-10-09T22:58:28Z INFO [1739/1886] c876ac17-608c-40a9-924c-e2d5ee74739c: 61 internal nodes; 6.9 s; peak memory 978 MiB.
2026-10-09T22:58:30Z INFO [1740/1886] c876ca4b-5f84-4f91-af5f-26bd52e5e349: 17 internal nodes; 1.1 s; peak memory 978 MiB.
2026-10-09T22:58:31Z INFO [1741/1886] c8773c46-3dbc-402f-8f68-07035da07a8d: 62 internal nodes; 1.4 s; peak memory 978 MiB.
2026-10-09T22:58:33Z INFO [1742/1886] c8774cdf-fdd3-447d-ba12-52683f80d638: 44 internal nodes; 2.1 s; peak memory 978 MiB.
2026-10-09T22:58:35Z INFO [1743/1886] c877e667-dc65-4156-9d02-444b8c42f15e: 25 internal nodes; 1.9 s; peak memory 978 MiB.
2026-10-09T22:58:36Z INFO [1744/1886] c877ee75-545f-48e0-b091-f7f3a3541032: 17 internal nodes; 1.0 s; peak memory 978 MiB.
2026-10-09T22:58:38Z INFO [1745/1886] c8782832-2d98-4194-a0b5-9eb0223b9a49: 45 internal nodes; 2.4 s; peak memory 978 MiB.
2026-10-09T22:58:39Z INFO [1746/1886] c8796da3-84a7-4e20-a44e-77fb1ebdd2d6: 11 internal nodes; 0.7 s; peak memory 978 MiB.
2026-10-09T22:58:54Z INFO [1747/1886] c879b0c4-33de-4342-8c39-6f6f9b146c0a: 570 internal nodes; 14.7 s; peak memory 978 MiB.
2026-10-09T22:58:55Z INFO [1748/1886] c87a38f1-dd56-4e42-af1b-ac9cddf53b6e: 17 internal nodes; 1.1 s; peak memory 978 MiB.
2026-10-09T22:59:10Z INFO [1749/1886] c87a7078-8390-49e1-abbd-95dca32aaaf9: 1718 internal nodes; 14.6 s; peak memory 978 MiB.
2026-10-09T22:59:11Z INFO [1750/1886] c87b0908-87ae-4829-af03-27ae1940b201: 17 internal nodes; 1.1 s; peak memory 978 MiB.
2026-10-09T22:59:11Z INFO [1750/1886] c87b0908-87ae-4829-af03-27ae1940b201: checkpointed 143683 new records.
2026-10-09T22:59:13Z INFO [1751/1886] c87b235c-5b78-4313-a98a-5735dfbdd93a: 117 internal nodes; 1.3 s; peak memory 978 MiB.
2026-10-09T22:59:13Z INFO [1752/1886] c87c2704-5a2c-4b8c-99e7-1f3e09f06206: 20 internal nodes; 0.8 s; peak memory 978 MiB.
2026-10-09T22:59:15Z INFO [1753/1886] c87d3e05-9b20-4302-9057-40acf4716586: 27 internal nodes; 1.3 s; peak memory 978 MiB.
2026-10-09T22:59:16Z INFO [1754/1886] c87d457f-ef7a-45bd-bc78-45ea24e1d9b0: 17 internal nodes; 1.1 s; peak memory 978 MiB.
2026-10-09T22:59:24Z INFO [1755/1886] c87d4b84-664d-42f2-b23f-c0a40a1f274c: 159 internal nodes; 8.2 s; peak memory 978 MiB.
2026-10-09T22:59:31Z INFO [1756/1886] c8800206-f7bf-441d-96af-3df753bbee83: 177 internal nodes; 6.8 s; peak memory 978 MiB.
2026-10-09T22:59:36Z INFO [1757/1886] c8801a81-2dce-48a4-a075-617410086b58: 287 internal nodes; 4.9 s; peak memory 978 MiB.
2026-10-09T22:59:37Z INFO [1758/1886] c88056c9-15cb-4cbb-9f53-991ac0b9e657: 27 internal nodes; 1.3 s; peak memory 978 MiB.
2026-10-09T22:59:38Z INFO [1759/1886] c881052c-87f6-4229-ab67-0bf651e44d67: 27 internal nodes; 1.4 s; peak memory 978 MiB.
2026-10-09T22:59:40Z INFO [1760/1886] c8812e9a-c942-458f-bbb1-83c1976217ac: 31 internal nodes; 1.6 s; peak memory 978 MiB.
2026-10-09T22:59:41Z INFO [1761/1886] c8814cb8-1a65-4dd5-97fc-dd9c44d63319: 27 internal nodes; 1.3 s; peak memory 978 MiB.
2026-10-09T22:59:43Z INFO [1762/1886] c883a283-6ac6-405c-a384-6018ccc0bb21: 26 internal nodes; 1.5 s; peak memory 978 MiB.
2026-10-09T22:59:44Z INFO [1763/1886] c88450b3-3cde-4d11-a9d9-4ebbf2d8fa69: 26 internal nodes; 0.8 s; peak memory 978 MiB.
2026-10-09T22:59:47Z INFO [1764/1886] c8853ad9-9f2a-4f46-8006-6f6deae71475: 46 internal nodes; 3.5 s; peak memory 978 MiB.
2026-10-09T22:59:49Z INFO [1765/1886] c886052e-64d7-41ee-85ed-207f2fa34101: 31 internal nodes; 1.6 s; peak memory 978 MiB.
2026-10-09T22:59:50Z INFO [1766/1886] c8861312-71c9-4a43-88b5-629a02dc5d95: 17 internal nodes; 1.0 s; peak memory 978 MiB.
2026-10-09T23:00:01Z INFO [1767/1886] c8875e47-18c6-4463-bd87-e149c58cfa9c: 189 internal nodes; 11.1 s; peak memory 978 MiB.
2026-10-09T23:00:03Z INFO [1768/1886] c8878459-56af-4d6d-ac4d-2ef314124a20: 29 internal nodes; 1.9 s; peak memory 978 MiB.
2026-10-09T23:00:03Z INFO [1769/1886] c888d39e-dffd-4a30-913f-a9838c7fc743: 11 internal nodes; 0.7 s; peak memory 978 MiB.
2026-10-09T23:00:04Z INFO [1770/1886] c88efdfa-2615-410b-b737-0f1d6483a3ed: 17 internal nodes; 1.0 s; peak memory 978 MiB.
2026-10-09T23:00:07Z INFO [1771/1886] c88fdb63-f998-4b68-ad6c-866a02822721: 44 internal nodes; 2.3 s; peak memory 978 MiB.
2026-10-09T23:00:08Z INFO [1772/1886] c88fe115-80f2-49ec-ac1d-ad63e8f40a34: 22 internal nodes; 1.4 s; peak memory 978 MiB.
2026-10-09T23:00:21Z INFO [1773/1886] c8903130-4655-480c-99a3-f1c36214001d: 246 internal nodes; 13.0 s; peak memory 978 MiB.
2026-10-09T23:00:28Z INFO [1774/1886] c89097ca-4a30-4755-bdb5-a3df9bfcbde9: 61 internal nodes; 6.6 s; peak memory 978 MiB.
2026-10-09T23:00:29Z INFO [1775/1886] c8917159-ff5b-4540-870b-8612075a046b: 27 internal nodes; 1.5 s; peak memory 978 MiB.
2026-10-09T23:00:31Z INFO [1776/1886] c892c579-39d2-4062-a983-173d0f34f92b: 31 internal nodes; 1.7 s; peak memory 978 MiB.
2026-10-09T23:00:32Z INFO [1777/1886] c893db23-a1b9-4bed-83e2-b24267050737: 22 internal nodes; 1.2 s; peak memory 978 MiB.
2026-10-09T23:00:34Z INFO [1778/1886] c894eee9-13fa-440b-a734-c2925ece46f1: 27 internal nodes; 1.9 s; peak memory 978 MiB.
2026-10-09T23:00:35Z INFO [1779/1886] c8954a6e-7d68-4030-ab9c-f83e8134b57e: 27 internal nodes; 1.2 s; peak memory 978 MiB.
2026-10-09T23:00:37Z INFO [1780/1886] c8965baa-6a5c-4fee-911e-e87af6d0f180: 30 internal nodes; 1.4 s; peak memory 978 MiB.
2026-10-09T23:00:37Z INFO [1781/1886] c896c49c-97eb-432a-8cef-b10a726ffa5d: 11 internal nodes; 0.8 s; peak memory 978 MiB.
2026-10-09T23:00:39Z INFO [1782/1886] c896cdf0-afdf-4898-acd0-345e872e358a: 27 internal nodes; 1.2 s; peak memory 978 MiB.
2026-10-09T23:00:40Z INFO [1783/1886] c8981474-24b4-4b2b-8329-9623491a9607: 17 internal nodes; 1.0 s; peak memory 978 MiB.
2026-10-09T23:00:41Z INFO [1784/1886] c89833ae-ae66-4876-9943-202dc4285be4: 27 internal nodes; 1.0 s; peak memory 978 MiB.
2026-10-09T23:00:42Z INFO [1785/1886] c898a9fa-9b02-4fdd-9ac0-c9f2e34d1436: 22 internal nodes; 1.6 s; peak memory 978 MiB.
2026-10-09T23:00:43Z INFO [1786/1886] c898ddba-1258-4b2a-9295-7ba07c8a12d3: 19 internal nodes; 1.2 s; peak memory 978 MiB.
2026-10-09T23:00:45Z INFO [1787/1886] c8996223-63fb-4f49-b02f-2e48bb1004d1: 55 internal nodes; 1.4 s; peak memory 978 MiB.
2026-10-09T23:00:46Z INFO [1788/1886] c899a67b-008f-4e5b-8580-d4dbcbbcd592: 31 internal nodes; 1.7 s; peak memory 978 MiB.
2026-10-09T23:00:48Z INFO [1789/1886] c89ab470-d7d8-4bca-b87d-39fc14376e14: 17 internal nodes; 1.1 s; peak memory 978 MiB.
2026-10-09T23:00:49Z INFO [1790/1886] c89bc987-ceb3-4856-b3e3-99495d542698: 37 internal nodes; 1.7 s; peak memory 978 MiB.
2026-10-09T23:00:51Z INFO [1791/1886] c89bd416-2fb9-4895-862f-34d2fb5690c9: 18 internal nodes; 1.5 s; peak memory 978 MiB.
2026-10-09T23:00:53Z INFO [1792/1886] c89d548e-beea-42ac-aaa8-4464c1304611: 44 internal nodes; 2.6 s; peak memory 978 MiB.
2026-10-09T23:01:04Z INFO [1793/1886] c89e0e7d-7a43-4112-ac5f-76d633dd3ba9: 218 internal nodes; 10.8 s; peak memory 978 MiB.
2026-10-09T23:01:05Z INFO [1794/1886] c89e53a5-5028-4fe1-acc2-9b4cbc68e949: 19 internal nodes; 1.2 s; peak memory 978 MiB.
2026-10-09T23:01:07Z INFO [1795/1886] c89e89fb-ee41-4218-ac1b-43279e68b33f: 17 internal nodes; 1.5 s; peak memory 978 MiB.
2026-10-09T23:01:08Z INFO [1796/1886] c89ea6b2-779e-40ce-9881-00773b954cb2: 27 internal nodes; 1.3 s; peak memory 978 MiB.
2026-10-09T23:01:09Z INFO [1797/1886] c8a02eb8-60fa-4fe4-9d9c-89203eb7f185: 11 internal nodes; 0.7 s; peak memory 978 MiB.
2026-10-09T23:01:11Z INFO [1798/1886] c8a05f6d-aac6-4e55-90cc-2ace896e16e7: 31 internal nodes; 1.9 s; peak memory 978 MiB.
2026-10-09T23:01:13Z INFO [1799/1886] c8a0c083-1726-4b9d-ba08-28c912333339: 31 internal nodes; 1.9 s; peak memory 978 MiB.
2026-10-09T23:01:25Z INFO [1800/1886] c8a16372-9017-476a-95a8-6f3630e533c9: 174 internal nodes; 11.9 s; peak memory 978 MiB.
2026-10-09T23:01:25Z INFO [1800/1886] c8a16372-9017-476a-95a8-6f3630e533c9: checkpointed 143733 new records.
2026-10-09T23:01:26Z INFO [1801/1886] c8a16b68-bf90-4516-aaa0-b0b8961228ca: 17 internal nodes; 1.1 s; peak memory 978 MiB.
2026-10-09T23:01:32Z INFO [1802/1886] c8a22fcd-285a-4d65-8aab-2f8e3419dfeb: 73 internal nodes; 5.7 s; peak memory 978 MiB.
2026-10-09T23:01:34Z INFO [1803/1886] c8a279df-4203-45ee-b324-ee01d5b5e988: 31 internal nodes; 1.8 s; peak memory 978 MiB.
2026-10-09T23:01:35Z INFO [1804/1886] c8a39665-e719-45e2-8fea-556693c96245: 24 internal nodes; 1.0 s; peak memory 978 MiB.
2026-10-09T23:01:36Z INFO [1805/1886] c8a4244b-3909-4ef6-88ad-47dea7cdd308: 27 internal nodes; 1.2 s; peak memory 978 MiB.
2026-10-09T23:01:38Z INFO [1806/1886] c8a4ed2a-b46a-4454-8b35-2c30bf3a914d: 55 internal nodes; 2.3 s; peak memory 978 MiB.
2026-10-09T23:01:39Z INFO [1807/1886] c8a52e92-6d4f-497d-9531-995445f22482: 15 internal nodes; 1.1 s; peak memory 978 MiB.
2026-10-09T23:01:40Z INFO [1808/1886] c8a552f6-bb73-44a9-bf9c-233091f6a4d2: 19 internal nodes; 1.1 s; peak memory 978 MiB.
2026-10-09T23:01:41Z INFO [1809/1886] c8a5ea5b-9ce3-4bd2-85de-84b57d9f13ea: 17 internal nodes; 1.1 s; peak memory 978 MiB.
2026-10-09T23:01:43Z INFO [1810/1886] c8a62d2d-0be0-424f-9557-2690cdec86c7: 27 internal nodes; 1.2 s; peak memory 978 MiB.
2026-10-09T23:01:44Z INFO [1811/1886] c8a6644b-d6a2-4f6c-be3a-e46f1582305e: 17 internal nodes; 1.0 s; peak memory 978 MiB.
2026-10-09T23:01:44Z INFO [1812/1886] c8a79101-071e-4554-87e4-e537ef20b2fc: 11 internal nodes; 0.8 s; peak memory 978 MiB.
2026-10-09T23:01:52Z INFO [1813/1886] c8a80c7e-bdd7-4c05-a645-9589990b9ab3: 179 internal nodes; 8.0 s; peak memory 978 MiB.
2026-10-09T23:01:54Z INFO [1814/1886] c8a80cea-2952-4128-af58-a773c53cd269: 27 internal nodes; 1.3 s; peak memory 978 MiB.
2026-10-09T23:01:55Z INFO [1815/1886] c8a8f8be-f9a6-4d83-8689-cdd0dba09d9b: 31 internal nodes; 1.6 s; peak memory 978 MiB.
2026-10-09T23:01:57Z INFO [1816/1886] c8a90b05-5b4d-47a1-8d55-1271fbb7b0a8: 27 internal nodes; 1.4 s; peak memory 978 MiB.
2026-10-09T23:01:57Z INFO [1817/1886] c8a9c9fb-fe21-42c3-9d79-c2e0a70475b4: 28 internal nodes; 0.8 s; peak memory 978 MiB.
2026-10-09T23:02:00Z INFO [1818/1886] c8aa25b8-59eb-41dd-8ff2-ef804a75d429: 21 internal nodes; 2.2 s; peak memory 978 MiB.
2026-10-09T23:02:01Z INFO [1819/1886] c8aa6592-cfb8-429e-bc91-b9a60aa38a95: 26 internal nodes; 1.8 s; peak memory 978 MiB.
2026-10-09T23:02:02Z INFO [1820/1886] c8aa71cc-b1ca-4c62-9f4b-013a83623a7d: 11 internal nodes; 0.8 s; peak memory 978 MiB.
2026-10-09T23:02:04Z INFO [1821/1886] c8aae032-6f29-4659-b717-c3b42549d26d: 27 internal nodes; 1.3 s; peak memory 978 MiB.
2026-10-09T23:02:04Z INFO [1822/1886] c8acc660-434b-48a6-9d9d-605ccfd3ca3f: 13 internal nodes; 0.8 s; peak memory 978 MiB.
2026-10-09T23:02:06Z INFO [1823/1886] c8ad7da3-5194-4115-9641-125155942275: 13 internal nodes; 1.2 s; peak memory 978 MiB.
2026-10-09T23:02:07Z INFO [1824/1886] c8ad8a74-fd89-4e0b-9a71-d8f98c7a8855: 55 internal nodes; 1.6 s; peak memory 978 MiB.
2026-10-09T23:02:13Z INFO [1825/1886] c8adc490-84d9-40b3-902c-e7fc0289a26a: 73 internal nodes; 6.0 s; peak memory 978 MiB.
2026-10-09T23:02:27Z INFO [1826/1886] c8ae5df5-aa04-4aae-8018-b8c8db582cf1: 256 internal nodes; 14.1 s; peak memory 978 MiB.
2026-10-09T23:02:29Z INFO [1827/1886] c8af7768-4c31-4bac-ae44-8846e984af13: 22 internal nodes; 1.3 s; peak memory 978 MiB.
2026-10-09T23:02:33Z INFO [1828/1886] c8afd640-1d8e-46f9-a18b-5664923352ed: 103 internal nodes; 4.3 s; peak memory 978 MiB.
2026-10-09T23:02:34Z INFO [1829/1886] c8b0dda7-e12e-4ee8-8df3-e8f468d31f48: 17 internal nodes; 1.1 s; peak memory 978 MiB.
2026-10-09T23:02:48Z INFO [1830/1886] c8b124d1-eb2c-4124-a96e-fe07a2d76df0: 289 internal nodes; 13.4 s; peak memory 978 MiB.
2026-10-09T23:02:48Z INFO [1831/1886] c8b1e168-a2e0-4a1f-9939-21d7da9c7873: 28 internal nodes; 0.8 s; peak memory 978 MiB.
2026-10-09T23:02:49Z INFO [1832/1886] c8b2040c-0f9b-4027-98df-3f2c45cf69b5: 19 internal nodes; 1.0 s; peak memory 978 MiB.
2026-10-09T23:02:50Z INFO [1833/1886] c8b26780-b807-4da2-8bbc-5d7f545a32e5: 17 internal nodes; 1.1 s; peak memory 978 MiB.
2026-10-09T23:02:53Z INFO [1834/1886] c8b2715b-d9da-4095-9f2c-63b12597bcfb: 38 internal nodes; 2.6 s; peak memory 978 MiB.
2026-10-09T23:02:55Z INFO [1835/1886] c8b2ed30-0688-43ad-abbe-eb372a131db3: 29 internal nodes; 1.6 s; peak memory 978 MiB.
2026-10-09T23:02:56Z INFO [1836/1886] c8b34e7f-e193-472c-88d5-efa538bb4909: 29 internal nodes; 1.2 s; peak memory 978 MiB.
2026-10-09T23:02:57Z INFO [1837/1886] c8b367e8-d1d0-43af-b1d5-6470df55098b: 17 internal nodes; 1.0 s; peak memory 978 MiB.
2026-10-09T23:03:00Z INFO [1838/1886] c8b39620-3b95-4d2b-ae65-e2d4b3e0c2db: 55 internal nodes; 2.9 s; peak memory 978 MiB.
2026-10-09T23:03:01Z INFO [1839/1886] c8b47d55-c2ba-4c3e-988f-285e5f0bf5c4: 27 internal nodes; 1.3 s; peak memory 978 MiB.
2026-10-09T23:03:05Z INFO [1840/1886] c8b490eb-6e73-4c92-811b-be83274e3d6f: 105 internal nodes; 4.2 s; peak memory 978 MiB.
2026-10-09T23:03:06Z INFO [1841/1886] c8b58207-fdad-4e87-b22c-50d54fcca3f9: 11 internal nodes; 0.7 s; peak memory 978 MiB.
2026-10-09T23:03:07Z INFO [1842/1886] c8b79f0c-44b5-400f-a89b-137a1ff436ac: 17 internal nodes; 1.0 s; peak memory 978 MiB.
2026-10-09T23:03:08Z INFO [1843/1886] c8b808f4-9792-464a-a624-28d02eed5639: 31 internal nodes; 1.5 s; peak memory 978 MiB.
2026-10-09T23:03:10Z INFO [1844/1886] c8b8772d-cde6-4826-b2db-03f4cec1f9b8: 19 internal nodes; 1.1 s; peak memory 978 MiB.
2026-10-09T23:03:11Z INFO [1845/1886] c8b8ca7f-6023-4e58-ba4a-1cffa53be37b: 25 internal nodes; 1.2 s; peak memory 978 MiB.
2026-10-09T23:03:12Z INFO [1846/1886] c8b90e03-3a3f-420a-af63-31180bb05226: 11 internal nodes; 0.7 s; peak memory 978 MiB.
2026-10-09T23:03:20Z INFO [1847/1886] c8baf691-154d-4928-9dc3-29579c34b9de: 184 internal nodes; 8.9 s; peak memory 978 MiB.
2026-10-09T23:03:22Z INFO [1848/1886] c8bb4880-c417-421e-b796-80ca9ef75269: 30 internal nodes; 1.5 s; peak memory 978 MiB.
2026-10-09T23:03:23Z INFO [1849/1886] c8bb9efd-7997-4552-ac2c-6c8eea887f0a: 11 internal nodes; 1.0 s; peak memory 978 MiB.
2026-10-09T23:03:24Z INFO [1850/1886] c8bbb423-b2a2-481b-96bc-066422244747: 18 internal nodes; 1.0 s; peak memory 978 MiB.
2026-10-09T23:03:24Z INFO [1850/1886] c8bbb423-b2a2-481b-96bc-066422244747: checkpointed 143783 new records.
2026-10-09T23:03:26Z INFO [1851/1886] c8bc275b-0e97-4422-baad-aedd95882550: 31 internal nodes; 1.7 s; peak memory 978 MiB.
2026-10-09T23:03:27Z INFO [1852/1886] c8bd62a0-ee57-4d72-8607-28cd95fa2071: 115 internal nodes; 1.3 s; peak memory 978 MiB.
2026-10-09T23:03:29Z INFO [1853/1886] c8bdde77-cc65-4914-988c-2ee31f250024: 90 internal nodes; 1.3 s; peak memory 978 MiB.
2026-10-09T23:03:30Z INFO [1854/1886] c8be201e-bf07-49de-b0cb-0fe5906fca94: 23 internal nodes; 1.3 s; peak memory 978 MiB.
2026-10-09T23:03:33Z INFO [1855/1886] c8be2086-6eb8-4f86-a68f-a5fa481d1d69: 44 internal nodes; 2.9 s; peak memory 978 MiB.
2026-10-09T23:03:34Z INFO [1856/1886] c8bedc15-e39e-40c7-8788-0569b8fb1deb: 17 internal nodes; 1.1 s; peak memory 978 MiB.
2026-10-09T23:03:35Z INFO [1857/1886] c8bf31ef-a060-4869-af76-4037800a94ed: 17 internal nodes; 1.1 s; peak memory 978 MiB.
2026-10-09T23:03:36Z INFO [1858/1886] c8bf6728-9530-43e8-91cb-f9bdd75b8678: 17 internal nodes; 1.0 s; peak memory 978 MiB.
2026-10-09T23:03:37Z INFO [1859/1886] c8c047fb-a12f-4dd0-8ecc-6ffdae001880: 17 internal nodes; 1.0 s; peak memory 978 MiB.
2026-10-09T23:03:38Z INFO [1860/1886] c8c05ab9-c851-4378-ab3b-69ef61311d38: 17 internal nodes; 1.1 s; peak memory 978 MiB.
2026-10-09T23:03:39Z INFO [1861/1886] c8c0f915-9406-406e-908c-9ccac2be4b42: 17 internal nodes; 1.1 s; peak memory 978 MiB.
2026-10-09T23:03:41Z INFO [1862/1886] c8c11a2d-b883-4e64-818b-7621af26acf9: 31 internal nodes; 1.8 s; peak memory 978 MiB.
2026-10-09T23:03:42Z INFO [1863/1886] c8c2dbd6-dd4e-4387-ae52-53fc4827058b: 27 internal nodes; 1.3 s; peak memory 978 MiB.
2026-10-09T23:03:44Z INFO [1864/1886] c8c336b3-f81e-43fd-9ad0-548b9c12c975: 29 internal nodes; 1.7 s; peak memory 978 MiB.
2026-10-09T23:03:46Z INFO [1865/1886] c8c343ca-ddc6-4efb-95f0-b29f1d7c140c: 27 internal nodes; 1.6 s; peak memory 978 MiB.
2026-10-09T23:03:47Z INFO [1866/1886] c8c35602-d2ba-4a19-9aab-91f207db4c38: 31 internal nodes; 1.4 s; peak memory 978 MiB.
2026-10-09T23:03:48Z INFO [1867/1886] c8c43d6d-5851-4c40-b10e-da2a4a66eee1: 27 internal nodes; 1.2 s; peak memory 978 MiB.
2026-10-09T23:03:49Z INFO [1868/1886] c8c477ff-9e27-4229-bf9e-f12f15dab68a: 27 internal nodes; 1.2 s; peak memory 978 MiB.
2026-10-09T23:03:50Z INFO [1869/1886] c8c5fe35-abfd-42c6-ba95-4588637b350c: 17 internal nodes; 1.0 s; peak memory 978 MiB.
2026-10-09T23:03:51Z INFO [1870/1886] c8c60314-1982-480e-a0ef-c5b1f4b2feff: 17 internal nodes; 0.8 s; peak memory 978 MiB.
2026-10-09T23:03:57Z INFO [1871/1886] c8c682e5-616f-403d-a9e7-c92d8f86816c: 115 internal nodes; 5.3 s; peak memory 978 MiB.
2026-10-09T23:03:58Z INFO [1872/1886] c8c69b8f-6820-4092-95de-ecee425b1255: 13 internal nodes; 1.3 s; peak memory 978 MiB.
2026-10-09T23:04:00Z INFO [1873/1886] c8c6a69a-e96d-4721-958c-063cb76c4c4f: 29 internal nodes; 1.7 s; peak memory 978 MiB.
2026-10-09T23:04:01Z INFO [1874/1886] c8c6daf2-e3a2-4e45-99a9-3f9df1545274: 31 internal nodes; 1.4 s; peak memory 978 MiB.
2026-10-09T23:04:07Z INFO [1875/1886] c8c85f8b-7efa-4aa7-bcc2-ea6644f4bc82: 165 internal nodes; 5.9 s; peak memory 978 MiB.
2026-10-09T23:04:08Z INFO [1876/1886] c8c8637e-f03b-407f-b625-45e983903082: 29 internal nodes; 1.5 s; peak memory 978 MiB.
2026-10-09T23:04:10Z INFO [1877/1886] c8c90733-df61-4e0f-a2ba-77f34473dc19: 29 internal nodes; 1.7 s; peak memory 978 MiB.
2026-10-09T23:04:11Z INFO [1878/1886] c8c91bcf-90e2-4390-9acc-a5bbe2d64353: 17 internal nodes; 1.1 s; peak memory 978 MiB.
2026-10-09T23:04:12Z INFO [1879/1886] c8ca0519-4263-4239-8931-d58314c9fd05: 17 internal nodes; 1.1 s; peak memory 978 MiB.
2026-10-09T23:04:14Z INFO [1880/1886] c8caee95-5050-4303-bc40-2abb2125926e: 26 internal nodes; 1.8 s; peak memory 978 MiB.
2026-10-09T23:04:15Z INFO [1881/1886] c8cb16e9-a05f-4f63-8dd7-9da592f9b7c9: 27 internal nodes; 1.3 s; peak memory 978 MiB.
2026-10-09T23:04:17Z INFO [1882/1886] c8cb1973-6f24-43cf-b170-aaea39f55976: 27 internal nodes; 1.3 s; peak memory 978 MiB.
2026-10-09T23:04:18Z INFO [1883/1886] c8cbbe53-3593-41ef-b4ef-f2368e46ca21: 90 internal nodes; 1.2 s; peak memory 978 MiB.
2026-10-09T23:04:19Z INFO [1884/1886] c8cbda47-d75e-49ac-9e56-f91aa8bbfc50: 17 internal nodes; 1.0 s; peak memory 978 MiB.
2026-10-09T23:04:20Z INFO [1885/1886] c8cc3aca-00ee-4b32-88da-d47d11dd95a3: 27 internal nodes; 1.1 s; peak memory 978 MiB.
2026-10-09T23:04:22Z WARNING d73cb2c7-2e04-4c75-ba50-9b634dc8e8fb: failed while reading the NWB file (KeyError: 'Unable to synchronously open object (component not found)')
2026-10-09T23:04:22Z WARNING [1886/1886] d73cb2c7-2e04-4c75-ba50-9b634dc8e8fb: leaving unrecorded for a later run to retry.
2026-10-09T23:04:22Z INFO Wrote 143818 records to /tmp/derivatives/valid_nwb_file_to_out_degrees.jsonl (1836 new, 50 failed) in 100.5 min (peak memory 978 MiB).
