2026-10-09T09:41:59Z INFO Logging to /tmp/logs/update_2026-10-09T09-41-59Z.log.
2026-10-09T09:41:59Z INFO Update valid-nwb-file-to-out-degrees (base directory /tmp).
2026-10-09T09:41:59Z INFO Processing 5000 items (132684 already recorded).
2026-10-09T09:42:01Z WARNING 024ef50f-ac6f-49ea-806b-93ef4b5e8644: failed while reading the NWB file (KeyError: 'Unable to synchronously open object (component not found)')
2026-10-09T09:42:01Z WARNING [1/5000] 024ef50f-ac6f-49ea-806b-93ef4b5e8644: leaving unrecorded for a later run to retry.
2026-10-09T09:42:03Z WARNING 09073220-fbea-45d2-9a39-2cc61fcdc2a1: failed while reading the NWB file (KeyError: 'Unable to synchronously open object (component not found)')
2026-10-09T09:42:03Z WARNING [2/5000] 09073220-fbea-45d2-9a39-2cc61fcdc2a1: leaving unrecorded for a later run to retry.
2026-10-09T09:42:04Z WARNING 0dec427d-4db4-44c3-988a-c37959ceaff3: failed while reading the NWB file (KeyError: 'Unable to synchronously open object (component not found)')
2026-10-09T09:42:04Z WARNING [3/5000] 0dec427d-4db4-44c3-988a-c37959ceaff3: leaving unrecorded for a later run to retry.
2026-10-09T09:42:06Z WARNING 0f7396ad-67ec-468a-b6a6-5599cb507f54: failed while reading the NWB file (KeyError: 'Unable to synchronously open object (component not found)')
2026-10-09T09:42:06Z WARNING [4/5000] 0f7396ad-67ec-468a-b6a6-5599cb507f54: leaving unrecorded for a later run to retry.
2026-10-09T09:42:07Z WARNING 1066b3ba-83d9-4cb3-bfe3-ecf8539e2334: failed while reading the NWB file (KeyError: 'Unable to synchronously open object (component not found)')
2026-10-09T09:42:07Z WARNING [5/5000] 1066b3ba-83d9-4cb3-bfe3-ecf8539e2334: leaving unrecorded for a later run to retry.
2026-10-09T09:42:09Z WARNING 17a546c4-6425-4c56-a43e-9f9f272d299c: failed while reading the NWB file (KeyError: 'Unable to synchronously open object (component not found)')
2026-10-09T09:42:09Z WARNING [6/5000] 17a546c4-6425-4c56-a43e-9f9f272d299c: leaving unrecorded for a later run to retry.
2026-10-09T09:42:11Z WARNING 19998990-d06f-40db-8d07-c5121b317b6a: failed while reading the NWB file (KeyError: 'Unable to synchronously open object (component not found)')
2026-10-09T09:42:11Z WARNING [7/5000] 19998990-d06f-40db-8d07-c5121b317b6a: leaving unrecorded for a later run to retry.
2026-10-09T09:42:12Z WARNING 1a18ed31-9155-4512-919f-b6875d14b9f3: failed while reading the NWB file (KeyError: 'Unable to synchronously open object (component not found)')
2026-10-09T09:42:12Z WARNING [8/5000] 1a18ed31-9155-4512-919f-b6875d14b9f3: leaving unrecorded for a later run to retry.
2026-10-09T09:42:14Z WARNING 1c2fff6f-f3a7-43fb-b7e2-a33218d41614: failed while reading the NWB file (KeyError: 'Unable to synchronously open object (component not found)')
2026-10-09T09:42:14Z WARNING [9/5000] 1c2fff6f-f3a7-43fb-b7e2-a33218d41614: leaving unrecorded for a later run to retry.
2026-10-09T09:42:16Z WARNING 20b5d243-5a61-4246-a5d5-ac9d9068183d: failed while reading the NWB file (KeyError: 'Unable to synchronously open object (component not found)')
2026-10-09T09:42:16Z WARNING [10/5000] 20b5d243-5a61-4246-a5d5-ac9d9068183d: leaving unrecorded for a later run to retry.
2026-10-09T09:42:17Z WARNING 20e4b649-b593-4ee3-bd02-f0645aad7021: failed while reading the NWB file (KeyError: 'Unable to synchronously open object (component not found)')
2026-10-09T09:42:17Z WARNING [11/5000] 20e4b649-b593-4ee3-bd02-f0645aad7021: leaving unrecorded for a later run to retry.
2026-10-09T09:42:19Z WARNING 2420003b-b350-4a69-b1aa-b27f68179823: failed while reading the NWB file (KeyError: 'Unable to synchronously open object (component not found)')
2026-10-09T09:42:19Z WARNING [12/5000] 2420003b-b350-4a69-b1aa-b27f68179823: leaving unrecorded for a later run to retry.
2026-10-09T09:42:21Z WARNING 2a76c0ae-11ba-4712-bfc9-5a1534c26aeb: failed while reading the NWB file (KeyError: 'Unable to synchronously open object (component not found)')
2026-10-09T09:42:21Z WARNING [13/5000] 2a76c0ae-11ba-4712-bfc9-5a1534c26aeb: leaving unrecorded for a later run to retry.
2026-10-09T09:42:22Z WARNING 319d22c8-6c6e-41bb-9bf9-9c6773d2b2ad: failed while reading the NWB file (KeyError: 'Unable to synchronously open object (component not found)')
2026-10-09T09:42:22Z WARNING [14/5000] 319d22c8-6c6e-41bb-9bf9-9c6773d2b2ad: leaving unrecorded for a later run to retry.
2026-10-09T09:42:24Z WARNING 324ccb4d-b81e-4dbb-a29d-ef474eef0d50: failed while reading the NWB file (KeyError: 'Unable to synchronously open object (component not found)')
2026-10-09T09:42:24Z WARNING [15/5000] 324ccb4d-b81e-4dbb-a29d-ef474eef0d50: leaving unrecorded for a later run to retry.
2026-10-09T09:42:26Z WARNING 3b2672c0-01e2-4e2a-a6fd-09535b8afd67: failed while reading the NWB file (KeyError: 'Unable to synchronously open object (component not found)')
2026-10-09T09:42:26Z WARNING [16/5000] 3b2672c0-01e2-4e2a-a6fd-09535b8afd67: leaving unrecorded for a later run to retry.
2026-10-09T09:42:27Z WARNING 3dec1e5e-7a4c-4aaa-95eb-7a953aa18d59: failed while reading the NWB file (KeyError: 'Unable to synchronously open object (component not found)')
2026-10-09T09:42:27Z WARNING [17/5000] 3dec1e5e-7a4c-4aaa-95eb-7a953aa18d59: leaving unrecorded for a later run to retry.
2026-10-09T09:42:29Z WARNING 40d7f442-8923-4dd5-87cb-af432218c083: failed while reading the NWB file (KeyError: 'Unable to synchronously open object (component not found)')
2026-10-09T09:42:29Z WARNING [18/5000] 40d7f442-8923-4dd5-87cb-af432218c083: leaving unrecorded for a later run to retry.
2026-10-09T09:42:31Z WARNING 4255c687-2c9c-4ffc-83b6-08157b521931: failed while reading the NWB file (KeyError: 'Unable to synchronously open object (component not found)')
2026-10-09T09:42:31Z WARNING [19/5000] 4255c687-2c9c-4ffc-83b6-08157b521931: leaving unrecorded for a later run to retry.
2026-10-09T09:42:33Z WARNING 43addd0b-0674-4137-8eaa-9df790dee1ce: failed while reading the NWB file (KeyError: 'Unable to synchronously open object (component not found)')
2026-10-09T09:42:33Z WARNING [20/5000] 43addd0b-0674-4137-8eaa-9df790dee1ce: leaving unrecorded for a later run to retry.
2026-10-09T09:42:34Z WARNING 59beae01-8c63-4353-a90b-e97078f0ecde: failed while reading the NWB file (KeyError: 'Unable to synchronously open object (component not found)')
2026-10-09T09:42:34Z WARNING [21/5000] 59beae01-8c63-4353-a90b-e97078f0ecde: leaving unrecorded for a later run to retry.
2026-10-09T09:42:36Z WARNING 6a997180-d683-4d9d-9b90-05b7dc97c11c: failed while reading the NWB file (KeyError: 'Unable to synchronously open object (component not found)')
2026-10-09T09:42:36Z WARNING [22/5000] 6a997180-d683-4d9d-9b90-05b7dc97c11c: leaving unrecorded for a later run to retry.
2026-10-09T09:42:38Z WARNING 6aa6bd0b-2ee9-4b1c-ae04-8288b68d12ff: failed while reading the NWB file (KeyError: 'Unable to synchronously open object (component not found)')
2026-10-09T09:42:38Z WARNING [23/5000] 6aa6bd0b-2ee9-4b1c-ae04-8288b68d12ff: leaving unrecorded for a later run to retry.
2026-10-09T09:42:40Z WARNING 6aae1939-4782-4088-b5f7-42ef42d4db39: failed while reading the NWB file (KeyError: 'Unable to synchronously open object (component not found)')
2026-10-09T09:42:40Z WARNING [24/5000] 6aae1939-4782-4088-b5f7-42ef42d4db39: leaving unrecorded for a later run to retry.
2026-10-09T09:42:41Z WARNING 6d423b55-67f8-42c9-9dee-caa73708d896: failed while reading the NWB file (KeyError: 'Unable to synchronously open object (component not found)')
2026-10-09T09:42:41Z WARNING [25/5000] 6d423b55-67f8-42c9-9dee-caa73708d896: leaving unrecorded for a later run to retry.
2026-10-09T09:42:43Z WARNING 735c7449-7e23-44fa-8990-d5c55f725aa2: failed while reading the NWB file (KeyError: 'Unable to synchronously open object (component not found)')
2026-10-09T09:42:43Z WARNING [26/5000] 735c7449-7e23-44fa-8990-d5c55f725aa2: leaving unrecorded for a later run to retry.
2026-10-09T09:42:44Z WARNING 75dc9b6e-40d1-4c10-8d75-71e6d60a1109: failed while reading the NWB file (KeyError: 'Unable to synchronously open object (component not found)')
2026-10-09T09:42:44Z WARNING [27/5000] 75dc9b6e-40d1-4c10-8d75-71e6d60a1109: leaving unrecorded for a later run to retry.
2026-10-09T09:42:46Z WARNING 75e93a30-06d1-4377-ac24-e439b70138bf: failed while reading the NWB file (KeyError: 'Unable to synchronously open object (component not found)')
2026-10-09T09:42:46Z WARNING [28/5000] 75e93a30-06d1-4377-ac24-e439b70138bf: leaving unrecorded for a later run to retry.
2026-10-09T09:42:48Z WARNING 79d6c03f-a5ad-43d3-a8c3-a13e7b361f24: failed while reading the NWB file (KeyError: 'Unable to synchronously open object (component not found)')
2026-10-09T09:42:48Z WARNING [29/5000] 79d6c03f-a5ad-43d3-a8c3-a13e7b361f24: leaving unrecorded for a later run to retry.
2026-10-09T09:42:49Z WARNING 80e5eff2-6863-4038-9302-675d85163951: failed while reading the NWB file (KeyError: 'Unable to synchronously open object (component not found)')
2026-10-09T09:42:49Z WARNING [30/5000] 80e5eff2-6863-4038-9302-675d85163951: leaving unrecorded for a later run to retry.
2026-10-09T09:42:51Z WARNING 8485f502-7092-4934-80fe-dc37dd3a4c16: failed while reading the NWB file (KeyError: 'Unable to synchronously open object (component not found)')
2026-10-09T09:42:51Z WARNING [31/5000] 8485f502-7092-4934-80fe-dc37dd3a4c16: leaving unrecorded for a later run to retry.
2026-10-09T09:42:52Z WARNING 85df85c4-6672-4675-9bb8-5e82e44e0f88: failed while reading the NWB file (KeyError: 'Unable to synchronously open object (component not found)')
2026-10-09T09:42:52Z WARNING [32/5000] 85df85c4-6672-4675-9bb8-5e82e44e0f88: leaving unrecorded for a later run to retry.
2026-10-09T09:42:54Z WARNING 87fdf428-ebbd-4376-85b5-341f14f18593: failed while reading the NWB file (KeyError: 'Unable to synchronously open object (component not found)')
2026-10-09T09:42:54Z WARNING [33/5000] 87fdf428-ebbd-4376-85b5-341f14f18593: leaving unrecorded for a later run to retry.
2026-10-09T09:42:56Z WARNING 8f0183a2-f90f-4b15-8fac-1ca3a404a100: failed while reading the NWB file (KeyError: 'Unable to synchronously open object (component not found)')
2026-10-09T09:42:56Z WARNING [34/5000] 8f0183a2-f90f-4b15-8fac-1ca3a404a100: leaving unrecorded for a later run to retry.
2026-10-09T09:42:57Z WARNING 9078e86c-42d8-47e9-a68b-72aaef5868b8: failed while reading the NWB file (KeyError: 'Unable to synchronously open object (component not found)')
2026-10-09T09:42:57Z WARNING [35/5000] 9078e86c-42d8-47e9-a68b-72aaef5868b8: leaving unrecorded for a later run to retry.
2026-10-09T09:42:59Z WARNING 907b3a91-92b0-49da-9d8a-a9ce5b752d18: failed while reading the NWB file (KeyError: 'Unable to synchronously open object (component not found)')
2026-10-09T09:42:59Z WARNING [36/5000] 907b3a91-92b0-49da-9d8a-a9ce5b752d18: leaving unrecorded for a later run to retry.
2026-10-09T09:43:01Z WARNING 91d0f104-6918-47ae-8959-2116c86ee157: failed while reading the NWB file (KeyError: 'Unable to synchronously open object (component not found)')
2026-10-09T09:43:01Z WARNING [37/5000] 91d0f104-6918-47ae-8959-2116c86ee157: leaving unrecorded for a later run to retry.
2026-10-09T09:43:02Z WARNING 969e4747-5a03-4948-bad1-05be9db18f9a: failed while reading the NWB file (KeyError: 'Unable to synchronously open object (component not found)')
2026-10-09T09:43:02Z WARNING [38/5000] 969e4747-5a03-4948-bad1-05be9db18f9a: leaving unrecorded for a later run to retry.
2026-10-09T09:43:04Z WARNING 96fcc9d3-cbe9-4aaa-986b-aaaf8831ed40: failed while reading the NWB file (KeyError: 'Unable to synchronously open object (component not found)')
2026-10-09T09:43:04Z WARNING [39/5000] 96fcc9d3-cbe9-4aaa-986b-aaaf8831ed40: leaving unrecorded for a later run to retry.
2026-10-09T09:43:05Z WARNING 98c46e12-f90f-4286-b1c2-15acdc057e25: failed while reading the NWB file (KeyError: 'Unable to synchronously open object (component not found)')
2026-10-09T09:43:05Z WARNING [40/5000] 98c46e12-f90f-4286-b1c2-15acdc057e25: leaving unrecorded for a later run to retry.
2026-10-09T09:43:07Z WARNING 9f0feaa9-adb3-4487-afb9-d4f49f1acdc6: failed while reading the NWB file (KeyError: 'Unable to synchronously open object (component not found)')
2026-10-09T09:43:07Z WARNING [41/5000] 9f0feaa9-adb3-4487-afb9-d4f49f1acdc6: leaving unrecorded for a later run to retry.
2026-10-09T09:43:09Z WARNING a5c144c2-f4f0-4c1e-9c08-2b521f863a3b: failed while reading the NWB file (KeyError: 'Unable to synchronously open object (component not found)')
2026-10-09T09:43:09Z WARNING [42/5000] a5c144c2-f4f0-4c1e-9c08-2b521f863a3b: leaving unrecorded for a later run to retry.
2026-10-09T09:43:11Z WARNING a8b6a037-6a71-4569-91a5-b9a166b789a9: failed while reading the NWB file (KeyError: 'Unable to synchronously open object (component not found)')
2026-10-09T09:43:11Z WARNING [43/5000] a8b6a037-6a71-4569-91a5-b9a166b789a9: leaving unrecorded for a later run to retry.
2026-10-09T09:43:12Z WARNING ad5b0970-92ee-45ed-9ade-ec72ab7c0c43: failed while reading the NWB file (KeyError: 'Unable to synchronously open object (component not found)')
2026-10-09T09:43:12Z WARNING [44/5000] ad5b0970-92ee-45ed-9ade-ec72ab7c0c43: leaving unrecorded for a later run to retry.
2026-10-09T09:43:14Z WARNING af8f8d1e-890e-40fb-8b99-bcfbd9dafa86: failed while reading the NWB file (KeyError: 'Unable to synchronously open object (component not found)')
2026-10-09T09:43:14Z WARNING [45/5000] af8f8d1e-890e-40fb-8b99-bcfbd9dafa86: leaving unrecorded for a later run to retry.
2026-10-09T09:43:15Z INFO [46/5000] b21d7caa-405b-4e65-a223-1ab2ce47da27: 17 internal nodes; 1.2 s; peak memory 212 MiB.
2026-10-09T09:43:36Z INFO [47/5000] b21dd4f5-d89a-4bcc-ab9f-1dcaa1a790c8: 135 internal nodes; 20.7 s; peak memory 215 MiB.
2026-10-09T09:43:43Z INFO [48/5000] b21dea7e-43d5-4aaa-ae37-5741d8c7a05f: 1045 internal nodes; 7.3 s; peak memory 242 MiB.
2026-10-09T09:43:45Z INFO [49/5000] b21deb9f-07ce-424f-b94f-0dafbdfce3a2: 27 internal nodes; 1.3 s; peak memory 242 MiB.
2026-10-09T09:43:59Z INFO [50/5000] b21df9d5-dddc-429c-bdd9-9d969473ab6f: 259 internal nodes; 14.1 s; peak memory 242 MiB.
2026-10-09T09:43:59Z INFO [50/5000] b21df9d5-dddc-429c-bdd9-9d969473ab6f: checkpointed 132689 new records.
2026-10-09T09:44:00Z INFO [51/5000] b21e1762-3720-4cac-8827-db558a323ad8: 114 internal nodes; 1.2 s; peak memory 242 MiB.
2026-10-09T09:44:07Z INFO [52/5000] b21ed7ad-84a9-4a7f-b114-ab42085df6aa: 54 internal nodes; 6.2 s; peak memory 242 MiB.
2026-10-09T09:44:08Z INFO [53/5000] b21f6500-11d9-4a9e-b0d1-f36b279c1388: 115 internal nodes; 1.4 s; peak memory 242 MiB.
2026-10-09T09:44:10Z INFO [54/5000] b21fea06-6e48-4fc7-82df-45fe98e27ad1: 21 internal nodes; 1.5 s; peak memory 242 MiB.
2026-10-09T09:44:11Z INFO [55/5000] b2205395-6c3e-4703-90bd-0d7a9579f857: 17 internal nodes; 1.1 s; peak memory 242 MiB.
2026-10-09T09:44:17Z INFO [56/5000] b222909c-2a00-4780-b946-2972ad90f06d: 73 internal nodes; 6.2 s; peak memory 242 MiB.
2026-10-09T09:44:18Z INFO [57/5000] b2238b4a-a743-437e-88d6-c753fb5c6b92: 19 internal nodes; 1.3 s; peak memory 242 MiB.
2026-10-09T09:44:19Z INFO [58/5000] b223da98-ea40-43c0-9c77-d189e18460e3: 17 internal nodes; 1.2 s; peak memory 242 MiB.
2026-10-09T09:44:22Z INFO [59/5000] b2246c77-f55f-44d6-ae68-9cea80b389fd: 59 internal nodes; 2.5 s; peak memory 242 MiB.
2026-10-09T09:44:25Z INFO [60/5000] b2257bd3-6861-40bd-bc27-d4619d9e311c: 45 internal nodes; 3.3 s; peak memory 242 MiB.
2026-10-09T09:44:26Z INFO [61/5000] b225af31-bf05-4da6-a50f-dd6e163bc25c: 17 internal nodes; 1.1 s; peak memory 242 MiB.
2026-10-09T09:44:41Z INFO [62/5000] b225c98c-9e02-4be0-af9a-4aa39823d382: 286 internal nodes; 14.4 s; peak memory 242 MiB.
2026-10-09T09:44:46Z INFO [63/5000] b2266a18-f430-44de-9436-7433e747fc7d: 91 internal nodes; 5.1 s; peak memory 242 MiB.
2026-10-09T09:44:57Z INFO [64/5000] b2273204-5b68-49d3-b81e-dd4ef71a54ae: 87 internal nodes; 11.5 s; peak memory 243 MiB.
2026-10-09T09:45:05Z INFO [65/5000] b228072d-83a2-4931-8413-b781bab81fd8: 41 internal nodes; 7.4 s; peak memory 243 MiB.
2026-10-09T09:45:06Z INFO [66/5000] b229b9b2-3854-4fa9-bcdf-c3b765472688: 17 internal nodes; 0.9 s; peak memory 243 MiB.
2026-10-09T09:45:07Z INFO [67/5000] b229d9e8-17c1-4074-ad81-de90bcb263e1: 17 internal nodes; 1.3 s; peak memory 243 MiB.
2026-10-09T09:45:12Z INFO [68/5000] b22b3aa3-7172-45f9-9290-86c5c313d10d: 67 internal nodes; 5.0 s; peak memory 243 MiB.
2026-10-09T09:45:24Z INFO [69/5000] b22b5e11-8d30-494b-8371-b284e1be80f4: 268 internal nodes; 12.5 s; peak memory 243 MiB.
2026-10-09T09:45:25Z INFO [70/5000] b22b67e6-05e8-4a3f-a7b8-94e1b51f6492: 27 internal nodes; 1.2 s; peak memory 243 MiB.
2026-10-09T09:45:34Z INFO [71/5000] b22c2a69-4210-41c1-a8fc-980f6d00cf3f: 188 internal nodes; 8.0 s; peak memory 243 MiB.
2026-10-09T09:45:36Z INFO [72/5000] b22d22d7-e4b4-448a-8f9b-794343dc681d: 59 internal nodes; 2.2 s; peak memory 243 MiB.
2026-10-09T09:45:54Z INFO [73/5000] b22d4cec-246f-492e-89f5-2c0e0f5ec1ab: 135 internal nodes; 18.2 s; peak memory 243 MiB.
2026-10-09T09:45:55Z INFO [74/5000] b22dccaf-45ae-49f2-bc35-c032f4758c71: 31 internal nodes; 1.5 s; peak memory 243 MiB.
2026-10-09T09:45:58Z INFO [75/5000] b22ea96a-537e-4e58-a129-e8379ebba786: 44 internal nodes; 2.9 s; peak memory 243 MiB.
2026-10-09T09:45:59Z INFO [76/5000] b22f0245-7b6d-4231-9540-3ab4146f529a: 17 internal nodes; 1.1 s; peak memory 243 MiB.
2026-10-09T09:46:00Z INFO [77/5000] b22f1671-1d46-4e57-a893-c327ce413500: 17 internal nodes; 1.1 s; peak memory 243 MiB.
2026-10-09T09:46:08Z INFO [78/5000] b22fbe17-182c-4b28-a981-c8641008809b: 177 internal nodes; 7.7 s; peak memory 244 MiB.
2026-10-09T09:46:11Z INFO [79/5000] b22fc661-624a-4721-bdfc-771aec69a25e: 66 internal nodes; 2.5 s; peak memory 244 MiB.
2026-10-09T09:46:12Z INFO [80/5000] b22fe106-6f56-4db7-a03e-fce8d2adbdbf: 31 internal nodes; 1.6 s; peak memory 244 MiB.
2026-10-09T09:46:13Z INFO [81/5000] b23065cf-d0d7-4ea4-b417-4c09b89ede0e: 11 internal nodes; 0.8 s; peak memory 244 MiB.
2026-10-09T09:46:15Z INFO [82/5000] b2308c3b-36f8-4e7d-97c8-c837094b25cf: 29 internal nodes; 1.6 s; peak memory 244 MiB.
2026-10-09T09:46:17Z INFO [83/5000] b231224e-002f-47ed-863d-6906d8e96353: 30 internal nodes; 2.4 s; peak memory 244 MiB.
2026-10-09T09:46:18Z INFO [84/5000] b232b64c-2699-4ae5-b652-0bc53b9117ed: 22 internal nodes; 0.8 s; peak memory 244 MiB.
2026-10-09T09:46:19Z INFO [85/5000] b232dd40-4000-4dbc-8733-6ecc3e7703eb: 27 internal nodes; 1.3 s; peak memory 244 MiB.
2026-10-09T09:46:22Z INFO [86/5000] b232eef1-fbf1-4788-a1d5-45b2f71de0d6: 44 internal nodes; 2.9 s; peak memory 244 MiB.
2026-10-09T09:46:23Z INFO [87/5000] b234713f-0ad5-4ad3-a628-05b1f9746764: 17 internal nodes; 1.2 s; peak memory 244 MiB.
2026-10-09T09:46:24Z INFO [88/5000] b234cb69-fb68-427f-8426-afe46e29ba43: 17 internal nodes; 1.1 s; peak memory 244 MiB.
2026-10-09T09:46:26Z INFO [89/5000] b2363ca7-6fe9-4a7b-a3dc-d40ee39772c6: 27 internal nodes; 1.3 s; peak memory 244 MiB.
2026-10-09T09:46:30Z INFO [90/5000] b2364349-2890-4d9b-a639-785c1f4d1286: 265 internal nodes; 4.1 s; peak memory 244 MiB.
2026-10-09T09:46:34Z INFO [91/5000] b236504f-c30e-4e4a-9f22-4a114132ac32: 53 internal nodes; 4.3 s; peak memory 244 MiB.
2026-10-09T09:46:35Z INFO [92/5000] b2367189-9f91-4015-bd46-12f145655e76: 17 internal nodes; 1.3 s; peak memory 244 MiB.
2026-10-09T09:46:44Z INFO [93/5000] b2368e62-d92e-4974-bb12-6128d270658d: 66 internal nodes; 8.5 s; peak memory 244 MiB.
2026-10-09T09:46:45Z INFO [94/5000] b23813d1-6947-448c-a801-d13fc252cfab: 17 internal nodes; 1.2 s; peak memory 244 MiB.
2026-10-09T09:46:46Z INFO [95/5000] b23967bc-64d6-4510-9e7f-1624031ebeed: 17 internal nodes; 1.1 s; peak memory 244 MiB.
2026-10-09T09:46:47Z INFO [96/5000] b23981f0-c43e-45ce-a4f7-4d8e4cfae433: 17 internal nodes; 1.1 s; peak memory 244 MiB.
2026-10-09T09:46:51Z INFO [97/5000] b239bbff-6e6d-43e5-8b83-3358f3bb83b0: 95 internal nodes; 4.2 s; peak memory 244 MiB.
2026-10-09T09:46:59Z INFO [98/5000] b23a07ce-3ac5-4914-b666-db9d5eb8c08f: 126 internal nodes; 7.8 s; peak memory 244 MiB.
2026-10-09T09:47:00Z INFO [99/5000] b23ad2c6-fe56-45e5-a178-34997b9bdfdf: 17 internal nodes; 1.1 s; peak memory 244 MiB.
2026-10-09T09:47:06Z INFO [100/5000] b23de5a0-4822-4836-ab6a-b1aefc3a97de: 73 internal nodes; 6.0 s; peak memory 244 MiB.
2026-10-09T09:47:07Z INFO [100/5000] b23de5a0-4822-4836-ab6a-b1aefc3a97de: checkpointed 132739 new records.
2026-10-09T09:47:13Z INFO [101/5000] b23e2951-5302-42f2-8b0e-2e9add650821: 73 internal nodes; 6.3 s; peak memory 244 MiB.
2026-10-09T09:47:14Z INFO [102/5000] b23edd5b-4e0d-4bcc-b01c-e9a5749ec02b: 27 internal nodes; 1.4 s; peak memory 244 MiB.
2026-10-09T09:47:30Z INFO [103/5000] b23ef1a7-b674-4493-b28e-6a42c6c4d1df: 237 internal nodes; 15.5 s; peak memory 244 MiB.
2026-10-09T09:47:31Z INFO [104/5000] b23f0bff-7ff9-4477-b818-41cbdde244af: 17 internal nodes; 1.2 s; peak memory 244 MiB.
2026-10-09T09:47:32Z INFO [105/5000] b23f612e-04e2-4984-a98c-512bd245f973: 27 internal nodes; 1.3 s; peak memory 244 MiB.
2026-10-09T09:47:35Z INFO [106/5000] b23f8b9b-4c7a-4830-b6c8-59ed714d1ea6: 24 internal nodes; 2.4 s; peak memory 244 MiB.
2026-10-09T09:47:47Z INFO [107/5000] b23fd0a7-aaec-4ec9-9b1a-4b6a7058c7c9: 1209 internal nodes; 11.9 s; peak memory 257 MiB.
2026-10-09T09:47:48Z INFO [108/5000] b23fd454-361d-46bb-9c34-e518cff2004f: 86 internal nodes; 1.3 s; peak memory 257 MiB.
2026-10-09T09:47:59Z INFO [109/5000] b2409a37-70c1-45d1-8155-dbc5dee35f03: 249 internal nodes; 10.7 s; peak memory 257 MiB.
2026-10-09T09:48:00Z INFO [110/5000] b240e762-ca16-45f6-ab3e-da0db1a8210a: 26 internal nodes; 1.7 s; peak memory 257 MiB.
2026-10-09T09:48:02Z INFO [111/5000] b2414450-4407-4eee-af16-a82450c25d77: 17 internal nodes; 1.2 s; peak memory 257 MiB.
2026-10-09T09:48:03Z INFO [112/5000] b2415024-e7a6-4224-876b-0ec4949546e4: 31 internal nodes; 1.6 s; peak memory 257 MiB.
2026-10-09T09:48:07Z INFO [113/5000] b2415724-e429-4c56-bc35-facc27f9f5e2: 53 internal nodes; 4.2 s; peak memory 257 MiB.
2026-10-09T09:48:09Z INFO [114/5000] b2425b79-254e-4e3a-bf67-9c81da3ee565: 31 internal nodes; 1.6 s; peak memory 257 MiB.
2026-10-09T09:48:11Z INFO [115/5000] b242b123-8dbb-4416-a4a5-e5e473fbf44e: 63 internal nodes; 1.6 s; peak memory 257 MiB.
2026-10-09T09:48:12Z INFO [116/5000] b2437d16-924e-44b4-88ee-409de2219dc6: 17 internal nodes; 1.1 s; peak memory 257 MiB.
2026-10-09T09:48:13Z INFO [117/5000] b245572c-e5c6-4695-96ed-bb107de1987c: 27 internal nodes; 1.2 s; peak memory 257 MiB.
2026-10-09T09:48:14Z INFO [118/5000] b2459a18-85b4-478b-8116-80f908e772bc: 17 internal nodes; 1.2 s; peak memory 257 MiB.
2026-10-09T09:48:17Z INFO [119/5000] b245a1ff-f89d-48b2-b617-cb07b2f1c5a3: 44 internal nodes; 3.1 s; peak memory 257 MiB.
2026-10-09T09:48:19Z INFO [120/5000] b246802a-c719-48c4-a9d9-8b5c45b7c67a: 27 internal nodes; 1.2 s; peak memory 257 MiB.
2026-10-09T09:48:22Z INFO [121/5000] b2478880-b6be-4936-b5bb-587ed0bf34df: 41 internal nodes; 3.4 s; peak memory 257 MiB.
2026-10-09T09:48:45Z INFO [122/5000] b2479c96-f736-42ba-b4da-16ba8dccc649: 2575 internal nodes; 22.5 s; peak memory 267 MiB.
2026-10-09T09:48:45Z INFO [123/5000] b248aae2-5f76-4d46-9fda-7669fd3611de: 11 internal nodes; 0.8 s; peak memory 267 MiB.
2026-10-09T09:48:46Z INFO [124/5000] b2490e3c-448b-491b-ada5-a634ab6e565c: 11 internal nodes; 0.9 s; peak memory 267 MiB.
2026-10-09T09:48:47Z INFO [125/5000] b2497298-2f14-4d34-ad21-63d3fd2cea68: 27 internal nodes; 1.3 s; peak memory 267 MiB.
2026-10-09T09:48:49Z INFO [126/5000] b249fad7-e0d5-431e-92a3-cf041dbee57c: 17 internal nodes; 1.1 s; peak memory 267 MiB.
2026-10-09T09:48:50Z INFO [127/5000] b24a2438-ac82-4cb6-ba8f-54b10b932b45: 27 internal nodes; 1.2 s; peak memory 267 MiB.
2026-10-09T09:48:51Z INFO [128/5000] b24a2cc4-a5d4-4777-a9a9-6b6de116e9cc: 23 internal nodes; 0.7 s; peak memory 267 MiB.
2026-10-09T09:48:51Z INFO [129/5000] b24b02be-9b65-41d0-ab1b-4722063e9c98: 20 internal nodes; 0.8 s; peak memory 267 MiB.
2026-10-09T09:48:52Z INFO [130/5000] b24b1a8b-2db9-4a43-9daa-a9fc87edc152: 13 internal nodes; 1.0 s; peak memory 267 MiB.
2026-10-09T09:48:54Z INFO [131/5000] b24b42a6-d8c6-4ebe-8f12-a3623b59936d: 31 internal nodes; 1.6 s; peak memory 267 MiB.
2026-10-09T09:48:56Z INFO [132/5000] b24b5f81-214a-4785-8990-ed961a2b7f9a: 31 internal nodes; 2.1 s; peak memory 267 MiB.
2026-10-09T09:49:01Z INFO [133/5000] b24b7016-6873-44a1-ab61-e2f2fa4f2150: 112 internal nodes; 4.8 s; peak memory 267 MiB.
2026-10-09T09:49:02Z INFO [134/5000] b24bacec-100a-47c4-9284-19c38f650c06: 15 internal nodes; 1.2 s; peak memory 267 MiB.
2026-10-09T09:49:09Z INFO [135/5000] b24c2744-b3e0-444e-8dff-6ed12acce2a7: 123 internal nodes; 6.6 s; peak memory 267 MiB.
2026-10-09T09:49:14Z INFO [136/5000] b24c9182-4620-4f8a-8db8-90d336d51507: 53 internal nodes; 5.8 s; peak memory 267 MiB.
2026-10-09T09:49:22Z INFO [137/5000] b24d0a14-9714-4d5c-8d0d-dc1ea6fb1dfa: 177 internal nodes; 7.8 s; peak memory 267 MiB.
2026-10-09T09:49:23Z INFO [138/5000] b24d20d2-ec42-4aac-92c5-39cd70955c66: 17 internal nodes; 1.1 s; peak memory 267 MiB.
2026-10-09T09:49:25Z INFO [139/5000] b24d4a5e-9e13-4185-8869-40d9fe268570: 27 internal nodes; 1.4 s; peak memory 267 MiB.
2026-10-09T09:49:26Z INFO [140/5000] b24e0090-a3c1-46cc-8f0c-6211d217137a: 30 internal nodes; 1.6 s; peak memory 267 MiB.
2026-10-09T09:49:27Z INFO [141/5000] b24f6a19-3106-4c8a-9150-d9108950dc12: 17 internal nodes; 1.2 s; peak memory 267 MiB.
2026-10-09T09:49:35Z INFO [142/5000] b24f7b15-cc27-4b87-a340-00575d74834b: 175 internal nodes; 7.8 s; peak memory 267 MiB.
2026-10-09T09:49:37Z INFO [143/5000] b2508340-cc6c-4dd6-9bba-0371077ab83f: 31 internal nodes; 1.8 s; peak memory 267 MiB.
2026-10-09T09:49:40Z INFO [144/5000] b2514d7d-d0ff-4668-8818-dba42eaa5b15: 46 internal nodes; 3.3 s; peak memory 267 MiB.
2026-10-09T09:49:42Z INFO [145/5000] b251f20e-9890-4173-9aa5-d3354832cb58: 27 internal nodes; 1.3 s; peak memory 267 MiB.
2026-10-09T09:49:43Z INFO [146/5000] b252ab45-24c6-4b18-b62d-8373963a0447: 17 internal nodes; 1.2 s; peak memory 267 MiB.
2026-10-09T09:49:45Z INFO [147/5000] b252b2d9-bcaf-44c0-bf4a-edba9a82d865: 60 internal nodes; 1.6 s; peak memory 267 MiB.
2026-10-09T09:49:46Z INFO [148/5000] b2531487-d13f-4b91-902e-1f1e2990d58c: 17 internal nodes; 1.3 s; peak memory 267 MiB.
2026-10-09T09:49:47Z INFO [149/5000] b253e9af-3548-452f-b2fb-84ebafa601db: 17 internal nodes; 1.0 s; peak memory 267 MiB.
2026-10-09T09:49:49Z INFO [150/5000] b256cfde-8e95-44a0-823e-831b2db45912: 67 internal nodes; 1.9 s; peak memory 267 MiB.
2026-10-09T09:49:49Z INFO [150/5000] b256cfde-8e95-44a0-823e-831b2db45912: checkpointed 132789 new records.
2026-10-09T09:49:51Z INFO [151/5000] b256edfa-1d15-4b4a-9a49-f2cc64eb0418: 29 internal nodes; 1.6 s; peak memory 268 MiB.
2026-10-09T09:49:52Z INFO [152/5000] b2571708-b7c3-46fd-9e39-a4431b979981: 31 internal nodes; 1.6 s; peak memory 268 MiB.
2026-10-09T09:49:54Z INFO [153/5000] b257579a-a66e-477b-afac-5464c2813be0: 27 internal nodes; 1.3 s; peak memory 268 MiB.
2026-10-09T09:49:57Z INFO [154/5000] b2593e2f-cee7-4c92-aed1-bcfd04fe80f0: 60 internal nodes; 2.9 s; peak memory 268 MiB.
2026-10-09T09:49:59Z INFO [155/5000] b25950a2-7f35-411a-8929-ed7131878174: 24 internal nodes; 2.0 s; peak memory 268 MiB.
2026-10-09T09:50:00Z INFO [156/5000] b259582a-9cac-4414-9e93-493dabdd8402: 27 internal nodes; 1.4 s; peak memory 268 MiB.
2026-10-09T09:50:02Z INFO [157/5000] b259a099-706a-48e8-bf8d-49f47b95d437: 29 internal nodes; 1.5 s; peak memory 268 MiB.
2026-10-09T09:50:04Z INFO [158/5000] b259cb24-90d2-4c1d-9688-7a6a0d5dafee: 54 internal nodes; 2.3 s; peak memory 268 MiB.
2026-10-09T09:50:05Z INFO [159/5000] b259d529-51a6-49c5-8d31-31f6ef013bc5: 27 internal nodes; 1.3 s; peak memory 268 MiB.
2026-10-09T09:50:07Z INFO [160/5000] b25a6753-2136-4647-8f72-a9722f57d161: 31 internal nodes; 1.7 s; peak memory 268 MiB.
2026-10-09T09:50:08Z INFO [161/5000] b25aaede-f218-467c-8fb9-0390db184ef6: 17 internal nodes; 1.2 s; peak memory 268 MiB.
2026-10-09T09:50:09Z INFO [162/5000] b25ad77b-3959-4cba-8999-b79c54c595b2: 115 internal nodes; 1.4 s; peak memory 268 MiB.
2026-10-09T09:50:10Z INFO [163/5000] b25b1141-f9f2-42d4-b4e0-b5d2916a726f: 17 internal nodes; 0.8 s; peak memory 268 MiB.
2026-10-09T09:50:11Z INFO [164/5000] b25b144c-4d20-42c0-95d7-9b3f440c5f73: 27 internal nodes; 1.3 s; peak memory 268 MiB.
2026-10-09T09:50:13Z INFO [165/5000] b25b497d-019c-4a45-afca-e94dab69763c: 22 internal nodes; 1.3 s; peak memory 268 MiB.
2026-10-09T09:50:14Z INFO [166/5000] b25ba718-ac6c-41dd-9bbc-dd9bd7b6a89f: 90 internal nodes; 1.1 s; peak memory 268 MiB.
2026-10-09T09:50:15Z INFO [167/5000] b25cfa4d-7ba8-4662-86c5-ce4f76058ab1: 21 internal nodes; 1.1 s; peak memory 268 MiB.
2026-10-09T09:50:16Z INFO [168/5000] b25f29f0-9fd3-407c-988f-0aaed9b4ba04: 17 internal nodes; 1.1 s; peak memory 268 MiB.
2026-10-09T09:50:18Z INFO [169/5000] b25f4062-3ee1-45fa-96b9-f0dd89560515: 69 internal nodes; 1.8 s; peak memory 268 MiB.
2026-10-09T09:50:20Z INFO [170/5000] b25f83ac-99e0-4bc4-94cf-09448aadaac1: 27 internal nodes; 2.1 s; peak memory 268 MiB.
2026-10-09T09:50:21Z INFO [171/5000] b260a78c-63b0-4fc2-89d1-26d8c486aeaf: 27 internal nodes; 1.3 s; peak memory 268 MiB.
2026-10-09T09:50:23Z INFO [172/5000] b260cca5-213c-424b-94e6-0522f03989c6: 27 internal nodes; 1.3 s; peak memory 268 MiB.
2026-10-09T09:50:24Z INFO [173/5000] b2614182-d029-435d-800b-db7f9860ea68: 31 internal nodes; 1.7 s; peak memory 268 MiB.
2026-10-09T09:50:31Z INFO [174/5000] b2626f0a-38d5-4de5-a1df-cf0984dc6907: 138 internal nodes; 6.8 s; peak memory 268 MiB.
2026-10-09T09:50:33Z INFO [175/5000] b262e9e0-ee30-4f67-bc7e-7ba367857a36: 44 internal nodes; 2.4 s; peak memory 268 MiB.
2026-10-09T09:50:50Z INFO [176/5000] b2630d13-75d6-41a5-b6cb-559d2473ceca: 218 internal nodes; 16.2 s; peak memory 268 MiB.
2026-10-09T09:50:57Z INFO [177/5000] b2645737-a080-4470-a77a-1c6afa1e2974: 177 internal nodes; 7.7 s; peak memory 268 MiB.
2026-10-09T09:50:59Z INFO [178/5000] b264a571-9e05-4dd6-95aa-b8f91fe7d6c8: 27 internal nodes; 1.3 s; peak memory 268 MiB.
2026-10-09T09:51:00Z INFO [179/5000] b2657afa-e62c-43c8-b2aa-7f745507f61f: 13 internal nodes; 1.2 s; peak memory 268 MiB.
2026-10-09T09:51:01Z INFO [180/5000] b265a13f-a03a-4541-889b-6c97400d3cf2: 17 internal nodes; 1.1 s; peak memory 268 MiB.
2026-10-09T09:51:03Z INFO [181/5000] b265a7a1-e19b-435f-b1f7-39f66ae2e864: 72 internal nodes; 2.5 s; peak memory 268 MiB.
2026-10-09T09:51:04Z INFO [182/5000] b2668591-e7c6-4cb4-8dd4-5c28af7a7bd9: 13 internal nodes; 0.9 s; peak memory 268 MiB.
2026-10-09T09:51:08Z INFO [183/5000] b266868f-a5d9-4897-98cf-7c52b1ba0963: 46 internal nodes; 3.7 s; peak memory 269 MiB.
2026-10-09T09:51:09Z INFO [184/5000] b267038b-251e-4fd8-9ac8-fd51361399b2: 13 internal nodes; 1.0 s; peak memory 269 MiB.
2026-10-09T09:51:10Z INFO [185/5000] b267520b-c200-40c5-8a48-120ff8e5ddde: 31 internal nodes; 1.3 s; peak memory 269 MiB.
2026-10-09T09:51:12Z INFO [186/5000] b267e092-1d8e-4ff5-8b16-e3986ad036ba: 18 internal nodes; 1.1 s; peak memory 269 MiB.
2026-10-09T09:51:13Z INFO [187/5000] b26832c8-3083-4e83-b42c-2c351444e51d: 17 internal nodes; 1.2 s; peak memory 269 MiB.
2026-10-09T09:51:16Z INFO [188/5000] b268e21f-13fe-4de6-a69a-dcfd1633f9af: 41 internal nodes; 3.7 s; peak memory 269 MiB.
2026-10-09T09:51:24Z INFO [189/5000] b268f668-ad8b-4964-897e-edcf0f88e350: 173 internal nodes; 7.8 s; peak memory 269 MiB.
2026-10-09T09:51:42Z INFO [190/5000] b2692262-6f59-4f1f-9d3c-7ed360b1f27a: 110 internal nodes; 17.5 s; peak memory 269 MiB.
2026-10-09T09:51:43Z INFO [191/5000] b26996ef-b75b-4de3-bafb-e7ecf86ef831: 90 internal nodes; 1.4 s; peak memory 269 MiB.
2026-10-09T09:51:49Z INFO [192/5000] b269bdfb-b171-47a1-9f04-c9660ed1b0f6: 151 internal nodes; 6.2 s; peak memory 269 MiB.
2026-10-09T09:51:53Z INFO [193/5000] b26a22c5-2d70-4b57-a174-7cb2d23d0636: 46 internal nodes; 3.8 s; peak memory 269 MiB.
2026-10-09T09:51:55Z INFO [194/5000] b26a8c0e-deba-4644-9c0e-87a086fdd785: 22 internal nodes; 1.6 s; peak memory 269 MiB.
2026-10-09T09:51:55Z INFO [195/5000] b26accf5-2e07-4d17-a09e-057352c7244f: 11 internal nodes; 0.8 s; peak memory 269 MiB.
2026-10-09T09:51:57Z INFO [196/5000] b26ae5b8-bfa1-4a87-a289-493451ca796b: 31 internal nodes; 1.7 s; peak memory 269 MiB.
2026-10-09T09:51:59Z INFO [197/5000] b26b7fa5-e3b5-42ac-93ff-bcb49e2e613b: 31 internal nodes; 1.4 s; peak memory 269 MiB.
2026-10-09T09:52:00Z INFO [198/5000] b26c0c44-02db-4719-abe4-59b906732ca9: 22 internal nodes; 1.6 s; peak memory 269 MiB.
2026-10-09T09:52:22Z INFO [199/5000] b26d0785-f0ab-4e33-92d5-585ba99b286c: 186 internal nodes; 21.7 s; peak memory 269 MiB.
2026-10-09T09:52:23Z INFO [200/5000] b26d1b59-6eea-4859-8159-ce8530333ae2: 27 internal nodes; 1.3 s; peak memory 269 MiB.
2026-10-09T09:52:24Z INFO [200/5000] b26d1b59-6eea-4859-8159-ce8530333ae2: checkpointed 132839 new records.
2026-10-09T09:52:25Z INFO [201/5000] b26d33f4-dc6c-4420-9b06-69ef034f0ca8: 39 internal nodes; 1.7 s; peak memory 269 MiB.
2026-10-09T09:52:26Z INFO [202/5000] b26df42a-08b1-4c4a-9fff-d34e7f097a45: 17 internal nodes; 1.1 s; peak memory 269 MiB.
2026-10-09T09:52:28Z INFO [203/5000] b26dffd9-2a9e-485c-9e92-5128ea6adf8c: 17 internal nodes; 1.3 s; peak memory 269 MiB.
2026-10-09T09:54:39Z INFO [204/5000] b26e48c5-b40e-41c8-9a95-53dab79d904c: 93 internal nodes; 131.3 s; peak memory 457 MiB.
2026-10-09T09:54:42Z INFO [205/5000] b26eaa13-784d-483d-bf76-42b863e46695: 59 internal nodes; 2.6 s; peak memory 457 MiB.
2026-10-09T09:54:43Z INFO [206/5000] b26ef686-6d68-40b9-8a7d-107b84da34f3: 17 internal nodes; 1.2 s; peak memory 457 MiB.
2026-10-09T09:54:44Z INFO [207/5000] b26f114c-8870-42ed-bfc8-f4f4b84936ee: 17 internal nodes; 1.2 s; peak memory 457 MiB.
2026-10-09T09:54:46Z INFO [208/5000] b26f1d2a-57d9-449f-85fb-bcf13b555fcc: 90 internal nodes; 1.7 s; peak memory 457 MiB.
2026-10-09T09:54:47Z INFO [209/5000] b26f1dc3-92f4-4076-b974-8f0715a61b6a: 17 internal nodes; 1.4 s; peak memory 457 MiB.
2026-10-09T09:54:49Z INFO [210/5000] b26fa9f1-eb02-4f49-8593-ede5762ac69d: 62 internal nodes; 1.8 s; peak memory 457 MiB.
2026-10-09T09:54:50Z INFO [211/5000] b26fe7bc-c73d-4ebe-9005-fc4ad2e65e3d: 27 internal nodes; 1.0 s; peak memory 457 MiB.
2026-10-09T09:54:57Z INFO [212/5000] b2704b34-3aaf-4912-b1b9-cace97c6ff58: 149 internal nodes; 7.0 s; peak memory 457 MiB.
2026-10-09T09:54:59Z INFO [213/5000] b2706c1d-a572-4e8f-8610-67af91afd191: 58 internal nodes; 1.9 s; peak memory 457 MiB.
2026-10-09T09:55:00Z INFO [214/5000] b2708309-3b0b-44fc-a598-5c2096a43876: 27 internal nodes; 1.4 s; peak memory 457 MiB.
2026-10-09T09:55:01Z INFO [215/5000] b2711553-990f-4f6b-9dd1-d91c9ac913ed: 19 internal nodes; 1.2 s; peak memory 457 MiB.
2026-10-09T09:55:03Z INFO [216/5000] b2719d5a-c631-410f-95f4-1f73b5ec307d: 25 internal nodes; 1.5 s; peak memory 457 MiB.
2026-10-09T09:55:04Z INFO [217/5000] b271f46d-e093-4c8b-8b15-793abbf7d123: 21 internal nodes; 0.8 s; peak memory 457 MiB.
2026-10-09T09:55:05Z INFO [218/5000] b2725cc2-e1cf-4ac4-8467-272c3bb5fadb: 13 internal nodes; 1.4 s; peak memory 457 MiB.
2026-10-09T09:55:06Z INFO [219/5000] b2729f83-f30b-4536-9553-7fd73689bf9d: 116 internal nodes; 1.3 s; peak memory 457 MiB.
2026-10-09T09:55:07Z INFO [220/5000] b272a8f0-4d82-4eee-99d0-a79c54d188ce: 17 internal nodes; 0.8 s; peak memory 457 MiB.
2026-10-09T09:55:08Z INFO [221/5000] b272d378-3947-4082-9bac-bbb411469918: 27 internal nodes; 1.3 s; peak memory 457 MiB.
2026-10-09T09:55:10Z INFO [222/5000] b27311f3-5853-4df7-83c8-378adc10ca96: 27 internal nodes; 1.5 s; peak memory 457 MiB.
2026-10-09T09:55:11Z INFO [223/5000] b2731dfd-6c85-43f9-b96b-559e513e7fa5: 27 internal nodes; 1.3 s; peak memory 457 MiB.
2026-10-09T09:55:12Z INFO [224/5000] b2732c53-308c-4dae-9222-511574c5a920: 17 internal nodes; 1.1 s; peak memory 457 MiB.
2026-10-09T09:55:13Z INFO [225/5000] b273a4f0-fbd4-40ec-bbc5-7471a48d5fdf: 27 internal nodes; 1.2 s; peak memory 457 MiB.
2026-10-09T09:55:16Z INFO [226/5000] b273f6d1-57d4-4cd2-b327-de8a9646e590: 72 internal nodes; 2.5 s; peak memory 457 MiB.
2026-10-09T09:55:18Z INFO [227/5000] b274995a-fb39-4de1-9398-13fb20f8d9a3: 58 internal nodes; 1.7 s; peak memory 457 MiB.
2026-10-09T09:55:19Z INFO [228/5000] b274b128-20e3-4e35-9848-90ef9602666d: 22 internal nodes; 1.5 s; peak memory 457 MiB.
2026-10-09T09:55:24Z INFO [229/5000] b27512b3-81ad-4c24-8741-05b03ed35fd3: 57 internal nodes; 4.9 s; peak memory 457 MiB.
2026-10-09T09:55:25Z INFO [230/5000] b275156e-98aa-4a4f-a269-491151fec624: 17 internal nodes; 1.2 s; peak memory 457 MiB.
2026-10-09T09:55:27Z INFO [231/5000] b2756fc8-624a-4910-9a61-86153859b4a6: 27 internal nodes; 1.5 s; peak memory 457 MiB.
2026-10-09T09:55:28Z INFO [232/5000] b2768999-23d3-40fa-bd07-449ffcabfccc: 28 internal nodes; 1.1 s; peak memory 457 MiB.
2026-10-09T09:55:29Z INFO [233/5000] b2772645-ca70-4227-a8fd-c5aae432bb3d: 11 internal nodes; 0.7 s; peak memory 457 MiB.
2026-10-09T09:55:30Z INFO [234/5000] b277af4c-a02f-4217-9cb3-3c72879f8a38: 27 internal nodes; 1.3 s; peak memory 457 MiB.
2026-10-09T09:55:31Z INFO [235/5000] b27806f0-b546-4d36-ba54-35db20f30dc5: 17 internal nodes; 1.1 s; peak memory 457 MiB.
2026-10-09T09:55:32Z INFO [236/5000] b2785ad5-4ab1-4ff8-933f-c25c30c49a4f: 27 internal nodes; 1.3 s; peak memory 457 MiB.
2026-10-09T09:55:33Z INFO [237/5000] b278b178-70ed-448d-835b-fc797b4aef9f: 17 internal nodes; 1.2 s; peak memory 457 MiB.
2026-10-09T09:55:35Z INFO [238/5000] b278db1a-89b2-4279-b825-1a8271ffd694: 27 internal nodes; 1.4 s; peak memory 457 MiB.
2026-10-09T09:55:38Z INFO [239/5000] b278f268-3f92-4a43-8e32-9b0d8933017d: 44 internal nodes; 2.9 s; peak memory 457 MiB.
2026-10-09T09:55:39Z INFO [240/5000] b27915d1-f9bd-4501-8303-253e3164f00b: 22 internal nodes; 1.6 s; peak memory 457 MiB.
2026-10-09T09:55:41Z INFO [241/5000] b27988d8-5546-4c87-9970-aa86ff2e8957: 27 internal nodes; 1.3 s; peak memory 457 MiB.
2026-10-09T09:55:43Z INFO [242/5000] b279bae0-125f-404f-b87c-83d566e22a42: 27 internal nodes; 2.6 s; peak memory 457 MiB.
2026-10-09T09:55:45Z INFO [243/5000] b27baae7-5b83-47d1-94a9-2a2642b84a42: 116 internal nodes; 1.6 s; peak memory 457 MiB.
2026-10-09T09:55:46Z INFO [244/5000] b27baccb-9942-41b6-8737-d2fbc21778a8: 17 internal nodes; 1.2 s; peak memory 457 MiB.
2026-10-09T09:55:47Z INFO [245/5000] b27d4925-91db-419e-b432-07814c2e73a7: 17 internal nodes; 1.2 s; peak memory 457 MiB.
2026-10-09T09:55:49Z INFO [246/5000] b27d976d-1583-4c62-b029-2347fa111b92: 27 internal nodes; 1.5 s; peak memory 457 MiB.
2026-10-09T09:55:51Z INFO [247/5000] b27f15d1-05b7-451a-ac35-8305afe9100a: 29 internal nodes; 1.8 s; peak memory 457 MiB.
2026-10-09T09:55:52Z INFO [248/5000] b27f2940-9348-4ade-ab7d-35b450a8f8a7: 22 internal nodes; 1.4 s; peak memory 457 MiB.
2026-10-09T09:55:53Z INFO [249/5000] b2801943-9e63-4071-98ec-bd3502528533: 13 internal nodes; 1.3 s; peak memory 457 MiB.
2026-10-09T09:55:55Z INFO [250/5000] b2807f37-3bd4-4303-b4d5-a152b69b80ab: 63 internal nodes; 1.6 s; peak memory 457 MiB.
2026-10-09T09:55:55Z INFO [250/5000] b2807f37-3bd4-4303-b4d5-a152b69b80ab: checkpointed 132889 new records.
2026-10-09T09:55:57Z INFO [251/5000] b280a6c6-1c8b-4712-be64-af4e30a1133f: 24 internal nodes; 1.7 s; peak memory 457 MiB.
2026-10-09T09:56:00Z INFO [252/5000] b280a900-f69d-4f15-a5c5-696daf210911: 44 internal nodes; 2.9 s; peak memory 457 MiB.
2026-10-09T09:56:01Z INFO [253/5000] b2814277-8a13-4791-961b-37f0bed6e7b6: 17 internal nodes; 1.2 s; peak memory 457 MiB.
2026-10-09T09:56:13Z INFO [254/5000] b2817ced-e689-4921-8f95-a54aafc7fc8a: 335 internal nodes; 11.9 s; peak memory 457 MiB.
2026-10-09T09:56:15Z INFO [255/5000] b2824eab-e649-480b-9326-106106cc5568: 29 internal nodes; 1.6 s; peak memory 457 MiB.
2026-10-09T09:56:19Z INFO [256/5000] b283c80a-4f37-4f7b-a267-a35dfc0fda96: 98 internal nodes; 4.5 s; peak memory 457 MiB.
2026-10-09T09:56:20Z INFO [257/5000] b2844e45-ed82-4a6f-a8df-c5bd66cda730: 17 internal nodes; 1.2 s; peak memory 457 MiB.
2026-10-09T09:56:22Z INFO [258/5000] b2846857-529b-4f7a-b156-97a0cc945702: 23 internal nodes; 1.3 s; peak memory 457 MiB.
2026-10-09T09:56:35Z INFO [259/5000] b2848079-0400-447f-bfda-8067971a59b7: 258 internal nodes; 13.6 s; peak memory 457 MiB.
2026-10-09T09:56:36Z INFO [260/5000] b2851903-ace9-4db9-bdca-abb4a2b9cff7: 17 internal nodes; 1.2 s; peak memory 457 MiB.
2026-10-09T09:56:37Z INFO [261/5000] b2851fd1-6cfd-4377-be09-807f68bce68f: 11 internal nodes; 0.8 s; peak memory 457 MiB.
2026-10-09T09:56:39Z INFO [262/5000] b2852daf-fd13-435c-bdfd-de1a217cce5d: 31 internal nodes; 1.8 s; peak memory 457 MiB.
2026-10-09T09:56:53Z INFO [263/5000] b2853570-bd03-4876-9591-fa9fcd34f13d: 74 internal nodes; 13.8 s; peak memory 457 MiB.
2026-10-09T09:56:54Z INFO [264/5000] b2859623-d413-46d1-b7a3-3b0b2ddb7afb: 17 internal nodes; 1.2 s; peak memory 457 MiB.
2026-10-09T09:57:03Z INFO [265/5000] b285d390-e6d2-4db0-af11-99abe5b8d7ac: 170 internal nodes; 9.1 s; peak memory 457 MiB.
2026-10-09T09:57:14Z INFO [266/5000] b285ea04-14ad-4b9a-9f59-ca599341698a: 201 internal nodes; 10.9 s; peak memory 457 MiB.
2026-10-09T09:57:20Z INFO [267/5000] b2862108-0591-46bc-b8bc-9679155f3e23: 73 internal nodes; 5.9 s; peak memory 457 MiB.
2026-10-09T09:57:21Z INFO [268/5000] b2880032-ba61-45ec-b6de-e5b40af6d11b: 56 internal nodes; 1.6 s; peak memory 457 MiB.
2026-10-09T09:57:23Z INFO [269/5000] b2885ca0-d82f-4c10-a338-ee931c3e6fc0: 28 internal nodes; 1.1 s; peak memory 457 MiB.
2026-10-09T09:57:24Z INFO [270/5000] b2894c9a-e242-464e-a272-09f834c9a47d: 19 internal nodes; 1.3 s; peak memory 457 MiB.
2026-10-09T09:57:25Z INFO [271/5000] b2894fac-d626-408d-8ddf-18a3083d3b2f: 17 internal nodes; 1.0 s; peak memory 457 MiB.
2026-10-09T09:57:26Z INFO [272/5000] b289ccb9-b54b-4424-b3f3-a09ae02bdcfe: 17 internal nodes; 1.2 s; peak memory 457 MiB.
2026-10-09T09:57:35Z INFO [273/5000] b289e037-861c-497b-8b2c-22194dd5d14f: 197 internal nodes; 8.5 s; peak memory 457 MiB.
2026-10-09T09:57:35Z INFO [274/5000] b289f57c-dad2-4040-b679-d6b9a6cf171b: 26 internal nodes; 0.8 s; peak memory 457 MiB.
2026-10-09T09:57:36Z INFO [275/5000] b28a0092-df64-4cb2-bcc3-6459592bf32e: 19 internal nodes; 1.0 s; peak memory 457 MiB.
2026-10-09T09:57:38Z INFO [276/5000] b28a55e6-c2cc-4627-8b32-ebd25f540b89: 26 internal nodes; 1.5 s; peak memory 457 MiB.
2026-10-09T09:57:39Z INFO [277/5000] b28aa851-f374-401f-8a4a-b70aea20b0e0: 23 internal nodes; 1.6 s; peak memory 457 MiB.
2026-10-09T09:57:41Z INFO [278/5000] b28ab606-2022-4660-98e8-a0babc9b30c4: 27 internal nodes; 1.4 s; peak memory 457 MiB.
2026-10-09T09:57:42Z INFO [279/5000] b28aeaa4-a19f-4a05-86d7-0d094c59f1ce: 17 internal nodes; 1.1 s; peak memory 457 MiB.
2026-10-09T09:57:45Z INFO [280/5000] b28afec7-8440-418b-8b08-d470ee8c1520: 50 internal nodes; 3.3 s; peak memory 457 MiB.
2026-10-09T09:57:47Z INFO [281/5000] b28bf9ce-e2ce-43c4-bfdf-3a7e47e26f45: 31 internal nodes; 1.6 s; peak memory 457 MiB.
2026-10-09T09:57:53Z INFO [282/5000] b28c2433-4e5d-45bc-9320-4dcfad587929: 73 internal nodes; 6.5 s; peak memory 457 MiB.
2026-10-09T09:57:54Z INFO [283/5000] b28cb236-e258-40c9-b649-16a58fbad582: 11 internal nodes; 0.8 s; peak memory 457 MiB.
2026-10-09T09:57:55Z INFO [284/5000] b28cc12e-ea2e-4705-9a91-e41e8f90a2b9: 17 internal nodes; 1.2 s; peak memory 457 MiB.
2026-10-09T09:57:56Z INFO [285/5000] b28cd228-ce03-4659-98ed-914b46f45ad6: 11 internal nodes; 1.0 s; peak memory 457 MiB.
2026-10-09T09:57:59Z INFO [286/5000] b28cdae8-1c57-45ef-ac1f-6001ecb2a09b: 44 internal nodes; 2.9 s; peak memory 457 MiB.
2026-10-09T09:58:00Z INFO [287/5000] b28ce6c8-89dc-4493-84be-cb3a2ac45d10: 11 internal nodes; 0.9 s; peak memory 457 MiB.
2026-10-09T09:58:02Z INFO [288/5000] b28d1e7a-c0cb-4e85-bdcf-5eefb979b4c4: 30 internal nodes; 2.2 s; peak memory 457 MiB.
2026-10-09T09:58:13Z INFO [289/5000] b28d2790-85f7-4246-b966-e7ad1752a095: 281 internal nodes; 11.1 s; peak memory 457 MiB.
2026-10-09T09:58:15Z INFO [290/5000] b28d36b5-b2f7-4360-8b40-051ca6435d11: 31 internal nodes; 1.6 s; peak memory 457 MiB.
2026-10-09T09:58:16Z INFO [291/5000] b28d8503-f0fa-4231-9a92-28812865701b: 15 internal nodes; 1.2 s; peak memory 457 MiB.
2026-10-09T09:58:19Z INFO [292/5000] b28dee73-2aad-435d-80c5-c1e18b4ca115: 44 internal nodes; 2.9 s; peak memory 457 MiB.
2026-10-09T09:58:20Z INFO [293/5000] b28e2794-c476-4bf5-8314-311ff53e0756: 17 internal nodes; 1.1 s; peak memory 457 MiB.
2026-10-09T09:58:22Z INFO [294/5000] b28e437e-8fda-47e8-a467-05f7e1465581: 25 internal nodes; 1.9 s; peak memory 457 MiB.
2026-10-09T09:58:28Z INFO [295/5000] b28f5479-5351-4fe8-8217-59fe143dbfbb: 73 internal nodes; 5.8 s; peak memory 457 MiB.
2026-10-09T09:58:29Z INFO [296/5000] b2902517-8253-40c0-a7fe-7e984220be0e: 13 internal nodes; 0.8 s; peak memory 457 MiB.
2026-10-09T09:58:37Z INFO [297/5000] b29040aa-b6ff-470d-85dc-bbc1f7d16f85: 61 internal nodes; 8.8 s; peak memory 457 MiB.
2026-10-09T09:58:39Z INFO [298/5000] b29055a4-8928-450c-985e-b2e76f7761dc: 55 internal nodes; 1.6 s; peak memory 457 MiB.
2026-10-09T09:58:40Z INFO [299/5000] b2937ec1-3451-40c3-b9c0-1378d18cd131: 17 internal nodes; 1.1 s; peak memory 457 MiB.
2026-10-09T09:58:41Z INFO [300/5000] b2939ce1-d197-4afd-819d-c0119de94497: 17 internal nodes; 1.0 s; peak memory 457 MiB.
2026-10-09T09:58:42Z INFO [300/5000] b2939ce1-d197-4afd-819d-c0119de94497: checkpointed 132939 new records.
2026-10-09T09:58:43Z INFO [301/5000] b2954865-555a-47a3-ad41-3fd5dbbd29ac: 22 internal nodes; 1.6 s; peak memory 457 MiB.
2026-10-09T09:58:44Z INFO [302/5000] b2967352-5b80-41cd-80aa-4109ae0662fd: 17 internal nodes; 1.1 s; peak memory 457 MiB.
2026-10-09T09:58:46Z INFO [303/5000] b296af9f-b071-40d4-b0c4-85cc140913e3: 60 internal nodes; 1.6 s; peak memory 457 MiB.
2026-10-09T09:58:47Z INFO [304/5000] b296bb23-4bef-4d20-a0d5-8e1f34c1e2e5: 17 internal nodes; 1.1 s; peak memory 457 MiB.
2026-10-09T09:58:49Z INFO [305/5000] b297537d-1c54-49b9-89e8-d646e90bcc7f: 53 internal nodes; 1.7 s; peak memory 457 MiB.
2026-10-09T09:58:50Z INFO [306/5000] b2977e5f-d8f2-4a37-a6e3-c6988ff09cd9: 17 internal nodes; 1.1 s; peak memory 457 MiB.
2026-10-09T09:58:51Z INFO [307/5000] b2982b7d-1957-4efe-b949-36b673bb961f: 17 internal nodes; 1.1 s; peak memory 457 MiB.
2026-10-09T09:58:52Z INFO [308/5000] b29831bf-b8f4-4529-b458-9bb0db6a6924: 22 internal nodes; 0.8 s; peak memory 457 MiB.
2026-10-09T09:58:54Z INFO [309/5000] b2984ae6-cc6b-4d55-bb1d-95314de99000: 37 internal nodes; 2.0 s; peak memory 457 MiB.
2026-10-09T09:58:55Z INFO [310/5000] b298ec27-905b-4193-9744-f14dc0fb9d6d: 30 internal nodes; 1.4 s; peak memory 457 MiB.
2026-10-09T09:58:56Z INFO [311/5000] b2994346-7b72-49c2-8f8f-892333d536d6: 26 internal nodes; 1.4 s; peak memory 457 MiB.
2026-10-09T09:58:59Z INFO [312/5000] b299a7cd-029c-4415-9681-db850bc8ed94: 40 internal nodes; 2.9 s; peak memory 457 MiB.
2026-10-09T09:59:01Z INFO [313/5000] b299a888-bb05-4ab5-b91d-1dfec0163c6e: 25 internal nodes; 1.4 s; peak memory 457 MiB.
2026-10-09T09:59:03Z INFO [314/5000] b299dab2-b1a0-4dd8-b47e-a83e1a6b2a64: 31 internal nodes; 2.0 s; peak memory 457 MiB.
2026-10-09T09:59:04Z INFO [315/5000] b29a1a90-de01-47d4-9b96-fec443f3b30e: 24 internal nodes; 1.5 s; peak memory 457 MiB.
2026-10-09T09:59:16Z INFO [316/5000] b29a50f3-e67f-4bb3-a5c4-713a35d86ec7: 323 internal nodes; 12.0 s; peak memory 457 MiB.
2026-10-09T09:59:24Z INFO [317/5000] b29d72d2-31fd-4592-8e2a-de4815003294: 41 internal nodes; 7.6 s; peak memory 457 MiB.
2026-10-09T09:59:26Z INFO [318/5000] b29e0d52-2092-4cc0-9ec4-23d871bf789b: 24 internal nodes; 1.9 s; peak memory 457 MiB.
2026-10-09T09:59:27Z INFO [319/5000] b29e0fcb-1a1f-46a7-8a11-be21413656fe: 15 internal nodes; 1.1 s; peak memory 457 MiB.
2026-10-09T09:59:28Z INFO [320/5000] b29e1d55-306c-4ab6-8617-acd9a99524ee: 13 internal nodes; 1.2 s; peak memory 457 MiB.
2026-10-09T09:59:29Z INFO [321/5000] b29e98be-4092-46fe-9db3-244812ea5459: 17 internal nodes; 1.1 s; peak memory 457 MiB.
2026-10-09T09:59:30Z INFO [322/5000] b2a17f4a-530b-43ca-ad7c-cc587aeaf5f6: 58 internal nodes; 1.1 s; peak memory 457 MiB.
2026-10-09T09:59:31Z INFO [323/5000] b2a1ac8e-939a-4526-97fa-f364a70ae2a2: 17 internal nodes; 1.1 s; peak memory 457 MiB.
2026-10-09T09:59:32Z INFO [324/5000] b2a1b23d-60d6-49b1-9ebb-9b9bcc62c6f3: 17 internal nodes; 1.1 s; peak memory 457 MiB.
2026-10-09T10:00:02Z INFO [325/5000] b2a32079-51be-4171-973d-59661bb011de: 240 internal nodes; 29.5 s; peak memory 457 MiB.
2026-10-09T10:00:05Z INFO [326/5000] b2a35664-7bd1-49b0-97a6-1367f41c1bd0: 44 internal nodes; 3.1 s; peak memory 457 MiB.
2026-10-09T10:00:07Z INFO [327/5000] b2a3be2f-4f5e-4dde-ab33-a35e47662629: 66 internal nodes; 2.5 s; peak memory 457 MiB.
2026-10-09T10:00:09Z INFO [328/5000] b2a48bdf-8e54-4200-8626-75f7698ba5c5: 27 internal nodes; 1.4 s; peak memory 457 MiB.
2026-10-09T10:00:10Z INFO [329/5000] b2a54f13-649b-4309-a81b-3272d21bf5ce: 28 internal nodes; 1.5 s; peak memory 457 MiB.
2026-10-09T10:00:11Z INFO [330/5000] b2a5541a-ddfe-42b0-859f-768115dc2add: 11 internal nodes; 0.9 s; peak memory 457 MiB.
2026-10-09T10:00:13Z INFO [331/5000] b2a56280-1c4d-4a4e-ba5d-ef3eb02fe59b: 66 internal nodes; 1.9 s; peak memory 457 MiB.
2026-10-09T10:00:14Z INFO [332/5000] b2a56881-0caa-4a27-b4a8-d1bcff2192c7: 18 internal nodes; 1.3 s; peak memory 457 MiB.
2026-10-09T10:00:21Z INFO [333/5000] b2a5e65a-5c9f-4904-9d6f-069f26ff9500: 118 internal nodes; 6.4 s; peak memory 457 MiB.
2026-10-09T10:00:22Z INFO [334/5000] b2a60345-734e-4550-a407-9879d0209efd: 63 internal nodes; 1.7 s; peak memory 457 MiB.
2026-10-09T10:00:24Z INFO [335/5000] b2a72915-5cde-4ce7-b3c6-883e6efda43e: 55 internal nodes; 1.6 s; peak memory 457 MiB.
2026-10-09T10:00:25Z INFO [336/5000] b2a74898-3234-4778-abfa-d66f2ed7f905: 13 internal nodes; 1.2 s; peak memory 457 MiB.
2026-10-09T10:00:32Z INFO [337/5000] b2a7cef0-0583-4dd4-95f1-59f224ce4080: 139 internal nodes; 7.0 s; peak memory 457 MiB.
2026-10-09T10:00:33Z INFO [338/5000] b2a7f593-4cc1-4fbb-b7fa-f5edd2153f46: 11 internal nodes; 0.8 s; peak memory 457 MiB.
2026-10-09T10:00:37Z INFO [339/5000] b2a806f6-1877-4ca2-bf9e-bb933a0f4e88: 47 internal nodes; 4.1 s; peak memory 457 MiB.
2026-10-09T10:00:38Z INFO [340/5000] b2a98913-c7a9-4c7b-acac-ca8e216835cf: 11 internal nodes; 1.2 s; peak memory 457 MiB.
2026-10-09T10:00:41Z INFO [341/5000] b2a9c009-d5e9-4468-9fcf-f05090ab6eb4: 56 internal nodes; 2.7 s; peak memory 457 MiB.
2026-10-09T10:00:50Z INFO [342/5000] b2a9ebd7-efb3-4c7b-aa7c-e3835979c9a2: 361 internal nodes; 9.4 s; peak memory 457 MiB.
2026-10-09T10:00:52Z INFO [343/5000] b2aa5fa3-21cf-493a-965d-c2ec3cb62f61: 53 internal nodes; 1.8 s; peak memory 457 MiB.
2026-10-09T10:00:54Z INFO [344/5000] b2ab9df2-7675-4bfb-97eb-dc105136a4ff: 27 internal nodes; 1.4 s; peak memory 457 MiB.
2026-10-09T10:01:00Z INFO [345/5000] b2accfd1-f964-4b75-b1b6-11797945d695: 73 internal nodes; 6.7 s; peak memory 457 MiB.
2026-10-09T10:01:07Z INFO [346/5000] b2ae35d7-da7e-4ec4-bc8d-f129b3dc73ab: 169 internal nodes; 6.9 s; peak memory 457 MiB.
2026-10-09T10:01:09Z INFO [347/5000] b2aee726-cdb3-42bf-8162-e3ddd8374686: 37 internal nodes; 2.4 s; peak memory 457 MiB.
2026-10-09T10:01:11Z INFO [348/5000] b2af73f5-80ed-4b3b-867e-52a07358efbd: 17 internal nodes; 1.1 s; peak memory 457 MiB.
2026-10-09T10:01:12Z INFO [349/5000] b2afbc42-b1ed-4f3e-81e8-d2831b1daa2d: 13 internal nodes; 1.3 s; peak memory 457 MiB.
2026-10-09T10:01:13Z INFO [350/5000] b2afe1aa-9027-412f-98db-885c8e227d89: 24 internal nodes; 1.5 s; peak memory 457 MiB.
2026-10-09T10:01:14Z INFO [350/5000] b2afe1aa-9027-412f-98db-885c8e227d89: checkpointed 132989 new records.
2026-10-09T10:01:15Z INFO [351/5000] b2b00a00-c9a7-4e9c-922d-c8fa3e7c0c75: 17 internal nodes; 1.2 s; peak memory 457 MiB.
2026-10-09T10:01:16Z INFO [352/5000] b2b19aea-0802-4dc1-8fe2-cde59b062dd6: 26 internal nodes; 1.2 s; peak memory 457 MiB.
2026-10-09T10:01:18Z INFO [353/5000] b2b1e682-7b45-4bb5-938e-f7249777ac97: 29 internal nodes; 1.6 s; peak memory 457 MiB.
2026-10-09T10:01:21Z INFO [354/5000] b2b21f97-279e-477d-aee9-b243d0f76c3f: 44 internal nodes; 3.2 s; peak memory 457 MiB.
2026-10-09T10:01:22Z INFO [355/5000] b2b251dd-e752-408f-a8dd-3e6a3e69ad93: 27 internal nodes; 1.2 s; peak memory 457 MiB.
2026-10-09T10:01:36Z INFO [356/5000] b2b37840-d930-4f61-ad9d-dab8a96c8542: 74 internal nodes; 13.3 s; peak memory 457 MiB.
2026-10-09T10:01:38Z INFO [357/5000] b2b4ddea-cc16-49f9-9c9e-b317a1e6587b: 26 internal nodes; 2.4 s; peak memory 457 MiB.
2026-10-09T10:01:55Z INFO [358/5000] b2b55ae0-0dbc-4494-ae05-61572e57aec6: 255 internal nodes; 16.5 s; peak memory 457 MiB.
2026-10-09T10:01:56Z INFO [359/5000] b2b565d5-8788-4722-ba35-ab762fb0e37a: 61 internal nodes; 1.7 s; peak memory 457 MiB.
2026-10-09T10:02:01Z INFO [360/5000] b2b5994b-000a-4acc-8539-5988e37d7518: 131 internal nodes; 4.6 s; peak memory 457 MiB.
2026-10-09T10:02:03Z INFO [361/5000] b2b5a89c-7a48-4986-9ec7-c89324942e3c: 52 internal nodes; 2.5 s; peak memory 457 MiB.
2026-10-09T10:02:15Z INFO [362/5000] b2b6379e-8a7b-4f97-aec2-e05fb6573afd: 230 internal nodes; 11.7 s; peak memory 457 MiB.
2026-10-09T10:02:16Z INFO [363/5000] b2b7558a-5df4-4df4-96dc-39f757e7910a: 17 internal nodes; 1.2 s; peak memory 457 MiB.
2026-10-09T10:02:26Z INFO [364/5000] b2b78e6c-7dd0-47c4-9497-c4b2717420ca: 1641 internal nodes; 9.3 s; peak memory 457 MiB.
2026-10-09T10:02:29Z INFO [365/5000] b2b7d0c5-3a61-42bc-aaf4-b504fbd6d806: 44 internal nodes; 3.3 s; peak memory 457 MiB.
2026-10-09T10:02:30Z INFO [366/5000] b2b7d990-ba5f-46d3-800f-ee345c418b50: 17 internal nodes; 1.2 s; peak memory 457 MiB.
2026-10-09T10:02:32Z INFO [367/5000] b2b89a81-1e87-41f3-81d3-848f0b670cea: 31 internal nodes; 1.8 s; peak memory 457 MiB.
2026-10-09T10:02:33Z INFO [368/5000] b2b89ad8-61a4-438f-b810-b209fbd202ed: 25 internal nodes; 1.4 s; peak memory 457 MiB.
2026-10-09T10:02:35Z INFO [369/5000] b2ba095f-c39d-4cef-8a58-9462fcc49c79: 22 internal nodes; 1.5 s; peak memory 457 MiB.
2026-10-09T10:02:37Z INFO [370/5000] b2ba4a0e-96b2-411f-9a46-416289521871: 54 internal nodes; 2.2 s; peak memory 457 MiB.
2026-10-09T10:02:39Z INFO [371/5000] b2bb3021-b0e3-4700-a685-263a04b5a366: 31 internal nodes; 1.8 s; peak memory 457 MiB.
2026-10-09T10:02:40Z INFO [372/5000] b2bb4ef0-a713-48db-bbd2-a75614018c2d: 27 internal nodes; 1.2 s; peak memory 457 MiB.
2026-10-09T10:02:49Z INFO [373/5000] b2bb80cb-969e-4556-a97e-6fc75484a4c3: 279 internal nodes; 8.5 s; peak memory 457 MiB.
2026-10-09T10:02:51Z INFO [374/5000] b2bbda83-f514-43be-8055-bf61e40e9698: 66 internal nodes; 2.5 s; peak memory 457 MiB.
2026-10-09T10:02:52Z INFO [375/5000] b2bc0885-3836-48e7-b04e-fdeffe34d756: 17 internal nodes; 1.2 s; peak memory 457 MiB.
2026-10-09T10:02:54Z INFO [376/5000] b2bd0196-6c8f-4e87-9043-e1fbaccd0252: 17 internal nodes; 1.3 s; peak memory 457 MiB.
2026-10-09T10:02:54Z INFO [377/5000] b2bd3095-b877-4d52-9e42-e8093b3ef5c5: 26 internal nodes; 0.8 s; peak memory 457 MiB.
2026-10-09T10:02:56Z INFO [378/5000] b2bd69f8-4c7d-42a4-bff1-c12132c160c1: 13 internal nodes; 1.3 s; peak memory 457 MiB.
2026-10-09T10:02:57Z INFO [379/5000] b2bdf008-fe96-43f7-bbbe-b20b652b45ae: 27 internal nodes; 1.2 s; peak memory 457 MiB.
2026-10-09T10:03:01Z INFO [380/5000] b2be4b54-a678-4ac3-b627-2525c016ae48: 46 internal nodes; 3.7 s; peak memory 457 MiB.
2026-10-09T10:03:11Z INFO [381/5000] b2bf8b45-cc10-4e72-9e1b-7acf92115598: 151 internal nodes; 10.1 s; peak memory 457 MiB.
2026-10-09T10:03:12Z INFO [382/5000] b2c058d5-4298-4513-b343-c56bfbf3b7cf: 116 internal nodes; 1.7 s; peak memory 457 MiB.
2026-10-09T10:03:23Z INFO [383/5000] b2c07f92-886a-4ba8-bfe6-eb7e4c4ed66f: 202 internal nodes; 10.1 s; peak memory 457 MiB.
2026-10-09T10:03:26Z INFO [384/5000] b2c0d9f0-7e49-483f-a448-73cc613f5486: 40 internal nodes; 3.0 s; peak memory 457 MiB.
2026-10-09T10:03:27Z INFO [385/5000] b2c12f5a-817b-4fa9-9d96-2989880e6039: 39 internal nodes; 1.6 s; peak memory 457 MiB.
2026-10-09T10:03:29Z INFO [386/5000] b2c1c58d-f1c4-4cdc-83b6-5990c1c3a7da: 114 internal nodes; 1.3 s; peak memory 457 MiB.
2026-10-09T10:03:30Z INFO [387/5000] b2c1df4d-fd29-4604-aa3b-628dc0231275: 17 internal nodes; 1.2 s; peak memory 457 MiB.
2026-10-09T10:03:42Z INFO [388/5000] b2c2032b-1968-434a-bc10-eb4d95796048: 63 internal nodes; 11.9 s; peak memory 457 MiB.
2026-10-09T10:03:43Z INFO [389/5000] b2c20d90-cf8b-42bf-a69a-2bd2821abc20: 27 internal nodes; 1.3 s; peak memory 457 MiB.
2026-10-09T10:03:46Z INFO [390/5000] b2c21ec4-bc07-494f-a05f-4625e86160ec: 44 internal nodes; 3.0 s; peak memory 457 MiB.
2026-10-09T10:03:47Z INFO [391/5000] b2c236ed-1ec6-496d-9ca3-8faff661ecd4: 13 internal nodes; 0.9 s; peak memory 457 MiB.
2026-10-09T10:03:50Z INFO [392/5000] b2c3e1ec-a163-4137-ac17-8772cd433889: 40 internal nodes; 2.9 s; peak memory 457 MiB.
2026-10-09T10:03:51Z INFO [393/5000] b2c483bb-10c2-4244-a68d-8bd64af06aba: 19 internal nodes; 1.0 s; peak memory 457 MiB.
2026-10-09T10:03:52Z INFO [394/5000] b2c4f76c-cc20-444c-ae9d-e8af5899225b: 11 internal nodes; 1.1 s; peak memory 457 MiB.
2026-10-09T10:03:53Z INFO [395/5000] b2c520ff-bdd7-4a9b-b20c-4564381478e0: 29 internal nodes; 1.7 s; peak memory 457 MiB.
2026-10-09T10:04:02Z INFO [396/5000] b2c64510-e43c-415d-98e7-bfbc1973b436: 61 internal nodes; 8.6 s; peak memory 457 MiB.
2026-10-09T10:04:03Z INFO [397/5000] b2c73e05-3448-477b-8082-70449a170634: 17 internal nodes; 1.3 s; peak memory 457 MiB.
2026-10-09T10:04:09Z INFO [398/5000] b2c88aa3-ef9e-4e0d-89db-59befc414f76: 73 internal nodes; 5.6 s; peak memory 457 MiB.
2026-10-09T10:04:10Z INFO [399/5000] b2c8cc17-18ed-461d-adf5-e218e9b74c27: 13 internal nodes; 1.1 s; peak memory 457 MiB.
2026-10-09T10:04:12Z INFO [400/5000] b2c9c67f-a339-4b88-912a-ee2ed803ed82: 61 internal nodes; 1.7 s; peak memory 457 MiB.
2026-10-09T10:04:12Z INFO [400/5000] b2c9c67f-a339-4b88-912a-ee2ed803ed82: checkpointed 133039 new records.
2026-10-09T10:04:13Z INFO [401/5000] b2ca057b-cc9e-4d31-bd47-19203dd3d90d: 18 internal nodes; 1.1 s; peak memory 457 MiB.
2026-10-09T10:04:15Z INFO [402/5000] b2ca0b13-3978-4084-b9b0-ce8a3311e9ed: 27 internal nodes; 1.2 s; peak memory 457 MiB.
2026-10-09T10:04:18Z INFO [403/5000] b2ca15bb-6452-40a0-9a10-07dc2e873459: 45 internal nodes; 3.0 s; peak memory 457 MiB.
2026-10-09T10:04:21Z INFO [404/5000] b2ca2303-b238-43ed-9355-ad51f10a84f8: 53 internal nodes; 3.1 s; peak memory 457 MiB.
2026-10-09T10:04:22Z INFO [405/5000] b2cabba8-47c1-4567-a7be-cba57c08b05c: 27 internal nodes; 1.3 s; peak memory 457 MiB.
2026-10-09T10:04:25Z INFO [406/5000] b2cc2457-3283-49fd-a24f-cb3074834ad8: 27 internal nodes; 2.6 s; peak memory 457 MiB.
2026-10-09T10:04:28Z INFO [407/5000] b2cc4d91-2254-413d-bcb7-a9baa7b0fcf6: 46 internal nodes; 3.8 s; peak memory 457 MiB.
2026-10-09T10:04:29Z INFO [408/5000] b2cc70be-ac3c-489d-a374-332a3862a16e: 19 internal nodes; 1.0 s; peak memory 457 MiB.
2026-10-09T10:04:31Z INFO [409/5000] b2ccf716-c00c-4abc-852f-30ff428cfee8: 31 internal nodes; 1.6 s; peak memory 457 MiB.
2026-10-09T10:04:32Z INFO [410/5000] b2cedad5-cc57-42d0-bcff-bbd66843bccb: 27 internal nodes; 1.5 s; peak memory 457 MiB.
2026-10-09T10:04:36Z INFO [411/5000] b2cfc26e-8206-4dd8-b4ec-575b56f6a584: 48 internal nodes; 3.6 s; peak memory 457 MiB.
2026-10-09T10:04:48Z INFO [412/5000] b2cfd9d4-fd96-44fc-8a7b-0219d6363921: 232 internal nodes; 11.5 s; peak memory 457 MiB.
2026-10-09T10:04:49Z INFO [413/5000] b2d118fb-9744-413f-b41e-179a4774bda8: 58 internal nodes; 1.3 s; peak memory 457 MiB.
2026-10-09T10:04:50Z INFO [414/5000] b2d35b0f-9ac6-4aa1-94ba-3a0fe919f393: 21 internal nodes; 1.2 s; peak memory 457 MiB.
2026-10-09T10:04:52Z INFO [415/5000] b2d41d8e-370e-4395-a52f-1fefdbfb5db6: 26 internal nodes; 1.6 s; peak memory 457 MiB.
2026-10-09T10:04:53Z INFO [416/5000] b2d45c37-8062-44a3-a71d-a5e4ebe298d4: 115 internal nodes; 1.2 s; peak memory 457 MiB.
2026-10-09T10:04:54Z INFO [417/5000] b2d4ad66-3f30-46db-92c4-1eeabea1e63e: 27 internal nodes; 1.4 s; peak memory 457 MiB.
2026-10-09T10:04:56Z INFO [418/5000] b2d4e566-f159-43d7-ae72-36be38103f7b: 17 internal nodes; 1.3 s; peak memory 457 MiB.
2026-10-09T10:04:57Z INFO [419/5000] b2d57705-b1ce-4720-8272-34a5017ea8b3: 17 internal nodes; 1.2 s; peak memory 457 MiB.
2026-10-09T10:04:58Z INFO [420/5000] b2d66669-5a6c-4d71-8c4a-a21f58d1fa68: 17 internal nodes; 1.2 s; peak memory 457 MiB.
2026-10-09T10:05:00Z INFO [421/5000] b2d66d02-bfff-4deb-ac12-94f662fd5a89: 63 internal nodes; 1.6 s; peak memory 457 MiB.
2026-10-09T10:05:01Z INFO [422/5000] b2d8584b-5f7b-4a63-8bec-038ba59f2671: 19 internal nodes; 1.3 s; peak memory 457 MiB.
2026-10-09T10:05:02Z INFO [423/5000] b2d96c20-6e92-4b78-b975-22740a0eab23: 27 internal nodes; 1.3 s; peak memory 457 MiB.
2026-10-09T10:05:03Z INFO [424/5000] b2dae969-4457-4b50-a25b-be784a472cff: 11 internal nodes; 1.2 s; peak memory 457 MiB.
2026-10-09T10:05:05Z INFO [425/5000] b2db5584-7b5d-4b3f-a7d7-0870bd3aeb0c: 31 internal nodes; 1.8 s; peak memory 457 MiB.
2026-10-09T10:05:18Z INFO [426/5000] b2dc6354-d723-4a76-8358-ffb1bd013ba5: 134 internal nodes; 12.4 s; peak memory 457 MiB.
2026-10-09T10:05:19Z INFO [427/5000] b2dcb59c-afd6-409a-8c7d-3b4243f714b0: 17 internal nodes; 1.3 s; peak memory 457 MiB.
2026-10-09T10:05:21Z INFO [428/5000] b2ddb782-40b5-432b-9d4b-72e1ae8db775: 32 internal nodes; 2.1 s; peak memory 457 MiB.
2026-10-09T10:05:22Z INFO [429/5000] b2ddbba1-41f1-4aaf-8442-72b8c842f44a: 17 internal nodes; 1.2 s; peak memory 457 MiB.
2026-10-09T10:05:24Z INFO [430/5000] b2ddd9fa-ad82-4ebf-accd-080d7e4cc70a: 23 internal nodes; 1.7 s; peak memory 457 MiB.
2026-10-09T10:05:25Z INFO [431/5000] b2ddf032-ab4b-4fc1-b7a1-ad482331ec73: 13 internal nodes; 1.0 s; peak memory 457 MiB.
2026-10-09T10:05:26Z INFO [432/5000] b2ddf751-1e51-4588-aa0f-f486a020b6c9: 16 internal nodes; 1.5 s; peak memory 457 MiB.
2026-10-09T10:05:28Z INFO [433/5000] b2de1aae-4821-4235-b9f4-a7d7ad16d0fc: 25 internal nodes; 1.6 s; peak memory 457 MiB.
2026-10-09T10:05:29Z INFO [434/5000] b2de233d-a7a5-4be1-b7f2-36286514b537: 25 internal nodes; 1.4 s; peak memory 457 MiB.
2026-10-09T10:05:31Z INFO [435/5000] b2de6219-b5ee-4988-83ba-d0ed53e28195: 27 internal nodes; 1.3 s; peak memory 457 MiB.
2026-10-09T10:05:32Z INFO [436/5000] b2df5d44-d32d-4cfe-81ff-a2974bc96c3e: 17 internal nodes; 1.2 s; peak memory 457 MiB.
2026-10-09T10:05:33Z INFO [437/5000] b2e0941a-b8f8-4d79-bce3-8473a2ecd45b: 27 internal nodes; 0.9 s; peak memory 457 MiB.
2026-10-09T10:05:39Z INFO [438/5000] b2e0ea2a-0a4f-4791-9559-38ce7368283d: 67 internal nodes; 6.4 s; peak memory 457 MiB.
2026-10-09T10:05:41Z INFO [439/5000] b2e1240a-3ac4-4b3b-bb98-7bad83b83eda: 27 internal nodes; 1.4 s; peak memory 457 MiB.
2026-10-09T10:05:44Z INFO [440/5000] b2e248d8-5424-4187-9f0d-9769b89c57cb: 46 internal nodes; 3.4 s; peak memory 457 MiB.
2026-10-09T10:05:45Z INFO [441/5000] b2e26666-44f9-42db-ad7a-c624e74b5f5a: 22 internal nodes; 1.4 s; peak memory 457 MiB.
2026-10-09T10:05:47Z INFO [442/5000] b2e26edb-856a-41b7-8563-e03bbdf0d22b: 31 internal nodes; 1.7 s; peak memory 457 MiB.
2026-10-09T10:05:49Z INFO [443/5000] b2e2e5f1-5b80-4cab-8ecf-5d2af594b4d4: 55 internal nodes; 1.7 s; peak memory 457 MiB.
2026-10-09T10:05:50Z INFO [444/5000] b2e39349-0494-4ca7-a54d-2e8e8c008f86: 13 internal nodes; 1.3 s; peak memory 457 MiB.
2026-10-09T10:05:51Z INFO [445/5000] b2e4d6f5-440d-4b3a-bf5c-3ba439c4d859: 13 internal nodes; 0.8 s; peak memory 457 MiB.
2026-10-09T10:05:52Z INFO [446/5000] b2e4e943-909b-4884-b7b4-60f402d4147d: 11 internal nodes; 0.8 s; peak memory 457 MiB.
2026-10-09T10:05:53Z INFO [447/5000] b2e5edbf-a024-41fd-981a-1c6596ec74fc: 13 internal nodes; 1.3 s; peak memory 457 MiB.
2026-10-09T10:05:54Z INFO [448/5000] b2e6681f-b708-46cb-945b-a9a172ad9f33: 18 internal nodes; 1.3 s; peak memory 457 MiB.
2026-10-09T10:05:56Z INFO [449/5000] b2e6e417-d0fc-427c-9c33-f839a032ff63: 27 internal nodes; 1.3 s; peak memory 457 MiB.
2026-10-09T10:05:59Z INFO [450/5000] b2e714b9-2a71-43cd-88f7-dfef3b647597: 44 internal nodes; 3.0 s; peak memory 457 MiB.
2026-10-09T10:05:59Z INFO [450/5000] b2e714b9-2a71-43cd-88f7-dfef3b647597: checkpointed 133089 new records.
2026-10-09T10:06:01Z INFO [451/5000] b2e894ed-be86-4d77-8655-3b915c20ad09: 17 internal nodes; 1.5 s; peak memory 457 MiB.
2026-10-09T10:06:01Z INFO [452/5000] b2e96e76-1690-4f63-81b9-44860ae95ca0: 17 internal nodes; 0.8 s; peak memory 457 MiB.
2026-10-09T10:06:02Z INFO [453/5000] b2e9c982-311b-43ee-9763-69274c66e6f6: 13 internal nodes; 0.9 s; peak memory 457 MiB.
2026-10-09T10:06:04Z INFO [454/5000] b2ea8a6e-4275-4f4d-8976-407ff24d6744: 17 internal nodes; 1.2 s; peak memory 457 MiB.
2026-10-09T10:06:06Z INFO [455/5000] b2ea970c-a7bb-49be-a437-d2221581fe5a: 67 internal nodes; 2.0 s; peak memory 457 MiB.
2026-10-09T10:06:09Z INFO [456/5000] b2eb15d7-25a4-4333-9ae2-6db46bd44d27: 55 internal nodes; 3.2 s; peak memory 457 MiB.
2026-10-09T10:06:10Z INFO [457/5000] b2eb24b1-445f-4022-a76f-62b6e1094bf2: 16 internal nodes; 1.4 s; peak memory 457 MiB.
2026-10-09T10:06:27Z INFO [458/5000] b2eb3ad3-1187-4ef7-89b6-c40358adee39: 326 internal nodes; 17.3 s; peak memory 457 MiB.
2026-10-09T10:06:30Z INFO [459/5000] b2ebeaa6-58af-4d14-ba92-3227a29eafdf: 30 internal nodes; 2.5 s; peak memory 457 MiB.
2026-10-09T10:06:31Z INFO [460/5000] b2ec56fd-2ae2-4109-8113-129f0c87946c: 17 internal nodes; 1.2 s; peak memory 457 MiB.
2026-10-09T10:06:33Z INFO [461/5000] b2ecb986-7c83-4010-ad35-43e5a4a7aa1c: 27 internal nodes; 1.4 s; peak memory 457 MiB.
2026-10-09T10:06:34Z INFO [462/5000] b2ecf940-74d2-47ad-83f5-4d78a99093b7: 37 internal nodes; 2.0 s; peak memory 457 MiB.
2026-10-09T10:06:36Z INFO [463/5000] b2ed31eb-e77b-4f3b-8abe-ec679e09579d: 17 internal nodes; 1.0 s; peak memory 457 MiB.
2026-10-09T10:06:37Z INFO [464/5000] b2ed9c26-9ae9-4cdb-b6c4-2c7f1d8f0d5e: 17 internal nodes; 1.3 s; peak memory 457 MiB.
2026-10-09T10:06:39Z INFO [465/5000] b2ee8e20-eec6-4674-8abf-07bc4204329e: 27 internal nodes; 2.4 s; peak memory 457 MiB.
2026-10-09T10:06:40Z INFO [466/5000] b2f00bf9-d614-4ea0-b3bf-87c88e3823b8: 17 internal nodes; 1.1 s; peak memory 457 MiB.
2026-10-09T10:06:42Z INFO [467/5000] b2f05ff6-ffe7-4863-994b-73fed860fa70: 119 internal nodes; 1.5 s; peak memory 457 MiB.
2026-10-09T10:06:44Z INFO [468/5000] b2f06942-c4c7-4c53-bc19-1f489c8a1dd9: 27 internal nodes; 2.2 s; peak memory 457 MiB.
2026-10-09T10:06:46Z INFO [469/5000] b2f07025-c462-41dc-a9a8-0301b6945c45: 31 internal nodes; 1.6 s; peak memory 457 MiB.
2026-10-09T10:06:54Z INFO [470/5000] b2f1493f-d377-4280-8759-b21e494e7fe3: 177 internal nodes; 7.9 s; peak memory 457 MiB.
2026-10-09T10:06:55Z INFO [471/5000] b2f1a9f8-1149-4db4-b3d9-0b5cbcd0d64c: 17 internal nodes; 1.3 s; peak memory 457 MiB.
2026-10-09T10:07:02Z INFO [472/5000] b2f1d1fd-f982-4bf7-bd7c-95b3525c32a7: 177 internal nodes; 7.6 s; peak memory 457 MiB.
2026-10-09T10:07:04Z INFO [473/5000] b2f26dcd-2cea-41fa-aad4-4e65ce433381: 115 internal nodes; 1.5 s; peak memory 457 MiB.
2026-10-09T10:07:05Z INFO [474/5000] b2f30a9e-c54d-4c07-b545-281c5f6e49e1: 17 internal nodes; 0.9 s; peak memory 457 MiB.
2026-10-09T10:07:06Z INFO [475/5000] b2f334e1-fd91-4b61-a8cd-30d2f269e69e: 27 internal nodes; 1.3 s; peak memory 457 MiB.
2026-10-09T10:07:08Z INFO [476/5000] b2f3fde4-3caf-4b2c-8c82-cc32bf5c4386: 31 internal nodes; 1.7 s; peak memory 457 MiB.
2026-10-09T10:07:09Z INFO [477/5000] b2f509e2-f3cf-48eb-9d1f-a0ad7717656e: 22 internal nodes; 1.4 s; peak memory 457 MiB.
2026-10-09T10:07:11Z INFO [478/5000] b2f56b33-0062-4fed-8362-3998348a520f: 86 internal nodes; 1.6 s; peak memory 457 MiB.
2026-10-09T10:07:12Z INFO [479/5000] b2f5c229-d8f8-4f31-bc09-911ba9c9dd98: 91 internal nodes; 1.7 s; peak memory 457 MiB.
2026-10-09T10:07:14Z INFO [480/5000] b2f6705f-48f9-4d03-b06a-0b8933e11fc9: 115 internal nodes; 1.4 s; peak memory 457 MiB.
2026-10-09T10:07:15Z INFO [481/5000] b2f68a45-7ec0-4766-8068-e3f04797e583: 29 internal nodes; 1.5 s; peak memory 457 MiB.
2026-10-09T10:07:17Z INFO [482/5000] b2f6e03b-6016-48ba-86f8-4387e243e47e: 19 internal nodes; 1.2 s; peak memory 457 MiB.
2026-10-09T10:07:30Z INFO [483/5000] b2f78850-74eb-4756-ae72-bc1a78d56f0d: 217 internal nodes; 13.3 s; peak memory 457 MiB.
2026-10-09T10:07:31Z INFO [484/5000] b2f822de-78a6-4045-8d7d-ec0831fae640: 17 internal nodes; 1.1 s; peak memory 457 MiB.
2026-10-09T10:07:32Z INFO [485/5000] b2f84825-c29f-4377-9503-f5306b092bda: 27 internal nodes; 1.3 s; peak memory 457 MiB.
2026-10-09T10:07:34Z INFO [486/5000] b2f8b967-c0ea-4f1c-b039-2ac051ec4663: 19 internal nodes; 1.9 s; peak memory 457 MiB.
2026-10-09T10:07:36Z INFO [487/5000] b2f8ba6e-7b3c-4aed-bfbd-cad4ac762c23: 27 internal nodes; 1.4 s; peak memory 457 MiB.
2026-10-09T10:07:37Z INFO [488/5000] b2f90b6f-4a67-4772-a3e6-f3e017d02a66: 17 internal nodes; 1.1 s; peak memory 457 MiB.
2026-10-09T10:07:38Z INFO [489/5000] b2fa0efe-b144-4961-b96e-b6ced46ef767: 17 internal nodes; 1.1 s; peak memory 457 MiB.
2026-10-09T10:07:39Z INFO [490/5000] b2fd8d24-cef5-4d14-9185-50d266f69d71: 27 internal nodes; 1.3 s; peak memory 457 MiB.
2026-10-09T10:07:41Z INFO [491/5000] b2fd9e33-af37-49e4-8bad-8cfa5d75ef99: 34 internal nodes; 2.3 s; peak memory 457 MiB.
2026-10-09T10:07:44Z INFO [492/5000] b2fdcac2-da8e-40b1-9a9c-074c6c14d100: 41 internal nodes; 2.9 s; peak memory 457 MiB.
2026-10-09T10:07:45Z INFO [493/5000] b2fdd884-2abb-4e16-92f8-f863ee4ebb99: 17 internal nodes; 1.1 s; peak memory 457 MiB.
2026-10-09T10:07:47Z INFO [494/5000] b2fe7cbf-c136-4cbb-a354-14efb3f1a5fa: 27 internal nodes; 1.4 s; peak memory 457 MiB.
2026-10-09T10:07:51Z INFO [495/5000] b2ffd315-e47d-45da-90cc-9fd9524d793d: 36 internal nodes; 4.0 s; peak memory 457 MiB.
2026-10-09T10:07:53Z INFO [496/5000] b300ad61-9cb4-46bf-adaf-08dbebc60750: 29 internal nodes; 2.0 s; peak memory 457 MiB.
2026-10-09T10:07:54Z INFO [497/5000] b300afea-4244-4a1f-9b92-fa50576d181a: 22 internal nodes; 0.8 s; peak memory 457 MiB.
2026-10-09T10:07:56Z INFO [498/5000] b30233e5-1ca3-4e19-b29b-aac035fc4b3d: 69 internal nodes; 2.2 s; peak memory 457 MiB.
2026-10-09T10:08:03Z INFO [499/5000] b3030778-92f7-4168-accd-1a254bd0eb5d: 177 internal nodes; 7.7 s; peak memory 457 MiB.
2026-10-09T10:08:05Z INFO [500/5000] b30310e2-c12f-478f-971f-c344db45de0b: 31 internal nodes; 1.5 s; peak memory 457 MiB.
2026-10-09T10:08:06Z INFO [500/5000] b30310e2-c12f-478f-971f-c344db45de0b: checkpointed 133139 new records.
2026-10-09T10:08:07Z INFO [501/5000] b3033ddc-2639-40bd-9e15-1be2a55f787e: 29 internal nodes; 1.4 s; peak memory 457 MiB.
2026-10-09T10:08:08Z INFO [502/5000] b303489f-0b57-4bbc-bbdf-4cab36f71d1c: 17 internal nodes; 1.2 s; peak memory 457 MiB.
2026-10-09T10:08:10Z INFO [503/5000] b303749e-1dcf-4428-a3ea-59e86ce702d7: 31 internal nodes; 1.7 s; peak memory 457 MiB.
2026-10-09T10:08:11Z INFO [504/5000] b3041470-850f-4afe-8f80-fc104e8cc335: 17 internal nodes; 1.5 s; peak memory 457 MiB.
2026-10-09T10:08:21Z INFO [505/5000] b3043278-0165-4ce0-ab7a-15a2c591fc5e: 182 internal nodes; 9.9 s; peak memory 457 MiB.
2026-10-09T10:08:23Z INFO [506/5000] b30451a9-9e1c-4bcf-97ab-6e5f89fbdb5d: 27 internal nodes; 1.5 s; peak memory 457 MiB.
2026-10-09T10:08:29Z INFO [507/5000] b30462d6-512f-4fee-8f96-ec3f83151231: 161 internal nodes; 6.8 s; peak memory 457 MiB.
2026-10-09T10:08:31Z INFO [508/5000] b304e58d-aec9-4572-a35d-4c83c0795688: 27 internal nodes; 1.4 s; peak memory 457 MiB.
2026-10-09T10:08:32Z INFO [509/5000] b3051d19-c45f-4af1-a7ed-d708b45f10d2: 18 internal nodes; 1.3 s; peak memory 457 MiB.
2026-10-09T10:08:34Z INFO [510/5000] b305a1fb-11ce-4ce7-95c3-0c2d61cbe749: 27 internal nodes; 1.4 s; peak memory 457 MiB.
2026-10-09T10:08:35Z INFO [511/5000] b3061361-3445-4ff5-a3be-96e8f1326b4a: 17 internal nodes; 1.2 s; peak memory 457 MiB.
2026-10-09T10:08:36Z INFO [512/5000] b30616fd-336a-46e2-94f4-bd32381ae480: 20 internal nodes; 1.1 s; peak memory 457 MiB.
2026-10-09T10:08:38Z INFO [513/5000] b30660b3-f221-4ffd-bab8-337abba553ac: 30 internal nodes; 1.7 s; peak memory 457 MiB.
2026-10-09T10:08:39Z INFO [514/5000] b306a421-95ab-4a8a-9feb-560d9a7b02dd: 17 internal nodes; 1.1 s; peak memory 457 MiB.
2026-10-09T10:08:41Z INFO [515/5000] b3075770-05b7-4ac4-ab52-6fa33d827129: 27 internal nodes; 1.9 s; peak memory 457 MiB.
2026-10-09T10:08:42Z INFO [516/5000] b3082715-7dbc-40e9-bfc8-f5f62429ff21: 27 internal nodes; 1.5 s; peak memory 457 MiB.
2026-10-09T10:08:50Z INFO [517/5000] b3085116-3366-488a-b936-57605b518121: 172 internal nodes; 7.9 s; peak memory 457 MiB.
2026-10-09T10:08:54Z INFO [518/5000] b3085328-f74b-43e9-84d3-03b5d4be850e: 47 internal nodes; 3.8 s; peak memory 457 MiB.
2026-10-09T10:09:02Z INFO [519/5000] b3087735-d1e9-4137-8c1f-47ab6367c2f6: 65 internal nodes; 8.3 s; peak memory 457 MiB.
2026-10-09T10:09:04Z INFO [520/5000] b30a1132-a8b4-4a3f-bfab-390ea4b2bc6a: 60 internal nodes; 1.9 s; peak memory 457 MiB.
2026-10-09T10:09:26Z INFO [521/5000] b30c4e7b-efc0-4e04-adff-432ccc76a32c: 135 internal nodes; 21.9 s; peak memory 457 MiB.
2026-10-09T10:09:28Z INFO [522/5000] b30d655e-8c68-43c4-9492-e5ed6355adbf: 31 internal nodes; 1.7 s; peak memory 457 MiB.
2026-10-09T10:09:31Z INFO [523/5000] b30dbe4d-59d8-46ab-a645-fb2f54e995f5: 46 internal nodes; 3.6 s; peak memory 457 MiB.
2026-10-09T10:09:37Z INFO [524/5000] b30f93f3-6a6d-4d30-8374-cc9c33faa6a4: 68 internal nodes; 6.1 s; peak memory 457 MiB.
2026-10-09T10:09:42Z INFO [525/5000] b3107837-4808-4b05-ac0d-d1c736db0205: 54 internal nodes; 4.7 s; peak memory 457 MiB.
2026-10-09T10:09:43Z INFO [526/5000] b310cece-68c9-431b-abb2-ccde537b8406: 27 internal nodes; 1.3 s; peak memory 457 MiB.
2026-10-09T10:09:45Z INFO [527/5000] b3115d80-4fbd-4c68-b619-cf477024fd12: 27 internal nodes; 1.3 s; peak memory 457 MiB.
2026-10-09T10:09:59Z INFO [528/5000] b3120a66-119f-418a-8e44-550975b670b3: 238 internal nodes; 14.4 s; peak memory 457 MiB.
2026-10-09T10:10:08Z INFO [529/5000] b3130172-ca8c-4c2c-8364-4befb88cbc33: 235 internal nodes; 8.9 s; peak memory 457 MiB.
2026-10-09T10:10:09Z INFO [530/5000] b31311e1-4e14-42a2-abd5-bdbc3741aa29: 27 internal nodes; 1.6 s; peak memory 457 MiB.
2026-10-09T10:10:11Z INFO [531/5000] b31377e0-5e36-4b53-a2ff-2c5b4b8174ad: 17 internal nodes; 1.2 s; peak memory 457 MiB.
2026-10-09T10:10:11Z INFO [532/5000] b3142af8-d3d5-4720-bbb3-6f06b3b1d8fc: 11 internal nodes; 0.7 s; peak memory 457 MiB.
2026-10-09T10:10:12Z INFO [533/5000] b3150733-f6cc-4ace-aa07-f42b81308da7: 17 internal nodes; 1.1 s; peak memory 457 MiB.
2026-10-09T10:10:26Z INFO [534/5000] b31580a5-51a3-4216-9c9d-47cb93d53eed: 319 internal nodes; 13.7 s; peak memory 457 MiB.
2026-10-09T10:10:28Z INFO [535/5000] b3162c2c-4bef-438f-a65b-93ba95a7c99e: 31 internal nodes; 1.8 s; peak memory 457 MiB.
2026-10-09T10:10:29Z INFO [536/5000] b3165e23-dd27-4e9f-9451-a0a5358edd46: 17 internal nodes; 1.2 s; peak memory 457 MiB.
2026-10-09T10:10:30Z INFO [537/5000] b316e251-92a7-4ae9-b5e2-8c3ae705b85e: 17 internal nodes; 0.8 s; peak memory 457 MiB.
2026-10-09T10:10:31Z INFO [538/5000] b3174602-9d1e-440c-8c86-cf73cdecefd4: 27 internal nodes; 1.3 s; peak memory 457 MiB.
2026-10-09T10:10:34Z INFO [539/5000] b3179d8b-b9b0-4a0a-bda5-29180d2bb026: 60 internal nodes; 2.9 s; peak memory 457 MiB.
2026-10-09T10:10:36Z INFO [540/5000] b317b60b-13ef-42a3-b687-074e8b57e3ff: 31 internal nodes; 1.5 s; peak memory 457 MiB.
2026-10-09T10:10:37Z INFO [541/5000] b318a6ec-d0a9-42ae-b495-a0e6da186585: 13 internal nodes; 0.8 s; peak memory 457 MiB.
2026-10-09T10:10:38Z INFO [542/5000] b31a37d6-ba45-4380-9b63-c8405a540f12: 13 internal nodes; 1.1 s; peak memory 457 MiB.
2026-10-09T10:10:39Z INFO [543/5000] b31a8208-f5dd-435e-8945-b3fc8bb02eb6: 28 internal nodes; 1.0 s; peak memory 457 MiB.
2026-10-09T10:10:40Z INFO [544/5000] b31aab72-bcec-4551-9927-80085d735ad8: 26 internal nodes; 1.6 s; peak memory 457 MiB.
2026-10-09T10:10:42Z INFO [545/5000] b31accfd-b508-443d-b389-84e115a54dfb: 22 internal nodes; 1.8 s; peak memory 457 MiB.
2026-10-09T10:10:46Z INFO [546/5000] b31b7738-c616-4a77-bb35-7b6613e30fe1: 40 internal nodes; 3.5 s; peak memory 457 MiB.
2026-10-09T10:10:47Z INFO [547/5000] b31bb966-b1c6-4a4a-b802-b52fee85a558: 31 internal nodes; 1.7 s; peak memory 457 MiB.
2026-10-09T10:10:49Z INFO [548/5000] b31c3114-d642-465c-9fa0-74c52664897a: 18 internal nodes; 1.2 s; peak memory 457 MiB.
2026-10-09T10:10:50Z INFO [549/5000] b31c393a-5756-4165-be93-e6a36b9fd51d: 17 internal nodes; 1.2 s; peak memory 457 MiB.
2026-10-09T10:10:51Z INFO [550/5000] b31cf833-31d2-419e-b945-3e73ad283d33: 90 internal nodes; 1.3 s; peak memory 457 MiB.
2026-10-09T10:10:52Z INFO [550/5000] b31cf833-31d2-419e-b945-3e73ad283d33: checkpointed 133189 new records.
2026-10-09T10:10:53Z INFO [551/5000] b31d35f8-4346-44a7-acc2-8cf2df48772c: 120 internal nodes; 1.9 s; peak memory 457 MiB.
2026-10-09T10:10:55Z INFO [552/5000] b31d90f9-4ac3-48b7-b9c5-0e81d8764e7e: 17 internal nodes; 1.2 s; peak memory 457 MiB.
2026-10-09T10:10:56Z INFO [553/5000] b31f6ffa-8b7e-4d00-9f5c-aed596c4eadd: 27 internal nodes; 1.5 s; peak memory 457 MiB.
2026-10-09T10:10:57Z INFO [554/5000] b31f80a8-59ca-4f8f-9e9c-eb2f94f1939f: 27 internal nodes; 1.4 s; peak memory 457 MiB.
2026-10-09T10:10:59Z INFO [555/5000] b31fbca5-f80d-48e4-8de0-64bb0224b35c: 18 internal nodes; 1.2 s; peak memory 457 MiB.
2026-10-09T10:11:01Z INFO [556/5000] b31fe52d-7480-4477-85da-244125736860: 66 internal nodes; 2.0 s; peak memory 457 MiB.
2026-10-09T10:11:02Z INFO [557/5000] b320054e-6c0c-4103-9c26-15c16d71637a: 17 internal nodes; 1.2 s; peak memory 457 MiB.
2026-10-09T10:11:09Z INFO [558/5000] b3208a0d-baec-45eb-9c27-ab3e7b5cc174: 153 internal nodes; 6.7 s; peak memory 457 MiB.
2026-10-09T10:11:10Z INFO [559/5000] b3209c89-73a3-4f95-9005-8dfe710d6c13: 17 internal nodes; 1.3 s; peak memory 457 MiB.
2026-10-09T10:11:12Z INFO [560/5000] b320a5af-e036-44d7-a33e-d401f08c116e: 54 internal nodes; 1.9 s; peak memory 457 MiB.
2026-10-09T10:11:13Z INFO [561/5000] b3215eeb-e549-42bd-b11e-b690864b927e: 17 internal nodes; 1.1 s; peak memory 457 MiB.
2026-10-09T10:11:16Z INFO [562/5000] b3218bce-cc11-413f-bc05-57d866b8f6e8: 49 internal nodes; 3.4 s; peak memory 457 MiB.
2026-10-09T10:11:18Z INFO [563/5000] b321e0bf-23bc-42b7-b564-4987686a77e2: 27 internal nodes; 1.4 s; peak memory 457 MiB.
2026-10-09T10:11:19Z INFO [564/5000] b321f041-1a2b-4b13-b652-41adf8cbbc81: 27 internal nodes; 1.4 s; peak memory 457 MiB.
2026-10-09T10:11:20Z INFO [565/5000] b3221af9-e91c-446d-b1e8-8ee864c890a7: 26 internal nodes; 0.7 s; peak memory 457 MiB.
2026-10-09T10:11:21Z INFO [566/5000] b323e379-14e7-483f-a501-158fdef55f9d: 17 internal nodes; 1.1 s; peak memory 457 MiB.
2026-10-09T10:11:22Z INFO [567/5000] b324e9c8-df7e-407e-8f4d-ade5be460e3e: 17 internal nodes; 1.2 s; peak memory 457 MiB.
2026-10-09T10:11:31Z INFO [568/5000] b3256bc9-0a6c-4f04-9ea1-ac1a31f95819: 66 internal nodes; 9.1 s; peak memory 457 MiB.
2026-10-09T10:11:32Z INFO [569/5000] b3259d3a-320d-4060-b4b7-1fbfae71290c: 11 internal nodes; 0.8 s; peak memory 457 MiB.
2026-10-09T10:11:34Z INFO [570/5000] b325b90f-75a0-419c-bd30-55e77d88445c: 40 internal nodes; 1.7 s; peak memory 457 MiB.
2026-10-09T10:11:35Z INFO [571/5000] b32610f2-e790-4458-91bc-428f7cfcacfd: 31 internal nodes; 1.5 s; peak memory 457 MiB.
2026-10-09T10:11:37Z INFO [572/5000] b3263a7c-9863-46fa-a245-2d64e782efad: 31 internal nodes; 1.6 s; peak memory 457 MiB.
2026-10-09T10:11:38Z INFO [573/5000] b3274ed4-8d0c-46c4-a61b-58ffde7fb25c: 11 internal nodes; 0.8 s; peak memory 457 MiB.
2026-10-09T10:11:39Z INFO [574/5000] b3279844-7e99-4d87-b649-8cbf53f58f28: 90 internal nodes; 1.2 s; peak memory 457 MiB.
2026-10-09T10:11:41Z INFO [575/5000] b3284c19-ea24-4fa4-b4ba-5082061e33b7: 58 internal nodes; 2.3 s; peak memory 457 MiB.
2026-10-09T10:11:42Z INFO [576/5000] b3284e5e-0f46-4c4c-aadf-9dc459ac5095: 27 internal nodes; 1.3 s; peak memory 457 MiB.
2026-10-09T10:11:43Z INFO [577/5000] b328fd2a-782b-43d3-a952-0f6f6c3763b3: 17 internal nodes; 1.1 s; peak memory 457 MiB.
2026-10-09T10:11:45Z INFO [578/5000] b329a34f-b718-448c-9a52-cec0d02babcf: 17 internal nodes; 1.3 s; peak memory 457 MiB.
2026-10-09T10:11:49Z INFO [579/5000] b329eca1-2eb3-4329-aeb3-58a3021e077e: 41 internal nodes; 4.3 s; peak memory 457 MiB.
2026-10-09T10:11:50Z INFO [580/5000] b32a0944-8b9c-435a-8f72-26b0e3d13c0b: 23 internal nodes; 0.8 s; peak memory 457 MiB.
2026-10-09T10:11:52Z INFO [581/5000] b32a52ec-4ae6-45dc-bdbf-e6f9b8307a45: 31 internal nodes; 1.9 s; peak memory 457 MiB.
2026-10-09T10:12:03Z INFO [582/5000] b32ad450-a4e3-4769-acb3-79c3202934d1: 238 internal nodes; 11.3 s; peak memory 457 MiB.
2026-10-09T10:12:21Z INFO [583/5000] b32b3006-e0e7-4791-9a95-3b661df6b5f9: 392 internal nodes; 18.3 s; peak memory 457 MiB.
2026-10-09T10:12:23Z INFO [584/5000] b32bb632-784d-4b0c-ac51-de44a19fbbcd: 17 internal nodes; 1.3 s; peak memory 457 MiB.
2026-10-09T10:12:24Z INFO [585/5000] b32bbb03-22f6-4e3f-85fb-c5ddfc0ed890: 31 internal nodes; 1.5 s; peak memory 457 MiB.
2026-10-09T10:12:25Z INFO [586/5000] b32bd1a1-413a-49e8-891a-5f9f1dfdb71d: 17 internal nodes; 1.2 s; peak memory 457 MiB.
2026-10-09T10:12:27Z INFO [587/5000] b32cff3c-06ba-4de2-803a-db2aa419f404: 72 internal nodes; 1.9 s; peak memory 457 MiB.
2026-10-09T10:12:28Z INFO [588/5000] b32de2e3-f95f-4f95-8ad3-ec9446a4fff0: 11 internal nodes; 0.9 s; peak memory 457 MiB.
2026-10-09T10:12:30Z INFO [589/5000] b32e1d72-5480-41e9-9553-2a5a16bcd997: 31 internal nodes; 1.7 s; peak memory 457 MiB.
2026-10-09T10:12:31Z INFO [590/5000] b32e24cf-998a-4319-a777-6f22faf0b01f: 115 internal nodes; 1.3 s; peak memory 457 MiB.
2026-10-09T10:12:32Z INFO [591/5000] b32ebe88-220f-43da-9e9b-1a69d64e73f9: 31 internal nodes; 1.1 s; peak memory 457 MiB.
2026-10-09T10:12:34Z INFO [592/5000] b32efb9a-a4ed-480c-9edf-9e8f4e73dd7d: 27 internal nodes; 1.4 s; peak memory 457 MiB.
2026-10-09T10:12:35Z INFO [593/5000] b32f331d-d097-4f81-80a4-a77559edc41b: 27 internal nodes; 1.6 s; peak memory 457 MiB.
2026-10-09T10:12:37Z INFO [594/5000] b32f42fc-433f-46be-8105-b44ec99cc10e: 35 internal nodes; 1.7 s; peak memory 457 MiB.
2026-10-09T10:12:39Z INFO [595/5000] b32fa861-913b-43ab-8aba-190b0f96b800: 54 internal nodes; 1.8 s; peak memory 457 MiB.
2026-10-09T10:12:55Z INFO [596/5000] b32fc1b8-4e95-4217-b971-832d8c9b88c3: 397 internal nodes; 16.1 s; peak memory 457 MiB.
2026-10-09T10:12:56Z INFO [597/5000] b33053ec-40da-464b-940b-6d337a80a07f: 18 internal nodes; 1.1 s; peak memory 457 MiB.
2026-10-09T10:12:57Z INFO [598/5000] b3311f4d-66b9-40e4-9dec-a79bb242c517: 17 internal nodes; 1.1 s; peak memory 457 MiB.
2026-10-09T10:12:59Z INFO [599/5000] b3323489-2eb1-4a3c-8f51-b5e2aacbc1f9: 62 internal nodes; 1.7 s; peak memory 457 MiB.
2026-10-09T10:13:00Z INFO [600/5000] b332b7c7-ee48-4467-8a53-21245d75d180: 17 internal nodes; 1.1 s; peak memory 457 MiB.
2026-10-09T10:13:00Z INFO [600/5000] b332b7c7-ee48-4467-8a53-21245d75d180: checkpointed 133239 new records.
2026-10-09T10:13:02Z INFO [601/5000] b333c93b-951f-46bf-9392-4e825a554541: 115 internal nodes; 1.3 s; peak memory 457 MiB.
2026-10-09T10:13:03Z INFO [602/5000] b333e076-dd78-4f62-8ead-77c93b36a8f8: 27 internal nodes; 1.3 s; peak memory 457 MiB.
2026-10-09T10:13:04Z INFO [603/5000] b333f440-1f7a-4488-8535-ca58a4aed7e4: 116 internal nodes; 1.3 s; peak memory 457 MiB.
2026-10-09T10:13:06Z INFO [604/5000] b335433d-ed7a-4b46-a072-dc6672285559: 17 internal nodes; 1.1 s; peak memory 457 MiB.
2026-10-09T10:13:07Z INFO [605/5000] b3370b92-c63b-4615-af3a-2c9d8c2e6f3f: 23 internal nodes; 1.2 s; peak memory 457 MiB.
2026-10-09T10:13:13Z INFO [606/5000] b3377259-0ac4-4812-ad9c-66631eebae0b: 67 internal nodes; 6.4 s; peak memory 457 MiB.
2026-10-09T10:13:14Z INFO [607/5000] b33816d6-99b3-45de-a457-886e0315adeb: 18 internal nodes; 1.2 s; peak memory 457 MiB.
2026-10-09T10:13:17Z INFO [608/5000] b33942de-d9fb-4272-82fc-6b3941a0cf31: 34 internal nodes; 2.5 s; peak memory 457 MiB.
2026-10-09T10:13:18Z INFO [609/5000] b339b846-87c0-40bf-a798-cdbcd7879d58: 17 internal nodes; 1.0 s; peak memory 457 MiB.
2026-10-09T10:13:19Z INFO [610/5000] b33aa5b8-82f4-4a5c-b8f9-b8df7632982b: 96 internal nodes; 1.4 s; peak memory 457 MiB.
2026-10-09T10:13:21Z INFO [611/5000] b33c7110-ddeb-4060-9428-bfce31a2d48f: 19 internal nodes; 1.4 s; peak memory 457 MiB.
2026-10-09T10:13:22Z INFO [612/5000] b33c8893-00a5-403e-ac6f-0916c8978949: 17 internal nodes; 1.2 s; peak memory 457 MiB.
2026-10-09T10:13:23Z INFO [613/5000] b33d28b3-df0d-49f4-a74b-e425e90cede9: 27 internal nodes; 1.5 s; peak memory 457 MiB.
2026-10-09T10:13:25Z INFO [614/5000] b33ffe0c-bc16-45a0-9c6a-e5e8d5047f93: 56 internal nodes; 1.4 s; peak memory 457 MiB.
2026-10-09T10:13:27Z INFO [615/5000] b34085f7-1840-4d87-88ca-1618db47e1ed: 22 internal nodes; 2.4 s; peak memory 457 MiB.
2026-10-09T10:13:29Z INFO [616/5000] b341f8a2-07f2-412d-86af-d305992579aa: 31 internal nodes; 1.6 s; peak memory 457 MiB.
2026-10-09T10:13:35Z INFO [617/5000] b342bac7-8436-4177-95b0-5a0e15264f32: 69 internal nodes; 6.0 s; peak memory 457 MiB.
2026-10-09T10:13:36Z INFO [618/5000] b344a61e-776b-4dc8-9cc1-db0c59bb534b: 17 internal nodes; 1.2 s; peak memory 457 MiB.
2026-10-09T10:13:37Z INFO [619/5000] b3459116-2caa-4c74-8517-7861c37bfb41: 17 internal nodes; 1.1 s; peak memory 457 MiB.
2026-10-09T10:13:45Z INFO [620/5000] b34597e4-876d-4fef-8acf-0c4d7b2f66ce: 238 internal nodes; 8.1 s; peak memory 457 MiB.
2026-10-09T10:13:48Z INFO [621/5000] b345d5ae-d44f-4b28-8f81-8788888a9255: 44 internal nodes; 2.9 s; peak memory 457 MiB.
2026-10-09T10:13:50Z INFO [622/5000] b346f278-5b3c-4f3c-b1e9-1561a07ae36b: 95 internal nodes; 2.1 s; peak memory 457 MiB.
2026-10-09T10:13:51Z INFO [623/5000] b3483770-f132-4bf0-924e-c00980765ef5: 13 internal nodes; 1.0 s; peak memory 457 MiB.
2026-10-09T10:13:53Z INFO [624/5000] b348a6e3-c9a7-45ce-af07-095eb550a365: 31 internal nodes; 2.0 s; peak memory 457 MiB.
2026-10-09T10:13:55Z INFO [625/5000] b3495d41-c201-40d8-a304-5fc04ca5daed: 115 internal nodes; 1.4 s; peak memory 457 MiB.
2026-10-09T10:14:02Z INFO [626/5000] b349aaba-8819-478a-b49e-3de907ce42e0: 137 internal nodes; 7.5 s; peak memory 457 MiB.
2026-10-09T10:14:04Z INFO [627/5000] b349dda3-458e-476b-9790-256d768373d6: 29 internal nodes; 1.6 s; peak memory 457 MiB.
2026-10-09T10:14:05Z INFO [628/5000] b34a0eae-7de6-45c0-8504-29ca6e3a25fb: 11 internal nodes; 1.0 s; peak memory 457 MiB.
2026-10-09T10:14:06Z INFO [629/5000] b34a0eb1-9eda-4281-8e99-5f1d443c94ab: 18 internal nodes; 1.1 s; peak memory 457 MiB.
2026-10-09T10:14:07Z INFO [630/5000] b34a1acf-e26f-4e70-9231-e16ae92fdc91: 13 internal nodes; 0.9 s; peak memory 457 MiB.
2026-10-09T10:14:08Z INFO [631/5000] b34a3bcf-03cb-4d97-bebb-680f79c917b3: 27 internal nodes; 1.4 s; peak memory 457 MiB.
2026-10-09T10:14:10Z INFO [632/5000] b34a4e4a-32ae-4171-abc2-d5a048ccd922: 27 internal nodes; 1.6 s; peak memory 457 MiB.
2026-10-09T10:14:13Z INFO [633/5000] b34a61c1-39a0-42b3-b8a9-22035b020c61: 83 internal nodes; 3.8 s; peak memory 457 MiB.
2026-10-09T10:14:15Z INFO [634/5000] b34a7e31-007a-440f-b786-5a1d24f765fe: 30 internal nodes; 1.5 s; peak memory 457 MiB.
2026-10-09T10:14:18Z INFO [635/5000] b34b1bf6-d562-430b-8b6f-7002c7181e64: 44 internal nodes; 3.1 s; peak memory 457 MiB.
2026-10-09T10:14:19Z INFO [636/5000] b34b2d98-3803-4fb5-8f7f-7356ac9dfc63: 27 internal nodes; 1.3 s; peak memory 457 MiB.
2026-10-09T10:14:22Z INFO [637/5000] b34c4786-2cce-42ed-a0e3-2537dffd8a3c: 58 internal nodes; 2.4 s; peak memory 457 MiB.
2026-10-09T10:14:24Z INFO [638/5000] b34c958b-b697-499f-9331-98156d14c822: 53 internal nodes; 2.7 s; peak memory 457 MiB.
2026-10-09T10:14:26Z INFO [639/5000] b34d45f7-5452-43a1-8eef-d10af4d32002: 63 internal nodes; 1.9 s; peak memory 457 MiB.
2026-10-09T10:14:30Z INFO [640/5000] b34d549e-7791-4d44-9e7f-b09563ebb3d5: 44 internal nodes; 3.5 s; peak memory 457 MiB.
2026-10-09T10:14:32Z INFO [641/5000] b34d5c1e-fd6e-4694-993c-6212e0f29774: 67 internal nodes; 2.0 s; peak memory 457 MiB.
2026-10-09T10:14:33Z INFO [642/5000] b34e922e-a866-4849-9df7-e316def7d1ff: 17 internal nodes; 1.2 s; peak memory 457 MiB.
2026-10-09T10:14:35Z INFO [643/5000] b34f39a7-d662-4bf9-a92b-270d3d9ad31e: 31 internal nodes; 1.5 s; peak memory 457 MiB.
2026-10-09T10:14:36Z INFO [644/5000] b34f9b49-4c91-42a8-959e-5dcf6c6b0e8e: 17 internal nodes; 1.2 s; peak memory 457 MiB.
2026-10-09T10:14:42Z INFO [645/5000] b34ff7b9-2f8e-40cd-ba3f-cde90230af2b: 73 internal nodes; 6.3 s; peak memory 457 MiB.
2026-10-09T10:14:43Z INFO [646/5000] b351768f-e241-4f07-a6a7-ad4a9239ae82: 17 internal nodes; 1.2 s; peak memory 457 MiB.
2026-10-09T10:14:57Z INFO [647/5000] b35220d6-ab5e-4436-882a-6577df6f1eb3: 228 internal nodes; 13.3 s; peak memory 457 MiB.
2026-10-09T10:14:58Z INFO [648/5000] b3542451-bd44-4221-9de6-47b45580a1a9: 114 internal nodes; 1.3 s; peak memory 457 MiB.
2026-10-09T10:14:59Z INFO [649/5000] b3546cb2-4241-4464-b4f3-0d7f209d19fc: 19 internal nodes; 1.2 s; peak memory 457 MiB.
2026-10-09T10:15:00Z INFO [650/5000] b35475a3-b97d-40d7-97bb-6d82673d6203: 11 internal nodes; 0.9 s; peak memory 457 MiB.
2026-10-09T10:15:01Z INFO [650/5000] b35475a3-b97d-40d7-97bb-6d82673d6203: checkpointed 133289 new records.
2026-10-09T10:15:04Z INFO [651/5000] b3548a2e-259c-43a2-ad10-eb2075e2b069: 46 internal nodes; 3.3 s; peak memory 457 MiB.
2026-10-09T10:15:08Z INFO [652/5000] b354b541-d47e-44d3-99a4-8d86b211a105: 46 internal nodes; 3.5 s; peak memory 457 MiB.
2026-10-09T10:15:08Z INFO [653/5000] b355b078-e0c8-4d2a-b875-f6836e3c501c: 27 internal nodes; 0.9 s; peak memory 457 MiB.
2026-10-09T10:15:10Z INFO [654/5000] b355b850-f33c-4916-88a3-3e6525108cdc: 58 internal nodes; 1.6 s; peak memory 457 MiB.
2026-10-09T10:15:11Z INFO [655/5000] b3568c65-55c2-4b9c-ab73-9053f6d66fc6: 26 internal nodes; 0.8 s; peak memory 457 MiB.
2026-10-09T10:15:14Z INFO [656/5000] b3581717-199d-49ff-a1e3-06bfa11a301a: 40 internal nodes; 3.5 s; peak memory 457 MiB.
2026-10-09T10:15:16Z INFO [657/5000] b3584bfb-d707-47a7-8292-4a7c4545b628: 17 internal nodes; 1.2 s; peak memory 457 MiB.
2026-10-09T10:15:16Z INFO [658/5000] b35869b9-181e-468e-9f72-1153d9b50801: 22 internal nodes; 0.8 s; peak memory 457 MiB.
2026-10-09T10:15:31Z INFO [659/5000] b358e3f8-8857-47df-be31-4284a333149a: 234 internal nodes; 15.0 s; peak memory 457 MiB.
2026-10-09T10:15:32Z INFO [660/5000] b3592b9a-f01c-4d43-8194-665df3873027: 11 internal nodes; 0.7 s; peak memory 457 MiB.
2026-10-09T10:15:34Z WARNING b359ad1b-7ba4-48e8-a318-3a5df59e0611: failed while reading the NWB file (KeyError: 'Unable to synchronously open object (component not found)')
2026-10-09T10:15:34Z WARNING [661/5000] b359ad1b-7ba4-48e8-a318-3a5df59e0611: leaving unrecorded for a later run to retry.
2026-10-09T10:15:35Z INFO [662/5000] b35a38c2-8565-44d7-bb9c-7f217227678d: 18 internal nodes; 1.2 s; peak memory 457 MiB.
2026-10-09T10:15:45Z INFO [663/5000] b35a48a0-3189-459d-82aa-be137963ad3e: 206 internal nodes; 9.7 s; peak memory 457 MiB.
2026-10-09T10:15:48Z INFO [664/5000] b35a5a7e-589b-41db-ae19-4e1d2700bc02: 44 internal nodes; 3.2 s; peak memory 457 MiB.
2026-10-09T10:15:52Z INFO [665/5000] b35b078f-55e6-4214-8dbd-88bd9bfd6a4c: 46 internal nodes; 3.6 s; peak memory 457 MiB.
2026-10-09T10:15:53Z INFO [666/5000] b35be689-49e8-4d9f-a1ce-22f746352568: 120 internal nodes; 1.7 s; peak memory 457 MiB.
2026-10-09T10:16:00Z INFO [667/5000] b35c4fd3-f14a-4581-b247-b45f07f8ac1e: 127 internal nodes; 6.2 s; peak memory 457 MiB.
2026-10-09T10:16:01Z INFO [668/5000] b35c8c57-0d25-4226-932c-4a3a0d20e0be: 17 internal nodes; 1.3 s; peak memory 457 MiB.
2026-10-09T10:16:03Z INFO [669/5000] b35cb6db-f234-4007-b770-889dcb78741e: 62 internal nodes; 1.9 s; peak memory 457 MiB.
2026-10-09T10:16:03Z INFO [670/5000] b35cb7bc-e830-47b8-9616-3dc349e33c6a: 22 internal nodes; 0.8 s; peak memory 457 MiB.
2026-10-09T10:16:05Z INFO [671/5000] b35ce421-8500-412b-901b-6126fbddeb51: 17 internal nodes; 1.2 s; peak memory 457 MiB.
2026-10-09T10:16:06Z INFO [672/5000] b35d256b-f670-4be1-91f8-9f7cb8ef8845: 16 internal nodes; 1.2 s; peak memory 457 MiB.
2026-10-09T10:16:14Z INFO [673/5000] b35d5707-fbb3-417d-bfeb-89879fd11fbb: 65 internal nodes; 8.3 s; peak memory 457 MiB.
2026-10-09T10:16:16Z INFO [674/5000] b35d7840-4d3e-421b-afbd-ee55283a536a: 29 internal nodes; 2.1 s; peak memory 457 MiB.
2026-10-09T10:16:17Z INFO [675/5000] b35e5700-4a31-4799-bff5-6aa737469db4: 27 internal nodes; 1.1 s; peak memory 457 MiB.
2026-10-09T10:19:00Z INFO [676/5000] b35eb481-1ecf-4681-9f26-214f7c14ee49: 800 internal nodes; 162.9 s; peak memory 457 MiB.
2026-10-09T10:19:15Z INFO [677/5000] b36078a6-69f9-4c9d-a9d2-99df851cfadd: 225 internal nodes; 14.2 s; peak memory 457 MiB.
2026-10-09T10:19:16Z INFO [678/5000] b3615191-1045-4fc6-a6d9-295dc39fa4da: 27 internal nodes; 1.3 s; peak memory 457 MiB.
2026-10-09T10:19:17Z INFO [679/5000] b3617ea5-119b-43ef-aa9e-24539e60dfda: 14 internal nodes; 1.2 s; peak memory 457 MiB.
2026-10-09T10:19:19Z INFO [680/5000] b361bad3-7c94-4271-9094-aff7fdbf855b: 17 internal nodes; 1.4 s; peak memory 457 MiB.
2026-10-09T10:19:21Z INFO [681/5000] b361da22-92c2-4fb0-a018-9b0ae72e0f3f: 26 internal nodes; 2.4 s; peak memory 457 MiB.
2026-10-09T10:19:22Z INFO [682/5000] b3625d72-70c7-4abf-911b-ad069bce0834: 27 internal nodes; 1.4 s; peak memory 457 MiB.
2026-10-09T10:19:25Z INFO [683/5000] b36260cf-626a-4a9a-b117-432b4282f182: 31 internal nodes; 2.2 s; peak memory 457 MiB.
2026-10-09T10:19:26Z INFO [684/5000] b362ce2f-4fd9-4eed-9522-f4102e4f513c: 18 internal nodes; 1.3 s; peak memory 457 MiB.
2026-10-09T10:19:35Z INFO [685/5000] b363a87f-ec1c-40cf-abff-fa2b5b66c39f: 70 internal nodes; 9.2 s; peak memory 457 MiB.
2026-10-09T10:19:37Z INFO [686/5000] b3648587-cba5-41f3-beb1-1848c28b341e: 24 internal nodes; 1.9 s; peak memory 457 MiB.
2026-10-09T10:19:38Z INFO [687/5000] b364f19c-41b5-495d-a5d0-d42948a76f26: 14 internal nodes; 1.1 s; peak memory 457 MiB.
2026-10-09T10:19:40Z INFO [688/5000] b365cc6b-6d38-41f7-9a5b-d13961780728: 37 internal nodes; 2.1 s; peak memory 457 MiB.
2026-10-09T10:19:42Z INFO [689/5000] b366aca2-6aa4-4c62-a900-8b4abfe914a1: 29 internal nodes; 1.8 s; peak memory 457 MiB.
2026-10-09T10:19:43Z INFO [690/5000] b366c111-d8ee-4b26-96b6-45294d71d38e: 115 internal nodes; 1.3 s; peak memory 457 MiB.
2026-10-09T10:19:45Z INFO [691/5000] b3672c4c-f590-41cf-83d4-2ea3c2290bb5: 17 internal nodes; 1.1 s; peak memory 457 MiB.
2026-10-09T10:19:50Z INFO [692/5000] b3676008-e505-4e8d-beb0-fbfb0e64cc8c: 73 internal nodes; 5.9 s; peak memory 457 MiB.
2026-10-09T10:19:51Z INFO [693/5000] b367a842-54e1-49b6-ba5e-251675ff9cc4: 13 internal nodes; 0.8 s; peak memory 457 MiB.
2026-10-09T10:19:53Z INFO [694/5000] b36827a5-7738-4e41-88d7-27ef45a41650: 116 internal nodes; 1.5 s; peak memory 457 MiB.
2026-10-09T10:19:54Z INFO [695/5000] b368593c-e643-47d5-9dab-f445a6149a67: 58 internal nodes; 1.1 s; peak memory 457 MiB.
2026-10-09T10:20:01Z INFO [696/5000] b3699d03-055a-46e1-b858-3d66d3dd2ddc: 123 internal nodes; 7.1 s; peak memory 457 MiB.
2026-10-09T10:20:02Z INFO [697/5000] b36a347d-b330-4451-b858-47e23f9871a4: 18 internal nodes; 1.0 s; peak memory 457 MiB.
2026-10-09T10:20:04Z INFO [698/5000] b36af79f-b8d9-4d1b-ae4c-e48abc25378e: 53 internal nodes; 1.8 s; peak memory 457 MiB.
2026-10-09T10:20:08Z INFO [699/5000] b36bc23b-00b7-4769-9972-cc47d6cc2ca2: 98 internal nodes; 4.7 s; peak memory 457 MiB.
2026-10-09T10:20:10Z INFO [700/5000] b36bd11c-83da-4111-ac19-aa4d891bef12: 31 internal nodes; 1.8 s; peak memory 457 MiB.
2026-10-09T10:20:11Z INFO [700/5000] b36bd11c-83da-4111-ac19-aa4d891bef12: checkpointed 133338 new records.
2026-10-09T10:20:20Z INFO [701/5000] b36d0210-1c22-4729-b5fc-b54d72d68098: 254 internal nodes; 9.2 s; peak memory 457 MiB.
2026-10-09T10:20:21Z INFO [702/5000] b36d0c02-8701-4255-9fa3-89ba6b451aeb: 25 internal nodes; 1.5 s; peak memory 457 MiB.
2026-10-09T10:20:22Z INFO [703/5000] b36dacad-34e1-48c1-8cb7-b4ac4a674e44: 11 internal nodes; 0.7 s; peak memory 457 MiB.
2026-10-09T10:20:24Z INFO [704/5000] b36dd098-bc46-464c-a55f-a3d3d4bc67f4: 31 internal nodes; 2.0 s; peak memory 457 MiB.
2026-10-09T10:20:25Z INFO [705/5000] b36e3f1a-c625-4ccc-bc10-6bd563f57c77: 17 internal nodes; 1.2 s; peak memory 457 MiB.
2026-10-09T10:20:35Z INFO [706/5000] b36f37a9-f3a1-43fc-89bb-6617ffc8e229: 233 internal nodes; 9.4 s; peak memory 457 MiB.
2026-10-09T10:20:36Z INFO [707/5000] b36f4cd1-ff04-43aa-9ce9-3d4e4ba7084f: 17 internal nodes; 1.2 s; peak memory 457 MiB.
2026-10-09T10:20:37Z INFO [708/5000] b36fbc78-3fa2-4e5e-9b8f-379a74328c3a: 27 internal nodes; 1.4 s; peak memory 457 MiB.
2026-10-09T10:20:39Z INFO [709/5000] b36fd4a3-d37f-4f03-8fa5-b09af9f29555: 22 internal nodes; 1.4 s; peak memory 457 MiB.
2026-10-09T10:20:40Z INFO [710/5000] b36fefbb-771f-4343-8180-8dc58fa14589: 27 internal nodes; 1.3 s; peak memory 457 MiB.
2026-10-09T10:20:42Z INFO [711/5000] b370394d-cc0c-45bc-97ff-240064fe7a4f: 32 internal nodes; 1.9 s; peak memory 457 MiB.
2026-10-09T10:20:43Z INFO [712/5000] b3707e9e-4d62-47b6-b3b7-55b17da40de3: 17 internal nodes; 1.1 s; peak memory 457 MiB.
2026-10-09T10:21:00Z INFO [713/5000] b37085eb-591f-4fad-ab82-32edf668c754: 1062 internal nodes; 16.9 s; peak memory 457 MiB.
2026-10-09T10:21:02Z INFO [714/5000] b370fc1a-415e-4718-9e8c-14f60297d146: 53 internal nodes; 1.7 s; peak memory 457 MiB.
2026-10-09T10:21:03Z INFO [715/5000] b37132e9-dc20-4552-b8c7-7249338da55f: 11 internal nodes; 0.9 s; peak memory 457 MiB.
2026-10-09T10:21:17Z INFO [716/5000] b371dddf-3732-4dd8-a04f-b19909b7b99f: 1002 internal nodes; 14.7 s; peak memory 457 MiB.
2026-10-09T10:21:19Z INFO [717/5000] b372871e-60c7-4ccb-bcd1-e86f29e84c86: 86 internal nodes; 1.5 s; peak memory 457 MiB.
2026-10-09T10:21:20Z INFO [718/5000] b372d9e3-ba06-4526-a937-946db6a099be: 18 internal nodes; 1.3 s; peak memory 457 MiB.
2026-10-09T10:21:21Z INFO [719/5000] b374166c-b703-42c1-9c14-8cf0b02a0a9e: 21 internal nodes; 0.7 s; peak memory 457 MiB.
2026-10-09T10:21:22Z INFO [720/5000] b37498a9-d63d-4a34-b625-3243f248b38d: 17 internal nodes; 1.1 s; peak memory 457 MiB.
2026-10-09T10:21:24Z INFO [721/5000] b374ecfa-28c2-4c54-b61e-be67adb10d44: 31 internal nodes; 1.8 s; peak memory 457 MiB.
2026-10-09T10:21:30Z INFO [722/5000] b37561d3-75c9-4bc5-9235-253937c03214: 54 internal nodes; 6.3 s; peak memory 457 MiB.
2026-10-09T10:21:33Z INFO [723/5000] b376c07e-40cf-44d1-98e0-20069c48a9fd: 42 internal nodes; 2.8 s; peak memory 457 MiB.
2026-10-09T10:21:40Z INFO [724/5000] b37704a1-5667-457c-8a9d-769afe35c49b: 109 internal nodes; 7.1 s; peak memory 457 MiB.
2026-10-09T10:21:41Z INFO [725/5000] b3773dd4-fbcc-4ebe-af47-e9f70e9bd24e: 27 internal nodes; 1.2 s; peak memory 457 MiB.
2026-10-09T10:21:51Z INFO [726/5000] b3777c1a-5f67-4074-a7bf-03fb2a749c27: 191 internal nodes; 10.2 s; peak memory 457 MiB.
2026-10-09T10:21:53Z INFO [727/5000] b377a177-2eda-4395-bca4-6ec645377a7d: 27 internal nodes; 1.4 s; peak memory 457 MiB.
2026-10-09T10:21:54Z INFO [728/5000] b377d6b0-55df-4474-bce7-6c44df15c4c0: 17 internal nodes; 1.1 s; peak memory 457 MiB.
2026-10-09T10:22:03Z INFO [729/5000] b377f4e2-ced1-4018-9f27-03b8c38751dd: 195 internal nodes; 9.1 s; peak memory 457 MiB.
2026-10-09T10:22:04Z INFO [730/5000] b3788a99-eb30-49b0-abef-e476f17b6dac: 17 internal nodes; 1.4 s; peak memory 457 MiB.
2026-10-09T10:22:06Z INFO [731/5000] b3788b4f-6fce-4af5-b7b6-fddc7299fae0: 26 internal nodes; 2.0 s; peak memory 457 MiB.
2026-10-09T10:22:09Z INFO [732/5000] b3793315-5546-433f-ae31-b5c14b35046c: 44 internal nodes; 2.4 s; peak memory 457 MiB.
2026-10-09T10:22:15Z INFO [733/5000] b379aed3-0dda-436e-b194-e9a6b266ab05: 73 internal nodes; 5.9 s; peak memory 457 MiB.
2026-10-09T10:22:16Z INFO [734/5000] b37a0fb0-165d-417c-bc05-4d56f1327d03: 11 internal nodes; 1.1 s; peak memory 457 MiB.
2026-10-09T10:22:17Z INFO [735/5000] b37a9f61-aa99-4b17-972a-2570977c8a79: 31 internal nodes; 1.2 s; peak memory 457 MiB.
2026-10-09T10:22:18Z INFO [736/5000] b37abc02-1b8c-46cc-ba27-ceca147d655e: 114 internal nodes; 1.3 s; peak memory 457 MiB.
2026-10-09T10:22:20Z INFO [737/5000] b37b66e2-b215-4d6e-a8ba-6b823de4d64c: 67 internal nodes; 2.2 s; peak memory 457 MiB.
2026-10-09T10:22:24Z INFO [738/5000] b37bf11f-9f63-4f8b-9584-0c9f905088e6: 46 internal nodes; 3.4 s; peak memory 457 MiB.
2026-10-09T10:22:25Z INFO [739/5000] b37cf40c-7aee-44f1-96b9-ee85e9af19bf: 18 internal nodes; 1.5 s; peak memory 457 MiB.
2026-10-09T10:22:32Z INFO [740/5000] b37d2edf-548f-4e09-bd80-434d7d12b874: 54 internal nodes; 6.3 s; peak memory 457 MiB.
2026-10-09T10:22:33Z INFO [741/5000] b37e5609-0d2c-438c-82c0-e95c331b50ed: 27 internal nodes; 1.4 s; peak memory 457 MiB.
2026-10-09T10:22:35Z INFO [742/5000] b37f396c-6e67-4df0-a0a2-562cfe43350d: 18 internal nodes; 2.3 s; peak memory 457 MiB.
2026-10-09T10:22:37Z INFO [743/5000] b37ff19b-fe62-428d-8831-8619c00920ce: 21 internal nodes; 1.3 s; peak memory 457 MiB.
2026-10-09T10:22:38Z INFO [744/5000] b3802e0a-9976-477f-b0ad-e49e2b8561a6: 27 internal nodes; 1.3 s; peak memory 457 MiB.
2026-10-09T10:22:39Z INFO [745/5000] b3806152-3a38-47f9-a659-f744ed34a4ee: 17 internal nodes; 1.3 s; peak memory 457 MiB.
2026-10-09T10:22:51Z INFO [746/5000] b380819d-2481-4b0f-bf05-494b45770a90: 301 internal nodes; 11.5 s; peak memory 457 MiB.
2026-10-09T10:22:52Z INFO [747/5000] b380c0a7-ccb6-4ba0-b5f0-39b2a7808a45: 20 internal nodes; 1.2 s; peak memory 457 MiB.
2026-10-09T10:22:54Z INFO [748/5000] b381111e-e23e-4d40-915b-ce4719387625: 29 internal nodes; 1.8 s; peak memory 457 MiB.
2026-10-09T10:22:57Z INFO [749/5000] b3814b73-7b8e-43d8-9941-3fe73af8f6dc: 44 internal nodes; 2.9 s; peak memory 457 MiB.
2026-10-09T10:22:58Z INFO [750/5000] b3821e67-780a-4bd1-840b-1c0964a0cc78: 17 internal nodes; 1.0 s; peak memory 457 MiB.
2026-10-09T10:22:58Z INFO [750/5000] b3821e67-780a-4bd1-840b-1c0964a0cc78: checkpointed 133388 new records.
2026-10-09T10:22:59Z INFO [751/5000] b383cec7-d68f-4af9-a34d-5d68d25ff251: 17 internal nodes; 1.2 s; peak memory 457 MiB.
2026-10-09T10:23:00Z INFO [752/5000] b3844637-453c-42b7-906f-dff8007a26ff: 26 internal nodes; 0.8 s; peak memory 457 MiB.
2026-10-09T10:23:01Z INFO [753/5000] b384ba10-1af8-4f13-8812-a9ce00db7388: 17 internal nodes; 1.2 s; peak memory 457 MiB.
2026-10-09T10:23:04Z INFO [754/5000] b384d306-c60c-4c6d-8e28-13fafee4af51: 63 internal nodes; 2.7 s; peak memory 457 MiB.
2026-10-09T10:23:15Z INFO [755/5000] b384e49c-529f-4978-8708-0d1c182ac247: 220 internal nodes; 10.9 s; peak memory 457 MiB.
2026-10-09T10:23:16Z INFO [756/5000] b3850e13-26cd-4284-bfb6-05acb12272f2: 29 internal nodes; 1.5 s; peak memory 457 MiB.
2026-10-09T10:23:51Z INFO [757/5000] b385166b-5ac5-4b58-9f21-250a15953ae7: 3819 internal nodes; 34.3 s; peak memory 457 MiB.
2026-10-09T10:23:52Z INFO [758/5000] b3854bb5-fa25-41b1-bfac-2881f833cb20: 15 internal nodes; 1.0 s; peak memory 457 MiB.
2026-10-09T10:23:55Z INFO [759/5000] b386ab05-4854-43c4-a2d4-e13ee0ad13bc: 46 internal nodes; 3.5 s; peak memory 457 MiB.
2026-10-09T10:23:56Z INFO [760/5000] b3872222-4741-4276-a480-e3f18d3eaabb: 17 internal nodes; 1.2 s; peak memory 457 MiB.
2026-10-09T10:23:58Z INFO [761/5000] b3874f3b-779a-41b4-9146-7bd62197cb79: 13 internal nodes; 1.1 s; peak memory 457 MiB.
2026-10-09T10:23:59Z INFO [762/5000] b3883cd6-29a8-4270-9a31-e8ff902b6961: 17 internal nodes; 1.3 s; peak memory 457 MiB.
2026-10-09T10:24:00Z INFO [763/5000] b3886f2e-2f78-41a7-8ff2-7773f63e8038: 17 internal nodes; 1.3 s; peak memory 457 MiB.
2026-10-09T10:24:01Z INFO [764/5000] b38883ba-5059-4035-8112-193b6f4e7db7: 13 internal nodes; 0.8 s; peak memory 457 MiB.
2026-10-09T10:24:03Z INFO [765/5000] b38a2c1c-8e97-4dfb-ab8d-941b204dccfd: 66 internal nodes; 1.9 s; peak memory 457 MiB.
2026-10-09T10:24:04Z INFO [766/5000] b38a3e31-49ee-4430-b491-607d0375f74b: 27 internal nodes; 1.3 s; peak memory 457 MiB.
2026-10-09T10:24:05Z INFO [767/5000] b38ae3ec-d304-4955-a6ad-590ac7694518: 17 internal nodes; 1.2 s; peak memory 457 MiB.
2026-10-09T10:24:08Z INFO [768/5000] b38b2cf6-069c-448d-8147-0a62de2fa5b3: 54 internal nodes; 2.1 s; peak memory 457 MiB.
2026-10-09T10:24:09Z INFO [769/5000] b38b422a-01c7-4ae5-b291-c826a6f47867: 37 internal nodes; 1.5 s; peak memory 457 MiB.
2026-10-09T10:24:10Z INFO [770/5000] b38bb0bc-7a46-4a59-8bb9-e34838cd57af: 27 internal nodes; 1.3 s; peak memory 457 MiB.
2026-10-09T10:24:12Z INFO [771/5000] b38c0fa3-2d12-4551-8765-ce4b2e5a50e7: 55 internal nodes; 1.7 s; peak memory 457 MiB.
2026-10-09T10:24:15Z INFO [772/5000] b38ccf61-b9e9-42b0-8033-2b1d95c357ca: 42 internal nodes; 2.6 s; peak memory 457 MiB.
2026-10-09T10:24:28Z INFO [773/5000] b38daf72-3ee6-4ba7-9ac8-4e7fad147d38: 246 internal nodes; 12.9 s; peak memory 457 MiB.
2026-10-09T10:24:29Z INFO [774/5000] b38dd038-65dc-4f82-bb22-0e80706640c3: 115 internal nodes; 1.4 s; peak memory 457 MiB.
2026-10-09T10:24:32Z INFO [775/5000] b38e3e80-d247-4458-a4c7-df2b27dfc91b: 44 internal nodes; 2.7 s; peak memory 457 MiB.
2026-10-09T10:24:33Z INFO [776/5000] b38e9e95-11d8-4db4-bc42-a268e3b5c22f: 30 internal nodes; 1.5 s; peak memory 457 MiB.
2026-10-09T10:24:43Z INFO [777/5000] b38f013e-e6f1-4c75-92ca-6fdaba032781: 60 internal nodes; 9.7 s; peak memory 457 MiB.
2026-10-09T10:24:44Z INFO [778/5000] b38f546f-a369-445a-b997-d9e94ed4175e: 26 internal nodes; 0.8 s; peak memory 457 MiB.
2026-10-09T10:24:46Z INFO [779/5000] b38fd124-c55a-4076-b564-11e0fe325ec5: 34 internal nodes; 2.6 s; peak memory 457 MiB.
2026-10-09T10:24:48Z INFO [780/5000] b3903962-1257-4ded-a9ca-c31036091f1f: 29 internal nodes; 1.5 s; peak memory 457 MiB.
2026-10-09T10:24:57Z INFO [781/5000] b39042a0-c15b-4759-8c88-3ee56ff86173: 207 internal nodes; 9.2 s; peak memory 457 MiB.
2026-10-09T10:24:58Z INFO [782/5000] b390929f-3398-4f9f-a7b2-775d9f4da675: 115 internal nodes; 1.4 s; peak memory 457 MiB.
2026-10-09T10:25:00Z INFO [783/5000] b3910385-24e4-44ff-ac05-55f73e82e523: 28 internal nodes; 1.5 s; peak memory 457 MiB.
2026-10-09T10:25:01Z INFO [784/5000] b391bc04-a022-4f06-9a95-98015cd1fc35: 31 internal nodes; 1.6 s; peak memory 457 MiB.
2026-10-09T10:25:03Z INFO [785/5000] b391fe27-c4dd-4ade-b8c5-761cf5a05913: 27 internal nodes; 1.3 s; peak memory 457 MiB.
2026-10-09T10:25:04Z INFO [786/5000] b39261a3-f3fe-409b-87b1-91a067cb050a: 31 internal nodes; 1.7 s; peak memory 457 MiB.
2026-10-09T10:25:06Z INFO [787/5000] b393eb14-3ff7-4b15-96d5-c0cb2131345a: 91 internal nodes; 2.0 s; peak memory 457 MiB.
2026-10-09T10:25:08Z INFO [788/5000] b393f5a7-bad1-449f-875a-b82592e66b22: 31 internal nodes; 1.7 s; peak memory 457 MiB.
2026-10-09T10:25:20Z INFO [789/5000] b394967c-132d-4efe-ab78-ebea0677dd37: 169 internal nodes; 12.3 s; peak memory 457 MiB.
2026-10-09T10:25:23Z INFO [790/5000] b394c7f6-3aa6-4d8d-b484-1fa6a9da1d6b: 44 internal nodes; 2.9 s; peak memory 457 MiB.
2026-10-09T10:25:25Z INFO [791/5000] b396a5db-c2f3-460d-b0b9-85bdd6c68f6a: 17 internal nodes; 1.3 s; peak memory 457 MiB.
2026-10-09T10:25:26Z INFO [792/5000] b396acc0-fa96-4aa9-9948-351e5c0a52b6: 27 internal nodes; 1.2 s; peak memory 457 MiB.
2026-10-09T10:25:34Z INFO [793/5000] b396c663-3ac4-41fa-9ca1-7305d1427954: 177 internal nodes; 8.6 s; peak memory 457 MiB.
2026-10-09T10:25:35Z INFO [794/5000] b396ff1b-2b2f-4ba2-84b6-c7def692e16a: 22 internal nodes; 0.8 s; peak memory 457 MiB.
2026-10-09T10:26:09Z INFO [795/5000] b39825ef-5d3a-4145-a56f-6dd81b7193d5: 2030 internal nodes; 34.3 s; peak memory 457 MiB.
2026-10-09T10:26:31Z INFO [796/5000] b398b0ab-0e70-48b6-a71d-7bff64136768: 136 internal nodes; 21.5 s; peak memory 457 MiB.
2026-10-09T10:26:33Z INFO [797/5000] b399a178-e6e9-4a7c-9a8e-c11a70a0b822: 69 internal nodes; 2.0 s; peak memory 457 MiB.
2026-10-09T10:26:34Z INFO [798/5000] b39a7735-fc72-4edd-8e59-1f02385c5019: 27 internal nodes; 1.5 s; peak memory 457 MiB.
2026-10-09T10:26:36Z INFO [799/5000] b39c87b0-8631-4a95-84a9-a3ca1bfd569e: 27 internal nodes; 1.4 s; peak memory 457 MiB.
2026-10-09T10:26:39Z INFO [800/5000] b39e65ea-56c9-41a5-991a-70a83449ebe5: 44 internal nodes; 3.0 s; peak memory 457 MiB.
2026-10-09T10:26:39Z INFO [800/5000] b39e65ea-56c9-41a5-991a-70a83449ebe5: checkpointed 133438 new records.
2026-10-09T10:28:30Z INFO [801/5000] b39eb52a-0774-411b-b374-6eb08a73562e: 562 internal nodes; 110.4 s; peak memory 457 MiB.
2026-10-09T10:28:31Z INFO [802/5000] b39f0908-bb93-403a-9ff8-7ae5d8118529: 17 internal nodes; 1.3 s; peak memory 457 MiB.
2026-10-09T10:28:32Z INFO [803/5000] b3a1757f-d056-4cbf-ad9f-65a61fc8a712: 17 internal nodes; 1.1 s; peak memory 457 MiB.
2026-10-09T10:28:34Z INFO [804/5000] b3a24a85-4b2f-4985-9ed5-0f0d26663775: 31 internal nodes; 1.6 s; peak memory 457 MiB.
2026-10-09T10:28:35Z INFO [805/5000] b3a3fd19-2e55-4b04-82e9-91f53df96f1f: 17 internal nodes; 1.1 s; peak memory 457 MiB.
2026-10-09T10:28:36Z INFO [806/5000] b3a45eb7-a461-44a6-bf28-120b54a9703e: 27 internal nodes; 1.3 s; peak memory 457 MiB.
2026-10-09T10:28:38Z INFO [807/5000] b3a45eef-94d1-48f4-b308-2081a8012e99: 66 internal nodes; 2.4 s; peak memory 457 MiB.
2026-10-09T10:28:40Z INFO [808/5000] b3a49ebb-94c7-402f-a9d5-45f7c5b12c1f: 23 internal nodes; 1.1 s; peak memory 457 MiB.
2026-10-09T10:28:41Z INFO [809/5000] b3a4ff8d-c009-49a3-ad1b-8a8542ab3885: 34 internal nodes; 1.7 s; peak memory 457 MiB.
2026-10-09T10:28:49Z INFO [810/5000] b3a5564a-777d-492a-8e25-b032b8ae57da: 186 internal nodes; 7.6 s; peak memory 457 MiB.
2026-10-09T10:28:51Z INFO [811/5000] b3a65c95-4b33-48f0-8bbc-e2fff2bec1b5: 69 internal nodes; 1.9 s; peak memory 457 MiB.
2026-10-09T10:28:53Z INFO [812/5000] b3a682f9-fee7-408f-8537-617fcf9b894b: 72 internal nodes; 2.1 s; peak memory 457 MiB.
2026-10-09T10:28:55Z INFO [813/5000] b3a68a61-b123-4fec-a531-d99910cc913a: 66 internal nodes; 2.3 s; peak memory 457 MiB.
2026-10-09T10:28:58Z INFO [814/5000] b3a69916-9a55-4f55-97ad-c5b3a612c83f: 44 internal nodes; 3.3 s; peak memory 457 MiB.
2026-10-09T10:29:00Z INFO [815/5000] b3a7cda1-d9b0-47ac-a2af-13f265ff879c: 17 internal nodes; 1.3 s; peak memory 457 MiB.
2026-10-09T10:29:01Z INFO [816/5000] b3a89985-3774-4803-bdda-57723bd34839: 17 internal nodes; 1.1 s; peak memory 457 MiB.
2026-10-09T10:29:03Z INFO [817/5000] b3a8a762-4efe-420e-a443-722cf5c3a389: 31 internal nodes; 1.8 s; peak memory 457 MiB.
2026-10-09T10:29:04Z INFO [818/5000] b3aa765a-6e34-462f-ac8d-b99694a66d1d: 22 internal nodes; 1.3 s; peak memory 457 MiB.
2026-10-09T10:29:06Z INFO [819/5000] b3aa8aec-daa4-455e-9c7e-2a3428d9200b: 26 internal nodes; 1.7 s; peak memory 457 MiB.
2026-10-09T10:29:08Z INFO [820/5000] b3aa8e86-f77a-4ad8-b3f9-4a75a7f109f4: 44 internal nodes; 2.4 s; peak memory 457 MiB.
2026-10-09T10:29:09Z INFO [821/5000] b3aa9a44-7ce6-418f-ba22-acd2f1ead9bb: 13 internal nodes; 1.2 s; peak memory 457 MiB.
2026-10-09T10:29:11Z INFO [822/5000] b3ab5f0a-8450-48d2-86b2-1c01a2eb5993: 31 internal nodes; 1.2 s; peak memory 457 MiB.
2026-10-09T10:29:12Z INFO [823/5000] b3aba6d1-f873-4f02-aabe-bf2752dbacc2: 26 internal nodes; 1.3 s; peak memory 457 MiB.
2026-10-09T10:29:13Z INFO [824/5000] b3ac35c5-7e27-40c9-bc24-f32148a6be0b: 17 internal nodes; 1.1 s; peak memory 457 MiB.
2026-10-09T10:29:14Z INFO [825/5000] b3ac549b-2e7c-45e3-a03b-63da461d3f93: 17 internal nodes; 1.2 s; peak memory 457 MiB.
2026-10-09T10:29:15Z INFO [826/5000] b3acaca8-d758-4efe-8854-5c6d3fafe14f: 19 internal nodes; 1.3 s; peak memory 457 MiB.
2026-10-09T10:29:17Z INFO [827/5000] b3ad5119-5d64-43e5-ba9a-ae563fd12e37: 27 internal nodes; 1.5 s; peak memory 457 MiB.
2026-10-09T10:29:18Z INFO [828/5000] b3ad7a4f-8ac6-42c5-8208-0f2857eaf014: 17 internal nodes; 0.8 s; peak memory 457 MiB.
2026-10-09T10:29:31Z INFO [829/5000] b3addfb3-9192-4de2-ad6f-96b6a9ee1945: 84 internal nodes; 13.8 s; peak memory 457 MiB.
2026-10-09T10:29:33Z INFO [830/5000] b3ae2532-cd31-4cb3-813b-068795cb9eef: 27 internal nodes; 1.6 s; peak memory 457 MiB.
2026-10-09T10:29:35Z INFO [831/5000] b3aeb108-d1ea-40ea-8287-a0f2e37f09e4: 28 internal nodes; 1.6 s; peak memory 457 MiB.
2026-10-09T10:29:37Z INFO [832/5000] b3af3f8c-508d-4eef-8b67-d3b526ac29cd: 31 internal nodes; 2.0 s; peak memory 457 MiB.
2026-10-09T10:29:46Z INFO [833/5000] b3b0d120-317b-4d53-8cf7-3545afee0e7e: 103 internal nodes; 9.8 s; peak memory 457 MiB.
2026-10-09T10:29:48Z INFO [834/5000] b3b1db30-d10d-4bce-b13f-d7cf9fdb1fef: 23 internal nodes; 1.6 s; peak memory 457 MiB.
2026-10-09T10:29:49Z INFO [835/5000] b3b2aacd-6174-4bce-826d-7d76be09dc5a: 27 internal nodes; 1.3 s; peak memory 457 MiB.
2026-10-09T10:29:51Z INFO [836/5000] b3b2c8d8-78f3-4e1b-a81e-95f678d23cfe: 58 internal nodes; 2.1 s; peak memory 457 MiB.
2026-10-09T10:29:53Z INFO [837/5000] b3b2eb90-57a4-4e35-9cf6-d5cc5ef327c6: 62 internal nodes; 1.9 s; peak memory 457 MiB.
2026-10-09T10:29:54Z INFO [838/5000] b3b30656-050a-4ad6-b2e0-0a8c9c1cef97: 17 internal nodes; 1.0 s; peak memory 457 MiB.
2026-10-09T10:30:02Z INFO [839/5000] b3b31e94-5af1-4a2b-9d10-3311c2e3bd6a: 62 internal nodes; 7.4 s; peak memory 457 MiB.
2026-10-09T10:30:03Z INFO [840/5000] b3b37341-55cd-47b5-8b64-2e80a444f2f0: 61 internal nodes; 1.7 s; peak memory 457 MiB.
2026-10-09T10:30:05Z INFO [841/5000] b3b3a26d-31b2-4da7-a7e3-47a9cc723346: 116 internal nodes; 1.3 s; peak memory 457 MiB.
2026-10-09T10:30:06Z INFO [842/5000] b3b482e4-a34c-4e64-bfd6-08be383badab: 27 internal nodes; 1.4 s; peak memory 457 MiB.
2026-10-09T10:30:07Z INFO [843/5000] b3b4a7b9-829d-4b25-80ad-0184929b6959: 11 internal nodes; 0.9 s; peak memory 457 MiB.
2026-10-09T10:30:08Z INFO [844/5000] b3b5df34-3deb-469b-a6a7-c607af8b9ada: 17 internal nodes; 1.1 s; peak memory 457 MiB.
2026-10-09T10:30:09Z INFO [845/5000] b3b65182-aa24-437a-9b3d-4fe26aa76fa0: 29 internal nodes; 1.3 s; peak memory 457 MiB.
2026-10-09T10:30:11Z INFO [846/5000] b3b70d68-fe58-49eb-a2bc-9ea095878fa8: 17 internal nodes; 1.1 s; peak memory 457 MiB.
2026-10-09T10:30:13Z INFO [847/5000] b3b70ec9-a300-4028-b4fa-4bb0318d33ff: 31 internal nodes; 2.2 s; peak memory 457 MiB.
2026-10-09T10:30:14Z INFO [848/5000] b3b71401-acf6-43ec-bd4f-be97b5fd0466: 17 internal nodes; 1.2 s; peak memory 457 MiB.
2026-10-09T10:30:15Z INFO [849/5000] b3b8738f-5640-4213-ab3f-8fec38f90c73: 17 internal nodes; 1.1 s; peak memory 457 MiB.
2026-10-09T10:30:16Z INFO [850/5000] b3b91698-4e92-491a-ac69-cbaa526fb27e: 17 internal nodes; 1.2 s; peak memory 457 MiB.
2026-10-09T10:30:17Z INFO [850/5000] b3b91698-4e92-491a-ac69-cbaa526fb27e: checkpointed 133488 new records.
2026-10-09T10:30:18Z INFO [851/5000] b3b990f8-7c24-45d5-896b-64efccb8fca6: 11 internal nodes; 1.1 s; peak memory 457 MiB.
2026-10-09T10:30:20Z INFO [852/5000] b3ba3bc7-a9f0-4057-91ef-3158d4451c27: 62 internal nodes; 1.9 s; peak memory 457 MiB.
2026-10-09T10:30:22Z INFO [853/5000] b3ba779c-f163-4fa0-93b0-ec03e68e4ab9: 37 internal nodes; 2.1 s; peak memory 457 MiB.
2026-10-09T10:30:24Z INFO [854/5000] b3bb0703-675f-44b9-b203-a5dce265fcbb: 72 internal nodes; 2.1 s; peak memory 457 MiB.
2026-10-09T10:30:25Z INFO [855/5000] b3bcaf4a-1b2f-4ec2-9342-94f1bf2970a7: 17 internal nodes; 1.2 s; peak memory 457 MiB.
2026-10-09T10:30:28Z INFO [856/5000] b3bdbbcb-0394-4818-ad82-de595a225827: 44 internal nodes; 2.9 s; peak memory 457 MiB.
2026-10-09T10:30:31Z INFO [857/5000] b3be5f5d-0a2b-4fd5-936f-3b5f7865866d: 44 internal nodes; 3.1 s; peak memory 457 MiB.
2026-10-09T10:30:34Z INFO [858/5000] b3bed953-dc6d-4125-b7ad-a673b2d64418: 44 internal nodes; 2.8 s; peak memory 457 MiB.
2026-10-09T10:30:35Z INFO [859/5000] b3c08076-7032-4bb4-9f5a-29a6d3286739: 17 internal nodes; 1.2 s; peak memory 457 MiB.
2026-10-09T10:30:36Z INFO [860/5000] b3c08c15-2448-429a-b7a4-5b7a938c29ee: 27 internal nodes; 1.3 s; peak memory 457 MiB.
2026-10-09T10:30:38Z INFO [861/5000] b3c09a70-707d-4716-bd97-7f4539ad5e02: 27 internal nodes; 1.3 s; peak memory 457 MiB.
2026-10-09T10:30:43Z INFO [862/5000] b3c0ca54-403b-492d-99f5-2e4e13ecc1e4: 103 internal nodes; 4.9 s; peak memory 457 MiB.
2026-10-09T10:30:44Z INFO [863/5000] b3c0efb3-180d-4fd0-b2da-40c6bc0d7127: 60 internal nodes; 1.6 s; peak memory 457 MiB.
2026-10-09T10:30:45Z INFO [864/5000] b3c132ab-1014-4f02-a4d6-9e7e48794a98: 29 internal nodes; 1.3 s; peak memory 457 MiB.
2026-10-09T10:30:46Z INFO [865/5000] b3c1ada5-0cb3-452a-96b4-e0dc417255ed: 11 internal nodes; 1.0 s; peak memory 457 MiB.
2026-10-09T10:30:53Z INFO [866/5000] b3c37c39-c4a7-4a18-a067-09a752250e9c: 162 internal nodes; 7.0 s; peak memory 457 MiB.
2026-10-09T10:30:55Z INFO [867/5000] b3c3db4b-64bf-4147-98b3-075086d1425c: 39 internal nodes; 1.8 s; peak memory 457 MiB.
2026-10-09T10:30:57Z INFO [868/5000] b3c49a5c-03d9-4a87-9bba-6f33412a77d7: 29 internal nodes; 1.8 s; peak memory 457 MiB.
2026-10-09T10:30:58Z INFO [869/5000] b3c53ef1-9c0a-4f61-bacd-c99ead6dfba1: 17 internal nodes; 1.1 s; peak memory 457 MiB.
2026-10-09T10:31:00Z INFO [870/5000] b3c5ca9c-5c97-47bf-abf7-ce7496438aa0: 31 internal nodes; 1.3 s; peak memory 457 MiB.
2026-10-09T10:31:01Z INFO [871/5000] b3c619c3-e13b-4e10-8937-b77adfdb0600: 17 internal nodes; 1.5 s; peak memory 457 MiB.
2026-10-09T10:31:03Z INFO [872/5000] b3c6ce5e-2db0-49fc-befc-ece4a83f31fb: 31 internal nodes; 2.1 s; peak memory 457 MiB.
2026-10-09T10:31:06Z INFO [873/5000] b3c6fc21-8f53-4834-8055-a3b3e316f9bb: 44 internal nodes; 2.9 s; peak memory 457 MiB.
2026-10-09T10:31:07Z INFO [874/5000] b3c7b6fd-844f-4d6f-8ec9-76e9e0d5c582: 13 internal nodes; 1.3 s; peak memory 457 MiB.
2026-10-09T10:31:09Z INFO [875/5000] b3ca2959-c631-49bc-ac4b-c38ed4054f04: 26 internal nodes; 2.0 s; peak memory 457 MiB.
2026-10-09T10:31:30Z INFO [876/5000] b3ca701e-2ada-45f0-ba21-3a0d6a42b437: 135 internal nodes; 20.8 s; peak memory 457 MiB.
2026-10-09T10:31:32Z INFO [877/5000] b3ca8545-5d39-40a2-b8d8-219d1fdeb729: 23 internal nodes; 1.6 s; peak memory 457 MiB.
2026-10-09T10:31:33Z INFO [878/5000] b3cb69e5-580f-4be4-93ba-c93c2cbc78e4: 25 internal nodes; 1.4 s; peak memory 457 MiB.
2026-10-09T10:31:34Z INFO [879/5000] b3cbf198-e73f-4c6c-bf81-a9fb42c198eb: 17 internal nodes; 1.1 s; peak memory 457 MiB.
2026-10-09T10:31:35Z INFO [880/5000] b3ccab37-6819-4c22-ac7c-acea7f50da49: 19 internal nodes; 1.0 s; peak memory 457 MiB.
2026-10-09T10:31:36Z INFO [881/5000] b3cd10df-02ba-4493-8e66-33fb7ba9db47: 17 internal nodes; 1.1 s; peak memory 457 MiB.
2026-10-09T10:31:38Z INFO [882/5000] b3cd68f4-26d1-4f1c-939a-11d994a820bc: 27 internal nodes; 1.2 s; peak memory 457 MiB.
2026-10-09T10:31:39Z INFO [883/5000] b3cda0d4-7c7c-4b0e-a04f-9877b22c6408: 13 internal nodes; 0.9 s; peak memory 457 MiB.
2026-10-09T10:31:54Z INFO [884/5000] b3cda6a8-a2b1-4208-aa69-633ec4b5883d: 220 internal nodes; 15.7 s; peak memory 457 MiB.
2026-10-09T10:31:56Z INFO [885/5000] b3cee26a-4f9f-4bc9-830b-8ac69d1f4f1e: 27 internal nodes; 1.5 s; peak memory 457 MiB.
2026-10-09T10:31:57Z INFO [886/5000] b3cf6ca9-2d81-490e-986f-b382b6bad7cb: 27 internal nodes; 1.2 s; peak memory 457 MiB.
2026-10-09T10:31:59Z INFO [887/5000] b3d05f60-9246-4587-ad7e-453c4d135e05: 29 internal nodes; 1.5 s; peak memory 457 MiB.
2026-10-09T10:32:00Z INFO [888/5000] b3d08b49-845a-4d08-a613-192de9bef4a2: 17 internal nodes; 1.1 s; peak memory 457 MiB.
2026-10-09T10:32:01Z INFO [889/5000] b3d0f330-6670-4bd5-8a5b-c29527849b92: 17 internal nodes; 1.1 s; peak memory 457 MiB.
2026-10-09T10:32:02Z INFO [890/5000] b3d25c7e-15ab-41ef-82c9-ef0d2bc75b13: 13 internal nodes; 1.0 s; peak memory 457 MiB.
2026-10-09T10:32:03Z INFO [891/5000] b3d2f01c-ca40-4bb3-bc96-7b51a3d97b55: 17 internal nodes; 1.2 s; peak memory 457 MiB.
2026-10-09T10:32:13Z INFO [892/5000] b3d31041-837c-4909-9d3d-fc52c591028e: 56 internal nodes; 10.4 s; peak memory 457 MiB.
2026-10-09T10:32:14Z INFO [893/5000] b3d3f8e5-1563-4987-ad93-81b020602850: 17 internal nodes; 0.9 s; peak memory 457 MiB.
2026-10-09T10:32:16Z INFO [894/5000] b3d47b1b-b4a8-4eb1-8820-3ed0526c4d3a: 69 internal nodes; 2.0 s; peak memory 457 MiB.
2026-10-09T10:32:17Z INFO [895/5000] b3d48677-9991-41ff-9f17-5a1818d96fa2: 11 internal nodes; 0.8 s; peak memory 457 MiB.
2026-10-09T10:32:19Z INFO [896/5000] b3d49514-b0b5-461e-818a-0998707ce937: 22 internal nodes; 1.5 s; peak memory 457 MiB.
2026-10-09T10:32:19Z INFO [897/5000] b3d50c96-e0fd-4e7e-89d4-08b891368ab8: 13 internal nodes; 0.7 s; peak memory 457 MiB.
2026-10-09T10:32:21Z INFO [898/5000] b3d5250d-4008-48db-85bd-880cd123668c: 27 internal nodes; 1.5 s; peak memory 457 MiB.
2026-10-09T10:32:22Z INFO [899/5000] b3d5ec75-436f-4cdf-9d08-3f70bdb3dba5: 20 internal nodes; 0.9 s; peak memory 457 MiB.
2026-10-09T10:32:23Z INFO [900/5000] b3d6116c-b926-4c23-859b-5fc5d5e6ea42: 17 internal nodes; 1.2 s; peak memory 457 MiB.
2026-10-09T10:32:23Z INFO [900/5000] b3d6116c-b926-4c23-859b-5fc5d5e6ea42: checkpointed 133538 new records.
2026-10-09T10:32:25Z INFO [901/5000] b3d6ae3a-82dd-4943-ad06-14948f63b2c0: 66 internal nodes; 1.8 s; peak memory 457 MiB.
2026-10-09T10:32:27Z INFO [902/5000] b3d6e22b-cb1c-4aa5-abf0-19f055c3b98d: 17 internal nodes; 1.3 s; peak memory 457 MiB.
2026-10-09T10:32:34Z INFO [903/5000] b3d7c5bb-e9a0-4ee5-9a0b-88f81226be34: 157 internal nodes; 7.7 s; peak memory 457 MiB.
2026-10-09T10:32:36Z INFO [904/5000] b3d7eeca-e807-41f9-bf60-b96b1399dd94: 31 internal nodes; 1.6 s; peak memory 457 MiB.
2026-10-09T10:32:42Z INFO [905/5000] b3d89ae9-2db3-451c-8ee6-919999cce627: 113 internal nodes; 6.2 s; peak memory 457 MiB.
2026-10-09T10:32:43Z INFO [906/5000] b3da088d-dd19-4215-90ef-9d2d78c557fd: 17 internal nodes; 1.3 s; peak memory 457 MiB.
2026-10-09T10:32:44Z INFO [907/5000] b3daa165-f3ef-4857-aa7a-bd024c338a00: 17 internal nodes; 1.1 s; peak memory 457 MiB.
2026-10-09T10:32:48Z INFO [908/5000] b3dbbcd5-50f9-4cb7-bd40-061c74a752f9: 44 internal nodes; 3.1 s; peak memory 457 MiB.
2026-10-09T10:32:49Z INFO [909/5000] b3dc89d6-99b2-468c-b668-8973c2e7f9db: 17 internal nodes; 1.1 s; peak memory 457 MiB.
2026-10-09T10:32:50Z INFO [910/5000] b3dce846-05fe-49a3-bdc9-7a91bc661199: 61 internal nodes; 1.7 s; peak memory 457 MiB.
2026-10-09T10:33:45Z INFO [911/5000] b3dd929b-1ef9-4e18-9de8-9eccee1ce4de: 1261 internal nodes; 54.8 s; peak memory 457 MiB.
2026-10-09T10:33:47Z INFO [912/5000] b3dfbb85-e401-44e2-9e44-b7892537fc10: 35 internal nodes; 1.7 s; peak memory 457 MiB.
2026-10-09T10:33:55Z INFO [913/5000] b3e00d7f-63be-4d09-8934-ed9bbae02d13: 207 internal nodes; 8.2 s; peak memory 457 MiB.
2026-10-09T10:33:59Z INFO [914/5000] b3e0ad36-35aa-4f15-9bb1-a62d8c59f802: 46 internal nodes; 3.6 s; peak memory 457 MiB.
2026-10-09T10:34:00Z INFO [915/5000] b3e12233-c257-4d00-a85a-6f0c2270511a: 26 internal nodes; 1.1 s; peak memory 457 MiB.
2026-10-09T10:34:01Z INFO [916/5000] b3e15578-55e7-49b0-adf2-b0e1a1e7b040: 27 internal nodes; 1.3 s; peak memory 457 MiB.
2026-10-09T10:34:02Z INFO [917/5000] b3e1dd71-60b9-4a35-9101-18ea27601ae3: 90 internal nodes; 1.2 s; peak memory 457 MiB.
2026-10-09T10:34:05Z INFO [918/5000] b3e1f445-2f3a-4866-9ced-65f1f21ba74d: 41 internal nodes; 2.9 s; peak memory 457 MiB.
2026-10-09T10:34:06Z INFO [919/5000] b3e1f525-28c4-4b6e-a841-07f80006b59d: 17 internal nodes; 1.2 s; peak memory 457 MiB.
2026-10-09T10:34:08Z INFO [920/5000] b3e29fcf-4c80-4d3e-8b6c-8e92debced88: 31 internal nodes; 1.3 s; peak memory 457 MiB.
2026-10-09T10:34:09Z INFO [921/5000] b3e2a5a1-8d0c-43f3-82b1-164b2f197804: 17 internal nodes; 1.1 s; peak memory 457 MiB.
2026-10-09T10:34:10Z INFO [922/5000] b3e34db1-ac81-421a-906c-f7f7c2b9fd5f: 17 internal nodes; 1.2 s; peak memory 457 MiB.
2026-10-09T10:34:21Z INFO [923/5000] b3e4c6ec-8ddd-4cd1-ba83-7dc34485641d: 83 internal nodes; 11.1 s; peak memory 457 MiB.
2026-10-09T10:34:22Z INFO [924/5000] b3e68eed-e05d-4181-ad3b-06efa901ad7c: 18 internal nodes; 1.0 s; peak memory 457 MiB.
2026-10-09T10:34:28Z INFO [925/5000] b3e91593-afc0-4202-a2a8-8bd94825a394: 58 internal nodes; 5.6 s; peak memory 457 MiB.
2026-10-09T10:34:29Z INFO [926/5000] b3e93523-fd78-4993-8207-b69b83d1e501: 31 internal nodes; 1.7 s; peak memory 457 MiB.
2026-10-09T10:34:42Z INFO [927/5000] b3e94f9c-f526-43b9-b511-19b21a338648: 269 internal nodes; 12.2 s; peak memory 457 MiB.
2026-10-09T10:34:45Z INFO [928/5000] b3e996ac-b058-4238-a561-ea16dd36fe7d: 44 internal nodes; 3.0 s; peak memory 457 MiB.
2026-10-09T10:34:48Z INFO [929/5000] b3e9d518-920e-43a9-9104-600d045eb9df: 46 internal nodes; 3.4 s; peak memory 457 MiB.
2026-10-09T10:34:49Z INFO [930/5000] b3ea8808-8bbc-4bf2-9646-d26c112efb18: 17 internal nodes; 1.2 s; peak memory 457 MiB.
2026-10-09T10:34:50Z INFO [931/5000] b3ea95a1-2ca0-485b-af21-8efc45e68993: 17 internal nodes; 1.1 s; peak memory 457 MiB.
2026-10-09T10:34:52Z INFO [932/5000] b3eb609b-9332-4362-a72c-646df73d148f: 31 internal nodes; 1.7 s; peak memory 457 MiB.
2026-10-09T10:34:53Z INFO [933/5000] b3eb9756-ab64-42d3-9746-f8653242068c: 17 internal nodes; 1.1 s; peak memory 457 MiB.
2026-10-09T10:34:54Z INFO [934/5000] b3ebafe4-d6a1-409a-b49d-67f766c95ded: 11 internal nodes; 0.7 s; peak memory 457 MiB.
2026-10-09T10:34:55Z INFO [935/5000] b3ed14f5-d059-433f-85e2-0d3238fc5760: 11 internal nodes; 0.8 s; peak memory 457 MiB.
2026-10-09T10:34:56Z INFO [936/5000] b3ed3b29-0227-4dbc-9a01-183358d43c7a: 27 internal nodes; 1.3 s; peak memory 457 MiB.
2026-10-09T10:34:57Z INFO [937/5000] b3ed5c47-1a6d-4526-8093-476f72553ee3: 15 internal nodes; 1.0 s; peak memory 457 MiB.
2026-10-09T10:34:58Z INFO [938/5000] b3ee9e63-627e-4ca1-8f34-93d8af765ffd: 13 internal nodes; 1.2 s; peak memory 457 MiB.
2026-10-09T10:34:59Z INFO [939/5000] b3eec031-81d0-4192-99c5-a6b47bd61f5f: 114 internal nodes; 1.1 s; peak memory 457 MiB.
2026-10-09T10:35:06Z INFO [940/5000] b3ef1059-f2a2-46c5-9153-c98807c77667: 73 internal nodes; 7.1 s; peak memory 457 MiB.
2026-10-09T10:35:18Z INFO [941/5000] b3ef9c2a-5e44-476d-94c6-3dda02003de7: 219 internal nodes; 11.4 s; peak memory 457 MiB.
2026-10-09T10:35:19Z INFO [942/5000] b3efb7fe-4e0c-49e1-96dd-aca0477f2426: 13 internal nodes; 1.4 s; peak memory 457 MiB.
2026-10-09T10:35:20Z INFO [943/5000] b3f03707-b4bf-4431-8f68-fe9d588655b5: 86 internal nodes; 1.3 s; peak memory 457 MiB.
2026-10-09T10:35:21Z INFO [944/5000] b3f0d0dd-5def-4544-af9c-727ae873d86c: 13 internal nodes; 0.9 s; peak memory 457 MiB.
2026-10-09T10:35:22Z INFO [945/5000] b3f0d1d9-8b8a-486f-9858-d2a87bb8685a: 27 internal nodes; 1.3 s; peak memory 457 MiB.
2026-10-09T10:35:23Z INFO [946/5000] b3f14d79-3dde-4fdf-a841-114ad0ac273f: 28 internal nodes; 1.0 s; peak memory 457 MiB.
2026-10-09T10:37:16Z INFO [947/5000] b3f179a1-0624-42fa-8f53-c3bba344a4a5: 577 internal nodes; 112.1 s; peak memory 457 MiB.
2026-10-09T10:37:17Z INFO [948/5000] b3f21029-2de8-4987-87af-4667e9a45cdb: 17 internal nodes; 1.2 s; peak memory 457 MiB.
2026-10-09T10:37:20Z INFO [949/5000] b3f3879f-44ae-4f85-bb31-1cd1a1e207db: 46 internal nodes; 3.5 s; peak memory 457 MiB.
2026-10-09T10:37:21Z INFO [950/5000] b3f44a17-6bb8-4d41-81f1-d295ada1a630: 17 internal nodes; 0.8 s; peak memory 457 MiB.
2026-10-09T10:37:22Z INFO [950/5000] b3f44a17-6bb8-4d41-81f1-d295ada1a630: checkpointed 133588 new records.
2026-10-09T10:37:23Z INFO [951/5000] b3f4a024-fdce-4efe-9975-f32776713a1f: 55 internal nodes; 1.6 s; peak memory 457 MiB.
2026-10-09T10:37:24Z INFO [952/5000] b3f4de9e-6239-423f-8a36-4db061e0c589: 27 internal nodes; 1.3 s; peak memory 457 MiB.
2026-10-09T10:37:26Z INFO [953/5000] b3f78926-ebda-4e13-8b94-2f00a3ea0f29: 14 internal nodes; 1.1 s; peak memory 457 MiB.
2026-10-09T10:37:26Z INFO [954/5000] b3f7eea6-f21b-4692-87b5-299c8a3d3626: 11 internal nodes; 0.8 s; peak memory 457 MiB.
2026-10-09T10:37:28Z INFO [955/5000] b3f7eeb4-924f-4f0b-b5e2-4fe4af0e9c07: 27 internal nodes; 1.2 s; peak memory 457 MiB.
2026-10-09T10:37:29Z INFO [956/5000] b3f81cbb-fe5a-43d1-b80a-3890c44fe347: 31 internal nodes; 1.7 s; peak memory 457 MiB.
2026-10-09T10:37:30Z INFO [957/5000] b3f8317c-2607-4cab-983b-37c71c5a0836: 17 internal nodes; 1.1 s; peak memory 457 MiB.
2026-10-09T10:37:32Z INFO [958/5000] b3fa12b6-bcdc-4dc4-a7d0-5714eaa911fc: 27 internal nodes; 1.2 s; peak memory 457 MiB.
2026-10-09T10:37:33Z INFO [959/5000] b3fa54e6-6551-4810-8663-aa579e4f3a50: 63 internal nodes; 1.8 s; peak memory 457 MiB.
2026-10-09T10:37:34Z INFO [960/5000] b3fa6b82-4e4f-4951-b589-de4369d30472: 11 internal nodes; 0.8 s; peak memory 457 MiB.
2026-10-09T10:37:36Z INFO [961/5000] b3fb7917-9184-4b72-8a02-e46ebfedecd5: 22 internal nodes; 1.5 s; peak memory 457 MiB.
2026-10-09T10:37:37Z INFO [962/5000] b3fc1c2f-2033-4dba-b5f5-4a9b3e716110: 27 internal nodes; 1.2 s; peak memory 457 MiB.
2026-10-09T10:37:38Z INFO [963/5000] b3fcc3ac-55a9-4964-b07f-10571f5048f9: 17 internal nodes; 1.2 s; peak memory 457 MiB.
2026-10-09T10:37:40Z INFO [964/5000] b3fd2c94-7fb7-48d9-8d21-5f31f1793edd: 24 internal nodes; 1.8 s; peak memory 457 MiB.
2026-10-09T10:37:41Z INFO [965/5000] b3fd7d76-1b59-4b97-b950-0986ed51daea: 29 internal nodes; 1.4 s; peak memory 457 MiB.
2026-10-09T10:37:42Z INFO [966/5000] b3fd8f17-6bd5-42f7-b7c0-5a6659a86725: 17 internal nodes; 1.2 s; peak memory 457 MiB.
2026-10-09T10:37:49Z INFO [967/5000] b3fdf243-5274-4911-b415-abbc2edc0b20: 177 internal nodes; 6.1 s; peak memory 457 MiB.
2026-10-09T10:37:50Z INFO [968/5000] b3fe3201-b8c2-4866-b0c1-f1515a8ef3db: 17 internal nodes; 1.2 s; peak memory 457 MiB.
2026-10-09T10:38:03Z INFO [969/5000] b3fe9561-b595-456e-9507-14238c562bb2: 245 internal nodes; 13.4 s; peak memory 457 MiB.
2026-10-09T10:38:05Z INFO [970/5000] b3febc2d-f77b-4ba5-ad04-007b87e9d106: 29 internal nodes; 1.6 s; peak memory 457 MiB.
2026-10-09T10:38:07Z INFO [971/5000] b3fffbf2-bc67-40b8-8b9b-3fac8940b550: 31 internal nodes; 1.9 s; peak memory 457 MiB.
2026-10-09T10:38:13Z INFO [972/5000] b4000340-10d8-4478-a0b1-c3a41b6c7ece: 73 internal nodes; 6.2 s; peak memory 457 MiB.
2026-10-09T10:38:14Z INFO [973/5000] b40011ab-a3a2-429e-af94-b0ef0a28e2b5: 13 internal nodes; 1.3 s; peak memory 457 MiB.
2026-10-09T10:38:16Z INFO [974/5000] b400b7bb-65e4-46a2-9325-6ee940ca078f: 44 internal nodes; 2.2 s; peak memory 457 MiB.
2026-10-09T10:38:17Z INFO [975/5000] b4011190-7c4a-43aa-aea9-e555df9cd067: 11 internal nodes; 1.0 s; peak memory 457 MiB.
2026-10-09T10:38:19Z INFO [976/5000] b4022e87-2b37-41e7-bc43-162ec344f6c1: 61 internal nodes; 1.9 s; peak memory 457 MiB.
2026-10-09T10:38:21Z INFO [977/5000] b4025503-6b2a-4013-8854-09864ec13e62: 25 internal nodes; 1.4 s; peak memory 457 MiB.
2026-10-09T10:38:22Z INFO [978/5000] b402812f-ebb2-490f-8346-b10540483b25: 17 internal nodes; 1.1 s; peak memory 457 MiB.
2026-10-09T10:38:26Z INFO [979/5000] b402b403-91a4-480c-86c1-a35bd76113c0: 107 internal nodes; 4.3 s; peak memory 457 MiB.
2026-10-09T10:38:27Z INFO [980/5000] b402d6ee-3e94-4289-bdf8-b514f184ded2: 29 internal nodes; 1.5 s; peak memory 457 MiB.
2026-10-09T10:38:32Z INFO [981/5000] b4035887-4af0-4163-adc1-b30c1c66ba0e: 107 internal nodes; 4.6 s; peak memory 457 MiB.
2026-10-09T10:38:33Z INFO [982/5000] b40379b7-2c99-4612-bd57-c6e5f05d8fdc: 17 internal nodes; 1.1 s; peak memory 457 MiB.
2026-10-09T10:38:37Z INFO [983/5000] b4038815-ed67-4336-9857-b3da763bd9ce: 42 internal nodes; 3.5 s; peak memory 457 MiB.
2026-10-09T10:38:38Z INFO [984/5000] b403a17c-c97c-44a4-b9fb-f6c7debc90aa: 17 internal nodes; 1.4 s; peak memory 457 MiB.
2026-10-09T10:38:40Z INFO [985/5000] b4045623-6925-4454-b82b-e652391279f1: 31 internal nodes; 1.8 s; peak memory 457 MiB.
2026-10-09T10:38:41Z INFO [986/5000] b404abdb-8892-4180-853f-fded031e358d: 27 internal nodes; 1.4 s; peak memory 457 MiB.
2026-10-09T10:38:42Z INFO [987/5000] b404cef5-1f0c-4929-99ab-62ea656f8102: 11 internal nodes; 0.8 s; peak memory 457 MiB.
2026-10-09T10:38:43Z INFO [988/5000] b4059442-264e-4b8f-9c6c-419ac932069e: 17 internal nodes; 1.0 s; peak memory 457 MiB.
2026-10-09T10:38:44Z INFO [989/5000] b406660f-43f2-4464-af4a-7cb9c2fe7aa2: 11 internal nodes; 1.0 s; peak memory 457 MiB.
2026-10-09T10:38:45Z INFO [990/5000] b406f5e4-70ff-4e8c-a910-58d17957e20a: 17 internal nodes; 0.8 s; peak memory 457 MiB.
2026-10-09T10:38:47Z INFO [991/5000] b4085b19-554b-4c08-b947-56ffa9c04dc3: 29 internal nodes; 1.8 s; peak memory 457 MiB.
2026-10-09T10:38:48Z INFO [992/5000] b40897f3-1b38-4d4b-bd14-81bc09550342: 31 internal nodes; 1.7 s; peak memory 457 MiB.
2026-10-09T10:38:50Z INFO [993/5000] b408cd9f-7218-4681-97be-5b10d2c81c4c: 53 internal nodes; 1.7 s; peak memory 457 MiB.
2026-10-09T10:38:51Z INFO [994/5000] b408e2a7-3c25-4134-8df3-553933e5ae02: 27 internal nodes; 1.2 s; peak memory 457 MiB.
2026-10-09T10:38:52Z INFO [995/5000] b4097199-c648-40ca-8419-2a316f418d55: 27 internal nodes; 1.2 s; peak memory 457 MiB.
2026-10-09T10:38:54Z INFO [996/5000] b4097754-6a27-44ad-a5cf-5fcd7cc8b01a: 67 internal nodes; 2.0 s; peak memory 457 MiB.
2026-10-09T10:38:56Z INFO [997/5000] b40a3d8e-cd93-4923-ad08-4aa54c540b0e: 17 internal nodes; 1.2 s; peak memory 457 MiB.
2026-10-09T10:38:58Z INFO [998/5000] b40ab4d6-5aeb-424a-82b3-291675688731: 44 internal nodes; 2.8 s; peak memory 457 MiB.
2026-10-09T10:39:00Z INFO [999/5000] b40abb43-4b38-4c33-a627-4e28ec5971bc: 27 internal nodes; 1.2 s; peak memory 457 MiB.
2026-10-09T10:39:01Z INFO [1000/5000] b40ad29c-ebe4-4a3b-a4d6-f6b2857b743b: 23 internal nodes; 1.2 s; peak memory 457 MiB.
2026-10-09T10:39:01Z INFO [1000/5000] b40ad29c-ebe4-4a3b-a4d6-f6b2857b743b: checkpointed 133638 new records.
2026-10-09T10:39:02Z INFO [1001/5000] b40b005a-939e-4d73-b192-0cd1cbbded35: 17 internal nodes; 1.1 s; peak memory 457 MiB.
2026-10-09T10:39:03Z INFO [1002/5000] b40b0bf3-6b84-4f38-93b5-72d9dbb7f6d8: 29 internal nodes; 1.0 s; peak memory 457 MiB.
2026-10-09T10:39:11Z INFO [1003/5000] b40c4a61-a103-4303-9173-a1bab76e5b0c: 637 internal nodes; 7.6 s; peak memory 457 MiB.
2026-10-09T10:39:22Z INFO [1004/5000] b40d561c-5df9-4142-9728-34761d20d5cb: 344 internal nodes; 10.9 s; peak memory 457 MiB.
2026-10-09T10:39:24Z INFO [1005/5000] b40d6802-7f25-472b-a66c-e4a1f16ce20c: 44 internal nodes; 2.5 s; peak memory 457 MiB.
2026-10-09T10:39:26Z INFO [1006/5000] b40e6cac-68f5-467d-bd53-29bfa8c14d8d: 63 internal nodes; 1.2 s; peak memory 457 MiB.
2026-10-09T10:39:28Z INFO [1007/5000] b40e85fa-5243-4bf5-8d8b-bf20d168750b: 44 internal nodes; 2.8 s; peak memory 457 MiB.
2026-10-09T10:39:30Z INFO [1008/5000] b40ec3f5-6aa4-48e0-8746-65cb77c51759: 20 internal nodes; 1.3 s; peak memory 457 MiB.
2026-10-09T10:39:32Z INFO [1009/5000] b40fdc60-ba23-4568-9680-571c99bcb37e: 54 internal nodes; 1.9 s; peak memory 457 MiB.
2026-10-09T10:39:34Z INFO [1010/5000] b4101f17-53b0-46f1-8bdd-96ffaf6b0163: 37 internal nodes; 2.0 s; peak memory 457 MiB.
2026-10-09T10:39:35Z INFO [1011/5000] b41055ee-9acd-42e8-be5c-5dee3c51b7e6: 29 internal nodes; 1.7 s; peak memory 457 MiB.
2026-10-09T10:39:37Z INFO [1012/5000] b4122b4e-03a7-4b97-a08c-ae697408cb3c: 27 internal nodes; 1.3 s; peak memory 457 MiB.
2026-10-09T10:39:37Z INFO [1013/5000] b41261fa-c622-4791-83ba-fd5f52bacf28: 13 internal nodes; 0.8 s; peak memory 457 MiB.
2026-10-09T10:39:45Z INFO [1014/5000] b4137eca-5f92-4314-9c8e-3ca8c8c460e5: 66 internal nodes; 8.0 s; peak memory 457 MiB.
2026-10-09T10:39:48Z INFO [1015/5000] b413a7ef-b142-4e22-a3e5-ae4b48f240cf: 37 internal nodes; 2.3 s; peak memory 457 MiB.
2026-10-09T10:39:50Z INFO [1016/5000] b4144c8a-d831-4628-9b28-89f6b1b19163: 66 internal nodes; 1.8 s; peak memory 457 MiB.
2026-10-09T10:39:52Z INFO [1017/5000] b41469dd-f696-42d4-9459-68a73d2398db: 45 internal nodes; 2.7 s; peak memory 457 MiB.
2026-10-09T10:39:53Z INFO [1018/5000] b414c410-e263-4bfd-9840-55be2d90a5f4: 17 internal nodes; 1.2 s; peak memory 457 MiB.
2026-10-09T10:39:55Z INFO [1019/5000] b4152f6b-dcff-416d-8e74-da9681daf407: 17 internal nodes; 1.2 s; peak memory 457 MiB.
2026-10-09T10:39:56Z INFO [1020/5000] b415c30d-81c1-4f8c-9a50-f349e1126e77: 17 internal nodes; 1.1 s; peak memory 457 MiB.
2026-10-09T10:39:57Z INFO [1021/5000] b415d9bb-cbe5-443a-bac0-adb025b71903: 11 internal nodes; 0.8 s; peak memory 457 MiB.
2026-10-09T10:39:58Z INFO [1022/5000] b41681ef-5f97-46d5-856d-6b126328de75: 17 internal nodes; 1.2 s; peak memory 457 MiB.
2026-10-09T10:39:59Z INFO [1023/5000] b4168693-9104-4583-9915-70fe04663335: 90 internal nodes; 1.2 s; peak memory 457 MiB.
2026-10-09T10:40:01Z INFO [1024/5000] b4177601-4ec7-4a17-a9ed-3f21e808a8fd: 31 internal nodes; 1.7 s; peak memory 457 MiB.
2026-10-09T10:40:02Z INFO [1025/5000] b417c05e-d6f2-4e04-a602-63202b14fae0: 17 internal nodes; 1.3 s; peak memory 457 MiB.
2026-10-09T10:40:03Z INFO [1026/5000] b418938f-a394-43ca-81b8-7f41a6484c95: 31 internal nodes; 1.3 s; peak memory 457 MiB.
2026-10-09T10:40:07Z INFO [1027/5000] b418f7b3-6c1e-4d85-aca3-7c80bd76edd4: 46 internal nodes; 3.6 s; peak memory 457 MiB.
2026-10-09T10:40:08Z INFO [1028/5000] b41a4a03-e288-4ffd-ab45-ef8b2e934f9d: 22 internal nodes; 1.4 s; peak memory 457 MiB.
2026-10-09T10:40:10Z INFO [1029/5000] b41b509f-47de-43fe-9805-0bb4a90f5ffa: 66 internal nodes; 1.8 s; peak memory 457 MiB.
2026-10-09T10:40:11Z INFO [1030/5000] b41b7f56-0c41-48c9-807e-51a96dea5f25: 13 internal nodes; 1.0 s; peak memory 457 MiB.
2026-10-09T10:40:12Z INFO [1031/5000] b41c5499-1f71-4238-bcb4-7c11f87d21f6: 26 internal nodes; 0.8 s; peak memory 457 MiB.
2026-10-09T10:40:15Z INFO [1032/5000] b41c5da0-9fb8-4d3b-af62-da7e6a0f08c2: 45 internal nodes; 2.9 s; peak memory 457 MiB.
2026-10-09T10:40:17Z INFO [1033/5000] b41ccfa8-99d4-45ba-849b-563e61363273: 37 internal nodes; 2.1 s; peak memory 457 MiB.
2026-10-09T10:40:21Z INFO [1034/5000] b41d1425-193f-4717-aea0-89bd9e3fa439: 53 internal nodes; 4.3 s; peak memory 457 MiB.
2026-10-09T10:40:25Z INFO [1035/5000] b41de3cc-b765-4586-9eb2-03c862184675: 46 internal nodes; 3.8 s; peak memory 457 MiB.
2026-10-09T10:40:26Z INFO [1036/5000] b41e5065-4978-4c1b-8974-fa1e4242db10: 27 internal nodes; 1.5 s; peak memory 457 MiB.
2026-10-09T10:40:28Z INFO [1037/5000] b41f23ac-ab5d-4683-a0ee-6f756e053745: 65 internal nodes; 1.8 s; peak memory 457 MiB.
2026-10-09T10:40:30Z INFO [1038/5000] b41f78b3-8067-4109-84d8-b42ef42f0f14: 31 internal nodes; 1.7 s; peak memory 457 MiB.
2026-10-09T10:40:31Z INFO [1039/5000] b4203dc2-c11d-4e8e-bc2d-7dc927306b79: 15 internal nodes; 0.9 s; peak memory 457 MiB.
2026-10-09T10:40:32Z INFO [1040/5000] b420658b-36b2-483a-8b9b-399dabd13e0a: 17 internal nodes; 1.1 s; peak memory 457 MiB.
2026-10-09T10:40:35Z INFO [1041/5000] b420666a-8856-4365-a895-fea8d395711b: 46 internal nodes; 3.2 s; peak memory 457 MiB.
2026-10-09T10:40:36Z INFO [1042/5000] b42080cf-cb1e-4a1b-ad75-5dea7d30ad4f: 115 internal nodes; 1.3 s; peak memory 457 MiB.
2026-10-09T10:40:38Z INFO [1043/5000] b420d18e-234f-4cf2-9522-1028d1a12f5d: 13 internal nodes; 1.2 s; peak memory 457 MiB.
2026-10-09T10:40:39Z INFO [1044/5000] b421219d-8994-46e1-b393-a834d6f8d63b: 17 internal nodes; 1.2 s; peak memory 457 MiB.
2026-10-09T10:40:40Z INFO [1045/5000] b4223fae-30f6-49ec-aecb-7e3e0dc73f3f: 27 internal nodes; 1.3 s; peak memory 457 MiB.
2026-10-09T10:40:42Z INFO [1046/5000] b422ff46-dc96-4fc9-b2d2-18ebf3218805: 60 internal nodes; 1.5 s; peak memory 457 MiB.
2026-10-09T10:40:52Z INFO [1047/5000] b4243a87-22f2-4a93-b030-f8a5f25dd8cc: 83 internal nodes; 10.2 s; peak memory 457 MiB.
2026-10-09T10:40:53Z INFO [1048/5000] b4249e89-d4d2-4f3a-849c-0556fcb3ed18: 17 internal nodes; 1.2 s; peak memory 457 MiB.
2026-10-09T10:40:55Z INFO [1049/5000] b4249faf-ca14-4ee1-8b06-fae5bfee7bfc: 61 internal nodes; 2.0 s; peak memory 457 MiB.
2026-10-09T10:40:56Z INFO [1050/5000] b424a712-3869-465f-9dcb-2b6d7e9a6b72: 20 internal nodes; 0.8 s; peak memory 457 MiB.
2026-10-09T10:40:56Z INFO [1050/5000] b424a712-3869-465f-9dcb-2b6d7e9a6b72: checkpointed 133688 new records.
2026-10-09T10:40:58Z INFO [1051/5000] b424cd9a-82b0-45ea-9da4-468a1ef6d1d1: 35 internal nodes; 1.7 s; peak memory 457 MiB.
2026-10-09T10:41:00Z INFO [1052/5000] b4252615-5907-47b4-b107-994acd5a5c21: 72 internal nodes; 2.0 s; peak memory 457 MiB.
2026-10-09T10:41:07Z INFO [1053/5000] b4257be1-d66b-45a5-8e42-012ee21366c7: 131 internal nodes; 6.8 s; peak memory 457 MiB.
2026-10-09T10:41:09Z INFO [1054/5000] b4265032-ea08-45d3-b9d3-18d563f6c988: 39 internal nodes; 2.2 s; peak memory 457 MiB.
2026-10-09T10:41:10Z INFO [1055/5000] b4268eca-e601-4b8a-9ba3-ce227bb07b9e: 11 internal nodes; 1.1 s; peak memory 457 MiB.
2026-10-09T10:41:11Z INFO [1056/5000] b4272eff-40ba-4b9a-bf51-86c5e9290a1e: 17 internal nodes; 1.3 s; peak memory 457 MiB.
2026-10-09T10:41:13Z INFO [1057/5000] b4279347-ca6d-415b-b5fd-d66ffa15a9f8: 17 internal nodes; 1.1 s; peak memory 457 MiB.
2026-10-09T10:41:14Z INFO [1058/5000] b428900e-c1d5-4f30-942f-526630097fc9: 27 internal nodes; 1.2 s; peak memory 457 MiB.
2026-10-09T10:41:17Z INFO [1059/5000] b42894ea-c35b-4025-8dfe-56b54cb694fd: 38 internal nodes; 3.3 s; peak memory 457 MiB.
2026-10-09T10:41:18Z INFO [1060/5000] b428c45f-9c00-4c76-8555-cff5727000bb: 27 internal nodes; 1.3 s; peak memory 457 MiB.
2026-10-09T10:41:20Z INFO [1061/5000] b429643b-9ce7-41d8-981b-a92943b4321d: 17 internal nodes; 1.1 s; peak memory 457 MiB.
2026-10-09T10:41:22Z INFO [1062/5000] b4297cfb-0d50-4a7e-8ba0-188b940c8066: 67 internal nodes; 2.0 s; peak memory 457 MiB.
2026-10-09T10:41:23Z INFO [1063/5000] b42e0657-5c51-46ad-a92e-6e5bf8edcd1c: 27 internal nodes; 1.5 s; peak memory 457 MiB.
2026-10-09T10:41:24Z INFO [1064/5000] b42e4543-010a-4bde-b9bb-6a7554852642: 17 internal nodes; 1.1 s; peak memory 457 MiB.
2026-10-09T10:41:33Z INFO [1065/5000] b42e57ea-d21c-4f34-9233-1e0d2a819fbf: 210 internal nodes; 9.3 s; peak memory 457 MiB.
2026-10-09T10:41:35Z INFO [1066/5000] b42e61bb-3b48-4d1f-8f5c-2ce0c78b63fa: 27 internal nodes; 1.3 s; peak memory 457 MiB.
2026-10-09T10:41:37Z INFO [1067/5000] b42e8f42-a859-4a1c-9534-9ce1ff3bcfa0: 29 internal nodes; 2.0 s; peak memory 457 MiB.
2026-10-09T10:41:38Z INFO [1068/5000] b42ec836-3161-43df-9605-2944d07ceba8: 17 internal nodes; 1.1 s; peak memory 457 MiB.
2026-10-09T10:41:39Z INFO [1069/5000] b42ec8da-6294-4a1f-a12d-3215e7947e8f: 27 internal nodes; 1.4 s; peak memory 457 MiB.
2026-10-09T10:41:41Z INFO [1070/5000] b42eea60-1eaf-4c57-a61b-6e4782abd3c4: 17 internal nodes; 1.3 s; peak memory 457 MiB.
2026-10-09T10:41:43Z INFO [1071/5000] b42eedd2-539f-4236-8053-c37478427746: 59 internal nodes; 2.4 s; peak memory 457 MiB.
2026-10-09T10:41:44Z INFO [1072/5000] b42efdd8-1279-4fe9-9f01-7d5049393ea0: 26 internal nodes; 1.0 s; peak memory 457 MiB.
2026-10-09T10:41:46Z INFO [1073/5000] b4300c57-477d-4042-bf23-16154ba64327: 69 internal nodes; 1.9 s; peak memory 457 MiB.
2026-10-09T10:41:47Z INFO [1074/5000] b4302b42-54b8-45ec-a2b0-12974d8da240: 31 internal nodes; 1.6 s; peak memory 457 MiB.
2026-10-09T10:41:49Z INFO [1075/5000] b4314459-bc3a-4ba9-a2b8-ed0a54693130: 15 internal nodes; 1.1 s; peak memory 457 MiB.
2026-10-09T10:41:50Z INFO [1076/5000] b4318912-df26-41ed-9b6b-cb62d96afc94: 19 internal nodes; 1.3 s; peak memory 457 MiB.
2026-10-09T10:41:51Z INFO [1077/5000] b431fd4c-fb39-4914-9bc8-f04f6b20471d: 27 internal nodes; 1.1 s; peak memory 457 MiB.
2026-10-09T10:41:52Z INFO [1078/5000] b4335bd8-3717-44f6-b5eb-2f4cabe30a2b: 17 internal nodes; 1.1 s; peak memory 457 MiB.
2026-10-09T10:41:59Z INFO [1079/5000] b4339c24-4077-4406-b6cd-d0ebbcafcab0: 41 internal nodes; 6.7 s; peak memory 457 MiB.
2026-10-09T10:42:00Z INFO [1080/5000] b4359765-5f22-4103-9fe5-9a0b5817d314: 19 internal nodes; 1.5 s; peak memory 457 MiB.
2026-10-09T10:42:01Z INFO [1081/5000] b435fa99-9351-42d1-81f1-d6f63b90969d: 17 internal nodes; 1.1 s; peak memory 457 MiB.
2026-10-09T10:42:03Z INFO [1082/5000] b4370d3d-9e0b-4319-bea1-901970c5bdc8: 31 internal nodes; 1.6 s; peak memory 457 MiB.
2026-10-09T10:42:06Z INFO [1083/5000] b4377bb8-bf00-46c9-8ccd-ff1f797a7a71: 44 internal nodes; 3.4 s; peak memory 457 MiB.
2026-10-09T10:42:08Z INFO [1084/5000] b4377bc1-1b31-49a3-b2a4-1f5691ec7f8d: 27 internal nodes; 1.6 s; peak memory 457 MiB.
2026-10-09T10:42:16Z INFO [1085/5000] b43808c1-8e57-4dbe-9757-b7d63cb9193c: 61 internal nodes; 8.1 s; peak memory 457 MiB.
2026-10-09T10:42:32Z INFO [1086/5000] b43849d9-b72e-403e-bb96-65c6c0e6683b: 335 internal nodes; 16.4 s; peak memory 457 MiB.
2026-10-09T10:42:34Z INFO [1087/5000] b438753e-c94a-48fd-8acc-d52a356172d9: 63 internal nodes; 1.8 s; peak memory 457 MiB.
2026-10-09T10:42:35Z INFO [1088/5000] b438b670-a557-44c3-9f71-1166a8ffe823: 13 internal nodes; 0.9 s; peak memory 457 MiB.
2026-10-09T10:42:36Z INFO [1089/5000] b4392142-56f9-4ac3-a6b2-1f3ddba6e3f7: 17 internal nodes; 1.2 s; peak memory 457 MiB.
2026-10-09T10:42:45Z INFO [1090/5000] b43a6c8a-e259-4e73-8d36-dfa6647bc188: 218 internal nodes; 8.8 s; peak memory 457 MiB.
2026-10-09T10:42:47Z INFO [1091/5000] b43a7104-5544-43ec-b271-a39b964ddecd: 27 internal nodes; 1.4 s; peak memory 457 MiB.
2026-10-09T10:42:54Z INFO [1092/5000] b43aaf1c-7e35-4c0c-a5c8-e6efa2099cfd: 41 internal nodes; 7.5 s; peak memory 457 MiB.
2026-10-09T10:42:55Z INFO [1093/5000] b43acd49-610b-4277-be89-7d7cca394e9e: 27 internal nodes; 1.4 s; peak memory 457 MiB.
2026-10-09T10:43:00Z INFO [1094/5000] b43b68ca-78c1-412f-9fb6-6ba6ed4e57c4: 48 internal nodes; 4.3 s; peak memory 457 MiB.
2026-10-09T10:43:02Z INFO [1095/5000] b43ba532-0d16-47b3-8d6d-699b9a2ffa11: 51 internal nodes; 2.6 s; peak memory 457 MiB.
2026-10-09T10:43:03Z INFO [1096/5000] b43bc40d-ebfa-464c-adee-f13e57635e10: 11 internal nodes; 0.8 s; peak memory 457 MiB.
2026-10-09T10:43:04Z INFO [1097/5000] b43bd072-5be9-4ab8-bcf2-0091ef15a04e: 27 internal nodes; 1.2 s; peak memory 457 MiB.
2026-10-09T10:43:07Z INFO [1098/5000] b43c3842-c75e-430c-bb98-7b3e2816d0b3: 44 internal nodes; 2.5 s; peak memory 457 MiB.
2026-10-09T10:43:08Z INFO [1099/5000] b43c3e41-da31-45a8-bb57-780d5c612f6f: 27 internal nodes; 1.4 s; peak memory 457 MiB.
2026-10-09T10:43:11Z INFO [1100/5000] b43d92ec-3875-4d54-9f36-36555f4b8f9e: 22 internal nodes; 2.5 s; peak memory 457 MiB.
2026-10-09T10:43:11Z INFO [1100/5000] b43d92ec-3875-4d54-9f36-36555f4b8f9e: checkpointed 133738 new records.
2026-10-09T10:43:15Z INFO [1101/5000] b43de4a1-7c18-4fe0-a792-a0ea0ca4e844: 46 internal nodes; 3.5 s; peak memory 457 MiB.
2026-10-09T10:43:26Z INFO [1102/5000] b43e0f38-43bb-4a21-a7b7-8e7f513c6474: 299 internal nodes; 11.5 s; peak memory 457 MiB.
2026-10-09T10:43:27Z INFO [1103/5000] b4402184-db0e-4f03-bb19-fff3207784b9: 13 internal nodes; 1.2 s; peak memory 457 MiB.
2026-10-09T10:43:29Z INFO [1104/5000] b440587f-875b-44ba-9e6b-8cb28b48ff44: 18 internal nodes; 1.2 s; peak memory 457 MiB.
2026-10-09T10:43:30Z INFO [1105/5000] b440a414-f14c-4384-a8b4-a52887c136da: 17 internal nodes; 1.2 s; peak memory 457 MiB.
2026-10-09T10:43:31Z INFO [1106/5000] b440aa5b-1c54-4a2a-8036-2b861183d72e: 23 internal nodes; 1.5 s; peak memory 457 MiB.
2026-10-09T10:43:32Z INFO [1107/5000] b4411568-c62f-49d2-9448-59d749d1fa7a: 17 internal nodes; 1.1 s; peak memory 457 MiB.
2026-10-09T10:43:33Z INFO [1108/5000] b4426b14-f986-4af4-9148-34fd607bfd3e: 15 internal nodes; 1.0 s; peak memory 457 MiB.
2026-10-09T10:43:35Z INFO [1109/5000] b442c4f9-18d3-4d38-a92a-524fd579dff1: 29 internal nodes; 1.6 s; peak memory 457 MiB.
2026-10-09T10:43:36Z INFO [1110/5000] b443124b-818b-47f2-a3a3-20a912f0dff1: 17 internal nodes; 1.0 s; peak memory 457 MiB.
2026-10-09T10:43:38Z INFO [1111/5000] b44312ea-ca92-42e5-8b25-fef097f8513f: 32 internal nodes; 2.4 s; peak memory 457 MiB.
2026-10-09T10:43:39Z INFO [1112/5000] b4434d4f-a688-4ccf-8cfd-2be24db135d4: 23 internal nodes; 0.8 s; peak memory 457 MiB.
2026-10-09T10:43:41Z INFO [1113/5000] b443ea9e-abf9-4e3a-b39d-7265f4aece80: 58 internal nodes; 2.1 s; peak memory 457 MiB.
2026-10-09T10:43:43Z INFO [1114/5000] b444e3bf-58d7-4170-b4dd-2eb3c501ab54: 27 internal nodes; 1.4 s; peak memory 457 MiB.
2026-10-09T10:43:45Z INFO [1115/5000] b4450bb2-31f7-463e-b7f3-1229031d48ed: 31 internal nodes; 1.9 s; peak memory 457 MiB.
2026-10-09T10:43:50Z INFO [1116/5000] b4454422-95a0-489a-bdaa-90c619c9bd05: 65 internal nodes; 5.4 s; peak memory 457 MiB.
2026-10-09T10:43:52Z INFO [1117/5000] b446d109-18c3-4f0a-a7bb-029aa4cc71f1: 95 internal nodes; 1.7 s; peak memory 457 MiB.
2026-10-09T10:43:53Z INFO [1118/5000] b446e81e-023a-4f18-ac70-98598b8608a8: 17 internal nodes; 1.2 s; peak memory 457 MiB.
2026-10-09T10:43:54Z INFO [1119/5000] b447212b-c99e-4876-b154-c342976cfe65: 27 internal nodes; 1.5 s; peak memory 457 MiB.
2026-10-09T10:44:03Z INFO [1120/5000] b447ef79-adc4-467a-9935-a6ba7b6e1aa1: 66 internal nodes; 8.3 s; peak memory 457 MiB.
2026-10-09T10:44:04Z INFO [1121/5000] b4487c29-7cbb-4228-9dbc-55b2da363740: 17 internal nodes; 1.2 s; peak memory 457 MiB.
2026-10-09T10:44:05Z INFO [1122/5000] b448e86d-f3e4-47ef-9d02-8bdea2e9148d: 17 internal nodes; 1.1 s; peak memory 457 MiB.
2026-10-09T10:44:06Z INFO [1123/5000] b44a6378-7e98-46f6-a6d9-b6b316ec7976: 17 internal nodes; 1.0 s; peak memory 457 MiB.
2026-10-09T10:45:46Z INFO [1124/5000] b44a9857-50c5-47ee-ab09-7691cdbc01d4: 537 internal nodes; 100.4 s; peak memory 457 MiB.
2026-10-09T10:45:48Z INFO [1125/5000] b44ab1ad-bfc3-453f-bc97-29a2e0051132: 31 internal nodes; 1.5 s; peak memory 457 MiB.
2026-10-09T10:45:50Z INFO [1126/5000] b44b02cc-a343-4bc3-9eee-578080ce1c74: 36 internal nodes; 1.7 s; peak memory 457 MiB.
2026-10-09T10:45:51Z INFO [1127/5000] b44b0863-1329-482e-b19b-015c48f40ada: 27 internal nodes; 1.2 s; peak memory 457 MiB.
2026-10-09T10:45:54Z INFO [1128/5000] b44b32c1-5ffd-4236-a8e4-0b1fff4dee71: 56 internal nodes; 2.8 s; peak memory 457 MiB.
2026-10-09T10:45:55Z INFO [1129/5000] b44b6de7-b14e-4fae-bb02-0012748f0522: 27 internal nodes; 1.4 s; peak memory 457 MiB.
2026-10-09T10:45:56Z INFO [1130/5000] b44d553c-9df2-46a8-8d77-c6a9c8eda536: 27 internal nodes; 1.2 s; peak memory 457 MiB.
2026-10-09T10:45:58Z INFO [1131/5000] b44dc7e0-d44f-446d-81ad-51982250b55b: 37 internal nodes; 2.0 s; peak memory 457 MiB.
2026-10-09T10:45:59Z INFO [1132/5000] b44e5651-7d3f-44de-b146-dae6c56d52ba: 20 internal nodes; 0.8 s; peak memory 457 MiB.
2026-10-09T10:46:01Z INFO [1133/5000] b44ee92e-854b-4948-8f19-0281a091af8e: 39 internal nodes; 2.0 s; peak memory 457 MiB.
2026-10-09T10:46:02Z INFO [1134/5000] b44f058a-fbf3-473a-9755-699edc6edc49: 27 internal nodes; 1.3 s; peak memory 457 MiB.
2026-10-09T10:46:06Z INFO [1135/5000] b44f73a9-da2c-4e7a-9fa5-21cb03c8fb9d: 56 internal nodes; 3.7 s; peak memory 457 MiB.
2026-10-09T10:46:15Z INFO [1136/5000] b44fc863-df60-4bc4-89f6-c46d340d20ce: 196 internal nodes; 9.5 s; peak memory 457 MiB.
2026-10-09T10:46:17Z INFO [1137/5000] b44fd295-a369-4c9b-bf26-10ecb6f43e0f: 17 internal nodes; 1.2 s; peak memory 457 MiB.
2026-10-09T10:46:18Z INFO [1138/5000] b450830e-f3c4-4c58-b924-ef409d847ecc: 19 internal nodes; 1.1 s; peak memory 457 MiB.
2026-10-09T10:46:19Z INFO [1139/5000] b4528d67-1933-4d34-a66b-1a03bbcbdd0e: 38 internal nodes; 1.8 s; peak memory 457 MiB.
2026-10-09T10:46:22Z INFO [1140/5000] b45309cf-96ff-4b00-9831-068d5508ed4e: 66 internal nodes; 2.4 s; peak memory 457 MiB.
2026-10-09T10:46:23Z INFO [1141/5000] b453dfbb-7007-42d2-8102-8f201bb0fe00: 90 internal nodes; 1.3 s; peak memory 457 MiB.
2026-10-09T10:46:25Z INFO [1142/5000] b45406b2-26e8-4d76-aa17-a37223c0454f: 20 internal nodes; 1.3 s; peak memory 457 MiB.
2026-10-09T10:46:26Z INFO [1143/5000] b4542754-b967-4a9f-9d02-b070027e09ba: 28 internal nodes; 1.5 s; peak memory 457 MiB.
2026-10-09T10:46:27Z INFO [1144/5000] b45474ca-b03b-4b46-a28f-c2cc7b26c532: 27 internal nodes; 1.3 s; peak memory 457 MiB.
2026-10-09T10:46:28Z INFO [1145/5000] b4547fd8-0e90-4b35-85b0-94e6350db97a: 11 internal nodes; 0.7 s; peak memory 457 MiB.
2026-10-09T10:46:30Z INFO [1146/5000] b454e531-a50d-4ebb-925e-e8617b1505b5: 31 internal nodes; 1.6 s; peak memory 457 MiB.
2026-10-09T10:46:31Z INFO [1147/5000] b454f0e1-8fa5-424b-af74-cd85f409f954: 18 internal nodes; 0.9 s; peak memory 457 MiB.
2026-10-09T10:46:32Z INFO [1148/5000] b4555083-e8bf-42e8-ad4a-38a3b5922538: 17 internal nodes; 1.2 s; peak memory 457 MiB.
2026-10-09T10:46:34Z INFO [1149/5000] b4559402-31c4-4211-bd8b-bef22d5d9213: 59 internal nodes; 2.1 s; peak memory 457 MiB.
2026-10-09T10:46:36Z INFO [1150/5000] b455b22e-7279-43b2-a0f2-a06b08fafe09: 55 internal nodes; 2.4 s; peak memory 457 MiB.
2026-10-09T10:46:37Z INFO [1150/5000] b455b22e-7279-43b2-a0f2-a06b08fafe09: checkpointed 133788 new records.
2026-10-09T10:46:40Z INFO [1151/5000] b4564197-3e07-442b-8967-8acebd877476: 46 internal nodes; 3.4 s; peak memory 457 MiB.
2026-10-09T10:46:42Z INFO [1152/5000] b456b510-433b-4e18-81dd-dbc14e31674c: 27 internal nodes; 1.3 s; peak memory 457 MiB.
2026-10-09T10:46:43Z INFO [1153/5000] b4582a84-5aa6-40a4-9123-af15b1143383: 31 internal nodes; 1.6 s; peak memory 457 MiB.
2026-10-09T10:46:44Z INFO [1154/5000] b4589910-3b99-48c8-8330-d342f3e2342e: 115 internal nodes; 1.3 s; peak memory 457 MiB.
2026-10-09T10:46:46Z INFO [1155/5000] b45a7d39-6bee-460d-acca-b6fe5a9b85f8: 27 internal nodes; 1.4 s; peak memory 457 MiB.
2026-10-09T10:46:47Z INFO [1156/5000] b45b4b49-87a6-4a66-b3a0-c4c63a2055cb: 17 internal nodes; 1.1 s; peak memory 457 MiB.
2026-10-09T10:46:48Z INFO [1157/5000] b45be0ff-9752-4ceb-8ed3-ed4c5f286e45: 27 internal nodes; 0.8 s; peak memory 457 MiB.
2026-10-09T10:46:56Z INFO [1158/5000] b45c762b-dfc2-4999-84f5-3b97afdac8dc: 218 internal nodes; 8.8 s; peak memory 457 MiB.
2026-10-09T10:46:58Z INFO [1159/5000] b45d0398-40a3-4f37-8818-cf3c49c41551: 17 internal nodes; 1.1 s; peak memory 457 MiB.
2026-10-09T10:46:59Z INFO [1160/5000] b45d2800-4351-4c35-9748-23b32ac98a2e: 27 internal nodes; 1.4 s; peak memory 457 MiB.
2026-10-09T10:47:02Z INFO [1161/5000] b45d719d-cc8d-4173-b268-9d89851b6ebf: 44 internal nodes; 2.7 s; peak memory 457 MiB.
2026-10-09T10:47:03Z INFO [1162/5000] b45d78bb-cb8f-4abc-aabe-885f9f0928e6: 17 internal nodes; 1.2 s; peak memory 457 MiB.
2026-10-09T10:47:04Z INFO [1163/5000] b45de8dc-5596-43ca-b698-340670fb5fef: 31 internal nodes; 1.3 s; peak memory 457 MiB.
2026-10-09T10:47:05Z INFO [1164/5000] b45e1c07-4e8d-4030-a2de-9712534dcc72: 19 internal nodes; 1.3 s; peak memory 457 MiB.
2026-10-09T10:47:07Z INFO [1165/5000] b45e52b1-b5ce-4aaf-8337-938ed5852add: 30 internal nodes; 1.7 s; peak memory 457 MiB.
2026-10-09T10:47:09Z INFO [1166/5000] b45eeb5a-6db4-495a-8fa5-dea35f7df68c: 37 internal nodes; 2.1 s; peak memory 457 MiB.
2026-10-09T10:47:10Z INFO [1167/5000] b45f1638-7ff0-46a9-8924-4fc836611602: 13 internal nodes; 1.1 s; peak memory 457 MiB.
2026-10-09T10:47:15Z INFO [1168/5000] b4615dc0-5d88-482a-b1c4-4da6327a19b1: 109 internal nodes; 4.7 s; peak memory 457 MiB.
2026-10-09T10:47:18Z INFO [1169/5000] b4619a51-a047-4820-a7c2-585c30f04496: 44 internal nodes; 2.5 s; peak memory 457 MiB.
2026-10-09T10:47:19Z INFO [1170/5000] b46288ce-7e70-4d94-b9b3-acc343ee8e1f: 27 internal nodes; 1.2 s; peak memory 457 MiB.
2026-10-09T10:47:23Z INFO [1171/5000] b463cfdb-2c9a-4a5b-a044-359507edab9a: 79 internal nodes; 4.4 s; peak memory 457 MiB.
2026-10-09T10:47:25Z INFO [1172/5000] b4642a82-5b74-4908-86b0-aba63a9289fc: 17 internal nodes; 1.3 s; peak memory 457 MiB.
2026-10-09T10:47:27Z INFO [1173/5000] b46496ee-0007-413f-b02e-c96e8fcb19ec: 55 internal nodes; 2.4 s; peak memory 457 MiB.
2026-10-09T10:47:28Z INFO [1174/5000] b464c6fc-c471-46af-b833-d93ae68bc7e4: 31 internal nodes; 1.4 s; peak memory 457 MiB.
2026-10-09T10:47:29Z INFO [1175/5000] b46624a2-00fc-48e1-907a-3b189d4e6628: 17 internal nodes; 1.1 s; peak memory 457 MiB.
2026-10-09T10:47:31Z INFO [1176/5000] b46624ad-ce90-40a9-bd7e-cfe18f783575: 29 internal nodes; 1.8 s; peak memory 457 MiB.
2026-10-09T10:47:32Z INFO [1177/5000] b466651c-b799-4090-bd3a-7841542b7362: 17 internal nodes; 1.1 s; peak memory 457 MiB.
2026-10-09T10:47:34Z INFO [1178/5000] b466a910-0206-47aa-99ab-dff22202ba38: 25 internal nodes; 1.9 s; peak memory 457 MiB.
2026-10-09T10:47:36Z INFO [1179/5000] b466ee39-4ad5-4b1a-93c3-2843f758bc55: 27 internal nodes; 1.3 s; peak memory 457 MiB.
2026-10-09T10:47:37Z INFO [1180/5000] b46802c3-e254-4a3d-943f-abe07dc49418: 17 internal nodes; 1.0 s; peak memory 457 MiB.
2026-10-09T10:47:38Z INFO [1181/5000] b4689641-32f9-474b-a97e-bf60e6e1db01: 24 internal nodes; 1.5 s; peak memory 457 MiB.
2026-10-09T10:47:40Z INFO [1182/5000] b468a418-55c4-44bf-9685-b9e65d470976: 37 internal nodes; 2.0 s; peak memory 457 MiB.
2026-10-09T10:47:42Z INFO [1183/5000] b4692377-31bd-4e8d-9714-047effd5dcee: 27 internal nodes; 1.3 s; peak memory 457 MiB.
2026-10-09T10:48:25Z INFO [1184/5000] b46a14b7-7cf8-4b7a-bdbb-940237e8fa79: 5330 internal nodes; 43.5 s; peak memory 481 MiB.
2026-10-09T10:48:26Z INFO [1185/5000] b46a5578-23d9-4e6f-b387-baca35a444ec: 23 internal nodes; 1.2 s; peak memory 481 MiB.
2026-10-09T10:48:27Z INFO [1186/5000] b46a65c0-f4bf-4a62-be1c-4fa9429dfe19: 27 internal nodes; 1.3 s; peak memory 481 MiB.
2026-10-09T10:48:29Z INFO [1187/5000] b46a6f25-756d-4b98-9d37-0b632fd99913: 90 internal nodes; 1.6 s; peak memory 481 MiB.
2026-10-09T10:48:30Z INFO [1188/5000] b46c4cc0-d0cf-4785-9421-9e07c8d3e641: 27 internal nodes; 1.4 s; peak memory 481 MiB.
2026-10-09T10:48:31Z INFO [1189/5000] b46c68a0-c5df-4122-b6d0-89686b406b64: 26 internal nodes; 0.8 s; peak memory 481 MiB.
2026-10-09T10:48:40Z INFO [1190/5000] b46d40c0-8f82-4738-b447-b61a8635469f: 62 internal nodes; 8.5 s; peak memory 481 MiB.
2026-10-09T10:48:41Z INFO [1191/5000] b470d1ad-9187-4e84-8c51-d511446c4e67: 27 internal nodes; 1.3 s; peak memory 481 MiB.
2026-10-09T10:48:44Z INFO [1192/5000] b471f96d-31ac-4e67-b115-ae395c4b3dbc: 60 internal nodes; 3.0 s; peak memory 481 MiB.
2026-10-09T10:48:46Z INFO [1193/5000] b47229ec-4fa6-41da-acaf-e1ce296197e9: 53 internal nodes; 1.6 s; peak memory 481 MiB.
2026-10-09T10:48:48Z INFO [1194/5000] b472ee10-7b03-4767-82e1-22b800a80cef: 61 internal nodes; 2.0 s; peak memory 481 MiB.
2026-10-09T10:48:49Z INFO [1195/5000] b473df24-04cf-4508-a8f7-5a47e0ab11e2: 17 internal nodes; 1.2 s; peak memory 481 MiB.
2026-10-09T10:48:53Z INFO [1196/5000] b473f2a1-03ae-4cd4-8000-aa3615a8227d: 46 internal nodes; 3.7 s; peak memory 481 MiB.
2026-10-09T10:48:54Z INFO [1197/5000] b47417a4-e9ec-424c-bebc-f76ef1e37140: 37 internal nodes; 1.8 s; peak memory 481 MiB.
2026-10-09T10:48:56Z INFO [1198/5000] b4741e82-726b-4aec-8e21-415b82ff61c6: 95 internal nodes; 1.8 s; peak memory 481 MiB.
2026-10-09T10:48:58Z INFO [1199/5000] b47429b2-305a-4738-bb58-fa2b3ef45def: 27 internal nodes; 1.4 s; peak memory 481 MiB.
2026-10-09T10:48:59Z INFO [1200/5000] b4744925-4367-4fb0-9786-e8942dda5c78: 11 internal nodes; 1.1 s; peak memory 481 MiB.
2026-10-09T10:48:59Z INFO [1200/5000] b4744925-4367-4fb0-9786-e8942dda5c78: checkpointed 133838 new records.
2026-10-09T10:49:00Z INFO [1201/5000] b4744bfe-30d1-4cab-8712-7107acadb1a6: 17 internal nodes; 1.1 s; peak memory 481 MiB.
2026-10-09T10:49:04Z INFO [1202/5000] b4745c99-e3b8-433b-85a0-d19811bac3fd: 46 internal nodes; 3.4 s; peak memory 481 MiB.
2026-10-09T10:49:05Z INFO [1203/5000] b474a35e-bf45-4d5c-97a1-70fee184a6e1: 17 internal nodes; 1.0 s; peak memory 481 MiB.
2026-10-09T10:49:06Z INFO [1204/5000] b475b730-a81d-4128-81cf-ab5868328562: 34 internal nodes; 1.8 s; peak memory 481 MiB.
2026-10-09T10:49:07Z INFO [1205/5000] b4763c58-caee-46f6-acc3-58ebae7bc8a7: 18 internal nodes; 0.9 s; peak memory 481 MiB.
2026-10-09T10:49:09Z INFO [1206/5000] b4768b10-0158-4d00-8609-2e82d54f2a92: 37 internal nodes; 1.8 s; peak memory 481 MiB.
2026-10-09T10:49:10Z INFO [1207/5000] b4771229-0ec6-4edb-b2e9-4bbf3604d8e2: 27 internal nodes; 1.3 s; peak memory 481 MiB.
2026-10-09T10:49:12Z INFO [1208/5000] b4775bd9-b870-48fa-96fb-3693f254b0b6: 29 internal nodes; 1.6 s; peak memory 481 MiB.
2026-10-09T10:49:25Z INFO [1209/5000] b477e48b-2ff4-4054-a207-74d56072607e: 74 internal nodes; 12.5 s; peak memory 481 MiB.
2026-10-09T10:49:26Z INFO [1210/5000] b477f7c8-693c-47d0-a960-f23c0d11cd23: 52 internal nodes; 1.4 s; peak memory 481 MiB.
2026-10-09T10:49:27Z INFO [1211/5000] b47828bb-d840-435b-b782-108cc0d236d9: 17 internal nodes; 1.1 s; peak memory 481 MiB.
2026-10-09T10:49:29Z INFO [1212/5000] b478c5bf-e5d6-4a26-9a47-cea3d3cad9a1: 41 internal nodes; 1.5 s; peak memory 481 MiB.
2026-10-09T10:49:32Z INFO [1213/5000] b4792d2c-1078-4ff3-aa51-4df8d02be626: 38 internal nodes; 3.1 s; peak memory 481 MiB.
2026-10-09T10:49:34Z INFO [1214/5000] b479a098-9d61-4c34-b011-3ece1ed94221: 67 internal nodes; 2.7 s; peak memory 481 MiB.
2026-10-09T10:49:36Z INFO [1215/5000] b47a1793-a9ed-4752-982d-610cdaca7241: 33 internal nodes; 1.4 s; peak memory 481 MiB.
2026-10-09T10:49:37Z INFO [1216/5000] b47a2687-b7ef-458c-880d-31c9064d8d32: 17 internal nodes; 1.0 s; peak memory 481 MiB.
2026-10-09T10:49:38Z INFO [1217/5000] b47ad5b0-0852-4334-b06e-dc031dcc54f1: 27 internal nodes; 1.4 s; peak memory 481 MiB.
2026-10-09T10:49:40Z INFO [1218/5000] b47b6bc5-099e-4b27-8e38-2fe14a60cb4c: 29 internal nodes; 1.7 s; peak memory 481 MiB.
2026-10-09T10:49:41Z INFO [1219/5000] b47bcc08-de12-4298-b365-15f405decf90: 17 internal nodes; 1.1 s; peak memory 481 MiB.
2026-10-09T10:49:42Z INFO [1220/5000] b47bd5c2-6202-4e83-a0a0-73d47a308525: 18 internal nodes; 1.0 s; peak memory 481 MiB.
2026-10-09T10:49:43Z INFO [1221/5000] b47c159d-cefa-43c3-8936-693425a40329: 27 internal nodes; 1.2 s; peak memory 481 MiB.
2026-10-09T10:49:46Z INFO [1222/5000] b47dda3d-6b91-4889-9c9a-72fcddf0c2a2: 44 internal nodes; 3.0 s; peak memory 481 MiB.
2026-10-09T10:49:48Z INFO [1223/5000] b47df62f-e189-45bc-995f-a022e7579053: 27 internal nodes; 1.6 s; peak memory 481 MiB.
2026-10-09T10:49:59Z INFO [1224/5000] b47e2909-62c0-43bb-8ee4-08fda41efb12: 70 internal nodes; 10.9 s; peak memory 481 MiB.
2026-10-09T10:50:10Z INFO [1225/5000] b47e450b-51ed-4571-8551-3b9355306998: 268 internal nodes; 11.4 s; peak memory 481 MiB.
2026-10-09T10:50:12Z INFO [1226/5000] b47e75ff-766a-4b1c-9410-90b3a2595cb1: 61 internal nodes; 1.8 s; peak memory 481 MiB.
2026-10-09T10:50:22Z INFO [1227/5000] b47ee5d4-dd04-4e6c-83d2-720ba9046e05: 218 internal nodes; 9.7 s; peak memory 481 MiB.
2026-10-09T10:50:23Z INFO [1228/5000] b47f007c-c1b4-473a-889e-549bb3b6e33a: 17 internal nodes; 1.0 s; peak memory 481 MiB.
2026-10-09T10:50:24Z INFO [1229/5000] b47f716f-1420-4c26-bffc-0d521d9b7763: 17 internal nodes; 1.0 s; peak memory 481 MiB.
2026-10-09T10:50:25Z INFO [1230/5000] b47fc389-b371-4f86-ba39-1a2921e05166: 17 internal nodes; 1.0 s; peak memory 481 MiB.
2026-10-09T10:50:25Z INFO [1231/5000] b47fec95-e1de-4323-bca2-10ae74f847e9: 17 internal nodes; 0.9 s; peak memory 481 MiB.
2026-10-09T10:50:27Z INFO [1232/5000] b480089f-62a3-4761-b019-fa4e3181c474: 29 internal nodes; 1.6 s; peak memory 481 MiB.
2026-10-09T10:50:28Z INFO [1233/5000] b480aee7-a8af-4162-9095-74ac40712fd2: 11 internal nodes; 0.8 s; peak memory 481 MiB.
2026-10-09T10:50:29Z INFO [1234/5000] b4815a78-c7ab-4035-9de4-14bf67944fa8: 27 internal nodes; 1.3 s; peak memory 481 MiB.
2026-10-09T10:50:31Z INFO [1235/5000] b481b5c2-00ce-4276-9566-215369f81292: 27 internal nodes; 1.4 s; peak memory 481 MiB.
2026-10-09T10:50:32Z INFO [1236/5000] b481e54c-075e-4628-9259-88cdfb186d4b: 17 internal nodes; 1.0 s; peak memory 481 MiB.
2026-10-09T10:50:33Z INFO [1237/5000] b4821cb9-2e5a-4c6b-88a0-c397b8f63590: 17 internal nodes; 1.1 s; peak memory 481 MiB.
2026-10-09T10:50:34Z INFO [1238/5000] b4829247-51fe-4973-9cae-31ddf520b530: 17 internal nodes; 1.2 s; peak memory 481 MiB.
2026-10-09T10:50:35Z INFO [1239/5000] b4831761-fde8-47f7-8870-c02e1045daeb: 58 internal nodes; 1.2 s; peak memory 481 MiB.
2026-10-09T10:50:36Z INFO [1240/5000] b483aae1-efe7-4c8a-8120-d153b5a3e9dd: 27 internal nodes; 1.2 s; peak memory 481 MiB.
2026-10-09T10:50:47Z INFO [1241/5000] b4841cb4-2b8f-46cb-8dd3-dd6cd680fa59: 57 internal nodes; 10.3 s; peak memory 481 MiB.
2026-10-09T10:50:47Z INFO [1242/5000] b48485bd-9444-41de-bced-63a7f0453071: 19 internal nodes; 1.0 s; peak memory 481 MiB.
2026-10-09T10:50:49Z INFO [1243/5000] b484b0df-4e32-4876-b95f-76bddb4d5341: 19 internal nodes; 1.0 s; peak memory 481 MiB.
2026-10-09T10:50:50Z INFO [1244/5000] b4854d0b-1e2b-44de-ab4a-80ce46d6b5e1: 41 internal nodes; 1.7 s; peak memory 481 MiB.
2026-10-09T10:50:51Z INFO [1245/5000] b485ce00-32ce-4924-9cd5-54d2e89be296: 11 internal nodes; 0.7 s; peak memory 481 MiB.
2026-10-09T10:50:54Z INFO [1246/5000] b485fd7e-9f25-4279-87f7-302bbb2d3bad: 46 internal nodes; 3.1 s; peak memory 481 MiB.
2026-10-09T10:50:55Z INFO [1247/5000] b4884b31-59c8-4467-89c1-2c69d2b21321: 13 internal nodes; 1.0 s; peak memory 481 MiB.
2026-10-09T10:50:56Z INFO [1248/5000] b48a2e7a-6d23-4aa4-bb22-eb98805384e2: 17 internal nodes; 1.1 s; peak memory 481 MiB.
2026-10-09T10:50:57Z INFO [1249/5000] b48ab122-ca77-4e9e-af97-829d4249cd63: 17 internal nodes; 1.1 s; peak memory 481 MiB.
2026-10-09T10:51:00Z INFO [1250/5000] b48ab707-4b69-4bdd-8537-4c3894b2d6f6: 60 internal nodes; 3.0 s; peak memory 481 MiB.
2026-10-09T10:51:01Z INFO [1250/5000] b48ab707-4b69-4bdd-8537-4c3894b2d6f6: checkpointed 133888 new records.
2026-10-09T10:51:03Z INFO [1251/5000] b48b0f01-bd50-4dd8-a47c-b90a58e63dfb: 31 internal nodes; 1.8 s; peak memory 481 MiB.
2026-10-09T10:51:04Z INFO [1252/5000] b48c95f7-5c9b-4159-b3bb-a0cc1b85301a: 17 internal nodes; 1.2 s; peak memory 481 MiB.
2026-10-09T10:51:05Z INFO [1253/5000] b48cdbfa-0451-45fc-987a-23180fdd5c14: 13 internal nodes; 1.4 s; peak memory 481 MiB.
2026-10-09T10:51:06Z INFO [1254/5000] b48d5fa0-4689-4b26-9f44-c8da293af6be: 18 internal nodes; 0.9 s; peak memory 481 MiB.
2026-10-09T10:51:07Z INFO [1255/5000] b48dae33-2518-407f-b4d7-dbc5c176dd15: 11 internal nodes; 0.7 s; peak memory 481 MiB.
2026-10-09T10:51:16Z INFO [1256/5000] b48e3f84-b3d7-44c1-9f06-2fa648b00b8d: 179 internal nodes; 9.0 s; peak memory 481 MiB.
2026-10-09T10:51:17Z INFO [1257/5000] b48f5b54-fc5a-4635-ad14-703c6f3984e2: 27 internal nodes; 1.3 s; peak memory 481 MiB.
2026-10-09T10:51:18Z INFO [1258/5000] b48f874d-cc20-4c9a-874e-29a3e4027e54: 19 internal nodes; 1.1 s; peak memory 481 MiB.
2026-10-09T10:51:21Z INFO [1259/5000] b48faff6-bde1-4ef4-a19b-cc7e1bdbd254: 44 internal nodes; 2.3 s; peak memory 481 MiB.
2026-10-09T10:51:22Z INFO [1260/5000] b4909aec-df91-4921-9c8e-09e3906ec5a7: 31 internal nodes; 1.7 s; peak memory 481 MiB.
2026-10-09T10:51:24Z INFO [1261/5000] b4916450-a58c-4f2d-9886-f941b5a23109: 17 internal nodes; 1.2 s; peak memory 481 MiB.
2026-10-09T10:51:25Z INFO [1262/5000] b492323e-c225-47d6-a1c6-950cc347ad2e: 22 internal nodes; 1.4 s; peak memory 481 MiB.
2026-10-09T10:51:40Z INFO [1263/5000] b4926b65-ec2a-46fd-864f-161327dcaeee: 427 internal nodes; 15.1 s; peak memory 481 MiB.
2026-10-09T10:51:41Z INFO [1264/5000] b49335b1-b503-495e-9082-906d2b550e26: 25 internal nodes; 0.9 s; peak memory 481 MiB.
2026-10-09T10:51:42Z INFO [1265/5000] b493d554-4a51-48ac-856a-b4693d51e8f8: 13 internal nodes; 1.0 s; peak memory 481 MiB.
2026-10-09T10:51:43Z INFO [1266/5000] b4940e29-59d8-415e-b326-b10e2a2cb742: 19 internal nodes; 1.0 s; peak memory 481 MiB.
2026-10-09T10:51:46Z INFO [1267/5000] b4945343-ddc9-4a55-b20a-4e5ca9b59464: 72 internal nodes; 2.6 s; peak memory 481 MiB.
2026-10-09T10:51:47Z INFO [1268/5000] b49466b7-3b76-48ce-9355-2ecee8bf1190: 17 internal nodes; 1.1 s; peak memory 481 MiB.
2026-10-09T10:51:48Z INFO [1269/5000] b49534c6-adaa-4ac8-8dd4-59cda5b27231: 19 internal nodes; 1.3 s; peak memory 481 MiB.
2026-10-09T10:51:49Z INFO [1270/5000] b49544a2-8e32-4d83-829b-febab52865ab: 22 internal nodes; 0.8 s; peak memory 481 MiB.
2026-10-09T10:51:50Z INFO [1271/5000] b49625da-6313-42d9-90c2-aadb8853c066: 26 internal nodes; 1.0 s; peak memory 481 MiB.
2026-10-09T10:51:51Z INFO [1272/5000] b49676c1-d0fa-41e6-aabe-a0fb999c7d84: 17 internal nodes; 1.2 s; peak memory 481 MiB.
2026-10-09T10:51:52Z INFO [1273/5000] b49680e7-0b79-4fbb-ab82-db2d4fa61503: 27 internal nodes; 1.3 s; peak memory 481 MiB.
2026-10-09T10:51:54Z INFO [1274/5000] b496b911-11eb-4d85-a4cf-2289936a583c: 60 internal nodes; 1.7 s; peak memory 481 MiB.
2026-10-09T10:52:04Z INFO [1275/5000] b4973be6-228b-4729-a5a1-84016bf5d0a8: 218 internal nodes; 9.8 s; peak memory 481 MiB.
2026-10-09T10:52:05Z INFO [1276/5000] b497d87f-1532-43c6-a537-f52d712da185: 27 internal nodes; 1.5 s; peak memory 481 MiB.
2026-10-09T10:52:06Z INFO [1277/5000] b4986456-7f96-438c-84d8-fb585a94ac5a: 11 internal nodes; 0.9 s; peak memory 481 MiB.
2026-10-09T10:52:08Z INFO [1278/5000] b49897fa-56f9-439a-b708-ae800c597161: 42 internal nodes; 2.4 s; peak memory 481 MiB.
2026-10-09T10:52:09Z INFO [1279/5000] b4994d01-aa3f-42e2-835c-6d0c6dd333a6: 11 internal nodes; 0.7 s; peak memory 481 MiB.
2026-10-09T10:52:10Z INFO [1280/5000] b49a1eb9-00b7-47c1-a90a-fdf958a6cc29: 30 internal nodes; 1.3 s; peak memory 481 MiB.
2026-10-09T10:52:21Z INFO [1281/5000] b49a86f9-372c-43dc-8614-e53e23152d93: 187 internal nodes; 10.0 s; peak memory 481 MiB.
2026-10-09T10:52:23Z INFO [1282/5000] b49a94d7-6acf-4802-bbfb-625054a79439: 44 internal nodes; 2.6 s; peak memory 481 MiB.
2026-10-09T10:53:09Z INFO [1283/5000] b49b8a59-7a21-47e8-bcd3-bb6917141475: 276 internal nodes; 46.2 s; peak memory 481 MiB.
2026-10-09T10:53:11Z INFO [1284/5000] b49c2ff8-4b77-4173-8d4e-b042433baede: 17 internal nodes; 1.2 s; peak memory 481 MiB.
2026-10-09T10:53:15Z INFO [1285/5000] b49cd50e-7d5d-4099-9424-df24b409730e: 53 internal nodes; 4.5 s; peak memory 481 MiB.
2026-10-09T10:53:17Z INFO [1286/5000] b49de23f-e10a-468c-bfae-afab830fa3f1: 47 internal nodes; 2.3 s; peak memory 481 MiB.
2026-10-09T10:53:19Z INFO [1287/5000] b4a00786-75b8-4096-ae24-d63bda8b123a: 63 internal nodes; 1.7 s; peak memory 481 MiB.
2026-10-09T10:53:21Z INFO [1288/5000] b4a0237c-b5dd-424d-af8e-58e13720d25b: 27 internal nodes; 1.4 s; peak memory 481 MiB.
2026-10-09T10:53:22Z INFO [1289/5000] b4a054f6-9d4d-46ec-9841-6477c14ca9a0: 91 internal nodes; 1.6 s; peak memory 481 MiB.
2026-10-09T10:53:23Z INFO [1290/5000] b4a065db-d7ac-4a24-8e64-73cc96116e82: 17 internal nodes; 1.3 s; peak memory 481 MiB.
2026-10-09T10:53:26Z INFO [1291/5000] b4a190dc-cd47-47c2-8218-4a42b04722c0: 44 internal nodes; 2.8 s; peak memory 481 MiB.
2026-10-09T10:53:27Z INFO [1292/5000] b4a234f4-ba6f-434c-a405-104c30561fe5: 11 internal nodes; 0.9 s; peak memory 481 MiB.
2026-10-09T10:53:28Z INFO [1293/5000] b4a3c37a-f553-4b57-9c80-a0e63cf85a47: 17 internal nodes; 1.2 s; peak memory 481 MiB.
2026-10-09T10:53:30Z INFO [1294/5000] b4a3c9dd-45dd-4443-bf52-a1853d558a4e: 23 internal nodes; 1.5 s; peak memory 481 MiB.
2026-10-09T10:53:31Z INFO [1295/5000] b4a49ebc-2cf7-47c1-a332-febc958e1a6a: 27 internal nodes; 1.3 s; peak memory 481 MiB.
2026-10-09T10:53:32Z INFO [1296/5000] b4a4c262-9176-4a52-aca1-58b8c3920364: 13 internal nodes; 1.1 s; peak memory 481 MiB.
2026-10-09T10:53:35Z INFO [1297/5000] b4a6bfa3-8378-41b7-9867-4da77897aed0: 46 internal nodes; 3.4 s; peak memory 481 MiB.
2026-10-09T10:53:39Z INFO [1298/5000] b4a73773-009f-44d6-bdb5-9337a3dfa6d0: 50 internal nodes; 3.2 s; peak memory 481 MiB.
2026-10-09T10:54:20Z INFO [1299/5000] b4a799af-402b-44bc-9c89-20e003abaf10: 414 internal nodes; 41.7 s; peak memory 481 MiB.
2026-10-09T10:54:22Z INFO [1300/5000] b4a7e266-2a03-4d97-8633-968975094816: 19 internal nodes; 1.3 s; peak memory 481 MiB.
2026-10-09T10:54:22Z INFO [1300/5000] b4a7e266-2a03-4d97-8633-968975094816: checkpointed 133938 new records.
2026-10-09T10:54:24Z INFO [1301/5000] b4a847be-04d8-4d51-a0ed-a06d2465ca43: 31 internal nodes; 1.6 s; peak memory 481 MiB.
2026-10-09T10:54:25Z INFO [1302/5000] b4a8b0c7-a3d5-4097-ad47-521199471633: 17 internal nodes; 1.3 s; peak memory 481 MiB.
2026-10-09T10:54:26Z INFO [1303/5000] b4a9422a-4367-470b-81a2-9d23cc1e5e8d: 17 internal nodes; 0.8 s; peak memory 481 MiB.
2026-10-09T10:54:28Z INFO [1304/5000] b4a9dba1-c1f8-487b-b0e5-bd2b4363f544: 31 internal nodes; 1.7 s; peak memory 481 MiB.
2026-10-09T10:54:29Z INFO [1305/5000] b4aa1706-97d3-4e52-976a-a8d63112d7c8: 27 internal nodes; 1.3 s; peak memory 481 MiB.
2026-10-09T10:54:30Z INFO [1306/5000] b4aaacf0-ac43-4bfa-9dbb-8363af6dff77: 27 internal nodes; 1.3 s; peak memory 481 MiB.
2026-10-09T10:54:36Z INFO [1307/5000] b4ab4b53-9859-4c83-b994-a927a8ad6887: 126 internal nodes; 6.0 s; peak memory 481 MiB.
2026-10-09T10:54:37Z INFO [1308/5000] b4abb0e2-0df8-4e53-b03e-9c5e0d5bc4c8: 26 internal nodes; 0.8 s; peak memory 481 MiB.
2026-10-09T10:54:38Z INFO [1309/5000] b4ac590b-a625-4bd3-a908-be43bf038e42: 17 internal nodes; 1.1 s; peak memory 481 MiB.
2026-10-09T10:54:39Z INFO [1310/5000] b4adf6fe-84c4-4465-9a38-2b9669e65b25: 17 internal nodes; 1.1 s; peak memory 481 MiB.
2026-10-09T10:54:44Z INFO [1311/5000] b4ae586d-159b-4475-ba40-6cf023608e81: 98 internal nodes; 4.4 s; peak memory 481 MiB.
2026-10-09T10:54:45Z INFO [1312/5000] b4aeb94b-09ab-4558-9fb3-903a9a56582f: 27 internal nodes; 1.3 s; peak memory 481 MiB.
2026-10-09T10:54:46Z INFO [1313/5000] b4aed27a-b704-4f6d-a9ae-27ee705abfba: 22 internal nodes; 1.2 s; peak memory 481 MiB.
2026-10-09T10:54:53Z INFO [1314/5000] b4af87cb-4293-4572-8bfa-b956920553c0: 73 internal nodes; 6.8 s; peak memory 481 MiB.
2026-10-09T10:54:54Z INFO [1315/5000] b4afeff0-d05a-4456-ac51-cf2012df0bc0: 27 internal nodes; 1.5 s; peak memory 481 MiB.
2026-10-09T10:54:55Z INFO [1316/5000] b4b15da7-bf7e-4800-8c6d-35e72816b83c: 13 internal nodes; 1.0 s; peak memory 481 MiB.
2026-10-09T10:54:56Z INFO [1317/5000] b4b1b20c-313a-4275-9349-274574a110eb: 11 internal nodes; 0.8 s; peak memory 481 MiB.
2026-10-09T10:54:57Z INFO [1318/5000] b4b21031-7102-4455-aef7-d20e576f5a7d: 19 internal nodes; 1.1 s; peak memory 481 MiB.
2026-10-09T10:54:59Z INFO [1319/5000] b4b2c1b3-49fc-46ba-9e01-06b4a8906200: 29 internal nodes; 1.6 s; peak memory 481 MiB.
2026-10-09T10:55:03Z INFO [1320/5000] b4b33de5-1dcf-4942-b5a4-e274ed8fc079: 53 internal nodes; 4.6 s; peak memory 481 MiB.
2026-10-09T10:55:04Z INFO [1321/5000] b4b353df-3125-4d35-a6a1-43eb5d44b5e4: 28 internal nodes; 1.0 s; peak memory 481 MiB.
2026-10-09T10:55:07Z INFO [1322/5000] b4b3566f-a54f-42a0-8ae9-31344e592f39: 66 internal nodes; 2.1 s; peak memory 481 MiB.
2026-10-09T10:55:08Z INFO [1323/5000] b4b601c8-3a03-4b7e-9d70-9f556946323e: 29 internal nodes; 1.2 s; peak memory 481 MiB.
2026-10-09T10:55:09Z INFO [1324/5000] b4b7340e-7238-480c-9745-ed15d501a4e6: 27 internal nodes; 1.4 s; peak memory 481 MiB.
2026-10-09T10:55:10Z INFO [1325/5000] b4b7e83f-6fe3-4626-9236-98606da96262: 11 internal nodes; 0.7 s; peak memory 481 MiB.
2026-10-09T10:55:12Z INFO [1326/5000] b4b7eea2-1514-4eae-b65a-390290f18ab9: 44 internal nodes; 2.3 s; peak memory 481 MiB.
2026-10-09T10:55:13Z INFO [1327/5000] b4b84ea8-e2fc-4eb2-8ba3-3527dd1c53b7: 20 internal nodes; 0.8 s; peak memory 481 MiB.
2026-10-09T10:55:14Z INFO [1328/5000] b4b89276-7fdb-471c-8089-3fa33f0260e6: 26 internal nodes; 0.8 s; peak memory 481 MiB.
2026-10-09T10:55:15Z INFO [1329/5000] b4b8e48b-49f6-4e63-96d9-6bd065f82733: 27 internal nodes; 1.4 s; peak memory 481 MiB.
2026-10-09T10:55:16Z INFO [1330/5000] b4b8f2cd-8408-4406-b50f-248f187ae93b: 16 internal nodes; 1.1 s; peak memory 481 MiB.
2026-10-09T10:55:21Z INFO [1331/5000] b4b99247-d623-4332-a5f3-9c008e8f5a88: 128 internal nodes; 5.1 s; peak memory 481 MiB.
2026-10-09T10:55:23Z INFO [1332/5000] b4ba465b-bba4-4d7b-9c53-df3c840f6b9e: 31 internal nodes; 1.8 s; peak memory 481 MiB.
2026-10-09T10:55:29Z INFO [1333/5000] b4ba51bc-f92b-44b0-aea1-1ad8c22b95f5: 117 internal nodes; 6.1 s; peak memory 481 MiB.
2026-10-09T10:55:30Z INFO [1334/5000] b4baa820-e1b7-43d3-a55e-16890408ae7a: 17 internal nodes; 1.1 s; peak memory 481 MiB.
2026-10-09T10:55:32Z INFO [1335/5000] b4baf1f9-e0d7-4bfb-80ba-7fe07002d5d4: 27 internal nodes; 1.4 s; peak memory 481 MiB.
2026-10-09T10:55:33Z INFO [1336/5000] b4baf361-6452-4abf-a325-0cc473693fd5: 115 internal nodes; 1.4 s; peak memory 481 MiB.
2026-10-09T10:55:54Z INFO [1337/5000] b4bb2721-0295-4dc0-bc21-83d928ac2559: 1993 internal nodes; 20.6 s; peak memory 481 MiB.
2026-10-09T10:55:56Z INFO [1338/5000] b4bc5f7d-0f58-4def-9e53-dc61ae8fb142: 29 internal nodes; 2.3 s; peak memory 481 MiB.
2026-10-09T10:55:58Z INFO [1339/5000] b4bc92f9-7393-46bb-8033-92bc5824be06: 31 internal nodes; 1.8 s; peak memory 481 MiB.
2026-10-09T10:55:59Z INFO [1340/5000] b4bcf3aa-2a49-4b67-9a04-6b19602d2627: 17 internal nodes; 1.2 s; peak memory 481 MiB.
2026-10-09T10:56:00Z INFO [1341/5000] b4bd05ca-47af-4471-9600-3be7ad4608fc: 25 internal nodes; 1.4 s; peak memory 481 MiB.
2026-10-09T10:56:01Z INFO [1342/5000] b4bd08eb-474a-4f26-945f-cc3da8cdfd19: 17 internal nodes; 1.1 s; peak memory 481 MiB.
2026-10-09T10:56:03Z INFO [1343/5000] b4bdb3b2-8f41-4ea2-8d76-7c2e087a7af1: 53 internal nodes; 1.7 s; peak memory 481 MiB.
2026-10-09T10:56:05Z INFO [1344/5000] b4bdcb91-bb21-4eb5-84d6-2f7bb874d2d5: 31 internal nodes; 1.9 s; peak memory 481 MiB.
2026-10-09T10:56:15Z INFO [1345/5000] b4bdd37a-7abf-491a-9b3e-11461bce90c3: 218 internal nodes; 9.4 s; peak memory 481 MiB.
2026-10-09T10:56:16Z INFO [1346/5000] b4bdd4aa-a86a-4816-abd3-bccd68421b5d: 13 internal nodes; 1.0 s; peak memory 481 MiB.
2026-10-09T10:56:16Z INFO [1347/5000] b4be2182-f7a8-4020-8d61-186bc5615adf: 26 internal nodes; 0.9 s; peak memory 481 MiB.
2026-10-09T10:56:24Z INFO [1348/5000] b4be662f-a11f-4a1b-b232-25728722b490: 177 internal nodes; 7.8 s; peak memory 481 MiB.
2026-10-09T10:56:34Z INFO [1349/5000] b4bed147-458b-4d20-9fe9-784be66b4ea8: 44 internal nodes; 9.9 s; peak memory 483 MiB.
2026-10-09T10:56:35Z INFO [1350/5000] b4c041d3-8854-45ee-86a8-e732a03862a0: 17 internal nodes; 1.2 s; peak memory 483 MiB.
2026-10-09T10:56:36Z INFO [1350/5000] b4c041d3-8854-45ee-86a8-e732a03862a0: checkpointed 133988 new records.
2026-10-09T10:56:48Z INFO [1351/5000] b4c08fa9-9f29-47b7-ac36-2c36d17f8cc1: 71 internal nodes; 12.3 s; peak memory 483 MiB.
2026-10-09T10:57:11Z INFO [1352/5000] b4c1232f-1a4a-4576-b947-ae50c72588c0: 193 internal nodes; 22.8 s; peak memory 483 MiB.
2026-10-09T10:57:12Z INFO [1353/5000] b4c157a1-ec41-415d-85da-7b13f284d8a9: 90 internal nodes; 1.4 s; peak memory 483 MiB.
2026-10-09T10:57:17Z INFO [1354/5000] b4c19f55-2f3a-4744-a6cb-b369bce03256: 51 internal nodes; 4.4 s; peak memory 483 MiB.
2026-10-09T10:57:18Z INFO [1355/5000] b4c1d5bc-1db4-4120-a637-aa72b629ccf1: 31 internal nodes; 1.6 s; peak memory 483 MiB.
2026-10-09T10:57:21Z INFO [1356/5000] b4c2bb3d-39da-4f0a-80e0-e0dc129073bc: 67 internal nodes; 2.4 s; peak memory 483 MiB.
2026-10-09T10:57:22Z INFO [1357/5000] b4c2da1a-a7a1-4d36-80bc-b4fe62a68443: 11 internal nodes; 1.0 s; peak memory 483 MiB.
2026-10-09T10:57:23Z INFO [1358/5000] b4c3bc0f-ba76-4696-80e7-273ab9b4ce15: 24 internal nodes; 1.5 s; peak memory 483 MiB.
2026-10-09T10:57:25Z INFO [1359/5000] b4c3be2b-10e9-4734-b6e2-2c1d11d9b5e2: 27 internal nodes; 1.4 s; peak memory 483 MiB.
2026-10-09T10:57:26Z INFO [1360/5000] b4c42536-cf21-40b1-a5f0-8737aad4c188: 27 internal nodes; 1.3 s; peak memory 483 MiB.
2026-10-09T10:57:34Z INFO [1361/5000] b4c59f32-42e5-4c5a-a0f9-36e6950b224b: 171 internal nodes; 7.6 s; peak memory 483 MiB.
2026-10-09T10:57:35Z INFO [1362/5000] b4c5f7fe-8008-4340-9863-0e31333530c4: 31 internal nodes; 1.6 s; peak memory 483 MiB.
2026-10-09T10:57:42Z INFO [1363/5000] b4c6be0d-8132-485f-a4ca-4c2fb4cbd4c4: 129 internal nodes; 6.8 s; peak memory 483 MiB.
2026-10-09T10:57:43Z INFO [1364/5000] b4c850ea-b9fe-4568-b507-14810de8f944: 22 internal nodes; 0.8 s; peak memory 483 MiB.
2026-10-09T10:57:46Z INFO [1365/5000] b4c92abd-83f8-4d2b-bafc-fa784a4a7c4e: 46 internal nodes; 3.4 s; peak memory 483 MiB.
2026-10-09T10:57:48Z INFO [1366/5000] b4cab834-00af-42c9-951b-5bc3ec81a20a: 72 internal nodes; 2.2 s; peak memory 483 MiB.
2026-10-09T10:57:50Z INFO [1367/5000] b4cafe36-86bd-40d0-a6e3-e7b01014c337: 17 internal nodes; 1.2 s; peak memory 483 MiB.
2026-10-09T10:57:53Z INFO [1368/5000] b4ce45ed-347d-4020-962c-eb5f376bd064: 46 internal nodes; 3.5 s; peak memory 483 MiB.
2026-10-09T10:57:54Z INFO [1369/5000] b4ce7165-854e-48fc-9140-b357e2cbb11f: 31 internal nodes; 1.1 s; peak memory 483 MiB.
2026-10-09T10:57:56Z INFO [1370/5000] b4ce9850-74ce-4030-844a-7169e0978a73: 27 internal nodes; 1.3 s; peak memory 483 MiB.
2026-10-09T10:58:03Z INFO [1371/5000] b4ceb3e1-6e57-4a67-aae2-f23863ce6fd0: 61 internal nodes; 7.2 s; peak memory 483 MiB.
2026-10-09T10:58:04Z INFO [1372/5000] b4cf0888-8faa-40fe-ad78-6dfc01b787a6: 54 internal nodes; 1.7 s; peak memory 483 MiB.
2026-10-09T10:58:06Z INFO [1373/5000] b4cfaac4-7829-4b19-a235-52a1d6c84623: 27 internal nodes; 1.3 s; peak memory 483 MiB.
2026-10-09T10:58:07Z INFO [1374/5000] b4cfd558-1e50-4d86-abfd-c33f54ac4c20: 11 internal nodes; 1.0 s; peak memory 483 MiB.
2026-10-09T10:58:08Z INFO [1375/5000] b4d01b51-94fb-4584-bb52-b3f9aa451496: 17 internal nodes; 1.1 s; peak memory 483 MiB.
2026-10-09T10:58:11Z INFO [1376/5000] b4d06e07-321c-432d-a0f1-19b3a6ef94eb: 44 internal nodes; 3.0 s; peak memory 483 MiB.
2026-10-09T10:58:15Z INFO [1377/5000] b4d13905-26a5-4561-a8f4-99c58eab10f7: 46 internal nodes; 3.7 s; peak memory 483 MiB.
2026-10-09T10:58:17Z INFO [1378/5000] b4d1ad1d-cb75-45f8-bd1f-3c9714d5f619: 72 internal nodes; 2.4 s; peak memory 483 MiB.
2026-10-09T10:58:18Z INFO [1379/5000] b4d1bcf1-8995-40af-b64d-ce649c382a25: 27 internal nodes; 0.8 s; peak memory 483 MiB.
2026-10-09T10:58:18Z INFO [1380/5000] b4d24f1d-cb7b-453b-85ee-d9abc9abbc21: 11 internal nodes; 0.7 s; peak memory 483 MiB.
2026-10-09T10:58:20Z INFO [1381/5000] b4d26844-4573-4a9e-8793-960205fa4cad: 17 internal nodes; 1.1 s; peak memory 483 MiB.
2026-10-09T10:58:22Z INFO [1382/5000] b4d39b3e-07c5-45c2-aa35-772d9968a4c0: 31 internal nodes; 2.1 s; peak memory 483 MiB.
2026-10-09T10:58:23Z INFO [1383/5000] b4d4a68a-5ba2-4f44-9ba6-aba84912b307: 31 internal nodes; 1.5 s; peak memory 483 MiB.
2026-10-09T10:58:24Z INFO [1384/5000] b4d511d1-afad-48ae-b50d-ada627f40dc5: 17 internal nodes; 1.1 s; peak memory 483 MiB.
2026-10-09T10:58:25Z INFO [1385/5000] b4d53257-55c8-45cd-8b77-39ecb360c0a0: 18 internal nodes; 0.9 s; peak memory 483 MiB.
2026-10-09T10:58:27Z INFO [1386/5000] b4d5d0e6-07a6-4bbd-a01b-65e270bef347: 23 internal nodes; 1.5 s; peak memory 483 MiB.
2026-10-09T10:58:28Z INFO [1387/5000] b4d664a2-6782-4473-8bcf-456d07ccbcd6: 116 internal nodes; 1.5 s; peak memory 483 MiB.
2026-10-09T10:58:30Z INFO [1388/5000] b4d69a05-db4e-44d6-8250-742f368d73ed: 31 internal nodes; 1.6 s; peak memory 483 MiB.
2026-10-09T10:58:31Z INFO [1389/5000] b4d80756-576c-4945-b72c-58f204cd1eb6: 27 internal nodes; 1.3 s; peak memory 483 MiB.
2026-10-09T10:58:33Z INFO [1390/5000] b4d83f44-2a1c-4888-99b3-6a81b39a331f: 27 internal nodes; 1.6 s; peak memory 483 MiB.
2026-10-09T10:58:43Z INFO [1391/5000] b4d84183-e10c-4ea0-b1e7-51b51937666b: 49 internal nodes; 10.3 s; peak memory 483 MiB.
2026-10-09T10:58:44Z INFO [1392/5000] b4d849b0-646a-4f4b-bdcc-c34fbee577a5: 13 internal nodes; 1.0 s; peak memory 483 MiB.
2026-10-09T10:58:45Z INFO [1393/5000] b4d8589c-4722-4508-b3f2-05216a074db9: 11 internal nodes; 0.8 s; peak memory 483 MiB.
2026-10-09T10:58:46Z INFO [1394/5000] b4d9065f-27c3-454a-9284-90dcf0923070: 23 internal nodes; 1.3 s; peak memory 483 MiB.
2026-10-09T10:58:47Z INFO [1395/5000] b4d9396c-cc01-438b-9d5b-5ac49c22be91: 29 internal nodes; 1.1 s; peak memory 483 MiB.
2026-10-09T10:58:48Z INFO [1396/5000] b4d95051-5704-4f2c-90cc-f5608659b252: 11 internal nodes; 0.7 s; peak memory 483 MiB.
2026-10-09T10:58:49Z INFO [1397/5000] b4d9fd55-90b4-4239-a07b-3eba036b6718: 17 internal nodes; 1.2 s; peak memory 483 MiB.
2026-10-09T10:58:50Z INFO [1398/5000] b4db9f81-936d-4c87-ba45-9d5aedd78712: 13 internal nodes; 1.0 s; peak memory 483 MiB.
2026-10-09T10:58:52Z INFO [1399/5000] b4dbb1b7-c771-4786-8fec-c4ac5909da91: 66 internal nodes; 1.6 s; peak memory 483 MiB.
2026-10-09T10:58:53Z INFO [1400/5000] b4dc0deb-be49-4416-93b7-9a2dbab956e1: 27 internal nodes; 1.3 s; peak memory 483 MiB.
2026-10-09T10:58:54Z INFO [1400/5000] b4dc0deb-be49-4416-93b7-9a2dbab956e1: checkpointed 134038 new records.
2026-10-09T10:58:57Z INFO [1401/5000] b4dc6e2c-c8cf-43da-ba63-5c1778b36459: 46 internal nodes; 3.6 s; peak memory 483 MiB.
2026-10-09T10:58:58Z INFO [1402/5000] b4dd0f36-d176-4083-b452-0a8c5a36681b: 17 internal nodes; 1.1 s; peak memory 483 MiB.
2026-10-09T10:59:01Z INFO [1403/5000] b4de3d85-0b67-461d-813d-672ffff9f3e7: 44 internal nodes; 3.0 s; peak memory 483 MiB.
2026-10-09T10:59:02Z INFO [1404/5000] b4de7f69-35a8-474b-9f6e-6f2fde976759: 13 internal nodes; 1.0 s; peak memory 483 MiB.
2026-10-09T10:59:04Z INFO [1405/5000] b4decb40-1505-429e-b6ea-4d3c786af4d4: 59 internal nodes; 1.7 s; peak memory 483 MiB.
2026-10-09T10:59:07Z INFO [1406/5000] b4df2adc-1cb4-4c5a-a176-ca6976c17b1c: 22 internal nodes; 2.4 s; peak memory 483 MiB.
2026-10-09T10:59:09Z INFO [1407/5000] b4e0454c-b27c-4a92-8c29-16547c958a9e: 42 internal nodes; 2.8 s; peak memory 483 MiB.
2026-10-09T10:59:11Z INFO [1408/5000] b4e0807c-2e24-4154-9554-d9e6e109c34a: 29 internal nodes; 1.6 s; peak memory 483 MiB.
2026-10-09T10:59:12Z INFO [1409/5000] b4e21327-d1af-4c1c-ab6f-708bebb1b420: 22 internal nodes; 0.8 s; peak memory 483 MiB.
2026-10-09T10:59:13Z INFO [1410/5000] b4e23686-6250-482d-9456-55f2f07380e1: 11 internal nodes; 0.8 s; peak memory 483 MiB.
2026-10-09T10:59:14Z INFO [1411/5000] b4e23ed7-efb5-4a66-9b56-9ca4b8cace14: 69 internal nodes; 1.8 s; peak memory 483 MiB.
2026-10-09T10:59:15Z INFO [1412/5000] b4e28464-f9f7-44a4-8fa0-858b8ab31151: 27 internal nodes; 0.8 s; peak memory 483 MiB.
2026-10-09T10:59:16Z INFO [1413/5000] b4e29220-8f91-400a-8ba3-dd72bb496d15: 29 internal nodes; 1.2 s; peak memory 483 MiB.
2026-10-09T10:59:18Z INFO [1414/5000] b4e2daf4-976b-49dd-856c-d9d13fb4249d: 31 internal nodes; 1.7 s; peak memory 483 MiB.
2026-10-09T10:59:20Z INFO [1415/5000] b4e2f741-86ab-432d-952c-cb32f62300fe: 31 internal nodes; 1.7 s; peak memory 483 MiB.
2026-10-09T10:59:23Z INFO [1416/5000] b4e44c4a-b504-403e-8441-d7f3c31844db: 56 internal nodes; 3.7 s; peak memory 483 MiB.
2026-10-09T10:59:26Z INFO [1417/5000] b4e4d7e4-5123-496e-8e77-2d1419894b82: 42 internal nodes; 2.9 s; peak memory 483 MiB.
2026-10-09T10:59:33Z INFO [1418/5000] b4e4eea4-78c5-4fce-b897-7f85d90e42e6: 68 internal nodes; 6.3 s; peak memory 483 MiB.
2026-10-09T10:59:35Z INFO [1419/5000] b4e52b6f-8631-4ab4-adbd-360358f45112: 58 internal nodes; 1.8 s; peak memory 483 MiB.
2026-10-09T10:59:36Z INFO [1420/5000] b4e663e8-b729-4f3c-a218-5669a6f464c1: 17 internal nodes; 1.2 s; peak memory 483 MiB.
2026-10-09T10:59:37Z INFO [1421/5000] b4e71840-2475-41c8-8443-5c075c814572: 17 internal nodes; 1.2 s; peak memory 483 MiB.
2026-10-09T10:59:39Z INFO [1422/5000] b4e7ed01-3f04-4e71-a11a-5cc65ea1e23f: 31 internal nodes; 1.7 s; peak memory 483 MiB.
2026-10-09T10:59:42Z INFO [1423/5000] b4e834a6-b877-4737-8cff-469e099a4b11: 46 internal nodes; 3.4 s; peak memory 483 MiB.
2026-10-09T10:59:44Z INFO [1424/5000] b4e89bda-e2fe-45ca-b5f6-8f72e4b501b3: 65 internal nodes; 2.2 s; peak memory 483 MiB.
2026-10-09T10:59:47Z INFO [1425/5000] b4ea834d-38a7-43de-9795-6b45d0cbed24: 41 internal nodes; 3.3 s; peak memory 483 MiB.
2026-10-09T10:59:49Z INFO [1426/5000] b4ea8fff-430f-4eff-8192-7d6cb1537272: 17 internal nodes; 1.2 s; peak memory 483 MiB.
2026-10-09T10:59:50Z INFO [1427/5000] b4eac2f4-a606-41a2-b15a-68c52799699c: 26 internal nodes; 1.8 s; peak memory 483 MiB.
2026-10-09T10:59:51Z INFO [1428/5000] b4eb0d07-f104-4f04-b197-687bc9a12e6b: 11 internal nodes; 0.8 s; peak memory 483 MiB.
2026-10-09T10:59:53Z INFO [1429/5000] b4eb4250-82f5-4421-8225-80de03024b84: 31 internal nodes; 1.8 s; peak memory 483 MiB.
2026-10-09T10:59:54Z INFO [1430/5000] b4ec6c6b-a7b5-43b1-91b9-c3a3ea77e60b: 17 internal nodes; 1.1 s; peak memory 483 MiB.
2026-10-09T10:59:55Z INFO [1431/5000] b4ed079e-045a-46a7-97e0-7120646b21bd: 26 internal nodes; 0.8 s; peak memory 483 MiB.
2026-10-09T10:59:58Z INFO [1432/5000] b4ed1b45-bd50-4a9b-b66b-a12523075552: 46 internal nodes; 3.4 s; peak memory 483 MiB.
2026-10-09T11:00:00Z INFO [1433/5000] b4ed36d1-265e-48c1-b0ac-57af845e9551: 31 internal nodes; 1.9 s; peak memory 483 MiB.
2026-10-09T11:00:02Z INFO [1434/5000] b4ed93ba-01cd-49d8-bddc-f7da89380434: 30 internal nodes; 1.6 s; peak memory 483 MiB.
2026-10-09T11:00:03Z INFO [1435/5000] b4efb98f-14f5-4313-9928-aa17d751dd3b: 18 internal nodes; 1.0 s; peak memory 483 MiB.
2026-10-09T11:00:03Z INFO [1436/5000] b4efbe17-7779-45de-892f-0f55ebb32578: 11 internal nodes; 0.8 s; peak memory 483 MiB.
2026-10-09T11:00:05Z INFO [1437/5000] b4f06ff1-3f06-4628-b597-5a9823515c79: 18 internal nodes; 1.1 s; peak memory 483 MiB.
2026-10-09T11:00:06Z INFO [1438/5000] b4f0a21b-53e8-4bcb-9860-33f0ecce2f79: 27 internal nodes; 1.2 s; peak memory 483 MiB.
2026-10-09T11:00:09Z INFO [1439/5000] b4f0b4c1-05e7-4475-895a-19b8f1ca6449: 44 internal nodes; 2.7 s; peak memory 483 MiB.
2026-10-09T11:00:10Z INFO [1440/5000] b4f0e7f0-65b8-4a16-a204-b5d26fd278de: 17 internal nodes; 1.2 s; peak memory 483 MiB.
2026-10-09T11:00:11Z INFO [1441/5000] b4f16238-d8a6-417f-b88a-f42fda719f95: 27 internal nodes; 1.4 s; peak memory 483 MiB.
2026-10-09T11:00:12Z INFO [1442/5000] b4f2495f-55db-41cd-b1f3-a1cf90b6629b: 15 internal nodes; 1.2 s; peak memory 483 MiB.
2026-10-09T11:00:13Z INFO [1443/5000] b4f45b8d-0769-4cce-a808-dbed719ce3c6: 19 internal nodes; 1.1 s; peak memory 483 MiB.
2026-10-09T11:00:15Z INFO [1444/5000] b4f590c1-1670-4ef5-8d45-1f93e975228a: 27 internal nodes; 1.2 s; peak memory 483 MiB.
2026-10-09T11:00:27Z INFO [1445/5000] b4f6ba79-0d7f-4d37-bae8-6a3216ecf268: 270 internal nodes; 12.5 s; peak memory 483 MiB.
2026-10-09T11:00:30Z INFO [1446/5000] b4f72cee-9cfa-44d5-8e06-8407bf5941df: 44 internal nodes; 2.9 s; peak memory 483 MiB.
2026-10-09T11:00:32Z INFO [1447/5000] b4f7521c-11b3-4d48-b433-211743e9d150: 31 internal nodes; 2.0 s; peak memory 483 MiB.
2026-10-09T11:00:34Z INFO [1448/5000] b4f7e459-7643-4ac7-8bb0-874da1422651: 17 internal nodes; 1.7 s; peak memory 483 MiB.
2026-10-09T11:00:35Z INFO [1449/5000] b4f9553e-9755-49e4-a145-b24dc728c410: 18 internal nodes; 1.0 s; peak memory 483 MiB.
2026-10-09T11:00:36Z INFO [1450/5000] b4f99225-04cf-47e7-96e4-e4665bb5d2e4: 31 internal nodes; 1.7 s; peak memory 483 MiB.
2026-10-09T11:00:37Z INFO [1450/5000] b4f99225-04cf-47e7-96e4-e4665bb5d2e4: checkpointed 134088 new records.
2026-10-09T11:00:38Z INFO [1451/5000] b4f9cd78-bbb2-4c4c-a1f2-60fddfbb0a0c: 17 internal nodes; 1.3 s; peak memory 483 MiB.
2026-10-09T11:00:46Z INFO [1452/5000] b4f9f1f9-7ed9-4960-8037-4bc65467c365: 159 internal nodes; 7.8 s; peak memory 483 MiB.
2026-10-09T11:00:47Z INFO [1453/5000] b4fa0445-9c5d-4c16-9d90-aca90b3ab723: 27 internal nodes; 1.5 s; peak memory 483 MiB.
2026-10-09T11:00:49Z INFO [1454/5000] b4fa2722-8682-4ead-83dd-930dbaf01af2: 29 internal nodes; 1.8 s; peak memory 483 MiB.
2026-10-09T11:00:50Z INFO [1455/5000] b4faaf52-7730-4631-a5d6-f0900f15dc26: 11 internal nodes; 0.8 s; peak memory 483 MiB.
2026-10-09T11:00:51Z INFO [1456/5000] b4fbf907-9877-44b7-a1e3-7d54ef48ce65: 119 internal nodes; 1.5 s; peak memory 483 MiB.
2026-10-09T11:00:52Z INFO [1457/5000] b4fc33c4-801b-4d65-9ab8-7e9d0e8076ad: 13 internal nodes; 1.0 s; peak memory 483 MiB.
2026-10-09T11:00:53Z INFO [1458/5000] b4fc7951-a734-4fe2-9b6a-e3455a0236ef: 17 internal nodes; 1.1 s; peak memory 483 MiB.
2026-10-09T11:01:02Z INFO [1459/5000] b4fcd0c6-e080-47bf-a971-dbc0ddcd8ff7: 174 internal nodes; 8.8 s; peak memory 483 MiB.
2026-10-09T11:01:03Z INFO [1460/5000] b4fcdaaa-939e-48eb-a87e-294a59758b19: 17 internal nodes; 1.2 s; peak memory 483 MiB.
2026-10-09T11:01:05Z INFO [1461/5000] b4fd813e-4608-485f-bbe4-36f99412f386: 22 internal nodes; 1.8 s; peak memory 483 MiB.
2026-10-09T11:01:06Z INFO [1462/5000] b4feb523-76ae-4116-a662-57d0a0ca6cbf: 27 internal nodes; 0.8 s; peak memory 483 MiB.
2026-10-09T11:01:08Z INFO [1463/5000] b4feda04-65cf-4a86-a67e-61752143066c: 28 internal nodes; 2.0 s; peak memory 483 MiB.
2026-10-09T11:01:10Z INFO [1464/5000] b4fef491-c2d3-4750-bc60-48cc07568476: 67 internal nodes; 2.1 s; peak memory 483 MiB.
2026-10-09T11:01:11Z INFO [1465/5000] b4ff6ced-cb2e-4e7f-81b0-e8639c01b17d: 17 internal nodes; 1.3 s; peak memory 483 MiB.
2026-10-09T11:01:13Z INFO [1466/5000] b4ff9c66-548d-430b-9e66-abbdae826653: 17 internal nodes; 1.2 s; peak memory 483 MiB.
2026-10-09T11:01:16Z INFO [1467/5000] b500fa07-46d1-4bd9-a1c2-549ce9837179: 50 internal nodes; 3.2 s; peak memory 483 MiB.
2026-10-09T11:01:17Z INFO [1468/5000] b501875d-7792-4169-ae6d-1c9654371217: 17 internal nodes; 1.2 s; peak memory 483 MiB.
2026-10-09T11:01:20Z INFO [1469/5000] b50210ba-b68d-405c-97cc-3b93e0690ef7: 44 internal nodes; 3.4 s; peak memory 483 MiB.
2026-10-09T11:01:21Z INFO [1470/5000] b50236d7-718c-406a-8b07-fcd99ff307da: 17 internal nodes; 1.1 s; peak memory 483 MiB.
2026-10-09T11:01:23Z INFO [1471/5000] b502a238-50f9-40b2-a9c2-1ac6f8ab3886: 19 internal nodes; 1.3 s; peak memory 483 MiB.
2026-10-09T11:01:24Z INFO [1472/5000] b502a6c4-2e30-4b6a-b1a5-8988e6f3cbc9: 27 internal nodes; 1.3 s; peak memory 483 MiB.
2026-10-09T11:01:25Z INFO [1473/5000] b50459b1-5806-4686-8881-2c4ec1092b97: 56 internal nodes; 1.5 s; peak memory 483 MiB.
2026-10-09T11:01:27Z INFO [1474/5000] b505134e-9186-4f12-bcfb-0472666611ff: 22 internal nodes; 1.4 s; peak memory 483 MiB.
2026-10-09T11:01:37Z INFO [1475/5000] b5052b8d-9fb7-4145-87d9-5566decbea9f: 80 internal nodes; 10.3 s; peak memory 483 MiB.
2026-10-09T11:01:39Z INFO [1476/5000] b5057cff-3f4e-447f-978d-e4345b689d2a: 29 internal nodes; 1.4 s; peak memory 483 MiB.
2026-10-09T11:01:42Z INFO [1477/5000] b505a73c-e7ff-437b-9457-82b84d478838: 35 internal nodes; 3.4 s; peak memory 483 MiB.
2026-10-09T11:01:43Z INFO [1478/5000] b505e322-bb48-4fd2-98a7-7988e14c40f1: 17 internal nodes; 1.1 s; peak memory 483 MiB.
2026-10-09T11:01:44Z INFO [1479/5000] b506807e-bf5b-44e3-b9d8-af8d5b558557: 21 internal nodes; 1.0 s; peak memory 483 MiB.
2026-10-09T11:01:46Z INFO [1480/5000] b506f047-b76f-48d8-80a2-a462d6206ad4: 27 internal nodes; 1.4 s; peak memory 483 MiB.
2026-10-09T11:01:51Z INFO [1481/5000] b5070fd5-beac-4124-905d-ab39d0ca60a7: 73 internal nodes; 5.8 s; peak memory 483 MiB.
2026-10-09T11:01:53Z INFO [1482/5000] b5072088-4adc-4fd1-8021-12bc2416c942: 17 internal nodes; 1.3 s; peak memory 483 MiB.
2026-10-09T11:01:54Z INFO [1483/5000] b507fbc8-c5a6-4a64-92b7-1ba6e932b7d8: 17 internal nodes; 1.1 s; peak memory 483 MiB.
2026-10-09T11:01:55Z INFO [1484/5000] b5080863-5ac2-4af9-a0e6-3717d57dc0ba: 17 internal nodes; 1.2 s; peak memory 483 MiB.
2026-10-09T11:01:56Z INFO [1485/5000] b50858aa-ee4f-4a21-bce6-d63183e797cc: 17 internal nodes; 1.1 s; peak memory 483 MiB.
2026-10-09T11:01:57Z INFO [1486/5000] b50935ad-5681-4a3c-a6b9-11312af77b8f: 27 internal nodes; 1.4 s; peak memory 483 MiB.
2026-10-09T11:02:04Z INFO [1487/5000] b50a54cc-d9f7-47d9-8631-591b7b1e5e12: 54 internal nodes; 6.6 s; peak memory 483 MiB.
2026-10-09T11:02:05Z INFO [1488/5000] b50ac0d1-6205-4787-b17d-3d23a7aa859c: 17 internal nodes; 1.2 s; peak memory 483 MiB.
2026-10-09T11:02:09Z INFO [1489/5000] b50b9633-e3d2-47dc-b1c7-e478d096f635: 46 internal nodes; 3.6 s; peak memory 483 MiB.
2026-10-09T11:02:15Z INFO [1490/5000] b50bca22-f0b1-49ae-9239-fabea0f0abd0: 68 internal nodes; 5.9 s; peak memory 483 MiB.
2026-10-09T11:02:16Z INFO [1491/5000] b50bed4d-4fe2-44b5-949e-9cae7dba486a: 69 internal nodes; 1.8 s; peak memory 483 MiB.
2026-10-09T11:02:18Z INFO [1492/5000] b50c35db-2a2c-4700-8475-3b18762c3227: 65 internal nodes; 1.6 s; peak memory 483 MiB.
2026-10-09T11:02:19Z INFO [1493/5000] b50c7af4-e241-48f4-a568-6b41945cf3aa: 11 internal nodes; 0.7 s; peak memory 483 MiB.
2026-10-09T11:02:20Z INFO [1494/5000] b50c9514-a39b-4da9-a970-7ff70a94aad9: 17 internal nodes; 1.1 s; peak memory 483 MiB.
2026-10-09T11:02:22Z INFO [1495/5000] b50dcdf1-dcaa-4588-85ae-be0f63a31b11: 44 internal nodes; 2.4 s; peak memory 483 MiB.
2026-10-09T11:02:24Z INFO [1496/5000] b50df4ac-346e-43de-b979-70e7b36ee25c: 31 internal nodes; 1.6 s; peak memory 483 MiB.
2026-10-09T11:03:11Z INFO [1497/5000] b50ef826-e4ce-4b06-82f1-213ad66d991c: 2188 internal nodes; 46.9 s; peak memory 483 MiB.
2026-10-09T11:03:18Z INFO [1498/5000] b50f192e-c471-4da2-9f1d-4f69d6e611b2: 61 internal nodes; 7.4 s; peak memory 483 MiB.
2026-10-09T11:03:19Z INFO [1499/5000] b50f3c01-03ef-4e08-96de-e538dbf727d0: 19 internal nodes; 1.3 s; peak memory 483 MiB.
2026-10-09T11:03:21Z INFO [1500/5000] b50f974e-ce50-41df-963f-eb3e9bb04ec5: 63 internal nodes; 1.8 s; peak memory 483 MiB.
2026-10-09T11:03:22Z INFO [1500/5000] b50f974e-ce50-41df-963f-eb3e9bb04ec5: checkpointed 134138 new records.
2026-10-09T11:03:23Z INFO [1501/5000] b5100d0d-82e2-4286-b2d7-7fa700f7c8bf: 21 internal nodes; 0.8 s; peak memory 483 MiB.
2026-10-09T11:03:24Z INFO [1502/5000] b5106200-221c-4e66-86f4-c913d751606c: 17 internal nodes; 1.1 s; peak memory 483 MiB.
2026-10-09T11:03:30Z INFO [1503/5000] b5108154-28b2-4f68-bd9d-0b9e43aa01b7: 115 internal nodes; 5.8 s; peak memory 483 MiB.
2026-10-09T11:03:31Z INFO [1504/5000] b511ed6f-111d-4c12-8b49-80686d3dc94f: 27 internal nodes; 1.4 s; peak memory 483 MiB.
2026-10-09T11:03:32Z INFO [1505/5000] b511f28d-40fe-49a3-b751-ee959f7ec1c3: 15 internal nodes; 1.0 s; peak memory 483 MiB.
2026-10-09T11:03:34Z INFO [1506/5000] b512c67c-e0aa-4602-814d-a37054c41997: 29 internal nodes; 2.1 s; peak memory 483 MiB.
2026-10-09T11:03:35Z INFO [1507/5000] b5136c98-0823-4d14-b3c3-a5438e1bf58b: 27 internal nodes; 1.3 s; peak memory 483 MiB.
2026-10-09T11:03:36Z INFO [1508/5000] b513ef1b-954c-442a-a2f1-82dc2bf043ac: 18 internal nodes; 1.0 s; peak memory 483 MiB.
2026-10-09T11:03:38Z INFO [1509/5000] b5143d9a-b7e4-41af-9c0f-e30f527a409a: 31 internal nodes; 1.4 s; peak memory 483 MiB.
2026-10-09T11:03:40Z INFO [1510/5000] b5147ff9-f519-4065-b755-9095b35f7c05: 59 internal nodes; 1.8 s; peak memory 483 MiB.
2026-10-09T11:03:41Z INFO [1511/5000] b514ce7a-b82e-4468-b6a0-d2018a2abd68: 39 internal nodes; 1.7 s; peak memory 483 MiB.
2026-10-09T11:03:42Z INFO [1512/5000] b516d9c2-c913-445d-bfa2-64934beeec4f: 19 internal nodes; 1.1 s; peak memory 483 MiB.
2026-10-09T11:03:44Z INFO [1513/5000] b5177e17-6925-47c7-80e4-b043ae45bf79: 27 internal nodes; 1.3 s; peak memory 483 MiB.
2026-10-09T11:03:45Z INFO [1514/5000] b51a7ab3-0727-45a3-8b70-ec201634c1b6: 17 internal nodes; 1.0 s; peak memory 483 MiB.
2026-10-09T11:04:01Z INFO [1515/5000] b51aa816-5e61-45f5-bfe3-93f0f0e62bbc: 40 internal nodes; 16.3 s; peak memory 483 MiB.
2026-10-09T11:04:02Z INFO [1516/5000] b51b07fe-8017-4465-b261-7cd39fb5e164: 29 internal nodes; 1.3 s; peak memory 483 MiB.
2026-10-09T11:04:04Z INFO [1517/5000] b51b174f-51cf-4eef-9fcb-9a6df1475f89: 27 internal nodes; 1.4 s; peak memory 483 MiB.
2026-10-09T11:04:05Z INFO [1518/5000] b51b1a2f-93af-4b0a-9462-6ce67288c949: 27 internal nodes; 1.5 s; peak memory 483 MiB.
2026-10-09T11:04:07Z INFO [1519/5000] b51b6e16-10ac-4fa8-a2ba-dbbb03077280: 31 internal nodes; 1.6 s; peak memory 483 MiB.
2026-10-09T11:04:14Z INFO [1520/5000] b51b7b54-dc39-477c-90de-0842503b6268: 125 internal nodes; 6.9 s; peak memory 483 MiB.
2026-10-09T11:04:15Z INFO [1521/5000] b51becd6-bd2c-421e-95b0-919268bd65f3: 17 internal nodes; 1.2 s; peak memory 483 MiB.
2026-10-09T11:04:17Z INFO [1522/5000] b51bf53a-219f-40b9-8566-80bb9ce9da08: 59 internal nodes; 2.5 s; peak memory 483 MiB.
2026-10-09T11:04:19Z INFO [1523/5000] b51c3781-b578-4cc8-a8ad-8665e2c9f13f: 27 internal nodes; 1.3 s; peak memory 483 MiB.
2026-10-09T11:04:20Z INFO [1524/5000] b51c8965-e967-4bd9-b7d0-ac1134fcb51d: 25 internal nodes; 1.3 s; peak memory 483 MiB.
2026-10-09T11:04:22Z INFO [1525/5000] b51cbdf0-f29e-4735-9432-d11c9f539d4f: 27 internal nodes; 1.5 s; peak memory 483 MiB.
2026-10-09T11:04:24Z INFO [1526/5000] b51d4fa0-b8c3-4843-8599-5ca8beb57aca: 61 internal nodes; 1.9 s; peak memory 483 MiB.
2026-10-09T11:04:25Z INFO [1527/5000] b51da14a-bb31-40e6-a49c-7fbfad5656f0: 17 internal nodes; 1.1 s; peak memory 483 MiB.
2026-10-09T11:04:26Z INFO [1528/5000] b51fc156-1c1d-4ff1-a0fc-b315bda86309: 17 internal nodes; 1.3 s; peak memory 483 MiB.
2026-10-09T11:04:28Z INFO [1529/5000] b5202ed4-6e9e-40c1-af61-6105c4d40239: 29 internal nodes; 1.6 s; peak memory 483 MiB.
2026-10-09T11:04:31Z INFO [1530/5000] b5204294-cf54-4d37-b47c-f30c1bc225ca: 44 internal nodes; 3.2 s; peak memory 483 MiB.
2026-10-09T11:04:32Z INFO [1531/5000] b5208d8b-a48f-4731-a1d8-eb555491e4f2: 15 internal nodes; 1.1 s; peak memory 483 MiB.
2026-10-09T11:04:35Z INFO [1532/5000] b520a1d4-a7f9-427d-b034-f561e971f166: 44 internal nodes; 3.0 s; peak memory 483 MiB.
2026-10-09T11:04:37Z INFO [1533/5000] b521f5b7-afb2-4101-a3f6-b4ae62b74ad0: 30 internal nodes; 2.3 s; peak memory 483 MiB.
2026-10-09T11:04:38Z INFO [1534/5000] b522d68c-6897-434f-a7fa-e9453300aeac: 17 internal nodes; 1.2 s; peak memory 483 MiB.
2026-10-09T11:04:40Z INFO [1535/5000] b522e067-d050-41d3-89bc-776ccdb70bc2: 17 internal nodes; 1.2 s; peak memory 483 MiB.
2026-10-09T11:04:40Z INFO [1536/5000] b52349d9-a041-47c0-bd12-3a22eb36dbc4: 13 internal nodes; 0.7 s; peak memory 483 MiB.
2026-10-09T11:04:41Z INFO [1537/5000] b5236898-08bf-45a9-b9d9-f57005138293: 27 internal nodes; 1.2 s; peak memory 483 MiB.
2026-10-09T11:04:42Z INFO [1538/5000] b52388d4-b360-47f5-aa8c-85287350e066: 20 internal nodes; 0.8 s; peak memory 483 MiB.
2026-10-09T11:05:00Z INFO [1539/5000] b523f304-3a65-4364-aee3-6cdb0c47f07d: 135 internal nodes; 18.1 s; peak memory 483 MiB.
2026-10-09T11:05:02Z INFO [1540/5000] b5240f5d-7c29-4126-868c-fa3b25f2779d: 56 internal nodes; 1.8 s; peak memory 483 MiB.
2026-10-09T11:05:03Z INFO [1541/5000] b524bd18-a0ec-4cd7-9470-c81890e5ea31: 22 internal nodes; 0.8 s; peak memory 483 MiB.
2026-10-09T11:05:04Z INFO [1542/5000] b524f9c2-d8fb-40c1-8a84-ed8c8bfec2b8: 17 internal nodes; 1.2 s; peak memory 483 MiB.
2026-10-09T11:05:05Z INFO [1543/5000] b525019a-4405-4329-9f5e-e060a6c086ec: 17 internal nodes; 1.0 s; peak memory 483 MiB.
2026-10-09T11:05:07Z INFO [1544/5000] b5269441-e8bf-4e2c-a116-7b407dcc4024: 27 internal nodes; 1.4 s; peak memory 483 MiB.
2026-10-09T11:05:08Z INFO [1545/5000] b526b273-de75-4e08-ba90-bfea81d0c066: 27 internal nodes; 1.3 s; peak memory 483 MiB.
2026-10-09T11:05:10Z INFO [1546/5000] b5270644-b876-402e-922d-9ec315dc1fa2: 31 internal nodes; 1.8 s; peak memory 483 MiB.
2026-10-09T11:05:11Z INFO [1547/5000] b5277d34-923e-4661-b37f-14b63041bd85: 17 internal nodes; 1.2 s; peak memory 483 MiB.
2026-10-09T11:05:22Z INFO [1548/5000] b5281ebc-8821-4ce1-8157-497cc6b3ef9f: 252 internal nodes; 11.0 s; peak memory 483 MiB.
2026-10-09T11:05:23Z INFO [1549/5000] b5283cd8-1a05-4a50-b9ea-682dc1b40f7b: 52 internal nodes; 1.6 s; peak memory 483 MiB.
2026-10-09T11:05:25Z INFO [1550/5000] b52874d5-146a-4960-8906-f47c658386d5: 27 internal nodes; 1.4 s; peak memory 483 MiB.
2026-10-09T11:05:25Z INFO [1550/5000] b52874d5-146a-4960-8906-f47c658386d5: checkpointed 134188 new records.
2026-10-09T11:05:27Z INFO [1551/5000] b5288987-ca67-4506-a3b1-7c1b5f793816: 27 internal nodes; 1.3 s; peak memory 483 MiB.
2026-10-09T11:05:27Z INFO [1552/5000] b528ede6-fb3e-4120-88fd-fb76834f82f2: 11 internal nodes; 0.7 s; peak memory 483 MiB.
2026-10-09T11:05:28Z INFO [1553/5000] b5291cef-00fa-4aa8-86f7-e607db60a182: 15 internal nodes; 1.1 s; peak memory 483 MiB.
2026-10-09T11:05:30Z INFO [1554/5000] b52aa03d-8434-46e8-9ca4-110e910768b2: 17 internal nodes; 1.1 s; peak memory 483 MiB.
2026-10-09T11:05:31Z INFO [1555/5000] b52ae357-fc77-4c43-a0fd-40fd8fb7466e: 22 internal nodes; 1.7 s; peak memory 483 MiB.
2026-10-09T11:05:41Z INFO [1556/5000] b52b72ce-256c-4509-913a-b9761f8f6a13: 279 internal nodes; 9.2 s; peak memory 483 MiB.
2026-10-09T11:05:42Z INFO [1557/5000] b52c37f8-6440-43fa-bb5a-553b27849968: 115 internal nodes; 1.4 s; peak memory 483 MiB.
2026-10-09T11:05:43Z INFO [1558/5000] b52d9b60-3827-4a93-8f4b-50f31f08e247: 13 internal nodes; 1.4 s; peak memory 483 MiB.
2026-10-09T11:05:57Z INFO [1559/5000] b52db066-6adf-4adb-9b83-49fcde0058ea: 233 internal nodes; 13.6 s; peak memory 483 MiB.
2026-10-09T11:05:58Z INFO [1560/5000] b52df0ef-9bb0-49fd-8bb7-2d9c3838df28: 25 internal nodes; 1.4 s; peak memory 483 MiB.
2026-10-09T11:06:00Z INFO [1561/5000] b52dff13-1f0d-4f44-9f19-4099d8f3d9b1: 63 internal nodes; 1.9 s; peak memory 483 MiB.
2026-10-09T11:06:02Z INFO [1562/5000] b52e85ac-c52b-49dc-be56-ece44ed9ac64: 27 internal nodes; 1.5 s; peak memory 483 MiB.
2026-10-09T11:06:02Z INFO [1563/5000] b52f1e46-5550-43d7-ae88-4f6dec022229: 13 internal nodes; 0.8 s; peak memory 483 MiB.
2026-10-09T11:06:04Z INFO [1564/5000] b52f9247-ec99-4091-997b-b4d2249a243c: 17 internal nodes; 1.1 s; peak memory 483 MiB.
2026-10-09T11:06:05Z INFO [1565/5000] b52fb0dd-4fc0-43fb-857e-f7ce60ccb8a8: 114 internal nodes; 1.2 s; peak memory 483 MiB.
2026-10-09T11:06:06Z INFO [1566/5000] b52fb474-a91c-4e12-8db2-45288a046179: 17 internal nodes; 1.1 s; peak memory 483 MiB.
2026-10-09T11:06:07Z INFO [1567/5000] b5310012-4f25-445a-8d01-94fd9bba28f3: 23 internal nodes; 1.5 s; peak memory 483 MiB.
2026-10-09T11:06:15Z INFO [1568/5000] b53143e2-dfe0-4026-9aca-f5d5ab0aef23: 61 internal nodes; 7.8 s; peak memory 483 MiB.
2026-10-09T11:06:16Z INFO [1569/5000] b531a4ff-6f91-49fd-80e2-cfe0e8e16273: 29 internal nodes; 1.3 s; peak memory 483 MiB.
2026-10-09T11:06:18Z INFO [1570/5000] b5329dbe-d7c0-46eb-8a42-428ed0945126: 31 internal nodes; 1.7 s; peak memory 483 MiB.
2026-10-09T11:06:19Z INFO [1571/5000] b532d48b-5801-40fa-b471-29fa30231a12: 17 internal nodes; 1.2 s; peak memory 483 MiB.
2026-10-09T11:06:21Z INFO [1572/5000] b5331f02-fae9-484c-a6bc-7a66815ae1b6: 18 internal nodes; 1.3 s; peak memory 483 MiB.
2026-10-09T11:06:22Z INFO [1573/5000] b533351a-dcb8-4a7b-b349-323972f93279: 23 internal nodes; 1.4 s; peak memory 483 MiB.
2026-10-09T11:06:23Z INFO [1574/5000] b5333bbe-4a4d-4f78-ab53-5a29e926e679: 19 internal nodes; 1.4 s; peak memory 483 MiB.
2026-10-09T11:06:26Z INFO [1575/5000] b5339667-658a-49f3-8bf7-867d31da2f12: 44 internal nodes; 2.6 s; peak memory 483 MiB.
2026-10-09T11:06:27Z INFO [1576/5000] b5353e6c-8f64-4c73-bb99-c60a8e966bcd: 13 internal nodes; 0.8 s; peak memory 483 MiB.
2026-10-09T11:06:30Z INFO [1577/5000] b536071b-8840-41f5-b26e-deb01b20a7f3: 46 internal nodes; 3.6 s; peak memory 483 MiB.
2026-10-09T11:06:31Z INFO [1578/5000] b536914e-672b-46d2-9563-4c5a7ced702f: 27 internal nodes; 1.2 s; peak memory 483 MiB.
2026-10-09T11:06:32Z INFO [1579/5000] b5371b3f-64e2-45ef-96fc-f2d6b071f206: 19 internal nodes; 1.0 s; peak memory 483 MiB.
2026-10-09T11:06:34Z INFO [1580/5000] b5378967-1524-4137-b40c-05ec8763fca9: 31 internal nodes; 1.6 s; peak memory 483 MiB.
2026-10-09T11:06:36Z INFO [1581/5000] b537e185-f8c7-4d9d-a3ba-225bbf792d7e: 31 internal nodes; 2.0 s; peak memory 483 MiB.
2026-10-09T11:06:38Z INFO [1582/5000] b538c02e-9ac7-4279-8968-b373d87dc824: 55 internal nodes; 1.8 s; peak memory 483 MiB.
2026-10-09T11:06:46Z INFO [1583/5000] b538ed86-fa59-43ed-865d-7d067e3cb29d: 228 internal nodes; 7.7 s; peak memory 483 MiB.
2026-10-09T11:06:48Z INFO [1584/5000] b539b1b6-fb2c-4508-8f7e-a7614b19f0c4: 66 internal nodes; 2.1 s; peak memory 483 MiB.
2026-10-09T11:06:51Z INFO [1585/5000] b539c588-df09-4108-809a-23c66163c1ba: 42 internal nodes; 3.0 s; peak memory 483 MiB.
2026-10-09T11:06:52Z INFO [1586/5000] b53a5403-7504-465b-a74b-7236110e7859: 66 internal nodes; 1.7 s; peak memory 483 MiB.
2026-10-09T11:06:54Z INFO [1587/5000] b53ae79c-dbd5-4616-bfb8-2b58732e738d: 17 internal nodes; 1.2 s; peak memory 483 MiB.
2026-10-09T11:07:16Z INFO [1588/5000] b53b1843-0640-4069-b887-4bd2afb39bd4: 362 internal nodes; 22.4 s; peak memory 483 MiB.
2026-10-09T11:07:23Z INFO [1589/5000] b53b2b1e-8d91-4ad5-9cfc-8610fd1c94f7: 130 internal nodes; 6.9 s; peak memory 483 MiB.
2026-10-09T11:07:24Z INFO [1590/5000] b53bc176-3f86-4a3c-87eb-b85196ee7534: 26 internal nodes; 0.9 s; peak memory 483 MiB.
2026-10-09T11:07:25Z INFO [1591/5000] b53c3a50-ccb8-4c31-9293-e5b345b700d4: 11 internal nodes; 0.9 s; peak memory 483 MiB.
2026-10-09T11:07:26Z INFO [1592/5000] b53cd427-9d15-4a97-8237-37fcdc8e748d: 27 internal nodes; 1.2 s; peak memory 483 MiB.
2026-10-09T11:07:28Z INFO [1593/5000] b53d32e5-9c2c-44a9-9d6f-a25ab1a74d5d: 31 internal nodes; 1.7 s; peak memory 483 MiB.
2026-10-09T11:07:29Z INFO [1594/5000] b53e3c7f-aa9c-4d4d-bfda-e0116f3c9a77: 69 internal nodes; 1.8 s; peak memory 483 MiB.
2026-10-09T11:07:30Z INFO [1595/5000] b53ebc39-9cbb-40e2-bfe5-ce1c203b2ec8: 11 internal nodes; 0.8 s; peak memory 483 MiB.
2026-10-09T11:07:32Z INFO [1596/5000] b53f9921-efa2-4ec4-8012-836d4acdebe9: 61 internal nodes; 1.8 s; peak memory 483 MiB.
2026-10-09T11:07:33Z INFO [1597/5000] b540192f-6f26-4f72-a54e-32ba01ddc5b0: 17 internal nodes; 1.3 s; peak memory 483 MiB.
2026-10-09T11:07:35Z INFO [1598/5000] b540c3ed-d1cf-43e0-89c7-873ff2d8c23f: 17 internal nodes; 1.2 s; peak memory 483 MiB.
2026-10-09T11:07:36Z INFO [1599/5000] b5410b72-246a-49f6-8219-d170adc5fd1d: 17 internal nodes; 1.1 s; peak memory 483 MiB.
2026-10-09T11:07:37Z INFO [1600/5000] b5416e00-6001-415d-8e6a-5a0af0ac0794: 31 internal nodes; 1.7 s; peak memory 483 MiB.
2026-10-09T11:07:38Z INFO [1600/5000] b5416e00-6001-415d-8e6a-5a0af0ac0794: checkpointed 134238 new records.
2026-10-09T11:07:46Z INFO [1601/5000] b54184ba-d9d7-43cf-abcd-282a0718c6fa: 206 internal nodes; 8.3 s; peak memory 483 MiB.
2026-10-09T11:07:48Z INFO [1602/5000] b5419ade-722e-4355-9b4c-d549c74c9d08: 19 internal nodes; 1.3 s; peak memory 483 MiB.
2026-10-09T11:07:49Z INFO [1603/5000] b54209c0-c651-4f5c-aaf8-df1813d6d184: 27 internal nodes; 1.4 s; peak memory 483 MiB.
2026-10-09T11:07:56Z INFO [1604/5000] b542458a-b020-4c83-9ac2-8ddd4621e45c: 61 internal nodes; 7.4 s; peak memory 483 MiB.
2026-10-09T11:07:58Z INFO [1605/5000] b542bc18-f15a-4548-b7ad-7495fa24d65e: 12 internal nodes; 1.2 s; peak memory 483 MiB.
2026-10-09T11:07:59Z INFO [1606/5000] b5436bab-3336-4389-8ef9-fcbef7c390a6: 29 internal nodes; 1.8 s; peak memory 483 MiB.
2026-10-09T11:08:05Z INFO [1607/5000] b5438360-7da8-4337-aa3a-683a6282b1cd: 106 internal nodes; 5.4 s; peak memory 483 MiB.
2026-10-09T11:08:06Z INFO [1608/5000] b543bfa3-fe5a-4b36-904c-e19d0ae527fd: 11 internal nodes; 0.8 s; peak memory 483 MiB.
2026-10-09T11:08:07Z INFO [1609/5000] b5443728-53f6-46fe-9cf4-5d36f68e7f4b: 17 internal nodes; 1.2 s; peak memory 483 MiB.
2026-10-09T11:08:10Z INFO [1610/5000] b5450e52-eb45-475a-8370-6e62988f9004: 67 internal nodes; 3.2 s; peak memory 483 MiB.
2026-10-09T11:08:11Z INFO [1611/5000] b545735f-7d60-4511-bbc9-1906c9ecfbf5: 31 internal nodes; 1.5 s; peak memory 483 MiB.
2026-10-09T11:08:12Z INFO [1612/5000] b5459019-f6ca-499c-9a3e-ca3abbeac320: 11 internal nodes; 1.0 s; peak memory 483 MiB.
2026-10-09T11:08:13Z INFO [1613/5000] b545f0e4-77b8-4401-93ba-1ba3229aaa3c: 11 internal nodes; 0.8 s; peak memory 483 MiB.
2026-10-09T11:08:15Z INFO [1614/5000] b545f625-78dd-4f5c-be9c-248a3586ebe2: 31 internal nodes; 1.7 s; peak memory 483 MiB.
2026-10-09T11:08:22Z INFO [1615/5000] b5477968-da56-41ae-a767-596ce827910a: 61 internal nodes; 6.8 s; peak memory 483 MiB.
2026-10-09T11:08:23Z INFO [1616/5000] b5478246-4e41-46db-95c9-982517ef948c: 25 internal nodes; 1.5 s; peak memory 483 MiB.
2026-10-09T11:08:25Z INFO [1617/5000] b548126f-fabc-4046-93e7-6b91cee68d4a: 22 internal nodes; 1.3 s; peak memory 483 MiB.
2026-10-09T11:08:26Z INFO [1618/5000] b5496e51-e300-4706-aa40-7d3d0bcb9089: 17 internal nodes; 1.1 s; peak memory 483 MiB.
2026-10-09T11:08:27Z INFO [1619/5000] b54978e6-007f-4b54-8b85-f0069924e49d: 29 internal nodes; 1.5 s; peak memory 483 MiB.
2026-10-09T11:08:35Z INFO [1620/5000] b549a091-60a9-4338-9f48-cf2ca60481cf: 47 internal nodes; 7.5 s; peak memory 483 MiB.
2026-10-09T11:08:37Z INFO [1621/5000] b54a6858-bb44-4ed1-8fd6-6eae06c3cfb6: 30 internal nodes; 2.5 s; peak memory 483 MiB.
2026-10-09T11:08:42Z INFO [1622/5000] b54c144b-dd46-46d4-85d2-f4b3d6621c8f: 26 internal nodes; 4.9 s; peak memory 483 MiB.
2026-10-09T11:08:47Z INFO [1623/5000] b54d3d87-b724-44a8-ba00-d2836bafd4df: 73 internal nodes; 5.4 s; peak memory 483 MiB.
2026-10-09T11:08:49Z INFO [1624/5000] b54f6df9-beab-4653-847a-45359a315614: 15 internal nodes; 1.3 s; peak memory 483 MiB.
2026-10-09T11:08:51Z INFO [1625/5000] b55115bb-1dd3-48ff-b55f-c5afcdfda41c: 23 internal nodes; 2.2 s; peak memory 483 MiB.
2026-10-09T11:08:53Z INFO [1626/5000] b5532665-d14e-4760-a466-64cde75609c3: 31 internal nodes; 1.9 s; peak memory 483 MiB.
2026-10-09T11:08:58Z INFO [1627/5000] b5537b48-7456-4ed5-bfa9-199d9ff3715c: 1057 internal nodes; 5.6 s; peak memory 483 MiB.
2026-10-09T11:09:02Z INFO [1628/5000] b554647a-560a-4671-8e3c-6ed691d472ef: 46 internal nodes; 3.5 s; peak memory 483 MiB.
2026-10-09T11:09:03Z INFO [1629/5000] b5546d15-8020-48ab-a7b5-4ee0ab67a982: 31 internal nodes; 1.5 s; peak memory 483 MiB.
2026-10-09T11:09:05Z INFO [1630/5000] b5561b9a-5b6c-4a18-86ac-453d4852d87d: 31 internal nodes; 1.4 s; peak memory 483 MiB.
2026-10-09T11:09:18Z INFO [1631/5000] b55645eb-bbc9-4239-ae1a-3bd5aa38e6f1: 311 internal nodes; 13.6 s; peak memory 483 MiB.
2026-10-09T11:09:30Z INFO [1632/5000] b556582a-6608-420e-b9bc-88434197f3bc: 260 internal nodes; 12.1 s; peak memory 483 MiB.
2026-10-09T11:09:32Z INFO [1633/5000] b5586189-5a3f-4c44-93e7-bfd263e3fe14: 17 internal nodes; 1.2 s; peak memory 483 MiB.
2026-10-09T11:09:35Z INFO [1634/5000] b5590f2e-ad35-4924-b0d2-2985b8e13e1e: 31 internal nodes; 3.1 s; peak memory 483 MiB.
2026-10-09T11:09:39Z INFO [1635/5000] b5593679-c292-4f74-92eb-6a46b4727555: 78 internal nodes; 4.5 s; peak memory 483 MiB.
2026-10-09T11:09:40Z INFO [1636/5000] b559464f-2b0c-46fe-ad13-a8861a3a7d0b: 17 internal nodes; 1.2 s; peak memory 483 MiB.
2026-10-09T11:09:42Z INFO [1637/5000] b559a0f3-a340-447a-b038-ced930356597: 29 internal nodes; 1.7 s; peak memory 483 MiB.
2026-10-09T11:10:02Z INFO [1638/5000] b559b9ec-5ac6-4567-9240-40e4de6102e1: 1274 internal nodes; 19.7 s; peak memory 483 MiB.
2026-10-09T11:10:03Z INFO [1639/5000] b55ac9db-5ac1-41ab-8d7c-839264266d69: 18 internal nodes; 0.9 s; peak memory 483 MiB.
2026-10-09T11:10:04Z INFO [1640/5000] b55bc455-c1e1-4232-8878-db1903f7e94d: 28 internal nodes; 1.1 s; peak memory 483 MiB.
2026-10-09T11:10:05Z INFO [1641/5000] b55ca6e6-e736-422a-95d8-3754d89707ca: 39 internal nodes; 1.8 s; peak memory 483 MiB.
2026-10-09T11:10:07Z INFO [1642/5000] b55ce3bc-2cd8-4864-ab2b-ed3442a56bc6: 17 internal nodes; 1.2 s; peak memory 483 MiB.
2026-10-09T11:10:08Z INFO [1643/5000] b55cf588-f895-4c20-b3a5-2230ff651937: 17 internal nodes; 1.1 s; peak memory 483 MiB.
2026-10-09T11:10:09Z INFO [1644/5000] b55d0f99-fd84-40de-95de-e398cfb4a4ce: 18 internal nodes; 0.9 s; peak memory 483 MiB.
2026-10-09T11:10:12Z INFO [1645/5000] b55d4fbd-9f4a-4d84-a4b8-a8272724eefc: 50 internal nodes; 3.2 s; peak memory 483 MiB.
2026-10-09T11:10:19Z INFO [1646/5000] b55d6758-dba2-4ba0-9840-043af149b109: 141 internal nodes; 6.7 s; peak memory 483 MiB.
2026-10-09T11:10:19Z INFO [1647/5000] b55f050a-4efd-4613-ab79-07ef11abf9d2: 11 internal nodes; 0.8 s; peak memory 483 MiB.
2026-10-09T11:10:21Z INFO [1648/5000] b55f1aee-dc37-4412-a2f9-932b3141abd6: 27 internal nodes; 1.5 s; peak memory 483 MiB.
2026-10-09T11:10:22Z INFO [1649/5000] b560868a-57c7-466d-94b7-b7f12795824f: 11 internal nodes; 1.2 s; peak memory 483 MiB.
2026-10-09T11:10:43Z INFO [1650/5000] b560c603-9ac8-4622-bf3e-5b8c9595378f: 135 internal nodes; 20.7 s; peak memory 483 MiB.
2026-10-09T11:10:43Z INFO [1650/5000] b560c603-9ac8-4622-bf3e-5b8c9595378f: checkpointed 134288 new records.
2026-10-09T11:10:55Z INFO [1651/5000] b56337d4-4aa0-475f-86e2-963d451ad48c: 210 internal nodes; 11.5 s; peak memory 483 MiB.
2026-10-09T11:10:56Z INFO [1652/5000] b5643118-39aa-4069-8309-f7c22167a2b2: 18 internal nodes; 1.2 s; peak memory 483 MiB.
2026-10-09T11:10:57Z INFO [1653/5000] b564a14c-92fb-44b7-8a78-c4f2ae5103c7: 17 internal nodes; 1.1 s; peak memory 483 MiB.
2026-10-09T11:10:58Z INFO [1654/5000] b564f960-f8aa-4841-a34d-d3d53d27e54d: 17 internal nodes; 1.1 s; peak memory 483 MiB.
2026-10-09T11:11:04Z INFO [1655/5000] b5652282-00b9-48c3-b9ae-4b966ec6922c: 177 internal nodes; 6.1 s; peak memory 483 MiB.
2026-10-09T11:11:06Z INFO [1656/5000] b56591b4-a62d-4525-bc77-69992d970901: 17 internal nodes; 1.3 s; peak memory 483 MiB.
2026-10-09T11:11:08Z INFO [1657/5000] b5659fc0-afa1-49a1-b061-81f98dfa118d: 59 internal nodes; 2.0 s; peak memory 483 MiB.
2026-10-09T11:11:09Z INFO [1658/5000] b566b188-fe32-4758-8433-64826a184b0a: 19 internal nodes; 1.1 s; peak memory 483 MiB.
2026-10-09T11:11:16Z INFO [1659/5000] b56866f8-8b81-4bbf-8eb4-7e0bb6b747ce: 115 internal nodes; 7.2 s; peak memory 483 MiB.
2026-10-09T11:11:17Z INFO [1660/5000] b568e39b-9a68-47cf-ba9e-70d9523ec9c6: 17 internal nodes; 1.1 s; peak memory 483 MiB.
2026-10-09T11:11:18Z INFO [1661/5000] b569f888-0e22-4c53-b951-43a378672714: 27 internal nodes; 1.4 s; peak memory 483 MiB.
2026-10-09T11:11:20Z INFO [1662/5000] b56a0c30-6ef7-4721-999e-63786db01ee0: 114 internal nodes; 1.2 s; peak memory 483 MiB.
2026-10-09T11:11:26Z INFO [1663/5000] b56a0cd8-be87-48e2-8e59-6c103a42078d: 210 internal nodes; 6.8 s; peak memory 483 MiB.
2026-10-09T11:11:28Z INFO [1664/5000] b56b0dbc-c5fc-4a47-a876-60ef843442e2: 17 internal nodes; 1.2 s; peak memory 483 MiB.
2026-10-09T11:11:29Z INFO [1665/5000] b56bac20-85b2-4550-9f7f-732203750a64: 17 internal nodes; 1.2 s; peak memory 483 MiB.
2026-10-09T11:11:30Z INFO [1666/5000] b56c0017-5234-4af9-b310-5169f3f5a878: 19 internal nodes; 1.2 s; peak memory 483 MiB.
2026-10-09T11:11:32Z INFO [1667/5000] b56c2fc6-3382-4a6d-bb27-bb2923e35942: 31 internal nodes; 1.8 s; peak memory 483 MiB.
2026-10-09T11:11:35Z INFO [1668/5000] b56c5375-6d24-47e9-b905-767161ac1f39: 44 internal nodes; 2.9 s; peak memory 483 MiB.
2026-10-09T11:11:37Z INFO [1669/5000] b56cec8d-1182-4253-acee-2f427367ad07: 67 internal nodes; 2.1 s; peak memory 483 MiB.
2026-10-09T11:11:38Z INFO [1670/5000] b56d8363-bd22-42e2-8ddd-cb49aaff6558: 17 internal nodes; 1.1 s; peak memory 483 MiB.
2026-10-09T11:11:40Z INFO [1671/5000] b56d9d8a-237a-4d04-bce3-da28fcb30db3: 31 internal nodes; 1.7 s; peak memory 483 MiB.
2026-10-09T11:11:42Z INFO [1672/5000] b56ef15e-a217-4329-8864-7d2587f3b966: 24 internal nodes; 2.4 s; peak memory 483 MiB.
2026-10-09T11:11:50Z INFO [1673/5000] b56f0747-d8eb-42b5-8f68-a4711c05ada9: 173 internal nodes; 8.1 s; peak memory 483 MiB.
2026-10-09T11:11:51Z INFO [1674/5000] b56f0b2e-a327-49d4-91df-0f33ff6ec24f: 17 internal nodes; 1.2 s; peak memory 483 MiB.
2026-10-09T11:11:53Z INFO [1675/5000] b56f8c96-8f0c-4e46-93f9-38018aa335c8: 31 internal nodes; 1.7 s; peak memory 483 MiB.
2026-10-09T11:11:54Z INFO [1676/5000] b56fa0b9-9b97-4c42-a8ee-2fd9e4f4befa: 13 internal nodes; 0.9 s; peak memory 483 MiB.
2026-10-09T11:11:55Z INFO [1677/5000] b5706177-dd8f-4d99-b171-e8ea4be88905: 11 internal nodes; 0.9 s; peak memory 483 MiB.
2026-10-09T11:11:57Z INFO [1678/5000] b5706da3-0350-499e-8428-6372b8d9c0bd: 63 internal nodes; 2.3 s; peak memory 483 MiB.
2026-10-09T11:11:58Z INFO [1679/5000] b57086a1-3ebc-4d4b-8165-92d7c7d772ab: 17 internal nodes; 1.2 s; peak memory 483 MiB.
2026-10-09T11:12:00Z INFO [1680/5000] b5710785-6785-4c21-9ee5-0c7820f6adbf: 37 internal nodes; 2.0 s; peak memory 483 MiB.
2026-10-09T11:12:04Z INFO [1681/5000] b5712cc4-4c6f-4e53-9233-5cbd72958710: 46 internal nodes; 3.5 s; peak memory 483 MiB.
2026-10-09T11:12:05Z INFO [1682/5000] b5719c2e-35ac-4ea6-afaa-c364feae473a: 22 internal nodes; 1.2 s; peak memory 483 MiB.
2026-10-09T11:12:07Z INFO [1683/5000] b57309bd-fa6a-4c54-a58b-ca68fdfcf008: 67 internal nodes; 2.1 s; peak memory 483 MiB.
2026-10-09T11:12:09Z INFO [1684/5000] b5739c80-01bd-4c0a-b2a0-647075a6e015: 61 internal nodes; 1.5 s; peak memory 483 MiB.
2026-10-09T11:12:11Z INFO [1685/5000] b573b5a0-53f2-40af-a62e-c380c85976e4: 49 internal nodes; 2.4 s; peak memory 483 MiB.
2026-10-09T11:12:13Z INFO [1686/5000] b573de5d-a7f8-47ce-87a3-7abddaa7a454: 19 internal nodes; 2.2 s; peak memory 483 MiB.
2026-10-09T11:12:14Z INFO [1687/5000] b574fe11-48db-4518-97b7-fd32e2167f65: 27 internal nodes; 0.8 s; peak memory 483 MiB.
2026-10-09T11:12:15Z INFO [1688/5000] b5752777-b1b3-4b03-8e85-eb28fe292c2c: 17 internal nodes; 1.1 s; peak memory 483 MiB.
2026-10-09T11:12:16Z INFO [1689/5000] b575e1f0-97c5-4dbc-9e10-a9abd3131504: 17 internal nodes; 1.1 s; peak memory 483 MiB.
2026-10-09T11:12:20Z INFO [1690/5000] b576b236-cf87-4c16-a6f8-3a6c4a16f013: 41 internal nodes; 3.3 s; peak memory 483 MiB.
2026-10-09T11:12:21Z INFO [1691/5000] b5789be7-332b-4eac-aa66-82289ebc3e32: 17 internal nodes; 1.3 s; peak memory 483 MiB.
2026-10-09T11:12:27Z INFO [1692/5000] b578a291-b635-4f27-8f73-1170e4638257: 67 internal nodes; 6.1 s; peak memory 483 MiB.
2026-10-09T11:12:28Z INFO [1693/5000] b5795561-668f-43d8-80a1-9abc0709b69b: 27 internal nodes; 1.4 s; peak memory 483 MiB.
2026-10-09T11:12:30Z INFO [1694/5000] b57ad8e9-d808-4f8c-8d41-fbf3feac83f0: 27 internal nodes; 1.5 s; peak memory 483 MiB.
2026-10-09T11:12:34Z INFO [1695/5000] b57b9bb0-994e-4d3a-add2-306f0189fa3f: 83 internal nodes; 4.5 s; peak memory 483 MiB.
2026-10-09T11:12:36Z INFO [1696/5000] b57c1025-4e8f-404a-9105-f3aa8e94a6a1: 17 internal nodes; 1.2 s; peak memory 483 MiB.
2026-10-09T11:12:43Z INFO [1697/5000] b57c3b97-564b-42cf-b659-a4cfbad1e25f: 138 internal nodes; 7.3 s; peak memory 483 MiB.
2026-10-09T11:12:44Z INFO [1698/5000] b57c432e-d2fd-40a5-b6b7-d0b2576df412: 31 internal nodes; 1.6 s; peak memory 483 MiB.
2026-10-09T11:12:46Z INFO [1699/5000] b57c9c53-5ab5-4eb2-870e-1f9f775aaa45: 28 internal nodes; 1.8 s; peak memory 483 MiB.
2026-10-09T11:12:48Z INFO [1700/5000] b57cdd89-e5b3-443a-9fca-16e1d9c19778: 31 internal nodes; 1.7 s; peak memory 483 MiB.
2026-10-09T11:12:49Z INFO [1700/5000] b57cdd89-e5b3-443a-9fca-16e1d9c19778: checkpointed 134338 new records.
2026-10-09T11:12:51Z INFO [1701/5000] b57d111b-78a6-422f-8cef-4bd3896a627c: 59 internal nodes; 2.3 s; peak memory 483 MiB.
2026-10-09T11:12:53Z INFO [1702/5000] b57d2f05-0f7f-4e2d-9499-223e3d5cb782: 31 internal nodes; 1.7 s; peak memory 483 MiB.
2026-10-09T11:13:02Z INFO [1703/5000] b57e4818-57c0-4754-950b-681f0e54d879: 77 internal nodes; 9.0 s; peak memory 483 MiB.
2026-10-09T11:13:03Z INFO [1704/5000] b57eaa40-148f-4452-9c40-a774a04fb513: 25 internal nodes; 1.9 s; peak memory 483 MiB.
2026-10-09T11:13:05Z INFO [1705/5000] b57edcc3-67c6-4a26-a8c4-926fe55e805f: 17 internal nodes; 1.0 s; peak memory 483 MiB.
2026-10-09T11:13:10Z INFO [1706/5000] b57f73bd-9ca6-4e4e-993f-152e55afbb62: 127 internal nodes; 5.1 s; peak memory 483 MiB.
2026-10-09T11:13:10Z INFO [1707/5000] b57fb5dd-43ce-41ea-8f90-4ff63ebcb7ff: 17 internal nodes; 0.9 s; peak memory 483 MiB.
2026-10-09T11:13:12Z INFO [1708/5000] b5802391-00d2-4d15-a555-ac797d97809e: 27 internal nodes; 1.5 s; peak memory 483 MiB.
2026-10-09T11:13:13Z INFO [1709/5000] b580dfb8-d82a-4d8c-9685-e20b057fabd2: 22 internal nodes; 0.8 s; peak memory 483 MiB.
2026-10-09T11:13:19Z INFO [1710/5000] b5812685-5ace-48bf-a72f-2c34dede9af9: 132 internal nodes; 6.2 s; peak memory 483 MiB.
2026-10-09T11:13:21Z INFO [1711/5000] b5817267-2ea8-4306-aaed-43f03f1f48a2: 53 internal nodes; 1.9 s; peak memory 483 MiB.
2026-10-09T11:13:22Z INFO [1712/5000] b5836d93-3dd8-4578-8593-35ab00792c8b: 17 internal nodes; 1.1 s; peak memory 483 MiB.
2026-10-09T11:13:24Z INFO [1713/5000] b5838b29-c82a-4435-b98c-9d9f1a526139: 36 internal nodes; 2.1 s; peak memory 483 MiB.
2026-10-09T11:14:08Z INFO [1714/5000] b5839bf1-053c-4fe5-84a3-3ce91eda71dd: 4588 internal nodes; 44.3 s; peak memory 483 MiB.
2026-10-09T11:14:09Z INFO [1715/5000] b5847560-e9ff-4e19-ae00-638110b2be0f: 17 internal nodes; 1.1 s; peak memory 483 MiB.
2026-10-09T11:14:16Z INFO [1716/5000] b584805d-11a6-4bfa-8286-03f6e9253b9a: 122 internal nodes; 6.2 s; peak memory 483 MiB.
2026-10-09T11:14:17Z INFO [1717/5000] b58569ec-72b2-4142-80cc-03f7dc9be049: 17 internal nodes; 1.2 s; peak memory 483 MiB.
2026-10-09T11:14:18Z INFO [1718/5000] b5857f92-9b67-4963-9f39-b1526c53fe07: 17 internal nodes; 1.2 s; peak memory 483 MiB.
2026-10-09T11:14:25Z INFO [1719/5000] b58606f0-ba46-418f-8917-7a2dc807ef7b: 124 internal nodes; 7.1 s; peak memory 483 MiB.
2026-10-09T11:14:27Z INFO [1720/5000] b5862846-3894-4c14-b223-49f3b8893e93: 26 internal nodes; 2.0 s; peak memory 483 MiB.
2026-10-09T11:14:30Z INFO [1721/5000] b586c127-42dd-4e3d-aefd-3fee06559dbc: 41 internal nodes; 2.9 s; peak memory 483 MiB.
2026-10-09T11:14:32Z INFO [1722/5000] b58715e9-e2bf-4c95-9659-4021e3551647: 59 internal nodes; 2.3 s; peak memory 483 MiB.
2026-10-09T11:14:33Z INFO [1723/5000] b58791df-cde6-4dc2-800c-53178d50f826: 15 internal nodes; 1.1 s; peak memory 483 MiB.
2026-10-09T11:14:36Z INFO [1724/5000] b5884a7a-97b1-442e-adba-c26f8601b2ca: 31 internal nodes; 3.1 s; peak memory 483 MiB.
2026-10-09T11:14:37Z INFO [1725/5000] b5888817-60a0-47f4-9afd-acfa4005c35c: 13 internal nodes; 0.8 s; peak memory 483 MiB.
2026-10-09T11:14:39Z INFO [1726/5000] b58c30a6-eec5-411d-8bba-58f8225f5860: 27 internal nodes; 1.5 s; peak memory 483 MiB.
2026-10-09T11:14:40Z INFO [1727/5000] b58c38b4-568c-443f-b214-4d6f0667c822: 17 internal nodes; 1.1 s; peak memory 483 MiB.
2026-10-09T11:14:41Z INFO [1728/5000] b58d2dec-1df2-41d9-9ad3-19b208d67588: 18 internal nodes; 1.5 s; peak memory 483 MiB.
2026-10-09T11:14:58Z INFO [1729/5000] b5900e10-6b52-4bf0-91e1-3c63d091e4d0: 2626 internal nodes; 17.1 s; peak memory 483 MiB.
2026-10-09T11:14:59Z INFO [1730/5000] b59094dc-453a-443d-8b12-a82b3b024a03: 29 internal nodes; 1.0 s; peak memory 483 MiB.
2026-10-09T11:15:07Z INFO [1731/5000] b5918592-f7a9-462a-b2f9-e442fc188269: 61 internal nodes; 7.8 s; peak memory 483 MiB.
2026-10-09T11:15:08Z INFO [1732/5000] b591b165-57d0-40fc-a39e-fc678983f7f6: 17 internal nodes; 1.3 s; peak memory 483 MiB.
2026-10-09T11:15:10Z INFO [1733/5000] b5924771-e9b4-43e6-90ce-4bfc503c6f0d: 26 internal nodes; 1.5 s; peak memory 483 MiB.
2026-10-09T11:15:11Z INFO [1734/5000] b5928074-431a-4980-82f1-892cfa18d787: 29 internal nodes; 1.4 s; peak memory 483 MiB.
2026-10-09T11:15:13Z INFO [1735/5000] b5939ef5-8393-4d41-9e43-51df88706677: 34 internal nodes; 1.8 s; peak memory 483 MiB.
2026-10-09T11:15:15Z INFO [1736/5000] b593dc5a-b23b-4280-92a5-bb6ae981dc96: 27 internal nodes; 1.5 s; peak memory 483 MiB.
2026-10-09T11:15:16Z INFO [1737/5000] b5941bda-faf7-4183-82ee-707b0a317780: 24 internal nodes; 1.5 s; peak memory 483 MiB.
2026-10-09T11:15:18Z INFO [1738/5000] b59495d6-3bb9-4ed7-9d65-1723d0cd3265: 67 internal nodes; 2.1 s; peak memory 483 MiB.
2026-10-09T11:15:20Z INFO [1739/5000] b594af4d-27a5-49e7-9d58-6679d30dfbda: 25 internal nodes; 1.3 s; peak memory 483 MiB.
2026-10-09T11:15:21Z INFO [1740/5000] b59618d4-dfb8-4ff0-9854-8590ab7dace2: 17 internal nodes; 1.1 s; peak memory 483 MiB.
2026-10-09T11:15:22Z INFO [1741/5000] b5982a67-ba3b-44c7-856b-fa0c0fdcbd9e: 23 internal nodes; 1.3 s; peak memory 483 MiB.
2026-10-09T11:15:24Z INFO [1742/5000] b59b1a11-c111-43e7-8ec5-04af9aa71b53: 25 internal nodes; 1.5 s; peak memory 483 MiB.
2026-10-09T11:15:25Z INFO [1743/5000] b59b7822-ddef-4471-9891-fc9905f0199e: 17 internal nodes; 1.2 s; peak memory 483 MiB.
2026-10-09T11:15:26Z INFO [1744/5000] b59b9422-4ecb-4447-911f-d42de0aa2e33: 17 internal nodes; 1.1 s; peak memory 483 MiB.
2026-10-09T11:15:30Z INFO [1745/5000] b59bdf38-b202-4aa4-998c-89048eb01f7e: 102 internal nodes; 4.1 s; peak memory 483 MiB.
2026-10-09T11:15:31Z INFO [1746/5000] b59bdf55-9a51-4d15-86cb-b5f0ac9b78b7: 17 internal nodes; 1.1 s; peak memory 483 MiB.
2026-10-09T11:15:32Z INFO [1747/5000] b59c63b0-7ce2-402d-b3ff-d3c7e65cab6d: 115 internal nodes; 1.4 s; peak memory 483 MiB.
2026-10-09T11:15:34Z INFO [1748/5000] b59c6725-5b72-439f-ae26-684a9c20a804: 17 internal nodes; 1.1 s; peak memory 483 MiB.
2026-10-09T11:15:35Z INFO [1749/5000] b59cfd2f-6712-4e33-b82d-7ba0a22ae9c2: 31 internal nodes; 1.4 s; peak memory 483 MiB.
2026-10-09T11:15:36Z INFO [1750/5000] b59df257-b720-45aa-8366-a4ef641c5f4a: 22 internal nodes; 1.4 s; peak memory 483 MiB.
2026-10-09T11:15:37Z INFO [1750/5000] b59df257-b720-45aa-8366-a4ef641c5f4a: checkpointed 134388 new records.
2026-10-09T11:15:38Z INFO [1751/5000] b59e39de-d255-4129-ae78-1e5ff48ef9b7: 27 internal nodes; 1.3 s; peak memory 483 MiB.
2026-10-09T11:15:40Z INFO [1752/5000] b59e5297-484b-4748-8a8c-9c917968856c: 31 internal nodes; 2.1 s; peak memory 483 MiB.
2026-10-09T11:15:41Z INFO [1753/5000] b59e88ba-3f1c-47f2-918c-e59673e41e33: 17 internal nodes; 1.1 s; peak memory 483 MiB.
2026-10-09T11:15:42Z INFO [1754/5000] b59eddd3-555b-4a7a-8994-61f5a41a2dd9: 17 internal nodes; 0.8 s; peak memory 483 MiB.
2026-10-09T11:15:43Z INFO [1755/5000] b59f298d-50d3-46b7-af6f-cc8594301cf6: 27 internal nodes; 1.1 s; peak memory 483 MiB.
2026-10-09T11:15:51Z INFO [1756/5000] b5a02c55-493c-4489-80db-170374cb2f78: 150 internal nodes; 7.5 s; peak memory 483 MiB.
2026-10-09T11:15:52Z INFO [1757/5000] b5a0dee5-607c-462c-832e-d2daee06dff3: 40 internal nodes; 1.5 s; peak memory 483 MiB.
2026-10-09T11:15:54Z INFO [1758/5000] b5a14002-c808-4547-be4c-55a6613ec305: 27 internal nodes; 1.3 s; peak memory 483 MiB.
2026-10-09T11:16:01Z INFO [1759/5000] b5a21d5f-d440-4b97-9a9f-650083921c01: 136 internal nodes; 7.6 s; peak memory 483 MiB.
2026-10-09T11:16:03Z INFO [1760/5000] b5a2f44c-6410-4fe0-92c6-db92bfbbfd72: 86 internal nodes; 1.6 s; peak memory 483 MiB.
2026-10-09T11:16:04Z INFO [1761/5000] b5a3f4c7-a5c7-4d8e-b68b-47498870db25: 17 internal nodes; 1.2 s; peak memory 483 MiB.
2026-10-09T11:16:05Z INFO [1762/5000] b5a4c576-d22a-430f-be00-44134a490de4: 17 internal nodes; 1.3 s; peak memory 483 MiB.
2026-10-09T11:16:16Z INFO [1763/5000] b5a54043-eadd-434a-9fb2-3ede8e74c193: 190 internal nodes; 11.0 s; peak memory 483 MiB.
2026-10-09T11:16:18Z INFO [1764/5000] b5a58943-43e3-4bca-a344-0061328b182b: 90 internal nodes; 1.4 s; peak memory 483 MiB.
2026-10-09T11:16:19Z INFO [1765/5000] b5a5955b-abea-4b54-87d5-bfffe8e7d638: 11 internal nodes; 0.9 s; peak memory 483 MiB.
2026-10-09T11:16:21Z INFO [1766/5000] b5a5d71c-ae61-4eb8-b3b5-23a7b3c30e66: 54 internal nodes; 2.5 s; peak memory 483 MiB.
2026-10-09T11:16:22Z INFO [1767/5000] b5a6209e-b675-4fb9-aa16-ce66f26a0b8f: 115 internal nodes; 1.2 s; peak memory 483 MiB.
2026-10-09T11:16:24Z INFO [1768/5000] b5a639d3-de69-45fc-8bae-bf7856670119: 17 internal nodes; 1.2 s; peak memory 483 MiB.
2026-10-09T11:16:25Z INFO [1769/5000] b5a66ba2-4556-4b0b-b28f-fa0b4562fcdc: 18 internal nodes; 0.9 s; peak memory 483 MiB.
2026-10-09T11:16:25Z INFO [1770/5000] b5a67507-dcf2-4c2e-bae2-2b08f9d63109: 26 internal nodes; 0.8 s; peak memory 483 MiB.
2026-10-09T11:16:29Z INFO [1771/5000] b5a77868-a466-4c77-a1cb-4d81ea717d69: 46 internal nodes; 3.8 s; peak memory 483 MiB.
2026-10-09T11:16:30Z INFO [1772/5000] b5a7f91d-dd9d-4db4-9dd1-20d3c2912d2a: 11 internal nodes; 0.8 s; peak memory 483 MiB.
2026-10-09T11:16:33Z INFO [1773/5000] b5a81a67-951d-432d-883f-173a87b53a4d: 44 internal nodes; 2.6 s; peak memory 483 MiB.
2026-10-09T11:16:34Z INFO [1774/5000] b5a85287-9eaa-45a3-b5d1-f78043236e56: 17 internal nodes; 0.9 s; peak memory 483 MiB.
2026-10-09T11:16:37Z INFO [1775/5000] b5a8ec00-5d7d-4e74-bf40-cb3b75daf52f: 49 internal nodes; 3.3 s; peak memory 483 MiB.
2026-10-09T11:16:43Z INFO [1776/5000] b5a99d7d-eead-49b3-9eda-9e7783495545: 125 internal nodes; 6.6 s; peak memory 483 MiB.
2026-10-09T11:16:45Z INFO [1777/5000] b5a9b14f-9d15-46d3-b1b8-09536da5bf44: 17 internal nodes; 1.1 s; peak memory 483 MiB.
2026-10-09T11:16:48Z INFO [1778/5000] b5a9c4ec-ae4a-407a-b7ba-7285805d68f1: 54 internal nodes; 3.8 s; peak memory 483 MiB.
2026-10-09T11:16:50Z INFO [1779/5000] b5aa9307-8a72-49e0-8eb9-8fe371a79b12: 63 internal nodes; 1.6 s; peak memory 483 MiB.
2026-10-09T11:16:51Z INFO [1780/5000] b5aa9523-aa34-4e51-8688-18d2fae74e51: 17 internal nodes; 1.2 s; peak memory 483 MiB.
2026-10-09T11:16:52Z INFO [1781/5000] b5ab86a9-c2a3-432b-9624-8f94a3c3c01f: 17 internal nodes; 1.1 s; peak memory 483 MiB.
2026-10-09T11:16:54Z INFO [1782/5000] b5ab9f0c-b90a-40b8-b23e-64d62f7efe4e: 31 internal nodes; 2.1 s; peak memory 483 MiB.
2026-10-09T11:16:56Z INFO [1783/5000] b5abbe8c-f95e-4cba-ad9c-6e96b18f51d4: 55 internal nodes; 1.5 s; peak memory 483 MiB.
2026-10-09T11:17:03Z INFO [1784/5000] b5ace940-2633-400c-8d6d-f27223fe4ba5: 41 internal nodes; 7.4 s; peak memory 483 MiB.
2026-10-09T11:17:17Z INFO [1785/5000] b5adcf9b-ac55-4d17-85a9-9a91f33fac0f: 302 internal nodes; 13.2 s; peak memory 483 MiB.
2026-10-09T11:17:18Z INFO [1786/5000] b5ae1264-71b3-47a4-b5b2-a63ee706a0b2: 18 internal nodes; 1.4 s; peak memory 483 MiB.
2026-10-09T11:17:19Z INFO [1787/5000] b5ae1fe2-d1db-4220-9b79-cd9f00b29e46: 17 internal nodes; 1.1 s; peak memory 483 MiB.
2026-10-09T11:17:21Z INFO [1788/5000] b5ae4a86-5141-4827-84ef-e5c8c030b2ee: 31 internal nodes; 1.7 s; peak memory 483 MiB.
2026-10-09T11:17:26Z INFO [1789/5000] b5ae9525-ba0e-4a0e-8da4-86dad2f1e640: 121 internal nodes; 5.4 s; peak memory 483 MiB.
2026-10-09T11:17:29Z INFO [1790/5000] b5ae96df-fb30-400b-8d8e-12dabc660b24: 34 internal nodes; 2.6 s; peak memory 483 MiB.
2026-10-09T11:17:30Z INFO [1791/5000] b5aedb6e-ebc4-4fb4-9d8d-7d41c3ab1079: 31 internal nodes; 1.6 s; peak memory 483 MiB.
2026-10-09T11:17:32Z INFO [1792/5000] b5aef8a3-49ea-4cd6-8361-18e78a27f7a9: 19 internal nodes; 1.2 s; peak memory 483 MiB.
2026-10-09T11:17:33Z INFO [1793/5000] b5af1755-f6dd-4514-ba4d-e8d1987c7efb: 23 internal nodes; 1.2 s; peak memory 483 MiB.
2026-10-09T11:17:34Z INFO [1794/5000] b5af4738-f35a-45c0-8397-bbebfccc48c6: 27 internal nodes; 1.3 s; peak memory 483 MiB.
2026-10-09T11:17:35Z INFO [1795/5000] b5af722e-7e2b-4a1a-9f6c-ea0ce7cbae3a: 11 internal nodes; 0.9 s; peak memory 483 MiB.
2026-10-09T11:17:37Z INFO [1796/5000] b5af734a-cc76-41ac-b73f-0031df1e5393: 72 internal nodes; 1.8 s; peak memory 483 MiB.
2026-10-09T11:17:39Z INFO [1797/5000] b5afe6e9-06d8-49d3-8bd6-754f007a3c64: 31 internal nodes; 1.9 s; peak memory 483 MiB.
2026-10-09T11:17:40Z INFO [1798/5000] b5b016c4-70cb-492b-88c4-59162662f430: 19 internal nodes; 1.3 s; peak memory 483 MiB.
2026-10-09T11:17:48Z INFO [1799/5000] b5b0552a-90e6-4a2e-8988-f61a26b14717: 42 internal nodes; 8.2 s; peak memory 485 MiB.
2026-10-09T11:17:49Z INFO [1800/5000] b5b058a6-e938-4287-918b-3cbd8a2cc92f: 17 internal nodes; 1.1 s; peak memory 485 MiB.
2026-10-09T11:17:50Z INFO [1800/5000] b5b058a6-e938-4287-918b-3cbd8a2cc92f: checkpointed 134438 new records.
2026-10-09T11:17:51Z INFO [1801/5000] b5b08d81-d539-469d-a6a3-e4a3a0fc186f: 19 internal nodes; 1.2 s; peak memory 485 MiB.
2026-10-09T11:17:52Z INFO [1802/5000] b5b0a13d-5161-4424-bda9-d4b50aaee85b: 27 internal nodes; 1.3 s; peak memory 485 MiB.
2026-10-09T11:18:03Z INFO [1803/5000] b5b0b53a-f8c0-4cf1-b5b7-f668cab30b6d: 63 internal nodes; 10.0 s; peak memory 485 MiB.
2026-10-09T11:18:04Z INFO [1804/5000] b5b125ac-cad0-43bd-9173-13baed92cadd: 27 internal nodes; 1.3 s; peak memory 485 MiB.
2026-10-09T11:18:05Z INFO [1805/5000] b5b12929-a7ba-4738-8e7a-bac8c6a1af3e: 17 internal nodes; 1.1 s; peak memory 485 MiB.
2026-10-09T11:18:11Z INFO [1806/5000] b5b27380-2517-45b1-8c74-cbcc4bf94bb4: 164 internal nodes; 6.2 s; peak memory 485 MiB.
2026-10-09T11:18:14Z INFO [1807/5000] b5b4b228-3408-4291-a2a0-803d88e8cf5d: 45 internal nodes; 3.0 s; peak memory 485 MiB.
2026-10-09T11:18:15Z INFO [1808/5000] b5b68e7a-9f3c-46ef-b1e5-e8eda54a7c77: 16 internal nodes; 1.0 s; peak memory 485 MiB.
2026-10-09T11:18:16Z INFO [1809/5000] b5b75644-85ea-47e7-b0ab-ac4425d9b520: 31 internal nodes; 1.4 s; peak memory 485 MiB.
2026-10-09T11:18:18Z INFO [1810/5000] b5b80cc0-4e13-4842-a065-ec4814daf2ad: 17 internal nodes; 1.1 s; peak memory 485 MiB.
2026-10-09T11:18:19Z INFO [1811/5000] b5b989ab-481f-4a79-9942-60a747f050bf: 19 internal nodes; 1.2 s; peak memory 485 MiB.
2026-10-09T11:18:20Z INFO [1812/5000] b5bb0a2f-ffc9-460a-92fd-ce109efb1cbf: 60 internal nodes; 1.7 s; peak memory 485 MiB.
2026-10-09T11:18:22Z INFO [1813/5000] b5bb6aca-03a1-4cce-a8df-2b140fde856b: 17 internal nodes; 1.2 s; peak memory 485 MiB.
2026-10-09T11:18:23Z INFO [1814/5000] b5bb9daf-9f0b-4e3e-b87c-dbab23948301: 17 internal nodes; 1.0 s; peak memory 485 MiB.
2026-10-09T11:19:14Z INFO [1815/5000] b5bc61f1-c372-4d31-a32d-898f5809024a: 947 internal nodes; 51.6 s; peak memory 485 MiB.
2026-10-09T11:19:15Z INFO [1816/5000] b5bdeed6-723e-4361-926a-57dbeb3760d6: 13 internal nodes; 1.1 s; peak memory 485 MiB.
2026-10-09T11:19:18Z INFO [1817/5000] b5be5956-59ba-4344-bfa0-e0e59c00ce4c: 37 internal nodes; 2.2 s; peak memory 485 MiB.
2026-10-09T11:19:19Z INFO [1818/5000] b5bf29d4-0b0c-4672-84a6-244f3431f38b: 37 internal nodes; 1.9 s; peak memory 485 MiB.
2026-10-09T11:19:21Z INFO [1819/5000] b5c08aae-e390-43b8-a277-0efb68fec895: 27 internal nodes; 1.4 s; peak memory 485 MiB.
2026-10-09T11:19:22Z INFO [1820/5000] b5c0b235-1606-4fb2-abd2-be467bf43504: 17 internal nodes; 1.3 s; peak memory 485 MiB.
2026-10-09T11:19:27Z INFO [1821/5000] b5c0d49e-072b-483c-8707-00a53deec91b: 73 internal nodes; 5.3 s; peak memory 485 MiB.
2026-10-09T11:19:30Z INFO [1822/5000] b5c270ef-5b47-4e30-af64-50d2cbbf9ec2: 66 internal nodes; 2.4 s; peak memory 485 MiB.
2026-10-09T11:19:31Z INFO [1823/5000] b5c3f6a6-6283-4216-ab80-13ca96043438: 31 internal nodes; 1.6 s; peak memory 485 MiB.
2026-10-09T11:19:33Z INFO [1824/5000] b5c40ef3-2cf8-4242-860b-59c064f9f857: 27 internal nodes; 1.4 s; peak memory 485 MiB.
2026-10-09T11:19:34Z INFO [1825/5000] b5c6a4b5-fc71-4db2-a9ee-5793d1206d5c: 27 internal nodes; 1.4 s; peak memory 485 MiB.
2026-10-09T11:19:36Z INFO [1826/5000] b5c6d772-4ff9-49dd-8cb4-8e74bb2cad66: 52 internal nodes; 1.4 s; peak memory 485 MiB.
2026-10-09T11:19:36Z INFO [1827/5000] b5c6d93b-52b5-44b0-884e-0235d5affca3: 11 internal nodes; 0.8 s; peak memory 485 MiB.
2026-10-09T11:19:37Z INFO [1828/5000] b5c74e6b-9f4a-42d2-b0a9-2b9e88f2a042: 26 internal nodes; 1.0 s; peak memory 485 MiB.
2026-10-09T11:19:51Z INFO [1829/5000] b5c754c9-c421-4d01-9d9a-ee0e5453396c: 109 internal nodes; 13.5 s; peak memory 485 MiB.
2026-10-09T11:21:21Z INFO [1830/5000] b5c7a8f3-8033-47d0-bdfa-52bcc7d5d96c: 502 internal nodes; 89.8 s; peak memory 485 MiB.
2026-10-09T11:21:22Z INFO [1831/5000] b5c7b162-70c9-4834-a8db-8eef9625795e: 59 internal nodes; 1.8 s; peak memory 485 MiB.
2026-10-09T11:21:24Z INFO [1832/5000] b5c8a820-a9a2-48c3-9d89-394060ce5d03: 17 internal nodes; 1.1 s; peak memory 485 MiB.
2026-10-09T11:21:25Z INFO [1833/5000] b5c9c06e-efe1-4a44-a701-34742ce20bff: 31 internal nodes; 1.7 s; peak memory 485 MiB.
2026-10-09T11:21:26Z INFO [1834/5000] b5c9f63d-b199-4560-9f9f-50e45cbbb2e4: 29 internal nodes; 1.0 s; peak memory 485 MiB.
2026-10-09T11:21:38Z INFO [1835/5000] b5cac600-ec78-455d-974f-7e422f55da5a: 23 internal nodes; 11.6 s; peak memory 485 MiB.
2026-10-09T11:21:39Z INFO [1836/5000] b5cbfe65-080d-466a-a51a-215d3b5c720f: 15 internal nodes; 1.0 s; peak memory 485 MiB.
2026-10-09T11:21:40Z INFO [1837/5000] b5cc6c19-bf47-476a-bcc6-1e8c50835a26: 30 internal nodes; 1.5 s; peak memory 485 MiB.
2026-10-09T11:21:42Z INFO [1838/5000] b5ccb223-fbd7-40dd-9745-899a34b79197: 17 internal nodes; 1.1 s; peak memory 485 MiB.
2026-10-09T11:21:43Z INFO [1839/5000] b5ccc499-d87d-47ad-a5e2-688b553868c1: 30 internal nodes; 1.5 s; peak memory 485 MiB.
2026-10-09T11:21:44Z INFO [1840/5000] b5ccd9a0-e6c4-4610-9a74-74a7ae5059a1: 17 internal nodes; 1.3 s; peak memory 485 MiB.
2026-10-09T11:21:46Z INFO [1841/5000] b5cce5b8-657d-4a5b-bb7b-36f1f3924243: 31 internal nodes; 1.9 s; peak memory 485 MiB.
2026-10-09T11:21:48Z INFO [1842/5000] b5cd8760-b905-4507-9378-dc2114123631: 37 internal nodes; 1.9 s; peak memory 485 MiB.
2026-10-09T11:21:49Z INFO [1843/5000] b5cdd845-b92f-414e-85d2-725a51d8cf79: 27 internal nodes; 1.3 s; peak memory 485 MiB.
2026-10-09T11:21:50Z INFO [1844/5000] b5ce6759-7b87-416d-8e82-a954e633e608: 11 internal nodes; 0.9 s; peak memory 485 MiB.
2026-10-09T11:22:07Z INFO [1845/5000] b5cea2bb-88e2-47b4-b925-25e013e1ce91: 454 internal nodes; 17.1 s; peak memory 485 MiB.
2026-10-09T11:22:09Z INFO [1846/5000] b5cecd70-4e18-4cc1-913c-7c2879624c91: 17 internal nodes; 1.1 s; peak memory 485 MiB.
2026-10-09T11:22:10Z INFO [1847/5000] b5cfdb0e-3f87-4823-b0f6-64863564ec4d: 30 internal nodes; 1.6 s; peak memory 485 MiB.
2026-10-09T11:22:12Z INFO [1848/5000] b5d0f653-8dcc-4946-98fd-0a36e92ee310: 24 internal nodes; 1.5 s; peak memory 485 MiB.
2026-10-09T11:22:13Z INFO [1849/5000] b5d145f9-a709-4272-99b3-f94e507ff5cd: 19 internal nodes; 1.0 s; peak memory 485 MiB.
2026-10-09T11:22:14Z INFO [1850/5000] b5d2b6d9-40de-4875-9490-b7f903c36aca: 17 internal nodes; 1.1 s; peak memory 485 MiB.
2026-10-09T11:22:14Z INFO [1850/5000] b5d2b6d9-40de-4875-9490-b7f903c36aca: checkpointed 134488 new records.
2026-10-09T11:22:15Z INFO [1851/5000] b5d2be7b-87d7-4463-80b1-769c9c3ff653: 17 internal nodes; 1.1 s; peak memory 485 MiB.
2026-10-09T11:22:17Z INFO [1852/5000] b5d2ea1c-95c6-4c4c-954f-977ebda5266e: 31 internal nodes; 1.7 s; peak memory 485 MiB.
2026-10-09T11:22:18Z INFO [1853/5000] b5d327f2-5059-49f4-890b-3863a437ecc5: 17 internal nodes; 1.1 s; peak memory 485 MiB.
2026-10-09T11:22:19Z INFO [1854/5000] b5d353ee-04af-4f8f-bf1d-8fa7f8ce8f3b: 17 internal nodes; 1.1 s; peak memory 485 MiB.
2026-10-09T11:22:20Z INFO [1855/5000] b5d45922-6220-4925-af31-afa4d25147ef: 17 internal nodes; 1.1 s; peak memory 485 MiB.
2026-10-09T11:22:22Z INFO [1856/5000] b5d55c72-cf60-4944-b8c4-a4570fd9b519: 31 internal nodes; 1.5 s; peak memory 485 MiB.
2026-10-09T11:22:23Z INFO [1857/5000] b5d566e6-6d36-4e84-b416-6dc29607872b: 20 internal nodes; 1.1 s; peak memory 485 MiB.
2026-10-09T11:22:30Z INFO [1858/5000] b5d5c035-be4c-430a-97c6-ce724de63428: 135 internal nodes; 7.1 s; peak memory 485 MiB.
2026-10-09T11:22:32Z INFO [1859/5000] b5d6459d-79d8-425d-8675-6c1e27419ea1: 27 internal nodes; 2.0 s; peak memory 485 MiB.
2026-10-09T11:22:33Z INFO [1860/5000] b5d67de8-e7b9-4128-9c6c-a60431e436ab: 17 internal nodes; 1.1 s; peak memory 485 MiB.
2026-10-09T11:22:35Z INFO [1861/5000] b5d6ea46-9952-43f4-9086-b1cb181706c8: 44 internal nodes; 2.2 s; peak memory 485 MiB.
2026-10-09T11:22:36Z INFO [1862/5000] b5d788af-7d8e-419f-b8e4-8a084b8e3c20: 29 internal nodes; 1.0 s; peak memory 485 MiB.
2026-10-09T11:22:40Z INFO [1863/5000] b5d7bef5-3a4a-46a4-9e2b-248d216643fd: 46 internal nodes; 3.6 s; peak memory 485 MiB.
2026-10-09T11:23:09Z INFO [1864/5000] b5d8159f-8f4c-48e8-8dbf-89633c6fa7a6: 329 internal nodes; 28.9 s; peak memory 485 MiB.
2026-10-09T11:23:10Z INFO [1865/5000] b5d8b7bc-cdc4-4f12-97aa-43c338693d62: 115 internal nodes; 1.4 s; peak memory 485 MiB.
2026-10-09T11:23:12Z INFO [1866/5000] b5d8c1d3-ef20-40ea-b8f1-3f60f0848bc2: 31 internal nodes; 1.6 s; peak memory 485 MiB.
2026-10-09T11:23:14Z INFO [1867/5000] b5d921ba-3677-4fb1-9c45-0d7a5973c5ef: 29 internal nodes; 1.7 s; peak memory 485 MiB.
2026-10-09T11:23:15Z INFO [1868/5000] b5d941c5-3871-4a86-90bf-cfd569d796cd: 38 internal nodes; 1.7 s; peak memory 485 MiB.
2026-10-09T11:23:19Z INFO [1869/5000] b5da0813-c81a-4fce-b42a-8a2a476d4e20: 46 internal nodes; 3.5 s; peak memory 485 MiB.
2026-10-09T11:23:20Z INFO [1870/5000] b5da64be-4086-4a9e-82ad-62321a47cbeb: 17 internal nodes; 1.1 s; peak memory 485 MiB.
2026-10-09T11:23:21Z INFO [1871/5000] b5dabd6a-27c7-4293-86d8-6c4d8e8442bf: 21 internal nodes; 0.8 s; peak memory 485 MiB.
2026-10-09T11:23:22Z INFO [1872/5000] b5daf683-7887-45aa-8599-20159af2adce: 27 internal nodes; 1.3 s; peak memory 485 MiB.
2026-10-09T11:23:24Z INFO [1873/5000] b5db14a9-ef4e-40e0-ba68-11e27034631f: 27 internal nodes; 1.4 s; peak memory 485 MiB.
2026-10-09T11:23:25Z INFO [1874/5000] b5db1721-1126-4e64-8d8d-0a8406e862d4: 17 internal nodes; 1.1 s; peak memory 485 MiB.
2026-10-09T11:23:26Z INFO [1875/5000] b5db3f40-e2c5-449b-979e-625df175dff8: 17 internal nodes; 1.2 s; peak memory 485 MiB.
2026-10-09T11:23:27Z INFO [1876/5000] b5db931d-e9a3-49ea-9bf0-45b5c0b1e2b3: 11 internal nodes; 0.9 s; peak memory 485 MiB.
2026-10-09T11:23:27Z INFO [1877/5000] b5dbfb06-f89c-4de2-8f5e-bea0ca8f26b9: 21 internal nodes; 0.8 s; peak memory 485 MiB.
2026-10-09T11:23:29Z INFO [1878/5000] b5dc5afd-acac-4e42-8f7b-aadaa15912df: 21 internal nodes; 1.6 s; peak memory 485 MiB.
2026-10-09T11:23:30Z INFO [1879/5000] b5dc830e-b1bb-4e7e-9a6a-0a59b1547964: 22 internal nodes; 0.8 s; peak memory 485 MiB.
2026-10-09T11:23:33Z INFO [1880/5000] b5dd57ce-4df1-407f-9319-708276171f0d: 41 internal nodes; 3.2 s; peak memory 485 MiB.
2026-10-09T11:23:36Z INFO [1881/5000] b5de94fa-7616-4eba-b785-5c8158b2e1fd: 44 internal nodes; 3.0 s; peak memory 485 MiB.
2026-10-09T11:24:09Z INFO [1882/5000] b5df9f8a-e324-450d-bda5-20ae4462ed41: 2907 internal nodes; 32.7 s; peak memory 485 MiB.
2026-10-09T11:24:10Z INFO [1883/5000] b5dfcbc2-b73b-4c24-b2ae-bcf24d107b21: 27 internal nodes; 1.3 s; peak memory 485 MiB.
2026-10-09T11:24:11Z INFO [1884/5000] b5e1d57f-80e6-4531-b468-60905ee545a4: 19 internal nodes; 1.0 s; peak memory 485 MiB.
2026-10-09T11:24:12Z INFO [1885/5000] b5e29ef7-ce9e-4a14-8817-dc05ca8a8996: 19 internal nodes; 1.0 s; peak memory 485 MiB.
2026-10-09T11:24:13Z INFO [1886/5000] b5e2f514-7837-4a98-8f57-954a1c2478f4: 27 internal nodes; 1.4 s; peak memory 485 MiB.
2026-10-09T11:24:15Z INFO [1887/5000] b5e31c6b-12c4-43e0-8b64-2759bb0bd922: 61 internal nodes; 1.8 s; peak memory 485 MiB.
2026-10-09T11:24:16Z INFO [1888/5000] b5e36b57-d395-44c3-9dac-6f652e25f149: 17 internal nodes; 1.2 s; peak memory 485 MiB.
2026-10-09T11:24:17Z INFO [1889/5000] b5e52a41-5d65-45de-afcc-9fa59058f91b: 17 internal nodes; 1.1 s; peak memory 485 MiB.
2026-10-09T11:24:18Z INFO [1890/5000] b5e52cdb-e0a0-474f-aefe-75d3bb9d2c7d: 19 internal nodes; 1.0 s; peak memory 485 MiB.
2026-10-09T11:24:37Z INFO [1891/5000] b5e5a5f9-21b1-4122-8903-d6df4606630d: 323 internal nodes; 18.3 s; peak memory 485 MiB.
2026-10-09T11:24:45Z INFO [1892/5000] b5e6aa9e-12e2-488b-bb11-2eccbab332b6: 198 internal nodes; 8.2 s; peak memory 485 MiB.
2026-10-09T11:24:48Z INFO [1893/5000] b5e7a860-3f07-49fe-bbfe-f5bf55b81e60: 46 internal nodes; 2.9 s; peak memory 485 MiB.
2026-10-09T11:24:49Z INFO [1894/5000] b5e8a09b-1f8f-4053-970b-5c68f7ca0d01: 27 internal nodes; 1.4 s; peak memory 485 MiB.
2026-10-09T11:24:51Z INFO [1895/5000] b5e98b1b-4405-4530-9fb7-178e236088af: 44 internal nodes; 2.3 s; peak memory 485 MiB.
2026-10-09T11:24:53Z INFO [1896/5000] b5e9d2af-4018-45fa-b867-b59c6b24ef50: 27 internal nodes; 1.5 s; peak memory 485 MiB.
2026-10-09T11:24:54Z INFO [1897/5000] b5eb15eb-ec20-4973-8958-3c3597306060: 27 internal nodes; 1.3 s; peak memory 485 MiB.
2026-10-09T11:24:56Z INFO [1898/5000] b5ee6dc2-dd08-46b1-ae89-23350ec43e3c: 27 internal nodes; 2.2 s; peak memory 485 MiB.
2026-10-09T11:24:59Z INFO [1899/5000] b5ee7c04-7892-4121-a131-096cb9cacbe8: 31 internal nodes; 2.3 s; peak memory 485 MiB.
2026-10-09T11:25:00Z INFO [1900/5000] b5ee9b32-30f0-4b84-87f6-9c4e69813828: 17 internal nodes; 1.1 s; peak memory 485 MiB.
2026-10-09T11:25:00Z INFO [1900/5000] b5ee9b32-30f0-4b84-87f6-9c4e69813828: checkpointed 134538 new records.
2026-10-09T11:25:01Z INFO [1901/5000] b5ef566f-f794-4f55-b4b0-39b0ae56b1ca: 17 internal nodes; 0.8 s; peak memory 485 MiB.
2026-10-09T11:25:02Z INFO [1902/5000] b5f095eb-7bae-4918-abb3-46d29d6318ac: 17 internal nodes; 1.2 s; peak memory 485 MiB.
2026-10-09T11:25:03Z INFO [1903/5000] b5f0dcab-6cf7-40d3-8e65-be5d705f7a7d: 19 internal nodes; 1.2 s; peak memory 485 MiB.
2026-10-09T11:25:05Z INFO [1904/5000] b5f12ae8-44bb-4dad-8d60-d1461f425ef4: 17 internal nodes; 1.1 s; peak memory 485 MiB.
2026-10-09T11:25:06Z INFO [1905/5000] b5f1fee5-4794-4601-ad1e-9c92368d87ce: 31 internal nodes; 1.3 s; peak memory 485 MiB.
2026-10-09T11:25:23Z INFO [1906/5000] b5f21edd-fabe-4e10-8378-b3a6cff07eef: 412 internal nodes; 16.9 s; peak memory 485 MiB.
2026-10-09T11:25:24Z INFO [1907/5000] b5f22593-99c9-4900-9feb-1e2ed44d9862: 27 internal nodes; 1.3 s; peak memory 485 MiB.
2026-10-09T11:25:25Z INFO [1908/5000] b5f2565d-cb33-44f7-8776-2cef9309c85a: 14 internal nodes; 1.1 s; peak memory 485 MiB.
2026-10-09T11:25:27Z INFO [1909/5000] b5f25d59-5522-45e8-a350-e876523e7bae: 27 internal nodes; 1.3 s; peak memory 485 MiB.
2026-10-09T11:25:31Z INFO [1910/5000] b5f2c8d0-7d23-4bfe-92d0-a8d10459702a: 112 internal nodes; 4.8 s; peak memory 485 MiB.
2026-10-09T11:25:33Z INFO [1911/5000] b5f36ab5-f985-4475-b662-f059f206a3ee: 27 internal nodes; 1.5 s; peak memory 485 MiB.
2026-10-09T11:25:35Z INFO [1912/5000] b5f51fe7-6bfe-4eb5-8386-32e905ee13e7: 65 internal nodes; 2.1 s; peak memory 485 MiB.
2026-10-09T11:25:36Z INFO [1913/5000] b5f56f47-2ffc-4d19-a6bb-96149e541ea0: 23 internal nodes; 1.1 s; peak memory 485 MiB.
2026-10-09T11:25:37Z INFO [1914/5000] b5f65a0a-bb65-41a9-9ce7-7fa2a7e2cf0b: 17 internal nodes; 1.1 s; peak memory 485 MiB.
2026-10-09T11:25:40Z INFO [1915/5000] b5f66bf4-bc06-44f8-917a-b37a1d98ae7a: 65 internal nodes; 2.3 s; peak memory 485 MiB.
2026-10-09T11:25:41Z INFO [1916/5000] b5f79d59-f64b-4ed7-9e5c-7b755abe90ff: 27 internal nodes; 1.5 s; peak memory 485 MiB.
2026-10-09T11:25:48Z INFO [1917/5000] b5f7f5b1-54e7-4ec2-b574-49e7aeabbbc0: 77 internal nodes; 6.6 s; peak memory 485 MiB.
2026-10-09T11:25:50Z INFO [1918/5000] b5f83396-e256-4aae-83ae-9e6ca63b2e5d: 44 internal nodes; 2.8 s; peak memory 485 MiB.
2026-10-09T11:25:54Z INFO [1919/5000] b5f94e08-73d8-468b-82a9-de81dbcefa11: 56 internal nodes; 3.7 s; peak memory 485 MiB.
2026-10-09T11:25:56Z INFO [1920/5000] b5f9958a-299d-4ec8-af7a-9122d9d304f5: 90 internal nodes; 1.6 s; peak memory 485 MiB.
2026-10-09T11:26:06Z INFO [1921/5000] b5f99c05-6ac1-4434-a380-9e11b8f1fb4e: 44 internal nodes; 10.6 s; peak memory 485 MiB.
2026-10-09T11:26:07Z INFO [1922/5000] b5fabda3-eb49-4e0e-862f-02082f2ac37f: 11 internal nodes; 0.8 s; peak memory 485 MiB.
2026-10-09T11:26:08Z INFO [1923/5000] b5faf3dc-c5d9-441d-aeae-2a29355fb76b: 16 internal nodes; 1.1 s; peak memory 485 MiB.
2026-10-09T11:26:11Z INFO [1924/5000] b5fb61c3-dede-40b0-a59d-99b1d1f32b0c: 30 internal nodes; 2.5 s; peak memory 485 MiB.
2026-10-09T11:26:18Z INFO [1925/5000] b5fbf0f1-c65e-4fbc-b88e-aa35f16b19de: 61 internal nodes; 6.8 s; peak memory 485 MiB.
2026-10-09T11:26:19Z INFO [1926/5000] b5fc1137-f39e-4535-91a1-9f6d9265a143: 30 internal nodes; 1.4 s; peak memory 485 MiB.
2026-10-09T11:26:20Z INFO [1927/5000] b5fc1a26-15e8-4c20-b685-f50b11eaa1fb: 17 internal nodes; 1.2 s; peak memory 485 MiB.
2026-10-09T11:26:22Z INFO [1928/5000] b5fc8ea7-7ccc-4e7b-8977-247a46934b6b: 29 internal nodes; 1.6 s; peak memory 485 MiB.
2026-10-09T11:26:33Z INFO [1929/5000] b5fcb934-d53f-41b8-b4bf-237c03aaadb9: 196 internal nodes; 10.8 s; peak memory 485 MiB.
2026-10-09T11:26:34Z INFO [1930/5000] b5fccc94-d0ff-443b-ac9c-dca7dfd30542: 23 internal nodes; 1.3 s; peak memory 485 MiB.
2026-10-09T11:26:36Z INFO [1931/5000] b5fd3601-e52b-48dc-930d-c3952f0fe516: 19 internal nodes; 1.9 s; peak memory 485 MiB.
2026-10-09T11:26:37Z INFO [1932/5000] b5fd9b82-522b-4fc3-803c-860256cfbfb1: 13 internal nodes; 1.1 s; peak memory 485 MiB.
2026-10-09T11:26:46Z INFO [1933/5000] b5fd9e16-ba2f-4839-8042-52bdc834b8f7: 200 internal nodes; 8.9 s; peak memory 485 MiB.
2026-10-09T11:26:47Z INFO [1934/5000] b5fe3806-ee6f-4a0a-983e-7a19e42a12d7: 19 internal nodes; 1.2 s; peak memory 485 MiB.
2026-10-09T11:26:48Z INFO [1935/5000] b5ff914e-016e-4aba-bde2-d17ed38f0c21: 18 internal nodes; 1.0 s; peak memory 485 MiB.
2026-10-09T11:26:49Z INFO [1936/5000] b6005674-298b-4fdf-8b49-b6c1f6fa8ccd: 90 internal nodes; 1.2 s; peak memory 485 MiB.
2026-10-09T11:26:50Z INFO [1937/5000] b6005ac9-45dd-4b11-a45d-bc1cf88ddd84: 11 internal nodes; 1.0 s; peak memory 485 MiB.
2026-10-09T11:26:51Z INFO [1938/5000] b6011b1b-2b74-4ce1-b96f-b3885b32ade2: 13 internal nodes; 0.9 s; peak memory 485 MiB.
2026-10-09T11:26:54Z INFO [1939/5000] b601329d-e819-49e5-aa1c-af221ff2b981: 44 internal nodes; 2.9 s; peak memory 485 MiB.
2026-10-09T11:27:08Z INFO [1940/5000] b601537b-a77c-465b-8ca2-5acc4c3272ae: 271 internal nodes; 13.5 s; peak memory 485 MiB.
2026-10-09T11:27:09Z INFO [1941/5000] b6016ec1-4603-49ad-86aa-e385e8e8078d: 17 internal nodes; 1.2 s; peak memory 485 MiB.
2026-10-09T11:27:10Z INFO [1942/5000] b602050b-6976-4026-82f6-5c283583d059: 17 internal nodes; 1.2 s; peak memory 485 MiB.
2026-10-09T11:30:49Z INFO [1943/5000] b6023e75-8157-4baf-bd87-deeb42882a87: 2719 internal nodes; 219.6 s; peak memory 657 MiB.
2026-10-09T11:30:51Z INFO [1944/5000] b602b079-fb5e-42b3-ab76-2a80b21214a1: 27 internal nodes; 1.3 s; peak memory 657 MiB.
2026-10-09T11:30:52Z INFO [1945/5000] b602c250-df78-48ba-b6d9-d279b9434d3d: 31 internal nodes; 1.5 s; peak memory 657 MiB.
2026-10-09T11:30:53Z INFO [1946/5000] b6034575-90ce-4faa-99c5-a503539afafa: 16 internal nodes; 1.0 s; peak memory 657 MiB.
2026-10-09T11:30:55Z INFO [1947/5000] b60389a2-2b2b-400d-aaaf-2216ae7dca9b: 26 internal nodes; 1.6 s; peak memory 657 MiB.
2026-10-09T11:30:56Z INFO [1948/5000] b603c3d3-0fee-47cf-a02b-c7a34d94896f: 11 internal nodes; 0.8 s; peak memory 657 MiB.
2026-10-09T11:30:57Z INFO [1949/5000] b6043348-ee01-4f26-a154-6a8fab07c5f5: 33 internal nodes; 1.4 s; peak memory 657 MiB.
2026-10-09T11:31:03Z INFO [1950/5000] b6046d14-7cdf-41a0-a41f-1903d3acbb1d: 75 internal nodes; 6.4 s; peak memory 657 MiB.
2026-10-09T11:31:04Z INFO [1950/5000] b6046d14-7cdf-41a0-a41f-1903d3acbb1d: checkpointed 134588 new records.
2026-10-09T11:31:06Z INFO [1951/5000] b6047881-110c-4096-a1bf-352c0c198997: 52 internal nodes; 1.7 s; peak memory 657 MiB.
2026-10-09T11:31:07Z INFO [1952/5000] b6050278-17b4-4ea6-9bf6-e177d8d727fd: 31 internal nodes; 1.7 s; peak memory 657 MiB.
2026-10-09T11:31:09Z INFO [1953/5000] b605f110-d738-4195-8f22-1d0862ebd6c4: 18 internal nodes; 1.2 s; peak memory 657 MiB.
2026-10-09T11:31:10Z INFO [1954/5000] b60681b7-a5ea-473f-84a5-41642beb018e: 116 internal nodes; 1.6 s; peak memory 657 MiB.
2026-10-09T11:31:28Z INFO [1955/5000] b6070eb1-3b79-4e4c-bb3c-1131efc8ad4a: 137 internal nodes; 17.8 s; peak memory 657 MiB.
2026-10-09T11:31:29Z INFO [1956/5000] b6076b2c-2beb-49cc-b124-6d840003cd7b: 25 internal nodes; 1.4 s; peak memory 657 MiB.
2026-10-09T11:31:37Z INFO [1957/5000] b6093236-768c-4a7a-96d9-89606f5c56ad: 177 internal nodes; 7.6 s; peak memory 657 MiB.
2026-10-09T11:31:39Z INFO [1958/5000] b6098f32-1d52-4e07-9f14-feb8b7791419: 31 internal nodes; 1.7 s; peak memory 657 MiB.
2026-10-09T11:31:40Z INFO [1959/5000] b60a59d5-e25c-4b25-8900-6625baa1199a: 17 internal nodes; 1.2 s; peak memory 657 MiB.
2026-10-09T11:31:41Z INFO [1960/5000] b60a7f60-d823-4c0e-a54c-4137ba011abf: 11 internal nodes; 0.8 s; peak memory 657 MiB.
2026-10-09T11:31:42Z INFO [1961/5000] b60b01e9-9d6f-496b-aabd-9d81d496fd3a: 17 internal nodes; 1.0 s; peak memory 657 MiB.
2026-10-09T11:31:45Z INFO [1962/5000] b60b1d4a-bed9-44ef-becb-317bcb6bf6ed: 44 internal nodes; 2.8 s; peak memory 657 MiB.
2026-10-09T11:31:46Z INFO [1963/5000] b60bdc15-8715-47b7-b6bd-6d0e720a1e1f: 21 internal nodes; 1.4 s; peak memory 657 MiB.
2026-10-09T11:31:47Z INFO [1964/5000] b60c65a9-498f-4d4e-88e2-84c4ae452ba6: 19 internal nodes; 1.2 s; peak memory 657 MiB.
2026-10-09T11:31:48Z INFO [1965/5000] b60cee87-268c-4025-8cea-7aa72942d43f: 18 internal nodes; 1.3 s; peak memory 657 MiB.
2026-10-09T11:31:50Z INFO [1966/5000] b60df4ae-0a38-47fa-97c3-273cb720e6c6: 31 internal nodes; 1.6 s; peak memory 657 MiB.
2026-10-09T11:31:51Z INFO [1967/5000] b60e5576-78f2-4d87-8d17-36605b105877: 27 internal nodes; 1.3 s; peak memory 657 MiB.
2026-10-09T11:32:00Z INFO [1968/5000] b60f0385-88b7-49dc-b4c0-04d2ac7ab449: 182 internal nodes; 8.6 s; peak memory 657 MiB.
2026-10-09T11:32:02Z INFO [1969/5000] b60f623b-beab-493e-b4b1-d073e2a364fc: 67 internal nodes; 1.8 s; peak memory 657 MiB.
2026-10-09T11:32:03Z INFO [1970/5000] b60f7af2-a157-4515-a35e-5f9181b93d3c: 17 internal nodes; 1.1 s; peak memory 657 MiB.
2026-10-09T11:32:04Z INFO [1971/5000] b610b16b-4c44-4b16-8416-8e1dd0caa4e1: 18 internal nodes; 0.9 s; peak memory 657 MiB.
2026-10-09T11:32:07Z INFO [1972/5000] b611956c-5e37-4526-bbd1-941942e4d251: 46 internal nodes; 3.2 s; peak memory 657 MiB.
2026-10-09T11:32:08Z INFO [1973/5000] b611a153-f936-4b52-9bbb-685c243bd72e: 19 internal nodes; 1.0 s; peak memory 657 MiB.
2026-10-09T11:32:09Z INFO [1974/5000] b611d25d-80a0-41e0-b87a-b9fdbd483442: 27 internal nodes; 1.3 s; peak memory 657 MiB.
2026-10-09T11:32:11Z INFO [1975/5000] b611f242-4902-4e08-a6eb-fbbc2e00284c: 17 internal nodes; 1.2 s; peak memory 657 MiB.
2026-10-09T11:32:12Z INFO [1976/5000] b6121055-0997-438c-8a57-5afcfc716971: 41 internal nodes; 1.8 s; peak memory 657 MiB.
2026-10-09T11:32:13Z INFO [1977/5000] b612ba03-29c9-4d6f-a3dd-404ccd4ee4ea: 19 internal nodes; 1.2 s; peak memory 657 MiB.
2026-10-09T11:32:15Z INFO [1978/5000] b612c847-4795-47b3-8f7c-8bb718fd9d53: 27 internal nodes; 1.2 s; peak memory 657 MiB.
2026-10-09T11:32:16Z INFO [1979/5000] b61382f9-7eb4-4a69-b3bd-a0f1c60e6482: 17 internal nodes; 1.2 s; peak memory 657 MiB.
2026-10-09T11:32:23Z INFO [1980/5000] b614140a-d7a1-4eba-b522-ddc5d5f0ea89: 57 internal nodes; 7.3 s; peak memory 657 MiB.
2026-10-09T11:32:26Z INFO [1981/5000] b614a166-7df0-425f-9551-5db9bb9c7ea2: 45 internal nodes; 2.5 s; peak memory 657 MiB.
2026-10-09T11:32:27Z INFO [1982/5000] b614d931-9a0b-4ea3-b6a8-a9e6d8b1d03b: 27 internal nodes; 1.3 s; peak memory 657 MiB.
2026-10-09T11:32:34Z INFO [1983/5000] b6154dd0-9d28-4a0b-a18d-3d56a9e61f03: 177 internal nodes; 7.3 s; peak memory 657 MiB.
2026-10-09T11:32:36Z INFO [1984/5000] b615f234-0f31-4328-941a-db0ccdc78f06: 116 internal nodes; 1.4 s; peak memory 657 MiB.
2026-10-09T11:32:47Z INFO [1985/5000] b6161c13-c6d3-4537-9ac2-2850b107c14d: 87 internal nodes; 10.9 s; peak memory 657 MiB.
2026-10-09T11:32:48Z INFO [1986/5000] b6161c99-ecfc-4028-89c8-1a7b9a00b422: 31 internal nodes; 1.3 s; peak memory 657 MiB.
2026-10-09T11:32:49Z INFO [1987/5000] b616ca13-f48e-4fcc-beb9-86ce4b6d1f11: 17 internal nodes; 0.8 s; peak memory 657 MiB.
2026-10-09T11:32:51Z INFO [1988/5000] b6191c0e-abeb-4511-99ce-efa188cffc52: 58 internal nodes; 1.9 s; peak memory 657 MiB.
2026-10-09T11:32:51Z INFO [1989/5000] b6194c31-bfaf-45a2-83c2-d272c98d7677: 13 internal nodes; 0.8 s; peak memory 657 MiB.
2026-10-09T11:32:52Z INFO [1990/5000] b6198a8e-04b5-41f5-be7e-dcc9edae16b5: 14 internal nodes; 1.1 s; peak memory 657 MiB.
2026-10-09T11:32:54Z INFO [1991/5000] b61a3663-3f5c-4ebb-9608-42e04fd35e35: 115 internal nodes; 1.3 s; peak memory 657 MiB.
2026-10-09T11:33:05Z INFO [1992/5000] b61aea6a-15ae-4edc-bfdc-0b4f3d71e7dc: 114 internal nodes; 11.1 s; peak memory 657 MiB.
2026-10-09T11:33:08Z INFO [1993/5000] b61bffdf-3ce5-47e3-84c5-579bb1455b34: 46 internal nodes; 3.3 s; peak memory 657 MiB.
2026-10-09T11:33:10Z INFO [1994/5000] b61c2dfc-d008-4954-b0d5-9e48194ef10d: 53 internal nodes; 1.6 s; peak memory 657 MiB.
2026-10-09T11:33:11Z INFO [1995/5000] b61c5732-3fc9-46a9-a047-7608f5487c99: 17 internal nodes; 1.1 s; peak memory 657 MiB.
2026-10-09T11:33:12Z INFO [1996/5000] b61d767d-c4eb-4981-bbdf-e52cabf26d95: 18 internal nodes; 0.9 s; peak memory 657 MiB.
2026-10-09T11:33:13Z INFO [1997/5000] b61d827a-f38a-4911-954e-408c1a563553: 65 internal nodes; 1.7 s; peak memory 657 MiB.
2026-10-09T11:33:15Z INFO [1998/5000] b61d92f4-fc69-4e8f-ae6a-593981b3bdd0: 24 internal nodes; 1.9 s; peak memory 657 MiB.
2026-10-09T11:33:21Z INFO [1999/5000] b61ea20c-047b-485b-a67d-c4c830d9a838: 73 internal nodes; 5.6 s; peak memory 657 MiB.
2026-10-09T11:33:22Z INFO [2000/5000] b61f318c-9e56-4d82-961b-ce79b901a581: 19 internal nodes; 0.9 s; peak memory 657 MiB.
2026-10-09T11:33:22Z INFO [2000/5000] b61f318c-9e56-4d82-961b-ce79b901a581: checkpointed 134638 new records.
2026-10-09T11:33:25Z INFO [2001/5000] b61ff069-3cd2-4e50-83fb-093112e10ef5: 50 internal nodes; 3.2 s; peak memory 657 MiB.
2026-10-09T11:33:27Z INFO [2002/5000] b62085ca-c7f2-47e3-bf08-8e471c4364e9: 58 internal nodes; 1.1 s; peak memory 657 MiB.
2026-10-09T11:33:28Z INFO [2003/5000] b6212e0f-7e15-4e99-a8bb-85c2d605a0bf: 31 internal nodes; 1.6 s; peak memory 657 MiB.
2026-10-09T11:33:29Z INFO [2004/5000] b621ae70-46cf-4cf1-979d-d18dc3e3b4d7: 19 internal nodes; 1.1 s; peak memory 657 MiB.
2026-10-09T11:33:30Z INFO [2005/5000] b6226650-779b-473e-8d94-233feb314794: 27 internal nodes; 0.9 s; peak memory 657 MiB.
2026-10-09T11:33:31Z INFO [2006/5000] b622669a-401d-44a9-aa32-996c3be88c6b: 22 internal nodes; 1.3 s; peak memory 657 MiB.
2026-10-09T11:33:33Z INFO [2007/5000] b622f353-97a8-4625-b3c7-dd64db687824: 29 internal nodes; 1.6 s; peak memory 657 MiB.
2026-10-09T11:33:44Z INFO [2008/5000] b62300c1-cca6-4691-9d16-cb420578d948: 257 internal nodes; 11.1 s; peak memory 657 MiB.
2026-10-09T11:33:45Z INFO [2009/5000] b6256e12-3743-41d5-bc6f-0cb741ca0e8b: 17 internal nodes; 1.3 s; peak memory 657 MiB.
2026-10-09T11:33:47Z INFO [2010/5000] b627d661-6bac-4cab-ba92-b85254f27e60: 29 internal nodes; 1.7 s; peak memory 657 MiB.
2026-10-09T11:33:48Z INFO [2011/5000] b6283001-925e-4845-b3ed-56435458f6a8: 25 internal nodes; 1.0 s; peak memory 657 MiB.
2026-10-09T11:33:57Z INFO [2012/5000] b628d706-700a-460f-b4f3-b26bcd84755f: 189 internal nodes; 8.7 s; peak memory 657 MiB.
2026-10-09T11:33:59Z INFO [2013/5000] b62981dd-958e-4224-9e82-220f31e5694f: 72 internal nodes; 2.4 s; peak memory 657 MiB.
2026-10-09T11:34:01Z INFO [2014/5000] b629b881-e539-417e-bc04-86e6778e2383: 55 internal nodes; 1.6 s; peak memory 657 MiB.
2026-10-09T11:34:02Z INFO [2015/5000] b629b9b1-9956-4f73-bac8-ba27d54902ba: 17 internal nodes; 1.1 s; peak memory 657 MiB.
2026-10-09T11:34:03Z INFO [2016/5000] b62a4039-013e-4c52-bbf4-f2c2fd304a50: 17 internal nodes; 1.2 s; peak memory 657 MiB.
2026-10-09T11:34:16Z INFO [2017/5000] b62aa20a-b949-49cb-87e9-ec5090ff468a: 217 internal nodes; 13.0 s; peak memory 657 MiB.
2026-10-09T11:34:17Z INFO [2018/5000] b62ab14e-5bf7-4cc1-bff1-3aac8f6d725e: 60 internal nodes; 1.4 s; peak memory 657 MiB.
2026-10-09T11:34:19Z INFO [2019/5000] b62abc04-14c2-4974-8117-adbed5471ec8: 17 internal nodes; 1.2 s; peak memory 657 MiB.
2026-10-09T11:34:20Z INFO [2020/5000] b62abe50-7642-4cee-9ae8-df8e9c543055: 13 internal nodes; 0.9 s; peak memory 657 MiB.
2026-10-09T11:34:21Z INFO [2021/5000] b62ae3a8-2705-4784-b2ea-9b0fd44c1fdc: 19 internal nodes; 1.2 s; peak memory 657 MiB.
2026-10-09T11:34:23Z INFO [2022/5000] b62b2fdc-2915-42e5-b0ea-35d37d4ac7ce: 31 internal nodes; 1.8 s; peak memory 657 MiB.
2026-10-09T11:34:45Z INFO [2023/5000] b62b3146-491d-4395-949b-f2187f8d3fbe: 136 internal nodes; 22.0 s; peak memory 657 MiB.
2026-10-09T11:34:46Z INFO [2024/5000] b62bf0eb-7eb0-4629-86ff-44b8fa7997ef: 31 internal nodes; 1.8 s; peak memory 657 MiB.
2026-10-09T11:34:48Z INFO [2025/5000] b62ca786-f70a-4c5d-8b0c-7119fa52ec24: 27 internal nodes; 1.3 s; peak memory 657 MiB.
2026-10-09T11:34:49Z INFO [2026/5000] b62d6814-472c-4f9f-908e-1b0ae54e42d0: 17 internal nodes; 1.0 s; peak memory 657 MiB.
2026-10-09T11:34:50Z INFO [2027/5000] b62dffaa-63b5-437d-b8df-c8d5d9bd02e9: 17 internal nodes; 1.2 s; peak memory 657 MiB.
2026-10-09T11:34:52Z INFO [2028/5000] b62e2aae-8f75-4745-835f-7c0046ac14df: 31 internal nodes; 1.7 s; peak memory 657 MiB.
2026-10-09T11:34:53Z INFO [2029/5000] b62e8740-47b7-4d33-bb51-b5bb5c41bbbe: 29 internal nodes; 1.5 s; peak memory 657 MiB.
2026-10-09T11:34:55Z INFO [2030/5000] b6300901-4cd8-4b1f-8706-dab33372d7bf: 27 internal nodes; 1.4 s; peak memory 657 MiB.
2026-10-09T11:34:56Z INFO [2031/5000] b630db5c-e3a3-403c-ab57-9d5338910d56: 31 internal nodes; 1.9 s; peak memory 657 MiB.
2026-10-09T11:34:57Z INFO [2032/5000] b631454b-c466-42f1-8681-78b0941267ab: 13 internal nodes; 0.7 s; peak memory 657 MiB.
2026-10-09T11:35:03Z INFO [2033/5000] b6314bc9-f7c5-4578-b32c-64e18d3deb58: 39 internal nodes; 6.1 s; peak memory 657 MiB.
2026-10-09T11:35:07Z INFO [2034/5000] b63188fb-de3b-4278-9e38-d8a70f8368ce: 46 internal nodes; 3.5 s; peak memory 657 MiB.
2026-10-09T11:35:08Z INFO [2035/5000] b6319c51-00ba-4607-8f49-9e6aa9bdb240: 27 internal nodes; 1.5 s; peak memory 657 MiB.
2026-10-09T11:35:09Z INFO [2036/5000] b631c26b-4310-401b-997a-414906b48852: 17 internal nodes; 1.2 s; peak memory 657 MiB.
2026-10-09T11:35:12Z INFO [2037/5000] b6323f26-7add-4869-b1ea-34f6eb8f207f: 44 internal nodes; 2.7 s; peak memory 657 MiB.
2026-10-09T11:35:14Z INFO [2038/5000] b63289af-bfd4-4489-8334-d8d5e6917569: 24 internal nodes; 1.6 s; peak memory 657 MiB.
2026-10-09T11:35:20Z INFO [2039/5000] b632d1f2-c904-4fcc-a551-c4e201f13350: 47 internal nodes; 6.3 s; peak memory 657 MiB.
2026-10-09T11:35:21Z INFO [2040/5000] b632e215-3337-474c-87a2-423c9b17312f: 17 internal nodes; 1.1 s; peak memory 657 MiB.
2026-10-09T11:35:22Z INFO [2041/5000] b6332731-155d-48ef-aba1-ad228ab3c969: 17 internal nodes; 1.1 s; peak memory 657 MiB.
2026-10-09T11:35:24Z INFO [2042/5000] b6346d7e-83d3-47c8-9224-27e7074c84a0: 72 internal nodes; 2.4 s; peak memory 657 MiB.
2026-10-09T11:35:26Z INFO [2043/5000] b6347b13-323d-44af-bf6b-de79be745968: 31 internal nodes; 1.2 s; peak memory 657 MiB.
2026-10-09T11:35:27Z INFO [2044/5000] b6348a75-a135-41b4-af03-46cc1ad7efce: 27 internal nodes; 1.2 s; peak memory 657 MiB.
2026-10-09T11:35:28Z INFO [2045/5000] b635a813-5c23-4868-b29f-d4b8a20f2ee9: 11 internal nodes; 1.0 s; peak memory 657 MiB.
2026-10-09T11:35:47Z INFO [2046/5000] b635b2f0-ad56-4a07-8ecf-aa2258603c52: 400 internal nodes; 19.5 s; peak memory 657 MiB.
2026-10-09T11:35:48Z INFO [2047/5000] b6366b8f-5087-46b8-ad9b-2e2ebf512e33: 11 internal nodes; 0.7 s; peak memory 657 MiB.
2026-10-09T11:35:50Z INFO [2048/5000] b636afc8-29de-42ca-b333-76333b21b42f: 69 internal nodes; 1.8 s; peak memory 657 MiB.
2026-10-09T11:35:51Z INFO [2049/5000] b63a10f5-77c3-4e9e-b1f0-17fc0aefad57: 11 internal nodes; 0.8 s; peak memory 657 MiB.
2026-10-09T11:36:03Z INFO [2050/5000] b63a1d16-9448-41d2-ab92-633e099bf129: 135 internal nodes; 12.2 s; peak memory 657 MiB.
2026-10-09T11:36:03Z INFO [2050/5000] b63a1d16-9448-41d2-ab92-633e099bf129: checkpointed 134688 new records.
2026-10-09T11:36:06Z INFO [2051/5000] b63a4888-629b-4179-90ae-958a6fb84976: 72 internal nodes; 2.4 s; peak memory 657 MiB.
2026-10-09T11:36:16Z INFO [2052/5000] b63a50c4-14c0-431b-a485-72056839f927: 276 internal nodes; 10.0 s; peak memory 657 MiB.
2026-10-09T11:36:22Z INFO [2053/5000] b63abfa9-8e15-48ef-a1a2-5bd804b4816b: 131 internal nodes; 5.7 s; peak memory 657 MiB.
2026-10-09T11:36:30Z INFO [2054/5000] b63b6d73-0e3c-4e37-bfd8-19d1debf7e6a: 199 internal nodes; 8.5 s; peak memory 657 MiB.
2026-10-09T11:36:32Z INFO [2055/5000] b63ba54a-c4e2-4f63-839d-683dcd52cecc: 27 internal nodes; 1.5 s; peak memory 657 MiB.
2026-10-09T11:36:34Z INFO [2056/5000] b63c5f6f-fac4-416a-8a81-bec7d25dae06: 28 internal nodes; 2.0 s; peak memory 657 MiB.
2026-10-09T11:36:35Z INFO [2057/5000] b63ef9f9-1000-40b1-88b8-931662af2ee2: 27 internal nodes; 1.5 s; peak memory 657 MiB.
2026-10-09T11:36:36Z INFO [2058/5000] b63efedf-9d80-4515-95cb-5646b3fcc9c6: 22 internal nodes; 1.2 s; peak memory 657 MiB.
2026-10-09T11:36:38Z INFO [2059/5000] b64016f6-f8a0-42a0-ae8b-457284f9aa6a: 31 internal nodes; 1.8 s; peak memory 657 MiB.
2026-10-09T11:36:40Z INFO [2060/5000] b6401c8f-d96b-45d2-82b4-b4851c56def3: 37 internal nodes; 2.2 s; peak memory 657 MiB.
2026-10-09T11:36:51Z INFO [2061/5000] b6407575-5169-4ee8-93ca-215d0eb8c5fd: 115 internal nodes; 10.6 s; peak memory 657 MiB.
2026-10-09T11:36:59Z INFO [2062/5000] b640e99f-5830-420a-992c-bf2bc862df99: 66 internal nodes; 8.3 s; peak memory 657 MiB.
2026-10-09T11:37:01Z INFO [2063/5000] b641e0af-bc79-41c3-b421-e7f465545839: 63 internal nodes; 1.5 s; peak memory 657 MiB.
2026-10-09T11:37:02Z INFO [2064/5000] b6425b2b-a575-4381-8cfb-6ac8dd759fec: 90 internal nodes; 1.3 s; peak memory 657 MiB.
2026-10-09T11:37:05Z INFO [2065/5000] b64305fe-66e6-4d3f-ac1a-bbe4a5e09c3e: 46 internal nodes; 3.3 s; peak memory 657 MiB.
2026-10-09T11:37:07Z INFO [2066/5000] b64335b0-fec8-4abd-91d0-3caf9ee6f224: 27 internal nodes; 1.5 s; peak memory 657 MiB.
2026-10-09T11:37:08Z INFO [2067/5000] b6442c67-10a9-49b2-80d8-4fcdd44b43d5: 27 internal nodes; 1.3 s; peak memory 657 MiB.
2026-10-09T11:37:09Z INFO [2068/5000] b644406c-e5d6-428c-b2c6-eac8baab7180: 27 internal nodes; 1.3 s; peak memory 657 MiB.
2026-10-09T11:37:10Z INFO [2069/5000] b644b432-5a29-42ab-be0a-d528636a1642: 11 internal nodes; 0.8 s; peak memory 657 MiB.
2026-10-09T11:37:12Z INFO [2070/5000] b6456356-c370-439b-9819-920169bd5de6: 29 internal nodes; 1.5 s; peak memory 657 MiB.
2026-10-09T11:37:13Z INFO [2071/5000] b64571c2-d56c-4714-8dfa-02062af7f89e: 17 internal nodes; 0.9 s; peak memory 657 MiB.
2026-10-09T11:37:14Z INFO [2072/5000] b64596c5-35da-4563-b233-8ee21f4e286b: 13 internal nodes; 1.2 s; peak memory 657 MiB.
2026-10-09T11:37:15Z INFO [2073/5000] b645a74b-46d5-45a7-bf65-5cd800a01950: 63 internal nodes; 1.5 s; peak memory 657 MiB.
2026-10-09T11:37:17Z INFO [2074/5000] b645f5b2-c274-47b3-a431-55596f629dca: 27 internal nodes; 1.3 s; peak memory 657 MiB.
2026-10-09T11:37:31Z INFO [2075/5000] b6467f32-ce59-48f9-9591-551b4244a436: 2066 internal nodes; 14.2 s; peak memory 657 MiB.
2026-10-09T11:37:32Z INFO [2076/5000] b64772c8-10aa-44cf-a7cc-5028eb8fc314: 27 internal nodes; 1.2 s; peak memory 657 MiB.
2026-10-09T11:37:38Z INFO [2077/5000] b6489e69-f9b8-4880-afe0-3fb260b6774b: 73 internal nodes; 5.8 s; peak memory 657 MiB.
2026-10-09T11:37:40Z INFO [2078/5000] b64a4580-397c-413c-a11c-e3da522b6a8e: 28 internal nodes; 1.8 s; peak memory 657 MiB.
2026-10-09T11:37:41Z INFO [2079/5000] b64a6219-eb2b-4604-b1da-68c9216f0b99: 18 internal nodes; 1.1 s; peak memory 657 MiB.
2026-10-09T11:37:41Z INFO [2080/5000] b64ab83f-24de-4afa-8f50-87b7dd527b5c: 17 internal nodes; 0.8 s; peak memory 657 MiB.
2026-10-09T11:37:43Z INFO [2081/5000] b64b503b-a096-44cd-a3af-bd73d3ebfb16: 13 internal nodes; 1.2 s; peak memory 657 MiB.
2026-10-09T11:37:44Z INFO [2082/5000] b64c177c-f393-4736-95eb-6381536f4a9a: 27 internal nodes; 1.8 s; peak memory 657 MiB.
2026-10-09T11:37:46Z INFO [2083/5000] b64c8d19-d53a-4d62-9355-d657c7aa86c0: 21 internal nodes; 1.8 s; peak memory 657 MiB.
2026-10-09T11:38:06Z INFO [2084/5000] b64dbb10-a08c-436a-a98a-e2b3d3064bbb: 1786 internal nodes; 20.0 s; peak memory 657 MiB.
2026-10-09T11:38:08Z INFO [2085/5000] b64e4051-f096-4079-8f5f-618fb450a5cc: 30 internal nodes; 1.4 s; peak memory 657 MiB.
2026-10-09T11:38:12Z INFO [2086/5000] b64ec669-a99f-4e12-b128-8317cf2a05c2: 57 internal nodes; 4.5 s; peak memory 657 MiB.
2026-10-09T11:38:14Z INFO [2087/5000] b64f75bc-872e-4c4b-a23c-e1acceb570a8: 31 internal nodes; 2.0 s; peak memory 657 MiB.
2026-10-09T11:38:15Z INFO [2088/5000] b64fc1d0-d427-473c-b75f-d5da3bf5e7ef: 17 internal nodes; 1.2 s; peak memory 657 MiB.
2026-10-09T11:38:16Z INFO [2089/5000] b6506e35-c42d-40cc-b5b8-069db8e6cbc8: 13 internal nodes; 0.9 s; peak memory 657 MiB.
2026-10-09T11:38:17Z INFO [2090/5000] b65098a8-a223-40ea-8fca-b98812b49128: 26 internal nodes; 0.8 s; peak memory 657 MiB.
2026-10-09T11:38:19Z INFO [2091/5000] b650da3a-7430-43bd-83da-6be182ca2e5d: 31 internal nodes; 1.8 s; peak memory 657 MiB.
2026-10-09T11:38:20Z INFO [2092/5000] b651266c-aea8-4807-8404-2f0c44a2426d: 18 internal nodes; 0.9 s; peak memory 657 MiB.
2026-10-09T11:38:21Z INFO [2093/5000] b6514afe-3a2b-4deb-a9dd-76971282d78c: 29 internal nodes; 1.7 s; peak memory 657 MiB.
2026-10-09T11:38:23Z INFO [2094/5000] b651d688-9c2e-466a-9c22-e6d849af20ae: 27 internal nodes; 1.4 s; peak memory 657 MiB.
2026-10-09T11:38:24Z INFO [2095/5000] b6524a16-5539-410b-a300-0c8581d9b107: 25 internal nodes; 1.0 s; peak memory 657 MiB.
2026-10-09T11:38:27Z INFO [2096/5000] b652679e-0ef5-41b9-b8e1-3c6d04e065df: 47 internal nodes; 3.6 s; peak memory 657 MiB.
2026-10-09T11:38:29Z INFO [2097/5000] b652d685-cb0d-4982-9332-f5f1224fab3f: 31 internal nodes; 1.8 s; peak memory 657 MiB.
2026-10-09T11:38:31Z INFO [2098/5000] b652ec5e-483a-4878-ae9d-dc94fc1df711: 31 internal nodes; 1.8 s; peak memory 657 MiB.
2026-10-09T11:38:36Z INFO [2099/5000] b653001c-fadb-443b-9313-c9c997ec456d: 73 internal nodes; 5.2 s; peak memory 657 MiB.
2026-10-09T11:38:37Z INFO [2100/5000] b65482b2-4fa2-429f-907c-bb8983b72879: 17 internal nodes; 1.1 s; peak memory 657 MiB.
2026-10-09T11:38:38Z INFO [2100/5000] b65482b2-4fa2-429f-907c-bb8983b72879: checkpointed 134738 new records.
2026-10-09T11:38:39Z INFO [2101/5000] b654a820-9e10-4faf-8647-6430d0b9e92d: 11 internal nodes; 1.2 s; peak memory 657 MiB.
2026-10-09T11:38:40Z INFO [2102/5000] b6554072-dd11-4c3a-abc6-bdccfa3d650d: 17 internal nodes; 1.0 s; peak memory 657 MiB.
2026-10-09T11:38:41Z INFO [2103/5000] b655d2ca-8664-46f8-8a0a-951deea29c0d: 18 internal nodes; 1.0 s; peak memory 657 MiB.
2026-10-09T11:38:43Z INFO [2104/5000] b655ed48-cbd2-4dda-b56f-0315afbaca56: 27 internal nodes; 1.3 s; peak memory 657 MiB.
2026-10-09T11:38:44Z INFO [2105/5000] b6563fdd-8aca-4f61-b0fe-affd2c76885d: 17 internal nodes; 1.1 s; peak memory 657 MiB.
2026-10-09T11:38:46Z INFO [2106/5000] b656dcd0-fdf6-4102-9173-e34f1bb50ae7: 37 internal nodes; 2.1 s; peak memory 657 MiB.
2026-10-09T11:38:47Z INFO [2107/5000] b6589ad7-832a-45bf-b9fa-bb7a940cbd8c: 31 internal nodes; 1.7 s; peak memory 657 MiB.
2026-10-09T11:38:49Z INFO [2108/5000] b6589c1a-3278-4026-b278-e4610d1799a6: 13 internal nodes; 1.2 s; peak memory 657 MiB.
2026-10-09T11:38:50Z INFO [2109/5000] b658d8af-12ab-4d2e-842f-d24ced1b61fa: 17 internal nodes; 1.0 s; peak memory 657 MiB.
2026-10-09T11:38:51Z INFO [2110/5000] b6590736-4db9-4ad5-b0b5-f7d36562738a: 17 internal nodes; 1.1 s; peak memory 657 MiB.
2026-10-09T11:38:52Z INFO [2111/5000] b6594588-295d-4258-a014-1fd214a1caee: 27 internal nodes; 1.2 s; peak memory 657 MiB.
2026-10-09T11:38:54Z INFO [2112/5000] b659a088-fc8d-4eb2-ba02-dcef161a3f09: 31 internal nodes; 2.0 s; peak memory 657 MiB.
2026-10-09T11:38:55Z INFO [2113/5000] b659b5c5-49ec-41b6-9163-ceb264ef7aeb: 11 internal nodes; 1.0 s; peak memory 657 MiB.
2026-10-09T11:38:56Z INFO [2114/5000] b659d13c-94b3-43db-a219-e24017e76bd9: 27 internal nodes; 1.4 s; peak memory 657 MiB.
2026-10-09T11:39:04Z INFO [2115/5000] b659de0f-4488-46e9-b6f5-5a2ea6230cfc: 177 internal nodes; 8.0 s; peak memory 657 MiB.
2026-10-09T11:39:07Z INFO [2116/5000] b65a0a40-6e78-42ed-aa23-c12fdff95c98: 44 internal nodes; 2.2 s; peak memory 657 MiB.
2026-10-09T11:39:08Z INFO [2117/5000] b65a5b15-e44e-4fc6-b0c5-a9a0bf907494: 61 internal nodes; 1.6 s; peak memory 657 MiB.
2026-10-09T11:39:09Z INFO [2118/5000] b65b2a1b-c790-4da1-96e8-27e2769bcdac: 17 internal nodes; 1.0 s; peak memory 657 MiB.
2026-10-09T11:39:10Z INFO [2119/5000] b65b4a2c-d825-4ac9-8512-1e6ba080b0b1: 17 internal nodes; 0.8 s; peak memory 657 MiB.
2026-10-09T11:39:11Z INFO [2120/5000] b65b4b6a-a578-4d3b-b995-4ee81db69e97: 13 internal nodes; 0.9 s; peak memory 657 MiB.
2026-10-09T11:39:12Z INFO [2121/5000] b65b79e4-092c-4e12-baa4-72217cdc9e90: 27 internal nodes; 1.4 s; peak memory 657 MiB.
2026-10-09T11:39:13Z INFO [2122/5000] b65ebf7f-79af-465b-a7b1-933020d67cb2: 17 internal nodes; 1.0 s; peak memory 657 MiB.
2026-10-09T11:39:15Z INFO [2123/5000] b65eca5f-03f4-4736-921d-52da2498c521: 24 internal nodes; 1.6 s; peak memory 657 MiB.
2026-10-09T11:39:16Z INFO [2124/5000] b65f5527-d212-44df-8e3c-36951aaecaa7: 67 internal nodes; 1.8 s; peak memory 657 MiB.
2026-10-09T11:39:18Z INFO [2125/5000] b6607ce2-26b3-475a-84b0-48a193959ccb: 143 internal nodes; 2.0 s; peak memory 657 MiB.
2026-10-09T11:39:29Z INFO [2126/5000] b66270f8-e0e8-422e-92a7-178e9f72a470: 222 internal nodes; 10.5 s; peak memory 657 MiB.
2026-10-09T11:39:46Z INFO [2127/5000] b663a5a5-e333-400d-ac74-ef69df26d0d5: 316 internal nodes; 17.0 s; peak memory 657 MiB.
2026-10-09T11:39:48Z INFO [2128/5000] b6643fa1-34b8-437d-836c-7466c8a58b39: 34 internal nodes; 1.9 s; peak memory 657 MiB.
2026-10-09T11:39:49Z INFO [2129/5000] b664f003-7b70-45a5-a3fa-6e28f510cf71: 28 internal nodes; 1.3 s; peak memory 657 MiB.
2026-10-09T11:39:50Z INFO [2130/5000] b664f66e-b200-457c-a716-074a9ca08f50: 27 internal nodes; 1.3 s; peak memory 657 MiB.
2026-10-09T11:39:54Z INFO [2131/5000] b6651105-5147-420c-af11-4e701c24b22c: 50 internal nodes; 3.2 s; peak memory 657 MiB.
2026-10-09T11:39:55Z INFO [2132/5000] b665e492-993b-4117-bead-58b5a4c8c2ae: 18 internal nodes; 1.4 s; peak memory 657 MiB.
2026-10-09T11:39:56Z INFO [2133/5000] b666af13-5d87-45f3-a4f9-87ba39f95e62: 115 internal nodes; 1.2 s; peak memory 657 MiB.
2026-10-09T11:39:58Z INFO [2134/5000] b666c291-f94d-4edb-9eb9-f0d78dfbb6e1: 31 internal nodes; 1.6 s; peak memory 657 MiB.
2026-10-09T11:39:59Z INFO [2135/5000] b6670e52-dc0b-49c0-9a24-dcc9052753ca: 17 internal nodes; 0.9 s; peak memory 657 MiB.
2026-10-09T11:40:00Z INFO [2136/5000] b6682941-e843-446d-9674-2ddcbefd16a0: 17 internal nodes; 1.0 s; peak memory 657 MiB.
2026-10-09T11:40:13Z INFO [2137/5000] b6684e5f-c1fe-43d5-acd7-637f862d6d3a: 246 internal nodes; 13.0 s; peak memory 657 MiB.
2026-10-09T11:40:14Z INFO [2138/5000] b6690e40-d417-4d94-9deb-bdb40fdaf660: 18 internal nodes; 1.2 s; peak memory 657 MiB.
2026-10-09T11:40:15Z INFO [2139/5000] b6692f0a-0f22-4b09-b015-218d8f511c61: 27 internal nodes; 1.3 s; peak memory 657 MiB.
2026-10-09T11:40:21Z INFO [2140/5000] b6699f38-8cab-491a-b110-faed10fad5f3: 105 internal nodes; 5.6 s; peak memory 657 MiB.
2026-10-09T11:40:22Z INFO [2141/5000] b669b1e3-43bc-4b13-8245-271c03eec54a: 30 internal nodes; 1.5 s; peak memory 657 MiB.
2026-10-09T11:40:24Z INFO [2142/5000] b669bffb-0e09-45eb-95c0-ea8e2c06f150: 31 internal nodes; 1.4 s; peak memory 657 MiB.
2026-10-09T11:40:25Z INFO [2143/5000] b669ef9b-7b48-4795-b00e-f437179b622b: 56 internal nodes; 1.5 s; peak memory 657 MiB.
2026-10-09T11:40:27Z INFO [2144/5000] b669f19f-13fc-4187-b430-822bd07221e9: 27 internal nodes; 1.8 s; peak memory 657 MiB.
2026-10-09T11:40:39Z INFO [2145/5000] b66a9792-2b36-4871-9aeb-24ffb4366b1f: 309 internal nodes; 12.0 s; peak memory 657 MiB.
2026-10-09T11:40:40Z INFO [2146/5000] b66ad1ba-463a-45c1-bf7e-d7fa27dc7539: 17 internal nodes; 1.1 s; peak memory 657 MiB.
2026-10-09T11:40:41Z INFO [2147/5000] b66b71e9-0270-43b3-9ca8-f99f5cd56ba3: 19 internal nodes; 1.2 s; peak memory 657 MiB.
2026-10-09T11:40:48Z INFO [2148/5000] b66bb784-3390-429d-a871-caf9e9dd25b3: 78 internal nodes; 6.5 s; peak memory 657 MiB.
2026-10-09T11:40:49Z INFO [2149/5000] b66beca2-a902-49f4-bcb0-fd35a430b308: 19 internal nodes; 1.0 s; peak memory 657 MiB.
2026-10-09T11:40:50Z INFO [2150/5000] b66c4bc9-8756-4756-a614-ccc549273cad: 17 internal nodes; 1.0 s; peak memory 657 MiB.
2026-10-09T11:40:50Z INFO [2150/5000] b66c4bc9-8756-4756-a614-ccc549273cad: checkpointed 134788 new records.
2026-10-09T11:40:54Z INFO [2151/5000] b66d5b0b-14bc-4d98-b597-81a506b74654: 46 internal nodes; 3.3 s; peak memory 657 MiB.
2026-10-09T11:40:55Z INFO [2152/5000] b66dafe4-f05e-4ea1-b4f2-51863bef4f20: 37 internal nodes; 1.7 s; peak memory 657 MiB.
2026-10-09T11:40:57Z INFO [2153/5000] b66dd3c2-b889-45c0-87da-204a712c1d7c: 27 internal nodes; 1.4 s; peak memory 657 MiB.
2026-10-09T11:40:58Z INFO [2154/5000] b66e3902-08b4-4db5-91b7-862845b13ec3: 17 internal nodes; 1.0 s; peak memory 657 MiB.
2026-10-09T11:40:59Z INFO [2155/5000] b66eb639-1ff8-4832-9045-705cd1ea4fe8: 17 internal nodes; 1.0 s; peak memory 657 MiB.
2026-10-09T11:41:17Z INFO [2156/5000] b66ed707-32a3-4f1f-9177-1ae604148326: 186 internal nodes; 17.9 s; peak memory 657 MiB.
2026-10-09T11:41:19Z INFO [2157/5000] b6707183-d28f-4f18-b743-7616662da6e5: 42 internal nodes; 2.8 s; peak memory 657 MiB.
2026-10-09T11:41:21Z INFO [2158/5000] b670b205-c12b-4656-bbcf-292db5bc2280: 17 internal nodes; 1.2 s; peak memory 657 MiB.
2026-10-09T11:41:21Z INFO [2159/5000] b671bdae-11d4-4956-82a6-6c4bb5a7466c: 26 internal nodes; 0.8 s; peak memory 657 MiB.
2026-10-09T11:41:22Z INFO [2160/5000] b6728a1c-cf4b-4825-b8b5-7de99496a3fe: 26 internal nodes; 0.9 s; peak memory 657 MiB.
2026-10-09T11:41:24Z INFO [2161/5000] b673db1e-9a9a-4dda-a3a8-c6e04b87da16: 23 internal nodes; 1.3 s; peak memory 657 MiB.
2026-10-09T11:41:25Z INFO [2162/5000] b67548ad-df49-4527-a3f7-9b5e75787492: 27 internal nodes; 1.3 s; peak memory 657 MiB.
2026-10-09T11:41:26Z INFO [2163/5000] b6754f4e-b229-47b9-b57b-2cda8cddc8ba: 13 internal nodes; 1.0 s; peak memory 657 MiB.
2026-10-09T11:41:27Z INFO [2164/5000] b675c2ea-6aa9-485c-9b82-c22bd31ffdf1: 54 internal nodes; 1.6 s; peak memory 657 MiB.
2026-10-09T11:41:29Z INFO [2165/5000] b6770e5c-9ed3-4958-9a0a-11f0e8d5b81f: 17 internal nodes; 1.0 s; peak memory 657 MiB.
2026-10-09T11:41:31Z INFO [2166/5000] b677ffdd-17b9-4bb8-bd4c-8898948c83c6: 44 internal nodes; 2.9 s; peak memory 657 MiB.
2026-10-09T11:41:38Z INFO [2167/5000] b6785385-a5f7-469c-9790-fbdcf7cb5aed: 177 internal nodes; 6.8 s; peak memory 657 MiB.
2026-10-09T11:41:39Z INFO [2168/5000] b6790593-c6df-45bf-9219-1543c7128704: 13 internal nodes; 1.2 s; peak memory 657 MiB.
2026-10-09T11:41:41Z INFO [2169/5000] b6796258-5a6c-48f0-bd95-2d87ec0cf345: 29 internal nodes; 1.8 s; peak memory 657 MiB.
2026-10-09T11:41:42Z INFO [2170/5000] b679ec25-3eef-4d09-9265-9fd448161323: 31 internal nodes; 1.1 s; peak memory 657 MiB.
2026-10-09T11:41:43Z INFO [2171/5000] b67b9572-4796-40e2-b9c1-246bee193b7e: 19 internal nodes; 1.0 s; peak memory 657 MiB.
2026-10-09T11:41:50Z INFO [2172/5000] b67be508-b460-4c5e-97af-9c6936f5da9d: 41 internal nodes; 6.7 s; peak memory 657 MiB.
2026-10-09T11:41:52Z INFO [2173/5000] b67bec08-3272-436d-b28a-7f3f24178c6d: 27 internal nodes; 1.8 s; peak memory 657 MiB.
2026-10-09T11:41:53Z INFO [2174/5000] b67c4c65-615f-4f55-9e69-0ce6cb614fc1: 17 internal nodes; 1.0 s; peak memory 657 MiB.
2026-10-09T11:42:00Z INFO [2175/5000] b67c5b5f-de0f-4eda-b964-db6bf969d57b: 59 internal nodes; 6.8 s; peak memory 657 MiB.
2026-10-09T11:42:02Z INFO [2176/5000] b67cc17e-48c3-4e9e-8df2-7e1aaec9d490: 31 internal nodes; 2.0 s; peak memory 657 MiB.
2026-10-09T11:42:03Z INFO [2177/5000] b67d3202-c3db-4da5-9237-19ef1b774213: 27 internal nodes; 1.4 s; peak memory 657 MiB.
2026-10-09T11:42:12Z INFO [2178/5000] b67d6025-3644-4d02-982e-cc32dbfcd305: 222 internal nodes; 8.9 s; peak memory 657 MiB.
2026-10-09T11:42:13Z INFO [2179/5000] b67d6f53-721a-4486-905d-9dc37a97f1f3: 27 internal nodes; 1.4 s; peak memory 657 MiB.
2026-10-09T11:42:14Z INFO [2180/5000] b67dc7c4-bd6a-420d-9503-d038ad5d847f: 17 internal nodes; 1.0 s; peak memory 657 MiB.
2026-10-09T11:42:16Z INFO [2181/5000] b67de5bd-0986-477b-ba78-d0b3ccd81f69: 27 internal nodes; 1.3 s; peak memory 657 MiB.
2026-10-09T11:42:18Z INFO [2182/5000] b6809bfc-9dda-4a31-9a8e-bebc2bdde676: 45 internal nodes; 2.6 s; peak memory 657 MiB.
2026-10-09T11:42:20Z INFO [2183/5000] b6818c98-4588-4fc1-95eb-c4b07c3378d4: 31 internal nodes; 2.0 s; peak memory 657 MiB.
2026-10-09T11:42:22Z INFO [2184/5000] b6825241-f677-4759-bf34-7923c0476326: 27 internal nodes; 1.3 s; peak memory 657 MiB.
2026-10-09T11:42:23Z INFO [2185/5000] b6827ce9-1793-471b-bf31-6ada33ece5fb: 23 internal nodes; 1.4 s; peak memory 657 MiB.
2026-10-09T11:42:24Z INFO [2186/5000] b6829118-00ef-4b93-890f-b1c060077faa: 17 internal nodes; 1.0 s; peak memory 657 MiB.
2026-10-09T11:42:28Z INFO [2187/5000] b68301e6-90ce-4807-a22b-1011f80704b5: 56 internal nodes; 3.7 s; peak memory 657 MiB.
2026-10-09T11:42:34Z INFO [2188/5000] b68432f7-8742-43f4-b322-e19a16856580: 137 internal nodes; 6.7 s; peak memory 657 MiB.
2026-10-09T11:42:35Z INFO [2189/5000] b6845cd9-e002-4848-808d-b89069a6ead8: 20 internal nodes; 0.8 s; peak memory 657 MiB.
2026-10-09T11:44:06Z INFO [2190/5000] b6853afc-ae3c-4d72-8891-6fcdc40edafa: 915 internal nodes; 90.8 s; peak memory 657 MiB.
2026-10-09T11:44:07Z INFO [2191/5000] b68541b6-25fe-4b2d-bbc4-8dbe727a301d: 17 internal nodes; 1.0 s; peak memory 657 MiB.
2026-10-09T11:44:20Z INFO [2192/5000] b6855c61-3bf8-43fa-abf6-47f348adaa35: 218 internal nodes; 12.7 s; peak memory 657 MiB.
2026-10-09T11:44:22Z INFO [2193/5000] b685d934-9aa9-4987-9cda-5961752f76e1: 44 internal nodes; 2.7 s; peak memory 657 MiB.
2026-10-09T11:44:25Z INFO [2194/5000] b6861963-76fc-4b70-b215-1289e5ed053f: 36 internal nodes; 2.3 s; peak memory 657 MiB.
2026-10-09T11:44:26Z INFO [2195/5000] b6876d95-d1a9-4f60-8d53-1d4963a3a040: 17 internal nodes; 1.1 s; peak memory 657 MiB.
2026-10-09T11:44:27Z INFO [2196/5000] b687cb65-d272-4ab2-bc8a-3582d951097f: 17 internal nodes; 1.1 s; peak memory 657 MiB.
2026-10-09T11:44:41Z INFO [2197/5000] b689dc2a-332a-44f0-be77-ec31ab291c8d: 304 internal nodes; 13.9 s; peak memory 657 MiB.
2026-10-09T11:44:42Z INFO [2198/5000] b68a6692-9280-4b8b-8115-fd04e85c70b8: 30 internal nodes; 1.6 s; peak memory 657 MiB.
2026-10-09T11:44:43Z INFO [2199/5000] b68a9ddc-5188-47a9-a549-4ca0d046498b: 17 internal nodes; 1.1 s; peak memory 657 MiB.
2026-10-09T11:44:44Z INFO [2200/5000] b68ac4e3-44c2-4b59-98ac-4e13e68e6b0e: 11 internal nodes; 0.8 s; peak memory 657 MiB.
2026-10-09T11:44:45Z INFO [2200/5000] b68ac4e3-44c2-4b59-98ac-4e13e68e6b0e: checkpointed 134838 new records.
2026-10-09T11:44:58Z INFO [2201/5000] b68b253b-fbd6-49b0-ae96-9e5c5e3e8923: 266 internal nodes; 13.2 s; peak memory 657 MiB.
2026-10-09T11:45:00Z INFO [2202/5000] b68bb4b8-0505-4ac7-b588-5ca8002df08e: 31 internal nodes; 1.7 s; peak memory 657 MiB.
2026-10-09T11:45:07Z INFO [2203/5000] b68bcfff-edcc-4b0a-9f51-31819f3ad7b8: 62 internal nodes; 7.7 s; peak memory 657 MiB.
2026-10-09T11:45:09Z INFO [2204/5000] b68c0692-3ee1-4b53-8d63-19277748128d: 17 internal nodes; 1.1 s; peak memory 657 MiB.
2026-10-09T11:45:10Z INFO [2205/5000] b68c1d2e-4e07-4b40-b3c3-974cbf0d5e52: 63 internal nodes; 1.5 s; peak memory 657 MiB.
2026-10-09T11:45:16Z INFO [2206/5000] b68cf499-2884-4982-800d-d6c7c409a33a: 70 internal nodes; 5.9 s; peak memory 657 MiB.
2026-10-09T11:45:17Z INFO [2207/5000] b68d447e-5291-48ec-9efd-da96e997fea8: 17 internal nodes; 1.1 s; peak memory 657 MiB.
2026-10-09T11:45:18Z INFO [2208/5000] b68e4129-965c-4494-901f-00d6e8a4dfc5: 17 internal nodes; 1.1 s; peak memory 657 MiB.
2026-10-09T11:45:20Z INFO [2209/5000] b68e587b-938e-46b2-a07e-482ec613796e: 29 internal nodes; 1.8 s; peak memory 657 MiB.
2026-10-09T11:45:21Z INFO [2210/5000] b68e7a2d-deaa-4e67-8297-3ef00fa027fb: 17 internal nodes; 1.1 s; peak memory 657 MiB.
2026-10-09T11:45:25Z INFO [2211/5000] b68edbd6-c6fc-4929-a50e-aca0fcb8246a: 70 internal nodes; 4.4 s; peak memory 657 MiB.
2026-10-09T11:45:27Z INFO [2212/5000] b68f331c-bce4-4289-97f5-23926d038521: 25 internal nodes; 1.3 s; peak memory 657 MiB.
2026-10-09T11:45:29Z INFO [2213/5000] b69086b3-5cb0-4c50-a575-d7f721b93db4: 31 internal nodes; 1.9 s; peak memory 657 MiB.
2026-10-09T11:45:30Z INFO [2214/5000] b690c615-a193-4354-98be-899df10383d8: 53 internal nodes; 1.6 s; peak memory 657 MiB.
2026-10-09T11:45:31Z INFO [2215/5000] b69165c1-3fce-44c8-b824-39a9900fcb12: 17 internal nodes; 1.1 s; peak memory 657 MiB.
2026-10-09T11:45:32Z INFO [2216/5000] b691d1da-c5e4-4eb2-b4a7-6342cf31a1ca: 11 internal nodes; 0.8 s; peak memory 657 MiB.
2026-10-09T11:45:39Z INFO [2217/5000] b6929acc-5844-48a7-b6ca-f1ae48062c7a: 110 internal nodes; 6.5 s; peak memory 657 MiB.
2026-10-09T11:45:41Z INFO [2218/5000] b693081f-3dd1-4477-86b5-95d62353f620: 58 internal nodes; 2.1 s; peak memory 657 MiB.
2026-10-09T11:45:50Z INFO [2219/5000] b6931e39-f765-4a3e-8232-1787259e30e7: 188 internal nodes; 8.9 s; peak memory 657 MiB.
2026-10-09T11:45:51Z INFO [2220/5000] b6933de4-fb87-4a1c-93cb-965e4985aa17: 21 internal nodes; 0.9 s; peak memory 657 MiB.
2026-10-09T11:45:52Z INFO [2221/5000] b69536fe-d608-4df0-958b-0d1873f2e37a: 18 internal nodes; 1.3 s; peak memory 657 MiB.
2026-10-09T11:45:55Z INFO [2222/5000] b6962cf0-e723-4d19-b78b-67c46664f3de: 44 internal nodes; 2.9 s; peak memory 657 MiB.
2026-10-09T11:45:56Z INFO [2223/5000] b6965955-1dc5-4509-882e-f34817a8c227: 17 internal nodes; 1.2 s; peak memory 657 MiB.
2026-10-09T11:45:58Z INFO [2224/5000] b6966bfe-64e6-47de-a1c0-f42940879284: 27 internal nodes; 2.3 s; peak memory 657 MiB.
2026-10-09T11:46:06Z INFO [2225/5000] b696ba97-f4cd-4790-b270-a0563b291634: 158 internal nodes; 7.9 s; peak memory 657 MiB.
2026-10-09T11:46:07Z INFO [2226/5000] b6978fe2-355d-4c49-bcda-b99c088755c5: 13 internal nodes; 1.1 s; peak memory 657 MiB.
2026-10-09T11:46:08Z INFO [2227/5000] b6979561-1581-4b92-a189-2fbc40701acb: 27 internal nodes; 1.4 s; peak memory 657 MiB.
2026-10-09T11:46:16Z INFO [2228/5000] b6989a67-f560-4d4a-b469-bf7ec0d55991: 177 internal nodes; 7.4 s; peak memory 657 MiB.
2026-10-09T11:46:17Z INFO [2229/5000] b698e63c-0e10-4c8c-bd6b-30b432153d6a: 27 internal nodes; 1.5 s; peak memory 657 MiB.
2026-10-09T11:46:18Z INFO [2230/5000] b6998a71-eeec-42e1-b573-74a820ea043c: 11 internal nodes; 0.9 s; peak memory 657 MiB.
2026-10-09T11:46:20Z INFO [2231/5000] b699b981-9a8b-4db2-a490-bd9daab1834e: 83 internal nodes; 1.4 s; peak memory 657 MiB.
2026-10-09T11:46:21Z INFO [2232/5000] b69a6fbe-86dd-4028-8933-01c3bd2567d9: 15 internal nodes; 1.1 s; peak memory 657 MiB.
2026-10-09T11:46:22Z INFO [2233/5000] b69abdfc-a1cf-42b9-95de-a71cceb20a72: 91 internal nodes; 1.7 s; peak memory 657 MiB.
2026-10-09T11:46:25Z INFO [2234/5000] b69ace76-ff1d-4001-89bb-c86550be65ba: 44 internal nodes; 2.7 s; peak memory 657 MiB.
2026-10-09T11:46:32Z INFO [2235/5000] b69b4f92-0336-4ab9-bca6-afd7eef54d64: 177 internal nodes; 6.9 s; peak memory 657 MiB.
2026-10-09T11:46:33Z INFO [2236/5000] b69c0c68-4da5-47b9-b539-6efc10673792: 27 internal nodes; 1.4 s; peak memory 657 MiB.
2026-10-09T11:46:35Z INFO [2237/5000] b69cfdc9-46e5-4eaf-a571-70c3e50b5c55: 13 internal nodes; 1.1 s; peak memory 657 MiB.
2026-10-09T11:46:38Z INFO [2238/5000] b69d3fc5-56e3-475e-92e1-51e6dd5deeaf: 41 internal nodes; 3.5 s; peak memory 657 MiB.
2026-10-09T11:46:39Z INFO [2239/5000] b69d93b0-7e60-47be-b0e7-10ed1211312f: 27 internal nodes; 1.5 s; peak memory 657 MiB.
2026-10-09T11:46:41Z INFO [2240/5000] b69e4219-92d0-481e-bc39-fa002460b1d0: 17 internal nodes; 1.0 s; peak memory 657 MiB.
2026-10-09T11:46:42Z INFO [2241/5000] b69e7bcb-4a09-4daf-974b-485c5bd583c7: 17 internal nodes; 1.1 s; peak memory 657 MiB.
2026-10-09T11:46:44Z INFO [2242/5000] b69eba19-bbb0-4baf-a0f8-e72b96d94690: 42 internal nodes; 2.4 s; peak memory 657 MiB.
2026-10-09T11:46:45Z INFO [2243/5000] b69f74b9-712b-4d66-bb25-e5de438a3bd6: 31 internal nodes; 1.4 s; peak memory 657 MiB.
2026-10-09T11:46:52Z INFO [2244/5000] b69f8b09-37a7-47df-9be6-841f611a136f: 134 internal nodes; 6.4 s; peak memory 657 MiB.
2026-10-09T11:46:53Z INFO [2245/5000] b69fdba1-c799-4965-85e3-2268c1f48cb2: 27 internal nodes; 0.9 s; peak memory 657 MiB.
2026-10-09T11:46:54Z INFO [2246/5000] b6a0eec9-f2a8-4629-b396-060f7297d88a: 17 internal nodes; 1.0 s; peak memory 657 MiB.
2026-10-09T11:46:55Z INFO [2247/5000] b6a11a26-7d5e-4cb9-810e-2b18480dbf4e: 13 internal nodes; 0.9 s; peak memory 657 MiB.
2026-10-09T11:46:56Z INFO [2248/5000] b6a25571-ca84-4554-ab21-0661ea1ca45e: 17 internal nodes; 1.2 s; peak memory 657 MiB.
2026-10-09T11:46:57Z INFO [2249/5000] b6a25a40-3275-476c-bb58-5ecb56401c22: 58 internal nodes; 1.6 s; peak memory 657 MiB.
2026-10-09T11:46:59Z INFO [2250/5000] b6a269a1-af65-41b8-a8f3-246fe239d6bf: 19 internal nodes; 1.3 s; peak memory 657 MiB.
2026-10-09T11:46:59Z INFO [2250/5000] b6a269a1-af65-41b8-a8f3-246fe239d6bf: checkpointed 134888 new records.
2026-10-09T11:47:41Z INFO [2251/5000] b6a33b66-894e-4414-8df7-595d98cdbd60: 875 internal nodes; 41.4 s; peak memory 657 MiB.
2026-10-09T11:47:47Z INFO [2252/5000] b6a37ab1-c1e4-4d13-9745-b5196fa8eda3: 54 internal nodes; 6.0 s; peak memory 657 MiB.
2026-10-09T11:47:54Z INFO [2253/5000] b6a3e638-35c5-4361-a76c-db5dc8133596: 177 internal nodes; 7.7 s; peak memory 657 MiB.
2026-10-09T11:47:55Z INFO [2254/5000] b6a45344-a2b8-4152-af4d-d9a2e3b331d5: 17 internal nodes; 1.0 s; peak memory 657 MiB.
2026-10-09T11:47:58Z INFO [2255/5000] b6a54f0f-975d-46ad-b15e-ea1ac2f9389d: 21 internal nodes; 2.5 s; peak memory 657 MiB.
2026-10-09T11:48:03Z INFO [2256/5000] b6a59a9c-1883-4169-a965-b1b630a6a75c: 68 internal nodes; 5.3 s; peak memory 657 MiB.
2026-10-09T11:48:05Z INFO [2257/5000] b6a5e49c-fb1a-4d8d-9af5-64312bb6c503: 66 internal nodes; 2.2 s; peak memory 657 MiB.
2026-10-09T11:48:07Z INFO [2258/5000] b6a68a1a-e4d3-4b50-bee9-e1827a5b2a31: 55 internal nodes; 1.5 s; peak memory 657 MiB.
2026-10-09T11:48:08Z INFO [2259/5000] b6a6e051-517e-4dd5-a450-79c8dbb9c228: 17 internal nodes; 0.9 s; peak memory 657 MiB.
2026-10-09T11:48:09Z INFO [2260/5000] b6a7b742-f83e-4843-b60c-d9b221d32411: 27 internal nodes; 1.4 s; peak memory 657 MiB.
2026-10-09T11:48:10Z INFO [2261/5000] b6a7beac-62e0-4da7-bed4-b828afa5e9ea: 17 internal nodes; 1.1 s; peak memory 657 MiB.
2026-10-09T11:48:11Z INFO [2262/5000] b6a7bf77-94b6-40f3-9be9-d0373d2c5021: 11 internal nodes; 0.8 s; peak memory 657 MiB.
2026-10-09T11:48:12Z INFO [2263/5000] b6a82631-3b93-4053-98e3-7512d761c41b: 60 internal nodes; 1.3 s; peak memory 657 MiB.
2026-10-09T11:48:14Z INFO [2264/5000] b6a8306b-17c7-4016-8e4c-60160c874fbf: 27 internal nodes; 1.3 s; peak memory 657 MiB.
2026-10-09T11:48:15Z INFO [2265/5000] b6a994e9-1834-43a2-a8fc-8b40df51c133: 17 internal nodes; 0.9 s; peak memory 657 MiB.
2026-10-09T11:48:18Z INFO [2266/5000] b6aa426b-2459-41a8-a778-c1e7039312a6: 45 internal nodes; 3.3 s; peak memory 657 MiB.
2026-10-09T11:48:32Z INFO [2267/5000] b6ac1845-8767-4296-8075-976cba98ab1c: 316 internal nodes; 13.6 s; peak memory 657 MiB.
2026-10-09T11:48:33Z INFO [2268/5000] b6adc861-4bc6-4308-906b-ee733633037e: 13 internal nodes; 1.0 s; peak memory 657 MiB.
2026-10-09T11:48:34Z INFO [2269/5000] b6ae351f-3ecf-4344-8589-6f8ca7ce2adc: 17 internal nodes; 1.1 s; peak memory 657 MiB.
2026-10-09T11:48:35Z INFO [2270/5000] b6ae75df-d64e-4098-a82b-a9f1dd8fcee1: 19 internal nodes; 1.0 s; peak memory 657 MiB.
2026-10-09T11:48:37Z INFO [2271/5000] b6aee3e0-da33-4017-87ed-d7200067bfc4: 53 internal nodes; 2.1 s; peak memory 657 MiB.
2026-10-09T11:48:50Z INFO [2272/5000] b6b02e19-2544-4f70-a90a-063e9e51697e: 394 internal nodes; 12.9 s; peak memory 657 MiB.
2026-10-09T11:48:53Z INFO [2273/5000] b6b039ae-ff2c-4645-b520-069c0169d945: 44 internal nodes; 2.8 s; peak memory 657 MiB.
2026-10-09T11:48:54Z INFO [2274/5000] b6b22c9c-0055-4a68-8c44-6ada72eb5412: 13 internal nodes; 1.0 s; peak memory 657 MiB.
2026-10-09T11:48:55Z INFO [2275/5000] b6b38a98-431b-47aa-a820-06e6a24b34ad: 28 internal nodes; 1.4 s; peak memory 657 MiB.
2026-10-09T11:48:57Z INFO [2276/5000] b6b39c7b-59ac-4442-bc7a-f0db6e126caf: 37 internal nodes; 1.9 s; peak memory 657 MiB.
2026-10-09T11:49:09Z INFO [2277/5000] b6b3ac28-f19b-48c3-9683-c975c5e797c3: 163 internal nodes; 12.5 s; peak memory 657 MiB.
2026-10-09T11:49:12Z INFO [2278/5000] b6b47f95-ab0f-4122-b152-185e1c453c58: 31 internal nodes; 2.5 s; peak memory 657 MiB.
2026-10-09T11:49:13Z INFO [2279/5000] b6b48e48-1b77-4493-9efa-37359495144d: 19 internal nodes; 1.2 s; peak memory 657 MiB.
2026-10-09T11:49:16Z INFO [2280/5000] b6b622a9-52c1-475a-8d90-ea3c6fcba30f: 44 internal nodes; 2.8 s; peak memory 657 MiB.
2026-10-09T11:49:20Z INFO [2281/5000] b6b6d17a-ca83-426a-b240-100de17e514d: 46 internal nodes; 3.7 s; peak memory 657 MiB.
2026-10-09T11:49:20Z INFO [2282/5000] b6b76763-d3f8-4576-898d-24b781f8e603: 13 internal nodes; 0.8 s; peak memory 657 MiB.
2026-10-09T11:49:22Z INFO [2283/5000] b6b7cd58-97e1-4b1c-8fa4-ef4619f9286b: 27 internal nodes; 1.5 s; peak memory 657 MiB.
2026-10-09T11:49:24Z INFO [2284/5000] b6b995ed-300c-4c98-a2ff-4084bcbc4053: 25 internal nodes; 1.8 s; peak memory 657 MiB.
2026-10-09T11:49:25Z INFO [2285/5000] b6ba41be-b691-407f-bc84-90d9b90b645d: 54 internal nodes; 1.6 s; peak memory 657 MiB.
2026-10-09T11:49:27Z INFO [2286/5000] b6ba46f7-630c-4591-8d52-9a956b2d3b73: 31 internal nodes; 1.6 s; peak memory 657 MiB.
2026-10-09T11:49:28Z INFO [2287/5000] b6bc2a7f-0298-42cd-92d0-0201499126ed: 18 internal nodes; 0.8 s; peak memory 657 MiB.
2026-10-09T11:49:29Z INFO [2288/5000] b6bcea5f-80f3-444c-b44e-c0a58b439cf9: 31 internal nodes; 1.5 s; peak memory 657 MiB.
2026-10-09T11:49:31Z INFO [2289/5000] b6be2fb6-df2e-4424-8a9f-9fde1cfa59bd: 59 internal nodes; 2.2 s; peak memory 657 MiB.
2026-10-09T11:49:33Z INFO [2290/5000] b6be835c-ca49-4e94-8e82-80667ae82311: 29 internal nodes; 1.5 s; peak memory 657 MiB.
2026-10-09T11:49:35Z INFO [2291/5000] b6bea45a-9b78-4e92-bd56-5109963f589d: 27 internal nodes; 2.4 s; peak memory 657 MiB.
2026-10-09T11:49:55Z INFO [2292/5000] b6bec62f-425e-4b7c-a5a5-8108dc701b48: 2543 internal nodes; 19.3 s; peak memory 657 MiB.
2026-10-09T11:49:56Z INFO [2293/5000] b6bef8ab-0e02-438f-96af-97d094cf50b2: 27 internal nodes; 1.5 s; peak memory 657 MiB.
2026-10-09T11:49:59Z INFO [2294/5000] b6bf5e5d-6568-4a8c-b4f6-cf39eefb2080: 66 internal nodes; 2.3 s; peak memory 657 MiB.
2026-10-09T11:50:00Z INFO [2295/5000] b6bfa061-fe69-4942-8276-a8d0d7020fed: 27 internal nodes; 1.4 s; peak memory 657 MiB.
2026-10-09T11:50:01Z INFO [2296/5000] b6c09869-4230-4850-b62b-80eb0e1ebbee: 41 internal nodes; 1.4 s; peak memory 657 MiB.
2026-10-09T11:50:03Z INFO [2297/5000] b6c1d552-e0fb-47f0-8e4a-36ac12f300a6: 54 internal nodes; 1.7 s; peak memory 657 MiB.
2026-10-09T11:50:05Z INFO [2298/5000] b6c209a5-cc8a-46a5-8dbc-814d4a371a74: 56 internal nodes; 1.7 s; peak memory 657 MiB.
2026-10-09T11:50:06Z INFO [2299/5000] b6c2a126-5450-47b5-b547-20654cdb682a: 27 internal nodes; 1.3 s; peak memory 657 MiB.
2026-10-09T11:50:08Z INFO [2300/5000] b6c2d817-1d10-4041-842c-f8338ddb4ddf: 53 internal nodes; 1.6 s; peak memory 657 MiB.
2026-10-09T11:50:08Z INFO [2300/5000] b6c2d817-1d10-4041-842c-f8338ddb4ddf: checkpointed 134938 new records.
2026-10-09T11:50:14Z INFO [2301/5000] b6c740d9-c538-4a00-842b-129e4e237014: 73 internal nodes; 6.0 s; peak memory 657 MiB.
2026-10-09T11:50:15Z INFO [2302/5000] b6c84290-0031-4f43-89f3-72de318ad2a6: 11 internal nodes; 0.8 s; peak memory 657 MiB.
2026-10-09T11:50:16Z INFO [2303/5000] b6c8d084-34e1-44cc-90ba-10149ebc4602: 17 internal nodes; 1.2 s; peak memory 657 MiB.
2026-10-09T11:50:18Z INFO [2304/5000] b6c8d27b-4dac-4efa-a171-a00b8c7cc873: 23 internal nodes; 1.6 s; peak memory 657 MiB.
2026-10-09T11:50:19Z INFO [2305/5000] b6c8d79b-2deb-47ba-9d6e-56acbb3a4b13: 17 internal nodes; 1.1 s; peak memory 657 MiB.
2026-10-09T11:50:21Z INFO [2306/5000] b6c95ba8-e4a0-4c2f-92f9-b88f7f823209: 31 internal nodes; 1.9 s; peak memory 657 MiB.
2026-10-09T11:50:32Z INFO [2307/5000] b6ca2f43-98f9-4911-8841-468a0219a675: 248 internal nodes; 11.2 s; peak memory 657 MiB.
2026-10-09T11:50:35Z INFO [2308/5000] b6cad9eb-484f-4c11-b0d0-dd56df3bde16: 72 internal nodes; 2.6 s; peak memory 657 MiB.
2026-10-09T11:50:47Z INFO [2309/5000] b6cb0645-b482-44c4-a3d2-68bcd283d579: 241 internal nodes; 12.7 s; peak memory 657 MiB.
2026-10-09T11:50:48Z INFO [2310/5000] b6cb6315-fb79-4a4d-8b0c-145fa1571492: 17 internal nodes; 1.1 s; peak memory 657 MiB.
2026-10-09T11:50:50Z INFO [2311/5000] b6cbcdcb-e749-4e76-971e-c9d416717940: 29 internal nodes; 1.9 s; peak memory 657 MiB.
2026-10-09T11:50:51Z INFO [2312/5000] b6cc021b-74eb-4b76-b80e-4fc894d9fa6b: 13 internal nodes; 0.9 s; peak memory 657 MiB.
2026-10-09T11:50:53Z INFO [2313/5000] b6cc46b5-fa65-4ae3-920b-160e281fdace: 27 internal nodes; 1.5 s; peak memory 657 MiB.
2026-10-09T11:50:54Z INFO [2314/5000] b6cc7089-2e7a-4a86-b753-09d02f2dabc4: 17 internal nodes; 1.0 s; peak memory 657 MiB.
2026-10-09T11:50:55Z INFO [2315/5000] b6cca0c0-8ebe-4d95-8b96-19979eb303aa: 31 internal nodes; 1.5 s; peak memory 657 MiB.
2026-10-09T11:50:58Z INFO [2316/5000] b6ccf4a5-ab10-48dd-92c6-13a728e23687: 44 internal nodes; 2.8 s; peak memory 657 MiB.
2026-10-09T11:51:00Z INFO [2317/5000] b6ccf609-d54c-45fc-a404-6982121c75b7: 25 internal nodes; 1.8 s; peak memory 657 MiB.
2026-10-09T11:51:02Z INFO [2318/5000] b6cdeca5-85ad-4431-8ae6-4eeb369fa1b1: 31 internal nodes; 1.7 s; peak memory 657 MiB.
2026-10-09T11:51:03Z INFO [2319/5000] b6cdf3e1-160c-4545-8ddd-c8edef0a229c: 23 internal nodes; 1.6 s; peak memory 657 MiB.
2026-10-09T11:51:12Z INFO [2320/5000] b6cdfdd9-bc43-416d-b83f-2b6eeb79fc16: 70 internal nodes; 9.3 s; peak memory 657 MiB.
2026-10-09T11:51:14Z INFO [2321/5000] b6cf45ff-27c0-47c1-b493-b7953c618b6d: 60 internal nodes; 1.6 s; peak memory 657 MiB.
2026-10-09T11:51:16Z INFO [2322/5000] b6cf78d0-b096-4d4f-9129-b4215bb36a66: 31 internal nodes; 1.8 s; peak memory 657 MiB.
2026-10-09T11:51:18Z INFO [2323/5000] b6cf8ce7-7310-43e2-8a13-7e8d5f606b92: 31 internal nodes; 1.7 s; peak memory 657 MiB.
2026-10-09T11:51:19Z INFO [2324/5000] b6cfbc21-30b6-4549-a027-8e6ca5512034: 13 internal nodes; 1.2 s; peak memory 657 MiB.
2026-10-09T11:51:24Z INFO [2325/5000] b6d0f2fc-c6eb-449c-b377-cb87905bb26d: 70 internal nodes; 5.2 s; peak memory 657 MiB.
2026-10-09T11:51:25Z INFO [2326/5000] b6d12756-a4d5-4c5e-925b-52fafb3871b2: 11 internal nodes; 1.0 s; peak memory 657 MiB.
2026-10-09T11:51:26Z INFO [2327/5000] b6d14bc0-c7b9-4f28-bb4f-1d9e133db534: 17 internal nodes; 1.1 s; peak memory 657 MiB.
2026-10-09T11:51:27Z INFO [2328/5000] b6d1dd3b-000c-4d86-aebf-082de20b23ab: 17 internal nodes; 1.0 s; peak memory 657 MiB.
2026-10-09T11:51:28Z INFO [2329/5000] b6d1f716-a388-439b-bc51-513b5411cb78: 27 internal nodes; 1.3 s; peak memory 657 MiB.
2026-10-09T11:51:29Z INFO [2330/5000] b6d22e0d-f103-4694-8926-17cac2b3a5ce: 17 internal nodes; 1.0 s; peak memory 657 MiB.
2026-10-09T11:51:30Z INFO [2331/5000] b6d27a32-7ab9-4529-bb9c-949b5dbf6141: 17 internal nodes; 1.0 s; peak memory 657 MiB.
2026-10-09T11:51:32Z INFO [2332/5000] b6d29089-684b-4274-80e1-bc744a361959: 27 internal nodes; 1.4 s; peak memory 657 MiB.
2026-10-09T11:51:33Z INFO [2333/5000] b6d30b1e-a427-46ad-8c44-0d1e1b8299f9: 29 internal nodes; 1.5 s; peak memory 657 MiB.
2026-10-09T11:51:35Z INFO [2334/5000] b6d30c7c-ba8b-445c-9883-8995c6e95119: 31 internal nodes; 1.7 s; peak memory 657 MiB.
2026-10-09T11:51:39Z INFO [2335/5000] b6d34c7f-9eaf-4d41-8187-6175f72508f0: 86 internal nodes; 4.2 s; peak memory 657 MiB.
2026-10-09T11:51:40Z INFO [2336/5000] b6d370e6-322f-48df-a6a6-6dcd0ee8be58: 26 internal nodes; 1.0 s; peak memory 657 MiB.
2026-10-09T11:51:41Z INFO [2337/5000] b6d3b67e-8b3a-4d00-9901-e0ca10bda7b5: 17 internal nodes; 1.0 s; peak memory 657 MiB.
2026-10-09T11:51:44Z INFO [2338/5000] b6d66a9d-4b10-4ec4-a95c-3bace6b3035d: 45 internal nodes; 3.0 s; peak memory 657 MiB.
2026-10-09T11:51:45Z INFO [2339/5000] b6d68d75-afab-49c0-8a5e-889c5ea7385d: 17 internal nodes; 1.1 s; peak memory 657 MiB.
2026-10-09T11:51:48Z INFO [2340/5000] b6d693ba-29a6-4ca5-a860-e4ddea8d411d: 63 internal nodes; 2.8 s; peak memory 657 MiB.
2026-10-09T11:51:50Z INFO [2341/5000] b6d768e2-f2ba-48b7-a314-619911bf828a: 27 internal nodes; 1.4 s; peak memory 657 MiB.
2026-10-09T11:51:51Z INFO [2342/5000] b6d7e5e7-b0d8-41d9-9e08-d9f294d78a15: 17 internal nodes; 1.1 s; peak memory 657 MiB.
2026-10-09T11:51:52Z INFO [2343/5000] b6d91ea0-6467-4033-a87c-5cb108eaf39b: 19 internal nodes; 1.3 s; peak memory 657 MiB.
2026-10-09T11:51:53Z INFO [2344/5000] b6d95d3f-ccf1-43c2-b68d-08165c8451b6: 27 internal nodes; 1.4 s; peak memory 657 MiB.
2026-10-09T11:51:59Z INFO [2345/5000] b6da38c9-9bfb-4438-af19-cb5eff0f5429: 135 internal nodes; 5.9 s; peak memory 657 MiB.
2026-10-09T11:52:01Z INFO [2346/5000] b6daa6c9-1362-45de-98fe-9bf0a55ec056: 31 internal nodes; 1.7 s; peak memory 657 MiB.
2026-10-09T11:52:02Z INFO [2347/5000] b6db0888-60d0-4bcd-a7fc-c1b1b69f6157: 17 internal nodes; 1.1 s; peak memory 657 MiB.
2026-10-09T11:52:03Z INFO [2348/5000] b6db584e-ae6a-4114-a4fc-39331e1f7422: 27 internal nodes; 0.9 s; peak memory 657 MiB.
2026-10-09T11:52:04Z INFO [2349/5000] b6dbedd2-06dd-4c70-968b-2865fa39f98b: 18 internal nodes; 1.3 s; peak memory 657 MiB.
2026-10-09T11:52:05Z INFO [2350/5000] b6dc536e-2a43-4fe9-828b-c9ab0b0890f4: 18 internal nodes; 1.0 s; peak memory 657 MiB.
2026-10-09T11:52:06Z INFO [2350/5000] b6dc536e-2a43-4fe9-828b-c9ab0b0890f4: checkpointed 134988 new records.
2026-10-09T11:52:07Z INFO [2351/5000] b6dc7ed7-14e6-48c0-96c8-2d3b59584214: 27 internal nodes; 1.3 s; peak memory 657 MiB.
2026-10-09T11:52:09Z INFO [2352/5000] b6dcebc3-bc98-4000-9b0c-1f181e3edf40: 63 internal nodes; 1.5 s; peak memory 657 MiB.
2026-10-09T11:52:10Z INFO [2353/5000] b6dd3672-2833-47b9-aa85-fb946e357456: 18 internal nodes; 1.4 s; peak memory 657 MiB.
2026-10-09T11:52:14Z INFO [2354/5000] b6dd3769-2d89-4638-bd0e-5d34ce0153b9: 46 internal nodes; 3.6 s; peak memory 657 MiB.
2026-10-09T11:52:15Z INFO [2355/5000] b6dd4c0d-9ad4-4b2f-85b9-fe95eb4738fa: 27 internal nodes; 1.5 s; peak memory 657 MiB.
2026-10-09T11:52:16Z INFO [2356/5000] b6dd904f-e4d6-410a-8c0f-a1c19bd7053a: 11 internal nodes; 0.8 s; peak memory 657 MiB.
2026-10-09T11:52:17Z INFO [2357/5000] b6de414b-af55-490c-b75b-b37d8963cad7: 19 internal nodes; 1.2 s; peak memory 657 MiB.
2026-10-09T11:52:18Z INFO [2358/5000] b6df106b-a337-4b17-af2f-2e3a380c3872: 30 internal nodes; 1.4 s; peak memory 657 MiB.
2026-10-09T11:52:20Z INFO [2359/5000] b6df16fc-d207-4e88-853e-069e65af1101: 27 internal nodes; 1.3 s; peak memory 657 MiB.
2026-10-09T11:52:29Z INFO [2360/5000] b6df8383-4b1a-4721-b457-c56260198c74: 93 internal nodes; 9.0 s; peak memory 657 MiB.
2026-10-09T11:52:30Z INFO [2361/5000] b6dfe69c-ab40-4961-97b2-94eada7f923e: 27 internal nodes; 1.6 s; peak memory 657 MiB.
2026-10-09T11:52:31Z INFO [2362/5000] b6e11026-ab1f-4349-b6af-28acbc56efad: 22 internal nodes; 1.1 s; peak memory 657 MiB.
2026-10-09T11:52:32Z INFO [2363/5000] b6e1583c-9653-4486-98e6-3d0223c7d8ad: 17 internal nodes; 1.0 s; peak memory 657 MiB.
2026-10-09T11:52:34Z INFO [2364/5000] b6e459f5-5cee-41a2-9fab-1b48bbfffa24: 90 internal nodes; 1.3 s; peak memory 657 MiB.
2026-10-09T11:52:36Z INFO [2365/5000] b6e4b401-d6a9-4099-ae94-50fdb9284e1f: 58 internal nodes; 2.0 s; peak memory 657 MiB.
2026-10-09T11:52:37Z INFO [2366/5000] b6e4e4de-c05a-4568-9b46-2a729a7de48c: 55 internal nodes; 1.6 s; peak memory 657 MiB.
2026-10-09T11:52:39Z INFO [2367/5000] b6e52efc-2cb9-42cb-8fbe-f0b2539733f0: 31 internal nodes; 1.7 s; peak memory 657 MiB.
2026-10-09T11:52:40Z INFO [2368/5000] b6e6e674-a281-40c3-b164-d15c443f5788: 23 internal nodes; 1.3 s; peak memory 657 MiB.
2026-10-09T11:52:42Z INFO [2369/5000] b6e705f0-79d5-43eb-9753-6d1765799492: 31 internal nodes; 1.8 s; peak memory 657 MiB.
2026-10-09T11:52:44Z INFO [2370/5000] b6e772a0-2177-4c08-baa9-e6aa9f960f30: 31 internal nodes; 1.6 s; peak memory 657 MiB.
2026-10-09T11:52:45Z INFO [2371/5000] b6e7a747-280e-4d0f-abd2-adf2fc57825a: 115 internal nodes; 1.4 s; peak memory 657 MiB.
2026-10-09T11:52:46Z INFO [2372/5000] b6e88153-e77b-40a8-9f55-d015d1139296: 13 internal nodes; 1.0 s; peak memory 657 MiB.
2026-10-09T11:52:47Z INFO [2373/5000] b6e98755-f7cf-4526-aeb4-de251c758088: 17 internal nodes; 0.9 s; peak memory 657 MiB.
2026-10-09T11:52:48Z INFO [2374/5000] b6ea7a21-51fd-47a1-a2ec-9f0069678fcd: 17 internal nodes; 1.0 s; peak memory 657 MiB.
2026-10-09T11:52:49Z INFO [2375/5000] b6eaff29-f64c-41e3-895c-c1f566c8c460: 17 internal nodes; 1.0 s; peak memory 657 MiB.
2026-10-09T11:52:51Z INFO [2376/5000] b6eb171c-4209-43a3-9ab3-7febc732e2e9: 37 internal nodes; 2.3 s; peak memory 657 MiB.
2026-10-09T11:52:55Z INFO [2377/5000] b6eb3d19-826b-41c0-b956-aa6c6dbcb994: 50 internal nodes; 3.4 s; peak memory 657 MiB.
2026-10-09T11:52:59Z INFO [2378/5000] b6eb4965-f0f4-470d-b794-7d9efb3322d0: 57 internal nodes; 4.5 s; peak memory 657 MiB.
2026-10-09T11:53:00Z INFO [2379/5000] b6eb79a8-6dce-4864-bf70-175c60cc997f: 17 internal nodes; 1.1 s; peak memory 657 MiB.
2026-10-09T11:53:03Z INFO [2380/5000] b6ebf6e5-a66f-4f01-b7ff-69b39eed5402: 44 internal nodes; 2.7 s; peak memory 657 MiB.
2026-10-09T11:53:04Z INFO [2381/5000] b6ec9a9e-6aeb-46d8-8655-efd4c8d4c9e3: 26 internal nodes; 0.8 s; peak memory 657 MiB.
2026-10-09T11:53:05Z INFO [2382/5000] b6ed4f31-04c3-47a7-97d4-fa779de7db4d: 18 internal nodes; 1.0 s; peak memory 657 MiB.
2026-10-09T11:53:06Z INFO [2383/5000] b6edc073-58eb-4c2e-bf9c-01c8e7deac1b: 17 internal nodes; 1.2 s; peak memory 657 MiB.
2026-10-09T11:53:07Z INFO [2384/5000] b6eea721-3d28-4493-a33b-5b0bc1298e39: 17 internal nodes; 1.1 s; peak memory 657 MiB.
2026-10-09T11:53:08Z INFO [2385/5000] b6ef7e4b-eb96-48ab-bfbf-17e1ccde622a: 18 internal nodes; 1.2 s; peak memory 657 MiB.
2026-10-09T11:53:09Z INFO [2386/5000] b6ef9e0b-b162-42eb-b9e5-1c7c5050aabb: 17 internal nodes; 1.1 s; peak memory 657 MiB.
2026-10-09T11:53:16Z INFO [2387/5000] b6f0c26a-757c-4260-8489-305d9d3d70a3: 154 internal nodes; 6.3 s; peak memory 657 MiB.
2026-10-09T11:53:19Z INFO [2388/5000] b6f11fb4-0b99-4735-9092-b11acd35d71e: 45 internal nodes; 2.8 s; peak memory 657 MiB.
2026-10-09T11:53:20Z INFO [2389/5000] b6f168cb-de1d-4a05-bd4d-2ad7c4c40944: 27 internal nodes; 1.1 s; peak memory 657 MiB.
2026-10-09T11:53:21Z INFO [2390/5000] b6f35797-c39a-4bf4-b5b2-39c53021ec12: 23 internal nodes; 1.4 s; peak memory 657 MiB.
2026-10-09T11:53:32Z INFO [2391/5000] b6f39b62-9c33-427a-bd93-176668bc303a: 196 internal nodes; 10.8 s; peak memory 657 MiB.
2026-10-09T11:53:33Z INFO [2392/5000] b6f44770-31e7-42ce-8622-42bc29fbf2fb: 26 internal nodes; 1.4 s; peak memory 657 MiB.
2026-10-09T11:53:41Z INFO [2393/5000] b6f4cafb-c398-4b01-ad6b-da6c31d57b43: 148 internal nodes; 7.7 s; peak memory 657 MiB.
2026-10-09T11:53:42Z INFO [2394/5000] b6f50233-f195-403e-8569-0d79b644241f: 17 internal nodes; 1.0 s; peak memory 657 MiB.
2026-10-09T11:53:45Z INFO [2395/5000] b6f523f5-ba72-4e74-a3d8-f1aa1d059d70: 44 internal nodes; 2.7 s; peak memory 657 MiB.
2026-10-09T11:53:46Z INFO [2396/5000] b6f61862-30ea-4dba-9534-67e7d7e48343: 28 internal nodes; 1.5 s; peak memory 657 MiB.
2026-10-09T11:53:47Z INFO [2397/5000] b6f69d85-f166-410a-8f0f-7917dafd7f10: 17 internal nodes; 1.0 s; peak memory 657 MiB.
2026-10-09T11:53:48Z INFO [2398/5000] b6f6d9cf-9340-4010-863f-cdd37db8abf8: 17 internal nodes; 1.4 s; peak memory 657 MiB.
2026-10-09T11:53:50Z INFO [2399/5000] b6f72f2a-f605-456b-909d-191f010b333e: 29 internal nodes; 1.9 s; peak memory 657 MiB.
2026-10-09T11:53:52Z INFO [2400/5000] b6f7db5b-7701-4b8b-8b6a-c0238f18bacb: 31 internal nodes; 1.7 s; peak memory 657 MiB.
2026-10-09T11:53:53Z INFO [2400/5000] b6f7db5b-7701-4b8b-8b6a-c0238f18bacb: checkpointed 135038 new records.
2026-10-09T11:53:54Z INFO [2401/5000] b6f99b66-e8e9-47e4-acc8-e7c9c7cdfdda: 27 internal nodes; 1.3 s; peak memory 657 MiB.
2026-10-09T11:53:56Z INFO [2402/5000] b6f9ccf7-07c8-4fb5-b591-99a374e7086d: 58 internal nodes; 1.9 s; peak memory 657 MiB.
2026-10-09T11:54:05Z INFO [2403/5000] b6fa5c4d-3de8-4e20-9806-5b7c524e601d: 189 internal nodes; 8.9 s; peak memory 657 MiB.
2026-10-09T11:54:06Z INFO [2404/5000] b6facf2c-19f3-40ae-b4b1-0bf733a69535: 17 internal nodes; 1.1 s; peak memory 657 MiB.
2026-10-09T11:54:07Z INFO [2405/5000] b6fb2ed8-bc92-4c77-9873-5a4a032b68cc: 11 internal nodes; 1.1 s; peak memory 657 MiB.
2026-10-09T11:54:08Z INFO [2406/5000] b6fbc5f6-d5c8-45b9-9e57-078732e8da2b: 27 internal nodes; 1.3 s; peak memory 657 MiB.
2026-10-09T11:54:09Z INFO [2407/5000] b6fc6ebf-8773-43d3-88ee-ded2f74f634d: 27 internal nodes; 1.2 s; peak memory 657 MiB.
2026-10-09T11:54:10Z INFO [2408/5000] b6fcb402-f857-49ba-9582-0cb7d40f9945: 17 internal nodes; 1.1 s; peak memory 657 MiB.
2026-10-09T11:54:12Z INFO [2409/5000] b6fcf0e6-4090-4c70-9b33-f38a2d9b4852: 95 internal nodes; 1.8 s; peak memory 657 MiB.
2026-10-09T11:54:13Z INFO [2410/5000] b6ff83ed-df21-447b-a2d6-fe47cb38a12b: 27 internal nodes; 1.3 s; peak memory 657 MiB.
2026-10-09T11:54:14Z INFO [2411/5000] b700821a-db75-462d-abe2-682c92a92697: 13 internal nodes; 0.8 s; peak memory 657 MiB.
2026-10-09T11:54:15Z INFO [2412/5000] b701bb2c-03d6-4286-96d9-7e82400e8990: 17 internal nodes; 0.9 s; peak memory 657 MiB.
2026-10-09T11:54:17Z INFO [2413/5000] b70276d8-2248-4088-a0de-3a6282613d47: 27 internal nodes; 1.5 s; peak memory 657 MiB.
2026-10-09T11:54:18Z INFO [2414/5000] b70383d2-03b8-4518-a7e5-fc649eec6cca: 58 internal nodes; 1.8 s; peak memory 657 MiB.
2026-10-09T11:54:20Z INFO [2415/5000] b703c161-d032-4851-ab72-763d480e3173: 31 internal nodes; 1.8 s; peak memory 657 MiB.
2026-10-09T11:54:22Z INFO [2416/5000] b7045fd2-f57d-4651-80ca-e2bae289b303: 27 internal nodes; 1.5 s; peak memory 657 MiB.
2026-10-09T11:54:23Z INFO [2417/5000] b70475b4-9747-4e48-96a9-f2503b03e6c9: 114 internal nodes; 1.3 s; peak memory 657 MiB.
2026-10-09T11:54:24Z INFO [2418/5000] b7056e49-0aa4-42b4-878c-98d3d3067938: 17 internal nodes; 1.0 s; peak memory 657 MiB.
2026-10-09T11:54:26Z INFO [2419/5000] b706a29f-671f-4d77-ab24-aaa468ab0153: 31 internal nodes; 2.2 s; peak memory 657 MiB.
2026-10-09T11:54:28Z INFO [2420/5000] b706fb36-1cca-406a-bdbf-f7d3415f3d77: 60 internal nodes; 1.5 s; peak memory 657 MiB.
2026-10-09T11:54:29Z INFO [2421/5000] b708be28-3710-43ad-befa-2a9197387f34: 17 internal nodes; 1.1 s; peak memory 657 MiB.
2026-10-09T11:54:30Z INFO [2422/5000] b70923e5-6b62-4b86-bd7d-dd609b321835: 17 internal nodes; 1.0 s; peak memory 657 MiB.
2026-10-09T11:54:31Z INFO [2423/5000] b7092b43-fb19-43c5-b629-e8025294cd1d: 25 internal nodes; 1.4 s; peak memory 657 MiB.
2026-10-09T11:54:34Z INFO [2424/5000] b7096a5e-9b43-4124-8748-b42856b50aec: 53 internal nodes; 2.3 s; peak memory 657 MiB.
2026-10-09T11:54:35Z INFO [2425/5000] b7099fe8-234a-41aa-a1b2-38afd692cda8: 27 internal nodes; 1.3 s; peak memory 657 MiB.
2026-10-09T11:54:36Z INFO [2426/5000] b709ea8f-0507-47ad-a020-17e5d0946179: 18 internal nodes; 1.4 s; peak memory 657 MiB.
2026-10-09T11:54:37Z INFO [2427/5000] b70b7f42-186b-4185-b8ca-7b00be329329: 17 internal nodes; 0.9 s; peak memory 657 MiB.
2026-10-09T11:54:38Z INFO [2428/5000] b70bdf32-362a-4555-a684-7d426f87b0f6: 26 internal nodes; 0.8 s; peak memory 657 MiB.
2026-10-09T11:54:42Z INFO [2429/5000] b70cbe75-27e5-4794-a345-e6ae4867ec95: 46 internal nodes; 3.6 s; peak memory 657 MiB.
2026-10-09T11:54:42Z INFO [2430/5000] b70e18a1-e4c3-463b-9f04-bee3b4ffd778: 11 internal nodes; 0.8 s; peak memory 657 MiB.
2026-10-09T11:54:45Z INFO [2431/5000] b70e2c17-4ebc-4127-a5db-238e0cfaa1ec: 66 internal nodes; 2.1 s; peak memory 657 MiB.
2026-10-09T11:54:46Z INFO [2432/5000] b70f32a5-af85-4bba-a592-83cd42d2b3bd: 11 internal nodes; 1.1 s; peak memory 657 MiB.
2026-10-09T11:54:47Z INFO [2433/5000] b70f9e8b-36b6-4790-b7be-ca6171a41e83: 27 internal nodes; 1.6 s; peak memory 657 MiB.
2026-10-09T11:54:48Z INFO [2434/5000] b71149b8-07f2-4396-bace-a8baba67b395: 17 internal nodes; 1.0 s; peak memory 657 MiB.
2026-10-09T11:54:49Z INFO [2435/5000] b7125276-b069-4d2e-8aaa-609708dbcdc3: 17 internal nodes; 1.1 s; peak memory 657 MiB.
2026-10-09T11:54:53Z INFO [2436/5000] b7129ce1-4f96-4d40-a55b-f0763e69749b: 36 internal nodes; 3.9 s; peak memory 657 MiB.
2026-10-09T11:55:32Z INFO [2437/5000] b713a11d-e411-483d-8eb5-d84e340db3ed: 3723 internal nodes; 38.8 s; peak memory 657 MiB.
2026-10-09T11:55:34Z INFO [2438/5000] b7141067-940c-453e-86ba-a8854c986fa0: 27 internal nodes; 1.6 s; peak memory 657 MiB.
2026-10-09T11:58:00Z INFO [2439/5000] b71431a7-31bc-4793-8f7a-50056ec482fb: 21590 internal nodes; 146.9 s; peak memory 927 MiB.
2026-10-09T11:58:06Z INFO [2440/5000] b7159d24-cbcf-4b8a-a18b-d3a990697622: 73 internal nodes; 5.3 s; peak memory 927 MiB.
2026-10-09T11:58:07Z INFO [2441/5000] b715f687-70f3-4d44-b7fb-878efeed016d: 13 internal nodes; 1.0 s; peak memory 927 MiB.
2026-10-09T11:58:09Z INFO [2442/5000] b716877d-b057-4971-bb4c-3acb32dc8421: 72 internal nodes; 2.1 s; peak memory 927 MiB.
2026-10-09T11:58:12Z INFO [2443/5000] b71687eb-1bfc-448d-8786-13462016e809: 44 internal nodes; 2.8 s; peak memory 927 MiB.
2026-10-09T11:58:13Z INFO [2444/5000] b716c945-783d-47da-bda0-59e00406ab5d: 27 internal nodes; 1.2 s; peak memory 927 MiB.
2026-10-09T11:58:14Z INFO [2445/5000] b71754f6-65ea-45a8-be57-1852670ef1b0: 17 internal nodes; 1.0 s; peak memory 927 MiB.
2026-10-09T11:58:20Z INFO [2446/5000] b718e6ba-68d0-43fe-8ee5-09b8472349b6: 41 internal nodes; 6.0 s; peak memory 927 MiB.
2026-10-09T11:58:21Z INFO [2447/5000] b718fc3b-83d6-4c96-9a16-9de8c0c02835: 17 internal nodes; 1.3 s; peak memory 927 MiB.
2026-10-09T11:58:22Z INFO [2448/5000] b71938be-b7b6-4226-b32d-0fe2e424268b: 27 internal nodes; 1.3 s; peak memory 927 MiB.
2026-10-09T11:58:26Z INFO [2449/5000] b7193b30-597e-4108-8c5d-8eaeaebe481b: 45 internal nodes; 3.4 s; peak memory 927 MiB.
2026-10-09T11:58:27Z INFO [2450/5000] b719520a-ec81-4562-998f-ca99c9715134: 31 internal nodes; 1.4 s; peak memory 927 MiB.
2026-10-09T11:58:28Z INFO [2450/5000] b719520a-ec81-4562-998f-ca99c9715134: checkpointed 135088 new records.
2026-10-09T11:58:30Z INFO [2451/5000] b719ccc8-fee3-44fc-a2f2-b7ae54ac96dc: 65 internal nodes; 1.8 s; peak memory 927 MiB.
2026-10-09T11:58:31Z INFO [2452/5000] b719ee10-174d-43d7-83b1-48a66010083f: 26 internal nodes; 1.6 s; peak memory 927 MiB.
2026-10-09T11:58:33Z INFO [2453/5000] b71a1584-134c-4670-b832-02c61b3fb347: 31 internal nodes; 1.4 s; peak memory 927 MiB.
2026-10-09T11:58:34Z INFO [2454/5000] b71a1b64-c163-4ac6-b926-bda573edad88: 17 internal nodes; 1.0 s; peak memory 927 MiB.
2026-10-09T11:58:40Z INFO [2455/5000] b71a7eb7-f597-47d9-8f2a-8bfab34ffb35: 177 internal nodes; 6.8 s; peak memory 927 MiB.
2026-10-09T11:58:42Z INFO [2456/5000] b71a7eba-42a2-4eeb-aa46-52a931f12a22: 22 internal nodes; 1.3 s; peak memory 927 MiB.
2026-10-09T11:58:43Z INFO [2457/5000] b71b03c5-3839-4cae-832a-7281fb8f62bf: 17 internal nodes; 1.0 s; peak memory 927 MiB.
2026-10-09T11:58:44Z INFO [2458/5000] b71c2d31-6a24-4304-afc7-53339ce32e7c: 13 internal nodes; 1.1 s; peak memory 927 MiB.
2026-10-09T11:58:45Z INFO [2459/5000] b71cfd68-8294-48a2-866a-5e7a9d0ff96b: 25 internal nodes; 1.4 s; peak memory 927 MiB.
2026-10-09T11:58:54Z INFO [2460/5000] b71d7649-1b3f-4998-b85f-477931b50bec: 177 internal nodes; 8.6 s; peak memory 927 MiB.
2026-10-09T11:58:55Z INFO [2461/5000] b71e1d91-dcf8-4dbe-9924-874ca3ca7198: 17 internal nodes; 1.1 s; peak memory 927 MiB.
2026-10-09T11:59:02Z INFO [2462/5000] b7200196-bb3e-4501-8b4b-e1884478f3e1: 169 internal nodes; 7.6 s; peak memory 927 MiB.
2026-10-09T11:59:04Z INFO [2463/5000] b720272d-fb44-4f26-b361-ec6f0bfbafbb: 58 internal nodes; 1.9 s; peak memory 927 MiB.
2026-10-09T11:59:06Z INFO [2464/5000] b721b40c-9a2d-4c51-91a5-808253af190b: 29 internal nodes; 1.6 s; peak memory 927 MiB.
2026-10-09T11:59:07Z INFO [2465/5000] b721b50c-0718-4ea3-8495-7b924f85e169: 19 internal nodes; 1.2 s; peak memory 927 MiB.
2026-10-09T11:59:08Z INFO [2466/5000] b72239db-2710-482c-9cc5-88a43f1f9110: 27 internal nodes; 1.3 s; peak memory 927 MiB.
2026-10-09T11:59:10Z INFO [2467/5000] b722c413-462e-4437-862c-3c534715a180: 58 internal nodes; 1.2 s; peak memory 927 MiB.
2026-10-09T11:59:11Z INFO [2468/5000] b722c48a-5087-4e0c-b75f-4fb61b810a6e: 15 internal nodes; 1.1 s; peak memory 927 MiB.
2026-10-09T11:59:12Z INFO [2469/5000] b722f5bf-84c0-44e0-ab4f-44c480813992: 61 internal nodes; 1.6 s; peak memory 927 MiB.
2026-10-09T11:59:14Z INFO [2470/5000] b723ac3a-1f23-4059-81b0-b1216b4fc72f: 27 internal nodes; 1.4 s; peak memory 927 MiB.
2026-10-09T11:59:15Z INFO [2471/5000] b7252b9b-918d-42f1-b8a8-afba4b3af2d8: 13 internal nodes; 1.0 s; peak memory 927 MiB.
2026-10-09T11:59:16Z INFO [2472/5000] b7256a22-95d1-4860-9e06-b1d0a21e2f9a: 120 internal nodes; 1.6 s; peak memory 927 MiB.
2026-10-09T11:59:24Z INFO [2473/5000] b725c2bc-8043-43d2-a88f-b497cab03280: 162 internal nodes; 7.6 s; peak memory 927 MiB.
2026-10-09T11:59:25Z INFO [2474/5000] b725c917-538a-4f8a-8de7-aed08b33ad91: 17 internal nodes; 1.0 s; peak memory 927 MiB.
2026-10-09T11:59:27Z INFO [2475/5000] b7261b91-2db7-4473-b0c7-df688506b612: 31 internal nodes; 2.0 s; peak memory 927 MiB.
2026-10-09T11:59:29Z INFO [2476/5000] b72622d6-cdbd-41c1-b3c1-cab60c87f2b6: 67 internal nodes; 1.7 s; peak memory 927 MiB.
2026-10-09T11:59:31Z INFO [2477/5000] b7265aeb-c474-415f-919b-18bb0fedfb3b: 53 internal nodes; 2.4 s; peak memory 927 MiB.
2026-10-09T11:59:32Z INFO [2478/5000] b726e6e3-62b4-41a2-b895-9568e57867c1: 27 internal nodes; 1.5 s; peak memory 927 MiB.
2026-10-09T11:59:35Z INFO [2479/5000] b7270237-66dc-403f-b6e0-c847b464a9a9: 44 internal nodes; 2.8 s; peak memory 927 MiB.
2026-10-09T11:59:37Z INFO [2480/5000] b7278049-f544-41e6-b677-6d47bcfbc4da: 19 internal nodes; 1.4 s; peak memory 927 MiB.
2026-10-09T11:59:38Z INFO [2481/5000] b727838c-54aa-48d9-a51c-98f46fbb94aa: 13 internal nodes; 0.9 s; peak memory 927 MiB.
2026-10-09T11:59:43Z INFO [2482/5000] b72786a9-e71f-4b63-b99f-0cb220485302: 136 internal nodes; 5.6 s; peak memory 927 MiB.
2026-10-09T11:59:45Z INFO [2483/5000] b72845ef-6a99-4006-b6de-1c0e37c1966c: 31 internal nodes; 1.4 s; peak memory 927 MiB.
2026-10-09T11:59:46Z INFO [2484/5000] b728ab9a-09c7-4284-a0b2-7c8fa22af984: 19 internal nodes; 1.0 s; peak memory 927 MiB.
2026-10-09T11:59:47Z INFO [2485/5000] b728bb94-a29d-424a-a1e9-cb9bb74c7ff1: 31 internal nodes; 1.8 s; peak memory 927 MiB.
2026-10-09T11:59:48Z INFO [2486/5000] b728e300-0b4a-4721-9fdf-2a8044e4f84c: 11 internal nodes; 0.7 s; peak memory 927 MiB.
2026-10-09T11:59:49Z INFO [2487/5000] b728fdb0-2d2b-4677-bcad-6b6bf9eaddb3: 13 internal nodes; 1.0 s; peak memory 927 MiB.
2026-10-09T11:59:50Z INFO [2488/5000] b72a4a0f-7836-454d-a7cd-c1511f9b1ab0: 34 internal nodes; 1.2 s; peak memory 927 MiB.
2026-10-09T11:59:53Z INFO [2489/5000] b72aa93b-25a5-4048-a1e6-7ed4b6ae8574: 42 internal nodes; 2.4 s; peak memory 927 MiB.
2026-10-09T11:59:53Z INFO [2490/5000] b72aaf7a-3c7d-4cbe-984c-631ea4899722: 26 internal nodes; 0.8 s; peak memory 927 MiB.
2026-10-09T11:59:55Z INFO [2491/5000] b72aee9f-a282-421e-8285-bae6bec74eaa: 61 internal nodes; 1.6 s; peak memory 927 MiB.
2026-10-09T11:59:56Z INFO [2492/5000] b72b745a-b279-4529-92fd-8207b17503c1: 27 internal nodes; 1.3 s; peak memory 927 MiB.
2026-10-09T11:59:58Z INFO [2493/5000] b72c8f1a-e0f7-4c82-91c6-c67b03eef547: 63 internal nodes; 1.6 s; peak memory 927 MiB.
2026-10-09T12:00:05Z INFO [2494/5000] b72cb435-0b46-4c7d-b724-9fde900385cf: 177 internal nodes; 6.7 s; peak memory 927 MiB.
2026-10-09T12:00:08Z INFO [2495/5000] b72dce14-17e3-49a0-a8a1-c437440d0918: 45 internal nodes; 3.8 s; peak memory 927 MiB.
2026-10-09T12:00:12Z INFO [2496/5000] b72e1eff-2548-44cf-8bf1-81fda591b549: 46 internal nodes; 3.6 s; peak memory 927 MiB.
2026-10-09T12:00:15Z INFO [2497/5000] b72f5023-8bcc-437c-adcc-2bffde5c94ee: 42 internal nodes; 2.9 s; peak memory 927 MiB.
2026-10-09T12:00:16Z INFO [2498/5000] b72f858d-8048-46d3-8094-387430bf37a1: 27 internal nodes; 1.4 s; peak memory 927 MiB.
2026-10-09T12:00:19Z INFO [2499/5000] b72fb1ff-2ff1-4ce8-af2d-9ba218d79cde: 44 internal nodes; 2.4 s; peak memory 927 MiB.
2026-10-09T12:00:20Z INFO [2500/5000] b72ff258-31cd-49e4-b638-fe148a93ce80: 27 internal nodes; 1.4 s; peak memory 927 MiB.
2026-10-09T12:00:21Z INFO [2500/5000] b72ff258-31cd-49e4-b638-fe148a93ce80: checkpointed 135138 new records.
2026-10-09T12:00:21Z INFO [2501/5000] b7308777-5c0b-403b-b655-06cc9d9128dd: 18 internal nodes; 1.0 s; peak memory 927 MiB.
2026-10-09T12:00:28Z INFO [2502/5000] b7319a12-d968-4795-a7ea-0fea01598384: 79 internal nodes; 6.8 s; peak memory 927 MiB.
2026-10-09T12:00:30Z INFO [2503/5000] b731b4c2-2275-4d5f-a5b2-62667efe295f: 31 internal nodes; 1.8 s; peak memory 927 MiB.
2026-10-09T12:00:31Z INFO [2504/5000] b73281cd-17c6-4e86-a9d9-7973173b5f6c: 17 internal nodes; 1.0 s; peak memory 927 MiB.
2026-10-09T12:01:52Z INFO [2505/5000] b7329e9b-f1f2-4a3e-b4e6-cc0abd959d6b: 2021 internal nodes; 81.1 s; peak memory 927 MiB.
2026-10-09T12:01:54Z INFO [2506/5000] b732cea8-dad0-4641-9335-c7aae0d893d4: 31 internal nodes; 1.8 s; peak memory 927 MiB.
2026-10-09T12:01:55Z INFO [2507/5000] b733ad4c-ab9d-41dc-a6cb-3b1c12e0e282: 27 internal nodes; 1.4 s; peak memory 927 MiB.
2026-10-09T12:01:57Z INFO [2508/5000] b734483a-d3db-4c90-9d47-deebee517121: 31 internal nodes; 1.8 s; peak memory 927 MiB.
2026-10-09T12:01:59Z INFO [2509/5000] b734f6c8-df90-439f-9760-ee798989bf1a: 95 internal nodes; 1.6 s; peak memory 927 MiB.
2026-10-09T12:02:01Z INFO [2510/5000] b7351865-8b3e-4084-bfcb-b8657e145816: 35 internal nodes; 1.6 s; peak memory 927 MiB.
2026-10-09T12:02:02Z INFO [2511/5000] b735a0ed-68e2-4181-8f1c-feff9cb62b63: 17 internal nodes; 1.0 s; peak memory 927 MiB.
2026-10-09T12:02:03Z INFO [2512/5000] b735c315-ab1e-40d4-9dfa-6f4f81245812: 24 internal nodes; 1.8 s; peak memory 927 MiB.
2026-10-09T12:02:06Z INFO [2513/5000] b73672cb-040a-4b23-9e75-28f40c0836e5: 67 internal nodes; 3.0 s; peak memory 927 MiB.
2026-10-09T12:02:07Z INFO [2514/5000] b737a251-2c7f-44d9-bf2a-882dd77ef305: 17 internal nodes; 1.1 s; peak memory 927 MiB.
2026-10-09T12:02:09Z INFO [2515/5000] b73830c7-14e7-4cbb-8cf7-de47baf9d0f1: 54 internal nodes; 1.7 s; peak memory 927 MiB.
2026-10-09T12:02:12Z INFO [2516/5000] b7389509-13f5-465d-a58a-c911b17c83bb: 44 internal nodes; 3.1 s; peak memory 927 MiB.
2026-10-09T12:02:15Z INFO [2517/5000] b738c1b1-3892-4f14-8489-16da953626fe: 44 internal nodes; 3.1 s; peak memory 927 MiB.
2026-10-09T12:02:21Z INFO [2518/5000] b738e146-e8b8-4732-9cf6-bf30459f16c9: 177 internal nodes; 6.0 s; peak memory 927 MiB.
2026-10-09T12:02:25Z INFO [2519/5000] b739090b-161d-4c32-ad16-16625e029b6b: 46 internal nodes; 3.9 s; peak memory 927 MiB.
2026-10-09T12:02:26Z INFO [2520/5000] b73943b9-7928-4e32-85cd-b0fc8a6eebba: 17 internal nodes; 1.1 s; peak memory 927 MiB.
2026-10-09T12:02:28Z INFO [2521/5000] b739e01c-c251-4a5b-9bc5-fb7bdb084ba1: 31 internal nodes; 1.9 s; peak memory 927 MiB.
2026-10-09T12:02:29Z INFO [2522/5000] b73a3442-28e8-4eba-ab5a-a58e8a5cc5c7: 26 internal nodes; 0.9 s; peak memory 927 MiB.
2026-10-09T12:02:30Z INFO [2523/5000] b73b66b8-07ed-4115-8ffd-7b7770f10e89: 17 internal nodes; 1.2 s; peak memory 927 MiB.
2026-10-09T12:02:32Z INFO [2524/5000] b73ba555-8e8e-4289-909e-1820372d532c: 27 internal nodes; 1.3 s; peak memory 927 MiB.
2026-10-09T12:02:33Z INFO [2525/5000] b73bd93f-d624-4e3a-b967-13d9f84ab087: 55 internal nodes; 1.5 s; peak memory 927 MiB.
2026-10-09T12:02:35Z INFO [2526/5000] b73c67ee-e35f-4c2a-a24c-45fa2d07da5a: 26 internal nodes; 1.5 s; peak memory 927 MiB.
2026-10-09T12:02:36Z INFO [2527/5000] b73cfe84-a35c-45da-84f0-37c5d49698f5: 29 internal nodes; 1.6 s; peak memory 927 MiB.
2026-10-09T12:02:38Z INFO [2528/5000] b73e3fd5-2daf-4d18-923c-8dd18d8a4d8c: 31 internal nodes; 1.7 s; peak memory 927 MiB.
2026-10-09T12:02:53Z INFO [2529/5000] b73ea25b-35a1-4b93-bad2-b2a67667f2fd: 379 internal nodes; 15.0 s; peak memory 927 MiB.
2026-10-09T12:02:55Z INFO [2530/5000] b73f7ac1-f7cd-4b9b-ae95-031a598d4989: 44 internal nodes; 2.5 s; peak memory 927 MiB.
2026-10-09T12:02:56Z INFO [2531/5000] b73fa8e4-ce80-4694-8566-45125cadfa50: 17 internal nodes; 1.2 s; peak memory 927 MiB.
2026-10-09T12:02:58Z INFO [2532/5000] b73fada1-8142-4fb6-bc04-d10eba5f4f51: 29 internal nodes; 1.5 s; peak memory 927 MiB.
2026-10-09T12:02:59Z INFO [2533/5000] b73fc93f-7a53-4c92-8828-8b6b8c1c303a: 30 internal nodes; 1.4 s; peak memory 927 MiB.
2026-10-09T12:03:05Z INFO [2534/5000] b73fc9f4-b004-4805-a41b-be9cdb3c52b5: 130 internal nodes; 5.6 s; peak memory 927 MiB.
2026-10-09T12:03:06Z INFO [2535/5000] b73ff816-8068-45f5-a053-e30180a4fde3: 31 internal nodes; 1.1 s; peak memory 927 MiB.
2026-10-09T12:03:07Z INFO [2536/5000] b7418197-4aca-4030-ae48-01a88c43c2c9: 17 internal nodes; 1.0 s; peak memory 927 MiB.
2026-10-09T12:03:08Z INFO [2537/5000] b7418b2b-d2c1-4b06-abd0-c8c1d5fc1975: 23 internal nodes; 1.2 s; peak memory 927 MiB.
2026-10-09T12:03:10Z INFO [2538/5000] b741c5ff-aa9a-4f9f-a4d2-9786ae8c346b: 27 internal nodes; 1.4 s; peak memory 927 MiB.
2026-10-09T12:03:11Z INFO [2539/5000] b7429b3c-195e-402a-b5b6-aab5b1409af8: 27 internal nodes; 1.4 s; peak memory 927 MiB.
2026-10-09T12:03:12Z INFO [2540/5000] b742d5a8-1ea1-449a-a60e-5aab7a3d7757: 119 internal nodes; 1.5 s; peak memory 927 MiB.
2026-10-09T12:03:16Z INFO [2541/5000] b742ea42-49eb-4983-9006-b10c8147fd95: 27 internal nodes; 3.1 s; peak memory 927 MiB.
2026-10-09T12:03:17Z INFO [2542/5000] b7454ac3-64c7-4f05-9c6c-483e50931310: 13 internal nodes; 1.2 s; peak memory 927 MiB.
2026-10-09T12:03:18Z INFO [2543/5000] b746a028-0ffe-4f2a-ae5a-c6f01d8a6dc9: 17 internal nodes; 1.0 s; peak memory 927 MiB.
2026-10-09T12:03:19Z INFO [2544/5000] b746acb4-b4d6-4e93-9a11-eb947bbaed00: 27 internal nodes; 1.4 s; peak memory 927 MiB.
2026-10-09T12:03:21Z INFO [2545/5000] b746d8b6-d9e0-447d-8e31-6ef197615462: 27 internal nodes; 1.4 s; peak memory 927 MiB.
2026-10-09T12:03:22Z INFO [2546/5000] b746ff82-670a-4f91-8679-0096e49048b9: 27 internal nodes; 1.3 s; peak memory 927 MiB.
2026-10-09T12:03:28Z INFO [2547/5000] b7472164-0467-4a05-9481-af2b581281c4: 126 internal nodes; 6.2 s; peak memory 927 MiB.
2026-10-09T12:03:30Z INFO [2548/5000] b7478187-6bb5-4e4b-b8bd-495bfe73cc1c: 31 internal nodes; 2.2 s; peak memory 927 MiB.
2026-10-09T12:03:32Z INFO [2549/5000] b748346d-557a-4622-a3f2-b631591d486b: 29 internal nodes; 1.6 s; peak memory 927 MiB.
2026-10-09T12:03:34Z INFO [2550/5000] b7485c1b-4b36-41a0-b06c-1b3929c3ea2c: 27 internal nodes; 2.3 s; peak memory 927 MiB.
2026-10-09T12:03:35Z INFO [2550/5000] b7485c1b-4b36-41a0-b06c-1b3929c3ea2c: checkpointed 135188 new records.
2026-10-09T12:03:38Z INFO [2551/5000] b748725c-f624-4e6a-9c52-7e80a18480b8: 45 internal nodes; 3.7 s; peak memory 927 MiB.
2026-10-09T12:03:47Z INFO [2552/5000] b7487b62-ef43-4db6-9440-264b74d5a193: 48 internal nodes; 8.9 s; peak memory 927 MiB.
2026-10-09T12:03:48Z INFO [2553/5000] b748c29b-a40d-40aa-9ad8-125fa9adfd32: 17 internal nodes; 0.9 s; peak memory 927 MiB.
2026-10-09T12:03:50Z INFO [2554/5000] b749b414-31a0-4744-8dab-cd8c4507d086: 59 internal nodes; 2.0 s; peak memory 927 MiB.
2026-10-09T12:03:53Z INFO [2555/5000] b74a70b5-84bd-4cdd-8061-689130ff5905: 44 internal nodes; 2.5 s; peak memory 927 MiB.
2026-10-09T12:03:54Z INFO [2556/5000] b74a9023-a74d-48a6-972c-254978b40f5a: 53 internal nodes; 1.7 s; peak memory 927 MiB.
2026-10-09T12:03:56Z INFO [2557/5000] b74acdac-80fb-44a4-a285-75eaab5b03b3: 27 internal nodes; 1.3 s; peak memory 927 MiB.
2026-10-09T12:03:57Z INFO [2558/5000] b74b5782-8baf-4ee2-aa4c-0729100531ef: 13 internal nodes; 1.1 s; peak memory 927 MiB.
2026-10-09T12:03:57Z INFO [2559/5000] b74c1b56-c225-48ab-aace-21488f0afec3: 23 internal nodes; 0.8 s; peak memory 927 MiB.
2026-10-09T12:04:00Z INFO [2560/5000] b74cabda-22e4-4a92-908a-ae8efbe81d99: 44 internal nodes; 2.8 s; peak memory 927 MiB.
2026-10-09T12:04:01Z INFO [2561/5000] b74d3a97-7442-46f7-85f9-d03b0802b24f: 13 internal nodes; 1.0 s; peak memory 927 MiB.
2026-10-09T12:04:02Z INFO [2562/5000] b74d8d88-76c5-4144-9e6a-cbeddeeadd90: 17 internal nodes; 1.1 s; peak memory 927 MiB.
2026-10-09T12:04:04Z INFO [2563/5000] b74d99a7-d456-42ef-bf79-2af93d57c894: 27 internal nodes; 1.4 s; peak memory 927 MiB.
2026-10-09T12:04:05Z INFO [2564/5000] b74d9d52-27c9-460c-995a-32ca870c3646: 27 internal nodes; 1.4 s; peak memory 927 MiB.
2026-10-09T12:04:06Z INFO [2565/5000] b74de7ae-bbbc-4f86-9f9c-bf7d3dc3481b: 17 internal nodes; 1.1 s; peak memory 927 MiB.
2026-10-09T12:04:08Z INFO [2566/5000] b74e2782-6bfa-4dfb-aa96-74cb23527e10: 27 internal nodes; 1.6 s; peak memory 927 MiB.
2026-10-09T12:04:09Z INFO [2567/5000] b74e5fe2-41eb-4bcd-8980-2f33a2d1c189: 17 internal nodes; 1.0 s; peak memory 927 MiB.
2026-10-09T12:04:10Z INFO [2568/5000] b74e608e-0a00-4e07-ba39-ef72ad2e8d26: 17 internal nodes; 1.1 s; peak memory 927 MiB.
2026-10-09T12:04:11Z INFO [2569/5000] b74eaf43-f4b0-42af-8486-2283c7ba27d3: 27 internal nodes; 1.4 s; peak memory 927 MiB.
2026-10-09T12:04:13Z INFO [2570/5000] b74ec84d-8f18-4b0e-ab11-7da99e644fef: 29 internal nodes; 1.8 s; peak memory 927 MiB.
2026-10-09T12:04:15Z INFO [2571/5000] b74ef5fb-7221-42e6-8785-2f010da191bb: 61 internal nodes; 1.6 s; peak memory 927 MiB.
2026-10-09T12:04:33Z INFO [2572/5000] b74f01e1-2363-48d0-90db-d887cc34470f: 137 internal nodes; 18.4 s; peak memory 927 MiB.
2026-10-09T12:04:34Z INFO [2573/5000] b74f6a25-5260-45f3-8f9b-64e7a64995ce: 19 internal nodes; 1.1 s; peak memory 927 MiB.
2026-10-09T12:04:36Z INFO [2574/5000] b74ff6ee-a352-43df-8b69-c57dfdf0be28: 27 internal nodes; 1.4 s; peak memory 927 MiB.
2026-10-09T12:04:37Z INFO [2575/5000] b75088f0-67b1-4a0e-9d1a-ba73539955f4: 31 internal nodes; 1.6 s; peak memory 927 MiB.
2026-10-09T12:04:38Z INFO [2576/5000] b75211d4-9d41-4f0e-9496-0ec928a1b895: 27 internal nodes; 0.9 s; peak memory 927 MiB.
2026-10-09T12:04:40Z INFO [2577/5000] b752a78b-ad9b-4f85-ac87-038dad9714b3: 27 internal nodes; 1.3 s; peak memory 927 MiB.
2026-10-09T12:04:43Z INFO [2578/5000] b752d1ae-ce84-44c0-ab87-8b25acc45d6d: 46 internal nodes; 3.5 s; peak memory 927 MiB.
2026-10-09T12:04:45Z INFO [2579/5000] b75304fe-6a35-4e0b-8912-9b352cb2ef51: 25 internal nodes; 1.9 s; peak memory 927 MiB.
2026-10-09T12:04:53Z INFO [2580/5000] b753cd84-3e90-47dd-883f-ed7dee99512e: 73 internal nodes; 7.5 s; peak memory 927 MiB.
2026-10-09T12:04:53Z INFO [2581/5000] b754073a-18e5-46db-8e8b-cbd596a25712: 23 internal nodes; 0.9 s; peak memory 927 MiB.
2026-10-09T12:04:56Z INFO [2582/5000] b754869a-261a-4ffd-ba1c-f8b01cc6fb91: 45 internal nodes; 3.1 s; peak memory 927 MiB.
2026-10-09T12:05:02Z INFO [2583/5000] b755a4fc-094f-4eb8-8002-b4bff03cd93f: 73 internal nodes; 6.0 s; peak memory 927 MiB.
2026-10-09T12:05:04Z INFO [2584/5000] b7560b81-67f3-4388-ba07-454672109d5b: 28 internal nodes; 1.3 s; peak memory 927 MiB.
2026-10-09T12:05:09Z INFO [2585/5000] b7569a1e-825a-4df8-b82f-db6b5b915463: 73 internal nodes; 5.3 s; peak memory 927 MiB.
2026-10-09T12:05:10Z INFO [2586/5000] b756aa8e-0f66-4830-89f3-d0941c6975ee: 19 internal nodes; 1.3 s; peak memory 927 MiB.
2026-10-09T12:05:12Z INFO [2587/5000] b7579923-1deb-417d-b054-8e1c540dab55: 31 internal nodes; 1.8 s; peak memory 927 MiB.
2026-10-09T12:05:13Z INFO [2588/5000] b7582ea6-7226-4be9-b616-7c45eb2904ab: 13 internal nodes; 0.9 s; peak memory 927 MiB.
2026-10-09T12:05:15Z INFO [2589/5000] b75913ee-96b2-4305-ac4e-af093705c4eb: 26 internal nodes; 1.7 s; peak memory 927 MiB.
2026-10-09T12:05:16Z INFO [2590/5000] b75a3148-f58b-4595-b499-f30e577f60d1: 25 internal nodes; 1.5 s; peak memory 927 MiB.
2026-10-09T12:05:18Z INFO [2591/5000] b75a4482-12e8-4847-b247-34784a024abc: 27 internal nodes; 1.6 s; peak memory 927 MiB.
2026-10-09T12:05:25Z INFO [2592/5000] b75bec43-a9da-43c2-8eb5-341d76600cca: 54 internal nodes; 6.8 s; peak memory 927 MiB.
2026-10-09T12:05:26Z INFO [2593/5000] b75c6f6f-b134-4e3a-914b-3a7fa3403cc8: 18 internal nodes; 1.3 s; peak memory 927 MiB.
2026-10-09T12:05:27Z INFO [2594/5000] b75cf40f-6a8c-4685-a25b-d4ae6595b21d: 22 internal nodes; 1.4 s; peak memory 927 MiB.
2026-10-09T12:05:29Z INFO [2595/5000] b75dbf9e-4f0c-4d28-b8a7-89693ea4d223: 37 internal nodes; 1.9 s; peak memory 927 MiB.
2026-10-09T12:05:31Z INFO [2596/5000] b75e2578-9e50-4217-a682-cfee6abce4f7: 54 internal nodes; 2.0 s; peak memory 927 MiB.
2026-10-09T12:05:38Z INFO [2597/5000] b75e3046-61df-4ead-aaed-12b5d65d445a: 177 internal nodes; 7.1 s; peak memory 927 MiB.
2026-10-09T12:05:43Z INFO [2598/5000] b75e7d0e-c688-43ac-a414-d9c526ff5f83: 77 internal nodes; 4.2 s; peak memory 927 MiB.
2026-10-09T12:05:43Z INFO [2599/5000] b75ebbf4-dfa0-423b-b31e-073aaa4ae314: 6 internal nodes; 0.8 s; peak memory 927 MiB.
2026-10-09T12:05:45Z INFO [2600/5000] b75ed1eb-9501-4b4f-91c1-4726fa148cc4: 31 internal nodes; 1.8 s; peak memory 928 MiB.
2026-10-09T12:05:46Z INFO [2600/5000] b75ed1eb-9501-4b4f-91c1-4726fa148cc4: checkpointed 135238 new records.
2026-10-09T12:05:47Z INFO [2601/5000] b75ed529-2386-4b72-a5d1-4694e1ed6969: 13 internal nodes; 0.9 s; peak memory 928 MiB.
2026-10-09T12:05:48Z INFO [2602/5000] b75f4472-44d3-43c4-9b51-8bc457cb6d1a: 13 internal nodes; 0.9 s; peak memory 928 MiB.
2026-10-09T12:05:54Z INFO [2603/5000] b75f5be6-d235-4e4b-bfec-250e0d9cd9e0: 73 internal nodes; 5.9 s; peak memory 928 MiB.
2026-10-09T12:05:55Z INFO [2604/5000] b7600516-5e49-4fae-8780-1d9cb305a7f0: 63 internal nodes; 1.5 s; peak memory 928 MiB.
2026-10-09T12:05:56Z INFO [2605/5000] b7600cf2-657a-409b-85ca-6334df548110: 17 internal nodes; 1.1 s; peak memory 928 MiB.
2026-10-09T12:05:58Z INFO [2606/5000] b7600d1e-a93a-4275-8db2-898234210e6e: 31 internal nodes; 1.8 s; peak memory 928 MiB.
2026-10-09T12:05:59Z INFO [2607/5000] b7605ba4-0cb3-4e98-b941-b31760b6bc4c: 13 internal nodes; 1.3 s; peak memory 928 MiB.
2026-10-09T12:06:00Z INFO [2608/5000] b76147c2-3a8a-49d4-b7a0-df36ebd6a556: 11 internal nodes; 0.7 s; peak memory 928 MiB.
2026-10-09T12:06:01Z INFO [2609/5000] b761cba6-a4e6-4b25-9136-3935d5af83d9: 17 internal nodes; 1.2 s; peak memory 928 MiB.
2026-10-09T12:06:03Z INFO [2610/5000] b763ac32-9705-4be6-b2d5-6a364ad5b3ff: 58 internal nodes; 2.2 s; peak memory 928 MiB.
2026-10-09T12:06:05Z INFO [2611/5000] b763f217-0cac-40f9-b318-3ba37223129e: 31 internal nodes; 1.7 s; peak memory 928 MiB.
2026-10-09T12:06:07Z INFO [2612/5000] b764e694-6c28-4ce7-8f82-6750760fbd6a: 63 internal nodes; 1.6 s; peak memory 928 MiB.
2026-10-09T12:06:17Z INFO [2613/5000] b766654f-db9c-4cc9-a797-816a62b2210b: 267 internal nodes; 10.1 s; peak memory 928 MiB.
2026-10-09T12:06:19Z INFO [2614/5000] b766bd77-2ac5-4fba-b3f4-12ee7fae64fa: 58 internal nodes; 2.0 s; peak memory 928 MiB.
2026-10-09T12:06:20Z INFO [2615/5000] b766f873-3de5-448e-ba22-5619a6e2db09: 17 internal nodes; 1.2 s; peak memory 928 MiB.
2026-10-09T12:06:21Z INFO [2616/5000] b7670035-6759-45fc-9469-9f661cdc3db7: 22 internal nodes; 1.6 s; peak memory 928 MiB.
2026-10-09T12:06:22Z INFO [2617/5000] b7671de2-c1a6-4fb1-a0d9-d3bc9adf09ba: 17 internal nodes; 1.0 s; peak memory 928 MiB.
2026-10-09T12:06:24Z INFO [2618/5000] b7674f67-ab6b-48c9-8248-749113cc5b2d: 17 internal nodes; 1.1 s; peak memory 928 MiB.
2026-10-09T12:06:25Z INFO [2619/5000] b767b9cc-849c-4cac-b9f1-9d54a486e809: 18 internal nodes; 1.5 s; peak memory 928 MiB.
2026-10-09T12:06:26Z INFO [2620/5000] b7685f70-ce92-468a-9a5b-8b3b190a8faf: 19 internal nodes; 1.0 s; peak memory 928 MiB.
2026-10-09T12:06:27Z INFO [2621/5000] b7689078-3a7f-4ca7-9ff9-77f82764ff2f: 17 internal nodes; 1.0 s; peak memory 928 MiB.
2026-10-09T12:06:29Z INFO [2622/5000] b7694cb5-8bc5-449c-99cd-2fd6b1db1f08: 63 internal nodes; 2.4 s; peak memory 928 MiB.
2026-10-09T12:06:30Z INFO [2623/5000] b769732c-1f1c-434c-8c80-b06ae086d892: 26 internal nodes; 0.9 s; peak memory 928 MiB.
2026-10-09T12:06:31Z INFO [2624/5000] b769f296-a1c4-4cae-9937-f489b65758ef: 17 internal nodes; 1.1 s; peak memory 928 MiB.
2026-10-09T12:06:42Z INFO [2625/5000] b76aa221-ea01-49c0-8dff-2c8cbd9ad14f: 87 internal nodes; 10.6 s; peak memory 928 MiB.
2026-10-09T12:06:43Z INFO [2626/5000] b76b8201-cd08-4585-b22d-40f0d127e54e: 20 internal nodes; 1.1 s; peak memory 928 MiB.
2026-10-09T12:06:45Z INFO [2627/5000] b76cac09-d50a-41f0-a39a-c3c1ba1c5d8a: 27 internal nodes; 1.5 s; peak memory 928 MiB.
2026-10-09T12:06:47Z INFO [2628/5000] b76ce8d0-e0b1-42e1-b504-92e62032417d: 31 internal nodes; 1.9 s; peak memory 928 MiB.
2026-10-09T12:06:48Z INFO [2629/5000] b76d2dc6-1566-4821-8743-d9378bcd2674: 90 internal nodes; 1.4 s; peak memory 928 MiB.
2026-10-09T12:06:50Z INFO [2630/5000] b76dfffa-3f6a-440f-9c99-3918ce059a6f: 30 internal nodes; 1.6 s; peak memory 928 MiB.
2026-10-09T12:06:51Z INFO [2631/5000] b76e69ea-6f26-4b35-88df-ece164351025: 17 internal nodes; 1.2 s; peak memory 928 MiB.
2026-10-09T12:06:52Z INFO [2632/5000] b76e84e5-c722-43e6-9c45-9165c8e9d57c: 17 internal nodes; 1.2 s; peak memory 928 MiB.
2026-10-09T12:06:53Z INFO [2633/5000] b76ec512-9c98-4bdf-b258-dfdcdca45450: 11 internal nodes; 0.9 s; peak memory 928 MiB.
2026-10-09T12:07:01Z INFO [2634/5000] b76f2bfb-91fa-4542-aed8-eea6d0e38d19: 177 internal nodes; 7.9 s; peak memory 928 MiB.
2026-10-09T12:07:03Z INFO [2635/5000] b76f306d-c72a-4b35-9cb5-986542a409a2: 53 internal nodes; 2.7 s; peak memory 928 MiB.
2026-10-09T12:07:07Z INFO [2636/5000] b76f3d79-d15f-44e1-8cf3-5b2c1abc62b3: 46 internal nodes; 3.4 s; peak memory 928 MiB.
2026-10-09T12:07:08Z INFO [2637/5000] b77012f9-e2e5-4d54-a00f-1b935d656bf6: 17 internal nodes; 1.1 s; peak memory 928 MiB.
2026-10-09T12:07:20Z INFO [2638/5000] b7704885-e6e3-403d-8574-8f98efe1e7db: 247 internal nodes; 12.3 s; peak memory 928 MiB.
2026-10-09T12:07:21Z INFO [2639/5000] b770b359-9f8f-4d15-bb9c-62c8acf1fad5: 19 internal nodes; 1.2 s; peak memory 928 MiB.
2026-10-09T12:07:22Z INFO [2640/5000] b771040b-0673-4f4e-bc40-8cc747c515d7: 17 internal nodes; 0.8 s; peak memory 928 MiB.
2026-10-09T12:07:24Z INFO [2641/5000] b771b2ed-ff82-48b8-a47e-9094f037154a: 61 internal nodes; 2.1 s; peak memory 928 MiB.
2026-10-09T12:07:35Z INFO [2642/5000] b771e3d8-bf75-44e0-9a36-12f693a8f7c7: 80 internal nodes; 10.3 s; peak memory 928 MiB.
2026-10-09T12:07:36Z INFO [2643/5000] b771f10d-f028-4f01-9f58-c9b6be9f1707: 28 internal nodes; 1.1 s; peak memory 928 MiB.
2026-10-09T12:08:25Z INFO [2644/5000] b7721fcf-5d0a-44e7-9745-56f92f4f5ed2: 354 internal nodes; 49.0 s; peak memory 928 MiB.
2026-10-09T12:08:26Z INFO [2645/5000] b772e943-3a69-4121-8586-060386b1a32c: 17 internal nodes; 1.3 s; peak memory 928 MiB.
2026-10-09T12:08:28Z INFO [2646/5000] b773268f-7540-4c7b-8a1f-0c4d36d9fb7f: 90 internal nodes; 1.6 s; peak memory 928 MiB.
2026-10-09T12:08:29Z INFO [2647/5000] b7741162-ae0a-4ca6-9295-41f17ad0649e: 17 internal nodes; 1.1 s; peak memory 928 MiB.
2026-10-09T12:08:30Z INFO [2648/5000] b7752a06-a676-4d98-b24f-23e1aa76f9e4: 17 internal nodes; 1.1 s; peak memory 928 MiB.
2026-10-09T12:08:32Z INFO [2649/5000] b7767f29-acaa-4988-98ac-46971666cc3c: 31 internal nodes; 2.0 s; peak memory 928 MiB.
2026-10-09T12:08:33Z INFO [2650/5000] b776e06d-85ab-43d9-bd87-b6e838919472: 17 internal nodes; 1.3 s; peak memory 928 MiB.
2026-10-09T12:08:34Z INFO [2650/5000] b776e06d-85ab-43d9-bd87-b6e838919472: checkpointed 135288 new records.
2026-10-09T12:08:37Z INFO [2651/5000] b777471d-722e-4116-bd12-e5fe53962e89: 46 internal nodes; 3.5 s; peak memory 928 MiB.
2026-10-09T12:08:39Z INFO [2652/5000] b777a67d-0e6d-410b-957f-ef644238453c: 61 internal nodes; 1.7 s; peak memory 928 MiB.
2026-10-09T12:08:40Z INFO [2653/5000] b77803fc-619a-4054-8a76-087026c9fe08: 17 internal nodes; 1.1 s; peak memory 928 MiB.
2026-10-09T12:08:41Z INFO [2654/5000] b7795910-82be-4d43-9299-d94285d074cf: 29 internal nodes; 1.6 s; peak memory 928 MiB.
2026-10-09T12:08:43Z INFO [2655/5000] b77ac031-1d83-4ce6-a913-0b589ccf15e1: 34 internal nodes; 1.5 s; peak memory 928 MiB.
2026-10-09T12:08:46Z INFO [2656/5000] b77b590c-8fa6-470a-b078-9806f66a4276: 44 internal nodes; 3.2 s; peak memory 928 MiB.
2026-10-09T12:08:48Z INFO [2657/5000] b77c5908-f82f-48ff-a97c-dde87040f456: 91 internal nodes; 2.1 s; peak memory 928 MiB.
2026-10-09T12:08:49Z INFO [2658/5000] b77e57c2-52fb-45e8-adb9-1efa1e3c2bf9: 11 internal nodes; 1.0 s; peak memory 928 MiB.
2026-10-09T12:08:51Z INFO [2659/5000] b77e6e04-f625-4346-9407-cc25723a15ca: 28 internal nodes; 1.6 s; peak memory 928 MiB.
2026-10-09T12:09:47Z INFO [2660/5000] b77e7d91-451d-4420-b9a4-94f62191cb01: 3723 internal nodes; 56.1 s; peak memory 928 MiB.
2026-10-09T12:09:48Z INFO [2661/5000] b77e868f-fd88-4abf-b65c-071e03eb7f53: 20 internal nodes; 1.1 s; peak memory 928 MiB.
2026-10-09T12:09:49Z INFO [2662/5000] b77f2f59-f851-46bf-8125-7cc4f637c2a6: 60 internal nodes; 1.6 s; peak memory 928 MiB.
2026-10-09T12:09:51Z INFO [2663/5000] b7812651-b256-474d-a4a9-bc8b60f3571e: 13 internal nodes; 1.2 s; peak memory 928 MiB.
2026-10-09T12:10:03Z INFO [2664/5000] b7820d6f-502b-4e90-bb77-3e5975b56f3c: 263 internal nodes; 12.5 s; peak memory 928 MiB.
2026-10-09T12:10:05Z INFO [2665/5000] b7827fe2-1e29-458d-8d48-b329af89ef94: 31 internal nodes; 2.0 s; peak memory 928 MiB.
2026-10-09T12:10:06Z INFO [2666/5000] b782bf80-4f6e-414e-a253-c7cecfd006d7: 27 internal nodes; 1.3 s; peak memory 928 MiB.
2026-10-09T12:10:07Z INFO [2667/5000] b7833708-fb33-4a6b-9652-110a49cd33ee: 22 internal nodes; 1.0 s; peak memory 928 MiB.
2026-10-09T12:10:09Z INFO [2668/5000] b78445d6-21b3-45c5-bbdb-e115309b0ded: 31 internal nodes; 1.7 s; peak memory 928 MiB.
2026-10-09T12:10:11Z INFO [2669/5000] b784675e-985f-46f5-ac22-86967e1b1456: 27 internal nodes; 1.5 s; peak memory 928 MiB.
2026-10-09T12:10:11Z INFO [2670/5000] b784d087-165d-47ec-91c2-e463d7e52a3e: 19 internal nodes; 1.0 s; peak memory 928 MiB.
2026-10-09T12:10:13Z INFO [2671/5000] b785889b-0ba7-499b-b4e7-73bcc73ca31d: 31 internal nodes; 1.4 s; peak memory 928 MiB.
2026-10-09T12:10:19Z INFO [2672/5000] b7859d47-1333-4070-a346-f71621076394: 67 internal nodes; 6.3 s; peak memory 928 MiB.
2026-10-09T12:10:20Z INFO [2673/5000] b785d832-69da-48f1-b668-e5df9c4352fb: 17 internal nodes; 1.1 s; peak memory 928 MiB.
2026-10-09T12:10:21Z INFO [2674/5000] b785f884-67c1-4e13-95d5-dfe95b151e29: 19 internal nodes; 1.0 s; peak memory 928 MiB.
2026-10-09T12:10:23Z INFO [2675/5000] b787b180-1db0-4fb0-bf79-132f8d069955: 26 internal nodes; 1.7 s; peak memory 928 MiB.
2026-10-09T12:10:25Z INFO [2676/5000] b7880a29-ef74-48e4-b358-1f346775d63b: 66 internal nodes; 1.9 s; peak memory 928 MiB.
2026-10-09T12:10:26Z INFO [2677/5000] b788994f-48b5-4253-b75f-cdeefe7da104: 27 internal nodes; 1.5 s; peak memory 928 MiB.
2026-10-09T12:10:27Z INFO [2678/5000] b788d5e2-a1d0-4311-8f55-102a62270b28: 17 internal nodes; 1.0 s; peak memory 928 MiB.
2026-10-09T12:10:28Z INFO [2679/5000] b7893930-72ad-4a34-b8a9-a4d4ea8f16ec: 17 internal nodes; 1.1 s; peak memory 928 MiB.
2026-10-09T12:10:30Z INFO [2680/5000] b7897e95-1516-4dd4-895b-e20624a4da5b: 83 internal nodes; 1.8 s; peak memory 928 MiB.
2026-10-09T12:10:38Z INFO [2681/5000] b7899d1e-54f9-4bea-abcc-84817054eee5: 137 internal nodes; 7.5 s; peak memory 928 MiB.
2026-10-09T12:10:39Z INFO [2682/5000] b789c943-31f7-450f-98f2-e906c08192df: 59 internal nodes; 1.4 s; peak memory 928 MiB.
2026-10-09T12:10:54Z INFO [2683/5000] b78b12fa-6eac-4f7f-8876-ed1cf6fba80d: 64 internal nodes; 14.6 s; peak memory 928 MiB.
2026-10-09T12:10:55Z INFO [2684/5000] b78b1ace-96ac-4ae9-9cbe-295cb397ea61: 17 internal nodes; 1.1 s; peak memory 928 MiB.
2026-10-09T12:11:04Z INFO [2685/5000] b78b4b10-43fa-4092-a0df-65495b3bd3e8: 223 internal nodes; 9.5 s; peak memory 928 MiB.
2026-10-09T12:11:06Z INFO [2686/5000] b78bfdf5-da91-45a0-8cc4-16da10e02421: 61 internal nodes; 1.5 s; peak memory 928 MiB.
2026-10-09T12:11:07Z INFO [2687/5000] b78c8572-8a69-4d08-98cd-42e72927548c: 27 internal nodes; 1.6 s; peak memory 928 MiB.
2026-10-09T12:11:10Z INFO [2688/5000] b78d59f4-4ce2-452f-b8d4-55f5399012f5: 29 internal nodes; 2.0 s; peak memory 928 MiB.
2026-10-09T12:11:12Z INFO [2689/5000] b78dbd66-e03a-4791-8750-52980ab8eebf: 42 internal nodes; 2.4 s; peak memory 928 MiB.
2026-10-09T12:11:18Z INFO [2690/5000] b7922f88-6211-4491-9eef-0081a729b767: 147 internal nodes; 6.1 s; peak memory 928 MiB.
2026-10-09T12:11:19Z INFO [2691/5000] b792a394-5baf-46c7-a664-76720f6a93c2: 17 internal nodes; 1.2 s; peak memory 928 MiB.
2026-10-09T12:11:21Z INFO [2692/5000] b79346b9-764c-4dbe-999a-a757e0fcc1fa: 29 internal nodes; 1.5 s; peak memory 928 MiB.
2026-10-09T12:11:22Z INFO [2693/5000] b7935924-424f-4339-a92e-95e7daf6ef9a: 26 internal nodes; 0.8 s; peak memory 928 MiB.
2026-10-09T12:11:28Z INFO [2694/5000] b7942c0d-ce0a-43b4-b5e8-2815c12486e8: 73 internal nodes; 6.0 s; peak memory 928 MiB.
2026-10-09T12:11:29Z INFO [2695/5000] b7964ae2-f19a-427e-bd94-33f0bc472bb8: 19 internal nodes; 1.2 s; peak memory 928 MiB.
2026-10-09T12:11:30Z INFO [2696/5000] b796b49f-c0db-4f63-9f3e-b43136fee5b0: 27 internal nodes; 1.6 s; peak memory 928 MiB.
2026-10-09T12:11:42Z INFO [2697/5000] b7978cde-d496-49c3-873f-59457ea12d26: 269 internal nodes; 11.7 s; peak memory 928 MiB.
2026-10-09T12:11:43Z INFO [2698/5000] b798f811-0776-4225-84ec-a8457ea251e7: 11 internal nodes; 0.9 s; peak memory 928 MiB.
2026-10-09T12:11:45Z INFO [2699/5000] b7993758-1b60-42bb-86d4-0a4ce206ab4a: 31 internal nodes; 1.7 s; peak memory 928 MiB.
2026-10-09T12:11:46Z INFO [2700/5000] b7998b14-dea7-4b8b-9015-926204ddc90c: 17 internal nodes; 0.9 s; peak memory 928 MiB.
2026-10-09T12:11:46Z INFO [2700/5000] b7998b14-dea7-4b8b-9015-926204ddc90c: checkpointed 135338 new records.
2026-10-09T12:11:47Z INFO [2701/5000] b79a2d71-fba5-43fe-a586-44f382f610a5: 13 internal nodes; 0.9 s; peak memory 928 MiB.
2026-10-09T12:11:49Z INFO [2702/5000] b79a7f05-0d1d-4e0c-8ec3-0f8985a56db5: 44 internal nodes; 2.5 s; peak memory 928 MiB.
2026-10-09T12:11:58Z INFO [2703/5000] b79a8e7b-821b-4353-8bd1-610c75210bae: 225 internal nodes; 8.1 s; peak memory 928 MiB.
2026-10-09T12:11:59Z INFO [2704/5000] b79aafe3-868b-4e3e-b2f2-ea0b5ba44f5f: 31 internal nodes; 1.6 s; peak memory 928 MiB.
2026-10-09T12:12:01Z INFO [2705/5000] b79abaaf-93b0-41b2-bea9-7244e921de4a: 63 internal nodes; 1.6 s; peak memory 928 MiB.
2026-10-09T12:12:02Z INFO [2706/5000] b79bd2c9-85c5-4974-90f9-c4f8b7d1d916: 13 internal nodes; 1.1 s; peak memory 928 MiB.
2026-10-09T12:12:10Z INFO [2707/5000] b79d20f4-9ae4-40bf-9e97-3dfdb13045f1: 171 internal nodes; 8.0 s; peak memory 928 MiB.
2026-10-09T12:12:11Z INFO [2708/5000] b79d3492-c816-48fe-9f38-d150c1e2b50a: 31 internal nodes; 1.4 s; peak memory 928 MiB.
2026-10-09T12:12:12Z INFO [2709/5000] b79dde9c-88b9-45f8-8b90-80dbf149b35d: 17 internal nodes; 1.2 s; peak memory 928 MiB.
2026-10-09T12:12:14Z INFO [2710/5000] b79dea0e-1836-4d5c-a116-f11ce5059b3a: 17 internal nodes; 1.2 s; peak memory 928 MiB.
2026-10-09T12:12:15Z INFO [2711/5000] b79e2105-7a03-4fac-9f73-9b03200e6e11: 17 internal nodes; 1.2 s; peak memory 928 MiB.
2026-10-09T12:12:29Z INFO [2712/5000] b79e4cf7-9fe3-4836-8177-79588e666966: 241 internal nodes; 14.2 s; peak memory 928 MiB.
2026-10-09T12:12:31Z INFO [2713/5000] b79eee7f-976b-4f7f-9b8a-4c9df3f16f0d: 60 internal nodes; 1.7 s; peak memory 928 MiB.
2026-10-09T12:12:32Z INFO [2714/5000] b79f0bd3-3e93-4327-ace7-be703565d0ce: 31 internal nodes; 1.4 s; peak memory 928 MiB.
2026-10-09T12:12:36Z INFO [2715/5000] b79f45ea-c671-4eed-8d09-fb00c6657a5a: 665 internal nodes; 3.9 s; peak memory 928 MiB.
2026-10-09T12:12:46Z INFO [2716/5000] b79f57b5-5242-4651-b19f-f76ff99e9181: 231 internal nodes; 9.7 s; peak memory 928 MiB.
2026-10-09T12:12:49Z INFO [2717/5000] b79fb896-8fd0-404e-b2f8-7549d0f71975: 44 internal nodes; 3.0 s; peak memory 928 MiB.
2026-10-09T12:12:50Z INFO [2718/5000] b79fdcfb-f540-4eb6-afc1-31686a2fb139: 11 internal nodes; 0.9 s; peak memory 928 MiB.
2026-10-09T12:12:58Z INFO [2719/5000] b79fe612-e726-47bf-8b99-13ad98030382: 62 internal nodes; 7.9 s; peak memory 928 MiB.
2026-10-09T12:12:59Z INFO [2720/5000] b7a1e8fb-e1a6-45a1-93ce-8b46d000e675: 17 internal nodes; 1.1 s; peak memory 928 MiB.
2026-10-09T12:13:00Z INFO [2721/5000] b7a404cd-550d-4c8a-a249-7a50e390b965: 22 internal nodes; 0.8 s; peak memory 928 MiB.
2026-10-09T12:13:07Z INFO [2722/5000] b7a41890-3354-4b9f-8342-af3d7a490878: 59 internal nodes; 7.4 s; peak memory 928 MiB.
2026-10-09T12:13:08Z INFO [2723/5000] b7a60a91-43d7-4aaf-ae9f-4908875454c7: 13 internal nodes; 1.3 s; peak memory 928 MiB.
2026-10-09T12:13:10Z INFO [2724/5000] b7a653f1-663d-4fb9-9c0b-21f78ccc17d2: 27 internal nodes; 1.4 s; peak memory 928 MiB.
2026-10-09T12:13:12Z INFO [2725/5000] b7a6d4c6-479f-4d96-b0fd-8f05c5ebc8ad: 42 internal nodes; 2.1 s; peak memory 928 MiB.
2026-10-09T12:13:14Z INFO [2726/5000] b7a8136a-e414-49a0-958a-21c2a355bfdd: 31 internal nodes; 1.9 s; peak memory 928 MiB.
2026-10-09T12:13:15Z INFO [2727/5000] b7a87734-c565-4d31-a781-7b62c178cc43: 17 internal nodes; 1.0 s; peak memory 928 MiB.
2026-10-09T12:13:16Z INFO [2728/5000] b7a88265-877b-4db9-b688-a8dc5dc71da1: 27 internal nodes; 1.6 s; peak memory 928 MiB.
2026-10-09T12:13:18Z INFO [2729/5000] b7a907ad-5c06-447d-ba83-43817db85eac: 29 internal nodes; 1.6 s; peak memory 928 MiB.
2026-10-09T12:13:20Z INFO [2730/5000] b7a91501-e339-46bc-8144-774dbdd20f47: 27 internal nodes; 2.2 s; peak memory 928 MiB.
2026-10-09T12:13:23Z INFO [2731/5000] b7aa5bbb-9a30-4f6d-9248-65923380eefa: 49 internal nodes; 2.8 s; peak memory 928 MiB.
2026-10-09T12:13:24Z INFO [2732/5000] b7aa8d78-410e-4239-8780-cdbeabe27fcb: 19 internal nodes; 1.2 s; peak memory 928 MiB.
2026-10-09T12:13:27Z INFO [2733/5000] b7ac1397-fe26-4d37-a68f-28b5f086998d: 59 internal nodes; 2.4 s; peak memory 928 MiB.
2026-10-09T12:13:29Z INFO [2734/5000] b7ad08b6-6382-4bc4-9970-ee0701321b5e: 72 internal nodes; 2.2 s; peak memory 928 MiB.
2026-10-09T12:13:30Z INFO [2735/5000] b7ad6304-e68f-4b5d-b8a4-0cc9deb64f3a: 27 internal nodes; 1.4 s; peak memory 928 MiB.
2026-10-09T12:13:31Z INFO [2736/5000] b7af48d1-ca08-4eb6-af4f-102f0c1b7a00: 17 internal nodes; 1.1 s; peak memory 928 MiB.
2026-10-09T12:13:34Z INFO [2737/5000] b7afd1e8-a149-47d9-9e4a-0237e47ecc14: 55 internal nodes; 2.3 s; peak memory 928 MiB.
2026-10-09T12:13:34Z INFO [2738/5000] b7aff8d0-d7fc-470e-bc8e-8737f3355880: 11 internal nodes; 0.9 s; peak memory 928 MiB.
2026-10-09T12:13:37Z INFO [2739/5000] b7b07cae-09e1-4b99-8b04-60bd50c3baab: 69 internal nodes; 2.5 s; peak memory 928 MiB.
2026-10-09T12:13:38Z INFO [2740/5000] b7b0a9a8-b53f-4cce-98d7-15cd104be374: 17 internal nodes; 1.2 s; peak memory 928 MiB.
2026-10-09T12:13:42Z INFO [2741/5000] b7b0bc96-9d6d-4205-bd9a-150f2c1d32e1: 46 internal nodes; 4.0 s; peak memory 928 MiB.
2026-10-09T12:13:44Z INFO [2742/5000] b7b0d22a-bdda-477a-a53f-18e5efccc8ca: 27 internal nodes; 1.4 s; peak memory 928 MiB.
2026-10-09T12:13:45Z INFO [2743/5000] b7b1f5c2-4dc0-4bb4-8016-9b1dd08ebd4c: 63 internal nodes; 1.8 s; peak memory 928 MiB.
2026-10-09T12:13:46Z INFO [2744/5000] b7b25adc-ae1f-48ad-b158-8ff10c8d0c47: 11 internal nodes; 1.2 s; peak memory 928 MiB.
2026-10-09T12:13:48Z INFO [2745/5000] b7b46cc1-da04-4eab-a048-828b7c462c49: 17 internal nodes; 1.5 s; peak memory 928 MiB.
2026-10-09T12:13:50Z INFO [2746/5000] b7b47088-b614-4071-96e0-203c37257afb: 30 internal nodes; 1.5 s; peak memory 928 MiB.
2026-10-09T12:13:50Z INFO [2747/5000] b7b4839b-58d6-4dc7-9127-d39a8d90611e: 27 internal nodes; 0.9 s; peak memory 928 MiB.
2026-10-09T12:13:56Z INFO [2748/5000] b7b5fabd-1313-4c80-813e-caa03ead744a: 47 internal nodes; 5.1 s; peak memory 928 MiB.
2026-10-09T12:13:57Z INFO [2749/5000] b7b60dbb-e5d3-4bbc-b093-fffc1bc1cfe2: 27 internal nodes; 1.4 s; peak memory 928 MiB.
2026-10-09T12:13:58Z INFO [2750/5000] b7b6120c-f85d-4239-a06e-f251e89386be: 19 internal nodes; 1.3 s; peak memory 928 MiB.
2026-10-09T12:13:59Z INFO [2750/5000] b7b6120c-f85d-4239-a06e-f251e89386be: checkpointed 135388 new records.
2026-10-09T12:14:01Z INFO [2751/5000] b7b63827-8a0b-4721-b9c0-7a8a242dd02e: 72 internal nodes; 2.2 s; peak memory 928 MiB.
2026-10-09T12:14:02Z INFO [2752/5000] b7b6bdb0-3a78-4dc9-94db-8d02c5e23b2b: 22 internal nodes; 1.4 s; peak memory 928 MiB.
2026-10-09T12:14:04Z INFO [2753/5000] b7b727ea-8fc7-4b5c-ac04-5936670ad820: 22 internal nodes; 1.4 s; peak memory 928 MiB.
2026-10-09T12:14:05Z INFO [2754/5000] b7b7e4c1-7293-47bb-a8e3-25dd4e26cdd2: 31 internal nodes; 1.5 s; peak memory 928 MiB.
2026-10-09T12:14:08Z INFO [2755/5000] b7b8a3fa-b6a0-46d5-905b-8f38eba0243c: 37 internal nodes; 2.2 s; peak memory 928 MiB.
2026-10-09T12:14:10Z INFO [2756/5000] b7b8fc67-a8ea-475a-a553-36d0b390aa4e: 91 internal nodes; 2.0 s; peak memory 928 MiB.
2026-10-09T12:14:11Z INFO [2757/5000] b7ba4a71-569d-498a-a817-afa10f87b892: 58 internal nodes; 1.1 s; peak memory 928 MiB.
2026-10-09T12:14:11Z INFO [2758/5000] b7baaf97-d924-47b3-a2ab-d248ecc7bc1c: 11 internal nodes; 0.8 s; peak memory 928 MiB.
2026-10-09T12:14:25Z INFO [2759/5000] b7bbd3bf-83a2-4b12-b483-bbdab7f7e6b1: 186 internal nodes; 13.3 s; peak memory 928 MiB.
2026-10-09T12:14:26Z INFO [2760/5000] b7bcd83f-798a-47ee-a65d-045cefe16c5c: 24 internal nodes; 1.8 s; peak memory 928 MiB.
2026-10-09T12:14:33Z INFO [2761/5000] b7bd9b9c-e55e-4895-ac4c-01c528ff6c9e: 127 internal nodes; 6.5 s; peak memory 928 MiB.
2026-10-09T12:14:34Z INFO [2762/5000] b7bded65-b8fb-48b6-b63f-3b3e3c282247: 13 internal nodes; 0.8 s; peak memory 928 MiB.
2026-10-09T12:14:35Z INFO [2763/5000] b7bdfaad-ea07-4be0-b0ec-b1de84a04e67: 31 internal nodes; 1.7 s; peak memory 928 MiB.
2026-10-09T12:14:36Z INFO [2764/5000] b7be323a-c0e8-4789-9b7e-19ce0c41d23e: 17 internal nodes; 1.0 s; peak memory 928 MiB.
2026-10-09T12:14:37Z INFO [2765/5000] b7be6848-51e5-4397-aa2a-819617fae64f: 18 internal nodes; 1.0 s; peak memory 928 MiB.
2026-10-09T12:14:50Z INFO [2766/5000] b7beeb3f-707a-4ca2-bc2a-0dea3aedd1e0: 183 internal nodes; 13.0 s; peak memory 928 MiB.
2026-10-09T12:14:52Z INFO [2767/5000] b7bf8999-8a74-4072-b362-9b9e1ac3f85f: 27 internal nodes; 1.5 s; peak memory 928 MiB.
2026-10-09T12:14:55Z INFO [2768/5000] b7bf89d4-1ded-41d5-ac04-551467fd3869: 46 internal nodes; 3.5 s; peak memory 928 MiB.
2026-10-09T12:14:57Z INFO [2769/5000] b7c00458-7c2d-4ab3-aa3d-57e67f38d128: 29 internal nodes; 1.6 s; peak memory 928 MiB.
2026-10-09T12:14:58Z INFO [2770/5000] b7c05160-f409-464b-8335-3ad371a287ee: 17 internal nodes; 1.0 s; peak memory 928 MiB.
2026-10-09T12:14:59Z INFO [2771/5000] b7c1b723-814f-4e58-a9f2-c9914781739b: 27 internal nodes; 0.8 s; peak memory 928 MiB.
2026-10-09T12:15:00Z INFO [2772/5000] b7c1ee17-00f7-4cfa-ad08-271d53b8ebb5: 27 internal nodes; 1.6 s; peak memory 928 MiB.
2026-10-09T12:15:01Z INFO [2773/5000] b7c25ec5-e5ac-4428-a071-662d2cc4f82c: 17 internal nodes; 1.1 s; peak memory 928 MiB.
2026-10-09T12:15:04Z INFO [2774/5000] b7c338c6-327a-47c1-9a07-f3fc224e0abf: 29 internal nodes; 2.3 s; peak memory 928 MiB.
2026-10-09T12:15:05Z INFO [2775/5000] b7c44120-b249-429f-a567-25cfca3fa335: 22 internal nodes; 1.1 s; peak memory 928 MiB.
2026-10-09T12:15:06Z INFO [2776/5000] b7c4b2f9-7ff9-4f4f-bbf4-ea5c41c3ca98: 11 internal nodes; 1.0 s; peak memory 928 MiB.
2026-10-09T12:15:09Z INFO [2777/5000] b7c4fe55-fcc1-4f27-ae6a-9cfac27bdc1b: 49 internal nodes; 3.6 s; peak memory 928 MiB.
2026-10-09T12:15:15Z INFO [2778/5000] b7c4ff2f-dfb5-4bbc-b539-15131a199262: 73 internal nodes; 5.7 s; peak memory 928 MiB.
2026-10-09T12:15:16Z INFO [2779/5000] b7c5031c-d707-48da-96eb-edffd1319260: 17 internal nodes; 1.2 s; peak memory 928 MiB.
2026-10-09T12:15:28Z INFO [2780/5000] b7c557e5-c4e1-42d9-8813-be287bfea9cf: 161 internal nodes; 11.8 s; peak memory 928 MiB.
2026-10-09T12:15:30Z INFO [2781/5000] b7c5a581-4862-406e-be24-2446b6714f90: 58 internal nodes; 1.7 s; peak memory 928 MiB.
2026-10-09T12:15:31Z INFO [2782/5000] b7c5bb9e-adfd-4b52-a57e-e98527cf8439: 38 internal nodes; 1.7 s; peak memory 928 MiB.
2026-10-09T12:15:33Z INFO [2783/5000] b7c5f084-b4b6-4dbb-95a2-f0acc502fc85: 27 internal nodes; 1.4 s; peak memory 928 MiB.
2026-10-09T12:15:34Z INFO [2784/5000] b7c6f902-2deb-42fd-8d32-c930c2c8707b: 90 internal nodes; 1.3 s; peak memory 928 MiB.
2026-10-09T12:15:41Z INFO [2785/5000] b7c78c3f-0de8-4133-93f4-eedf67d777dd: 84 internal nodes; 6.8 s; peak memory 928 MiB.
2026-10-09T12:15:44Z INFO [2786/5000] b7c860a3-0933-424c-8fea-fa42274bd81f: 66 internal nodes; 2.5 s; peak memory 928 MiB.
2026-10-09T12:15:50Z INFO [2787/5000] b7c8871a-b8ef-416b-a441-d56b53817379: 61 internal nodes; 6.6 s; peak memory 928 MiB.
2026-10-09T12:15:51Z INFO [2788/5000] b7c888e7-7f8a-4b57-954f-96412d3f81a4: 17 internal nodes; 1.2 s; peak memory 928 MiB.
2026-10-09T12:15:53Z INFO [2789/5000] b7c8f13d-1764-4278-9e64-a009222fa51d: 29 internal nodes; 1.3 s; peak memory 928 MiB.
2026-10-09T12:15:54Z INFO [2790/5000] b7c8f606-a960-43a4-b33b-800f0affb8c2: 17 internal nodes; 0.9 s; peak memory 928 MiB.
2026-10-09T12:15:55Z INFO [2791/5000] b7c9a898-fa45-4bcb-be1a-645262cb0ca0: 13 internal nodes; 0.9 s; peak memory 928 MiB.
2026-10-09T12:15:57Z INFO [2792/5000] b7c9ea22-a538-47cb-882e-5ce5dc92cb6f: 31 internal nodes; 2.2 s; peak memory 928 MiB.
2026-10-09T12:15:59Z INFO [2793/5000] b7ca32ec-800c-4c36-a5dd-1e91726d33e2: 29 internal nodes; 1.8 s; peak memory 928 MiB.
2026-10-09T12:16:11Z INFO [2794/5000] b7ca727d-1af1-4d4e-bada-409cbb648f82: 172 internal nodes; 12.1 s; peak memory 928 MiB.
2026-10-09T12:16:12Z INFO [2795/5000] b7cad977-b8b8-4b11-99f0-a6038e807dde: 17 internal nodes; 1.1 s; peak memory 928 MiB.
2026-10-09T12:16:13Z INFO [2796/5000] b7cc1dbb-e2b6-447b-85e5-17d32a48b1ab: 11 internal nodes; 0.8 s; peak memory 928 MiB.
2026-10-09T12:16:13Z INFO [2797/5000] b7cc528d-4feb-44ba-b6f7-3d3cb94a1165: 13 internal nodes; 0.8 s; peak memory 928 MiB.
2026-10-09T12:16:15Z INFO [2798/5000] b7ccde92-a307-412e-9622-f90794126be0: 66 internal nodes; 2.2 s; peak memory 928 MiB.
2026-10-09T12:16:17Z INFO [2799/5000] b7cce5c5-6606-4934-a295-1ccd985006c6: 30 internal nodes; 1.5 s; peak memory 928 MiB.
2026-10-09T12:16:18Z INFO [2800/5000] b7cce89e-6135-4d3c-aec5-2b2a6d109d3a: 27 internal nodes; 1.3 s; peak memory 928 MiB.
2026-10-09T12:16:19Z INFO [2800/5000] b7cce89e-6135-4d3c-aec5-2b2a6d109d3a: checkpointed 135438 new records.
2026-10-09T12:16:20Z INFO [2801/5000] b7cd24e2-b7d8-490c-b0ff-384f02109877: 17 internal nodes; 1.0 s; peak memory 928 MiB.
2026-10-09T12:16:26Z INFO [2802/5000] b7cd3e1b-a626-4f85-8883-b2bbf6cd68ee: 177 internal nodes; 6.0 s; peak memory 928 MiB.
2026-10-09T12:16:29Z INFO [2803/5000] b7cdad8f-e3a1-4124-8f79-936c1e41863e: 40 internal nodes; 3.1 s; peak memory 928 MiB.
2026-10-09T12:16:30Z INFO [2804/5000] b7cdcc95-8dc7-4f6c-aa57-4297ecea423c: 17 internal nodes; 1.1 s; peak memory 928 MiB.
2026-10-09T12:16:31Z INFO [2805/5000] b7cdf786-199d-4e5a-a565-e78bdfe4955f: 17 internal nodes; 1.1 s; peak memory 928 MiB.
2026-10-09T12:16:32Z INFO [2806/5000] b7ce384f-60d2-42d8-97c6-dc3912282e8b: 26 internal nodes; 1.2 s; peak memory 928 MiB.
2026-10-09T12:16:33Z INFO [2807/5000] b7ceffa7-3783-4b16-8e6b-6c67afe8e159: 17 internal nodes; 1.2 s; peak memory 928 MiB.
2026-10-09T12:16:34Z INFO [2808/5000] b7cf2090-4966-48cd-b9e1-85fd9aad60d9: 17 internal nodes; 1.0 s; peak memory 928 MiB.
2026-10-09T12:16:35Z INFO [2809/5000] b7cf4ab7-8e3a-4227-a85b-e5091844090e: 17 internal nodes; 1.1 s; peak memory 928 MiB.
2026-10-09T12:16:37Z INFO [2810/5000] b7d21e6c-1965-435a-9925-24193b6b3992: 11 internal nodes; 1.2 s; peak memory 928 MiB.
2026-10-09T12:16:38Z INFO [2811/5000] b7d2abe9-3d61-4032-a505-6d8750e3e88f: 18 internal nodes; 1.0 s; peak memory 928 MiB.
2026-10-09T12:16:39Z INFO [2812/5000] b7d2c23a-03e7-41c6-b11b-0dc8f1e534ea: 17 internal nodes; 1.1 s; peak memory 928 MiB.
2026-10-09T12:16:40Z INFO [2813/5000] b7d2cc59-b2cc-4b2d-a919-56b2b47d8bc9: 27 internal nodes; 1.4 s; peak memory 928 MiB.
2026-10-09T12:16:42Z INFO [2814/5000] b7d39d89-a0c2-43d1-87a3-663285db8e0a: 25 internal nodes; 1.6 s; peak memory 928 MiB.
2026-10-09T12:16:44Z INFO [2815/5000] b7d4ac36-6c25-4134-900c-723cb3dbf88d: 95 internal nodes; 1.8 s; peak memory 928 MiB.
2026-10-09T12:16:45Z INFO [2816/5000] b7d59ac5-9155-474a-aa9d-b2f48af7c006: 31 internal nodes; 1.5 s; peak memory 928 MiB.
2026-10-09T12:16:53Z INFO [2817/5000] b7d5e8f8-bfb7-4605-9fbf-753a3c61946a: 64 internal nodes; 8.5 s; peak memory 928 MiB.
2026-10-09T12:16:54Z INFO [2818/5000] b7d60507-b7b9-4848-8fa5-7273896c4b11: 11 internal nodes; 0.8 s; peak memory 928 MiB.
2026-10-09T12:17:25Z INFO [2819/5000] b7d6ce5d-3c03-4df0-b2b5-7eb7b2f62045: 1866 internal nodes; 31.1 s; peak memory 928 MiB.
2026-10-09T12:17:27Z INFO [2820/5000] b7d6eba7-cdbf-4875-9d12-ddcd3e9eb83a: 27 internal nodes; 1.4 s; peak memory 928 MiB.
2026-10-09T12:17:28Z INFO [2821/5000] b7d75ada-1701-44e9-b729-509faa26bb64: 11 internal nodes; 0.8 s; peak memory 928 MiB.
2026-10-09T12:17:29Z INFO [2822/5000] b7d76747-4bdf-4951-a17b-7f58890b59da: 29 internal nodes; 1.6 s; peak memory 928 MiB.
2026-10-09T12:17:32Z INFO [2823/5000] b7d779d3-8b08-4077-bcf7-8eea69ed7f7b: 60 internal nodes; 3.0 s; peak memory 928 MiB.
2026-10-09T12:17:35Z INFO [2824/5000] b7d7e131-bf3c-47e5-b6b1-0bf62e660b42: 44 internal nodes; 3.1 s; peak memory 928 MiB.
2026-10-09T12:17:55Z INFO [2825/5000] b7d7efcf-fa3f-449c-8eec-6d48385b4472: 363 internal nodes; 19.2 s; peak memory 928 MiB.
2026-10-09T12:17:56Z INFO [2826/5000] b7d8d41a-57e7-40d0-904d-8289d18ed802: 27 internal nodes; 1.4 s; peak memory 928 MiB.
2026-10-09T12:17:57Z INFO [2827/5000] b7d8f746-f9e8-4b0e-b08d-8b4e96dffbe4: 13 internal nodes; 1.0 s; peak memory 928 MiB.
2026-10-09T12:18:04Z INFO [2828/5000] b7d9177c-458b-4ce9-83ff-27637c33e65b: 73 internal nodes; 6.9 s; peak memory 928 MiB.
2026-10-09T12:18:05Z INFO [2829/5000] b7d93c81-1f9a-445e-acdf-9a403888433c: 27 internal nodes; 1.4 s; peak memory 928 MiB.
2026-10-09T12:18:08Z INFO [2830/5000] b7d9aace-2762-40d3-a026-9d106bdbedee: 31 internal nodes; 2.2 s; peak memory 928 MiB.
2026-10-09T12:18:10Z INFO [2831/5000] b7db3246-9347-4f0f-9b13-1a091fd5f861: 37 internal nodes; 2.0 s; peak memory 928 MiB.
2026-10-09T12:18:11Z INFO [2832/5000] b7db5018-571a-4af1-8c6c-e9ed7fd9968f: 28 internal nodes; 1.2 s; peak memory 928 MiB.
2026-10-09T12:18:12Z INFO [2833/5000] b7dbc3a2-9cd3-48bf-a7e1-03b0e8f5ed5d: 17 internal nodes; 1.1 s; peak memory 928 MiB.
2026-10-09T12:18:18Z INFO [2834/5000] b7dc1910-7f20-4ddf-8e93-60a7aec13f1a: 145 internal nodes; 6.4 s; peak memory 928 MiB.
2026-10-09T12:18:29Z INFO [2835/5000] b7dcb9ec-e7c1-4bf4-8019-a8bf1b854366: 228 internal nodes; 11.1 s; peak memory 928 MiB.
2026-10-09T12:18:30Z INFO [2836/5000] b7dd4750-b3c3-4a13-bf8d-dd9d6a52ec38: 17 internal nodes; 1.1 s; peak memory 928 MiB.
2026-10-09T12:18:32Z INFO [2837/5000] b7dd7d4c-bf76-47d8-a4a8-13169108d3dc: 17 internal nodes; 1.2 s; peak memory 928 MiB.
2026-10-09T12:18:34Z INFO [2838/5000] b7de08f8-2efd-4ea2-9f8b-e7a51adbe6ed: 55 internal nodes; 2.7 s; peak memory 928 MiB.
2026-10-09T12:18:36Z INFO [2839/5000] b7de969e-2912-4b7d-9c63-dd1419e03e7e: 37 internal nodes; 1.5 s; peak memory 928 MiB.
2026-10-09T12:18:37Z INFO [2840/5000] b7de9fe4-b4cd-4965-83b8-9515ddfffba1: 17 internal nodes; 1.1 s; peak memory 928 MiB.
2026-10-09T12:18:38Z INFO [2841/5000] b7df5e9b-43fa-4ae9-9e94-85853b007609: 27 internal nodes; 1.4 s; peak memory 928 MiB.
2026-10-09T12:18:40Z INFO [2842/5000] b7df9323-5ca6-4e21-a380-df6fca8c47d7: 86 internal nodes; 1.4 s; peak memory 928 MiB.
2026-10-09T12:18:41Z INFO [2843/5000] b7dfdc6c-04c7-4501-b0a0-91b5387b42dd: 29 internal nodes; 1.1 s; peak memory 928 MiB.
2026-10-09T12:18:42Z INFO [2844/5000] b7e11fcd-66e2-4783-9836-940ec19cf6ef: 22 internal nodes; 1.1 s; peak memory 928 MiB.
2026-10-09T12:18:44Z INFO [2845/5000] b7e19c4d-1f82-464b-9c90-b7d8131e085b: 31 internal nodes; 1.9 s; peak memory 928 MiB.
2026-10-09T12:18:45Z INFO [2846/5000] b7e33db8-b86e-452f-9338-029b1f694dd6: 17 internal nodes; 1.5 s; peak memory 928 MiB.
2026-10-09T12:18:53Z INFO [2847/5000] b7e3498a-5222-45f5-b2dc-0860c6de6668: 152 internal nodes; 7.3 s; peak memory 928 MiB.
2026-10-09T12:18:56Z INFO [2848/5000] b7e3c792-3f64-4075-8c71-c31166d98b6c: 48 internal nodes; 3.7 s; peak memory 928 MiB.
2026-10-09T12:18:57Z INFO [2849/5000] b7e40126-85a5-4ebd-9d7a-2df04bdab45b: 22 internal nodes; 0.9 s; peak memory 928 MiB.
2026-10-09T12:18:58Z INFO [2850/5000] b7e489dd-0cb3-4190-94fe-a88aa7e0e8cb: 27 internal nodes; 1.3 s; peak memory 928 MiB.
2026-10-09T12:18:59Z INFO [2850/5000] b7e489dd-0cb3-4190-94fe-a88aa7e0e8cb: checkpointed 135488 new records.
2026-10-09T12:19:00Z INFO [2851/5000] b7e5ab7b-3d3c-4b9a-9d4c-5f8201af2bdd: 17 internal nodes; 1.0 s; peak memory 928 MiB.
2026-10-09T12:19:01Z INFO [2852/5000] b7e6b7d5-dcd4-4fd7-949e-facfc26addff: 54 internal nodes; 1.1 s; peak memory 928 MiB.
2026-10-09T12:19:03Z INFO [2853/5000] b7e73355-a434-4471-b964-8263d978a45b: 66 internal nodes; 2.0 s; peak memory 928 MiB.
2026-10-09T12:19:05Z INFO [2854/5000] b7e76fe1-051d-4703-a404-c9d3d323096e: 31 internal nodes; 2.0 s; peak memory 928 MiB.
2026-10-09T12:19:06Z INFO [2855/5000] b7e7a1bb-1efd-450b-8d5d-487940f824c8: 13 internal nodes; 0.9 s; peak memory 928 MiB.
2026-10-09T12:19:07Z INFO [2856/5000] b7e817a7-b09e-4bc0-b37e-1eb4b56cc7a3: 17 internal nodes; 1.2 s; peak memory 928 MiB.
2026-10-09T12:19:09Z INFO [2857/5000] b7e836bf-3d9a-4f1c-8054-25600434c8a1: 31 internal nodes; 2.2 s; peak memory 928 MiB.
2026-10-09T12:19:17Z INFO [2858/5000] b7e871ae-6cc6-45b6-9a75-e03e18b9000b: 219 internal nodes; 8.2 s; peak memory 928 MiB.
2026-10-09T12:19:18Z INFO [2859/5000] b7e888d1-feb4-489c-8b63-abb8f52f2f95: 17 internal nodes; 1.1 s; peak memory 928 MiB.
2026-10-09T12:19:20Z INFO [2860/5000] b7e961ac-21b1-4a77-b75f-195407a932d8: 31 internal nodes; 1.7 s; peak memory 928 MiB.
2026-10-09T12:19:21Z INFO [2861/5000] b7e968ce-925d-4cac-8ced-614ec9139579: 13 internal nodes; 0.9 s; peak memory 928 MiB.
2026-10-09T12:19:37Z INFO [2862/5000] b7e9d54f-e6ba-4a7a-9192-9d5293a461bd: 554 internal nodes; 15.4 s; peak memory 928 MiB.
2026-10-09T12:19:38Z INFO [2863/5000] b7eba951-4420-4b76-b280-0b70a367e7ab: 29 internal nodes; 1.3 s; peak memory 928 MiB.
2026-10-09T12:19:39Z INFO [2864/5000] b7ece9d3-170e-495f-9cf3-a2bfffe363a8: 17 internal nodes; 1.0 s; peak memory 928 MiB.
2026-10-09T12:19:40Z INFO [2865/5000] b7ed9a01-4325-41d4-b166-7d7de826e3ea: 27 internal nodes; 1.2 s; peak memory 928 MiB.
2026-10-09T12:19:41Z INFO [2866/5000] b7ee16e4-2315-48aa-b291-edd1cf7efa62: 18 internal nodes; 1.0 s; peak memory 928 MiB.
2026-10-09T12:19:43Z INFO [2867/5000] b7eedf18-782a-4142-b46f-c9b87c0f2f4f: 31 internal nodes; 1.7 s; peak memory 928 MiB.
2026-10-09T12:19:44Z INFO [2868/5000] b7ef2ad2-8cc1-412d-8cd2-fff28ce3ca86: 17 internal nodes; 1.0 s; peak memory 928 MiB.
2026-10-09T12:19:45Z INFO [2869/5000] b7f045c7-8c1f-4aaf-9514-129c6581316d: 11 internal nodes; 1.2 s; peak memory 928 MiB.
2026-10-09T12:19:56Z INFO [2870/5000] b7f0b220-d8a2-459b-831b-de6484f78686: 254 internal nodes; 11.4 s; peak memory 928 MiB.
2026-10-09T12:20:06Z INFO [2871/5000] b7f0d470-e8a2-4c47-b1a4-089a81a6f4b0: 403 internal nodes; 9.5 s; peak memory 928 MiB.
2026-10-09T12:20:07Z INFO [2872/5000] b7f24efe-e262-425a-8a8a-f0df872928c8: 18 internal nodes; 1.1 s; peak memory 928 MiB.
2026-10-09T12:20:08Z INFO [2873/5000] b7f2b1af-11cb-48a1-ba14-51c517f17e05: 27 internal nodes; 1.4 s; peak memory 928 MiB.
2026-10-09T12:20:10Z INFO [2874/5000] b7f35f72-402f-4e5c-9797-3f284209756a: 26 internal nodes; 1.3 s; peak memory 928 MiB.
2026-10-09T12:20:12Z INFO [2875/5000] b7f3b766-64a4-4e0b-90d0-b36e1aa18fa8: 44 internal nodes; 2.9 s; peak memory 928 MiB.
2026-10-09T12:20:14Z INFO [2876/5000] b7f41cfa-b8f3-4c50-92b9-323f5e61bd4b: 27 internal nodes; 1.4 s; peak memory 928 MiB.
2026-10-09T12:20:29Z INFO [2877/5000] b7f454e3-a95f-434a-855a-e1c4c27259aa: 1034 internal nodes; 15.6 s; peak memory 928 MiB.
2026-10-09T12:20:30Z INFO [2878/5000] b7f45c64-6e7f-43d6-898e-3918c3e4f5f1: 27 internal nodes; 0.9 s; peak memory 928 MiB.
2026-10-09T12:20:37Z INFO [2879/5000] b7f4888e-5b26-4053-a0b5-9b66ed30d688: 61 internal nodes; 6.5 s; peak memory 928 MiB.
2026-10-09T12:20:42Z INFO [2880/5000] b7f69471-9623-4576-ac2e-193d48755715: 57 internal nodes; 4.7 s; peak memory 928 MiB.
2026-10-09T12:20:43Z INFO [2881/5000] b7f6a623-a63a-4729-9153-f4c857aded33: 63 internal nodes; 1.6 s; peak memory 928 MiB.
2026-10-09T12:20:46Z INFO [2882/5000] b7f6cfd5-47a8-4c74-9f4c-927e55e70cf6: 72 internal nodes; 2.5 s; peak memory 928 MiB.
2026-10-09T12:20:47Z INFO [2883/5000] b7f6f57a-cb57-48d0-baf7-69788d4a6199: 27 internal nodes; 1.3 s; peak memory 928 MiB.
2026-10-09T12:20:48Z INFO [2884/5000] b7f706e4-c940-4540-83bf-659a8f8b598d: 18 internal nodes; 1.1 s; peak memory 928 MiB.
2026-10-09T12:20:50Z INFO [2885/5000] b7f711cc-70c4-41c5-9544-5eaca87db4bb: 31 internal nodes; 1.5 s; peak memory 928 MiB.
2026-10-09T12:20:52Z INFO [2886/5000] b7f74205-6e75-4b49-bfcc-f49b86504271: 29 internal nodes; 2.0 s; peak memory 928 MiB.
2026-10-09T12:21:01Z INFO [2887/5000] b7f88ac1-ef93-4cdf-8539-60c59dab6fa2: 195 internal nodes; 9.0 s; peak memory 928 MiB.
2026-10-09T12:21:03Z INFO [2888/5000] b7f8aa29-1a6d-4d09-a5da-bf12777cfa9b: 27 internal nodes; 2.5 s; peak memory 928 MiB.
2026-10-09T12:21:06Z INFO [2889/5000] b7fa1af6-d352-4fac-b8f9-b58bc821a500: 69 internal nodes; 2.4 s; peak memory 928 MiB.
2026-10-09T12:21:07Z INFO [2890/5000] b7faf794-7aab-4250-b02b-3d31a4cc39d0: 27 internal nodes; 1.5 s; peak memory 928 MiB.
2026-10-09T12:21:08Z INFO [2891/5000] b7fc1003-f799-44d2-b834-663819e062f6: 27 internal nodes; 1.4 s; peak memory 928 MiB.
2026-10-09T12:21:10Z INFO [2892/5000] b7fcd80d-059b-4f91-a936-d8c760cdb103: 17 internal nodes; 1.2 s; peak memory 928 MiB.
2026-10-09T12:21:11Z INFO [2893/5000] b7fd0d03-59ef-41c9-9603-0a9232568a32: 37 internal nodes; 1.4 s; peak memory 928 MiB.
2026-10-09T12:21:13Z INFO [2894/5000] b7fd346f-95a5-4bbf-acc0-9c7d6c868542: 36 internal nodes; 1.6 s; peak memory 928 MiB.
2026-10-09T12:21:13Z INFO [2895/5000] b7feca57-87a3-45ed-8db7-a7c15b2e10f2: 11 internal nodes; 0.8 s; peak memory 928 MiB.
2026-10-09T12:21:17Z INFO [2896/5000] b7ff0dbb-c8f5-4789-8c79-2008b3c13d3c: 45 internal nodes; 3.9 s; peak memory 928 MiB.
2026-10-09T12:21:19Z INFO [2897/5000] b7ffd34c-4b72-48e0-82d5-2e3c85e047d9: 19 internal nodes; 1.2 s; peak memory 928 MiB.
2026-10-09T12:21:28Z INFO [2898/5000] b800d4af-10b6-4b42-acc0-3f61f39a701b: 197 internal nodes; 9.3 s; peak memory 928 MiB.
2026-10-09T12:21:35Z INFO [2899/5000] b800f37c-9c81-4990-b05b-df62276fc41a: 165 internal nodes; 7.0 s; peak memory 928 MiB.
2026-10-09T12:21:36Z INFO [2900/5000] b8014c29-ce1c-47e4-a87d-781f0b9f6ed9: 27 internal nodes; 1.6 s; peak memory 928 MiB.
2026-10-09T12:21:37Z INFO [2900/5000] b8014c29-ce1c-47e4-a87d-781f0b9f6ed9: checkpointed 135538 new records.
2026-10-09T12:21:38Z INFO [2901/5000] b80198e7-58bd-4b77-8d01-8e7234f4210d: 27 internal nodes; 1.2 s; peak memory 928 MiB.
2026-10-09T12:21:39Z INFO [2902/5000] b801f42c-634c-4436-bf77-2e99ce7463cb: 17 internal nodes; 0.8 s; peak memory 928 MiB.
2026-10-09T12:21:40Z INFO [2903/5000] b8028a3c-3361-4005-927b-6df50379c550: 27 internal nodes; 1.4 s; peak memory 928 MiB.
2026-10-09T12:21:46Z INFO [2904/5000] b8030582-b10b-4dcc-9cdb-15f739385f7b: 73 internal nodes; 5.9 s; peak memory 928 MiB.
2026-10-09T12:21:48Z INFO [2905/5000] b80384b6-9bb2-4035-af6b-0a148b0aefaa: 29 internal nodes; 1.8 s; peak memory 928 MiB.
2026-10-09T12:21:57Z INFO [2906/5000] b803f83a-34de-49a7-8152-9dd7ba43de82: 171 internal nodes; 8.5 s; peak memory 928 MiB.
2026-10-09T12:21:59Z INFO [2907/5000] b8046840-b1a5-4b9b-891d-9309e1ac55c8: 44 internal nodes; 2.1 s; peak memory 928 MiB.
2026-10-09T12:22:06Z INFO [2908/5000] b8049604-1395-4921-9194-f5f2738fe259: 153 internal nodes; 7.0 s; peak memory 928 MiB.
2026-10-09T12:22:07Z INFO [2909/5000] b8050e07-be13-40c7-a5e9-59c73c73d3a3: 17 internal nodes; 1.1 s; peak memory 928 MiB.
2026-10-09T12:22:08Z INFO [2910/5000] b80577a6-c744-4e84-8a73-e1c27b7e7b9f: 30 internal nodes; 1.3 s; peak memory 928 MiB.
2026-10-09T12:22:20Z INFO [2911/5000] b8060640-8019-4859-84cd-83fe33a43570: 302 internal nodes; 11.6 s; peak memory 928 MiB.
2026-10-09T12:23:20Z INFO [2912/5000] b806f559-1d4d-4169-a74f-8b300be4896d: 877 internal nodes; 60.0 s; peak memory 928 MiB.
2026-10-09T12:23:21Z INFO [2913/5000] b8076b27-d33b-42f5-965e-c1da649ff473: 18 internal nodes; 1.3 s; peak memory 928 MiB.
2026-10-09T12:23:24Z INFO [2914/5000] b807ac34-88fb-49b6-9baf-c82992b0308e: 215 internal nodes; 2.6 s; peak memory 928 MiB.
2026-10-09T12:23:26Z INFO [2915/5000] b8099c08-f45c-4777-a50b-2d73893ea7f5: 59 internal nodes; 1.8 s; peak memory 928 MiB.
2026-10-09T12:23:27Z INFO [2916/5000] b80acdab-62c8-43ca-8de9-8f11b9bd7132: 27 internal nodes; 1.4 s; peak memory 928 MiB.
2026-10-09T12:23:28Z INFO [2917/5000] b80b727a-5f97-41fd-a91b-f886542baa5a: 20 internal nodes; 1.0 s; peak memory 928 MiB.
2026-10-09T12:23:29Z INFO [2918/5000] b80b7e16-686f-44c2-b1df-c84c18b3e5fa: 17 internal nodes; 1.2 s; peak memory 928 MiB.
2026-10-09T12:23:30Z INFO [2919/5000] b80b8960-d015-4ff8-ab84-b80574803540: 19 internal nodes; 1.0 s; peak memory 928 MiB.
2026-10-09T12:23:32Z INFO [2920/5000] b80c2697-0c42-41f8-a3cd-4ee8f88d7c0e: 31 internal nodes; 2.1 s; peak memory 928 MiB.
2026-10-09T12:23:35Z INFO [2921/5000] b80ddce0-2aa9-4765-a429-eea8b8a0b2b0: 44 internal nodes; 3.1 s; peak memory 928 MiB.
2026-10-09T12:23:36Z INFO [2922/5000] b80df960-381f-4e2d-ba28-5f0425b64478: 17 internal nodes; 1.2 s; peak memory 928 MiB.
2026-10-09T12:23:38Z INFO [2923/5000] b80dfd03-8371-4082-8f7a-db6f6d354407: 26 internal nodes; 1.3 s; peak memory 928 MiB.
2026-10-09T12:23:39Z INFO [2924/5000] b80e239f-cb4b-4f69-9c54-31a94d3151fb: 31 internal nodes; 1.8 s; peak memory 928 MiB.
2026-10-09T12:23:42Z INFO [2925/5000] b80e6f40-f10d-4ee4-bd6a-f8d87dea2099: 44 internal nodes; 2.3 s; peak memory 928 MiB.
2026-10-09T12:23:44Z INFO [2926/5000] b80e768e-e363-4868-958a-65aff3ee78d8: 31 internal nodes; 2.0 s; peak memory 928 MiB.
2026-10-09T12:23:45Z INFO [2927/5000] b80ea7a0-7593-47f3-81df-c83f73eb3928: 11 internal nodes; 0.8 s; peak memory 928 MiB.
2026-10-09T12:23:51Z INFO [2928/5000] b80f075b-a52c-427c-b20d-5f17d996358a: 177 internal nodes; 6.6 s; peak memory 928 MiB.
2026-10-09T12:23:52Z INFO [2929/5000] b80f511f-5ad2-4b8d-8ea0-6bed7240a867: 115 internal nodes; 1.4 s; peak memory 928 MiB.
2026-10-09T12:26:03Z INFO [2930/5000] b81014e4-219b-4589-9e56-0a38b4fb4328: 93 internal nodes; 130.7 s; peak memory 928 MiB.
2026-10-09T12:26:05Z INFO [2931/5000] b8113cdb-490c-4927-b669-7a0e5b8e53c1: 24 internal nodes; 1.5 s; peak memory 928 MiB.
2026-10-09T12:26:06Z INFO [2932/5000] b811dae9-e033-47fe-8db6-86bafe305f8e: 17 internal nodes; 1.1 s; peak memory 928 MiB.
2026-10-09T12:26:08Z INFO [2933/5000] b81208cd-0abe-4450-a5d6-f61d0ee32232: 22 internal nodes; 1.9 s; peak memory 928 MiB.
2026-10-09T12:26:09Z INFO [2934/5000] b8121f72-f1f5-4cb3-b5f4-be59ee66ab2a: 27 internal nodes; 1.5 s; peak memory 928 MiB.
2026-10-09T12:26:10Z INFO [2935/5000] b8123728-a790-449f-a39f-81aa52c075e8: 27 internal nodes; 1.2 s; peak memory 928 MiB.
2026-10-09T12:26:11Z INFO [2936/5000] b814021c-0b03-4b7e-8e48-2633d98f08a2: 11 internal nodes; 0.8 s; peak memory 928 MiB.
2026-10-09T12:26:12Z INFO [2937/5000] b815f4b5-8139-42c9-b080-fbe99bfdad29: 17 internal nodes; 1.1 s; peak memory 928 MiB.
2026-10-09T12:26:15Z INFO [2938/5000] b81680e7-7d82-4489-9acd-3c7638f2bde3: 44 internal nodes; 2.8 s; peak memory 928 MiB.
2026-10-09T12:26:16Z INFO [2939/5000] b8178ae6-4ccd-4751-8f82-6999595fd0f1: 15 internal nodes; 1.0 s; peak memory 928 MiB.
2026-10-09T12:26:17Z INFO [2940/5000] b817cbdf-c0d3-4e8b-bf7c-1ecfee904ea5: 17 internal nodes; 1.0 s; peak memory 928 MiB.
2026-10-09T12:26:25Z INFO [2941/5000] b8182f7d-449e-4562-9f3f-35d0830ec614: 62 internal nodes; 7.6 s; peak memory 928 MiB.
2026-10-09T12:26:28Z INFO [2942/5000] b8190a4b-bfe8-4474-bf4d-ffeb3f497496: 55 internal nodes; 3.6 s; peak memory 928 MiB.
2026-10-09T12:26:30Z INFO [2943/5000] b8190a89-558e-4a9d-898c-9b9462f43103: 26 internal nodes; 2.0 s; peak memory 928 MiB.
2026-10-09T12:26:31Z INFO [2944/5000] b81928ed-0a8a-45eb-a10b-7029f974235f: 17 internal nodes; 1.0 s; peak memory 928 MiB.
2026-10-09T12:26:32Z INFO [2945/5000] b819554c-3bf4-4579-8937-5ae806287164: 11 internal nodes; 0.8 s; peak memory 928 MiB.
2026-10-09T12:26:33Z INFO [2946/5000] b81970ca-942c-4836-85ca-7423f4398334: 26 internal nodes; 0.9 s; peak memory 928 MiB.
2026-10-09T12:26:34Z INFO [2947/5000] b81a1c31-7875-47af-8aa0-cd81cc3c7b08: 17 internal nodes; 1.2 s; peak memory 928 MiB.
2026-10-09T12:26:42Z INFO [2948/5000] b81a4f6d-c88b-4b7a-8d97-e87b053af764: 66 internal nodes; 8.1 s; peak memory 928 MiB.
2026-10-09T12:26:44Z INFO [2949/5000] b81ad7dd-0b12-4c45-a37a-71d9631a8a30: 27 internal nodes; 1.3 s; peak memory 928 MiB.
2026-10-09T12:26:45Z INFO [2950/5000] b81b35d0-842f-436f-ae9a-500bd04a2cf8: 17 internal nodes; 1.0 s; peak memory 928 MiB.
2026-10-09T12:26:45Z INFO [2950/5000] b81b35d0-842f-436f-ae9a-500bd04a2cf8: checkpointed 135588 new records.
2026-10-09T12:26:47Z INFO [2951/5000] b81b6489-e721-453c-916b-dbe7bdabff8c: 53 internal nodes; 1.5 s; peak memory 928 MiB.
2026-10-09T12:26:48Z INFO [2952/5000] b81b9d79-2873-4b88-bb3b-aacbe5aee0d6: 27 internal nodes; 1.3 s; peak memory 928 MiB.
2026-10-09T12:26:49Z INFO [2953/5000] b81bc0cc-ff1e-492b-9f1e-128e0d11ea3c: 17 internal nodes; 0.8 s; peak memory 928 MiB.
2026-10-09T12:26:50Z INFO [2954/5000] b81d2a82-81cd-4a6e-b2db-8c8ff2328e01: 63 internal nodes; 1.6 s; peak memory 928 MiB.
2026-10-09T12:26:52Z INFO [2955/5000] b81d9448-d1bc-4fe8-b665-30d74e0925e7: 31 internal nodes; 1.8 s; peak memory 928 MiB.
2026-10-09T12:26:53Z INFO [2956/5000] b81dbd2c-5fbb-4623-ad7c-4dc890cb45dc: 17 internal nodes; 1.2 s; peak memory 928 MiB.
2026-10-09T12:26:54Z INFO [2957/5000] b81ddba1-41ac-4c08-9714-d38800b13f00: 17 internal nodes; 0.9 s; peak memory 928 MiB.
2026-10-09T12:26:55Z INFO [2958/5000] b81df85e-89aa-43b2-a88e-ffbeafee63a2: 17 internal nodes; 1.0 s; peak memory 928 MiB.
2026-10-09T12:26:57Z INFO [2959/5000] b8208ed5-29dc-496f-bb75-c385208ea204: 26 internal nodes; 1.6 s; peak memory 928 MiB.
2026-10-09T12:26:58Z INFO [2960/5000] b820b1b2-0976-49ae-9a1e-47889b53163f: 11 internal nodes; 0.8 s; peak memory 928 MiB.
2026-10-09T12:26:59Z INFO [2961/5000] b820cf29-8bdc-4199-9954-072678283991: 55 internal nodes; 1.5 s; peak memory 928 MiB.
2026-10-09T12:27:01Z INFO [2962/5000] b820e170-9d89-46cf-98b6-44fd777cf4dc: 31 internal nodes; 1.6 s; peak memory 928 MiB.
2026-10-09T12:27:02Z INFO [2963/5000] b8213622-707f-4865-b279-097a2ccfdaff: 17 internal nodes; 1.0 s; peak memory 928 MiB.
2026-10-09T12:27:06Z INFO [2964/5000] b8227f75-b934-48b4-9958-3dcfd7503b69: 96 internal nodes; 4.4 s; peak memory 928 MiB.
2026-10-09T12:27:08Z INFO [2965/5000] b822e97f-b104-42a7-b49c-8a03246594d3: 27 internal nodes; 1.4 s; peak memory 928 MiB.
2026-10-09T12:27:09Z INFO [2966/5000] b8233096-1c37-4a5c-9856-5a7411806c0a: 19 internal nodes; 1.2 s; peak memory 928 MiB.
2026-10-09T12:27:12Z INFO [2967/5000] b823469f-cbb1-4f41-8ea1-f003c461a360: 45 internal nodes; 3.5 s; peak memory 928 MiB.
2026-10-09T12:27:14Z INFO [2968/5000] b82372e6-f509-4aee-a5d7-de6cdedc0e8c: 31 internal nodes; 1.7 s; peak memory 928 MiB.
2026-10-09T12:27:15Z INFO [2969/5000] b8237cb9-3426-4a83-8673-25ecb242a527: 13 internal nodes; 1.2 s; peak memory 928 MiB.
2026-10-09T12:27:18Z INFO [2970/5000] b823945b-2789-404d-8ca2-c4a9a5568a26: 51 internal nodes; 3.2 s; peak memory 928 MiB.
2026-10-09T12:27:20Z INFO [2971/5000] b823bd8e-4684-42bd-a66a-a2ad9b5f1824: 17 internal nodes; 1.2 s; peak memory 928 MiB.
2026-10-09T12:27:20Z INFO [2972/5000] b82412b0-70d6-4540-80f3-3baecec55d6f: 18 internal nodes; 0.9 s; peak memory 928 MiB.
2026-10-09T12:27:33Z INFO [2973/5000] b824e2a2-9125-4f74-b041-3e97e2b5f0a6: 278 internal nodes; 13.0 s; peak memory 928 MiB.
2026-10-09T12:27:35Z INFO [2974/5000] b825543d-c540-4ce1-8d6f-bf473e2f40e1: 27 internal nodes; 1.3 s; peak memory 928 MiB.
2026-10-09T12:27:36Z INFO [2975/5000] b8259fa0-9b8e-451b-9083-acea3ccaeb8a: 30 internal nodes; 1.3 s; peak memory 928 MiB.
2026-10-09T12:27:37Z INFO [2976/5000] b826747f-0b51-42b1-a208-903ee56ce54c: 17 internal nodes; 1.0 s; peak memory 928 MiB.
2026-10-09T12:27:38Z INFO [2977/5000] b8269871-5291-43b5-b092-ba76daea69ae: 23 internal nodes; 1.3 s; peak memory 928 MiB.
2026-10-09T12:27:40Z INFO [2978/5000] b826fa6a-4254-444d-a86d-c81847b9d968: 27 internal nodes; 1.3 s; peak memory 928 MiB.
2026-10-09T12:27:49Z INFO [2979/5000] b827372d-06e0-44f7-ba16-2b02ccbb38d2: 168 internal nodes; 9.0 s; peak memory 928 MiB.
2026-10-09T12:27:51Z INFO [2980/5000] b8274ffe-652a-4df4-a93a-8a69e8361e0d: 53 internal nodes; 2.6 s; peak memory 928 MiB.
2026-10-09T12:27:53Z INFO [2981/5000] b827cf52-cd37-46ce-b3b4-61c17c438317: 21 internal nodes; 1.4 s; peak memory 928 MiB.
2026-10-09T12:27:57Z INFO [2982/5000] b827d64c-b06e-428b-bd73-829d53b9c351: 43 internal nodes; 4.3 s; peak memory 928 MiB.
2026-10-09T12:27:58Z INFO [2983/5000] b8286a5b-5f70-4705-a206-8a9d01f1986a: 27 internal nodes; 1.3 s; peak memory 928 MiB.
2026-10-09T12:28:00Z INFO [2984/5000] b8288195-9135-41a6-9ec8-8a9646b56e75: 27 internal nodes; 1.3 s; peak memory 928 MiB.
2026-10-09T12:28:01Z INFO [2985/5000] b829c6a0-2f7c-41c7-9b78-4068fc493622: 27 internal nodes; 1.3 s; peak memory 928 MiB.
2026-10-09T12:28:02Z INFO [2986/5000] b829d8f6-bd83-488e-8ec5-9ca86ce56979: 25 internal nodes; 1.4 s; peak memory 928 MiB.
2026-10-09T12:28:04Z INFO [2987/5000] b829e8d2-6148-4e39-843e-577a513274d6: 25 internal nodes; 1.4 s; peak memory 928 MiB.
2026-10-09T12:28:05Z INFO [2988/5000] b82bfb30-12e0-44d5-b622-97fe017c3963: 60 internal nodes; 1.6 s; peak memory 928 MiB.
2026-10-09T12:28:07Z INFO [2989/5000] b82c5d67-cc4f-481e-8dc4-2e9913732245: 30 internal nodes; 2.1 s; peak memory 928 MiB.
2026-10-09T12:28:09Z INFO [2990/5000] b82d1113-c82c-4cd6-9022-36928a7a4eef: 31 internal nodes; 1.5 s; peak memory 928 MiB.
2026-10-09T12:28:10Z INFO [2991/5000] b82d836d-629f-4100-b7c2-258343c6603b: 29 internal nodes; 1.5 s; peak memory 928 MiB.
2026-10-09T12:28:12Z INFO [2992/5000] b82da246-3e2e-40a4-bd41-41f212508381: 31 internal nodes; 1.6 s; peak memory 928 MiB.
2026-10-09T12:28:13Z INFO [2993/5000] b82e4905-8720-412d-a252-a285b69fe76f: 18 internal nodes; 1.0 s; peak memory 928 MiB.
2026-10-09T12:28:14Z INFO [2994/5000] b82e4d58-e492-47c8-9c5d-a9cd00aa3c67: 90 internal nodes; 1.2 s; peak memory 928 MiB.
2026-10-09T12:28:16Z INFO [2995/5000] b82ecb9f-1c5d-454f-b167-dbcc27480a14: 27 internal nodes; 1.5 s; peak memory 928 MiB.
2026-10-09T12:28:18Z INFO [2996/5000] b82ef9f7-936e-42c1-9742-e63f408802eb: 28 internal nodes; 2.0 s; peak memory 928 MiB.
2026-10-09T12:28:19Z INFO [2997/5000] b82efdec-0807-4821-87c3-808c35a38796: 17 internal nodes; 1.5 s; peak memory 928 MiB.
2026-10-09T12:28:21Z INFO [2998/5000] b83086ac-9608-446a-b1b7-29aa171f6112: 31 internal nodes; 1.7 s; peak memory 928 MiB.
2026-10-09T12:28:23Z INFO [2999/5000] b831153a-3245-4e40-aafa-1dac7ed676f4: 31 internal nodes; 1.7 s; peak memory 928 MiB.
2026-10-09T12:28:24Z INFO [3000/5000] b8318764-c951-4be8-9098-56a2cb4fa03c: 61 internal nodes; 1.6 s; peak memory 928 MiB.
2026-10-09T12:28:25Z INFO [3000/5000] b8318764-c951-4be8-9098-56a2cb4fa03c: checkpointed 135638 new records.
2026-10-09T12:28:26Z INFO [3001/5000] b831a0f3-9c46-4d60-a338-ef8f0f46660a: 58 internal nodes; 1.4 s; peak memory 928 MiB.
2026-10-09T12:28:27Z INFO [3002/5000] b831ccd8-2bf6-48eb-9f27-1c4d37831623: 27 internal nodes; 1.4 s; peak memory 928 MiB.
2026-10-09T12:28:28Z INFO [3003/5000] b8323ac5-d637-4618-9232-5d13aa73b5c7: 11 internal nodes; 0.8 s; peak memory 928 MiB.
2026-10-09T12:28:34Z INFO [3004/5000] b8325b86-cab5-4352-a01e-b4e9c952dbc9: 73 internal nodes; 5.8 s; peak memory 928 MiB.
2026-10-09T12:28:35Z INFO [3005/5000] b832acc7-e5ef-4d71-a6b7-aeda1efa19ee: 22 internal nodes; 0.9 s; peak memory 928 MiB.
2026-10-09T12:28:36Z INFO [3006/5000] b832cfc7-3c8d-42c2-8259-e9810ecd9194: 27 internal nodes; 1.4 s; peak memory 928 MiB.
2026-10-09T12:28:37Z INFO [3007/5000] b83372e1-f91b-49f2-ba36-579b5e38e449: 17 internal nodes; 1.1 s; peak memory 928 MiB.
2026-10-09T12:28:39Z INFO [3008/5000] b833f701-df7b-40d2-8d79-969df8747686: 27 internal nodes; 1.3 s; peak memory 928 MiB.
2026-10-09T12:28:41Z INFO [3009/5000] b8345e84-203d-4677-8c12-920fa381c39f: 29 internal nodes; 1.8 s; peak memory 928 MiB.
2026-10-09T12:28:42Z INFO [3010/5000] b834910f-c1c6-493f-94b7-badc5b11e3bb: 27 internal nodes; 1.5 s; peak memory 928 MiB.
2026-10-09T12:28:45Z INFO [3011/5000] b834a87f-0de4-44b2-8c36-c2375bbde1c0: 44 internal nodes; 3.2 s; peak memory 928 MiB.
2026-10-09T12:28:47Z INFO [3012/5000] b835cb77-6b2f-43a0-a947-7abf0bb190b6: 31 internal nodes; 1.6 s; peak memory 928 MiB.
2026-10-09T12:28:48Z INFO [3013/5000] b83667ca-1b4d-4aab-87a3-92f75c621cc8: 17 internal nodes; 1.0 s; peak memory 928 MiB.
2026-10-09T12:28:49Z INFO [3014/5000] b83757e3-56c9-4b01-9485-26344e9724a7: 90 internal nodes; 1.5 s; peak memory 928 MiB.
2026-10-09T12:28:50Z INFO [3015/5000] b837a51a-ea61-403f-a9be-21545598ba95: 13 internal nodes; 0.8 s; peak memory 928 MiB.
2026-10-09T12:28:51Z INFO [3016/5000] b839eced-a7cd-4b42-b7f8-79ba69d06470: 27 internal nodes; 1.3 s; peak memory 928 MiB.
2026-10-09T12:28:53Z INFO [3017/5000] b83a351d-5c25-436d-a2f2-6a4430f0f010: 18 internal nodes; 1.2 s; peak memory 928 MiB.
2026-10-09T12:28:54Z INFO [3018/5000] b83b8bf4-b230-4262-b57f-0d934a51ac90: 27 internal nodes; 1.5 s; peak memory 928 MiB.
2026-10-09T12:28:55Z INFO [3019/5000] b83bb77d-bcb1-478d-9b87-13ca013623ee: 19 internal nodes; 1.2 s; peak memory 928 MiB.
2026-10-09T12:28:57Z INFO [3020/5000] b83bbbf3-bc48-482f-9011-8631b9599752: 37 internal nodes; 1.7 s; peak memory 928 MiB.
2026-10-09T12:28:58Z INFO [3021/5000] b83c5f48-56b9-4ad4-964f-7bf3c61de51f: 27 internal nodes; 1.3 s; peak memory 928 MiB.
2026-10-09T12:29:00Z INFO [3022/5000] b83ce8f8-0bc2-4076-8b88-b80fcd7925d1: 31 internal nodes; 1.9 s; peak memory 928 MiB.
2026-10-09T12:29:03Z INFO [3023/5000] b83ddd3f-bfc4-4a34-b870-3c8c72680020: 27 internal nodes; 2.4 s; peak memory 928 MiB.
2026-10-09T12:29:04Z INFO [3024/5000] b83e59b1-f026-4ad6-a4d1-3729e839d2d4: 61 internal nodes; 1.8 s; peak memory 928 MiB.
2026-10-09T12:29:15Z INFO [3025/5000] b83e980f-db6f-488f-8b4c-b8a05641c4cf: 227 internal nodes; 10.6 s; peak memory 928 MiB.
2026-10-09T12:29:18Z INFO [3026/5000] b83ebcf1-d67d-40a3-9cc8-bbb0b7579c56: 34 internal nodes; 2.5 s; peak memory 928 MiB.
2026-10-09T12:29:18Z INFO [3027/5000] b8401bd5-d6e3-4db1-a885-445ccb7088c8: 11 internal nodes; 0.9 s; peak memory 928 MiB.
2026-10-09T12:29:20Z INFO [3028/5000] b8415b53-6d2b-46dc-b4b9-5bab2a8de8e7: 17 internal nodes; 1.0 s; peak memory 928 MiB.
2026-10-09T12:29:21Z INFO [3029/5000] b84188ae-97aa-4698-85a6-eadaf52f8d29: 31 internal nodes; 1.9 s; peak memory 928 MiB.
2026-10-09T12:29:23Z INFO [3030/5000] b841bbb1-a1e6-4517-a153-2ac6c25ca00a: 31 internal nodes; 1.9 s; peak memory 928 MiB.
2026-10-09T12:29:26Z INFO [3031/5000] b84223fa-8fbf-4c51-b22d-0259db41f898: 42 internal nodes; 3.0 s; peak memory 928 MiB.
2026-10-09T12:29:27Z INFO [3032/5000] b842cf08-e7da-422b-98ea-40dfeab1c129: 17 internal nodes; 1.0 s; peak memory 928 MiB.
2026-10-09T12:29:29Z INFO [3033/5000] b842fd76-6329-48f6-bece-a0608e76303f: 23 internal nodes; 1.4 s; peak memory 928 MiB.
2026-10-09T12:29:30Z INFO [3034/5000] b84336e8-ebc6-4bae-b182-cda5d5569140: 63 internal nodes; 1.7 s; peak memory 928 MiB.
2026-10-09T12:29:31Z INFO [3035/5000] b8439a30-ea74-413d-984c-daeb9e02cf90: 11 internal nodes; 0.8 s; peak memory 928 MiB.
2026-10-09T12:29:33Z INFO [3036/5000] b8439b52-31a5-494b-b165-4ac1f529a192: 27 internal nodes; 1.4 s; peak memory 928 MiB.
2026-10-09T12:29:36Z INFO [3037/5000] b84402a8-f129-46e0-9b43-89b36db5eae4: 46 internal nodes; 3.4 s; peak memory 928 MiB.
2026-10-09T12:29:38Z INFO [3038/5000] b844603e-885b-4dac-ae56-5c1a249c69df: 56 internal nodes; 1.4 s; peak memory 928 MiB.
2026-10-09T12:29:39Z INFO [3039/5000] b8447478-e91b-45ef-8e70-77da25865944: 54 internal nodes; 1.9 s; peak memory 928 MiB.
2026-10-09T12:29:40Z INFO [3040/5000] b8453bcc-c5c8-49ed-93f3-088ecfb13dbf: 17 internal nodes; 1.0 s; peak memory 928 MiB.
2026-10-09T12:29:42Z INFO [3041/5000] b84635f6-4bb5-4050-8e85-497d4ea58b59: 31 internal nodes; 1.6 s; peak memory 928 MiB.
2026-10-09T12:29:52Z INFO [3042/5000] b8463a9a-550c-4301-9b6e-e60460fb81f7: 217 internal nodes; 9.5 s; peak memory 928 MiB.
2026-10-09T12:29:53Z INFO [3043/5000] b846b0bd-48ce-4d82-b69f-3cc45982fb1f: 24 internal nodes; 1.6 s; peak memory 928 MiB.
2026-10-09T12:30:04Z INFO [3044/5000] b847979a-683d-4798-a43c-2e2bf91b6071: 114 internal nodes; 11.3 s; peak memory 928 MiB.
2026-10-09T12:30:05Z INFO [3045/5000] b84acf42-d3db-4472-b6b0-97bfd7794bc8: 26 internal nodes; 0.9 s; peak memory 928 MiB.
2026-10-09T12:30:07Z INFO [3046/5000] b84cf96d-f2e8-4b20-86e0-8dadda3bdce5: 67 internal nodes; 2.0 s; peak memory 928 MiB.
2026-10-09T12:30:08Z INFO [3047/5000] b84d7519-ac9a-4676-9b8f-6abf45673112: 19 internal nodes; 1.2 s; peak memory 928 MiB.
2026-10-09T12:30:11Z INFO [3048/5000] b84d9a3e-f9c0-4e03-b5a8-570a4e601010: 45 internal nodes; 3.0 s; peak memory 928 MiB.
2026-10-09T12:30:14Z INFO [3049/5000] b84e61c0-5063-4fdf-a12f-039db99a9994: 55 internal nodes; 2.3 s; peak memory 928 MiB.
2026-10-09T12:30:16Z INFO [3050/5000] b84ee003-c190-4379-aded-8aeb8d1400fd: 31 internal nodes; 1.8 s; peak memory 928 MiB.
2026-10-09T12:30:16Z INFO [3050/5000] b84ee003-c190-4379-aded-8aeb8d1400fd: checkpointed 135688 new records.
2026-10-09T12:30:17Z INFO [3051/5000] b84f5fef-cd17-4f49-8ac4-ae5e614f316d: 27 internal nodes; 1.4 s; peak memory 928 MiB.
2026-10-09T12:30:30Z INFO [3052/5000] b84fb773-c40b-49d8-8368-132fe7c04e19: 292 internal nodes; 13.0 s; peak memory 928 MiB.
2026-10-09T12:30:31Z INFO [3053/5000] b84fe7bf-6817-4e4f-befa-711a1f555860: 17 internal nodes; 1.0 s; peak memory 928 MiB.
2026-10-09T12:30:37Z INFO [3054/5000] b8501028-598b-442f-89c7-4d3f6d82c0ba: 118 internal nodes; 5.9 s; peak memory 928 MiB.
2026-10-09T12:30:39Z INFO [3055/5000] b850cc39-159c-4fc9-b264-cda4dd85ffcc: 31 internal nodes; 1.8 s; peak memory 928 MiB.
2026-10-09T12:30:41Z INFO [3056/5000] b850df5d-cb46-4e25-b540-3762c69662b5: 30 internal nodes; 1.4 s; peak memory 928 MiB.
2026-10-09T12:30:42Z INFO [3057/5000] b850e32c-159d-4c80-8455-84d1188c31f1: 20 internal nodes; 1.8 s; peak memory 928 MiB.
2026-10-09T12:30:43Z INFO [3058/5000] b8513af6-400f-410d-985e-a13868c906db: 17 internal nodes; 1.1 s; peak memory 928 MiB.
2026-10-09T12:30:45Z INFO [3059/5000] b85188ca-ba8a-4eca-ab9d-fd3c44339258: 27 internal nodes; 1.5 s; peak memory 928 MiB.
2026-10-09T12:30:46Z INFO [3060/5000] b852a421-bb50-41d8-9901-f742e740c026: 16 internal nodes; 0.9 s; peak memory 928 MiB.
2026-10-09T12:30:47Z INFO [3061/5000] b85305a0-decc-4232-b1f0-c6b437cb993d: 17 internal nodes; 1.1 s; peak memory 928 MiB.
2026-10-09T12:30:58Z INFO [3062/5000] b8532fda-9279-422c-93eb-08bcedd1e314: 225 internal nodes; 11.4 s; peak memory 928 MiB.
2026-10-09T12:31:17Z INFO [3063/5000] b8534681-bdd0-4db2-979a-7a301d9b336f: 136 internal nodes; 18.9 s; peak memory 928 MiB.
2026-10-09T12:31:18Z INFO [3064/5000] b8536515-e07a-41d3-82fc-080da206180b: 17 internal nodes; 1.1 s; peak memory 928 MiB.
2026-10-09T12:31:20Z INFO [3065/5000] b854740d-17a7-460e-814e-8e7eee1c6c95: 18 internal nodes; 1.1 s; peak memory 928 MiB.
2026-10-09T12:31:21Z INFO [3066/5000] b854c7e1-442b-4f26-9216-7aacb20ab561: 17 internal nodes; 1.1 s; peak memory 928 MiB.
2026-10-09T12:31:22Z INFO [3067/5000] b855759f-d720-4134-8862-b9e0a640322c: 17 internal nodes; 1.1 s; peak memory 928 MiB.
2026-10-09T12:31:24Z INFO [3068/5000] b8557ffb-7366-4456-8817-ceac5c09d4ca: 37 internal nodes; 1.8 s; peak memory 928 MiB.
2026-10-09T12:31:39Z INFO [3069/5000] b856080a-7d80-442d-96e1-ddff85c997e9: 2493 internal nodes; 15.7 s; peak memory 928 MiB.
2026-10-09T12:31:40Z INFO [3070/5000] b8569885-0b34-48fa-80cb-28a5b9a8c274: 17 internal nodes; 1.0 s; peak memory 928 MiB.
2026-10-09T12:31:41Z INFO [3071/5000] b85797ff-acb9-4e20-93b2-286217295db4: 11 internal nodes; 0.9 s; peak memory 928 MiB.
2026-10-09T12:31:43Z INFO [3072/5000] b857e300-579a-4601-8a73-0eb700ed9777: 62 internal nodes; 1.6 s; peak memory 928 MiB.
2026-10-09T12:31:44Z INFO [3073/5000] b8581224-09b5-495a-82f1-760eae62bb86: 17 internal nodes; 1.0 s; peak memory 928 MiB.
2026-10-09T12:31:46Z INFO [3074/5000] b859678d-eb57-4925-8631-5900b187b119: 39 internal nodes; 1.9 s; peak memory 928 MiB.
2026-10-09T12:31:49Z INFO [3075/5000] b859b338-5199-44d0-86c5-1ec225470b26: 25 internal nodes; 3.7 s; peak memory 928 MiB.
2026-10-09T12:31:51Z INFO [3076/5000] b859c35a-98db-426c-95b2-c2c9e9e40c32: 27 internal nodes; 1.3 s; peak memory 928 MiB.
2026-10-09T12:31:52Z INFO [3077/5000] b85a8100-8000-4154-98ad-660b1abfbbf2: 17 internal nodes; 1.0 s; peak memory 928 MiB.
2026-10-09T12:31:53Z INFO [3078/5000] b85ab628-0b0f-4918-9330-cac7f7ed75cd: 17 internal nodes; 1.1 s; peak memory 928 MiB.
2026-10-09T12:31:55Z INFO [3079/5000] b85ab9c4-40b2-4e6e-aac4-024cbed0bcec: 48 internal nodes; 1.7 s; peak memory 928 MiB.
2026-10-09T12:32:00Z INFO [3080/5000] b85b0ab9-6dc2-46de-a4c5-7187961d73a5: 108 internal nodes; 5.6 s; peak memory 928 MiB.
2026-10-09T12:32:01Z INFO [3081/5000] b85ba341-dd2f-441a-a349-16b0da4c0358: 24 internal nodes; 1.0 s; peak memory 928 MiB.
2026-10-09T12:32:03Z INFO [3082/5000] b85c6f48-9cd5-4a0b-85cb-cfa447eff3f3: 90 internal nodes; 1.6 s; peak memory 928 MiB.
2026-10-09T12:32:05Z INFO [3083/5000] b85cb419-6d11-4f73-b648-64b01695088b: 31 internal nodes; 1.8 s; peak memory 928 MiB.
2026-10-09T12:32:06Z INFO [3084/5000] b85cbd84-5f07-4d19-a90b-431dd8fcf49a: 31 internal nodes; 1.6 s; peak memory 928 MiB.
2026-10-09T12:32:07Z INFO [3085/5000] b85cc6d6-d371-4c9e-a742-d77382a792f8: 17 internal nodes; 1.0 s; peak memory 928 MiB.
2026-10-09T12:32:08Z INFO [3086/5000] b85e1500-9887-464e-a77d-c4c259171dbe: 13 internal nodes; 1.1 s; peak memory 928 MiB.
2026-10-09T12:32:10Z INFO [3087/5000] b85ebd67-b752-4d93-8fda-8ef097d45c1f: 27 internal nodes; 1.5 s; peak memory 928 MiB.
2026-10-09T12:32:11Z INFO [3088/5000] b85f9a0c-68ac-40e2-afec-5addd2fa9837: 53 internal nodes; 1.5 s; peak memory 928 MiB.
2026-10-09T12:32:17Z INFO [3089/5000] b85fa8ba-25ed-43cf-b66b-6d06bf510dff: 73 internal nodes; 5.9 s; peak memory 928 MiB.
2026-10-09T12:32:19Z INFO [3090/5000] b85fbf89-8466-411c-be2c-f83299f4f1ff: 18 internal nodes; 1.3 s; peak memory 928 MiB.
2026-10-09T12:32:27Z INFO [3091/5000] b860a0e6-eb79-4423-bca2-a53f1725668d: 174 internal nodes; 8.7 s; peak memory 928 MiB.
2026-10-09T12:32:28Z INFO [3092/5000] b861e623-022f-45f5-bb81-1e2e0ae99936: 17 internal nodes; 1.1 s; peak memory 928 MiB.
2026-10-09T12:32:30Z INFO [3093/5000] b8634dce-e4fb-4c03-a2f3-e4dd1deb8564: 27 internal nodes; 1.3 s; peak memory 928 MiB.
2026-10-09T12:32:36Z INFO [3094/5000] b8636dc3-4be5-403b-9538-9085494727dd: 73 internal nodes; 6.8 s; peak memory 928 MiB.
2026-10-09T12:32:38Z INFO [3095/5000] b8638b07-9a41-4564-9529-737f530902cd: 17 internal nodes; 1.2 s; peak memory 928 MiB.
2026-10-09T12:32:40Z INFO [3096/5000] b863ffe2-5de6-448b-a844-801eeafaa121: 31 internal nodes; 2.0 s; peak memory 928 MiB.
2026-10-09T12:32:42Z INFO [3097/5000] b864c649-f17e-4a24-abe6-4d3bf22304fb: 37 internal nodes; 2.2 s; peak memory 928 MiB.
2026-10-09T12:32:58Z INFO [3098/5000] b864fcf0-76ce-47a0-9ae8-0514437cf041: 135 internal nodes; 16.5 s; peak memory 928 MiB.
2026-10-09T12:32:59Z INFO [3099/5000] b8650b9f-d1e4-40f1-adfe-464b049a8028: 11 internal nodes; 0.8 s; peak memory 928 MiB.
2026-10-09T12:33:00Z INFO [3100/5000] b865ca11-2071-4db4-9dc6-cb2f61a87d8e: 13 internal nodes; 0.9 s; peak memory 928 MiB.
2026-10-09T12:33:01Z INFO [3100/5000] b865ca11-2071-4db4-9dc6-cb2f61a87d8e: checkpointed 135738 new records.
2026-10-09T12:33:02Z INFO [3101/5000] b86730f7-1021-4d45-a4d4-3ba4a571830a: 19 internal nodes; 1.4 s; peak memory 928 MiB.
2026-10-09T12:33:03Z INFO [3102/5000] b86824a1-8fd4-4ee7-9e29-0b700e886313: 11 internal nodes; 1.1 s; peak memory 928 MiB.
2026-10-09T12:33:04Z INFO [3103/5000] b8698bd1-6336-4514-861d-da2d656309ad: 27 internal nodes; 1.2 s; peak memory 928 MiB.
2026-10-09T12:33:07Z INFO [3104/5000] b86998ec-b4e9-4b3b-827f-6d18e045b73f: 72 internal nodes; 2.2 s; peak memory 928 MiB.
2026-10-09T12:33:14Z INFO [3105/5000] b869a43b-8ff3-4d63-93f9-aa8b53ff0375: 61 internal nodes; 7.5 s; peak memory 928 MiB.
2026-10-09T12:33:16Z INFO [3106/5000] b869df9b-5dee-45a6-8131-3f1a55c5c303: 26 internal nodes; 1.5 s; peak memory 928 MiB.
2026-10-09T12:33:17Z INFO [3107/5000] b869dffc-5019-4f83-8e08-1027a9d3ee07: 27 internal nodes; 1.4 s; peak memory 928 MiB.
2026-10-09T12:33:18Z INFO [3108/5000] b86a1a9e-ec65-4174-b20a-1f43aeb1519c: 13 internal nodes; 1.0 s; peak memory 928 MiB.
2026-10-09T12:33:19Z INFO [3109/5000] b86ac091-1949-4362-af7c-d917257d1685: 17 internal nodes; 1.1 s; peak memory 928 MiB.
2026-10-09T12:33:20Z INFO [3110/5000] b86b99f6-984b-4bc9-ba83-2a3fe0bd1b7f: 6 internal nodes; 0.8 s; peak memory 928 MiB.
2026-10-09T12:33:21Z INFO [3111/5000] b86b9a3f-4e0d-4f73-bedb-41fa0cd0cc2d: 17 internal nodes; 1.0 s; peak memory 928 MiB.
2026-10-09T12:33:23Z INFO [3112/5000] b86c6a3e-2642-4293-a322-05065a8c51c5: 31 internal nodes; 1.8 s; peak memory 928 MiB.
2026-10-09T12:33:28Z INFO [3113/5000] b86caa97-dfc2-48cc-bde2-530db9329cde: 73 internal nodes; 5.7 s; peak memory 928 MiB.
2026-10-09T12:33:30Z INFO [3114/5000] b86d3838-dca0-46ec-a67d-35acdecd5499: 27 internal nodes; 1.4 s; peak memory 928 MiB.
2026-10-09T12:33:31Z INFO [3115/5000] b86d7e86-03f9-4288-afc8-d8e3bd8479a0: 24 internal nodes; 1.7 s; peak memory 928 MiB.
2026-10-09T12:33:33Z INFO [3116/5000] b86e31c5-004a-41bb-8b70-2168147e3122: 58 internal nodes; 1.7 s; peak memory 928 MiB.
2026-10-09T12:33:35Z INFO [3117/5000] b86ee1f6-0956-49b8-a7fb-d67e0f4fa208: 65 internal nodes; 2.1 s; peak memory 928 MiB.
2026-10-09T12:33:49Z INFO [3118/5000] b86f16b1-5989-4bbd-8669-aeb73f6b9b0a: 133 internal nodes; 14.3 s; peak memory 928 MiB.
2026-10-09T12:33:51Z INFO [3119/5000] b86f22b7-ae9c-4277-ad62-e100a4c03b44: 17 internal nodes; 1.1 s; peak memory 928 MiB.
2026-10-09T12:33:52Z INFO [3120/5000] b86f287a-4eae-4000-8802-2908f4b54b5a: 24 internal nodes; 1.5 s; peak memory 928 MiB.
2026-10-09T12:33:54Z INFO [3121/5000] b86fce22-e5b2-4aa5-9b59-4bec4c0f8be0: 37 internal nodes; 1.6 s; peak memory 928 MiB.
2026-10-09T12:33:55Z INFO [3122/5000] b870419d-fdca-4547-9a39-8523fa0525af: 27 internal nodes; 1.6 s; peak memory 928 MiB.
2026-10-09T12:33:56Z INFO [3123/5000] b870cfe1-01cf-47fa-8c77-fddf3e62a793: 27 internal nodes; 0.8 s; peak memory 928 MiB.
2026-10-09T12:33:57Z INFO [3124/5000] b8729b03-5333-4a76-abd6-bf3f0efc59b2: 115 internal nodes; 1.4 s; peak memory 928 MiB.
2026-10-09T12:34:06Z INFO [3125/5000] b872ba51-70a0-48aa-9694-4743b1bc017e: 198 internal nodes; 8.3 s; peak memory 928 MiB.
2026-10-09T12:34:07Z INFO [3126/5000] b872de43-07b4-4849-8dcb-1d912e731f01: 23 internal nodes; 1.3 s; peak memory 928 MiB.
2026-10-09T12:34:08Z INFO [3127/5000] b87337f4-2d63-40c8-9193-672f91ac1102: 15 internal nodes; 1.0 s; peak memory 928 MiB.
2026-10-09T12:34:14Z INFO [3128/5000] b87342bd-c278-4705-83a3-63532e797928: 73 internal nodes; 5.9 s; peak memory 928 MiB.
2026-10-09T12:34:15Z INFO [3129/5000] b873d045-2719-4d56-891f-8cdab43eea91: 17 internal nodes; 1.1 s; peak memory 928 MiB.
2026-10-09T12:34:16Z INFO [3130/5000] b875931a-0bcb-4a9a-99d0-533f7dfe0440: 17 internal nodes; 1.2 s; peak memory 928 MiB.
2026-10-09T12:34:22Z INFO [3131/5000] b875f0e2-57e4-42ae-928c-5941066af911: 177 internal nodes; 6.0 s; peak memory 928 MiB.
2026-10-09T12:34:23Z INFO [3132/5000] b8760ff6-23c3-4aaf-9b43-80ef62f93348: 17 internal nodes; 1.1 s; peak memory 928 MiB.
2026-10-09T12:34:26Z INFO [3133/5000] b8773f18-be5f-419a-9a95-14e469968a80: 44 internal nodes; 2.4 s; peak memory 928 MiB.
2026-10-09T12:34:28Z INFO [3134/5000] b877f76d-4b44-4241-b3c6-4f8573b070fb: 59 internal nodes; 2.1 s; peak memory 928 MiB.
2026-10-09T12:34:29Z INFO [3135/5000] b8785163-0ef6-40eb-99be-4e1dabb2be98: 17 internal nodes; 1.1 s; peak memory 928 MiB.
2026-10-09T12:34:30Z INFO [3136/5000] b8787efc-f997-4e17-8b31-8b664bd0c210: 29 internal nodes; 1.5 s; peak memory 928 MiB.
2026-10-09T12:34:32Z INFO [3137/5000] b878b4bf-6f07-412e-b9cd-2685f21d4327: 29 internal nodes; 1.9 s; peak memory 928 MiB.
2026-10-09T12:34:44Z INFO [3138/5000] b8794803-4f1f-49a8-b14d-ddb92c37e23a: 777 internal nodes; 11.8 s; peak memory 928 MiB.
2026-10-09T12:34:45Z INFO [3139/5000] b879d5f6-b0ae-4695-9a58-27945ae8cf36: 27 internal nodes; 1.5 s; peak memory 928 MiB.
2026-10-09T12:34:47Z INFO [3140/5000] b879e583-1460-4dc3-abfe-701859ab7df5: 22 internal nodes; 1.2 s; peak memory 928 MiB.
2026-10-09T12:34:47Z INFO [3141/5000] b87a3a8c-ed2f-46a3-b307-4d98f9aa32b8: 26 internal nodes; 0.8 s; peak memory 928 MiB.
2026-10-09T12:34:49Z INFO [3142/5000] b87a9c58-fa66-4b51-baf2-1dd613a034b9: 56 internal nodes; 1.7 s; peak memory 928 MiB.
2026-10-09T12:34:50Z INFO [3143/5000] b87aa448-8add-49bb-86be-a2788f7bb8cc: 17 internal nodes; 1.1 s; peak memory 928 MiB.
2026-10-09T12:34:51Z INFO [3144/5000] b87acf88-de88-41e1-9ad5-a3d0ace201ff: 13 internal nodes; 0.8 s; peak memory 928 MiB.
2026-10-09T12:34:52Z INFO [3145/5000] b87b5b9f-dd18-4506-a5ba-84fe1c22a490: 17 internal nodes; 1.1 s; peak memory 928 MiB.
2026-10-09T12:34:54Z INFO [3146/5000] b87c2eb1-18f4-45bb-91cd-b1b30ab4f73c: 24 internal nodes; 2.3 s; peak memory 928 MiB.
2026-10-09T12:34:55Z INFO [3147/5000] b87c77db-50ce-4989-a130-a183202ff1aa: 17 internal nodes; 1.1 s; peak memory 928 MiB.
2026-10-09T12:35:02Z INFO [3148/5000] b87ccb0e-4b7b-4717-a70e-0b1375aa0cc8: 177 internal nodes; 6.6 s; peak memory 928 MiB.
2026-10-09T12:35:03Z INFO [3149/5000] b87d8a2b-97df-409e-b1fb-57cad0df88e0: 26 internal nodes; 1.0 s; peak memory 928 MiB.
2026-10-09T12:35:04Z INFO [3150/5000] b87ddaf1-cf7e-4b0a-9912-1ebcc032f243: 11 internal nodes; 0.9 s; peak memory 928 MiB.
2026-10-09T12:35:04Z INFO [3150/5000] b87ddaf1-cf7e-4b0a-9912-1ebcc032f243: checkpointed 135788 new records.
2026-10-09T12:35:06Z INFO [3151/5000] b87e51dd-f9dc-400f-8027-9eb8e63474e1: 27 internal nodes; 1.2 s; peak memory 928 MiB.
2026-10-09T12:35:07Z INFO [3152/5000] b87e884a-bde6-41bc-af1f-fa8e0e9f2a5c: 29 internal nodes; 1.4 s; peak memory 928 MiB.
2026-10-09T12:35:18Z INFO [3153/5000] b87e9ab7-1066-4f45-ab14-612fff4fa682: 179 internal nodes; 10.5 s; peak memory 928 MiB.
2026-10-09T12:35:19Z INFO [3154/5000] b87f6139-b23c-43c3-9661-ef9283839670: 29 internal nodes; 1.6 s; peak memory 928 MiB.
2026-10-09T12:35:20Z INFO [3155/5000] b87f70b8-ce31-49f8-9779-a2cac59c4670: 13 internal nodes; 1.1 s; peak memory 928 MiB.
2026-10-09T12:35:22Z INFO [3156/5000] b88104d7-9394-4528-ba2b-0387c92b33bf: 31 internal nodes; 1.6 s; peak memory 928 MiB.
2026-10-09T12:35:23Z INFO [3157/5000] b88274ad-d7ee-4e39-95af-fab977ce9474: 34 internal nodes; 1.2 s; peak memory 928 MiB.
2026-10-09T12:35:24Z INFO [3158/5000] b8839959-7d2c-4ec1-a675-2c1af9a67a98: 90 internal nodes; 1.4 s; peak memory 928 MiB.
2026-10-09T12:35:26Z INFO [3159/5000] b884301b-4e94-46f2-82d8-e583d308958f: 53 internal nodes; 1.6 s; peak memory 928 MiB.
2026-10-09T12:35:28Z INFO [3160/5000] b884bdf3-1ef3-4dac-8c6a-11be8757fe76: 56 internal nodes; 1.7 s; peak memory 928 MiB.
2026-10-09T12:35:29Z INFO [3161/5000] b884db1f-b59c-4995-9871-6cb18e8c77e5: 17 internal nodes; 1.1 s; peak memory 928 MiB.
2026-10-09T12:35:30Z INFO [3162/5000] b886068a-dede-4299-9dd8-9abf8603774e: 27 internal nodes; 1.5 s; peak memory 928 MiB.
2026-10-09T12:35:31Z INFO [3163/5000] b8866baf-2586-4c55-b5f1-ea62796dce90: 19 internal nodes; 1.0 s; peak memory 928 MiB.
2026-10-09T12:35:42Z INFO [3164/5000] b88737ff-99ba-42c1-978f-7b94c98cd756: 57 internal nodes; 10.9 s; peak memory 928 MiB.
2026-10-09T12:35:43Z INFO [3165/5000] b8879a6e-8495-4a16-b283-0fe753044412: 17 internal nodes; 1.0 s; peak memory 928 MiB.
2026-10-09T12:35:46Z INFO [3166/5000] b887a9fe-531a-41ed-b6e2-3812d8da63d3: 21 internal nodes; 2.6 s; peak memory 928 MiB.
2026-10-09T12:35:47Z INFO [3167/5000] b8889b14-2836-41c1-b06a-ac8aa7e2bbe1: 13 internal nodes; 0.9 s; peak memory 928 MiB.
2026-10-09T12:35:48Z INFO [3168/5000] b88925ce-eb52-4859-9a24-f2d59a953bb4: 17 internal nodes; 0.9 s; peak memory 928 MiB.
2026-10-09T12:35:49Z INFO [3169/5000] b88a9590-1098-4325-9508-3119fd25bd54: 17 internal nodes; 1.1 s; peak memory 928 MiB.
2026-10-09T12:35:50Z INFO [3170/5000] b88b08d5-fc01-4a2e-aa67-c620fdc461c3: 27 internal nodes; 1.4 s; peak memory 928 MiB.
2026-10-09T12:35:51Z INFO [3171/5000] b88b7f00-744a-40e3-a562-ddd576f009ec: 11 internal nodes; 0.8 s; peak memory 928 MiB.
2026-10-09T12:35:53Z INFO [3172/5000] b88bef00-7f87-442b-8cd8-f4036d0af25a: 40 internal nodes; 1.8 s; peak memory 928 MiB.
2026-10-09T12:35:54Z INFO [3173/5000] b88dc965-ea5d-47d7-a233-46ceb515ac21: 27 internal nodes; 1.5 s; peak memory 928 MiB.
2026-10-09T12:35:56Z INFO [3174/5000] b88e9157-555d-4a8f-b613-771efd175380: 60 internal nodes; 1.8 s; peak memory 928 MiB.
2026-10-09T12:35:57Z INFO [3175/5000] b88fc13c-c373-4af5-a107-daf92de14eec: 17 internal nodes; 1.0 s; peak memory 928 MiB.
2026-10-09T12:35:58Z INFO [3176/5000] b88fdd06-eb18-4b42-895f-2e0cd4b0cffa: 27 internal nodes; 1.4 s; peak memory 928 MiB.
2026-10-09T12:36:00Z INFO [3177/5000] b88ff18c-6ef5-4b3d-a251-d16d391adffc: 55 internal nodes; 1.5 s; peak memory 928 MiB.
2026-10-09T12:36:08Z INFO [3178/5000] b890b0b5-4aed-4a2a-8d5e-2171e799db42: 1234 internal nodes; 7.8 s; peak memory 928 MiB.
2026-10-09T12:36:10Z INFO [3179/5000] b891ae8a-857d-4018-a35b-3e25b16ffd3c: 37 internal nodes; 2.0 s; peak memory 928 MiB.
2026-10-09T12:36:15Z INFO [3180/5000] b891d985-6342-4133-b08c-3ec033435eb3: 73 internal nodes; 5.4 s; peak memory 928 MiB.
2026-10-09T12:36:16Z INFO [3181/5000] b892154a-cfb7-4cc6-9d0e-303787673402: 17 internal nodes; 1.2 s; peak memory 928 MiB.
2026-10-09T12:36:17Z INFO [3182/5000] b8923423-693c-471d-a3f7-f173a0687e23: 17 internal nodes; 1.1 s; peak memory 928 MiB.
2026-10-09T12:36:37Z INFO [3183/5000] b892b474-ebeb-4e93-a691-d9a07d11e38f: 208 internal nodes; 19.7 s; peak memory 928 MiB.
2026-10-09T12:36:38Z INFO [3184/5000] b89344fe-eb2a-43fb-add9-88abcdd07955: 17 internal nodes; 1.2 s; peak memory 928 MiB.
2026-10-09T12:36:39Z INFO [3185/5000] b893aef4-537b-4737-87b3-fb682e8473d8: 17 internal nodes; 1.1 s; peak memory 928 MiB.
2026-10-09T12:36:40Z INFO [3186/5000] b8951f01-42e2-4c10-a13f-e3d2dffeeba1: 17 internal nodes; 1.2 s; peak memory 928 MiB.
2026-10-09T12:36:42Z INFO [3187/5000] b8952857-7b66-4aa9-a2c1-42776a6bcbdc: 55 internal nodes; 1.6 s; peak memory 928 MiB.
2026-10-09T12:36:43Z INFO [3188/5000] b896a703-22af-47b8-854c-e104f7a08bfd: 17 internal nodes; 1.1 s; peak memory 928 MiB.
2026-10-09T12:36:45Z INFO [3189/5000] b8970197-d799-4c31-a9b2-de38fb52104a: 27 internal nodes; 1.5 s; peak memory 928 MiB.
2026-10-09T12:36:46Z INFO [3190/5000] b89735ae-26f1-487a-a975-88b4cdbc535a: 27 internal nodes; 1.3 s; peak memory 928 MiB.
2026-10-09T12:36:48Z INFO [3191/5000] b8978a6f-f877-4128-8176-32323f3c8eb7: 61 internal nodes; 1.6 s; peak memory 928 MiB.
2026-10-09T12:37:00Z INFO [3192/5000] b8986c95-5516-42fe-874f-1bf084164e19: 87 internal nodes; 12.4 s; peak memory 928 MiB.
2026-10-09T12:37:06Z INFO [3193/5000] b898afaa-b798-40b1-877d-0147dd448e17: 67 internal nodes; 6.4 s; peak memory 928 MiB.
2026-10-09T12:37:07Z INFO [3194/5000] b89a4158-5e5b-4e1d-89cd-daf9380a6066: 17 internal nodes; 1.1 s; peak memory 928 MiB.
2026-10-09T12:37:09Z INFO [3195/5000] b89a9786-7428-4dcb-a191-2c7259bb3ceb: 17 internal nodes; 1.1 s; peak memory 928 MiB.
2026-10-09T12:37:10Z INFO [3196/5000] b89bbcc4-f020-411f-84ec-90d9d17e5123: 27 internal nodes; 1.6 s; peak memory 928 MiB.
2026-10-09T12:37:21Z INFO [3197/5000] b89bbf6b-0b92-401d-8a5a-3f4d3561a169: 208 internal nodes; 10.9 s; peak memory 928 MiB.
2026-10-09T12:37:22Z INFO [3198/5000] b89c167a-68bc-4fb6-a44b-d8bd424001a8: 17 internal nodes; 1.0 s; peak memory 928 MiB.
2026-10-09T12:37:23Z INFO [3199/5000] b89c4166-83e7-4b3a-bcdb-e12a1684c392: 17 internal nodes; 1.0 s; peak memory 928 MiB.
2026-10-09T12:37:25Z INFO [3200/5000] b89d0cb3-6054-4bf6-9f9c-a3002e35f714: 31 internal nodes; 1.9 s; peak memory 928 MiB.
2026-10-09T12:37:25Z INFO [3200/5000] b89d0cb3-6054-4bf6-9f9c-a3002e35f714: checkpointed 135838 new records.
2026-10-09T12:37:32Z INFO [3201/5000] b89d3e3b-58ac-4708-a40f-3016a8762ee5: 52 internal nodes; 6.4 s; peak memory 928 MiB.
2026-10-09T12:37:33Z INFO [3202/5000] b89d65ed-70e5-4afb-b262-000bcc194464: 17 internal nodes; 1.1 s; peak memory 928 MiB.
2026-10-09T12:37:34Z INFO [3203/5000] b89e653d-ed70-43d7-b54a-845aef2c82dc: 17 internal nodes; 1.1 s; peak memory 928 MiB.
2026-10-09T12:37:35Z INFO [3204/5000] b89f3d28-8763-481d-8257-af7dade862d6: 26 internal nodes; 0.9 s; peak memory 928 MiB.
2026-10-09T12:37:36Z INFO [3205/5000] b89fb321-1f18-4894-9416-1207b87ffe05: 17 internal nodes; 1.0 s; peak memory 928 MiB.
2026-10-09T12:37:37Z INFO [3206/5000] b89fc198-2940-4778-8451-086663a5a605: 19 internal nodes; 1.1 s; peak memory 928 MiB.
2026-10-09T12:37:38Z INFO [3207/5000] b89fd7b3-9ea3-42e6-acb3-5587b1f218c2: 27 internal nodes; 1.3 s; peak memory 928 MiB.
2026-10-09T12:37:39Z INFO [3208/5000] b8a043d3-4214-4f7e-b9dc-4373c0572a56: 13 internal nodes; 1.2 s; peak memory 928 MiB.
2026-10-09T12:37:41Z INFO [3209/5000] b8a169a6-4df0-4bf8-933d-8d4a8570da17: 27 internal nodes; 1.4 s; peak memory 928 MiB.
2026-10-09T12:37:42Z INFO [3210/5000] b8a2634d-fbf6-4fe5-a0c6-ec8dd44e7416: 116 internal nodes; 1.6 s; peak memory 928 MiB.
2026-10-09T12:37:43Z INFO [3211/5000] b8a2678d-d385-48c1-9880-13053394b725: 16 internal nodes; 1.0 s; peak memory 928 MiB.
2026-10-09T12:37:53Z INFO [3212/5000] b8a3100e-387f-4960-bc2b-b61e8f77b95a: 44 internal nodes; 9.2 s; peak memory 928 MiB.
2026-10-09T12:38:06Z INFO [3213/5000] b8a3ca49-62ff-48c0-92ca-ea82d6f8425f: 272 internal nodes; 13.1 s; peak memory 928 MiB.
2026-10-09T12:38:15Z INFO [3214/5000] b8a3dbbe-b029-4e90-8121-066ecedb134b: 44 internal nodes; 9.2 s; peak memory 928 MiB.
2026-10-09T12:38:16Z INFO [3215/5000] b8a4018e-918d-4289-bbc4-be60a2e24503: 114 internal nodes; 1.3 s; peak memory 928 MiB.
2026-10-09T12:38:17Z INFO [3216/5000] b8a5ae05-ef60-48e4-98cd-f71226c35078: 15 internal nodes; 1.0 s; peak memory 928 MiB.
2026-10-09T12:38:19Z INFO [3217/5000] b8a68454-c84e-4c25-bcbe-add7bab461fe: 116 internal nodes; 1.3 s; peak memory 928 MiB.
2026-10-09T12:38:20Z INFO [3218/5000] b8a820c0-89ae-4e5f-ace1-3bbe005bda2b: 30 internal nodes; 1.2 s; peak memory 928 MiB.
2026-10-09T12:38:21Z INFO [3219/5000] b8a862bb-20f6-4983-b6ae-7ac39c20794a: 31 internal nodes; 1.5 s; peak memory 928 MiB.
2026-10-09T12:38:24Z INFO [3220/5000] b8a86cbd-e76d-4202-8b8b-7ce27faa8e02: 46 internal nodes; 2.4 s; peak memory 928 MiB.
2026-10-09T12:38:31Z INFO [3221/5000] b8a8888b-5233-4416-bb8c-e6a6acc40fc0: 61 internal nodes; 7.3 s; peak memory 928 MiB.
2026-10-09T12:38:33Z INFO [3222/5000] b8a8c71d-928d-4ddd-aba8-b2f0d15dbb00: 32 internal nodes; 2.0 s; peak memory 928 MiB.
2026-10-09T12:38:35Z INFO [3223/5000] b8a8daa9-0bef-47cd-b029-6b6b661ebfa1: 59 internal nodes; 1.5 s; peak memory 928 MiB.
2026-10-09T12:38:36Z INFO [3224/5000] b8a8eab9-5c7b-474c-9243-087e6cfe786c: 25 internal nodes; 1.7 s; peak memory 928 MiB.
2026-10-09T12:38:38Z INFO [3225/5000] b8a9832f-5877-4df6-8a4b-6f79cf8b10ae: 53 internal nodes; 1.6 s; peak memory 928 MiB.
2026-10-09T12:38:39Z INFO [3226/5000] b8a98eec-3028-46a1-9a26-cde7d9481437: 17 internal nodes; 1.1 s; peak memory 928 MiB.
2026-10-09T12:38:40Z INFO [3227/5000] b8a9c9f8-2d09-4f0d-b262-45b470b7ee2b: 27 internal nodes; 1.4 s; peak memory 928 MiB.
2026-10-09T12:38:42Z INFO [3228/5000] b8aa20b8-379a-41d3-a057-7554874bb070: 27 internal nodes; 1.4 s; peak memory 928 MiB.
2026-10-09T12:38:43Z INFO [3229/5000] b8ab0185-a4e0-428f-9d29-0c4c0c533ad6: 22 internal nodes; 0.9 s; peak memory 928 MiB.
2026-10-09T12:38:44Z INFO [3230/5000] b8ab4cef-f3d5-4f78-ba7e-d3c2842a87d0: 31 internal nodes; 1.7 s; peak memory 928 MiB.
2026-10-09T12:38:45Z INFO [3231/5000] b8abe54b-a864-4ca6-b3f6-fb526fd1d6d7: 17 internal nodes; 1.1 s; peak memory 928 MiB.
2026-10-09T12:38:47Z INFO [3232/5000] b8ac00b4-b881-44e6-b0cf-a20fecf984d8: 36 internal nodes; 1.8 s; peak memory 928 MiB.
2026-10-09T12:38:49Z INFO [3233/5000] b8ac9e1c-5ee6-4497-968b-8dacea9184a9: 27 internal nodes; 1.3 s; peak memory 928 MiB.
2026-10-09T12:38:50Z INFO [3234/5000] b8acc3cd-042a-435d-a7b4-0c010923dbd6: 19 internal nodes; 1.0 s; peak memory 928 MiB.
2026-10-09T12:38:51Z INFO [3235/5000] b8ad0df6-8322-4400-ae23-e5b33cfc4797: 27 internal nodes; 1.2 s; peak memory 928 MiB.
2026-10-09T12:38:52Z INFO [3236/5000] b8adaa31-6444-43e7-af89-1ad885a4b76e: 23 internal nodes; 1.2 s; peak memory 928 MiB.
2026-10-09T12:38:54Z INFO [3237/5000] b8ae97d1-c5d8-49aa-9e76-a51b703ae81a: 44 internal nodes; 2.2 s; peak memory 928 MiB.
2026-10-09T12:38:56Z INFO [3238/5000] b8b07826-7993-449f-8205-2ccb50385e2d: 53 internal nodes; 1.6 s; peak memory 928 MiB.
2026-10-09T12:38:57Z INFO [3239/5000] b8b1245f-bda4-4f64-a049-db3a88774713: 19 internal nodes; 1.0 s; peak memory 928 MiB.
2026-10-09T12:38:58Z INFO [3240/5000] b8b22136-061f-440a-bba5-bb0e627f16aa: 27 internal nodes; 1.4 s; peak memory 928 MiB.
2026-10-09T12:38:59Z INFO [3241/5000] b8b23c94-e092-4c0d-8be9-0909c89c1ae3: 17 internal nodes; 1.1 s; peak memory 928 MiB.
2026-10-09T12:39:01Z INFO [3242/5000] b8b250c6-ab81-4b96-83d7-44e7a8331277: 31 internal nodes; 1.9 s; peak memory 928 MiB.
2026-10-09T12:39:03Z INFO [3243/5000] b8b2dd18-a2b0-4599-a5ec-21c433938945: 27 internal nodes; 1.5 s; peak memory 928 MiB.
2026-10-09T12:39:04Z INFO [3244/5000] b8b346ac-45e4-433e-b299-0cb1c7ee0bdc: 13 internal nodes; 1.0 s; peak memory 928 MiB.
2026-10-09T12:39:04Z INFO [3245/5000] b8b34dcf-c194-4a63-b528-274cd0b1c7b1: 11 internal nodes; 0.8 s; peak memory 928 MiB.
2026-10-09T12:39:11Z INFO [3246/5000] b8b43736-4e87-475a-9f29-fee4e27d1f29: 80 internal nodes; 6.7 s; peak memory 928 MiB.
2026-10-09T12:39:13Z INFO [3247/5000] b8b447e9-da27-4188-a97c-1b72b7c0afac: 27 internal nodes; 1.6 s; peak memory 928 MiB.
2026-10-09T12:39:14Z INFO [3248/5000] b8b517df-08c2-41c7-98b3-55812c61eff1: 19 internal nodes; 1.0 s; peak memory 928 MiB.
2026-10-09T12:39:16Z INFO [3249/5000] b8b59102-4e68-4b0c-a1eb-00bcfbb379e4: 31 internal nodes; 1.8 s; peak memory 928 MiB.
2026-10-09T12:39:58Z INFO [3250/5000] b8b5c6e0-e69b-482d-b1f2-d2821079bc32: 373 internal nodes; 42.3 s; peak memory 928 MiB.
2026-10-09T12:39:58Z INFO [3250/5000] b8b5c6e0-e69b-482d-b1f2-d2821079bc32: checkpointed 135888 new records.
2026-10-09T12:39:59Z INFO [3251/5000] b8b69245-765e-47ac-b120-bf7ef6ddcf6f: 18 internal nodes; 0.9 s; peak memory 928 MiB.
2026-10-09T12:40:01Z INFO [3252/5000] b8b6ea5c-1bbc-489a-8aa8-4c60b6ebd116: 67 internal nodes; 1.9 s; peak memory 928 MiB.
2026-10-09T12:40:03Z INFO [3253/5000] b8b73d2a-0ebe-452e-9dd3-bc884bb23474: 31 internal nodes; 1.5 s; peak memory 928 MiB.
2026-10-09T12:40:06Z INFO [3254/5000] b8b79d9b-de14-46d7-a559-a2558b1d7139: 41 internal nodes; 3.4 s; peak memory 928 MiB.
2026-10-09T12:40:18Z INFO [3255/5000] b8b7ce3c-dfa8-458e-9596-699315661aca: 71 internal nodes; 12.2 s; peak memory 928 MiB.
2026-10-09T12:40:24Z INFO [3256/5000] b8b7f851-80d4-47f2-b6b5-d2ddc56daecb: 107 internal nodes; 5.6 s; peak memory 928 MiB.
2026-10-09T12:40:25Z INFO [3257/5000] b8b88564-421b-465f-af11-5f19ea5b7c52: 17 internal nodes; 1.0 s; peak memory 928 MiB.
2026-10-09T12:40:30Z INFO [3258/5000] b8b951d9-6729-45cf-81c9-4b38eb7f957d: 53 internal nodes; 4.5 s; peak memory 928 MiB.
2026-10-09T12:40:31Z INFO [3259/5000] b8b9687b-720d-4093-982f-c460232acf53: 17 internal nodes; 1.0 s; peak memory 928 MiB.
2026-10-09T12:40:32Z INFO [3260/5000] b8ba61bd-4c66-4243-91c0-1488985f09de: 19 internal nodes; 1.0 s; peak memory 928 MiB.
2026-10-09T12:40:33Z INFO [3261/5000] b8ba66d3-02b7-4360-9c31-880a234e50fa: 116 internal nodes; 1.5 s; peak memory 928 MiB.
2026-10-09T12:40:34Z INFO [3262/5000] b8bb1bf7-9604-4104-94e4-4ec5bceb371d: 22 internal nodes; 1.1 s; peak memory 928 MiB.
2026-10-09T12:40:35Z INFO [3263/5000] b8bb2a0d-49df-4271-b8ca-605f5601f47b: 17 internal nodes; 1.1 s; peak memory 928 MiB.
2026-10-09T12:41:14Z INFO [3264/5000] b8bbc93f-e5ce-4da8-aa04-eb59d4328d9c: 3736 internal nodes; 38.9 s; peak memory 928 MiB.
2026-10-09T12:41:15Z INFO [3265/5000] b8bc3a5a-2134-47fb-922f-bbc661cef1ae: 17 internal nodes; 1.0 s; peak memory 928 MiB.
2026-10-09T12:41:16Z INFO [3266/5000] b8bcced3-d720-4770-bcee-6271cf4f0844: 17 internal nodes; 1.0 s; peak memory 928 MiB.
2026-10-09T12:41:19Z INFO [3267/5000] b8bd12db-ea4b-41ed-b0cc-4a167ee23b6e: 49 internal nodes; 2.8 s; peak memory 928 MiB.
2026-10-09T12:41:30Z INFO [3268/5000] b8bd688f-231e-4144-b4e8-388f13e2a50e: 234 internal nodes; 10.8 s; peak memory 928 MiB.
2026-10-09T12:41:32Z INFO [3269/5000] b8bd9172-9206-48b7-9b1a-fe35fd18abdb: 66 internal nodes; 2.3 s; peak memory 928 MiB.
2026-10-09T12:41:33Z INFO [3270/5000] b8be0bbc-ef4e-43ff-9429-71dc85e73961: 17 internal nodes; 1.1 s; peak memory 928 MiB.
2026-10-09T12:41:38Z INFO [3271/5000] b8be5185-2ae6-42f7-9f27-27a6e665150d: 57 internal nodes; 4.9 s; peak memory 928 MiB.
2026-10-09T12:41:40Z INFO [3272/5000] b8be83a9-ed77-4c02-a6f4-8b38a3998713: 27 internal nodes; 1.3 s; peak memory 928 MiB.
2026-10-09T12:41:52Z INFO [3273/5000] b8c0a3dc-b34c-4ef7-972c-452ece7350e2: 215 internal nodes; 12.0 s; peak memory 928 MiB.
2026-10-09T12:41:53Z INFO [3274/5000] b8c0b131-1615-4302-ac2f-6c2be7f592cc: 115 internal nodes; 1.4 s; peak memory 928 MiB.
2026-10-09T12:41:54Z INFO [3275/5000] b8c0db3f-2a4f-41bb-ad3f-926d3c5f041d: 18 internal nodes; 1.3 s; peak memory 928 MiB.
2026-10-09T12:41:57Z INFO [3276/5000] b8c1b349-b2fc-466b-9a9b-513039e41d7a: 30 internal nodes; 2.4 s; peak memory 928 MiB.
2026-10-09T12:41:59Z INFO [3277/5000] b8c206cb-fadc-4e27-8a79-9a682e36657e: 44 internal nodes; 2.5 s; peak memory 928 MiB.
2026-10-09T12:42:02Z INFO [3278/5000] b8c20ffd-ca8b-4f6f-aa01-a472bfdf6122: 33 internal nodes; 2.4 s; peak memory 928 MiB.
2026-10-09T12:42:03Z INFO [3279/5000] b8c2e2b0-97f4-43f1-9423-57c27c2eb040: 22 internal nodes; 1.5 s; peak memory 928 MiB.
2026-10-09T12:42:05Z INFO [3280/5000] b8c31441-d0a4-4449-a65b-9fde7b0c3e60: 25 internal nodes; 1.8 s; peak memory 928 MiB.
2026-10-09T12:42:06Z INFO [3281/5000] b8c357df-b8f9-48a2-aed5-ecead6a359b5: 26 internal nodes; 0.8 s; peak memory 928 MiB.
2026-10-09T12:42:06Z INFO [3282/5000] b8c371b5-9f0a-4108-b135-ef2cadebd641: 11 internal nodes; 0.7 s; peak memory 928 MiB.
2026-10-09T12:42:08Z INFO [3283/5000] b8c49985-7bf8-44d9-8e36-a9f297eb0ba1: 29 internal nodes; 1.7 s; peak memory 928 MiB.
2026-10-09T12:42:09Z INFO [3284/5000] b8c50c38-e20a-4a0b-887a-41e31ef8b8bd: 17 internal nodes; 1.0 s; peak memory 928 MiB.
2026-10-09T12:42:10Z INFO [3285/5000] b8c54172-cc60-4882-8053-d2bd0cde2169: 31 internal nodes; 1.5 s; peak memory 928 MiB.
2026-10-09T12:42:12Z INFO [3286/5000] b8c568f1-f113-4531-be51-40474fde1220: 17 internal nodes; 1.1 s; peak memory 928 MiB.
2026-10-09T12:42:13Z INFO [3287/5000] b8c5eb81-1c3a-4c56-851e-622e79ff8fac: 27 internal nodes; 1.4 s; peak memory 928 MiB.
2026-10-09T12:42:21Z INFO [3288/5000] b8c5f849-2334-4993-9183-e3b859726410: 177 internal nodes; 8.2 s; peak memory 928 MiB.
2026-10-09T12:42:23Z INFO [3289/5000] b8c69c4a-0c97-4f73-9481-8843acdfd1e3: 116 internal nodes; 1.5 s; peak memory 928 MiB.
2026-10-09T12:42:24Z INFO [3290/5000] b8c6b1f1-87c0-4cbb-9c7b-92441ef4aca0: 54 internal nodes; 1.4 s; peak memory 928 MiB.
2026-10-09T12:42:25Z INFO [3291/5000] b8c6dcd4-51d4-41fa-8fe3-5dcc21974216: 27 internal nodes; 1.4 s; peak memory 928 MiB.
2026-10-09T12:42:27Z INFO [3292/5000] b8c76323-0ed4-4cfc-a901-a6e1d65434cb: 17 internal nodes; 1.1 s; peak memory 928 MiB.
2026-10-09T12:42:30Z INFO [3293/5000] b8c82f8b-6660-4e30-b1aa-bda270563410: 41 internal nodes; 3.4 s; peak memory 928 MiB.
2026-10-09T12:42:31Z INFO [3294/5000] b8c86684-e780-449f-bc2b-e889bbfcee42: 26 internal nodes; 1.0 s; peak memory 928 MiB.
2026-10-09T12:42:32Z INFO [3295/5000] b8c895e1-f8b8-4cf9-9333-5d0dcd2be253: 17 internal nodes; 1.1 s; peak memory 928 MiB.
2026-10-09T12:42:33Z INFO [3296/5000] b8c939ce-ab26-4ad1-b537-848ef82afd68: 26 internal nodes; 0.8 s; peak memory 928 MiB.
2026-10-09T12:42:34Z INFO [3297/5000] b8c94af3-6006-4acf-9086-71472a6a45c9: 27 internal nodes; 1.4 s; peak memory 928 MiB.
2026-10-09T12:42:36Z INFO [3298/5000] b8c986e4-d6bd-458a-9275-9a2f9fb10631: 21 internal nodes; 1.2 s; peak memory 928 MiB.
2026-10-09T12:42:37Z INFO [3299/5000] b8c9c29d-3f5f-4973-98d0-7f5dd0543f65: 26 internal nodes; 1.6 s; peak memory 928 MiB.
2026-10-09T12:42:39Z INFO [3300/5000] b8ca52e4-d18a-410f-b777-c6392d86f39f: 115 internal nodes; 1.4 s; peak memory 928 MiB.
2026-10-09T12:42:39Z INFO [3300/5000] b8ca52e4-d18a-410f-b777-c6392d86f39f: checkpointed 135938 new records.
2026-10-09T12:42:40Z INFO [3301/5000] b8cafdf5-bfd3-4c0f-9406-a31be8666cc0: 27 internal nodes; 1.3 s; peak memory 928 MiB.
2026-10-09T12:42:42Z INFO [3302/5000] b8cb4827-9f5c-4f97-93a9-35d99c85b32d: 90 internal nodes; 1.3 s; peak memory 928 MiB.
2026-10-09T12:42:42Z INFO [3303/5000] b8cbacad-27ef-46ba-ae1c-6c13287481a9: 11 internal nodes; 0.8 s; peak memory 928 MiB.
2026-10-09T12:42:43Z INFO [3304/5000] b8cbf333-5088-4d26-9e1f-81342d920a79: 19 internal nodes; 1.1 s; peak memory 928 MiB.
2026-10-09T12:42:46Z INFO [3305/5000] b8cc260d-b2a7-481c-a1f5-32be8af8a73e: 54 internal nodes; 2.4 s; peak memory 928 MiB.
2026-10-09T12:42:47Z INFO [3306/5000] b8ce18bc-309f-4d23-8a2a-7bf09e293b54: 25 internal nodes; 1.3 s; peak memory 928 MiB.
2026-10-09T12:42:48Z INFO [3307/5000] b8ce6727-2a1f-4142-859a-b4178a5dbeca: 19 internal nodes; 1.1 s; peak memory 928 MiB.
2026-10-09T12:42:56Z INFO [3308/5000] b8ceadfd-63e9-4f2b-8ae3-0904f918f966: 65 internal nodes; 8.2 s; peak memory 928 MiB.
2026-10-09T12:42:57Z INFO [3309/5000] b8ceea97-bb1d-4cdb-b1ac-352af131d002: 17 internal nodes; 1.1 s; peak memory 928 MiB.
2026-10-09T12:42:59Z INFO [3310/5000] b8cf8f77-d8d2-4c65-8a09-e74c16daf48f: 27 internal nodes; 1.3 s; peak memory 928 MiB.
2026-10-09T12:43:00Z INFO [3311/5000] b8cfd47a-2a51-45d5-a76f-69a8e525bb7f: 16 internal nodes; 1.0 s; peak memory 928 MiB.
2026-10-09T12:43:01Z INFO [3312/5000] b8d05e11-7210-42cc-b787-28249e3dfbca: 55 internal nodes; 1.5 s; peak memory 928 MiB.
2026-10-09T12:43:07Z INFO [3313/5000] b8d0def8-2af6-493e-b690-3a36aa6ffd65: 68 internal nodes; 6.1 s; peak memory 928 MiB.
2026-10-09T12:43:10Z INFO [3314/5000] b8d1b5b6-26db-426a-aec0-fd5965c835cf: 31 internal nodes; 2.3 s; peak memory 928 MiB.
2026-10-09T12:43:12Z INFO [3315/5000] b8d1cbae-6791-44b1-aaf9-777730d28f82: 44 internal nodes; 2.6 s; peak memory 928 MiB.
2026-10-09T12:43:28Z INFO [3316/5000] b8d1d1cc-4535-41a0-b516-5328493c5a60: 366 internal nodes; 15.6 s; peak memory 928 MiB.
2026-10-09T12:43:30Z INFO [3317/5000] b8d1f988-65ae-4d32-a45c-e6ccaa1be9bd: 31 internal nodes; 1.8 s; peak memory 928 MiB.
2026-10-09T12:43:31Z INFO [3318/5000] b8d28b7d-e713-413e-9815-8e9760dfa70d: 27 internal nodes; 1.4 s; peak memory 928 MiB.
2026-10-09T12:43:33Z INFO [3319/5000] b8d31fb1-9a97-43c1-8297-66f3945b7c0c: 63 internal nodes; 1.5 s; peak memory 928 MiB.
2026-10-09T12:43:34Z INFO [3320/5000] b8d42b11-c279-41b2-b877-4dc56598904f: 24 internal nodes; 1.1 s; peak memory 928 MiB.
2026-10-09T12:43:36Z INFO [3321/5000] b8d4715e-e524-401c-b5e0-596f1f052bf0: 59 internal nodes; 2.2 s; peak memory 928 MiB.
2026-10-09T12:43:38Z INFO [3322/5000] b8d4e31b-f3b8-4038-88b5-e0b1e97c33ea: 31 internal nodes; 1.8 s; peak memory 928 MiB.
2026-10-09T12:43:39Z INFO [3323/5000] b8d4e5e8-e019-4223-9958-836d69a92e97: 26 internal nodes; 1.6 s; peak memory 928 MiB.
2026-10-09T12:43:41Z INFO [3324/5000] b8d55560-202f-4ede-8633-753646d111b2: 31 internal nodes; 1.8 s; peak memory 928 MiB.
2026-10-09T12:43:43Z INFO [3325/5000] b8d5eb6e-5861-4683-8626-d1f25459858a: 27 internal nodes; 1.9 s; peak memory 928 MiB.
2026-10-09T12:43:44Z INFO [3326/5000] b8d6fb47-20fa-4cd6-9a04-978bac203f2e: 17 internal nodes; 1.1 s; peak memory 928 MiB.
2026-10-09T12:43:45Z INFO [3327/5000] b8d73f6c-86e1-4707-81c4-92554b0c2571: 17 internal nodes; 1.0 s; peak memory 928 MiB.
2026-10-09T12:43:59Z INFO [3328/5000] b8d93c15-9874-41d7-adfe-0f9996bf2ab7: 2122 internal nodes; 13.6 s; peak memory 928 MiB.
2026-10-09T12:44:00Z INFO [3329/5000] b8d94f2a-941f-4b59-adeb-c63354ce099f: 26 internal nodes; 1.5 s; peak memory 928 MiB.
2026-10-09T12:44:03Z INFO [3330/5000] b8d98c65-1ece-422c-acf4-eb3bda6664c7: 45 internal nodes; 2.3 s; peak memory 928 MiB.
2026-10-09T12:44:03Z INFO [3331/5000] b8d9f7b1-daae-4c94-84fe-724f51b7ddfc: 13 internal nodes; 0.8 s; peak memory 928 MiB.
2026-10-09T12:44:04Z INFO [3332/5000] b8da177a-1b9b-4d14-b8a9-b6b81ca75d8f: 11 internal nodes; 0.9 s; peak memory 928 MiB.
2026-10-09T12:44:05Z INFO [3333/5000] b8da2463-a065-4d3a-9b53-f266ead357aa: 17 internal nodes; 1.1 s; peak memory 928 MiB.
2026-10-09T12:44:17Z INFO [3334/5000] b8da7657-8e58-4c46-acde-7bf00ab58513: 225 internal nodes; 11.7 s; peak memory 928 MiB.
2026-10-09T12:44:18Z INFO [3335/5000] b8daae56-2784-4233-a167-552fa09ba42e: 23 internal nodes; 1.4 s; peak memory 928 MiB.
2026-10-09T12:44:20Z INFO [3336/5000] b8db50b5-afeb-46a9-a745-1284dcd01443: 17 internal nodes; 1.2 s; peak memory 928 MiB.
2026-10-09T12:44:20Z INFO [3337/5000] b8dbf77d-93e3-4843-b638-5ee5166f8347: 11 internal nodes; 0.7 s; peak memory 928 MiB.
2026-10-09T12:44:28Z INFO [3338/5000] b8de45dd-3327-44bf-9da0-a53bf4e41d35: 133 internal nodes; 7.2 s; peak memory 928 MiB.
2026-10-09T12:44:29Z INFO [3339/5000] b8dee6e5-be4f-43e5-85fb-9313f8e5f91f: 28 internal nodes; 1.3 s; peak memory 928 MiB.
2026-10-09T12:44:30Z INFO [3340/5000] b8dfb5f2-53ae-4e68-a982-45efad97cb41: 63 internal nodes; 1.6 s; peak memory 928 MiB.
2026-10-09T12:44:31Z INFO [3341/5000] b8dfbfe4-43e9-4b61-b06a-3442cf78b00f: 17 internal nodes; 1.0 s; peak memory 928 MiB.
2026-10-09T12:44:33Z INFO [3342/5000] b8e012d2-c343-43fe-baac-3ed16abc126f: 31 internal nodes; 1.7 s; peak memory 928 MiB.
2026-10-09T12:44:35Z INFO [3343/5000] b8e0beec-7d15-4aac-87da-4d426d492164: 31 internal nodes; 1.7 s; peak memory 928 MiB.
2026-10-09T12:44:36Z INFO [3344/5000] b8e122e1-c021-4756-b0d6-97c48946abb0: 11 internal nodes; 0.8 s; peak memory 928 MiB.
2026-10-09T12:44:43Z INFO [3345/5000] b8e14229-33f1-45a7-a880-d5218c6be59c: 61 internal nodes; 7.0 s; peak memory 928 MiB.
2026-10-09T12:44:44Z INFO [3346/5000] b8e17c8a-4e35-4608-b111-afd4444e958a: 17 internal nodes; 1.1 s; peak memory 928 MiB.
2026-10-09T12:44:47Z INFO [3347/5000] b8e2380e-7ceb-4397-9bec-e8e2c789ae3f: 31 internal nodes; 3.2 s; peak memory 928 MiB.
2026-10-09T12:44:49Z INFO [3348/5000] b8e2694d-a0e3-4646-9b2e-850369f24e8c: 31 internal nodes; 1.6 s; peak memory 928 MiB.
2026-10-09T12:44:55Z INFO [3349/5000] b8e31bac-bf1f-4195-ab07-cfc806829460: 140 internal nodes; 6.2 s; peak memory 928 MiB.
2026-10-09T12:45:03Z INFO [3350/5000] b8e38494-e28e-4bb1-b405-2067e760a21d: 177 internal nodes; 8.0 s; peak memory 928 MiB.
2026-10-09T12:45:03Z INFO [3350/5000] b8e38494-e28e-4bb1-b405-2067e760a21d: checkpointed 135988 new records.
2026-10-09T12:45:04Z INFO [3351/5000] b8e61cfc-a74c-438b-a6f5-da01c4cfc9de: 17 internal nodes; 1.0 s; peak memory 928 MiB.
2026-10-09T12:45:13Z INFO [3352/5000] b8e69639-a766-48a5-8429-4195f810eef6: 203 internal nodes; 9.0 s; peak memory 928 MiB.
2026-10-09T12:45:15Z INFO [3353/5000] b8e6f345-9bd1-4bbc-95c6-bf9cae36c6a0: 29 internal nodes; 1.6 s; peak memory 928 MiB.
2026-10-09T12:45:17Z INFO [3354/5000] b8e75e70-1d52-471d-ba53-7fd24e084ef0: 31 internal nodes; 1.7 s; peak memory 928 MiB.
2026-10-09T12:45:18Z INFO [3355/5000] b8e85bf7-1e82-4aba-92e1-dd5c31df03b1: 67 internal nodes; 1.8 s; peak memory 928 MiB.
2026-10-09T12:45:20Z INFO [3356/5000] b8e93528-c96e-43d5-a058-2fc448109fea: 13 internal nodes; 1.3 s; peak memory 928 MiB.
2026-10-09T12:45:21Z INFO [3357/5000] b8ea1945-6cb1-484c-b24e-c309af3f056e: 17 internal nodes; 1.1 s; peak memory 928 MiB.
2026-10-09T12:45:22Z INFO [3358/5000] b8ea613c-3642-4eac-a527-69d389e18d45: 115 internal nodes; 1.3 s; peak memory 928 MiB.
2026-10-09T12:45:24Z INFO [3359/5000] b8eb43bc-6fa1-4176-9308-8f9cc1baee71: 22 internal nodes; 1.4 s; peak memory 928 MiB.
2026-10-09T12:45:25Z INFO [3360/5000] b8ed6db4-ad21-43dc-904b-e61c1cbeb5a3: 17 internal nodes; 1.1 s; peak memory 928 MiB.
2026-10-09T12:45:26Z INFO [3361/5000] b8edc787-5ed3-459f-9390-1cb856b2d764: 27 internal nodes; 1.5 s; peak memory 928 MiB.
2026-10-09T12:45:27Z INFO [3362/5000] b8ee0b54-3d47-4b6f-8aa1-9b511836498b: 11 internal nodes; 0.7 s; peak memory 928 MiB.
2026-10-09T12:45:34Z INFO [3363/5000] b8eee94e-d96f-4156-afa0-6fcc09b65613: 78 internal nodes; 6.7 s; peak memory 928 MiB.
2026-10-09T12:45:35Z INFO [3364/5000] b8ef2528-9f1d-462f-baf6-81435da89128: 19 internal nodes; 1.1 s; peak memory 928 MiB.
2026-10-09T12:45:38Z INFO [3365/5000] b8ef4b2a-ddd1-4f32-97c1-312139ba9fd6: 56 internal nodes; 3.9 s; peak memory 928 MiB.
2026-10-09T12:45:41Z INFO [3366/5000] b8ef8a5b-e37c-434c-a233-a21cc58be109: 57 internal nodes; 2.1 s; peak memory 928 MiB.
2026-10-09T12:45:55Z INFO [3367/5000] b8efb99b-74b8-4ddc-90f2-af5f86136372: 223 internal nodes; 14.6 s; peak memory 928 MiB.
2026-10-09T12:45:56Z INFO [3368/5000] b8f02b29-398f-4dd6-8245-cc0d4fc4fe9d: 17 internal nodes; 1.1 s; peak memory 928 MiB.
2026-10-09T12:45:57Z INFO [3369/5000] b8f03997-e149-459b-9b31-bb43114c8898: 11 internal nodes; 0.9 s; peak memory 928 MiB.
2026-10-09T12:46:00Z INFO [3370/5000] b8f0f55a-b0aa-40e0-a270-781f788463cd: 44 internal nodes; 3.0 s; peak memory 928 MiB.
2026-10-09T12:46:01Z INFO [3371/5000] b8f1ab0a-21a5-450f-ac3a-fe2897defe83: 17 internal nodes; 0.9 s; peak memory 928 MiB.
2026-10-09T12:46:03Z INFO [3372/5000] b8f1d96e-9c44-48ee-bf47-b2c866dc96ac: 63 internal nodes; 1.6 s; peak memory 928 MiB.
2026-10-09T12:46:04Z INFO [3373/5000] b8f2174b-8e76-43f3-a52f-ba3aa03bf420: 23 internal nodes; 1.4 s; peak memory 928 MiB.
2026-10-09T12:46:05Z INFO [3374/5000] b8f234e2-d08a-494b-8914-4c45f41acff7: 17 internal nodes; 1.1 s; peak memory 928 MiB.
2026-10-09T12:46:06Z INFO [3375/5000] b8f2cecc-02d0-4e87-90e9-cd3e44b5e32d: 11 internal nodes; 1.0 s; peak memory 928 MiB.
2026-10-09T12:46:12Z INFO [3376/5000] b8f36b74-eb79-456e-8cb9-3f6626fa1cf1: 108 internal nodes; 5.6 s; peak memory 928 MiB.
2026-10-09T12:46:13Z INFO [3377/5000] b8f3cab7-61e6-4752-ae4a-06d0b357fa84: 31 internal nodes; 1.7 s; peak memory 928 MiB.
2026-10-09T12:46:28Z INFO [3378/5000] b8f3cf2d-6509-4f39-99fc-9436fea44103: 348 internal nodes; 14.5 s; peak memory 928 MiB.
2026-10-09T12:46:41Z INFO [3379/5000] b8f3feea-6324-47fd-a030-9199151822a2: 235 internal nodes; 13.4 s; peak memory 928 MiB.
2026-10-09T12:46:43Z INFO [3380/5000] b8f400f2-0f91-434c-82c4-754cac70612c: 30 internal nodes; 1.5 s; peak memory 928 MiB.
2026-10-09T12:46:44Z INFO [3381/5000] b8f48583-63da-4320-a6f6-caece7ddb904: 17 internal nodes; 1.1 s; peak memory 928 MiB.
2026-10-09T12:46:45Z INFO [3382/5000] b8f55ca0-17cb-4839-83e7-678f075058e5: 27 internal nodes; 1.5 s; peak memory 928 MiB.
2026-10-09T12:46:47Z INFO [3383/5000] b8f6fc0f-134f-4999-8409-a1c5d445d6a4: 31 internal nodes; 1.7 s; peak memory 928 MiB.
2026-10-09T12:46:48Z INFO [3384/5000] b8f74abf-e789-488f-9e0a-a2dc181a12fc: 17 internal nodes; 1.1 s; peak memory 928 MiB.
2026-10-09T12:46:51Z INFO [3385/5000] b8f75cfa-35df-42a5-a280-6a69262d1189: 56 internal nodes; 2.4 s; peak memory 928 MiB.
2026-10-09T12:46:52Z INFO [3386/5000] b8f76386-6fbe-4dfe-bb1d-15a41b500c3e: 31 internal nodes; 1.8 s; peak memory 928 MiB.
2026-10-09T12:46:53Z INFO [3387/5000] b8f7c5da-b1af-4476-9ea2-0f4ade1bbb9e: 17 internal nodes; 1.1 s; peak memory 928 MiB.
2026-10-09T12:46:55Z INFO [3388/5000] b8f7ef8e-6c6a-4c34-bfc4-98eb980cba26: 31 internal nodes; 2.0 s; peak memory 928 MiB.
2026-10-09T12:46:57Z INFO [3389/5000] b8f8d87a-aa93-43c3-8a1c-6773178a278e: 31 internal nodes; 1.8 s; peak memory 928 MiB.
2026-10-09T12:46:58Z INFO [3390/5000] b8f909bc-ba1f-45fe-bf4a-9aa3ee857b89: 13 internal nodes; 1.2 s; peak memory 928 MiB.
2026-10-09T12:47:00Z INFO [3391/5000] b8f91b98-4b48-4dc3-aa03-0da1c5704806: 23 internal nodes; 1.5 s; peak memory 928 MiB.
2026-10-09T12:47:04Z INFO [3392/5000] b8f9372d-837d-424e-bf6a-bb863972909c: 46 internal nodes; 3.7 s; peak memory 928 MiB.
2026-10-09T12:47:05Z INFO [3393/5000] b8f9466f-0f90-494a-86ac-2c321afbb97a: 22 internal nodes; 1.5 s; peak memory 928 MiB.
2026-10-09T12:47:06Z INFO [3394/5000] b8fabe97-9668-4eb8-a3dc-0fe58c9a0fa8: 17 internal nodes; 0.9 s; peak memory 928 MiB.
2026-10-09T12:47:08Z INFO [3395/5000] b8fc4f76-602b-4665-8c4a-b0a35aeb4709: 27 internal nodes; 2.0 s; peak memory 928 MiB.
2026-10-09T12:47:11Z INFO [3396/5000] b8fc538d-1501-4df1-bfc5-ce660e7cd8b5: 44 internal nodes; 2.7 s; peak memory 928 MiB.
2026-10-09T12:47:14Z INFO [3397/5000] b8fc62b2-4d71-4a97-b283-933603368dc8: 46 internal nodes; 3.4 s; peak memory 928 MiB.
2026-10-09T12:47:16Z INFO [3398/5000] b8fca74f-7fb6-4649-8221-83183aeedc6b: 52 internal nodes; 2.4 s; peak memory 928 MiB.
2026-10-09T12:47:18Z INFO [3399/5000] b8fe27a2-6b90-4e90-b650-2f0d69d3880b: 62 internal nodes; 1.9 s; peak memory 928 MiB.
2026-10-09T12:47:24Z INFO [3400/5000] b8fe44cd-0b14-4f83-9408-bf80d728d377: 68 internal nodes; 5.9 s; peak memory 928 MiB.
2026-10-09T12:47:25Z INFO [3400/5000] b8fe44cd-0b14-4f83-9408-bf80d728d377: checkpointed 136038 new records.
2026-10-09T12:47:26Z INFO [3401/5000] b8ff1944-97ac-4e21-a920-e24f965c426c: 17 internal nodes; 1.0 s; peak memory 928 MiB.
2026-10-09T12:47:27Z INFO [3402/5000] b8ff3ce7-958c-4eb4-bbaf-f28cfe07ccea: 116 internal nodes; 1.3 s; peak memory 928 MiB.
2026-10-09T12:47:28Z INFO [3403/5000] b8ff4c6a-31b0-4dcd-b7c2-fc49e9472a1c: 25 internal nodes; 1.4 s; peak memory 928 MiB.
2026-10-09T12:47:35Z INFO [3404/5000] b8ff9b5b-245d-4aa8-802d-8cc412edc525: 157 internal nodes; 6.5 s; peak memory 928 MiB.
2026-10-09T12:47:38Z INFO [3405/5000] b8ffb707-8ac8-403d-87d2-592c9efb97a2: 44 internal nodes; 3.0 s; peak memory 928 MiB.
2026-10-09T12:47:39Z INFO [3406/5000] b9006a1f-15c2-4112-8390-77ed941fbd9d: 56 internal nodes; 1.5 s; peak memory 928 MiB.
2026-10-09T12:47:40Z INFO [3407/5000] b901d8aa-ec3b-4393-b0dc-7f14ef269fee: 26 internal nodes; 1.0 s; peak memory 928 MiB.
2026-10-09T12:47:41Z INFO [3408/5000] b902060b-6608-4bc2-acdc-eb3143bfeeda: 17 internal nodes; 1.1 s; peak memory 928 MiB.
2026-10-09T12:47:42Z INFO [3409/5000] b9025b36-df9f-42c7-8f98-a79ba3d87461: 17 internal nodes; 0.8 s; peak memory 928 MiB.
2026-10-09T12:47:43Z INFO [3410/5000] b902713d-8c41-45f5-88f6-1ec53267f9d3: 27 internal nodes; 1.0 s; peak memory 928 MiB.
2026-10-09T12:47:45Z INFO [3411/5000] b903e462-e97e-4bc1-9d18-dbbd85ee2425: 27 internal nodes; 1.4 s; peak memory 928 MiB.
2026-10-09T12:47:46Z INFO [3412/5000] b9044a7c-7e79-4f30-8d5f-79bd5ed91381: 17 internal nodes; 1.1 s; peak memory 928 MiB.
2026-10-09T12:47:47Z INFO [3413/5000] b904b054-0a3a-42d7-beb7-028dc3eced02: 17 internal nodes; 1.2 s; peak memory 928 MiB.
2026-10-09T12:47:48Z INFO [3414/5000] b905beee-358f-4b72-9532-75f32e55acf5: 25 internal nodes; 1.4 s; peak memory 928 MiB.
2026-10-09T12:48:28Z INFO [3415/5000] b905ef42-7e23-4359-a407-c528f4ac989c: 2625 internal nodes; 39.9 s; peak memory 928 MiB.
2026-10-09T12:48:37Z INFO [3416/5000] b906717e-0db4-40a7-9191-56062b24f3a7: 177 internal nodes; 8.4 s; peak memory 928 MiB.
2026-10-09T12:48:38Z INFO [3417/5000] b906a2dc-787c-4068-bc50-d453866903c6: 27 internal nodes; 1.2 s; peak memory 928 MiB.
2026-10-09T12:49:01Z INFO [3418/5000] b906bfb2-7f32-4869-8a30-a8149248168d: 1019 internal nodes; 23.2 s; peak memory 928 MiB.
2026-10-09T12:49:09Z INFO [3419/5000] b9072be0-fe2c-4ee0-ad06-d18f6b271819: 177 internal nodes; 7.8 s; peak memory 928 MiB.
2026-10-09T12:49:10Z INFO [3420/5000] b907e241-8189-4517-b4d5-0ddf9a5e22c3: 61 internal nodes; 1.6 s; peak memory 928 MiB.
2026-10-09T12:49:11Z INFO [3421/5000] b90901f6-bd32-41ff-9c1a-63a0e787878b: 21 internal nodes; 0.9 s; peak memory 928 MiB.
2026-10-09T12:49:13Z INFO [3422/5000] b90917fe-977d-4358-ae66-e6ab866aa464: 26 internal nodes; 1.7 s; peak memory 928 MiB.
2026-10-09T12:49:15Z INFO [3423/5000] b90945ce-e8ee-439b-ad19-aa3b88f1ebd4: 38 internal nodes; 1.7 s; peak memory 928 MiB.
2026-10-09T12:49:16Z INFO [3424/5000] b909a63b-8d17-4a3f-97df-e676f3a08068: 22 internal nodes; 1.4 s; peak memory 928 MiB.
2026-10-09T12:49:17Z INFO [3425/5000] b909be60-78fa-4340-ac2d-c7ead25e50f5: 25 internal nodes; 0.9 s; peak memory 928 MiB.
2026-10-09T12:49:28Z INFO [3426/5000] b90b1bde-1737-4ea3-8e68-64f91df24451: 262 internal nodes; 11.2 s; peak memory 928 MiB.
2026-10-09T12:49:29Z INFO [3427/5000] b90b7ce6-e26a-4fb7-a2df-b06c51993247: 17 internal nodes; 1.0 s; peak memory 928 MiB.
2026-10-09T12:49:30Z INFO [3428/5000] b90c8593-3043-4d92-8be4-954a92502180: 26 internal nodes; 1.1 s; peak memory 928 MiB.
2026-10-09T12:49:32Z INFO [3429/5000] b90d6d65-5104-4710-9b5a-88a7f4ba8346: 38 internal nodes; 1.7 s; peak memory 928 MiB.
2026-10-09T12:49:33Z INFO [3430/5000] b90d9da3-ae5f-4da6-a954-6e32557b2b72: 29 internal nodes; 1.3 s; peak memory 928 MiB.
2026-10-09T12:49:34Z INFO [3431/5000] b90df310-700a-4d12-a9b5-fa20db8b74eb: 17 internal nodes; 1.0 s; peak memory 928 MiB.
2026-10-09T12:49:38Z INFO [3432/5000] b90e5822-caf7-4c03-bce3-1aa5342dd9b5: 46 internal nodes; 3.6 s; peak memory 928 MiB.
2026-10-09T12:49:39Z INFO [3433/5000] b90eb944-0512-4f2b-bf4d-6c45f735c3a4: 14 internal nodes; 1.1 s; peak memory 928 MiB.
2026-10-09T12:49:40Z WARNING b90ff2fd-f7e7-41b9-939a-f8612e2c9ba9: failed while reading the NWB file (KeyError: 'Unable to synchronously open object (component not found)')
2026-10-09T12:49:40Z WARNING [3434/5000] b90ff2fd-f7e7-41b9-939a-f8612e2c9ba9: leaving unrecorded for a later run to retry.
2026-10-09T12:49:42Z INFO [3435/5000] b9104b6f-a889-49d8-b442-0a6e10f4e2c4: 11 internal nodes; 1.1 s; peak memory 928 MiB.
2026-10-09T12:49:43Z INFO [3436/5000] b9105fb0-d09c-48d5-81c0-43d769744032: 27 internal nodes; 1.3 s; peak memory 928 MiB.
2026-10-09T12:49:47Z INFO [3437/5000] b910b8ef-9a95-47f8-8efc-5f09fcb89589: 43 internal nodes; 4.4 s; peak memory 928 MiB.
2026-10-09T12:49:55Z INFO [3438/5000] b910c067-59f9-4f24-8964-90f2214fb6aa: 70 internal nodes; 8.1 s; peak memory 928 MiB.
2026-10-09T12:50:03Z INFO [3439/5000] b9112275-b36d-458c-8605-0b1519cd3f50: 61 internal nodes; 7.4 s; peak memory 928 MiB.
2026-10-09T12:50:05Z INFO [3440/5000] b911438f-53c8-4367-a684-1c752c531938: 69 internal nodes; 1.9 s; peak memory 928 MiB.
2026-10-09T12:50:05Z INFO [3441/5000] b91148a9-1157-47d4-baf9-e87b69e20975: 11 internal nodes; 0.8 s; peak memory 928 MiB.
2026-10-09T12:50:08Z INFO [3442/5000] b91177a9-a747-4fec-b2c0-eae70b6a386c: 44 internal nodes; 2.9 s; peak memory 928 MiB.
2026-10-09T12:50:25Z INFO [3443/5000] b911d3eb-3fd9-4796-a819-643b44fa68d3: 90 internal nodes; 16.9 s; peak memory 928 MiB.
2026-10-09T12:50:27Z INFO [3444/5000] b912127d-c766-4fd6-8355-9e97ff5533e3: 28 internal nodes; 1.5 s; peak memory 928 MiB.
2026-10-09T12:50:34Z INFO [3445/5000] b9129c01-4663-4bb2-99de-87581c2a8c43: 67 internal nodes; 6.7 s; peak memory 928 MiB.
2026-10-09T12:50:36Z INFO [3446/5000] b9151623-b640-4b4e-adf8-201b6b33958f: 44 internal nodes; 2.3 s; peak memory 928 MiB.
2026-10-09T12:50:47Z INFO [3447/5000] b91703de-8c74-423e-8f02-7926464803ba: 195 internal nodes; 11.0 s; peak memory 928 MiB.
2026-10-09T12:50:48Z INFO [3448/5000] b917741f-5a2e-4cbc-9c5e-afc91a0a312d: 17 internal nodes; 1.2 s; peak memory 928 MiB.
2026-10-09T12:50:51Z INFO [3449/5000] b917e005-d6e5-4792-ba4f-869b95dc6f3e: 44 internal nodes; 2.9 s; peak memory 928 MiB.
2026-10-09T12:50:52Z INFO [3450/5000] b918b82f-8f9f-4792-86d7-c0f935ec2a3c: 17 internal nodes; 1.1 s; peak memory 928 MiB.
2026-10-09T12:50:53Z INFO [3450/5000] b918b82f-8f9f-4792-86d7-c0f935ec2a3c: checkpointed 136087 new records.
2026-10-09T12:50:54Z INFO [3451/5000] b91ae8d6-5644-4740-ad56-8593a763a610: 31 internal nodes; 1.8 s; peak memory 928 MiB.
2026-10-09T12:51:02Z INFO [3452/5000] b91b8165-4b69-4f22-96e5-b3cebe55e7f0: 66 internal nodes; 7.6 s; peak memory 928 MiB.
2026-10-09T12:51:13Z INFO [3453/5000] b91bcf12-a119-47b4-b6d7-0f79f61c74cc: 282 internal nodes; 10.7 s; peak memory 928 MiB.
2026-10-09T12:51:14Z INFO [3454/5000] b91c1dc2-17ce-43db-875b-a704f7e3dcc5: 17 internal nodes; 1.0 s; peak memory 928 MiB.
2026-10-09T12:51:16Z INFO [3455/5000] b91ca93a-46da-4ad4-9a33-6b2db7c1d548: 58 internal nodes; 1.9 s; peak memory 928 MiB.
2026-10-09T12:51:17Z INFO [3456/5000] b91cd51d-e2ca-4fb3-b054-5cc67d8eb91b: 19 internal nodes; 1.4 s; peak memory 928 MiB.
2026-10-09T12:51:19Z INFO [3457/5000] b91cf564-89ce-46b8-9309-de2cf71c0e20: 61 internal nodes; 2.3 s; peak memory 928 MiB.
2026-10-09T12:51:20Z INFO [3458/5000] b91d1f2a-ae65-4efe-9e25-b8827271fb79: 15 internal nodes; 1.0 s; peak memory 928 MiB.
2026-10-09T12:51:33Z INFO [3459/5000] b91df8fa-27fc-48b6-9ed8-3b510b545d89: 212 internal nodes; 12.9 s; peak memory 928 MiB.
2026-10-09T12:51:34Z INFO [3460/5000] b91e1c2e-1fb4-4ed8-9add-8a7e9d3a517c: 15 internal nodes; 1.1 s; peak memory 928 MiB.
2026-10-09T12:51:35Z INFO [3461/5000] b91e45bf-86f4-4079-8e3c-12dc801370a2: 17 internal nodes; 1.0 s; peak memory 928 MiB.
2026-10-09T12:51:45Z INFO [3462/5000] b91e6a57-0c3f-4b5f-a621-2bc3ce248b78: 160 internal nodes; 9.5 s; peak memory 928 MiB.
2026-10-09T12:51:46Z INFO [3463/5000] b91fab8e-1866-442c-8455-56e28d8b0f50: 18 internal nodes; 1.3 s; peak memory 928 MiB.
2026-10-09T12:51:59Z INFO [3464/5000] b91faf46-0721-456e-92fe-1339daf5873a: 248 internal nodes; 13.3 s; peak memory 928 MiB.
2026-10-09T12:52:09Z INFO [3465/5000] b9200147-b01d-464f-b83b-be545d7d27e8: 263 internal nodes; 9.5 s; peak memory 928 MiB.
2026-10-09T12:52:10Z INFO [3466/5000] b920092c-9f9e-49f7-9b7c-6721767a00c0: 17 internal nodes; 1.0 s; peak memory 928 MiB.
2026-10-09T12:52:11Z INFO [3467/5000] b9200948-cb78-481c-ad83-0662f1f13c5c: 11 internal nodes; 0.9 s; peak memory 928 MiB.
2026-10-09T12:52:18Z INFO [3468/5000] b92138dc-0811-41d6-883d-bd7277e6ef1c: 65 internal nodes; 7.3 s; peak memory 928 MiB.
2026-10-09T12:52:26Z INFO [3469/5000] b92383d1-b5d4-4958-a23a-854bedea9b45: 208 internal nodes; 8.2 s; peak memory 928 MiB.
2026-10-09T12:52:27Z INFO [3470/5000] b926cc58-fdb9-4e38-a780-8f783f9731ac: 17 internal nodes; 1.2 s; peak memory 928 MiB.
2026-10-09T12:52:36Z INFO [3471/5000] b928ef41-63b4-4f98-93b6-f7bd0a330bc0: 215 internal nodes; 8.7 s; peak memory 928 MiB.
2026-10-09T12:52:38Z INFO [3472/5000] b929c675-4032-4c11-83d0-66cfc36da7ff: 27 internal nodes; 1.3 s; peak memory 928 MiB.
2026-10-09T12:52:41Z INFO [3473/5000] b92ab7b3-2356-4a90-a938-2d4e22c69b5a: 60 internal nodes; 3.0 s; peak memory 928 MiB.
2026-10-09T12:52:49Z INFO [3474/5000] b92ade17-b639-48cf-9ec0-82fc60611f50: 184 internal nodes; 8.2 s; peak memory 928 MiB.
2026-10-09T12:52:50Z INFO [3475/5000] b92bb683-b61b-428c-a07c-bc96ea154654: 17 internal nodes; 1.0 s; peak memory 928 MiB.
2026-10-09T12:52:57Z INFO [3476/5000] b92c2844-f9fd-4745-9668-e40d31ee30a0: 192 internal nodes; 7.2 s; peak memory 928 MiB.
2026-10-09T12:52:58Z INFO [3477/5000] b92c80a8-6dcc-4f66-86ba-1ba09d7d81a8: 18 internal nodes; 1.2 s; peak memory 928 MiB.
2026-10-09T12:52:59Z INFO [3478/5000] b92e212b-9fc9-4270-9502-82f2767aeb44: 11 internal nodes; 0.9 s; peak memory 928 MiB.
2026-10-09T12:53:01Z INFO [3479/5000] b92e8872-3c9d-4fae-8d0c-9d5a8ac0b831: 67 internal nodes; 1.9 s; peak memory 928 MiB.
2026-10-09T12:53:02Z INFO [3480/5000] b92ecb85-bdf6-48c0-8d6b-d5ac655d6b80: 17 internal nodes; 1.1 s; peak memory 928 MiB.
2026-10-09T12:53:03Z INFO [3481/5000] b92efa50-b740-44a5-8a79-4179eff534fa: 17 internal nodes; 1.3 s; peak memory 928 MiB.
2026-10-09T12:53:04Z INFO [3482/5000] b92f0432-67b2-4bf3-827b-a93d1591d01e: 23 internal nodes; 1.1 s; peak memory 928 MiB.
2026-10-09T12:53:07Z INFO [3483/5000] b92f569a-43c0-43b0-90ef-1bf4987d9f02: 31 internal nodes; 2.2 s; peak memory 928 MiB.
2026-10-09T12:53:08Z INFO [3484/5000] b93054bd-9c24-4b4e-befc-f485488651f6: 59 internal nodes; 1.8 s; peak memory 928 MiB.
2026-10-09T12:53:25Z INFO [3485/5000] b930d655-23b1-484c-a6c6-38330ffe16c2: 278 internal nodes; 17.0 s; peak memory 928 MiB.
2026-10-09T12:53:26Z INFO [3486/5000] b930e6d0-489e-4c70-9855-f34d241292c1: 27 internal nodes; 1.2 s; peak memory 928 MiB.
2026-10-09T12:53:27Z INFO [3487/5000] b9315e01-19b8-4250-b311-e479a815d6be: 17 internal nodes; 0.9 s; peak memory 928 MiB.
2026-10-09T12:53:29Z INFO [3488/5000] b9315eeb-eb23-472b-a5da-7572b6973d24: 27 internal nodes; 1.4 s; peak memory 928 MiB.
2026-10-09T12:53:30Z INFO [3489/5000] b9316f72-801d-4c5c-b3b0-98b31bab1f29: 18 internal nodes; 0.9 s; peak memory 928 MiB.
2026-10-09T12:53:32Z INFO [3490/5000] b9335e71-3fc8-4362-bbbb-c2681c9530b9: 44 internal nodes; 2.8 s; peak memory 928 MiB.
2026-10-09T12:53:34Z INFO [3491/5000] b9337f8a-e446-48eb-82c1-a6b7951293c4: 17 internal nodes; 1.1 s; peak memory 928 MiB.
2026-10-09T12:53:35Z INFO [3492/5000] b933f96b-b560-4b53-aff6-4e01c01be762: 27 internal nodes; 1.3 s; peak memory 928 MiB.
2026-10-09T12:53:36Z INFO [3493/5000] b93417c5-1596-427c-85fe-aeb94d3b6f73: 17 internal nodes; 1.1 s; peak memory 928 MiB.
2026-10-09T12:53:37Z INFO [3494/5000] b9341f39-3eee-41cd-a7f6-74570a5300ac: 18 internal nodes; 1.0 s; peak memory 928 MiB.
2026-10-09T12:53:43Z INFO [3495/5000] b9342744-7582-4cd1-9183-46930aa24a27: 54 internal nodes; 5.7 s; peak memory 928 MiB.
2026-10-09T12:53:44Z INFO [3496/5000] b934e3e4-1e23-42b5-946e-bf87c76e0e93: 31 internal nodes; 1.6 s; peak memory 928 MiB.
2026-10-09T12:53:46Z INFO [3497/5000] b9354f19-1dab-48d6-bf2e-4c3301002e54: 29 internal nodes; 2.0 s; peak memory 928 MiB.
2026-10-09T12:53:51Z INFO [3498/5000] b9369019-75fc-41e9-a1c1-1fe2e5eb5de2: 88 internal nodes; 4.5 s; peak memory 928 MiB.
2026-10-09T12:53:52Z INFO [3499/5000] b9382744-5959-431e-985d-b7c853952cf8: 17 internal nodes; 1.3 s; peak memory 928 MiB.
2026-10-09T12:53:53Z INFO [3500/5000] b938cb59-bdf0-470f-802f-e1a58f880b46: 11 internal nodes; 0.8 s; peak memory 928 MiB.
2026-10-09T12:53:53Z INFO [3500/5000] b938cb59-bdf0-470f-802f-e1a58f880b46: checkpointed 136137 new records.
2026-10-09T12:53:56Z INFO [3501/5000] b939069b-443e-49dd-8f89-c019d20d749b: 44 internal nodes; 2.5 s; peak memory 928 MiB.
2026-10-09T12:53:57Z INFO [3502/5000] b939446e-074a-45ab-87b4-a29ec90a9a15: 11 internal nodes; 0.8 s; peak memory 928 MiB.
2026-10-09T12:53:58Z INFO [3503/5000] b93a41aa-609e-4d94-9558-a5b2b4a98fd2: 27 internal nodes; 1.5 s; peak memory 928 MiB.
2026-10-09T12:54:00Z INFO [3504/5000] b93b1139-ba28-4305-85d3-3bd9d48ccd4b: 31 internal nodes; 1.6 s; peak memory 928 MiB.
2026-10-09T12:54:01Z INFO [3505/5000] b93b3689-1d7b-493c-a523-33a9adf3c797: 17 internal nodes; 1.1 s; peak memory 928 MiB.
2026-10-09T12:54:02Z INFO [3506/5000] b93b8d81-0bc8-44eb-a5b4-35f1050f67f0: 59 internal nodes; 1.4 s; peak memory 928 MiB.
2026-10-09T12:54:03Z INFO [3507/5000] b93c2a12-fefc-4749-b317-53d8dbe7c9f9: 17 internal nodes; 1.1 s; peak memory 928 MiB.
2026-10-09T12:54:05Z INFO [3508/5000] b93cada8-cbed-40b9-b25d-ebde2eda1c64: 31 internal nodes; 1.9 s; peak memory 928 MiB.
2026-10-09T12:54:14Z INFO [3509/5000] b93cb0cf-2a01-44fb-a796-c1c6a42902b6: 139 internal nodes; 8.5 s; peak memory 928 MiB.
2026-10-09T12:54:16Z INFO [3510/5000] b93e3dae-f936-4f9a-a646-c5ad7c3ed801: 37 internal nodes; 1.8 s; peak memory 928 MiB.
2026-10-09T12:54:20Z INFO [3511/5000] b93f0691-274e-4bdd-a1f2-6def5ab015e1: 51 internal nodes; 4.4 s; peak memory 928 MiB.
2026-10-09T12:54:22Z INFO [3512/5000] b93f29a8-08b7-41cc-8168-466241f22e10: 65 internal nodes; 2.1 s; peak memory 928 MiB.
2026-10-09T12:54:23Z INFO [3513/5000] b93f6243-8036-466b-ae97-86810f5a8a88: 17 internal nodes; 1.3 s; peak memory 928 MiB.
2026-10-09T12:54:30Z INFO [3514/5000] b93f77d3-cded-4788-9947-a883095c4e6c: 136 internal nodes; 6.4 s; peak memory 928 MiB.
2026-10-09T12:54:39Z INFO [3515/5000] b93f7c0e-acb2-4e25-8219-efb31bd7ab5b: 44 internal nodes; 9.6 s; peak memory 928 MiB.
2026-10-09T12:54:40Z INFO [3516/5000] b941afb5-a28d-46bf-bcc0-045a6d12da64: 23 internal nodes; 1.2 s; peak memory 928 MiB.
2026-10-09T12:54:42Z INFO [3517/5000] b94296ed-3f8e-430c-8ef7-5aac55342736: 66 internal nodes; 1.8 s; peak memory 928 MiB.
2026-10-09T12:54:44Z INFO [3518/5000] b942d846-e814-4cff-a268-d237e1d9c7a8: 29 internal nodes; 1.3 s; peak memory 928 MiB.
2026-10-09T12:54:45Z INFO [3519/5000] b9436d82-e24b-47e6-aa09-cb48954863d4: 21 internal nodes; 1.3 s; peak memory 928 MiB.
2026-10-09T12:54:46Z INFO [3520/5000] b9437a38-909c-455f-aa7b-52e394cfcb47: 24 internal nodes; 1.1 s; peak memory 928 MiB.
2026-10-09T12:54:47Z INFO [3521/5000] b9445bbc-7127-474a-9b8e-17c8551b4034: 17 internal nodes; 1.1 s; peak memory 928 MiB.
2026-10-09T12:54:48Z INFO [3522/5000] b9464313-a35f-4dbf-bc49-ddc8f1c51297: 19 internal nodes; 1.2 s; peak memory 928 MiB.
2026-10-09T12:54:50Z INFO [3523/5000] b9482d01-23ad-4cca-b274-fa0e7f24cb9a: 27 internal nodes; 1.4 s; peak memory 928 MiB.
2026-10-09T12:54:51Z INFO [3524/5000] b94886b7-8137-4e5c-9956-f84909a001c4: 19 internal nodes; 1.2 s; peak memory 928 MiB.
2026-10-09T12:54:52Z INFO [3525/5000] b94924ce-1a29-460d-a5fb-04b30d08623b: 19 internal nodes; 1.1 s; peak memory 928 MiB.
2026-10-09T12:54:53Z INFO [3526/5000] b94acecc-62fb-40e8-91da-b90e01483a60: 11 internal nodes; 1.1 s; peak memory 928 MiB.
2026-10-09T12:54:54Z INFO [3527/5000] b94b519a-87a5-4fb2-a3ac-68c432478c24: 11 internal nodes; 0.8 s; peak memory 928 MiB.
2026-10-09T12:55:03Z INFO [3528/5000] b94b6de8-9cba-45bf-b3fc-e0568defff64: 169 internal nodes; 8.8 s; peak memory 928 MiB.
2026-10-09T12:55:04Z INFO [3529/5000] b94bdb3f-e63e-4b13-97cf-7a59519804c1: 17 internal nodes; 1.2 s; peak memory 928 MiB.
2026-10-09T12:55:05Z INFO [3530/5000] b94bfa08-c584-4fc5-8ff4-6a25250fd8ef: 17 internal nodes; 1.2 s; peak memory 928 MiB.
2026-10-09T12:55:07Z INFO [3531/5000] b94fc678-dac9-4012-8c92-9f4cdf6abaa5: 32 internal nodes; 2.3 s; peak memory 928 MiB.
2026-10-09T12:55:09Z INFO [3532/5000] b94fc8a3-bb09-45b9-b048-fe94352639c4: 30 internal nodes; 1.5 s; peak memory 928 MiB.
2026-10-09T12:55:10Z INFO [3533/5000] b94ffb61-bd4a-49e4-bc04-1e49e1abe50a: 27 internal nodes; 1.5 s; peak memory 928 MiB.
2026-10-09T12:55:12Z INFO [3534/5000] b950ffb7-8125-4745-b541-a50463a4d0cd: 31 internal nodes; 1.6 s; peak memory 928 MiB.
2026-10-09T12:55:13Z INFO [3535/5000] b951674f-abb1-4b66-bdb8-8706b7fb0d10: 17 internal nodes; 1.1 s; peak memory 928 MiB.
2026-10-09T12:55:14Z INFO [3536/5000] b9517439-d3ce-4e57-9621-3829258090c7: 17 internal nodes; 1.1 s; peak memory 928 MiB.
2026-10-09T12:55:15Z INFO [3537/5000] b95196e9-f980-4aef-9116-f37af48ec83a: 18 internal nodes; 0.9 s; peak memory 928 MiB.
2026-10-09T12:55:16Z INFO [3538/5000] b9528a27-985e-4f9b-b1a4-c8123e050509: 17 internal nodes; 1.1 s; peak memory 928 MiB.
2026-10-09T12:55:18Z INFO [3539/5000] b9533308-d516-4624-96cc-8e3b6b8c7c9e: 66 internal nodes; 1.9 s; peak memory 928 MiB.
2026-10-09T12:55:19Z INFO [3540/5000] b9533f2c-58d7-45e2-a5ae-35a9c2206e46: 19 internal nodes; 1.1 s; peak memory 928 MiB.
2026-10-09T12:55:20Z INFO [3541/5000] b9539f17-41db-4c75-82c2-30d34cdbce12: 17 internal nodes; 1.0 s; peak memory 928 MiB.
2026-10-09T12:55:22Z INFO [3542/5000] b953a2f3-e7e8-4704-b812-b9d665a85d0f: 61 internal nodes; 1.7 s; peak memory 928 MiB.
2026-10-09T12:55:24Z INFO [3543/5000] b95482aa-29e7-4ac8-94d3-3147f47bbe97: 28 internal nodes; 2.1 s; peak memory 928 MiB.
2026-10-09T12:55:25Z INFO [3544/5000] b955d433-ff3f-4fff-a016-591b0b711dd9: 17 internal nodes; 1.0 s; peak memory 928 MiB.
2026-10-09T12:55:26Z INFO [3545/5000] b956ac18-26d5-418e-93e4-5263cb1f837f: 18 internal nodes; 1.2 s; peak memory 928 MiB.
2026-10-09T12:55:27Z INFO [3546/5000] b956c91b-e1bc-4235-b620-3c13bcc39f87: 17 internal nodes; 1.0 s; peak memory 928 MiB.
2026-10-09T12:55:48Z INFO [3547/5000] b9579759-c217-4b83-a058-d60ef71d5bc0: 136 internal nodes; 21.4 s; peak memory 928 MiB.
2026-10-09T12:55:50Z INFO [3548/5000] b957cbd3-b165-412c-8c40-fd56587f2755: 65 internal nodes; 2.1 s; peak memory 928 MiB.
2026-10-09T12:55:51Z INFO [3549/5000] b95812cc-eba0-4c16-b5bf-5801b52543fa: 11 internal nodes; 0.9 s; peak memory 928 MiB.
2026-10-09T12:55:52Z INFO [3550/5000] b9598a5b-64fc-455c-aa48-9b1c0258846b: 17 internal nodes; 1.0 s; peak memory 928 MiB.
2026-10-09T12:55:53Z INFO [3550/5000] b9598a5b-64fc-455c-aa48-9b1c0258846b: checkpointed 136187 new records.
2026-10-09T12:55:54Z INFO [3551/5000] b95b3af9-cdfe-4bd1-b547-22de5377df59: 18 internal nodes; 1.0 s; peak memory 928 MiB.
2026-10-09T12:55:56Z INFO [3552/5000] b95b77cc-d171-449e-a992-680890303e0e: 28 internal nodes; 1.8 s; peak memory 928 MiB.
2026-10-09T12:55:56Z INFO [3553/5000] b95b9f53-ac4f-4b9d-9780-d321141464c8: 11 internal nodes; 0.8 s; peak memory 928 MiB.
2026-10-09T12:56:03Z INFO [3554/5000] b95bdc23-81b7-4e8e-867b-bdb30aeed596: 152 internal nodes; 6.2 s; peak memory 928 MiB.
2026-10-09T12:56:03Z INFO [3555/5000] b95c43c1-8a2e-4200-8d6d-ff4838f404be: 11 internal nodes; 0.9 s; peak memory 928 MiB.
2026-10-09T12:56:05Z INFO [3556/5000] b95c4978-5c1c-4368-9223-1127be85e271: 31 internal nodes; 1.5 s; peak memory 928 MiB.
2026-10-09T12:56:07Z INFO [3557/5000] b95c5ec4-2399-4727-9485-6764dfb8cf78: 119 internal nodes; 1.5 s; peak memory 928 MiB.
2026-10-09T12:56:08Z INFO [3558/5000] b95cb782-c628-4a94-b18a-294645449af4: 13 internal nodes; 1.0 s; peak memory 928 MiB.
2026-10-09T12:56:09Z INFO [3559/5000] b95cc4fc-ca25-400f-8b25-4e040cadbefe: 31 internal nodes; 1.2 s; peak memory 928 MiB.
2026-10-09T12:56:10Z INFO [3560/5000] b95cd854-a844-4daa-b7bf-f64c4bed8913: 11 internal nodes; 1.2 s; peak memory 928 MiB.
2026-10-09T12:56:11Z INFO [3561/5000] b95cedc3-7448-426e-a31c-47059ae1b7c6: 13 internal nodes; 1.0 s; peak memory 928 MiB.
2026-10-09T12:56:17Z INFO [3562/5000] b95e28d7-e2e0-408d-af42-abadfbb5aa4a: 54 internal nodes; 5.9 s; peak memory 928 MiB.
2026-10-09T12:56:21Z INFO [3563/5000] b95f393a-9ce9-4b41-b361-78a1b1f4228a: 41 internal nodes; 4.4 s; peak memory 928 MiB.
2026-10-09T12:56:24Z INFO [3564/5000] b95fae9a-e3cb-4797-bde2-09a1d923a182: 52 internal nodes; 2.4 s; peak memory 928 MiB.
2026-10-09T12:56:25Z INFO [3565/5000] b95fedb7-71dc-4472-bd3a-0fca31c759fa: 119 internal nodes; 1.5 s; peak memory 928 MiB.
2026-10-09T12:56:34Z INFO [3566/5000] b96099f1-2f2f-4a87-bd8e-4a35effdab2d: 248 internal nodes; 9.2 s; peak memory 928 MiB.
2026-10-09T12:56:54Z INFO [3567/5000] b960c9c8-4835-4b02-8dbc-dfed2f15a082: 253 internal nodes; 20.0 s; peak memory 928 MiB.
2026-10-09T12:56:55Z INFO [3568/5000] b960fa8a-ee85-4416-bc14-5ea14dc79406: 17 internal nodes; 1.0 s; peak memory 928 MiB.
2026-10-09T12:56:56Z INFO [3569/5000] b961b0f6-738e-411f-b5c6-f90f342d02e7: 17 internal nodes; 1.0 s; peak memory 928 MiB.
2026-10-09T12:57:05Z INFO [3570/5000] b96238bc-2f02-4823-87c6-fd1cf680ebf6: 157 internal nodes; 8.8 s; peak memory 928 MiB.
2026-10-09T12:57:06Z INFO [3571/5000] b9624dfc-f5d4-4b0b-a219-806d626ae781: 17 internal nodes; 0.9 s; peak memory 928 MiB.
2026-10-09T12:57:08Z INFO [3572/5000] b96315ca-eb40-406c-a893-79b94cf69a41: 25 internal nodes; 1.8 s; peak memory 928 MiB.
2026-10-09T12:57:10Z INFO [3573/5000] b9639c40-5e11-40fc-8e3f-53d2202655b9: 39 internal nodes; 2.3 s; peak memory 928 MiB.
2026-10-09T12:57:11Z INFO [3574/5000] b963d375-8535-4a71-8221-1a9098270c1b: 17 internal nodes; 0.9 s; peak memory 928 MiB.
2026-10-09T12:57:12Z INFO [3575/5000] b9640703-3ee7-4fc0-9dce-071f98ba5308: 61 internal nodes; 1.4 s; peak memory 928 MiB.
2026-10-09T12:57:14Z INFO [3576/5000] b9643635-7f9a-4469-a386-118c60bbc3b2: 27 internal nodes; 1.3 s; peak memory 928 MiB.
2026-10-09T12:57:15Z INFO [3577/5000] b9646469-b2cf-4a57-aed6-f1bdc23f1a32: 17 internal nodes; 1.0 s; peak memory 928 MiB.
2026-10-09T12:57:16Z INFO [3578/5000] b9648ac6-d1ea-4e28-bf2d-6ee68a477c77: 21 internal nodes; 0.8 s; peak memory 928 MiB.
2026-10-09T12:57:17Z INFO [3579/5000] b9649dfc-e6b7-4df4-a458-edd6ba0322be: 19 internal nodes; 1.2 s; peak memory 928 MiB.
2026-10-09T12:57:17Z INFO [3580/5000] b9665797-5f87-43a8-894c-b42abb509abe: 20 internal nodes; 0.8 s; peak memory 928 MiB.
2026-10-09T12:57:19Z INFO [3581/5000] b967391d-beda-4e9b-84de-1528b6688a54: 23 internal nodes; 1.1 s; peak memory 928 MiB.
2026-10-09T12:57:20Z INFO [3582/5000] b96827bc-31c3-445e-a95b-b01e78a076dd: 55 internal nodes; 1.4 s; peak memory 928 MiB.
2026-10-09T12:57:23Z INFO [3583/5000] b968b3e7-b894-4a18-8e95-4b80a67d383c: 70 internal nodes; 2.7 s; peak memory 928 MiB.
2026-10-09T12:57:24Z INFO [3584/5000] b968cadb-1ccb-4825-8c35-8589bcec3a8f: 18 internal nodes; 1.0 s; peak memory 928 MiB.
2026-10-09T12:57:26Z INFO [3585/5000] b96a3759-7cd2-458d-84f2-fcf25ade41e5: 31 internal nodes; 1.9 s; peak memory 928 MiB.
2026-10-09T12:57:27Z INFO [3586/5000] b96b0e20-c9bf-45d6-b2d1-58254025c307: 17 internal nodes; 1.0 s; peak memory 928 MiB.
2026-10-09T12:57:28Z INFO [3587/5000] b96b2c08-448a-4ec5-ad83-c96ca7625e67: 14 internal nodes; 1.0 s; peak memory 928 MiB.
2026-10-09T12:57:29Z INFO [3588/5000] b96bc05c-2f4c-4ee6-830f-4517a2c7f8c8: 115 internal nodes; 1.4 s; peak memory 928 MiB.
2026-10-09T12:57:30Z INFO [3589/5000] b96c9828-54dd-43c2-a0f6-43156103d456: 17 internal nodes; 1.2 s; peak memory 928 MiB.
2026-10-09T12:57:32Z INFO [3590/5000] b96d9b3a-81f0-4eb3-ba33-7c99b562ee3e: 24 internal nodes; 1.4 s; peak memory 928 MiB.
2026-10-09T12:57:34Z INFO [3591/5000] b96e2ee9-547e-4c39-bf67-ecb009f3a3ab: 37 internal nodes; 2.2 s; peak memory 928 MiB.
2026-10-09T12:57:43Z INFO [3592/5000] b96e8d74-77f6-4ddd-8136-21c747c4dc89: 219 internal nodes; 9.7 s; peak memory 928 MiB.
2026-10-09T12:57:46Z INFO [3593/5000] b96ec102-511d-403d-b645-c30dcbea46f3: 31 internal nodes; 2.4 s; peak memory 928 MiB.
2026-10-09T12:57:47Z INFO [3594/5000] b96fac56-530e-460c-a039-b76d02c9dfb3: 19 internal nodes; 1.0 s; peak memory 928 MiB.
2026-10-09T12:57:48Z INFO [3595/5000] b96fc747-f358-4b8c-b470-2babb30fa40a: 17 internal nodes; 0.9 s; peak memory 928 MiB.
2026-10-09T12:57:49Z INFO [3596/5000] b96ff808-ec99-4245-8bce-56605b9ef436: 27 internal nodes; 1.1 s; peak memory 928 MiB.
2026-10-09T12:57:50Z INFO [3597/5000] b97028df-00e9-4a5d-894b-4ac312e33181: 11 internal nodes; 0.7 s; peak memory 928 MiB.
2026-10-09T12:57:51Z INFO [3598/5000] b970624d-9f50-425f-b161-846de4b9b682: 27 internal nodes; 1.3 s; peak memory 928 MiB.
2026-10-09T12:57:54Z INFO [3599/5000] b9717033-2098-420a-9e8d-7782495e0876: 46 internal nodes; 3.3 s; peak memory 928 MiB.
2026-10-09T12:57:56Z INFO [3600/5000] b9718de2-956a-4ce6-8334-a3dafa3f1da0: 31 internal nodes; 1.8 s; peak memory 928 MiB.
2026-10-09T12:57:56Z INFO [3600/5000] b9718de2-956a-4ce6-8334-a3dafa3f1da0: checkpointed 136237 new records.
2026-10-09T12:57:58Z INFO [3601/5000] b971acea-8955-44ad-89ea-9d99c44dc36b: 31 internal nodes; 1.5 s; peak memory 928 MiB.
2026-10-09T12:58:00Z INFO [3602/5000] b971cac3-2e33-47b0-8148-b53daa723a83: 37 internal nodes; 1.7 s; peak memory 928 MiB.
2026-10-09T12:58:02Z INFO [3603/5000] b97279c4-aed3-4088-bfbf-afe3bcbef35b: 72 internal nodes; 2.0 s; peak memory 928 MiB.
2026-10-09T12:58:03Z INFO [3604/5000] b973115d-a000-4c1f-a1ae-ba175f2816b0: 17 internal nodes; 1.1 s; peak memory 928 MiB.
2026-10-09T12:58:04Z INFO [3605/5000] b973a2fc-0ca4-42c4-92ca-8cd63fb812cd: 27 internal nodes; 1.4 s; peak memory 928 MiB.
2026-10-09T12:58:05Z INFO [3606/5000] b9742b01-1350-4aed-90eb-1f5fa68dd735: 27 internal nodes; 1.4 s; peak memory 928 MiB.
2026-10-09T12:58:07Z INFO [3607/5000] b974a6c0-e350-45e6-b079-6c9040110738: 27 internal nodes; 1.3 s; peak memory 928 MiB.
2026-10-09T12:58:08Z INFO [3608/5000] b974b124-316a-4717-9073-6c3b4038a463: 17 internal nodes; 1.1 s; peak memory 928 MiB.
2026-10-09T12:58:10Z INFO [3609/5000] b974bb82-3dd4-4937-83bd-11bc298a753d: 44 internal nodes; 2.5 s; peak memory 928 MiB.
2026-10-09T12:58:11Z INFO [3610/5000] b9751c51-64bd-46d3-b958-fd2e3ff8ad14: 17 internal nodes; 1.2 s; peak memory 928 MiB.
2026-10-09T12:58:13Z INFO [3611/5000] b975ede3-6faa-4264-986a-42b364666bd6: 27 internal nodes; 1.4 s; peak memory 928 MiB.
2026-10-09T12:58:15Z INFO [3612/5000] b97705a0-dcc9-4295-a7fe-a62088ab7264: 27 internal nodes; 1.7 s; peak memory 928 MiB.
2026-10-09T12:58:16Z INFO [3613/5000] b977963c-51d5-4acf-be57-b7ab300c8984: 27 internal nodes; 1.4 s; peak memory 928 MiB.
2026-10-09T12:58:17Z INFO [3614/5000] b9779786-897a-4104-b098-2218d9c741f6: 116 internal nodes; 1.4 s; peak memory 928 MiB.
2026-10-09T12:58:19Z INFO [3615/5000] b977bb93-db96-45b2-bd9d-8a44d12754f9: 27 internal nodes; 1.4 s; peak memory 928 MiB.
2026-10-09T12:58:20Z INFO [3616/5000] b977e2b5-f1bd-4ab3-9447-12266f9979bf: 17 internal nodes; 0.9 s; peak memory 928 MiB.
2026-10-09T12:58:21Z INFO [3617/5000] b9784f30-150c-45bd-b584-cc027b1f1a1a: 28 internal nodes; 1.8 s; peak memory 928 MiB.
2026-10-09T12:58:33Z INFO [3618/5000] b9791528-a4c3-4f02-bff2-b3b10ce83ba3: 294 internal nodes; 11.8 s; peak memory 928 MiB.
2026-10-09T12:58:34Z INFO [3619/5000] b979cd9c-ebf1-444c-81f8-ad32dc6b18eb: 17 internal nodes; 1.1 s; peak memory 928 MiB.
2026-10-09T12:58:36Z INFO [3620/5000] b97a1480-c04f-4726-8f5d-5151da1d38a1: 18 internal nodes; 1.1 s; peak memory 928 MiB.
2026-10-09T12:58:37Z INFO [3621/5000] b97ab0a3-0fd1-4e02-b887-6aec6c34a015: 53 internal nodes; 1.4 s; peak memory 928 MiB.
2026-10-09T12:58:39Z INFO [3622/5000] b97b0cb1-fe95-4edb-8f22-44390cf79312: 90 internal nodes; 1.8 s; peak memory 928 MiB.
2026-10-09T12:58:41Z INFO [3623/5000] b97b58e9-1cce-4b63-9ba2-e0ca98a7b935: 32 internal nodes; 2.2 s; peak memory 928 MiB.
2026-10-09T12:58:42Z INFO [3624/5000] b97b92f1-4550-4bce-ab4e-24282a5680ed: 90 internal nodes; 1.5 s; peak memory 928 MiB.
2026-10-09T12:58:50Z INFO [3625/5000] b97bb549-d835-4492-aab8-a956bfc6e5a9: 67 internal nodes; 7.6 s; peak memory 928 MiB.
2026-10-09T12:58:51Z INFO [3626/5000] b97c6668-8062-49a4-a5cc-d1db94df1c6f: 17 internal nodes; 1.0 s; peak memory 928 MiB.
2026-10-09T12:58:52Z INFO [3627/5000] b97cb608-9152-42cd-a8da-1287f8fb65eb: 86 internal nodes; 1.4 s; peak memory 928 MiB.
2026-10-09T12:58:55Z INFO [3628/5000] b97d2a45-ddf3-4c0f-9ae0-cdb95f2c2f82: 30 internal nodes; 2.3 s; peak memory 928 MiB.
2026-10-09T12:58:57Z INFO [3629/5000] b97dd045-588b-46fb-b544-5ed680547fe5: 31 internal nodes; 1.8 s; peak memory 928 MiB.
2026-10-09T12:58:58Z INFO [3630/5000] b97dd7f1-1893-4d66-ae53-9015ea1c4775: 120 internal nodes; 1.8 s; peak memory 928 MiB.
2026-10-09T12:59:00Z INFO [3631/5000] b97e15b1-b47b-466d-89c4-08347029b127: 23 internal nodes; 1.5 s; peak memory 928 MiB.
2026-10-09T12:59:01Z INFO [3632/5000] b97e5126-db0c-45ab-8c08-49cc8504e340: 18 internal nodes; 1.3 s; peak memory 928 MiB.
2026-10-09T12:59:02Z INFO [3633/5000] b97e8738-db06-4ebd-8620-e6bf6b4b1594: 13 internal nodes; 1.2 s; peak memory 928 MiB.
2026-10-09T12:59:04Z INFO [3634/5000] b97efec1-31f1-43bb-be97-89fbb8c015ec: 31 internal nodes; 1.4 s; peak memory 928 MiB.
2026-10-09T12:59:36Z INFO [3635/5000] b97fd1c0-4e99-4037-b23f-aec5e3350f45: 1795 internal nodes; 32.4 s; peak memory 928 MiB.
2026-10-09T12:59:38Z INFO [3636/5000] b9807e6f-69b0-410a-9a59-2df04e060dbf: 27 internal nodes; 1.4 s; peak memory 928 MiB.
2026-10-09T12:59:48Z INFO [3637/5000] b981071d-bfb2-4ead-aec0-d8cdbe80de78: 89 internal nodes; 10.3 s; peak memory 928 MiB.
2026-10-09T12:59:49Z INFO [3638/5000] b98150ec-aa2a-4296-b003-6d09aeb410ed: 13 internal nodes; 1.2 s; peak memory 928 MiB.
2026-10-09T12:59:50Z INFO [3639/5000] b98345cc-cfb8-4c7a-88d6-9ef9f743ca04: 26 internal nodes; 1.2 s; peak memory 928 MiB.
2026-10-09T12:59:57Z INFO [3640/5000] b9834b5e-ecb7-4fd6-87e1-7b2ab7910eb8: 61 internal nodes; 6.3 s; peak memory 928 MiB.
2026-10-09T12:59:58Z INFO [3641/5000] b983fd67-3e37-4c19-afb5-36d2c04122a5: 17 internal nodes; 1.1 s; peak memory 928 MiB.
2026-10-09T12:59:59Z INFO [3642/5000] b9841c5e-1cd2-431a-9a7f-a32fb5bda886: 58 internal nodes; 1.8 s; peak memory 928 MiB.
2026-10-09T13:00:01Z INFO [3643/5000] b9845f5b-ffaf-47ca-a2ff-b8dfdcc03f07: 37 internal nodes; 1.6 s; peak memory 928 MiB.
2026-10-09T13:00:03Z INFO [3644/5000] b98486eb-82de-45bd-b20d-d6307faa737d: 31 internal nodes; 1.9 s; peak memory 928 MiB.
2026-10-09T13:00:04Z INFO [3645/5000] b984bd68-db1b-4abd-8a4d-2791790516e9: 27 internal nodes; 1.3 s; peak memory 928 MiB.
2026-10-09T13:00:12Z INFO [3646/5000] b985118e-7f60-4cfa-80f5-ec7001af2482: 158 internal nodes; 7.5 s; peak memory 928 MiB.
2026-10-09T13:00:13Z INFO [3647/5000] b9856a0b-a683-4531-80e5-30331c4778d3: 17 internal nodes; 1.0 s; peak memory 928 MiB.
2026-10-09T13:00:16Z INFO [3648/5000] b985f17c-dc58-4726-8c13-97b0205a7cf8: 44 internal nodes; 2.9 s; peak memory 928 MiB.
2026-10-09T13:00:17Z INFO [3649/5000] b98673f2-8e61-45e9-81f9-a29cf2179bcf: 16 internal nodes; 1.2 s; peak memory 928 MiB.
2026-10-09T13:00:19Z INFO [3650/5000] b9867808-57ab-44a2-ade1-6fd4849b320a: 66 internal nodes; 2.1 s; peak memory 928 MiB.
2026-10-09T13:00:20Z INFO [3650/5000] b9867808-57ab-44a2-ade1-6fd4849b320a: checkpointed 136287 new records.
2026-10-09T13:00:36Z INFO [3651/5000] b986d1f4-3e44-4472-b495-5d239a2b7643: 265 internal nodes; 16.1 s; peak memory 928 MiB.
2026-10-09T13:00:37Z INFO [3652/5000] b987b45e-2d3c-42df-91b5-0d8071ce5a27: 66 internal nodes; 1.9 s; peak memory 928 MiB.
2026-10-09T13:00:39Z INFO [3653/5000] b987deec-d7df-44ce-aa5e-76e0bea47710: 27 internal nodes; 1.4 s; peak memory 928 MiB.
2026-10-09T13:00:47Z INFO [3654/5000] b987fbb3-49db-4b67-9f79-d85f6bf394d4: 219 internal nodes; 8.3 s; peak memory 928 MiB.
2026-10-09T13:00:49Z INFO [3655/5000] b9886187-8def-4e84-a54f-46c2c9005eae: 31 internal nodes; 2.0 s; peak memory 928 MiB.
2026-10-09T13:00:51Z INFO [3656/5000] b9888911-e454-4e37-bb28-de4324abbbf0: 29 internal nodes; 1.6 s; peak memory 928 MiB.
2026-10-09T13:00:52Z INFO [3657/5000] b988bc24-3cc7-449b-9f6b-bff4c2e49e0c: 17 internal nodes; 1.0 s; peak memory 928 MiB.
2026-10-09T13:00:53Z INFO [3658/5000] b98900d6-2a72-4f7c-96d1-402536324353: 16 internal nodes; 1.1 s; peak memory 928 MiB.
2026-10-09T13:00:57Z INFO [3659/5000] b98915e3-b3a7-4572-a9c2-bcca73dfb96b: 46 internal nodes; 3.7 s; peak memory 928 MiB.
2026-10-09T13:02:19Z INFO [3660/5000] b98936e7-7fc6-4441-8524-a530d5d9a2b3: 6153 internal nodes; 82.3 s; peak memory 928 MiB.
2026-10-09T13:02:20Z INFO [3661/5000] b9898a61-e98f-4ca7-9835-28768ef0273c: 20 internal nodes; 1.1 s; peak memory 928 MiB.
2026-10-09T13:02:22Z INFO [3662/5000] b98a35e3-b612-469d-abdc-eb81caef6792: 38 internal nodes; 1.7 s; peak memory 928 MiB.
2026-10-09T13:02:23Z INFO [3663/5000] b98a3bc1-8eb6-49ba-93bf-33168939e70a: 56 internal nodes; 1.5 s; peak memory 928 MiB.
2026-10-09T13:02:24Z INFO [3664/5000] b98a8242-b217-4de8-9085-1fe2c06d2313: 17 internal nodes; 1.0 s; peak memory 928 MiB.
2026-10-09T13:02:26Z INFO [3665/5000] b98a85c2-b480-4702-977c-c14850b23be5: 62 internal nodes; 1.6 s; peak memory 928 MiB.
2026-10-09T13:02:27Z INFO [3666/5000] b98aabbc-ad9d-43ed-b8c6-970ab7f1b5c5: 17 internal nodes; 1.0 s; peak memory 928 MiB.
2026-10-09T13:03:27Z INFO [3667/5000] b98ad319-bd6f-49ef-ba43-ed1f2bbd2932: 105 internal nodes; 59.7 s; peak memory 928 MiB.
2026-10-09T13:03:28Z INFO [3668/5000] b98aec24-0d65-41b5-b445-226ea68e94a5: 18 internal nodes; 1.0 s; peak memory 928 MiB.
2026-10-09T13:03:29Z INFO [3669/5000] b98affd6-da77-4b82-ba2a-fa3322256a81: 25 internal nodes; 1.7 s; peak memory 928 MiB.
2026-10-09T13:03:31Z INFO [3670/5000] b98b104f-9daf-4f50-a2de-887d5d6b7ac5: 27 internal nodes; 1.3 s; peak memory 928 MiB.
2026-10-09T13:03:32Z INFO [3671/5000] b98c005c-2c73-4a71-9acf-5f0c5d534590: 17 internal nodes; 1.1 s; peak memory 928 MiB.
2026-10-09T13:03:33Z INFO [3672/5000] b98c2307-ff96-4e6f-b0a3-9732cb78d808: 58 internal nodes; 1.5 s; peak memory 928 MiB.
2026-10-09T13:03:34Z INFO [3673/5000] b98d0216-5ad5-4a7b-b12d-79b06ce14e7c: 18 internal nodes; 1.2 s; peak memory 928 MiB.
2026-10-09T13:03:36Z INFO [3674/5000] b98dcbcf-f271-4a69-8fa3-32b54b62d922: 17 internal nodes; 1.2 s; peak memory 928 MiB.
2026-10-09T13:03:37Z INFO [3675/5000] b98ecc84-4877-4a9b-b6d5-ee14febab015: 27 internal nodes; 1.4 s; peak memory 928 MiB.
2026-10-09T13:03:39Z INFO [3676/5000] b98ed43b-8875-47c2-8482-555c7704b684: 29 internal nodes; 1.9 s; peak memory 928 MiB.
2026-10-09T13:03:40Z INFO [3677/5000] b98f87c6-ea95-4f23-aff4-a9e00dd3d642: 20 internal nodes; 0.9 s; peak memory 928 MiB.
2026-10-09T13:03:41Z INFO [3678/5000] b98f8e44-c41d-459d-b7bd-1120004b37c1: 17 internal nodes; 1.0 s; peak memory 928 MiB.
2026-10-09T13:03:42Z INFO [3679/5000] b98fabc6-08e2-4bcc-a8dc-199b68fcfab7: 17 internal nodes; 1.0 s; peak memory 928 MiB.
2026-10-09T13:03:49Z INFO [3680/5000] b9901103-ee07-41e6-a088-cc0b977ebb36: 177 internal nodes; 6.8 s; peak memory 928 MiB.
2026-10-09T13:04:05Z INFO [3681/5000] b990f709-a864-4236-9155-9d045b753b3a: 255 internal nodes; 16.0 s; peak memory 928 MiB.
2026-10-09T13:04:14Z INFO [3682/5000] b9918457-4401-46f3-942a-98b39b2ad8a0: 44 internal nodes; 9.6 s; peak memory 928 MiB.
2026-10-09T13:04:15Z INFO [3683/5000] b9919714-8c0d-4626-8fbf-a5dce10ebdf4: 11 internal nodes; 1.2 s; peak memory 928 MiB.
2026-10-09T13:04:16Z INFO [3684/5000] b992a834-43bd-4a52-ba7f-41c5a434355b: 17 internal nodes; 0.9 s; peak memory 928 MiB.
2026-10-09T13:04:18Z INFO [3685/5000] b992a9b0-08dd-4f47-9efd-e6c863ed66f7: 61 internal nodes; 1.9 s; peak memory 928 MiB.
2026-10-09T13:04:19Z INFO [3686/5000] b992c03d-eac7-49b4-b7da-b18b8bab6fee: 17 internal nodes; 1.0 s; peak memory 928 MiB.
2026-10-09T13:04:21Z INFO [3687/5000] b992ecc5-4035-497f-92f6-b992e8a43864: 72 internal nodes; 2.2 s; peak memory 928 MiB.
2026-10-09T13:04:36Z INFO [3688/5000] b99347b5-82a0-46ca-9f96-19ca8ad0f779: 66 internal nodes; 15.1 s; peak memory 928 MiB.
2026-10-09T13:04:37Z INFO [3689/5000] b994bdba-9c8f-42cd-b0d5-57accd792d42: 18 internal nodes; 1.1 s; peak memory 928 MiB.
2026-10-09T13:04:39Z INFO [3690/5000] b995732c-a5f1-4bec-b16c-8c75b252f04c: 17 internal nodes; 1.5 s; peak memory 928 MiB.
2026-10-09T13:04:40Z INFO [3691/5000] b9967613-439c-4c1b-ad79-a92aa0290b2c: 17 internal nodes; 1.0 s; peak memory 928 MiB.
2026-10-09T13:04:43Z INFO [3692/5000] b996a79d-da7d-4425-b2e0-0900ee64e52a: 44 internal nodes; 3.0 s; peak memory 928 MiB.
2026-10-09T13:04:46Z INFO [3693/5000] b9973e1d-2935-4893-899b-979d96a24517: 47 internal nodes; 3.4 s; peak memory 928 MiB.
2026-10-09T13:04:54Z INFO [3694/5000] b9974bec-4bd4-45ef-a71d-6883226c99cb: 129 internal nodes; 7.1 s; peak memory 928 MiB.
2026-10-09T13:04:55Z INFO [3695/5000] b9986b18-779e-470e-a5aa-d0f28f854b7f: 67 internal nodes; 1.9 s; peak memory 928 MiB.
2026-10-09T13:04:57Z INFO [3696/5000] b998bf58-9ae5-4803-b7c7-ba13d03916c3: 30 internal nodes; 1.4 s; peak memory 928 MiB.
2026-10-09T13:04:58Z INFO [3697/5000] b998c8e8-f477-4d83-847e-f50a54b4b2d4: 27 internal nodes; 1.3 s; peak memory 928 MiB.
2026-10-09T13:04:59Z INFO [3698/5000] b9994ba8-d744-41f7-8a5b-58bb558d61a1: 27 internal nodes; 0.9 s; peak memory 928 MiB.
2026-10-09T13:05:02Z INFO [3699/5000] b999e717-6c0a-4d43-a198-6ec5ad19efb5: 44 internal nodes; 3.0 s; peak memory 928 MiB.
2026-10-09T13:05:03Z INFO [3700/5000] b99a8053-8a01-400d-aacd-b9e7591a72a7: 13 internal nodes; 1.1 s; peak memory 928 MiB.
2026-10-09T13:05:04Z INFO [3700/5000] b99a8053-8a01-400d-aacd-b9e7591a72a7: checkpointed 136337 new records.
2026-10-09T13:05:04Z INFO [3701/5000] b99aa02b-fff3-4f29-b7aa-19f8760163a4: 17 internal nodes; 0.8 s; peak memory 928 MiB.
2026-10-09T13:05:06Z INFO [3702/5000] b99ac902-a7ef-4f05-af10-2c6918fdb9f3: 63 internal nodes; 1.4 s; peak memory 928 MiB.
2026-10-09T13:05:08Z INFO [3703/5000] b99acb05-70a6-44c1-9bec-3c38af0bb1b9: 60 internal nodes; 1.6 s; peak memory 928 MiB.
2026-10-09T13:05:19Z INFO [3704/5000] b99b0c46-2ead-481f-83fd-f15fa332779e: 64 internal nodes; 11.3 s; peak memory 928 MiB.
2026-10-09T13:05:20Z INFO [3705/5000] b99b16fe-9c93-4acc-884a-8a8ac7cbb05f: 18 internal nodes; 1.0 s; peak memory 928 MiB.
2026-10-09T13:05:21Z INFO [3706/5000] b99b3314-fcb1-4187-9238-708d5314d72d: 17 internal nodes; 1.1 s; peak memory 928 MiB.
2026-10-09T13:05:23Z INFO [3707/5000] b99b5aea-fc4c-4b85-b1b7-a53e416876f5: 95 internal nodes; 2.0 s; peak memory 928 MiB.
2026-10-09T13:05:24Z INFO [3708/5000] b99b801a-83d2-4786-ab0c-ed565dfa4494: 17 internal nodes; 1.1 s; peak memory 928 MiB.
2026-10-09T13:05:25Z INFO [3709/5000] b99bc335-716e-4b6e-84ca-299aaa022771: 27 internal nodes; 1.5 s; peak memory 928 MiB.
2026-10-09T13:05:27Z INFO [3710/5000] b99c4077-d106-4a66-aaab-955388416594: 27 internal nodes; 1.4 s; peak memory 928 MiB.
2026-10-09T13:05:29Z INFO [3711/5000] b99c49f3-a781-4ba4-9a78-b6fb18fcaa2b: 45 internal nodes; 2.4 s; peak memory 928 MiB.
2026-10-09T13:05:31Z INFO [3712/5000] b99c7f56-a085-42dd-ad29-8f9f735dec66: 31 internal nodes; 1.6 s; peak memory 928 MiB.
2026-10-09T13:05:32Z INFO [3713/5000] b99ce8ec-dd26-4213-8742-02d44e7bc976: 27 internal nodes; 0.8 s; peak memory 928 MiB.
2026-10-09T13:05:33Z INFO [3714/5000] b99d67c0-e85c-42e3-a784-a64f166d7fc9: 18 internal nodes; 1.4 s; peak memory 928 MiB.
2026-10-09T13:05:35Z INFO [3715/5000] b99e335c-eaff-4eaf-b7a0-85a571b39fdf: 90 internal nodes; 1.5 s; peak memory 928 MiB.
2026-10-09T13:05:36Z INFO [3716/5000] b99e985f-88d6-4747-beb5-04ccaaadde2a: 21 internal nodes; 1.1 s; peak memory 928 MiB.
2026-10-09T13:05:37Z INFO [3717/5000] b99f57e2-09b1-48b8-b5b6-3940f2b66a2f: 17 internal nodes; 1.2 s; peak memory 928 MiB.
2026-10-09T13:05:39Z INFO [3718/5000] b9a1232d-3527-46f6-8a97-736b38fdb029: 52 internal nodes; 2.4 s; peak memory 928 MiB.
2026-10-09T13:05:46Z INFO [3719/5000] b9a170ed-cf02-4ce6-8a14-6c13346831ae: 116 internal nodes; 6.7 s; peak memory 928 MiB.
2026-10-09T13:05:47Z INFO [3720/5000] b9a19735-aba8-47c3-a729-900800934806: 18 internal nodes; 1.4 s; peak memory 928 MiB.
2026-10-09T13:05:55Z INFO [3721/5000] b9a199fd-3d35-4ab5-b0b0-aeacb9d41464: 62 internal nodes; 7.8 s; peak memory 928 MiB.
2026-10-09T13:06:02Z INFO [3722/5000] b9a1a7cb-0758-40f1-a523-db9d3a360ed9: 161 internal nodes; 7.0 s; peak memory 928 MiB.
2026-10-09T13:06:05Z INFO [3723/5000] b9a21fba-854e-4083-b987-e6a4d4e9a6ab: 46 internal nodes; 3.3 s; peak memory 928 MiB.
2026-10-09T13:06:07Z INFO [3724/5000] b9a2418e-8c6d-4bf2-b211-2c255b484932: 27 internal nodes; 1.4 s; peak memory 928 MiB.
2026-10-09T13:06:08Z INFO [3725/5000] b9a2763e-184a-46dc-a4cd-9314cab9662f: 27 internal nodes; 1.5 s; peak memory 928 MiB.
2026-10-09T13:09:21Z INFO [3726/5000] b9a27c4b-56e8-42cd-a35a-4e09efbac198: 31871 internal nodes; 192.2 s; peak memory 1195 MiB.
2026-10-09T13:09:22Z INFO [3727/5000] b9a32856-6ad2-4c73-b48d-76cdba363e59: 66 internal nodes; 1.9 s; peak memory 1195 MiB.
2026-10-09T13:09:24Z INFO [3728/5000] b9a33602-3890-4ae0-ae39-608c5b75b45c: 11 internal nodes; 1.1 s; peak memory 1195 MiB.
2026-10-09T13:09:33Z INFO [3729/5000] b9a45841-906c-4cb7-b75a-5f8e346fc420: 182 internal nodes; 9.6 s; peak memory 1195 MiB.
2026-10-09T13:09:35Z INFO [3730/5000] b9a4608d-a8c1-49fc-a3ac-2907cb98892e: 44 internal nodes; 2.3 s; peak memory 1195 MiB.
2026-10-09T13:09:46Z INFO [3731/5000] b9a5f538-8480-4a88-86ca-8fe7a218dc01: 220 internal nodes; 10.4 s; peak memory 1195 MiB.
2026-10-09T13:09:47Z INFO [3732/5000] b9a748b9-cd4c-4a11-b11b-8dbbcc636fa4: 31 internal nodes; 1.5 s; peak memory 1195 MiB.
2026-10-09T13:09:49Z INFO [3733/5000] b9a913d8-0358-4037-acb7-dadee7d5b622: 26 internal nodes; 1.4 s; peak memory 1195 MiB.
2026-10-09T13:09:50Z INFO [3734/5000] b9a9f406-0912-4f32-a5e6-2b7ee70ffa00: 27 internal nodes; 1.8 s; peak memory 1195 MiB.
2026-10-09T13:09:52Z INFO [3735/5000] b9aa4242-9c33-4c41-b5d0-aebd42fc333a: 31 internal nodes; 1.7 s; peak memory 1195 MiB.
2026-10-09T13:09:54Z INFO [3736/5000] b9aaa9f1-1e51-46c4-9a30-585a565c0045: 31 internal nodes; 1.7 s; peak memory 1195 MiB.
2026-10-09T13:09:57Z INFO [3737/5000] b9acad76-e040-47f5-aad4-ff2deea9cce3: 41 internal nodes; 2.8 s; peak memory 1195 MiB.
2026-10-09T13:10:06Z INFO [3738/5000] b9acb471-9b64-4b1a-8e72-726d36df8647: 209 internal nodes; 8.8 s; peak memory 1195 MiB.
2026-10-09T13:10:07Z INFO [3739/5000] b9acdbeb-a473-48a1-9cc5-f3b3104531a5: 31 internal nodes; 1.9 s; peak memory 1195 MiB.
2026-10-09T13:10:10Z INFO [3740/5000] b9adaf6b-44f9-444e-8a2f-b7577907857f: 54 internal nodes; 2.6 s; peak memory 1195 MiB.
2026-10-09T13:10:18Z INFO [3741/5000] b9addf59-7f9b-4dde-adc4-779615e2c3c4: 173 internal nodes; 8.0 s; peak memory 1195 MiB.
2026-10-09T13:10:28Z INFO [3742/5000] b9afccb8-c153-4156-b032-96fd2286fe53: 108 internal nodes; 9.5 s; peak memory 1195 MiB.
2026-10-09T13:10:29Z INFO [3743/5000] b9afff45-62cb-4a14-958a-40c362ed4e78: 17 internal nodes; 1.2 s; peak memory 1195 MiB.
2026-10-09T13:10:30Z INFO [3744/5000] b9b0f49d-2edf-43b6-8ebf-0834d732c33b: 61 internal nodes; 1.7 s; peak memory 1195 MiB.
2026-10-09T13:10:32Z INFO [3745/5000] b9b15cc6-9c2c-4451-a0a6-52b6fe23d5b2: 17 internal nodes; 1.1 s; peak memory 1195 MiB.
2026-10-09T13:10:33Z INFO [3746/5000] b9b28065-fba1-469d-8645-838a133e8b91: 17 internal nodes; 1.1 s; peak memory 1195 MiB.
2026-10-09T13:10:34Z INFO [3747/5000] b9b28f75-f155-4a64-b3c5-b83ced4c66db: 17 internal nodes; 1.1 s; peak memory 1195 MiB.
2026-10-09T13:10:35Z INFO [3748/5000] b9b2ea65-998e-4eaa-bb14-cba2094f1ad0: 27 internal nodes; 1.4 s; peak memory 1195 MiB.
2026-10-09T13:10:38Z INFO [3749/5000] b9b347ef-523a-4662-ae1c-dff00248ad83: 211 internal nodes; 2.7 s; peak memory 1195 MiB.
2026-10-09T13:10:39Z INFO [3750/5000] b9b46f60-d654-4edb-b94a-30349fc68dcd: 27 internal nodes; 1.7 s; peak memory 1195 MiB.
2026-10-09T13:10:40Z INFO [3750/5000] b9b46f60-d654-4edb-b94a-30349fc68dcd: checkpointed 136387 new records.
2026-10-09T13:10:41Z INFO [3751/5000] b9b4743b-26b8-4879-be00-35b9e2aa71ad: 23 internal nodes; 1.2 s; peak memory 1195 MiB.
2026-10-09T13:10:43Z INFO [3752/5000] b9b4ad10-4e42-4d60-a13b-796fb3f0f31e: 31 internal nodes; 1.7 s; peak memory 1195 MiB.
2026-10-09T13:10:44Z INFO [3753/5000] b9b4b6a9-eb52-4929-9004-a44cde89ec6f: 27 internal nodes; 1.3 s; peak memory 1195 MiB.
2026-10-09T13:10:45Z INFO [3754/5000] b9b5ad0e-f96e-45cd-8bbc-aa129e817190: 17 internal nodes; 1.2 s; peak memory 1195 MiB.
2026-10-09T13:10:46Z INFO [3755/5000] b9b62f98-b8f8-4fd7-8132-e3477e5bfb5f: 15 internal nodes; 1.1 s; peak memory 1195 MiB.
2026-10-09T13:10:47Z INFO [3756/5000] b9b71b56-7de6-4e91-a103-a73564ac9dff: 11 internal nodes; 0.8 s; peak memory 1195 MiB.
2026-10-09T13:10:49Z INFO [3757/5000] b9b7e3d7-4e0f-46ff-bf22-a0ef215649d0: 59 internal nodes; 1.9 s; peak memory 1195 MiB.
2026-10-09T13:10:50Z INFO [3758/5000] b9b81c8a-a29c-40fe-a5ba-aa8525b83c66: 17 internal nodes; 1.2 s; peak memory 1195 MiB.
2026-10-09T13:10:52Z INFO [3759/5000] b9b87998-e2b3-4252-9752-22370677d9bd: 34 internal nodes; 2.1 s; peak memory 1195 MiB.
2026-10-09T13:10:54Z INFO [3760/5000] b9b9938c-4d29-4448-a1f2-648863081be4: 17 internal nodes; 1.2 s; peak memory 1195 MiB.
2026-10-09T13:10:55Z INFO [3761/5000] b9b9e6c2-52d3-4c9e-ace6-c6bec0e4a119: 31 internal nodes; 1.8 s; peak memory 1195 MiB.
2026-10-09T13:11:03Z INFO [3762/5000] b9ba6e56-dad7-4c94-b061-ab6b324ab4fd: 177 internal nodes; 8.0 s; peak memory 1195 MiB.
2026-10-09T13:11:04Z INFO [3763/5000] b9bbf447-7ad7-4c9c-9938-a7cf6cfb9365: 17 internal nodes; 1.1 s; peak memory 1195 MiB.
2026-10-09T13:11:06Z INFO [3764/5000] b9bce2c3-a914-40b5-ba39-db1ce325e546: 15 internal nodes; 1.1 s; peak memory 1195 MiB.
2026-10-09T13:11:07Z INFO [3765/5000] b9bd76a0-7544-4849-8934-49d1301a734d: 52 internal nodes; 1.6 s; peak memory 1195 MiB.
2026-10-09T13:11:08Z INFO [3766/5000] b9bd9814-2268-4352-a732-042b9f5987e4: 13 internal nodes; 1.2 s; peak memory 1195 MiB.
2026-10-09T13:11:14Z INFO [3767/5000] b9be30c0-3ee2-43b0-8258-71cb17bb0dcf: 70 internal nodes; 6.0 s; peak memory 1195 MiB.
2026-10-09T13:11:21Z INFO [3768/5000] b9be90e6-1d00-4ee9-ab70-7e672f5c7d1e: 61 internal nodes; 7.0 s; peak memory 1195 MiB.
2026-10-09T13:12:14Z INFO [3769/5000] b9be9745-b9aa-43ba-a083-b729cade6570: 845 internal nodes; 52.9 s; peak memory 1195 MiB.
2026-10-09T13:12:16Z INFO [3770/5000] b9be9f2b-ba5b-44a7-88f0-19eb64cbad20: 62 internal nodes; 1.5 s; peak memory 1195 MiB.
2026-10-09T13:12:29Z INFO [3771/5000] b9bf2860-f46c-4a9f-a289-f568415d5088: 370 internal nodes; 12.8 s; peak memory 1195 MiB.
2026-10-09T13:12:30Z INFO [3772/5000] b9c0012d-02a3-4065-bb73-4a6e13069469: 21 internal nodes; 1.3 s; peak memory 1195 MiB.
2026-10-09T13:12:34Z INFO [3773/5000] b9c01186-af29-452e-b8f4-22b351101fcf: 90 internal nodes; 4.5 s; peak memory 1195 MiB.
2026-10-09T13:12:36Z INFO [3774/5000] b9c09754-afa7-47f7-afc0-63ec9420f07e: 27 internal nodes; 1.4 s; peak memory 1195 MiB.
2026-10-09T13:12:37Z INFO [3775/5000] b9c1660c-7b12-43e6-848e-5c24f7e2b1e4: 17 internal nodes; 1.1 s; peak memory 1195 MiB.
2026-10-09T13:12:48Z INFO [3776/5000] b9c1903e-6c93-43bf-80bc-9960e6d5b716: 114 internal nodes; 11.0 s; peak memory 1195 MiB.
2026-10-09T13:12:50Z INFO [3777/5000] b9c21c3a-ce5d-4cfb-87b7-76b140a4c400: 31 internal nodes; 1.9 s; peak memory 1195 MiB.
2026-10-09T13:12:51Z INFO [3778/5000] b9c24a46-a6d4-422b-98a2-7ffbaa6b11fa: 17 internal nodes; 1.0 s; peak memory 1195 MiB.
2026-10-09T13:12:52Z INFO [3779/5000] b9c27815-0042-4ff2-8c1c-1770969510f6: 17 internal nodes; 1.1 s; peak memory 1195 MiB.
2026-10-09T13:12:53Z INFO [3780/5000] b9c47fc8-ed75-4493-96c3-7e592b035607: 18 internal nodes; 1.3 s; peak memory 1195 MiB.
2026-10-09T13:12:55Z INFO [3781/5000] b9c4a520-54a2-4dc8-beaf-a28b63b7e658: 23 internal nodes; 1.5 s; peak memory 1195 MiB.
2026-10-09T13:12:57Z INFO [3782/5000] b9c4dfeb-d261-4139-9b73-fda0028f00aa: 31 internal nodes; 1.9 s; peak memory 1195 MiB.
2026-10-09T13:12:58Z INFO [3783/5000] b9c4fe3b-837c-4bd7-a33b-187766bfdb53: 17 internal nodes; 1.3 s; peak memory 1195 MiB.
2026-10-09T13:13:00Z INFO [3784/5000] b9c504a6-a411-43f9-bcd5-72a8e444e692: 27 internal nodes; 2.0 s; peak memory 1195 MiB.
2026-10-09T13:13:01Z INFO [3785/5000] b9c56abd-33f2-4b28-a62b-c8ef07f45cce: 17 internal nodes; 1.1 s; peak memory 1195 MiB.
2026-10-09T13:13:02Z INFO [3786/5000] b9c5e48f-cd07-4b42-adbe-222e9fb60d0e: 13 internal nodes; 1.0 s; peak memory 1195 MiB.
2026-10-09T13:13:11Z INFO [3787/5000] b9c62b17-e034-4863-9461-4d5e3b233c42: 189 internal nodes; 9.3 s; peak memory 1195 MiB.
2026-10-09T13:13:14Z INFO [3788/5000] b9c64cb6-a13c-4aa1-86be-3bb1b08d2c87: 50 internal nodes; 2.8 s; peak memory 1195 MiB.
2026-10-09T13:13:15Z INFO [3789/5000] b9c70d0c-5b3f-40f5-98e6-952562e21ffb: 13 internal nodes; 1.0 s; peak memory 1195 MiB.
2026-10-09T13:13:17Z INFO [3790/5000] b9c71290-d88e-40a3-b9db-72cc57951dea: 37 internal nodes; 2.0 s; peak memory 1195 MiB.
2026-10-09T13:13:19Z INFO [3791/5000] b9c7130e-e699-44f3-b998-bb7c5b665270: 27 internal nodes; 1.4 s; peak memory 1195 MiB.
2026-10-09T13:13:22Z INFO [3792/5000] b9c7280e-9d6b-4c80-87b0-35696aab3025: 44 internal nodes; 2.9 s; peak memory 1195 MiB.
2026-10-09T13:13:30Z INFO [3793/5000] b9c7d8fc-2a8f-4ee7-9db1-11e88412ea0d: 169 internal nodes; 8.1 s; peak memory 1195 MiB.
2026-10-09T13:13:31Z INFO [3794/5000] b9c8a16a-e52e-4c86-8520-d8879f0dc2e0: 31 internal nodes; 1.7 s; peak memory 1195 MiB.
2026-10-09T13:13:32Z INFO [3795/5000] b9c8b94e-f88b-4bd2-8e9d-5a001020698c: 17 internal nodes; 1.0 s; peak memory 1195 MiB.
2026-10-09T13:13:34Z INFO [3796/5000] b9c8dc93-73d4-4161-ba9d-5169a930d3da: 27 internal nodes; 1.4 s; peak memory 1195 MiB.
2026-10-09T13:13:35Z INFO [3797/5000] b9c9d130-4b07-4750-96da-d8f284581cf0: 27 internal nodes; 1.4 s; peak memory 1195 MiB.
2026-10-09T13:13:36Z INFO [3798/5000] b9ca0bba-fd90-4bcf-9be5-0d2f47b893c8: 27 internal nodes; 1.3 s; peak memory 1195 MiB.
2026-10-09T13:13:38Z INFO [3799/5000] b9ca1958-6ed3-46e1-ba3c-2cc1e9d0adae: 31 internal nodes; 1.9 s; peak memory 1195 MiB.
2026-10-09T13:13:40Z INFO [3800/5000] b9ca8cef-9a93-4010-aae9-ba6c33cdd265: 24 internal nodes; 1.2 s; peak memory 1195 MiB.
2026-10-09T13:13:40Z INFO [3800/5000] b9ca8cef-9a93-4010-aae9-ba6c33cdd265: checkpointed 136437 new records.
2026-10-09T13:13:41Z INFO [3801/5000] b9cae69d-389c-4df8-8335-87f0c68db9cb: 17 internal nodes; 0.9 s; peak memory 1195 MiB.
2026-10-09T13:13:43Z INFO [3802/5000] b9caf7d6-93a8-49f2-94f5-1d9e0a7976de: 66 internal nodes; 2.0 s; peak memory 1195 MiB.
2026-10-09T13:13:45Z INFO [3803/5000] b9cb3bbb-4ede-434c-9549-7d3e0c150e40: 116 internal nodes; 1.7 s; peak memory 1195 MiB.
2026-10-09T13:13:48Z INFO [3804/5000] b9cb6294-75e5-4787-b2cb-4be92c702d74: 46 internal nodes; 3.4 s; peak memory 1195 MiB.
2026-10-09T13:13:50Z INFO [3805/5000] b9cc77de-d7b6-4712-aa87-d2efdd3b1ae8: 27 internal nodes; 1.5 s; peak memory 1195 MiB.
2026-10-09T13:13:52Z INFO [3806/5000] b9cc9ae6-5c88-4948-a26c-c88a085705e4: 30 internal nodes; 2.5 s; peak memory 1195 MiB.
2026-10-09T13:13:54Z INFO [3807/5000] b9cd32ec-3fc9-4459-8a19-d4fa7341050a: 31 internal nodes; 1.6 s; peak memory 1195 MiB.
2026-10-09T13:14:00Z INFO [3808/5000] b9cdea07-ec1e-4047-aa26-dde3ca2c3c4c: 54 internal nodes; 6.2 s; peak memory 1195 MiB.
2026-10-09T13:14:01Z INFO [3809/5000] b9cded7c-f9c9-4ee1-b53f-f21de562907e: 31 internal nodes; 1.4 s; peak memory 1195 MiB.
2026-10-09T13:14:02Z INFO [3810/5000] b9ce0065-904a-4a69-8fde-f6ce4ee8bb8e: 17 internal nodes; 1.2 s; peak memory 1195 MiB.
2026-10-09T13:14:04Z INFO [3811/5000] b9ce53f7-27f8-42ff-b3dc-3eb0eb1166fb: 13 internal nodes; 1.5 s; peak memory 1195 MiB.
2026-10-09T13:14:06Z INFO [3812/5000] b9cea32e-f4fc-4fc1-94bd-bc63a41c7d53: 31 internal nodes; 1.8 s; peak memory 1195 MiB.
2026-10-09T13:14:07Z INFO [3813/5000] b9cecabc-fef5-451d-97de-3fdb4a50f203: 31 internal nodes; 1.2 s; peak memory 1195 MiB.
2026-10-09T13:14:08Z INFO [3814/5000] b9cf4151-cde2-4a7c-a815-a21c9b5c8334: 11 internal nodes; 0.8 s; peak memory 1195 MiB.
2026-10-09T13:14:11Z INFO [3815/5000] b9cf6f49-615f-4bfb-b0a2-b9b7b2dd300c: 54 internal nodes; 2.9 s; peak memory 1195 MiB.
2026-10-09T13:14:12Z INFO [3816/5000] b9d07f87-3d05-42dc-9f33-6933535b871f: 90 internal nodes; 1.4 s; peak memory 1195 MiB.
2026-10-09T13:14:14Z INFO [3817/5000] b9d0e557-608f-4d64-a743-8856243fd45d: 60 internal nodes; 1.6 s; peak memory 1195 MiB.
2026-10-09T13:14:15Z INFO [3818/5000] b9d116d6-5207-4564-b7ff-070016641638: 27 internal nodes; 1.3 s; peak memory 1195 MiB.
2026-10-09T13:14:17Z INFO [3819/5000] b9d1d32a-f2c1-4697-931b-c8dd55cb74bd: 60 internal nodes; 1.7 s; peak memory 1195 MiB.
2026-10-09T13:14:19Z INFO [3820/5000] b9d1e05f-b185-4f9a-ac09-ac736032645a: 61 internal nodes; 2.6 s; peak memory 1195 MiB.
2026-10-09T13:14:21Z INFO [3821/5000] b9d1ea63-8967-4294-a1ca-3c9b612d8938: 37 internal nodes; 1.9 s; peak memory 1195 MiB.
2026-10-09T13:14:22Z INFO [3822/5000] b9d266d4-9bf7-4d1a-9e84-51d6b817036b: 27 internal nodes; 1.4 s; peak memory 1195 MiB.
2026-10-09T13:14:23Z INFO [3823/5000] b9d27290-785f-4c28-b53e-57bf54d9362e: 11 internal nodes; 0.8 s; peak memory 1195 MiB.
2026-10-09T13:14:24Z INFO [3824/5000] b9d2994b-a128-4ac1-aaac-8e705e98779b: 17 internal nodes; 1.0 s; peak memory 1195 MiB.
2026-10-09T13:14:26Z INFO [3825/5000] b9d3573e-8797-4571-a3c3-315febac2c7a: 27 internal nodes; 1.4 s; peak memory 1195 MiB.
2026-10-09T13:14:27Z INFO [3826/5000] b9d38eb4-7430-4ab5-b5b8-21214930d067: 13 internal nodes; 1.0 s; peak memory 1195 MiB.
2026-10-09T13:14:28Z INFO [3827/5000] b9d412c6-348c-4acd-8164-616c3ac0c68d: 27 internal nodes; 1.5 s; peak memory 1195 MiB.
2026-10-09T13:14:29Z INFO [3828/5000] b9d42c88-73ef-4f18-911a-b7e4dd0e6ffb: 17 internal nodes; 1.0 s; peak memory 1195 MiB.
2026-10-09T13:14:30Z INFO [3829/5000] b9d51a74-e7e5-470e-a6c1-57717d73283b: 17 internal nodes; 1.1 s; peak memory 1195 MiB.
2026-10-09T13:14:34Z INFO [3830/5000] b9d51b3c-4050-46a5-a728-7f4240628719: 46 internal nodes; 3.5 s; peak memory 1195 MiB.
2026-10-09T13:14:35Z INFO [3831/5000] b9d5b422-44f5-498f-8226-0b650b1d8a18: 11 internal nodes; 0.8 s; peak memory 1195 MiB.
2026-10-09T13:14:36Z INFO [3832/5000] b9d680f8-d22f-4915-8b62-fff5d6289c02: 27 internal nodes; 1.5 s; peak memory 1195 MiB.
2026-10-09T13:14:37Z INFO [3833/5000] b9d6b5b4-c8cf-4c15-859c-d58c34430056: 23 internal nodes; 1.2 s; peak memory 1195 MiB.
2026-10-09T13:14:39Z INFO [3834/5000] b9d6d7f7-1ead-46ce-a118-317a9774f7b0: 21 internal nodes; 1.6 s; peak memory 1195 MiB.
2026-10-09T13:14:41Z INFO [3835/5000] b9d72d47-a9c9-49bb-b477-d0580659e4aa: 36 internal nodes; 1.7 s; peak memory 1195 MiB.
2026-10-09T13:14:43Z INFO [3836/5000] b9d79f22-bed2-47fc-87cb-0fdb36343677: 65 internal nodes; 2.1 s; peak memory 1195 MiB.
2026-10-09T13:14:44Z INFO [3837/5000] b9d7a3b0-0d29-4a84-9a58-9546f55b740f: 12 internal nodes; 1.1 s; peak memory 1195 MiB.
2026-10-09T13:14:45Z INFO [3838/5000] b9d7c963-6a5f-4ef0-87b8-76d99fa7b437: 31 internal nodes; 1.8 s; peak memory 1195 MiB.
2026-10-09T13:14:47Z INFO [3839/5000] b9d80cb1-648e-4c52-90ea-492b8f577989: 17 internal nodes; 1.2 s; peak memory 1195 MiB.
2026-10-09T13:14:48Z INFO [3840/5000] b9d88693-7129-49d3-990e-2a4a8abac4e1: 29 internal nodes; 1.6 s; peak memory 1195 MiB.
2026-10-09T13:14:50Z INFO [3841/5000] b9d93ada-7045-4088-a757-45fceb9030d4: 27 internal nodes; 1.4 s; peak memory 1195 MiB.
2026-10-09T13:15:02Z INFO [3842/5000] b9da1709-90a2-4e30-921f-59cad5b196a0: 320 internal nodes; 12.2 s; peak memory 1195 MiB.
2026-10-09T13:15:04Z INFO [3843/5000] b9da6191-6b10-458c-b1ab-cd697211857e: 31 internal nodes; 1.9 s; peak memory 1195 MiB.
2026-10-09T13:15:05Z INFO [3844/5000] b9daf462-a063-4360-b4f4-5b95cf073010: 27 internal nodes; 1.3 s; peak memory 1195 MiB.
2026-10-09T13:15:14Z INFO [3845/5000] b9db9e21-3687-4d62-a38f-2b231a87263f: 193 internal nodes; 9.0 s; peak memory 1195 MiB.
2026-10-09T13:15:28Z INFO [3846/5000] b9dbbae3-49a5-4f83-9cde-8c2114c4a3af: 2227 internal nodes; 14.1 s; peak memory 1195 MiB.
2026-10-09T13:15:30Z INFO [3847/5000] b9dbc14a-a4bc-4416-9971-4d6be3428347: 30 internal nodes; 1.6 s; peak memory 1195 MiB.
2026-10-09T13:15:31Z INFO [3848/5000] b9dbd918-9845-4852-a456-6bfdd6b886fb: 27 internal nodes; 1.4 s; peak memory 1195 MiB.
2026-10-09T13:15:37Z INFO [3849/5000] b9dbe76a-b4b7-430c-9592-a30a5201553c: 73 internal nodes; 6.0 s; peak memory 1195 MiB.
2026-10-09T13:15:44Z INFO [3850/5000] b9dc2266-9925-4b92-922b-584f33697a6b: 66 internal nodes; 7.3 s; peak memory 1195 MiB.
2026-10-09T13:15:45Z INFO [3850/5000] b9dc2266-9925-4b92-922b-584f33697a6b: checkpointed 136487 new records.
2026-10-09T13:15:46Z INFO [3851/5000] b9dd4d33-d544-4021-90c6-eb9419bde546: 17 internal nodes; 1.0 s; peak memory 1195 MiB.
2026-10-09T13:15:48Z INFO [3852/5000] b9e00140-4fd3-4ad6-9c8b-73f75f4ea4a4: 37 internal nodes; 2.1 s; peak memory 1195 MiB.
2026-10-09T13:15:49Z INFO [3853/5000] b9e053f5-5eaa-4e7b-bed5-1ebd0c5f6ed2: 17 internal nodes; 0.9 s; peak memory 1195 MiB.
2026-10-09T13:15:50Z INFO [3854/5000] b9e07a17-fd93-454b-8aa4-3255a0e02ff2: 115 internal nodes; 1.3 s; peak memory 1195 MiB.
2026-10-09T13:15:51Z INFO [3855/5000] b9e152cd-6064-4b18-810a-c5d0b6029c5b: 17 internal nodes; 1.0 s; peak memory 1195 MiB.
2026-10-09T13:15:58Z INFO [3856/5000] b9e20f8e-ad52-4881-8c98-94c0babc3e9f: 127 internal nodes; 6.4 s; peak memory 1195 MiB.
2026-10-09T13:15:59Z INFO [3857/5000] b9e3c43b-7b08-4ca4-aca0-befe08c931ff: 19 internal nodes; 1.1 s; peak memory 1195 MiB.
2026-10-09T13:16:00Z INFO [3858/5000] b9e3dc61-4526-4b1e-a388-ec3386ea7c95: 35 internal nodes; 1.7 s; peak memory 1195 MiB.
2026-10-09T13:16:01Z INFO [3859/5000] b9e402a7-e3f0-4137-b588-555c79d67f2a: 17 internal nodes; 1.0 s; peak memory 1195 MiB.
2026-10-09T13:16:03Z INFO [3860/5000] b9e472aa-0d0d-4dd5-bf28-7860f9165b05: 17 internal nodes; 1.2 s; peak memory 1195 MiB.
2026-10-09T13:16:04Z INFO [3861/5000] b9e4b035-551f-4f2f-a037-8e9bf863fc9e: 17 internal nodes; 1.1 s; peak memory 1195 MiB.
2026-10-09T13:16:19Z INFO [3862/5000] b9e5b219-3464-4ce5-9e3b-fc3de605b505: 457 internal nodes; 15.0 s; peak memory 1195 MiB.
2026-10-09T13:16:23Z INFO [3863/5000] b9e6515a-8fc8-463f-9ad5-a1f108ff75c5: 56 internal nodes; 4.2 s; peak memory 1195 MiB.
2026-10-09T13:16:24Z INFO [3864/5000] b9e75e6f-6cee-4172-952e-35d6ceb21f04: 11 internal nodes; 0.9 s; peak memory 1195 MiB.
2026-10-09T13:16:25Z INFO [3865/5000] b9e781e0-4667-48f6-98f5-ea3bf0ebff99: 19 internal nodes; 1.2 s; peak memory 1195 MiB.
2026-10-09T13:16:31Z INFO [3866/5000] b9e7a3e0-daaf-4198-8309-5a294cc8b789: 62 internal nodes; 6.4 s; peak memory 1195 MiB.
2026-10-09T13:16:33Z INFO [3867/5000] b9e9b90c-a593-421a-96ca-adf4389b2c0b: 27 internal nodes; 1.6 s; peak memory 1195 MiB.
2026-10-09T13:16:34Z INFO [3868/5000] b9e9c399-92fd-409e-8b6b-4654f0f8e98e: 13 internal nodes; 1.1 s; peak memory 1195 MiB.
2026-10-09T13:16:35Z INFO [3869/5000] b9ea04cb-6b4a-44d4-9326-15dd943ce11a: 17 internal nodes; 1.2 s; peak memory 1195 MiB.
2026-10-09T13:16:38Z INFO [3870/5000] b9ea77b8-916a-4873-83ce-5c0964ea0d0f: 44 internal nodes; 2.8 s; peak memory 1195 MiB.
2026-10-09T13:16:39Z INFO [3871/5000] b9ea9426-393a-4503-9c2a-08654d8ee07b: 17 internal nodes; 1.1 s; peak memory 1195 MiB.
2026-10-09T13:16:41Z INFO [3872/5000] b9eaf44f-5fa0-49d6-8f55-7b7c5cf2f1f6: 29 internal nodes; 1.6 s; peak memory 1195 MiB.
2026-10-09T13:16:42Z INFO [3873/5000] b9eb0595-bdd8-4fa6-9c95-7c0934a86b1e: 27 internal nodes; 1.4 s; peak memory 1195 MiB.
2026-10-09T13:16:43Z INFO [3874/5000] b9eb22ac-3168-423b-b5e5-1a064f05ea1e: 17 internal nodes; 1.0 s; peak memory 1195 MiB.
2026-10-09T13:16:44Z INFO [3875/5000] b9eb5776-90bd-4c30-bc8e-451c2e0eb41a: 17 internal nodes; 1.2 s; peak memory 1195 MiB.
2026-10-09T13:16:46Z INFO [3876/5000] b9eb8356-6847-45ca-814c-becfbe02b366: 17 internal nodes; 1.1 s; peak memory 1195 MiB.
2026-10-09T13:16:52Z INFO [3877/5000] b9ec1604-ca0e-44ef-b234-366f7df45b44: 54 internal nodes; 6.4 s; peak memory 1195 MiB.
2026-10-09T13:16:54Z INFO [3878/5000] b9ec653b-f7bb-4427-a500-1bbd1e9c9300: 53 internal nodes; 1.7 s; peak memory 1195 MiB.
2026-10-09T13:16:55Z INFO [3879/5000] b9eca7dd-d108-48db-bcec-4fe43ebe3269: 27 internal nodes; 1.4 s; peak memory 1195 MiB.
2026-10-09T13:16:59Z INFO [3880/5000] b9ed6c5a-e962-423b-87d6-0f35d2cb717a: 42 internal nodes; 3.8 s; peak memory 1195 MiB.
2026-10-09T13:17:00Z INFO [3881/5000] b9ed892b-9d8d-4e39-a91e-77788191df63: 19 internal nodes; 1.3 s; peak memory 1195 MiB.
2026-10-09T13:17:01Z INFO [3882/5000] b9edc6c2-15fa-4c87-95b1-e23c0588f484: 17 internal nodes; 0.9 s; peak memory 1195 MiB.
2026-10-09T13:17:02Z INFO [3883/5000] b9ef28c4-4b82-46a7-a328-0207716f67fb: 17 internal nodes; 1.0 s; peak memory 1195 MiB.
2026-10-09T13:17:03Z INFO [3884/5000] b9ef6ebb-0307-4a4e-ae3a-70682e9b222a: 59 internal nodes; 1.5 s; peak memory 1195 MiB.
2026-10-09T13:17:05Z INFO [3885/5000] b9ef6f6c-1c7d-45ce-aecb-bd86e2c68bf6: 17 internal nodes; 1.8 s; peak memory 1195 MiB.
2026-10-09T13:17:08Z INFO [3886/5000] b9f0706b-50cc-4114-b7fa-f061d490fbee: 44 internal nodes; 2.4 s; peak memory 1195 MiB.
2026-10-09T13:17:09Z INFO [3887/5000] b9f08bc0-3c8d-446f-888a-d7a3b38531dd: 17 internal nodes; 1.1 s; peak memory 1195 MiB.
2026-10-09T13:17:10Z INFO [3888/5000] b9f0d4a4-8944-43c9-ac95-c0f4eba1f1f4: 115 internal nodes; 1.4 s; peak memory 1195 MiB.
2026-10-09T13:17:13Z INFO [3889/5000] b9f24ec0-5bd8-41eb-bca0-a68050d806bf: 47 internal nodes; 3.0 s; peak memory 1195 MiB.
2026-10-09T13:17:30Z INFO [3890/5000] b9f29f77-3e47-4c3e-b5c5-8335f54744da: 2815 internal nodes; 16.6 s; peak memory 1195 MiB.
2026-10-09T13:17:31Z INFO [3891/5000] b9f325bc-83a9-4226-ae13-891ed9b8d295: 53 internal nodes; 1.6 s; peak memory 1195 MiB.
2026-10-09T13:17:35Z INFO [3892/5000] b9f38374-0044-48d8-a10b-83dd2acc09ea: 46 internal nodes; 3.3 s; peak memory 1195 MiB.
2026-10-09T13:17:36Z INFO [3893/5000] b9f3d2c9-248d-44e0-8a86-03aac6fea63e: 17 internal nodes; 0.9 s; peak memory 1195 MiB.
2026-10-09T13:17:37Z INFO [3894/5000] b9f3d9c0-ca08-44cb-a222-1f4562df1a22: 19 internal nodes; 1.0 s; peak memory 1195 MiB.
2026-10-09T13:17:38Z INFO [3895/5000] b9f4b19e-8637-4a1a-9e3c-4b932fe18ad7: 31 internal nodes; 1.6 s; peak memory 1195 MiB.
2026-10-09T13:17:39Z INFO [3896/5000] b9f4befa-a134-4a7e-ace3-0266ea35f506: 20 internal nodes; 0.9 s; peak memory 1195 MiB.
2026-10-09T13:17:40Z INFO [3897/5000] b9f58ee8-59dd-492b-9b2d-9366d7be5612: 17 internal nodes; 1.2 s; peak memory 1195 MiB.
2026-10-09T13:17:41Z INFO [3898/5000] b9f5e80a-9dc1-406b-bf56-6ff709f927da: 11 internal nodes; 0.9 s; peak memory 1195 MiB.
2026-10-09T13:17:42Z INFO [3899/5000] b9f6918f-dc41-4cd4-be28-558333571ddd: 17 internal nodes; 1.0 s; peak memory 1195 MiB.
2026-10-09T13:17:44Z INFO [3900/5000] b9f76a26-fc81-42ce-99e3-ba73d54ebf85: 31 internal nodes; 1.9 s; peak memory 1195 MiB.
2026-10-09T13:17:45Z INFO [3900/5000] b9f76a26-fc81-42ce-99e3-ba73d54ebf85: checkpointed 136537 new records.
2026-10-09T13:17:47Z INFO [3901/5000] b9f7cf55-2498-4af8-b8b1-2dc11ea2f6e8: 31 internal nodes; 2.1 s; peak memory 1195 MiB.
2026-10-09T13:17:50Z INFO [3902/5000] b9f86ceb-54ee-48fc-b42b-9320fec57a1f: 46 internal nodes; 3.5 s; peak memory 1195 MiB.
2026-10-09T13:17:52Z INFO [3903/5000] b9f8c958-2d09-49ea-8dbf-35fd912265fa: 58 internal nodes; 1.8 s; peak memory 1195 MiB.
2026-10-09T13:17:53Z INFO [3904/5000] b9f93711-07b7-4f5d-972d-e6cdd396b400: 17 internal nodes; 1.1 s; peak memory 1195 MiB.
2026-10-09T13:17:55Z INFO [3905/5000] b9f9661e-12dc-4c17-8c0e-7364d4247344: 37 internal nodes; 1.9 s; peak memory 1195 MiB.
2026-10-09T13:17:56Z INFO [3906/5000] b9fb3fb1-42ca-46c3-ab45-5e61964c8795: 31 internal nodes; 1.0 s; peak memory 1195 MiB.
2026-10-09T13:17:57Z INFO [3907/5000] b9fb9529-9b3e-4bd0-b3f3-ecd467d74f7c: 27 internal nodes; 1.5 s; peak memory 1195 MiB.
2026-10-09T13:18:00Z INFO [3908/5000] b9fcb446-c244-4007-a6c2-0ef73f6eeb77: 54 internal nodes; 2.7 s; peak memory 1195 MiB.
2026-10-09T13:18:01Z INFO [3909/5000] b9fd2676-a52a-4709-aa30-21d3faee46fc: 17 internal nodes; 1.2 s; peak memory 1195 MiB.
2026-10-09T13:18:02Z INFO [3910/5000] b9fd491f-e338-4733-93cc-8dcd201a1986: 11 internal nodes; 1.1 s; peak memory 1195 MiB.
2026-10-09T13:18:03Z INFO [3911/5000] b9fd6c74-eecb-4d7c-b6af-931acaa16a4f: 11 internal nodes; 0.9 s; peak memory 1195 MiB.
2026-10-09T13:18:04Z INFO [3912/5000] b9fdfb58-2a47-4f84-a6e6-3e9d24e36362: 17 internal nodes; 1.0 s; peak memory 1195 MiB.
2026-10-09T13:20:04Z INFO [3913/5000] b9fe3efa-46f7-4fb0-8aa6-44809e53cd07: 2175 internal nodes; 119.8 s; peak memory 1195 MiB.
2026-10-09T13:20:05Z INFO [3914/5000] b9ff2c5d-d027-4ee7-8340-302d824e41cf: 21 internal nodes; 1.3 s; peak memory 1195 MiB.
2026-10-09T13:20:07Z INFO [3915/5000] b9ffcb8a-4378-4ac8-a97d-d6aa407691c8: 29 internal nodes; 1.6 s; peak memory 1195 MiB.
2026-10-09T13:20:09Z INFO [3916/5000] ba0018c0-8c4c-4a37-96fc-0305138f135a: 38 internal nodes; 1.7 s; peak memory 1195 MiB.
2026-10-09T13:20:10Z INFO [3917/5000] ba002abf-410d-4f9c-8fe3-aff11fcdb2f5: 29 internal nodes; 1.5 s; peak memory 1195 MiB.
2026-10-09T13:20:11Z INFO [3918/5000] ba0065ec-31a3-4c97-91d1-fd2945f8a634: 17 internal nodes; 1.3 s; peak memory 1195 MiB.
2026-10-09T13:20:14Z INFO [3919/5000] ba0079bd-d221-478b-bb7c-0d5f2c77a8e6: 44 internal nodes; 2.9 s; peak memory 1195 MiB.
2026-10-09T13:20:29Z INFO [3920/5000] ba00980a-ed01-47ab-b78c-337a5548c890: 256 internal nodes; 15.0 s; peak memory 1195 MiB.
2026-10-09T13:20:31Z INFO [3921/5000] ba015ac7-bff6-4cc4-85d1-d6a10154a244: 19 internal nodes; 1.4 s; peak memory 1195 MiB.
2026-10-09T13:20:32Z INFO [3922/5000] ba01b23c-8bf7-4840-ae0d-446b5c533a1a: 17 internal nodes; 1.0 s; peak memory 1195 MiB.
2026-10-09T13:21:20Z INFO [3923/5000] ba038d1d-7c73-43a4-9fcf-4429bc602a4b: 991 internal nodes; 48.3 s; peak memory 1195 MiB.
2026-10-09T13:21:24Z INFO [3924/5000] ba040fe6-e72f-4628-8a6e-f12d9f362862: 46 internal nodes; 3.5 s; peak memory 1195 MiB.
2026-10-09T13:21:25Z INFO [3925/5000] ba05706f-9a16-4498-8b73-70719fffd6af: 17 internal nodes; 1.0 s; peak memory 1195 MiB.
2026-10-09T13:21:36Z INFO [3926/5000] ba05dd1f-470b-4431-8f60-26afabe8ed6e: 64 internal nodes; 11.2 s; peak memory 1195 MiB.
2026-10-09T13:21:51Z INFO [3927/5000] ba0610bc-9e41-42a9-92ab-d735bf2c607b: 259 internal nodes; 14.7 s; peak memory 1195 MiB.
2026-10-09T13:21:52Z INFO [3928/5000] ba0667fe-f076-4189-9e1b-0246b7858d56: 13 internal nodes; 1.0 s; peak memory 1195 MiB.
2026-10-09T13:21:53Z INFO [3929/5000] ba069df8-cd2a-4364-a8dd-ed941c9aae24: 17 internal nodes; 1.2 s; peak memory 1195 MiB.
2026-10-09T13:21:54Z INFO [3930/5000] ba0862a7-7f7b-47d5-b01a-47299557a0bf: 90 internal nodes; 1.3 s; peak memory 1195 MiB.
2026-10-09T13:21:55Z INFO [3931/5000] ba08a45e-ff60-4aa4-bdfd-a02b409a7b54: 30 internal nodes; 1.4 s; peak memory 1195 MiB.
2026-10-09T13:21:57Z INFO [3932/5000] ba09169d-7dc7-45d3-ad9c-527469f14f27: 27 internal nodes; 1.2 s; peak memory 1195 MiB.
2026-10-09T13:22:02Z INFO [3933/5000] ba09af60-8ea4-4d0f-88bb-6040609edd14: 93 internal nodes; 5.0 s; peak memory 1195 MiB.
2026-10-09T13:22:03Z INFO [3934/5000] ba09f7b6-f986-4457-a0e9-fa708a368aae: 27 internal nodes; 1.3 s; peak memory 1195 MiB.
2026-10-09T13:22:04Z INFO [3935/5000] ba0aa500-305f-4e82-bb12-e5f85c34937a: 27 internal nodes; 0.9 s; peak memory 1195 MiB.
2026-10-09T13:22:06Z INFO [3936/5000] ba0b4d61-cbf4-447e-95cb-3ef57b38387a: 59 internal nodes; 1.9 s; peak memory 1195 MiB.
2026-10-09T13:22:07Z INFO [3937/5000] ba0beeb0-f8bb-4602-9d13-8bde084c1fc3: 83 internal nodes; 1.5 s; peak memory 1195 MiB.
2026-10-09T13:22:08Z INFO [3938/5000] ba0bf184-fc77-4c4a-8ca9-41591f9f29f5: 19 internal nodes; 1.2 s; peak memory 1195 MiB.
2026-10-09T13:22:16Z INFO [3939/5000] ba0c4576-7a48-4d37-a1a5-9ed322d94d95: 164 internal nodes; 7.6 s; peak memory 1195 MiB.
2026-10-09T13:22:17Z INFO [3940/5000] ba0cfddf-5b70-478b-9b99-b78f66b72b30: 27 internal nodes; 1.5 s; peak memory 1195 MiB.
2026-10-09T13:22:19Z INFO [3941/5000] ba0d2b1f-10bc-4515-8e24-ff683d48e723: 120 internal nodes; 1.5 s; peak memory 1195 MiB.
2026-10-09T13:22:20Z INFO [3942/5000] ba0d807c-97d0-4fde-99f5-2e58dea63376: 27 internal nodes; 1.4 s; peak memory 1195 MiB.
2026-10-09T13:22:22Z INFO [3943/5000] ba0ff98f-31b9-466e-a606-8038720c9660: 17 internal nodes; 1.1 s; peak memory 1195 MiB.
2026-10-09T13:22:23Z INFO [3944/5000] ba10e123-20d2-4687-8400-88aef1147406: 31 internal nodes; 1.6 s; peak memory 1195 MiB.
2026-10-09T13:22:34Z INFO [3945/5000] ba115090-d268-4975-ae5a-e9245736a65b: 63 internal nodes; 11.1 s; peak memory 1195 MiB.
2026-10-09T13:22:42Z INFO [3946/5000] ba1298eb-b9cf-4548-ba6f-1cb8be2f919e: 177 internal nodes; 7.4 s; peak memory 1195 MiB.
2026-10-09T13:22:43Z INFO [3947/5000] ba13c9c7-cdd0-4964-aa94-06156e5fb1ec: 13 internal nodes; 1.1 s; peak memory 1195 MiB.
2026-10-09T13:22:44Z INFO [3948/5000] ba1429cd-f9ed-4b25-a88b-dfbbd134076e: 28 internal nodes; 1.1 s; peak memory 1195 MiB.
2026-10-09T13:22:45Z INFO [3949/5000] ba14749b-7d58-4b34-bc8a-559972fcaef2: 116 internal nodes; 1.6 s; peak memory 1195 MiB.
2026-10-09T13:22:52Z INFO [3950/5000] ba14a917-4306-4a51-8047-1e9fdc1abb2d: 177 internal nodes; 6.5 s; peak memory 1195 MiB.
2026-10-09T13:22:52Z INFO [3950/5000] ba14a917-4306-4a51-8047-1e9fdc1abb2d: checkpointed 136587 new records.
2026-10-09T13:22:55Z INFO [3951/5000] ba14d21c-67c7-46c5-b46e-937b4a80b33c: 44 internal nodes; 2.6 s; peak memory 1195 MiB.
2026-10-09T13:22:57Z INFO [3952/5000] ba14f51f-a509-485d-b2cb-91622d24502a: 30 internal nodes; 1.5 s; peak memory 1195 MiB.
2026-10-09T13:22:58Z INFO [3953/5000] ba15624a-b935-498d-be5f-58a35ff9d8cf: 21 internal nodes; 1.4 s; peak memory 1195 MiB.
2026-10-09T13:23:00Z INFO [3954/5000] ba15b9f7-8636-4113-bc77-1cac7ea1eb47: 54 internal nodes; 2.5 s; peak memory 1195 MiB.
2026-10-09T13:23:02Z INFO [3955/5000] ba16f147-5a02-46eb-bf4c-66e95280a232: 17 internal nodes; 1.1 s; peak memory 1195 MiB.
2026-10-09T13:23:03Z INFO [3956/5000] ba171b77-36c4-42b5-b023-bc9f34acb481: 25 internal nodes; 1.4 s; peak memory 1195 MiB.
2026-10-09T13:23:04Z INFO [3957/5000] ba17226b-a6d9-4bb2-b1e5-1b26cf22c5bb: 27 internal nodes; 1.5 s; peak memory 1195 MiB.
2026-10-09T13:23:07Z INFO [3958/5000] ba172aec-63c2-4658-acf3-0ea71e3dd16e: 44 internal nodes; 2.5 s; peak memory 1195 MiB.
2026-10-09T13:23:08Z INFO [3959/5000] ba1813ca-075b-4cb7-9c74-66e0cd608fc5: 27 internal nodes; 1.4 s; peak memory 1195 MiB.
2026-10-09T13:23:10Z INFO [3960/5000] ba187486-7dfa-4b0e-849b-79dd5b107d21: 90 internal nodes; 1.5 s; peak memory 1195 MiB.
2026-10-09T13:23:12Z INFO [3961/5000] ba18f029-7c8f-421b-a9c2-2c2886ff3668: 28 internal nodes; 2.0 s; peak memory 1195 MiB.
2026-10-09T13:23:21Z INFO [3962/5000] ba1949bd-cb6a-42d3-a02c-cc870eabcb2e: 182 internal nodes; 9.1 s; peak memory 1195 MiB.
2026-10-09T13:23:22Z INFO [3963/5000] ba197cc0-4fb5-4df6-b241-82d118b69fe2: 19 internal nodes; 1.3 s; peak memory 1195 MiB.
2026-10-09T13:23:23Z INFO [3964/5000] ba19be28-0a09-4e1e-9e7b-0a1e31800cfa: 17 internal nodes; 0.9 s; peak memory 1195 MiB.
2026-10-09T13:23:24Z INFO [3965/5000] ba19fa77-666b-46f2-b776-609fd9a8e572: 19 internal nodes; 1.2 s; peak memory 1195 MiB.
2026-10-09T13:23:25Z INFO [3966/5000] ba1a27e0-8830-42d7-bf24-3c48da1a8692: 13 internal nodes; 1.0 s; peak memory 1195 MiB.
2026-10-09T13:23:27Z INFO [3967/5000] ba1ac0b5-8144-4423-b816-6640034970de: 115 internal nodes; 1.3 s; peak memory 1195 MiB.
2026-10-09T13:23:28Z INFO [3968/5000] ba1b0db9-afcb-4b05-8047-d2989e30a9ba: 35 internal nodes; 1.5 s; peak memory 1195 MiB.
2026-10-09T13:23:30Z INFO [3969/5000] ba1b1779-f457-4b0b-bbc3-a6e5d91a62d7: 26 internal nodes; 1.3 s; peak memory 1195 MiB.
2026-10-09T13:23:31Z INFO [3970/5000] ba1bb6a7-f565-4540-b52a-17b61a7c2312: 22 internal nodes; 1.4 s; peak memory 1195 MiB.
2026-10-09T13:23:33Z INFO [3971/5000] ba1c4353-0957-400b-a795-cf74987d5276: 30 internal nodes; 1.6 s; peak memory 1195 MiB.
2026-10-09T13:23:34Z INFO [3972/5000] ba1c52fe-5483-4297-aa6e-069762401406: 17 internal nodes; 1.1 s; peak memory 1195 MiB.
2026-10-09T13:23:43Z INFO [3973/5000] ba1d093f-9c14-40d9-b096-afdf0496e310: 190 internal nodes; 9.1 s; peak memory 1195 MiB.
2026-10-09T13:23:44Z INFO [3974/5000] ba1d100a-8656-4480-86e7-b7ff5e1c1720: 19 internal nodes; 1.2 s; peak memory 1195 MiB.
2026-10-09T13:23:45Z INFO [3975/5000] ba1d56ba-4ec1-4088-83db-06ffdf06f744: 17 internal nodes; 1.1 s; peak memory 1195 MiB.
2026-10-09T13:23:46Z INFO [3976/5000] ba1de0e0-c742-49df-ba47-b72e3b0f3c2d: 27 internal nodes; 1.4 s; peak memory 1195 MiB.
2026-10-09T13:23:47Z INFO [3977/5000] ba1e68e8-0730-46df-90ec-b7ed19d55159: 19 internal nodes; 0.9 s; peak memory 1195 MiB.
2026-10-09T13:23:49Z INFO [3978/5000] ba1e96ff-12c7-46b3-89dd-d7fb9f05fe93: 29 internal nodes; 1.4 s; peak memory 1195 MiB.
2026-10-09T13:23:50Z INFO [3979/5000] ba1faf86-8fcb-405a-9b78-458456f399be: 11 internal nodes; 0.8 s; peak memory 1195 MiB.
2026-10-09T13:23:51Z INFO [3980/5000] ba201d67-1da9-4b53-97f1-3cc5a99e12bf: 55 internal nodes; 1.7 s; peak memory 1195 MiB.
2026-10-09T13:23:52Z INFO [3981/5000] ba207456-e60f-4aaf-a4cb-0ae195b667e2: 17 internal nodes; 1.1 s; peak memory 1195 MiB.
2026-10-09T13:23:54Z INFO [3982/5000] ba20f513-90a9-4258-a9df-498793d992b0: 122 internal nodes; 1.9 s; peak memory 1195 MiB.
2026-10-09T13:23:56Z INFO [3983/5000] ba21209f-3f53-417b-b4fe-232742d897fb: 29 internal nodes; 1.3 s; peak memory 1195 MiB.
2026-10-09T13:24:08Z INFO [3984/5000] ba24c815-6d4e-4c4c-a801-220aced1f78f: 75 internal nodes; 12.6 s; peak memory 1195 MiB.
2026-10-09T13:24:20Z INFO [3985/5000] ba24ccf3-13df-4596-9335-b251ac6e3910: 356 internal nodes; 12.1 s; peak memory 1195 MiB.
2026-10-09T13:24:22Z INFO [3986/5000] ba25aa02-257c-47c8-b879-f446dcb5a4d6: 27 internal nodes; 1.3 s; peak memory 1195 MiB.
2026-10-09T13:24:23Z INFO [3987/5000] ba25c2c8-b69c-44a9-be6b-1aad5096124c: 17 internal nodes; 1.1 s; peak memory 1195 MiB.
2026-10-09T13:24:27Z INFO [3988/5000] ba26cc34-7287-465f-a2cf-505f900fc9fb: 41 internal nodes; 3.9 s; peak memory 1195 MiB.
2026-10-09T13:24:28Z INFO [3989/5000] ba2757e9-d90c-48a4-b135-457b647f2d6f: 27 internal nodes; 1.4 s; peak memory 1195 MiB.
2026-10-09T13:24:34Z INFO [3990/5000] ba276d11-084d-4437-a3b6-5b6e54c03c91: 54 internal nodes; 6.1 s; peak memory 1195 MiB.
2026-10-09T13:24:35Z INFO [3991/5000] ba2870ea-0114-4ec3-be49-010d3ce6f9f0: 29 internal nodes; 1.2 s; peak memory 1195 MiB.
2026-10-09T13:24:37Z INFO [3992/5000] ba2883c9-b836-4e99-82a3-930310d7ebbf: 22 internal nodes; 1.8 s; peak memory 1195 MiB.
2026-10-09T13:24:38Z INFO [3993/5000] ba289577-3008-43ff-b3ee-13e75fdceb25: 13 internal nodes; 0.8 s; peak memory 1195 MiB.
2026-10-09T13:24:40Z INFO [3994/5000] ba29d97c-5703-47ad-bb76-bb3a22303803: 91 internal nodes; 2.1 s; peak memory 1195 MiB.
2026-10-09T13:24:41Z INFO [3995/5000] ba2a0467-d324-4c2d-a088-a699d92fe2f9: 19 internal nodes; 1.1 s; peak memory 1195 MiB.
2026-10-09T13:24:59Z INFO [3996/5000] ba2a702a-188c-455f-a482-bfbcd26652fd: 324 internal nodes; 18.4 s; peak memory 1195 MiB.
2026-10-09T13:25:00Z INFO [3997/5000] ba2aba67-3d7c-4df9-895e-e9f8dfeb3b62: 22 internal nodes; 0.8 s; peak memory 1195 MiB.
2026-10-09T13:25:04Z INFO [3998/5000] ba2bc6ab-f05d-4ae2-88b2-de6ebf04d15b: 47 internal nodes; 3.9 s; peak memory 1195 MiB.
2026-10-09T13:25:05Z INFO [3999/5000] ba2bdbe8-8091-4da4-ba72-586beb23f788: 17 internal nodes; 1.3 s; peak memory 1195 MiB.
2026-10-09T13:25:07Z INFO [4000/5000] ba2befed-b73a-44bd-9c3a-0689a6c6f4dc: 28 internal nodes; 2.0 s; peak memory 1195 MiB.
2026-10-09T13:25:08Z INFO [4000/5000] ba2befed-b73a-44bd-9c3a-0689a6c6f4dc: checkpointed 136637 new records.
2026-10-09T13:25:10Z INFO [4001/5000] ba2bf8e3-6c4e-4807-8bb8-9813ec42c9ca: 63 internal nodes; 1.6 s; peak memory 1195 MiB.
2026-10-09T13:25:11Z INFO [4002/5000] ba2bf94f-8fb9-4cd8-a7a5-05a43f91298c: 17 internal nodes; 1.1 s; peak memory 1195 MiB.
2026-10-09T13:25:12Z INFO [4003/5000] ba2d0ad1-a1fa-4469-9ac4-6d657bf43dd2: 62 internal nodes; 1.8 s; peak memory 1195 MiB.
2026-10-09T13:25:20Z INFO [4004/5000] ba2da70f-5aa2-46cd-9f31-4a2f809505cc: 211 internal nodes; 7.9 s; peak memory 1195 MiB.
2026-10-09T13:25:21Z INFO [4005/5000] ba2e2176-49a3-4b30-82fa-695c0fe8fc6b: 17 internal nodes; 1.0 s; peak memory 1195 MiB.
2026-10-09T13:25:23Z INFO [4006/5000] ba2e288a-7901-44d5-93a8-38f5b911952f: 27 internal nodes; 1.4 s; peak memory 1195 MiB.
2026-10-09T13:25:24Z INFO [4007/5000] ba2eaf57-4fb8-4b73-91e3-973c4a4fa3d4: 27 internal nodes; 1.3 s; peak memory 1195 MiB.
2026-10-09T13:25:25Z INFO [4008/5000] ba2f270c-84e2-49a4-a1f8-0fb0b160c644: 18 internal nodes; 0.9 s; peak memory 1195 MiB.
2026-10-09T13:25:28Z INFO [4009/5000] ba30283a-302f-4be9-8320-a799d9366132: 44 internal nodes; 3.0 s; peak memory 1195 MiB.
2026-10-09T13:25:33Z INFO [4010/5000] ba308fa7-2b79-4d93-8048-063730a5e822: 26 internal nodes; 4.7 s; peak memory 1195 MiB.
2026-10-09T13:25:40Z INFO [4011/5000] ba30aa8f-d538-4c15-becb-53339ff3e848: 132 internal nodes; 7.0 s; peak memory 1195 MiB.
2026-10-09T13:25:42Z INFO [4012/5000] ba31c72e-d981-4932-b94b-7bac5de79a92: 61 internal nodes; 2.3 s; peak memory 1195 MiB.
2026-10-09T13:25:44Z INFO [4013/5000] ba321b03-10d4-4f56-8904-fc2c01ab6d54: 29 internal nodes; 1.8 s; peak memory 1195 MiB.
2026-10-09T13:25:49Z INFO [4014/5000] ba3235b5-7dd9-4118-901b-f9635da0a742: 73 internal nodes; 5.6 s; peak memory 1195 MiB.
2026-10-09T13:25:51Z INFO [4015/5000] ba323943-638e-445e-9013-787c26da9301: 17 internal nodes; 1.2 s; peak memory 1195 MiB.
2026-10-09T13:25:52Z INFO [4016/5000] ba32406f-e22f-4802-881f-cada798cbd83: 18 internal nodes; 1.3 s; peak memory 1195 MiB.
2026-10-09T13:25:54Z INFO [4017/5000] ba324417-470d-4ed1-a1cf-7f077fe8b534: 58 internal nodes; 2.0 s; peak memory 1195 MiB.
2026-10-09T13:26:08Z INFO [4018/5000] ba33c0c9-3883-4017-a026-cfa0cfa4e7ed: 657 internal nodes; 13.8 s; peak memory 1195 MiB.
2026-10-09T13:26:09Z INFO [4019/5000] ba33cc9a-07a7-4940-86c5-a3296b556bf7: 17 internal nodes; 1.0 s; peak memory 1195 MiB.
2026-10-09T13:26:11Z INFO [4020/5000] ba342ceb-dc5c-45c4-85ed-f53de9885662: 50 internal nodes; 2.6 s; peak memory 1195 MiB.
2026-10-09T13:26:13Z INFO [4021/5000] ba35de55-52dc-4e8f-852a-0ef95622124a: 17 internal nodes; 1.1 s; peak memory 1195 MiB.
2026-10-09T13:26:14Z INFO [4022/5000] ba360f51-6a85-40f6-8407-1a3e6b76d42d: 17 internal nodes; 1.1 s; peak memory 1195 MiB.
2026-10-09T13:26:15Z INFO [4023/5000] ba36bc37-87eb-4ea4-88a7-4faeb1a22251: 31 internal nodes; 1.5 s; peak memory 1195 MiB.
2026-10-09T13:26:17Z INFO [4024/5000] ba3721c4-5df1-4560-bfd8-2c6a864bb6d8: 27 internal nodes; 1.4 s; peak memory 1195 MiB.
2026-10-09T13:26:18Z INFO [4025/5000] ba381662-ec95-474d-8b22-a1d30078668a: 19 internal nodes; 1.0 s; peak memory 1195 MiB.
2026-10-09T13:26:20Z INFO [4026/5000] ba38377c-42e7-4734-8006-94dbf0aaf9b0: 31 internal nodes; 2.3 s; peak memory 1195 MiB.
2026-10-09T13:26:21Z INFO [4027/5000] ba3865c2-3b16-41fe-aa4f-8f893b26559f: 17 internal nodes; 1.1 s; peak memory 1195 MiB.
2026-10-09T13:26:22Z INFO [4028/5000] ba39aa90-986c-4e85-8211-bc18a098f635: 18 internal nodes; 1.1 s; peak memory 1195 MiB.
2026-10-09T13:26:26Z INFO [4029/5000] ba3afc8d-5c33-4336-9652-c2e9fb420ef1: 104 internal nodes; 4.4 s; peak memory 1195 MiB.
2026-10-09T13:26:29Z INFO [4030/5000] ba3b42bc-69c5-4446-9eac-d8480ad37275: 44 internal nodes; 3.0 s; peak memory 1195 MiB.
2026-10-09T13:26:34Z INFO [4031/5000] ba3b6933-ba29-40d8-a639-56841f87ba29: 97 internal nodes; 4.1 s; peak memory 1195 MiB.
2026-10-09T13:26:35Z INFO [4032/5000] ba3bf761-494c-4a0b-b6de-debb008ffab1: 15 internal nodes; 1.2 s; peak memory 1195 MiB.
2026-10-09T13:26:37Z INFO [4033/5000] ba3c0ac8-a6ec-4df7-94bb-e7aea215d31b: 72 internal nodes; 2.2 s; peak memory 1195 MiB.
2026-10-09T13:26:38Z INFO [4034/5000] ba3c0e02-94eb-4787-bf0f-cf9a88f575c9: 27 internal nodes; 0.9 s; peak memory 1195 MiB.
2026-10-09T13:26:39Z INFO [4035/5000] ba3c26d2-017c-4e4d-afc0-2666d2a17c07: 17 internal nodes; 0.8 s; peak memory 1195 MiB.
2026-10-09T13:26:40Z INFO [4036/5000] ba3d01bf-df83-46ab-bc30-4f6738dd153b: 18 internal nodes; 1.3 s; peak memory 1195 MiB.
2026-10-09T13:26:55Z INFO [4037/5000] ba3e1b4d-53d8-447b-88bd-3d38486cdbd4: 84 internal nodes; 15.5 s; peak memory 1195 MiB.
2026-10-09T13:27:02Z INFO [4038/5000] ba3e2aea-d438-4d83-b4ce-3660da7cbf7c: 118 internal nodes; 6.7 s; peak memory 1195 MiB.
2026-10-09T13:27:04Z INFO [4039/5000] ba3e4295-9d25-4e12-b3be-bc792ce903b8: 31 internal nodes; 1.8 s; peak memory 1195 MiB.
2026-10-09T13:27:26Z INFO [4040/5000] ba3e8195-01b3-4cc0-b20d-fba7ca68f3be: 111 internal nodes; 21.6 s; peak memory 1195 MiB.
2026-10-09T13:27:27Z INFO [4041/5000] ba3ed096-b0d4-4f97-8a37-e2cacbdfbc69: 17 internal nodes; 1.2 s; peak memory 1195 MiB.
2026-10-09T13:27:28Z INFO [4042/5000] ba3f98c8-a06f-45a0-918b-45217a201174: 115 internal nodes; 1.4 s; peak memory 1195 MiB.
2026-10-09T13:27:29Z INFO [4043/5000] ba409e15-605c-4631-ac47-46d06af26ce2: 17 internal nodes; 1.1 s; peak memory 1195 MiB.
2026-10-09T13:27:31Z INFO [4044/5000] ba417c39-629a-48b0-8079-441cadc06756: 31 internal nodes; 1.6 s; peak memory 1195 MiB.
2026-10-09T13:27:32Z INFO [4045/5000] ba41ea2c-94f1-4405-baf1-5d34df5e27a4: 28 internal nodes; 1.0 s; peak memory 1195 MiB.
2026-10-09T13:27:34Z INFO [4046/5000] ba422007-e637-441f-b7cf-a6212872c66f: 31 internal nodes; 2.2 s; peak memory 1195 MiB.
2026-10-09T13:27:36Z INFO [4047/5000] ba4275d8-b571-4be0-a055-f495370a49af: 27 internal nodes; 2.1 s; peak memory 1195 MiB.
2026-10-09T13:27:37Z INFO [4048/5000] ba44aeaa-2628-4bd9-9c5a-7ed4465ed6f6: 27 internal nodes; 1.3 s; peak memory 1195 MiB.
2026-10-09T13:27:39Z INFO [4049/5000] ba44c741-384f-4b38-942a-05adc10c2a17: 17 internal nodes; 1.0 s; peak memory 1195 MiB.
2026-10-09T13:27:40Z INFO [4050/5000] ba44f0ad-1511-44a9-a31e-4b51e2338f79: 27 internal nodes; 1.3 s; peak memory 1195 MiB.
2026-10-09T13:27:40Z INFO [4050/5000] ba44f0ad-1511-44a9-a31e-4b51e2338f79: checkpointed 136687 new records.
2026-10-09T13:27:41Z INFO [4051/5000] ba455bee-b371-4a24-98ab-6ceb9b123239: 17 internal nodes; 1.1 s; peak memory 1195 MiB.
2026-10-09T13:27:42Z INFO [4052/5000] ba456101-a596-4c9f-83a6-d34cfd163360: 17 internal nodes; 1.0 s; peak memory 1195 MiB.
2026-10-09T13:27:45Z INFO [4053/5000] ba4609f4-3b19-46d0-acb3-8613937d4e43: 59 internal nodes; 2.3 s; peak memory 1195 MiB.
2026-10-09T13:27:54Z INFO [4054/5000] ba46508e-b012-4e09-95b4-9ec13ad1f201: 146 internal nodes; 8.8 s; peak memory 1195 MiB.
2026-10-09T13:27:55Z INFO [4055/5000] ba471974-20b2-4062-9454-cc23f47aa482: 27 internal nodes; 1.6 s; peak memory 1195 MiB.
2026-10-09T13:27:57Z INFO [4056/5000] ba471f73-13a3-4d8d-98d5-da855cc02be0: 31 internal nodes; 1.7 s; peak memory 1195 MiB.
2026-10-09T13:27:58Z INFO [4057/5000] ba477a41-126c-4399-a4a7-fb714ec7bba4: 24 internal nodes; 1.6 s; peak memory 1195 MiB.
2026-10-09T13:28:00Z INFO [4058/5000] ba47c5cc-ff1f-41e8-ac8d-f9fdfdf1f065: 38 internal nodes; 1.6 s; peak memory 1195 MiB.
2026-10-09T13:28:09Z INFO [4059/5000] ba47d2bf-5c4d-4e66-aac8-dcc2bc03a1ee: 177 internal nodes; 8.8 s; peak memory 1195 MiB.
2026-10-09T13:28:10Z INFO [4060/5000] ba482b7a-390c-4d55-9eaf-96a24da12a66: 11 internal nodes; 0.9 s; peak memory 1195 MiB.
2026-10-09T13:28:11Z INFO [4061/5000] ba49105e-442e-40ea-92c2-2c0c93fb0766: 27 internal nodes; 1.4 s; peak memory 1195 MiB.
2026-10-09T13:28:13Z INFO [4062/5000] ba493d8e-7e22-4560-ac03-c16508e1a8a1: 27 internal nodes; 1.5 s; peak memory 1195 MiB.
2026-10-09T13:28:14Z INFO [4063/5000] ba498987-0ac0-469f-80d8-caf58f568fc2: 26 internal nodes; 1.6 s; peak memory 1195 MiB.
2026-10-09T13:28:19Z INFO [4064/5000] ba499192-64f7-44e5-a3b2-fd93aaa8158f: 41 internal nodes; 4.4 s; peak memory 1195 MiB.
2026-10-09T13:28:20Z INFO [4065/5000] ba49fece-358b-4003-8720-205f0c97571b: 17 internal nodes; 1.2 s; peak memory 1195 MiB.
2026-10-09T13:28:21Z INFO [4066/5000] ba4a177d-8da0-4110-9924-285feafebc18: 27 internal nodes; 1.4 s; peak memory 1195 MiB.
2026-10-09T13:28:27Z INFO [4067/5000] ba4a8b66-9217-45b8-b848-f4fa4fa87b44: 155 internal nodes; 5.8 s; peak memory 1195 MiB.
2026-10-09T13:28:28Z INFO [4068/5000] ba4ac065-b26a-4520-abf1-825c9a6ef28f: 13 internal nodes; 1.2 s; peak memory 1195 MiB.
2026-10-09T13:28:30Z INFO [4069/5000] ba4c858a-1115-4b09-aa9f-ba8fdec2faaf: 39 internal nodes; 1.8 s; peak memory 1195 MiB.
2026-10-09T13:28:32Z INFO [4070/5000] ba4ccaec-adf6-4732-8ae3-8e8cfea5046e: 27 internal nodes; 1.5 s; peak memory 1195 MiB.
2026-10-09T13:28:33Z INFO [4071/5000] ba4dcc53-e2ee-4934-aded-f2d1cb4c05db: 19 internal nodes; 1.0 s; peak memory 1195 MiB.
2026-10-09T13:28:34Z INFO [4072/5000] ba4df4bb-04b1-4ff3-8a86-95f2d0d69664: 17 internal nodes; 1.2 s; peak memory 1195 MiB.
2026-10-09T13:28:35Z INFO [4073/5000] ba4e569b-6b76-4326-b05d-2aebc026f764: 61 internal nodes; 1.7 s; peak memory 1195 MiB.
2026-10-09T13:28:38Z INFO [4074/5000] ba4e56ed-3e6f-474b-a432-d09ac04c81aa: 72 internal nodes; 2.6 s; peak memory 1195 MiB.
2026-10-09T13:28:39Z INFO [4075/5000] ba4f272a-bbd5-4ed9-bc89-aa2793573a3a: 90 internal nodes; 1.4 s; peak memory 1195 MiB.
2026-10-09T13:28:40Z INFO [4076/5000] ba4f2d5f-c599-44b0-a5d4-119cee387d4d: 11 internal nodes; 0.9 s; peak memory 1195 MiB.
2026-10-09T13:28:42Z INFO [4077/5000] ba4fd624-131c-4e3e-b8b5-811654164cc9: 23 internal nodes; 1.4 s; peak memory 1195 MiB.
2026-10-09T13:28:50Z INFO [4078/5000] ba504289-cc79-4544-be79-2118260d849f: 151 internal nodes; 8.0 s; peak memory 1195 MiB.
2026-10-09T13:28:53Z INFO [4079/5000] ba51ef87-d907-4f79-875e-3d6b4b0572a4: 45 internal nodes; 3.4 s; peak memory 1195 MiB.
2026-10-09T13:28:54Z INFO [4080/5000] ba52228f-03cb-444d-9893-c86d1584420f: 23 internal nodes; 1.1 s; peak memory 1195 MiB.
2026-10-09T13:29:14Z INFO [4081/5000] ba527404-ea42-4049-bac7-a96a6dca0f4b: 137 internal nodes; 20.0 s; peak memory 1195 MiB.
2026-10-09T13:29:16Z INFO [4082/5000] ba52aa26-9a6e-4f62-b9f0-861d30a8f2a1: 17 internal nodes; 1.4 s; peak memory 1195 MiB.
2026-10-09T13:29:17Z INFO [4083/5000] ba52ab5b-6b7c-4f52-8718-e37a41f529a5: 17 internal nodes; 1.0 s; peak memory 1195 MiB.
2026-10-09T13:29:18Z INFO [4084/5000] ba53ba4e-7f7b-45f9-9792-d7e6f98f7769: 19 internal nodes; 1.0 s; peak memory 1195 MiB.
2026-10-09T13:29:19Z INFO [4085/5000] ba540ae2-6214-4dcd-ab54-0ea3c727f49e: 23 internal nodes; 1.4 s; peak memory 1195 MiB.
2026-10-09T13:29:20Z INFO [4086/5000] ba542940-a1dd-4e77-be67-f98ba0463d7a: 27 internal nodes; 1.3 s; peak memory 1195 MiB.
2026-10-09T13:29:23Z INFO [4087/5000] ba542f0b-ef7c-4654-97c1-6af70758f0d2: 44 internal nodes; 2.5 s; peak memory 1195 MiB.
2026-10-09T13:29:24Z INFO [4088/5000] ba548076-36b2-40be-aefb-7a0714eb98b1: 26 internal nodes; 0.9 s; peak memory 1195 MiB.
2026-10-09T13:29:25Z INFO [4089/5000] ba548fad-3aed-4b01-a342-3287a403d32f: 17 internal nodes; 1.1 s; peak memory 1195 MiB.
2026-10-09T13:29:26Z INFO [4090/5000] ba552a0a-fb0a-451c-a142-5939dd42db78: 17 internal nodes; 1.1 s; peak memory 1195 MiB.
2026-10-09T13:29:27Z INFO [4091/5000] ba55c371-0e2d-445d-9db8-dbd3ab57cb00: 17 internal nodes; 1.1 s; peak memory 1195 MiB.
2026-10-09T13:29:45Z INFO [4092/5000] ba56c983-1e59-4481-b80d-54a3b55c5fea: 443 internal nodes; 18.0 s; peak memory 1195 MiB.
2026-10-09T13:29:46Z INFO [4093/5000] ba571dc3-d3dd-4dfc-9100-d29350d45cdf: 27 internal nodes; 1.4 s; peak memory 1195 MiB.
2026-10-09T13:29:48Z INFO [4094/5000] ba576b56-fe1a-4251-b934-93fe92c7d041: 31 internal nodes; 1.3 s; peak memory 1195 MiB.
2026-10-09T13:29:50Z INFO [4095/5000] ba59bd05-632d-4b0f-a52e-fcb71eef1795: 59 internal nodes; 2.1 s; peak memory 1195 MiB.
2026-10-09T13:29:51Z INFO [4096/5000] ba59f037-b9d9-4e79-9422-c4c8497833f9: 58 internal nodes; 1.2 s; peak memory 1195 MiB.
2026-10-09T13:29:52Z INFO [4097/5000] ba5a09c4-a199-499a-98ed-6f2017aad19e: 17 internal nodes; 1.2 s; peak memory 1195 MiB.
2026-10-09T13:29:53Z INFO [4098/5000] ba5a2bd3-53cc-4c39-b005-23f23a98853b: 19 internal nodes; 1.0 s; peak memory 1195 MiB.
2026-10-09T13:29:55Z INFO [4099/5000] ba5acc4c-dece-448f-82cd-6a4742869944: 18 internal nodes; 1.2 s; peak memory 1195 MiB.
2026-10-09T13:29:56Z INFO [4100/5000] ba5aeac4-c2aa-42e2-9d28-374c94bd1e32: 17 internal nodes; 1.1 s; peak memory 1195 MiB.
2026-10-09T13:29:56Z INFO [4100/5000] ba5aeac4-c2aa-42e2-9d28-374c94bd1e32: checkpointed 136737 new records.
2026-10-09T13:29:57Z INFO [4101/5000] ba5aef3c-e42f-40bd-84ce-3a627ebbd8f7: 18 internal nodes; 1.0 s; peak memory 1195 MiB.
2026-10-09T13:29:58Z INFO [4102/5000] ba5af891-c1f5-43a0-9323-13df59fced45: 19 internal nodes; 1.0 s; peak memory 1195 MiB.
2026-10-09T13:29:59Z INFO [4103/5000] ba5b6eba-a1e9-4917-a8c0-01d1bff39d3d: 27 internal nodes; 1.3 s; peak memory 1195 MiB.
2026-10-09T13:30:01Z INFO [4104/5000] ba5c7f63-2fa4-4f75-9642-e66930d91642: 27 internal nodes; 1.5 s; peak memory 1195 MiB.
2026-10-09T13:30:02Z INFO [4105/5000] ba5f9575-254b-4ee0-8d87-d20b797bf330: 17 internal nodes; 0.9 s; peak memory 1195 MiB.
2026-10-09T13:30:08Z INFO [4106/5000] ba6033ca-166d-44b4-bc0a-ef348d925eac: 112 internal nodes; 6.3 s; peak memory 1195 MiB.
2026-10-09T13:30:11Z INFO [4107/5000] ba608fc0-6e04-4431-ad12-ea97adb6e34f: 44 internal nodes; 2.7 s; peak memory 1195 MiB.
2026-10-09T13:30:13Z INFO [4108/5000] ba60b031-0444-48d3-ae38-62cdfdd68259: 36 internal nodes; 2.0 s; peak memory 1195 MiB.
2026-10-09T13:30:14Z INFO [4109/5000] ba618715-68a6-4cea-9eb1-698a9946111e: 17 internal nodes; 1.0 s; peak memory 1195 MiB.
2026-10-09T13:30:16Z INFO [4110/5000] ba6193c4-f230-402c-adb0-39597acfbaa9: 52 internal nodes; 2.7 s; peak memory 1195 MiB.
2026-10-09T13:30:17Z INFO [4111/5000] ba61b101-addc-4eed-8a21-d5596bf2d453: 11 internal nodes; 0.8 s; peak memory 1195 MiB.
2026-10-09T13:30:19Z INFO [4112/5000] ba62c4f7-3955-4e71-9681-029a93ad48f5: 27 internal nodes; 1.4 s; peak memory 1195 MiB.
2026-10-09T13:30:20Z INFO [4113/5000] ba63041d-5dc0-4b55-958c-5710c1841362: 17 internal nodes; 1.1 s; peak memory 1195 MiB.
2026-10-09T13:30:22Z INFO [4114/5000] ba636e1c-ff2e-4d37-b335-bb1e7ff13fbd: 72 internal nodes; 2.3 s; peak memory 1195 MiB.
2026-10-09T13:30:29Z INFO [4115/5000] ba63fca7-58ca-4d3e-858e-2c80f829fd99: 85 internal nodes; 7.1 s; peak memory 1195 MiB.
2026-10-09T13:30:37Z INFO [4116/5000] ba644122-c325-43d1-a2f5-99fb2126a31f: 41 internal nodes; 7.5 s; peak memory 1195 MiB.
2026-10-09T13:30:38Z INFO [4117/5000] ba648969-7f6b-4058-bf77-012f1076a378: 17 internal nodes; 1.1 s; peak memory 1195 MiB.
2026-10-09T13:30:40Z INFO [4118/5000] ba650c04-b95b-4000-b24c-7b5fe3c006b5: 37 internal nodes; 2.2 s; peak memory 1195 MiB.
2026-10-09T13:30:41Z INFO [4119/5000] ba650c9e-a955-4c3d-b3ae-1805f84bd498: 56 internal nodes; 1.5 s; peak memory 1195 MiB.
2026-10-09T13:30:43Z INFO [4120/5000] ba651075-71f8-4a0a-9b75-b09cf46fad8d: 31 internal nodes; 1.6 s; peak memory 1195 MiB.
2026-10-09T13:30:44Z INFO [4121/5000] ba651e26-cbda-41e8-8b80-7cf2533624e8: 17 internal nodes; 1.1 s; peak memory 1195 MiB.
2026-10-09T13:30:46Z INFO [4122/5000] ba65e2e5-a551-45f7-b9c4-5ae7ab223b07: 31 internal nodes; 1.7 s; peak memory 1195 MiB.
2026-10-09T13:30:47Z INFO [4123/5000] ba6614bc-bb30-4cf2-a93d-bd1bd04c771e: 27 internal nodes; 1.4 s; peak memory 1195 MiB.
2026-10-09T13:30:49Z INFO [4124/5000] ba66d5b1-a2bc-4a7a-9cc9-16c6034b77ce: 27 internal nodes; 1.4 s; peak memory 1195 MiB.
2026-10-09T13:30:50Z INFO [4125/5000] ba66dd94-1dc1-4ae3-8574-7649e15ec1f1: 18 internal nodes; 1.2 s; peak memory 1195 MiB.
2026-10-09T13:30:53Z INFO [4126/5000] ba672758-7f50-49d3-8101-9f4830df15a0: 44 internal nodes; 2.7 s; peak memory 1195 MiB.
2026-10-09T13:30:54Z INFO [4127/5000] ba675500-cc79-4f26-be9c-1552ca0fb2cc: 18 internal nodes; 1.0 s; peak memory 1195 MiB.
2026-10-09T13:30:55Z INFO [4128/5000] ba67856a-cf89-49cf-bd42-e025cdc57f6b: 25 internal nodes; 0.9 s; peak memory 1195 MiB.
2026-10-09T13:30:56Z INFO [4129/5000] ba678d26-b224-4f8e-8146-623ecae3c3ae: 53 internal nodes; 1.4 s; peak memory 1195 MiB.
2026-10-09T13:30:58Z INFO [4130/5000] ba678f08-451d-49fa-805c-f752e084e8af: 69 internal nodes; 2.0 s; peak memory 1195 MiB.
2026-10-09T13:31:01Z INFO [4131/5000] ba67e205-cc8f-47c9-9961-261492cebfd8: 44 internal nodes; 3.0 s; peak memory 1195 MiB.
2026-10-09T13:31:02Z INFO [4132/5000] ba686b23-cd50-4abe-9223-370a5661a065: 17 internal nodes; 1.1 s; peak memory 1195 MiB.
2026-10-09T13:31:04Z INFO [4133/5000] ba68db02-e461-4959-9eed-e957e4871f0f: 31 internal nodes; 2.1 s; peak memory 1195 MiB.
2026-10-09T13:31:07Z INFO [4134/5000] ba6a37b0-b181-42eb-8a4d-feff3da89da6: 34 internal nodes; 2.7 s; peak memory 1195 MiB.
2026-10-09T13:31:12Z INFO [4135/5000] ba6a7161-133d-4e25-b7ce-b6974d82c6ad: 73 internal nodes; 5.5 s; peak memory 1195 MiB.
2026-10-09T13:31:19Z INFO [4136/5000] ba6ad5d5-6de4-42e4-92f9-5757197bee5e: 57 internal nodes; 7.1 s; peak memory 1195 MiB.
2026-10-09T13:31:34Z INFO [4137/5000] ba6b3487-a02f-424d-b2e7-858a795e128a: 265 internal nodes; 14.7 s; peak memory 1195 MiB.
2026-10-09T13:31:35Z INFO [4138/5000] ba6b47a0-6e04-4f06-8382-54d1609a4320: 17 internal nodes; 1.0 s; peak memory 1195 MiB.
2026-10-09T13:31:36Z INFO [4139/5000] ba6bc0f7-5b19-410c-beb7-5be667d7300c: 22 internal nodes; 1.2 s; peak memory 1195 MiB.
2026-10-09T13:31:38Z INFO [4140/5000] ba6c77ef-5899-4113-8f3f-ec23dad5bcfb: 19 internal nodes; 1.2 s; peak memory 1195 MiB.
2026-10-09T13:31:39Z INFO [4141/5000] ba6e0d6a-c7b1-4c99-8dec-fc5f9b7ca2bb: 90 internal nodes; 1.5 s; peak memory 1195 MiB.
2026-10-09T13:31:40Z INFO [4142/5000] ba6ea592-806e-4c0f-a829-419bb9148983: 21 internal nodes; 1.3 s; peak memory 1195 MiB.
2026-10-09T13:31:42Z INFO [4143/5000] ba6edbbb-e949-4df8-b95a-ec28244ee8c5: 60 internal nodes; 1.6 s; peak memory 1195 MiB.
2026-10-09T13:31:43Z INFO [4144/5000] ba6fee5e-0b53-434e-98c1-d221745231fb: 13 internal nodes; 1.3 s; peak memory 1195 MiB.
2026-10-09T13:31:44Z INFO [4145/5000] ba714fa5-24d4-4673-bf02-d5f6168e2e4b: 27 internal nodes; 1.3 s; peak memory 1195 MiB.
2026-10-09T13:31:57Z INFO [4146/5000] ba71bace-3ba1-4090-9f01-54a3516e92ea: 212 internal nodes; 12.4 s; peak memory 1195 MiB.
2026-10-09T13:31:58Z INFO [4147/5000] ba71fe81-fdbc-4cc3-9319-3f85a0d075de: 29 internal nodes; 1.5 s; peak memory 1195 MiB.
2026-10-09T13:32:05Z INFO [4148/5000] ba7205f7-5ed1-4cc6-926d-b2efe3157299: 135 internal nodes; 6.7 s; peak memory 1195 MiB.
2026-10-09T13:32:06Z INFO [4149/5000] ba727a6c-a000-4538-a68e-ed17cd9806a6: 17 internal nodes; 1.0 s; peak memory 1195 MiB.
2026-10-09T13:32:07Z INFO [4150/5000] ba727b0d-b5ae-4847-8fa6-ba7a22e843a6: 115 internal nodes; 1.4 s; peak memory 1195 MiB.
2026-10-09T13:32:08Z INFO [4150/5000] ba727b0d-b5ae-4847-8fa6-ba7a22e843a6: checkpointed 136787 new records.
2026-10-09T13:32:10Z INFO [4151/5000] ba7349d4-d372-409c-9c2f-54087f12e4de: 37 internal nodes; 2.0 s; peak memory 1195 MiB.
2026-10-09T13:32:11Z INFO [4152/5000] ba736858-e9bf-4a5e-bd02-47a18ff32a87: 17 internal nodes; 1.5 s; peak memory 1195 MiB.
2026-10-09T13:32:12Z INFO [4153/5000] ba73abb7-b374-41d1-96d0-aacbe0a6eb5c: 17 internal nodes; 1.1 s; peak memory 1195 MiB.
2026-10-09T13:32:19Z INFO [4154/5000] ba73ecbc-e06d-405f-82b4-dd34fed0570b: 20 internal nodes; 6.7 s; peak memory 1195 MiB.
2026-10-09T13:32:21Z INFO [4155/5000] ba7407f8-716c-453b-b34a-242eae040f72: 27 internal nodes; 1.5 s; peak memory 1195 MiB.
2026-10-09T13:32:22Z INFO [4156/5000] ba76868a-56ff-4a9a-a969-fe340cd1c90d: 27 internal nodes; 1.5 s; peak memory 1195 MiB.
2026-10-09T13:32:23Z INFO [4157/5000] ba768f1a-5ffd-4eb2-b686-3ed924d5c0b4: 17 internal nodes; 1.2 s; peak memory 1195 MiB.
2026-10-09T13:32:31Z INFO [4158/5000] ba775f26-f5a5-49df-9d2d-8e50184af02b: 131 internal nodes; 7.4 s; peak memory 1195 MiB.
2026-10-09T13:32:39Z INFO [4159/5000] ba776c81-f6c6-4777-a69f-1f2e3773e4a7: 177 internal nodes; 8.0 s; peak memory 1195 MiB.
2026-10-09T13:32:40Z INFO [4160/5000] ba77f6ff-89da-4f40-9aa6-68cdaffd1542: 17 internal nodes; 1.0 s; peak memory 1195 MiB.
2026-10-09T13:32:41Z INFO [4161/5000] ba794c27-a19b-468c-9901-326a5540287d: 11 internal nodes; 1.0 s; peak memory 1195 MiB.
2026-10-09T13:32:42Z INFO [4162/5000] ba79c5f6-ff37-4ef3-bbdd-0091812a13de: 27 internal nodes; 1.3 s; peak memory 1195 MiB.
2026-10-09T13:32:50Z INFO [4163/5000] ba7a122a-22da-49b8-bc88-0562c4b569d0: 177 internal nodes; 8.0 s; peak memory 1195 MiB.
2026-10-09T13:32:51Z INFO [4164/5000] ba7c1734-89ff-488e-9319-51a8ddbe79ca: 27 internal nodes; 1.4 s; peak memory 1195 MiB.
2026-10-09T13:32:52Z INFO [4165/5000] ba7ca7b6-d117-4345-a27f-0effe647e316: 11 internal nodes; 0.8 s; peak memory 1195 MiB.
2026-10-09T13:32:55Z INFO [4166/5000] ba7d24e9-284a-4eac-8850-33aefca1e8a9: 44 internal nodes; 2.8 s; peak memory 1195 MiB.
2026-10-09T13:32:56Z INFO [4167/5000] ba7dbd28-6b08-4ae7-bfdf-5d7400fc94b7: 27 internal nodes; 1.3 s; peak memory 1195 MiB.
2026-10-09T13:33:11Z INFO [4168/5000] ba7e3b52-ca40-4dd1-bacf-0b704ef90580: 77 internal nodes; 14.3 s; peak memory 1195 MiB.
2026-10-09T13:33:11Z INFO [4169/5000] ba7e3e78-3294-4bc9-a8ed-fae9e3910c4c: 11 internal nodes; 0.8 s; peak memory 1195 MiB.
2026-10-09T13:33:14Z INFO [4170/5000] ba7e709d-89d1-4c47-a76e-dc67966faa95: 44 internal nodes; 2.6 s; peak memory 1195 MiB.
2026-10-09T13:33:15Z INFO [4171/5000] ba7eed37-78b8-40a3-97ba-9374ce061327: 17 internal nodes; 1.0 s; peak memory 1195 MiB.
2026-10-09T13:33:17Z INFO [4172/5000] ba7f45fd-c6d1-4fb9-9b79-a37ed58a03a3: 31 internal nodes; 1.9 s; peak memory 1195 MiB.
2026-10-09T13:33:23Z INFO [4173/5000] ba805381-81df-4292-b1a0-8df007519a6e: 68 internal nodes; 6.0 s; peak memory 1195 MiB.
2026-10-09T13:33:34Z INFO [4174/5000] ba8181a5-7166-4685-b820-91995614976b: 125 internal nodes; 11.4 s; peak memory 1195 MiB.
2026-10-09T13:33:36Z INFO [4175/5000] ba82f3f6-c895-42d3-8de1-6875a5c9add2: 27 internal nodes; 1.3 s; peak memory 1195 MiB.
2026-10-09T13:33:48Z INFO [4176/5000] ba83b0d4-faa1-47ee-9483-027b882e8db3: 71 internal nodes; 12.7 s; peak memory 1195 MiB.
2026-10-09T13:33:50Z INFO [4177/5000] ba83bebe-1bac-40d4-85ea-68d43fda5aa5: 31 internal nodes; 1.6 s; peak memory 1195 MiB.
2026-10-09T13:33:51Z INFO [4178/5000] ba841e39-e5ff-4970-bff1-8e3089298e60: 28 internal nodes; 1.1 s; peak memory 1195 MiB.
2026-10-09T13:33:52Z INFO [4179/5000] ba8476bd-8ece-4e13-9afd-32e5821858de: 27 internal nodes; 1.4 s; peak memory 1195 MiB.
2026-10-09T13:33:55Z INFO [4180/5000] ba84954d-dbbd-42d2-af9e-4a991baa70e5: 27 internal nodes; 2.2 s; peak memory 1195 MiB.
2026-10-09T13:34:03Z INFO [4181/5000] ba85057a-8637-4e0e-b9b7-69a2763dc876: 66 internal nodes; 8.7 s; peak memory 1195 MiB.
2026-10-09T13:34:05Z INFO [4182/5000] ba869411-7fc9-45f8-94a7-c34666a6a3c1: 27 internal nodes; 1.4 s; peak memory 1195 MiB.
2026-10-09T13:34:06Z INFO [4183/5000] ba86faf8-ce66-4188-96db-86d133904be7: 19 internal nodes; 1.2 s; peak memory 1195 MiB.
2026-10-09T13:34:07Z INFO [4184/5000] ba879480-71e6-4f97-bd7a-4cdb0d00c2e9: 25 internal nodes; 1.3 s; peak memory 1195 MiB.
2026-10-09T13:34:09Z INFO [4185/5000] ba880d2e-3afb-415a-8939-b87cd33e8616: 31 internal nodes; 1.4 s; peak memory 1195 MiB.
2026-10-09T13:34:10Z INFO [4186/5000] ba8889a8-3d37-4d40-b13c-cdd648f00cbd: 17 internal nodes; 1.0 s; peak memory 1195 MiB.
2026-10-09T13:34:11Z INFO [4187/5000] ba88d342-f631-466b-8553-54d8578264b5: 27 internal nodes; 1.4 s; peak memory 1195 MiB.
2026-10-09T13:34:12Z INFO [4188/5000] ba8a8c54-5c4e-494e-9a32-f55d6b1b79bf: 31 internal nodes; 1.5 s; peak memory 1195 MiB.
2026-10-09T13:34:14Z INFO [4189/5000] ba8b4069-3922-4982-ae24-56514defe535: 20 internal nodes; 1.3 s; peak memory 1195 MiB.
2026-10-09T13:34:15Z INFO [4190/5000] ba8b6738-660b-4fe4-82df-910cdf9e7030: 27 internal nodes; 1.4 s; peak memory 1195 MiB.
2026-10-09T13:34:18Z INFO [4191/5000] ba8c09bf-cc71-4ddb-9097-ea86eb36bfc9: 47 internal nodes; 3.0 s; peak memory 1195 MiB.
2026-10-09T13:34:19Z INFO [4192/5000] ba8c91b5-8b8d-4b20-b3eb-a96724dfc7b8: 27 internal nodes; 1.3 s; peak memory 1195 MiB.
2026-10-09T13:34:21Z INFO [4193/5000] ba8ec6f0-aff1-43c0-8107-ff48463d2d43: 66 internal nodes; 1.9 s; peak memory 1195 MiB.
2026-10-09T13:34:24Z INFO [4194/5000] ba8ef718-5634-444c-b760-65630deeafd6: 40 internal nodes; 2.7 s; peak memory 1195 MiB.
2026-10-09T13:34:25Z INFO [4195/5000] ba8f035c-e096-4f2b-b6fd-1103c99bb779: 13 internal nodes; 1.0 s; peak memory 1195 MiB.
2026-10-09T13:34:26Z INFO [4196/5000] ba8f3e17-518e-4321-8887-f3ba57a8cd19: 19 internal nodes; 1.2 s; peak memory 1195 MiB.
2026-10-09T13:34:29Z INFO [4197/5000] ba90eb56-8889-4c78-a0be-00b16476fdee: 72 internal nodes; 2.4 s; peak memory 1195 MiB.
2026-10-09T13:34:30Z INFO [4198/5000] ba930a9c-7429-4f70-b1b2-084751ad9fa7: 17 internal nodes; 1.1 s; peak memory 1195 MiB.
2026-10-09T13:34:31Z INFO [4199/5000] ba933d3a-cebe-416c-ad74-7720abc272a6: 26 internal nodes; 1.3 s; peak memory 1195 MiB.
2026-10-09T13:34:32Z INFO [4200/5000] ba934088-eaf3-4f1f-b8ee-55d228749046: 27 internal nodes; 1.4 s; peak memory 1195 MiB.
2026-10-09T13:34:33Z INFO [4200/5000] ba934088-eaf3-4f1f-b8ee-55d228749046: checkpointed 136837 new records.
2026-10-09T13:34:34Z INFO [4201/5000] ba93df5b-e9b5-47f7-81a8-0ef49c9bf0fc: 27 internal nodes; 1.4 s; peak memory 1195 MiB.
2026-10-09T13:34:36Z INFO [4202/5000] ba93f12c-e024-4c70-973e-f6101b230824: 27 internal nodes; 1.4 s; peak memory 1195 MiB.
2026-10-09T13:34:36Z INFO [4203/5000] ba9459cc-8983-4839-9b12-8a1f1ed3a7af: 22 internal nodes; 0.8 s; peak memory 1195 MiB.
2026-10-09T13:34:38Z INFO [4204/5000] ba946ecc-62a6-4a38-b9bb-2bc7429f2c93: 25 internal nodes; 1.6 s; peak memory 1195 MiB.
2026-10-09T13:34:40Z INFO [4205/5000] ba958ca6-e40a-4768-9d31-fb54cbf2af18: 30 internal nodes; 1.5 s; peak memory 1195 MiB.
2026-10-09T13:34:41Z INFO [4206/5000] ba95f59a-1bed-4e38-b1ba-f9e47759eeff: 27 internal nodes; 1.5 s; peak memory 1195 MiB.
2026-10-09T13:34:42Z INFO [4207/5000] ba96646a-d05a-4423-bc91-f21d64dc5aa1: 17 internal nodes; 1.0 s; peak memory 1195 MiB.
2026-10-09T13:34:47Z INFO [4208/5000] ba96b1b8-33d4-48fe-aa97-99c38e301762: 109 internal nodes; 5.6 s; peak memory 1195 MiB.
2026-10-09T13:34:49Z INFO [4209/5000] ba973518-0e47-4bdb-9cf0-668a7f808653: 86 internal nodes; 1.4 s; peak memory 1195 MiB.
2026-10-09T13:34:50Z INFO [4210/5000] ba976b6b-0ec2-476d-840b-e4270643c802: 29 internal nodes; 1.5 s; peak memory 1195 MiB.
2026-10-09T13:34:52Z INFO [4211/5000] ba97837e-8ce8-4acb-a439-bb36f949291f: 31 internal nodes; 2.1 s; peak memory 1195 MiB.
2026-10-09T13:34:54Z INFO [4212/5000] ba97bc71-c54c-49c5-98c6-38ec270fc162: 27 internal nodes; 1.3 s; peak memory 1195 MiB.
2026-10-09T13:34:55Z INFO [4213/5000] ba987393-3b9f-455f-9e6b-4f36cbbcafc4: 27 internal nodes; 1.3 s; peak memory 1195 MiB.
2026-10-09T13:34:56Z INFO [4214/5000] ba9a6d2d-4d47-4b49-8ec5-82c3049a1088: 17 internal nodes; 1.1 s; peak memory 1195 MiB.
2026-10-09T13:34:58Z INFO [4215/5000] ba9a7d0a-042e-4c93-bed0-04373e7fbf6d: 122 internal nodes; 2.0 s; peak memory 1195 MiB.
2026-10-09T13:35:08Z INFO [4216/5000] ba9a8c82-5365-42b8-a3ed-65abd02440f1: 86 internal nodes; 10.2 s; peak memory 1195 MiB.
2026-10-09T13:35:10Z INFO [4217/5000] ba9a925e-28cd-4946-aa2a-544f4550294c: 17 internal nodes; 1.2 s; peak memory 1195 MiB.
2026-10-09T13:35:10Z INFO [4218/5000] ba9af0b1-c6c9-464c-a6f0-cfe2e34d8d86: 17 internal nodes; 0.9 s; peak memory 1195 MiB.
2026-10-09T13:35:16Z INFO [4219/5000] ba9b1789-a7a3-4e79-9c68-1086f5e4b31b: 143 internal nodes; 6.0 s; peak memory 1195 MiB.
2026-10-09T13:35:18Z INFO [4220/5000] ba9b395e-e9bc-427e-93f6-4cefba369f2c: 17 internal nodes; 1.1 s; peak memory 1195 MiB.
2026-10-09T13:35:19Z INFO [4221/5000] ba9b5271-20fc-4e95-b394-596a1817af33: 90 internal nodes; 1.4 s; peak memory 1195 MiB.
2026-10-09T13:35:20Z INFO [4222/5000] ba9bcd20-f658-42d5-89cd-8fdf5e5e66c9: 18 internal nodes; 1.4 s; peak memory 1195 MiB.
2026-10-09T13:35:22Z INFO [4223/5000] ba9c4487-c8e8-493d-bd45-c5f2c07ea85f: 31 internal nodes; 1.4 s; peak memory 1195 MiB.
2026-10-09T13:35:23Z INFO [4224/5000] ba9cb222-49a6-44ea-be70-85edc7d58825: 19 internal nodes; 1.2 s; peak memory 1195 MiB.
2026-10-09T13:35:25Z INFO [4225/5000] ba9cb3de-1f4d-46ab-bde1-92e19aaa5b18: 31 internal nodes; 1.7 s; peak memory 1195 MiB.
2026-10-09T13:35:26Z INFO [4226/5000] ba9dbd8e-9ae1-428a-a8db-73005bfc18aa: 28 internal nodes; 1.3 s; peak memory 1195 MiB.
2026-10-09T13:35:41Z INFO [4227/5000] ba9dc56d-4835-450a-891f-f807d3fcfe94: 302 internal nodes; 15.1 s; peak memory 1195 MiB.
2026-10-09T13:35:43Z INFO [4228/5000] ba9f0a61-7b35-4d3c-bbb5-cc3a5da9cad8: 115 internal nodes; 1.4 s; peak memory 1195 MiB.
2026-10-09T13:35:44Z INFO [4229/5000] ba9f2b36-3874-413a-9268-256b1b7aea48: 11 internal nodes; 1.0 s; peak memory 1195 MiB.
2026-10-09T13:35:57Z INFO [4230/5000] baa143f4-ff99-4935-a3b0-09a2178c02fa: 227 internal nodes; 13.2 s; peak memory 1195 MiB.
2026-10-09T13:35:58Z INFO [4231/5000] baa159e0-d7d0-4145-984c-deb3bd885545: 31 internal nodes; 1.6 s; peak memory 1195 MiB.
2026-10-09T13:35:59Z INFO [4232/5000] baa1acc6-0d8e-4d72-ae66-15f8a1468188: 17 internal nodes; 1.0 s; peak memory 1195 MiB.
2026-10-09T13:36:01Z INFO [4233/5000] baa24b57-98e2-422f-8934-e7484381b4c4: 27 internal nodes; 1.3 s; peak memory 1195 MiB.
2026-10-09T13:36:02Z INFO [4234/5000] baa34aea-5dda-4aae-aaf7-678c3de394d0: 17 internal nodes; 1.0 s; peak memory 1195 MiB.
2026-10-09T13:36:03Z INFO [4235/5000] baa36ca4-cf17-4dfe-9ab2-f526b67224cd: 17 internal nodes; 1.0 s; peak memory 1195 MiB.
2026-10-09T13:36:09Z INFO [4236/5000] baa3b092-ada3-453e-95fc-65113513c9e6: 139 internal nodes; 6.6 s; peak memory 1195 MiB.
2026-10-09T13:36:25Z INFO [4237/5000] baa4fc18-de00-4595-85b2-a7f00f7b2d97: 137 internal nodes; 16.1 s; peak memory 1195 MiB.
2026-10-09T13:36:27Z INFO [4238/5000] baa5da33-5e4a-4322-b4a0-c3c7ac566dc7: 43 internal nodes; 1.2 s; peak memory 1195 MiB.
2026-10-09T13:36:28Z INFO [4239/5000] baa6b660-ff39-4e17-aaea-1cdfc2a57c02: 24 internal nodes; 1.2 s; peak memory 1195 MiB.
2026-10-09T13:36:29Z INFO [4240/5000] baa72f9c-c5d1-4224-a047-d6eb32675745: 55 internal nodes; 1.6 s; peak memory 1195 MiB.
2026-10-09T13:36:30Z INFO [4241/5000] baa89371-8bfe-40ee-8d1c-789ce8c802a3: 25 internal nodes; 0.9 s; peak memory 1195 MiB.
2026-10-09T13:36:32Z INFO [4242/5000] baa9603d-38f0-487f-aebe-234cb302eb1c: 27 internal nodes; 1.4 s; peak memory 1195 MiB.
2026-10-09T13:36:33Z INFO [4243/5000] baaac6d4-4947-4276-b071-61a323dadd20: 17 internal nodes; 1.0 s; peak memory 1195 MiB.
2026-10-09T13:36:34Z INFO [4244/5000] baab4634-b0f7-454d-8596-89bf8b6ef29f: 18 internal nodes; 1.1 s; peak memory 1195 MiB.
2026-10-09T13:36:35Z INFO [4245/5000] baab5a91-13f9-4713-bb57-1937b0029e5d: 18 internal nodes; 1.0 s; peak memory 1195 MiB.
2026-10-09T13:36:36Z INFO [4246/5000] baab8bcf-ece9-4cf3-9810-2b3ac4d611ae: 17 internal nodes; 1.0 s; peak memory 1195 MiB.
2026-10-09T13:36:38Z INFO [4247/5000] baac7917-60d1-4e59-b40a-642f4c75075b: 21 internal nodes; 2.3 s; peak memory 1195 MiB.
2026-10-09T13:36:48Z INFO [4248/5000] baacac72-212b-4a31-835e-5b1e8c931708: 182 internal nodes; 10.2 s; peak memory 1195 MiB.
2026-10-09T13:36:50Z INFO [4249/5000] baacd59d-37e5-45d3-88a2-54b61923af8b: 27 internal nodes; 1.4 s; peak memory 1195 MiB.
2026-10-09T13:36:51Z INFO [4250/5000] baad3ea2-d9e1-4c1d-9bba-4fd637a60ce7: 17 internal nodes; 1.1 s; peak memory 1195 MiB.
2026-10-09T13:36:51Z INFO [4250/5000] baad3ea2-d9e1-4c1d-9bba-4fd637a60ce7: checkpointed 136887 new records.
2026-10-09T13:37:04Z INFO [4251/5000] baad6619-d934-40ae-ab81-1c491d6a593e: 235 internal nodes; 12.8 s; peak memory 1195 MiB.
2026-10-09T13:37:06Z INFO [4252/5000] baadc2c3-938a-4a80-85bf-d50c25748c8e: 44 internal nodes; 2.0 s; peak memory 1195 MiB.
2026-10-09T13:37:07Z INFO [4253/5000] baae0409-a49a-4f08-9cf7-0e45de118142: 16 internal nodes; 1.0 s; peak memory 1195 MiB.
2026-10-09T13:37:08Z INFO [4254/5000] bab1373a-4c49-40ae-a3da-a02f361c95d3: 11 internal nodes; 0.7 s; peak memory 1195 MiB.
2026-10-09T13:37:16Z INFO [4255/5000] bab13d50-c3d8-4533-8f4b-39819519702b: 177 internal nodes; 7.6 s; peak memory 1195 MiB.
2026-10-09T13:37:18Z INFO [4256/5000] bab14ec1-e6ab-407a-afc6-a108cc725c7f: 36 internal nodes; 2.5 s; peak memory 1195 MiB.
2026-10-09T13:37:29Z INFO [4257/5000] bab20309-dc02-4424-9086-986ecedf43b8: 114 internal nodes; 11.3 s; peak memory 1195 MiB.
2026-10-09T13:37:30Z INFO [4258/5000] bab21f81-f56d-46d6-8acb-aec5721f4cf4: 17 internal nodes; 1.1 s; peak memory 1195 MiB.
2026-10-09T13:37:32Z INFO [4259/5000] bab24443-846f-46b7-b777-d3efa0dd31b9: 31 internal nodes; 1.7 s; peak memory 1195 MiB.
2026-10-09T13:37:34Z INFO [4260/5000] bab34a2c-5422-4c93-8e2f-8cfb8820b530: 31 internal nodes; 1.9 s; peak memory 1195 MiB.
2026-10-09T13:37:36Z INFO [4261/5000] bab35dae-842e-45e6-b9c5-18bfc9551cae: 69 internal nodes; 2.0 s; peak memory 1195 MiB.
2026-10-09T13:37:42Z INFO [4262/5000] bab3ae14-cb7d-4264-a29c-9be11cc55f99: 73 internal nodes; 5.7 s; peak memory 1195 MiB.
2026-10-09T13:37:42Z INFO [4263/5000] bab484d6-4e8c-4d04-96aa-b650bcf19db0: 17 internal nodes; 0.8 s; peak memory 1195 MiB.
2026-10-09T13:37:44Z INFO [4264/5000] bab4b4f4-bbc6-49e9-8fec-852619b92688: 27 internal nodes; 1.5 s; peak memory 1195 MiB.
2026-10-09T13:37:46Z INFO [4265/5000] bab4f707-2dcd-4f27-bb27-0304c057fa62: 31 internal nodes; 1.6 s; peak memory 1195 MiB.
2026-10-09T13:37:47Z INFO [4266/5000] bab50b9d-5ba7-46e3-a038-39f50ec66a49: 23 internal nodes; 1.1 s; peak memory 1195 MiB.
2026-10-09T13:37:48Z INFO [4267/5000] bab5fb2e-a98d-42d4-bccf-ff136955d21f: 18 internal nodes; 1.2 s; peak memory 1195 MiB.
2026-10-09T13:37:49Z INFO [4268/5000] bab6b5b9-2423-4343-b1c7-c8b952c16f28: 17 internal nodes; 1.0 s; peak memory 1195 MiB.
2026-10-09T13:37:50Z INFO [4269/5000] bab6c34a-820b-4a13-bae3-8b145aa0c0d5: 27 internal nodes; 0.9 s; peak memory 1195 MiB.
2026-10-09T13:37:51Z INFO [4270/5000] bab7a363-5fa5-42fa-932b-3aabdbba3831: 17 internal nodes; 1.1 s; peak memory 1195 MiB.
2026-10-09T13:37:52Z INFO [4271/5000] bab8103c-7663-4a40-942c-cde5d19d3254: 52 internal nodes; 1.5 s; peak memory 1195 MiB.
2026-10-09T13:37:54Z INFO [4272/5000] bab8916f-d92b-4a8a-bb61-8b9db58e440c: 58 internal nodes; 2.0 s; peak memory 1195 MiB.
2026-10-09T13:37:56Z INFO [4273/5000] baba489e-831a-4c67-9a73-97a3d4aaf2f5: 14 internal nodes; 1.1 s; peak memory 1195 MiB.
2026-10-09T13:37:57Z INFO [4274/5000] babd5633-fd4f-43c8-814d-91c5bb5d4feb: 31 internal nodes; 1.7 s; peak memory 1195 MiB.
2026-10-09T13:37:58Z INFO [4275/5000] babd6c8b-4c27-4d80-9061-f80742802f3c: 19 internal nodes; 1.3 s; peak memory 1195 MiB.
2026-10-09T13:38:01Z INFO [4276/5000] babe8e85-6e92-4539-8cdb-e1d1fdf901e0: 30 internal nodes; 2.3 s; peak memory 1195 MiB.
2026-10-09T13:38:03Z INFO [4277/5000] babecbfb-b987-4464-b137-3afd4840c019: 53 internal nodes; 1.8 s; peak memory 1195 MiB.
2026-10-09T13:38:05Z INFO [4278/5000] bac042e0-d60b-4a46-9d31-1dbf21223d07: 27 internal nodes; 2.0 s; peak memory 1195 MiB.
2026-10-09T13:38:06Z INFO [4279/5000] bac0531c-d3f0-42bb-a0b1-915f0e7c5b8d: 53 internal nodes; 1.4 s; peak memory 1195 MiB.
2026-10-09T13:38:07Z INFO [4280/5000] bac147d1-52cc-4e3b-a3fe-2a5506541013: 27 internal nodes; 1.5 s; peak memory 1195 MiB.
2026-10-09T13:38:09Z INFO [4281/5000] bac2055a-62e5-4ff2-8c54-e3e3f07076c7: 36 internal nodes; 1.9 s; peak memory 1195 MiB.
2026-10-09T13:38:11Z INFO [4282/5000] bac2510a-ee4f-4e36-ac0f-1d9db0763b64: 90 internal nodes; 1.4 s; peak memory 1195 MiB.
2026-10-09T13:38:12Z INFO [4283/5000] bac27789-a2cf-4388-a6f9-68145ff2b9cc: 17 internal nodes; 1.0 s; peak memory 1195 MiB.
2026-10-09T13:38:13Z INFO [4284/5000] bac30561-76b7-43f6-8672-7b466d2e5be3: 27 internal nodes; 1.3 s; peak memory 1195 MiB.
2026-10-09T13:38:14Z INFO [4285/5000] bac33a81-2a85-4742-8c66-7c45281dae24: 20 internal nodes; 1.2 s; peak memory 1195 MiB.
2026-10-09T13:38:16Z INFO [4286/5000] bac34cbd-8633-4609-b564-e966aed43798: 22 internal nodes; 1.6 s; peak memory 1195 MiB.
2026-10-09T13:38:29Z INFO [4287/5000] bac35f6f-31a4-4204-bc46-6f5c07a71c2b: 71 internal nodes; 13.0 s; peak memory 1195 MiB.
2026-10-09T13:38:30Z INFO [4288/5000] bac3dc2f-d9eb-491c-b145-03419b9e0346: 17 internal nodes; 1.1 s; peak memory 1195 MiB.
2026-10-09T13:38:34Z INFO [4289/5000] bac41eae-191d-453a-8d81-95b6b1749453: 47 internal nodes; 4.0 s; peak memory 1195 MiB.
2026-10-09T13:38:35Z INFO [4290/5000] bac45c7d-2fd4-432b-bfc6-90751c90deb5: 90 internal nodes; 1.5 s; peak memory 1195 MiB.
2026-10-09T13:38:37Z INFO [4291/5000] bac68d9a-0a3a-495e-85d6-2f14ad207f89: 41 internal nodes; 1.8 s; peak memory 1195 MiB.
2026-10-09T13:38:40Z INFO [4292/5000] bac72595-cc41-4946-b83d-9616f11d1705: 26 internal nodes; 2.2 s; peak memory 1195 MiB.
2026-10-09T13:38:41Z INFO [4293/5000] bac79f3a-e0b7-4731-8d27-cd2b1f952d87: 29 internal nodes; 1.5 s; peak memory 1195 MiB.
2026-10-09T13:38:43Z INFO [4294/5000] bac81fa7-67bc-48ee-a69a-5370876d6fd3: 31 internal nodes; 1.7 s; peak memory 1195 MiB.
2026-10-09T13:38:44Z INFO [4295/5000] bac83c2c-a3a8-4db0-933b-a9950314e88c: 17 internal nodes; 1.2 s; peak memory 1195 MiB.
2026-10-09T13:38:45Z INFO [4296/5000] bac854dd-13c9-4f69-a119-b09d171c87fc: 27 internal nodes; 1.5 s; peak memory 1195 MiB.
2026-10-09T13:38:46Z INFO [4297/5000] bac8d75c-fde4-4d8f-bed0-ce34c6c2e9c6: 17 internal nodes; 1.1 s; peak memory 1195 MiB.
2026-10-09T13:38:48Z INFO [4298/5000] bac8fed2-af2b-41a5-9bbd-ddb4acf8cee2: 27 internal nodes; 1.3 s; peak memory 1195 MiB.
2026-10-09T13:38:54Z INFO [4299/5000] bac9bbd9-97dc-4b3c-945c-24a2f4b92f01: 54 internal nodes; 6.2 s; peak memory 1195 MiB.
2026-10-09T13:38:55Z INFO [4300/5000] baca022b-c953-45dd-8a74-4295d56a42bf: 17 internal nodes; 1.2 s; peak memory 1195 MiB.
2026-10-09T13:38:56Z INFO [4300/5000] baca022b-c953-45dd-8a74-4295d56a42bf: checkpointed 136937 new records.
2026-10-09T13:38:57Z INFO [4301/5000] bacafc34-5c15-4074-9192-efdddfe2ce98: 16 internal nodes; 1.2 s; peak memory 1195 MiB.
2026-10-09T13:38:58Z INFO [4302/5000] bacc8f3b-c2ad-4696-a98c-44b4e1e1f8d9: 29 internal nodes; 1.5 s; peak memory 1195 MiB.
2026-10-09T13:38:59Z INFO [4303/5000] bacd39c5-b97e-427d-8f37-3cad6b14c629: 11 internal nodes; 0.9 s; peak memory 1195 MiB.
2026-10-09T13:39:01Z INFO [4304/5000] bacd4d1c-d936-4e57-8eb7-346fa66718c1: 27 internal nodes; 1.4 s; peak memory 1195 MiB.
2026-10-09T13:39:02Z INFO [4305/5000] bacd8d60-80f6-481a-865e-d1147f04aac3: 17 internal nodes; 1.0 s; peak memory 1195 MiB.
2026-10-09T13:39:12Z INFO [4306/5000] bacdb24a-2e74-46b5-97e2-0341b694dd50: 115 internal nodes; 10.8 s; peak memory 1195 MiB.
2026-10-09T13:39:14Z INFO [4307/5000] bacf7798-255e-480d-8dd3-8f46ffc41aae: 17 internal nodes; 1.3 s; peak memory 1195 MiB.
2026-10-09T13:39:15Z INFO [4308/5000] bacfd475-6785-49a4-86c3-80e024b1d6ab: 11 internal nodes; 1.1 s; peak memory 1195 MiB.
2026-10-09T13:39:16Z INFO [4309/5000] bad0422d-7e5d-4ef4-824d-2e75a7dffd61: 19 internal nodes; 1.2 s; peak memory 1195 MiB.
2026-10-09T13:39:18Z INFO [4310/5000] bad0fd86-d406-4628-8e2b-c057a905e2c9: 26 internal nodes; 1.8 s; peak memory 1195 MiB.
2026-10-09T13:39:20Z INFO [4311/5000] bad1c494-40ea-4c55-9b37-8cc4efe496d0: 31 internal nodes; 1.8 s; peak memory 1195 MiB.
2026-10-09T13:39:21Z INFO [4312/5000] bad2c89c-1eba-45b2-8975-d05a85415b5b: 17 internal nodes; 1.1 s; peak memory 1195 MiB.
2026-10-09T13:39:22Z INFO [4313/5000] bad5708a-fb71-4457-b31c-0138f8ee3273: 63 internal nodes; 1.5 s; peak memory 1195 MiB.
2026-10-09T13:39:23Z INFO [4314/5000] bad615fa-7176-477d-8f12-80eb84e54de8: 23 internal nodes; 1.2 s; peak memory 1195 MiB.
2026-10-09T13:39:25Z INFO [4315/5000] bad6161f-0fe9-4982-9b56-3e3a1b93f402: 116 internal nodes; 1.8 s; peak memory 1195 MiB.
2026-10-09T13:39:29Z INFO [4316/5000] bad684d9-c014-4605-8791-5da8f71fb469: 56 internal nodes; 3.7 s; peak memory 1195 MiB.
2026-10-09T13:39:31Z INFO [4317/5000] bad73d87-265d-46a8-8878-2eec946fc1f3: 25 internal nodes; 2.1 s; peak memory 1195 MiB.
2026-10-09T13:39:32Z INFO [4318/5000] bad784d5-d49c-4d72-97b6-4c9334af01a6: 41 internal nodes; 1.4 s; peak memory 1195 MiB.
2026-10-09T13:39:36Z INFO [4319/5000] bad7ce88-1045-4c59-ba6f-66741c136dfe: 56 internal nodes; 3.4 s; peak memory 1195 MiB.
2026-10-09T13:39:37Z INFO [4320/5000] bad8e45e-bed2-4df1-b213-56ef6efaa322: 17 internal nodes; 1.1 s; peak memory 1195 MiB.
2026-10-09T13:39:38Z INFO [4321/5000] badb54f0-0080-4050-b04c-08fa978ee88c: 31 internal nodes; 1.4 s; peak memory 1195 MiB.
2026-10-09T13:39:50Z INFO [4322/5000] badb8851-c8c5-400c-8630-605154859b27: 232 internal nodes; 11.3 s; peak memory 1195 MiB.
2026-10-09T13:39:53Z INFO [4323/5000] badbb11e-63cb-4320-9aae-917ab93386c2: 42 internal nodes; 3.1 s; peak memory 1195 MiB.
2026-10-09T13:39:54Z INFO [4324/5000] badc1ab0-2eaa-4db6-942f-4f80f3f39115: 17 internal nodes; 1.0 s; peak memory 1195 MiB.
2026-10-09T13:39:55Z INFO [4325/5000] badc51d8-0881-4a2f-ba62-71193c24b5a5: 22 internal nodes; 1.1 s; peak memory 1195 MiB.
2026-10-09T13:40:01Z INFO [4326/5000] badcc082-87f7-4895-83cb-76e0c2d8aed2: 73 internal nodes; 6.1 s; peak memory 1195 MiB.
2026-10-09T13:40:02Z INFO [4327/5000] badd346f-0330-455c-a422-054e21712842: 11 internal nodes; 1.0 s; peak memory 1195 MiB.
2026-10-09T13:40:14Z INFO [4328/5000] badee1a9-5dee-482c-be99-3066a1e86465: 209 internal nodes; 11.8 s; peak memory 1195 MiB.
2026-10-09T13:40:20Z INFO [4329/5000] badf5fc2-a95c-46e6-bbbd-367ef10c1f12: 64 internal nodes; 6.1 s; peak memory 1195 MiB.
2026-10-09T13:40:23Z INFO [4330/5000] badfd2a1-6893-41e7-ab18-1be88bd78bbd: 46 internal nodes; 3.7 s; peak memory 1195 MiB.
2026-10-09T13:41:11Z INFO [4331/5000] badfdbf6-26c3-4262-88a3-2fee68a2ee1f: 93 internal nodes; 47.6 s; peak memory 1195 MiB.
2026-10-09T13:41:13Z INFO [4332/5000] badfee40-c8f9-4f4a-9f1f-4da5c6101e1e: 27 internal nodes; 1.5 s; peak memory 1195 MiB.
2026-10-09T13:41:14Z INFO [4333/5000] bae0cef3-83af-47ea-8601-3dd80228ee8a: 31 internal nodes; 1.9 s; peak memory 1195 MiB.
2026-10-09T13:41:16Z INFO [4334/5000] bae13112-3f3e-411f-996d-92c350fdd2ed: 31 internal nodes; 1.7 s; peak memory 1195 MiB.
2026-10-09T13:41:18Z INFO [4335/5000] bae1363d-5c23-4109-8b35-40f57caef15b: 90 internal nodes; 1.5 s; peak memory 1195 MiB.
2026-10-09T13:41:19Z INFO [4336/5000] bae186db-c78a-4f1f-9344-a89944806c45: 17 internal nodes; 1.1 s; peak memory 1195 MiB.
2026-10-09T13:41:21Z INFO [4337/5000] bae2a18e-e433-4311-85d5-9f9dc18ef13a: 38 internal nodes; 1.7 s; peak memory 1195 MiB.
2026-10-09T13:41:22Z INFO [4338/5000] bae3ad49-8cf1-47a0-9b49-6c6b799ee88b: 22 internal nodes; 1.3 s; peak memory 1195 MiB.
2026-10-09T13:41:27Z INFO [4339/5000] bae42215-ea7a-4510-bd86-46cf6d73b8c2: 70 internal nodes; 5.6 s; peak memory 1195 MiB.
2026-10-09T13:41:29Z INFO [4340/5000] bae42f5e-47ef-4d1b-8aa9-1ea40e06c847: 114 internal nodes; 1.2 s; peak memory 1195 MiB.
2026-10-09T13:41:30Z INFO [4341/5000] bae437ad-5dc5-45e2-a3f8-0622d6ed1280: 56 internal nodes; 1.6 s; peak memory 1195 MiB.
2026-10-09T13:41:31Z INFO [4342/5000] bae493f8-9281-416c-a181-fbc75d4050ed: 31 internal nodes; 1.1 s; peak memory 1195 MiB.
2026-10-09T13:41:33Z INFO [4343/5000] bae56820-a6e2-4436-b805-e4a5421fcf0e: 27 internal nodes; 1.4 s; peak memory 1195 MiB.
2026-10-09T13:41:41Z INFO [4344/5000] bae66470-0872-4473-8dcd-f463f4727cf2: 177 internal nodes; 7.9 s; peak memory 1195 MiB.
2026-10-09T13:41:42Z INFO [4345/5000] bae6ba1e-9fa0-4811-9f13-f538046d18e9: 17 internal nodes; 1.2 s; peak memory 1195 MiB.
2026-10-09T13:41:54Z INFO [4346/5000] bae71f54-1c8e-4cfe-b813-a91f0953a17d: 68 internal nodes; 12.2 s; peak memory 1195 MiB.
2026-10-09T13:41:55Z INFO [4347/5000] bae72bb4-65da-44b1-9242-dd0cd6515be9: 14 internal nodes; 0.9 s; peak memory 1195 MiB.
2026-10-09T13:42:04Z INFO [4348/5000] bae7c349-8ea1-45cd-85bf-8b6fa839360d: 140 internal nodes; 9.0 s; peak memory 1195 MiB.
2026-10-09T13:42:05Z INFO [4349/5000] bae881d9-03f7-4520-a2d3-6db5002e37ce: 19 internal nodes; 1.0 s; peak memory 1195 MiB.
2026-10-09T13:42:13Z INFO [4350/5000] bae8d361-5725-4894-b282-8a5c74cee9b1: 191 internal nodes; 8.2 s; peak memory 1195 MiB.
2026-10-09T13:42:14Z INFO [4350/5000] bae8d361-5725-4894-b282-8a5c74cee9b1: checkpointed 136987 new records.
2026-10-09T13:42:16Z INFO [4351/5000] bae8edd6-96cd-4fd1-84ee-ab8d49eeb5a6: 66 internal nodes; 2.1 s; peak memory 1195 MiB.
2026-10-09T13:42:18Z INFO [4352/5000] bae9b3fe-de67-4744-9b0b-dbcee8b770fb: 29 internal nodes; 1.9 s; peak memory 1195 MiB.
2026-10-09T13:42:19Z INFO [4353/5000] baea8623-2914-4314-a7f6-17e4e9eabda1: 26 internal nodes; 1.3 s; peak memory 1195 MiB.
2026-10-09T13:42:22Z INFO [4354/5000] baeae56e-0a47-48b6-9d54-caeaa5faff73: 46 internal nodes; 2.7 s; peak memory 1195 MiB.
2026-10-09T13:42:23Z INFO [4355/5000] baeb6718-10e3-44e0-8446-b5a750645327: 17 internal nodes; 1.0 s; peak memory 1195 MiB.
2026-10-09T13:42:24Z INFO [4356/5000] baec2e8e-2294-4857-b1b0-e180d37f533c: 17 internal nodes; 1.4 s; peak memory 1195 MiB.
2026-10-09T13:42:25Z INFO [4357/5000] baec366d-ec4b-44fb-a9be-e852422d265d: 27 internal nodes; 1.3 s; peak memory 1195 MiB.
2026-10-09T13:42:26Z INFO [4358/5000] baec4ca0-1580-48b8-a687-3605e6a813fe: 26 internal nodes; 0.8 s; peak memory 1195 MiB.
2026-10-09T13:42:27Z INFO [4359/5000] baec5b03-1020-4074-8d06-d40c6a557557: 18 internal nodes; 1.0 s; peak memory 1195 MiB.
2026-10-09T13:42:29Z INFO [4360/5000] baec647c-8edd-4288-b214-835e7b926e02: 36 internal nodes; 1.7 s; peak memory 1195 MiB.
2026-10-09T13:42:32Z INFO [4361/5000] baec9997-46b7-45f0-b054-2a75d76bc99f: 44 internal nodes; 2.7 s; peak memory 1195 MiB.
2026-10-09T13:42:39Z INFO [4362/5000] baed5458-ccc3-425a-88d8-2711d9c10234: 177 internal nodes; 8.0 s; peak memory 1195 MiB.
2026-10-09T13:42:42Z INFO [4363/5000] baed605c-158f-4e6c-9ef7-fed21117ca4d: 44 internal nodes; 2.5 s; peak memory 1195 MiB.
2026-10-09T13:42:44Z INFO [4364/5000] baed739f-3f1b-4743-9570-25b9cb920eb5: 35 internal nodes; 1.6 s; peak memory 1195 MiB.
2026-10-09T13:42:45Z INFO [4365/5000] baee2096-5327-42ac-ad10-de9c512441c4: 27 internal nodes; 1.2 s; peak memory 1195 MiB.
2026-10-09T13:42:46Z INFO [4366/5000] baf08821-537a-4e0d-b3e6-59371d611b9b: 27 internal nodes; 1.6 s; peak memory 1195 MiB.
2026-10-09T13:42:48Z INFO [4367/5000] baf0c3c1-83ac-451e-862f-a103663a8966: 19 internal nodes; 1.2 s; peak memory 1195 MiB.
2026-10-09T13:42:48Z INFO [4368/5000] baf12a10-fb17-4114-8deb-2dd3aedbe553: 11 internal nodes; 0.8 s; peak memory 1195 MiB.
2026-10-09T13:42:55Z INFO [4369/5000] baf2aae7-bde9-4f3b-b11f-bff98d0be72d: 105 internal nodes; 6.6 s; peak memory 1195 MiB.
2026-10-09T13:42:56Z INFO [4370/5000] baf2e6d5-9901-41b6-9ec6-ca9274e155cd: 26 internal nodes; 1.2 s; peak memory 1195 MiB.
2026-10-09T13:42:57Z INFO [4371/5000] baf3dd92-96b2-465e-8f23-b6297cedfd78: 27 internal nodes; 0.9 s; peak memory 1195 MiB.
2026-10-09T13:42:59Z INFO [4372/5000] baf5cdf0-02e0-405b-b522-ba4329962508: 31 internal nodes; 2.1 s; peak memory 1195 MiB.
2026-10-09T13:43:00Z INFO [4373/5000] baf5f617-fb63-4c27-8401-28d02c2c441d: 17 internal nodes; 1.2 s; peak memory 1195 MiB.
2026-10-09T13:43:02Z INFO [4374/5000] baf61702-d377-4f6e-8908-9b2be025bab7: 27 internal nodes; 1.5 s; peak memory 1195 MiB.
2026-10-09T13:43:05Z INFO [4375/5000] baf68f0e-f617-4f26-a6d2-f5143744c544: 46 internal nodes; 3.4 s; peak memory 1195 MiB.
2026-10-09T13:43:06Z INFO [4376/5000] baf6d087-0e27-48dc-ac9f-887f96d3e092: 23 internal nodes; 0.9 s; peak memory 1195 MiB.
2026-10-09T13:43:07Z INFO [4377/5000] baf771de-14cb-4624-aa9d-9db383c9616f: 17 internal nodes; 1.1 s; peak memory 1195 MiB.
2026-10-09T13:43:10Z INFO [4378/5000] baf82a92-04bd-4053-b8dd-e65bb14c447d: 45 internal nodes; 3.0 s; peak memory 1195 MiB.
2026-10-09T13:43:12Z INFO [4379/5000] baf8db62-085f-486b-bdcf-eabde3c9a826: 29 internal nodes; 2.2 s; peak memory 1195 MiB.
2026-10-09T13:43:14Z INFO [4380/5000] baf8dd54-df11-4c91-a2d4-94b1fb4aafcc: 25 internal nodes; 1.8 s; peak memory 1195 MiB.
2026-10-09T13:43:15Z INFO [4381/5000] baf916f9-da12-4a59-9c8d-d5243f729308: 17 internal nodes; 1.1 s; peak memory 1195 MiB.
2026-10-09T13:43:17Z INFO [4382/5000] baf94128-b125-45aa-bbe9-adac73339fbd: 27 internal nodes; 1.3 s; peak memory 1195 MiB.
2026-10-09T13:43:18Z INFO [4383/5000] baf96bcc-566c-48f8-97c3-378eb27c8443: 17 internal nodes; 1.1 s; peak memory 1195 MiB.
2026-10-09T13:43:19Z INFO [4384/5000] bafa5754-b739-4fe1-85e9-23fee4bb3a26: 11 internal nodes; 0.8 s; peak memory 1195 MiB.
2026-10-09T13:43:21Z INFO [4385/5000] bafb1721-83f4-4fdb-bae2-77db45e7a4fd: 51 internal nodes; 2.7 s; peak memory 1195 MiB.
2026-10-09T13:43:22Z INFO [4386/5000] bafb3918-4a1c-4ca2-ace0-00c3dae8f2fa: 17 internal nodes; 1.1 s; peak memory 1195 MiB.
2026-10-09T13:43:24Z INFO [4387/5000] bafb5017-5e59-4ac6-9614-0a14aa3d30e4: 29 internal nodes; 1.7 s; peak memory 1195 MiB.
2026-10-09T13:43:25Z INFO [4388/5000] bafbe4cf-afca-4645-b5b8-2a3e516b04ec: 17 internal nodes; 1.0 s; peak memory 1195 MiB.
2026-10-09T13:43:27Z INFO [4389/5000] bafc769e-ef59-4dd5-979a-52dffe19ce6f: 27 internal nodes; 1.4 s; peak memory 1195 MiB.
2026-10-09T13:43:28Z INFO [4390/5000] bafec1fe-36ff-4110-999d-39cad120f824: 17 internal nodes; 0.9 s; peak memory 1195 MiB.
2026-10-09T13:43:29Z INFO [4391/5000] baff6684-6d9f-4595-9524-d6284503c6b1: 27 internal nodes; 1.3 s; peak memory 1195 MiB.
2026-10-09T13:43:30Z INFO [4392/5000] baffec51-5ae1-448a-ab60-08ad54d11382: 27 internal nodes; 1.3 s; peak memory 1195 MiB.
2026-10-09T13:43:31Z INFO [4393/5000] bb003eb5-917b-4256-b781-d1a9ac0efca3: 17 internal nodes; 0.9 s; peak memory 1195 MiB.
2026-10-09T13:43:34Z INFO [4394/5000] bb009b85-f2c8-4b70-8ad8-1a1cf7981ad2: 40 internal nodes; 2.6 s; peak memory 1195 MiB.
2026-10-09T13:43:35Z INFO [4395/5000] bb00f135-c4e2-4bfd-a8b9-cbbd178f50fe: 13 internal nodes; 0.8 s; peak memory 1195 MiB.
2026-10-09T13:43:36Z INFO [4396/5000] bb0126b6-364e-436a-8cb6-627197a37a8e: 31 internal nodes; 1.8 s; peak memory 1195 MiB.
2026-10-09T13:43:38Z INFO [4397/5000] bb0228c0-0804-475a-850f-5f79aafd2724: 17 internal nodes; 1.4 s; peak memory 1195 MiB.
2026-10-09T13:43:39Z INFO [4398/5000] bb030760-3c40-4cee-b809-4bd2f4ffcaf7: 27 internal nodes; 1.3 s; peak memory 1195 MiB.
2026-10-09T13:43:40Z INFO [4399/5000] bb03b761-3449-41eb-a784-5bbcb2083120: 23 internal nodes; 1.1 s; peak memory 1195 MiB.
2026-10-09T13:43:41Z INFO [4400/5000] bb03ef3a-f7c1-4c85-b767-2711d2b865b7: 19 internal nodes; 1.2 s; peak memory 1195 MiB.
2026-10-09T13:43:42Z INFO [4400/5000] bb03ef3a-f7c1-4c85-b767-2711d2b865b7: checkpointed 137037 new records.
2026-10-09T13:43:55Z INFO [4401/5000] bb0506f8-98e1-4c67-9ff8-8d6aea26bf43: 248 internal nodes; 12.7 s; peak memory 1195 MiB.
2026-10-09T13:43:57Z INFO [4402/5000] bb05ad96-ad6a-4829-a432-3b30550d988a: 58 internal nodes; 2.1 s; peak memory 1195 MiB.
2026-10-09T13:43:58Z INFO [4403/5000] bb05b2fb-7ae4-49cd-9712-66647c4c6e59: 18 internal nodes; 1.4 s; peak memory 1195 MiB.
2026-10-09T13:44:00Z INFO [4404/5000] bb06138b-d65a-4f3c-8a0e-dadefb78e207: 31 internal nodes; 1.8 s; peak memory 1195 MiB.
2026-10-09T13:44:02Z INFO [4405/5000] bb06d35a-478b-44ef-b965-5fe48ac0d31d: 61 internal nodes; 1.8 s; peak memory 1195 MiB.
2026-10-09T13:44:03Z INFO [4406/5000] bb078d98-1d4b-4ff3-8db3-41bd78cebf53: 17 internal nodes; 1.0 s; peak memory 1195 MiB.
2026-10-09T13:44:04Z INFO [4407/5000] bb07d2cc-a796-4fd0-b2f2-1ab9d989d0e8: 31 internal nodes; 1.8 s; peak memory 1195 MiB.
2026-10-09T13:44:06Z INFO [4408/5000] bb080ac7-a084-4744-98c4-cba7a21eaa64: 20 internal nodes; 1.1 s; peak memory 1195 MiB.
2026-10-09T13:44:07Z INFO [4409/5000] bb082b97-ecc9-470b-88c4-0c06b1066158: 17 internal nodes; 1.3 s; peak memory 1195 MiB.
2026-10-09T13:44:08Z INFO [4410/5000] bb088f4d-67e7-4c35-a940-b26554db470f: 23 internal nodes; 1.5 s; peak memory 1195 MiB.
2026-10-09T13:44:10Z INFO [4411/5000] bb08f94b-3ead-476b-aac4-6c19d04d99a7: 31 internal nodes; 1.6 s; peak memory 1195 MiB.
2026-10-09T13:44:16Z INFO [4412/5000] bb0a35c3-40a9-4f62-af1c-7e54a4792a6a: 59 internal nodes; 5.9 s; peak memory 1195 MiB.
2026-10-09T13:44:17Z INFO [4413/5000] bb0a9b79-2fa9-4863-a14a-7b0150fce834: 29 internal nodes; 1.1 s; peak memory 1195 MiB.
2026-10-09T13:44:18Z INFO [4414/5000] bb0a9f51-a3e4-4244-b26b-e9116bf609f2: 17 internal nodes; 1.1 s; peak memory 1195 MiB.
2026-10-09T13:44:25Z INFO [4415/5000] bb0b5b98-45c4-40d7-bdf5-0fa83e80a5c8: 61 internal nodes; 6.7 s; peak memory 1195 MiB.
2026-10-09T13:44:32Z INFO [4416/5000] bb0c3b81-4836-4488-a6f4-50e571074cfb: 135 internal nodes; 7.3 s; peak memory 1195 MiB.
2026-10-09T13:44:34Z INFO [4417/5000] bb0d2d51-82c8-43ab-8b6b-3e81a4989297: 31 internal nodes; 1.7 s; peak memory 1195 MiB.
2026-10-09T13:44:36Z INFO [4418/5000] bb0d336e-2134-43ba-9a9d-8dab8c749df9: 40 internal nodes; 2.8 s; peak memory 1195 MiB.
2026-10-09T13:44:38Z INFO [4419/5000] bb0d7f73-a69b-42b0-97f5-2e8312e4d40f: 115 internal nodes; 1.5 s; peak memory 1195 MiB.
2026-10-09T13:44:40Z INFO [4420/5000] bb0e4c2f-2da2-42c7-b9fc-46c18fc246c9: 31 internal nodes; 1.9 s; peak memory 1195 MiB.
2026-10-09T13:44:41Z INFO [4421/5000] bb0ed5ea-1c2a-40e3-8af5-1868336a9317: 17 internal nodes; 1.1 s; peak memory 1195 MiB.
2026-10-09T13:44:47Z INFO [4422/5000] bb0edc37-95a3-4fda-a20d-fa6686e1bf80: 64 internal nodes; 5.7 s; peak memory 1195 MiB.
2026-10-09T13:44:48Z INFO [4423/5000] bb0fb12b-586f-4cc6-8689-5fb4b7fd4704: 27 internal nodes; 1.2 s; peak memory 1195 MiB.
2026-10-09T13:44:49Z INFO [4424/5000] bb10ed10-bbfb-4d2a-af0f-fc8eab1e9aa3: 27 internal nodes; 1.4 s; peak memory 1195 MiB.
2026-10-09T13:44:50Z INFO [4425/5000] bb10f304-2310-4e0c-aad0-49fc4e37a419: 11 internal nodes; 0.8 s; peak memory 1195 MiB.
2026-10-09T13:44:52Z INFO [4426/5000] bb11b717-f31b-4d42-953d-7b015bfb708c: 27 internal nodes; 1.5 s; peak memory 1195 MiB.
2026-10-09T13:44:53Z INFO [4427/5000] bb11fba7-8671-4491-bbfd-ca6b63782edf: 27 internal nodes; 1.4 s; peak memory 1195 MiB.
2026-10-09T13:44:56Z INFO [4428/5000] bb12388c-fa66-4604-8ed4-08b57465d9a7: 44 internal nodes; 3.5 s; peak memory 1195 MiB.
2026-10-09T13:44:58Z INFO [4429/5000] bb125cbe-060c-459e-a5b9-1af4be256fef: 27 internal nodes; 1.4 s; peak memory 1195 MiB.
2026-10-09T13:44:59Z INFO [4430/5000] bb12e16b-c722-4a75-b550-0f6ad36d3811: 17 internal nodes; 1.1 s; peak memory 1195 MiB.
2026-10-09T13:45:00Z INFO [4431/5000] bb130e68-3f84-4591-bec3-59d555ddaf27: 18 internal nodes; 0.9 s; peak memory 1195 MiB.
2026-10-09T13:45:08Z INFO [4432/5000] bb1316d7-5f87-4048-805e-7afb0914a66d: 177 internal nodes; 8.1 s; peak memory 1195 MiB.
2026-10-09T13:45:09Z INFO [4433/5000] bb1327b5-d1f3-41f5-917b-2ed8a8e16100: 27 internal nodes; 1.2 s; peak memory 1195 MiB.
2026-10-09T13:45:10Z INFO [4434/5000] bb133870-1496-446f-94b2-b6c5a9902942: 17 internal nodes; 1.0 s; peak memory 1195 MiB.
2026-10-09T13:45:12Z INFO [4435/5000] bb14c1df-1928-4507-bac3-3acaec183ae5: 27 internal nodes; 1.3 s; peak memory 1195 MiB.
2026-10-09T13:45:14Z INFO [4436/5000] bb1528a2-fd08-4e3a-b182-9f1f7d40bc58: 35 internal nodes; 2.1 s; peak memory 1195 MiB.
2026-10-09T13:45:16Z INFO [4437/5000] bb171a70-00f3-4a8c-ac98-cf11489ed41e: 35 internal nodes; 2.0 s; peak memory 1195 MiB.
2026-10-09T13:45:24Z INFO [4438/5000] bb174743-f0a8-4944-9fe1-94e6cc762521: 163 internal nodes; 8.2 s; peak memory 1195 MiB.
2026-10-09T13:45:25Z INFO [4439/5000] bb17e5b4-d181-4eca-83e7-e2c632ea90b8: 15 internal nodes; 1.1 s; peak memory 1195 MiB.
2026-10-09T13:45:27Z INFO [4440/5000] bb1823f9-920b-420b-90c1-2d41918f5911: 31 internal nodes; 2.1 s; peak memory 1195 MiB.
2026-10-09T13:45:28Z INFO [4441/5000] bb19667c-922a-4e5c-a996-9c097aba9579: 17 internal nodes; 1.0 s; peak memory 1195 MiB.
2026-10-09T13:45:35Z INFO [4442/5000] bb19e2f8-f41f-43d4-a282-b29c29685dbb: 117 internal nodes; 6.9 s; peak memory 1195 MiB.
2026-10-09T13:45:36Z INFO [4443/5000] bb1a66d7-ae57-4473-87ca-ca4fe00e487d: 11 internal nodes; 0.9 s; peak memory 1195 MiB.
2026-10-09T13:45:37Z INFO [4444/5000] bb1ac0d6-31a4-48ea-86eb-ddf559a74ac1: 27 internal nodes; 1.3 s; peak memory 1195 MiB.
2026-10-09T13:45:39Z INFO [4445/5000] bb1b227f-7793-4f18-bd59-dc6c9ff0356d: 62 internal nodes; 2.0 s; peak memory 1195 MiB.
2026-10-09T13:45:41Z INFO [4446/5000] bb1b49fb-7909-481a-a32f-e32ea2e7a2ec: 31 internal nodes; 2.1 s; peak memory 1195 MiB.
2026-10-09T13:45:43Z INFO [4447/5000] bb1bb671-85f0-4ba3-ab43-aecd6ababac7: 27 internal nodes; 1.4 s; peak memory 1195 MiB.
2026-10-09T13:45:44Z INFO [4448/5000] bb1ce4e7-3890-41e9-9a72-3cee3a65f926: 13 internal nodes; 1.1 s; peak memory 1195 MiB.
2026-10-09T13:45:45Z INFO [4449/5000] bb1d0fa2-b182-4dfa-a75b-2fd9c3a81a7e: 17 internal nodes; 1.0 s; peak memory 1195 MiB.
2026-10-09T13:45:46Z INFO [4450/5000] bb1d2f5d-5501-4f81-bed1-360f32b66bdf: 31 internal nodes; 1.6 s; peak memory 1195 MiB.
2026-10-09T13:45:47Z INFO [4450/5000] bb1d2f5d-5501-4f81-bed1-360f32b66bdf: checkpointed 137087 new records.
2026-10-09T13:45:49Z INFO [4451/5000] bb1da292-eec8-4908-b1df-b690bed5603e: 37 internal nodes; 1.7 s; peak memory 1195 MiB.
2026-10-09T13:45:52Z INFO [4452/5000] bb1e5a2c-4f20-4b46-9d54-4e7636fc8d86: 44 internal nodes; 3.0 s; peak memory 1195 MiB.
2026-10-09T13:45:53Z INFO [4453/5000] bb1fc3be-c86f-4f2e-8418-095b677c70b0: 27 internal nodes; 1.4 s; peak memory 1195 MiB.
2026-10-09T13:45:54Z INFO [4454/5000] bb2018cf-472c-4078-ad05-eaf898238921: 21 internal nodes; 1.5 s; peak memory 1195 MiB.
2026-10-09T13:45:55Z INFO [4455/5000] bb206498-4eec-49ad-a347-6ae54f710980: 17 internal nodes; 1.0 s; peak memory 1195 MiB.
2026-10-09T13:45:56Z INFO [4456/5000] bb208302-d0a3-4cb2-bb12-48e0b73d2704: 17 internal nodes; 1.0 s; peak memory 1195 MiB.
2026-10-09T13:46:11Z INFO [4457/5000] bb21cc04-0c89-41e7-9a43-76b99fa42642: 79 internal nodes; 14.5 s; peak memory 1195 MiB.
2026-10-09T13:46:18Z INFO [4458/5000] bb223c9e-b573-4578-99dd-6ce88b57f55e: 39 internal nodes; 6.6 s; peak memory 1195 MiB.
2026-10-09T13:46:20Z INFO [4459/5000] bb229402-5cf0-4021-ade5-3330fe21c114: 20 internal nodes; 2.0 s; peak memory 1195 MiB.
2026-10-09T13:46:29Z INFO [4460/5000] bb22ca39-6aa1-43df-a27a-4fdcfe9a2aff: 250 internal nodes; 9.2 s; peak memory 1195 MiB.
2026-10-09T13:46:30Z INFO [4461/5000] bb235070-f1a0-4744-9bfe-c47e2458ea64: 17 internal nodes; 1.0 s; peak memory 1195 MiB.
2026-10-09T13:46:31Z INFO [4462/5000] bb23e2ac-4dc0-4a58-8980-432c56e018ba: 11 internal nodes; 1.0 s; peak memory 1195 MiB.
2026-10-09T13:46:33Z INFO [4463/5000] bb240fa1-811f-4412-aa3d-acc8937e0df0: 66 internal nodes; 2.3 s; peak memory 1195 MiB.
2026-10-09T13:46:44Z INFO [4464/5000] bb241e7d-f577-42a0-aa52-38aa87f9542f: 114 internal nodes; 11.2 s; peak memory 1195 MiB.
2026-10-09T13:46:46Z INFO [4465/5000] bb2466fc-14a5-4919-a822-053d084ec572: 95 internal nodes; 1.5 s; peak memory 1195 MiB.
2026-10-09T13:46:47Z INFO [4466/5000] bb24672f-e202-4b22-823c-75f175a09ffd: 30 internal nodes; 1.5 s; peak memory 1195 MiB.
2026-10-09T13:46:49Z INFO [4467/5000] bb265bba-9c41-483a-88a1-76b5a200d70a: 69 internal nodes; 1.9 s; peak memory 1195 MiB.
2026-10-09T13:46:50Z INFO [4468/5000] bb271ce9-7837-4dcb-beed-d702bb689913: 17 internal nodes; 1.2 s; peak memory 1195 MiB.
2026-10-09T13:46:58Z INFO [4469/5000] bb274075-8e25-49f1-bd9f-ed9f10e2c417: 136 internal nodes; 7.4 s; peak memory 1195 MiB.
2026-10-09T13:46:59Z INFO [4470/5000] bb27de6b-27ca-4346-b9a8-4e583a2de94a: 13 internal nodes; 1.3 s; peak memory 1195 MiB.
2026-10-09T13:47:01Z INFO [4471/5000] bb27f225-5215-4f12-a613-47f67e71fa2b: 27 internal nodes; 1.5 s; peak memory 1195 MiB.
2026-10-09T13:47:01Z INFO [4472/5000] bb287603-9cbf-4e2e-a2b2-c1294331fa82: 17 internal nodes; 0.8 s; peak memory 1195 MiB.
2026-10-09T13:47:02Z INFO [4473/5000] bb29005c-7df2-4737-a3c0-660f295eaf78: 17 internal nodes; 1.0 s; peak memory 1195 MiB.
2026-10-09T13:47:04Z INFO [4474/5000] bb2913a1-216c-48f6-8928-9e6f2b2579c8: 90 internal nodes; 1.4 s; peak memory 1195 MiB.
2026-10-09T13:47:05Z INFO [4475/5000] bb29ff76-1033-43bb-a6e3-7137d2a7f275: 19 internal nodes; 1.1 s; peak memory 1195 MiB.
2026-10-09T13:47:06Z INFO [4476/5000] bb2a59f7-a271-421d-989c-944af154f299: 63 internal nodes; 1.3 s; peak memory 1195 MiB.
2026-10-09T13:47:07Z INFO [4477/5000] bb2a5d07-b8cc-4367-8f1b-5c61b2e0ad92: 17 internal nodes; 1.0 s; peak memory 1195 MiB.
2026-10-09T13:47:09Z INFO [4478/5000] bb2ab441-06b6-448b-b31f-4e7837938acc: 27 internal nodes; 1.5 s; peak memory 1195 MiB.
2026-10-09T13:47:10Z INFO [4479/5000] bb2b08c8-07dc-4ec4-a274-7a0d667a463d: 27 internal nodes; 1.4 s; peak memory 1195 MiB.
2026-10-09T13:47:11Z INFO [4480/5000] bb2b3f66-ed9e-456e-8bbf-d0a1541a8ec6: 11 internal nodes; 0.8 s; peak memory 1195 MiB.
2026-10-09T13:47:12Z INFO [4481/5000] bb2daee3-061b-483e-b2ba-92cb7100145e: 17 internal nodes; 1.1 s; peak memory 1195 MiB.
2026-10-09T13:47:13Z INFO [4482/5000] bb2dfcea-7f63-4785-bcb7-f4d43002a36a: 13 internal nodes; 1.0 s; peak memory 1195 MiB.
2026-10-09T13:47:15Z INFO [4483/5000] bb2e3806-c85d-4b7f-8f3f-694b6780bdc0: 95 internal nodes; 1.8 s; peak memory 1195 MiB.
2026-10-09T13:47:25Z INFO [4484/5000] bb2ee77c-cc97-4cf9-9e44-dbd8afb073c9: 232 internal nodes; 10.2 s; peak memory 1195 MiB.
2026-10-09T13:47:26Z INFO [4485/5000] bb30008a-9873-4afb-ad18-7627d36f2757: 27 internal nodes; 1.3 s; peak memory 1195 MiB.
2026-10-09T13:47:28Z INFO [4486/5000] bb30530b-5b3c-42c3-ab5b-d762f25b07f0: 53 internal nodes; 1.6 s; peak memory 1195 MiB.
2026-10-09T13:47:29Z INFO [4487/5000] bb30fb29-a4a7-4f21-b40c-7ce1b49e711d: 17 internal nodes; 1.0 s; peak memory 1195 MiB.
2026-10-09T13:47:30Z INFO [4488/5000] bb32e1f5-eec9-4a2c-9e3c-7732d0df2e97: 11 internal nodes; 0.7 s; peak memory 1195 MiB.
2026-10-09T13:47:31Z INFO [4489/5000] bb33b4d6-ed8f-44c9-b13a-05972193e331: 13 internal nodes; 0.8 s; peak memory 1195 MiB.
2026-10-09T13:47:34Z INFO [4490/5000] bb34cdda-c875-4670-8469-d8cbef5d60e5: 46 internal nodes; 3.6 s; peak memory 1195 MiB.
2026-10-09T13:47:35Z INFO [4491/5000] bb350993-1a9a-448d-acaf-b35fc7c7c163: 17 internal nodes; 1.0 s; peak memory 1195 MiB.
2026-10-09T13:47:37Z INFO [4492/5000] bb35aeab-019f-4d4f-9dff-e2972098d6dc: 19 internal nodes; 1.3 s; peak memory 1195 MiB.
2026-10-09T13:47:38Z INFO [4493/5000] bb365bf4-c981-429e-bd3d-8c902ef96bdf: 19 internal nodes; 1.2 s; peak memory 1195 MiB.
2026-10-09T13:47:39Z INFO [4494/5000] bb36880b-0789-496a-8dd4-80aa5cc579e2: 27 internal nodes; 1.5 s; peak memory 1195 MiB.
2026-10-09T13:47:46Z INFO [4495/5000] bb36d176-c4dd-4762-9b4a-0ab7979937f9: 136 internal nodes; 6.3 s; peak memory 1195 MiB.
2026-10-09T13:47:55Z INFO [4496/5000] bb36d82a-c69c-44c5-9e31-f9da551d3793: 189 internal nodes; 9.3 s; peak memory 1195 MiB.
2026-10-09T13:48:00Z INFO [4497/5000] bb36ed8d-e1a0-4ece-8db9-f8f3127ee359: 130 internal nodes; 5.5 s; peak memory 1195 MiB.
2026-10-09T13:48:10Z INFO [4498/5000] bb37175e-02e7-417f-94cd-0758dd243cb2: 208 internal nodes; 9.9 s; peak memory 1195 MiB.
2026-10-09T13:48:12Z INFO [4499/5000] bb380328-b044-4b55-833c-9b9af3403fda: 27 internal nodes; 1.2 s; peak memory 1195 MiB.
2026-10-09T13:48:13Z INFO [4500/5000] bb381a45-ba5e-46c0-81ef-4593f7476454: 27 internal nodes; 1.3 s; peak memory 1195 MiB.
2026-10-09T13:48:13Z INFO [4500/5000] bb381a45-ba5e-46c0-81ef-4593f7476454: checkpointed 137137 new records.
2026-10-09T13:48:15Z INFO [4501/5000] bb38bdbe-ff74-456b-8242-e0223d5f5acd: 17 internal nodes; 1.1 s; peak memory 1195 MiB.
2026-10-09T13:48:16Z INFO [4502/5000] bb39bd35-439e-4d79-a6fb-eba071e0a1e4: 27 internal nodes; 1.5 s; peak memory 1195 MiB.
2026-10-09T13:48:17Z INFO [4503/5000] bb39c7ce-7de3-4475-a7d8-0e4a32207ec0: 11 internal nodes; 0.8 s; peak memory 1195 MiB.
2026-10-09T13:48:18Z INFO [4504/5000] bb3a2b71-a4b1-4735-bb93-99d6f2c04cad: 17 internal nodes; 1.1 s; peak memory 1195 MiB.
2026-10-09T13:48:30Z INFO [4505/5000] bb3b1565-0c7c-4a68-a75b-823d24088c6c: 71 internal nodes; 12.4 s; peak memory 1195 MiB.
2026-10-09T13:48:31Z INFO [4506/5000] bb3ba276-b046-4e44-b24a-c5bbe8355d1e: 19 internal nodes; 1.0 s; peak memory 1195 MiB.
2026-10-09T13:48:33Z INFO [4507/5000] bb3be762-160d-4aa0-bf20-8eaf7f32292a: 31 internal nodes; 1.7 s; peak memory 1195 MiB.
2026-10-09T13:48:35Z INFO [4508/5000] bb3e70c6-3530-4bcc-a600-9e3240278650: 27 internal nodes; 1.5 s; peak memory 1195 MiB.
2026-10-09T13:48:36Z INFO [4509/5000] bb3f8262-b1bc-42cd-8200-044fa239a6e7: 17 internal nodes; 1.1 s; peak memory 1195 MiB.
2026-10-09T13:48:37Z INFO [4510/5000] bb3fa3af-0811-435c-8932-cbc668c96b72: 11 internal nodes; 1.1 s; peak memory 1195 MiB.
2026-10-09T13:48:38Z INFO [4511/5000] bb3fe0d5-31f9-4776-b001-46e864913a3e: 27 internal nodes; 1.4 s; peak memory 1195 MiB.
2026-10-09T13:48:40Z INFO [4512/5000] bb400267-7852-4df1-9f44-aceffe22b931: 25 internal nodes; 1.3 s; peak memory 1195 MiB.
2026-10-09T13:48:41Z INFO [4513/5000] bb40a8ff-7535-4746-8d13-0ac50f7a5d40: 17 internal nodes; 1.3 s; peak memory 1195 MiB.
2026-10-09T13:48:42Z INFO [4514/5000] bb41f5a1-83f9-45d8-ab5d-b567974a2213: 17 internal nodes; 1.1 s; peak memory 1195 MiB.
2026-10-09T13:48:50Z INFO [4515/5000] bb41fcab-295f-47eb-9e4a-4790fb9273e0: 49 internal nodes; 7.7 s; peak memory 1195 MiB.
2026-10-09T13:48:52Z INFO [4516/5000] bb420042-df1a-44c7-b0df-09ea87d249d8: 44 internal nodes; 2.8 s; peak memory 1195 MiB.
2026-10-09T13:48:54Z INFO [4517/5000] bb422b98-c67e-4e38-ac4a-0c14d30bf8f4: 86 internal nodes; 1.5 s; peak memory 1195 MiB.
2026-10-09T13:48:56Z INFO [4518/5000] bb423a43-b9dd-4314-84f6-821b1d510e09: 23 internal nodes; 1.7 s; peak memory 1195 MiB.
2026-10-09T13:48:57Z INFO [4519/5000] bb424401-18e7-487d-8452-215d6adeb416: 25 internal nodes; 1.1 s; peak memory 1195 MiB.
2026-10-09T13:48:58Z INFO [4520/5000] bb4247a9-d2b7-4679-b882-4179e8ee1f2c: 17 internal nodes; 1.2 s; peak memory 1195 MiB.
2026-10-09T13:48:59Z INFO [4521/5000] bb42e96c-80e3-481b-99e3-6c760a492264: 17 internal nodes; 1.2 s; peak memory 1195 MiB.
2026-10-09T13:49:00Z INFO [4522/5000] bb442540-3b1c-4cae-b516-0881212ae36b: 19 internal nodes; 0.9 s; peak memory 1195 MiB.
2026-10-09T13:49:01Z INFO [4523/5000] bb4435f3-6030-4c76-9290-604fbeef32ad: 17 internal nodes; 1.2 s; peak memory 1195 MiB.
2026-10-09T13:49:02Z INFO [4524/5000] bb443bff-51d3-4b4d-a436-81469556c81d: 17 internal nodes; 1.3 s; peak memory 1195 MiB.
2026-10-09T13:49:04Z INFO [4525/5000] bb445401-3ba4-46e7-9a33-ed0f25467d88: 31 internal nodes; 1.8 s; peak memory 1195 MiB.
2026-10-09T13:49:05Z INFO [4526/5000] bb44769c-2089-44aa-bf4c-a5a37a462fe3: 11 internal nodes; 0.8 s; peak memory 1195 MiB.
2026-10-09T13:49:07Z INFO [4527/5000] bb45575c-f6c2-4140-8789-28eb280499bc: 24 internal nodes; 2.3 s; peak memory 1195 MiB.
2026-10-09T13:49:09Z INFO [4528/5000] bb46816e-4728-41f0-a02b-9c5810343042: 27 internal nodes; 1.5 s; peak memory 1195 MiB.
2026-10-09T13:49:10Z INFO [4529/5000] bb4846d1-6b0c-49a8-a11a-04432175edbd: 27 internal nodes; 0.9 s; peak memory 1195 MiB.
2026-10-09T13:49:11Z INFO [4530/5000] bb486a1e-52dc-4bea-9724-da5d8ab8c67a: 17 internal nodes; 1.1 s; peak memory 1195 MiB.
2026-10-09T13:49:13Z INFO [4531/5000] bb48d2a2-969f-4fec-80df-d91fdaee0a98: 59 internal nodes; 2.2 s; peak memory 1195 MiB.
2026-10-09T13:49:28Z INFO [4532/5000] bb494ab9-a284-4b68-879f-de8bf8721fed: 533 internal nodes; 15.2 s; peak memory 1195 MiB.
2026-10-09T13:49:37Z INFO [4533/5000] bb494e54-c67f-4597-b26b-9a43bf38bdd4: 177 internal nodes; 8.7 s; peak memory 1195 MiB.
2026-10-09T13:49:38Z INFO [4534/5000] bb497e85-7436-4438-94ae-9c72e351d44a: 27 internal nodes; 1.4 s; peak memory 1195 MiB.
2026-10-09T13:49:39Z INFO [4535/5000] bb4a3733-77f1-4a38-8b65-b5093a56a227: 17 internal nodes; 1.1 s; peak memory 1195 MiB.
2026-10-09T13:49:42Z INFO [4536/5000] bb4a492b-aad6-4db2-9cdd-0baf8b9c9597: 50 internal nodes; 2.7 s; peak memory 1195 MiB.
2026-10-09T13:49:44Z INFO [4537/5000] bb4b5971-a570-4d2e-83f1-fc0dfbdb439d: 31 internal nodes; 1.7 s; peak memory 1195 MiB.
2026-10-09T13:49:45Z INFO [4538/5000] bb4b9c97-f2b9-4470-8db7-586a19a4c31d: 24 internal nodes; 1.5 s; peak memory 1195 MiB.
2026-10-09T13:49:47Z INFO [4539/5000] bb4bd424-59f7-4ac4-a4ad-63e3b8caef7e: 61 internal nodes; 1.8 s; peak memory 1195 MiB.
2026-10-09T13:49:49Z INFO [4540/5000] bb4c8892-c587-4dd7-a406-98fb9481549d: 31 internal nodes; 1.7 s; peak memory 1195 MiB.
2026-10-09T13:49:56Z INFO [4541/5000] bb4d08fc-fc34-4049-bb95-a2f882ac627d: 57 internal nodes; 7.4 s; peak memory 1195 MiB.
2026-10-09T13:49:58Z INFO [4542/5000] bb4d22dd-301d-4dce-b978-18db62695b1f: 23 internal nodes; 2.1 s; peak memory 1195 MiB.
2026-10-09T13:50:21Z INFO [4543/5000] bb4dd974-38b8-489f-8676-a84f3e8615e1: 1465 internal nodes; 22.5 s; peak memory 1195 MiB.
2026-10-09T13:50:22Z INFO [4544/5000] bb4e5da2-8890-40c9-bde5-b9cec91d247d: 27 internal nodes; 1.4 s; peak memory 1195 MiB.
2026-10-09T13:50:25Z INFO [4545/5000] bb4ecc76-0944-457f-93b8-62293daed752: 51 internal nodes; 2.9 s; peak memory 1195 MiB.
2026-10-09T13:50:26Z INFO [4546/5000] bb4eddb0-bc25-4def-a25b-be6d90b6b80c: 27 internal nodes; 1.4 s; peak memory 1195 MiB.
2026-10-09T13:50:27Z INFO [4547/5000] bb4f1412-3e48-47ac-823a-6afedf81f4dd: 21 internal nodes; 1.0 s; peak memory 1195 MiB.
2026-10-09T13:50:31Z INFO [4548/5000] bb4f3cce-757b-4cef-b594-8bfdf1a8769c: 44 internal nodes; 3.1 s; peak memory 1195 MiB.
2026-10-09T13:50:33Z INFO [4549/5000] bb4fb6f9-502f-484e-9661-d92a06820e13: 24 internal nodes; 2.0 s; peak memory 1195 MiB.
2026-10-09T13:50:38Z INFO [4550/5000] bb4fc02c-bda9-4294-933f-cfc150fc87aa: 132 internal nodes; 5.4 s; peak memory 1195 MiB.
2026-10-09T13:50:38Z INFO [4550/5000] bb4fc02c-bda9-4294-933f-cfc150fc87aa: checkpointed 137187 new records.
2026-10-09T13:50:40Z INFO [4551/5000] bb50da3b-fcab-4185-875b-b149574f64dd: 17 internal nodes; 1.2 s; peak memory 1195 MiB.
2026-10-09T13:50:41Z INFO [4552/5000] bb51870b-79eb-44ac-9e56-90891e820478: 20 internal nodes; 0.9 s; peak memory 1195 MiB.
2026-10-09T13:50:42Z INFO [4553/5000] bb5265bf-778b-4384-9689-f61e8a768a88: 17 internal nodes; 1.2 s; peak memory 1195 MiB.
2026-10-09T13:50:43Z INFO [4554/5000] bb52b157-1c3c-4709-9732-631d1ca73e84: 19 internal nodes; 1.1 s; peak memory 1195 MiB.
2026-10-09T13:50:44Z INFO [4555/5000] bb52e09b-29c4-4bee-8fbd-c6fd5fbc5655: 13 internal nodes; 1.2 s; peak memory 1195 MiB.
2026-10-09T13:50:46Z INFO [4556/5000] bb53bae8-6fee-4ee6-a8ee-b41cbe84348d: 18 internal nodes; 1.5 s; peak memory 1195 MiB.
2026-10-09T13:50:52Z INFO [4557/5000] bb5445f6-9049-4959-b1aa-ccb66d2f2ec2: 54 internal nodes; 6.1 s; peak memory 1195 MiB.
2026-10-09T13:50:55Z INFO [4558/5000] bb5460f0-2563-4c4b-811d-5be219ba4c6b: 44 internal nodes; 2.9 s; peak memory 1195 MiB.
2026-10-09T13:50:56Z INFO [4559/5000] bb547528-94d1-4fe3-90dc-2149ed290743: 18 internal nodes; 1.4 s; peak memory 1195 MiB.
2026-10-09T13:50:58Z INFO [4560/5000] bb547c43-354c-4ee6-b9dd-682804e41c2d: 29 internal nodes; 1.8 s; peak memory 1195 MiB.
2026-10-09T13:50:59Z INFO [4561/5000] bb54919a-bc95-4f75-a8b0-83cf95a62343: 17 internal nodes; 1.2 s; peak memory 1195 MiB.
2026-10-09T13:53:17Z INFO [4562/5000] bb554fbb-c4f4-45ee-a294-efa47e499e60: 2396 internal nodes; 138.3 s; peak memory 1195 MiB.
2026-10-09T13:53:19Z INFO [4563/5000] bb562019-6956-45c7-88f1-81384f150596: 90 internal nodes; 1.5 s; peak memory 1195 MiB.
2026-10-09T13:53:20Z INFO [4564/5000] bb56ed6a-9123-4b2c-8178-ec9b51c4e890: 19 internal nodes; 1.2 s; peak memory 1195 MiB.
2026-10-09T13:53:31Z INFO [4565/5000] bb575549-de37-4af9-9c68-91a848d7574e: 211 internal nodes; 10.7 s; peak memory 1195 MiB.
2026-10-09T13:53:32Z INFO [4566/5000] bb581663-afc1-49d1-9164-997ea39cdfbd: 58 internal nodes; 1.6 s; peak memory 1195 MiB.
2026-10-09T13:53:33Z INFO [4567/5000] bb5864dd-2ad8-4726-922c-722f09abb9be: 13 internal nodes; 1.3 s; peak memory 1195 MiB.
2026-10-09T13:53:35Z INFO [4568/5000] bb58a790-a195-4de0-8034-b874a230fa8c: 53 internal nodes; 1.7 s; peak memory 1195 MiB.
2026-10-09T13:53:37Z INFO [4569/5000] bb58b034-8a5f-41f6-a9d0-ba57fe5c2af1: 27 internal nodes; 1.6 s; peak memory 1195 MiB.
2026-10-09T13:53:38Z INFO [4570/5000] bb5944ba-cfe5-42bb-94d1-a760903ec878: 17 internal nodes; 1.2 s; peak memory 1195 MiB.
2026-10-09T13:53:44Z INFO [4571/5000] bb596bba-79d0-4b9e-8958-8e3f63fe0eef: 73 internal nodes; 6.2 s; peak memory 1195 MiB.
2026-10-09T13:53:50Z INFO [4572/5000] bb5a738a-8d68-4f78-a644-0a0de030bdfc: 60 internal nodes; 5.8 s; peak memory 1195 MiB.
2026-10-09T13:53:51Z INFO [4573/5000] bb5b4110-6bed-4b6b-ae8f-14bed4aeb4ea: 6 internal nodes; 0.8 s; peak memory 1195 MiB.
2026-10-09T13:53:56Z INFO [4574/5000] bb5b491e-0075-4cdf-9ccc-70e7e182e433: 51 internal nodes; 4.8 s; peak memory 1195 MiB.
2026-10-09T13:53:57Z INFO [4575/5000] bb5bfcc7-2b37-4015-8a4b-05e0a1c79023: 27 internal nodes; 1.6 s; peak memory 1195 MiB.
2026-10-09T13:53:59Z INFO [4576/5000] bb5cd566-c9fe-4438-99a8-0f52e0c77b76: 38 internal nodes; 1.7 s; peak memory 1195 MiB.
2026-10-09T13:54:02Z INFO [4577/5000] bb5d93ef-31d7-4a52-baa9-cffe704fed0d: 46 internal nodes; 3.6 s; peak memory 1195 MiB.
2026-10-09T13:54:04Z INFO [4578/5000] bb5fb232-49fb-454e-b9b2-8bd2d4b2855b: 23 internal nodes; 1.4 s; peak memory 1195 MiB.
2026-10-09T13:54:05Z INFO [4579/5000] bb615eb1-36f3-4fa4-b634-d7397a9c0b10: 31 internal nodes; 1.7 s; peak memory 1195 MiB.
2026-10-09T13:54:07Z INFO [4580/5000] bb616764-4956-4afa-b2ce-15c11eb693de: 17 internal nodes; 1.3 s; peak memory 1195 MiB.
2026-10-09T13:54:08Z INFO [4581/5000] bb6247d1-31b7-436c-8fb9-f9291580901e: 24 internal nodes; 1.5 s; peak memory 1195 MiB.
2026-10-09T13:54:09Z INFO [4582/5000] bb62bb45-35be-41b5-95a1-5cb9c76a6ddc: 11 internal nodes; 0.8 s; peak memory 1195 MiB.
2026-10-09T13:54:12Z INFO [4583/5000] bb644548-886c-48e0-9bd7-8bf8e54c26c2: 44 internal nodes; 3.0 s; peak memory 1195 MiB.
2026-10-09T13:54:13Z INFO [4584/5000] bb644972-e44e-4a77-8276-e3cccaffe764: 17 internal nodes; 1.1 s; peak memory 1195 MiB.
2026-10-09T13:54:14Z INFO [4585/5000] bb64b2ce-2630-4c4e-b30f-95bb6be219fc: 18 internal nodes; 1.2 s; peak memory 1195 MiB.
2026-10-09T13:54:15Z INFO [4586/5000] bb64bae1-3566-43f3-bdf6-ae67b53687ed: 13 internal nodes; 1.1 s; peak memory 1195 MiB.
2026-10-09T13:54:17Z INFO [4587/5000] bb656edf-0b9b-45ef-9958-cc65e873cac9: 31 internal nodes; 1.7 s; peak memory 1195 MiB.
2026-10-09T13:54:18Z INFO [4588/5000] bb65772b-1099-48cb-9bf9-d5d5f6d5c77a: 17 internal nodes; 1.2 s; peak memory 1195 MiB.
2026-10-09T13:54:19Z INFO [4589/5000] bb66aaf5-0edd-475a-95d5-35e816686375: 11 internal nodes; 0.9 s; peak memory 1195 MiB.
2026-10-09T13:54:22Z INFO [4590/5000] bb66ceec-3568-45a7-bc06-ec25956720d5: 38 internal nodes; 3.1 s; peak memory 1195 MiB.
2026-10-09T13:54:24Z INFO [4591/5000] bb66e11b-c69b-43e9-8b34-cc9c7bdf2dd2: 27 internal nodes; 1.5 s; peak memory 1195 MiB.
2026-10-09T13:54:25Z INFO [4592/5000] bb682be9-117d-4b10-af4a-712c75c563fa: 31 internal nodes; 1.7 s; peak memory 1195 MiB.
2026-10-09T13:54:35Z INFO [4593/5000] bb683056-01ca-41da-8ffa-778e070bac12: 193 internal nodes; 9.4 s; peak memory 1195 MiB.
2026-10-09T13:54:36Z INFO [4594/5000] bb6878a0-94e1-40c3-adf4-c9f591a0730e: 17 internal nodes; 1.2 s; peak memory 1195 MiB.
2026-10-09T13:54:37Z INFO [4595/5000] bb68f01a-4b79-4167-8d93-ac90d91bc9e1: 31 internal nodes; 1.5 s; peak memory 1195 MiB.
2026-10-09T13:54:39Z INFO [4596/5000] bb6b72c7-dd52-4d86-8065-7fd6fb0beba2: 27 internal nodes; 1.3 s; peak memory 1195 MiB.
2026-10-09T13:54:41Z INFO [4597/5000] bb6be536-d7d7-4f95-aaf1-86b9c2797ba4: 20 internal nodes; 1.9 s; peak memory 1195 MiB.
2026-10-09T13:54:44Z INFO [4598/5000] bb6c24a3-7c41-4839-8a57-ee169558cba5: 44 internal nodes; 3.1 s; peak memory 1195 MiB.
2026-10-09T13:54:45Z INFO [4599/5000] bb6cb4ca-f972-4f6b-9baf-750d41190c51: 19 internal nodes; 1.2 s; peak memory 1195 MiB.
2026-10-09T13:54:46Z INFO [4600/5000] bb6d55d5-98ec-42bf-b759-987aa728c7d1: 29 internal nodes; 1.2 s; peak memory 1195 MiB.
2026-10-09T13:54:47Z INFO [4600/5000] bb6d55d5-98ec-42bf-b759-987aa728c7d1: checkpointed 137237 new records.
2026-10-09T13:54:48Z INFO [4601/5000] bb6e3284-aa53-43a0-9fdf-e708cd6f60bc: 27 internal nodes; 1.4 s; peak memory 1195 MiB.
2026-10-09T13:54:49Z INFO [4602/5000] bb6e567f-7d4d-41ff-bc10-75b6ef3fc29e: 18 internal nodes; 1.2 s; peak memory 1195 MiB.
2026-10-09T13:54:51Z INFO [4603/5000] bb6e6617-6dac-4245-aaf8-dbacbcd94e79: 27 internal nodes; 1.6 s; peak memory 1195 MiB.
2026-10-09T13:54:52Z INFO [4604/5000] bb6f8992-bf39-48be-833e-27b7014dbdc9: 56 internal nodes; 1.7 s; peak memory 1195 MiB.
2026-10-09T13:55:06Z INFO [4605/5000] bb70599a-31cd-474b-9434-001f210e48ac: 286 internal nodes; 13.8 s; peak memory 1195 MiB.
2026-10-09T13:55:10Z INFO [4606/5000] bb710655-b3f0-4917-93d4-b6a6030a2302: 46 internal nodes; 3.9 s; peak memory 1195 MiB.
2026-10-09T13:55:12Z INFO [4607/5000] bb7192ae-81ad-4b01-9fbd-5f33d66bdc43: 25 internal nodes; 1.7 s; peak memory 1195 MiB.
2026-10-09T13:55:13Z INFO [4608/5000] bb72539c-11ee-4c3c-8fb6-c623e415ec54: 17 internal nodes; 1.1 s; peak memory 1195 MiB.
2026-10-09T13:55:23Z INFO [4609/5000] bb72af2e-491f-4b76-afe1-62d138dce0c7: 1966 internal nodes; 10.0 s; peak memory 1195 MiB.
2026-10-09T13:55:24Z INFO [4610/5000] bb7312ee-bebb-4676-98e1-a55e2098c845: 15 internal nodes; 1.1 s; peak memory 1195 MiB.
2026-10-09T13:55:25Z INFO [4611/5000] bb732b06-2386-4459-a08c-9a8e77fff731: 17 internal nodes; 1.2 s; peak memory 1195 MiB.
2026-10-09T13:55:26Z INFO [4612/5000] bb736dd4-e554-4ebe-9207-f638153f0fac: 17 internal nodes; 1.1 s; peak memory 1195 MiB.
2026-10-09T13:55:54Z INFO [4613/5000] bb73ffc5-a6d0-47d0-a8d9-1e9d04a5391f: 3616 internal nodes; 27.8 s; peak memory 1195 MiB.
2026-10-09T13:55:56Z INFO [4614/5000] bb7419c9-ea0a-42e8-ba10-a6151be893bc: 17 internal nodes; 1.4 s; peak memory 1195 MiB.
2026-10-09T13:55:57Z INFO [4615/5000] bb7481f3-a43b-47ec-b671-fc8ad12f8655: 13 internal nodes; 0.9 s; peak memory 1195 MiB.
2026-10-09T13:55:57Z INFO [4616/5000] bb74f6e0-e5e8-49ee-a4e5-76ed4c67250f: 11 internal nodes; 0.8 s; peak memory 1195 MiB.
2026-10-09T13:55:58Z INFO [4617/5000] bb7717d0-a8f6-47c6-9704-26c2ea16f891: 17 internal nodes; 1.1 s; peak memory 1195 MiB.
2026-10-09T13:55:59Z INFO [4618/5000] bb77723f-a2cf-483d-a4f6-5d8f7d731c44: 27 internal nodes; 0.8 s; peak memory 1195 MiB.
2026-10-09T13:56:00Z INFO [4619/5000] bb77c00d-4739-4191-83c2-1304d15854aa: 18 internal nodes; 1.0 s; peak memory 1195 MiB.
2026-10-09T13:56:03Z INFO [4620/5000] bb77e8da-fb63-45be-9942-085de1541191: 66 internal nodes; 2.5 s; peak memory 1195 MiB.
2026-10-09T13:56:04Z INFO [4621/5000] bb7824bb-afca-4e16-8e43-f8ba3300219e: 17 internal nodes; 1.2 s; peak memory 1195 MiB.
2026-10-09T13:56:05Z INFO [4622/5000] bb783c79-5083-44a2-9074-93029264c161: 28 internal nodes; 1.6 s; peak memory 1195 MiB.
2026-10-09T13:56:15Z INFO [4623/5000] bb78a631-643e-44e4-ac4a-2bf4677f442f: 179 internal nodes; 9.4 s; peak memory 1195 MiB.
2026-10-09T13:56:16Z INFO [4624/5000] bb793a84-1cd0-4da9-8662-0f3b282355ef: 17 internal nodes; 1.2 s; peak memory 1195 MiB.
2026-10-09T13:56:18Z INFO [4625/5000] bb7aa7a7-f683-439f-aed5-b3c088dd4e4f: 52 internal nodes; 2.1 s; peak memory 1195 MiB.
2026-10-09T13:56:20Z INFO [4626/5000] bb7ad024-3996-468a-92fc-247bc9d287fd: 29 internal nodes; 1.8 s; peak memory 1195 MiB.
2026-10-09T13:56:21Z INFO [4627/5000] bb7ad180-b34a-4c34-afbf-c2abd8cf62ba: 26 internal nodes; 1.3 s; peak memory 1195 MiB.
2026-10-09T13:56:23Z INFO [4628/5000] bb7bf564-ed7a-49a8-8af5-f90f68dbbecc: 61 internal nodes; 1.8 s; peak memory 1195 MiB.
2026-10-09T13:56:25Z INFO [4629/5000] bb7cfc2a-2bc9-4b7d-a857-84ffc2289d7e: 31 internal nodes; 1.6 s; peak memory 1195 MiB.
2026-10-09T13:56:26Z INFO [4630/5000] bb7d6039-4d40-459c-97b2-3db7296cf143: 17 internal nodes; 1.2 s; peak memory 1195 MiB.
2026-10-09T13:56:27Z INFO [4631/5000] bb7d7bb9-1744-4ccb-b8ca-821816860784: 17 internal nodes; 1.1 s; peak memory 1195 MiB.
2026-10-09T13:56:36Z INFO [4632/5000] bb7efcbe-cc4c-4e7c-8499-4ee1ce7e2d77: 191 internal nodes; 9.1 s; peak memory 1195 MiB.
2026-10-09T13:56:38Z INFO [4633/5000] bb7f0af9-27ad-4e47-bff6-2f7e25ef3be7: 30 internal nodes; 1.6 s; peak memory 1195 MiB.
2026-10-09T13:56:39Z INFO [4634/5000] bb7f44de-43ce-4f72-a6e5-79421445bb58: 21 internal nodes; 1.1 s; peak memory 1195 MiB.
2026-10-09T13:56:40Z INFO [4635/5000] bb7f6b30-dcb4-43cd-bb22-69098b710962: 29 internal nodes; 1.5 s; peak memory 1195 MiB.
2026-10-09T13:56:44Z INFO [4636/5000] bb7ffbe3-12fe-4e9e-bfdb-6d2ca4764170: 46 internal nodes; 3.6 s; peak memory 1195 MiB.
2026-10-09T13:56:45Z INFO [4637/5000] bb81473a-263b-4e77-aea6-c0d01a55d39d: 27 internal nodes; 1.6 s; peak memory 1195 MiB.
2026-10-09T13:56:47Z INFO [4638/5000] bb81c1cd-2914-4107-b945-f66c278b0000: 18 internal nodes; 1.5 s; peak memory 1195 MiB.
2026-10-09T13:56:50Z INFO [4639/5000] bb81d13e-71bc-466e-a353-d9c41658a915: 31 internal nodes; 3.2 s; peak memory 1195 MiB.
2026-10-09T13:56:52Z INFO [4640/5000] bb81d1b7-4cd1-4054-a542-e5a268f025ad: 26 internal nodes; 2.2 s; peak memory 1195 MiB.
2026-10-09T13:57:05Z INFO [4641/5000] bb8261d7-61fc-4480-bb2a-4df377dd4ed5: 134 internal nodes; 12.4 s; peak memory 1195 MiB.
2026-10-09T13:57:49Z INFO [4642/5000] bb82a5f1-4574-4bae-a1ee-060291063021: 366 internal nodes; 44.5 s; peak memory 1195 MiB.
2026-10-09T13:57:51Z INFO [4643/5000] bb83010a-99e5-4aaa-a13f-b1ac7ca93de7: 90 internal nodes; 1.5 s; peak memory 1195 MiB.
2026-10-09T13:57:52Z INFO [4644/5000] bb848085-9db9-4dc4-89f2-290ee9139d2d: 27 internal nodes; 1.4 s; peak memory 1195 MiB.
2026-10-09T13:57:53Z INFO [4645/5000] bb8490c9-8344-4377-98e7-dd6c89a12142: 17 internal nodes; 1.1 s; peak memory 1195 MiB.
2026-10-09T13:57:55Z INFO [4646/5000] bb84ab50-0469-434e-9fd5-2ba8418cc792: 27 internal nodes; 1.6 s; peak memory 1195 MiB.
2026-10-09T13:58:10Z INFO [4647/5000] bb84c2af-b9ae-4e98-9563-1473b345fd42: 83 internal nodes; 14.9 s; peak memory 1195 MiB.
2026-10-09T13:58:11Z INFO [4648/5000] bb84d30e-51ed-4f73-bba1-df556007c61e: 13 internal nodes; 0.9 s; peak memory 1195 MiB.
2026-10-09T13:58:12Z INFO [4649/5000] bb858dec-bfcd-47f8-b8b5-1b40c160e26d: 90 internal nodes; 1.3 s; peak memory 1195 MiB.
2026-10-09T13:58:13Z INFO [4650/5000] bb85b304-3f46-444c-bb57-3cbb8771cdd2: 25 internal nodes; 1.5 s; peak memory 1195 MiB.
2026-10-09T13:58:14Z INFO [4650/5000] bb85b304-3f46-444c-bb57-3cbb8771cdd2: checkpointed 137287 new records.
2026-10-09T13:58:15Z INFO [4651/5000] bb85b5c6-d6cc-419b-bfcc-659a10d2e856: 19 internal nodes; 1.3 s; peak memory 1195 MiB.
2026-10-09T13:58:18Z INFO [4652/5000] bb86a938-fb68-485f-ae47-e5363d2d7587: 55 internal nodes; 3.3 s; peak memory 1195 MiB.
2026-10-09T13:58:20Z INFO [4653/5000] bb87e53b-e8ed-4153-9dee-85a8ebe7588a: 16 internal nodes; 1.2 s; peak memory 1195 MiB.
2026-10-09T13:58:27Z INFO [4654/5000] bb8830e5-f1c0-42d0-a237-867bbf3a355c: 128 internal nodes; 6.9 s; peak memory 1195 MiB.
2026-10-09T13:58:30Z INFO [4655/5000] bb885353-0252-4c2f-b2b9-e846edc30150: 50 internal nodes; 3.5 s; peak memory 1195 MiB.
2026-10-09T13:58:31Z INFO [4656/5000] bb88d614-1961-411d-af8c-a613e018a315: 17 internal nodes; 1.1 s; peak memory 1195 MiB.
2026-10-09T13:58:32Z INFO [4657/5000] bb89b6c8-f63f-4d04-b492-9f3174ff4fef: 11 internal nodes; 0.8 s; peak memory 1195 MiB.
2026-10-09T13:58:33Z INFO [4658/5000] bb89eeea-ca27-4395-a97b-ca5bea55ca19: 23 internal nodes; 1.2 s; peak memory 1195 MiB.
2026-10-09T13:58:34Z INFO [4659/5000] bb8a28ec-5c04-46a6-a439-f58f92512090: 17 internal nodes; 1.1 s; peak memory 1195 MiB.
2026-10-09T13:58:37Z INFO [4660/5000] bb8a46f7-0608-4366-8611-3074ef3d167f: 44 internal nodes; 3.0 s; peak memory 1195 MiB.
2026-10-09T13:58:39Z INFO [4661/5000] bb8a497e-e21b-4489-96c1-d039c7dfa3df: 54 internal nodes; 1.3 s; peak memory 1195 MiB.
2026-10-09T13:58:40Z INFO [4662/5000] bb8a7db9-4d43-4db4-a3e3-1a9a724b2f2e: 31 internal nodes; 1.6 s; peak memory 1195 MiB.
2026-10-09T13:58:42Z INFO [4663/5000] bb8acf35-e6bb-47fe-8b9f-03238bae97a3: 31 internal nodes; 1.7 s; peak memory 1195 MiB.
2026-10-09T13:58:43Z INFO [4664/5000] bb8c55da-ac77-4816-9739-43d579af8e1e: 17 internal nodes; 1.2 s; peak memory 1195 MiB.
2026-10-09T13:58:44Z INFO [4665/5000] bb8ded4a-94d7-409c-a3cd-7db2c1abc87d: 27 internal nodes; 1.4 s; peak memory 1195 MiB.
2026-10-09T13:58:46Z INFO [4666/5000] bb8e3cab-1517-4074-9361-aedfdcbc548f: 39 internal nodes; 1.8 s; peak memory 1195 MiB.
2026-10-09T13:58:52Z INFO [4667/5000] bb8edc61-e58c-4d67-918d-99785f8c9e26: 73 internal nodes; 6.2 s; peak memory 1195 MiB.
2026-10-09T13:58:56Z INFO [4668/5000] bb8f5234-8ed6-4a6e-a00f-f9daa605d022: 53 internal nodes; 3.1 s; peak memory 1195 MiB.
2026-10-09T13:58:57Z INFO [4669/5000] bb8f6346-7458-4b07-b0e7-fb5bc62b5d91: 11 internal nodes; 1.3 s; peak memory 1195 MiB.
2026-10-09T13:58:59Z INFO [4670/5000] bb8f74ac-69e3-412f-81a1-7d1d7194b299: 30 internal nodes; 2.4 s; peak memory 1195 MiB.
2026-10-09T13:59:01Z INFO [4671/5000] bb8f76a5-c580-4799-afbe-34336e622a60: 31 internal nodes; 1.5 s; peak memory 1195 MiB.
2026-10-09T13:59:02Z INFO [4672/5000] bb9074be-b99a-431c-a074-ace3ab091bb8: 27 internal nodes; 0.9 s; peak memory 1195 MiB.
2026-10-09T13:59:03Z INFO [4673/5000] bb90a836-b6b3-474d-beb1-0f142c8de782: 17 internal nodes; 1.1 s; peak memory 1195 MiB.
2026-10-09T13:59:04Z INFO [4674/5000] bb90fc93-2800-4f7a-b448-565f5de999c9: 31 internal nodes; 1.3 s; peak memory 1195 MiB.
2026-10-09T13:59:05Z INFO [4675/5000] bb9123ff-cd8d-4ec8-8f33-82c06a211805: 17 internal nodes; 1.1 s; peak memory 1195 MiB.
2026-10-09T13:59:07Z INFO [4676/5000] bb91a165-c357-4e3f-b6aa-ceaaf2576a1d: 31 internal nodes; 1.6 s; peak memory 1195 MiB.
2026-10-09T13:59:08Z INFO [4677/5000] bb91ab39-a990-4bb6-b438-159a913c0860: 27 internal nodes; 1.3 s; peak memory 1195 MiB.
2026-10-09T13:59:11Z INFO [4678/5000] bb91c691-e189-4273-a9ad-7c0f1e026be3: 46 internal nodes; 3.4 s; peak memory 1195 MiB.
2026-10-09T13:59:13Z INFO [4679/5000] bb921793-a6f4-429f-bf54-6860b87de9a1: 55 internal nodes; 1.8 s; peak memory 1195 MiB.
2026-10-09T13:59:15Z INFO [4680/5000] bb927189-1641-4d4b-a28d-e86686224e61: 31 internal nodes; 1.5 s; peak memory 1195 MiB.
2026-10-09T13:59:17Z INFO [4681/5000] bb9348a8-032d-40d9-a7aa-6782a9515d4d: 22 internal nodes; 2.0 s; peak memory 1195 MiB.
2026-10-09T13:59:25Z INFO [4682/5000] bb934c90-1c36-48f7-bf04-164f02b25f82: 65 internal nodes; 8.6 s; peak memory 1195 MiB.
2026-10-09T13:59:27Z INFO [4683/5000] bb93930a-8612-42a5-912c-f2939fd3ddaf: 31 internal nodes; 1.3 s; peak memory 1195 MiB.
2026-10-09T13:59:28Z INFO [4684/5000] bb93c28e-c205-4e1a-aeda-155361ca898c: 30 internal nodes; 1.8 s; peak memory 1195 MiB.
2026-10-09T13:59:30Z INFO [4685/5000] bb94529a-e256-4eaa-8d00-117df38cb240: 90 internal nodes; 1.9 s; peak memory 1195 MiB.
2026-10-09T13:59:32Z INFO [4686/5000] bb94858d-8fc2-4b33-b1b5-e402a00b8238: 27 internal nodes; 1.4 s; peak memory 1195 MiB.
2026-10-09T13:59:38Z INFO [4687/5000] bb94b2a4-f863-4546-8d21-22d331ebb189: 73 internal nodes; 5.8 s; peak memory 1195 MiB.
2026-10-09T13:59:39Z INFO [4688/5000] bb94d07a-6d97-419e-b475-6d5342272ca3: 27 internal nodes; 1.4 s; peak memory 1195 MiB.
2026-10-09T13:59:40Z INFO [4689/5000] bb95e3f6-ccd5-40a7-9a0d-4d8c0a9c215d: 12 internal nodes; 1.0 s; peak memory 1195 MiB.
2026-10-09T13:59:41Z INFO [4690/5000] bb95ff18-b0e5-4209-8d71-3aaaf326b76d: 27 internal nodes; 1.3 s; peak memory 1195 MiB.
2026-10-09T13:59:43Z INFO [4691/5000] bb96873a-ef40-4b39-b7ac-28c3eb9ef068: 27 internal nodes; 1.4 s; peak memory 1195 MiB.
2026-10-09T13:59:44Z INFO [4692/5000] bb96ea5b-f280-4090-bd88-723b9f97c785: 60 internal nodes; 1.6 s; peak memory 1195 MiB.
2026-10-09T13:59:45Z INFO [4693/5000] bb96f3de-11cd-498b-99cb-d12ea7cecb06: 17 internal nodes; 1.0 s; peak memory 1195 MiB.
2026-10-09T13:59:47Z INFO [4694/5000] bb976ca8-84d7-4ff4-8e56-6e39d12adc68: 27 internal nodes; 1.3 s; peak memory 1195 MiB.
2026-10-09T13:59:49Z INFO [4695/5000] bb97bf89-9b1b-4807-a441-d600433ea6eb: 31 internal nodes; 2.1 s; peak memory 1195 MiB.
2026-10-09T13:59:51Z INFO [4696/5000] bb97c482-b0ca-457b-81b2-1822536857ca: 31 internal nodes; 1.9 s; peak memory 1195 MiB.
2026-10-09T13:59:52Z INFO [4697/5000] bb98564b-f1a2-4f63-afc4-f5b4bfa48dde: 61 internal nodes; 1.5 s; peak memory 1195 MiB.
2026-10-09T13:59:54Z INFO [4698/5000] bb986a68-9c38-4285-8ce0-8fb9e5a2ee12: 27 internal nodes; 1.4 s; peak memory 1195 MiB.
2026-10-09T13:59:55Z INFO [4699/5000] bb99ceaa-b134-41de-9de0-7fbb81edb392: 17 internal nodes; 1.1 s; peak memory 1195 MiB.
2026-10-09T13:59:57Z INFO [4700/5000] bb9a43e4-f897-4102-b189-8c2e67dc4bb8: 69 internal nodes; 2.0 s; peak memory 1195 MiB.
2026-10-09T13:59:57Z INFO [4700/5000] bb9a43e4-f897-4102-b189-8c2e67dc4bb8: checkpointed 137337 new records.
2026-10-09T14:00:02Z INFO [4701/5000] bb9a61b7-e43d-4ee0-884a-95d9cee07980: 98 internal nodes; 5.3 s; peak memory 1195 MiB.
2026-10-09T14:00:16Z INFO [4702/5000] bb9b4d20-cf1e-40f9-8d80-c3849686d06b: 75 internal nodes; 13.9 s; peak memory 1195 MiB.
2026-10-09T14:00:18Z INFO [4703/5000] bb9ca4f0-8cb4-4244-8c38-d0dd8b8819ac: 31 internal nodes; 1.9 s; peak memory 1195 MiB.
2026-10-09T14:00:20Z INFO [4704/5000] bb9d4bc4-aaae-4ffa-ac34-0901d0a205a8: 29 internal nodes; 1.7 s; peak memory 1195 MiB.
2026-10-09T14:00:21Z INFO [4705/5000] bb9d4ef5-5809-46db-bb2b-4d201c4c9e16: 17 internal nodes; 1.1 s; peak memory 1195 MiB.
2026-10-09T14:00:22Z INFO [4706/5000] bb9e202e-78c6-41f8-b3b2-30c8d560625d: 27 internal nodes; 1.4 s; peak memory 1195 MiB.
2026-10-09T14:00:24Z INFO [4707/5000] bb9f2245-31cd-40c0-b39f-1c9ca4e78ab0: 31 internal nodes; 1.5 s; peak memory 1195 MiB.
2026-10-09T14:00:25Z INFO [4708/5000] bb9f25be-5bcf-4755-a3e9-15731236762d: 27 internal nodes; 1.4 s; peak memory 1195 MiB.
2026-10-09T14:00:27Z INFO [4709/5000] bb9f5f6a-7ca9-4090-a152-3f076eae5136: 27 internal nodes; 1.5 s; peak memory 1195 MiB.
2026-10-09T14:00:38Z INFO [4710/5000] bb9f740a-0ccd-445a-8755-97382e31881b: 114 internal nodes; 11.4 s; peak memory 1195 MiB.
2026-10-09T14:00:39Z INFO [4711/5000] bb9f94ed-0307-4865-b680-e099306c2989: 11 internal nodes; 1.0 s; peak memory 1195 MiB.
2026-10-09T14:00:41Z INFO [4712/5000] bba02571-5f27-4745-a8b8-e4719590761d: 17 internal nodes; 1.3 s; peak memory 1195 MiB.
2026-10-09T14:00:42Z INFO [4713/5000] bba0a00f-46e6-433b-89a2-33730a5c0801: 27 internal nodes; 1.4 s; peak memory 1195 MiB.
2026-10-09T14:00:45Z INFO [4714/5000] bba0d0b6-c537-48c0-9178-c397ad34bba2: 44 internal nodes; 3.2 s; peak memory 1195 MiB.
2026-10-09T14:00:47Z INFO [4715/5000] bba215ca-94ba-4dd0-879e-f74182b49673: 27 internal nodes; 1.4 s; peak memory 1195 MiB.
2026-10-09T14:00:48Z INFO [4716/5000] bba272dd-f826-4b2f-98bf-549dde0e216e: 27 internal nodes; 1.5 s; peak memory 1195 MiB.
2026-10-09T14:00:49Z INFO [4717/5000] bba353a1-fd0d-4d30-b533-69f1d9b3c7bc: 17 internal nodes; 1.2 s; peak memory 1195 MiB.
2026-10-09T14:00:51Z INFO [4718/5000] bba429ed-b850-40c1-8dbc-ba40b65721ed: 23 internal nodes; 1.2 s; peak memory 1195 MiB.
2026-10-09T14:00:52Z INFO [4719/5000] bba47c5c-2774-4694-a10d-525bf5c87bf8: 17 internal nodes; 1.3 s; peak memory 1195 MiB.
2026-10-09T14:00:53Z INFO [4720/5000] bba4dee6-649b-4b85-98b5-821dc0d061f7: 17 internal nodes; 1.1 s; peak memory 1195 MiB.
2026-10-09T14:00:54Z INFO [4721/5000] bba52490-5719-481f-85ce-2c5fef6c1b51: 12 internal nodes; 1.1 s; peak memory 1195 MiB.
2026-10-09T14:01:00Z INFO [4722/5000] bba53b15-8254-46f0-acf3-b899c4d9edf9: 70 internal nodes; 6.1 s; peak memory 1195 MiB.
2026-10-09T14:01:01Z INFO [4723/5000] bba56b89-5619-4611-bb69-41a62265cffe: 17 internal nodes; 1.0 s; peak memory 1195 MiB.
2026-10-09T14:01:02Z INFO [4724/5000] bba59c08-1c38-4b13-9eb2-67affda9cd62: 6 internal nodes; 0.9 s; peak memory 1195 MiB.
2026-10-09T14:01:03Z INFO [4725/5000] bba63e60-6a0b-4120-97ae-1322614fe96c: 27 internal nodes; 1.4 s; peak memory 1195 MiB.
2026-10-09T14:01:05Z INFO [4726/5000] bba70d8d-a2df-4bfd-8e42-f598dbc2c70b: 17 internal nodes; 1.2 s; peak memory 1195 MiB.
2026-10-09T14:01:10Z INFO [4727/5000] bba7733f-03b6-44a3-afb3-d735d8061e4a: 43 internal nodes; 5.6 s; peak memory 1195 MiB.
2026-10-09T14:01:12Z INFO [4728/5000] bba7c027-269e-49fd-b188-c4804cec3c84: 27 internal nodes; 1.5 s; peak memory 1195 MiB.
2026-10-09T14:01:13Z INFO [4729/5000] bba8195a-ddcc-490f-959f-298cdc866ad5: 26 internal nodes; 1.0 s; peak memory 1195 MiB.
2026-10-09T14:01:14Z INFO [4730/5000] bba82a6d-cb1d-4421-b95a-e332b3edde6c: 27 internal nodes; 1.4 s; peak memory 1195 MiB.
2026-10-09T14:01:15Z INFO [4731/5000] bba8333b-2024-492c-9c3e-2c1c866f4015: 17 internal nodes; 1.2 s; peak memory 1195 MiB.
2026-10-09T14:01:18Z INFO [4732/5000] bba86ac8-d933-4a5b-bd7b-ad819ed8975d: 44 internal nodes; 2.5 s; peak memory 1195 MiB.
2026-10-09T14:01:19Z INFO [4733/5000] bba8ba8d-7888-4241-b7d3-a507d9fd61da: 118 internal nodes; 1.5 s; peak memory 1195 MiB.
2026-10-09T14:01:20Z INFO [4734/5000] bba9aad6-8793-4602-8941-7a22792bdffe: 17 internal nodes; 1.3 s; peak memory 1195 MiB.
2026-10-09T14:01:22Z INFO [4735/5000] bbab40e5-b42c-4895-9f76-9b070346d725: 27 internal nodes; 1.5 s; peak memory 1195 MiB.
2026-10-09T14:01:23Z INFO [4736/5000] bbab562d-430e-4931-8592-936e1a3a6947: 17 internal nodes; 1.0 s; peak memory 1195 MiB.
2026-10-09T14:01:25Z INFO [4737/5000] bbab9cae-b20e-4d86-b577-3815d2703774: 29 internal nodes; 2.1 s; peak memory 1195 MiB.
2026-10-09T14:01:27Z INFO [4738/5000] bbabd497-42b2-4a0e-8b0c-bf3454c52b40: 31 internal nodes; 2.4 s; peak memory 1195 MiB.
2026-10-09T14:01:29Z INFO [4739/5000] bbabe455-0f2f-476a-9462-8033d5aa9a32: 17 internal nodes; 1.3 s; peak memory 1195 MiB.
2026-10-09T14:01:30Z INFO [4740/5000] bbabeb41-b4b2-476a-a88f-9dd4c5d0db7a: 27 internal nodes; 1.5 s; peak memory 1195 MiB.
2026-10-09T14:01:31Z INFO [4741/5000] bbac243c-dae7-4101-87fa-36a2d917133c: 21 internal nodes; 1.1 s; peak memory 1195 MiB.
2026-10-09T14:01:32Z INFO [4742/5000] bbada803-a913-45de-bb46-e2f5d984990a: 11 internal nodes; 0.8 s; peak memory 1195 MiB.
2026-10-09T14:01:34Z INFO [4743/5000] bbaddc0f-1754-42e1-824f-7fd024a719f0: 31 internal nodes; 2.0 s; peak memory 1195 MiB.
2026-10-09T14:01:51Z INFO [4744/5000] bbae66b1-2476-438b-b241-b71f848f5a47: 128 internal nodes; 16.9 s; peak memory 1195 MiB.
2026-10-09T14:02:00Z INFO [4745/5000] bbaee441-dfc8-4679-89a8-1764d3f8bdda: 159 internal nodes; 8.7 s; peak memory 1195 MiB.
2026-10-09T14:02:02Z INFO [4746/5000] bbaf37f9-a8cd-417b-ac55-c0c4d380670f: 38 internal nodes; 1.9 s; peak memory 1195 MiB.
2026-10-09T14:02:03Z INFO [4747/5000] bbb0c339-ce53-4dd6-a97a-9393886163ee: 17 internal nodes; 1.4 s; peak memory 1195 MiB.
2026-10-09T14:02:04Z INFO [4748/5000] bbb1781c-2215-4c64-8912-e4846be7cb82: 26 internal nodes; 1.0 s; peak memory 1195 MiB.
2026-10-09T14:02:05Z INFO [4749/5000] bbb179ea-de4e-42c5-8368-80bc971ae637: 27 internal nodes; 1.4 s; peak memory 1195 MiB.
2026-10-09T14:02:06Z INFO [4750/5000] bbb210d9-84ca-4437-a510-d95bcc24c2b5: 17 internal nodes; 1.1 s; peak memory 1195 MiB.
2026-10-09T14:02:07Z INFO [4750/5000] bbb210d9-84ca-4437-a510-d95bcc24c2b5: checkpointed 137387 new records.
2026-10-09T14:02:08Z INFO [4751/5000] bbb2a771-5ef8-4702-8340-40b4fa06f8c7: 17 internal nodes; 1.3 s; peak memory 1195 MiB.
2026-10-09T14:02:10Z INFO [4752/5000] bbb36643-551e-43cf-8d50-050822f87f7d: 27 internal nodes; 1.5 s; peak memory 1195 MiB.
2026-10-09T14:02:11Z INFO [4753/5000] bbb3a5b6-7b5a-4778-8c7b-e405c8f2d62d: 17 internal nodes; 1.3 s; peak memory 1195 MiB.
2026-10-09T14:02:20Z INFO [4754/5000] bbb3de77-97e1-4eaa-a688-6e1a9b20df3d: 153 internal nodes; 9.0 s; peak memory 1195 MiB.
2026-10-09T14:02:25Z INFO [4755/5000] bbb402f3-511e-4598-8df5-88aed1b2c226: 53 internal nodes; 5.1 s; peak memory 1195 MiB.
2026-10-09T14:02:35Z INFO [4756/5000] bbb427df-72d0-4395-858e-c3dbf7a6d8ae: 246 internal nodes; 9.7 s; peak memory 1195 MiB.
2026-10-09T14:02:36Z INFO [4757/5000] bbb46579-e62f-49c0-93fc-c8801d4b540a: 17 internal nodes; 1.3 s; peak memory 1195 MiB.
2026-10-09T14:02:39Z INFO [4758/5000] bbb478ce-56b7-47cd-a548-40bc374a2439: 45 internal nodes; 3.2 s; peak memory 1195 MiB.
2026-10-09T14:02:41Z INFO [4759/5000] bbb48ac5-7077-42a1-b6d0-ed87812ff813: 17 internal nodes; 1.1 s; peak memory 1195 MiB.
2026-10-09T14:02:52Z INFO [4760/5000] bbb4c81d-1ce9-4466-be39-e162a27d7424: 63 internal nodes; 11.8 s; peak memory 1195 MiB.
2026-10-09T14:02:53Z INFO [4761/5000] bbb5e297-dd4e-413f-b0d9-39b65c1e69dd: 17 internal nodes; 1.2 s; peak memory 1195 MiB.
2026-10-09T14:02:55Z INFO [4762/5000] bbb61785-58f4-43c6-a957-9a88248865c0: 18 internal nodes; 1.7 s; peak memory 1195 MiB.
2026-10-09T14:02:57Z INFO [4763/5000] bbb648b5-ac06-4711-b272-e2efdc87da3d: 115 internal nodes; 1.5 s; peak memory 1195 MiB.
2026-10-09T14:02:58Z INFO [4764/5000] bbb6892f-eb12-48ed-bb1b-cbb1ac3c47b7: 20 internal nodes; 1.1 s; peak memory 1195 MiB.
2026-10-09T14:03:07Z INFO [4765/5000] bbb6af83-a591-484d-ac9a-8933fc632fa6: 193 internal nodes; 9.3 s; peak memory 1195 MiB.
2026-10-09T14:03:09Z INFO [4766/5000] bbb7040d-201d-484e-b21b-10a0ea8c6249: 28 internal nodes; 2.1 s; peak memory 1195 MiB.
2026-10-09T14:03:11Z INFO [4767/5000] bbb86f7e-eb64-4a86-a42c-9c92624ae8aa: 24 internal nodes; 2.0 s; peak memory 1195 MiB.
2026-10-09T14:03:12Z INFO [4768/5000] bbb87055-69e8-4b3a-af19-2c9df0877294: 19 internal nodes; 1.1 s; peak memory 1195 MiB.
2026-10-09T14:03:14Z INFO [4769/5000] bbb97bf8-948f-4f7c-be2a-073beee708c5: 14 internal nodes; 1.5 s; peak memory 1195 MiB.
2026-10-09T14:03:15Z INFO [4770/5000] bbba5545-3ccb-497f-a5ea-fc14fd5ca916: 27 internal nodes; 1.5 s; peak memory 1195 MiB.
2026-10-09T14:03:40Z INFO [4771/5000] bbbabc60-8def-4063-9731-1e80828508ea: 1915 internal nodes; 24.3 s; peak memory 1195 MiB.
2026-10-09T14:03:41Z INFO [4772/5000] bbbae155-2c21-4e62-b88a-bd328a01eff5: 17 internal nodes; 1.2 s; peak memory 1195 MiB.
2026-10-09T14:03:42Z INFO [4773/5000] bbbb2667-e84f-4269-b9aa-ad61454ae8ff: 26 internal nodes; 1.0 s; peak memory 1195 MiB.
2026-10-09T14:03:43Z INFO [4774/5000] bbbb4d61-b33c-4762-993f-b37b366532f2: 18 internal nodes; 1.1 s; peak memory 1195 MiB.
2026-10-09T14:03:46Z INFO [4775/5000] bbbb9652-4de7-4a04-8155-b8f392e6fe5e: 45 internal nodes; 2.8 s; peak memory 1195 MiB.
2026-10-09T14:03:49Z INFO [4776/5000] bbbbbdcd-cced-4e24-8cb9-82d1cc24814e: 44 internal nodes; 3.4 s; peak memory 1195 MiB.
2026-10-09T14:03:50Z INFO [4777/5000] bbbbc7fa-eba7-4088-af3a-0825b6c374bf: 17 internal nodes; 1.2 s; peak memory 1195 MiB.
2026-10-09T14:03:51Z INFO [4778/5000] bbbff89c-6a6c-4f6f-9be6-361fda8e3fef: 17 internal nodes; 1.1 s; peak memory 1195 MiB.
2026-10-09T14:03:55Z INFO [4779/5000] bbc14995-46bd-479a-88cf-c5c12a357a44: 47 internal nodes; 3.5 s; peak memory 1195 MiB.
2026-10-09T14:03:57Z INFO [4780/5000] bbc1d3c8-49c9-41b0-87a8-75ba6a24de9f: 56 internal nodes; 1.7 s; peak memory 1195 MiB.
2026-10-09T14:03:57Z INFO [4781/5000] bbc23d01-61c1-484f-9005-af35ed710d01: 26 internal nodes; 0.9 s; peak memory 1195 MiB.
2026-10-09T14:03:59Z INFO [4782/5000] bbc2467b-d43f-4ce0-bf3b-48d86231f44a: 29 internal nodes; 1.7 s; peak memory 1195 MiB.
2026-10-09T14:04:00Z INFO [4783/5000] bbc339fe-70b5-4957-bfba-c5b8fdd82a53: 17 internal nodes; 1.2 s; peak memory 1195 MiB.
2026-10-09T14:04:02Z INFO [4784/5000] bbc44bf0-3fb0-4663-b953-2d5e50e4eaa7: 27 internal nodes; 1.3 s; peak memory 1195 MiB.
2026-10-09T14:04:03Z INFO [4785/5000] bbc4e6fa-312a-4c9b-90ce-121b350d649b: 13 internal nodes; 1.5 s; peak memory 1195 MiB.
2026-10-09T14:04:13Z INFO [4786/5000] bbc55382-1ebc-4b76-9d28-0bc1259971b8: 44 internal nodes; 10.1 s; peak memory 1195 MiB.
2026-10-09T14:04:15Z INFO [4787/5000] bbc5eb90-6706-42dd-94df-98c53cb5fb57: 23 internal nodes; 1.7 s; peak memory 1195 MiB.
2026-10-09T14:04:17Z INFO [4788/5000] bbc66920-1a28-4a61-97af-325bb6e29a88: 69 internal nodes; 1.8 s; peak memory 1195 MiB.
2026-10-09T14:04:19Z INFO [4789/5000] bbc769e1-3522-4a88-88cd-6b2aa2feed60: 23 internal nodes; 2.3 s; peak memory 1195 MiB.
2026-10-09T14:04:20Z INFO [4790/5000] bbc7edc0-6ffb-4d73-990b-1ec19d4ce61d: 90 internal nodes; 1.3 s; peak memory 1195 MiB.
2026-10-09T14:04:21Z INFO [4791/5000] bbc91f10-d7b5-4448-8987-dc6a2867ec0e: 17 internal nodes; 0.9 s; peak memory 1195 MiB.
2026-10-09T14:04:23Z INFO [4792/5000] bbc9c608-afc5-4476-8626-0833f369b91c: 31 internal nodes; 1.5 s; peak memory 1195 MiB.
2026-10-09T14:04:24Z INFO [4793/5000] bbca8939-a83f-42bf-84e3-8279de9705cf: 17 internal nodes; 1.2 s; peak memory 1195 MiB.
2026-10-09T14:04:25Z INFO [4794/5000] bbcacaf0-945a-4d8d-8c9b-7802558884f0: 27 internal nodes; 1.5 s; peak memory 1195 MiB.
2026-10-09T14:04:29Z INFO [4795/5000] bbcb0a80-d1fc-47d6-99fa-1feefb68196d: 44 internal nodes; 3.4 s; peak memory 1195 MiB.
2026-10-09T14:04:31Z INFO [4796/5000] bbcd2952-d561-41fe-bc00-d7bccc13e108: 60 internal nodes; 1.6 s; peak memory 1195 MiB.
2026-10-09T14:04:34Z INFO [4797/5000] bbcdfa40-eb94-4c5f-b31e-b84200d5e4aa: 55 internal nodes; 3.2 s; peak memory 1195 MiB.
2026-10-09T14:04:35Z INFO [4798/5000] bbceb3dc-1a83-4ce7-8479-7f336f43952e: 22 internal nodes; 1.6 s; peak memory 1195 MiB.
2026-10-09T14:04:37Z INFO [4799/5000] bbd00e69-5f1a-443b-a615-3e6cb3229ff2: 31 internal nodes; 1.7 s; peak memory 1195 MiB.
2026-10-09T14:04:38Z INFO [4800/5000] bbd033d6-be03-4b3e-8f17-bbdcf7690ac9: 115 internal nodes; 1.5 s; peak memory 1195 MiB.
2026-10-09T14:04:39Z INFO [4800/5000] bbd033d6-be03-4b3e-8f17-bbdcf7690ac9: checkpointed 137437 new records.
2026-10-09T14:04:40Z INFO [4801/5000] bbd173da-dc77-4538-95f4-1fb46a4ee13e: 27 internal nodes; 1.3 s; peak memory 1195 MiB.
2026-10-09T14:04:42Z INFO [4802/5000] bbd194ea-5461-45ad-93ed-c9e8e3c86bd2: 27 internal nodes; 1.6 s; peak memory 1195 MiB.
2026-10-09T14:04:44Z INFO [4803/5000] bbd1e3d5-63c4-436a-8515-1871305bd84d: 33 internal nodes; 2.1 s; peak memory 1195 MiB.
2026-10-09T14:04:46Z INFO [4804/5000] bbd293e9-4aae-44fb-a80d-aff67aba2250: 27 internal nodes; 1.6 s; peak memory 1195 MiB.
2026-10-09T14:04:47Z INFO [4805/5000] bbd3095c-07aa-4a56-8151-bde91885d91a: 17 internal nodes; 1.2 s; peak memory 1195 MiB.
2026-10-09T14:04:48Z INFO [4806/5000] bbd37042-b994-4a7e-bcad-1509548c47f0: 17 internal nodes; 1.2 s; peak memory 1195 MiB.
2026-10-09T14:04:54Z INFO [4807/5000] bbd397fa-ca16-49fe-b6c7-70e70620d28b: 73 internal nodes; 6.1 s; peak memory 1195 MiB.
2026-10-09T14:04:57Z INFO [4808/5000] bbd411ee-0ca7-4b19-be9b-649f857157ac: 44 internal nodes; 3.2 s; peak memory 1195 MiB.
2026-10-09T14:04:59Z INFO [4809/5000] bbd4ca35-9f7a-4b92-a799-1bf5c23eb0f5: 36 internal nodes; 1.8 s; peak memory 1195 MiB.
2026-10-09T14:05:00Z INFO [4810/5000] bbd501c6-c2d7-4ac5-b52c-5adce836b8e2: 27 internal nodes; 1.5 s; peak memory 1195 MiB.
2026-10-09T14:05:01Z INFO [4811/5000] bbd5047f-c36a-4acc-9b14-2c71c7a7b19c: 17 internal nodes; 1.0 s; peak memory 1195 MiB.
2026-10-09T14:05:03Z INFO [4812/5000] bbd5d9b9-5b2f-4667-afbb-c81e45a02996: 17 internal nodes; 1.2 s; peak memory 1195 MiB.
2026-10-09T14:05:04Z INFO [4813/5000] bbd69f32-92b0-42b1-b823-69912d008648: 17 internal nodes; 1.2 s; peak memory 1195 MiB.
2026-10-09T14:05:05Z INFO [4814/5000] bbd6e36e-bcfc-4cd7-8075-e8111137af8a: 18 internal nodes; 1.0 s; peak memory 1195 MiB.
2026-10-09T14:05:12Z INFO [4815/5000] bbd77e9b-b5aa-44db-b492-38557f746aa8: 61 internal nodes; 7.6 s; peak memory 1195 MiB.
2026-10-09T14:05:13Z INFO [4816/5000] bbd81ddd-b96b-4624-bdf2-1a2315f6a49e: 17 internal nodes; 0.9 s; peak memory 1195 MiB.
2026-10-09T14:05:15Z INFO [4817/5000] bbd83e69-e005-4374-ad23-4af1d909a563: 83 internal nodes; 1.6 s; peak memory 1195 MiB.
2026-10-09T14:05:17Z INFO [4818/5000] bbd8641e-5c68-40a1-8580-3e22e4d3bd84: 26 internal nodes; 1.8 s; peak memory 1195 MiB.
2026-10-09T14:05:19Z INFO [4819/5000] bbd87c36-879d-4a2f-8be9-2dfae42c9f44: 59 internal nodes; 1.8 s; peak memory 1195 MiB.
2026-10-09T14:05:20Z INFO [4820/5000] bbd9a1d1-a278-4dd5-a69c-1ad54bea7eee: 27 internal nodes; 1.5 s; peak memory 1195 MiB.
2026-10-09T14:05:23Z INFO [4821/5000] bbda2a65-a281-4a3a-9426-5ceeea8c7ee5: 44 internal nodes; 3.1 s; peak memory 1195 MiB.
2026-10-09T14:05:25Z INFO [4822/5000] bbdbd67b-1707-4fc5-b566-01f1eb1604d0: 25 internal nodes; 1.6 s; peak memory 1195 MiB.
2026-10-09T14:05:26Z INFO [4823/5000] bbdbd9f7-ae4c-4a56-a6a2-4b9c8324210d: 31 internal nodes; 1.8 s; peak memory 1195 MiB.
2026-10-09T14:05:27Z INFO [4824/5000] bbdd7758-bc13-4a5e-a089-5b85af5f9cab: 11 internal nodes; 0.8 s; peak memory 1195 MiB.
2026-10-09T14:05:29Z INFO [4825/5000] bbdd93a6-f887-4b50-aefd-90ec3ca9ac0d: 38 internal nodes; 1.8 s; peak memory 1195 MiB.
2026-10-09T14:05:31Z INFO [4826/5000] bbdda544-126d-4a2a-94f0-7c27f4bd581f: 29 internal nodes; 1.8 s; peak memory 1195 MiB.
2026-10-09T14:05:32Z INFO [4827/5000] bbddfc79-18c2-4ffe-a684-223488f25480: 28 internal nodes; 1.3 s; peak memory 1195 MiB.
2026-10-09T14:05:34Z INFO [4828/5000] bbde84ad-8534-4fcd-a7a3-78637c42b7b7: 27 internal nodes; 1.4 s; peak memory 1195 MiB.
2026-10-09T14:05:40Z INFO [4829/5000] bbde997a-6f93-4557-87dc-50ae6143f901: 96 internal nodes; 6.0 s; peak memory 1195 MiB.
2026-10-09T14:05:41Z INFO [4830/5000] bbde9e2a-4241-4df4-8f51-79a7dbb722f8: 18 internal nodes; 1.3 s; peak memory 1195 MiB.
2026-10-09T14:05:54Z INFO [4831/5000] bbe11c28-9f09-4d5e-aa9e-5b0f0040137b: 286 internal nodes; 13.4 s; peak memory 1195 MiB.
2026-10-09T14:06:01Z INFO [4832/5000] bbe1c0d0-c96c-4f6d-9bf1-64546a835d25: 131 internal nodes; 6.9 s; peak memory 1195 MiB.
2026-10-09T14:06:02Z INFO [4833/5000] bbe273bc-7ae9-4a4a-8645-87eb12cc4b52: 27 internal nodes; 1.0 s; peak memory 1195 MiB.
2026-10-09T14:06:05Z INFO [4834/5000] bbe2a140-5cc9-44e2-91f7-a37ccad48f10: 25 internal nodes; 2.5 s; peak memory 1195 MiB.
2026-10-09T14:06:07Z INFO [4835/5000] bbe34c85-041c-4dc5-9511-7225d7057d95: 61 internal nodes; 2.7 s; peak memory 1195 MiB.
2026-10-09T14:06:20Z INFO [4836/5000] bbe45fa5-c8aa-4dfd-a8fa-d64071b3c600: 71 internal nodes; 12.9 s; peak memory 1195 MiB.
2026-10-09T14:06:22Z INFO [4837/5000] bbe48f2b-7f36-4eea-a285-95e5d793d3b1: 17 internal nodes; 1.2 s; peak memory 1195 MiB.
2026-10-09T14:06:23Z INFO [4838/5000] bbe61823-b097-41fe-a98c-009414794caf: 17 internal nodes; 1.1 s; peak memory 1195 MiB.
2026-10-09T14:06:24Z INFO [4839/5000] bbe63cfd-dc0c-4e03-b655-9c9c44c8fa09: 27 internal nodes; 1.5 s; peak memory 1195 MiB.
2026-10-09T14:06:26Z INFO [4840/5000] bbe653c1-20e9-41dc-98d4-05969312250f: 58 internal nodes; 1.8 s; peak memory 1195 MiB.
2026-10-09T14:06:28Z INFO [4841/5000] bbe6be71-a2bd-4540-857f-b40d7b29db95: 22 internal nodes; 1.6 s; peak memory 1195 MiB.
2026-10-09T14:06:29Z INFO [4842/5000] bbe6e118-58fe-404d-8107-4a9b133d6bdc: 27 internal nodes; 1.4 s; peak memory 1195 MiB.
2026-10-09T14:06:39Z INFO [4843/5000] bbe8863a-ea0b-4061-9dfd-05a49eee568c: 244 internal nodes; 10.2 s; peak memory 1195 MiB.
2026-10-09T14:06:40Z INFO [4844/5000] bbe90bdc-3094-4fd0-a791-b2dd0bd9f9f8: 11 internal nodes; 1.0 s; peak memory 1195 MiB.
2026-10-09T14:06:42Z INFO [4845/5000] bbe9b16b-614d-4aa0-96c9-04922e7bcf85: 27 internal nodes; 1.6 s; peak memory 1195 MiB.
2026-10-09T14:06:44Z INFO [4846/5000] bbea58a7-673b-4219-82ef-8df12b2c5bdb: 30 internal nodes; 2.4 s; peak memory 1195 MiB.
2026-10-09T14:06:45Z INFO [4847/5000] bbeaa76c-bdc5-4388-901c-be87b27d122b: 27 internal nodes; 1.4 s; peak memory 1195 MiB.
2026-10-09T14:06:58Z INFO [4848/5000] bbecd867-8414-4399-b912-20f56b14833e: 235 internal nodes; 12.2 s; peak memory 1195 MiB.
2026-10-09T14:07:01Z INFO [4849/5000] bbed461e-fcd1-4765-873e-d9fef3047c5c: 40 internal nodes; 3.5 s; peak memory 1195 MiB.
2026-10-09T14:07:03Z INFO [4850/5000] bbed6265-fd8f-4a77-bcf9-4310b4ac6215: 31 internal nodes; 1.9 s; peak memory 1195 MiB.
2026-10-09T14:07:04Z INFO [4850/5000] bbed6265-fd8f-4a77-bcf9-4310b4ac6215: checkpointed 137487 new records.
2026-10-09T14:07:06Z INFO [4851/5000] bbee3217-43d8-421e-9165-ca68aaf9d86b: 21 internal nodes; 2.3 s; peak memory 1195 MiB.
2026-10-09T14:07:14Z INFO [4852/5000] bbef8b2a-07d0-4bf1-acfd-e89f640c683f: 62 internal nodes; 8.6 s; peak memory 1195 MiB.
2026-10-09T14:07:16Z INFO [4853/5000] bbf0b1da-0ba9-4d45-a999-80f99f3caaf9: 17 internal nodes; 1.2 s; peak memory 1195 MiB.
2026-10-09T14:07:17Z INFO [4854/5000] bbf10cd0-db03-4393-8878-5586ff9f41b8: 26 internal nodes; 1.5 s; peak memory 1195 MiB.
2026-10-09T14:07:22Z INFO [4855/5000] bbf17964-78c0-4055-acb5-712ec733ead6: 55 internal nodes; 4.7 s; peak memory 1195 MiB.
2026-10-09T14:07:23Z INFO [4856/5000] bbf180ca-be77-4822-b53a-096c11ace27a: 19 internal nodes; 1.4 s; peak memory 1195 MiB.
2026-10-09T14:07:25Z INFO [4857/5000] bbf23dc4-d515-4cd9-b82d-103a7d9dbecb: 27 internal nodes; 1.4 s; peak memory 1195 MiB.
2026-10-09T14:07:26Z INFO [4858/5000] bbf2732e-de07-4e49-a502-210b92a26c0e: 27 internal nodes; 1.6 s; peak memory 1195 MiB.
2026-10-09T14:07:27Z INFO [4859/5000] bbf3bea1-fc92-473a-84af-0eb2be110479: 26 internal nodes; 1.2 s; peak memory 1195 MiB.
2026-10-09T14:07:29Z INFO [4860/5000] bbf4bd07-4cfe-4e90-b764-7c06bb8a22d7: 60 internal nodes; 1.7 s; peak memory 1195 MiB.
2026-10-09T14:07:46Z INFO [4861/5000] bbf4e3b8-8543-40d7-aec2-caa6a4b7bb64: 262 internal nodes; 16.5 s; peak memory 1195 MiB.
2026-10-09T14:07:52Z INFO [4862/5000] bbf510be-5a5b-494f-ad0a-8fb86c98f3ae: 70 internal nodes; 6.7 s; peak memory 1195 MiB.
2026-10-09T14:07:54Z INFO [4863/5000] bbf52625-ec85-4c00-ad7c-ec5f42231575: 17 internal nodes; 1.3 s; peak memory 1195 MiB.
2026-10-09T14:07:58Z INFO [4864/5000] bbf5fb9c-ca67-4e1e-8b77-f8136379d0d4: 37 internal nodes; 4.0 s; peak memory 1195 MiB.
2026-10-09T14:07:59Z INFO [4865/5000] bbf6f2e4-c383-4cdb-8809-5776b6f3542c: 18 internal nodes; 1.0 s; peak memory 1195 MiB.
2026-10-09T14:08:00Z INFO [4866/5000] bbf7521e-a9e2-4f60-acae-09705f44a59f: 19 internal nodes; 1.3 s; peak memory 1195 MiB.
2026-10-09T14:08:05Z INFO [4867/5000] bbf7e592-a273-40be-801d-1d5203768f4c: 103 internal nodes; 4.9 s; peak memory 1195 MiB.
2026-10-09T14:08:07Z INFO [4868/5000] bbf9cb7f-4e42-431c-b2d4-5b55fffe2b6f: 72 internal nodes; 2.4 s; peak memory 1195 MiB.
2026-10-09T14:08:08Z INFO [4869/5000] bbfb73c8-e7b4-4dee-b762-11d2b7871e2a: 17 internal nodes; 1.2 s; peak memory 1195 MiB.
2026-10-09T14:08:14Z INFO [4870/5000] bbfb7bd2-9986-44fb-bfd2-51ae77e88a5d: 26 internal nodes; 5.2 s; peak memory 1195 MiB.
2026-10-09T14:08:17Z INFO [4871/5000] bbfbaaa8-17fb-4473-a589-31c13cb6a143: 32 internal nodes; 2.9 s; peak memory 1195 MiB.
2026-10-09T14:08:18Z INFO [4872/5000] bbfc1358-23ea-4245-b052-582e22a4b0cf: 60 internal nodes; 1.8 s; peak memory 1195 MiB.
2026-10-09T14:08:31Z INFO [4873/5000] bbfc6894-f38e-4895-92e1-5614ff0a04eb: 75 internal nodes; 12.5 s; peak memory 1195 MiB.
2026-10-09T14:08:33Z INFO [4874/5000] bbfd1073-fb2f-4136-834d-1f3ff8874580: 31 internal nodes; 2.0 s; peak memory 1195 MiB.
2026-10-09T14:08:34Z INFO [4875/5000] bbfd6aec-160c-4fec-a576-5146683a6faa: 17 internal nodes; 1.1 s; peak memory 1195 MiB.
2026-10-09T14:08:37Z INFO [4876/5000] bbfdb4e5-2e93-4932-aba6-fa8564bae8b4: 38 internal nodes; 2.8 s; peak memory 1195 MiB.
2026-10-09T14:08:38Z INFO [4877/5000] bbfe227a-936d-48d5-9111-53a4c668f4f1: 17 internal nodes; 1.3 s; peak memory 1195 MiB.
2026-10-09T14:08:49Z INFO [4878/5000] bbff3d80-80b2-48b5-92b3-3d7034057659: 66 internal nodes; 10.8 s; peak memory 1195 MiB.
2026-10-09T14:08:50Z INFO [4879/5000] bc00883d-2393-4dc8-8ac4-7f800e1684e6: 27 internal nodes; 1.4 s; peak memory 1195 MiB.
2026-10-09T14:08:52Z INFO [4880/5000] bc00d9ab-01ce-43cf-b713-940aab9066e5: 20 internal nodes; 2.1 s; peak memory 1195 MiB.
2026-10-09T14:08:55Z INFO [4881/5000] bc012f89-21ff-4eee-be5a-df84b63b0460: 61 internal nodes; 2.1 s; peak memory 1195 MiB.
2026-10-09T14:09:06Z INFO [4882/5000] bc017b29-bc03-47b5-bffa-11096e1df5b9: 312 internal nodes; 11.6 s; peak memory 1195 MiB.
2026-10-09T14:09:08Z INFO [4883/5000] bc0212a0-97c2-4e6f-991d-f4e7e5b9dd39: 28 internal nodes; 1.8 s; peak memory 1195 MiB.
2026-10-09T14:09:09Z INFO [4884/5000] bc02246d-387f-4f82-8c37-931fb1b0c127: 17 internal nodes; 1.2 s; peak memory 1195 MiB.
2026-10-09T14:09:11Z INFO [4885/5000] bc031f61-6a9c-43d5-9945-be88e8b92de7: 30 internal nodes; 1.6 s; peak memory 1195 MiB.
2026-10-09T14:09:12Z INFO [4886/5000] bc037c01-50a2-4cb8-962c-c84fe5b1316d: 27 internal nodes; 1.4 s; peak memory 1195 MiB.
2026-10-09T14:09:24Z INFO [4887/5000] bc046cef-3cf2-414d-af60-0e36ae1b0a36: 87 internal nodes; 12.3 s; peak memory 1195 MiB.
2026-10-09T14:09:26Z INFO [4888/5000] bc05dd5b-56da-42eb-8258-96b96c3d58a1: 27 internal nodes; 1.6 s; peak memory 1195 MiB.
2026-10-09T14:09:28Z INFO [4889/5000] bc05e007-91b2-44f1-a938-358677f0c500: 27 internal nodes; 1.6 s; peak memory 1195 MiB.
2026-10-09T14:09:35Z INFO [4890/5000] bc065c0f-03d0-4691-8dff-1aee1351789b: 163 internal nodes; 7.2 s; peak memory 1195 MiB.
2026-10-09T14:09:36Z INFO [4891/5000] bc0698c5-47c2-4b79-ab05-22c01a853589: 13 internal nodes; 1.3 s; peak memory 1195 MiB.
2026-10-09T14:09:37Z INFO [4892/5000] bc06b465-79ac-4440-97aa-c05453fd86f6: 17 internal nodes; 1.2 s; peak memory 1195 MiB.
2026-10-09T14:09:39Z INFO [4893/5000] bc075a0a-19c2-4c1e-b0bb-b553e623f603: 27 internal nodes; 1.6 s; peak memory 1195 MiB.
2026-10-09T14:09:40Z INFO [4894/5000] bc07d507-2841-49c5-a4b9-105f076909ae: 13 internal nodes; 1.4 s; peak memory 1195 MiB.
2026-10-09T14:10:02Z INFO [4895/5000] bc07dcd8-46a2-4aff-b1cf-327caf06ebfa: 135 internal nodes; 21.4 s; peak memory 1195 MiB.
2026-10-09T14:10:03Z INFO [4896/5000] bc07fe47-5986-42f5-acf3-2d721bf480bb: 17 internal nodes; 1.4 s; peak memory 1195 MiB.
2026-10-09T14:10:05Z INFO [4897/5000] bc091db1-ab6c-4241-8570-57aa2ee3bfc5: 31 internal nodes; 1.8 s; peak memory 1195 MiB.
2026-10-09T14:10:22Z INFO [4898/5000] bc092ef9-5de0-402b-9a22-b1128234fa0e: 142 internal nodes; 17.5 s; peak memory 1195 MiB.
2026-10-09T14:10:23Z INFO [4899/5000] bc097dcb-1b66-42f6-b88e-f69478082cc1: 17 internal nodes; 1.1 s; peak memory 1195 MiB.
2026-10-09T14:10:25Z INFO [4900/5000] bc09c65e-64b6-476a-bd0a-8f9c38c5b9f8: 119 internal nodes; 1.5 s; peak memory 1195 MiB.
2026-10-09T14:10:26Z INFO [4900/5000] bc09c65e-64b6-476a-bd0a-8f9c38c5b9f8: checkpointed 137537 new records.
2026-10-09T14:10:27Z INFO [4901/5000] bc09e6f8-e26b-4a85-a6e7-ed7bace442fc: 17 internal nodes; 1.3 s; peak memory 1195 MiB.
2026-10-09T14:10:29Z INFO [4902/5000] bc0a09fa-b7ae-45c2-a48e-2626153ed846: 31 internal nodes; 2.1 s; peak memory 1195 MiB.
2026-10-09T14:10:30Z INFO [4903/5000] bc0a0b2e-c490-4635-a2c0-677cdb02b91b: 11 internal nodes; 0.8 s; peak memory 1195 MiB.
2026-10-09T14:10:31Z INFO [4904/5000] bc0a1bae-3df1-423c-9a65-16bd9b3f7aae: 19 internal nodes; 1.2 s; peak memory 1195 MiB.
2026-10-09T14:10:32Z INFO [4905/5000] bc0c4477-127d-48f7-a5a7-3791c5016678: 17 internal nodes; 1.2 s; peak memory 1195 MiB.
2026-10-09T14:10:34Z INFO [4906/5000] bc0cc7cc-e8a1-43b1-bba5-b79299eeea73: 27 internal nodes; 1.4 s; peak memory 1195 MiB.
2026-10-09T14:10:34Z INFO [4907/5000] bc0d321a-3be4-4507-af4b-1ad3f881a08b: 11 internal nodes; 1.0 s; peak memory 1195 MiB.
2026-10-09T14:10:36Z INFO [4908/5000] bc0d46fb-881d-4abb-8efc-d63408cdf7d8: 28 internal nodes; 1.8 s; peak memory 1195 MiB.
2026-10-09T14:10:37Z INFO [4909/5000] bc0d804c-6487-4a98-8793-8b86421656aa: 17 internal nodes; 1.1 s; peak memory 1195 MiB.
2026-10-09T14:10:38Z INFO [4910/5000] bc0dee4c-23cb-4f70-8c34-d1cd67921461: 17 internal nodes; 0.9 s; peak memory 1195 MiB.
2026-10-09T14:10:40Z INFO [4911/5000] bc0e3db5-f58f-4494-8fb0-10854ca22da8: 31 internal nodes; 2.1 s; peak memory 1195 MiB.
2026-10-09T14:10:51Z INFO [4912/5000] bc0e720f-8391-49ae-9489-1abe527edd5a: 221 internal nodes; 10.3 s; peak memory 1195 MiB.
2026-10-09T14:10:52Z INFO [4913/5000] bc0ff979-b042-4d2f-bb88-2240b9e4d0b8: 17 internal nodes; 1.1 s; peak memory 1195 MiB.
2026-10-09T14:10:53Z INFO [4914/5000] bc1010ee-e57b-4bb6-9f9d-cc0483b87081: 19 internal nodes; 1.4 s; peak memory 1195 MiB.
2026-10-09T14:10:55Z INFO [4915/5000] bc102062-81bc-4799-811e-189ef65521cb: 66 internal nodes; 1.9 s; peak memory 1195 MiB.
2026-10-09T14:10:57Z INFO [4916/5000] bc1027d0-084c-4dc4-8d87-1088148e7fdc: 31 internal nodes; 2.0 s; peak memory 1195 MiB.
2026-10-09T14:10:59Z INFO [4917/5000] bc113b24-957d-4ec1-8c01-47b9cbe58071: 27 internal nodes; 1.5 s; peak memory 1195 MiB.
2026-10-09T14:11:00Z INFO [4918/5000] bc12aa24-d05e-4852-9d33-c6bc28da35ab: 17 internal nodes; 1.3 s; peak memory 1195 MiB.
2026-10-09T14:11:01Z INFO [4919/5000] bc12d45e-9ecf-4442-afd5-c4ad958431c7: 41 internal nodes; 1.6 s; peak memory 1195 MiB.
2026-10-09T14:11:03Z INFO [4920/5000] bc12ea63-087c-48e5-950a-67f372c33c5e: 13 internal nodes; 1.0 s; peak memory 1195 MiB.
2026-10-09T14:11:04Z INFO [4921/5000] bc131827-fcfa-44c5-92b3-dca147b5e063: 19 internal nodes; 1.1 s; peak memory 1195 MiB.
2026-10-09T14:11:11Z INFO [4922/5000] bc131ef4-36f5-4a38-85a6-87c2c3300154: 168 internal nodes; 7.5 s; peak memory 1195 MiB.
2026-10-09T14:11:13Z INFO [4923/5000] bc134022-8e00-46aa-8ba7-ea181dc0e902: 26 internal nodes; 1.8 s; peak memory 1195 MiB.
2026-10-09T14:11:14Z INFO [4924/5000] bc1397af-1892-4dc9-8bc4-1b1b1fd818ef: 17 internal nodes; 0.9 s; peak memory 1195 MiB.
2026-10-09T14:11:17Z INFO [4925/5000] bc13a60a-fc05-4eb9-9021-1e926d5ac02b: 49 internal nodes; 3.3 s; peak memory 1195 MiB.
2026-10-09T14:11:19Z INFO [4926/5000] bc140b8f-0071-4659-87c2-d8556c6018c7: 27 internal nodes; 2.3 s; peak memory 1195 MiB.
2026-10-09T14:11:22Z INFO [4927/5000] bc14bb2a-e71b-4f9d-a9ea-9adb66c05145: 44 internal nodes; 2.5 s; peak memory 1195 MiB.
2026-10-09T14:11:23Z INFO [4928/5000] bc154f3d-6491-454d-a94d-decc7283c060: 11 internal nodes; 0.8 s; peak memory 1195 MiB.
2026-10-09T14:11:25Z INFO [4929/5000] bc158371-e00d-43cf-9491-0d1cd32b1491: 72 internal nodes; 2.3 s; peak memory 1195 MiB.
2026-10-09T14:11:26Z INFO [4930/5000] bc15c15e-9616-4b6f-8266-97bffbf6b24e: 17 internal nodes; 1.3 s; peak memory 1195 MiB.
2026-10-09T14:11:28Z INFO [4931/5000] bc160037-5aed-45bb-aa72-45b0793795cd: 27 internal nodes; 1.5 s; peak memory 1195 MiB.
2026-10-09T14:11:29Z INFO [4932/5000] bc163652-3dfe-434b-9c0e-a9a7c9a34d42: 29 internal nodes; 1.6 s; peak memory 1195 MiB.
2026-10-09T14:11:31Z INFO [4933/5000] bc1823d1-d2b2-4367-bfde-21cc2215a2e7: 17 internal nodes; 1.2 s; peak memory 1195 MiB.
2026-10-09T14:11:32Z INFO [4934/5000] bc18a86a-3ee8-46c0-9ae6-820883bd1363: 11 internal nodes; 1.2 s; peak memory 1195 MiB.
2026-10-09T14:11:33Z INFO [4935/5000] bc19e894-248f-4c47-85f4-74490682d08b: 31 internal nodes; 1.5 s; peak memory 1195 MiB.
2026-10-09T14:11:34Z INFO [4936/5000] bc1b0724-a7e5-4470-b8c5-63275f2525f9: 17 internal nodes; 1.1 s; peak memory 1195 MiB.
2026-10-09T14:11:36Z INFO [4937/5000] bc1d23ba-8e98-4f44-a8bb-b37ba5dfe6f0: 23 internal nodes; 1.9 s; peak memory 1195 MiB.
2026-10-09T14:11:38Z INFO [4938/5000] bc1d8b8a-d40e-4059-9eb8-d6e87bfdd5b0: 23 internal nodes; 1.6 s; peak memory 1195 MiB.
2026-10-09T14:11:39Z INFO [4939/5000] bc1e3b26-9822-4cfd-af9d-4b03541a75de: 13 internal nodes; 1.2 s; peak memory 1195 MiB.
2026-10-09T14:11:41Z INFO [4940/5000] bc1ee8ce-b638-4313-8194-56c10d624ca6: 27 internal nodes; 1.3 s; peak memory 1195 MiB.
2026-10-09T14:11:44Z INFO [4941/5000] bc1f28f4-fd69-4b39-be6e-9605fa1d2216: 44 internal nodes; 3.1 s; peak memory 1195 MiB.
2026-10-09T14:11:55Z INFO [4942/5000] bc213e72-ca43-4d56-88d7-805bfffedf68: 261 internal nodes; 10.9 s; peak memory 1195 MiB.
2026-10-09T14:11:58Z INFO [4943/5000] bc216aa9-1f57-4d0d-9ed6-2b74f6cd5cf7: 46 internal nodes; 3.9 s; peak memory 1195 MiB.
2026-10-09T14:12:00Z INFO [4944/5000] bc21b9b8-dd4d-4da6-a89c-1cc78e40c2ba: 31 internal nodes; 2.0 s; peak memory 1195 MiB.
2026-10-09T14:12:02Z INFO [4945/5000] bc238242-ac4d-4d50-b088-e9d147c1f566: 27 internal nodes; 1.4 s; peak memory 1195 MiB.
2026-10-09T14:12:03Z INFO [4946/5000] bc2393b2-e7fc-4721-b37a-55a4a6de5f0d: 29 internal nodes; 1.5 s; peak memory 1195 MiB.
2026-10-09T14:12:11Z INFO [4947/5000] bc23c282-49ee-4081-af62-cc9ceb3e2ec9: 55 internal nodes; 7.9 s; peak memory 1195 MiB.
2026-10-09T14:12:13Z INFO [4948/5000] bc241267-1ea9-4317-b375-7eea62db51fb: 13 internal nodes; 1.3 s; peak memory 1195 MiB.
2026-10-09T14:12:14Z INFO [4949/5000] bc2450e9-114c-4c66-ace4-ff4ab7a0f0e4: 27 internal nodes; 1.6 s; peak memory 1195 MiB.
2026-10-09T14:12:19Z INFO [4950/5000] bc259e36-8e3b-4d35-9905-72f6805730eb: 103 internal nodes; 5.1 s; peak memory 1195 MiB.
2026-10-09T14:12:20Z INFO [4950/5000] bc259e36-8e3b-4d35-9905-72f6805730eb: checkpointed 137587 new records.
2026-10-09T14:12:27Z INFO [4951/5000] bc264fd7-7748-47e6-8046-51fd3067eb4c: 61 internal nodes; 7.2 s; peak memory 1195 MiB.
2026-10-09T14:12:29Z INFO [4952/5000] bc26de90-71c2-4ace-8aed-1ff78520c681: 44 internal nodes; 2.4 s; peak memory 1195 MiB.
2026-10-09T14:12:31Z INFO [4953/5000] bc2a6d0f-8c4e-420b-956e-20b71c9aa5cf: 17 internal nodes; 1.3 s; peak memory 1195 MiB.
2026-10-09T14:12:32Z INFO [4954/5000] bc2a954e-d81a-4f7e-9235-70e81a1ceb93: 27 internal nodes; 1.4 s; peak memory 1195 MiB.
2026-10-09T14:12:37Z INFO [4955/5000] bc2ace0e-84df-4eb1-8e27-a6f665b8278c: 92 internal nodes; 4.6 s; peak memory 1195 MiB.
2026-10-09T14:12:38Z INFO [4956/5000] bc2c6e51-7ff8-4f7b-a69e-e9133556ed9e: 17 internal nodes; 1.2 s; peak memory 1195 MiB.
2026-10-09T14:12:39Z INFO [4957/5000] bc2d3427-0582-4105-b9a6-ade05d713293: 19 internal nodes; 1.2 s; peak memory 1195 MiB.
2026-10-09T14:12:41Z INFO [4958/5000] bc2d598a-edea-48e9-8ec6-209b89b2a48a: 29 internal nodes; 1.8 s; peak memory 1195 MiB.
2026-10-09T14:12:51Z INFO [4959/5000] bc2d67b5-1132-40e6-bc98-f694a20c1d04: 186 internal nodes; 10.4 s; peak memory 1195 MiB.
2026-10-09T14:12:53Z INFO [4960/5000] bc2d7073-e30c-4985-a5f5-ebcb9d02a3ce: 19 internal nodes; 1.3 s; peak memory 1195 MiB.
2026-10-09T14:12:55Z INFO [4961/5000] bc2da61f-120d-48af-bbaf-2600370caacc: 63 internal nodes; 2.4 s; peak memory 1195 MiB.
2026-10-09T14:12:56Z INFO [4962/5000] bc2e3fd4-2936-4a65-a992-d1d96609c207: 27 internal nodes; 1.5 s; peak memory 1195 MiB.
2026-10-09T14:13:00Z INFO [4963/5000] bc2e762a-cf84-4e85-a372-99b611a5b1c1: 45 internal nodes; 3.9 s; peak memory 1195 MiB.
2026-10-09T14:13:01Z INFO [4964/5000] bc2eb28a-fb50-47c9-abd1-73d5ea2548d3: 17 internal nodes; 1.0 s; peak memory 1195 MiB.
2026-10-09T14:13:04Z INFO [4965/5000] bc309c4a-3595-4ee1-bb66-87163ea20ef2: 32 internal nodes; 2.5 s; peak memory 1195 MiB.
2026-10-09T14:13:05Z INFO [4966/5000] bc316579-7c69-40d3-a3d7-ada890332049: 17 internal nodes; 1.2 s; peak memory 1195 MiB.
2026-10-09T14:13:06Z INFO [4967/5000] bc317ff6-2456-437a-abd8-f6340eca03e1: 14 internal nodes; 1.2 s; peak memory 1195 MiB.
2026-10-09T14:13:15Z INFO [4968/5000] bc3202b1-2899-4867-a909-00888258baed: 62 internal nodes; 8.8 s; peak memory 1195 MiB.
2026-10-09T14:13:17Z INFO [4969/5000] bc32eb12-c6cf-4690-bf44-f7b64600faed: 39 internal nodes; 2.3 s; peak memory 1195 MiB.
2026-10-09T14:13:19Z INFO [4970/5000] bc3315d6-047c-4681-ab02-5c8e053c6b20: 27 internal nodes; 1.5 s; peak memory 1195 MiB.
2026-10-09T14:13:21Z INFO [4971/5000] bc336de4-3050-49a2-a5c8-a87108c89d86: 56 internal nodes; 1.8 s; peak memory 1195 MiB.
2026-10-09T14:13:22Z INFO [4972/5000] bc33765a-62c2-43c1-83d8-fcfd88d53ffb: 41 internal nodes; 1.6 s; peak memory 1195 MiB.
2026-10-09T14:13:25Z INFO [4973/5000] bc33cc7b-1dc9-4a79-b718-9af7b464f536: 41 internal nodes; 2.4 s; peak memory 1195 MiB.
2026-10-09T14:13:26Z INFO [4974/5000] bc33ddb5-e9e0-4101-ab9c-880ce3d2b7d6: 17 internal nodes; 1.3 s; peak memory 1195 MiB.
2026-10-09T14:13:28Z INFO [4975/5000] bc348356-1fcc-45ec-a7ac-091584393f6c: 18 internal nodes; 1.6 s; peak memory 1195 MiB.
2026-10-09T14:13:30Z INFO [4976/5000] bc35197f-6530-4a4d-b43c-710e65a1a986: 42 internal nodes; 2.7 s; peak memory 1195 MiB.
2026-10-09T14:13:32Z INFO [4977/5000] bc35a46f-4d1b-41b0-91a3-2a0bdae452a5: 17 internal nodes; 1.2 s; peak memory 1195 MiB.
2026-10-09T14:13:35Z INFO [4978/5000] bc3726a9-edbd-4c94-89e3-3cc8b362b636: 44 internal nodes; 3.1 s; peak memory 1195 MiB.
2026-10-09T14:13:36Z INFO [4979/5000] bc374ce3-3e18-42ea-b3ba-4987eec360cc: 115 internal nodes; 1.4 s; peak memory 1195 MiB.
2026-10-09T14:13:45Z INFO [4980/5000] bc37b695-dba1-4252-a91c-34431f06a946: 65 internal nodes; 8.9 s; peak memory 1195 MiB.
2026-10-09T14:13:47Z INFO [4981/5000] bc37ebea-abc1-4bfb-bd0b-205c9e55c0fc: 31 internal nodes; 1.7 s; peak memory 1195 MiB.
2026-10-09T14:13:48Z INFO [4982/5000] bc383904-269f-406f-aebd-018997d73681: 16 internal nodes; 1.3 s; peak memory 1195 MiB.
2026-10-09T14:13:49Z INFO [4983/5000] bc385a70-7e3e-4274-877b-088ccf6a90b7: 31 internal nodes; 1.6 s; peak memory 1195 MiB.
2026-10-09T14:13:51Z INFO [4984/5000] bc38e307-5f57-4768-ab87-e5b1d603cba3: 17 internal nodes; 1.1 s; peak memory 1195 MiB.
2026-10-09T14:13:52Z INFO [4985/5000] bc38ed26-c8b2-453b-b660-0670abffbf48: 17 internal nodes; 1.3 s; peak memory 1195 MiB.
2026-10-09T14:13:53Z INFO [4986/5000] bc39500a-3bed-47d6-8fa4-f35681eb7c39: 27 internal nodes; 1.4 s; peak memory 1195 MiB.
2026-10-09T14:13:54Z INFO [4987/5000] bc3952a6-00fd-47e0-8ac9-98848bea30b8: 25 internal nodes; 1.1 s; peak memory 1195 MiB.
2026-10-09T14:13:56Z INFO [4988/5000] bc39634f-3618-42a7-8fe0-c06949ea964f: 66 internal nodes; 1.8 s; peak memory 1195 MiB.
2026-10-09T14:13:58Z INFO [4989/5000] bc3ac8de-f72f-483b-a971-e051548c0065: 27 internal nodes; 1.5 s; peak memory 1195 MiB.
2026-10-09T14:13:59Z INFO [4990/5000] bc3ade0b-0905-451b-9272-3815bcb9c024: 26 internal nodes; 0.9 s; peak memory 1195 MiB.
2026-10-09T14:14:08Z INFO [4991/5000] bc3afa7a-d48a-46d7-8416-cfde345fbf05: 42 internal nodes; 9.5 s; peak memory 1195 MiB.
2026-10-09T14:14:09Z INFO [4992/5000] bc3b73e7-9639-4850-8f47-801f03916446: 19 internal nodes; 1.3 s; peak memory 1195 MiB.
2026-10-09T14:14:12Z INFO [4993/5000] bc3f1586-034a-425b-96b5-761c4f3803fc: 25 internal nodes; 2.7 s; peak memory 1195 MiB.
2026-10-09T14:14:57Z INFO [4994/5000] bc402f9d-dc82-4f26-8c94-93a4b22f6630: 3388 internal nodes; 45.1 s; peak memory 1195 MiB.
2026-10-09T14:15:01Z INFO [4995/5000] bc40762b-3ad7-456e-bec1-44c346f589e5: 46 internal nodes; 3.9 s; peak memory 1195 MiB.
2026-10-09T14:15:04Z INFO [4996/5000] bc408d61-648d-40d1-8a32-cbcde9ad406f: 44 internal nodes; 3.2 s; peak memory 1195 MiB.
2026-10-09T14:15:08Z INFO [4997/5000] bc40d2e0-788f-4e91-b5a7-543615352235: 44 internal nodes; 3.3 s; peak memory 1195 MiB.
2026-10-09T14:15:09Z INFO [4998/5000] bc412cef-bbbf-4f2d-b8c8-80f2d0148553: 31 internal nodes; 1.9 s; peak memory 1195 MiB.
2026-10-09T14:15:11Z INFO [4999/5000] bc41628d-85f5-4cb8-b648-69dd75fe755e: 17 internal nodes; 1.2 s; peak memory 1195 MiB.
2026-10-09T14:15:12Z INFO [5000/5000] bc425c82-daee-4a7a-b481-93efb5e4fa0e: 61 internal nodes; 1.8 s; peak memory 1195 MiB.
2026-10-09T14:15:13Z INFO [5000/5000] bc425c82-daee-4a7a-b481-93efb5e4fa0e: checkpointed 137637 new records.
2026-10-09T14:15:13Z INFO Wrote 137637 records to /tmp/derivatives/valid_nwb_file_to_out_degrees.jsonl (4953 new, 47 failed) in 273.2 min (peak memory 1195 MiB).
