2026-10-10T14:01:09Z INFO Logging to /tmp/logs/update_2026-10-10T14-01-09Z.log.
2026-10-10T14:01:09Z INFO Update valid-nwb-file-to-out-degrees (base directory /tmp).
2026-10-10T14:01:09Z INFO Processing 3046 items (143818 already recorded).
2026-10-10T14:01:11Z WARNING 024ef50f-ac6f-49ea-806b-93ef4b5e8644: failed while reading the NWB file (KeyError: 'Unable to synchronously open object (component not found)')
2026-10-10T14:01:11Z WARNING [1/3046] 024ef50f-ac6f-49ea-806b-93ef4b5e8644: leaving unrecorded for a later run to retry.
2026-10-10T14:01:12Z WARNING 09073220-fbea-45d2-9a39-2cc61fcdc2a1: failed while reading the NWB file (KeyError: 'Unable to synchronously open object (component not found)')
2026-10-10T14:01:12Z WARNING [2/3046] 09073220-fbea-45d2-9a39-2cc61fcdc2a1: leaving unrecorded for a later run to retry.
2026-10-10T14:01:14Z WARNING 0dec427d-4db4-44c3-988a-c37959ceaff3: failed while reading the NWB file (KeyError: 'Unable to synchronously open object (component not found)')
2026-10-10T14:01:14Z WARNING [3/3046] 0dec427d-4db4-44c3-988a-c37959ceaff3: leaving unrecorded for a later run to retry.
2026-10-10T14:01:15Z WARNING 0f7396ad-67ec-468a-b6a6-5599cb507f54: failed while reading the NWB file (KeyError: 'Unable to synchronously open object (component not found)')
2026-10-10T14:01:15Z WARNING [4/3046] 0f7396ad-67ec-468a-b6a6-5599cb507f54: leaving unrecorded for a later run to retry.
2026-10-10T14:01:17Z WARNING 1066b3ba-83d9-4cb3-bfe3-ecf8539e2334: failed while reading the NWB file (KeyError: 'Unable to synchronously open object (component not found)')
2026-10-10T14:01:17Z WARNING [5/3046] 1066b3ba-83d9-4cb3-bfe3-ecf8539e2334: leaving unrecorded for a later run to retry.
2026-10-10T14:01:18Z WARNING 17a546c4-6425-4c56-a43e-9f9f272d299c: failed while reading the NWB file (KeyError: 'Unable to synchronously open object (component not found)')
2026-10-10T14:01:18Z WARNING [6/3046] 17a546c4-6425-4c56-a43e-9f9f272d299c: leaving unrecorded for a later run to retry.
2026-10-10T14:01:20Z WARNING 19998990-d06f-40db-8d07-c5121b317b6a: failed while reading the NWB file (KeyError: 'Unable to synchronously open object (component not found)')
2026-10-10T14:01:20Z WARNING [7/3046] 19998990-d06f-40db-8d07-c5121b317b6a: leaving unrecorded for a later run to retry.
2026-10-10T14:01:21Z WARNING 1a18ed31-9155-4512-919f-b6875d14b9f3: failed while reading the NWB file (KeyError: 'Unable to synchronously open object (component not found)')
2026-10-10T14:01:21Z WARNING [8/3046] 1a18ed31-9155-4512-919f-b6875d14b9f3: leaving unrecorded for a later run to retry.
2026-10-10T14:01:23Z WARNING 1c2fff6f-f3a7-43fb-b7e2-a33218d41614: failed while reading the NWB file (KeyError: 'Unable to synchronously open object (component not found)')
2026-10-10T14:01:23Z WARNING [9/3046] 1c2fff6f-f3a7-43fb-b7e2-a33218d41614: leaving unrecorded for a later run to retry.
2026-10-10T14:01:25Z WARNING 20b5d243-5a61-4246-a5d5-ac9d9068183d: failed while reading the NWB file (KeyError: 'Unable to synchronously open object (component not found)')
2026-10-10T14:01:25Z WARNING [10/3046] 20b5d243-5a61-4246-a5d5-ac9d9068183d: leaving unrecorded for a later run to retry.
2026-10-10T14:01:27Z WARNING 20e4b649-b593-4ee3-bd02-f0645aad7021: failed while reading the NWB file (KeyError: 'Unable to synchronously open object (component not found)')
2026-10-10T14:01:27Z WARNING [11/3046] 20e4b649-b593-4ee3-bd02-f0645aad7021: leaving unrecorded for a later run to retry.
2026-10-10T14:01:28Z WARNING 2420003b-b350-4a69-b1aa-b27f68179823: failed while reading the NWB file (KeyError: 'Unable to synchronously open object (component not found)')
2026-10-10T14:01:28Z WARNING [12/3046] 2420003b-b350-4a69-b1aa-b27f68179823: leaving unrecorded for a later run to retry.
2026-10-10T14:01:30Z WARNING 2a76c0ae-11ba-4712-bfc9-5a1534c26aeb: failed while reading the NWB file (KeyError: 'Unable to synchronously open object (component not found)')
2026-10-10T14:01:30Z WARNING [13/3046] 2a76c0ae-11ba-4712-bfc9-5a1534c26aeb: leaving unrecorded for a later run to retry.
2026-10-10T14:01:31Z WARNING 319d22c8-6c6e-41bb-9bf9-9c6773d2b2ad: failed while reading the NWB file (KeyError: 'Unable to synchronously open object (component not found)')
2026-10-10T14:01:31Z WARNING [14/3046] 319d22c8-6c6e-41bb-9bf9-9c6773d2b2ad: leaving unrecorded for a later run to retry.
2026-10-10T14:01:33Z WARNING 324ccb4d-b81e-4dbb-a29d-ef474eef0d50: failed while reading the NWB file (KeyError: 'Unable to synchronously open object (component not found)')
2026-10-10T14:01:33Z WARNING [15/3046] 324ccb4d-b81e-4dbb-a29d-ef474eef0d50: leaving unrecorded for a later run to retry.
2026-10-10T14:01:34Z WARNING 3b2672c0-01e2-4e2a-a6fd-09535b8afd67: failed while reading the NWB file (KeyError: 'Unable to synchronously open object (component not found)')
2026-10-10T14:01:34Z WARNING [16/3046] 3b2672c0-01e2-4e2a-a6fd-09535b8afd67: leaving unrecorded for a later run to retry.
2026-10-10T14:01:36Z WARNING 3dec1e5e-7a4c-4aaa-95eb-7a953aa18d59: failed while reading the NWB file (KeyError: 'Unable to synchronously open object (component not found)')
2026-10-10T14:01:36Z WARNING [17/3046] 3dec1e5e-7a4c-4aaa-95eb-7a953aa18d59: leaving unrecorded for a later run to retry.
2026-10-10T14:01:38Z WARNING 40d7f442-8923-4dd5-87cb-af432218c083: failed while reading the NWB file (KeyError: 'Unable to synchronously open object (component not found)')
2026-10-10T14:01:38Z WARNING [18/3046] 40d7f442-8923-4dd5-87cb-af432218c083: leaving unrecorded for a later run to retry.
2026-10-10T14:01:39Z WARNING 4255c687-2c9c-4ffc-83b6-08157b521931: failed while reading the NWB file (KeyError: 'Unable to synchronously open object (component not found)')
2026-10-10T14:01:39Z WARNING [19/3046] 4255c687-2c9c-4ffc-83b6-08157b521931: leaving unrecorded for a later run to retry.
2026-10-10T14:01:41Z WARNING 43addd0b-0674-4137-8eaa-9df790dee1ce: failed while reading the NWB file (KeyError: 'Unable to synchronously open object (component not found)')
2026-10-10T14:01:41Z WARNING [20/3046] 43addd0b-0674-4137-8eaa-9df790dee1ce: leaving unrecorded for a later run to retry.
2026-10-10T14:01:43Z INFO [21/3046] 4788e8fe-c17e-4fc5-9089-7228329e5509: 31 internal nodes; 2.7 s; peak memory 210 MiB.
2026-10-10T14:01:45Z WARNING 59beae01-8c63-4353-a90b-e97078f0ecde: failed while reading the NWB file (KeyError: 'Unable to synchronously open object (component not found)')
2026-10-10T14:01:45Z WARNING [22/3046] 59beae01-8c63-4353-a90b-e97078f0ecde: leaving unrecorded for a later run to retry.
2026-10-10T14:01:46Z WARNING 6a997180-d683-4d9d-9b90-05b7dc97c11c: failed while reading the NWB file (KeyError: 'Unable to synchronously open object (component not found)')
2026-10-10T14:01:46Z WARNING [23/3046] 6a997180-d683-4d9d-9b90-05b7dc97c11c: leaving unrecorded for a later run to retry.
2026-10-10T14:01:48Z WARNING 6aa6bd0b-2ee9-4b1c-ae04-8288b68d12ff: failed while reading the NWB file (KeyError: 'Unable to synchronously open object (component not found)')
2026-10-10T14:01:48Z WARNING [24/3046] 6aa6bd0b-2ee9-4b1c-ae04-8288b68d12ff: leaving unrecorded for a later run to retry.
2026-10-10T14:01:50Z WARNING 6aae1939-4782-4088-b5f7-42ef42d4db39: failed while reading the NWB file (KeyError: 'Unable to synchronously open object (component not found)')
2026-10-10T14:01:50Z WARNING [25/3046] 6aae1939-4782-4088-b5f7-42ef42d4db39: leaving unrecorded for a later run to retry.
2026-10-10T14:01:51Z WARNING 6d423b55-67f8-42c9-9dee-caa73708d896: failed while reading the NWB file (KeyError: 'Unable to synchronously open object (component not found)')
2026-10-10T14:01:51Z WARNING [26/3046] 6d423b55-67f8-42c9-9dee-caa73708d896: leaving unrecorded for a later run to retry.
2026-10-10T14:01:53Z WARNING 735c7449-7e23-44fa-8990-d5c55f725aa2: failed while reading the NWB file (KeyError: 'Unable to synchronously open object (component not found)')
2026-10-10T14:01:53Z WARNING [27/3046] 735c7449-7e23-44fa-8990-d5c55f725aa2: leaving unrecorded for a later run to retry.
2026-10-10T14:01:54Z WARNING 75dc9b6e-40d1-4c10-8d75-71e6d60a1109: failed while reading the NWB file (KeyError: 'Unable to synchronously open object (component not found)')
2026-10-10T14:01:54Z WARNING [28/3046] 75dc9b6e-40d1-4c10-8d75-71e6d60a1109: leaving unrecorded for a later run to retry.
2026-10-10T14:01:56Z WARNING 75e93a30-06d1-4377-ac24-e439b70138bf: failed while reading the NWB file (KeyError: 'Unable to synchronously open object (component not found)')
2026-10-10T14:01:56Z WARNING [29/3046] 75e93a30-06d1-4377-ac24-e439b70138bf: leaving unrecorded for a later run to retry.
2026-10-10T14:01:57Z WARNING 79d6c03f-a5ad-43d3-a8c3-a13e7b361f24: failed while reading the NWB file (KeyError: 'Unable to synchronously open object (component not found)')
2026-10-10T14:01:57Z WARNING [30/3046] 79d6c03f-a5ad-43d3-a8c3-a13e7b361f24: leaving unrecorded for a later run to retry.
2026-10-10T14:01:59Z WARNING 80e5eff2-6863-4038-9302-675d85163951: failed while reading the NWB file (KeyError: 'Unable to synchronously open object (component not found)')
2026-10-10T14:01:59Z WARNING [31/3046] 80e5eff2-6863-4038-9302-675d85163951: leaving unrecorded for a later run to retry.
2026-10-10T14:02:00Z WARNING 8485f502-7092-4934-80fe-dc37dd3a4c16: failed while reading the NWB file (KeyError: 'Unable to synchronously open object (component not found)')
2026-10-10T14:02:00Z WARNING [32/3046] 8485f502-7092-4934-80fe-dc37dd3a4c16: leaving unrecorded for a later run to retry.
2026-10-10T14:02:02Z WARNING 85df85c4-6672-4675-9bb8-5e82e44e0f88: failed while reading the NWB file (KeyError: 'Unable to synchronously open object (component not found)')
2026-10-10T14:02:02Z WARNING [33/3046] 85df85c4-6672-4675-9bb8-5e82e44e0f88: leaving unrecorded for a later run to retry.
2026-10-10T14:02:03Z WARNING 87fdf428-ebbd-4376-85b5-341f14f18593: failed while reading the NWB file (KeyError: 'Unable to synchronously open object (component not found)')
2026-10-10T14:02:03Z WARNING [34/3046] 87fdf428-ebbd-4376-85b5-341f14f18593: leaving unrecorded for a later run to retry.
2026-10-10T14:02:05Z WARNING 8f0183a2-f90f-4b15-8fac-1ca3a404a100: failed while reading the NWB file (KeyError: 'Unable to synchronously open object (component not found)')
2026-10-10T14:02:05Z WARNING [35/3046] 8f0183a2-f90f-4b15-8fac-1ca3a404a100: leaving unrecorded for a later run to retry.
2026-10-10T14:02:06Z WARNING 9078e86c-42d8-47e9-a68b-72aaef5868b8: failed while reading the NWB file (KeyError: 'Unable to synchronously open object (component not found)')
2026-10-10T14:02:06Z WARNING [36/3046] 9078e86c-42d8-47e9-a68b-72aaef5868b8: leaving unrecorded for a later run to retry.
2026-10-10T14:02:08Z WARNING 907b3a91-92b0-49da-9d8a-a9ce5b752d18: failed while reading the NWB file (KeyError: 'Unable to synchronously open object (component not found)')
2026-10-10T14:02:08Z WARNING [37/3046] 907b3a91-92b0-49da-9d8a-a9ce5b752d18: leaving unrecorded for a later run to retry.
2026-10-10T14:02:09Z WARNING 91d0f104-6918-47ae-8959-2116c86ee157: failed while reading the NWB file (KeyError: 'Unable to synchronously open object (component not found)')
2026-10-10T14:02:09Z WARNING [38/3046] 91d0f104-6918-47ae-8959-2116c86ee157: leaving unrecorded for a later run to retry.
2026-10-10T14:02:11Z WARNING 969e4747-5a03-4948-bad1-05be9db18f9a: failed while reading the NWB file (KeyError: 'Unable to synchronously open object (component not found)')
2026-10-10T14:02:11Z WARNING [39/3046] 969e4747-5a03-4948-bad1-05be9db18f9a: leaving unrecorded for a later run to retry.
2026-10-10T14:02:12Z WARNING 96fcc9d3-cbe9-4aaa-986b-aaaf8831ed40: failed while reading the NWB file (KeyError: 'Unable to synchronously open object (component not found)')
2026-10-10T14:02:12Z WARNING [40/3046] 96fcc9d3-cbe9-4aaa-986b-aaaf8831ed40: leaving unrecorded for a later run to retry.
2026-10-10T14:02:14Z WARNING 98c46e12-f90f-4286-b1c2-15acdc057e25: failed while reading the NWB file (KeyError: 'Unable to synchronously open object (component not found)')
2026-10-10T14:02:14Z WARNING [41/3046] 98c46e12-f90f-4286-b1c2-15acdc057e25: leaving unrecorded for a later run to retry.
2026-10-10T14:02:15Z WARNING 9f0feaa9-adb3-4487-afb9-d4f49f1acdc6: failed while reading the NWB file (KeyError: 'Unable to synchronously open object (component not found)')
2026-10-10T14:02:15Z WARNING [42/3046] 9f0feaa9-adb3-4487-afb9-d4f49f1acdc6: leaving unrecorded for a later run to retry.
2026-10-10T14:02:17Z WARNING a5c144c2-f4f0-4c1e-9c08-2b521f863a3b: failed while reading the NWB file (KeyError: 'Unable to synchronously open object (component not found)')
2026-10-10T14:02:17Z WARNING [43/3046] a5c144c2-f4f0-4c1e-9c08-2b521f863a3b: leaving unrecorded for a later run to retry.
2026-10-10T14:02:19Z WARNING a8b6a037-6a71-4569-91a5-b9a166b789a9: failed while reading the NWB file (KeyError: 'Unable to synchronously open object (component not found)')
2026-10-10T14:02:19Z WARNING [44/3046] a8b6a037-6a71-4569-91a5-b9a166b789a9: leaving unrecorded for a later run to retry.
2026-10-10T14:02:20Z WARNING ad5b0970-92ee-45ed-9ade-ec72ab7c0c43: failed while reading the NWB file (KeyError: 'Unable to synchronously open object (component not found)')
2026-10-10T14:02:20Z WARNING [45/3046] ad5b0970-92ee-45ed-9ade-ec72ab7c0c43: leaving unrecorded for a later run to retry.
2026-10-10T14:02:22Z WARNING af8f8d1e-890e-40fb-8b99-bcfbd9dafa86: failed while reading the NWB file (KeyError: 'Unable to synchronously open object (component not found)')
2026-10-10T14:02:22Z WARNING [46/3046] af8f8d1e-890e-40fb-8b99-bcfbd9dafa86: leaving unrecorded for a later run to retry.
2026-10-10T14:02:23Z WARNING b359ad1b-7ba4-48e8-a318-3a5df59e0611: failed while reading the NWB file (KeyError: 'Unable to synchronously open object (component not found)')
2026-10-10T14:02:23Z WARNING [47/3046] b359ad1b-7ba4-48e8-a318-3a5df59e0611: leaving unrecorded for a later run to retry.
2026-10-10T14:02:25Z WARNING b90ff2fd-f7e7-41b9-939a-f8612e2c9ba9: failed while reading the NWB file (KeyError: 'Unable to synchronously open object (component not found)')
2026-10-10T14:02:25Z WARNING [48/3046] b90ff2fd-f7e7-41b9-939a-f8612e2c9ba9: leaving unrecorded for a later run to retry.
2026-10-10T14:02:27Z WARNING c30d8e04-35d5-46ae-89c1-f0ad78152437: failed while reading the NWB file (KeyError: 'Unable to synchronously open object (component not found)')
2026-10-10T14:02:27Z WARNING [49/3046] c30d8e04-35d5-46ae-89c1-f0ad78152437: leaving unrecorded for a later run to retry.
2026-10-10T14:02:28Z WARNING c75892b0-e896-47ce-9be6-aaf7fff0b0bc: failed while reading the NWB file (KeyError: 'Unable to synchronously open object (component not found)')
2026-10-10T14:02:28Z WARNING [50/3046] c75892b0-e896-47ce-9be6-aaf7fff0b0bc: leaving unrecorded for a later run to retry.
2026-10-10T14:02:29Z INFO [50/3046] c75892b0-e896-47ce-9be6-aaf7fff0b0bc: checkpointed 143819 new records.
2026-10-10T14:02:30Z INFO [51/3046] c8cc9dc7-1bd8-42f5-8554-f33d7add6ef6: 31 internal nodes; 1.1 s; peak memory 230 MiB.
2026-10-10T14:02:33Z INFO [52/3046] c8ccb445-afe7-42d0-8d4a-a77d62f39777: 43 internal nodes; 2.9 s; peak memory 230 MiB.
2026-10-10T14:02:34Z INFO [53/3046] c8cd276b-0b89-4192-a673-4f90fb58615b: 19 internal nodes; 1.2 s; peak memory 230 MiB.
2026-10-10T14:02:35Z INFO [54/3046] c8cd69bb-cd5c-47f7-a92c-171690a3d922: 17 internal nodes; 1.0 s; peak memory 230 MiB.
2026-10-10T14:02:39Z INFO [55/3046] c8cd9e97-c576-4ad1-b359-f54e54460360: 46 internal nodes; 3.7 s; peak memory 230 MiB.
2026-10-10T14:02:40Z INFO [56/3046] c8cdfefc-22f2-4549-af4b-a627d4970bdf: 119 internal nodes; 1.4 s; peak memory 230 MiB.
2026-10-10T14:02:41Z INFO [57/3046] c8ce436c-2198-4161-a6ee-4bba337049d8: 26 internal nodes; 0.8 s; peak memory 230 MiB.
2026-10-10T14:02:42Z INFO [58/3046] c8ce6e8a-2522-4f20-96a9-a45876c52400: 15 internal nodes; 0.9 s; peak memory 230 MiB.
2026-10-10T14:02:42Z INFO [59/3046] c8cec1cb-0084-4f51-ad92-950ea81be990: 15 internal nodes; 0.8 s; peak memory 230 MiB.
2026-10-10T14:02:44Z INFO [60/3046] c8cf4359-23d3-4e5d-9f6f-ee0288d381c4: 17 internal nodes; 1.1 s; peak memory 230 MiB.
2026-10-10T14:02:47Z INFO [61/3046] c8cf5025-8f8c-43f6-b5e6-ebcbdd3bbee1: 45 internal nodes; 3.0 s; peak memory 230 MiB.
2026-10-10T14:02:48Z INFO [62/3046] c8cffbee-79c8-47fb-83ca-8f36de4aef02: 26 internal nodes; 1.4 s; peak memory 230 MiB.
2026-10-10T14:03:30Z INFO [63/3046] c8d09983-a7c5-4ebc-b00c-e06881a3dd6d: 414 internal nodes; 42.1 s; peak memory 299 MiB.
2026-10-10T14:03:31Z INFO [64/3046] c8d09fa1-5d03-414b-8400-ffb28887a812: 27 internal nodes; 1.2 s; peak memory 299 MiB.
2026-10-10T14:03:33Z INFO [65/3046] c8d1817d-231d-4671-8494-7678cdf47401: 44 internal nodes; 2.0 s; peak memory 299 MiB.
2026-10-10T14:03:34Z INFO [66/3046] c8d1d0aa-57ca-44bf-9b83-a8b45425a5a2: 17 internal nodes; 0.9 s; peak memory 299 MiB.
2026-10-10T14:03:35Z INFO [67/3046] c8d394b8-c4bf-48fa-ab7e-276ae57285cd: 18 internal nodes; 1.3 s; peak memory 299 MiB.
2026-10-10T14:03:41Z INFO [68/3046] c8d41eac-d34f-4b82-8f29-5e67590d85f2: 54 internal nodes; 5.6 s; peak memory 299 MiB.
2026-10-10T14:04:20Z INFO [69/3046] c8d494f5-881f-49c5-97fe-fcb936ee2381: 5019 internal nodes; 38.5 s; peak memory 377 MiB.
2026-10-10T14:04:23Z INFO [70/3046] c8d4e9cf-d6b0-49ad-8fc0-0674941bcb18: 46 internal nodes; 3.5 s; peak memory 377 MiB.
2026-10-10T14:04:24Z INFO [71/3046] c8d50e10-9281-47e4-84c2-51125fd53ee7: 24 internal nodes; 1.1 s; peak memory 377 MiB.
2026-10-10T14:04:27Z INFO [72/3046] c8d55071-0467-4521-a886-c3bf6a656dd0: 44 internal nodes; 2.7 s; peak memory 377 MiB.
2026-10-10T14:04:28Z INFO [73/3046] c8d55b48-5112-4df0-b272-6ddb0979f03c: 17 internal nodes; 1.0 s; peak memory 377 MiB.
2026-10-10T14:04:29Z INFO [74/3046] c8d6b839-1e5e-4ac0-9b94-72e7e1569198: 18 internal nodes; 1.4 s; peak memory 377 MiB.
2026-10-10T14:04:30Z INFO [75/3046] c8d6c357-548c-49d7-a659-1c417ed8fc7b: 27 internal nodes; 1.3 s; peak memory 377 MiB.
2026-10-10T14:04:43Z INFO [76/3046] c8d6ef47-119e-413a-b402-1a11085053dd: 83 internal nodes; 12.3 s; peak memory 377 MiB.
2026-10-10T14:04:44Z INFO [77/3046] c8d71cf8-43b1-4096-8cf3-afebdb60a17f: 19 internal nodes; 1.2 s; peak memory 377 MiB.
2026-10-10T14:04:45Z INFO [78/3046] c8d784b1-152e-49ca-8161-ade302f27604: 17 internal nodes; 1.0 s; peak memory 377 MiB.
2026-10-10T14:04:46Z INFO [79/3046] c8d8290e-14fa-42b0-a899-5f6ff4dbee89: 27 internal nodes; 0.7 s; peak memory 377 MiB.
2026-10-10T14:04:47Z INFO [80/3046] c8d9ca21-2f09-474c-b308-20ee2f8bb6d7: 27 internal nodes; 1.2 s; peak memory 377 MiB.
2026-10-10T14:04:48Z INFO [81/3046] c8d9ddb2-fae5-484a-86c3-ff5d9a74ba0e: 18 internal nodes; 0.9 s; peak memory 377 MiB.
2026-10-10T14:04:49Z INFO [82/3046] c8da2ce5-6202-42a7-91dc-966fa6497432: 18 internal nodes; 1.1 s; peak memory 377 MiB.
2026-10-10T14:04:50Z INFO [83/3046] c8dae034-16ed-4f6b-a518-780bec8b0ee1: 27 internal nodes; 1.2 s; peak memory 377 MiB.
2026-10-10T14:04:51Z INFO [84/3046] c8dafd7e-61a5-46cd-be63-9eb9e65bd467: 19 internal nodes; 1.2 s; peak memory 377 MiB.
2026-10-10T14:04:52Z INFO [85/3046] c8db2b89-a95b-46ad-8c89-ca24024e4fcd: 19 internal nodes; 1.1 s; peak memory 377 MiB.
2026-10-10T14:04:54Z INFO [86/3046] c8dc0756-eaf1-43cc-a778-b36f3ac70669: 30 internal nodes; 1.5 s; peak memory 377 MiB.
2026-10-10T14:04:55Z INFO [87/3046] c8dd1d5c-25f4-4bb0-b9da-d867b323f21e: 17 internal nodes; 1.0 s; peak memory 377 MiB.
2026-10-10T14:04:56Z INFO [88/3046] c8dd2212-e33d-4d0b-9b7c-e3b9318ea12d: 18 internal nodes; 1.4 s; peak memory 377 MiB.
2026-10-10T14:04:57Z INFO [89/3046] c8dd5375-fcd2-4546-972d-1b510b3e98b5: 17 internal nodes; 1.0 s; peak memory 377 MiB.
2026-10-10T14:05:03Z INFO [90/3046] c8de9bff-7854-4902-af2b-3e40ecdc14fb: 70 internal nodes; 5.3 s; peak memory 377 MiB.
2026-10-10T14:05:04Z INFO [91/3046] c8e01e84-20e5-486e-ad1a-1d48ffdd5dcc: 31 internal nodes; 1.5 s; peak memory 377 MiB.
2026-10-10T14:05:06Z INFO [92/3046] c8e04651-21c7-4324-8813-f27864c8dd13: 27 internal nodes; 1.4 s; peak memory 377 MiB.
2026-10-10T14:05:07Z INFO [93/3046] c8e074ae-37f3-466b-82ab-e410dba6ad38: 17 internal nodes; 1.0 s; peak memory 377 MiB.
2026-10-10T14:05:08Z INFO [94/3046] c8e29180-127c-40df-ab15-8db089928433: 29 internal nodes; 1.4 s; peak memory 377 MiB.
2026-10-10T14:05:09Z INFO [95/3046] c8e30eea-352f-4893-83d2-adb8ae54e1a5: 16 internal nodes; 0.9 s; peak memory 377 MiB.
2026-10-10T14:05:12Z INFO [96/3046] c8e32b8b-c9de-4e90-8d46-8598289344e5: 50 internal nodes; 2.9 s; peak memory 377 MiB.
2026-10-10T14:05:13Z INFO [97/3046] c8e3401b-9b7f-4ad5-837a-0979d23ddfbb: 83 internal nodes; 1.5 s; peak memory 377 MiB.
2026-10-10T14:05:20Z INFO [98/3046] c8e3719f-4d43-449f-8ed2-e6a44945f529: 66 internal nodes; 6.8 s; peak memory 377 MiB.
2026-10-10T14:05:21Z INFO [99/3046] c8e406e8-231d-4d2f-aae5-644bdeaf02e3: 19 internal nodes; 1.1 s; peak memory 377 MiB.
2026-10-10T14:05:22Z INFO [100/3046] c8e44123-7d03-489c-ba43-433f2d4b1eeb: 27 internal nodes; 1.2 s; peak memory 377 MiB.
2026-10-10T14:05:23Z INFO [100/3046] c8e44123-7d03-489c-ba43-433f2d4b1eeb: checkpointed 143869 new records.
2026-10-10T14:05:24Z INFO [101/3046] c8e482d2-a3f5-44ce-b480-1ebe95869f3c: 19 internal nodes; 1.3 s; peak memory 377 MiB.
2026-10-10T14:05:26Z INFO [102/3046] c8e4c328-61b3-4801-94f5-31fb4ff61ef2: 29 internal nodes; 1.7 s; peak memory 377 MiB.
2026-10-10T14:05:33Z INFO [103/3046] c8e5d1a6-5a08-42d4-8416-4ca4aef06cfa: 206 internal nodes; 7.1 s; peak memory 377 MiB.
2026-10-10T14:05:34Z INFO [104/3046] c8e61027-2a06-4e50-82b8-e58bc6081ad2: 22 internal nodes; 0.9 s; peak memory 377 MiB.
2026-10-10T14:05:36Z INFO [105/3046] c8e6a58a-dc7a-429a-a462-6e6c85ee1dc9: 29 internal nodes; 1.7 s; peak memory 377 MiB.
2026-10-10T14:05:37Z INFO [106/3046] c8e77e3b-632b-498c-8d88-f8a2125bce1e: 27 internal nodes; 1.3 s; peak memory 377 MiB.
2026-10-10T14:05:38Z INFO [107/3046] c8e7b8ac-549b-4290-a166-fbb1f13b01f7: 17 internal nodes; 1.0 s; peak memory 377 MiB.
2026-10-10T14:05:49Z INFO [108/3046] c8e7bb81-6f1c-4024-b1dc-cb147903b5a4: 71 internal nodes; 10.8 s; peak memory 377 MiB.
2026-10-10T14:05:50Z INFO [109/3046] c8e7d970-603b-4e75-8b76-fca61f634c58: 26 internal nodes; 1.6 s; peak memory 377 MiB.
2026-10-10T14:05:51Z INFO [110/3046] c8e7e1fb-c1fd-4a4e-855a-1cd3ded812c2: 17 internal nodes; 1.0 s; peak memory 377 MiB.
2026-10-10T14:05:55Z INFO [111/3046] c8e7fb81-e08d-4744-947f-c1e0b358772c: 46 internal nodes; 3.1 s; peak memory 377 MiB.
2026-10-10T14:05:58Z INFO [112/3046] c8e903ba-184f-4a31-a018-175a421bbd08: 44 internal nodes; 3.4 s; peak memory 377 MiB.
2026-10-10T14:05:59Z INFO [113/3046] c8ea454c-6ce4-45e2-9303-ce07103ef3af: 29 internal nodes; 1.2 s; peak memory 377 MiB.
2026-10-10T14:06:00Z INFO [114/3046] c8ea6968-f5b1-4224-8b24-9c2363fccab8: 17 internal nodes; 1.0 s; peak memory 377 MiB.
2026-10-10T14:06:01Z INFO [115/3046] c8eaa455-f4da-4a81-bcba-73620e016adf: 17 internal nodes; 1.0 s; peak memory 377 MiB.
2026-10-10T14:06:02Z INFO [116/3046] c8eac092-d801-4d7e-a842-8bb251bd92f3: 17 internal nodes; 0.9 s; peak memory 377 MiB.
2026-10-10T14:06:07Z INFO [117/3046] c8ead910-1799-4e1f-87f2-ba4b7d0346e9: 69 internal nodes; 5.4 s; peak memory 377 MiB.
2026-10-10T14:06:09Z INFO [118/3046] c8eb979a-ea58-42db-a8bc-56463e6cf56e: 27 internal nodes; 1.4 s; peak memory 377 MiB.
2026-10-10T14:06:10Z INFO [119/3046] c8ebd2b6-8dde-4838-9e91-8091f4bca8e4: 17 internal nodes; 1.0 s; peak memory 377 MiB.
2026-10-10T14:06:11Z INFO [120/3046] c8ec78b8-1600-4cc3-800f-3733b082a7a4: 41 internal nodes; 0.9 s; peak memory 377 MiB.
2026-10-10T14:06:30Z INFO [121/3046] c8ec9944-b8be-4de2-9447-953019aae687: 188 internal nodes; 19.3 s; peak memory 377 MiB.
2026-10-10T14:06:32Z INFO [122/3046] c8ed2b16-5f3a-4998-94c0-6b5d3114219b: 31 internal nodes; 1.5 s; peak memory 377 MiB.
2026-10-10T14:06:33Z INFO [123/3046] c8ed36c7-a767-4da3-853b-d035b9dacca0: 29 internal nodes; 1.6 s; peak memory 377 MiB.
2026-10-10T14:06:34Z INFO [124/3046] c8ee140f-56a9-451c-a63e-36cb81220c2d: 27 internal nodes; 1.2 s; peak memory 377 MiB.
2026-10-10T14:06:40Z INFO [125/3046] c8ee29ff-a682-4e96-b953-af149a154132: 73 internal nodes; 5.9 s; peak memory 377 MiB.
2026-10-10T14:06:42Z INFO [126/3046] c8eeffce-852e-45f0-8291-7f58437b977f: 27 internal nodes; 1.3 s; peak memory 377 MiB.
2026-10-10T14:06:48Z INFO [127/3046] c8f020f2-9032-4d46-b67b-b6894818d143: 182 internal nodes; 6.6 s; peak memory 378 MiB.
2026-10-10T14:06:49Z INFO [128/3046] c8f06f94-b37d-4c43-b853-cc2e69605f2a: 11 internal nodes; 0.9 s; peak memory 378 MiB.
2026-10-10T14:06:50Z INFO [129/3046] c8f1329c-317f-4771-9d27-be954eed776d: 31 internal nodes; 1.3 s; peak memory 378 MiB.
2026-10-10T14:06:51Z INFO [130/3046] c8f2487c-5dc9-4fdb-95c2-44665e4013cf: 27 internal nodes; 1.2 s; peak memory 378 MiB.
2026-10-10T14:06:53Z INFO [131/3046] c8f33a3e-d40b-4452-a2bc-2ad298d3c9f6: 18 internal nodes; 1.4 s; peak memory 378 MiB.
2026-10-10T14:06:54Z INFO [132/3046] c8f357eb-a46a-4baa-9942-6d022be373a1: 65 internal nodes; 1.6 s; peak memory 378 MiB.
2026-10-10T14:07:00Z INFO [133/3046] c8f3b374-72a6-4061-830a-51f16d231806: 155 internal nodes; 5.8 s; peak memory 378 MiB.
2026-10-10T14:07:02Z INFO [134/3046] c8f3dbc3-1694-4f68-9f7d-3912ed6af0e0: 27 internal nodes; 1.2 s; peak memory 378 MiB.
2026-10-10T14:07:10Z INFO [135/3046] c8f5d11f-e755-477b-8b51-55598e490802: 191 internal nodes; 8.8 s; peak memory 378 MiB.
2026-10-10T14:07:12Z INFO [136/3046] c8f67cb0-0b96-4863-9544-18b93cfcafd6: 27 internal nodes; 1.3 s; peak memory 378 MiB.
2026-10-10T14:07:27Z INFO [137/3046] c8f79de6-7aad-44fb-9733-e1483d8573d1: 1893 internal nodes; 15.1 s; peak memory 378 MiB.
2026-10-10T14:07:28Z INFO [138/3046] c8f82912-26a7-4dc4-b218-0d0383c10372: 17 internal nodes; 1.0 s; peak memory 378 MiB.
2026-10-10T14:07:29Z INFO [139/3046] c8f86b3d-8980-44c6-ab61-0835c710bced: 31 internal nodes; 1.1 s; peak memory 378 MiB.
2026-10-10T14:07:30Z INFO [140/3046] c8f926a8-4073-4836-b2e4-8ab45478a48b: 27 internal nodes; 1.2 s; peak memory 378 MiB.
2026-10-10T14:07:31Z INFO [141/3046] c8f94ae2-5a7a-45b0-9e47-677bae97efed: 17 internal nodes; 1.0 s; peak memory 378 MiB.
2026-10-10T14:07:32Z INFO [142/3046] c8f95acb-0ec8-44f0-acd3-66c2f1f8facd: 17 internal nodes; 1.0 s; peak memory 378 MiB.
2026-10-10T14:07:35Z INFO [143/3046] c8f9ac44-1a8c-4262-ac52-24a9768cbfa8: 44 internal nodes; 2.8 s; peak memory 378 MiB.
2026-10-10T14:07:36Z INFO [144/3046] c8f9c7b8-607c-4168-b0eb-aa5cd94c7d95: 17 internal nodes; 1.0 s; peak memory 378 MiB.
2026-10-10T14:07:37Z INFO [145/3046] c8f9cce8-0c45-41e8-a904-0f3957a7a058: 27 internal nodes; 1.2 s; peak memory 378 MiB.
2026-10-10T14:07:38Z INFO [146/3046] c8fab970-0ba4-4f55-a4cb-35785457830f: 27 internal nodes; 1.2 s; peak memory 378 MiB.
2026-10-10T14:07:39Z INFO [147/3046] c8fad698-5efb-42a4-b4c0-544fa56a099c: 17 internal nodes; 0.9 s; peak memory 378 MiB.
2026-10-10T14:07:41Z INFO [148/3046] c8fadd67-e711-4580-8096-475adedaeddc: 72 internal nodes; 2.0 s; peak memory 378 MiB.
2026-10-10T14:07:42Z INFO [149/3046] c8faea81-071b-4413-9508-48a3002e8cd5: 16 internal nodes; 1.2 s; peak memory 378 MiB.
2026-10-10T14:07:43Z INFO [150/3046] c8faebe8-cca7-4501-a0a8-d26c063146d0: 26 internal nodes; 1.0 s; peak memory 378 MiB.
2026-10-10T14:07:44Z INFO [150/3046] c8faebe8-cca7-4501-a0a8-d26c063146d0: checkpointed 143919 new records.
2026-10-10T14:07:47Z INFO [151/3046] c8fc59f0-d7fa-490e-b3dc-66db595145da: 60 internal nodes; 3.6 s; peak memory 378 MiB.
2026-10-10T14:07:48Z INFO [152/3046] c8fcaf97-cc6f-46eb-aace-7c556699533a: 17 internal nodes; 1.0 s; peak memory 378 MiB.
2026-10-10T14:07:50Z INFO [153/3046] c8fdc1fc-84f4-458f-994f-767717ac3992: 59 internal nodes; 1.7 s; peak memory 378 MiB.
2026-10-10T14:07:51Z INFO [154/3046] c8fdcd47-f4ac-4ebc-be74-02a42f7686f3: 17 internal nodes; 1.1 s; peak memory 378 MiB.
2026-10-10T14:07:53Z INFO [155/3046] c8fdde0f-bbc2-4ee9-aa65-ecf16126a753: 66 internal nodes; 1.8 s; peak memory 378 MiB.
2026-10-10T14:07:54Z INFO [156/3046] c8fdec48-9496-40f9-923c-bf72771267b4: 27 internal nodes; 1.3 s; peak memory 378 MiB.
2026-10-10T14:07:55Z INFO [157/3046] c8fdf68c-e9c9-4ccd-81b4-6cf1e9f73bfc: 17 internal nodes; 1.1 s; peak memory 378 MiB.
2026-10-10T14:07:56Z INFO [158/3046] c8fe7874-0bf7-4132-848a-a0c1a04b859d: 11 internal nodes; 0.8 s; peak memory 378 MiB.
2026-10-10T14:07:58Z INFO [159/3046] c8febddf-c295-490f-ad04-5f6a3f677531: 29 internal nodes; 1.6 s; peak memory 378 MiB.
2026-10-10T14:07:59Z INFO [160/3046] c8ff2393-f285-4d91-bb38-ee76c56979b8: 11 internal nodes; 0.9 s; peak memory 378 MiB.
2026-10-10T14:08:19Z INFO [161/3046] c8ff68bb-00af-4943-b2db-dffb4093b6b1: 514 internal nodes; 20.3 s; peak memory 378 MiB.
2026-10-10T14:08:22Z INFO [162/3046] c8ff6ec7-6c86-4bd1-802d-6c4630e8fbb8: 45 internal nodes; 3.2 s; peak memory 378 MiB.
2026-10-10T14:08:23Z INFO [163/3046] c901308b-7f17-4183-8d16-225c08674820: 17 internal nodes; 1.1 s; peak memory 378 MiB.
2026-10-10T14:08:26Z INFO [164/3046] c90188b8-c6fa-44a7-a274-477cb82b02e2: 44 internal nodes; 2.8 s; peak memory 378 MiB.
2026-10-10T14:08:47Z INFO [165/3046] c902339b-af68-4259-914d-ad0632893707: 399 internal nodes; 20.9 s; peak memory 378 MiB.
2026-10-10T14:08:48Z INFO [166/3046] c903d25e-33f3-4744-a026-ca419e5f0d84: 30 internal nodes; 1.3 s; peak memory 378 MiB.
2026-10-10T14:08:50Z INFO [167/3046] c90485ce-3b07-4919-96c2-1c0c8b988a7e: 24 internal nodes; 1.7 s; peak memory 378 MiB.
2026-10-10T14:08:51Z INFO [168/3046] c9052b33-a419-4548-b798-c222258754ed: 29 internal nodes; 1.5 s; peak memory 378 MiB.
2026-10-10T14:08:53Z INFO [169/3046] c905d559-6763-4352-a877-77f8c77914e0: 27 internal nodes; 1.1 s; peak memory 378 MiB.
2026-10-10T14:08:54Z INFO [170/3046] c905e542-b2b7-4316-8f4a-f496bf11a8f3: 23 internal nodes; 1.0 s; peak memory 378 MiB.
2026-10-10T14:08:55Z INFO [171/3046] c90676c3-1425-4384-9b94-233beafffe5b: 27 internal nodes; 1.4 s; peak memory 378 MiB.
2026-10-10T14:08:56Z INFO [172/3046] c906a927-7e19-487a-9d1f-94185dcdc405: 27 internal nodes; 1.3 s; peak memory 378 MiB.
2026-10-10T14:08:59Z INFO [173/3046] c906a9b6-c818-4a0e-89b2-c01d2d7db826: 47 internal nodes; 2.8 s; peak memory 378 MiB.
2026-10-10T14:09:01Z INFO [174/3046] c90779bc-da38-4341-88fd-846b0a444dbf: 35 internal nodes; 1.7 s; peak memory 378 MiB.
2026-10-10T14:09:12Z INFO [175/3046] c90909c6-3a1c-4f63-9234-69bcb21c428b: 2094 internal nodes; 11.3 s; peak memory 378 MiB.
2026-10-10T14:09:13Z INFO [176/3046] c9091b23-4ff3-46f0-9b9e-d611d805d459: 11 internal nodes; 0.8 s; peak memory 378 MiB.
2026-10-10T14:09:14Z INFO [177/3046] c9096ced-0756-40e2-9d78-5f0d75c0e129: 20 internal nodes; 0.9 s; peak memory 378 MiB.
2026-10-10T14:09:16Z INFO [178/3046] c9098dfc-f24e-47e4-ad56-ae647d2ca846: 59 internal nodes; 2.2 s; peak memory 378 MiB.
2026-10-10T14:09:17Z INFO [179/3046] c90a2e1c-b3cf-4834-8f7c-1ad48e306884: 17 internal nodes; 0.9 s; peak memory 378 MiB.
2026-10-10T14:09:18Z INFO [180/3046] c90a2f26-db21-45b0-a561-e6e373e9ce95: 90 internal nodes; 1.4 s; peak memory 378 MiB.
2026-10-10T14:09:19Z INFO [181/3046] c90a90fe-0160-4f45-8a49-ed77dc9b3433: 17 internal nodes; 0.8 s; peak memory 378 MiB.
2026-10-10T14:09:21Z INFO [182/3046] c90a98e6-543a-441c-9472-bdd94e4e9f92: 38 internal nodes; 1.6 s; peak memory 378 MiB.
2026-10-10T14:09:27Z INFO [183/3046] c90aacea-3076-4585-ae6d-ce940cdbba88: 181 internal nodes; 6.6 s; peak memory 378 MiB.
2026-10-10T14:09:30Z INFO [184/3046] c90bebec-2fc3-4ec8-a113-78cccea7263c: 31 internal nodes; 2.2 s; peak memory 378 MiB.
2026-10-10T14:09:31Z INFO [185/3046] c90ceba4-87b4-4874-82a0-3a2b35aa9c2d: 27 internal nodes; 1.2 s; peak memory 378 MiB.
2026-10-10T14:09:32Z INFO [186/3046] c90d3277-f24c-4a3c-81c3-4fa8d1a494c9: 27 internal nodes; 1.3 s; peak memory 378 MiB.
2026-10-10T14:09:33Z INFO [187/3046] c90d847b-644e-41ee-93d6-b55b34102670: 27 internal nodes; 1.4 s; peak memory 378 MiB.
2026-10-10T14:09:45Z INFO [188/3046] c90dba30-1697-4910-baac-436d6ecb152a: 303 internal nodes; 11.4 s; peak memory 378 MiB.
2026-10-10T14:09:46Z INFO [189/3046] c90e8200-c708-4219-9fe6-577c00f0983b: 23 internal nodes; 1.1 s; peak memory 378 MiB.
2026-10-10T14:09:47Z INFO [190/3046] c90f5325-1da9-4f6d-83f6-71597ffedf81: 11 internal nodes; 0.8 s; peak memory 378 MiB.
2026-10-10T14:09:50Z INFO [191/3046] c90f640e-84a0-4619-8582-c8635f268e7a: 55 internal nodes; 2.8 s; peak memory 378 MiB.
2026-10-10T14:09:51Z INFO [192/3046] c90f6a23-e906-464c-8ce1-4f2d91a682f0: 16 internal nodes; 1.0 s; peak memory 378 MiB.
2026-10-10T14:09:52Z INFO [193/3046] c90f7864-df67-4ff3-b2c5-23247fe1b0b0: 19 internal nodes; 1.2 s; peak memory 378 MiB.
2026-10-10T14:09:53Z INFO [194/3046] c9101628-1ec6-4519-9626-226ef720ec35: 18 internal nodes; 1.2 s; peak memory 378 MiB.
2026-10-10T14:09:54Z INFO [195/3046] c9101c08-5888-4a20-b8e8-aeb5fd89682c: 25 internal nodes; 0.8 s; peak memory 378 MiB.
2026-10-10T14:09:57Z INFO [196/3046] c9107a08-57d6-4fda-8790-40deaa00fe44: 44 internal nodes; 2.9 s; peak memory 378 MiB.
2026-10-10T14:09:58Z INFO [197/3046] c9107bd8-2aef-4575-9c04-00c00b3b772f: 31 internal nodes; 1.3 s; peak memory 378 MiB.
2026-10-10T14:10:00Z INFO [198/3046] c91114f7-1d1c-40bc-af60-7f92eb31949e: 27 internal nodes; 1.9 s; peak memory 378 MiB.
2026-10-10T14:10:01Z INFO [199/3046] c9117abc-0435-4efa-a309-aaebd14e6e28: 29 internal nodes; 1.5 s; peak memory 378 MiB.
2026-10-10T14:10:03Z INFO [200/3046] c911f5b4-e043-4083-bf69-a0fb1260c9ac: 29 internal nodes; 1.5 s; peak memory 378 MiB.
2026-10-10T14:10:03Z INFO [200/3046] c911f5b4-e043-4083-bf69-a0fb1260c9ac: checkpointed 143969 new records.
2026-10-10T14:10:04Z INFO [201/3046] c9122b1e-782e-4a06-9641-8b9a9acce32b: 23 internal nodes; 0.8 s; peak memory 378 MiB.
2026-10-10T14:10:05Z INFO [202/3046] c9126c25-85b3-4e92-a9b9-1c3fe7164c38: 22 internal nodes; 1.1 s; peak memory 378 MiB.
2026-10-10T14:10:06Z INFO [203/3046] c9132bf3-febb-4c3a-bd4c-456ec0a6f2d1: 13 internal nodes; 1.1 s; peak memory 378 MiB.
2026-10-10T14:10:08Z INFO [204/3046] c913f449-cf2c-4952-bd5f-b56a33fd97bc: 31 internal nodes; 1.1 s; peak memory 378 MiB.
2026-10-10T14:11:00Z INFO [205/3046] c913fc9b-97b2-4a98-8114-08665fd53ec0: 1329 internal nodes; 52.5 s; peak memory 378 MiB.
2026-10-10T14:11:02Z INFO [206/3046] c9151ead-09a1-4caa-8810-6a823ae20ec1: 20 internal nodes; 1.6 s; peak memory 378 MiB.
2026-10-10T14:11:03Z INFO [207/3046] c9158bb1-5d0b-432c-b0b0-179b8530253f: 17 internal nodes; 1.0 s; peak memory 378 MiB.
2026-10-10T14:11:04Z INFO [208/3046] c91607bd-d50e-4773-a20d-7f712f76ef23: 63 internal nodes; 1.5 s; peak memory 378 MiB.
2026-10-10T14:11:05Z INFO [209/3046] c916ec98-c243-4c46-9031-3adb8613d982: 17 internal nodes; 1.0 s; peak memory 378 MiB.
2026-10-10T14:11:07Z INFO [210/3046] c9179c09-a179-4994-90a7-9c51ced74e24: 31 internal nodes; 1.5 s; peak memory 378 MiB.
2026-10-10T14:11:08Z INFO [211/3046] c9180303-e563-4e2a-9c1c-7a8f345e2a06: 32 internal nodes; 1.8 s; peak memory 378 MiB.
2026-10-10T14:11:18Z INFO [212/3046] c9184d34-0de6-4e2f-9a5e-dad13f5f45ba: 117 internal nodes; 9.6 s; peak memory 378 MiB.
2026-10-10T14:11:20Z INFO [213/3046] c9197ae9-ac10-4eff-9cd1-bc3a4462a84c: 31 internal nodes; 1.8 s; peak memory 378 MiB.
2026-10-10T14:11:21Z INFO [214/3046] c9199467-eeb9-4509-b100-a103c61e4eb3: 17 internal nodes; 1.0 s; peak memory 378 MiB.
2026-10-10T14:11:22Z INFO [215/3046] c91a8f85-98bf-4b2f-ad56-d3c7354a72b3: 17 internal nodes; 1.0 s; peak memory 378 MiB.
2026-10-10T14:11:23Z INFO [216/3046] c91ca6cb-6175-4393-89e0-5d9019fabf77: 27 internal nodes; 1.4 s; peak memory 378 MiB.
2026-10-10T14:11:24Z INFO [217/3046] c91cc1f9-81be-48db-8d01-cda154c630e4: 11 internal nodes; 0.7 s; peak memory 378 MiB.
2026-10-10T14:11:25Z INFO [218/3046] c91dbcc1-a3dc-48a0-9c37-5afa92bf3139: 25 internal nodes; 1.4 s; peak memory 378 MiB.
2026-10-10T14:11:26Z INFO [219/3046] c91ee9c5-9f65-403e-acb1-f245b461d0d3: 18 internal nodes; 1.0 s; peak memory 378 MiB.
2026-10-10T14:11:28Z INFO [220/3046] c91f3f3b-5769-4213-91c8-745ce1aef11b: 31 internal nodes; 1.8 s; peak memory 378 MiB.
2026-10-10T14:11:29Z INFO [221/3046] c91ff467-084a-4655-911b-c01699ca6aec: 17 internal nodes; 1.0 s; peak memory 378 MiB.
2026-10-10T14:11:30Z INFO [222/3046] c920684a-5c0c-4b86-a49f-540e803cb802: 13 internal nodes; 1.1 s; peak memory 378 MiB.
2026-10-10T14:11:32Z INFO [223/3046] c920d62f-576c-4ce2-b0cb-03114a158bac: 27 internal nodes; 1.2 s; peak memory 378 MiB.
2026-10-10T14:11:33Z INFO [224/3046] c920ea26-6daf-41a1-af27-b12597df409c: 28 internal nodes; 1.2 s; peak memory 378 MiB.
2026-10-10T14:11:39Z INFO [225/3046] c92118b5-c186-479c-a7a1-24cfbaa173f0: 41 internal nodes; 6.5 s; peak memory 378 MiB.
2026-10-10T14:11:42Z INFO [226/3046] c9215895-66a3-4775-8e8b-491d1d96d24a: 72 internal nodes; 2.4 s; peak memory 378 MiB.
2026-10-10T14:11:43Z INFO [227/3046] c921f7ae-c478-4f68-ae0e-07646deb4f84: 17 internal nodes; 1.0 s; peak memory 378 MiB.
2026-10-10T14:11:44Z INFO [228/3046] c9225f19-bac9-40e2-afe2-e998dbbfa7a0: 21 internal nodes; 1.1 s; peak memory 378 MiB.
2026-10-10T14:11:46Z INFO [229/3046] c9233604-f4e8-497a-bd02-a88cda80e59b: 31 internal nodes; 1.8 s; peak memory 378 MiB.
2026-10-10T14:11:47Z INFO [230/3046] c92375c9-a287-40d6-8334-b7941403c2ee: 28 internal nodes; 1.4 s; peak memory 378 MiB.
2026-10-10T14:11:48Z INFO [231/3046] c92384bf-1c89-4773-a792-ef24824e1af0: 24 internal nodes; 1.1 s; peak memory 378 MiB.
2026-10-10T14:11:51Z INFO [232/3046] c923cb88-268c-4259-87b9-c122427a7db1: 55 internal nodes; 2.8 s; peak memory 378 MiB.
2026-10-10T14:11:52Z INFO [233/3046] c92414d3-55a6-47b5-a49a-558d8cb9782a: 17 internal nodes; 1.0 s; peak memory 378 MiB.
2026-10-10T14:11:53Z INFO [234/3046] c9243113-7144-496d-a7bd-fa49d923a774: 17 internal nodes; 1.1 s; peak memory 378 MiB.
2026-10-10T14:11:59Z INFO [235/3046] c924389d-86b0-4100-9ce8-cc235a216596: 125 internal nodes; 5.5 s; peak memory 378 MiB.
2026-10-10T14:12:04Z INFO [236/3046] c924c0e8-2fa4-4605-ba65-48af4d1ca0ef: 120 internal nodes; 5.3 s; peak memory 378 MiB.
2026-10-10T14:12:06Z INFO [237/3046] c9262357-ffaa-44a7-b0f2-7032b4270fec: 44 internal nodes; 2.3 s; peak memory 378 MiB.
2026-10-10T14:12:07Z INFO [238/3046] c926a9e1-1a60-4268-b468-254804eb3486: 18 internal nodes; 1.2 s; peak memory 378 MiB.
2026-10-10T14:12:10Z INFO [239/3046] c926af42-e7e2-4822-a069-ad8cd8d3d5cf: 46 internal nodes; 3.1 s; peak memory 378 MiB.
2026-10-10T14:12:13Z INFO [240/3046] c926c175-59e0-477a-9f60-ae3ba71d097b: 44 internal nodes; 2.3 s; peak memory 378 MiB.
2026-10-10T14:12:23Z INFO [241/3046] c926cdb3-33d4-4707-b2f3-adaf9c8daa59: 232 internal nodes; 9.8 s; peak memory 378 MiB.
2026-10-10T14:12:34Z INFO [242/3046] c9276c25-9794-4ffc-9eb7-321e420035bb: 200 internal nodes; 11.2 s; peak memory 378 MiB.
2026-10-10T14:12:35Z INFO [243/3046] c9280fba-509f-470d-9631-35561e03ffce: 27 internal nodes; 1.3 s; peak memory 378 MiB.
2026-10-10T14:12:37Z INFO [244/3046] c92865fc-16b4-4c8d-9422-ff7904ea1f03: 59 internal nodes; 1.8 s; peak memory 378 MiB.
2026-10-10T14:12:38Z INFO [245/3046] c92895f9-34a6-47c9-bdf5-3803ba2b4462: 86 internal nodes; 1.3 s; peak memory 378 MiB.
2026-10-10T14:12:40Z INFO [246/3046] c9293499-d934-47aa-a1b7-4fd13849f78f: 28 internal nodes; 1.9 s; peak memory 378 MiB.
2026-10-10T14:12:41Z INFO [247/3046] c92ac194-8eba-4d30-867d-009eac61d9eb: 17 internal nodes; 1.1 s; peak memory 378 MiB.
2026-10-10T14:12:51Z INFO [248/3046] c92cdb7b-e759-4788-932f-65aa42d5be8e: 222 internal nodes; 10.1 s; peak memory 378 MiB.
2026-10-10T14:12:57Z INFO [249/3046] c92d1d09-6343-4481-a9bb-dffe603bdef0: 70 internal nodes; 5.4 s; peak memory 378 MiB.
2026-10-10T14:12:58Z INFO [250/3046] c92da7ed-de14-46b5-b779-c5edd125a398: 19 internal nodes; 1.2 s; peak memory 378 MiB.
2026-10-10T14:12:58Z INFO [250/3046] c92da7ed-de14-46b5-b779-c5edd125a398: checkpointed 144019 new records.
2026-10-10T14:13:06Z INFO [251/3046] c92ec3b0-9eca-4f98-9f40-96a4103f80f7: 177 internal nodes; 7.7 s; peak memory 378 MiB.
2026-10-10T14:13:07Z INFO [252/3046] c92ed302-4ac4-4b7e-bf46-cad6385b8c3c: 27 internal nodes; 1.1 s; peak memory 378 MiB.
2026-10-10T14:13:08Z INFO [253/3046] c92ef850-6577-42ae-b3b6-a1733c948090: 27 internal nodes; 1.3 s; peak memory 378 MiB.
2026-10-10T14:13:10Z INFO [254/3046] c92f4ceb-2b3e-4183-b677-e1ce927a70ed: 27 internal nodes; 1.2 s; peak memory 378 MiB.
2026-10-10T14:13:11Z INFO [255/3046] c930412d-201d-49fe-ba98-42eedfc39e94: 31 internal nodes; 1.8 s; peak memory 378 MiB.
2026-10-10T14:13:12Z INFO [256/3046] c931bcd4-5372-439c-acbd-6d6298ba7840: 17 internal nodes; 0.9 s; peak memory 378 MiB.
2026-10-10T14:13:13Z INFO [257/3046] c9344c32-5e1b-4ff9-b348-de06bcdb8875: 17 internal nodes; 1.0 s; peak memory 378 MiB.
2026-10-10T14:13:15Z INFO [258/3046] c934545c-f02e-48e8-ae55-4a1694235f53: 26 internal nodes; 2.2 s; peak memory 378 MiB.
2026-10-10T14:13:17Z INFO [259/3046] c934729c-1431-4655-9a67-939bf25e1d4f: 31 internal nodes; 1.6 s; peak memory 378 MiB.
2026-10-10T14:13:18Z INFO [260/3046] c9351f79-3bc0-4caf-9909-0bbc5e70788b: 27 internal nodes; 1.3 s; peak memory 378 MiB.
2026-10-10T14:13:21Z INFO [261/3046] c935601f-5359-4c9b-8879-06ba4efc76e5: 61 internal nodes; 2.5 s; peak memory 378 MiB.
2026-10-10T14:13:22Z INFO [262/3046] c935b35e-53c1-40b1-a52a-67be4bf4d66d: 27 internal nodes; 1.0 s; peak memory 378 MiB.
2026-10-10T14:13:23Z INFO [263/3046] c935ec09-5ba5-4e41-8853-93fe9c8594c9: 13 internal nodes; 0.7 s; peak memory 378 MiB.
2026-10-10T14:13:25Z INFO [264/3046] c938d132-d498-44cc-8b82-42e506f5cd7e: 52 internal nodes; 2.3 s; peak memory 378 MiB.
2026-10-10T14:13:26Z INFO [265/3046] c9397eed-6e4a-4f06-b7a3-b69f84c1b76a: 13 internal nodes; 1.0 s; peak memory 378 MiB.
2026-10-10T14:13:27Z INFO [266/3046] c939cb69-686f-4418-aef7-233f008d5e54: 13 internal nodes; 1.1 s; peak memory 378 MiB.
2026-10-10T14:13:29Z INFO [267/3046] c93ae546-f5c7-4156-a476-ee6ad97d0146: 27 internal nodes; 1.6 s; peak memory 378 MiB.
2026-10-10T14:13:30Z INFO [268/3046] c93b6d28-ef6f-4675-984d-595ad51367d6: 17 internal nodes; 1.0 s; peak memory 378 MiB.
2026-10-10T14:13:33Z INFO [269/3046] c93bfcde-884f-4601-9bc9-5666f62a909e: 45 internal nodes; 3.4 s; peak memory 378 MiB.
2026-10-10T14:13:34Z INFO [270/3046] c93d3217-6879-4cac-8c1f-f43616cd6a60: 28 internal nodes; 0.9 s; peak memory 378 MiB.
2026-10-10T14:13:35Z INFO [271/3046] c93d50d1-4967-4c97-aca4-01d75ef8369f: 11 internal nodes; 0.8 s; peak memory 378 MiB.
2026-10-10T14:13:36Z INFO [272/3046] c93d6fa0-bd07-48da-8cfe-accfb6699725: 37 internal nodes; 1.6 s; peak memory 378 MiB.
2026-10-10T14:13:38Z INFO [273/3046] c93daa32-76a4-4386-953b-2624a470d186: 29 internal nodes; 1.4 s; peak memory 378 MiB.
2026-10-10T14:14:36Z INFO [274/3046] c93e3e55-3e78-4a4b-9cd9-9a679dc4c342: 106 internal nodes; 58.5 s; peak memory 378 MiB.
2026-10-10T14:14:37Z INFO [275/3046] c93e5377-f0f9-456d-9eea-2a3a8d1f15b1: 17 internal nodes; 0.8 s; peak memory 378 MiB.
2026-10-10T14:14:45Z INFO [276/3046] c93ed4e8-5ef5-46d0-a19e-7ace3856283b: 107 internal nodes; 8.4 s; peak memory 378 MiB.
2026-10-10T14:14:46Z INFO [277/3046] c93f626a-dcbe-4a46-9e62-11f77dfbafd5: 15 internal nodes; 1.0 s; peak memory 378 MiB.
2026-10-10T14:14:48Z INFO [278/3046] c93f8569-4c8b-4541-a496-2fbdf6220310: 22 internal nodes; 1.3 s; peak memory 378 MiB.
2026-10-10T14:14:49Z INFO [279/3046] c9403155-6c5f-48d5-a0a3-073705a6013c: 17 internal nodes; 1.3 s; peak memory 378 MiB.
2026-10-10T14:14:50Z INFO [280/3046] c940e723-4a46-46ca-adea-f32e4eb8cf8d: 28 internal nodes; 1.3 s; peak memory 378 MiB.
2026-10-10T14:14:51Z INFO [281/3046] c940eea3-0b45-4816-bf4d-432b125f1d17: 23 internal nodes; 1.1 s; peak memory 378 MiB.
2026-10-10T14:14:53Z INFO [282/3046] c9419b8a-2769-4620-893b-fc17af48de1f: 119 internal nodes; 1.4 s; peak memory 378 MiB.
2026-10-10T14:15:03Z INFO [283/3046] c9424a70-a4bc-42f0-bf57-d76bd0443a9b: 215 internal nodes; 10.3 s; peak memory 378 MiB.
2026-10-10T14:15:04Z INFO [284/3046] c942ae3f-a7c2-41d7-b923-83f01d7519f8: 19 internal nodes; 1.0 s; peak memory 378 MiB.
2026-10-10T14:15:05Z INFO [285/3046] c942c8fe-a8ce-43eb-983b-4395d2abcb0c: 27 internal nodes; 1.2 s; peak memory 378 MiB.
2026-10-10T14:15:08Z INFO [286/3046] c943052c-0d81-4fe3-afe6-153fd1dcdc6d: 44 internal nodes; 2.6 s; peak memory 378 MiB.
2026-10-10T14:15:10Z INFO [287/3046] c9437c46-de96-487a-b089-a9f26436bf56: 42 internal nodes; 2.4 s; peak memory 378 MiB.
2026-10-10T14:15:11Z INFO [288/3046] c94403fe-d14b-4ffe-a93e-77c649f49655: 17 internal nodes; 0.9 s; peak memory 378 MiB.
2026-10-10T14:15:13Z INFO [289/3046] c94470db-7568-477e-8e44-8b5c0ed646a3: 27 internal nodes; 1.3 s; peak memory 378 MiB.
2026-10-10T14:15:14Z INFO [290/3046] c9447ad6-22fd-43e3-96d5-b535082d2d2d: 67 internal nodes; 1.9 s; peak memory 378 MiB.
2026-10-10T14:15:16Z INFO [291/3046] c944e890-1793-4124-b86f-de47775c37ac: 55 internal nodes; 1.4 s; peak memory 378 MiB.
2026-10-10T14:15:17Z INFO [292/3046] c9454018-1ebc-45f9-8fe6-8ea531deff71: 26 internal nodes; 0.9 s; peak memory 378 MiB.
2026-10-10T14:15:20Z INFO [293/3046] c9456910-0d5b-4e73-affe-5fed193f146f: 46 internal nodes; 3.3 s; peak memory 378 MiB.
2026-10-10T14:15:23Z INFO [294/3046] c945c565-57e3-4f88-b796-99c4506fbc14: 38 internal nodes; 3.0 s; peak memory 378 MiB.
2026-10-10T14:15:25Z INFO [295/3046] c946db09-7ffc-488b-a3aa-92432513b846: 39 internal nodes; 2.1 s; peak memory 378 MiB.
2026-10-10T14:15:26Z INFO [296/3046] c94765a7-ac4e-42aa-9a6d-1242a6aad80b: 27 internal nodes; 1.4 s; peak memory 378 MiB.
2026-10-10T14:15:28Z INFO [297/3046] c94923d8-6142-4201-9072-ae771fd61fef: 58 internal nodes; 1.9 s; peak memory 378 MiB.
2026-10-10T14:15:30Z INFO [298/3046] c949f215-02e8-46cc-9219-af3cde1aa420: 17 internal nodes; 1.2 s; peak memory 378 MiB.
2026-10-10T14:16:17Z INFO [299/3046] c94a03dd-660b-4e59-97fb-16b3850d8406: 1295 internal nodes; 47.5 s; peak memory 378 MiB.
2026-10-10T14:16:18Z INFO [300/3046] c94a1e0f-7a77-49db-a712-792033d0511a: 13 internal nodes; 0.9 s; peak memory 378 MiB.
2026-10-10T14:16:18Z INFO [300/3046] c94a1e0f-7a77-49db-a712-792033d0511a: checkpointed 144069 new records.
2026-10-10T14:16:20Z INFO [301/3046] c94a4324-d802-4f73-8c64-69eda181406f: 26 internal nodes; 1.6 s; peak memory 378 MiB.
2026-10-10T14:16:22Z INFO [302/3046] c94a555e-c772-48dc-b241-dd99dd8fa28b: 29 internal nodes; 1.9 s; peak memory 378 MiB.
2026-10-10T14:16:23Z INFO [303/3046] c94a9496-8f44-4335-8d4d-6cdc8fbfb566: 26 internal nodes; 0.8 s; peak memory 378 MiB.
2026-10-10T14:16:24Z INFO [304/3046] c94ad302-5287-4fe0-9c2c-dd05ad02c5dd: 37 internal nodes; 1.6 s; peak memory 378 MiB.
2026-10-10T14:16:25Z INFO [305/3046] c94addaf-182a-41eb-bc5d-1f9e3ff03fce: 20 internal nodes; 1.0 s; peak memory 378 MiB.
2026-10-10T14:16:26Z INFO [306/3046] c94aed86-1d66-49af-b06b-ea0f6baa88da: 13 internal nodes; 1.1 s; peak memory 378 MiB.
2026-10-10T14:16:28Z INFO [307/3046] c94b1728-4175-4865-964a-644df43d50ef: 27 internal nodes; 1.3 s; peak memory 378 MiB.
2026-10-10T14:16:29Z INFO [308/3046] c94b2aa0-19fb-4c1d-a711-ef1a607622c6: 17 internal nodes; 1.0 s; peak memory 378 MiB.
2026-10-10T14:16:30Z INFO [309/3046] c94b54a7-2fc8-48a1-b918-bf462b6839d0: 17 internal nodes; 1.1 s; peak memory 378 MiB.
2026-10-10T14:16:31Z INFO [310/3046] c94b8457-8dd6-4408-9880-f7a78634b1b5: 27 internal nodes; 1.2 s; peak memory 378 MiB.
2026-10-10T14:16:32Z INFO [311/3046] c94c8abb-a768-4e44-8dfa-3b03910a6d33: 55 internal nodes; 1.5 s; peak memory 378 MiB.
2026-10-10T14:16:34Z INFO [312/3046] c94c8d2b-8b95-4623-a127-bb481fbe0d45: 52 internal nodes; 1.3 s; peak memory 378 MiB.
2026-10-10T14:16:35Z INFO [313/3046] c94cf7c4-6e5c-4ef5-ba38-a74a88a6f9b1: 19 internal nodes; 1.1 s; peak memory 378 MiB.
2026-10-10T14:16:36Z INFO [314/3046] c94d55e7-2814-4c32-a9e7-b8cfdacd5cd4: 19 internal nodes; 1.1 s; peak memory 378 MiB.
2026-10-10T14:16:38Z INFO [315/3046] c94e20f0-a911-47b4-bdfc-25455c9d1cd9: 44 internal nodes; 2.3 s; peak memory 378 MiB.
2026-10-10T14:16:39Z INFO [316/3046] c94e4607-e1c4-4e5e-b00f-89c21f4ccb32: 17 internal nodes; 1.2 s; peak memory 378 MiB.
2026-10-10T14:16:40Z INFO [317/3046] c94eeb07-a08b-4c9a-b2dc-517f49ccf68a: 17 internal nodes; 1.1 s; peak memory 378 MiB.
2026-10-10T14:16:48Z INFO [318/3046] c9501842-9496-4885-8523-51183afa0982: 213 internal nodes; 7.8 s; peak memory 378 MiB.
2026-10-10T14:16:55Z INFO [319/3046] c9513b49-2d00-411d-a15e-9f1f519080bd: 84 internal nodes; 6.7 s; peak memory 378 MiB.
2026-10-10T14:16:56Z INFO [320/3046] c9513d74-825e-4e04-b51a-2c870cd6a229: 13 internal nodes; 0.9 s; peak memory 378 MiB.
2026-10-10T14:16:57Z INFO [321/3046] c95166b5-a782-412a-84f8-68795d872be5: 29 internal nodes; 1.5 s; peak memory 378 MiB.
2026-10-10T14:16:59Z INFO [322/3046] c951e692-58fb-45bb-91bc-d855f339092c: 22 internal nodes; 1.3 s; peak memory 378 MiB.
2026-10-10T14:17:00Z INFO [323/3046] c951e747-2115-4dfd-a66f-8229676b4f2e: 27 internal nodes; 1.3 s; peak memory 378 MiB.
2026-10-10T14:17:01Z INFO [324/3046] c952a36d-0dd4-494a-b09d-a0269ceb5ba0: 58 internal nodes; 1.5 s; peak memory 378 MiB.
2026-10-10T14:17:03Z INFO [325/3046] c954e05e-9851-406b-afc8-c5f523a9c492: 27 internal nodes; 1.1 s; peak memory 378 MiB.
2026-10-10T14:17:03Z INFO [326/3046] c955dfe2-80ac-4bbd-b74e-e077fe7766f0: 17 internal nodes; 1.0 s; peak memory 378 MiB.
2026-10-10T14:17:05Z INFO [327/3046] c956a397-999b-4af4-a430-74034f376fb8: 28 internal nodes; 1.0 s; peak memory 378 MiB.
2026-10-10T14:17:06Z INFO [328/3046] c956c890-b3c9-4e14-a617-01f0860c07ed: 17 internal nodes; 1.0 s; peak memory 378 MiB.
2026-10-10T14:17:07Z INFO [329/3046] c9576ca8-bcb4-4880-b115-f657c6b9b7c7: 31 internal nodes; 1.4 s; peak memory 378 MiB.
2026-10-10T14:17:08Z INFO [330/3046] c9586a84-00c2-477f-97b0-f2a3c558cf79: 27 internal nodes; 1.2 s; peak memory 378 MiB.
2026-10-10T14:17:14Z INFO [331/3046] c95882c5-d186-4713-b8d8-d4cd5dfb0c0f: 177 internal nodes; 5.7 s; peak memory 378 MiB.
2026-10-10T14:17:15Z INFO [332/3046] c958ef6b-8171-480c-a804-97054636832f: 13 internal nodes; 1.0 s; peak memory 378 MiB.
2026-10-10T14:17:17Z INFO [333/3046] c95a4ff0-2c09-4a76-9779-c02943e857b2: 70 internal nodes; 2.4 s; peak memory 378 MiB.
2026-10-10T14:17:19Z INFO [334/3046] c95a542d-0f10-40dd-aed1-3a59b37565a1: 37 internal nodes; 1.5 s; peak memory 378 MiB.
2026-10-10T14:17:19Z INFO [335/3046] c95a5557-5b92-4562-adca-77cbd80aaa97: 17 internal nodes; 0.9 s; peak memory 378 MiB.
2026-10-10T14:17:22Z INFO [336/3046] c95ae873-fa1c-4ece-b888-2a2b03417c86: 21 internal nodes; 2.3 s; peak memory 378 MiB.
2026-10-10T14:17:28Z INFO [337/3046] c95b7080-32a3-41c9-9c33-02ff9d9bef58: 67 internal nodes; 6.1 s; peak memory 378 MiB.
2026-10-10T14:17:29Z INFO [338/3046] c95b7259-afb6-4296-8a41-b92b141a9ea2: 15 internal nodes; 0.9 s; peak memory 378 MiB.
2026-10-10T14:17:30Z INFO [339/3046] c95c6fa5-8401-4899-8713-b54e9e42ad2e: 27 internal nodes; 1.2 s; peak memory 378 MiB.
2026-10-10T14:17:32Z INFO [340/3046] c95ced96-6869-4319-822b-b122039eb5a3: 31 internal nodes; 1.8 s; peak memory 378 MiB.
2026-10-10T14:17:33Z INFO [341/3046] c95cf141-e569-42ed-8f8e-429836cde6a9: 27 internal nodes; 1.4 s; peak memory 378 MiB.
2026-10-10T14:17:34Z INFO [342/3046] c95cf7e4-dbe3-453a-a352-56e2f37a3842: 86 internal nodes; 1.2 s; peak memory 378 MiB.
2026-10-10T14:17:37Z INFO [343/3046] c95cfd5f-be7b-4961-90ce-c4e77f364201: 44 internal nodes; 2.5 s; peak memory 378 MiB.
2026-10-10T14:17:38Z INFO [344/3046] c95dc671-156f-45b0-8908-a5c14c13ff21: 27 internal nodes; 1.4 s; peak memory 378 MiB.
2026-10-10T14:17:39Z INFO [345/3046] c95e8163-545f-4c9d-9f5a-24de1eba1233: 17 internal nodes; 1.0 s; peak memory 378 MiB.
2026-10-10T14:17:41Z INFO [346/3046] c9604f8b-5201-4e6b-8277-4950d73483d3: 38 internal nodes; 1.6 s; peak memory 378 MiB.
2026-10-10T14:17:42Z INFO [347/3046] c960e34d-a02e-4dba-aa62-663d67f84694: 31 internal nodes; 1.4 s; peak memory 378 MiB.
2026-10-10T14:17:43Z INFO [348/3046] c9617470-de05-4bd4-a446-493775738f9e: 11 internal nodes; 0.8 s; peak memory 378 MiB.
2026-10-10T14:17:44Z INFO [349/3046] c9622722-c4a9-4f72-8473-216f51ca7ab0: 11 internal nodes; 0.7 s; peak memory 378 MiB.
2026-10-10T14:17:49Z INFO [350/3046] c9624a39-4970-4f15-9b03-04c7b18692dd: 112 internal nodes; 5.5 s; peak memory 378 MiB.
2026-10-10T14:17:50Z INFO [350/3046] c9624a39-4970-4f15-9b03-04c7b18692dd: checkpointed 144119 new records.
2026-10-10T14:17:51Z INFO [351/3046] c962f983-90a9-48de-acd2-f59d85774457: 13 internal nodes; 1.2 s; peak memory 378 MiB.
2026-10-10T14:17:52Z INFO [352/3046] c96300ff-b9bc-4579-94e6-1543bf39c241: 17 internal nodes; 1.1 s; peak memory 378 MiB.
2026-10-10T14:17:54Z INFO [353/3046] c963b75a-6ac6-41c8-a4f0-afacca20085e: 31 internal nodes; 1.8 s; peak memory 378 MiB.
2026-10-10T14:17:56Z INFO [354/3046] c963f971-caa7-4fa2-9fc0-7588e3113ac4: 42 internal nodes; 2.2 s; peak memory 378 MiB.
2026-10-10T14:17:57Z INFO [355/3046] c9641cbb-4389-45b8-8c1e-38f391303923: 53 internal nodes; 1.0 s; peak memory 378 MiB.
2026-10-10T14:17:58Z INFO [356/3046] c964fe3c-b965-45b6-9a53-c91b440a33bd: 17 internal nodes; 0.9 s; peak memory 378 MiB.
2026-10-10T14:17:59Z INFO [357/3046] c96538d1-2844-4068-ac5c-4270409e33fe: 27 internal nodes; 1.2 s; peak memory 378 MiB.
2026-10-10T14:18:01Z INFO [358/3046] c96661b5-7026-46d9-80f1-4d78c42f3048: 31 internal nodes; 1.7 s; peak memory 378 MiB.
2026-10-10T14:18:02Z INFO [359/3046] c967d825-28dc-45b0-9e43-539a44ef9855: 115 internal nodes; 1.2 s; peak memory 378 MiB.
2026-10-10T14:18:03Z INFO [360/3046] c9684b08-f38f-42e9-a9e0-b200e449c163: 37 internal nodes; 1.6 s; peak memory 378 MiB.
2026-10-10T14:18:05Z INFO [361/3046] c968c058-c2c4-442f-9939-c41febe5cf37: 19 internal nodes; 1.3 s; peak memory 378 MiB.
2026-10-10T14:18:06Z INFO [362/3046] c9690418-3e42-49c6-955a-97b6d9f7b957: 27 internal nodes; 1.2 s; peak memory 378 MiB.
2026-10-10T14:18:07Z INFO [363/3046] c96b1221-0cd9-4ed7-a012-3e7c4056e2ee: 17 internal nodes; 1.0 s; peak memory 378 MiB.
2026-10-10T14:18:08Z INFO [364/3046] c96b2e2e-6a69-4d68-af03-7008ca5dff54: 27 internal nodes; 1.2 s; peak memory 378 MiB.
2026-10-10T14:18:13Z INFO [365/3046] c96b6b10-fdf8-46af-91d6-cca0edd88e91: 104 internal nodes; 4.4 s; peak memory 378 MiB.
2026-10-10T14:18:14Z INFO [366/3046] c96bb4da-207c-4fb3-9dd2-6d4a9840ce5f: 29 internal nodes; 1.6 s; peak memory 378 MiB.
2026-10-10T14:18:15Z INFO [367/3046] c96c005d-c5ae-490b-999c-40e92feb51df: 17 internal nodes; 0.7 s; peak memory 378 MiB.
2026-10-10T14:18:16Z INFO [368/3046] c96cccbe-7a68-4f8d-9ff5-15f1e2622502: 22 internal nodes; 0.8 s; peak memory 378 MiB.
2026-10-10T14:18:17Z INFO [369/3046] c96cd375-a49a-4964-a84b-17f761873005: 18 internal nodes; 1.7 s; peak memory 378 MiB.
2026-10-10T14:18:19Z INFO [370/3046] c96d7328-a938-4bf8-8e4f-0d475160431f: 31 internal nodes; 1.5 s; peak memory 378 MiB.
2026-10-10T14:18:21Z INFO [371/3046] c96df57c-a85d-4e72-9edc-a043445245ac: 69 internal nodes; 1.8 s; peak memory 378 MiB.
2026-10-10T14:18:22Z INFO [372/3046] c96e3992-f87a-4185-b70b-a4c16e73f6e3: 18 internal nodes; 0.9 s; peak memory 378 MiB.
2026-10-10T14:18:23Z INFO [373/3046] c96e4ef3-559b-4036-bfb5-56298c9eca91: 22 internal nodes; 1.1 s; peak memory 378 MiB.
2026-10-10T14:18:24Z INFO [374/3046] c97031d9-7d79-4a67-83a1-81668ea5ffc2: 15 internal nodes; 0.9 s; peak memory 378 MiB.
2026-10-10T14:18:24Z INFO [375/3046] c970d227-c30f-4a8a-b8f5-507b2617e15b: 17 internal nodes; 0.9 s; peak memory 378 MiB.
2026-10-10T14:18:25Z INFO [376/3046] c9716bc1-6d53-4cb2-be6f-00702dd7fe49: 13 internal nodes; 0.8 s; peak memory 378 MiB.
2026-10-10T14:18:26Z INFO [377/3046] c97181d1-71dc-49c2-9f16-b48de435985a: 19 internal nodes; 1.0 s; peak memory 378 MiB.
2026-10-10T14:18:29Z INFO [378/3046] c971867e-8160-48e8-adfa-a814991deb37: 53 internal nodes; 2.7 s; peak memory 378 MiB.
2026-10-10T14:18:48Z INFO [379/3046] c9719c21-6237-4945-9991-efecd1f17940: 297 internal nodes; 19.3 s; peak memory 378 MiB.
2026-10-10T14:18:49Z INFO [380/3046] c971c30b-7cf7-4f79-a0fe-9781726977d9: 11 internal nodes; 0.7 s; peak memory 378 MiB.
2026-10-10T14:18:50Z INFO [381/3046] c972081a-d369-4a19-bcbf-2c8c91bea006: 11 internal nodes; 0.9 s; peak memory 378 MiB.
2026-10-10T14:18:52Z INFO [382/3046] c97302e7-7f24-4d12-81bb-831f0977443d: 53 internal nodes; 2.5 s; peak memory 378 MiB.
2026-10-10T14:18:53Z INFO [383/3046] c9740f67-8343-475d-a690-7cc1bf35ca4d: 17 internal nodes; 0.8 s; peak memory 378 MiB.
2026-10-10T14:18:54Z INFO [384/3046] c9743b93-4b3e-40b7-9a94-e1daee9920d4: 17 internal nodes; 1.0 s; peak memory 378 MiB.
2026-10-10T14:19:05Z INFO [385/3046] c9752665-cb2f-47b8-82dc-3875addafa60: 281 internal nodes; 11.4 s; peak memory 378 MiB.
2026-10-10T14:19:07Z INFO [386/3046] c9760a03-179c-4ec9-b294-8c377ce0e0ee: 27 internal nodes; 1.3 s; peak memory 378 MiB.
2026-10-10T14:19:08Z INFO [387/3046] c97676cd-20dc-4629-9d58-d3c4a574891b: 29 internal nodes; 1.5 s; peak memory 378 MiB.
2026-10-10T14:19:09Z INFO [388/3046] c9767983-ae4c-4a05-bc5b-c08bb3c7f8e2: 17 internal nodes; 0.9 s; peak memory 378 MiB.
2026-10-10T14:19:10Z INFO [389/3046] c976987a-6dd6-4a61-839a-32501fe07ce1: 31 internal nodes; 1.1 s; peak memory 378 MiB.
2026-10-10T14:19:12Z INFO [390/3046] c97733e7-8275-45c0-b0eb-9d3c35e5a7dc: 29 internal nodes; 1.6 s; peak memory 378 MiB.
2026-10-10T14:19:13Z INFO [391/3046] c9774bfc-3b68-4ce9-bf7d-e064229eaf4e: 13 internal nodes; 1.0 s; peak memory 378 MiB.
2026-10-10T14:19:15Z INFO [392/3046] c9775a60-d344-4962-ba2c-be2dbea57044: 49 internal nodes; 2.4 s; peak memory 378 MiB.
2026-10-10T14:19:17Z INFO [393/3046] c9776772-2e28-4236-ab74-d0c7aa08932c: 65 internal nodes; 1.5 s; peak memory 378 MiB.
2026-10-10T14:19:20Z INFO [394/3046] c978410e-b1c7-4b9b-96ee-632eab9f5c5e: 46 internal nodes; 2.7 s; peak memory 378 MiB.
2026-10-10T14:19:21Z INFO [395/3046] c97a259b-b683-4011-a9ed-9b8b2fbbebc7: 59 internal nodes; 1.6 s; peak memory 378 MiB.
2026-10-10T14:19:22Z INFO [396/3046] c97ab281-1899-4bae-8628-91dc1fc88ed5: 11 internal nodes; 0.8 s; peak memory 378 MiB.
2026-10-10T14:19:23Z INFO [397/3046] c97ab62e-4ef0-4df8-98fd-57e3a5e29fbd: 17 internal nodes; 0.9 s; peak memory 378 MiB.
2026-10-10T14:19:24Z INFO [398/3046] c97b79a0-3a1c-444c-b1cd-9561b4071f4e: 29 internal nodes; 1.5 s; peak memory 378 MiB.
2026-10-10T14:19:26Z INFO [399/3046] c97b820e-fce0-43f3-a283-196257f2100f: 44 internal nodes; 2.1 s; peak memory 378 MiB.
2026-10-10T14:19:29Z INFO [400/3046] c97b9c3f-4c8e-4740-a945-9f0ba123427e: 44 internal nodes; 2.7 s; peak memory 378 MiB.
2026-10-10T14:19:30Z INFO [400/3046] c97b9c3f-4c8e-4740-a945-9f0ba123427e: checkpointed 144169 new records.
2026-10-10T14:19:35Z INFO [401/3046] c97bbe5c-9d12-4d7a-a54d-06c7ae45fb50: 133 internal nodes; 5.3 s; peak memory 378 MiB.
2026-10-10T14:19:36Z INFO [402/3046] c97bf76f-f5c8-44b6-ad42-33df3c4ddc4c: 17 internal nodes; 1.0 s; peak memory 378 MiB.
2026-10-10T14:19:40Z INFO [403/3046] c97c04ca-39c8-4e96-a6c5-bc0db1711c5c: 59 internal nodes; 4.5 s; peak memory 378 MiB.
2026-10-10T14:19:41Z INFO [404/3046] c97c4432-19e5-47f6-93ef-d61e13c918eb: 11 internal nodes; 0.6 s; peak memory 378 MiB.
2026-10-10T14:19:44Z INFO [405/3046] c97da654-c080-4ac6-b441-57eee8f5a3ea: 55 internal nodes; 2.7 s; peak memory 378 MiB.
2026-10-10T14:19:44Z INFO [406/3046] c97dd025-243e-4b67-a9e8-a28a1f606679: 27 internal nodes; 0.8 s; peak memory 378 MiB.
2026-10-10T14:19:46Z INFO [407/3046] c97eade1-d084-44c7-91be-746f7a4bb1ff: 24 internal nodes; 1.9 s; peak memory 378 MiB.
2026-10-10T14:19:48Z INFO [408/3046] c97ec701-10d0-4ec4-884d-058027a3499f: 65 internal nodes; 1.6 s; peak memory 378 MiB.
2026-10-10T14:19:50Z INFO [409/3046] c97efcd7-9ffa-4728-bb1d-b0d7fbb093cc: 72 internal nodes; 2.0 s; peak memory 378 MiB.
2026-10-10T14:19:51Z INFO [410/3046] c97f178a-d314-4350-933f-eab77bca1745: 17 internal nodes; 1.0 s; peak memory 378 MiB.
2026-10-10T14:19:52Z INFO [411/3046] c97f4a5a-cae0-4878-8250-3bee9756f87b: 16 internal nodes; 1.0 s; peak memory 378 MiB.
2026-10-10T14:19:54Z INFO [412/3046] c97f75df-b9ce-4734-b951-fc621ea51ae2: 44 internal nodes; 1.9 s; peak memory 378 MiB.
2026-10-10T14:20:05Z INFO [413/3046] c97f7da2-8663-4d0d-a865-adc1b4861a97: 312 internal nodes; 11.0 s; peak memory 378 MiB.
2026-10-10T14:20:07Z INFO [414/3046] c97fd1ca-a9b7-4b9c-a134-65d0bfba8b8b: 31 internal nodes; 1.7 s; peak memory 378 MiB.
2026-10-10T14:20:08Z INFO [415/3046] c97feda7-d648-46bd-8895-843723c08234: 27 internal nodes; 1.2 s; peak memory 378 MiB.
2026-10-10T14:20:09Z INFO [416/3046] c980ceb4-3d79-43be-b989-9c921d6cc6af: 60 internal nodes; 1.5 s; peak memory 378 MiB.
2026-10-10T14:20:11Z INFO [417/3046] c981bd02-c45e-4666-a369-9e321f331a7c: 69 internal nodes; 1.7 s; peak memory 378 MiB.
2026-10-10T14:20:13Z INFO [418/3046] c9821c8b-853e-4cd0-bd58-b574e5b54841: 29 internal nodes; 1.7 s; peak memory 378 MiB.
2026-10-10T14:20:14Z INFO [419/3046] c9830ab7-60c5-45b7-8f50-1d62da00a212: 55 internal nodes; 1.3 s; peak memory 378 MiB.
2026-10-10T14:20:19Z INFO [420/3046] c983486f-ec11-48b9-aeff-4164080dcaf0: 73 internal nodes; 5.2 s; peak memory 378 MiB.
2026-10-10T14:20:20Z INFO [421/3046] c9835fdf-6bc4-4bf3-84d6-9540d1fbd958: 27 internal nodes; 1.3 s; peak memory 378 MiB.
2026-10-10T14:20:28Z INFO [422/3046] c983a4e1-097a-402c-bda8-e6a41cb7e24a: 314 internal nodes; 7.6 s; peak memory 378 MiB.
2026-10-10T14:20:29Z INFO [423/3046] c98569f8-b162-429d-ab1f-845d3c636832: 26 internal nodes; 0.8 s; peak memory 378 MiB.
2026-10-10T14:20:30Z INFO [424/3046] c985707e-fbd8-4297-974d-6b82ba08eb6d: 27 internal nodes; 1.3 s; peak memory 378 MiB.
2026-10-10T14:20:36Z INFO [425/3046] c9860e7a-0748-4889-9917-9cad3c0d99f2: 201 internal nodes; 6.4 s; peak memory 378 MiB.
2026-10-10T14:20:38Z INFO [426/3046] c9862ca9-6526-46cd-8a74-10c64f47c564: 38 internal nodes; 1.6 s; peak memory 378 MiB.
2026-10-10T14:20:40Z INFO [427/3046] c986a81c-84ce-40b9-884f-afcc549ec621: 66 internal nodes; 1.7 s; peak memory 378 MiB.
2026-10-10T14:20:40Z INFO [428/3046] c987902b-1b4b-4d6b-9796-59d05c5c387b: 11 internal nodes; 0.8 s; peak memory 378 MiB.
2026-10-10T14:20:42Z INFO [429/3046] c9880594-2ce7-49b7-b683-57ecdd703d0b: 15 internal nodes; 1.5 s; peak memory 378 MiB.
2026-10-10T14:20:44Z INFO [430/3046] c9882833-89eb-460f-b287-efa0531275ae: 29 internal nodes; 1.8 s; peak memory 378 MiB.
2026-10-10T14:20:45Z INFO [431/3046] c9884825-7bdd-4b29-a40b-b45b3a73ba8d: 25 internal nodes; 1.7 s; peak memory 378 MiB.
2026-10-10T14:20:46Z INFO [432/3046] c9892b5b-845b-43e9-a766-6136ff532bf3: 17 internal nodes; 1.0 s; peak memory 378 MiB.
2026-10-10T14:20:48Z INFO [433/3046] c98992da-927a-42e6-a703-46f471cf7f0e: 31 internal nodes; 1.3 s; peak memory 378 MiB.
2026-10-10T14:20:49Z INFO [434/3046] c98a6dab-a343-4756-a753-018d53ba6cde: 17 internal nodes; 1.1 s; peak memory 378 MiB.
2026-10-10T14:20:50Z INFO [435/3046] c98ab486-4624-4013-b1d9-e25f319ba75d: 27 internal nodes; 1.2 s; peak memory 378 MiB.
2026-10-10T14:20:51Z INFO [436/3046] c98b8063-2103-4586-8b78-2783688e04f1: 27 internal nodes; 1.2 s; peak memory 378 MiB.
2026-10-10T14:20:52Z INFO [437/3046] c98bc0f7-6ab9-4fe6-a9f3-81299d76e8f4: 27 internal nodes; 1.1 s; peak memory 378 MiB.
2026-10-10T14:20:53Z INFO [438/3046] c98c9c0e-b13a-48aa-a461-15dec7a3dfe8: 17 internal nodes; 1.0 s; peak memory 378 MiB.
2026-10-10T14:20:55Z INFO [439/3046] c98cb374-8341-4215-8b52-f9b84e9a91e2: 30 internal nodes; 1.3 s; peak memory 378 MiB.
2026-10-10T14:21:00Z INFO [440/3046] c98d0efa-3e26-40eb-8890-881eb4e21698: 73 internal nodes; 5.5 s; peak memory 378 MiB.
2026-10-10T14:21:02Z INFO [441/3046] c98d572c-6ca0-495f-9b6e-ddbca0efddd4: 20 internal nodes; 1.6 s; peak memory 378 MiB.
2026-10-10T14:21:03Z INFO [442/3046] c98e28cc-4403-4f36-a23c-3075c17327ce: 27 internal nodes; 1.2 s; peak memory 378 MiB.
2026-10-10T14:21:05Z INFO [443/3046] c98f1886-139f-4b2c-9fec-85a0dd7f8ab6: 59 internal nodes; 2.2 s; peak memory 378 MiB.
2026-10-10T14:21:06Z INFO [444/3046] c98f4968-e061-469f-9edd-93f4546c339e: 19 internal nodes; 0.9 s; peak memory 378 MiB.
2026-10-10T14:21:08Z INFO [445/3046] c9900d08-a840-4589-a1a6-c5e5cca8f392: 53 internal nodes; 1.4 s; peak memory 378 MiB.
2026-10-10T14:21:15Z INFO [446/3046] c990aa8a-2b80-4db1-b99c-bba1ec850c3a: 177 internal nodes; 7.3 s; peak memory 378 MiB.
2026-10-10T14:21:17Z INFO [447/3046] c991391b-8daa-4788-909d-0ea372820321: 59 internal nodes; 1.7 s; peak memory 378 MiB.
2026-10-10T14:21:33Z INFO [448/3046] c9917301-abff-46a9-9052-3391574fa008: 261 internal nodes; 16.7 s; peak memory 378 MiB.
2026-10-10T14:21:36Z INFO [449/3046] c991d9bc-bbed-4386-82fc-d5a101d92968: 46 internal nodes; 3.0 s; peak memory 378 MiB.
2026-10-10T14:21:37Z INFO [450/3046] c991df56-58bd-46dd-b2bb-8554dd70a7bc: 17 internal nodes; 0.9 s; peak memory 378 MiB.
2026-10-10T14:21:38Z INFO [450/3046] c991df56-58bd-46dd-b2bb-8554dd70a7bc: checkpointed 144219 new records.
2026-10-10T14:21:41Z INFO [451/3046] c992795b-3865-448a-9e1c-50929e9345ce: 50 internal nodes; 3.0 s; peak memory 378 MiB.
2026-10-10T14:21:49Z INFO [452/3046] c992ae87-6a44-49af-a9c0-8321b58d2cd9: 201 internal nodes; 8.6 s; peak memory 378 MiB.
2026-10-10T14:21:59Z INFO [453/3046] c992c812-07c1-4e75-ad93-7db68b55d650: 64 internal nodes; 9.4 s; peak memory 378 MiB.
2026-10-10T14:22:00Z INFO [454/3046] c992fc75-9219-4e33-a647-39c05ae3ad8d: 22 internal nodes; 0.9 s; peak memory 378 MiB.
2026-10-10T14:22:01Z INFO [455/3046] c9937bae-8b51-48e8-a6e9-94dd3f1ee42f: 19 internal nodes; 1.3 s; peak memory 378 MiB.
2026-10-10T14:22:02Z INFO [456/3046] c993cae4-7811-4c64-96a1-4d7af4aed703: 11 internal nodes; 0.7 s; peak memory 378 MiB.
2026-10-10T14:22:05Z INFO [457/3046] c994468a-fb58-4d16-bd3c-3673341c15e7: 67 internal nodes; 3.0 s; peak memory 378 MiB.
2026-10-10T14:22:06Z INFO [458/3046] c994833c-3570-4cb5-8933-3a132b89f19f: 17 internal nodes; 1.0 s; peak memory 378 MiB.
2026-10-10T14:22:07Z INFO [459/3046] c9950553-fd11-4ac4-be5e-2c41916ea6c0: 25 internal nodes; 1.3 s; peak memory 378 MiB.
2026-10-10T14:22:08Z INFO [460/3046] c99521a9-16e9-4cd9-9341-e2f5aa610598: 90 internal nodes; 1.2 s; peak memory 378 MiB.
2026-10-10T14:22:09Z INFO [461/3046] c9952506-016a-4055-b3a4-31a796a4d693: 27 internal nodes; 1.3 s; peak memory 378 MiB.
2026-10-10T14:22:10Z INFO [462/3046] c995b2db-ed5d-4e49-9488-17bc1b6aa592: 17 internal nodes; 1.1 s; peak memory 378 MiB.
2026-10-10T14:22:20Z INFO [463/3046] c997279d-03c2-4a02-b990-d18af8e3c63e: 232 internal nodes; 9.6 s; peak memory 378 MiB.
2026-10-10T14:22:21Z INFO [464/3046] c99abceb-82bc-4728-893a-4034b96b74bc: 27 internal nodes; 1.1 s; peak memory 378 MiB.
2026-10-10T14:22:24Z INFO [465/3046] c99bb3cd-d0b6-4643-893e-910c6ad3297f: 50 internal nodes; 3.0 s; peak memory 378 MiB.
2026-10-10T14:22:26Z INFO [466/3046] c99bbdc9-6de3-4059-bf74-b9133a71c569: 31 internal nodes; 1.7 s; peak memory 378 MiB.
2026-10-10T14:22:34Z INFO [467/3046] c99c39f1-af57-4afa-8433-027adbe83425: 65 internal nodes; 7.8 s; peak memory 378 MiB.
2026-10-10T14:22:35Z INFO [468/3046] c99c8c94-1ff4-45c8-88b3-a06703b43190: 17 internal nodes; 0.9 s; peak memory 378 MiB.
2026-10-10T14:22:35Z INFO [469/3046] c99cf287-022e-4152-beb0-a7fb1172379f: 13 internal nodes; 0.8 s; peak memory 378 MiB.
2026-10-10T14:22:36Z INFO [470/3046] c99e1d9d-1170-4498-a8db-1d416c05d758: 11 internal nodes; 0.7 s; peak memory 378 MiB.
2026-10-10T14:22:38Z INFO [471/3046] c99e4252-b9d4-4e52-bbb9-5f6f01de4b0d: 31 internal nodes; 1.7 s; peak memory 378 MiB.
2026-10-10T14:22:39Z INFO [472/3046] c99e8bf8-7499-4265-9474-ab6a67b970e2: 17 internal nodes; 1.0 s; peak memory 378 MiB.
2026-10-10T14:22:42Z INFO [473/3046] c99ef49e-803c-4cf8-989a-82d9ef5cf06f: 42 internal nodes; 2.8 s; peak memory 378 MiB.
2026-10-10T14:22:43Z INFO [474/3046] c99f5f9e-e3b4-4ef1-b461-1f0a1d70f50f: 18 internal nodes; 1.3 s; peak memory 378 MiB.
2026-10-10T14:22:50Z INFO [475/3046] c99f7edc-3ac8-4717-972e-ec2b616d1a8d: 177 internal nodes; 6.9 s; peak memory 378 MiB.
2026-10-10T14:22:51Z INFO [476/3046] c99faa37-8a83-49e1-abf5-ca53996ae0cf: 17 internal nodes; 1.0 s; peak memory 378 MiB.
2026-10-10T14:22:52Z INFO [477/3046] c9a0364a-dad1-437b-8239-a563eda2cde6: 19 internal nodes; 1.2 s; peak memory 378 MiB.
2026-10-10T14:22:53Z INFO [478/3046] c9a0b793-389b-4cd5-92c2-c749454a10a4: 27 internal nodes; 1.3 s; peak memory 378 MiB.
2026-10-10T14:22:55Z INFO [479/3046] c9a0da91-8687-4afb-bb9d-8a519ffea7c7: 31 internal nodes; 1.6 s; peak memory 378 MiB.
2026-10-10T14:22:56Z INFO [480/3046] c9a24c21-c8b2-4f81-97fe-05d29f57582c: 17 internal nodes; 1.0 s; peak memory 378 MiB.
2026-10-10T14:23:02Z INFO [481/3046] c9a2abf0-e308-4cf5-9d62-612b095ce631: 114 internal nodes; 5.7 s; peak memory 378 MiB.
2026-10-10T14:23:03Z INFO [482/3046] c9a33420-f824-4f63-85e6-503dab083106: 31 internal nodes; 1.8 s; peak memory 378 MiB.
2026-10-10T14:23:05Z INFO [483/3046] c9a36c57-c39f-4017-bbfa-dcf2b98eb493: 31 internal nodes; 1.3 s; peak memory 378 MiB.
2026-10-10T14:23:07Z INFO [484/3046] c9a42d73-ad2e-4e92-8dcf-ac817671c513: 58 internal nodes; 1.9 s; peak memory 378 MiB.
2026-10-10T14:23:10Z INFO [485/3046] c9a446ae-be82-45d1-a29b-912cefd8ac7a: 46 internal nodes; 3.1 s; peak memory 378 MiB.
2026-10-10T14:23:11Z INFO [486/3046] c9a463f0-b167-4bde-93f5-519301cb4ded: 17 internal nodes; 0.9 s; peak memory 378 MiB.
2026-10-10T14:23:12Z INFO [487/3046] c9a4e60c-627a-4cb7-88e8-ad20cd3f4f14: 17 internal nodes; 1.0 s; peak memory 378 MiB.
2026-10-10T14:23:13Z INFO [488/3046] c9a4f1c2-4e6a-43d5-a2e7-fbe2aaecdd9d: 119 internal nodes; 1.3 s; peak memory 378 MiB.
2026-10-10T14:23:14Z INFO [489/3046] c9a6071d-7c88-4ab1-aa91-4bb70bbb7b48: 31 internal nodes; 1.5 s; peak memory 378 MiB.
2026-10-10T14:23:15Z INFO [490/3046] c9a7058d-befe-46f1-99c6-5f1aea462d0a: 27 internal nodes; 1.0 s; peak memory 378 MiB.
2026-10-10T14:23:21Z INFO [491/3046] c9a7550c-f1dc-45cc-b2d9-4742d99ec404: 124 internal nodes; 5.6 s; peak memory 378 MiB.
2026-10-10T14:23:23Z INFO [492/3046] c9a85b70-5f2a-483d-90b8-77f03cc00f2f: 31 internal nodes; 1.7 s; peak memory 378 MiB.
2026-10-10T14:23:24Z INFO [493/3046] c9ab142a-18a9-472f-b2a0-cc040f6bc1ac: 18 internal nodes; 1.0 s; peak memory 378 MiB.
2026-10-10T14:23:57Z INFO [494/3046] c9abf3c6-4c4d-4073-972d-c095a22b4e6b: 3759 internal nodes; 32.9 s; peak memory 378 MiB.
2026-10-10T14:23:58Z INFO [495/3046] c9ac8f46-2eb5-4637-a8bd-7a17bbd9b322: 27 internal nodes; 1.2 s; peak memory 378 MiB.
2026-10-10T14:23:59Z INFO [496/3046] c9ace535-7453-4774-b145-50cc7ce21de1: 23 internal nodes; 1.4 s; peak memory 378 MiB.
2026-10-10T14:24:00Z INFO [497/3046] c9adac40-000f-4891-9e8f-bf1e71637257: 17 internal nodes; 0.9 s; peak memory 378 MiB.
2026-10-10T14:24:01Z INFO [498/3046] c9b09deb-c3b6-453d-8116-776ac2298020: 18 internal nodes; 1.0 s; peak memory 378 MiB.
2026-10-10T14:24:02Z INFO [499/3046] c9b0d2a1-d4c8-419b-88b2-496c3284cca2: 17 internal nodes; 1.1 s; peak memory 378 MiB.
2026-10-10T14:24:03Z INFO [500/3046] c9b16298-bd7e-4f59-a02f-c6f4adbab700: 17 internal nodes; 0.9 s; peak memory 378 MiB.
2026-10-10T14:24:04Z INFO [500/3046] c9b16298-bd7e-4f59-a02f-c6f4adbab700: checkpointed 144269 new records.
2026-10-10T14:24:07Z INFO [501/3046] c9b244ff-b8d8-463d-ade8-421d883b65e4: 42 internal nodes; 3.0 s; peak memory 378 MiB.
2026-10-10T14:24:09Z INFO [502/3046] c9b2d860-d922-4806-8f80-72c64baa280b: 30 internal nodes; 2.2 s; peak memory 378 MiB.
2026-10-10T14:24:10Z INFO [503/3046] c9b3452d-e1fa-4e42-ab64-708bbf4b53e4: 17 internal nodes; 1.1 s; peak memory 378 MiB.
2026-10-10T14:24:11Z INFO [504/3046] c9b39485-c57b-4cb9-a375-459d0174018c: 18 internal nodes; 1.2 s; peak memory 378 MiB.
2026-10-10T14:24:12Z INFO [505/3046] c9b3c7c2-ff61-4ab3-b228-62190dffba5a: 17 internal nodes; 0.9 s; peak memory 378 MiB.
2026-10-10T14:24:20Z INFO [506/3046] c9b45d82-2c35-48da-8966-d9f812f5f073: 166 internal nodes; 7.7 s; peak memory 378 MiB.
2026-10-10T14:24:21Z INFO [507/3046] c9b47d3e-9b4e-471b-aca2-e03704b913ae: 17 internal nodes; 0.7 s; peak memory 378 MiB.
2026-10-10T14:24:22Z INFO [508/3046] c9b491dd-9067-4133-931f-abba56227b51: 27 internal nodes; 1.4 s; peak memory 378 MiB.
2026-10-10T14:24:23Z INFO [509/3046] c9b4b00f-5dbe-4340-886b-0291e3f95fa5: 20 internal nodes; 1.1 s; peak memory 378 MiB.
2026-10-10T14:24:24Z INFO [510/3046] c9b4eadb-3fa9-4b08-bd7d-4bb6650fd43a: 19 internal nodes; 1.1 s; peak memory 378 MiB.
2026-10-10T14:24:25Z INFO [511/3046] c9b5e2d1-7a8c-457e-a5b0-84463b4e55db: 13 internal nodes; 0.8 s; peak memory 378 MiB.
2026-10-10T14:24:26Z INFO [512/3046] c9b5f226-9656-4f15-b710-3d3e549a7901: 28 internal nodes; 1.2 s; peak memory 378 MiB.
2026-10-10T14:24:27Z INFO [513/3046] c9b63d07-250e-4c7f-b413-2b8532e09e91: 17 internal nodes; 1.0 s; peak memory 378 MiB.
2026-10-10T14:24:34Z INFO [514/3046] c9b69cb5-7714-4fe0-8c97-7cb37f78fe70: 67 internal nodes; 7.2 s; peak memory 378 MiB.
2026-10-10T14:24:36Z INFO [515/3046] c9b6ace1-3b67-42e6-bb15-0954d7aa6654: 29 internal nodes; 1.5 s; peak memory 378 MiB.
2026-10-10T14:24:42Z INFO [516/3046] c9b6b406-85ca-4fe7-b556-9c588cb6f18f: 125 internal nodes; 6.2 s; peak memory 378 MiB.
2026-10-10T14:24:43Z INFO [517/3046] c9b7275e-bf41-4443-bdb0-4df9fab8047c: 59 internal nodes; 1.2 s; peak memory 378 MiB.
2026-10-10T14:24:55Z INFO [518/3046] c9b755b2-adf6-4c1d-bbbc-045e6706bd96: 269 internal nodes; 11.9 s; peak memory 378 MiB.
2026-10-10T14:24:57Z INFO [519/3046] c9b816f2-b7cf-418b-9b74-5867de90d16f: 31 internal nodes; 1.9 s; peak memory 378 MiB.
2026-10-10T14:25:00Z INFO [520/3046] c9b882aa-a534-4442-8e71-e7d8db749fe0: 44 internal nodes; 2.8 s; peak memory 378 MiB.
2026-10-10T14:25:01Z INFO [521/3046] c9b90071-1c52-4e43-9354-e0cffb236967: 17 internal nodes; 1.0 s; peak memory 378 MiB.
2026-10-10T14:25:03Z INFO [522/3046] c9ba133e-5812-49cf-bbe5-5a97c1b0ce87: 59 internal nodes; 1.9 s; peak memory 378 MiB.
2026-10-10T14:25:05Z INFO [523/3046] c9bacaaf-ba9f-4b66-96ff-96b3d9737d32: 44 internal nodes; 2.5 s; peak memory 378 MiB.
2026-10-10T14:25:06Z INFO [524/3046] c9bb366a-015f-46e6-ae6f-f6e7184828c3: 18 internal nodes; 1.0 s; peak memory 378 MiB.
2026-10-10T14:25:07Z INFO [525/3046] c9bb9c60-0cf9-4477-8e0f-4485940378cc: 119 internal nodes; 1.2 s; peak memory 378 MiB.
2026-10-10T14:25:08Z INFO [526/3046] c9bbd0e9-1cb6-4d19-b11e-a0a8b778254e: 17 internal nodes; 1.0 s; peak memory 378 MiB.
2026-10-10T14:25:09Z INFO [527/3046] c9bbee99-7e63-4d0a-a966-c93a836a6143: 17 internal nodes; 0.9 s; peak memory 378 MiB.
2026-10-10T14:25:10Z INFO [528/3046] c9bc2db5-a8a5-444b-9eb8-0bdd23faa504: 17 internal nodes; 0.9 s; peak memory 378 MiB.
2026-10-10T14:25:12Z INFO [529/3046] c9bcb737-3228-4834-8caf-156caf912600: 27 internal nodes; 1.4 s; peak memory 378 MiB.
2026-10-10T14:25:13Z INFO [530/3046] c9bcfcf3-e862-46f1-9275-6fcddffb80b8: 31 internal nodes; 1.5 s; peak memory 378 MiB.
2026-10-10T14:25:17Z INFO [531/3046] c9bd0657-e4b1-498b-90d3-fa108721df19: 41 internal nodes; 3.6 s; peak memory 378 MiB.
2026-10-10T14:25:18Z INFO [532/3046] c9bd172f-4374-4f37-a2f1-f2c654b4e311: 54 internal nodes; 1.5 s; peak memory 378 MiB.
2026-10-10T14:25:19Z INFO [533/3046] c9bd196c-3f8e-4c02-a54f-ff18011fe1dd: 24 internal nodes; 1.3 s; peak memory 378 MiB.
2026-10-10T14:25:21Z INFO [534/3046] c9bd7019-4903-41d7-bea2-92a6e2df875f: 17 internal nodes; 1.0 s; peak memory 378 MiB.
2026-10-10T14:25:22Z INFO [535/3046] c9bdfec9-1480-4ffc-b078-0df5b34c0f41: 27 internal nodes; 1.3 s; peak memory 378 MiB.
2026-10-10T14:25:23Z INFO [536/3046] c9be1c08-08f3-41a5-a4a7-d1fe96524f4f: 17 internal nodes; 1.1 s; peak memory 378 MiB.
2026-10-10T14:25:24Z INFO [537/3046] c9be3375-cee4-4cf2-b14d-df178e729e42: 17 internal nodes; 1.1 s; peak memory 378 MiB.
2026-10-10T14:25:26Z INFO [538/3046] c9bf353a-092f-4235-a777-4c07f6291fb8: 31 internal nodes; 1.4 s; peak memory 378 MiB.
2026-10-10T14:25:26Z INFO [539/3046] c9c00c72-671c-43c9-8db2-28a406d05c76: 26 internal nodes; 0.8 s; peak memory 378 MiB.
2026-10-10T14:25:27Z INFO [540/3046] c9c0369d-66d7-4d5c-a405-c7c0782f7c00: 17 internal nodes; 0.7 s; peak memory 378 MiB.
2026-10-10T14:25:29Z INFO [541/3046] c9c04278-51db-469d-9778-1164c2b2cd8b: 31 internal nodes; 1.8 s; peak memory 378 MiB.
2026-10-10T14:25:30Z INFO [542/3046] c9c0c4b4-45aa-4cef-8fe7-04053e9f3d53: 54 internal nodes; 1.5 s; peak memory 378 MiB.
2026-10-10T14:25:33Z INFO [543/3046] c9c1b3c7-628b-4422-9cfb-61d121bf13ac: 32 internal nodes; 2.2 s; peak memory 378 MiB.
2026-10-10T14:25:40Z INFO [544/3046] c9c2216d-b97b-433f-afed-e83d978ae0df: 183 internal nodes; 7.1 s; peak memory 378 MiB.
2026-10-10T14:25:41Z INFO [545/3046] c9c228f2-e877-4b53-871c-96cefdeb2053: 115 internal nodes; 1.3 s; peak memory 378 MiB.
2026-10-10T14:25:42Z INFO [546/3046] c9c2d18e-3eac-42c3-8443-e9d013352221: 27 internal nodes; 1.3 s; peak memory 378 MiB.
2026-10-10T14:25:43Z INFO [547/3046] c9c4659d-e64d-4a8b-9e5b-a6980adbad67: 22 internal nodes; 0.7 s; peak memory 378 MiB.
2026-10-10T14:25:44Z INFO [548/3046] c9c466b0-804f-4e56-a9c6-fc77cba783d7: 17 internal nodes; 1.0 s; peak memory 378 MiB.
2026-10-10T14:25:48Z INFO [549/3046] c9c4c636-b937-43e9-a27a-bede2a25dfa6: 46 internal nodes; 3.6 s; peak memory 378 MiB.
2026-10-10T14:25:49Z INFO [550/3046] c9c51829-6ea4-4f1c-8166-47d998a49d5b: 27 internal nodes; 1.5 s; peak memory 378 MiB.
2026-10-10T14:25:50Z INFO [550/3046] c9c51829-6ea4-4f1c-8166-47d998a49d5b: checkpointed 144319 new records.
2026-10-10T14:25:51Z INFO [551/3046] c9c585b5-30cb-42bd-98d4-6d372dfb7986: 17 internal nodes; 1.1 s; peak memory 378 MiB.
2026-10-10T14:25:53Z INFO [552/3046] c9c62bbe-8c9b-4d4a-b0b9-7835c16aba80: 44 internal nodes; 2.8 s; peak memory 378 MiB.
2026-10-10T14:25:55Z INFO [553/3046] c9c644ba-05f8-40a2-87ad-d8e55827150b: 13 internal nodes; 1.1 s; peak memory 378 MiB.
2026-10-10T14:26:03Z INFO [554/3046] c9c66533-1d09-444e-933a-e0d9ac1ea432: 70 internal nodes; 8.8 s; peak memory 378 MiB.
2026-10-10T14:26:05Z INFO [555/3046] c9c6c6a7-1a9d-47ce-bd7c-b4d25b1e13df: 29 internal nodes; 1.8 s; peak memory 378 MiB.
2026-10-10T14:26:06Z INFO [556/3046] c9c74217-2721-4d77-a53d-70a081576db5: 29 internal nodes; 1.2 s; peak memory 378 MiB.
2026-10-10T14:26:17Z INFO [557/3046] c9c762e0-0ca3-47fd-9a95-fa878c31aa4d: 179 internal nodes; 11.0 s; peak memory 378 MiB.
2026-10-10T14:26:18Z INFO [558/3046] c9c7f763-c2b3-419c-bc27-a1450f55f9ea: 11 internal nodes; 0.8 s; peak memory 378 MiB.
2026-10-10T14:26:22Z INFO [559/3046] c9c80368-56ad-4d1a-80f7-b816c8855940: 83 internal nodes; 3.7 s; peak memory 378 MiB.
2026-10-10T14:26:23Z INFO [560/3046] c9c82d49-5262-41c1-abec-ee177f683054: 17 internal nodes; 1.3 s; peak memory 378 MiB.
2026-10-10T14:26:25Z INFO [561/3046] c9c87200-b600-42c7-8909-c614c0b319b9: 72 internal nodes; 2.3 s; peak memory 378 MiB.
2026-10-10T14:26:26Z INFO [562/3046] c9cb7119-0116-4654-a017-b3e2f54e76a5: 17 internal nodes; 0.9 s; peak memory 378 MiB.
2026-10-10T14:26:28Z INFO [563/3046] c9cb730d-8261-4074-a694-883cd01a6661: 31 internal nodes; 1.5 s; peak memory 378 MiB.
2026-10-10T14:26:33Z INFO [564/3046] c9cb9ed0-6c2e-475a-bd29-0194c80175be: 64 internal nodes; 5.1 s; peak memory 378 MiB.
2026-10-10T14:26:43Z INFO [565/3046] c9cbce58-cbc9-4da0-b493-dbc34813636b: 85 internal nodes; 9.6 s; peak memory 378 MiB.
2026-10-10T14:26:44Z INFO [566/3046] c9cbfc3e-50a9-40f2-b11c-27d0a5142e03: 17 internal nodes; 1.0 s; peak memory 378 MiB.
2026-10-10T14:26:45Z INFO [567/3046] c9cc73f8-b081-445e-a5b8-5522462bede1: 17 internal nodes; 1.0 s; peak memory 378 MiB.
2026-10-10T14:26:46Z INFO [568/3046] c9cc78cb-0cb9-4c74-9484-a4c42f9d70ca: 17 internal nodes; 1.0 s; peak memory 378 MiB.
2026-10-10T14:26:46Z INFO [569/3046] c9cc8797-8b51-419d-8d22-e18babbcca1a: 21 internal nodes; 0.8 s; peak memory 378 MiB.
2026-10-10T14:26:48Z INFO [570/3046] c9cdd1d7-1c99-4680-bda6-b49de10c7c02: 26 internal nodes; 1.2 s; peak memory 378 MiB.
2026-10-10T14:26:50Z INFO [571/3046] c9cfab80-cc3b-42cf-b78e-86267b1638d8: 44 internal nodes; 2.7 s; peak memory 378 MiB.
2026-10-10T14:26:51Z INFO [572/3046] c9d0b585-1501-456e-89c0-7a34ea149f05: 17 internal nodes; 1.1 s; peak memory 378 MiB.
2026-10-10T14:26:52Z INFO [573/3046] c9d27f18-0ea1-4304-8c47-cf19627f4b0c: 17 internal nodes; 1.0 s; peak memory 378 MiB.
2026-10-10T14:26:53Z INFO [574/3046] c9d328b9-01cb-4d73-a471-2fff6f0b15e2: 13 internal nodes; 0.9 s; peak memory 378 MiB.
2026-10-10T14:26:55Z INFO [575/3046] c9d3f2ff-eb56-4cf1-b2b7-42bf87095408: 115 internal nodes; 1.5 s; peak memory 378 MiB.
2026-10-10T14:26:58Z INFO [576/3046] c9d434ff-f564-4b33-817b-fc9ec6aea5cb: 44 internal nodes; 3.1 s; peak memory 378 MiB.
2026-10-10T14:27:02Z INFO [577/3046] c9d4be1b-e5a3-4429-bbed-9a2d32b8c833: 43 internal nodes; 4.1 s; peak memory 378 MiB.
2026-10-10T14:27:03Z INFO [578/3046] c9d5c1b9-04f2-402f-863f-419edc5ba134: 114 internal nodes; 1.1 s; peak memory 378 MiB.
2026-10-10T14:27:05Z INFO [579/3046] c9d695f7-73d3-490b-8610-bab07dd02c4e: 65 internal nodes; 2.1 s; peak memory 378 MiB.
2026-10-10T14:27:08Z INFO [580/3046] c9d6d297-88d9-40ae-a098-10d323bbe533: 44 internal nodes; 2.8 s; peak memory 378 MiB.
2026-10-10T14:27:09Z INFO [581/3046] c9d7057a-6568-4d57-b6cb-c2b95214fe4d: 25 internal nodes; 0.8 s; peak memory 378 MiB.
2026-10-10T14:27:10Z INFO [582/3046] c9d76efe-bd2b-43de-ad72-9bf4962e75f2: 116 internal nodes; 1.4 s; peak memory 378 MiB.
2026-10-10T14:27:12Z INFO [583/3046] c9d8770d-3391-4afe-bb40-bc6f4575ac61: 65 internal nodes; 1.8 s; peak memory 378 MiB.
2026-10-10T14:27:13Z INFO [584/3046] c9d8c1e3-5b25-4805-b033-07d98f9fd666: 17 internal nodes; 0.9 s; peak memory 378 MiB.
2026-10-10T14:27:14Z INFO [585/3046] c9d91bcc-e788-4dcc-85db-cb2f24ab40a9: 63 internal nodes; 1.4 s; peak memory 378 MiB.
2026-10-10T14:27:15Z INFO [586/3046] c9d931a6-e151-4153-af0d-428bfea28af0: 17 internal nodes; 1.1 s; peak memory 378 MiB.
2026-10-10T14:27:16Z INFO [587/3046] c9d9d92a-f051-44f4-8204-6c49952989f7: 11 internal nodes; 0.8 s; peak memory 378 MiB.
2026-10-10T14:27:17Z INFO [588/3046] c9da1212-4b31-45d0-b14b-5475249cb959: 17 internal nodes; 0.9 s; peak memory 378 MiB.
2026-10-10T14:27:19Z INFO [589/3046] c9da45bd-607b-48da-9f0f-7011c347b850: 26 internal nodes; 1.6 s; peak memory 378 MiB.
2026-10-10T14:27:20Z INFO [590/3046] c9da9943-afb3-4b61-a357-98ef67beb5ac: 56 internal nodes; 1.5 s; peak memory 378 MiB.
2026-10-10T14:27:22Z INFO [591/3046] c9dabd37-d6b4-4e6b-88fa-d330cbf38ecd: 27 internal nodes; 1.4 s; peak memory 378 MiB.
2026-10-10T14:27:24Z INFO [592/3046] c9dad236-c8d3-4fd6-b4f5-fdcd4547d0e5: 44 internal nodes; 2.4 s; peak memory 378 MiB.
2026-10-10T14:27:33Z INFO [593/3046] c9db04c6-2fb3-416d-93db-26e092c5c57b: 114 internal nodes; 9.3 s; peak memory 378 MiB.
2026-10-10T14:27:34Z INFO [594/3046] c9db605e-5a4a-4868-859a-362ab1d76b4f: 27 internal nodes; 1.2 s; peak memory 378 MiB.
2026-10-10T14:27:36Z INFO [595/3046] c9db9cd0-76c9-413c-aba0-ba55aee43a18: 20 internal nodes; 1.7 s; peak memory 378 MiB.
2026-10-10T14:27:37Z INFO [596/3046] c9dc1c3d-a794-490b-be14-1edc42e413a1: 23 internal nodes; 1.3 s; peak memory 378 MiB.
2026-10-10T14:27:39Z INFO [597/3046] c9dc8ea1-1efc-430f-bdae-a9f6a95e6ec4: 60 internal nodes; 1.8 s; peak memory 378 MiB.
2026-10-10T14:27:40Z INFO [598/3046] c9dd9580-b27b-4bfa-a990-de1c1b1db43d: 17 internal nodes; 1.0 s; peak memory 378 MiB.
2026-10-10T14:27:43Z INFO [599/3046] c9ddabbd-346a-4717-95a3-4e3af172f234: 44 internal nodes; 2.6 s; peak memory 378 MiB.
2026-10-10T14:27:44Z INFO [600/3046] c9de3765-1792-4c36-84f8-2c87c081e7c3: 29 internal nodes; 1.6 s; peak memory 378 MiB.
2026-10-10T14:27:45Z INFO [600/3046] c9de3765-1792-4c36-84f8-2c87c081e7c3: checkpointed 144369 new records.
2026-10-10T14:27:55Z INFO [601/3046] c9de9b6b-730e-49d2-9797-9ae5a56abf18: 114 internal nodes; 9.8 s; peak memory 378 MiB.
2026-10-10T14:27:56Z INFO [602/3046] c9df258e-0dfe-4b68-9c8d-b6f74e4024e2: 67 internal nodes; 1.8 s; peak memory 378 MiB.
2026-10-10T14:27:57Z INFO [603/3046] c9df28b6-959e-4485-b513-8ad5ee97f83d: 13 internal nodes; 0.9 s; peak memory 378 MiB.
2026-10-10T14:27:58Z INFO [604/3046] c9dfe4ba-9311-4e40-aa47-80f536384d91: 17 internal nodes; 1.0 s; peak memory 378 MiB.
2026-10-10T14:28:00Z INFO [605/3046] c9e19493-4c9e-4f41-94df-2bd137d69662: 37 internal nodes; 1.7 s; peak memory 378 MiB.
2026-10-10T14:28:01Z INFO [606/3046] c9e1ec6a-d812-47a8-acf3-bd789ce74b31: 23 internal nodes; 1.3 s; peak memory 378 MiB.
2026-10-10T14:28:03Z INFO [607/3046] c9e231dc-891b-4fa3-ae09-04a6d6bd418c: 35 internal nodes; 1.6 s; peak memory 378 MiB.
2026-10-10T14:28:04Z INFO [608/3046] c9e25af8-fe43-441c-81ff-813be7211cb0: 27 internal nodes; 1.3 s; peak memory 378 MiB.
2026-10-10T14:28:06Z INFO [609/3046] c9e25fd7-3d59-4f4a-9331-7609a8f6c5f5: 44 internal nodes; 2.3 s; peak memory 378 MiB.
2026-10-10T14:28:11Z INFO [610/3046] c9e264aa-f5e9-4607-bbd6-5c64a3c29125: 55 internal nodes; 4.2 s; peak memory 378 MiB.
2026-10-10T14:28:15Z INFO [611/3046] c9e26f6a-acf0-449a-8280-51fbe3f916c0: 125 internal nodes; 4.6 s; peak memory 378 MiB.
2026-10-10T14:28:16Z INFO [612/3046] c9e2a810-d8ee-44de-95d3-ef485b918773: 17 internal nodes; 1.1 s; peak memory 378 MiB.
2026-10-10T14:28:18Z INFO [613/3046] c9e3b465-168f-4bbe-a28c-eabb33a2b70c: 21 internal nodes; 1.5 s; peak memory 378 MiB.
2026-10-10T14:28:19Z INFO [614/3046] c9e47d5c-8170-4584-8311-bb4e1e6687dc: 27 internal nodes; 1.3 s; peak memory 378 MiB.
2026-10-10T14:28:20Z INFO [615/3046] c9e4b7e1-bc8b-409d-80c7-11b7b842d4b8: 13 internal nodes; 0.8 s; peak memory 378 MiB.
2026-10-10T14:28:21Z INFO [616/3046] c9e522a3-1104-4c2f-addb-6a4623c81aad: 17 internal nodes; 0.9 s; peak memory 378 MiB.
2026-10-10T14:28:22Z INFO [617/3046] c9e57ab8-688a-4af4-84da-0ed83c1e6ad5: 18 internal nodes; 0.8 s; peak memory 378 MiB.
2026-10-10T14:28:23Z INFO [618/3046] c9e5d505-5837-4ca3-973f-d28e25abfdab: 17 internal nodes; 1.0 s; peak memory 378 MiB.
2026-10-10T14:28:25Z INFO [619/3046] c9e70127-1262-4225-be91-25b88cef8144: 66 internal nodes; 2.0 s; peak memory 378 MiB.
2026-10-10T14:28:27Z INFO [620/3046] c9e80df7-3cdb-4d18-b0a7-d5c7a4c3c06d: 55 internal nodes; 2.2 s; peak memory 378 MiB.
2026-10-10T14:28:28Z INFO [621/3046] c9e8eb53-e5ba-4889-8f19-5be3554f43c3: 27 internal nodes; 1.2 s; peak memory 378 MiB.
2026-10-10T14:28:29Z INFO [622/3046] c9e9583b-c784-4d1f-959d-1f2c4355cf39: 27 internal nodes; 1.3 s; peak memory 378 MiB.
2026-10-10T14:28:30Z INFO [623/3046] c9eb3646-c17f-4965-8e00-be390153f217: 18 internal nodes; 0.9 s; peak memory 378 MiB.
2026-10-10T14:28:31Z INFO [624/3046] c9ebb9d0-0daf-4e45-8d00-815a9dc76f5f: 58 internal nodes; 1.0 s; peak memory 378 MiB.
2026-10-10T14:28:32Z INFO [625/3046] c9ec03cd-4d88-453f-a31f-b9d0a253753b: 17 internal nodes; 0.9 s; peak memory 378 MiB.
2026-10-10T14:28:33Z INFO [626/3046] c9ec4dc6-e30b-4e59-b2cb-5609a8060e31: 17 internal nodes; 1.0 s; peak memory 378 MiB.
2026-10-10T14:28:34Z INFO [627/3046] c9eca5be-79d8-4881-a5ba-1670399b658c: 17 internal nodes; 0.8 s; peak memory 378 MiB.
2026-10-10T14:28:36Z INFO [628/3046] c9ed46f2-69a2-4cd0-8004-14c1f49fcbae: 45 internal nodes; 2.1 s; peak memory 378 MiB.
2026-10-10T14:28:37Z INFO [629/3046] c9edaa1a-01bb-41a0-8e3c-22652f39ff55: 27 internal nodes; 1.3 s; peak memory 378 MiB.
2026-10-10T14:28:39Z INFO [630/3046] c9edb7ec-3196-4b5e-bdba-98cd2bee0990: 66 internal nodes; 1.8 s; peak memory 378 MiB.
2026-10-10T14:28:44Z INFO [631/3046] c9edd269-9f40-4acb-ab7c-f204089a0170: 120 internal nodes; 4.7 s; peak memory 378 MiB.
2026-10-10T14:28:45Z INFO [632/3046] c9edfafd-f16f-4322-b26d-6fd26878306b: 27 internal nodes; 1.1 s; peak memory 378 MiB.
2026-10-10T14:28:46Z INFO [633/3046] c9ee0a9a-2f83-415a-ad35-9976526faf02: 17 internal nodes; 1.0 s; peak memory 378 MiB.
2026-10-10T14:28:47Z INFO [634/3046] c9ee4194-1912-4970-9fe7-3ff1355f03d9: 115 internal nodes; 1.2 s; peak memory 378 MiB.
2026-10-10T14:29:01Z INFO [635/3046] c9eee376-48d8-4dde-b998-e18017fdee8a: 84 internal nodes; 13.9 s; peak memory 378 MiB.
2026-10-10T14:29:03Z INFO [636/3046] c9ef8985-5dc1-4d9d-abce-04c1d3706abf: 30 internal nodes; 2.0 s; peak memory 378 MiB.
2026-10-10T14:29:04Z INFO [637/3046] c9f0224a-8236-41be-ad77-2731526c7604: 17 internal nodes; 1.0 s; peak memory 378 MiB.
2026-10-10T14:29:05Z INFO [638/3046] c9f062e0-7ae7-47ec-8ebe-292bceb7d784: 18 internal nodes; 0.9 s; peak memory 378 MiB.
2026-10-10T14:29:06Z INFO [639/3046] c9f0f926-8f56-4793-b2d2-a0dea22cb828: 11 internal nodes; 0.9 s; peak memory 378 MiB.
2026-10-10T14:29:07Z INFO [640/3046] c9f30f57-88d4-4df6-b9e0-8c5c34b7d249: 27 internal nodes; 1.2 s; peak memory 378 MiB.
2026-10-10T14:29:10Z INFO [641/3046] c9f38d50-327d-4f61-8681-54d939b67ddd: 44 internal nodes; 2.9 s; peak memory 378 MiB.
2026-10-10T14:29:11Z INFO [642/3046] c9f39ea7-3f7a-461a-aecc-3b4668b85ea3: 25 internal nodes; 1.0 s; peak memory 378 MiB.
2026-10-10T14:29:12Z INFO [643/3046] c9f3bf1c-946b-4ea3-9790-285a25d4fb58: 27 internal nodes; 1.3 s; peak memory 378 MiB.
2026-10-10T14:29:13Z INFO [644/3046] c9f444bf-179d-41c2-ba3a-5149c98d9f83: 17 internal nodes; 0.9 s; peak memory 378 MiB.
2026-10-10T14:29:14Z INFO [645/3046] c9f5d707-f8c0-4ad2-afda-37c17f27aa40: 27 internal nodes; 1.2 s; peak memory 378 MiB.
2026-10-10T14:29:16Z INFO [646/3046] c9f63022-c537-4626-8436-4b55b165fcc3: 24 internal nodes; 1.8 s; peak memory 378 MiB.
2026-10-10T14:29:17Z INFO [647/3046] c9f6d056-ca48-4eef-afc3-42da96978e03: 17 internal nodes; 1.1 s; peak memory 378 MiB.
2026-10-10T14:29:19Z INFO [648/3046] c9f719cd-4b72-4dd1-ae17-4679815d7068: 60 internal nodes; 1.5 s; peak memory 378 MiB.
2026-10-10T14:29:20Z INFO [649/3046] c9f78e69-e019-46b0-8ea1-5f036008c2d1: 29 internal nodes; 1.7 s; peak memory 378 MiB.
2026-10-10T14:29:21Z INFO [650/3046] c9f7958e-d6c9-43a6-af72-00b594f82213: 17 internal nodes; 1.0 s; peak memory 378 MiB.
2026-10-10T14:29:22Z INFO [650/3046] c9f7958e-d6c9-43a6-af72-00b594f82213: checkpointed 144419 new records.
2026-10-10T14:29:23Z INFO [651/3046] c9f7d115-29ad-4fb8-a966-d5f6c119e12d: 31 internal nodes; 1.5 s; peak memory 378 MiB.
2026-10-10T14:29:24Z INFO [652/3046] c9f7fa54-72a7-4cc1-bb7f-3369d4fd2a5c: 26 internal nodes; 0.8 s; peak memory 378 MiB.
2026-10-10T14:29:26Z INFO [653/3046] c9f86e6b-da7c-4369-9f42-f0a2b8b52303: 24 internal nodes; 1.8 s; peak memory 378 MiB.
2026-10-10T14:29:32Z INFO [654/3046] c9f87b63-d476-4367-8ff4-f332b48108cd: 127 internal nodes; 6.6 s; peak memory 378 MiB.
2026-10-10T14:29:34Z INFO [655/3046] c9f8f7f5-7e17-4aa3-95b9-60235ff03866: 17 internal nodes; 1.1 s; peak memory 378 MiB.
2026-10-10T14:29:35Z INFO [656/3046] c9f92ebe-d10c-4a99-b460-4259dd08737b: 58 internal nodes; 1.1 s; peak memory 378 MiB.
2026-10-10T14:29:36Z INFO [657/3046] c9f96b24-ff2e-44f7-9b52-e2ee504ee4b3: 27 internal nodes; 1.4 s; peak memory 378 MiB.
2026-10-10T14:29:37Z INFO [658/3046] c9fa0bd4-a1ff-4850-b76f-af8586eaa3d4: 26 internal nodes; 1.3 s; peak memory 378 MiB.
2026-10-10T14:29:39Z INFO [659/3046] c9fa9d78-b03b-49ba-80af-3729cc69ade9: 95 internal nodes; 1.8 s; peak memory 378 MiB.
2026-10-10T14:29:40Z INFO [660/3046] c9fb7b16-fcc8-4f94-8399-75ef145e236b: 17 internal nodes; 1.0 s; peak memory 378 MiB.
2026-10-10T14:29:41Z INFO [661/3046] c9fb8af7-be2f-4071-b1ba-c677e1eb28b7: 11 internal nodes; 0.9 s; peak memory 378 MiB.
2026-10-10T14:29:42Z INFO [662/3046] c9fba8ad-b468-4d0a-8cc4-b2201cb5557e: 27 internal nodes; 1.2 s; peak memory 378 MiB.
2026-10-10T14:31:02Z INFO [663/3046] c9fc65e4-6b89-43ca-9e05-998ab4736133: 488 internal nodes; 80.0 s; peak memory 378 MiB.
2026-10-10T14:31:03Z INFO [664/3046] c9fc7ede-c3b7-4fc0-b6d8-85bddec82c28: 17 internal nodes; 1.1 s; peak memory 378 MiB.
2026-10-10T14:31:04Z INFO [665/3046] c9fcc688-1b20-4c5e-82e8-59c68cb039c1: 17 internal nodes; 1.0 s; peak memory 378 MiB.
2026-10-10T14:31:07Z INFO [666/3046] c9fd1e8f-7b04-4f6b-9b0b-91505f8f83b2: 44 internal nodes; 2.9 s; peak memory 378 MiB.
2026-10-10T14:31:10Z INFO [667/3046] c9fd29a3-4988-4da9-8639-eddf0c2df816: 67 internal nodes; 2.7 s; peak memory 378 MiB.
2026-10-10T14:31:13Z INFO [668/3046] c9fd2dc8-c25c-4bba-8721-00d64bbe9590: 44 internal nodes; 2.8 s; peak memory 378 MiB.
2026-10-10T14:31:14Z INFO [669/3046] c9fd6bf9-6f63-480b-9ab5-578412eaed8f: 27 internal nodes; 1.3 s; peak memory 378 MiB.
2026-10-10T14:31:15Z INFO [670/3046] c9fe0ec2-9e7d-476f-80b0-d560d7188716: 27 internal nodes; 1.1 s; peak memory 378 MiB.
2026-10-10T14:31:18Z INFO [671/3046] c9ff28fe-f1f5-4423-8706-aad98c370d53: 72 internal nodes; 2.4 s; peak memory 378 MiB.
2026-10-10T14:31:19Z INFO [672/3046] c9ff8ef2-aaae-414f-8402-442f4f17ed04: 17 internal nodes; 0.9 s; peak memory 378 MiB.
2026-10-10T14:31:20Z INFO [673/3046] c9ffeec4-5f2e-47ce-9965-d40d5b1c5e65: 27 internal nodes; 1.1 s; peak memory 378 MiB.
2026-10-10T14:31:20Z INFO [674/3046] ca005369-0dc4-40f3-940f-e8ba299c9290: 17 internal nodes; 0.8 s; peak memory 378 MiB.
2026-10-10T14:31:21Z INFO [675/3046] ca007f13-e5f8-4664-b3cb-9a474eb08628: 17 internal nodes; 1.0 s; peak memory 378 MiB.
2026-10-10T14:31:23Z INFO [676/3046] ca008979-775c-424c-8ba1-91b1f9514f24: 61 internal nodes; 1.5 s; peak memory 378 MiB.
2026-10-10T14:31:24Z INFO [677/3046] ca0113ab-3d3e-4cde-8ada-cdc64648a781: 17 internal nodes; 1.0 s; peak memory 378 MiB.
2026-10-10T14:31:30Z INFO [678/3046] ca0118bc-4ade-4120-9f47-a4b259f76b72: 61 internal nodes; 6.2 s; peak memory 378 MiB.
2026-10-10T14:31:31Z INFO [679/3046] ca019739-6496-4fc2-8958-b7acae7a54a2: 23 internal nodes; 1.1 s; peak memory 378 MiB.
2026-10-10T14:31:33Z INFO [680/3046] ca01ed3c-caf0-496c-9453-8ae02cc274ca: 24 internal nodes; 1.8 s; peak memory 378 MiB.
2026-10-10T14:31:34Z INFO [681/3046] ca01fec5-c221-4c12-9869-9785ea55c812: 17 internal nodes; 1.2 s; peak memory 378 MiB.
2026-10-10T14:31:36Z INFO [682/3046] ca020268-e778-42f8-8827-4e8365f124d0: 26 internal nodes; 1.5 s; peak memory 378 MiB.
2026-10-10T14:31:38Z INFO [683/3046] ca0206c0-a160-439e-ae92-870d500ffd9a: 65 internal nodes; 2.1 s; peak memory 378 MiB.
2026-10-10T14:31:39Z INFO [684/3046] ca021671-93cd-4df3-840e-500b39234d75: 29 internal nodes; 1.5 s; peak memory 378 MiB.
2026-10-10T14:31:41Z INFO [685/3046] ca02f741-6a97-4d17-a8ee-245f6f3cb788: 27 internal nodes; 1.3 s; peak memory 378 MiB.
2026-10-10T14:31:43Z INFO [686/3046] ca0314d1-11a1-4416-bc42-2ecdf52bcfb0: 44 internal nodes; 2.9 s; peak memory 378 MiB.
2026-10-10T14:31:49Z INFO [687/3046] ca031fe0-e604-456c-8a19-ff4393dfe5e5: 142 internal nodes; 6.0 s; peak memory 378 MiB.
2026-10-10T14:31:51Z INFO [688/3046] ca0378d5-af87-4810-a3fe-53806d2b2865: 27 internal nodes; 1.2 s; peak memory 378 MiB.
2026-10-10T14:31:53Z INFO [689/3046] ca046385-9161-4d6b-bfde-474c96172b20: 36 internal nodes; 2.4 s; peak memory 378 MiB.
2026-10-10T14:31:54Z INFO [690/3046] ca04a6f4-9e7a-43c3-8293-1853602ddd5a: 17 internal nodes; 1.1 s; peak memory 378 MiB.
2026-10-10T14:31:55Z INFO [691/3046] ca056692-2fd8-4dd3-9183-17db78b3e329: 17 internal nodes; 1.0 s; peak memory 378 MiB.
2026-10-10T14:32:01Z INFO [692/3046] ca057b06-d7ef-4d4f-901f-baa142856c96: 127 internal nodes; 6.3 s; peak memory 378 MiB.
2026-10-10T14:32:03Z INFO [693/3046] ca05ba23-6a44-420f-974b-74fb579b6436: 31 internal nodes; 1.5 s; peak memory 378 MiB.
2026-10-10T14:32:04Z INFO [694/3046] ca06ab3d-c726-4516-a357-6deb7bb688d7: 27 internal nodes; 1.2 s; peak memory 378 MiB.
2026-10-10T14:32:05Z INFO [695/3046] ca06f0e6-86cd-4474-8c63-479d56d8f0a3: 23 internal nodes; 1.3 s; peak memory 378 MiB.
2026-10-10T14:32:07Z INFO [696/3046] ca075496-1604-4422-ac4c-6a8d7efa95f8: 31 internal nodes; 1.7 s; peak memory 378 MiB.
2026-10-10T14:32:09Z INFO [697/3046] ca0889d6-fe3d-4c54-b31e-93e4339ccd2f: 34 internal nodes; 1.7 s; peak memory 378 MiB.
2026-10-10T14:32:10Z INFO [698/3046] ca089774-0a51-4863-934f-2cfba13c9fd7: 17 internal nodes; 1.0 s; peak memory 378 MiB.
2026-10-10T14:32:11Z INFO [699/3046] ca096d3a-4c72-405b-a623-00d141b4ca94: 27 internal nodes; 1.3 s; peak memory 378 MiB.
2026-10-10T14:32:12Z INFO [700/3046] ca0a6664-c340-489d-a90c-83dcaf733144: 34 internal nodes; 1.0 s; peak memory 378 MiB.
2026-10-10T14:32:13Z INFO [700/3046] ca0a6664-c340-489d-a90c-83dcaf733144: checkpointed 144469 new records.
2026-10-10T14:32:18Z INFO [701/3046] ca0aafa4-2b27-4c70-93ed-1cf5336db25e: 68 internal nodes; 5.7 s; peak memory 378 MiB.
2026-10-10T14:32:21Z INFO [702/3046] ca0ad590-a377-4fc4-9645-87ab79c76ec3: 46 internal nodes; 3.1 s; peak memory 378 MiB.
2026-10-10T14:32:23Z INFO [703/3046] ca0b36f1-d4b7-4767-acbc-7dea29423d2d: 31 internal nodes; 1.4 s; peak memory 378 MiB.
2026-10-10T14:32:24Z INFO [704/3046] ca0b7684-4b92-41ee-aafe-a4dd11c8752e: 30 internal nodes; 1.4 s; peak memory 378 MiB.
2026-10-10T14:32:25Z INFO [705/3046] ca0c54c3-5f56-4caa-81e5-27689a94afce: 17 internal nodes; 1.0 s; peak memory 378 MiB.
2026-10-10T14:32:27Z INFO [706/3046] ca0d0932-1557-421f-a893-f0a8dcb6ef05: 37 internal nodes; 1.6 s; peak memory 378 MiB.
2026-10-10T14:32:28Z INFO [707/3046] ca0d25eb-1816-453d-98e0-9bcd96e14b51: 23 internal nodes; 1.5 s; peak memory 378 MiB.
2026-10-10T14:32:30Z INFO [708/3046] ca0de481-cd23-4d78-be0c-457e6ee4f23d: 52 internal nodes; 2.1 s; peak memory 378 MiB.
2026-10-10T14:32:32Z INFO [709/3046] ca0e5cf8-13de-4bc6-a206-c914e15d7216: 28 internal nodes; 1.8 s; peak memory 378 MiB.
2026-10-10T14:32:33Z INFO [710/3046] ca0f697e-dfc8-4e95-b4b9-c760f16e2045: 16 internal nodes; 0.9 s; peak memory 378 MiB.
2026-10-10T14:32:34Z INFO [711/3046] ca0f7ba4-de7e-4927-9345-33381f2bde11: 17 internal nodes; 0.9 s; peak memory 378 MiB.
2026-10-10T14:32:36Z INFO [712/3046] ca0f8d50-14cf-40e4-a5dd-c8b2bcc8edcf: 36 internal nodes; 1.5 s; peak memory 378 MiB.
2026-10-10T14:32:37Z INFO [713/3046] ca0fa687-335a-4960-8b5c-c587a666ba7a: 65 internal nodes; 1.7 s; peak memory 378 MiB.
2026-10-10T14:32:39Z INFO [714/3046] ca1028c9-d169-4282-9de0-a0ad8272e3af: 119 internal nodes; 1.3 s; peak memory 378 MiB.
2026-10-10T14:32:40Z INFO [715/3046] ca113dc8-4d21-4327-822e-fcdeeeb9cefd: 17 internal nodes; 1.0 s; peak memory 378 MiB.
2026-10-10T14:32:41Z INFO [716/3046] ca1331f3-9c35-483f-8aa6-cb20d1c408df: 17 internal nodes; 1.1 s; peak memory 378 MiB.
2026-10-10T14:32:42Z INFO [717/3046] ca14af1b-bdfc-40b6-82ac-5e9ed81d1fb5: 31 internal nodes; 1.8 s; peak memory 378 MiB.
2026-10-10T14:32:43Z INFO [718/3046] ca151a08-da38-4501-8f21-464b3cc84143: 17 internal nodes; 0.9 s; peak memory 378 MiB.
2026-10-10T14:32:45Z INFO [719/3046] ca158be4-46e2-4660-89d1-d58d4eb738dd: 18 internal nodes; 1.3 s; peak memory 378 MiB.
2026-10-10T14:32:46Z INFO [720/3046] ca19413d-f2d2-449b-810d-f8532f20c42d: 27 internal nodes; 1.3 s; peak memory 378 MiB.
2026-10-10T14:32:47Z INFO [721/3046] ca1967d1-41b4-4287-a8a7-f7c3192e9e16: 31 internal nodes; 1.0 s; peak memory 378 MiB.
2026-10-10T14:32:48Z INFO [722/3046] ca1986ad-c8c7-4666-9bbe-38e141e8b22b: 27 internal nodes; 1.3 s; peak memory 378 MiB.
2026-10-10T14:33:00Z INFO [723/3046] ca19b0b0-b2cf-46e6-b04c-8b1e79b2b23e: 250 internal nodes; 11.8 s; peak memory 378 MiB.
2026-10-10T14:33:01Z INFO [724/3046] ca1a0776-9df7-4df7-aeb9-0e5bd9df01f3: 27 internal nodes; 1.3 s; peak memory 378 MiB.
2026-10-10T14:33:03Z INFO [725/3046] ca1a89fb-a772-4180-876b-eea8ee1b5942: 37 internal nodes; 1.7 s; peak memory 378 MiB.
2026-10-10T14:33:05Z INFO [726/3046] ca1c0a32-3b79-4215-968e-7bd207c783f1: 63 internal nodes; 2.2 s; peak memory 378 MiB.
2026-10-10T14:33:06Z INFO [727/3046] ca1ce227-3647-46fc-8323-a24955b7be19: 115 internal nodes; 1.3 s; peak memory 378 MiB.
2026-10-10T14:33:07Z INFO [728/3046] ca1d46b1-a001-4c4f-b602-908b4f044ffa: 17 internal nodes; 1.0 s; peak memory 378 MiB.
2026-10-10T14:33:08Z INFO [729/3046] ca1d90e5-095a-420c-b05c-09f862e2ab89: 11 internal nodes; 0.8 s; peak memory 378 MiB.
2026-10-10T14:33:43Z INFO [730/3046] ca1e80f3-372e-4d8a-b8a4-c6100ed1dc3f: 4508 internal nodes; 35.1 s; peak memory 447 MiB.
2026-10-10T14:33:45Z INFO [731/3046] ca1f5524-486c-4ef0-b13d-6d58ef1a8f2f: 29 internal nodes; 1.7 s; peak memory 447 MiB.
2026-10-10T14:33:46Z INFO [732/3046] ca1fb2b3-56c3-4766-b15f-eae727925068: 27 internal nodes; 1.3 s; peak memory 447 MiB.
2026-10-10T14:33:47Z INFO [733/3046] ca2067d7-cb70-4066-810e-6ffcb13d87f2: 13 internal nodes; 0.9 s; peak memory 447 MiB.
2026-10-10T14:33:49Z INFO [734/3046] ca206afe-d960-4343-96bf-c3e2d97e6c83: 95 internal nodes; 1.7 s; peak memory 447 MiB.
2026-10-10T14:33:51Z INFO [735/3046] ca20b06b-5da1-4774-87b2-a4342e90af05: 32 internal nodes; 1.6 s; peak memory 447 MiB.
2026-10-10T14:33:52Z INFO [736/3046] ca213e46-182b-4cf4-bc12-07b0b9aaa0fd: 46 internal nodes; 1.9 s; peak memory 447 MiB.
2026-10-10T14:33:53Z INFO [737/3046] ca223358-b231-42dc-9478-b5934e0d1a7c: 25 internal nodes; 1.0 s; peak memory 447 MiB.
2026-10-10T14:33:54Z INFO [738/3046] ca223922-e16c-4722-8513-db07839f71ab: 26 internal nodes; 0.9 s; peak memory 447 MiB.
2026-10-10T14:33:57Z INFO [739/3046] ca227427-c39f-49be-b147-f2438cccca12: 46 internal nodes; 3.0 s; peak memory 447 MiB.
2026-10-10T14:34:00Z INFO [740/3046] ca242d2c-eb11-4c3c-835c-39cc308e4594: 42 internal nodes; 2.2 s; peak memory 447 MiB.
2026-10-10T14:34:02Z INFO [741/3046] ca246e59-f77c-4ab8-b3e2-faed81483640: 44 internal nodes; 2.6 s; peak memory 447 MiB.
2026-10-10T14:34:05Z INFO [742/3046] ca2555e9-3960-47ea-b19b-3342894fd709: 44 internal nodes; 2.7 s; peak memory 447 MiB.
2026-10-10T14:34:06Z INFO [743/3046] ca25e1de-c0c1-4ee1-adfd-4d24aa359d28: 27 internal nodes; 1.4 s; peak memory 447 MiB.
2026-10-10T14:34:07Z INFO [744/3046] ca25f17a-bfe7-45b6-a858-a2b12d6b80b7: 11 internal nodes; 0.7 s; peak memory 447 MiB.
2026-10-10T14:34:08Z INFO [745/3046] ca275540-f299-40ba-b1c0-7f05aa080791: 29 internal nodes; 1.2 s; peak memory 447 MiB.
2026-10-10T14:34:11Z INFO [746/3046] ca276d89-5923-4965-95af-51a3dff11dad: 44 internal nodes; 2.9 s; peak memory 447 MiB.
2026-10-10T14:34:12Z INFO [747/3046] ca278edd-eae1-4cf6-a801-cad047ee7323: 25 internal nodes; 0.7 s; peak memory 447 MiB.
2026-10-10T14:34:23Z INFO [748/3046] ca282961-bf73-4e8c-8c24-8c9525cd1a17: 201 internal nodes; 11.2 s; peak memory 447 MiB.
2026-10-10T14:34:24Z INFO [749/3046] ca28b3a6-e45c-401b-b804-da90a57c604d: 17 internal nodes; 0.9 s; peak memory 447 MiB.
2026-10-10T14:34:25Z INFO [750/3046] ca28cc46-ef32-4798-9622-c064847c6bae: 17 internal nodes; 0.9 s; peak memory 447 MiB.
2026-10-10T14:34:25Z INFO [750/3046] ca28cc46-ef32-4798-9622-c064847c6bae: checkpointed 144519 new records.
2026-10-10T14:34:26Z INFO [751/3046] ca28d489-0ccd-4bda-955f-3b37943627c2: 17 internal nodes; 1.0 s; peak memory 447 MiB.
2026-10-10T14:34:28Z INFO [752/3046] ca294b5f-6387-4da4-9d5d-0b0018331838: 31 internal nodes; 1.5 s; peak memory 447 MiB.
2026-10-10T14:34:29Z INFO [753/3046] ca29a214-dfb9-4e31-867b-d68e2f4f7dab: 17 internal nodes; 1.1 s; peak memory 447 MiB.
2026-10-10T14:34:30Z INFO [754/3046] ca29b414-3b65-44ce-8e67-aef15711c778: 19 internal nodes; 0.9 s; peak memory 447 MiB.
2026-10-10T14:34:32Z INFO [755/3046] ca29e695-5ceb-45c1-bfff-64bf061ed9e0: 41 internal nodes; 1.8 s; peak memory 447 MiB.
2026-10-10T14:34:33Z INFO [756/3046] ca2acbea-efff-463b-b82d-5a4c1b420c69: 115 internal nodes; 1.3 s; peak memory 447 MiB.
2026-10-10T14:34:34Z INFO [757/3046] ca2ad329-a4f0-4c5e-ba88-426b85448279: 18 internal nodes; 0.8 s; peak memory 447 MiB.
2026-10-10T14:34:35Z INFO [758/3046] ca2b0e37-54e4-40f1-b67f-7489edbd87b4: 18 internal nodes; 1.2 s; peak memory 447 MiB.
2026-10-10T14:34:36Z INFO [759/3046] ca2b952f-c705-4582-902f-ff42833ba65b: 27 internal nodes; 1.2 s; peak memory 447 MiB.
2026-10-10T14:34:38Z INFO [760/3046] ca2be73a-b087-4f57-918e-1bf0d94fb197: 27 internal nodes; 1.4 s; peak memory 447 MiB.
2026-10-10T14:34:39Z INFO [761/3046] ca2c0589-ddad-44e3-9dac-51d02a357293: 23 internal nodes; 1.3 s; peak memory 447 MiB.
2026-10-10T14:34:40Z INFO [762/3046] ca2c3619-40a7-4b28-963e-7d9541bfe117: 25 internal nodes; 1.2 s; peak memory 447 MiB.
2026-10-10T14:34:42Z INFO [763/3046] ca2c5de2-b27e-4a84-ab28-82567e4f5a2e: 31 internal nodes; 1.8 s; peak memory 447 MiB.
2026-10-10T14:34:45Z INFO [764/3046] ca2c6fe4-c3f0-4c8e-9f52-5378da2a6bf6: 50 internal nodes; 3.0 s; peak memory 447 MiB.
2026-10-10T14:34:47Z INFO [765/3046] ca2d5ba2-286f-4ab9-960b-f16355d09840: 31 internal nodes; 1.6 s; peak memory 447 MiB.
2026-10-10T14:34:48Z INFO [766/3046] ca2d988e-f8b2-4705-996c-5beac6c5e5ee: 24 internal nodes; 1.1 s; peak memory 447 MiB.
2026-10-10T14:34:49Z INFO [767/3046] ca2e75b7-3203-4262-818a-6cf937ff9208: 31 internal nodes; 1.5 s; peak memory 447 MiB.
2026-10-10T14:34:51Z INFO [768/3046] ca2f6648-7343-4e59-a19b-38a805d392a9: 31 internal nodes; 1.4 s; peak memory 447 MiB.
2026-10-10T14:34:52Z INFO [769/3046] ca30421f-1ddb-47e4-a94f-cd20f997efc7: 37 internal nodes; 1.6 s; peak memory 447 MiB.
2026-10-10T14:34:56Z INFO [770/3046] ca3082c2-b019-417c-8975-4d3772df746e: 110 internal nodes; 4.1 s; peak memory 447 MiB.
2026-10-10T14:34:58Z INFO [771/3046] ca319823-baf4-4fea-9cc3-934740c2e0f4: 22 internal nodes; 1.3 s; peak memory 447 MiB.
2026-10-10T14:34:59Z INFO [772/3046] ca31a635-e055-4ed2-a403-5c8bd5208abd: 31 internal nodes; 1.4 s; peak memory 447 MiB.
2026-10-10T14:35:00Z INFO [773/3046] ca31ccc4-5d08-47b6-87f7-fb568151fe43: 27 internal nodes; 1.5 s; peak memory 447 MiB.
2026-10-10T14:35:02Z INFO [774/3046] ca31d872-2e14-477d-aa90-be8cee21370b: 60 internal nodes; 1.4 s; peak memory 447 MiB.
2026-10-10T14:35:03Z INFO [775/3046] ca31e8e5-8068-48f7-a894-ba5fa50c46d7: 27 internal nodes; 1.2 s; peak memory 447 MiB.
2026-10-10T14:35:05Z INFO [776/3046] ca31f8a2-bd54-41cf-8e69-f885a6ddf59d: 31 internal nodes; 1.5 s; peak memory 447 MiB.
2026-10-10T14:35:06Z INFO [777/3046] ca330102-5d80-4b72-95e0-13074bdc03c4: 26 internal nodes; 1.3 s; peak memory 447 MiB.
2026-10-10T14:35:07Z INFO [778/3046] ca336687-7bb3-400c-bbf9-34494c03b658: 17 internal nodes; 0.9 s; peak memory 447 MiB.
2026-10-10T14:35:08Z INFO [779/3046] ca34c2fe-0c8b-47df-a80b-29ddf8c37c05: 31 internal nodes; 1.0 s; peak memory 447 MiB.
2026-10-10T14:35:09Z INFO [780/3046] ca34c7a0-0f2c-4172-a1af-446fd8f98bed: 17 internal nodes; 0.9 s; peak memory 447 MiB.
2026-10-10T14:35:18Z INFO [781/3046] ca35cf15-fa7a-454a-93b2-26ed14e0a6af: 161 internal nodes; 9.0 s; peak memory 447 MiB.
2026-10-10T14:35:20Z INFO [782/3046] ca3606e1-f688-4da9-9862-e96bd3499416: 27 internal nodes; 2.1 s; peak memory 447 MiB.
2026-10-10T14:35:21Z INFO [783/3046] ca361866-0087-42ec-a722-4709938e0e9d: 27 internal nodes; 1.2 s; peak memory 447 MiB.
2026-10-10T14:35:22Z INFO [784/3046] ca378f02-8943-4c3b-a96f-e32002c90569: 55 internal nodes; 1.5 s; peak memory 447 MiB.
2026-10-10T14:35:24Z INFO [785/3046] ca379acd-445f-4742-9269-8a6356cf3ac4: 17 internal nodes; 1.3 s; peak memory 447 MiB.
2026-10-10T14:35:25Z INFO [786/3046] ca3836b9-0e93-4870-ac09-dbf7a601eb9d: 31 internal nodes; 1.6 s; peak memory 447 MiB.
2026-10-10T14:35:27Z INFO [787/3046] ca3a6d1a-3e4e-4e87-9d8f-4edb2b460306: 31 internal nodes; 1.3 s; peak memory 447 MiB.
2026-10-10T14:35:27Z INFO [788/3046] ca3a7e5c-ea59-4696-9643-7850b000154b: 17 internal nodes; 0.9 s; peak memory 447 MiB.
2026-10-10T14:35:29Z INFO [789/3046] ca3ae3a7-59ad-4ba1-8ccf-63e27758e3a0: 27 internal nodes; 1.3 s; peak memory 447 MiB.
2026-10-10T14:35:31Z INFO [790/3046] ca3ae9cd-be73-4f15-9e0b-15398a36add9: 72 internal nodes; 2.4 s; peak memory 447 MiB.
2026-10-10T14:35:32Z INFO [791/3046] ca3af15e-5924-485c-9442-e34f89e1b9e0: 24 internal nodes; 0.8 s; peak memory 447 MiB.
2026-10-10T14:35:33Z INFO [792/3046] ca3b9520-7f18-491b-bcba-9664bf4098b5: 29 internal nodes; 1.4 s; peak memory 447 MiB.
2026-10-10T14:35:34Z INFO [793/3046] ca3c07c3-4880-4b6a-b1a4-3211a46b5ad8: 28 internal nodes; 1.1 s; peak memory 447 MiB.
2026-10-10T14:35:36Z INFO [794/3046] ca3d7f3b-413f-49bc-a4d3-62403e7e2c65: 27 internal nodes; 1.3 s; peak memory 447 MiB.
2026-10-10T14:35:37Z INFO [795/3046] ca3df59a-199c-4850-9bac-0763a5b9841e: 17 internal nodes; 0.9 s; peak memory 447 MiB.
2026-10-10T14:35:37Z INFO [796/3046] ca3e7613-664e-43e3-bd49-2304913c4515: 11 internal nodes; 0.8 s; peak memory 447 MiB.
2026-10-10T14:36:01Z INFO [797/3046] ca3fa642-4fb8-4df2-b0aa-94339332e8e6: 225 internal nodes; 23.2 s; peak memory 447 MiB.
2026-10-10T14:36:07Z INFO [798/3046] ca3fcca7-ac1c-4a53-8361-51d75d33c504: 55 internal nodes; 6.3 s; peak memory 447 MiB.
2026-10-10T14:36:08Z INFO [799/3046] ca410cb2-5afe-448a-b317-ac7fb14da316: 25 internal nodes; 1.2 s; peak memory 447 MiB.
2026-10-10T14:36:10Z INFO [800/3046] ca4174a0-78b2-4ad1-8648-55580c49cefb: 72 internal nodes; 2.0 s; peak memory 447 MiB.
2026-10-10T14:36:11Z INFO [800/3046] ca4174a0-78b2-4ad1-8648-55580c49cefb: checkpointed 144569 new records.
2026-10-10T14:36:22Z INFO [801/3046] ca41cdfc-c44e-417d-9140-faff236c09ed: 242 internal nodes; 11.3 s; peak memory 447 MiB.
2026-10-10T14:36:24Z INFO [802/3046] ca45e34e-2e35-4182-906b-70a69590c881: 32 internal nodes; 2.3 s; peak memory 447 MiB.
2026-10-10T14:36:25Z INFO [803/3046] ca46543c-60c1-4c70-be29-8be054e0a711: 17 internal nodes; 1.1 s; peak memory 447 MiB.
2026-10-10T14:36:26Z INFO [804/3046] ca46f67f-cbde-47d1-9c4a-67a7a3571098: 13 internal nodes; 0.8 s; peak memory 447 MiB.
2026-10-10T14:36:29Z INFO [805/3046] ca472be8-a802-45ba-82e0-4a4315a472e3: 51 internal nodes; 2.6 s; peak memory 447 MiB.
2026-10-10T14:36:30Z INFO [806/3046] ca47cdf9-5590-429c-84a7-f7601bdf3239: 17 internal nodes; 1.1 s; peak memory 447 MiB.
2026-10-10T14:36:31Z INFO [807/3046] ca47ea71-527a-42dd-9157-7e4aa965451c: 27 internal nodes; 1.3 s; peak memory 447 MiB.
2026-10-10T14:36:33Z INFO [808/3046] ca482a06-6c1d-4e88-a5cf-4022b6824a0e: 27 internal nodes; 1.2 s; peak memory 447 MiB.
2026-10-10T14:36:42Z INFO [809/3046] ca486ad4-ef0c-4ff9-8506-610b548b9037: 51 internal nodes; 9.2 s; peak memory 447 MiB.
2026-10-10T14:36:43Z INFO [810/3046] ca4931b0-d352-4ff8-936c-eae69956e0a8: 31 internal nodes; 1.7 s; peak memory 447 MiB.
2026-10-10T14:36:47Z INFO [811/3046] ca494b56-4b78-43d5-a910-c5a698836d70: 46 internal nodes; 3.2 s; peak memory 447 MiB.
2026-10-10T14:36:47Z INFO [812/3046] ca4a23e4-a762-4feb-88ad-80542c90e1fa: 17 internal nodes; 0.8 s; peak memory 447 MiB.
2026-10-10T14:36:54Z INFO [813/3046] ca4a3007-c38f-4116-a206-6838b0a0a2be: 61 internal nodes; 6.6 s; peak memory 447 MiB.
2026-10-10T14:36:55Z INFO [814/3046] ca4abd92-ba1a-4114-82ca-49532ba70cbc: 27 internal nodes; 1.2 s; peak memory 447 MiB.
2026-10-10T14:37:06Z INFO [815/3046] ca4af71c-2413-4c7d-a787-a3ac64ad885a: 223 internal nodes; 11.1 s; peak memory 447 MiB.
2026-10-10T14:37:07Z INFO [816/3046] ca4b5f84-d935-4350-b824-a53d9926463d: 17 internal nodes; 1.0 s; peak memory 447 MiB.
2026-10-10T14:37:09Z INFO [817/3046] ca4b8ecc-59a5-4cdc-a78a-43a284ab41b6: 59 internal nodes; 1.7 s; peak memory 447 MiB.
2026-10-10T14:37:11Z INFO [818/3046] ca4ba209-a341-4dc2-afe8-7b6d0e749c57: 27 internal nodes; 1.5 s; peak memory 447 MiB.
2026-10-10T14:37:12Z INFO [819/3046] ca4d4ed7-8416-469e-b235-d1bf48dcf77f: 17 internal nodes; 0.9 s; peak memory 447 MiB.
2026-10-10T14:37:13Z INFO [820/3046] ca4d9f76-0751-43de-8e9e-b160ea33caca: 61 internal nodes; 1.5 s; peak memory 447 MiB.
2026-10-10T14:37:16Z INFO [821/3046] ca4dfea1-fdae-48b5-a798-cc9d453f307d: 42 internal nodes; 3.2 s; peak memory 447 MiB.
2026-10-10T14:37:17Z INFO [822/3046] ca4eba6c-d311-4475-85ee-56f227705971: 23 internal nodes; 1.2 s; peak memory 447 MiB.
2026-10-10T14:37:18Z INFO [823/3046] ca5030fe-3eb1-4673-95a7-452929cfd42b: 17 internal nodes; 0.9 s; peak memory 447 MiB.
2026-10-10T14:37:20Z INFO [824/3046] ca5184c4-23b6-450e-902b-bcf85a6c497f: 31 internal nodes; 1.8 s; peak memory 447 MiB.
2026-10-10T14:37:21Z INFO [825/3046] ca51e31f-3151-4ceb-965d-2f0339e48aa2: 17 internal nodes; 1.2 s; peak memory 447 MiB.
2026-10-10T14:37:22Z INFO [826/3046] ca51f487-b969-46f2-95e9-081e2f791a5e: 27 internal nodes; 1.2 s; peak memory 447 MiB.
2026-10-10T14:37:24Z INFO [827/3046] ca526aff-cb83-4074-ba1e-8ed8901c8538: 19 internal nodes; 1.1 s; peak memory 447 MiB.
2026-10-10T14:37:35Z INFO [828/3046] ca52a6b1-6ac3-4a82-8f59-95e557ba83ce: 228 internal nodes; 11.2 s; peak memory 447 MiB.
2026-10-10T14:37:36Z INFO [829/3046] ca52d337-1afb-46d3-bac6-a06e5b280ba6: 27 internal nodes; 1.4 s; peak memory 447 MiB.
2026-10-10T14:37:37Z INFO [830/3046] ca532d38-c315-4a75-af97-8d17006fff3e: 17 internal nodes; 0.9 s; peak memory 447 MiB.
2026-10-10T14:37:39Z INFO [831/3046] ca53c1c2-3540-4080-888d-8c8095a4bcd0: 31 internal nodes; 1.6 s; peak memory 447 MiB.
2026-10-10T14:37:49Z INFO [832/3046] ca58d07b-2e48-4a14-8d93-5bacf41c4cec: 50 internal nodes; 10.0 s; peak memory 449 MiB.
2026-10-10T14:37:50Z INFO [833/3046] ca596d93-895a-4213-93e2-8224ea88f2d4: 17 internal nodes; 1.0 s; peak memory 449 MiB.
2026-10-10T14:37:53Z INFO [834/3046] ca59ad7a-c1bb-4a14-bbe5-10586e00d827: 41 internal nodes; 2.8 s; peak memory 449 MiB.
2026-10-10T14:37:54Z INFO [835/3046] ca5a46b2-d1e5-4fef-8fb8-ac3ea943e9d6: 63 internal nodes; 1.4 s; peak memory 449 MiB.
2026-10-10T14:37:55Z INFO [836/3046] ca5ad76f-d290-4319-aaaa-0b32e39600d7: 17 internal nodes; 0.9 s; peak memory 449 MiB.
2026-10-10T14:37:56Z INFO [837/3046] ca5b1263-48c1-4f1f-9c83-1228d5bac1ed: 17 internal nodes; 1.0 s; peak memory 449 MiB.
2026-10-10T14:37:57Z INFO [838/3046] ca5b63c4-cf83-42d2-a00e-b3a81511d2d3: 17 internal nodes; 1.0 s; peak memory 449 MiB.
2026-10-10T14:38:00Z INFO [839/3046] ca5b9170-fc60-4d1f-8e3c-a56f32bf0bf3: 44 internal nodes; 2.8 s; peak memory 449 MiB.
2026-10-10T14:38:01Z INFO [840/3046] ca5cb7ba-5726-47f6-a89d-a1b4ae8a861f: 27 internal nodes; 1.2 s; peak memory 449 MiB.
2026-10-10T14:38:02Z INFO [841/3046] ca5cd0a1-5e93-4ba0-b79c-bbc1138dcd73: 19 internal nodes; 0.9 s; peak memory 449 MiB.
2026-10-10T14:38:03Z INFO [842/3046] ca5ce73d-5164-4d77-a6c1-583910c53441: 13 internal nodes; 0.9 s; peak memory 449 MiB.
2026-10-10T14:38:04Z INFO [843/3046] ca5dff4f-251c-4fbf-b5a0-ef036bd4ebe4: 27 internal nodes; 1.2 s; peak memory 449 MiB.
2026-10-10T14:38:05Z INFO [844/3046] ca5eb850-5125-468c-9d4f-838e5744227d: 60 internal nodes; 1.4 s; peak memory 449 MiB.
2026-10-10T14:38:08Z INFO [845/3046] ca5ec19c-b607-458e-b40c-5491f41a6d12: 44 internal nodes; 3.1 s; peak memory 449 MiB.
2026-10-10T14:38:11Z INFO [846/3046] ca5fcd16-ac1f-489c-89ea-c023b559a737: 44 internal nodes; 2.8 s; peak memory 449 MiB.
2026-10-10T14:38:12Z INFO [847/3046] ca602c92-9bdc-493f-8a3a-e9b2654f82f6: 17 internal nodes; 1.0 s; peak memory 449 MiB.
2026-10-10T14:38:13Z INFO [848/3046] ca609a3a-d588-481a-9fa3-2c0c32a3c7ac: 24 internal nodes; 1.2 s; peak memory 449 MiB.
2026-10-10T14:38:14Z INFO [849/3046] ca61936d-dafa-4691-b149-7a3b020c47b9: 27 internal nodes; 1.2 s; peak memory 449 MiB.
2026-10-10T14:38:15Z INFO [850/3046] ca621184-1094-4196-a8c0-c2005d770628: 17 internal nodes; 1.0 s; peak memory 449 MiB.
2026-10-10T14:38:16Z INFO [850/3046] ca621184-1094-4196-a8c0-c2005d770628: checkpointed 144619 new records.
2026-10-10T14:38:17Z INFO [851/3046] ca632c7f-92dc-4d84-a238-77156e280a6e: 28 internal nodes; 1.0 s; peak memory 449 MiB.
2026-10-10T14:38:27Z INFO [852/3046] ca632e22-fbb1-4000-a78b-d20faade97bb: 186 internal nodes; 9.8 s; peak memory 449 MiB.
2026-10-10T14:38:29Z INFO [853/3046] ca6341f1-5f17-4fba-ba84-681370ba2ae5: 47 internal nodes; 2.7 s; peak memory 449 MiB.
2026-10-10T14:38:30Z INFO [854/3046] ca644ff5-fb97-4c26-a79e-042a30f62a00: 17 internal nodes; 0.8 s; peak memory 449 MiB.
2026-10-10T14:38:32Z INFO [855/3046] ca64e8e2-e7f1-4ae5-b2dc-6f648adb3051: 27 internal nodes; 1.8 s; peak memory 449 MiB.
2026-10-10T14:38:33Z INFO [856/3046] ca670d90-941e-4485-bdd4-ae41cc63e52c: 27 internal nodes; 1.2 s; peak memory 449 MiB.
2026-10-10T14:38:36Z INFO [857/3046] ca67dfd7-0a8d-4390-838e-fdeca6f63962: 46 internal nodes; 3.2 s; peak memory 449 MiB.
2026-10-10T14:38:38Z INFO [858/3046] ca680e70-5a66-4819-8452-a5bd98f22c35: 27 internal nodes; 1.3 s; peak memory 449 MiB.
2026-10-10T14:38:40Z INFO [859/3046] ca681687-70d4-44b7-9d07-3a2330f5b326: 29 internal nodes; 2.3 s; peak memory 449 MiB.
2026-10-10T14:38:41Z INFO [860/3046] ca683d3d-c120-4c18-bd73-5954b1da5ce7: 17 internal nodes; 1.0 s; peak memory 449 MiB.
2026-10-10T14:38:42Z INFO [861/3046] ca68ffc5-197c-484f-ab76-8c914026a1e9: 17 internal nodes; 1.0 s; peak memory 449 MiB.
2026-10-10T14:38:48Z INFO [862/3046] ca6926df-07ae-4934-9dcf-82ccf306e8c3: 61 internal nodes; 6.4 s; peak memory 449 MiB.
2026-10-10T14:38:50Z INFO [863/3046] ca69a631-7297-43a4-9e9c-4e664c90dbd8: 37 internal nodes; 1.4 s; peak memory 449 MiB.
2026-10-10T14:38:54Z INFO [864/3046] ca6c1a81-7138-4578-b5ff-2b94eb6699c5: 93 internal nodes; 4.3 s; peak memory 449 MiB.
2026-10-10T14:38:56Z INFO [865/3046] ca6d448e-89c7-4b2c-9378-4b6a02713d6f: 29 internal nodes; 1.5 s; peak memory 449 MiB.
2026-10-10T14:38:57Z INFO [866/3046] ca6dc5d6-1ee8-47c8-a4cf-2262a93fc4c8: 15 internal nodes; 1.0 s; peak memory 449 MiB.
2026-10-10T14:38:59Z INFO [867/3046] ca6e0e71-c9e2-4574-acc6-fcc6ea0b3cb2: 44 internal nodes; 2.7 s; peak memory 449 MiB.
2026-10-10T14:39:00Z INFO [868/3046] ca6e6d9b-60db-47c7-8f4a-d1167b1fcc4d: 17 internal nodes; 1.1 s; peak memory 449 MiB.
2026-10-10T14:39:03Z INFO [869/3046] ca70c021-bea8-4777-80a1-8e13e25292fb: 44 internal nodes; 2.9 s; peak memory 449 MiB.
2026-10-10T14:39:04Z INFO [870/3046] ca7128ef-e386-40f4-a66e-b62a5d574f1b: 17 internal nodes; 0.8 s; peak memory 449 MiB.
2026-10-10T14:39:06Z INFO [871/3046] ca719919-e978-478c-8ed9-4114c38d9198: 44 internal nodes; 2.4 s; peak memory 449 MiB.
2026-10-10T14:39:08Z INFO [872/3046] ca7216a0-d5cc-480c-8f17-7089caf35122: 31 internal nodes; 1.7 s; peak memory 449 MiB.
2026-10-10T14:39:09Z INFO [873/3046] ca72263c-7917-4d5d-bc45-1c9a823d8a99: 17 internal nodes; 1.1 s; peak memory 449 MiB.
2026-10-10T14:39:10Z INFO [874/3046] ca72a56d-df24-4363-b2ab-7116d935adce: 17 internal nodes; 1.0 s; peak memory 449 MiB.
2026-10-10T14:39:12Z INFO [875/3046] ca730fd4-160a-459f-a830-197a825d08cf: 95 internal nodes; 1.4 s; peak memory 449 MiB.
2026-10-10T14:39:12Z INFO [876/3046] ca736a51-a2f6-4ab9-acc7-e02259eaf4c0: 17 internal nodes; 0.8 s; peak memory 449 MiB.
2026-10-10T14:39:13Z INFO [877/3046] ca73a285-c6be-4444-95a1-37330caf5885: 17 internal nodes; 0.9 s; peak memory 449 MiB.
2026-10-10T14:39:15Z INFO [878/3046] ca73f16a-3bc8-4f5e-b602-9803e327011b: 31 internal nodes; 1.5 s; peak memory 449 MiB.
2026-10-10T14:39:16Z INFO [879/3046] ca74b833-df3b-4890-b4e8-6c0048c6507b: 19 internal nodes; 1.1 s; peak memory 449 MiB.
2026-10-10T14:39:19Z INFO [880/3046] ca74eb5a-e374-45e6-8a2b-b6f78647c4ac: 56 internal nodes; 3.5 s; peak memory 449 MiB.
2026-10-10T14:39:20Z INFO [881/3046] ca74f252-91fb-4495-8bc7-3907cb4865ea: 17 internal nodes; 0.8 s; peak memory 449 MiB.
2026-10-10T14:39:21Z INFO [882/3046] ca74fbf7-644e-4578-a39f-586fc10eb3a9: 17 internal nodes; 0.9 s; peak memory 449 MiB.
2026-10-10T14:39:22Z INFO [883/3046] ca756baf-d43c-45c9-ae77-0f1aea630e3a: 17 internal nodes; 1.1 s; peak memory 449 MiB.
2026-10-10T14:39:24Z INFO [884/3046] ca75ce7f-4ec8-424b-99a8-f5e4fe020c90: 90 internal nodes; 1.2 s; peak memory 449 MiB.
2026-10-10T14:39:25Z INFO [885/3046] ca7641c1-465a-4db5-b130-f297943e2db1: 29 internal nodes; 1.5 s; peak memory 449 MiB.
2026-10-10T14:39:26Z INFO [886/3046] ca765475-f7c1-4b09-b99e-db894877cbe7: 17 internal nodes; 1.2 s; peak memory 449 MiB.
2026-10-10T14:39:27Z INFO [887/3046] ca765482-4293-4285-9568-d3e4f09a7798: 114 internal nodes; 1.0 s; peak memory 449 MiB.
2026-10-10T14:39:38Z INFO [888/3046] ca7707c6-334e-4aa9-97a5-a8b9674b9f8c: 284 internal nodes; 11.0 s; peak memory 449 MiB.
2026-10-10T14:39:40Z INFO [889/3046] ca771d33-104c-47b3-bf05-507f9b231bef: 63 internal nodes; 1.6 s; peak memory 449 MiB.
2026-10-10T14:39:41Z INFO [890/3046] ca7a6e80-0851-459a-87e7-7249d8723eb8: 22 internal nodes; 0.8 s; peak memory 449 MiB.
2026-10-10T14:39:42Z INFO [891/3046] ca7aa06d-6e26-4ed2-a9b2-81e505025312: 17 internal nodes; 1.0 s; peak memory 449 MiB.
2026-10-10T14:39:43Z INFO [892/3046] ca7ae6ab-8757-4e27-880c-6b83f292f48c: 17 internal nodes; 1.1 s; peak memory 449 MiB.
2026-10-10T14:39:48Z INFO [893/3046] ca7d05bc-9630-4c36-a5ff-0a23f5c1d783: 68 internal nodes; 5.2 s; peak memory 449 MiB.
2026-10-10T14:39:58Z INFO [894/3046] ca7d4a1f-8732-47a0-8e06-10dacf813fbd: 89 internal nodes; 10.4 s; peak memory 449 MiB.
2026-10-10T14:39:59Z INFO [895/3046] ca7dac21-b2d9-4c89-944f-7a86de603992: 11 internal nodes; 0.8 s; peak memory 449 MiB.
2026-10-10T14:40:01Z INFO [896/3046] ca7fd1e3-7264-4cf5-b23e-b9f0b6de2c31: 44 internal nodes; 2.1 s; peak memory 449 MiB.
2026-10-10T14:40:03Z INFO [897/3046] ca8007c2-a82e-41cf-9168-400189f50335: 29 internal nodes; 2.1 s; peak memory 449 MiB.
2026-10-10T14:40:05Z INFO [898/3046] ca802172-72bf-49f5-9a84-db233b3bf316: 58 internal nodes; 1.8 s; peak memory 449 MiB.
2026-10-10T14:40:14Z INFO [899/3046] ca808ebb-11cc-4377-b4ab-d43c8a86bcf5: 174 internal nodes; 8.6 s; peak memory 449 MiB.
2026-10-10T14:40:15Z INFO [900/3046] ca80a8f5-921e-4a2a-a5c2-320ea9a22a57: 13 internal nodes; 0.9 s; peak memory 449 MiB.
2026-10-10T14:40:15Z INFO [900/3046] ca80a8f5-921e-4a2a-a5c2-320ea9a22a57: checkpointed 144669 new records.
2026-10-10T14:40:16Z INFO [901/3046] ca814a70-5bb9-4f61-982b-871c2cd47404: 17 internal nodes; 1.0 s; peak memory 449 MiB.
2026-10-10T14:40:23Z INFO [902/3046] ca81c384-d4c2-4fd8-a9fc-a68de637b440: 151 internal nodes; 6.5 s; peak memory 449 MiB.
2026-10-10T14:40:24Z INFO [903/3046] ca823ebc-285b-4915-88b7-3b4345daf1dd: 27 internal nodes; 1.4 s; peak memory 449 MiB.
2026-10-10T14:40:25Z INFO [904/3046] ca82944e-1980-490d-b5f1-f7f004214fd4: 11 internal nodes; 0.8 s; peak memory 449 MiB.
2026-10-10T14:40:26Z INFO [905/3046] ca82acc2-e080-4d9f-b0fe-68fe8c05d513: 27 internal nodes; 1.2 s; peak memory 449 MiB.
2026-10-10T14:40:27Z INFO [906/3046] ca82eedb-f3c5-4b28-99e2-19951458881f: 27 internal nodes; 1.0 s; peak memory 449 MiB.
2026-10-10T14:40:28Z INFO [907/3046] ca832ecb-1d2d-4959-b799-9139b1a0ef78: 17 internal nodes; 0.7 s; peak memory 449 MiB.
2026-10-10T14:40:29Z INFO [908/3046] ca834227-c4d2-4b57-9af0-d6ce443745e9: 18 internal nodes; 1.4 s; peak memory 449 MiB.
2026-10-10T14:40:43Z INFO [909/3046] ca835a9d-958f-41c1-a26b-16a3a9d05ece: 111 internal nodes; 13.6 s; peak memory 449 MiB.
2026-10-10T14:40:44Z INFO [910/3046] ca84431c-167c-461d-b654-f234d15ad448: 28 internal nodes; 1.5 s; peak memory 449 MiB.
2026-10-10T14:40:50Z INFO [911/3046] ca845417-41fc-422e-b0bf-a8ef0265bb00: 64 internal nodes; 5.7 s; peak memory 449 MiB.
2026-10-10T14:40:51Z INFO [912/3046] ca850b51-cf83-452d-a89e-73f68865a215: 23 internal nodes; 1.0 s; peak memory 449 MiB.
2026-10-10T14:40:53Z INFO [913/3046] ca851ddb-7d96-4a28-a44b-bfb9f7ce72ef: 59 internal nodes; 1.8 s; peak memory 449 MiB.
2026-10-10T14:40:56Z INFO [914/3046] ca860652-a2bb-4633-bcaa-f3e7f294c460: 46 internal nodes; 3.2 s; peak memory 449 MiB.
2026-10-10T14:40:57Z INFO [915/3046] ca86d51d-b172-4805-a4e5-8204025a2630: 29 internal nodes; 1.5 s; peak memory 449 MiB.
2026-10-10T14:40:58Z INFO [916/3046] ca870808-8023-4e33-8171-e1c503256947: 13 internal nodes; 0.8 s; peak memory 449 MiB.
2026-10-10T14:40:59Z INFO [917/3046] ca87d7c8-ff1d-45c0-a003-d63b9df3a258: 17 internal nodes; 1.0 s; peak memory 449 MiB.
2026-10-10T14:41:00Z INFO [918/3046] ca884dce-94f1-4a96-a20a-54f658eb3474: 15 internal nodes; 1.1 s; peak memory 449 MiB.
2026-10-10T14:41:01Z INFO [919/3046] ca887ef2-0287-43ab-8e38-74f81a2460d8: 27 internal nodes; 1.2 s; peak memory 449 MiB.
2026-10-10T14:41:03Z INFO [920/3046] ca88e58f-c431-491e-bafd-ae00594d137d: 27 internal nodes; 1.2 s; peak memory 449 MiB.
2026-10-10T14:41:19Z INFO [921/3046] ca8a2046-244f-4129-952e-a7d4f94eb77f: 2871 internal nodes; 16.1 s; peak memory 449 MiB.
2026-10-10T14:41:20Z INFO [922/3046] ca8a2fa4-592b-4591-9c9d-fb8dd3911f11: 26 internal nodes; 0.7 s; peak memory 449 MiB.
2026-10-10T14:41:40Z INFO [923/3046] ca8a4677-2894-497b-8799-b03f77418d3e: 1319 internal nodes; 20.8 s; peak memory 449 MiB.
2026-10-10T14:41:44Z INFO [924/3046] ca8b5288-d704-403b-837d-3a7a03f0b134: 46 internal nodes; 3.5 s; peak memory 449 MiB.
2026-10-10T14:41:45Z INFO [925/3046] ca8bc702-3120-4c80-b571-aa5ad74a4145: 16 internal nodes; 1.0 s; peak memory 449 MiB.
2026-10-10T14:41:47Z INFO [926/3046] ca8c5062-1dc1-4ee2-8cc4-552999f76004: 66 internal nodes; 2.0 s; peak memory 449 MiB.
2026-10-10T14:41:48Z INFO [927/3046] ca8ccb9f-387e-4895-8ad3-1cd5659bced0: 31 internal nodes; 1.2 s; peak memory 449 MiB.
2026-10-10T14:41:49Z INFO [928/3046] ca8d41fb-a82e-4ea4-94ad-94015039d16a: 17 internal nodes; 1.0 s; peak memory 449 MiB.
2026-10-10T14:41:50Z INFO [929/3046] ca8e5265-9dfd-423f-ab5a-57647a7bbf1a: 13 internal nodes; 1.0 s; peak memory 449 MiB.
2026-10-10T14:41:51Z INFO [930/3046] ca8eb4cf-5927-4fd3-b7ea-44d08aae8c92: 17 internal nodes; 1.1 s; peak memory 449 MiB.
2026-10-10T14:41:53Z INFO [931/3046] ca8eb54d-e601-409f-9536-c1ab74b18891: 90 internal nodes; 1.5 s; peak memory 449 MiB.
2026-10-10T14:41:54Z INFO [932/3046] ca8ed566-9d99-40ba-b08a-e10b82e56b8c: 28 internal nodes; 1.2 s; peak memory 449 MiB.
2026-10-10T14:41:56Z INFO [933/3046] ca8f686c-0bb4-4fdf-b987-a07a6d4e4bba: 39 internal nodes; 1.9 s; peak memory 449 MiB.
2026-10-10T14:41:57Z INFO [934/3046] ca8f81f7-87b4-4817-8362-59402c76a87c: 17 internal nodes; 0.9 s; peak memory 449 MiB.
2026-10-10T14:41:58Z INFO [935/3046] ca90b462-83d1-4f53-9bbf-10abb7a9a0ab: 27 internal nodes; 1.2 s; peak memory 449 MiB.
2026-10-10T14:41:59Z INFO [936/3046] ca929cb0-6830-41c5-afab-a7f1da39d971: 13 internal nodes; 0.9 s; peak memory 449 MiB.
2026-10-10T14:42:01Z INFO [937/3046] ca93faa6-5336-4421-bcbc-11c08cfda83f: 29 internal nodes; 2.4 s; peak memory 449 MiB.
2026-10-10T14:42:02Z INFO [938/3046] ca944a32-106c-4624-8755-5e3731921aac: 27 internal nodes; 1.5 s; peak memory 449 MiB.
2026-10-10T14:42:04Z INFO [939/3046] ca952c5d-3632-4ffa-b590-54947620e592: 39 internal nodes; 1.7 s; peak memory 449 MiB.
2026-10-10T14:42:05Z INFO [940/3046] ca958646-bd40-43e6-a8dd-75940770bc54: 90 internal nodes; 1.1 s; peak memory 449 MiB.
2026-10-10T14:42:08Z INFO [941/3046] ca95ce3b-3a97-43b0-a033-2be07f4e4140: 42 internal nodes; 2.5 s; peak memory 449 MiB.
2026-10-10T14:42:11Z INFO [942/3046] ca95d734-716f-482b-a480-f6de3f4302f8: 41 internal nodes; 2.9 s; peak memory 449 MiB.
2026-10-10T14:42:12Z INFO [943/3046] ca964d57-5bd2-4b5a-ac77-f4da68f2a8cf: 63 internal nodes; 1.5 s; peak memory 449 MiB.
2026-10-10T14:42:13Z INFO [944/3046] ca968b46-2578-491b-b698-ff83f2a21258: 27 internal nodes; 1.4 s; peak memory 449 MiB.
2026-10-10T14:42:20Z INFO [945/3046] ca97ddfa-6c7e-4dee-8169-61931a51ef6f: 165 internal nodes; 6.8 s; peak memory 449 MiB.
2026-10-10T14:42:22Z INFO [946/3046] ca99132b-ca83-46bb-989f-50be6de60873: 31 internal nodes; 1.6 s; peak memory 449 MiB.
2026-10-10T14:42:24Z INFO [947/3046] ca99361a-0d5a-4473-a758-d627f3cff1bc: 31 internal nodes; 2.0 s; peak memory 449 MiB.
2026-10-10T14:42:33Z INFO [948/3046] ca99f40f-f19f-46ad-b0e8-52b321778d6d: 185 internal nodes; 8.9 s; peak memory 449 MiB.
2026-10-10T14:42:34Z INFO [949/3046] ca9ad1db-b835-4334-9538-1863ba49800b: 27 internal nodes; 1.2 s; peak memory 449 MiB.
2026-10-10T14:42:35Z INFO [950/3046] ca9b1960-5bf0-417f-8726-7a13917ab91e: 17 internal nodes; 1.0 s; peak memory 449 MiB.
2026-10-10T14:42:35Z INFO [950/3046] ca9b1960-5bf0-417f-8726-7a13917ab91e: checkpointed 144719 new records.
2026-10-10T14:42:37Z INFO [951/3046] ca9b2dc2-c7e0-474d-9eb1-3584b27d27c6: 27 internal nodes; 1.3 s; peak memory 449 MiB.
2026-10-10T14:42:38Z INFO [952/3046] ca9b5ba3-1bbe-4ec9-aa5c-6e50892e1d21: 27 internal nodes; 1.2 s; peak memory 449 MiB.
2026-10-10T14:42:39Z INFO [953/3046] ca9b7815-3d02-43ea-bc4d-3eebf7cd0f9b: 25 internal nodes; 0.9 s; peak memory 449 MiB.
2026-10-10T14:42:52Z INFO [954/3046] ca9bad6d-7d58-4df0-9570-b351836e87d6: 268 internal nodes; 13.6 s; peak memory 449 MiB.
2026-10-10T14:42:54Z INFO [955/3046] ca9beb87-5fa9-49c9-bd3b-179431af3c40: 27 internal nodes; 1.3 s; peak memory 449 MiB.
2026-10-10T14:43:00Z INFO [956/3046] ca9c25b6-7079-4985-8454-234387703aee: 132 internal nodes; 6.4 s; peak memory 449 MiB.
2026-10-10T14:43:01Z INFO [957/3046] ca9cf4db-6285-4f4c-b063-179bd359fb91: 13 internal nodes; 1.1 s; peak memory 449 MiB.
2026-10-10T14:43:03Z INFO [958/3046] ca9d8283-16b0-489e-ab35-16c30911bb78: 27 internal nodes; 1.2 s; peak memory 449 MiB.
2026-10-10T14:43:04Z INFO [959/3046] ca9e02eb-5fd6-4715-baf3-c69c7f4c59b8: 31 internal nodes; 1.6 s; peak memory 449 MiB.
2026-10-10T14:43:05Z INFO [960/3046] ca9e1bab-532d-464e-baef-99839169c621: 17 internal nodes; 1.0 s; peak memory 449 MiB.
2026-10-10T14:43:06Z INFO [961/3046] ca9e55d0-6732-4429-a534-c7239db2616e: 22 internal nodes; 1.0 s; peak memory 449 MiB.
2026-10-10T14:43:07Z INFO [962/3046] ca9eb664-1f0f-4e08-a44e-9df6dbd5b383: 27 internal nodes; 1.2 s; peak memory 449 MiB.
2026-10-10T14:43:08Z INFO [963/3046] ca9fec35-f199-4307-a486-377e8828b16a: 13 internal nodes; 1.0 s; peak memory 449 MiB.
2026-10-10T14:43:10Z INFO [964/3046] caa088e7-ce59-445b-8d58-3e98fa8ee1a1: 27 internal nodes; 1.3 s; peak memory 449 MiB.
2026-10-10T14:43:12Z INFO [965/3046] caa09895-1f72-4f11-8ac0-d5961676f5d6: 42 internal nodes; 2.1 s; peak memory 449 MiB.
2026-10-10T14:43:25Z INFO [966/3046] caa0e50f-bbd2-4911-acf4-de466cebfd10: 415 internal nodes; 13.4 s; peak memory 449 MiB.
2026-10-10T14:43:26Z INFO [967/3046] caa0fea0-82d9-4c51-92bc-08a3c6ef5fc6: 11 internal nodes; 0.7 s; peak memory 449 MiB.
2026-10-10T14:43:28Z INFO [968/3046] caa15c9e-e5c9-4861-83ba-e853bf99a0ef: 31 internal nodes; 2.6 s; peak memory 449 MiB.
2026-10-10T14:43:29Z INFO [969/3046] caa16b35-b99c-4108-8946-bce103182b29: 22 internal nodes; 0.8 s; peak memory 449 MiB.
2026-10-10T14:43:30Z INFO [970/3046] caa1b7e6-7185-4a19-ab71-192b58eba530: 17 internal nodes; 0.9 s; peak memory 449 MiB.
2026-10-10T14:43:31Z INFO [971/3046] caa1d24c-06a6-4143-87fe-0a98a6a78daf: 14 internal nodes; 1.1 s; peak memory 449 MiB.
2026-10-10T14:43:33Z INFO [972/3046] caa348ee-b2c6-40f8-b6f1-ae99ccc690ad: 27 internal nodes; 1.4 s; peak memory 449 MiB.
2026-10-10T14:43:34Z INFO [973/3046] caa3811f-f7ea-4146-aba9-5db0a295dd1b: 31 internal nodes; 1.8 s; peak memory 449 MiB.
2026-10-10T14:43:37Z INFO [974/3046] caa3dd88-9946-4e7e-989b-caffc6ad92ed: 66 internal nodes; 2.2 s; peak memory 449 MiB.
2026-10-10T14:43:42Z INFO [975/3046] caa42d6a-66a2-47cc-a24b-fdc69f069886: 124 internal nodes; 5.5 s; peak memory 449 MiB.
2026-10-10T14:43:43Z INFO [976/3046] caa477f0-f581-480a-b245-d8a7520aa2d8: 19 internal nodes; 1.1 s; peak memory 449 MiB.
2026-10-10T14:43:44Z INFO [977/3046] caa49711-3438-4c62-8f2f-08b45a3e3833: 17 internal nodes; 0.9 s; peak memory 449 MiB.
2026-10-10T14:43:47Z INFO [978/3046] caa49f03-9ecb-4e75-865a-a206c46a6ac5: 61 internal nodes; 2.4 s; peak memory 449 MiB.
2026-10-10T14:43:48Z INFO [979/3046] caa4c0d8-18bd-4e31-87e6-4b0bfa888e3c: 27 internal nodes; 1.3 s; peak memory 449 MiB.
2026-10-10T14:43:49Z INFO [980/3046] caa5453a-6299-41e1-85fb-c76205ea3f2b: 11 internal nodes; 0.8 s; peak memory 449 MiB.
2026-10-10T14:43:50Z INFO [981/3046] caa55a97-19ae-47da-b7c3-7d0e2c000ceb: 27 internal nodes; 1.3 s; peak memory 449 MiB.
2026-10-10T14:43:51Z INFO [982/3046] caa68e74-833b-4fd7-b87a-fb9db84f5a1c: 28 internal nodes; 1.5 s; peak memory 449 MiB.
2026-10-10T14:43:53Z INFO [983/3046] caa75e93-fae4-4754-bfea-fb64cf54d075: 60 internal nodes; 1.5 s; peak memory 449 MiB.
2026-10-10T14:43:58Z INFO [984/3046] caa77db0-1217-452b-b6a5-75a77020e00f: 73 internal nodes; 5.1 s; peak memory 449 MiB.
2026-10-10T14:43:59Z INFO [985/3046] caa86f9c-6151-4269-8357-162fb6b19193: 17 internal nodes; 0.9 s; peak memory 449 MiB.
2026-10-10T14:44:00Z INFO [986/3046] caa89e2a-8353-47cf-b40c-9e60fd62c6d2: 19 internal nodes; 1.0 s; peak memory 449 MiB.
2026-10-10T14:44:02Z INFO [987/3046] caa8e846-4e47-42f2-97af-27d882c21685: 31 internal nodes; 2.0 s; peak memory 449 MiB.
2026-10-10T14:44:05Z INFO [988/3046] caa96a1a-b904-4370-895d-ca47fb576d82: 41 internal nodes; 3.2 s; peak memory 449 MiB.
2026-10-10T14:44:06Z INFO [989/3046] caa9a5ea-50a0-4890-802b-81310b8e568c: 27 internal nodes; 1.2 s; peak memory 449 MiB.
2026-10-10T14:44:08Z INFO [990/3046] caaa4a3d-0301-4e14-af9a-32ddb306c5fa: 37 internal nodes; 1.7 s; peak memory 449 MiB.
2026-10-10T14:44:09Z INFO [991/3046] caaa751d-02fa-4b0f-8297-8396f5dab31c: 31 internal nodes; 1.3 s; peak memory 449 MiB.
2026-10-10T14:44:10Z INFO [992/3046] caaac8ac-450b-4ade-a74d-782810f01a32: 26 internal nodes; 0.8 s; peak memory 449 MiB.
2026-10-10T14:44:13Z INFO [993/3046] caabd34f-cc89-47ea-95b0-610e1fd17547: 44 internal nodes; 2.8 s; peak memory 449 MiB.
2026-10-10T14:44:15Z INFO [994/3046] caabecf3-b8f5-44fa-8fc2-4b6015911a9e: 31 internal nodes; 1.7 s; peak memory 449 MiB.
2026-10-10T14:44:16Z INFO [995/3046] caaccc23-7706-45a7-8a39-7c3e7bcc635f: 17 internal nodes; 0.9 s; peak memory 449 MiB.
2026-10-10T14:44:21Z INFO [996/3046] caadec37-0df5-47c2-a442-7204a1d14646: 73 internal nodes; 5.2 s; peak memory 449 MiB.
2026-10-10T14:44:22Z INFO [997/3046] caae8747-17ff-41d9-93f2-17b4cf49982f: 115 internal nodes; 1.2 s; peak memory 449 MiB.
2026-10-10T14:44:23Z INFO [998/3046] caae9cfc-2fc4-4554-8529-fd70727d46ee: 17 internal nodes; 1.0 s; peak memory 449 MiB.
2026-10-10T14:44:25Z INFO [999/3046] caaf0bd7-2d07-42bc-88df-27d3ec9d66ba: 95 internal nodes; 1.7 s; peak memory 449 MiB.
2026-10-10T14:44:26Z INFO [1000/3046] caaf9ff7-1bbd-4e74-a8c1-8825590ff7c0: 23 internal nodes; 1.1 s; peak memory 449 MiB.
2026-10-10T14:44:26Z INFO [1000/3046] caaf9ff7-1bbd-4e74-a8c1-8825590ff7c0: checkpointed 144769 new records.
2026-10-10T14:44:27Z INFO [1001/3046] caafc646-98cf-4ebe-ac38-9aa8398376c0: 20 internal nodes; 0.9 s; peak memory 449 MiB.
2026-10-10T14:44:29Z INFO [1002/3046] cab084eb-0091-42af-8d07-b1ccd569a3e0: 38 internal nodes; 1.5 s; peak memory 449 MiB.
2026-10-10T14:44:32Z INFO [1003/3046] cab136cc-5442-4d24-b5f1-b7eb9f6a0ec9: 56 internal nodes; 3.3 s; peak memory 449 MiB.
2026-10-10T14:44:34Z INFO [1004/3046] cab1bc47-84a5-4531-8d8b-51eb657a9742: 29 internal nodes; 1.9 s; peak memory 449 MiB.
2026-10-10T14:44:35Z INFO [1005/3046] cab2ba81-2dea-4a9d-9cde-7e9c5a419f0d: 17 internal nodes; 0.9 s; peak memory 449 MiB.
2026-10-10T14:44:36Z INFO [1006/3046] cab359a0-f6b6-4123-bee0-05ecb6e0e05e: 23 internal nodes; 0.8 s; peak memory 449 MiB.
2026-10-10T14:44:41Z INFO [1007/3046] cab40b12-d242-4b4a-abdc-6fb9949905b9: 69 internal nodes; 5.2 s; peak memory 449 MiB.
2026-10-10T14:44:42Z INFO [1008/3046] cab4f1f5-f227-450a-87bc-d76aca241e7d: 17 internal nodes; 1.0 s; peak memory 449 MiB.
2026-10-10T14:44:43Z INFO [1009/3046] cab57e4c-f553-4822-ad71-ac3565202b15: 17 internal nodes; 1.1 s; peak memory 449 MiB.
2026-10-10T14:44:44Z INFO [1010/3046] cab59fac-f9a5-475e-a349-77960448989c: 11 internal nodes; 1.0 s; peak memory 449 MiB.
2026-10-10T14:44:45Z INFO [1011/3046] cab5b9a9-0726-45e9-9cda-4654c3f361e7: 24 internal nodes; 1.0 s; peak memory 449 MiB.
2026-10-10T14:44:46Z INFO [1012/3046] cab5d209-dc20-49bf-bb73-f1ce6f90ab73: 17 internal nodes; 1.1 s; peak memory 449 MiB.
2026-10-10T14:44:47Z INFO [1013/3046] cab69735-b72d-4778-8858-c4201a94c5c8: 17 internal nodes; 1.1 s; peak memory 449 MiB.
2026-10-10T14:44:56Z INFO [1014/3046] cab6a17a-d3fe-47dc-9887-fb8fa2d90464: 50 internal nodes; 9.0 s; peak memory 449 MiB.
2026-10-10T14:44:58Z INFO [1015/3046] cab6cf81-607d-4c6f-bf51-9231a712a3a0: 27 internal nodes; 1.9 s; peak memory 449 MiB.
2026-10-10T14:44:59Z INFO [1016/3046] cab73ad1-6324-4ce7-a094-de8c719a59d0: 31 internal nodes; 1.5 s; peak memory 449 MiB.
2026-10-10T14:45:01Z INFO [1017/3046] cab74df7-3cc0-41e8-a858-bfae107c9108: 19 internal nodes; 1.2 s; peak memory 449 MiB.
2026-10-10T14:45:02Z INFO [1018/3046] cab7af39-390a-426a-91a8-158eaf45bd7b: 17 internal nodes; 1.1 s; peak memory 449 MiB.
2026-10-10T14:45:03Z INFO [1019/3046] cab85456-4647-417f-b482-08f5b9dae384: 29 internal nodes; 1.4 s; peak memory 449 MiB.
2026-10-10T14:45:04Z INFO [1020/3046] cab88910-5d3d-4b94-ac31-06e64e4aff02: 31 internal nodes; 1.4 s; peak memory 449 MiB.
2026-10-10T14:45:07Z INFO [1021/3046] cab926ff-d8b9-462e-a9c1-3d20e91a535b: 44 internal nodes; 2.2 s; peak memory 449 MiB.
2026-10-10T14:45:10Z INFO [1022/3046] cab982d4-1602-4e45-8db8-394b6dfb615e: 46 internal nodes; 3.8 s; peak memory 449 MiB.
2026-10-10T14:45:12Z INFO [1023/3046] cab98b0e-3e75-470e-8569-cb40b6381639: 19 internal nodes; 1.1 s; peak memory 449 MiB.
2026-10-10T14:45:13Z INFO [1024/3046] cab9dcc6-1019-4307-a8cd-7afc592ae42a: 31 internal nodes; 1.6 s; peak memory 449 MiB.
2026-10-10T14:45:27Z INFO [1025/3046] cabbb779-ecf8-4650-8ad9-9334bccc8c5f: 416 internal nodes; 13.8 s; peak memory 449 MiB.
2026-10-10T14:45:28Z INFO [1026/3046] cabbca20-10fb-412e-9492-58e91808bfa2: 31 internal nodes; 1.5 s; peak memory 449 MiB.
2026-10-10T14:45:29Z INFO [1027/3046] cabc13a5-6ea7-4c69-a3d6-8c1c4eb25be3: 13 internal nodes; 0.9 s; peak memory 449 MiB.
2026-10-10T14:45:31Z INFO [1028/3046] cabc203a-8321-4bcd-a702-c5fea7247f90: 27 internal nodes; 1.2 s; peak memory 449 MiB.
2026-10-10T14:45:32Z INFO [1029/3046] cabc88c3-c389-40a3-a2e4-171057489632: 31 internal nodes; 1.7 s; peak memory 449 MiB.
2026-10-10T14:45:34Z INFO [1030/3046] cabcbf4b-14f7-4217-b400-0b8d9bb50aa3: 18 internal nodes; 1.3 s; peak memory 449 MiB.
2026-10-10T14:45:34Z INFO [1031/3046] cabd10b0-93f2-4605-a66c-f7351813678a: 13 internal nodes; 0.9 s; peak memory 449 MiB.
2026-10-10T14:45:36Z INFO [1032/3046] cabeeb35-6da3-493a-8793-2d164d83812e: 31 internal nodes; 1.5 s; peak memory 449 MiB.
2026-10-10T14:45:37Z INFO [1033/3046] cac069f6-e5c3-4880-a716-7828520b2ba4: 11 internal nodes; 0.7 s; peak memory 449 MiB.
2026-10-10T14:45:38Z INFO [1034/3046] cac0b1d7-03db-4e30-9ee1-217a800119cb: 17 internal nodes; 0.9 s; peak memory 449 MiB.
2026-10-10T14:45:41Z INFO [1035/3046] cac0b9fb-3b28-4b03-a045-72d08000c56c: 47 internal nodes; 3.0 s; peak memory 449 MiB.
2026-10-10T14:45:42Z INFO [1036/3046] cac15af3-ef9a-4aed-9f1b-e355433a6b26: 18 internal nodes; 1.3 s; peak memory 449 MiB.
2026-10-10T14:45:43Z INFO [1037/3046] cac1640d-98bc-4c4c-acea-67d439b9fd63: 26 internal nodes; 0.9 s; peak memory 449 MiB.
2026-10-10T14:45:44Z INFO [1038/3046] cac26224-73d8-4dd3-a39f-033e8430b9e9: 116 internal nodes; 1.1 s; peak memory 449 MiB.
2026-10-10T14:45:45Z INFO [1039/3046] cac28549-7dc5-4b6b-a6c0-c447fefbaf5f: 19 internal nodes; 1.2 s; peak memory 449 MiB.
2026-10-10T14:45:49Z INFO [1040/3046] cac294b5-3614-41c2-8f89-c90f9a139bc8: 108 internal nodes; 4.4 s; peak memory 449 MiB.
2026-10-10T14:45:51Z INFO [1041/3046] cac31541-71bc-4086-8123-6ffec9079281: 19 internal nodes; 1.1 s; peak memory 449 MiB.
2026-10-10T14:45:53Z INFO [1042/3046] cac35cfb-0216-49f6-aa9c-c3f6783cbe26: 42 internal nodes; 2.3 s; peak memory 449 MiB.
2026-10-10T14:45:54Z INFO [1043/3046] cac3838e-82ff-452e-8f9b-ca5640df4e01: 27 internal nodes; 1.2 s; peak memory 449 MiB.
2026-10-10T14:45:55Z INFO [1044/3046] cac3ab9e-2b53-4e84-a97c-101102df3c7b: 114 internal nodes; 1.0 s; peak memory 449 MiB.
2026-10-10T14:45:57Z INFO [1045/3046] cac3d710-661c-414a-811f-2306e33b6392: 54 internal nodes; 1.8 s; peak memory 449 MiB.
2026-10-10T14:45:58Z INFO [1046/3046] cac4d507-096e-4dfe-85a4-88bf989a81ec: 31 internal nodes; 1.4 s; peak memory 449 MiB.
2026-10-10T14:46:00Z INFO [1047/3046] cac52ee7-20d9-4f7d-a234-a04c22a94083: 20 internal nodes; 1.6 s; peak memory 449 MiB.
2026-10-10T14:46:07Z INFO [1048/3046] cac56a86-e61d-4553-9fea-010443c53f61: 178 internal nodes; 6.7 s; peak memory 449 MiB.
2026-10-10T14:46:08Z INFO [1049/3046] cac5e314-c863-4d9c-94a9-31050cdb987c: 115 internal nodes; 1.3 s; peak memory 449 MiB.
2026-10-10T14:46:18Z INFO [1050/3046] cac6fc1c-7243-43df-aac8-dc9c7ee34f4d: 201 internal nodes; 9.7 s; peak memory 449 MiB.
2026-10-10T14:46:18Z INFO [1050/3046] cac6fc1c-7243-43df-aac8-dc9c7ee34f4d: checkpointed 144819 new records.
2026-10-10T14:46:19Z INFO [1051/3046] cac7c96e-cb9a-43ba-ad79-6f0ac4d4efdf: 17 internal nodes; 1.0 s; peak memory 449 MiB.
2026-10-10T14:46:30Z INFO [1052/3046] cac83235-006d-46bc-85b6-01ecef3b7384: 58 internal nodes; 10.7 s; peak memory 449 MiB.
2026-10-10T14:46:31Z INFO [1053/3046] cac8387b-3490-4182-b753-216166e06eda: 11 internal nodes; 0.9 s; peak memory 449 MiB.
2026-10-10T14:46:32Z INFO [1054/3046] cacaa0e6-5c6f-403f-bd7f-ce54ef61b39b: 27 internal nodes; 1.5 s; peak memory 449 MiB.
2026-10-10T14:46:34Z INFO [1055/3046] cacad34d-e7dd-46ba-a500-bb58bd83dcba: 27 internal nodes; 1.4 s; peak memory 449 MiB.
2026-10-10T14:46:35Z INFO [1056/3046] cacb1f99-b8bd-4635-b557-6d831ad61a1d: 17 internal nodes; 0.9 s; peak memory 449 MiB.
2026-10-10T14:46:36Z INFO [1057/3046] cacc7cba-0e6e-4e83-9f1b-3cd5bf2ed8d0: 27 internal nodes; 1.2 s; peak memory 449 MiB.
2026-10-10T14:46:37Z INFO [1058/3046] caccdea5-3b63-4f61-b70f-1d6321e84e57: 23 internal nodes; 1.1 s; peak memory 449 MiB.
2026-10-10T14:46:38Z INFO [1059/3046] cacd62ab-183d-4b56-91cd-a8064bf4f3e8: 27 internal nodes; 1.4 s; peak memory 449 MiB.
2026-10-10T14:46:40Z INFO [1060/3046] cace1c16-7469-4d54-a387-3cb514479ca0: 54 internal nodes; 1.9 s; peak memory 449 MiB.
2026-10-10T14:46:41Z INFO [1061/3046] cace4f26-c3db-4477-b119-2f26253db2fe: 27 internal nodes; 0.9 s; peak memory 449 MiB.
2026-10-10T14:46:42Z INFO [1062/3046] cacf3450-b788-4f99-83c0-8ae4a5a7e433: 24 internal nodes; 1.4 s; peak memory 449 MiB.
2026-10-10T14:46:45Z INFO [1063/3046] cacf56fa-2f2b-4980-9003-c745feff6a10: 44 internal nodes; 2.7 s; peak memory 449 MiB.
2026-10-10T14:46:53Z INFO [1064/3046] cad00e91-66e5-4148-847c-6e6bec106161: 180 internal nodes; 8.3 s; peak memory 449 MiB.
2026-10-10T14:46:55Z INFO [1065/3046] cad1ac22-fe97-4876-a462-31599b1b34e7: 65 internal nodes; 1.8 s; peak memory 449 MiB.
2026-10-10T14:46:56Z INFO [1066/3046] cad29016-1548-4db0-b545-a77a10e7dc6e: 18 internal nodes; 0.9 s; peak memory 449 MiB.
2026-10-10T14:46:57Z INFO [1067/3046] cad47d5e-1878-4567-b2fc-0010aa7b15ff: 19 internal nodes; 1.1 s; peak memory 449 MiB.
2026-10-10T14:46:59Z INFO [1068/3046] cad481e8-8c83-48dc-9f81-03371619541b: 32 internal nodes; 1.7 s; peak memory 449 MiB.
2026-10-10T14:47:00Z INFO [1069/3046] cad49100-2453-42a3-a480-eaded6efecbf: 95 internal nodes; 1.6 s; peak memory 449 MiB.
2026-10-10T14:47:12Z INFO [1070/3046] cad4f007-d0a4-49ea-bb7d-707a1718b648: 212 internal nodes; 11.7 s; peak memory 449 MiB.
2026-10-10T14:47:32Z INFO [1071/3046] cad7a5ac-456b-4a63-9a56-2df3794526f6: 144 internal nodes; 19.6 s; peak memory 449 MiB.
2026-10-10T14:47:42Z INFO [1072/3046] cad80f62-96a1-450a-8ab7-6b51ed169785: 119 internal nodes; 10.4 s; peak memory 449 MiB.
2026-10-10T14:47:46Z INFO [1073/3046] cad81b3d-8da8-4316-81f6-9298bfbb1a67: 41 internal nodes; 4.0 s; peak memory 449 MiB.
2026-10-10T14:47:49Z INFO [1074/3046] cad8aa36-2ed9-4a4d-8013-9d9fcd697174: 44 internal nodes; 2.9 s; peak memory 449 MiB.
2026-10-10T14:47:50Z INFO [1075/3046] cad8da10-1841-4af8-9c6c-63a3093012f7: 22 internal nodes; 0.8 s; peak memory 449 MiB.
2026-10-10T14:47:51Z INFO [1076/3046] cad8febf-7f7a-4fa7-90c9-9eb06338c23f: 28 internal nodes; 1.4 s; peak memory 449 MiB.
2026-10-10T14:47:52Z INFO [1077/3046] cad94001-39a5-4579-b3cc-3f875b21c48c: 11 internal nodes; 0.8 s; peak memory 449 MiB.
2026-10-10T14:47:53Z INFO [1078/3046] cad9c44f-c7a5-4cb6-9266-e27052744198: 11 internal nodes; 0.8 s; peak memory 449 MiB.
2026-10-10T14:47:54Z INFO [1079/3046] cada99ed-3eb2-4ea2-a1f4-2e013cb8ef2c: 13 internal nodes; 1.0 s; peak memory 449 MiB.
2026-10-10T14:47:55Z INFO [1080/3046] cadacda3-d4d0-406a-861d-7accb2f618aa: 27 internal nodes; 1.4 s; peak memory 449 MiB.
2026-10-10T14:47:56Z INFO [1081/3046] cadaebf6-0dcb-4f50-9401-e6211c1584bc: 11 internal nodes; 0.7 s; peak memory 449 MiB.
2026-10-10T14:47:57Z INFO [1082/3046] cadb11b4-fe33-4f2c-8080-f4fc17585f29: 29 internal nodes; 1.4 s; peak memory 449 MiB.
2026-10-10T14:47:58Z INFO [1083/3046] cadb4a63-8832-4c59-93b5-a920ad25a32c: 17 internal nodes; 1.0 s; peak memory 449 MiB.
2026-10-10T14:47:59Z INFO [1084/3046] cadb7b76-c08f-4213-9e82-5b46f3fc3f46: 29 internal nodes; 1.3 s; peak memory 449 MiB.
2026-10-10T14:48:03Z INFO [1085/3046] cadbae09-468c-4a07-9356-fd9083cf10d4: 51 internal nodes; 3.8 s; peak memory 449 MiB.
2026-10-10T14:48:06Z INFO [1086/3046] cadd3b0b-a40d-4582-b0ef-9ef2a31701f9: 46 internal nodes; 3.3 s; peak memory 449 MiB.
2026-10-10T14:48:08Z INFO [1087/3046] cadd7cd8-f0e6-42df-9048-6b8629127f22: 63 internal nodes; 1.5 s; peak memory 449 MiB.
2026-10-10T14:48:10Z INFO [1088/3046] cadebb96-d6a7-4be3-bc3e-6f3e0963bf70: 31 internal nodes; 1.9 s; peak memory 449 MiB.
2026-10-10T14:48:11Z INFO [1089/3046] cadeeb32-913f-4db5-878b-ed7b07a4919a: 17 internal nodes; 0.9 s; peak memory 449 MiB.
2026-10-10T14:48:12Z INFO [1090/3046] cadf00f6-6fe7-4ec9-a024-7c3cea295c20: 30 internal nodes; 1.3 s; peak memory 449 MiB.
2026-10-10T14:48:20Z INFO [1091/3046] cadf5933-2fe4-43d4-871b-a32836c0fbd5: 65 internal nodes; 7.5 s; peak memory 449 MiB.
2026-10-10T14:48:21Z INFO [1092/3046] cae03da7-1535-4969-85d7-0d270f7930c0: 17 internal nodes; 1.1 s; peak memory 449 MiB.
2026-10-10T14:48:34Z INFO [1093/3046] cae0e393-901b-4e26-8799-50a49db2c85e: 148 internal nodes; 13.2 s; peak memory 449 MiB.
2026-10-10T14:48:39Z INFO [1094/3046] cae15920-7d68-4906-93ab-09f97ee1d7a7: 73 internal nodes; 5.0 s; peak memory 449 MiB.
2026-10-10T14:48:40Z INFO [1095/3046] cae1635a-022e-4131-8a15-7849351f3348: 13 internal nodes; 0.9 s; peak memory 449 MiB.
2026-10-10T14:48:41Z INFO [1096/3046] cae243a3-6d98-4777-9ee1-ae9abe78090e: 13 internal nodes; 1.0 s; peak memory 449 MiB.
2026-10-10T14:48:42Z INFO [1097/3046] cae2d93b-fc2b-4d10-9af3-e11cdddbd884: 27 internal nodes; 1.3 s; peak memory 449 MiB.
2026-10-10T14:48:52Z INFO [1098/3046] cae6615b-123c-4da4-aaae-7afcc0bc7b33: 203 internal nodes; 10.0 s; peak memory 449 MiB.
2026-10-10T14:48:53Z INFO [1099/3046] cae6dce8-12c3-4cd9-956f-25de3052540d: 11 internal nodes; 0.8 s; peak memory 449 MiB.
2026-10-10T14:48:54Z INFO [1100/3046] cae6fffb-f1fd-4750-ac31-c34d14718474: 27 internal nodes; 1.5 s; peak memory 449 MiB.
2026-10-10T14:48:55Z INFO [1100/3046] cae6fffb-f1fd-4750-ac31-c34d14718474: checkpointed 144869 new records.
2026-10-10T14:48:56Z INFO [1101/3046] cae8e8e8-7c6d-47c0-aded-af95c80ffa06: 31 internal nodes; 1.5 s; peak memory 449 MiB.
2026-10-10T14:48:58Z INFO [1102/3046] cae93a7f-9a83-4c32-b2b5-3f23a47cbe1b: 27 internal nodes; 1.2 s; peak memory 449 MiB.
2026-10-10T14:48:59Z INFO [1103/3046] cae9b022-34fa-4b0e-b1c7-c656e5661f45: 27 internal nodes; 1.2 s; peak memory 449 MiB.
2026-10-10T14:49:00Z INFO [1104/3046] caea3555-e0cd-417c-9c82-b30959f9adf1: 31 internal nodes; 1.7 s; peak memory 449 MiB.
2026-10-10T14:49:01Z INFO [1105/3046] caea7ee0-a5f5-4221-9532-71e8cb126048: 34 internal nodes; 1.1 s; peak memory 449 MiB.
2026-10-10T14:49:03Z INFO [1106/3046] caea8c01-5b71-4d5c-82ce-e43162615c15: 31 internal nodes; 1.4 s; peak memory 449 MiB.
2026-10-10T14:49:04Z INFO [1107/3046] caeb05e5-f940-4b3e-8e54-e9e1a7189df5: 17 internal nodes; 1.0 s; peak memory 449 MiB.
2026-10-10T14:49:16Z INFO [1108/3046] caeb46cc-1281-4c9b-86b4-0a149cd696fc: 220 internal nodes; 11.5 s; peak memory 449 MiB.
2026-10-10T14:49:17Z INFO [1109/3046] caeb6957-9da3-43a6-8679-81e69d7c3f4b: 17 internal nodes; 1.0 s; peak memory 449 MiB.
2026-10-10T14:49:18Z INFO [1110/3046] caeb7568-d1c4-498c-af78-0a6d48d76486: 19 internal nodes; 1.3 s; peak memory 449 MiB.
2026-10-10T14:49:23Z INFO [1111/3046] caecd9e1-2dbb-4c58-ad20-0e9cbd3dbfc4: 73 internal nodes; 5.2 s; peak memory 449 MiB.
2026-10-10T14:49:25Z INFO [1112/3046] caedabf3-3150-4583-9898-51be59b831f3: 72 internal nodes; 2.0 s; peak memory 449 MiB.
2026-10-10T14:49:27Z INFO [1113/3046] caedfd9c-9fb1-41b3-b446-18dbe7e7844e: 29 internal nodes; 1.8 s; peak memory 449 MiB.
2026-10-10T14:49:28Z INFO [1114/3046] caee58d8-7154-4b36-affd-a6ac717fcec5: 22 internal nodes; 0.8 s; peak memory 449 MiB.
2026-10-10T14:49:29Z INFO [1115/3046] caee8f64-ebeb-439d-a3f4-e3380699b49f: 21 internal nodes; 1.0 s; peak memory 449 MiB.
2026-10-10T14:49:30Z INFO [1116/3046] caeeaaaa-b250-485b-9c77-b433739533fc: 21 internal nodes; 1.2 s; peak memory 449 MiB.
2026-10-10T14:49:31Z INFO [1117/3046] caeecbd2-ed74-4737-8ad5-004207b475c9: 17 internal nodes; 0.9 s; peak memory 449 MiB.
2026-10-10T14:49:32Z INFO [1118/3046] caeed77c-969e-4c81-b6d7-01076521ea7c: 17 internal nodes; 1.0 s; peak memory 449 MiB.
2026-10-10T14:49:33Z INFO [1119/3046] caeef911-5453-4658-9cfb-0a849bb5cf53: 29 internal nodes; 1.6 s; peak memory 449 MiB.
2026-10-10T14:49:34Z INFO [1120/3046] caefb8e2-3263-43e0-aa33-5d75f819e8d7: 17 internal nodes; 0.9 s; peak memory 449 MiB.
2026-10-10T14:49:35Z INFO [1121/3046] caf003b4-ceb9-47ae-bfa5-221d4d40f968: 17 internal nodes; 1.0 s; peak memory 449 MiB.
2026-10-10T14:49:36Z INFO [1122/3046] caf06900-001e-4ea7-915b-4b147671039a: 17 internal nodes; 0.9 s; peak memory 449 MiB.
2026-10-10T14:49:38Z INFO [1123/3046] caf06cd7-c451-4ca0-84e4-ae26172cdfab: 27 internal nodes; 1.3 s; peak memory 449 MiB.
2026-10-10T14:49:39Z INFO [1124/3046] caf19acc-4285-422e-ad93-2d3b2ba29b07: 27 internal nodes; 1.3 s; peak memory 449 MiB.
2026-10-10T14:49:40Z INFO [1125/3046] caf1caf0-8722-45ae-bdfb-120248e16a40: 17 internal nodes; 0.9 s; peak memory 449 MiB.
2026-10-10T14:49:41Z INFO [1126/3046] caf26e43-b26c-4aff-94bd-8845535e24c9: 27 internal nodes; 1.3 s; peak memory 449 MiB.
2026-10-10T14:49:43Z INFO [1127/3046] caf27a6b-c6d9-4a3b-92c5-76478fe217d1: 56 internal nodes; 1.5 s; peak memory 449 MiB.
2026-10-10T14:49:44Z INFO [1128/3046] caf2980f-3e4d-4032-b8d5-894d2bdb4a47: 27 internal nodes; 1.3 s; peak memory 449 MiB.
2026-10-10T14:51:18Z INFO [1129/3046] caf2b686-1f05-42a3-a8e2-34e7dd04479f: 7383 internal nodes; 94.6 s; peak memory 667 MiB.
2026-10-10T14:51:19Z INFO [1130/3046] caf2ebed-14fc-4415-afe9-28f6cc8d9f12: 22 internal nodes; 0.9 s; peak memory 667 MiB.
2026-10-10T14:51:35Z INFO [1131/3046] caf3ab37-565e-43bb-9b4f-e868956e97e4: 499 internal nodes; 15.8 s; peak memory 667 MiB.
2026-10-10T14:51:36Z INFO [1132/3046] caf3cce1-cba6-4e20-83a6-cb7fa2ddf0cc: 17 internal nodes; 0.9 s; peak memory 667 MiB.
2026-10-10T14:51:37Z INFO [1133/3046] caf40eee-2ec8-4125-a3ae-5e51e0b7e470: 17 internal nodes; 1.2 s; peak memory 667 MiB.
2026-10-10T14:51:39Z INFO [1134/3046] caf4db72-423e-4991-aa8e-c85ff50b896d: 32 internal nodes; 1.6 s; peak memory 667 MiB.
2026-10-10T14:51:40Z INFO [1135/3046] caf52506-bd3b-416c-88b1-7a243e99c520: 27 internal nodes; 1.3 s; peak memory 667 MiB.
2026-10-10T14:51:42Z INFO [1136/3046] caf55a43-a437-4281-9aab-0e60a45a0522: 27 internal nodes; 1.5 s; peak memory 667 MiB.
2026-10-10T14:51:43Z INFO [1137/3046] caf5b226-c9fa-40bd-971e-521392a5389c: 11 internal nodes; 1.0 s; peak memory 667 MiB.
2026-10-10T14:51:45Z INFO [1138/3046] caf6c4fc-c595-4c8b-ae4e-c1d68f51dd01: 72 internal nodes; 2.2 s; peak memory 667 MiB.
2026-10-10T14:51:51Z INFO [1139/3046] caf77455-0571-48cb-b4d4-af848ef7b80d: 73 internal nodes; 6.3 s; peak memory 667 MiB.
2026-10-10T14:51:52Z INFO [1140/3046] caf7de60-2c8a-465f-9a38-57fd14e29307: 17 internal nodes; 1.0 s; peak memory 667 MiB.
2026-10-10T14:51:53Z INFO [1141/3046] caf84f02-685f-47ae-9953-9969143e334e: 17 internal nodes; 1.0 s; peak memory 667 MiB.
2026-10-10T14:51:54Z INFO [1142/3046] caf877cf-965f-4dca-9bb5-1d6f45e3a5b6: 17 internal nodes; 1.0 s; peak memory 667 MiB.
2026-10-10T14:52:10Z INFO [1143/3046] caf8901a-510a-4473-9156-b1a76ad09c22: 1661 internal nodes; 15.9 s; peak memory 667 MiB.
2026-10-10T14:52:11Z INFO [1144/3046] caf9814d-e530-45a4-8c30-c7e3117a44a4: 17 internal nodes; 1.0 s; peak memory 667 MiB.
2026-10-10T14:52:12Z INFO [1145/3046] cafa19f2-af57-443c-84b6-a67773eb8990: 11 internal nodes; 0.9 s; peak memory 667 MiB.
2026-10-10T14:52:19Z INFO [1146/3046] cafa2cf0-7bd9-470e-abd6-882cc46a0384: 164 internal nodes; 7.2 s; peak memory 667 MiB.
2026-10-10T14:52:22Z INFO [1147/3046] cafa5eb6-078c-44e0-8499-b24da0015c2d: 60 internal nodes; 2.6 s; peak memory 667 MiB.
2026-10-10T14:52:23Z INFO [1148/3046] cafac2c7-6e97-4473-a321-f83941357f8e: 17 internal nodes; 0.9 s; peak memory 667 MiB.
2026-10-10T14:52:24Z INFO [1149/3046] cafb86c8-aa9f-4228-b6b1-269f6a3db46e: 17 internal nodes; 1.0 s; peak memory 667 MiB.
2026-10-10T14:52:25Z INFO [1150/3046] cafbed89-8753-431c-9dcd-23dbac4068d4: 17 internal nodes; 1.0 s; peak memory 667 MiB.
2026-10-10T14:52:25Z INFO [1150/3046] cafbed89-8753-431c-9dcd-23dbac4068d4: checkpointed 144919 new records.
2026-10-10T14:52:26Z INFO [1151/3046] cafc5c66-9eb3-4398-94f0-d149fb635452: 18 internal nodes; 1.0 s; peak memory 667 MiB.
2026-10-10T14:52:27Z INFO [1152/3046] cafc92d9-18e1-4a19-802b-ded5b4684122: 17 internal nodes; 1.0 s; peak memory 667 MiB.
2026-10-10T14:52:28Z INFO [1153/3046] cafc946c-fccc-405e-acf7-434169253d74: 27 internal nodes; 0.8 s; peak memory 667 MiB.
2026-10-10T14:52:29Z INFO [1154/3046] cafd35ee-52e9-4394-aab2-c9160e7e29e7: 13 internal nodes; 1.2 s; peak memory 667 MiB.
2026-10-10T14:52:31Z INFO [1155/3046] cafdfd35-6e7c-44bc-923e-3c354565a859: 31 internal nodes; 1.6 s; peak memory 667 MiB.
2026-10-10T14:52:32Z INFO [1156/3046] cafe4498-795c-42df-801f-8628e0d88aa7: 30 internal nodes; 1.2 s; peak memory 667 MiB.
2026-10-10T14:52:33Z INFO [1157/3046] cafe9274-80ec-456d-99f7-688175bf353a: 31 internal nodes; 1.6 s; peak memory 667 MiB.
2026-10-10T14:52:34Z INFO [1158/3046] caff3050-a4e8-4f20-bf68-c0d7f570558e: 28 internal nodes; 0.9 s; peak memory 667 MiB.
2026-10-10T14:52:35Z INFO [1159/3046] caffa975-2ece-4e5e-a2be-88170dfa76d2: 18 internal nodes; 1.2 s; peak memory 667 MiB.
2026-10-10T14:52:37Z INFO [1160/3046] caffb894-7677-4868-8283-9c6b253e43cb: 11 internal nodes; 1.2 s; peak memory 667 MiB.
2026-10-10T14:52:42Z INFO [1161/3046] cafff00d-2880-4e1e-9a95-8dee8c534c86: 62 internal nodes; 5.3 s; peak memory 667 MiB.
2026-10-10T14:52:43Z INFO [1162/3046] cb006721-c182-454c-8913-11e084c1ba37: 19 internal nodes; 1.0 s; peak memory 667 MiB.
2026-10-10T14:52:45Z INFO [1163/3046] cb00c29d-ec90-47c2-b7d9-16eeeb9540a9: 25 internal nodes; 1.9 s; peak memory 667 MiB.
2026-10-10T14:52:46Z INFO [1164/3046] cb01301a-02b9-4143-ae94-7587794dbf3f: 116 internal nodes; 1.4 s; peak memory 667 MiB.
2026-10-10T14:52:48Z INFO [1165/3046] cb01c6c5-9113-422f-ac51-9902eb2ea678: 72 internal nodes; 2.1 s; peak memory 667 MiB.
2026-10-10T14:52:49Z INFO [1166/3046] cb01e5a2-5dc6-4eba-8f00-ab05213acbbb: 13 internal nodes; 0.8 s; peak memory 667 MiB.
2026-10-10T14:52:50Z INFO [1167/3046] cb02c505-daed-4584-8da2-90c22ceacedc: 27 internal nodes; 1.2 s; peak memory 667 MiB.
2026-10-10T14:52:52Z INFO [1168/3046] cb02db0d-31ed-461d-9444-ddc1edc4673b: 27 internal nodes; 1.4 s; peak memory 667 MiB.
2026-10-10T14:52:53Z INFO [1169/3046] cb036ab3-d177-4d06-bec9-d0458aa46f84: 19 internal nodes; 1.1 s; peak memory 667 MiB.
2026-10-10T14:53:05Z INFO [1170/3046] cb0387fd-91e7-420d-8f95-a8e5e148949c: 77 internal nodes; 12.0 s; peak memory 667 MiB.
2026-10-10T14:53:06Z INFO [1171/3046] cb03bc39-caee-4532-b411-8d3258543795: 31 internal nodes; 1.5 s; peak memory 667 MiB.
2026-10-10T14:53:07Z INFO [1172/3046] cb0458f5-1a2b-494d-834e-a1e840be600c: 11 internal nodes; 0.7 s; peak memory 667 MiB.
2026-10-10T14:53:10Z INFO [1173/3046] cb0463f6-2a0e-4b2d-9d63-58b0b7fa61fa: 45 internal nodes; 3.1 s; peak memory 667 MiB.
2026-10-10T14:53:24Z INFO [1174/3046] cb05b0ea-0815-4bec-90f7-2f675a30262a: 254 internal nodes; 13.5 s; peak memory 667 MiB.
2026-10-10T14:53:29Z INFO [1175/3046] cb070e3c-2325-43d4-ad3f-670f04723522: 73 internal nodes; 5.4 s; peak memory 667 MiB.
2026-10-10T14:53:30Z INFO [1176/3046] cb07f158-5255-41d0-b5cb-4fa2d2d13e47: 13 internal nodes; 0.9 s; peak memory 667 MiB.
2026-10-10T14:53:32Z INFO [1177/3046] cb0848d9-4aa6-43db-9a5c-d9c5832dcb1f: 69 internal nodes; 1.9 s; peak memory 667 MiB.
2026-10-10T14:53:33Z INFO [1178/3046] cb08f330-6484-4c91-b4af-3177b57813dc: 17 internal nodes; 1.0 s; peak memory 667 MiB.
2026-10-10T14:53:35Z INFO [1179/3046] cb08f4bb-4ea3-4fae-a165-6c39a5a44e92: 44 internal nodes; 2.2 s; peak memory 667 MiB.
2026-10-10T14:53:36Z INFO [1180/3046] cb09426d-24fe-4044-bb01-5c4e28f855f3: 23 internal nodes; 0.8 s; peak memory 667 MiB.
2026-10-10T14:53:37Z INFO [1181/3046] cb096526-d3ce-4860-b398-cf1f515f2add: 17 internal nodes; 1.1 s; peak memory 667 MiB.
2026-10-10T14:53:38Z INFO [1182/3046] cb097188-c205-4754-a7fc-43313d21a580: 19 internal nodes; 1.0 s; peak memory 667 MiB.
2026-10-10T14:53:46Z INFO [1183/3046] cb09c42b-e998-4dce-be95-43e5f7234c44: 65 internal nodes; 7.5 s; peak memory 667 MiB.
2026-10-10T14:53:48Z INFO [1184/3046] cb09e324-4a48-4966-90eb-56693723c345: 72 internal nodes; 2.2 s; peak memory 667 MiB.
2026-10-10T14:53:49Z INFO [1185/3046] cb0a9aad-a29f-456b-812e-db287fbad636: 59 internal nodes; 1.3 s; peak memory 667 MiB.
2026-10-10T14:53:50Z INFO [1186/3046] cb0aaafb-b6f4-4225-b13b-f3dc28efb6c5: 29 internal nodes; 1.2 s; peak memory 667 MiB.
2026-10-10T14:53:58Z INFO [1187/3046] cb0c1233-6513-416f-84de-69e9e24210d9: 66 internal nodes; 7.5 s; peak memory 667 MiB.
2026-10-10T14:53:59Z INFO [1188/3046] cb0c25ce-c752-47c9-831e-d9184cedfe66: 17 internal nodes; 1.1 s; peak memory 667 MiB.
2026-10-10T14:54:00Z INFO [1189/3046] cb0c26c2-82a6-4f49-8a6d-ece025b20cfb: 17 internal nodes; 0.9 s; peak memory 667 MiB.
2026-10-10T14:54:01Z INFO [1190/3046] cb0c6d11-321e-48fd-8e49-241cf4623ef3: 27 internal nodes; 1.2 s; peak memory 667 MiB.
2026-10-10T14:54:02Z INFO [1191/3046] cb0ca74b-9274-4ada-9e3b-059090f75352: 27 internal nodes; 0.8 s; peak memory 667 MiB.
2026-10-10T14:54:05Z INFO [1192/3046] cb0ca7d3-ee49-410e-99e1-9a1b1f1f7d1c: 46 internal nodes; 3.0 s; peak memory 667 MiB.
2026-10-10T14:54:06Z INFO [1193/3046] cb0cbd67-7ef5-4b13-9428-41bbb35f5ea8: 17 internal nodes; 1.0 s; peak memory 667 MiB.
2026-10-10T14:54:11Z INFO [1194/3046] cb0cddca-9dbd-4a4d-93ef-91ebc0208b4d: 126 internal nodes; 5.8 s; peak memory 667 MiB.
2026-10-10T14:54:13Z INFO [1195/3046] cb0d0954-646f-4b6e-bb55-8ea03d66063c: 61 internal nodes; 1.9 s; peak memory 667 MiB.
2026-10-10T14:54:15Z INFO [1196/3046] cb0d5788-f891-4ff4-b85a-1a1006aa256a: 122 internal nodes; 1.7 s; peak memory 667 MiB.
2026-10-10T14:54:16Z INFO [1197/3046] cb0e7b84-2761-4167-970d-3c61cd6386ce: 30 internal nodes; 1.3 s; peak memory 667 MiB.
2026-10-10T14:54:17Z INFO [1198/3046] cb0ea691-06a1-4f44-97bc-f99e890e4248: 117 internal nodes; 1.2 s; peak memory 667 MiB.
2026-10-10T14:54:18Z INFO [1199/3046] cb0f947e-3710-418f-a015-ed8f740fc153: 13 internal nodes; 0.7 s; peak memory 667 MiB.
2026-10-10T14:54:19Z INFO [1200/3046] cb0ffe74-de5a-46e0-b74d-9b848dd85cd9: 11 internal nodes; 0.7 s; peak memory 667 MiB.
2026-10-10T14:54:19Z INFO [1200/3046] cb0ffe74-de5a-46e0-b74d-9b848dd85cd9: checkpointed 144969 new records.
2026-10-10T14:54:25Z INFO [1201/3046] cb111f42-48cf-4e7d-8af5-0dae244d9e6c: 130 internal nodes; 5.8 s; peak memory 667 MiB.
2026-10-10T14:54:26Z INFO [1202/3046] cb118123-3d6b-4579-8a0c-c394174f0a97: 24 internal nodes; 1.3 s; peak memory 667 MiB.
2026-10-10T14:54:28Z INFO [1203/3046] cb1187c2-e0a6-4a2c-a18b-fa44821505e9: 23 internal nodes; 1.3 s; peak memory 667 MiB.
2026-10-10T14:54:29Z INFO [1204/3046] cb14b095-c165-4e9d-b07d-e6d176972e60: 17 internal nodes; 1.0 s; peak memory 667 MiB.
2026-10-10T14:54:30Z INFO [1205/3046] cb155d2e-91bd-46d2-97ff-7fd43157938c: 17 internal nodes; 1.0 s; peak memory 667 MiB.
2026-10-10T14:54:30Z INFO [1206/3046] cb15f0d7-6864-4d58-abcf-66f19f3831e7: 26 internal nodes; 0.9 s; peak memory 667 MiB.
2026-10-10T14:54:32Z INFO [1207/3046] cb168dfd-c85b-4ee4-9033-f902424909cb: 90 internal nodes; 1.2 s; peak memory 667 MiB.
2026-10-10T14:54:33Z INFO [1208/3046] cb171e5e-15e5-45a1-96d0-d2c4a784b459: 19 internal nodes; 0.9 s; peak memory 667 MiB.
2026-10-10T14:54:34Z INFO [1209/3046] cb17d280-8f8e-4380-9f4b-f21022fbf90d: 27 internal nodes; 1.3 s; peak memory 667 MiB.
2026-10-10T14:54:35Z INFO [1210/3046] cb1802b5-afde-472c-9dd6-d89cee15db13: 29 internal nodes; 1.5 s; peak memory 667 MiB.
2026-10-10T14:54:37Z INFO [1211/3046] cb1811e9-2eb4-4dc8-9490-466fb2505917: 95 internal nodes; 1.4 s; peak memory 667 MiB.
2026-10-10T14:54:38Z INFO [1212/3046] cb186aad-9897-415f-a966-d3e3a79889af: 29 internal nodes; 1.6 s; peak memory 667 MiB.
2026-10-10T14:54:39Z INFO [1213/3046] cb190c4c-f569-408b-bcb8-ffd08d7457bc: 27 internal nodes; 1.1 s; peak memory 667 MiB.
2026-10-10T14:54:41Z INFO [1214/3046] cb190e67-fa08-41b6-8ad5-168fd5aa4c25: 27 internal nodes; 1.7 s; peak memory 667 MiB.
2026-10-10T14:54:42Z INFO [1215/3046] cb1a8371-e84f-48a7-9c86-f7a581ec2ccc: 25 internal nodes; 1.3 s; peak memory 667 MiB.
2026-10-10T14:54:43Z INFO [1216/3046] cb1ab25f-bf86-4cea-a449-6d89b0ec373f: 17 internal nodes; 1.0 s; peak memory 667 MiB.
2026-10-10T14:54:44Z INFO [1217/3046] cb1b0acf-b50a-4c60-9c8c-e38c3b5a963a: 18 internal nodes; 1.0 s; peak memory 667 MiB.
2026-10-10T14:54:45Z INFO [1218/3046] cb1b111a-f613-490a-b9d5-e2e7f20507ac: 11 internal nodes; 0.6 s; peak memory 667 MiB.
2026-10-10T14:54:48Z INFO [1219/3046] cb1ba36d-4dd8-4416-9f73-0602694d1640: 44 internal nodes; 2.7 s; peak memory 667 MiB.
2026-10-10T14:54:49Z INFO [1220/3046] cb1c9497-6360-4161-a6f6-0fef1f3eac8b: 31 internal nodes; 1.6 s; peak memory 667 MiB.
2026-10-10T14:54:51Z INFO [1221/3046] cb1cc599-a4a8-4818-b31a-7bf900bcf495: 27 internal nodes; 1.3 s; peak memory 667 MiB.
2026-10-10T14:54:52Z INFO [1222/3046] cb1d930b-cffb-4d1d-aeaa-ffb8104e5e09: 27 internal nodes; 1.3 s; peak memory 667 MiB.
2026-10-10T14:54:53Z INFO [1223/3046] cb1dc6dd-1200-4cd7-a93d-168151bb6de3: 27 internal nodes; 1.4 s; peak memory 667 MiB.
2026-10-10T14:54:55Z INFO [1224/3046] cb1e5360-7a94-4c7e-9439-92ea4ad441fd: 90 internal nodes; 1.3 s; peak memory 667 MiB.
2026-10-10T14:54:56Z INFO [1225/3046] cb1e6384-77fe-4a7a-9064-fdea5777e649: 31 internal nodes; 1.6 s; peak memory 667 MiB.
2026-10-10T14:54:58Z INFO [1226/3046] cb1eb3df-a042-4280-98e2-1faa6ef90943: 31 internal nodes; 1.8 s; peak memory 667 MiB.
2026-10-10T14:54:59Z INFO [1227/3046] cb1ec5a6-c425-4080-98fc-77c2236b189c: 27 internal nodes; 1.4 s; peak memory 667 MiB.
2026-10-10T14:55:03Z INFO [1228/3046] cb1ec72e-8d1a-4b03-95d6-5b694fcded19: 53 internal nodes; 3.9 s; peak memory 667 MiB.
2026-10-10T14:55:05Z INFO [1229/3046] cb1ed40c-4a0e-43c5-b27a-f4188e81790b: 31 internal nodes; 1.6 s; peak memory 667 MiB.
2026-10-10T14:55:07Z INFO [1230/3046] cb1f9d8f-70b6-4dbb-85a2-42cfa63e3a9d: 17 internal nodes; 2.2 s; peak memory 667 MiB.
2026-10-10T14:55:08Z INFO [1231/3046] cb1fcd9f-a67a-435c-8e87-65606c34658a: 22 internal nodes; 1.1 s; peak memory 667 MiB.
2026-10-10T14:55:09Z INFO [1232/3046] cb1fff4a-8461-4932-bbe0-ed673e99be7c: 26 internal nodes; 0.8 s; peak memory 667 MiB.
2026-10-10T14:55:10Z INFO [1233/3046] cb2012d0-b179-45c4-a465-60ac922dda86: 27 internal nodes; 1.2 s; peak memory 667 MiB.
2026-10-10T14:55:16Z INFO [1234/3046] cb208592-cd88-41e5-9e89-bee967eb9475: 100 internal nodes; 6.0 s; peak memory 667 MiB.
2026-10-10T14:55:18Z INFO [1235/3046] cb20a72b-ed97-4566-b189-d69215de852e: 31 internal nodes; 1.4 s; peak memory 667 MiB.
2026-10-10T14:55:19Z INFO [1236/3046] cb215ecd-d8a4-4f07-92ae-1b8aef2339e7: 27 internal nodes; 1.2 s; peak memory 667 MiB.
2026-10-10T14:55:20Z INFO [1237/3046] cb2224c2-497c-4716-8809-58ca4097aa75: 37 internal nodes; 1.5 s; peak memory 667 MiB.
2026-10-10T14:55:23Z INFO [1238/3046] cb224ae3-66e2-461b-b81b-6fa957bd5bda: 52 internal nodes; 2.3 s; peak memory 667 MiB.
2026-10-10T14:55:23Z INFO [1239/3046] cb23325d-37ff-4475-9f8a-9ed7154f9794: 18 internal nodes; 0.9 s; peak memory 667 MiB.
2026-10-10T14:55:24Z INFO [1240/3046] cb238c95-8978-4bc1-bc1e-f9c398f49eef: 17 internal nodes; 0.9 s; peak memory 667 MiB.
2026-10-10T14:55:31Z INFO [1241/3046] cb241899-5931-46a5-89a0-e3994e987a48: 171 internal nodes; 6.6 s; peak memory 667 MiB.
2026-10-10T14:55:32Z INFO [1242/3046] cb242aae-0915-45c9-b183-edeceac6f233: 31 internal nodes; 1.5 s; peak memory 667 MiB.
2026-10-10T14:55:34Z INFO [1243/3046] cb250b45-dc15-4f00-8d9e-bea721f886ab: 28 internal nodes; 1.4 s; peak memory 667 MiB.
2026-10-10T14:55:41Z INFO [1244/3046] cb259237-fc0e-4df7-a88c-8b7461fe74e2: 177 internal nodes; 7.5 s; peak memory 667 MiB.
2026-10-10T14:55:43Z INFO [1245/3046] cb260c80-c721-43af-827f-fb911106f95f: 31 internal nodes; 1.7 s; peak memory 667 MiB.
2026-10-10T14:55:44Z INFO [1246/3046] cb263102-b392-4eed-9b54-402e9cc76fb3: 17 internal nodes; 0.9 s; peak memory 667 MiB.
2026-10-10T14:55:45Z INFO [1247/3046] cb26f3cb-0d44-424b-abc1-d0d553394463: 27 internal nodes; 1.2 s; peak memory 667 MiB.
2026-10-10T14:55:47Z INFO [1248/3046] cb278712-a1fb-4ffe-9173-5604ea4ca9c1: 22 internal nodes; 1.9 s; peak memory 667 MiB.
2026-10-10T14:55:48Z INFO [1249/3046] cb279521-5bee-4fbb-8881-bf6d702c6369: 31 internal nodes; 1.3 s; peak memory 667 MiB.
2026-10-10T14:55:50Z INFO [1250/3046] cb27f977-59f6-46f2-b856-ba8a380beaea: 27 internal nodes; 1.3 s; peak memory 667 MiB.
2026-10-10T14:55:50Z INFO [1250/3046] cb27f977-59f6-46f2-b856-ba8a380beaea: checkpointed 145019 new records.
2026-10-10T14:55:52Z INFO [1251/3046] cb297550-fdde-4c86-8dde-8ba8186f7f3c: 31 internal nodes; 1.7 s; peak memory 667 MiB.
2026-10-10T14:55:53Z INFO [1252/3046] cb29bdde-79ec-4120-bf1b-056ee74e6eac: 23 internal nodes; 1.1 s; peak memory 667 MiB.
2026-10-10T14:55:54Z INFO [1253/3046] cb2a0859-6ac3-4a7e-8412-55376f550f0f: 31 internal nodes; 1.5 s; peak memory 667 MiB.
2026-10-10T14:55:57Z INFO [1254/3046] cb2aee04-8bf4-434b-ba11-0cc890fd7b65: 47 internal nodes; 2.5 s; peak memory 667 MiB.
2026-10-10T14:55:58Z INFO [1255/3046] cb2b01cf-d0ae-4d8a-a38c-b9c5db27c13d: 17 internal nodes; 1.1 s; peak memory 667 MiB.
2026-10-10T14:55:59Z INFO [1256/3046] cb2b3d22-b2ce-4e42-aa5e-044d2406ed70: 19 internal nodes; 1.1 s; peak memory 667 MiB.
2026-10-10T14:56:00Z INFO [1257/3046] cb2c6003-9258-4e2e-9638-4b73caf4f841: 22 internal nodes; 0.8 s; peak memory 667 MiB.
2026-10-10T14:56:01Z INFO [1258/3046] cb2c662f-a918-4120-a152-303c17f7f29b: 27 internal nodes; 0.9 s; peak memory 667 MiB.
2026-10-10T14:56:02Z INFO [1259/3046] cb2ccdf9-daf4-4f4e-a1c0-13ca67086e02: 17 internal nodes; 1.0 s; peak memory 667 MiB.
2026-10-10T14:56:13Z INFO [1260/3046] cb2d728c-4288-49be-89b9-3bcb03aa86dc: 130 internal nodes; 11.5 s; peak memory 667 MiB.
2026-10-10T14:56:15Z INFO [1261/3046] cb2da39d-1be7-4524-a8b0-2e0adc6bac35: 34 internal nodes; 2.1 s; peak memory 667 MiB.
2026-10-10T14:56:17Z INFO [1262/3046] cb2da5fb-f426-45d6-90a6-92d210a8f64b: 31 internal nodes; 1.9 s; peak memory 667 MiB.
2026-10-10T14:56:18Z INFO [1263/3046] cb2f0468-1185-4519-82b6-f8ef6004be06: 17 internal nodes; 0.9 s; peak memory 667 MiB.
2026-10-10T14:56:19Z INFO [1264/3046] cb2f58b6-fc23-4abf-aaff-716741201085: 27 internal nodes; 1.2 s; peak memory 667 MiB.
2026-10-10T14:56:20Z INFO [1265/3046] cb304381-4361-42c6-9516-239371b829c8: 17 internal nodes; 1.0 s; peak memory 667 MiB.
2026-10-10T14:56:21Z INFO [1266/3046] cb326c0e-ad22-45ea-a5ea-2ec12c982a57: 17 internal nodes; 0.9 s; peak memory 667 MiB.
2026-10-10T14:56:23Z INFO [1267/3046] cb330083-11ed-475d-9d7a-776dcab9bc85: 30 internal nodes; 1.3 s; peak memory 667 MiB.
2026-10-10T14:56:24Z INFO [1268/3046] cb33e41a-e0a5-4f96-ab1f-52c57ad9c51a: 31 internal nodes; 1.7 s; peak memory 667 MiB.
2026-10-10T14:56:26Z INFO [1269/3046] cb34544c-d60f-430a-8d64-c13d44b7ca59: 90 internal nodes; 1.2 s; peak memory 667 MiB.
2026-10-10T14:56:28Z INFO [1270/3046] cb346f7f-2358-4882-95c4-048ff88ae3be: 41 internal nodes; 2.9 s; peak memory 667 MiB.
2026-10-10T14:56:30Z INFO [1271/3046] cb356ef1-c934-43a6-beb8-1754bb8ddd44: 65 internal nodes; 1.9 s; peak memory 667 MiB.
2026-10-10T14:56:31Z INFO [1272/3046] cb370df5-b733-414e-8c96-cc15737169bc: 27 internal nodes; 1.1 s; peak memory 667 MiB.
2026-10-10T14:56:33Z INFO [1273/3046] cb37f776-15bc-41a0-9c57-e002bedde17a: 29 internal nodes; 1.3 s; peak memory 667 MiB.
2026-10-10T14:56:41Z INFO [1274/3046] cb382b69-480a-4d75-bff6-ee2c515bbdd1: 101 internal nodes; 8.7 s; peak memory 667 MiB.
2026-10-10T14:56:43Z INFO [1275/3046] cb387d58-0d53-4ab1-9876-4713b4b72bc6: 27 internal nodes; 1.3 s; peak memory 667 MiB.
2026-10-10T14:56:57Z INFO [1276/3046] cb38a613-86a6-4d0c-9f7a-72830271dd0d: 1950 internal nodes; 14.1 s; peak memory 667 MiB.
2026-10-10T14:56:58Z INFO [1277/3046] cb38f508-8110-4b24-aa8d-ac67df93d156: 23 internal nodes; 1.1 s; peak memory 667 MiB.
2026-10-10T14:57:05Z INFO [1278/3046] cb39c664-7530-400f-b015-d96742be8a3a: 148 internal nodes; 6.9 s; peak memory 667 MiB.
2026-10-10T14:57:06Z INFO [1279/3046] cb3a4b19-5f3f-4099-9d4b-d68e1d8a48c1: 17 internal nodes; 1.0 s; peak memory 667 MiB.
2026-10-10T14:57:20Z INFO [1280/3046] cb3a67e1-466b-4c58-b39e-7b337370b2df: 2598 internal nodes; 14.4 s; peak memory 667 MiB.
2026-10-10T14:57:23Z INFO [1281/3046] cb3b3525-78d8-4e8c-ab25-23207da744a3: 50 internal nodes; 3.0 s; peak memory 667 MiB.
2026-10-10T14:57:24Z INFO [1282/3046] cb3b4e7a-56b7-4b19-8236-193765edbbdd: 22 internal nodes; 0.9 s; peak memory 667 MiB.
2026-10-10T14:57:26Z INFO [1283/3046] cb3cb323-c6ff-45f4-b8ef-d2261988f038: 31 internal nodes; 1.5 s; peak memory 667 MiB.
2026-10-10T14:57:27Z INFO [1284/3046] cb3cbcd3-de7f-4044-90ac-06ce57d6ca66: 27 internal nodes; 1.3 s; peak memory 667 MiB.
2026-10-10T14:57:28Z INFO [1285/3046] cb3dac89-4e6d-4776-bb87-a338b2c01fa8: 13 internal nodes; 0.8 s; peak memory 667 MiB.
2026-10-10T14:57:29Z INFO [1286/3046] cb3e019c-3e45-4cef-9b14-07038eb79bc5: 17 internal nodes; 0.9 s; peak memory 667 MiB.
2026-10-10T14:57:30Z INFO [1287/3046] cb3ec4b1-8528-4b65-ae72-ca390003cfbd: 59 internal nodes; 1.6 s; peak memory 667 MiB.
2026-10-10T14:57:32Z INFO [1288/3046] cb3f435f-ea6a-4081-8a6f-76d73f63c9e0: 27 internal nodes; 1.2 s; peak memory 667 MiB.
2026-10-10T14:57:33Z INFO [1289/3046] cb3f48c7-12f9-442a-b6b1-72c05b778e46: 19 internal nodes; 1.1 s; peak memory 667 MiB.
2026-10-10T14:57:34Z INFO [1290/3046] cb3f52db-6ad8-4b40-848c-38c10df8078b: 17 internal nodes; 1.0 s; peak memory 667 MiB.
2026-10-10T14:57:35Z INFO [1291/3046] cb3fefca-a110-4aaf-b8fa-3b38df84bec1: 24 internal nodes; 1.0 s; peak memory 667 MiB.
2026-10-10T14:57:36Z INFO [1292/3046] cb401878-b13a-4826-b119-65b9238d3f33: 17 internal nodes; 1.0 s; peak memory 667 MiB.
2026-10-10T14:57:37Z INFO [1293/3046] cb40251c-44d5-40e5-ab18-50fb27675933: 17 internal nodes; 0.9 s; peak memory 667 MiB.
2026-10-10T14:57:38Z INFO [1294/3046] cb405183-ce40-44f1-9be3-a2ccb28143ee: 31 internal nodes; 1.4 s; peak memory 667 MiB.
2026-10-10T14:57:39Z INFO [1295/3046] cb405ce9-fbb2-4373-b431-5659a16d7170: 17 internal nodes; 1.0 s; peak memory 667 MiB.
2026-10-10T14:57:41Z INFO [1296/3046] cb40b796-4d4f-4b9d-be14-9b4a83448842: 26 internal nodes; 1.6 s; peak memory 667 MiB.
2026-10-10T14:57:42Z INFO [1297/3046] cb410c50-910d-4fbd-a8ae-86c1f1f1e4dc: 27 internal nodes; 1.3 s; peak memory 667 MiB.
2026-10-10T14:57:44Z INFO [1298/3046] cb41429c-1648-406a-b44f-e63bba85b614: 27 internal nodes; 1.8 s; peak memory 667 MiB.
2026-10-10T14:57:44Z INFO [1299/3046] cb41ec92-1005-4fd3-98f3-474e08dac408: 17 internal nodes; 0.7 s; peak memory 667 MiB.
2026-10-10T14:57:46Z INFO [1300/3046] cb423b19-264a-4ab9-a24f-03e1e81a8874: 31 internal nodes; 1.8 s; peak memory 667 MiB.
2026-10-10T14:57:47Z INFO [1300/3046] cb423b19-264a-4ab9-a24f-03e1e81a8874: checkpointed 145069 new records.
2026-10-10T14:57:48Z INFO [1301/3046] cb439d48-a024-4e49-9884-7d177df3525b: 117 internal nodes; 1.6 s; peak memory 667 MiB.
2026-10-10T14:57:51Z INFO [1302/3046] cb44d122-48c4-4bca-8d28-4164da652b5d: 44 internal nodes; 2.4 s; peak memory 667 MiB.
2026-10-10T14:57:52Z INFO [1303/3046] cb44dab3-d58f-4e32-977e-7bf344fd7f9a: 19 internal nodes; 1.1 s; peak memory 667 MiB.
2026-10-10T14:57:54Z INFO [1304/3046] cb454552-2da0-457b-800e-e6a61fe04d9f: 44 internal nodes; 2.3 s; peak memory 667 MiB.
2026-10-10T14:57:55Z INFO [1305/3046] cb45bcea-00a1-4213-a5ad-97f570bbb3fa: 17 internal nodes; 1.1 s; peak memory 667 MiB.
2026-10-10T14:57:57Z INFO [1306/3046] cb471541-55b5-408e-8081-13000bda74f0: 31 internal nodes; 1.3 s; peak memory 667 MiB.
2026-10-10T14:57:58Z INFO [1307/3046] cb471dad-4cd3-451c-90f6-37d45b4d430b: 27 internal nodes; 1.3 s; peak memory 667 MiB.
2026-10-10T14:57:59Z INFO [1308/3046] cb474135-6eb3-45c6-92ed-e716ce8a1dfb: 31 internal nodes; 1.5 s; peak memory 667 MiB.
2026-10-10T14:58:01Z INFO [1309/3046] cb485bb1-b4a0-4d6b-8326-ddd3dd904c1b: 27 internal nodes; 1.3 s; peak memory 667 MiB.
2026-10-10T14:58:07Z INFO [1310/3046] cb48baaa-0c2f-4f2d-94c1-772af0311de5: 41 internal nodes; 6.0 s; peak memory 667 MiB.
2026-10-10T14:58:08Z INFO [1311/3046] cb48e68f-d8d5-4d9e-8b8b-d5838cfc3d9a: 95 internal nodes; 1.6 s; peak memory 667 MiB.
2026-10-10T14:58:09Z INFO [1312/3046] cb492a51-d813-431b-be89-4254d797d5cb: 17 internal nodes; 0.9 s; peak memory 667 MiB.
2026-10-10T14:58:22Z INFO [1313/3046] cb495a28-6914-43e4-a283-35e198ce697b: 246 internal nodes; 13.2 s; peak memory 667 MiB.
2026-10-10T14:58:23Z INFO [1314/3046] cb496aa4-9584-4193-ab6c-3483d1d457ff: 26 internal nodes; 0.8 s; peak memory 667 MiB.
2026-10-10T14:58:25Z INFO [1315/3046] cb49a0e9-7c12-44e6-be54-af70d3147ad0: 31 internal nodes; 1.6 s; peak memory 667 MiB.
2026-10-10T14:58:27Z INFO [1316/3046] cb4a0198-719b-42e0-b81f-f22ebe2016f3: 47 internal nodes; 2.7 s; peak memory 667 MiB.
2026-10-10T14:58:29Z INFO [1317/3046] cb4a962d-2273-47ee-b81b-25596952c82c: 27 internal nodes; 1.4 s; peak memory 667 MiB.
2026-10-10T14:58:37Z INFO [1318/3046] cb4acb53-790d-4307-88b1-26659d999433: 44 internal nodes; 8.7 s; peak memory 667 MiB.
2026-10-10T14:58:46Z INFO [1319/3046] cb4bca26-ca1b-488f-ab78-8431abf5c4fe: 263 internal nodes; 8.6 s; peak memory 667 MiB.
2026-10-10T14:58:47Z INFO [1320/3046] cb4c4ddd-fd98-4057-bb61-980353c40174: 18 internal nodes; 1.0 s; peak memory 667 MiB.
2026-10-10T14:58:53Z INFO [1321/3046] cb4dc55b-4da7-42e6-a847-14d8f98d7672: 127 internal nodes; 6.2 s; peak memory 667 MiB.
2026-10-10T14:58:55Z INFO [1322/3046] cb4e0a71-d0a1-4292-a941-cd6dd91f8bf6: 54 internal nodes; 1.6 s; peak memory 667 MiB.
2026-10-10T14:58:56Z INFO [1323/3046] cb4f838d-08e5-47bd-87d5-114783456da6: 19 internal nodes; 1.0 s; peak memory 667 MiB.
2026-10-10T14:58:57Z INFO [1324/3046] cb4ffbe1-eb09-4ca0-9ad3-3bbddc744c9e: 17 internal nodes; 1.0 s; peak memory 667 MiB.
2026-10-10T14:58:58Z INFO [1325/3046] cb52f072-d499-4aea-8ee1-84236e0ebd2e: 17 internal nodes; 1.0 s; peak memory 667 MiB.
2026-10-10T14:58:59Z INFO [1326/3046] cb538f2b-004d-47a0-8f47-3db35b842a3d: 115 internal nodes; 1.2 s; peak memory 667 MiB.
2026-10-10T14:59:00Z INFO [1327/3046] cb53c5c5-787f-4709-af89-fb3e318275d8: 16 internal nodes; 1.0 s; peak memory 667 MiB.
2026-10-10T14:59:01Z INFO [1328/3046] cb54722e-c4bb-415e-8762-9d53a48a213f: 18 internal nodes; 1.1 s; peak memory 667 MiB.
2026-10-10T14:59:02Z INFO [1329/3046] cb54831c-1d12-480a-97d9-3adf329dfb81: 19 internal nodes; 0.9 s; peak memory 667 MiB.
2026-10-10T14:59:03Z INFO [1330/3046] cb54a643-f1d3-4882-a18a-0cb4928632d2: 17 internal nodes; 0.9 s; peak memory 667 MiB.
2026-10-10T14:59:05Z INFO [1331/3046] cb54c246-b6e1-49e6-bf66-46953e0ace03: 55 internal nodes; 2.3 s; peak memory 667 MiB.
2026-10-10T14:59:06Z INFO [1332/3046] cb55402d-688d-4341-9738-4090845bb7b1: 17 internal nodes; 0.9 s; peak memory 667 MiB.
2026-10-10T14:59:13Z INFO [1333/3046] cb5601f4-e75b-47e3-99e6-0901f8052083: 65 internal nodes; 7.3 s; peak memory 667 MiB.
2026-10-10T14:59:16Z INFO [1334/3046] cb564fd2-64d7-43b4-a5f3-040fa462e203: 44 internal nodes; 2.7 s; peak memory 667 MiB.
2026-10-10T14:59:18Z INFO [1335/3046] cb56fc4f-3164-425d-b620-90840bc9c748: 53 internal nodes; 1.5 s; peak memory 667 MiB.
2026-10-10T14:59:19Z INFO [1336/3046] cb57019b-8011-4185-83d8-800d5b09168c: 17 internal nodes; 1.0 s; peak memory 667 MiB.
2026-10-10T14:59:33Z INFO [1337/3046] cb577e01-23eb-4328-b51a-f4c62b261995: 277 internal nodes; 14.2 s; peak memory 667 MiB.
2026-10-10T14:59:34Z INFO [1338/3046] cb577f3d-2ebd-4b2f-83b7-b5759747c776: 56 internal nodes; 1.5 s; peak memory 667 MiB.
2026-10-10T14:59:40Z INFO [1339/3046] cb57dbd3-a42e-45a2-9b0a-c31e12a9dffc: 119 internal nodes; 5.7 s; peak memory 667 MiB.
2026-10-10T14:59:41Z INFO [1340/3046] cb58116b-2f4e-46af-9351-0b312ffc86d2: 26 internal nodes; 0.8 s; peak memory 667 MiB.
2026-10-10T14:59:42Z INFO [1341/3046] cb58e908-0bcd-490a-b086-f08f1590002c: 18 internal nodes; 1.5 s; peak memory 667 MiB.
2026-10-10T14:59:48Z INFO [1342/3046] cb590298-ae0d-4609-979c-89306546af6b: 61 internal nodes; 6.1 s; peak memory 667 MiB.
2026-10-10T14:59:53Z INFO [1343/3046] cb595b64-d1c4-4da1-9eec-3332e4b69331: 68 internal nodes; 5.1 s; peak memory 667 MiB.
2026-10-10T14:59:58Z INFO [1344/3046] cb59b4f1-4607-4861-ad42-a0219e4741b4: 133 internal nodes; 4.6 s; peak memory 667 MiB.
2026-10-10T14:59:59Z INFO [1345/3046] cb59d884-6eb9-4c15-9d9c-950a20d8b189: 17 internal nodes; 1.0 s; peak memory 667 MiB.
2026-10-10T15:00:12Z INFO [1346/3046] cb59f35e-0aec-4611-929b-64052727e446: 226 internal nodes; 12.5 s; peak memory 667 MiB.
2026-10-10T15:00:13Z INFO [1347/3046] cb5a6d8b-ad81-436d-b03a-9d0772ae8895: 23 internal nodes; 1.1 s; peak memory 667 MiB.
2026-10-10T15:00:13Z INFO [1348/3046] cb5a833e-1aed-4115-af4f-adaaffd3fe1e: 11 internal nodes; 0.7 s; peak memory 667 MiB.
2026-10-10T15:00:15Z INFO [1349/3046] cb5b4fd0-bdc6-4f05-818d-118a4ea6ccdb: 12 internal nodes; 1.1 s; peak memory 667 MiB.
2026-10-10T15:00:16Z INFO [1350/3046] cb5b6dfd-9ae9-4a95-a2c9-5767c6853940: 17 internal nodes; 1.0 s; peak memory 667 MiB.
2026-10-10T15:00:16Z INFO [1350/3046] cb5b6dfd-9ae9-4a95-a2c9-5767c6853940: checkpointed 145119 new records.
2026-10-10T15:00:17Z INFO [1351/3046] cb5b7985-6ff2-4c45-84dd-6a3485bcee0b: 27 internal nodes; 1.2 s; peak memory 667 MiB.
2026-10-10T15:00:18Z INFO [1352/3046] cb5b92a0-fa86-462c-8619-2a2b3aefe5c5: 11 internal nodes; 0.8 s; peak memory 667 MiB.
2026-10-10T15:00:21Z INFO [1353/3046] cb5d7a0c-90b2-4518-bba4-3bbebe3bf45a: 44 internal nodes; 2.8 s; peak memory 667 MiB.
2026-10-10T15:00:22Z INFO [1354/3046] cb5df911-f981-49ed-82bc-eeaa1d138c6e: 25 internal nodes; 0.9 s; peak memory 667 MiB.
2026-10-10T15:00:24Z INFO [1355/3046] cb5f467e-303f-42fd-83ce-acbf4afcec2d: 67 internal nodes; 1.9 s; peak memory 667 MiB.
2026-10-10T15:00:25Z INFO [1356/3046] cb5f881a-3d48-4dde-912a-29cc01b2e075: 31 internal nodes; 1.5 s; peak memory 667 MiB.
2026-10-10T15:00:26Z INFO [1357/3046] cb60e1dc-4818-476e-8938-d38ab14624e7: 23 internal nodes; 0.8 s; peak memory 667 MiB.
2026-10-10T15:00:32Z INFO [1358/3046] cb61a14f-de07-4b37-ac67-35191859166b: 177 internal nodes; 5.8 s; peak memory 667 MiB.
2026-10-10T15:00:32Z INFO [1359/3046] cb626836-6011-4cae-bd89-6350338f69bd: 11 internal nodes; 0.7 s; peak memory 667 MiB.
2026-10-10T15:00:33Z INFO [1360/3046] cb63f117-7b4d-4b61-ba0f-f1ee83206d8f: 11 internal nodes; 0.8 s; peak memory 667 MiB.
2026-10-10T15:00:34Z INFO [1361/3046] cb6585e6-48a7-47c3-b951-b47ddde047ee: 27 internal nodes; 1.2 s; peak memory 667 MiB.
2026-10-10T15:00:35Z INFO [1362/3046] cb65af4a-87a9-41a3-a714-b197660e7098: 26 internal nodes; 0.8 s; peak memory 667 MiB.
2026-10-10T15:00:36Z INFO [1363/3046] cb65e590-d6d1-4496-a6c4-92fd45fe89e8: 13 internal nodes; 0.9 s; peak memory 667 MiB.
2026-10-10T15:00:37Z INFO [1364/3046] cb661311-eb32-4227-8057-d126405ce5b8: 43 internal nodes; 1.1 s; peak memory 667 MiB.
2026-10-10T15:00:39Z INFO [1365/3046] cb679f80-7110-4063-bd21-603255a61908: 27 internal nodes; 1.5 s; peak memory 667 MiB.
2026-10-10T15:00:40Z INFO [1366/3046] cb67e507-7587-48de-b8cf-ac2139c4cbf3: 31 internal nodes; 1.7 s; peak memory 667 MiB.
2026-10-10T15:00:42Z INFO [1367/3046] cb6916ea-e0f1-4c14-9598-85d5154338d7: 27 internal nodes; 1.2 s; peak memory 667 MiB.
2026-10-10T15:00:48Z INFO [1368/3046] cb6ada07-48bd-45ad-93fa-abb0f1d5c355: 177 internal nodes; 6.9 s; peak memory 667 MiB.
2026-10-10T15:00:49Z INFO [1369/3046] cb6c2fb7-b0e8-4839-aa85-fe555a130262: 17 internal nodes; 0.9 s; peak memory 667 MiB.
2026-10-10T15:00:51Z INFO [1370/3046] cb6ca590-b805-4789-8fa2-dbb5d1b7aa95: 27 internal nodes; 1.3 s; peak memory 667 MiB.
2026-10-10T15:00:52Z INFO [1371/3046] cb6cd45b-9a37-4436-b3d3-11c2301196d8: 19 internal nodes; 0.9 s; peak memory 667 MiB.
2026-10-10T15:00:54Z INFO [1372/3046] cb6cf5db-2a23-4641-ab93-45f51f68149f: 31 internal nodes; 2.8 s; peak memory 667 MiB.
2026-10-10T15:00:56Z INFO [1373/3046] cb6ed886-a729-45d0-ba2a-e8439e146160: 27 internal nodes; 1.2 s; peak memory 667 MiB.
2026-10-10T15:00:58Z INFO [1374/3046] cb6f5ad4-3c61-4771-82af-3bbe4d707f7f: 42 internal nodes; 2.5 s; peak memory 667 MiB.
2026-10-10T15:00:59Z INFO [1375/3046] cb6fd1bb-db99-48ff-b726-9d36bfe02cbf: 11 internal nodes; 0.7 s; peak memory 667 MiB.
2026-10-10T15:01:00Z INFO [1376/3046] cb7040ba-faa1-4099-8f65-3396954057bb: 17 internal nodes; 1.0 s; peak memory 667 MiB.
2026-10-10T15:01:01Z INFO [1377/3046] cb714ffb-612f-4a1b-afa5-e7da173973ef: 115 internal nodes; 1.4 s; peak memory 667 MiB.
2026-10-10T15:01:02Z INFO [1378/3046] cb71507d-e36b-4f4d-91cb-390a6b09b8ec: 27 internal nodes; 1.2 s; peak memory 667 MiB.
2026-10-10T15:01:04Z INFO [1379/3046] cb7174d5-35c9-467f-87fa-3ee7abd2c39d: 27 internal nodes; 1.2 s; peak memory 667 MiB.
2026-10-10T15:01:05Z INFO [1380/3046] cb72af80-cc9f-4e61-b086-7a423272c4ea: 29 internal nodes; 1.7 s; peak memory 667 MiB.
2026-10-10T15:01:06Z INFO [1381/3046] cb73e813-5d03-4e7f-b801-417006b3fe7e: 17 internal nodes; 1.0 s; peak memory 667 MiB.
2026-10-10T15:01:07Z INFO [1382/3046] cb7458e4-6023-4241-a50f-8393b12c5e40: 13 internal nodes; 0.8 s; peak memory 667 MiB.
2026-10-10T15:01:12Z INFO [1383/3046] cb7499fb-07a3-4a73-b7ee-0401c9958b94: 103 internal nodes; 5.0 s; peak memory 667 MiB.
2026-10-10T15:01:14Z INFO [1384/3046] cb74c3e6-cea2-4298-abc9-59e21c55cf24: 24 internal nodes; 1.8 s; peak memory 667 MiB.
2026-10-10T15:01:15Z INFO [1385/3046] cb752b5e-ca11-45e6-bcf6-33111053ea6c: 31 internal nodes; 1.4 s; peak memory 667 MiB.
2026-10-10T15:01:17Z INFO [1386/3046] cb75b7b7-5aca-4873-a65b-cbedb5861fe0: 26 internal nodes; 1.4 s; peak memory 667 MiB.
2026-10-10T15:01:18Z INFO [1387/3046] cb763a1b-cd80-49d2-8b58-7a0144504ca0: 29 internal nodes; 1.4 s; peak memory 667 MiB.
2026-10-10T15:01:19Z INFO [1388/3046] cb76d012-31a3-4cf0-91a4-4f5aa398f519: 11 internal nodes; 0.8 s; peak memory 667 MiB.
2026-10-10T15:01:20Z INFO [1389/3046] cb773387-e7d4-4ab4-b215-ce873ddc1a31: 17 internal nodes; 1.0 s; peak memory 667 MiB.
2026-10-10T15:01:21Z INFO [1390/3046] cb7791d2-8871-4a21-bf1c-4a9dd11d1e9b: 115 internal nodes; 1.4 s; peak memory 667 MiB.
2026-10-10T15:01:24Z INFO [1391/3046] cb77d921-4924-44b5-8c73-63c57d913322: 38 internal nodes; 2.5 s; peak memory 667 MiB.
2026-10-10T15:01:25Z INFO [1392/3046] cb792613-24d2-40c0-be82-ba4b31e78ba5: 19 internal nodes; 1.1 s; peak memory 667 MiB.
2026-10-10T15:01:26Z INFO [1393/3046] cb7bad85-b470-450d-92b3-b3428f112312: 31 internal nodes; 1.6 s; peak memory 667 MiB.
2026-10-10T15:01:27Z INFO [1394/3046] cb7c53c9-bbf5-45a5-9b6b-e120cb6fff22: 13 internal nodes; 1.0 s; peak memory 667 MiB.
2026-10-10T15:01:28Z INFO [1395/3046] cb7c7739-d0cf-4038-a3ea-87e314931b47: 17 internal nodes; 0.9 s; peak memory 667 MiB.
2026-10-10T15:01:29Z INFO [1396/3046] cb7ee58e-b44f-46fb-ad64-531b8f072e63: 11 internal nodes; 0.7 s; peak memory 667 MiB.
2026-10-10T15:01:31Z INFO [1397/3046] cb7f5493-f595-4177-a61b-b87191368295: 44 internal nodes; 2.2 s; peak memory 667 MiB.
2026-10-10T15:01:32Z INFO [1398/3046] cb80e336-659a-4be2-b6d1-29f4e237bede: 17 internal nodes; 1.0 s; peak memory 667 MiB.
2026-10-10T15:01:33Z INFO [1399/3046] cb80f607-9b77-4c1d-b865-02fd42c55078: 17 internal nodes; 1.0 s; peak memory 667 MiB.
2026-10-10T15:01:35Z INFO [1400/3046] cb82896f-7463-4391-8ae1-ceb5ed316244: 27 internal nodes; 1.3 s; peak memory 667 MiB.
2026-10-10T15:01:35Z INFO [1400/3046] cb82896f-7463-4391-8ae1-ceb5ed316244: checkpointed 145169 new records.
2026-10-10T15:01:46Z INFO [1401/3046] cb83dacb-cbc7-44ab-a602-f3957a15920e: 115 internal nodes; 10.5 s; peak memory 667 MiB.
2026-10-10T15:02:00Z INFO [1402/3046] cb85d830-732f-4ffc-86b2-f04ff34936f5: 280 internal nodes; 14.6 s; peak memory 667 MiB.
2026-10-10T15:02:01Z INFO [1403/3046] cb861cef-5d15-47a8-a1ca-20d7a44c3ceb: 22 internal nodes; 1.2 s; peak memory 667 MiB.
2026-10-10T15:02:03Z INFO [1404/3046] cb863971-ef6a-499b-9e7a-48f37d9ef824: 19 internal nodes; 1.1 s; peak memory 667 MiB.
2026-10-10T15:02:04Z INFO [1405/3046] cb87112b-01d6-4452-89fa-cb691b140e26: 31 internal nodes; 1.9 s; peak memory 667 MiB.
2026-10-10T15:02:08Z INFO [1406/3046] cb873dbb-357e-4e3b-95f9-db41632bbd92: 56 internal nodes; 3.4 s; peak memory 667 MiB.
2026-10-10T15:02:09Z INFO [1407/3046] cb874170-1dba-4746-a396-585bde56747b: 17 internal nodes; 1.0 s; peak memory 667 MiB.
2026-10-10T15:02:10Z INFO [1408/3046] cb8786de-ab15-43ed-b9f0-90a3a38b4c3a: 23 internal nodes; 1.1 s; peak memory 667 MiB.
2026-10-10T15:02:11Z INFO [1409/3046] cb879b47-0235-43ad-8f32-18500eb66987: 18 internal nodes; 0.8 s; peak memory 667 MiB.
2026-10-10T15:02:12Z INFO [1410/3046] cb87a595-ecf6-4ef6-b2dd-0a30ef9a7ae7: 24 internal nodes; 1.4 s; peak memory 667 MiB.
2026-10-10T15:02:13Z INFO [1411/3046] cb88df89-9a13-45b3-87b8-5ffc02a9f3d2: 15 internal nodes; 0.9 s; peak memory 667 MiB.
2026-10-10T15:02:14Z INFO [1412/3046] cb891fc5-60c5-4a97-bf3d-122cb7ec6177: 31 internal nodes; 1.5 s; peak memory 667 MiB.
2026-10-10T15:02:16Z INFO [1413/3046] cb8a9586-df8a-44ea-84db-1f906fecfe52: 31 internal nodes; 1.6 s; peak memory 667 MiB.
2026-10-10T15:02:22Z INFO [1414/3046] cb8a9bd6-46cd-4533-8ea5-385eb3d0c395: 182 internal nodes; 6.1 s; peak memory 667 MiB.
2026-10-10T15:02:23Z INFO [1415/3046] cb8b76c0-9ed8-448e-95f5-adcca1a344fb: 19 internal nodes; 1.1 s; peak memory 667 MiB.
2026-10-10T15:02:24Z INFO [1416/3046] cb8bf1ea-ee01-407c-999c-3b503e092b52: 17 internal nodes; 1.1 s; peak memory 667 MiB.
2026-10-10T15:02:25Z INFO [1417/3046] cb8c608e-9688-4a40-b463-052ad1416036: 17 internal nodes; 1.1 s; peak memory 667 MiB.
2026-10-10T15:02:27Z INFO [1418/3046] cb8cc6f0-d2a8-416e-87ee-3840eaa226c1: 27 internal nodes; 1.4 s; peak memory 667 MiB.
2026-10-10T15:02:42Z INFO [1419/3046] cb8cd7be-b0f6-4186-b465-45039b5bbdd2: 275 internal nodes; 15.1 s; peak memory 667 MiB.
2026-10-10T15:02:45Z INFO [1420/3046] cb8d4764-c04d-4621-b72c-92b693b18f67: 46 internal nodes; 3.1 s; peak memory 667 MiB.
2026-10-10T15:02:46Z INFO [1421/3046] cb8dad81-cc45-40af-9191-4bd5381d8dea: 17 internal nodes; 1.0 s; peak memory 667 MiB.
2026-10-10T15:02:47Z INFO [1422/3046] cb8ddb97-a5cc-4ccb-9be0-e84cd210a795: 27 internal nodes; 1.2 s; peak memory 667 MiB.
2026-10-10T15:02:50Z INFO [1423/3046] cb8de873-62e0-49e7-8c90-d9c43dd6923a: 55 internal nodes; 2.7 s; peak memory 667 MiB.
2026-10-10T15:03:00Z INFO [1424/3046] cb8e6ca6-58fb-4e50-b5df-d87796efc158: 195 internal nodes; 9.6 s; peak memory 667 MiB.
2026-10-10T15:03:01Z INFO [1425/3046] cb8ea4ef-c424-4736-8855-02e7b8ec52c4: 28 internal nodes; 1.8 s; peak memory 667 MiB.
2026-10-10T15:03:02Z INFO [1426/3046] cb8ebbd1-b732-4c33-840e-c24677b841c8: 27 internal nodes; 0.9 s; peak memory 667 MiB.
2026-10-10T15:03:03Z INFO [1427/3046] cb8eef77-8171-451f-a810-13d6aac89900: 13 internal nodes; 0.8 s; peak memory 667 MiB.
2026-10-10T15:03:10Z INFO [1428/3046] cb8f2075-ef78-4251-812b-36acf7bc795b: 200 internal nodes; 6.6 s; peak memory 667 MiB.
2026-10-10T15:03:11Z INFO [1429/3046] cb8ff31f-d872-44cf-9700-b200026efd19: 17 internal nodes; 1.0 s; peak memory 667 MiB.
2026-10-10T15:03:12Z INFO [1430/3046] cb91e6cb-cf11-40e3-9623-5a08add6c27d: 20 internal nodes; 1.1 s; peak memory 667 MiB.
2026-10-10T15:03:13Z INFO [1431/3046] cb9260f3-417f-4106-a996-16ede7ca8e23: 13 internal nodes; 0.8 s; peak memory 667 MiB.
2026-10-10T15:03:13Z INFO [1432/3046] cb92f3fa-48d7-4ff9-8964-d3d53b9f9234: 17 internal nodes; 1.0 s; peak memory 667 MiB.
2026-10-10T15:03:25Z INFO [1433/3046] cb93c1b5-9c78-4ae6-86b2-2be268d56c00: 134 internal nodes; 11.7 s; peak memory 667 MiB.
2026-10-10T15:03:27Z INFO [1434/3046] cb948453-6ea9-4da1-83f1-95ca727d91bc: 27 internal nodes; 1.4 s; peak memory 667 MiB.
2026-10-10T15:03:27Z INFO [1435/3046] cb950c92-452d-4975-87c8-1053a681f519: 17 internal nodes; 0.9 s; peak memory 667 MiB.
2026-10-10T15:03:29Z INFO [1436/3046] cb95371e-0886-4c89-b145-aaec037f488e: 27 internal nodes; 1.2 s; peak memory 667 MiB.
2026-10-10T15:03:31Z INFO [1437/3046] cb955d22-6535-4827-9bca-8bd3a6e3b9f9: 44 internal nodes; 2.1 s; peak memory 667 MiB.
2026-10-10T15:03:31Z INFO [1438/3046] cb95a0b6-851d-4771-b6e5-e01d4a42553e: 22 internal nodes; 0.7 s; peak memory 667 MiB.
2026-10-10T15:03:33Z INFO [1439/3046] cb96635a-9e12-4b45-95df-1cb9307dca10: 24 internal nodes; 1.7 s; peak memory 667 MiB.
2026-10-10T15:03:42Z INFO [1440/3046] cb97dbfd-218c-47de-a7aa-f7a59e4944b2: 204 internal nodes; 9.2 s; peak memory 667 MiB.
2026-10-10T15:03:58Z INFO [1441/3046] cb987dba-a46b-4a63-86af-03af92c4f1a2: 2787 internal nodes; 15.1 s; peak memory 667 MiB.
2026-10-10T15:03:59Z INFO [1442/3046] cb998f16-79b0-49b2-9417-919c11a30a3d: 31 internal nodes; 1.7 s; peak memory 667 MiB.
2026-10-10T15:04:00Z INFO [1443/3046] cb9a4b83-914b-46e2-b0e4-71c72c9254e8: 17 internal nodes; 1.0 s; peak memory 667 MiB.
2026-10-10T15:04:09Z INFO [1444/3046] cb9b1341-a5f7-4f71-9e6b-6facfde7348a: 223 internal nodes; 8.8 s; peak memory 667 MiB.
2026-10-10T15:04:10Z INFO [1445/3046] cb9b8fac-5274-44d6-9678-4c57f04101e7: 26 internal nodes; 1.3 s; peak memory 667 MiB.
2026-10-10T15:04:11Z INFO [1446/3046] cb9c05f6-5d59-4fed-8298-b0d2ec715ca2: 17 internal nodes; 1.0 s; peak memory 667 MiB.
2026-10-10T15:04:18Z INFO [1447/3046] cb9d1a15-f79a-4f0e-8868-2a5361a81d19: 177 internal nodes; 6.6 s; peak memory 667 MiB.
2026-10-10T15:04:21Z INFO [1448/3046] cb9de215-5893-4395-a909-d2ea67c426c6: 55 internal nodes; 2.7 s; peak memory 667 MiB.
2026-10-10T15:04:22Z INFO [1449/3046] cb9e0933-1c99-4e14-9676-2f16a3a76883: 18 internal nodes; 1.0 s; peak memory 667 MiB.
2026-10-10T15:04:23Z INFO [1450/3046] cb9e36cc-8a77-47ea-949e-79e137602ec1: 23 internal nodes; 1.2 s; peak memory 667 MiB.
2026-10-10T15:04:23Z INFO [1450/3046] cb9e36cc-8a77-47ea-949e-79e137602ec1: checkpointed 145219 new records.
2026-10-10T15:04:25Z INFO [1451/3046] cb9e6472-faf3-4d83-bf94-ded6416e5bfc: 61 internal nodes; 1.8 s; peak memory 667 MiB.
2026-10-10T15:04:36Z INFO [1452/3046] cb9eee61-9a02-428c-b08f-1bdf769efd27: 71 internal nodes; 10.8 s; peak memory 667 MiB.
2026-10-10T15:04:37Z INFO [1453/3046] cb9ef43d-0fe2-492f-9256-131025790e8d: 41 internal nodes; 1.3 s; peak memory 667 MiB.
2026-10-10T15:04:44Z INFO [1454/3046] cb9f0767-0903-44ae-8aba-7b4fda226efb: 144 internal nodes; 6.7 s; peak memory 667 MiB.
2026-10-10T15:04:47Z INFO [1455/3046] cb9fca9d-4659-4540-8d50-76607cda25b6: 46 internal nodes; 3.4 s; peak memory 667 MiB.
2026-10-10T15:04:59Z INFO [1456/3046] cba04963-4ea2-428e-be4d-b881e15bf939: 303 internal nodes; 12.1 s; peak memory 667 MiB.
2026-10-10T15:05:00Z INFO [1457/3046] cba082a7-886c-403a-8feb-fb9713a7283c: 17 internal nodes; 1.0 s; peak memory 667 MiB.
2026-10-10T15:05:01Z INFO [1458/3046] cba0e7f6-a9ad-4466-b42b-aab6cdf3fa9a: 17 internal nodes; 0.9 s; peak memory 667 MiB.
2026-10-10T15:05:03Z INFO [1459/3046] cba15633-341b-4f18-959a-3d89d7f73edb: 54 internal nodes; 1.7 s; peak memory 667 MiB.
2026-10-10T15:05:04Z INFO [1460/3046] cba22cef-8940-4cbb-9ff7-510545c9c440: 27 internal nodes; 1.3 s; peak memory 667 MiB.
2026-10-10T15:05:05Z INFO [1461/3046] cba26028-f47c-44c3-be23-69de6a68b1d8: 16 internal nodes; 1.1 s; peak memory 667 MiB.
2026-10-10T15:05:07Z INFO [1462/3046] cba340e3-d438-4ecd-a806-755158371df5: 63 internal nodes; 1.4 s; peak memory 667 MiB.
2026-10-10T15:05:08Z INFO [1463/3046] cba37e42-6609-42ae-b314-97f5c3d068a5: 27 internal nodes; 1.6 s; peak memory 667 MiB.
2026-10-10T15:05:09Z INFO [1464/3046] cba3ffd6-b036-4746-bc5c-66b58158a2d9: 31 internal nodes; 1.1 s; peak memory 667 MiB.
2026-10-10T15:05:11Z INFO [1465/3046] cba4e4e9-d682-42a2-93a0-c874bd10a9ca: 32 internal nodes; 1.8 s; peak memory 667 MiB.
2026-10-10T15:05:13Z INFO [1466/3046] cba59e02-558b-43ba-a51f-c5d05a9f19b2: 39 internal nodes; 2.0 s; peak memory 667 MiB.
2026-10-10T15:05:14Z INFO [1467/3046] cba6e1b8-28b6-4105-b0b6-c52496459624: 11 internal nodes; 0.8 s; peak memory 667 MiB.
2026-10-10T15:05:20Z INFO [1468/3046] cba7dc27-f800-41a1-ba87-0c491a91f51c: 79 internal nodes; 6.1 s; peak memory 667 MiB.
2026-10-10T15:05:21Z INFO [1469/3046] cba8315a-e2c0-44ad-85b0-d9f73c372693: 17 internal nodes; 1.0 s; peak memory 667 MiB.
2026-10-10T15:05:24Z INFO [1470/3046] cba9bc99-0dd5-4bf8-8f74-4eeb6e76e031: 44 internal nodes; 2.7 s; peak memory 667 MiB.
2026-10-10T15:05:25Z INFO [1471/3046] cba9dc90-9379-43df-9e75-1bb1d0619a7b: 31 internal nodes; 1.3 s; peak memory 667 MiB.
2026-10-10T15:05:26Z INFO [1472/3046] cbaa4a4a-c7c6-47d6-9b5e-c63495737207: 13 internal nodes; 0.8 s; peak memory 667 MiB.
2026-10-10T15:05:27Z INFO [1473/3046] cbabd6e4-485a-4cd2-af99-60f74c49ec29: 27 internal nodes; 0.7 s; peak memory 667 MiB.
2026-10-10T15:05:28Z INFO [1474/3046] cbac31e5-934b-47c1-b5d1-a4733f9caadf: 27 internal nodes; 1.6 s; peak memory 667 MiB.
2026-10-10T15:05:29Z INFO [1475/3046] cbac3af8-7652-408b-b5ad-73aedac709dd: 17 internal nodes; 0.9 s; peak memory 667 MiB.
2026-10-10T15:05:31Z INFO [1476/3046] cbad4749-d108-4d29-914d-5685f570334f: 37 internal nodes; 1.7 s; peak memory 667 MiB.
2026-10-10T15:05:32Z INFO [1477/3046] cbad6402-c82a-4fa2-8222-f2074dd4fb37: 54 internal nodes; 1.1 s; peak memory 667 MiB.
2026-10-10T15:05:33Z INFO [1478/3046] cbad687f-c108-43f7-9f45-aa1c0f0981a4: 27 internal nodes; 1.1 s; peak memory 667 MiB.
2026-10-10T15:05:35Z INFO [1479/3046] cbad6ff2-995e-4a04-8b47-79e56425ec50: 29 internal nodes; 1.8 s; peak memory 667 MiB.
2026-10-10T15:05:40Z INFO [1480/3046] cbad8c1e-339e-4700-aabb-f40e30547020: 73 internal nodes; 4.9 s; peak memory 667 MiB.
2026-10-10T15:05:41Z INFO [1481/3046] cbae1add-7722-4f4d-84fb-74adaafca549: 31 internal nodes; 1.1 s; peak memory 667 MiB.
2026-10-10T15:05:42Z INFO [1482/3046] cbaf085b-18a3-4554-bf24-59e56df553ef: 17 internal nodes; 1.0 s; peak memory 667 MiB.
2026-10-10T15:05:43Z INFO [1483/3046] cbb01868-1c31-42cb-9c92-c0527b3501a4: 31 internal nodes; 1.6 s; peak memory 667 MiB.
2026-10-10T15:05:46Z INFO [1484/3046] cbb02831-3a39-42d4-9845-4820fd879a44: 44 internal nodes; 2.4 s; peak memory 667 MiB.
2026-10-10T15:05:47Z INFO [1485/3046] cbb0650b-37b3-4c0d-9bd5-ca5a3703ee35: 83 internal nodes; 1.6 s; peak memory 667 MiB.
2026-10-10T15:05:49Z INFO [1486/3046] cbb07bb9-d30a-4464-a7df-48929dab2b20: 31 internal nodes; 1.3 s; peak memory 667 MiB.
2026-10-10T15:06:03Z INFO [1487/3046] cbb0932f-d771-46a6-8e14-795fc422d1a1: 41 internal nodes; 14.2 s; peak memory 667 MiB.
2026-10-10T15:06:04Z INFO [1488/3046] cbb13149-5732-436a-b801-2c75e1ebac7a: 27 internal nodes; 1.4 s; peak memory 667 MiB.
2026-10-10T15:06:06Z INFO [1489/3046] cbb36e2a-971e-4265-b98c-db0ebba880ba: 21 internal nodes; 1.3 s; peak memory 667 MiB.
2026-10-10T15:06:06Z INFO [1490/3046] cbb40ded-25d9-4f67-ab4f-5d4382684aa9: 17 internal nodes; 1.0 s; peak memory 667 MiB.
2026-10-10T15:06:07Z INFO [1491/3046] cbb453e7-8da8-4349-b5f1-f848cf347f31: 17 internal nodes; 0.9 s; peak memory 667 MiB.
2026-10-10T15:06:09Z INFO [1492/3046] cbb50ba7-3f12-46a1-b93f-231e62176d26: 29 internal nodes; 1.2 s; peak memory 667 MiB.
2026-10-10T15:06:10Z INFO [1493/3046] cbb52bad-cd5e-4a31-8cb7-158c7a98559f: 17 internal nodes; 0.9 s; peak memory 667 MiB.
2026-10-10T15:06:11Z INFO [1494/3046] cbb5dbe2-32ad-4439-82d8-b4328b209f21: 58 internal nodes; 1.6 s; peak memory 667 MiB.
2026-10-10T15:06:12Z INFO [1495/3046] cbb68c2d-3fd8-4722-b81c-3da778f0f38f: 28 internal nodes; 1.1 s; peak memory 667 MiB.
2026-10-10T15:06:14Z INFO [1496/3046] cbb6990e-8d7c-465f-b6fc-dca1cd04477d: 63 internal nodes; 1.4 s; peak memory 667 MiB.
2026-10-10T15:06:15Z INFO [1497/3046] cbb6a1bf-9eed-4937-9d82-141fd0b643f5: 29 internal nodes; 1.2 s; peak memory 667 MiB.
2026-10-10T15:06:16Z INFO [1498/3046] cbb6d89b-3e7f-4d99-8e19-13b8cfb92d74: 27 internal nodes; 1.2 s; peak memory 667 MiB.
2026-10-10T15:06:17Z INFO [1499/3046] cbb7c208-624c-4013-8efb-d7e98ae5f5dc: 11 internal nodes; 0.7 s; peak memory 667 MiB.
2026-10-10T15:06:18Z INFO [1500/3046] cbb95e05-7d69-4468-b2b0-271d23beb260: 31 internal nodes; 1.4 s; peak memory 667 MiB.
2026-10-10T15:06:19Z INFO [1500/3046] cbb95e05-7d69-4468-b2b0-271d23beb260: checkpointed 145269 new records.
2026-10-10T15:06:20Z INFO [1501/3046] cbb961dd-daab-48ab-b2d7-99ce83ebb70f: 31 internal nodes; 1.7 s; peak memory 667 MiB.
2026-10-10T15:06:22Z INFO [1502/3046] cbb99cfe-2d76-4871-b440-f72e2b41affb: 29 internal nodes; 1.4 s; peak memory 667 MiB.
2026-10-10T15:06:23Z INFO [1503/3046] cbbaaeaf-3199-4036-8161-5ebf0bf6e468: 60 internal nodes; 1.8 s; peak memory 667 MiB.
2026-10-10T15:06:25Z INFO [1504/3046] cbbaf992-cd20-471e-9bfa-acf2f779d9af: 21 internal nodes; 1.2 s; peak memory 667 MiB.
2026-10-10T15:06:26Z INFO [1505/3046] cbbc08e2-6a34-4e9e-b5c0-038230af1e1d: 23 internal nodes; 1.1 s; peak memory 667 MiB.
2026-10-10T15:06:27Z INFO [1506/3046] cbbccb19-d571-4656-bab0-d72bd45866f6: 23 internal nodes; 1.0 s; peak memory 667 MiB.
2026-10-10T15:06:28Z INFO [1507/3046] cbbcd87d-6619-417b-ba12-2a6d51381665: 31 internal nodes; 1.6 s; peak memory 667 MiB.
2026-10-10T15:06:29Z INFO [1508/3046] cbbea588-6683-4d41-ad30-778e0d7e0917: 17 internal nodes; 0.9 s; peak memory 667 MiB.
2026-10-10T15:06:30Z INFO [1509/3046] cbbec80c-73d0-4913-8682-7e74eda22521: 17 internal nodes; 1.2 s; peak memory 667 MiB.
2026-10-10T15:06:32Z INFO [1510/3046] cbbeefef-f9b5-4252-bd9b-5032fab8d3c8: 30 internal nodes; 1.2 s; peak memory 667 MiB.
2026-10-10T15:06:33Z INFO [1511/3046] cbbfa226-008a-4c1d-81af-a0c8c28c2875: 29 internal nodes; 1.4 s; peak memory 667 MiB.
2026-10-10T15:06:39Z INFO [1512/3046] cbc06a0e-f447-4cfc-b2ea-2e7f613196e4: 151 internal nodes; 6.1 s; peak memory 667 MiB.
2026-10-10T15:06:41Z INFO [1513/3046] cbc0fa38-0199-44a4-bc67-f4a2e55fda73: 31 internal nodes; 1.4 s; peak memory 667 MiB.
2026-10-10T15:06:42Z INFO [1514/3046] cbc1fe79-8511-49d2-8f73-7f4c14792a41: 17 internal nodes; 0.9 s; peak memory 667 MiB.
2026-10-10T15:06:45Z INFO [1515/3046] cbc28afc-13af-416c-9054-03cd40390af7: 37 internal nodes; 3.6 s; peak memory 667 MiB.
2026-10-10T15:06:46Z INFO [1516/3046] cbc29c6d-dc02-4463-b08b-d98eb351f141: 17 internal nodes; 1.0 s; peak memory 667 MiB.
2026-10-10T15:07:21Z INFO [1517/3046] cbc32234-0b5f-4170-a04c-9e0b21d452a6: 3627 internal nodes; 34.7 s; peak memory 667 MiB.
2026-10-10T15:07:28Z INFO [1518/3046] cbc36e4f-f23f-4376-b03a-60472fe5bd1e: 61 internal nodes; 7.0 s; peak memory 667 MiB.
2026-10-10T15:07:29Z INFO [1519/3046] cbc3d0fc-148f-4709-819b-4d921e30765d: 27 internal nodes; 1.4 s; peak memory 667 MiB.
2026-10-10T15:07:31Z INFO [1520/3046] cbc43eee-045c-4b74-b09f-b928797841f8: 58 internal nodes; 1.7 s; peak memory 667 MiB.
2026-10-10T15:07:33Z INFO [1521/3046] cbc4b39c-fd28-4bd3-ba13-dba37f8de7c3: 27 internal nodes; 2.1 s; peak memory 667 MiB.
2026-10-10T15:07:36Z INFO [1522/3046] cbc67a5e-5743-4213-86e7-f42402647a2c: 46 internal nodes; 2.5 s; peak memory 667 MiB.
2026-10-10T15:07:37Z INFO [1523/3046] cbc6aa7e-e7f0-49f7-973f-990e3e7acfbb: 17 internal nodes; 1.1 s; peak memory 667 MiB.
2026-10-10T15:07:43Z INFO [1524/3046] cbc789bf-eabb-4b7c-aa20-48adc83515cf: 153 internal nodes; 6.5 s; peak memory 667 MiB.
2026-10-10T15:07:48Z INFO [1525/3046] cbc78cd8-a372-4a20-9ce3-3fc8496bb97b: 73 internal nodes; 5.0 s; peak memory 667 MiB.
2026-10-10T15:07:50Z INFO [1526/3046] cbc797d0-8348-4b35-b347-aa2971dd1841: 31 internal nodes; 1.8 s; peak memory 667 MiB.
2026-10-10T15:07:59Z INFO [1527/3046] cbc7c441-51b6-4163-a029-4531de160b57: 444 internal nodes; 8.9 s; peak memory 667 MiB.
2026-10-10T15:08:01Z INFO [1528/3046] cbc7f031-14ba-4037-85e4-b754f50f7448: 58 internal nodes; 1.6 s; peak memory 667 MiB.
2026-10-10T15:08:02Z INFO [1529/3046] cbca4bd8-9b57-4821-b1cc-54fb31ec293a: 31 internal nodes; 1.4 s; peak memory 667 MiB.
2026-10-10T15:08:04Z INFO [1530/3046] cbcb25e2-8ce8-4a49-bc13-90764c156f46: 23 internal nodes; 1.8 s; peak memory 667 MiB.
2026-10-10T15:08:05Z INFO [1531/3046] cbcb3446-ba86-4877-8d68-fc00c591807f: 18 internal nodes; 1.1 s; peak memory 667 MiB.
2026-10-10T15:08:07Z INFO [1532/3046] cbcbeeaf-f763-4244-a11e-148901460117: 66 internal nodes; 1.6 s; peak memory 667 MiB.
2026-10-10T15:08:09Z INFO [1533/3046] cbcc0b4d-dd76-4423-940d-98f39c710ef6: 59 internal nodes; 2.0 s; peak memory 667 MiB.
2026-10-10T15:08:09Z INFO [1534/3046] cbcc5df4-5718-4bb0-af8c-000811c94aed: 17 internal nodes; 1.0 s; peak memory 667 MiB.
2026-10-10T15:08:10Z INFO [1535/3046] cbcdedba-7b02-4114-a515-56a911499145: 22 internal nodes; 0.8 s; peak memory 667 MiB.
2026-10-10T15:08:12Z INFO [1536/3046] cbce349f-efa3-4078-bd82-6d47155db534: 44 internal nodes; 2.1 s; peak memory 667 MiB.
2026-10-10T15:08:13Z INFO [1537/3046] cbcf42bb-4c6b-492f-8030-564bc5d985a8: 17 internal nodes; 1.1 s; peak memory 667 MiB.
2026-10-10T15:08:14Z INFO [1538/3046] cbcf6892-5d1b-4443-9e64-907583971af4: 18 internal nodes; 0.9 s; peak memory 667 MiB.
2026-10-10T15:08:15Z INFO [1539/3046] cbcfb962-990b-4209-851f-f7d744bcd8a0: 11 internal nodes; 0.8 s; peak memory 667 MiB.
2026-10-10T15:08:16Z INFO [1540/3046] cbd06c92-ba75-469c-9fef-ab357c96e4c6: 31 internal nodes; 1.2 s; peak memory 667 MiB.
2026-10-10T15:08:17Z INFO [1541/3046] cbd07be0-ce71-4ef2-af27-9984ee85684a: 11 internal nodes; 0.8 s; peak memory 667 MiB.
2026-10-10T15:08:18Z INFO [1542/3046] cbd1234e-f9b8-46d3-b7fd-10711a758587: 27 internal nodes; 1.1 s; peak memory 667 MiB.
2026-10-10T15:08:30Z INFO [1543/3046] cbd19129-b9fa-4d9a-8752-99a419ee7c7e: 505 internal nodes; 11.8 s; peak memory 667 MiB.
2026-10-10T15:08:31Z INFO [1544/3046] cbd194d7-c22c-44fd-9d69-f03c36dee99a: 17 internal nodes; 1.1 s; peak memory 667 MiB.
2026-10-10T15:08:32Z INFO [1545/3046] cbd1a50d-ad82-42e7-8744-e7113e2b2cd6: 17 internal nodes; 0.9 s; peak memory 667 MiB.
2026-10-10T15:08:34Z INFO [1546/3046] cbd1d678-0f90-4e5d-9564-c1321a95f1dd: 31 internal nodes; 1.5 s; peak memory 667 MiB.
2026-10-10T15:08:35Z INFO [1547/3046] cbd1f24e-6858-4913-9f29-d6b965dbb152: 27 internal nodes; 1.2 s; peak memory 667 MiB.
2026-10-10T15:08:39Z INFO [1548/3046] cbd215d5-fa57-4b4f-b91e-08cd09da0caf: 93 internal nodes; 3.9 s; peak memory 667 MiB.
2026-10-10T15:08:40Z INFO [1549/3046] cbd2e39a-cc91-40fe-92e9-be4c3238da9f: 27 internal nodes; 1.3 s; peak memory 667 MiB.
2026-10-10T15:08:41Z INFO [1550/3046] cbd2f772-e6c2-4872-a767-78c708ccac03: 27 internal nodes; 1.1 s; peak memory 667 MiB.
2026-10-10T15:08:42Z INFO [1550/3046] cbd2f772-e6c2-4872-a767-78c708ccac03: checkpointed 145319 new records.
2026-10-10T15:08:43Z INFO [1551/3046] cbd44f7e-5c31-4548-a8fb-8f39cc03719c: 17 internal nodes; 1.0 s; peak memory 667 MiB.
2026-10-10T15:08:45Z INFO [1552/3046] cbd46c27-9098-42f3-9445-ef90973d13d1: 59 internal nodes; 1.8 s; peak memory 667 MiB.
2026-10-10T15:08:46Z INFO [1553/3046] cbd4e47b-4ec6-4426-a5e3-faee88ab79b3: 17 internal nodes; 1.0 s; peak memory 667 MiB.
2026-10-10T15:08:47Z INFO [1554/3046] cbd52777-d4c4-4ff5-932f-2664c2591da5: 27 internal nodes; 1.2 s; peak memory 667 MiB.
2026-10-10T15:08:48Z INFO [1555/3046] cbd562ee-bc0e-4a15-a8e6-4a337d2d0765: 17 internal nodes; 0.9 s; peak memory 667 MiB.
2026-10-10T15:08:49Z INFO [1556/3046] cbd57a3d-f039-4398-95af-d9ad3aa4e9b8: 54 internal nodes; 1.6 s; peak memory 667 MiB.
2026-10-10T15:08:50Z INFO [1557/3046] cbd5d496-ff3e-44c7-a955-8825b89cf5f6: 18 internal nodes; 1.3 s; peak memory 667 MiB.
2026-10-10T15:08:52Z INFO [1558/3046] cbd60765-021f-4b11-926d-733f80541285: 67 internal nodes; 1.8 s; peak memory 667 MiB.
2026-10-10T15:08:54Z INFO [1559/3046] cbd6c557-ee96-4fc5-9a52-28e6955301a6: 27 internal nodes; 1.4 s; peak memory 667 MiB.
2026-10-10T15:08:55Z INFO [1560/3046] cbd6de04-432d-42c7-b660-37484a0df6a9: 17 internal nodes; 1.0 s; peak memory 667 MiB.
2026-10-10T15:08:56Z INFO [1561/3046] cbd6e736-5836-4756-830d-0fa94b2af6d6: 26 internal nodes; 1.1 s; peak memory 667 MiB.
2026-10-10T15:08:58Z INFO [1562/3046] cbd824a5-d996-40f4-bd54-365454d6f633: 31 internal nodes; 1.8 s; peak memory 667 MiB.
2026-10-10T15:09:00Z INFO [1563/3046] cbd8601b-aa71-4f19-b86c-e0370f66b820: 44 internal nodes; 2.5 s; peak memory 667 MiB.
2026-10-10T15:09:01Z INFO [1564/3046] cbd954d3-a565-4e0a-89f9-aa090fc2bd02: 23 internal nodes; 0.8 s; peak memory 667 MiB.
2026-10-10T15:09:02Z INFO [1565/3046] cbd9e43b-3a20-49d3-b652-1d20222e7ece: 13 internal nodes; 1.1 s; peak memory 667 MiB.
2026-10-10T15:09:15Z INFO [1566/3046] cbd9e44f-69e1-4bb6-8bb0-21c7e3bddd0e: 285 internal nodes; 13.4 s; peak memory 667 MiB.
2026-10-10T15:09:19Z INFO [1567/3046] cbdb2592-9d87-4e75-bcee-5118d707d13d: 46 internal nodes; 3.2 s; peak memory 667 MiB.
2026-10-10T15:09:33Z INFO [1568/3046] cbdb4f70-b016-4045-b9de-79c6cd65be95: 407 internal nodes; 14.8 s; peak memory 667 MiB.
2026-10-10T15:09:34Z INFO [1569/3046] cbdc10a7-86f2-4dd0-893d-0dc1ad25f7bc: 19 internal nodes; 1.0 s; peak memory 667 MiB.
2026-10-10T15:09:35Z INFO [1570/3046] cbdc2049-db18-4bcd-a480-c5a542eaa6cf: 11 internal nodes; 0.8 s; peak memory 667 MiB.
2026-10-10T15:09:38Z INFO [1571/3046] cbdc879f-c0ff-4164-b4dc-2c48d1345d3e: 43 internal nodes; 3.1 s; peak memory 667 MiB.
2026-10-10T15:09:41Z INFO [1572/3046] cbdc98d3-2983-4593-ae4c-ea2be930fabd: 61 internal nodes; 2.9 s; peak memory 667 MiB.
2026-10-10T15:09:42Z INFO [1573/3046] cbddca31-997c-43fc-82cd-94f11ecde469: 27 internal nodes; 1.0 s; peak memory 667 MiB.
2026-10-10T15:09:43Z INFO [1574/3046] cbde1ceb-79f7-4977-9d12-1c077e663c5c: 11 internal nodes; 0.7 s; peak memory 667 MiB.
2026-10-10T15:09:44Z INFO [1575/3046] cbde2cac-26c6-43e8-a167-aa2928e48df7: 27 internal nodes; 1.2 s; peak memory 667 MiB.
2026-10-10T15:09:56Z INFO [1576/3046] cbde5de4-b4b3-4502-8c28-592d590663e9: 309 internal nodes; 11.8 s; peak memory 667 MiB.
2026-10-10T15:10:02Z INFO [1577/3046] cbde80c4-6323-4c83-8c28-9ac428a74be5: 46 internal nodes; 6.3 s; peak memory 667 MiB.
2026-10-10T15:10:04Z INFO [1578/3046] cbdf3404-299b-4353-8339-04c8c6301f9a: 30 internal nodes; 1.4 s; peak memory 667 MiB.
2026-10-10T15:10:18Z INFO [1579/3046] cbe009e0-29d9-4197-b245-82a3556466c9: 2408 internal nodes; 14.2 s; peak memory 667 MiB.
2026-10-10T15:10:19Z INFO [1580/3046] cbe08225-9dde-4d6b-879b-e7b7fb08a423: 120 internal nodes; 1.5 s; peak memory 667 MiB.
2026-10-10T15:10:31Z INFO [1581/3046] cbe4034e-0da0-4a92-8375-393d6f121cb6: 232 internal nodes; 11.5 s; peak memory 667 MiB.
2026-10-10T15:10:34Z INFO [1582/3046] cbe42e31-f16d-4ef9-9e87-147f4e1c7599: 43 internal nodes; 3.2 s; peak memory 667 MiB.
2026-10-10T15:10:35Z INFO [1583/3046] cbe430c0-fd03-4863-98b4-fc55ce42e174: 54 internal nodes; 1.4 s; peak memory 667 MiB.
2026-10-10T15:10:36Z INFO [1584/3046] cbe4487e-f5d6-40ab-b6d1-7a6155378f94: 18 internal nodes; 0.9 s; peak memory 667 MiB.
2026-10-10T15:10:37Z INFO [1585/3046] cbe55694-6bb2-4a8b-b2ed-926feadefa12: 17 internal nodes; 1.0 s; peak memory 667 MiB.
2026-10-10T15:10:44Z INFO [1586/3046] cbe6d0da-6e12-460d-8bae-6fe1752cfe1d: 177 internal nodes; 6.9 s; peak memory 667 MiB.
2026-10-10T15:10:46Z INFO [1587/3046] cbe7163d-4703-456f-897a-401e1a685521: 27 internal nodes; 1.3 s; peak memory 667 MiB.
2026-10-10T15:10:47Z INFO [1588/3046] cbe7b552-2cae-4ea9-a336-648482ee8e49: 31 internal nodes; 1.5 s; peak memory 667 MiB.
2026-10-10T15:10:48Z INFO [1589/3046] cbe90f5a-5ec9-4cb0-81ac-132383eef905: 17 internal nodes; 1.0 s; peak memory 667 MiB.
2026-10-10T15:10:49Z INFO [1590/3046] cbeb15b2-c737-4541-aeec-aa585c546ab0: 11 internal nodes; 0.7 s; peak memory 667 MiB.
2026-10-10T15:10:55Z INFO [1591/3046] cbeb4d63-50a5-48b8-bdc7-3ff0841db244: 47 internal nodes; 6.2 s; peak memory 667 MiB.
2026-10-10T15:10:56Z INFO [1592/3046] cbec2880-96f7-4fc7-b004-b949b160ae29: 27 internal nodes; 1.1 s; peak memory 667 MiB.
2026-10-10T15:10:57Z INFO [1593/3046] cbec3274-086f-477e-9091-23498bfba9d5: 27 internal nodes; 1.3 s; peak memory 667 MiB.
2026-10-10T15:11:00Z INFO [1594/3046] cbec940a-ab8d-43e5-8aea-050bed840de1: 44 internal nodes; 2.9 s; peak memory 667 MiB.
2026-10-10T15:11:01Z INFO [1595/3046] cbecd076-120a-47da-978d-8e472242c7ea: 17 internal nodes; 0.8 s; peak memory 667 MiB.
2026-10-10T15:11:03Z INFO [1596/3046] cbecee81-d4b9-4d14-96b7-ac16331c75ac: 36 internal nodes; 2.0 s; peak memory 667 MiB.
2026-10-10T15:11:04Z INFO [1597/3046] cbed738d-d2b1-45df-8429-f1ec3b4f476c: 16 internal nodes; 0.9 s; peak memory 667 MiB.
2026-10-10T15:11:11Z INFO [1598/3046] cbee0d63-089b-4cd2-8b1b-8f1a89dd7e4c: 177 internal nodes; 7.1 s; peak memory 667 MiB.
2026-10-10T15:11:12Z INFO [1599/3046] cbee18a8-f34f-468c-938e-f578c78e2607: 17 internal nodes; 1.0 s; peak memory 667 MiB.
2026-10-10T15:11:22Z INFO [1600/3046] cbee4079-69a8-4c75-8500-60dc48dd9e75: 71 internal nodes; 9.8 s; peak memory 667 MiB.
2026-10-10T15:11:22Z INFO [1600/3046] cbee4079-69a8-4c75-8500-60dc48dd9e75: checkpointed 145369 new records.
2026-10-10T15:11:24Z INFO [1601/3046] cbee777c-8d8a-4d44-92d5-eee5e4d2f4e9: 27 internal nodes; 1.1 s; peak memory 667 MiB.
2026-10-10T15:11:24Z INFO [1602/3046] cbee7fac-98a3-4a64-9057-9f3e877f3521: 18 internal nodes; 0.9 s; peak memory 667 MiB.
2026-10-10T15:11:26Z INFO [1603/3046] cbeee6ad-5587-4c60-947b-17e3c0eaf003: 17 internal nodes; 1.1 s; peak memory 667 MiB.
2026-10-10T15:11:33Z INFO [1604/3046] cbeefe05-1541-4a90-be04-f0567852da4e: 62 internal nodes; 7.4 s; peak memory 667 MiB.
2026-10-10T15:11:35Z INFO [1605/3046] cbef1cbf-a9d8-49e9-816c-4e1d222691ef: 59 internal nodes; 1.9 s; peak memory 667 MiB.
2026-10-10T15:11:36Z INFO [1606/3046] cbf10289-d8c2-47e3-b71c-3f9c2e2cfb98: 27 internal nodes; 1.3 s; peak memory 667 MiB.
2026-10-10T15:11:42Z INFO [1607/3046] cbf10fef-707e-4fcb-a41d-47e5396b0595: 73 internal nodes; 5.4 s; peak memory 667 MiB.
2026-10-10T15:11:43Z INFO [1608/3046] cbf17888-fd3b-46d2-825e-d0b70f505c00: 115 internal nodes; 1.2 s; peak memory 667 MiB.
2026-10-10T15:11:44Z INFO [1609/3046] cbf17960-dd6e-453f-b55a-1b0d87cde857: 116 internal nodes; 1.7 s; peak memory 667 MiB.
2026-10-10T15:11:47Z INFO [1610/3046] cbf29be0-b5a6-458e-a192-619a038f29ad: 63 internal nodes; 2.2 s; peak memory 667 MiB.
2026-10-10T15:11:54Z INFO [1611/3046] cbf2cd7d-5568-4d5a-b6bc-7b8e3102a519: 70 internal nodes; 7.3 s; peak memory 667 MiB.
2026-10-10T15:11:55Z INFO [1612/3046] cbf3ced4-f7e4-4f8a-b5bf-5abc54680aa6: 17 internal nodes; 1.0 s; peak memory 667 MiB.
2026-10-10T15:11:59Z INFO [1613/3046] cbf46c2f-998d-4ddc-9d61-25de793a9865: 69 internal nodes; 3.8 s; peak memory 667 MiB.
2026-10-10T15:12:03Z INFO [1614/3046] cbf48836-c914-4ea1-8396-f7707e9e8ff4: 62 internal nodes; 4.8 s; peak memory 667 MiB.
2026-10-10T15:12:06Z INFO [1615/3046] cbf538df-63b9-4fd5-8be9-7a4d44087def: 46 internal nodes; 3.0 s; peak memory 667 MiB.
2026-10-10T15:12:09Z INFO [1616/3046] cbf53c66-6b3f-46db-a538-70f920c19013: 42 internal nodes; 2.3 s; peak memory 667 MiB.
2026-10-10T15:12:11Z INFO [1617/3046] cbf6a84d-d866-444c-8243-00f5f50b196e: 31 internal nodes; 1.8 s; peak memory 667 MiB.
2026-10-10T15:12:11Z INFO [1618/3046] cbf6c492-8a30-4640-ae8e-3788290d4490: 17 internal nodes; 1.0 s; peak memory 667 MiB.
2026-10-10T15:12:12Z INFO [1619/3046] cbf6c4ab-bb26-47c7-bb41-0f436aaae4f1: 17 internal nodes; 1.0 s; peak memory 667 MiB.
2026-10-10T15:12:32Z INFO [1620/3046] cbf74f52-4bed-413c-addd-faebfdfc545f: 1029 internal nodes; 19.6 s; peak memory 667 MiB.
2026-10-10T15:12:33Z INFO [1621/3046] cbf7c7ef-5528-4ded-92b7-a6f9f38b6ef1: 27 internal nodes; 1.3 s; peak memory 667 MiB.
2026-10-10T15:12:34Z INFO [1622/3046] cbf8de51-2960-47ca-85af-6642d8861ce8: 17 internal nodes; 1.0 s; peak memory 667 MiB.
2026-10-10T15:12:37Z INFO [1623/3046] cbf8ed57-8c2e-49e7-8e2e-5defb2069f2a: 30 internal nodes; 2.2 s; peak memory 667 MiB.
2026-10-10T15:12:38Z INFO [1624/3046] cbf97a54-4035-45bc-89b3-22c0ba84e9db: 95 internal nodes; 1.5 s; peak memory 667 MiB.
2026-10-10T15:12:46Z INFO [1625/3046] cbf98c2c-cc83-46e6-9d07-f698222fb072: 167 internal nodes; 7.7 s; peak memory 667 MiB.
2026-10-10T15:12:48Z INFO [1626/3046] cbf9a770-b452-4df7-a972-18be98b98a71: 44 internal nodes; 2.3 s; peak memory 667 MiB.
2026-10-10T15:12:49Z INFO [1627/3046] cbfa3f4f-6eb2-4102-a678-de17791928eb: 15 internal nodes; 0.9 s; peak memory 667 MiB.
2026-10-10T15:12:50Z INFO [1628/3046] cbfb200b-d445-4403-9c10-5db092a2adf2: 29 internal nodes; 1.3 s; peak memory 667 MiB.
2026-10-10T15:12:51Z INFO [1629/3046] cbfb3aa6-211b-4c36-9dfd-cd55b8a9beb9: 17 internal nodes; 0.9 s; peak memory 667 MiB.
2026-10-10T15:12:57Z INFO [1630/3046] cbfb42fb-5302-4a28-b9b9-7970b88e9a4b: 177 internal nodes; 5.5 s; peak memory 667 MiB.
2026-10-10T15:13:01Z INFO [1631/3046] cbfb7fa9-d9df-4b52-98e4-57f66d076240: 101 internal nodes; 4.3 s; peak memory 667 MiB.
2026-10-10T15:13:03Z INFO [1632/3046] cbfc0350-903c-4266-8ab8-1b270fc82167: 31 internal nodes; 2.0 s; peak memory 667 MiB.
2026-10-10T15:13:04Z INFO [1633/3046] cbfc0b9a-69d4-4303-b5a5-857ae6298611: 27 internal nodes; 1.3 s; peak memory 667 MiB.
2026-10-10T15:13:05Z INFO [1634/3046] cbfc47bb-3579-4f4a-8dee-bea4209417c4: 11 internal nodes; 0.8 s; peak memory 667 MiB.
2026-10-10T15:13:06Z INFO [1635/3046] cbfc678e-e514-491c-847c-90d6c5e9e2af: 17 internal nodes; 1.0 s; peak memory 667 MiB.
2026-10-10T15:13:07Z INFO [1636/3046] cbfd0265-2e7d-48c4-a6cc-d050ae358642: 17 internal nodes; 1.1 s; peak memory 667 MiB.
2026-10-10T15:13:08Z INFO [1637/3046] cbfdd491-cb51-4356-8d1e-3c6d24105894: 17 internal nodes; 1.0 s; peak memory 667 MiB.
2026-10-10T15:13:10Z INFO [1638/3046] cbfe39f6-cbce-4cd0-9d6f-ef3ca9e1076f: 31 internal nodes; 2.0 s; peak memory 667 MiB.
2026-10-10T15:13:12Z INFO [1639/3046] cbfeac4a-3e74-4a5f-a7f8-a33d060b1bba: 72 internal nodes; 2.3 s; peak memory 667 MiB.
2026-10-10T15:13:13Z INFO [1640/3046] cbfedc21-5636-4744-b473-139d4142b466: 17 internal nodes; 0.9 s; peak memory 667 MiB.
2026-10-10T15:13:14Z INFO [1641/3046] cc00711f-2569-4886-bf40-9057073b0e92: 11 internal nodes; 0.9 s; peak memory 667 MiB.
2026-10-10T15:13:15Z INFO [1642/3046] cc00ce42-4b3b-4ab6-9904-4423603b88ad: 11 internal nodes; 0.9 s; peak memory 667 MiB.
2026-10-10T15:13:17Z INFO [1643/3046] cc01463a-7c02-4e8f-85a0-bb80deaf5731: 27 internal nodes; 1.4 s; peak memory 667 MiB.
2026-10-10T15:13:18Z INFO [1644/3046] cc02270c-c084-4c08-aadb-5c9609fddda8: 17 internal nodes; 1.0 s; peak memory 667 MiB.
2026-10-10T15:13:19Z INFO [1645/3046] cc03f663-fb21-4559-921c-a98baa785e81: 116 internal nodes; 1.5 s; peak memory 667 MiB.
2026-10-10T15:13:20Z INFO [1646/3046] cc04f2fe-b011-4c4e-a806-5fd63d3c677b: 24 internal nodes; 1.3 s; peak memory 667 MiB.
2026-10-10T15:13:30Z INFO [1647/3046] cc056c2c-91ae-4a88-96ac-997741f27153: 195 internal nodes; 9.7 s; peak memory 667 MiB.
2026-10-10T15:13:32Z INFO [1648/3046] cc05a2ca-a194-4719-abe4-bc0ad33103bb: 72 internal nodes; 2.3 s; peak memory 667 MiB.
2026-10-10T15:13:34Z INFO [1649/3046] cc06b1a3-cc18-474a-b722-9fab745143ea: 65 internal nodes; 1.8 s; peak memory 667 MiB.
2026-10-10T15:13:35Z INFO [1650/3046] cc06df98-1ba5-44ce-9440-baba2c6e237c: 20 internal nodes; 0.8 s; peak memory 667 MiB.
2026-10-10T15:13:36Z INFO [1650/3046] cc06df98-1ba5-44ce-9440-baba2c6e237c: checkpointed 145419 new records.
2026-10-10T15:13:37Z INFO [1651/3046] cc06fb21-79a7-4fae-af4b-595d577c4344: 19 internal nodes; 1.1 s; peak memory 667 MiB.
2026-10-10T15:13:38Z INFO [1652/3046] cc0723b5-db75-4088-82e5-a0c47ebeceb9: 29 internal nodes; 1.5 s; peak memory 667 MiB.
2026-10-10T15:13:39Z INFO [1653/3046] cc077485-4d61-4868-8d4d-b0404b6c55c3: 27 internal nodes; 1.3 s; peak memory 667 MiB.
2026-10-10T15:13:47Z INFO [1654/3046] cc07cd82-b160-4509-9d3f-49bbf4c6f3d7: 66 internal nodes; 7.9 s; peak memory 667 MiB.
2026-10-10T15:13:53Z INFO [1655/3046] cc07fd8a-9214-4617-86f9-67f81e81d339: 73 internal nodes; 5.9 s; peak memory 667 MiB.
2026-10-10T15:13:55Z INFO [1656/3046] cc08a833-becc-4ff5-85ff-49ced2aa8f71: 54 internal nodes; 1.5 s; peak memory 667 MiB.
2026-10-10T15:13:56Z INFO [1657/3046] cc0996f8-ed14-4ef5-b31c-27aae19935a7: 27 internal nodes; 1.3 s; peak memory 667 MiB.
2026-10-10T15:13:58Z INFO [1658/3046] cc09e5ea-4ca7-4571-85bd-a3e0bd9a15ef: 31 internal nodes; 1.9 s; peak memory 667 MiB.
2026-10-10T15:14:08Z INFO [1659/3046] cc09eb9f-7643-4036-99e0-48e1f5eca054: 182 internal nodes; 9.8 s; peak memory 667 MiB.
2026-10-10T15:14:09Z INFO [1660/3046] cc0a96d8-82ad-4363-9257-205f4f18e7b9: 31 internal nodes; 1.6 s; peak memory 667 MiB.
2026-10-10T15:14:17Z INFO [1661/3046] cc0b2257-9013-4201-ae03-32725d73817f: 66 internal nodes; 8.0 s; peak memory 667 MiB.
2026-10-10T15:14:19Z INFO [1662/3046] cc0b874d-03ff-4a5b-86b4-c6f04e911bae: 55 internal nodes; 1.5 s; peak memory 667 MiB.
2026-10-10T15:14:20Z INFO [1663/3046] cc0bef7f-ce37-45b4-b204-b4fa06ab055f: 17 internal nodes; 0.9 s; peak memory 667 MiB.
2026-10-10T15:14:23Z INFO [1664/3046] cc0c19f9-df76-460c-a125-84ff281d2204: 83 internal nodes; 3.9 s; peak memory 667 MiB.
2026-10-10T15:14:25Z INFO [1665/3046] cc0d889d-9b23-43d2-98ef-2c5c5a745741: 27 internal nodes; 1.5 s; peak memory 667 MiB.
2026-10-10T15:14:33Z INFO [1666/3046] cc0db64b-be05-4058-a672-584b94f5e3d9: 44 internal nodes; 8.5 s; peak memory 667 MiB.
2026-10-10T15:14:40Z INFO [1667/3046] cc0de901-96a4-4c74-be64-ca09ddb65b71: 144 internal nodes; 6.2 s; peak memory 667 MiB.
2026-10-10T15:14:40Z INFO [1668/3046] cc0e0fab-a2d0-450c-9e1a-49a894ac25be: 27 internal nodes; 0.8 s; peak memory 667 MiB.
2026-10-10T15:14:41Z INFO [1669/3046] cc0f01bf-eb6a-4930-b781-71ad620b41ae: 26 internal nodes; 0.9 s; peak memory 667 MiB.
2026-10-10T15:14:43Z INFO [1670/3046] cc0f98d4-7b3e-4bd0-82df-2c6d4d7b8717: 27 internal nodes; 1.4 s; peak memory 667 MiB.
2026-10-10T15:14:44Z INFO [1671/3046] cc1017c2-3904-49f2-bc1e-4ac0b157b845: 17 internal nodes; 1.1 s; peak memory 667 MiB.
2026-10-10T15:14:47Z INFO [1672/3046] cc103713-e3ce-47dd-a489-3377e601967c: 41 internal nodes; 3.1 s; peak memory 667 MiB.
2026-10-10T15:14:48Z INFO [1673/3046] cc104a53-ce00-41dd-89f4-6f187fdc69d1: 17 internal nodes; 1.0 s; peak memory 667 MiB.
2026-10-10T15:14:49Z INFO [1674/3046] cc104c73-e273-48f1-953b-381e2681701d: 17 internal nodes; 0.9 s; peak memory 667 MiB.
2026-10-10T15:14:50Z INFO [1675/3046] cc10bb6a-d337-4644-8297-a75217d8271c: 11 internal nodes; 0.7 s; peak memory 667 MiB.
2026-10-10T15:14:51Z INFO [1676/3046] cc11ef7f-fde1-4840-829e-0164ca7db4ac: 21 internal nodes; 1.2 s; peak memory 667 MiB.
2026-10-10T15:14:52Z INFO [1677/3046] cc1223c9-4e64-4fb3-925f-05b347610d9c: 17 internal nodes; 1.0 s; peak memory 667 MiB.
2026-10-10T15:14:53Z INFO [1678/3046] cc12fc43-c62d-458e-aba9-90036b0e53af: 27 internal nodes; 1.2 s; peak memory 667 MiB.
2026-10-10T15:14:54Z INFO [1679/3046] cc138570-b6c0-4970-933e-b05f81985075: 30 internal nodes; 1.2 s; peak memory 667 MiB.
2026-10-10T15:14:56Z INFO [1680/3046] cc138a9c-a392-4f83-a8cd-9125f3291b35: 31 internal nodes; 1.5 s; peak memory 667 MiB.
2026-10-10T15:14:57Z INFO [1681/3046] cc13b756-3568-41c0-9754-32c4c5f74bcd: 115 internal nodes; 1.3 s; peak memory 667 MiB.
2026-10-10T15:14:58Z INFO [1682/3046] cc140627-5de9-42e4-89f6-54ffdf6cc6ee: 29 internal nodes; 1.6 s; peak memory 667 MiB.
2026-10-10T15:14:59Z INFO [1683/3046] cc14212d-0628-442f-b1b0-021bc2fbea9e: 17 internal nodes; 0.9 s; peak memory 667 MiB.
2026-10-10T15:15:01Z INFO [1684/3046] cc14a675-e0ee-4b01-8e18-27d4b57dd84f: 31 internal nodes; 1.5 s; peak memory 667 MiB.
2026-10-10T15:15:22Z INFO [1685/3046] cc1562cc-ab2f-4e21-808b-cd4faedf241c: 2012 internal nodes; 21.4 s; peak memory 667 MiB.
2026-10-10T15:15:26Z INFO [1686/3046] cc159a36-0459-486c-beb6-1538e8842708: 49 internal nodes; 3.9 s; peak memory 667 MiB.
2026-10-10T15:15:27Z INFO [1687/3046] cc162d9e-7fe1-45a3-b510-c120b22fee80: 17 internal nodes; 1.1 s; peak memory 667 MiB.
2026-10-10T15:15:29Z INFO [1688/3046] cc16d72b-cd2b-4e8a-982c-e4e417848e1f: 58 internal nodes; 2.0 s; peak memory 667 MiB.
2026-10-10T15:15:31Z INFO [1689/3046] cc16d7ca-9788-404f-9ffa-cb1b2a1625b6: 31 internal nodes; 1.6 s; peak memory 667 MiB.
2026-10-10T15:15:37Z INFO [1690/3046] cc171f3b-0413-4b94-8aa9-3f90c0a450a2: 120 internal nodes; 5.7 s; peak memory 667 MiB.
2026-10-10T15:15:38Z INFO [1691/3046] cc175099-8a9d-47e5-a470-2d682668624c: 27 internal nodes; 1.2 s; peak memory 667 MiB.
2026-10-10T15:15:39Z INFO [1692/3046] cc1756e1-510f-49ef-9ef6-1c4c857e59ac: 17 internal nodes; 0.8 s; peak memory 667 MiB.
2026-10-10T15:15:40Z INFO [1693/3046] cc187a05-65ab-424c-adcf-6fda37033b59: 15 internal nodes; 1.0 s; peak memory 667 MiB.
2026-10-10T15:15:41Z INFO [1694/3046] cc18d223-f9a3-4255-b76b-ab5854bed7e3: 27 internal nodes; 1.2 s; peak memory 667 MiB.
2026-10-10T15:15:42Z INFO [1695/3046] cc1ab572-09eb-4456-856b-cc811d89d597: 13 internal nodes; 1.0 s; peak memory 667 MiB.
2026-10-10T15:15:43Z INFO [1696/3046] cc1c0524-4d6a-47c8-9b99-4fe116ba2a99: 17 internal nodes; 0.9 s; peak memory 667 MiB.
2026-10-10T15:15:45Z INFO [1697/3046] cc1c8708-f669-4432-8bbc-90be5e952d06: 41 internal nodes; 2.6 s; peak memory 667 MiB.
2026-10-10T15:15:47Z INFO [1698/3046] cc1d02e5-aa36-405d-97d4-e1d2ecc8a985: 27 internal nodes; 1.2 s; peak memory 667 MiB.
2026-10-10T15:15:48Z INFO [1699/3046] cc1d1fec-b61f-451b-b177-b77661198f81: 17 internal nodes; 1.0 s; peak memory 667 MiB.
2026-10-10T15:15:49Z INFO [1700/3046] cc1ddf71-ad7e-42e7-aca1-303eb22d97e0: 27 internal nodes; 1.3 s; peak memory 667 MiB.
2026-10-10T15:15:49Z INFO [1700/3046] cc1ddf71-ad7e-42e7-aca1-303eb22d97e0: checkpointed 145469 new records.
2026-10-10T15:15:52Z INFO [1701/3046] cc1e31dc-d581-407d-bba7-9d741cbde548: 60 internal nodes; 2.6 s; peak memory 667 MiB.
2026-10-10T15:15:59Z INFO [1702/3046] cc20dd94-a223-4426-a31e-76b6bc42bc31: 61 internal nodes; 7.0 s; peak memory 667 MiB.
2026-10-10T15:16:05Z INFO [1703/3046] cc20fe9f-4483-4f69-b2cf-77352ec38f46: 41 internal nodes; 5.5 s; peak memory 667 MiB.
2026-10-10T15:16:06Z INFO [1704/3046] cc213e34-37a5-43f9-9b89-048fdb322614: 27 internal nodes; 1.5 s; peak memory 667 MiB.
2026-10-10T15:16:07Z INFO [1705/3046] cc215c7c-a4e8-4d6f-9179-10de8fb7a676: 19 internal nodes; 1.1 s; peak memory 667 MiB.
2026-10-10T15:16:08Z INFO [1706/3046] cc21a469-27ad-4301-989f-781fe68cd3f6: 27 internal nodes; 1.2 s; peak memory 667 MiB.
2026-10-10T15:16:10Z INFO [1707/3046] cc21d586-5dc1-4dc6-a07c-08c6ca525670: 37 internal nodes; 1.9 s; peak memory 667 MiB.
2026-10-10T15:16:11Z INFO [1708/3046] cc2517d1-4dee-45cb-aade-9c89b1a8d0ab: 27 internal nodes; 1.3 s; peak memory 667 MiB.
2026-10-10T15:16:13Z INFO [1709/3046] cc259f28-9c0c-4885-956c-ee1ce997bd10: 14 internal nodes; 1.4 s; peak memory 667 MiB.
2026-10-10T15:16:14Z INFO [1710/3046] cc25c35e-cc70-4deb-beee-6b67c43b86a1: 22 internal nodes; 1.2 s; peak memory 667 MiB.
2026-10-10T15:16:15Z INFO [1711/3046] cc25e310-5cb7-44ab-841b-a6742daf1498: 23 internal nodes; 1.4 s; peak memory 667 MiB.
2026-10-10T15:16:23Z INFO [1712/3046] cc26d2d9-073a-48bf-acb7-a890016c4ada: 44 internal nodes; 7.7 s; peak memory 667 MiB.
2026-10-10T15:16:24Z INFO [1713/3046] cc276402-48ed-45b6-a52d-7580e6756e2c: 17 internal nodes; 1.1 s; peak memory 667 MiB.
2026-10-10T15:16:25Z INFO [1714/3046] cc277404-937b-400f-9a9a-f4cc2ee1d395: 17 internal nodes; 1.0 s; peak memory 667 MiB.
2026-10-10T15:16:28Z INFO [1715/3046] cc27a464-f379-4886-bf2d-fe404f865df1: 42 internal nodes; 2.6 s; peak memory 667 MiB.
2026-10-10T15:16:29Z INFO [1716/3046] cc28d011-d79e-43b6-92e0-bee32d3a50ba: 16 internal nodes; 1.1 s; peak memory 667 MiB.
2026-10-10T15:16:30Z INFO [1717/3046] cc296fbe-db69-467e-8beb-044f6bec7b06: 17 internal nodes; 1.0 s; peak memory 667 MiB.
2026-10-10T15:16:31Z INFO [1718/3046] cc29b1b5-560d-4f7e-b661-4b4bf0cc3a79: 17 internal nodes; 1.0 s; peak memory 667 MiB.
2026-10-10T15:16:37Z INFO [1719/3046] cc2a86a7-8769-47d1-994d-a2651d2a7269: 143 internal nodes; 6.5 s; peak memory 667 MiB.
2026-10-10T15:16:39Z INFO [1720/3046] cc2af664-e206-4b17-ba0b-6d717d505c1c: 44 internal nodes; 2.0 s; peak memory 667 MiB.
2026-10-10T15:16:41Z INFO [1721/3046] cc2b217a-aeb0-42f4-86d7-abf4df10b707: 27 internal nodes; 1.3 s; peak memory 667 MiB.
2026-10-10T15:16:41Z INFO [1722/3046] cc2b5e53-d1d8-4dfe-ae22-503abddd27e0: 17 internal nodes; 0.9 s; peak memory 667 MiB.
2026-10-10T15:16:42Z INFO [1723/3046] cc2ba37e-4034-41d5-841a-03dad6f9dbac: 13 internal nodes; 1.0 s; peak memory 667 MiB.
2026-10-10T15:16:43Z INFO [1724/3046] cc2bbc81-6c08-4bfd-88d9-6c7af429316b: 17 internal nodes; 1.0 s; peak memory 667 MiB.
2026-10-10T15:16:45Z INFO [1725/3046] cc2cc3c3-68ec-49a0-9c94-cab5e94ebdff: 72 internal nodes; 2.0 s; peak memory 667 MiB.
2026-10-10T15:16:59Z INFO [1726/3046] cc2d04d6-258f-4eca-b849-74644f32cb08: 205 internal nodes; 13.0 s; peak memory 667 MiB.
2026-10-10T15:17:00Z INFO [1727/3046] cc2d1877-c54a-4b0d-9605-620bc49759be: 29 internal nodes; 1.5 s; peak memory 667 MiB.
2026-10-10T15:17:06Z INFO [1728/3046] cc2d2326-9aea-4b87-93dd-199da2627ecb: 54 internal nodes; 5.9 s; peak memory 667 MiB.
2026-10-10T15:17:07Z INFO [1729/3046] cc2dc9a6-9e3a-480f-b872-55d2de684ed8: 13 internal nodes; 1.0 s; peak memory 667 MiB.
2026-10-10T15:17:08Z INFO [1730/3046] cc2e735c-98ba-43ee-add7-f2209715d61c: 27 internal nodes; 1.2 s; peak memory 667 MiB.
2026-10-10T15:17:10Z INFO [1731/3046] cc2ef0ff-708b-47c0-82ea-0d66927cfb59: 31 internal nodes; 1.5 s; peak memory 667 MiB.
2026-10-10T15:17:11Z INFO [1732/3046] cc2f1f1e-6ef8-4429-8556-ad79a647d9e7: 60 internal nodes; 1.6 s; peak memory 667 MiB.
2026-10-10T15:17:13Z INFO [1733/3046] cc2f7437-212f-48f4-b0f2-9a13198baa42: 29 internal nodes; 1.4 s; peak memory 667 MiB.
2026-10-10T15:17:15Z INFO [1734/3046] cc3010ec-3ec1-4f44-acd7-a077159aa4d2: 38 internal nodes; 2.1 s; peak memory 667 MiB.
2026-10-10T15:17:25Z INFO [1735/3046] cc307472-de09-427d-9bf7-4bc4c2f16531: 114 internal nodes; 10.5 s; peak memory 667 MiB.
2026-10-10T15:17:35Z INFO [1736/3046] cc30c915-c794-4cf1-9412-57812e80015a: 243 internal nodes; 10.0 s; peak memory 667 MiB.
2026-10-10T15:17:36Z INFO [1737/3046] cc327ace-9346-4669-acc9-0158e2e582a8: 17 internal nodes; 1.0 s; peak memory 667 MiB.
2026-10-10T15:17:43Z INFO [1738/3046] cc336b13-7192-400d-8a19-f54a0f4ae33c: 177 internal nodes; 6.6 s; peak memory 667 MiB.
2026-10-10T15:17:45Z INFO [1739/3046] cc33b6f9-1967-4352-a0e1-c108adbebe3d: 38 internal nodes; 2.5 s; peak memory 667 MiB.
2026-10-10T15:17:47Z INFO [1740/3046] cc33b9ab-22d4-4897-937a-bc587820b677: 95 internal nodes; 1.5 s; peak memory 667 MiB.
2026-10-10T15:17:55Z INFO [1741/3046] cc344dab-4d1d-432d-b241-7f8bc75e9a75: 260 internal nodes; 8.4 s; peak memory 667 MiB.
2026-10-10T15:17:56Z INFO [1742/3046] cc34c9e6-9d7c-4737-af73-514f496d5000: 17 internal nodes; 1.0 s; peak memory 667 MiB.
2026-10-10T15:17:58Z INFO [1743/3046] cc355eab-2ee2-4e36-aa46-b8d6e87bd302: 56 internal nodes; 1.6 s; peak memory 667 MiB.
2026-10-10T15:18:04Z INFO [1744/3046] cc369628-954d-4c83-8abf-18240691156f: 73 internal nodes; 5.7 s; peak memory 667 MiB.
2026-10-10T15:18:05Z INFO [1745/3046] cc36fd68-bcb6-4338-9d15-1b6f6cbd267c: 25 internal nodes; 1.2 s; peak memory 667 MiB.
2026-10-10T15:18:06Z INFO [1746/3046] cc375a99-73ff-408d-85ed-a7ecb5819721: 18 internal nodes; 0.9 s; peak memory 667 MiB.
2026-10-10T15:18:07Z INFO [1747/3046] cc37b418-7d7b-4336-bf73-6a31a7d9b998: 17 internal nodes; 1.0 s; peak memory 667 MiB.
2026-10-10T15:18:08Z INFO [1748/3046] cc380d67-4265-469f-ac7c-06352875a6a8: 31 internal nodes; 1.6 s; peak memory 667 MiB.
2026-10-10T15:18:16Z INFO [1749/3046] cc38857e-5ecc-4fd2-af9c-a4eccdda836c: 42 internal nodes; 7.4 s; peak memory 668 MiB.
2026-10-10T15:18:17Z INFO [1750/3046] cc389fb1-f8f5-474e-8eb8-5e94bbee7b3d: 17 internal nodes; 1.0 s; peak memory 668 MiB.
2026-10-10T15:18:17Z INFO [1750/3046] cc389fb1-f8f5-474e-8eb8-5e94bbee7b3d: checkpointed 145519 new records.
2026-10-10T15:18:19Z INFO [1751/3046] cc38eb93-7019-4c45-bccd-65002f2d75f2: 27 internal nodes; 1.3 s; peak memory 668 MiB.
2026-10-10T15:18:20Z INFO [1752/3046] cc38f0b6-5d09-480b-89bd-4604858f2927: 59 internal nodes; 1.8 s; peak memory 668 MiB.
2026-10-10T15:18:21Z INFO [1753/3046] cc393252-8a53-45a3-ba8d-b8954e0a9de8: 13 internal nodes; 1.1 s; peak memory 668 MiB.
2026-10-10T15:18:28Z INFO [1754/3046] cc398990-c1aa-451e-8d71-bd024441b1f8: 69 internal nodes; 6.6 s; peak memory 668 MiB.
2026-10-10T15:18:31Z INFO [1755/3046] cc3a8410-e216-4222-b9ec-83995f5f4e9b: 41 internal nodes; 3.2 s; peak memory 668 MiB.
2026-10-10T15:18:39Z INFO [1756/3046] cc3ac883-dd58-44d2-9324-fd51b2bbe2bc: 48 internal nodes; 7.4 s; peak memory 668 MiB.
2026-10-10T15:18:40Z INFO [1757/3046] cc3b16f7-b973-4568-96f9-d5f3299649b3: 27 internal nodes; 1.3 s; peak memory 668 MiB.
2026-10-10T15:18:42Z INFO [1758/3046] cc3bc345-13f6-4294-b74a-4e02e13e0ce2: 27 internal nodes; 1.8 s; peak memory 668 MiB.
2026-10-10T15:18:43Z INFO [1759/3046] cc3d3f27-e546-4d3f-9336-0d14035067ca: 17 internal nodes; 0.9 s; peak memory 668 MiB.
2026-10-10T15:18:50Z INFO [1760/3046] cc3df54c-271b-4f10-a605-dcf59cb6c5d4: 144 internal nodes; 7.1 s; peak memory 668 MiB.
2026-10-10T15:18:50Z INFO [1761/3046] cc3efc71-8f11-49d8-b617-8540dfee42a8: 6 internal nodes; 0.8 s; peak memory 668 MiB.
2026-10-10T15:18:52Z INFO [1762/3046] cc3f7ed2-df05-475c-b33a-a1a90831b6ef: 67 internal nodes; 1.7 s; peak memory 668 MiB.
2026-10-10T15:18:53Z INFO [1763/3046] cc3fffc0-bd70-4c57-b56d-fbf2f03f16cb: 17 internal nodes; 0.9 s; peak memory 668 MiB.
2026-10-10T15:18:58Z INFO [1764/3046] cc400705-3cf5-47c3-b072-ed51027c7552: 177 internal nodes; 4.8 s; peak memory 668 MiB.
2026-10-10T15:18:59Z INFO [1765/3046] cc418901-a2f8-45bc-8c7e-62e2e1004137: 17 internal nodes; 0.9 s; peak memory 668 MiB.
2026-10-10T15:19:00Z INFO [1766/3046] cc427799-7172-4225-8b28-c77c9d006986: 29 internal nodes; 1.4 s; peak memory 668 MiB.
2026-10-10T15:19:01Z INFO [1767/3046] cc4308c4-87b5-4818-87d7-750daa6beccd: 17 internal nodes; 1.0 s; peak memory 668 MiB.
2026-10-10T15:19:02Z INFO [1768/3046] cc436290-0316-44ff-9686-55e58b78c886: 13 internal nodes; 1.1 s; peak memory 668 MiB.
2026-10-10T15:19:06Z INFO [1769/3046] cc441254-2748-4578-bb22-01d1c97cf8a8: 46 internal nodes; 3.4 s; peak memory 668 MiB.
2026-10-10T15:19:07Z INFO [1770/3046] cc442982-d1d4-4523-9cb5-e06e7458b6d5: 17 internal nodes; 1.1 s; peak memory 668 MiB.
2026-10-10T15:19:14Z INFO [1771/3046] cc44ca41-d7fc-4137-b836-39e18178c933: 211 internal nodes; 6.9 s; peak memory 668 MiB.
2026-10-10T15:19:15Z INFO [1772/3046] cc44cc58-ed2b-4e41-a20c-ee3429976974: 19 internal nodes; 1.1 s; peak memory 668 MiB.
2026-10-10T15:19:20Z INFO [1773/3046] cc44dc58-993b-43ff-bf3a-8d5c0b6518b7: 54 internal nodes; 5.3 s; peak memory 668 MiB.
2026-10-10T15:19:21Z INFO [1774/3046] cc45284e-8da4-43d0-9277-7808369e9b69: 27 internal nodes; 1.2 s; peak memory 668 MiB.
2026-10-10T15:19:23Z INFO [1775/3046] cc4581b8-d50e-4aed-95bb-8eb9844725fc: 27 internal nodes; 1.3 s; peak memory 668 MiB.
2026-10-10T15:19:24Z INFO [1776/3046] cc45b9a7-4e23-4de2-a4ea-57243d641505: 17 internal nodes; 1.0 s; peak memory 668 MiB.
2026-10-10T15:19:29Z INFO [1777/3046] cc472ca1-d8ab-4814-b732-a0d67f3e73cd: 64 internal nodes; 5.6 s; peak memory 668 MiB.
2026-10-10T15:19:30Z INFO [1778/3046] cc475a91-4d05-4ff9-ae88-35d57b2ca01c: 17 internal nodes; 0.9 s; peak memory 668 MiB.
2026-10-10T15:19:31Z INFO [1779/3046] cc47660e-8592-48e7-99a3-c0c61be6d92c: 19 internal nodes; 1.3 s; peak memory 668 MiB.
2026-10-10T15:19:37Z INFO [1780/3046] cc47855a-ab90-4ce1-aea3-f47a85b1a6e0: 73 internal nodes; 5.1 s; peak memory 668 MiB.
2026-10-10T15:19:39Z INFO [1781/3046] cc48f36b-0375-4e5d-8484-7caf816372c6: 46 internal nodes; 2.7 s; peak memory 668 MiB.
2026-10-10T15:19:41Z INFO [1782/3046] cc4945ee-e3db-4a9f-a80f-86bebe8a45fc: 20 internal nodes; 2.0 s; peak memory 668 MiB.
2026-10-10T15:19:54Z INFO [1783/3046] cc495743-bceb-4d61-a052-103947ec55d3: 286 internal nodes; 12.7 s; peak memory 668 MiB.
2026-10-10T15:19:55Z INFO [1784/3046] cc497b47-9af1-4c38-b799-98882e576ef9: 27 internal nodes; 1.5 s; peak memory 668 MiB.
2026-10-10T15:19:57Z INFO [1785/3046] cc49ce31-d9aa-4ed0-8c85-14f7a356315c: 31 internal nodes; 1.5 s; peak memory 668 MiB.
2026-10-10T15:19:58Z INFO [1786/3046] cc4b530d-b60c-497d-bd3f-195e1c744148: 31 internal nodes; 1.5 s; peak memory 668 MiB.
2026-10-10T15:20:00Z INFO [1787/3046] cc4bb125-3873-4ff9-8464-df21c2122c6a: 67 internal nodes; 1.9 s; peak memory 668 MiB.
2026-10-10T15:20:02Z INFO [1788/3046] cc4c1170-cef6-4689-84af-e9b78c203994: 27 internal nodes; 1.2 s; peak memory 668 MiB.
2026-10-10T15:20:02Z INFO [1789/3046] cc4c5535-0794-4dc9-b5e5-8cac68dfd199: 11 internal nodes; 0.8 s; peak memory 668 MiB.
2026-10-10T15:20:04Z INFO [1790/3046] cc4cd71d-1018-4ce1-96fb-fe04c3619130: 29 internal nodes; 1.7 s; peak memory 668 MiB.
2026-10-10T15:20:05Z INFO [1791/3046] cc4cdf2a-1598-4e04-9117-64c9f1a7c299: 22 internal nodes; 1.2 s; peak memory 668 MiB.
2026-10-10T15:20:06Z INFO [1792/3046] cc4d2d27-18b4-45a3-962a-e3b711c18f46: 17 internal nodes; 0.8 s; peak memory 668 MiB.
2026-10-10T15:20:07Z INFO [1793/3046] cc4df515-c5ef-47ba-ad4d-752d5d54e007: 13 internal nodes; 0.8 s; peak memory 668 MiB.
2026-10-10T15:20:08Z INFO [1794/3046] cc4e0d1c-4c22-4fb9-8df2-37a2609bd1fb: 17 internal nodes; 1.0 s; peak memory 668 MiB.
2026-10-10T15:20:09Z INFO [1795/3046] cc4e97a6-9d30-435b-9a1a-85d89682e923: 31 internal nodes; 1.6 s; peak memory 668 MiB.
2026-10-10T15:20:12Z INFO [1796/3046] cc4f0198-7b42-4b7e-b913-66bc395407d9: 44 internal nodes; 2.2 s; peak memory 668 MiB.
2026-10-10T15:20:13Z INFO [1797/3046] cc4f29d3-a1c9-475e-87cb-445734b6feca: 11 internal nodes; 0.9 s; peak memory 668 MiB.
2026-10-10T15:20:14Z INFO [1798/3046] cc501725-1643-4088-b794-cb5b1d6928d8: 90 internal nodes; 1.2 s; peak memory 668 MiB.
2026-10-10T15:20:15Z INFO [1799/3046] cc50e2a1-8132-4db6-91b2-1a337fc67f7f: 11 internal nodes; 0.8 s; peak memory 668 MiB.
2026-10-10T15:20:16Z INFO [1800/3046] cc528061-9390-469d-aea8-0cafb2a05f68: 29 internal nodes; 1.5 s; peak memory 668 MiB.
2026-10-10T15:20:17Z INFO [1800/3046] cc528061-9390-469d-aea8-0cafb2a05f68: checkpointed 145569 new records.
2026-10-10T15:20:18Z INFO [1801/3046] cc528a46-ded5-4ec6-9af8-613c8f4b6283: 114 internal nodes; 1.3 s; peak memory 668 MiB.
2026-10-10T15:20:20Z INFO [1802/3046] cc536829-e8ff-4cbd-9f10-7d1a9bf827a8: 25 internal nodes; 1.7 s; peak memory 668 MiB.
2026-10-10T15:20:27Z INFO [1803/3046] cc53dbb5-f2ce-467a-9bf0-d94acfa4f24f: 42 internal nodes; 7.8 s; peak memory 668 MiB.
2026-10-10T15:20:29Z INFO [1804/3046] cc557586-0a9a-4d7a-bbcd-c256b154247a: 25 internal nodes; 1.1 s; peak memory 668 MiB.
2026-10-10T15:20:30Z INFO [1805/3046] cc55d4f5-07c0-4362-9978-b716fd072c25: 27 internal nodes; 1.3 s; peak memory 668 MiB.
2026-10-10T15:20:32Z INFO [1806/3046] cc57990a-8618-4534-8f6e-6a685e9e98aa: 31 internal nodes; 1.7 s; peak memory 668 MiB.
2026-10-10T15:20:38Z INFO [1807/3046] cc5818fc-6a08-4286-b3d3-e6c94fe09737: 73 internal nodes; 6.2 s; peak memory 668 MiB.
2026-10-10T15:20:39Z INFO [1808/3046] cc582234-6d4c-4ad6-b336-aa35106faa97: 23 internal nodes; 1.4 s; peak memory 668 MiB.
2026-10-10T15:20:40Z INFO [1809/3046] cc58d399-e7d3-45d3-b7c4-27d827c69b6c: 24 internal nodes; 1.3 s; peak memory 668 MiB.
2026-10-10T15:20:47Z INFO [1810/3046] cc58ed11-cc5f-444c-8581-00e050c8935e: 180 internal nodes; 6.3 s; peak memory 668 MiB.
2026-10-10T15:20:48Z INFO [1811/3046] cc5933ea-7e12-4097-a1bb-4b3430669ef2: 27 internal nodes; 1.3 s; peak memory 668 MiB.
2026-10-10T15:20:50Z INFO [1812/3046] cc594ece-faf3-4fd6-b986-3c1912427dbe: 67 internal nodes; 1.8 s; peak memory 668 MiB.
2026-10-10T15:20:53Z INFO [1813/3046] cc59aa76-691f-4b32-8aa8-1d3670fdab1c: 44 internal nodes; 3.1 s; peak memory 668 MiB.
2026-10-10T15:20:54Z INFO [1814/3046] cc5a1019-25da-4b80-b20e-76a9409e5ed6: 17 internal nodes; 0.9 s; peak memory 668 MiB.
2026-10-10T15:20:55Z INFO [1815/3046] cc5a64a4-1edb-452f-b112-b8806d7a8de2: 27 internal nodes; 1.3 s; peak memory 668 MiB.
2026-10-10T15:20:56Z INFO [1816/3046] cc5a7993-a421-4501-b28c-999fd9098279: 27 internal nodes; 1.3 s; peak memory 668 MiB.
2026-10-10T15:20:57Z INFO [1817/3046] cc5ae43a-fe33-474c-bac6-ee22f7a90eff: 17 internal nodes; 0.9 s; peak memory 668 MiB.
2026-10-10T15:20:58Z INFO [1818/3046] cc5b35d1-e57c-4586-b931-3fc5c30acf41: 17 internal nodes; 0.9 s; peak memory 668 MiB.
2026-10-10T15:21:00Z INFO [1819/3046] cc5b4e8c-f876-4a12-acf2-2d24d463cb42: 31 internal nodes; 1.4 s; peak memory 668 MiB.
2026-10-10T15:21:02Z INFO [1820/3046] cc5b66a5-0104-4cb2-bd10-cca24dea95d6: 31 internal nodes; 2.0 s; peak memory 668 MiB.
2026-10-10T15:21:08Z INFO [1821/3046] cc5c6095-0edf-4197-9d65-3e193f23f07b: 58 internal nodes; 6.4 s; peak memory 668 MiB.
2026-10-10T15:21:09Z INFO [1822/3046] cc5cd15f-8b59-4631-94ce-d94177f67e9c: 11 internal nodes; 1.1 s; peak memory 668 MiB.
2026-10-10T15:21:16Z INFO [1823/3046] cc5d42fa-7fa7-4720-bf34-6f6a4250b0dd: 61 internal nodes; 6.4 s; peak memory 668 MiB.
2026-10-10T15:21:18Z INFO [1824/3046] cc5df9c0-378a-4cc9-9429-522471b1f10e: 44 internal nodes; 2.6 s; peak memory 668 MiB.
2026-10-10T15:21:24Z INFO [1825/3046] cc5e25ce-a78e-430f-a11c-2f0383da26d1: 67 internal nodes; 6.0 s; peak memory 668 MiB.
2026-10-10T15:21:25Z INFO [1826/3046] cc5eefb4-8897-43c0-999d-db9839ad0c52: 17 internal nodes; 1.1 s; peak memory 668 MiB.
2026-10-10T15:21:27Z INFO [1827/3046] cc5fe391-ec11-47f4-a363-d94ef41f1c2d: 44 internal nodes; 2.2 s; peak memory 668 MiB.
2026-10-10T15:21:29Z INFO [1828/3046] cc620eff-31df-4117-bc4a-adfd92fb1e03: 65 internal nodes; 1.6 s; peak memory 668 MiB.
2026-10-10T15:21:30Z INFO [1829/3046] cc6259f1-4855-4a53-9028-a452da063095: 27 internal nodes; 1.3 s; peak memory 668 MiB.
2026-10-10T15:21:32Z INFO [1830/3046] cc628ddc-72b7-4d75-a067-d89fae6153d4: 23 internal nodes; 1.4 s; peak memory 668 MiB.
2026-10-10T15:21:34Z INFO [1831/3046] cc62d689-9600-471e-80ba-59a4ce9a221d: 66 internal nodes; 2.3 s; peak memory 668 MiB.
2026-10-10T15:21:36Z INFO [1832/3046] cc63dc6d-9583-47ff-907a-a98e71fdc0d9: 39 internal nodes; 1.8 s; peak memory 668 MiB.
2026-10-10T15:21:37Z INFO [1833/3046] cc63f789-c37f-4c3f-8230-64ff7d5bda54: 22 internal nodes; 1.1 s; peak memory 668 MiB.
2026-10-10T15:21:40Z INFO [1834/3046] cc645f57-db77-4acc-a855-6f34a9c5cf73: 45 internal nodes; 3.3 s; peak memory 668 MiB.
2026-10-10T15:21:41Z INFO [1835/3046] cc64ab24-adcb-4f77-88a4-c7d5a39a05dc: 19 internal nodes; 1.1 s; peak memory 668 MiB.
2026-10-10T15:22:08Z INFO [1836/3046] cc6504c3-990b-41d2-9ab5-e462baa35244: 1327 internal nodes; 26.9 s; peak memory 668 MiB.
2026-10-10T15:22:10Z INFO [1837/3046] cc65b0a0-2c91-4346-83ad-5bf5c97ea26c: 27 internal nodes; 1.4 s; peak memory 668 MiB.
2026-10-10T15:22:11Z INFO [1838/3046] cc66fa2f-21d1-448e-a561-c3949c1edec2: 13 internal nodes; 1.1 s; peak memory 668 MiB.
2026-10-10T15:22:16Z INFO [1839/3046] cc67c99e-6764-4bdb-b6ef-39d62ce19e07: 52 internal nodes; 5.3 s; peak memory 668 MiB.
2026-10-10T15:22:17Z INFO [1840/3046] cc681dea-4503-4e98-a38d-058242b3e9e1: 23 internal nodes; 1.1 s; peak memory 668 MiB.
2026-10-10T15:22:30Z INFO [1841/3046] cc68af38-5ba2-4a6f-87e6-1fe9e3accf68: 84 internal nodes; 13.0 s; peak memory 668 MiB.
2026-10-10T15:22:31Z INFO [1842/3046] cc693ce3-e486-47ba-9b95-80b953a5d394: 17 internal nodes; 1.0 s; peak memory 668 MiB.
2026-10-10T15:22:32Z INFO [1843/3046] cc6a206b-9e4e-4285-8877-83eaa34f3ea0: 11 internal nodes; 1.0 s; peak memory 668 MiB.
2026-10-10T15:22:33Z INFO [1844/3046] cc6c0a7d-b1b7-4449-8944-3376cdef2d66: 19 internal nodes; 0.9 s; peak memory 668 MiB.
2026-10-10T15:22:34Z INFO [1845/3046] cc6c3b7f-95d2-4798-9d18-e48661863840: 13 internal nodes; 1.0 s; peak memory 668 MiB.
2026-10-10T15:22:35Z INFO [1846/3046] cc6cf033-b688-4c78-9f12-a4a65fa27fc7: 61 internal nodes; 1.5 s; peak memory 668 MiB.
2026-10-10T15:22:37Z INFO [1847/3046] cc6dd671-e158-4fd4-8399-304aeac19978: 25 internal nodes; 1.2 s; peak memory 668 MiB.
2026-10-10T15:22:38Z INFO [1848/3046] cc6e669c-6566-4801-a4b5-f5d65547ea63: 26 internal nodes; 1.4 s; peak memory 668 MiB.
2026-10-10T15:22:41Z INFO [1849/3046] cc6e81cc-774d-4e0d-9782-7fa003912bcd: 41 internal nodes; 2.8 s; peak memory 668 MiB.
2026-10-10T15:22:42Z INFO [1850/3046] cc6f4708-2e9b-4994-96a5-fd65ca6bfbb5: 17 internal nodes; 0.9 s; peak memory 668 MiB.
2026-10-10T15:22:42Z INFO [1850/3046] cc6f4708-2e9b-4994-96a5-fd65ca6bfbb5: checkpointed 145619 new records.
2026-10-10T15:22:43Z INFO [1851/3046] cc6f9ecc-9aa0-437d-a182-740ee4df71fb: 11 internal nodes; 0.7 s; peak memory 668 MiB.
2026-10-10T15:22:44Z INFO [1852/3046] cc70960c-88b2-4ad1-9760-20ebb34a6d6a: 17 internal nodes; 1.0 s; peak memory 668 MiB.
2026-10-10T15:22:45Z INFO [1853/3046] cc714f96-f69c-49e3-a299-39cc6f1f8ba8: 17 internal nodes; 0.9 s; peak memory 668 MiB.
2026-10-10T15:22:46Z INFO [1854/3046] cc721f08-e68b-43b2-8d8f-6a8602b2752e: 27 internal nodes; 1.3 s; peak memory 668 MiB.
2026-10-10T15:22:48Z INFO [1855/3046] cc7224af-802d-4b0b-a84e-57e8e507edbb: 31 internal nodes; 1.9 s; peak memory 668 MiB.
2026-10-10T15:22:49Z INFO [1856/3046] cc725766-bf2d-48a2-9219-6e1fec48f3fa: 56 internal nodes; 1.4 s; peak memory 668 MiB.
2026-10-10T15:22:54Z INFO [1857/3046] cc728b54-de4e-426f-8c96-a445c850996e: 41 internal nodes; 4.0 s; peak memory 668 MiB.
2026-10-10T15:22:56Z INFO [1858/3046] cc72ecd2-0fc4-4498-a4f9-f03929db164c: 29 internal nodes; 2.0 s; peak memory 668 MiB.
2026-10-10T15:22:57Z INFO [1859/3046] cc734e8c-e0c7-4a06-9b8c-77ca21537890: 83 internal nodes; 1.3 s; peak memory 668 MiB.
2026-10-10T15:22:58Z INFO [1860/3046] cc737c41-8cb2-4759-a498-6ddb836a3cfe: 17 internal nodes; 0.8 s; peak memory 668 MiB.
2026-10-10T15:23:04Z INFO [1861/3046] cc73ab07-008e-4e8b-8d6c-7c8c3061f5ac: 55 internal nodes; 6.6 s; peak memory 668 MiB.
2026-10-10T15:23:05Z INFO [1862/3046] cc742b29-2769-41bd-9c67-85b8ca1254fe: 17 internal nodes; 1.0 s; peak memory 668 MiB.
2026-10-10T15:23:06Z INFO [1863/3046] cc74ebd9-7e0a-469a-adcf-074f921e7094: 17 internal nodes; 1.0 s; peak memory 668 MiB.
2026-10-10T15:23:07Z INFO [1864/3046] cc75084a-73e4-4e9b-b231-23c5b7969f13: 17 internal nodes; 1.0 s; peak memory 668 MiB.
2026-10-10T15:23:08Z INFO [1865/3046] cc75218f-b6a1-46fe-9524-3f71f638628e: 31 internal nodes; 1.3 s; peak memory 668 MiB.
2026-10-10T15:23:09Z INFO [1866/3046] cc75ed74-8152-48e6-832c-a30f9ba586ed: 13 internal nodes; 1.0 s; peak memory 668 MiB.
2026-10-10T15:23:12Z INFO [1867/3046] cc767d2f-f94d-4bff-b2bc-f74c0e318922: 59 internal nodes; 2.1 s; peak memory 668 MiB.
2026-10-10T15:23:13Z INFO [1868/3046] cc77e060-f675-42d5-b384-e4d0d69e5fa1: 31 internal nodes; 1.7 s; peak memory 668 MiB.
2026-10-10T15:23:14Z INFO [1869/3046] cc7830a2-b598-4ec3-936f-6d8c19c90ddd: 21 internal nodes; 0.8 s; peak memory 668 MiB.
2026-10-10T15:23:15Z INFO [1870/3046] cc788901-76c1-4617-a4ac-6dc1592bb5c2: 17 internal nodes; 1.0 s; peak memory 668 MiB.
2026-10-10T15:23:16Z INFO [1871/3046] cc78d5d5-7006-4b42-adc8-93e4e727c02b: 17 internal nodes; 1.0 s; peak memory 668 MiB.
2026-10-10T15:23:18Z INFO [1872/3046] cc78f618-31ed-4b04-b996-fa558c962667: 30 internal nodes; 1.9 s; peak memory 668 MiB.
2026-10-10T15:23:20Z INFO [1873/3046] cc794ebe-f66f-4f21-a600-1edd5a0b859c: 51 internal nodes; 2.3 s; peak memory 668 MiB.
2026-10-10T15:23:22Z INFO [1874/3046] cc795de8-1eb1-4956-b625-26e7a5065f2d: 27 internal nodes; 1.2 s; peak memory 668 MiB.
2026-10-10T15:23:22Z INFO [1875/3046] cc79c614-8cd2-4a3b-82ae-42ce9f859839: 11 internal nodes; 0.8 s; peak memory 668 MiB.
2026-10-10T15:23:24Z INFO [1876/3046] cc7aa59e-eda8-48f3-b836-2685f10db79a: 27 internal nodes; 1.3 s; peak memory 668 MiB.
2026-10-10T15:23:27Z INFO [1877/3046] cc7aceb0-7426-40e7-b2df-90bf5257dfa6: 56 internal nodes; 3.3 s; peak memory 668 MiB.
2026-10-10T15:23:28Z INFO [1878/3046] cc7b802c-c030-4225-96f3-17de19241d42: 17 internal nodes; 1.0 s; peak memory 668 MiB.
2026-10-10T15:23:29Z INFO [1879/3046] cc7bc112-e708-4746-af5d-897738ac941f: 27 internal nodes; 1.2 s; peak memory 668 MiB.
2026-10-10T15:23:33Z INFO [1880/3046] cc7c09f4-eb1b-4fbe-9b58-f36c60046b58: 48 internal nodes; 4.0 s; peak memory 668 MiB.
2026-10-10T15:23:34Z INFO [1881/3046] cc7c4547-2d0b-4b25-ba2b-294c32adb13e: 31 internal nodes; 1.3 s; peak memory 668 MiB.
2026-10-10T15:23:36Z INFO [1882/3046] cc7c8e03-5fdd-4737-94cf-ed60e8b4e47e: 31 internal nodes; 1.3 s; peak memory 668 MiB.
2026-10-10T15:23:37Z INFO [1883/3046] cc7c94b1-47c8-4663-aa39-f3e2030d0f4b: 23 internal nodes; 1.4 s; peak memory 668 MiB.
2026-10-10T15:23:43Z INFO [1884/3046] cc7cc1a1-83f3-4952-9d72-34c78738e774: 63 internal nodes; 5.6 s; peak memory 668 MiB.
2026-10-10T15:23:44Z INFO [1885/3046] cc7d6d0d-5203-4719-9d7a-0643e8b86dd7: 27 internal nodes; 1.4 s; peak memory 668 MiB.
2026-10-10T15:23:46Z INFO [1886/3046] cc7e1b97-27d1-45ec-9bc7-0807287c17f8: 27 internal nodes; 1.3 s; peak memory 668 MiB.
2026-10-10T15:23:47Z INFO [1887/3046] cc7e9d79-a0b7-4cf0-8a4a-e4346c95a940: 66 internal nodes; 1.6 s; peak memory 668 MiB.
2026-10-10T15:23:48Z INFO [1888/3046] cc7fa2d4-0a1d-4fe5-a5f8-a1bbcad48949: 17 internal nodes; 0.9 s; peak memory 668 MiB.
2026-10-10T15:23:49Z INFO [1889/3046] cc816caf-c6a0-4da7-8736-43a62fb8e254: 19 internal nodes; 1.1 s; peak memory 668 MiB.
2026-10-10T15:23:50Z INFO [1890/3046] cc817d4c-770e-4cc2-bc4e-47c964c1c8fd: 17 internal nodes; 0.9 s; peak memory 668 MiB.
2026-10-10T15:23:52Z INFO [1891/3046] cc819536-46f4-415c-8ef1-e87f96945a53: 31 internal nodes; 1.6 s; peak memory 668 MiB.
2026-10-10T15:23:53Z INFO [1892/3046] cc82885d-9834-46d7-a350-2dc92360a2be: 27 internal nodes; 1.2 s; peak memory 668 MiB.
2026-10-10T15:23:54Z INFO [1893/3046] cc831155-86a0-4306-a99f-7748402381d4: 26 internal nodes; 1.5 s; peak memory 668 MiB.
2026-10-10T15:23:55Z INFO [1894/3046] cc8517db-b9bd-4311-9376-134bdc8325be: 11 internal nodes; 0.8 s; peak memory 668 MiB.
2026-10-10T15:24:02Z INFO [1895/3046] cc851827-734e-49b0-bd65-93b9a7d64355: 177 internal nodes; 7.0 s; peak memory 668 MiB.
2026-10-10T15:24:03Z INFO [1896/3046] cc861afa-6516-4807-8e7e-eb4f8bee83fc: 13 internal nodes; 0.7 s; peak memory 668 MiB.
2026-10-10T15:24:04Z INFO [1897/3046] cc8657de-640d-422f-a6e6-3b7fd1953a15: 15 internal nodes; 1.2 s; peak memory 668 MiB.
2026-10-10T15:24:05Z INFO [1898/3046] cc869dde-685c-41ac-a8a0-cf4627dbbde1: 31 internal nodes; 1.4 s; peak memory 668 MiB.
2026-10-10T15:24:07Z INFO [1899/3046] cc88c9e7-9962-481e-8af9-d7ad4022fe67: 27 internal nodes; 1.3 s; peak memory 668 MiB.
2026-10-10T15:24:08Z INFO [1900/3046] cc895a44-9293-4275-81e8-70022c5330a6: 17 internal nodes; 1.0 s; peak memory 668 MiB.
2026-10-10T15:24:08Z INFO [1900/3046] cc895a44-9293-4275-81e8-70022c5330a6: checkpointed 145669 new records.
2026-10-10T15:24:10Z INFO [1901/3046] cc89920e-eabe-4c75-bd76-9471554dfc11: 58 internal nodes; 1.2 s; peak memory 668 MiB.
2026-10-10T15:24:11Z INFO [1902/3046] cc8a23c9-0849-4b13-91b9-8d3d3167da55: 31 internal nodes; 1.4 s; peak memory 668 MiB.
2026-10-10T15:24:12Z INFO [1903/3046] cc8a9073-9029-4cdc-a7c4-87b917420a7b: 27 internal nodes; 1.2 s; peak memory 668 MiB.
2026-10-10T15:24:13Z INFO [1904/3046] cc8b358d-454e-44d9-bbf9-12b9aa2ff0ae: 11 internal nodes; 0.7 s; peak memory 668 MiB.
2026-10-10T15:24:14Z INFO [1905/3046] cc8b51a1-5170-45d7-885b-6c07634271cb: 41 internal nodes; 1.5 s; peak memory 668 MiB.
2026-10-10T15:24:15Z INFO [1906/3046] cc8b5693-1484-4ed5-9850-1115b368abaa: 13 internal nodes; 0.9 s; peak memory 668 MiB.
2026-10-10T15:24:17Z INFO [1907/3046] cc8b8360-26b7-4953-8c6e-568abcc7ae9f: 31 internal nodes; 1.5 s; peak memory 668 MiB.
2026-10-10T15:24:18Z INFO [1908/3046] cc8bac71-325e-4f79-8457-46e52390b508: 26 internal nodes; 1.5 s; peak memory 668 MiB.
2026-10-10T15:24:21Z INFO [1909/3046] cc8bbf1e-5c79-4a75-a9b3-9f98a3989cea: 44 internal nodes; 2.6 s; peak memory 668 MiB.
2026-10-10T15:24:25Z INFO [1910/3046] cc8e3c5a-c31a-4a92-868b-ce1b8faf67c5: 56 internal nodes; 3.6 s; peak memory 668 MiB.
2026-10-10T15:24:26Z INFO [1911/3046] cc8e7125-b42d-41f1-be92-36dc833ca3e5: 19 internal nodes; 1.0 s; peak memory 668 MiB.
2026-10-10T15:24:26Z INFO [1912/3046] cc8fb519-8deb-4553-85f3-f7d49647c90c: 13 internal nodes; 0.8 s; peak memory 668 MiB.
2026-10-10T15:24:27Z INFO [1913/3046] cc902f5d-817d-4dc2-974e-0edd596a7fb5: 17 internal nodes; 1.0 s; peak memory 668 MiB.
2026-10-10T15:24:29Z INFO [1914/3046] cc904191-b4b2-4e1e-933b-9c37323f1ab1: 31 internal nodes; 1.5 s; peak memory 668 MiB.
2026-10-10T15:24:30Z INFO [1915/3046] cc919bb7-3322-4a32-af80-163be39e8762: 17 internal nodes; 1.0 s; peak memory 668 MiB.
2026-10-10T15:24:39Z INFO [1916/3046] cc91d8ce-c726-4563-865c-167e2fde0a87: 122 internal nodes; 9.5 s; peak memory 668 MiB.
2026-10-10T15:24:48Z INFO [1917/3046] cc91e8ce-6f05-476f-b157-4224cc84bae0: 226 internal nodes; 8.3 s; peak memory 668 MiB.
2026-10-10T15:24:58Z INFO [1918/3046] cc920a9b-a4c4-4f56-bd63-324857817a85: 251 internal nodes; 10.8 s; peak memory 668 MiB.
2026-10-10T15:25:00Z INFO [1919/3046] cc936b5a-5b0c-4cf9-84b2-604d487498e0: 27 internal nodes; 1.4 s; peak memory 668 MiB.
2026-10-10T15:25:01Z INFO [1920/3046] cc943021-6973-4cef-bf2d-c83f488fcf16: 17 internal nodes; 1.1 s; peak memory 668 MiB.
2026-10-10T15:25:02Z INFO [1921/3046] cc94ab88-f419-4386-ac36-4a30bda11a6d: 58 internal nodes; 1.0 s; peak memory 668 MiB.
2026-10-10T15:25:03Z INFO [1922/3046] cc957e64-3596-4b6c-a970-8c8b6671c400: 17 internal nodes; 1.0 s; peak memory 668 MiB.
2026-10-10T15:25:04Z INFO [1923/3046] cc960514-a70e-4a6a-adc6-53f71a7e1820: 24 internal nodes; 1.2 s; peak memory 668 MiB.
2026-10-10T15:25:05Z INFO [1924/3046] cc97da2c-462f-4543-a7b6-42e8432ea3a8: 11 internal nodes; 0.8 s; peak memory 668 MiB.
2026-10-10T15:25:06Z INFO [1925/3046] cc993433-5bfc-4541-abfa-0ee1311c1b4a: 16 internal nodes; 1.0 s; peak memory 668 MiB.
2026-10-10T15:25:07Z INFO [1926/3046] cc99ac24-53a6-4f37-9d7c-98ee7206601a: 27 internal nodes; 1.5 s; peak memory 668 MiB.
2026-10-10T15:25:18Z INFO [1927/3046] cc99ba8a-655d-4c38-8f16-04608d4ec39b: 74 internal nodes; 10.6 s; peak memory 668 MiB.
2026-10-10T15:25:19Z INFO [1928/3046] cc9a34b4-d683-4e97-b7fa-3b2851271d98: 17 internal nodes; 1.0 s; peak memory 668 MiB.
2026-10-10T15:25:21Z INFO [1929/3046] cc9a6e64-bd29-4106-b3a4-22231bf7f56f: 22 internal nodes; 2.1 s; peak memory 668 MiB.
2026-10-10T15:25:22Z INFO [1930/3046] cc9ac1cd-52fc-4114-bd88-e829f0a53e66: 19 internal nodes; 1.1 s; peak memory 668 MiB.
2026-10-10T15:25:23Z INFO [1931/3046] cc9b1828-1d41-4c03-9c5d-b535886b6cdf: 115 internal nodes; 1.2 s; peak memory 668 MiB.
2026-10-10T15:25:30Z INFO [1932/3046] cc9b1f6f-dad6-4514-8972-6a78c1469d7d: 177 internal nodes; 6.7 s; peak memory 668 MiB.
2026-10-10T15:25:31Z INFO [1933/3046] cc9b2ed0-af58-4ff1-acbe-670fec40e990: 56 internal nodes; 1.5 s; peak memory 668 MiB.
2026-10-10T15:25:32Z INFO [1934/3046] cc9c2e61-b01b-4009-a700-8ff4abebf9bb: 17 internal nodes; 1.0 s; peak memory 668 MiB.
2026-10-10T15:25:34Z INFO [1935/3046] cc9c6d5a-4d72-4e28-b9fc-fc41e3b69a3e: 27 internal nodes; 1.4 s; peak memory 668 MiB.
2026-10-10T15:25:35Z INFO [1936/3046] cc9e0743-d66a-4f95-b841-1184b298b1f0: 17 internal nodes; 0.9 s; peak memory 668 MiB.
2026-10-10T15:25:38Z INFO [1937/3046] cc9e1226-641e-464d-a44c-1eac122fc2de: 44 internal nodes; 2.9 s; peak memory 668 MiB.
2026-10-10T15:25:39Z INFO [1938/3046] cc9f19c8-d938-45c5-b15a-e855d07228b5: 19 internal nodes; 1.0 s; peak memory 668 MiB.
2026-10-10T15:25:40Z INFO [1939/3046] cc9f4ec9-d435-4451-9439-1cc9420ad0bc: 27 internal nodes; 1.6 s; peak memory 668 MiB.
2026-10-10T15:25:41Z INFO [1940/3046] cc9f75de-9c95-4c46-8578-d704bed62221: 27 internal nodes; 1.3 s; peak memory 668 MiB.
2026-10-10T15:25:43Z INFO [1941/3046] cca03a43-e786-4e17-92f7-169e3e66260e: 27 internal nodes; 1.5 s; peak memory 668 MiB.
2026-10-10T15:25:44Z INFO [1942/3046] cca05b79-f178-43d4-ba13-cef87ec31e5e: 31 internal nodes; 1.6 s; peak memory 668 MiB.
2026-10-10T15:25:55Z INFO [1943/3046] cca27af6-8c23-41c9-98ee-f1709da8a820: 363 internal nodes; 10.5 s; peak memory 668 MiB.
2026-10-10T15:25:57Z INFO [1944/3046] cca29069-7d1b-4f7c-acb0-fc724a4966b8: 69 internal nodes; 1.7 s; peak memory 668 MiB.
2026-10-10T15:25:57Z INFO [1945/3046] cca31c16-5e9a-45f6-920f-166d9103558a: 26 internal nodes; 0.8 s; peak memory 668 MiB.
2026-10-10T15:26:15Z INFO [1946/3046] cca50119-e6d0-46ce-963a-5ce2e22b9772: 509 internal nodes; 17.6 s; peak memory 668 MiB.
2026-10-10T15:26:17Z INFO [1947/3046] cca528e2-d4cf-472e-b021-3233d835c22e: 31 internal nodes; 1.5 s; peak memory 668 MiB.
2026-10-10T15:26:18Z INFO [1948/3046] cca68909-7bfe-484f-b6ef-bf0b93e198f4: 27 internal nodes; 1.2 s; peak memory 668 MiB.
2026-10-10T15:26:19Z INFO [1949/3046] cca6b154-6a75-471c-bbb0-05933c28daa9: 13 internal nodes; 1.2 s; peak memory 668 MiB.
2026-10-10T15:26:21Z INFO [1950/3046] cca7261e-1fe7-4281-a3ea-ab9d33d5936d: 60 internal nodes; 1.5 s; peak memory 668 MiB.
2026-10-10T15:26:21Z INFO [1950/3046] cca7261e-1fe7-4281-a3ea-ab9d33d5936d: checkpointed 145719 new records.
2026-10-10T15:26:23Z INFO [1951/3046] cca78b27-3d84-419f-91b4-f90c279594af: 27 internal nodes; 1.5 s; peak memory 668 MiB.
2026-10-10T15:26:24Z INFO [1952/3046] cca79577-615a-44c8-887b-781163a30dcd: 116 internal nodes; 1.1 s; peak memory 668 MiB.
2026-10-10T15:26:25Z INFO [1953/3046] cca7e029-72e7-4567-9cfe-3efe7ecec8bb: 17 internal nodes; 1.1 s; peak memory 668 MiB.
2026-10-10T15:26:26Z INFO [1954/3046] cca81e61-565b-4e47-9d17-da44c044a3fc: 31 internal nodes; 1.3 s; peak memory 668 MiB.
2026-10-10T15:26:31Z INFO [1955/3046] cca8407c-0b60-40c7-a610-9b568c34c38d: 54 internal nodes; 5.3 s; peak memory 668 MiB.
2026-10-10T15:26:32Z INFO [1956/3046] cca898d5-9506-4277-807c-60edeece5bc4: 27 internal nodes; 1.2 s; peak memory 668 MiB.
2026-10-10T15:26:35Z INFO [1957/3046] cca957b0-6022-400f-a969-25614cfbbd62: 44 internal nodes; 2.8 s; peak memory 668 MiB.
2026-10-10T15:26:37Z INFO [1958/3046] cca9cc5b-ebce-4f2f-bace-fa4646177017: 27 internal nodes; 1.2 s; peak memory 668 MiB.
2026-10-10T15:26:38Z INFO [1959/3046] ccaa6a7c-dd03-45c1-a313-8f395b04b5c1: 17 internal nodes; 1.0 s; peak memory 668 MiB.
2026-10-10T15:26:39Z INFO [1960/3046] ccac43cd-0688-4b02-bcb0-1c45c1fad2fd: 31 internal nodes; 1.5 s; peak memory 668 MiB.
2026-10-10T15:26:40Z INFO [1961/3046] ccac9ee0-f075-4c0c-a93e-2cb9b7888caf: 19 internal nodes; 0.9 s; peak memory 668 MiB.
2026-10-10T15:26:41Z INFO [1962/3046] ccad5eeb-11b2-4f6c-bd1a-a62b043d8efe: 83 internal nodes; 1.5 s; peak memory 668 MiB.
2026-10-10T15:26:43Z INFO [1963/3046] ccae0200-810e-41f7-8fa3-300bb0b4369a: 60 internal nodes; 1.4 s; peak memory 668 MiB.
2026-10-10T15:26:44Z INFO [1964/3046] ccb040e3-c835-4458-852b-c5244abaa374: 17 internal nodes; 0.9 s; peak memory 668 MiB.
2026-10-10T15:26:45Z INFO [1965/3046] ccb0b6b5-807a-42fb-87c4-46442207eadb: 17 internal nodes; 0.9 s; peak memory 668 MiB.
2026-10-10T15:26:46Z INFO [1966/3046] ccb107f6-8f2d-4b67-954d-138f255a08e8: 17 internal nodes; 1.0 s; peak memory 668 MiB.
2026-10-10T15:26:46Z INFO [1967/3046] ccb16a50-12e1-41a0-981a-58b561f17793: 17 internal nodes; 0.8 s; peak memory 668 MiB.
2026-10-10T15:26:48Z INFO [1968/3046] ccb1f644-1c8d-46b0-97ff-50211564b0aa: 27 internal nodes; 1.2 s; peak memory 668 MiB.
2026-10-10T15:26:56Z INFO [1969/3046] ccb22a73-cdf2-4131-a775-2dc79f021741: 260 internal nodes; 8.0 s; peak memory 668 MiB.
2026-10-10T15:26:57Z INFO [1970/3046] ccb25aea-7491-42be-86bd-9371795d468e: 27 internal nodes; 1.4 s; peak memory 668 MiB.
2026-10-10T15:26:59Z INFO [1971/3046] ccb27fca-365c-49fc-ac28-e63817a91daa: 67 internal nodes; 1.6 s; peak memory 668 MiB.
2026-10-10T15:27:00Z INFO [1972/3046] ccb2d76b-679f-4f7b-a3c0-f4e56639599d: 27 internal nodes; 1.2 s; peak memory 668 MiB.
2026-10-10T15:27:01Z INFO [1973/3046] ccb43b1b-1415-4d71-8714-d6301af3180c: 19 internal nodes; 1.0 s; peak memory 668 MiB.
2026-10-10T15:27:03Z INFO [1974/3046] ccb44ead-a251-4e44-beff-9d3d925243eb: 31 internal nodes; 1.9 s; peak memory 668 MiB.
2026-10-10T15:27:05Z INFO [1975/3046] ccb4fab0-77c1-46de-973a-08daeae93a4a: 63 internal nodes; 2.2 s; peak memory 668 MiB.
2026-10-10T15:27:08Z INFO [1976/3046] ccb4ff26-b2a7-4d64-85be-b4d703282d1e: 41 internal nodes; 3.6 s; peak memory 668 MiB.
2026-10-10T15:27:10Z INFO [1977/3046] ccb517f1-d086-48be-acae-1190c08a06c3: 53 internal nodes; 1.8 s; peak memory 668 MiB.
2026-10-10T15:27:11Z INFO [1978/3046] ccb560b3-8062-4e21-924b-3a9258968ccc: 27 internal nodes; 1.1 s; peak memory 668 MiB.
2026-10-10T15:27:12Z INFO [1979/3046] ccb64c7f-c1e6-429d-bd37-2df9f4427393: 13 internal nodes; 1.1 s; peak memory 668 MiB.
2026-10-10T15:27:13Z INFO [1980/3046] ccb6c382-fa12-4164-8517-c6b8a9740ca9: 17 internal nodes; 1.0 s; peak memory 668 MiB.
2026-10-10T15:27:31Z INFO [1981/3046] ccb6ce70-d5be-4468-aa7a-97f9036bcb17: 189 internal nodes; 17.6 s; peak memory 668 MiB.
2026-10-10T15:27:32Z INFO [1982/3046] ccb8c0b5-2603-4005-89dc-e2aa91d80c14: 17 internal nodes; 1.0 s; peak memory 668 MiB.
2026-10-10T15:27:33Z INFO [1983/3046] ccb94da3-e9ab-4980-b641-3ab4b77a25ae: 11 internal nodes; 0.9 s; peak memory 668 MiB.
2026-10-10T15:27:34Z INFO [1984/3046] ccb9b236-0697-487c-902f-48bbbeb11119: 17 internal nodes; 1.0 s; peak memory 668 MiB.
2026-10-10T15:27:35Z INFO [1985/3046] ccbaa5d5-2c19-4ebd-b6f3-fac54dcda901: 11 internal nodes; 0.9 s; peak memory 668 MiB.
2026-10-10T15:27:36Z INFO [1986/3046] ccbacce1-95ab-40d6-aadc-7ea2b9ffd5ca: 17 internal nodes; 1.0 s; peak memory 668 MiB.
2026-10-10T15:27:37Z INFO [1987/3046] ccbc2d80-0236-4d7c-b0b7-2ab2c0bc8993: 17 internal nodes; 1.1 s; peak memory 668 MiB.
2026-10-10T15:27:38Z INFO [1988/3046] ccbcccac-2bf0-42fd-a039-04461b88bea3: 18 internal nodes; 0.9 s; peak memory 668 MiB.
2026-10-10T15:27:39Z INFO [1989/3046] ccbd2295-b97c-442f-8715-a88df2ffcf67: 27 internal nodes; 1.2 s; peak memory 668 MiB.
2026-10-10T15:27:50Z INFO [1990/3046] ccbd4f2d-4fd1-44c7-a8f6-0638153a0240: 260 internal nodes; 11.3 s; peak memory 668 MiB.
2026-10-10T15:28:01Z INFO [1991/3046] ccbd9772-ee24-45f8-ba85-21c122564e85: 89 internal nodes; 10.7 s; peak memory 668 MiB.
2026-10-10T15:28:02Z INFO [1992/3046] ccbe4f58-df9e-4ac7-83ac-77a2494a641a: 27 internal nodes; 1.3 s; peak memory 668 MiB.
2026-10-10T15:28:04Z INFO [1993/3046] ccbe5567-626d-429b-9cf3-7dbcfe9d3c97: 31 internal nodes; 1.6 s; peak memory 668 MiB.
2026-10-10T15:28:05Z INFO [1994/3046] ccbe5ec7-e464-4e24-8860-893d583bbf1f: 27 internal nodes; 1.3 s; peak memory 668 MiB.
2026-10-10T15:28:06Z INFO [1995/3046] ccbedc1e-ed04-4d7e-b871-8bbdd5fbd3ac: 27 internal nodes; 1.2 s; peak memory 668 MiB.
2026-10-10T15:28:07Z INFO [1996/3046] ccbf23e3-029f-4ee5-90c3-1ddac42d6918: 17 internal nodes; 1.0 s; peak memory 668 MiB.
2026-10-10T15:28:08Z INFO [1997/3046] ccc0ef72-f3ac-4ad1-b623-6acec970447a: 26 internal nodes; 0.8 s; peak memory 668 MiB.
2026-10-10T15:28:20Z INFO [1998/3046] ccc1185f-2959-4b8a-b25f-d31b83c0eb87: 1221 internal nodes; 11.4 s; peak memory 668 MiB.
2026-10-10T15:28:21Z INFO [1999/3046] ccc135b1-682c-4851-88f9-3a38deff7e9b: 17 internal nodes; 0.9 s; peak memory 668 MiB.
2026-10-10T15:28:22Z INFO [2000/3046] ccc1b6b7-8b95-4b5e-b5f6-8006e480a4a3: 27 internal nodes; 1.2 s; peak memory 668 MiB.
2026-10-10T15:28:22Z INFO [2000/3046] ccc1b6b7-8b95-4b5e-b5f6-8006e480a4a3: checkpointed 145769 new records.
2026-10-10T15:28:23Z INFO [2001/3046] ccc266b5-5110-4663-85cb-672bd4e75701: 19 internal nodes; 0.9 s; peak memory 668 MiB.
2026-10-10T15:28:25Z INFO [2002/3046] ccc346d1-1b63-4705-891b-5e740a6cd135: 65 internal nodes; 1.7 s; peak memory 668 MiB.
2026-10-10T15:28:26Z INFO [2003/3046] ccc3b037-be22-4a9a-8b6f-d3b260de8221: 19 internal nodes; 1.3 s; peak memory 668 MiB.
2026-10-10T15:28:29Z INFO [2004/3046] ccc49378-7346-4112-8e75-7180c37bc9bb: 46 internal nodes; 3.2 s; peak memory 668 MiB.
2026-10-10T15:28:30Z INFO [2005/3046] ccc49897-b0e5-45b2-b076-360ccfd338cc: 15 internal nodes; 1.0 s; peak memory 668 MiB.
2026-10-10T15:31:31Z INFO [2006/3046] ccc53e57-1cf4-4033-9f6b-09676458b7ea: 3333 internal nodes; 180.4 s; peak memory 668 MiB.
2026-10-10T15:31:34Z INFO [2007/3046] ccc57e07-20ff-47ce-be5b-816a5f5fbe9b: 45 internal nodes; 3.0 s; peak memory 668 MiB.
2026-10-10T15:31:42Z INFO [2008/3046] ccc5e202-0b02-47e2-9fcc-53d2a79b423b: 44 internal nodes; 8.7 s; peak memory 668 MiB.
2026-10-10T15:31:45Z INFO [2009/3046] ccc620ff-3e1c-4777-9f5b-be2a1b809c25: 66 internal nodes; 2.2 s; peak memory 668 MiB.
2026-10-10T15:31:53Z INFO [2010/3046] ccc72d6a-4137-476c-8ec5-910c4c30e09a: 44 internal nodes; 8.4 s; peak memory 668 MiB.
2026-10-10T15:31:55Z INFO [2011/3046] ccc8881b-3e93-45e9-ac2a-0bcb934f1f49: 42 internal nodes; 2.3 s; peak memory 668 MiB.
2026-10-10T15:31:57Z INFO [2012/3046] ccc95a7c-7fa4-469d-930e-3d4933d3711a: 27 internal nodes; 1.3 s; peak memory 668 MiB.
2026-10-10T15:31:58Z INFO [2013/3046] ccc961d6-24d3-40c7-a3e0-f6df61367bf4: 27 internal nodes; 1.3 s; peak memory 668 MiB.
2026-10-10T15:31:59Z INFO [2014/3046] cccb0b49-4a61-4565-9ed4-297b02cc5af3: 27 internal nodes; 1.3 s; peak memory 668 MiB.
2026-10-10T15:32:00Z INFO [2015/3046] cccc20a9-94ac-4b82-bd73-d33d6f438a17: 22 internal nodes; 0.9 s; peak memory 668 MiB.
2026-10-10T15:32:05Z INFO [2016/3046] cccc54cf-4037-4659-a1a5-710b55af2f4e: 73 internal nodes; 5.1 s; peak memory 668 MiB.
2026-10-10T15:32:07Z INFO [2017/3046] cccc8a8b-87ff-4033-bf30-be7fcdc5c013: 44 internal nodes; 2.2 s; peak memory 668 MiB.
2026-10-10T15:32:10Z INFO [2018/3046] cccc9e1e-dc47-4d16-9fd1-987d41941812: 42 internal nodes; 2.8 s; peak memory 668 MiB.
2026-10-10T15:32:11Z INFO [2019/3046] ccccc09e-27ca-434b-9aeb-04383ec2519a: 18 internal nodes; 1.1 s; peak memory 668 MiB.
2026-10-10T15:32:12Z INFO [2020/3046] ccccca4d-d030-43a4-9d0f-9588fd8b0d58: 17 internal nodes; 0.9 s; peak memory 668 MiB.
2026-10-10T15:32:17Z INFO [2021/3046] cccd4f2f-ec8e-49d2-9718-1cd1a79217b9: 43 internal nodes; 4.8 s; peak memory 668 MiB.
2026-10-10T15:32:18Z INFO [2022/3046] cccebc76-3448-40d9-b60d-746d7d319e52: 17 internal nodes; 1.0 s; peak memory 668 MiB.
2026-10-10T15:32:19Z INFO [2023/3046] cccf0a0e-36e2-4136-97e4-c706e0b3d773: 17 internal nodes; 1.0 s; peak memory 668 MiB.
2026-10-10T15:32:20Z INFO [2024/3046] ccd0b5a1-20fd-4a4d-be28-a90a97d026fd: 27 internal nodes; 1.1 s; peak memory 668 MiB.
2026-10-10T15:32:22Z INFO [2025/3046] ccd19cbc-e66f-4b3a-ab22-76877a91f23b: 32 internal nodes; 1.6 s; peak memory 668 MiB.
2026-10-10T15:32:24Z INFO [2026/3046] ccd3037d-7ea4-4fb3-8606-89adeda2505b: 63 internal nodes; 2.1 s; peak memory 668 MiB.
2026-10-10T15:32:25Z INFO [2027/3046] ccd3137b-daf5-488c-89be-be3ad1b9663f: 18 internal nodes; 0.9 s; peak memory 668 MiB.
2026-10-10T15:32:26Z INFO [2028/3046] ccd3c36d-c823-422d-896e-59acbb93db0b: 27 internal nodes; 1.3 s; peak memory 668 MiB.
2026-10-10T15:32:27Z INFO [2029/3046] ccd3cd43-9780-4e73-929f-17d3dc6a49f0: 11 internal nodes; 0.8 s; peak memory 668 MiB.
2026-10-10T15:32:29Z INFO [2030/3046] ccd4ead7-f73b-495c-b1e1-83cffab48a6d: 31 internal nodes; 1.8 s; peak memory 668 MiB.
2026-10-10T15:32:31Z INFO [2031/3046] ccd4fe3c-22d4-4e31-a5b5-12c9137ec227: 44 internal nodes; 2.9 s; peak memory 668 MiB.
2026-10-10T15:32:33Z INFO [2032/3046] ccd5cc3c-abe8-4c78-8690-fa32d9c6c662: 19 internal nodes; 1.3 s; peak memory 668 MiB.
2026-10-10T15:32:36Z INFO [2033/3046] ccd653f6-a8d4-49d3-9344-a29be6cbe109: 41 internal nodes; 3.5 s; peak memory 668 MiB.
2026-10-10T15:32:41Z INFO [2034/3046] ccd6dc8b-eba5-4d53-b718-ae5073e76968: 101 internal nodes; 4.4 s; peak memory 668 MiB.
2026-10-10T15:32:46Z INFO [2035/3046] ccd71d56-50b3-4007-8dc8-af3ebe1ca19e: 64 internal nodes; 5.1 s; peak memory 668 MiB.
2026-10-10T15:32:46Z INFO [2036/3046] ccd744d5-3cac-411a-b87e-ee6b283c2ea4: 17 internal nodes; 0.9 s; peak memory 668 MiB.
2026-10-10T15:32:47Z INFO [2037/3046] ccd9ae5b-9a04-451f-ab26-3ecdb472d2cb: 16 internal nodes; 0.9 s; peak memory 668 MiB.
2026-10-10T15:32:49Z INFO [2038/3046] ccda4374-5e75-41f2-8cdb-9f26ce7b7c7f: 31 internal nodes; 1.6 s; peak memory 668 MiB.
2026-10-10T15:32:50Z INFO [2039/3046] ccda617c-372e-43a8-aebb-1bbf0572b8fa: 69 internal nodes; 1.5 s; peak memory 668 MiB.
2026-10-10T15:32:51Z INFO [2040/3046] ccdad843-2668-46fe-b786-a35b3777372c: 16 internal nodes; 1.0 s; peak memory 668 MiB.
2026-10-10T15:32:52Z INFO [2041/3046] ccdb266e-8343-4d22-b993-1174f60aa057: 27 internal nodes; 0.9 s; peak memory 668 MiB.
2026-10-10T15:32:54Z INFO [2042/3046] ccdb3c32-4b61-42e3-95cc-3034ee2bf536: 58 internal nodes; 1.3 s; peak memory 668 MiB.
2026-10-10T15:33:03Z INFO [2043/3046] ccdb4e97-b141-4a1c-9752-ea9756db3cd3: 117 internal nodes; 9.8 s; peak memory 668 MiB.
2026-10-10T15:33:06Z INFO [2044/3046] ccdc7b31-9e51-48fe-a028-02c42c6ad543: 46 internal nodes; 3.2 s; peak memory 668 MiB.
2026-10-10T15:33:08Z INFO [2045/3046] ccdd2901-955f-4f55-a97d-77cca25b2b76: 17 internal nodes; 1.0 s; peak memory 668 MiB.
2026-10-10T15:33:09Z INFO [2046/3046] ccddd756-3398-427a-9fdc-6e448fbe4fe8: 29 internal nodes; 1.6 s; peak memory 668 MiB.
2026-10-10T15:33:13Z INFO [2047/3046] ccdeb08d-d63c-4523-be54-abc265fbb7e4: 92 internal nodes; 4.2 s; peak memory 668 MiB.
2026-10-10T15:33:15Z INFO [2048/3046] ccdefc8a-c7ea-427a-ba2d-db4841ddb8ee: 60 internal nodes; 1.4 s; peak memory 668 MiB.
2026-10-10T15:33:20Z INFO [2049/3046] ccdfc235-91af-4fa7-bf30-cd0dc377d45b: 117 internal nodes; 5.0 s; peak memory 668 MiB.
2026-10-10T15:33:21Z INFO [2050/3046] cce05308-535a-4107-a826-6c47c85f4c75: 17 internal nodes; 1.1 s; peak memory 668 MiB.
2026-10-10T15:33:21Z INFO [2050/3046] cce05308-535a-4107-a826-6c47c85f4c75: checkpointed 145819 new records.
2026-10-10T15:33:22Z INFO [2051/3046] cce0f884-56ec-4ed4-b89a-af42cc2de780: 17 internal nodes; 0.9 s; peak memory 668 MiB.
2026-10-10T15:33:32Z INFO [2052/3046] cce15b39-f094-4ab6-bd34-b64c03e9ed47: 234 internal nodes; 10.1 s; peak memory 668 MiB.
2026-10-10T15:33:33Z INFO [2053/3046] cce242f6-fb62-4ad2-8fca-2fdbc9f18276: 19 internal nodes; 1.0 s; peak memory 668 MiB.
2026-10-10T15:33:35Z INFO [2054/3046] cce2590b-e2bd-46d2-8947-bb9a4d780736: 27 internal nodes; 1.2 s; peak memory 668 MiB.
2026-10-10T15:33:36Z INFO [2055/3046] cce33cd8-834e-4c8e-aaa3-7cd29abf4333: 118 internal nodes; 1.2 s; peak memory 668 MiB.
2026-10-10T15:33:37Z INFO [2056/3046] cce3abdd-ac79-41b0-a002-e8f45f8dfb55: 22 internal nodes; 0.9 s; peak memory 668 MiB.
2026-10-10T15:33:38Z INFO [2057/3046] cce61b60-abad-466c-9719-624b94715c53: 30 internal nodes; 1.2 s; peak memory 668 MiB.
2026-10-10T15:33:53Z INFO [2058/3046] cce629de-07df-4288-b2b4-85341560f0eb: 135 internal nodes; 14.7 s; peak memory 668 MiB.
2026-10-10T15:33:54Z INFO [2059/3046] cce62a25-0844-4185-9fda-7aec4ba9057e: 27 internal nodes; 1.2 s; peak memory 668 MiB.
2026-10-10T15:33:57Z INFO [2060/3046] cce65b2b-c707-4d83-85c6-8a03a67bd529: 46 internal nodes; 3.4 s; peak memory 668 MiB.
2026-10-10T15:33:58Z INFO [2061/3046] cce66950-a49c-4541-8535-c68b66536c58: 17 internal nodes; 1.0 s; peak memory 668 MiB.
2026-10-10T15:33:59Z INFO [2062/3046] cce6d538-f68b-4edf-9861-fc74681cb0ac: 17 internal nodes; 1.0 s; peak memory 668 MiB.
2026-10-10T15:34:02Z INFO [2063/3046] cce74f4e-1b10-41dd-9603-aaf02ba25087: 44 internal nodes; 2.7 s; peak memory 668 MiB.
2026-10-10T15:34:03Z INFO [2064/3046] cce824b1-53ee-4e0f-adf6-66e2f29d5189: 17 internal nodes; 0.9 s; peak memory 668 MiB.
2026-10-10T15:34:04Z INFO [2065/3046] cce88f17-9491-446e-9a5b-a17966ed787f: 27 internal nodes; 1.3 s; peak memory 668 MiB.
2026-10-10T15:34:05Z INFO [2066/3046] cce90051-badc-4909-9245-c07b8e55a53e: 21 internal nodes; 0.8 s; peak memory 668 MiB.
2026-10-10T15:34:06Z INFO [2067/3046] cce92fd2-1bab-4f5d-9801-a79463cca114: 13 internal nodes; 1.0 s; peak memory 668 MiB.
2026-10-10T15:34:07Z INFO [2068/3046] ccea0f9a-84e8-46f8-80c7-37a2f29be107: 27 internal nodes; 1.2 s; peak memory 668 MiB.
2026-10-10T15:34:08Z INFO [2069/3046] ccea5bdd-8ae9-4f40-a9df-7300dd472b62: 27 internal nodes; 1.2 s; peak memory 668 MiB.
2026-10-10T15:34:09Z INFO [2070/3046] ccea7047-4383-494c-8576-039abc101e96: 22 internal nodes; 0.7 s; peak memory 668 MiB.
2026-10-10T15:34:10Z INFO [2071/3046] cceadc49-6493-403e-b983-bf0d37108928: 17 internal nodes; 0.9 s; peak memory 668 MiB.
2026-10-10T15:34:18Z INFO [2072/3046] cceb405d-196a-4e3b-bd29-fc15c685bcf2: 66 internal nodes; 7.8 s; peak memory 668 MiB.
2026-10-10T15:34:23Z INFO [2073/3046] cceb63bb-be65-43ff-9463-9fa3df488288: 64 internal nodes; 5.1 s; peak memory 668 MiB.
2026-10-10T15:34:24Z INFO [2074/3046] ccebb8ff-e47c-4ab8-a221-6ea358225f59: 90 internal nodes; 1.4 s; peak memory 668 MiB.
2026-10-10T15:34:25Z INFO [2075/3046] ccece1e6-0561-4c9b-8d1d-067692efedb3: 17 internal nodes; 1.0 s; peak memory 668 MiB.
2026-10-10T15:34:26Z INFO [2076/3046] cced0533-1972-4d54-a7ba-e3552d019007: 18 internal nodes; 0.8 s; peak memory 668 MiB.
2026-10-10T15:34:28Z INFO [2077/3046] cced762a-8d99-4972-a231-2ba69c9f8ab7: 49 internal nodes; 2.4 s; peak memory 668 MiB.
2026-10-10T15:34:29Z INFO [2078/3046] ccedd482-8a03-47a3-810d-94cf2068688f: 18 internal nodes; 0.9 s; peak memory 668 MiB.
2026-10-10T15:34:30Z INFO [2079/3046] cceee406-372e-47a3-acf6-38853ffe181f: 11 internal nodes; 0.8 s; peak memory 668 MiB.
2026-10-10T15:34:31Z INFO [2080/3046] ccef0e99-c66b-4499-946c-f60e06c23389: 115 internal nodes; 1.2 s; peak memory 668 MiB.
2026-10-10T15:34:33Z INFO [2081/3046] ccef2a80-e9b3-4f62-9922-cf2b9488d161: 30 internal nodes; 1.3 s; peak memory 668 MiB.
2026-10-10T15:34:34Z INFO [2082/3046] ccefd742-5d24-4f23-babd-f688b8bba6d1: 23 internal nodes; 1.1 s; peak memory 668 MiB.
2026-10-10T15:34:35Z INFO [2083/3046] cceffd0f-ce55-4593-9c0d-bc9c0356e220: 17 internal nodes; 0.9 s; peak memory 668 MiB.
2026-10-10T15:34:36Z INFO [2084/3046] ccf06c75-9489-453c-a5b0-0ea3a7b3f87b: 22 internal nodes; 1.4 s; peak memory 668 MiB.
2026-10-10T15:34:37Z INFO [2085/3046] ccf07646-3f5a-4e01-aa28-a7f68e7e03dc: 17 internal nodes; 0.9 s; peak memory 668 MiB.
2026-10-10T15:34:38Z INFO [2086/3046] ccf0fc0c-5a1b-40b6-b3d8-b6aa14f2f84b: 22 internal nodes; 1.4 s; peak memory 668 MiB.
2026-10-10T15:34:42Z INFO [2087/3046] ccf10bb0-3ba3-4523-b226-dc7e42456961: 82 internal nodes; 3.3 s; peak memory 668 MiB.
2026-10-10T15:34:43Z INFO [2088/3046] ccf1151f-ad62-4e3f-856c-0fd3310e38f0: 17 internal nodes; 1.0 s; peak memory 668 MiB.
2026-10-10T15:34:44Z INFO [2089/3046] ccf19d3a-1b13-44da-b73b-1d30f6ea7368: 27 internal nodes; 1.3 s; peak memory 668 MiB.
2026-10-10T15:34:45Z INFO [2090/3046] ccf24fbe-9cf9-45b8-9f31-6bb47f5d080e: 31 internal nodes; 1.3 s; peak memory 668 MiB.
2026-10-10T15:34:48Z INFO [2091/3046] ccf2be07-2bec-4242-9804-0e5a21f9fec6: 44 internal nodes; 2.6 s; peak memory 668 MiB.
2026-10-10T15:34:49Z INFO [2092/3046] ccf3a0ac-7cde-4617-bbad-b0bc2e2da2eb: 67 internal nodes; 1.5 s; peak memory 668 MiB.
2026-10-10T15:34:51Z INFO [2093/3046] ccf3d607-1839-44cf-b808-e1f1bbd2deb6: 31 internal nodes; 1.8 s; peak memory 668 MiB.
2026-10-10T15:34:53Z INFO [2094/3046] ccf4821a-97cd-444e-a230-a431b28ab7d8: 37 internal nodes; 1.5 s; peak memory 668 MiB.
2026-10-10T15:34:55Z INFO [2095/3046] ccf5536d-aca2-4052-85fb-716d342de49b: 46 internal nodes; 1.9 s; peak memory 668 MiB.
2026-10-10T15:34:57Z INFO [2096/3046] ccf55768-94e8-4300-849e-9ef47a7f1929: 72 internal nodes; 2.2 s; peak memory 668 MiB.
2026-10-10T15:35:06Z INFO [2097/3046] ccf56a8a-0cd0-4250-88f4-d8ce4812d9cd: 83 internal nodes; 8.8 s; peak memory 668 MiB.
2026-10-10T15:35:08Z INFO [2098/3046] ccf5c3ab-7c97-41a2-bbb3-fe882d5ca0b5: 42 internal nodes; 2.8 s; peak memory 668 MiB.
2026-10-10T15:35:10Z INFO [2099/3046] ccf610ea-c334-4a06-ac0a-b6fbc0afccfc: 39 internal nodes; 1.7 s; peak memory 668 MiB.
2026-10-10T15:35:11Z INFO [2100/3046] ccf63816-e224-45d4-8dbb-8a9ddea7c2c5: 17 internal nodes; 0.8 s; peak memory 668 MiB.
2026-10-10T15:35:11Z INFO [2100/3046] ccf63816-e224-45d4-8dbb-8a9ddea7c2c5: checkpointed 145869 new records.
2026-10-10T15:35:12Z INFO [2101/3046] ccf6b0a6-e94a-40f8-81f6-bd6d1fddf0eb: 11 internal nodes; 0.7 s; peak memory 668 MiB.
2026-10-10T15:35:13Z INFO [2102/3046] ccf6c581-e078-41ae-aa47-fbfe3dd06eb7: 17 internal nodes; 1.0 s; peak memory 668 MiB.
2026-10-10T15:35:14Z INFO [2103/3046] ccf73b46-70ec-4ac6-8490-3c4f88939f15: 17 internal nodes; 1.0 s; peak memory 668 MiB.
2026-10-10T15:35:15Z INFO [2104/3046] ccf7d35f-0690-464b-8e30-3e9935692556: 27 internal nodes; 1.2 s; peak memory 668 MiB.
2026-10-10T15:35:28Z INFO [2105/3046] ccf84868-840d-4e69-a228-f7e0785c9b2c: 126 internal nodes; 12.6 s; peak memory 668 MiB.
2026-10-10T15:35:29Z INFO [2106/3046] ccf89fc9-6629-4eb3-89bd-558b0788009b: 27 internal nodes; 1.2 s; peak memory 668 MiB.
2026-10-10T15:35:30Z INFO [2107/3046] ccf9ac97-914e-429a-ac5d-c856c54a1eb9: 27 internal nodes; 1.3 s; peak memory 668 MiB.
2026-10-10T15:35:36Z INFO [2108/3046] ccfa903d-8453-4e2e-aae1-407b9aaacb5d: 100 internal nodes; 6.1 s; peak memory 668 MiB.
2026-10-10T15:35:37Z INFO [2109/3046] ccfaa9e5-3388-4bf7-ae32-5bd72b81762c: 17 internal nodes; 1.0 s; peak memory 668 MiB.
2026-10-10T15:35:39Z INFO [2110/3046] ccfe42ff-4c28-4d43-a84f-efaf4baea640: 63 internal nodes; 1.5 s; peak memory 668 MiB.
2026-10-10T15:35:41Z INFO [2111/3046] ccff676a-9a12-411e-9d55-9102f0736482: 31 internal nodes; 1.5 s; peak memory 668 MiB.
2026-10-10T15:35:42Z INFO [2112/3046] ccffd772-37a2-4861-b6ca-250684f6bca7: 119 internal nodes; 1.3 s; peak memory 668 MiB.
2026-10-10T15:35:52Z INFO [2113/3046] cd013931-8096-48f9-8de4-f28fe24652e5: 64 internal nodes; 9.9 s; peak memory 668 MiB.
2026-10-10T15:36:02Z INFO [2114/3046] cd01532a-f755-46d7-9366-6c6b10f8a940: 134 internal nodes; 10.7 s; peak memory 668 MiB.
2026-10-10T15:36:04Z INFO [2115/3046] cd03af42-9f59-47ae-bbea-4242d828196d: 25 internal nodes; 1.7 s; peak memory 668 MiB.
2026-10-10T15:36:05Z INFO [2116/3046] cd0428ce-56f4-400c-bb4b-c7bfa7c99c39: 17 internal nodes; 1.0 s; peak memory 668 MiB.
2026-10-10T15:36:06Z INFO [2117/3046] cd046df0-c2d8-45ca-b02b-e8a7130bf6d3: 17 internal nodes; 0.9 s; peak memory 668 MiB.
2026-10-10T15:36:10Z INFO [2118/3046] cd04a112-6bcf-437b-b2cd-93c5aa7a15aa: 41 internal nodes; 3.6 s; peak memory 668 MiB.
2026-10-10T15:36:17Z INFO [2119/3046] cd04a7d1-61ab-4dee-9a35-5334e8859009: 218 internal nodes; 7.7 s; peak memory 668 MiB.
2026-10-10T15:36:18Z INFO [2120/3046] cd04a995-acae-4671-acf8-c635d9f6df4e: 19 internal nodes; 0.9 s; peak memory 668 MiB.
2026-10-10T15:36:19Z INFO [2121/3046] cd059aac-6277-416c-b024-d493a6a1e031: 27 internal nodes; 1.2 s; peak memory 668 MiB.
2026-10-10T15:36:21Z INFO [2122/3046] cd05e072-dbc4-4ef1-9c31-46c82d490f0f: 31 internal nodes; 1.1 s; peak memory 668 MiB.
2026-10-10T15:36:22Z INFO [2123/3046] cd06cbbb-222e-4330-8c07-f881da6b817a: 58 internal nodes; 1.5 s; peak memory 668 MiB.
2026-10-10T15:36:23Z INFO [2124/3046] cd077423-e39e-4252-b4c6-4ddd0b51963f: 27 internal nodes; 1.2 s; peak memory 668 MiB.
2026-10-10T15:36:29Z INFO [2125/3046] cd07f2be-9dca-475d-af5c-6406963cda0c: 177 internal nodes; 5.6 s; peak memory 668 MiB.
2026-10-10T15:36:31Z INFO [2126/3046] cd07f5b2-2858-4da6-b2af-a2253c804be3: 41 internal nodes; 1.9 s; peak memory 668 MiB.
2026-10-10T15:36:32Z INFO [2127/3046] cd080bd8-5e80-4e21-a3cb-431837672049: 17 internal nodes; 1.0 s; peak memory 668 MiB.
2026-10-10T15:36:34Z INFO [2128/3046] cd09367f-75c8-4e4f-a2e5-f693c1191298: 45 internal nodes; 2.3 s; peak memory 668 MiB.
2026-10-10T15:36:35Z INFO [2129/3046] cd09ddea-5acf-4dc4-bfc2-109a22168ff3: 19 internal nodes; 1.3 s; peak memory 668 MiB.
2026-10-10T15:36:36Z INFO [2130/3046] cd0a4b21-cab3-4332-bbf7-e206eccef824: 27 internal nodes; 1.2 s; peak memory 668 MiB.
2026-10-10T15:36:38Z INFO [2131/3046] cd0b0b6b-1203-42a4-81cd-b19684e97fe9: 122 internal nodes; 1.9 s; peak memory 668 MiB.
2026-10-10T15:36:40Z INFO [2132/3046] cd0ba612-3ee3-458d-ae6a-6e2853901add: 27 internal nodes; 1.3 s; peak memory 668 MiB.
2026-10-10T15:36:41Z INFO [2133/3046] cd0bbbfe-a2b5-4cf4-9568-f38000d8a6f3: 31 internal nodes; 1.6 s; peak memory 668 MiB.
2026-10-10T15:36:42Z INFO [2134/3046] cd0c4135-c85a-484f-a03b-ef96d69d5ea1: 17 internal nodes; 0.9 s; peak memory 668 MiB.
2026-10-10T15:36:44Z INFO [2135/3046] cd0cfd60-681d-4f8d-ad9f-b516dd14fc58: 95 internal nodes; 1.7 s; peak memory 668 MiB.
2026-10-10T15:36:45Z INFO [2136/3046] cd0e85df-3cc0-4a42-a1c2-df59229bd5e1: 27 internal nodes; 1.3 s; peak memory 668 MiB.
2026-10-10T15:36:52Z INFO [2137/3046] cd0f00da-d22e-45b7-b3f7-245a8ebb1fc4: 170 internal nodes; 6.5 s; peak memory 668 MiB.
2026-10-10T15:36:53Z INFO [2138/3046] cd0f8ecc-43c0-4e44-b54d-4c69e73a0a85: 18 internal nodes; 0.9 s; peak memory 668 MiB.
2026-10-10T15:36:54Z INFO [2139/3046] cd0fa7ef-b9e5-4b92-b979-881fb955857f: 17 internal nodes; 1.0 s; peak memory 668 MiB.
2026-10-10T15:36:58Z INFO [2140/3046] cd0fb18e-383b-439f-889d-b9131e691fdd: 116 internal nodes; 4.9 s; peak memory 668 MiB.
2026-10-10T15:36:59Z INFO [2141/3046] cd0fe1dc-06c4-4583-8228-c79dec7ecf32: 11 internal nodes; 0.8 s; peak memory 668 MiB.
2026-10-10T15:37:01Z INFO [2142/3046] cd104af6-8f36-4521-b196-ca365cf0f954: 30 internal nodes; 1.5 s; peak memory 668 MiB.
2026-10-10T15:37:02Z INFO [2143/3046] cd10d6d4-f8b8-4821-9f3d-14b5ff55c8f5: 17 internal nodes; 1.0 s; peak memory 668 MiB.
2026-10-10T15:37:04Z INFO [2144/3046] cd1222a5-79ef-41a9-9f11-ade4dc082f06: 44 internal nodes; 2.5 s; peak memory 668 MiB.
2026-10-10T15:37:06Z INFO [2145/3046] cd1271a8-22f6-4bc6-831f-836b851c00a4: 27 internal nodes; 1.6 s; peak memory 668 MiB.
2026-10-10T15:37:08Z INFO [2146/3046] cd129916-ce65-4bdb-ab5b-e74e218a058a: 44 internal nodes; 2.6 s; peak memory 668 MiB.
2026-10-10T15:37:09Z INFO [2147/3046] cd12f26d-e771-430e-9005-6e0b450e1cb9: 17 internal nodes; 1.0 s; peak memory 668 MiB.
2026-10-10T15:37:11Z INFO [2148/3046] cd1381e2-0ea0-419e-94b5-d1e0209e9356: 31 internal nodes; 1.5 s; peak memory 668 MiB.
2026-10-10T15:37:51Z INFO [2149/3046] cd139e76-340d-4a41-92f4-b13203321548: 2905 internal nodes; 39.9 s; peak memory 668 MiB.
2026-10-10T15:37:53Z INFO [2150/3046] cd13fd76-8ac0-4303-b310-f535e1f6bceb: 26 internal nodes; 1.8 s; peak memory 668 MiB.
2026-10-10T15:37:53Z INFO [2150/3046] cd13fd76-8ac0-4303-b310-f535e1f6bceb: checkpointed 145919 new records.
2026-10-10T15:37:55Z INFO [2151/3046] cd145ef3-4e1b-42ef-b589-be47052db63d: 31 internal nodes; 1.8 s; peak memory 668 MiB.
2026-10-10T15:37:56Z INFO [2152/3046] cd1491da-630c-464a-a504-be6e5b0cd847: 27 internal nodes; 1.5 s; peak memory 668 MiB.
2026-10-10T15:37:57Z INFO [2153/3046] cd15aa91-f9f8-4377-9616-dace4b0f0449: 17 internal nodes; 1.0 s; peak memory 668 MiB.
2026-10-10T15:37:58Z INFO [2154/3046] cd15b4cf-7111-4548-96bd-857f32e59327: 17 internal nodes; 0.9 s; peak memory 668 MiB.
2026-10-10T15:38:00Z INFO [2155/3046] cd162bd6-58f9-4138-a120-eee077d1dde3: 31 internal nodes; 1.5 s; peak memory 668 MiB.
2026-10-10T15:38:08Z INFO [2156/3046] cd166e9b-9197-4d75-b06d-96d64d2731b4: 70 internal nodes; 8.3 s; peak memory 668 MiB.
2026-10-10T15:38:09Z INFO [2157/3046] cd169b81-2101-4282-bd26-ddc5d0963e28: 17 internal nodes; 0.8 s; peak memory 668 MiB.
2026-10-10T15:38:10Z INFO [2158/3046] cd16b591-c765-408e-aaf9-bd750fdc096e: 19 internal nodes; 1.2 s; peak memory 668 MiB.
2026-10-10T15:38:11Z INFO [2159/3046] cd17a444-0326-42f5-8606-4758168bca68: 27 internal nodes; 1.3 s; peak memory 668 MiB.
2026-10-10T15:38:18Z INFO [2160/3046] cd1876c7-1d0d-4895-884c-9f1398f74c6d: 150 internal nodes; 6.2 s; peak memory 668 MiB.
2026-10-10T15:38:23Z INFO [2161/3046] cd188953-3294-46a3-9e83-0d12a23421c1: 100 internal nodes; 5.7 s; peak memory 668 MiB.
2026-10-10T15:38:27Z INFO [2162/3046] cd192272-10b4-4109-91d8-d6054f49c860: 46 internal nodes; 3.1 s; peak memory 668 MiB.
2026-10-10T15:38:27Z INFO [2163/3046] cd19903a-72b7-49f8-a03e-58b34f9317df: 11 internal nodes; 0.9 s; peak memory 668 MiB.
2026-10-10T15:38:34Z INFO [2164/3046] cd19e8da-62bc-4e7e-b475-ff6b6858e6f0: 147 internal nodes; 6.9 s; peak memory 668 MiB.
2026-10-10T15:38:41Z INFO [2165/3046] cd1a0314-7d93-4359-a66e-a62967a1449f: 46 internal nodes; 6.2 s; peak memory 668 MiB.
2026-10-10T15:38:42Z INFO [2166/3046] cd1a2203-c905-4c9c-bd75-9688c08d4ae5: 27 internal nodes; 1.2 s; peak memory 668 MiB.
2026-10-10T15:38:43Z INFO [2167/3046] cd1aa2cc-75cc-4908-8e9a-38ac860f2b03: 27 internal nodes; 1.4 s; peak memory 668 MiB.
2026-10-10T15:38:45Z INFO [2168/3046] cd1aa75b-694a-4c81-aaec-0676ceb7a7dc: 67 internal nodes; 1.9 s; peak memory 668 MiB.
2026-10-10T15:38:48Z INFO [2169/3046] cd1b4913-8452-4462-a3b0-252f3354c0a8: 46 internal nodes; 3.1 s; peak memory 668 MiB.
2026-10-10T15:38:50Z INFO [2170/3046] cd1cd57f-8f91-405f-a056-a06f0f7d9abf: 27 internal nodes; 1.7 s; peak memory 668 MiB.
2026-10-10T15:38:51Z INFO [2171/3046] cd1d5ee7-d49b-4c7b-b2fd-4a6c59595239: 31 internal nodes; 1.3 s; peak memory 668 MiB.
2026-10-10T15:38:52Z INFO [2172/3046] cd1dab0c-6bdc-4121-b181-7f25b03f4da6: 17 internal nodes; 1.0 s; peak memory 668 MiB.
2026-10-10T15:38:55Z INFO [2173/3046] cd1dcb8e-7d22-4e31-8c63-7010ca322104: 44 internal nodes; 2.8 s; peak memory 668 MiB.
2026-10-10T15:38:56Z INFO [2174/3046] cd1ddea2-2322-4a87-ad14-32100e9b8386: 11 internal nodes; 0.7 s; peak memory 668 MiB.
2026-10-10T15:38:57Z INFO [2175/3046] cd1e88e1-c157-4215-874c-71a34d3ffb57: 27 internal nodes; 1.2 s; peak memory 668 MiB.
2026-10-10T15:38:58Z INFO [2176/3046] cd1f3cc5-b590-46e2-b987-409d91259a8c: 31 internal nodes; 1.5 s; peak memory 668 MiB.
2026-10-10T15:39:04Z INFO [2177/3046] cd1f9975-58df-43d8-8594-753fdd2489de: 120 internal nodes; 6.0 s; peak memory 668 MiB.
2026-10-10T15:39:06Z INFO [2178/3046] cd1fe2c1-ba03-42e6-acf0-439407ae4f05: 91 internal nodes; 1.7 s; peak memory 668 MiB.
2026-10-10T15:39:07Z INFO [2179/3046] cd2011ef-2044-428c-b345-018a7d8fdc7d: 26 internal nodes; 0.7 s; peak memory 668 MiB.
2026-10-10T15:39:08Z INFO [2180/3046] cd202a24-bb69-4cfe-ac01-63338244d8fa: 24 internal nodes; 1.2 s; peak memory 668 MiB.
2026-10-10T15:39:25Z INFO [2181/3046] cd2045ad-fbf0-4293-8702-922c714cd60d: 1979 internal nodes; 16.8 s; peak memory 668 MiB.
2026-10-10T15:39:26Z INFO [2182/3046] cd20ef98-df7b-4a9c-907e-c57fb0f9c823: 17 internal nodes; 1.0 s; peak memory 668 MiB.
2026-10-10T15:39:27Z INFO [2183/3046] cd21145e-e8f8-45b5-942f-af12c75783b2: 25 internal nodes; 1.3 s; peak memory 668 MiB.
2026-10-10T15:39:33Z INFO [2184/3046] cd2140b1-3564-48e0-ab77-a2653b8c90db: 119 internal nodes; 5.5 s; peak memory 668 MiB.
2026-10-10T15:39:35Z INFO [2185/3046] cd220c8b-3571-4646-bed7-ee3a95b05f8c: 33 internal nodes; 2.1 s; peak memory 668 MiB.
2026-10-10T15:39:36Z INFO [2186/3046] cd226c5d-7751-45ab-8fb6-314cae9af691: 17 internal nodes; 1.0 s; peak memory 668 MiB.
2026-10-10T15:39:39Z INFO [2187/3046] cd232dc1-fd14-4f52-8d7a-8efdf229c1bd: 56 internal nodes; 3.3 s; peak memory 668 MiB.
2026-10-10T15:39:47Z INFO [2188/3046] cd233abf-b77d-47a7-af5b-3b19ccbd0175: 191 internal nodes; 7.7 s; peak memory 668 MiB.
2026-10-10T15:39:48Z INFO [2189/3046] cd236e62-a6b9-462b-9ed4-1e20c1b08c43: 55 internal nodes; 1.4 s; peak memory 668 MiB.
2026-10-10T15:39:50Z INFO [2190/3046] cd23d5c4-9d58-4af1-8e95-fa3ab00fa3e5: 44 internal nodes; 2.2 s; peak memory 668 MiB.
2026-10-10T15:39:52Z INFO [2191/3046] cd24653a-155b-467c-9402-fd8e6619948f: 67 internal nodes; 1.8 s; peak memory 668 MiB.
2026-10-10T15:39:54Z INFO [2192/3046] cd246b3c-4cbd-485c-b17d-84eab57e1cf0: 26 internal nodes; 1.7 s; peak memory 668 MiB.
2026-10-10T15:40:30Z INFO [2193/3046] cd249284-8bb7-48c0-b078-20cd818c74b6: 1901 internal nodes; 36.2 s; peak memory 668 MiB.
2026-10-10T15:40:33Z INFO [2194/3046] cd24b287-67ea-43c2-b3cd-4a996e0ccdc7: 44 internal nodes; 2.7 s; peak memory 668 MiB.
2026-10-10T15:40:34Z INFO [2195/3046] cd25cb23-93b1-4836-951f-0460aab696b3: 13 internal nodes; 0.8 s; peak memory 668 MiB.
2026-10-10T15:40:34Z INFO [2196/3046] cd2622ce-d675-443a-8a14-f25f67d6962d: 22 internal nodes; 0.7 s; peak memory 668 MiB.
2026-10-10T15:40:36Z INFO [2197/3046] cd26b8f6-6627-4632-bdea-df3281f25644: 18 internal nodes; 1.2 s; peak memory 668 MiB.
2026-10-10T15:40:38Z INFO [2198/3046] cd2729cb-61cb-4b36-904e-85b3801861f8: 45 internal nodes; 3.0 s; peak memory 668 MiB.
2026-10-10T15:40:40Z INFO [2199/3046] cd273e26-d485-4478-abfa-a876689e82da: 27 internal nodes; 1.3 s; peak memory 668 MiB.
2026-10-10T15:40:47Z INFO [2200/3046] cd27694d-c1e0-43b1-8d0d-1d4034de7f61: 177 internal nodes; 7.5 s; peak memory 668 MiB.
2026-10-10T15:40:48Z INFO [2200/3046] cd27694d-c1e0-43b1-8d0d-1d4034de7f61: checkpointed 145969 new records.
2026-10-10T15:40:49Z INFO [2201/3046] cd277451-7093-4ddc-9367-c9ac4458e7fc: 27 internal nodes; 0.9 s; peak memory 668 MiB.
2026-10-10T15:40:50Z INFO [2202/3046] cd27b792-36e6-489a-a857-23b11cd7e4f1: 17 internal nodes; 1.0 s; peak memory 668 MiB.
2026-10-10T15:41:02Z INFO [2203/3046] cd29659a-1218-45e0-b2db-cf6c72dda9a2: 222 internal nodes; 12.2 s; peak memory 668 MiB.
2026-10-10T15:41:03Z INFO [2204/3046] cd297a7b-7143-45d9-8d94-ff06c6bddd18: 13 internal nodes; 1.1 s; peak memory 668 MiB.
2026-10-10T15:41:04Z INFO [2205/3046] cd2a5062-d4c6-4107-a7f0-74e25db5102d: 31 internal nodes; 1.4 s; peak memory 668 MiB.
2026-10-10T15:41:06Z INFO [2206/3046] cd2a57f7-5ad8-41c9-908e-195bfdd7d738: 31 internal nodes; 1.4 s; peak memory 668 MiB.
2026-10-10T15:41:07Z INFO [2207/3046] cd2a6e31-7062-4e76-8c73-b4dfdd317ec1: 17 internal nodes; 0.9 s; peak memory 668 MiB.
2026-10-10T15:41:08Z INFO [2208/3046] cd2a7e5e-a226-484c-99de-f3719e001b7d: 26 internal nodes; 0.8 s; peak memory 668 MiB.
2026-10-10T15:41:09Z INFO [2209/3046] cd2acc27-c5e1-4c18-b00e-9798bac6036f: 17 internal nodes; 1.0 s; peak memory 668 MiB.
2026-10-10T15:41:15Z INFO [2210/3046] cd2aff2a-6f7a-4149-9fcb-1a5b14ef7998: 160 internal nodes; 6.3 s; peak memory 668 MiB.
2026-10-10T15:41:16Z INFO [2211/3046] cd2b47f5-2ef6-40d9-9b20-381ab96a6752: 27 internal nodes; 1.4 s; peak memory 668 MiB.
2026-10-10T15:41:17Z INFO [2212/3046] cd2b5ad8-d1dc-40a7-8576-cdd4d3a03fd1: 30 internal nodes; 1.2 s; peak memory 668 MiB.
2026-10-10T15:41:19Z INFO [2213/3046] cd2bbfad-5cbc-4726-b005-8e3c34fea203: 27 internal nodes; 1.3 s; peak memory 668 MiB.
2026-10-10T15:41:20Z INFO [2214/3046] cd2bed86-ed0d-4885-a365-1490fe54710e: 31 internal nodes; 1.2 s; peak memory 668 MiB.
2026-10-10T15:41:22Z INFO [2215/3046] cd2cfab6-006c-4868-a722-8c3bcc668728: 69 internal nodes; 1.7 s; peak memory 668 MiB.
2026-10-10T15:41:23Z INFO [2216/3046] cd2d2ca9-9fed-4004-8687-b7a5cd544472: 27 internal nodes; 1.2 s; peak memory 668 MiB.
2026-10-10T15:41:24Z INFO [2217/3046] cd2d6ec8-0318-4698-b1a3-b88b32d543f8: 17 internal nodes; 1.0 s; peak memory 668 MiB.
2026-10-10T15:41:25Z INFO [2218/3046] cd2fdcc7-f688-486f-ba4c-23a5ea2bc01f: 31 internal nodes; 1.4 s; peak memory 668 MiB.
2026-10-10T15:41:29Z INFO [2219/3046] cd301bf5-7196-456c-809a-c140926ef05c: 80 internal nodes; 3.9 s; peak memory 668 MiB.
2026-10-10T15:41:32Z INFO [2220/3046] cd30acd4-1c7c-4681-9a21-3ecf526ab69b: 44 internal nodes; 2.5 s; peak memory 668 MiB.
2026-10-10T15:41:32Z INFO [2221/3046] cd30f8f1-8b85-44d0-aba4-350838c7a23a: 22 internal nodes; 0.7 s; peak memory 668 MiB.
2026-10-10T15:41:43Z INFO [2222/3046] cd321a29-262e-4c91-af01-0bce6693b742: 57 internal nodes; 10.2 s; peak memory 668 MiB.
2026-10-10T15:41:46Z INFO [2223/3046] cd322166-02fe-4a17-b839-e06893e8866a: 56 internal nodes; 3.2 s; peak memory 668 MiB.
2026-10-10T15:41:47Z INFO [2224/3046] cd3381e1-afe8-4ea9-b947-3329d65ecd12: 17 internal nodes; 1.1 s; peak memory 668 MiB.
2026-10-10T15:41:48Z INFO [2225/3046] cd33bff3-5063-4e52-8fa6-6666ac877856: 31 internal nodes; 1.4 s; peak memory 668 MiB.
2026-10-10T15:41:49Z INFO [2226/3046] cd3546d8-1f55-4c7b-b3a7-9e2402c733c4: 27 internal nodes; 1.1 s; peak memory 668 MiB.
2026-10-10T15:41:51Z INFO [2227/3046] cd357b9c-2b6d-48ca-af6a-af1b83a12254: 29 internal nodes; 1.1 s; peak memory 668 MiB.
2026-10-10T15:41:51Z INFO [2228/3046] cd371485-7937-4b55-86a9-691c347a81f3: 17 internal nodes; 0.9 s; peak memory 668 MiB.
2026-10-10T15:41:53Z INFO [2229/3046] cd372262-df7b-40f2-a7ac-3fb98630b29b: 61 internal nodes; 1.5 s; peak memory 668 MiB.
2026-10-10T15:41:54Z INFO [2230/3046] cd37378c-1dc8-4b76-9c54-3d3f5d1a05ac: 27 internal nodes; 1.2 s; peak memory 668 MiB.
2026-10-10T15:41:55Z INFO [2231/3046] cd38a8a4-a5fc-445c-9683-930782cfe23c: 17 internal nodes; 1.0 s; peak memory 668 MiB.
2026-10-10T15:42:01Z INFO [2232/3046] cd39276d-0f5b-4b7f-8a7c-ff74e6f17786: 54 internal nodes; 5.7 s; peak memory 668 MiB.
2026-10-10T15:42:02Z INFO [2233/3046] cd392b46-c320-4ef9-8b87-4c410a593f6a: 31 internal nodes; 1.7 s; peak memory 668 MiB.
2026-10-10T15:42:03Z INFO [2234/3046] cd39450d-a0f8-4ebf-b506-9214b8eb86c1: 11 internal nodes; 0.9 s; peak memory 668 MiB.
2026-10-10T15:42:05Z INFO [2235/3046] cd395f7e-a88f-4bf8-91f3-39dedee58291: 31 internal nodes; 1.6 s; peak memory 668 MiB.
2026-10-10T15:42:06Z INFO [2236/3046] cd396b71-d3fd-41cc-a67f-1a1ed1f73515: 11 internal nodes; 0.8 s; peak memory 668 MiB.
2026-10-10T15:42:08Z INFO [2237/3046] cd396f9e-d423-429e-9c59-67cd1fe4aaa3: 31 internal nodes; 1.9 s; peak memory 668 MiB.
2026-10-10T15:42:10Z INFO [2238/3046] cd3a5248-f564-4c46-9c3e-3144138d9351: 32 internal nodes; 2.6 s; peak memory 668 MiB.
2026-10-10T15:42:16Z INFO [2239/3046] cd3a8719-752a-4f89-85c3-0a832d2fcbc7: 67 internal nodes; 5.7 s; peak memory 668 MiB.
2026-10-10T15:42:17Z INFO [2240/3046] cd3aba1b-21e7-462f-a3b1-b9ffc2d6aba9: 17 internal nodes; 0.9 s; peak memory 668 MiB.
2026-10-10T15:42:18Z INFO [2241/3046] cd3aec31-71b1-4466-bf3f-cad5c9ff19b8: 17 internal nodes; 1.1 s; peak memory 668 MiB.
2026-10-10T15:42:19Z INFO [2242/3046] cd3b6ef3-2cd6-42fd-84c4-a3f4f9976f53: 22 internal nodes; 1.2 s; peak memory 668 MiB.
2026-10-10T15:42:26Z INFO [2243/3046] cd3bd797-604e-45a2-beba-1a5aa0283f84: 141 internal nodes; 7.4 s; peak memory 668 MiB.
2026-10-10T15:42:28Z INFO [2244/3046] cd3c9c77-aa3e-4a3b-98c3-8c5fb6696c22: 31 internal nodes; 1.7 s; peak memory 668 MiB.
2026-10-10T15:42:29Z INFO [2245/3046] cd3d081e-9c36-4525-b28a-81b2f66710c1: 26 internal nodes; 1.1 s; peak memory 668 MiB.
2026-10-10T15:42:30Z INFO [2246/3046] cd3d15eb-0d13-473e-bf5c-4ad3ccc56411: 59 internal nodes; 1.3 s; peak memory 668 MiB.
2026-10-10T15:42:39Z INFO [2247/3046] cd3d2f4e-5a01-431a-8298-9773b0e5a05c: 240 internal nodes; 8.5 s; peak memory 668 MiB.
2026-10-10T15:42:40Z INFO [2248/3046] cd3d8f9f-d35b-4b17-8ec9-adfc1a598ee2: 26 internal nodes; 0.8 s; peak memory 668 MiB.
2026-10-10T15:42:41Z INFO [2249/3046] cd3e6f3a-eea0-456a-9d88-27a6086845ca: 17 internal nodes; 1.0 s; peak memory 668 MiB.
2026-10-10T15:42:42Z INFO [2250/3046] cd3ea2a1-a33f-4ac3-8108-284508d01a7e: 19 internal nodes; 1.7 s; peak memory 668 MiB.
2026-10-10T15:42:43Z INFO [2250/3046] cd3ea2a1-a33f-4ac3-8108-284508d01a7e: checkpointed 146019 new records.
2026-10-10T15:42:44Z INFO [2251/3046] cd3eb514-4128-49d7-95c3-95a8a49e026d: 17 internal nodes; 1.0 s; peak memory 668 MiB.
2026-10-10T15:42:51Z INFO [2252/3046] cd413942-c95b-4b62-aeca-6c0081b66b81: 183 internal nodes; 6.9 s; peak memory 668 MiB.
2026-10-10T15:42:52Z INFO [2253/3046] cd42a8ff-85f0-43b3-a57e-12b03fc03627: 17 internal nodes; 1.0 s; peak memory 668 MiB.
2026-10-10T15:42:53Z INFO [2254/3046] cd42aaf9-ef4c-40b0-8928-56d058d17b24: 17 internal nodes; 1.0 s; peak memory 668 MiB.
2026-10-10T15:42:55Z INFO [2255/3046] cd434b9a-a9e5-408e-9a4a-b54b212a7511: 54 internal nodes; 1.8 s; peak memory 668 MiB.
2026-10-10T15:42:56Z INFO [2256/3046] cd43748b-5c96-4d38-a76e-e53f95872ea6: 31 internal nodes; 1.6 s; peak memory 668 MiB.
2026-10-10T15:42:58Z INFO [2257/3046] cd43daf9-976f-43e2-a96e-a4477432a53c: 29 internal nodes; 1.3 s; peak memory 668 MiB.
2026-10-10T15:42:59Z INFO [2258/3046] cd43ecbf-2b77-4787-8d56-b9e13a82e394: 38 internal nodes; 1.6 s; peak memory 668 MiB.
2026-10-10T15:43:01Z INFO [2259/3046] cd43f050-bfc4-42ee-bf74-a092ae4380be: 59 internal nodes; 2.1 s; peak memory 668 MiB.
2026-10-10T15:43:09Z INFO [2260/3046] cd4596b3-747c-439f-9875-7a23b2bbe741: 177 internal nodes; 7.6 s; peak memory 668 MiB.
2026-10-10T15:43:10Z INFO [2261/3046] cd46f762-cbfa-47e8-bb53-2aa178b2e064: 13 internal nodes; 1.0 s; peak memory 668 MiB.
2026-10-10T15:43:11Z INFO [2262/3046] cd472c38-7a06-48ed-b275-d9139371ed0d: 27 internal nodes; 1.2 s; peak memory 668 MiB.
2026-10-10T15:43:14Z INFO [2263/3046] cd4757dd-8dcf-4f2c-a850-ebb6df1c7b6a: 50 internal nodes; 2.9 s; peak memory 668 MiB.
2026-10-10T15:43:20Z INFO [2264/3046] cd48463d-e456-4562-87a8-c6f0ce763205: 68 internal nodes; 5.8 s; peak memory 668 MiB.
2026-10-10T15:43:23Z INFO [2265/3046] cd485bff-5093-4932-9560-61757bcb6b1d: 46 internal nodes; 3.6 s; peak memory 668 MiB.
2026-10-10T15:43:24Z INFO [2266/3046] cd487429-7c0e-4443-a62b-d2a8e3d771f2: 17 internal nodes; 1.0 s; peak memory 668 MiB.
2026-10-10T15:43:26Z INFO [2267/3046] cd494803-49e9-4977-882a-914817defde7: 18 internal nodes; 1.3 s; peak memory 668 MiB.
2026-10-10T15:43:37Z INFO [2268/3046] cd4ab8f0-a92b-46f3-a4f9-c71e077d3c78: 70 internal nodes; 11.3 s; peak memory 668 MiB.
2026-10-10T15:43:40Z INFO [2269/3046] cd4cac6c-efae-42d1-9414-a0b61dbcb2fd: 42 internal nodes; 3.0 s; peak memory 668 MiB.
2026-10-10T15:43:41Z INFO [2270/3046] cd4cd3dd-f1a4-4c20-8c0a-0a72074ec19c: 17 internal nodes; 1.1 s; peak memory 668 MiB.
2026-10-10T15:43:42Z INFO [2271/3046] cd4ce676-4552-4aa0-8d0d-5d5e5a61b2b2: 27 internal nodes; 1.4 s; peak memory 668 MiB.
2026-10-10T15:43:43Z INFO [2272/3046] cd4d1c5c-f99e-4166-851b-2c345380a3d9: 17 internal nodes; 0.9 s; peak memory 668 MiB.
2026-10-10T15:43:44Z INFO [2273/3046] cd4d56c2-351a-49fd-901b-b2c17eb7c639: 17 internal nodes; 1.0 s; peak memory 668 MiB.
2026-10-10T15:43:46Z INFO [2274/3046] cd4da3f9-a9ff-4aa1-b00b-cb1e6a14925c: 27 internal nodes; 1.4 s; peak memory 668 MiB.
2026-10-10T15:43:47Z INFO [2275/3046] cd4dc7ac-ab72-4a78-85f6-69261611f593: 17 internal nodes; 0.9 s; peak memory 668 MiB.
2026-10-10T15:43:51Z INFO [2276/3046] cd4e69a6-80f2-492d-8163-71518ca2e937: 20 internal nodes; 4.3 s; peak memory 668 MiB.
2026-10-10T15:43:52Z INFO [2277/3046] cd4ecdc4-353c-4828-9c5d-b9f5c863471c: 27 internal nodes; 1.6 s; peak memory 668 MiB.
2026-10-10T15:43:55Z INFO [2278/3046] cd4f0406-5305-4541-b8b0-421b616249cc: 54 internal nodes; 2.3 s; peak memory 668 MiB.
2026-10-10T15:43:56Z INFO [2279/3046] cd4f5a93-48e9-4265-b4d0-386af9b762d0: 17 internal nodes; 1.0 s; peak memory 668 MiB.
2026-10-10T15:43:59Z INFO [2280/3046] cd4fa5a0-623c-42c8-9e80-fb8a10019ebb: 41 internal nodes; 3.4 s; peak memory 668 MiB.
2026-10-10T15:44:01Z INFO [2281/3046] cd50fd3e-a8a1-45fc-81e3-095b6f8d8e6f: 63 internal nodes; 1.6 s; peak memory 668 MiB.
2026-10-10T15:44:02Z INFO [2282/3046] cd51b189-7429-449e-88c5-531748ce1b42: 19 internal nodes; 1.0 s; peak memory 668 MiB.
2026-10-10T15:44:04Z INFO [2283/3046] cd520136-97c9-4f14-8c70-f3071a33f830: 44 internal nodes; 2.1 s; peak memory 668 MiB.
2026-10-10T15:44:05Z INFO [2284/3046] cd525e87-c47d-41f3-af1b-9d785f6cd98b: 31 internal nodes; 1.5 s; peak memory 668 MiB.
2026-10-10T15:44:07Z INFO [2285/3046] cd5260ba-4b0e-45cf-a38a-a8ea8fb27534: 31 internal nodes; 1.6 s; peak memory 668 MiB.
2026-10-10T15:44:08Z INFO [2286/3046] cd5263d1-9c03-4766-bb13-5240bb9832c2: 116 internal nodes; 1.2 s; peak memory 668 MiB.
2026-10-10T15:44:13Z INFO [2287/3046] cd529556-559a-4c4c-83ea-1e9b10bbb0cd: 68 internal nodes; 5.0 s; peak memory 668 MiB.
2026-10-10T15:44:15Z INFO [2288/3046] cd52a60d-6988-4404-9770-667a89404109: 23 internal nodes; 1.4 s; peak memory 668 MiB.
2026-10-10T15:44:18Z INFO [2289/3046] cd53c29e-6aff-41a7-885b-6c327389f2d5: 46 internal nodes; 3.4 s; peak memory 668 MiB.
2026-10-10T15:44:19Z INFO [2290/3046] cd53c3e2-06f6-475f-ae60-583d5208b924: 11 internal nodes; 0.7 s; peak memory 668 MiB.
2026-10-10T15:44:20Z INFO [2291/3046] cd54cbce-3f64-4135-b3a8-5af5935d74e0: 28 internal nodes; 1.1 s; peak memory 668 MiB.
2026-10-10T15:44:23Z INFO [2292/3046] cd558fb9-fc0f-4ffe-89de-311fd0b7a3fe: 41 internal nodes; 2.9 s; peak memory 668 MiB.
2026-10-10T15:44:25Z INFO [2293/3046] cd55a423-6d34-46fa-a796-62902d98d668: 63 internal nodes; 2.2 s; peak memory 668 MiB.
2026-10-10T15:44:27Z INFO [2294/3046] cd55b161-1362-421b-9e3e-ec21692c4a42: 26 internal nodes; 1.8 s; peak memory 668 MiB.
2026-10-10T15:44:29Z INFO [2295/3046] cd55e8ad-f7f5-4a47-a708-a0ebbfe0d6f4: 41 internal nodes; 2.5 s; peak memory 668 MiB.
2026-10-10T15:44:30Z INFO [2296/3046] cd562f38-fe24-408c-8972-cb693924b47f: 17 internal nodes; 1.1 s; peak memory 668 MiB.
2026-10-10T15:44:35Z INFO [2297/3046] cd56a8c6-e191-4696-917f-3195d17bbb1a: 53 internal nodes; 4.2 s; peak memory 668 MiB.
2026-10-10T15:44:36Z INFO [2298/3046] cd56ab6c-2243-46d1-841f-8e0fe3840aab: 39 internal nodes; 1.6 s; peak memory 668 MiB.
2026-10-10T15:44:38Z INFO [2299/3046] cd56cf0c-dcad-4433-8638-688870bb7a04: 27 internal nodes; 1.3 s; peak memory 668 MiB.
2026-10-10T15:44:40Z INFO [2300/3046] cd57b043-0d6f-4ebb-8b32-60c4a920fff3: 66 internal nodes; 2.0 s; peak memory 668 MiB.
2026-10-10T15:44:40Z INFO [2300/3046] cd57b043-0d6f-4ebb-8b32-60c4a920fff3: checkpointed 146069 new records.
2026-10-10T15:44:41Z INFO [2301/3046] cd59db01-c2d0-4edf-91ae-860536ad012e: 11 internal nodes; 0.7 s; peak memory 668 MiB.
2026-10-10T15:44:43Z INFO [2302/3046] cd59fe20-01d0-49b3-971c-a0b93bd98777: 44 internal nodes; 2.1 s; peak memory 668 MiB.
2026-10-10T15:44:44Z INFO [2303/3046] cd5b3915-0099-402e-a2e0-1fcb8a481694: 31 internal nodes; 1.5 s; peak memory 668 MiB.
2026-10-10T15:44:46Z INFO [2304/3046] cd5b6405-85de-4214-be3d-b21241c9012f: 61 internal nodes; 1.5 s; peak memory 668 MiB.
2026-10-10T15:44:47Z INFO [2305/3046] cd5b64db-52be-4259-879e-600cb5bbb853: 27 internal nodes; 1.2 s; peak memory 668 MiB.
2026-10-10T15:44:49Z INFO [2306/3046] cd5cbacb-f827-4d08-9704-6acf59a42057: 29 internal nodes; 1.6 s; peak memory 668 MiB.
2026-10-10T15:44:50Z INFO [2307/3046] cd5dfabe-cad1-497b-9997-5212eda2c6e3: 23 internal nodes; 1.4 s; peak memory 668 MiB.
2026-10-10T15:44:51Z INFO [2308/3046] cd5e3f79-c4ce-4bcd-a2e8-9c178050c4b2: 27 internal nodes; 1.4 s; peak memory 668 MiB.
2026-10-10T15:44:56Z INFO [2309/3046] cd5e9394-99ef-4bd0-9a01-1e6d995b45d1: 68 internal nodes; 4.9 s; peak memory 668 MiB.
2026-10-10T15:44:57Z INFO [2310/3046] cd5e98ba-6d26-460f-9cd7-33a2c2043590: 13 internal nodes; 1.1 s; peak memory 668 MiB.
2026-10-10T15:44:58Z INFO [2311/3046] cd5fc22b-b306-4ef2-bd09-32f5f3c33fd8: 17 internal nodes; 0.9 s; peak memory 668 MiB.
2026-10-10T15:45:00Z INFO [2312/3046] cd5fcddb-34c9-49a2-86ca-c1100382154e: 23 internal nodes; 1.2 s; peak memory 668 MiB.
2026-10-10T15:45:01Z INFO [2313/3046] cd6014d7-e141-41b6-83a6-c01611628090: 58 internal nodes; 1.6 s; peak memory 668 MiB.
2026-10-10T15:45:03Z INFO [2314/3046] cd602d2a-aafa-4bb2-aa76-9f7455c99e09: 42 internal nodes; 2.2 s; peak memory 668 MiB.
2026-10-10T15:45:05Z INFO [2315/3046] cd605141-4e9f-455e-9b5d-3ec8772d2e49: 29 internal nodes; 1.3 s; peak memory 668 MiB.
2026-10-10T15:45:07Z INFO [2316/3046] cd609179-9915-4fac-82b4-d822e6d28e89: 44 internal nodes; 2.6 s; peak memory 668 MiB.
2026-10-10T15:45:09Z INFO [2317/3046] cd60ef00-ae37-48b4-9e6c-d538849dbcc6: 31 internal nodes; 1.7 s; peak memory 668 MiB.
2026-10-10T15:45:10Z INFO [2318/3046] cd630901-4cdf-44b5-9cad-61d6b67cff64: 31 internal nodes; 1.3 s; peak memory 668 MiB.
2026-10-10T15:45:12Z INFO [2319/3046] cd63bac0-e564-4a7b-81fb-c36bfac66c06: 31 internal nodes; 1.7 s; peak memory 668 MiB.
2026-10-10T15:45:18Z INFO [2320/3046] cd64379c-7790-48d7-b9c8-894e2d09f24c: 179 internal nodes; 6.3 s; peak memory 668 MiB.
2026-10-10T15:45:19Z INFO [2321/3046] cd64679d-e18b-44db-acfa-06df56b504da: 27 internal nodes; 0.8 s; peak memory 668 MiB.
2026-10-10T15:45:51Z INFO [2322/3046] cd6478f5-ec30-4f56-a46c-0c67eb7abc83: 1821 internal nodes; 32.0 s; peak memory 668 MiB.
2026-10-10T15:45:52Z INFO [2323/3046] cd6489f6-de27-4a36-a147-9b71fb2d50a2: 6 internal nodes; 0.8 s; peak memory 668 MiB.
2026-10-10T15:45:52Z INFO [2324/3046] cd648b5f-3dfc-4bcb-8b5e-eaf7f39c3b70: 11 internal nodes; 0.7 s; peak memory 668 MiB.
2026-10-10T15:45:53Z INFO [2325/3046] cd660fe9-6b2a-4bf8-84ce-dcadd13eea0f: 17 internal nodes; 0.8 s; peak memory 668 MiB.
2026-10-10T15:45:55Z INFO [2326/3046] cd66ef5a-74a2-49b0-85a7-33be7ad2c62a: 27 internal nodes; 1.4 s; peak memory 668 MiB.
2026-10-10T15:45:56Z INFO [2327/3046] cd67e5e1-21b7-487e-b153-0efcf9bdc8dd: 28 internal nodes; 1.6 s; peak memory 668 MiB.
2026-10-10T15:45:57Z INFO [2328/3046] cd6839b2-77fc-4978-8f18-3fba14b7a47b: 26 internal nodes; 0.9 s; peak memory 668 MiB.
2026-10-10T15:45:59Z INFO [2329/3046] cd68b61d-0378-4f4f-997b-1171f32888f6: 31 internal nodes; 1.7 s; peak memory 668 MiB.
2026-10-10T15:46:07Z INFO [2330/3046] cd6941da-6cd8-461d-a507-ac7de6a381ae: 189 internal nodes; 8.1 s; peak memory 668 MiB.
2026-10-10T15:46:20Z INFO [2331/3046] cd694abe-ee45-48b2-a735-5786ff5bacb9: 376 internal nodes; 12.6 s; peak memory 668 MiB.
2026-10-10T15:46:20Z INFO [2332/3046] cd6a422b-6458-46e5-8b86-3a3e6428aaa1: 26 internal nodes; 0.9 s; peak memory 668 MiB.
2026-10-10T15:46:22Z INFO [2333/3046] cd6a62a0-2834-4132-9a08-144bab153bc9: 17 internal nodes; 1.1 s; peak memory 668 MiB.
2026-10-10T15:46:23Z INFO [2334/3046] cd6a8cc0-2f27-4ee4-a3e7-a242b1eb5d42: 29 internal nodes; 1.6 s; peak memory 668 MiB.
2026-10-10T15:46:24Z INFO [2335/3046] cd6b75b9-0661-4190-a088-ea38e00d01b5: 22 internal nodes; 1.3 s; peak memory 668 MiB.
2026-10-10T15:46:26Z INFO [2336/3046] cd6c0c38-3dbc-4f41-842e-73516903df7c: 31 internal nodes; 1.4 s; peak memory 668 MiB.
2026-10-10T15:46:27Z INFO [2337/3046] cd6c7bd3-c49e-4288-a205-dd24eaa70ab5: 17 internal nodes; 0.9 s; peak memory 668 MiB.
2026-10-10T15:46:28Z INFO [2338/3046] cd6cc136-5b28-4ca0-96fe-32e8f7e4c7c4: 17 internal nodes; 0.7 s; peak memory 668 MiB.
2026-10-10T15:46:29Z INFO [2339/3046] cd6d48c7-16c5-42d8-89f5-efff0f9ef3f3: 53 internal nodes; 1.5 s; peak memory 668 MiB.
2026-10-10T15:46:30Z INFO [2340/3046] cd6de7c4-59e1-4c4b-8e45-6584c03eeecd: 23 internal nodes; 1.1 s; peak memory 668 MiB.
2026-10-10T15:46:31Z INFO [2341/3046] cd6e38c6-4e44-45bc-8902-1b8f307c2571: 17 internal nodes; 1.0 s; peak memory 668 MiB.
2026-10-10T15:46:32Z INFO [2342/3046] cd6e96c8-a5be-4b3a-94a4-6af279f2e097: 17 internal nodes; 0.9 s; peak memory 668 MiB.
2026-10-10T15:46:33Z INFO [2343/3046] cd6ec579-0f62-4ad0-85fe-2278bd1001a3: 19 internal nodes; 1.0 s; peak memory 668 MiB.
2026-10-10T15:46:35Z INFO [2344/3046] cd7058db-8e63-4d42-a42f-74e728c97ae2: 95 internal nodes; 1.4 s; peak memory 668 MiB.
2026-10-10T15:46:35Z INFO [2345/3046] cd7128c2-20f9-4e68-ad0c-62b830d83a7f: 19 internal nodes; 0.8 s; peak memory 668 MiB.
2026-10-10T15:46:37Z INFO [2346/3046] cd71378e-3061-4140-9c70-cb4e1fc68753: 27 internal nodes; 1.2 s; peak memory 668 MiB.
2026-10-10T15:46:38Z INFO [2347/3046] cd7140e6-7ed9-4949-aedf-003196e948bb: 23 internal nodes; 1.0 s; peak memory 668 MiB.
2026-10-10T15:46:39Z INFO [2348/3046] cd714f31-21aa-4858-894d-e0e1409f616e: 61 internal nodes; 1.5 s; peak memory 668 MiB.
2026-10-10T15:46:45Z INFO [2349/3046] cd718db7-0eab-4d49-a0ee-5d2888b48503: 41 internal nodes; 5.5 s; peak memory 668 MiB.
2026-10-10T15:46:48Z INFO [2350/3046] cd71b8e7-8db7-47df-ad35-8142355cf251: 42 internal nodes; 3.1 s; peak memory 668 MiB.
2026-10-10T15:46:48Z INFO [2350/3046] cd71b8e7-8db7-47df-ad35-8142355cf251: checkpointed 146119 new records.
2026-10-10T15:46:49Z INFO [2351/3046] cd723278-4a02-4272-84fc-39d0645e0d47: 22 internal nodes; 0.7 s; peak memory 668 MiB.
2026-10-10T15:46:50Z INFO [2352/3046] cd7318a5-09c2-496b-a028-ff0c26e0b523: 17 internal nodes; 1.0 s; peak memory 668 MiB.
2026-10-10T15:46:51Z INFO [2353/3046] cd738638-2510-4004-8516-bb2262e1f313: 21 internal nodes; 1.4 s; peak memory 668 MiB.
2026-10-10T15:46:53Z INFO [2354/3046] cd741bfc-04b3-472b-9750-b3185c73e9a7: 119 internal nodes; 1.3 s; peak memory 668 MiB.
2026-10-10T15:46:54Z INFO [2355/3046] cd74c1e7-0667-45fa-906a-9e6b244ef706: 29 internal nodes; 1.2 s; peak memory 668 MiB.
2026-10-10T15:46:55Z INFO [2356/3046] cd75222f-ee2f-4b98-b72a-5001883128ec: 17 internal nodes; 1.0 s; peak memory 668 MiB.
2026-10-10T15:46:56Z INFO [2357/3046] cd75b3f5-1bb5-41c8-a5fc-80b7c0af2c52: 31 internal nodes; 1.6 s; peak memory 668 MiB.
2026-10-10T15:46:58Z INFO [2358/3046] cd7795b9-1ae8-4a90-8028-da6c49d9bcc5: 17 internal nodes; 1.3 s; peak memory 668 MiB.
2026-10-10T15:46:59Z INFO [2359/3046] cd78293e-17b7-441a-83de-47285ba1336c: 31 internal nodes; 1.3 s; peak memory 668 MiB.
2026-10-10T15:47:06Z INFO [2360/3046] cd78551e-47ed-4415-b5ef-b46884a26e49: 73 internal nodes; 6.6 s; peak memory 668 MiB.
2026-10-10T15:47:07Z INFO [2361/3046] cd789e5b-864d-4213-9df6-f0ee6247d792: 17 internal nodes; 1.0 s; peak memory 668 MiB.
2026-10-10T15:47:08Z INFO [2362/3046] cd795f77-e7af-4a62-8fc3-3ee37573fbfc: 27 internal nodes; 1.3 s; peak memory 668 MiB.
2026-10-10T15:47:10Z INFO [2363/3046] cd79906a-ae9f-4b7f-928c-48986caa489e: 31 internal nodes; 1.7 s; peak memory 668 MiB.
2026-10-10T15:47:15Z INFO [2364/3046] cd7afc9d-8ddf-464a-8d9e-bab16fd50faa: 67 internal nodes; 5.7 s; peak memory 668 MiB.
2026-10-10T15:47:17Z INFO [2365/3046] cd7b6eaa-d944-4ea6-bad8-b37c645f2944: 31 internal nodes; 1.8 s; peak memory 668 MiB.
2026-10-10T15:47:18Z INFO [2366/3046] cd7c1a8e-3d19-4685-b903-d3a9272329a8: 19 internal nodes; 1.1 s; peak memory 668 MiB.
2026-10-10T15:47:19Z INFO [2367/3046] cd7c4655-4297-4027-b046-c34a75934795: 19 internal nodes; 1.0 s; peak memory 668 MiB.
2026-10-10T15:47:20Z INFO [2368/3046] cd7e50be-4569-494b-aba9-068cacd3e2d1: 18 internal nodes; 1.1 s; peak memory 668 MiB.
2026-10-10T15:47:22Z INFO [2369/3046] cd7e6ecd-f27a-4b89-ba9c-caa765e0f44f: 122 internal nodes; 1.8 s; peak memory 668 MiB.
2026-10-10T15:47:24Z INFO [2370/3046] cd7e91d2-dda0-411f-8077-f1650fcbd417: 29 internal nodes; 1.7 s; peak memory 668 MiB.
2026-10-10T15:47:26Z INFO [2371/3046] cd7e9887-07fb-4a8c-b79b-40280089ff8f: 25 internal nodes; 2.0 s; peak memory 668 MiB.
2026-10-10T15:47:27Z INFO [2372/3046] cd7ee1d9-e573-4c66-8f10-07fd2114eda1: 17 internal nodes; 0.9 s; peak memory 668 MiB.
2026-10-10T15:47:28Z INFO [2373/3046] cd7f1bc5-4afc-4522-9840-86385d2d6044: 17 internal nodes; 0.9 s; peak memory 668 MiB.
2026-10-10T15:47:30Z INFO [2374/3046] cd7f697f-1afc-4be6-af1a-79810cb9123f: 31 internal nodes; 1.6 s; peak memory 668 MiB.
2026-10-10T15:47:31Z INFO [2375/3046] cd7fe1fe-2b99-43eb-a618-0dec9e5ee64f: 13 internal nodes; 1.0 s; peak memory 668 MiB.
2026-10-10T15:47:32Z INFO [2376/3046] cd803d71-b9a7-4cd6-8027-e4aed674c317: 13 internal nodes; 1.1 s; peak memory 668 MiB.
2026-10-10T15:47:33Z INFO [2377/3046] cd809386-b7a7-4a7e-a694-6c1f8b08a82a: 17 internal nodes; 1.1 s; peak memory 668 MiB.
2026-10-10T15:47:35Z INFO [2378/3046] cd80b8e5-40b1-4297-a4fa-3544dee68476: 18 internal nodes; 2.2 s; peak memory 668 MiB.
2026-10-10T15:47:36Z INFO [2379/3046] cd81a3b4-cb83-439a-b353-d09ee7197cdc: 29 internal nodes; 1.6 s; peak memory 668 MiB.
2026-10-10T15:47:38Z INFO [2380/3046] cd81d7e9-2e76-4cb0-a886-3c76991cb8eb: 29 internal nodes; 1.1 s; peak memory 668 MiB.
2026-10-10T15:47:39Z INFO [2381/3046] cd826fb5-8e24-4322-8b61-a551b9e2212f: 17 internal nodes; 1.0 s; peak memory 668 MiB.
2026-10-10T15:47:40Z INFO [2382/3046] cd83d5ab-2432-48a1-980b-2a8e65151a22: 27 internal nodes; 1.1 s; peak memory 668 MiB.
2026-10-10T15:47:46Z INFO [2383/3046] cd844d79-52cb-4d31-ba8a-35f6b16e1493: 118 internal nodes; 6.4 s; peak memory 668 MiB.
2026-10-10T15:47:47Z INFO [2384/3046] cd874bbc-db36-4742-8982-e798b2d044ac: 29 internal nodes; 1.1 s; peak memory 668 MiB.
2026-10-10T15:47:48Z INFO [2385/3046] cd875a41-dbb6-4e16-b87c-0cead43b73cf: 17 internal nodes; 1.0 s; peak memory 668 MiB.
2026-10-10T15:47:49Z INFO [2386/3046] cd87d538-4a04-4a10-a3a2-573a04257813: 20 internal nodes; 0.8 s; peak memory 668 MiB.
2026-10-10T15:47:50Z INFO [2387/3046] cd898764-cf64-48f5-826f-0af7806b3f79: 11 internal nodes; 0.9 s; peak memory 668 MiB.
2026-10-10T15:47:54Z INFO [2388/3046] cd89b414-5980-413b-a8be-a430d4117db6: 57 internal nodes; 4.1 s; peak memory 668 MiB.
2026-10-10T15:48:00Z INFO [2389/3046] cd89c0be-02d9-4387-bf70-756810d260fa: 73 internal nodes; 5.8 s; peak memory 668 MiB.
2026-10-10T15:48:01Z INFO [2390/3046] cd8b2c03-3d5c-4a02-b916-5090fc47184d: 17 internal nodes; 0.9 s; peak memory 668 MiB.
2026-10-10T15:48:02Z INFO [2391/3046] cd8bb09f-e69b-4fea-a90f-56544fcc6690: 116 internal nodes; 1.4 s; peak memory 668 MiB.
2026-10-10T15:48:03Z INFO [2392/3046] cd8d4be8-168a-4faf-a5a5-83a8b80f494c: 31 internal nodes; 1.5 s; peak memory 668 MiB.
2026-10-10T15:48:05Z INFO [2393/3046] cd8db27d-20e8-4f93-88d6-f846d6e02674: 17 internal nodes; 1.2 s; peak memory 668 MiB.
2026-10-10T15:48:05Z INFO [2394/3046] cd8dc996-851b-4296-9272-8f0d1fc53669: 11 internal nodes; 0.7 s; peak memory 668 MiB.
2026-10-10T15:48:11Z INFO [2395/3046] cd8ec4f5-b015-4073-8711-3cee7a9eb39a: 70 internal nodes; 5.9 s; peak memory 668 MiB.
2026-10-10T15:48:12Z INFO [2396/3046] cd8f87f9-0967-49cb-8446-1efa65240890: 13 internal nodes; 1.1 s; peak memory 668 MiB.
2026-10-10T15:48:14Z INFO [2397/3046] cd8fe702-93d1-46a7-9018-d94849710f14: 27 internal nodes; 1.4 s; peak memory 668 MiB.
2026-10-10T15:48:15Z INFO [2398/3046] cd8ff411-850c-40ec-8aa8-78f2e6c07d3c: 27 internal nodes; 1.1 s; peak memory 668 MiB.
2026-10-10T15:48:18Z INFO [2399/3046] cd9085d8-c6c9-498b-8076-bb2383e285a7: 43 internal nodes; 3.1 s; peak memory 668 MiB.
2026-10-10T15:48:26Z INFO [2400/3046] cd90d4e5-2819-4ebe-92eb-d42be321ed71: 171 internal nodes; 7.8 s; peak memory 668 MiB.
2026-10-10T15:48:26Z INFO [2400/3046] cd90d4e5-2819-4ebe-92eb-d42be321ed71: checkpointed 146169 new records.
2026-10-10T15:48:28Z INFO [2401/3046] cd920f06-6912-41bc-9c6a-92190db98544: 95 internal nodes; 1.8 s; peak memory 668 MiB.
2026-10-10T15:48:30Z INFO [2402/3046] cd92cde8-ee83-4a0c-86be-b03e06729152: 31 internal nodes; 1.8 s; peak memory 668 MiB.
2026-10-10T15:48:31Z INFO [2403/3046] cd935323-03f8-4878-a85d-a25590c821f0: 27 internal nodes; 1.2 s; peak memory 668 MiB.
2026-10-10T15:48:32Z INFO [2404/3046] cd936d17-c050-4f3b-9ae2-672408ed7fb0: 27 internal nodes; 1.4 s; peak memory 668 MiB.
2026-10-10T15:48:35Z INFO [2405/3046] cd938294-7d62-4979-a61d-8bfb88a8e764: 44 internal nodes; 2.7 s; peak memory 668 MiB.
2026-10-10T15:48:38Z INFO [2406/3046] cd940625-a960-4b33-a07a-aff99b47eabe: 44 internal nodes; 2.9 s; peak memory 668 MiB.
2026-10-10T15:48:40Z INFO [2407/3046] cd94913d-1e7f-46f4-b75a-d25891b5bec7: 44 internal nodes; 2.6 s; peak memory 668 MiB.
2026-10-10T15:48:42Z INFO [2408/3046] cd952e91-021d-4d04-af84-4552bca100dd: 13 internal nodes; 1.0 s; peak memory 668 MiB.
2026-10-10T15:48:43Z INFO [2409/3046] cd9545a0-3f43-421a-a47e-e14cec93317f: 38 internal nodes; 1.5 s; peak memory 668 MiB.
2026-10-10T15:48:44Z INFO [2410/3046] cd95a0ca-3008-46d6-81f1-460d1e38af5e: 27 internal nodes; 1.1 s; peak memory 668 MiB.
2026-10-10T15:48:45Z INFO [2411/3046] cd95acbf-5e75-49fc-b1c0-bc6fdb8b1921: 59 internal nodes; 1.3 s; peak memory 668 MiB.
2026-10-10T15:48:47Z INFO [2412/3046] cd960535-bf3d-44db-a7a3-fd353f932435: 60 internal nodes; 1.5 s; peak memory 668 MiB.
2026-10-10T15:48:49Z INFO [2413/3046] cd979d37-66e1-4f42-a51d-79d4d2c8b1b1: 38 internal nodes; 1.5 s; peak memory 668 MiB.
2026-10-10T15:48:50Z INFO [2414/3046] cd97f3fa-c5de-4dd0-9143-6655836db46c: 17 internal nodes; 1.0 s; peak memory 668 MiB.
2026-10-10T15:48:53Z INFO [2415/3046] cd97ffbb-7041-48fa-8e8e-1d52d0d584be: 57 internal nodes; 4.0 s; peak memory 668 MiB.
2026-10-10T15:48:55Z INFO [2416/3046] cd98fd95-2cfe-4cd4-98ff-6e43838b74ba: 26 internal nodes; 1.6 s; peak memory 668 MiB.
2026-10-10T15:48:58Z INFO [2417/3046] cd990f52-0ce7-4cfc-942c-ec3513724173: 44 internal nodes; 2.4 s; peak memory 668 MiB.
2026-10-10T15:49:05Z INFO [2418/3046] cd99fb28-06ac-4cb4-8c1f-1b4ce307dd26: 175 internal nodes; 7.7 s; peak memory 668 MiB.
2026-10-10T15:49:07Z INFO [2419/3046] cd9a16f6-7126-401e-b1b6-90e491e589f5: 30 internal nodes; 1.5 s; peak memory 668 MiB.
2026-10-10T15:49:08Z INFO [2420/3046] cd9ad0c7-88e7-4aa3-85a2-c22e80dd8df0: 27 internal nodes; 1.2 s; peak memory 668 MiB.
2026-10-10T15:49:09Z INFO [2421/3046] cd9bf6aa-c5c2-4387-ae94-78a8f73a36f6: 17 internal nodes; 0.9 s; peak memory 668 MiB.
2026-10-10T15:49:10Z INFO [2422/3046] cd9ce9b1-d97e-4438-821b-c0d6753f48ee: 17 internal nodes; 1.0 s; peak memory 668 MiB.
2026-10-10T15:49:21Z INFO [2423/3046] cd9d267a-2279-4c07-b81f-e5d67bc016fd: 70 internal nodes; 11.0 s; peak memory 668 MiB.
2026-10-10T15:49:29Z INFO [2424/3046] cd9d5b75-455a-435f-9609-a06e39177635: 169 internal nodes; 7.8 s; peak memory 668 MiB.
2026-10-10T15:49:30Z INFO [2425/3046] cd9d621c-ae6d-4340-95dd-5122a5785397: 27 internal nodes; 1.3 s; peak memory 668 MiB.
2026-10-10T15:49:31Z INFO [2426/3046] cd9de3c6-4b1e-414d-8dca-591cc07d8f72: 27 internal nodes; 1.3 s; peak memory 668 MiB.
2026-10-10T15:49:32Z INFO [2427/3046] cd9eb5ab-4698-42dc-ab11-05f8891541ce: 17 internal nodes; 0.8 s; peak memory 668 MiB.
2026-10-10T15:49:33Z INFO [2428/3046] cda03a91-803c-411c-9d04-64800eaea40a: 17 internal nodes; 1.0 s; peak memory 668 MiB.
2026-10-10T15:49:35Z INFO [2429/3046] cda0f459-571e-49eb-8cb4-8d1bb9f76365: 37 internal nodes; 1.7 s; peak memory 668 MiB.
2026-10-10T15:49:36Z INFO [2430/3046] cda11427-9942-4dd4-bf3c-ab33e0db523b: 27 internal nodes; 1.2 s; peak memory 668 MiB.
2026-10-10T15:49:37Z INFO [2431/3046] cda1dfe8-57fa-4eec-a7bc-672cd6f434a3: 27 internal nodes; 1.4 s; peak memory 668 MiB.
2026-10-10T15:49:38Z INFO [2432/3046] cda20d32-5102-4867-a3e4-be120404ffa3: 15 internal nodes; 1.0 s; peak memory 668 MiB.
2026-10-10T15:49:40Z INFO [2433/3046] cda22e2c-928a-4e73-bf88-e5836ee6635c: 27 internal nodes; 1.2 s; peak memory 668 MiB.
2026-10-10T15:49:41Z INFO [2434/3046] cda26dcb-17dd-4e5d-9841-1599c6f79309: 30 internal nodes; 1.4 s; peak memory 668 MiB.
2026-10-10T15:49:42Z INFO [2435/3046] cda2b8f8-2149-4b0c-b2ad-a381d65151b5: 21 internal nodes; 1.3 s; peak memory 668 MiB.
2026-10-10T15:49:43Z INFO [2436/3046] cda51240-15cf-4b10-ae0b-119f9225bd9f: 19 internal nodes; 1.1 s; peak memory 668 MiB.
2026-10-10T15:49:45Z INFO [2437/3046] cda59e7a-b4d2-4aa9-a927-8fd6ec82d905: 27 internal nodes; 1.2 s; peak memory 668 MiB.
2026-10-10T15:49:46Z INFO [2438/3046] cda5c136-b994-486d-8e4b-0437543f76d8: 27 internal nodes; 1.3 s; peak memory 668 MiB.
2026-10-10T15:49:47Z INFO [2439/3046] cda656d3-f25d-484b-afe6-dc9899ea2b3d: 29 internal nodes; 1.3 s; peak memory 668 MiB.
2026-10-10T15:49:50Z INFO [2440/3046] cda7b6cc-4a1e-4f63-809a-256212ba9e21: 44 internal nodes; 2.5 s; peak memory 668 MiB.
2026-10-10T15:49:51Z INFO [2441/3046] cda7c42d-bdc4-4bc4-88b5-96feab152fbf: 11 internal nodes; 0.9 s; peak memory 668 MiB.
2026-10-10T15:49:52Z INFO [2442/3046] cda7ca97-c957-44be-877e-23fbd3f3e29d: 17 internal nodes; 1.0 s; peak memory 668 MiB.
2026-10-10T15:49:53Z INFO [2443/3046] cda86c57-2513-4435-be6c-ceafcecc8bfe: 31 internal nodes; 1.7 s; peak memory 668 MiB.
2026-10-10T15:49:54Z INFO [2444/3046] cda8f70f-5097-4b8a-8723-df18122d00c9: 29 internal nodes; 1.2 s; peak memory 668 MiB.
2026-10-10T15:49:56Z INFO [2445/3046] cdaa178f-ee81-422f-907b-55714316fd73: 29 internal nodes; 1.3 s; peak memory 668 MiB.
2026-10-10T15:49:58Z INFO [2446/3046] cdaad64b-4b7f-4d60-9d23-c043bf99b039: 122 internal nodes; 1.8 s; peak memory 668 MiB.
2026-10-10T15:49:59Z INFO [2447/3046] cdab4fe8-a7f1-4a2d-a065-6cccb11afe6c: 17 internal nodes; 1.0 s; peak memory 668 MiB.
2026-10-10T15:50:00Z INFO [2448/3046] cdab81ae-7c19-4f4c-8a7a-535280e92440: 27 internal nodes; 1.3 s; peak memory 668 MiB.
2026-10-10T15:50:02Z INFO [2449/3046] cdabb49f-b564-4528-8db9-0c59e3192524: 31 internal nodes; 2.0 s; peak memory 668 MiB.
2026-10-10T15:50:03Z INFO [2450/3046] cdabed58-1b42-4dc0-85c1-29a3f105f0d9: 17 internal nodes; 0.9 s; peak memory 668 MiB.
2026-10-10T15:50:03Z INFO [2450/3046] cdabed58-1b42-4dc0-85c1-29a3f105f0d9: checkpointed 146219 new records.
2026-10-10T15:50:10Z INFO [2451/3046] cdac0548-e897-41a9-8e1e-d9a1ed04750d: 47 internal nodes; 6.8 s; peak memory 668 MiB.
2026-10-10T15:50:11Z INFO [2452/3046] cdac456a-3859-408e-b42c-4a686d541ce4: 17 internal nodes; 0.9 s; peak memory 668 MiB.
2026-10-10T15:50:13Z INFO [2453/3046] cdac5599-d7d6-4940-951b-33cc718a4650: 54 internal nodes; 1.7 s; peak memory 668 MiB.
2026-10-10T15:50:14Z INFO [2454/3046] cdac6d01-41e1-4a1e-996e-859e5ec2eb50: 116 internal nodes; 1.3 s; peak memory 668 MiB.
2026-10-10T15:50:16Z INFO [2455/3046] cdad572a-e1b9-4615-8bed-a5678873c433: 67 internal nodes; 1.7 s; peak memory 668 MiB.
2026-10-10T15:50:17Z INFO [2456/3046] cdadc385-e11d-4a8a-82a2-eb0e0f26eddf: 17 internal nodes; 1.0 s; peak memory 668 MiB.
2026-10-10T15:50:26Z INFO [2457/3046] cdade2f9-6583-4e20-8407-aa1e874c76b4: 250 internal nodes; 8.8 s; peak memory 668 MiB.
2026-10-10T15:50:27Z INFO [2458/3046] cdae023c-4217-4e70-b3ff-2d83e179e04e: 27 internal nodes; 1.3 s; peak memory 668 MiB.
2026-10-10T15:50:30Z INFO [2459/3046] cdae5eda-06d6-4c7b-b0ab-a3638d8ef333: 44 internal nodes; 2.7 s; peak memory 668 MiB.
2026-10-10T15:50:39Z INFO [2460/3046] cdaf37dd-2eff-4d0e-bc82-6032a002790b: 199 internal nodes; 9.3 s; peak memory 668 MiB.
2026-10-10T15:50:41Z INFO [2461/3046] cdaf9937-8d65-47a9-9bab-4deff3b4352a: 31 internal nodes; 1.7 s; peak memory 668 MiB.
2026-10-10T15:50:41Z INFO [2462/3046] cdafac1c-34be-417b-be5e-97feaf5ec32b: 21 internal nodes; 0.7 s; peak memory 668 MiB.
2026-10-10T15:50:44Z INFO [2463/3046] cdafb6b0-2dd0-4615-ac98-107c4d8c90d9: 44 internal nodes; 2.5 s; peak memory 668 MiB.
2026-10-10T15:50:46Z INFO [2464/3046] cdb076f3-7f0d-40f5-94c1-0bda875d3031: 34 internal nodes; 1.8 s; peak memory 668 MiB.
2026-10-10T15:50:46Z INFO [2465/3046] cdb0f78f-e524-4001-aa0c-1316bed014fa: 11 internal nodes; 0.8 s; peak memory 668 MiB.
2026-10-10T15:50:47Z INFO [2466/3046] cdb19685-4122-49ec-8928-6a7890695b34: 11 internal nodes; 0.9 s; peak memory 668 MiB.
2026-10-10T15:50:48Z INFO [2467/3046] cdb1ab20-bf01-429e-94e3-fa9baee6cac1: 31 internal nodes; 1.1 s; peak memory 668 MiB.
2026-10-10T15:50:51Z INFO [2468/3046] cdb20441-951b-41a1-8bf8-5c789e491cb9: 21 internal nodes; 2.1 s; peak memory 668 MiB.
2026-10-10T15:50:52Z INFO [2469/3046] cdb210cf-4d1d-4012-9971-b9b0324f53b6: 31 internal nodes; 1.7 s; peak memory 668 MiB.
2026-10-10T15:50:53Z INFO [2470/3046] cdb2c27d-79e2-411d-b97d-5c6a7a9c5b46: 11 internal nodes; 0.8 s; peak memory 668 MiB.
2026-10-10T15:50:55Z INFO [2471/3046] cdb2df94-907f-4b1d-a8b2-5e50d9f10a77: 67 internal nodes; 1.7 s; peak memory 668 MiB.
2026-10-10T15:50:58Z INFO [2472/3046] cdb3e825-b012-4109-bab3-15a2bacf3c34: 50 internal nodes; 3.0 s; peak memory 668 MiB.
2026-10-10T15:50:59Z INFO [2473/3046] cdb475c1-7df8-4187-8a8d-f8218fb9c74b: 31 internal nodes; 1.5 s; peak memory 668 MiB.
2026-10-10T15:51:10Z INFO [2474/3046] cdb54509-fe6a-4321-99e1-38bc2ba2a724: 273 internal nodes; 11.0 s; peak memory 668 MiB.
2026-10-10T15:51:18Z INFO [2475/3046] cdb55d6e-80c0-4712-b8dd-ff9554b55724: 142 internal nodes; 8.1 s; peak memory 668 MiB.
2026-10-10T15:51:27Z INFO [2476/3046] cdb5d2f1-2577-4279-a8a0-b8cab5236bda: 153 internal nodes; 8.8 s; peak memory 668 MiB.
2026-10-10T15:51:28Z INFO [2477/3046] cdb60bd3-3f0f-4bbd-ab0b-fd64b65887fa: 27 internal nodes; 1.2 s; peak memory 668 MiB.
2026-10-10T15:51:30Z INFO [2478/3046] cdb648e0-2091-484c-94e3-bae36ffb1339: 61 internal nodes; 1.5 s; peak memory 668 MiB.
2026-10-10T15:51:31Z INFO [2479/3046] cdb853aa-d9e0-4f32-b16c-41e49ec5dd6d: 55 internal nodes; 1.7 s; peak memory 668 MiB.
2026-10-10T15:51:44Z INFO [2480/3046] cdb94882-67f4-42ce-b5ac-caab65b604a2: 2946 internal nodes; 13.0 s; peak memory 668 MiB.
2026-10-10T15:51:45Z INFO [2481/3046] cdb991ed-a081-4237-95bb-11effff0f953: 26 internal nodes; 0.9 s; peak memory 668 MiB.
2026-10-10T15:51:52Z INFO [2482/3046] cdb9b178-fcca-4eee-abf1-9754e71fe417: 177 internal nodes; 7.1 s; peak memory 668 MiB.
2026-10-10T15:51:53Z INFO [2483/3046] cdb9e5fc-c8ba-42b6-87a5-0dfa5f754578: 17 internal nodes; 1.0 s; peak memory 668 MiB.
2026-10-10T15:51:54Z INFO [2484/3046] cdba34f7-95fb-49a5-8eb3-edc3e9b4fb2d: 20 internal nodes; 0.8 s; peak memory 668 MiB.
2026-10-10T15:51:57Z INFO [2485/3046] cdbab023-7ff4-4da9-82a6-00974b8d3199: 42 internal nodes; 3.0 s; peak memory 668 MiB.
2026-10-10T15:51:59Z INFO [2486/3046] cdbb2188-dc4c-4a73-80c9-07a02e9d8018: 59 internal nodes; 1.8 s; peak memory 668 MiB.
2026-10-10T15:52:00Z INFO [2487/3046] cdbb9c5c-70e6-4804-a8f4-e8ca822f5781: 31 internal nodes; 1.4 s; peak memory 668 MiB.
2026-10-10T15:52:03Z INFO [2488/3046] cdbdc12c-9966-4b51-93a8-594a136cc7f0: 44 internal nodes; 2.7 s; peak memory 668 MiB.
2026-10-10T15:52:06Z INFO [2489/3046] cdbe1af9-68a9-4cfb-862f-34d7d1e3a186: 39 internal nodes; 2.8 s; peak memory 668 MiB.
2026-10-10T15:52:16Z INFO [2490/3046] cdbe3e6f-35c7-4813-af84-79ff95741ca4: 85 internal nodes; 10.1 s; peak memory 668 MiB.
2026-10-10T15:52:17Z INFO [2491/3046] cdbe76a9-aa66-4ab2-9c6e-69da1a8d4b16: 27 internal nodes; 1.3 s; peak memory 668 MiB.
2026-10-10T15:52:19Z INFO [2492/3046] cdbf3152-30c5-47b0-b03f-eafef89235a7: 27 internal nodes; 1.5 s; peak memory 668 MiB.
2026-10-10T15:52:20Z INFO [2493/3046] cdbf7938-2f8c-43c0-9b64-a20eca574402: 27 internal nodes; 1.4 s; peak memory 668 MiB.
2026-10-10T15:52:21Z INFO [2494/3046] cdc090e1-a83f-4b8f-a585-5eef5e41005b: 13 internal nodes; 0.9 s; peak memory 668 MiB.
2026-10-10T15:52:23Z INFO [2495/3046] cdc0cbf1-9c8c-423c-87a7-657c41009472: 31 internal nodes; 1.7 s; peak memory 668 MiB.
2026-10-10T15:52:34Z INFO [2496/3046] cdc1559d-a45d-4c86-915c-eff054fe99f5: 70 internal nodes; 11.1 s; peak memory 668 MiB.
2026-10-10T15:52:35Z INFO [2497/3046] cdc2036b-c1f9-477f-9c9c-f7df154ade4e: 25 internal nodes; 0.8 s; peak memory 668 MiB.
2026-10-10T15:52:38Z INFO [2498/3046] cdc27faa-e221-4aa2-850e-29a6bc2c98be: 41 internal nodes; 3.7 s; peak memory 668 MiB.
2026-10-10T15:52:39Z INFO [2499/3046] cdc29a36-9abf-46a6-a40c-e8c4200fefc4: 26 internal nodes; 1.0 s; peak memory 668 MiB.
2026-10-10T15:52:41Z INFO [2500/3046] cdc313b7-4b13-4f39-8649-06348225a6e7: 27 internal nodes; 1.3 s; peak memory 668 MiB.
2026-10-10T15:52:41Z INFO [2500/3046] cdc313b7-4b13-4f39-8649-06348225a6e7: checkpointed 146269 new records.
2026-10-10T15:52:42Z INFO [2501/3046] cdc33e26-bc10-42d6-9fc5-7510dcda07c9: 13 internal nodes; 0.8 s; peak memory 668 MiB.
2026-10-10T15:52:43Z INFO [2502/3046] cdc3ce00-7f42-418c-8cd8-8c0672864b33: 25 internal nodes; 1.5 s; peak memory 668 MiB.
2026-10-10T15:52:45Z INFO [2503/3046] cdc43bac-37cf-42c8-9dd0-9deb80c62051: 27 internal nodes; 1.3 s; peak memory 668 MiB.
2026-10-10T15:52:46Z INFO [2504/3046] cdc49095-ef12-4f84-924e-1cabfd19dd75: 27 internal nodes; 1.2 s; peak memory 668 MiB.
2026-10-10T15:53:42Z INFO [2505/3046] cdc4a0cb-3cac-4d5d-83ea-99a69770d72d: 106 internal nodes; 55.8 s; peak memory 668 MiB.
2026-10-10T15:53:43Z INFO [2506/3046] cdc4efae-a58e-4f8a-b85c-db2102229aa4: 13 internal nodes; 0.8 s; peak memory 668 MiB.
2026-10-10T15:53:44Z INFO [2507/3046] cdc5d50e-4898-49c2-8940-5763fbfcc771: 17 internal nodes; 1.0 s; peak memory 668 MiB.
2026-10-10T15:53:45Z INFO [2508/3046] cdc6e036-4d09-4aa3-a8d6-5e6f919e8acc: 27 internal nodes; 0.9 s; peak memory 668 MiB.
2026-10-10T15:53:46Z INFO [2509/3046] cdc6e1f2-00be-4c8e-9930-51d327d326b2: 27 internal nodes; 1.4 s; peak memory 668 MiB.
2026-10-10T15:53:57Z INFO [2510/3046] cdc7db97-fa4d-4481-9829-2ab8f381e38b: 315 internal nodes; 11.1 s; peak memory 668 MiB.
2026-10-10T15:54:09Z INFO [2511/3046] cdc7f825-6737-41f6-829b-389fb6881168: 997 internal nodes; 11.7 s; peak memory 668 MiB.
2026-10-10T15:54:10Z INFO [2512/3046] cdc85b6d-b872-48a2-a915-01cbd2055222: 17 internal nodes; 1.0 s; peak memory 668 MiB.
2026-10-10T15:54:11Z INFO [2513/3046] cdc885e7-5f01-4a26-9a54-50c7742ab03a: 13 internal nodes; 1.1 s; peak memory 668 MiB.
2026-10-10T15:54:12Z INFO [2514/3046] cdc94078-327f-4ad2-8226-e167f2231121: 17 internal nodes; 0.9 s; peak memory 668 MiB.
2026-10-10T15:54:14Z INFO [2515/3046] cdc9805a-83b4-44ad-a30e-05edbd946a9e: 44 internal nodes; 2.5 s; peak memory 668 MiB.
2026-10-10T15:54:16Z INFO [2516/3046] cdc9c0a8-db1f-4ddc-bc0d-c32d8ea64dd1: 29 internal nodes; 2.0 s; peak memory 668 MiB.
2026-10-10T15:54:17Z INFO [2517/3046] cdc9decd-000e-41f9-a6ec-90957accf922: 17 internal nodes; 1.1 s; peak memory 668 MiB.
2026-10-10T15:54:18Z INFO [2518/3046] cdca1107-e5f3-49b9-81a6-f27ede3173ab: 18 internal nodes; 1.2 s; peak memory 668 MiB.
2026-10-10T15:54:28Z INFO [2519/3046] cdcb18dd-8062-459d-a77c-f904f5ead7d4: 187 internal nodes; 9.6 s; peak memory 668 MiB.
2026-10-10T15:54:30Z INFO [2520/3046] cdcb3b67-545e-49fc-8771-7f1b1c44ee42: 53 internal nodes; 2.2 s; peak memory 668 MiB.
2026-10-10T15:54:38Z INFO [2521/3046] cdcbef9c-66c5-46b6-9c2c-1b965c0d77d6: 185 internal nodes; 7.7 s; peak memory 668 MiB.
2026-10-10T15:54:39Z INFO [2522/3046] cdcc2f99-2b5e-41e7-a270-4c5ad1d7505c: 27 internal nodes; 1.3 s; peak memory 668 MiB.
2026-10-10T15:54:46Z INFO [2523/3046] cdcc3d81-92a6-4a3d-a9dd-0e4872bc7463: 177 internal nodes; 7.1 s; peak memory 668 MiB.
2026-10-10T15:54:48Z INFO [2524/3046] cdcc76d1-f334-4bde-9f7a-116357207986: 27 internal nodes; 1.2 s; peak memory 668 MiB.
2026-10-10T15:54:49Z INFO [2525/3046] cdcd9d71-fb00-4534-beed-5be16ad8097b: 17 internal nodes; 1.2 s; peak memory 668 MiB.
2026-10-10T15:54:52Z INFO [2526/3046] cdcf307f-c950-4bf1-add0-bd4069a8ad22: 46 internal nodes; 3.2 s; peak memory 668 MiB.
2026-10-10T15:54:56Z INFO [2527/3046] cdcf4988-91e2-459d-a853-c102ed8752da: 55 internal nodes; 3.8 s; peak memory 668 MiB.
2026-10-10T15:54:58Z INFO [2528/3046] cdd03889-9f34-44ee-9211-443339b70cae: 31 internal nodes; 1.9 s; peak memory 668 MiB.
2026-10-10T15:54:59Z INFO [2529/3046] cdd04a43-84eb-4ae1-8bf6-0d2cdd6b0cae: 13 internal nodes; 0.8 s; peak memory 668 MiB.
2026-10-10T15:55:06Z INFO [2530/3046] cdd072ee-4720-4713-a7af-0279b37abc22: 70 internal nodes; 7.8 s; peak memory 668 MiB.
2026-10-10T15:55:08Z INFO [2531/3046] cdd0f34c-5e63-4c68-b224-040ca0cc04e6: 31 internal nodes; 1.6 s; peak memory 668 MiB.
2026-10-10T15:55:09Z INFO [2532/3046] cdd12f90-18d7-459a-8eb8-ed2f0451d0d7: 17 internal nodes; 0.9 s; peak memory 668 MiB.
2026-10-10T15:55:10Z INFO [2533/3046] cdd15ee8-0e4f-4c54-a1c0-70847f333c46: 24 internal nodes; 0.8 s; peak memory 668 MiB.
2026-10-10T15:55:11Z INFO [2534/3046] cdd1a5b8-b5b8-4dbc-9fcc-9443a2a642e3: 116 internal nodes; 1.4 s; peak memory 668 MiB.
2026-10-10T15:55:12Z INFO [2535/3046] cdd1d9e9-b42f-4205-ba27-de603622daab: 19 internal nodes; 1.0 s; peak memory 668 MiB.
2026-10-10T15:55:14Z INFO [2536/3046] cdd1e414-c8ff-48a5-bddf-1f585213cacc: 31 internal nodes; 1.6 s; peak memory 668 MiB.
2026-10-10T15:55:17Z INFO [2537/3046] cdd25993-d0f9-4c38-9d13-7fd3b38b2d8c: 46 internal nodes; 3.0 s; peak memory 668 MiB.
2026-10-10T15:55:18Z INFO [2538/3046] cdd36319-0cb5-4935-8a71-fffba6233b7f: 27 internal nodes; 1.5 s; peak memory 668 MiB.
2026-10-10T15:55:19Z INFO [2539/3046] cdd4937c-2b2d-4e69-b9db-99cdf20fb576: 17 internal nodes; 1.0 s; peak memory 668 MiB.
2026-10-10T15:55:21Z INFO [2540/3046] cdd4d009-895a-4df4-9a3b-3a3032b9e3fe: 27 internal nodes; 1.6 s; peak memory 668 MiB.
2026-10-10T15:55:22Z INFO [2541/3046] cdd51c0e-ae0f-4165-8684-8de9381a828c: 17 internal nodes; 1.1 s; peak memory 668 MiB.
2026-10-10T15:55:23Z INFO [2542/3046] cdd55586-2055-4d61-be67-4da5d9dfc7e5: 17 internal nodes; 1.4 s; peak memory 668 MiB.
2026-10-10T15:55:24Z INFO [2543/3046] cdd56c2b-81da-40d3-9ab6-e268f184d3bf: 15 internal nodes; 1.0 s; peak memory 668 MiB.
2026-10-10T15:55:27Z INFO [2544/3046] cdd616df-fee3-48f7-b1d0-240b8ee0ccbb: 44 internal nodes; 2.6 s; peak memory 668 MiB.
2026-10-10T15:55:29Z INFO [2545/3046] cdd64de8-1def-4cc9-9cbc-c46cc7afe0e3: 53 internal nodes; 2.5 s; peak memory 668 MiB.
2026-10-10T15:55:35Z INFO [2546/3046] cdd66197-d2df-417b-b564-b81743f80b16: 73 internal nodes; 5.5 s; peak memory 668 MiB.
2026-10-10T15:55:38Z INFO [2547/3046] cdd6f4a6-acb9-4220-97e0-57b406ca6f2f: 56 internal nodes; 3.3 s; peak memory 668 MiB.
2026-10-10T15:55:39Z INFO [2548/3046] cdd702b9-bd3b-4616-9386-275a0ea457be: 27 internal nodes; 1.2 s; peak memory 668 MiB.
2026-10-10T15:55:41Z INFO [2549/3046] cdd749fe-7140-428b-a7a6-7f3f69c81876: 30 internal nodes; 2.0 s; peak memory 668 MiB.
2026-10-10T15:55:43Z INFO [2550/3046] cdd7568d-0ddf-4126-9ca6-6f816b93e944: 31 internal nodes; 1.7 s; peak memory 668 MiB.
2026-10-10T15:55:44Z INFO [2550/3046] cdd7568d-0ddf-4126-9ca6-6f816b93e944: checkpointed 146319 new records.
2026-10-10T15:55:45Z INFO [2551/3046] cdd78288-0f8d-4995-b05c-bf068da581be: 55 internal nodes; 1.6 s; peak memory 668 MiB.
2026-10-10T15:55:47Z INFO [2552/3046] cdd8f873-5d8c-47b6-8890-7b5665587c7a: 72 internal nodes; 1.7 s; peak memory 668 MiB.
2026-10-10T15:55:48Z INFO [2553/3046] cdd92236-9c7a-480b-aa51-40c83cf1384d: 17 internal nodes; 0.8 s; peak memory 668 MiB.
2026-10-10T15:55:49Z INFO [2554/3046] cdd98aa3-bd69-4839-b4a2-05c041e85cf0: 31 internal nodes; 1.9 s; peak memory 668 MiB.
2026-10-10T15:55:51Z INFO [2555/3046] cdd9b774-ad42-4b71-b065-be829f6e7aee: 13 internal nodes; 1.2 s; peak memory 668 MiB.
2026-10-10T15:55:52Z INFO [2556/3046] cdda3724-6854-4b67-84d0-7d80bfd70841: 19 internal nodes; 1.1 s; peak memory 668 MiB.
2026-10-10T15:55:54Z INFO [2557/3046] cdda8972-cefc-4b64-b174-163d3da519e6: 29 internal nodes; 1.7 s; peak memory 668 MiB.
2026-10-10T15:55:55Z INFO [2558/3046] cddb1e99-4fda-4337-9adc-8c516f80db4e: 27 internal nodes; 1.2 s; peak memory 668 MiB.
2026-10-10T15:55:56Z INFO [2559/3046] cddc0199-9c4b-4019-a831-f75b35d8010d: 17 internal nodes; 0.9 s; peak memory 668 MiB.
2026-10-10T15:55:57Z INFO [2560/3046] cddd324b-6c0b-49ca-8ca2-fafcc7a86168: 17 internal nodes; 1.0 s; peak memory 668 MiB.
2026-10-10T15:55:58Z INFO [2561/3046] cdddc1bd-3a41-4f07-9273-6aa0f9d5b826: 27 internal nodes; 1.1 s; peak memory 668 MiB.
2026-10-10T15:55:59Z INFO [2562/3046] cdddd5bd-8b85-428c-81de-45ac1e579691: 29 internal nodes; 1.7 s; peak memory 668 MiB.
2026-10-10T15:56:01Z INFO [2563/3046] cdde3db4-2a66-4c3d-affc-9c23104f56d3: 27 internal nodes; 1.4 s; peak memory 668 MiB.
2026-10-10T15:56:03Z INFO [2564/3046] cdde5c31-ea9f-46a4-a0a1-2a7ebc59ee12: 37 internal nodes; 1.8 s; peak memory 668 MiB.
2026-10-10T15:56:04Z INFO [2565/3046] cddf7525-9329-4089-9464-25bee792e56f: 21 internal nodes; 1.1 s; peak memory 668 MiB.
2026-10-10T15:56:05Z INFO [2566/3046] cde0c05f-feb2-4051-80e9-8bee93f9ea87: 17 internal nodes; 1.0 s; peak memory 668 MiB.
2026-10-10T15:56:06Z INFO [2567/3046] cde1e61b-5a47-4809-acf9-38a33e7d3fad: 18 internal nodes; 1.1 s; peak memory 668 MiB.
2026-10-10T15:56:07Z INFO [2568/3046] cde1fc17-9467-4aaf-87f2-6668723c00c0: 27 internal nodes; 1.1 s; peak memory 668 MiB.
2026-10-10T15:56:08Z INFO [2569/3046] cde209d7-6728-4547-83ab-1dd5eadda1b0: 27 internal nodes; 1.3 s; peak memory 668 MiB.
2026-10-10T15:56:10Z INFO [2570/3046] cde30dc3-3e2e-4489-b3c8-815625023f98: 31 internal nodes; 1.6 s; peak memory 668 MiB.
2026-10-10T15:56:12Z INFO [2571/3046] cde36aae-8a01-46cd-9db3-62ca52329e69: 62 internal nodes; 1.6 s; peak memory 668 MiB.
2026-10-10T15:56:19Z INFO [2572/3046] cde38c2e-4f20-428c-ac62-a8b36fc03f93: 177 internal nodes; 7.4 s; peak memory 668 MiB.
2026-10-10T15:56:21Z INFO [2573/3046] cde3e4d2-0054-41af-94a6-b833494425d1: 66 internal nodes; 1.9 s; peak memory 668 MiB.
2026-10-10T15:56:30Z INFO [2574/3046] cde4958c-afc8-437b-a14b-e8a450ed340d: 96 internal nodes; 8.6 s; peak memory 668 MiB.
2026-10-10T15:56:31Z INFO [2575/3046] cde4bcca-895d-4bfe-9d2c-9a00cfef1301: 29 internal nodes; 1.1 s; peak memory 668 MiB.
2026-10-10T15:56:32Z INFO [2576/3046] cde4e1fb-cd14-4ae8-927b-02bd2b8379c7: 17 internal nodes; 1.0 s; peak memory 668 MiB.
2026-10-10T15:56:36Z INFO [2577/3046] cde59972-6784-4374-b93c-caad0ffe6adb: 110 internal nodes; 4.7 s; peak memory 668 MiB.
2026-10-10T15:56:37Z INFO [2578/3046] cde5a162-3cd7-4222-b7d9-e2fce5daea1e: 17 internal nodes; 0.9 s; peak memory 668 MiB.
2026-10-10T15:56:39Z INFO [2579/3046] cde6770b-0a28-4ffc-8ee3-1a6442a0df5f: 27 internal nodes; 1.2 s; peak memory 668 MiB.
2026-10-10T15:56:39Z INFO [2580/3046] cde73b53-e10c-482a-b398-6d9529b683d9: 11 internal nodes; 0.8 s; peak memory 668 MiB.
2026-10-10T15:56:42Z INFO [2581/3046] cde92b98-e4e5-4748-9866-c792a75186cf: 41 internal nodes; 2.7 s; peak memory 668 MiB.
2026-10-10T15:56:43Z INFO [2582/3046] cdeac429-0dca-4c5b-a983-193109e3d5a3: 17 internal nodes; 1.0 s; peak memory 668 MiB.
2026-10-10T15:56:44Z INFO [2583/3046] cdec4702-41bb-4656-ba91-16763fc13537: 19 internal nodes; 1.0 s; peak memory 668 MiB.
2026-10-10T15:56:45Z INFO [2584/3046] cdecc9b2-353d-4c54-b596-58a244aef82f: 11 internal nodes; 0.8 s; peak memory 668 MiB.
2026-10-10T15:56:58Z INFO [2585/3046] cdeccba3-2e2d-4374-9f0f-c0fb090b8e7a: 84 internal nodes; 13.5 s; peak memory 668 MiB.
2026-10-10T15:57:06Z INFO [2586/3046] cded689e-a526-462a-b48b-43434a08d1aa: 208 internal nodes; 7.3 s; peak memory 668 MiB.
2026-10-10T15:57:12Z INFO [2587/3046] cded7071-37d0-4e5d-a825-a9a60e7706b3: 177 internal nodes; 6.8 s; peak memory 668 MiB.
2026-10-10T15:57:14Z INFO [2588/3046] cdedabf5-928e-48c8-9c54-08d306731279: 25 internal nodes; 2.0 s; peak memory 668 MiB.
2026-10-10T15:57:16Z INFO [2589/3046] cdedb002-f7da-4827-be2f-2f6755d475b3: 27 internal nodes; 1.3 s; peak memory 668 MiB.
2026-10-10T15:57:25Z INFO [2590/3046] cdeeacb6-2de3-40d5-89d1-35e65968e34d: 114 internal nodes; 9.9 s; peak memory 668 MiB.
2026-10-10T15:57:28Z INFO [2591/3046] cdeecc54-de40-4f0c-b278-c7fa1d6f5819: 44 internal nodes; 2.9 s; peak memory 668 MiB.
2026-10-10T15:57:30Z INFO [2592/3046] cdef4ec0-9952-49a6-9712-e851aa737a4b: 24 internal nodes; 1.3 s; peak memory 668 MiB.
2026-10-10T15:57:32Z INFO [2593/3046] cdefc246-c4b4-40a7-b5d6-8454f7acac41: 29 internal nodes; 1.9 s; peak memory 668 MiB.
2026-10-10T15:57:33Z INFO [2594/3046] cdeff6c7-0ff5-452c-b93c-eaec13a79671: 22 internal nodes; 1.1 s; peak memory 668 MiB.
2026-10-10T15:57:34Z INFO [2595/3046] cdf08c8e-25c3-405c-8348-71f1f9930e47: 31 internal nodes; 1.2 s; peak memory 668 MiB.
2026-10-10T15:57:36Z INFO [2596/3046] cdf16426-a7e3-49fd-80f5-96c384957b21: 25 internal nodes; 1.8 s; peak memory 668 MiB.
2026-10-10T15:57:37Z INFO [2597/3046] cdf1947e-cb15-495e-aedb-7e1c150c2a47: 27 internal nodes; 1.2 s; peak memory 668 MiB.
2026-10-10T15:57:44Z INFO [2598/3046] cdf3082c-64a0-4d33-bc24-7e81eabefc9c: 161 internal nodes; 6.8 s; peak memory 668 MiB.
2026-10-10T15:57:45Z INFO [2599/3046] cdf399e0-8bee-4f4b-803f-44a0ef37ce6d: 60 internal nodes; 1.6 s; peak memory 668 MiB.
2026-10-10T15:57:46Z INFO [2600/3046] cdf40741-cc6d-459c-a6d6-5e1016d1fbd3: 17 internal nodes; 1.1 s; peak memory 668 MiB.
2026-10-10T15:57:47Z INFO [2600/3046] cdf40741-cc6d-459c-a6d6-5e1016d1fbd3: checkpointed 146369 new records.
2026-10-10T15:57:48Z INFO [2601/3046] cdf45330-52bf-4f15-9f4e-e7edf6aa8ff7: 31 internal nodes; 1.3 s; peak memory 668 MiB.
2026-10-10T15:57:50Z INFO [2602/3046] cdf49327-08ed-4252-81dc-5a6e6148fa47: 27 internal nodes; 1.3 s; peak memory 668 MiB.
2026-10-10T15:57:50Z INFO [2603/3046] cdf54250-83f8-4dd1-9f60-f021c9c712a5: 18 internal nodes; 0.9 s; peak memory 668 MiB.
2026-10-10T15:57:52Z INFO [2604/3046] cdf61b27-b2c1-4ba0-9864-33c2ef021b7e: 31 internal nodes; 1.6 s; peak memory 668 MiB.
2026-10-10T15:57:53Z INFO [2605/3046] cdf61d58-691b-41ad-8fd3-f935563a95f0: 17 internal nodes; 1.0 s; peak memory 668 MiB.
2026-10-10T15:57:54Z INFO [2606/3046] cdf72c59-ba26-4a97-8e46-0a2784ea5ae5: 17 internal nodes; 1.0 s; peak memory 668 MiB.
2026-10-10T15:57:55Z INFO [2607/3046] cdf73b05-4be5-4ae1-b5db-9fabb0247321: 31 internal nodes; 1.5 s; peak memory 668 MiB.
2026-10-10T15:57:57Z INFO [2608/3046] cdf75894-aee4-4409-aeee-ea1657e3c886: 27 internal nodes; 1.2 s; peak memory 668 MiB.
2026-10-10T15:57:59Z INFO [2609/3046] cdf78d00-0fb4-467b-927b-708b6a1fb88a: 44 internal nodes; 2.1 s; peak memory 668 MiB.
2026-10-10T15:58:00Z INFO [2610/3046] cdf89936-b78a-481f-a8e8-636893319dee: 17 internal nodes; 1.0 s; peak memory 668 MiB.
2026-10-10T15:58:01Z INFO [2611/3046] cdf89e21-bad4-4013-9bf6-3419d3335e1a: 27 internal nodes; 1.3 s; peak memory 668 MiB.
2026-10-10T15:58:13Z INFO [2612/3046] cdf96eeb-3161-43c7-813c-ba95b0ea070c: 239 internal nodes; 12.4 s; peak memory 668 MiB.
2026-10-10T15:58:14Z INFO [2613/3046] cdfa00be-941b-4b0b-bad9-2f9ae33475a5: 17 internal nodes; 1.1 s; peak memory 668 MiB.
2026-10-10T15:58:16Z INFO [2614/3046] cdfac21b-bfc0-4752-935f-b842ccda85d3: 31 internal nodes; 1.8 s; peak memory 668 MiB.
2026-10-10T15:58:17Z INFO [2615/3046] cdfb78a7-970f-4e54-b4cc-312c9ef0481a: 22 internal nodes; 1.2 s; peak memory 668 MiB.
2026-10-10T15:58:26Z INFO [2616/3046] cdfbae7b-ce32-42f7-86cd-352176870f14: 21 internal nodes; 8.5 s; peak memory 668 MiB.
2026-10-10T15:58:33Z INFO [2617/3046] cdfcc0b1-1c4e-43ef-8679-a57aeabf8623: 177 internal nodes; 7.2 s; peak memory 668 MiB.
2026-10-10T15:58:34Z INFO [2618/3046] cdfd128f-061b-4abc-9ed8-7dd2159b95ed: 17 internal nodes; 1.0 s; peak memory 668 MiB.
2026-10-10T15:58:35Z INFO [2619/3046] cdfe7ecb-2a42-4d8c-837a-0acdc092132a: 27 internal nodes; 1.1 s; peak memory 668 MiB.
2026-10-10T15:58:37Z INFO [2620/3046] cdff625b-129a-4a4c-9079-c1a074da6ba8: 30 internal nodes; 1.3 s; peak memory 668 MiB.
2026-10-10T15:58:39Z INFO [2621/3046] cdff79ba-88d5-4358-843e-039e626ea61f: 44 internal nodes; 2.6 s; peak memory 668 MiB.
2026-10-10T15:58:40Z INFO [2622/3046] cdff7a54-8196-40ad-bf0f-fef06e21de6d: 17 internal nodes; 1.0 s; peak memory 668 MiB.
2026-10-10T15:58:41Z INFO [2623/3046] ce018d02-94a4-4e2f-b0ba-6997542a56cc: 28 internal nodes; 1.3 s; peak memory 668 MiB.
2026-10-10T15:58:42Z INFO [2624/3046] ce01e4d7-0cc8-446e-ba05-bb70d1d0c337: 17 internal nodes; 1.0 s; peak memory 668 MiB.
2026-10-10T15:58:46Z INFO [2625/3046] ce02734c-87e5-4a7d-95d7-d62c46df5a8e: 46 internal nodes; 3.1 s; peak memory 668 MiB.
2026-10-10T15:58:47Z INFO [2626/3046] ce03c9df-567a-4de8-8c97-d9855d954420: 17 internal nodes; 1.0 s; peak memory 668 MiB.
2026-10-10T15:58:48Z INFO [2627/3046] ce041935-7a55-41ff-9cea-5e312754dc51: 18 internal nodes; 1.3 s; peak memory 668 MiB.
2026-10-10T15:58:49Z INFO [2628/3046] ce049123-40ca-4a4b-b3b9-1e618b30dc26: 38 internal nodes; 1.5 s; peak memory 668 MiB.
2026-10-10T15:58:50Z INFO [2629/3046] ce05902f-21ff-473c-a2f1-9abfac87c16f: 11 internal nodes; 0.8 s; peak memory 668 MiB.
2026-10-10T15:58:51Z INFO [2630/3046] ce05e909-24bf-4a8e-b958-c30f4b5b5822: 31 internal nodes; 1.1 s; peak memory 668 MiB.
2026-10-10T15:58:57Z INFO [2631/3046] ce064ec3-5224-489f-b578-d8be165c0474: 68 internal nodes; 5.7 s; peak memory 668 MiB.
2026-10-10T15:58:58Z INFO [2632/3046] ce065fff-938b-47c0-b03e-fd1685f599a8: 22 internal nodes; 1.2 s; peak memory 668 MiB.
2026-10-10T15:59:00Z INFO [2633/3046] ce06cd88-cb28-4558-9686-82b8454bdc60: 27 internal nodes; 1.8 s; peak memory 668 MiB.
2026-10-10T15:59:01Z INFO [2634/3046] ce071545-b7aa-4a34-bc94-89aa170ae5ab: 17 internal nodes; 1.0 s; peak memory 668 MiB.
2026-10-10T15:59:02Z INFO [2635/3046] ce07d8b2-c854-4a80-88ab-33210289bffb: 17 internal nodes; 1.0 s; peak memory 668 MiB.
2026-10-10T15:59:03Z INFO [2636/3046] ce07dc3d-b9c1-49a5-9771-7f5029f13933: 17 internal nodes; 0.9 s; peak memory 668 MiB.
2026-10-10T15:59:05Z INFO [2637/3046] ce080d80-a4e0-4089-b551-53d32033bce0: 31 internal nodes; 1.9 s; peak memory 668 MiB.
2026-10-10T15:59:06Z INFO [2638/3046] ce08ffc0-28b8-4ae5-a860-7eed0dc81ee7: 27 internal nodes; 1.4 s; peak memory 668 MiB.
2026-10-10T15:59:08Z INFO [2639/3046] ce09557f-ba65-42b5-92ae-a2a6e977ab75: 31 internal nodes; 1.6 s; peak memory 668 MiB.
2026-10-10T15:59:09Z INFO [2640/3046] ce096314-0ccc-497e-b0e0-41b586f2f303: 17 internal nodes; 1.0 s; peak memory 668 MiB.
2026-10-10T15:59:12Z INFO [2641/3046] ce099748-1c32-43fb-b789-12e3709f6afa: 224 internal nodes; 3.3 s; peak memory 668 MiB.
2026-10-10T15:59:13Z INFO [2642/3046] ce09d170-4654-43b3-b177-38ddf4704d51: 26 internal nodes; 0.8 s; peak memory 668 MiB.
2026-10-10T15:59:14Z INFO [2643/3046] ce0a05f4-e1b3-4f58-941b-79a782790c65: 19 internal nodes; 1.1 s; peak memory 668 MiB.
2026-10-10T15:59:15Z INFO [2644/3046] ce0a4793-71f2-4aba-aeab-95c3813dc04d: 53 internal nodes; 1.4 s; peak memory 668 MiB.
2026-10-10T15:59:16Z INFO [2645/3046] ce0a8720-a2bd-42d8-8359-c2078b8bd755: 17 internal nodes; 1.0 s; peak memory 668 MiB.
2026-10-10T15:59:18Z INFO [2646/3046] ce0abdb9-4922-4693-82d9-17a64674c50c: 31 internal nodes; 1.4 s; peak memory 668 MiB.
2026-10-10T15:59:19Z INFO [2647/3046] ce0aedef-941b-4da5-85eb-582598dfadd2: 17 internal nodes; 1.1 s; peak memory 668 MiB.
2026-10-10T15:59:20Z INFO [2648/3046] ce0c3177-eef3-49a2-bb51-bcd44e2df998: 31 internal nodes; 1.5 s; peak memory 668 MiB.
2026-10-10T15:59:22Z INFO [2649/3046] ce0d2586-3a7e-4022-8688-9af55d097e94: 29 internal nodes; 1.3 s; peak memory 668 MiB.
2026-10-10T15:59:23Z INFO [2650/3046] ce0d44b3-d0c2-4613-980e-6c3b40d7de6e: 17 internal nodes; 0.9 s; peak memory 668 MiB.
2026-10-10T15:59:23Z INFO [2650/3046] ce0d44b3-d0c2-4613-980e-6c3b40d7de6e: checkpointed 146419 new records.
2026-10-10T15:59:24Z INFO [2651/3046] ce0dc545-acb5-48e6-b0c1-495cb39f029a: 17 internal nodes; 1.0 s; peak memory 668 MiB.
2026-10-10T15:59:26Z INFO [2652/3046] ce0e110b-b558-4cb2-a9ec-5410b3b52d94: 32 internal nodes; 2.3 s; peak memory 668 MiB.
2026-10-10T15:59:28Z INFO [2653/3046] ce0ec081-7518-4050-93e3-0e9208b3f4a3: 17 internal nodes; 1.5 s; peak memory 668 MiB.
2026-10-10T15:59:29Z INFO [2654/3046] ce0f8463-d0c6-42fc-9d08-65f752c4c350: 17 internal nodes; 1.0 s; peak memory 668 MiB.
2026-10-10T15:59:30Z INFO [2655/3046] ce106f7a-bb53-4981-88f4-da2e0b098114: 26 internal nodes; 0.8 s; peak memory 668 MiB.
2026-10-10T15:59:31Z INFO [2656/3046] ce10846e-9dd1-4b01-8d1c-29ec250e2f2b: 17 internal nodes; 1.0 s; peak memory 668 MiB.
2026-10-10T15:59:32Z INFO [2657/3046] ce10e5f8-2fc6-457a-8db4-832d3caa7351: 31 internal nodes; 1.5 s; peak memory 668 MiB.
2026-10-10T15:59:33Z INFO [2658/3046] ce1132a3-cba4-4e68-ae3e-822f523a5e63: 27 internal nodes; 1.2 s; peak memory 668 MiB.
2026-10-10T15:59:35Z INFO [2659/3046] ce11c719-a096-4358-abf1-67130ef25997: 27 internal nodes; 1.3 s; peak memory 668 MiB.
2026-10-10T15:59:36Z INFO [2660/3046] ce1251cd-aaea-46da-a02c-911627964b25: 11 internal nodes; 0.8 s; peak memory 668 MiB.
2026-10-10T15:59:36Z INFO [2661/3046] ce13ea61-18bc-4d60-8f04-18bd4223d10c: 23 internal nodes; 0.8 s; peak memory 668 MiB.
2026-10-10T15:59:47Z INFO [2662/3046] ce13f000-540d-4d8a-a24c-f061175013b8: 134 internal nodes; 10.7 s; peak memory 668 MiB.
2026-10-10T15:59:48Z INFO [2663/3046] ce14907c-b025-47f0-a1e9-6766245cd360: 17 internal nodes; 1.0 s; peak memory 668 MiB.
2026-10-10T15:59:50Z INFO [2664/3046] ce153acc-997a-40b5-a02b-bace96140007: 29 internal nodes; 1.6 s; peak memory 668 MiB.
2026-10-10T15:59:55Z INFO [2665/3046] ce15ec95-dcbe-4fd5-af56-a67f6a7795fe: 68 internal nodes; 5.6 s; peak memory 668 MiB.
2026-10-10T15:59:57Z INFO [2666/3046] ce160d7c-5efa-423f-a8b1-97fe9c3b77ec: 26 internal nodes; 2.1 s; peak memory 668 MiB.
2026-10-10T15:59:59Z INFO [2667/3046] ce16f20d-1176-4e3a-b9f5-3f06475e70e8: 25 internal nodes; 2.1 s; peak memory 668 MiB.
2026-10-10T16:00:00Z INFO [2668/3046] ce172cb8-8a23-45e6-95ab-cc6e63cae5e3: 17 internal nodes; 0.9 s; peak memory 668 MiB.
2026-10-10T16:00:11Z INFO [2669/3046] ce179643-16db-48d3-90cd-e6965c25ab72: 70 internal nodes; 10.4 s; peak memory 668 MiB.
2026-10-10T16:00:12Z INFO [2670/3046] ce18f01f-f538-46ff-9051-9c1d5538568d: 36 internal nodes; 1.6 s; peak memory 668 MiB.
2026-10-10T16:00:14Z INFO [2671/3046] ce1945bc-87a0-4b03-8cb4-aa9c3e826ea0: 65 internal nodes; 2.0 s; peak memory 668 MiB.
2026-10-10T16:00:16Z INFO [2672/3046] ce19ccc7-3c6c-43ca-8644-d3a5fa637550: 27 internal nodes; 1.3 s; peak memory 668 MiB.
2026-10-10T16:00:17Z INFO [2673/3046] ce19cff5-3e3b-441b-909d-63362756cf4a: 17 internal nodes; 1.0 s; peak memory 668 MiB.
2026-10-10T16:00:19Z INFO [2674/3046] ce1a5843-3404-42b3-9f70-9e008b2ddeaa: 31 internal nodes; 1.9 s; peak memory 668 MiB.
2026-10-10T16:00:22Z INFO [2675/3046] ce1a7462-35e9-4ef5-a45b-716d5a51ff50: 46 internal nodes; 3.1 s; peak memory 668 MiB.
2026-10-10T16:00:24Z INFO [2676/3046] ce1ab031-ff73-430f-a967-131d5361dc0b: 42 internal nodes; 2.2 s; peak memory 668 MiB.
2026-10-10T16:00:25Z INFO [2677/3046] ce1ab6e5-6fe8-4949-b40f-765d644eb385: 18 internal nodes; 1.0 s; peak memory 668 MiB.
2026-10-10T16:00:26Z INFO [2678/3046] ce1b8d9e-8d29-4560-b2d5-a74097a6ec46: 17 internal nodes; 0.9 s; peak memory 668 MiB.
2026-10-10T16:00:27Z INFO [2679/3046] ce1c1f0b-b335-4c14-bbca-f06df7b9b9f5: 17 internal nodes; 1.0 s; peak memory 668 MiB.
2026-10-10T16:00:28Z INFO [2680/3046] ce1ce340-ac51-4f82-b1b4-c08c849668c1: 17 internal nodes; 1.0 s; peak memory 668 MiB.
2026-10-10T16:00:41Z INFO [2681/3046] ce1d8825-ca5d-450a-8421-8f22ad463153: 237 internal nodes; 13.6 s; peak memory 668 MiB.
2026-10-10T16:00:43Z INFO [2682/3046] ce1ef200-cff4-4879-9689-169a54341262: 31 internal nodes; 1.5 s; peak memory 668 MiB.
2026-10-10T16:00:44Z INFO [2683/3046] ce1ef791-9a85-4e15-a84c-251ea3c9f6b4: 13 internal nodes; 0.8 s; peak memory 668 MiB.
2026-10-10T16:00:45Z INFO [2684/3046] ce1fd0a3-d13f-4d71-bfd6-de12fed13db6: 13 internal nodes; 1.1 s; peak memory 668 MiB.
2026-10-10T16:00:46Z INFO [2685/3046] ce204928-04fb-42be-b03f-fd264f93fe72: 31 internal nodes; 1.5 s; peak memory 668 MiB.
2026-10-10T16:00:48Z INFO [2686/3046] ce207a03-c72f-493f-91b2-0919a98ffb3b: 17 internal nodes; 1.7 s; peak memory 668 MiB.
2026-10-10T16:00:49Z INFO [2687/3046] ce20b9f1-289d-4b80-ba5c-f8d7a27e5a01: 49 internal nodes; 0.9 s; peak memory 668 MiB.
2026-10-10T16:00:50Z INFO [2688/3046] ce2134f8-7ddb-4971-a9df-cf18ac9c94bc: 17 internal nodes; 0.9 s; peak memory 668 MiB.
2026-10-10T16:00:51Z INFO [2689/3046] ce21c630-f46a-437e-977b-a2d464aa4f02: 17 internal nodes; 0.9 s; peak memory 668 MiB.
2026-10-10T16:00:53Z INFO [2690/3046] ce21e4a5-46a6-4888-84db-6d1e84cda0fc: 31 internal nodes; 1.8 s; peak memory 668 MiB.
2026-10-10T16:00:54Z INFO [2691/3046] ce225abf-a4db-414b-801e-af8fe023815e: 31 internal nodes; 1.7 s; peak memory 668 MiB.
2026-10-10T16:00:55Z INFO [2692/3046] ce22c49d-0b14-4077-a0fd-2b319c37535b: 27 internal nodes; 1.1 s; peak memory 668 MiB.
2026-10-10T16:01:04Z INFO [2693/3046] ce22e042-8b1b-41cf-9a61-6a4084c445bc: 711 internal nodes; 9.0 s; peak memory 668 MiB.
2026-10-10T16:01:15Z INFO [2694/3046] ce22eb37-756a-4263-8d44-ae066e54f4b9: 297 internal nodes; 10.8 s; peak memory 668 MiB.
2026-10-10T16:01:16Z INFO [2695/3046] ce24372c-cf0b-4b5b-8b2c-ed25d9bcbbc4: 17 internal nodes; 1.1 s; peak memory 668 MiB.
2026-10-10T16:01:17Z INFO [2696/3046] ce254bb0-794e-4ba0-bcb5-cccdcc994681: 17 internal nodes; 1.1 s; peak memory 668 MiB.
2026-10-10T16:01:18Z INFO [2697/3046] ce258e15-de70-453f-9586-687f0f8956ad: 13 internal nodes; 0.9 s; peak memory 668 MiB.
2026-10-10T16:02:11Z INFO [2698/3046] ce26b881-5731-4538-8914-8c90004e710f: 471 internal nodes; 52.9 s; peak memory 668 MiB.
2026-10-10T16:02:12Z INFO [2699/3046] ce277456-9ad1-426e-b71b-da32ce1e23ee: 56 internal nodes; 1.5 s; peak memory 668 MiB.
2026-10-10T16:02:14Z INFO [2700/3046] ce28085c-5a38-4144-bda7-6e9f0af020bd: 56 internal nodes; 1.4 s; peak memory 668 MiB.
2026-10-10T16:02:14Z INFO [2700/3046] ce28085c-5a38-4144-bda7-6e9f0af020bd: checkpointed 146469 new records.
2026-10-10T16:02:16Z INFO [2701/3046] ce289bcb-bd3a-42a3-ac0e-72335c4298b2: 24 internal nodes; 1.4 s; peak memory 668 MiB.
2026-10-10T16:02:17Z INFO [2702/3046] ce28ff74-9eab-4c3c-a454-86d86fdd52c6: 27 internal nodes; 1.3 s; peak memory 668 MiB.
2026-10-10T16:02:18Z INFO [2703/3046] ce293231-7d7f-493a-8847-68ab9c3d4935: 19 internal nodes; 1.2 s; peak memory 668 MiB.
2026-10-10T16:02:25Z INFO [2704/3046] ce293a15-030c-4184-86a0-0545abe7f4ff: 47 internal nodes; 6.5 s; peak memory 668 MiB.
2026-10-10T16:02:26Z INFO [2705/3046] ce294b19-0fcc-4acc-9552-a78fc6cb1809: 20 internal nodes; 1.5 s; peak memory 668 MiB.
2026-10-10T16:02:28Z INFO [2706/3046] ce299f94-0df2-4bf9-9fb7-906b6c8d6e17: 27 internal nodes; 1.3 s; peak memory 668 MiB.
2026-10-10T16:02:29Z INFO [2707/3046] ce2aa175-3a30-4329-8249-84fe81fb8099: 61 internal nodes; 1.4 s; peak memory 668 MiB.
2026-10-10T16:02:30Z INFO [2708/3046] ce2c2b4e-b6aa-4ecb-a0bb-4290b94c48ff: 17 internal nodes; 1.1 s; peak memory 668 MiB.
2026-10-10T16:02:33Z INFO [2709/3046] ce2d0dc4-8874-464a-8278-f727909aacc2: 46 internal nodes; 3.3 s; peak memory 668 MiB.
2026-10-10T16:02:34Z INFO [2710/3046] ce2d3f43-7725-4ea6-9f09-6af5547ef533: 17 internal nodes; 0.8 s; peak memory 668 MiB.
2026-10-10T16:02:36Z INFO [2711/3046] ce2dcdbe-a882-4d83-bc9f-dcc8553fed88: 29 internal nodes; 1.6 s; peak memory 668 MiB.
2026-10-10T16:02:37Z INFO [2712/3046] ce2e0f80-4e74-41ee-866b-a8db2325fb04: 83 internal nodes; 1.6 s; peak memory 668 MiB.
2026-10-10T16:02:38Z INFO [2713/3046] ce2e5bf4-bc34-40ba-8708-81744b914d11: 17 internal nodes; 0.9 s; peak memory 668 MiB.
2026-10-10T16:02:40Z INFO [2714/3046] ce2ee214-4a1e-4135-ac42-00be0c3fd780: 56 internal nodes; 1.8 s; peak memory 668 MiB.
2026-10-10T16:02:43Z INFO [2715/3046] ce2f65c7-715f-4a7f-8447-e217f765b90c: 46 internal nodes; 3.3 s; peak memory 668 MiB.
2026-10-10T16:02:45Z INFO [2716/3046] ce2fcf9a-ddaf-4c74-9062-63c2f8bc7bd6: 31 internal nodes; 1.6 s; peak memory 668 MiB.
2026-10-10T16:02:51Z INFO [2717/3046] ce302eff-f352-4a47-b2ff-387fdd583ae8: 135 internal nodes; 6.0 s; peak memory 668 MiB.
2026-10-10T16:02:52Z INFO [2718/3046] ce30e258-4f92-4b49-84f7-a205692dae3d: 17 internal nodes; 0.9 s; peak memory 668 MiB.
2026-10-10T16:02:53Z INFO [2719/3046] ce30f780-ac5c-437e-820f-81c918f3023a: 22 internal nodes; 1.3 s; peak memory 668 MiB.
2026-10-10T16:03:01Z INFO [2720/3046] ce31592b-ed80-4927-a15b-055008933a83: 194 internal nodes; 7.6 s; peak memory 668 MiB.
2026-10-10T16:03:02Z INFO [2721/3046] ce33b4eb-887f-4dd9-bae1-9e748b7c3140: 62 internal nodes; 1.7 s; peak memory 668 MiB.
2026-10-10T16:03:05Z INFO [2722/3046] ce354531-4b6b-4d79-a836-290083b00619: 45 internal nodes; 2.4 s; peak memory 668 MiB.
2026-10-10T16:03:06Z INFO [2723/3046] ce35cef6-2c24-45de-b2f8-de8073a1d1bd: 62 internal nodes; 1.7 s; peak memory 668 MiB.
2026-10-10T16:03:07Z INFO [2724/3046] ce37601e-bc55-41e3-839d-9c8df7bd2b21: 17 internal nodes; 1.0 s; peak memory 668 MiB.
2026-10-10T16:03:08Z INFO [2725/3046] ce3b1e91-26f0-4cbe-b123-fd98bbaf8598: 14 internal nodes; 1.0 s; peak memory 668 MiB.
2026-10-10T16:03:09Z INFO [2726/3046] ce3b27a9-d976-476a-b896-db5c326bf8c6: 17 internal nodes; 0.9 s; peak memory 668 MiB.
2026-10-10T16:03:10Z INFO [2727/3046] ce3b2d1d-15ff-4dbc-bd97-ed6c0f5873a9: 17 internal nodes; 1.1 s; peak memory 668 MiB.
2026-10-10T16:03:12Z INFO [2728/3046] ce3bc94e-966d-4e73-a3e0-e736cb99770a: 55 internal nodes; 1.7 s; peak memory 668 MiB.
2026-10-10T16:03:13Z INFO [2729/3046] ce3c5fd2-6dc6-4d3a-b4e7-92673485ea81: 17 internal nodes; 1.0 s; peak memory 668 MiB.
2026-10-10T16:03:14Z INFO [2730/3046] ce3cc8ae-6248-439d-baa6-97359cef21e2: 27 internal nodes; 1.3 s; peak memory 668 MiB.
2026-10-10T16:03:15Z INFO [2731/3046] ce3cec84-bc58-4524-8bbd-b1f31e263920: 19 internal nodes; 0.9 s; peak memory 668 MiB.
2026-10-10T16:03:16Z INFO [2732/3046] ce3cf8a9-3eb8-4cd6-9058-6cd318dc1cfe: 11 internal nodes; 0.8 s; peak memory 668 MiB.
2026-10-10T16:03:17Z INFO [2733/3046] ce3db23e-d22b-430d-94ca-a13dee542478: 27 internal nodes; 1.2 s; peak memory 668 MiB.
2026-10-10T16:03:21Z INFO [2734/3046] ce3e8cd8-a1e0-4fc1-b663-d04c8d1aa64c: 88 internal nodes; 4.2 s; peak memory 668 MiB.
2026-10-10T16:03:22Z INFO [2735/3046] ce3ee551-7b35-4935-bf04-e8153bec5a7f: 22 internal nodes; 0.9 s; peak memory 668 MiB.
2026-10-10T16:03:23Z INFO [2736/3046] ce40053f-e43a-4288-9cbf-e1368d703856: 29 internal nodes; 1.1 s; peak memory 668 MiB.
2026-10-10T16:03:24Z INFO [2737/3046] ce40a745-d5e1-4c26-8eaa-b95375b0051a: 17 internal nodes; 1.0 s; peak memory 668 MiB.
2026-10-10T16:03:26Z INFO [2738/3046] ce410124-18a4-481a-a078-38ab7f176b33: 26 internal nodes; 1.7 s; peak memory 668 MiB.
2026-10-10T16:03:33Z INFO [2739/3046] ce4108ae-1244-42fe-95a1-45453d8aca17: 141 internal nodes; 7.0 s; peak memory 668 MiB.
2026-10-10T16:03:34Z INFO [2740/3046] ce414358-a748-4200-a2ee-7a79ee93443a: 19 internal nodes; 1.1 s; peak memory 668 MiB.
2026-10-10T16:03:35Z INFO [2741/3046] ce425161-652d-4c2a-8ecc-66c410eb150a: 11 internal nodes; 0.8 s; peak memory 668 MiB.
2026-10-10T16:03:36Z INFO [2742/3046] ce426ad0-5861-46fa-a454-030df0f31589: 13 internal nodes; 0.9 s; peak memory 668 MiB.
2026-10-10T16:03:37Z INFO [2743/3046] ce434160-78ff-43ae-945b-353c2c616364: 17 internal nodes; 0.9 s; peak memory 668 MiB.
2026-10-10T16:03:45Z INFO [2744/3046] ce438c5b-57d0-4a00-bda9-4d65036c0509: 174 internal nodes; 7.8 s; peak memory 668 MiB.
2026-10-10T16:03:46Z INFO [2745/3046] ce43906e-deae-4873-a977-616274b79740: 19 internal nodes; 1.1 s; peak memory 668 MiB.
2026-10-10T16:03:47Z INFO [2746/3046] ce44a9ac-7ea9-4569-a257-e164f1c313c4: 116 internal nodes; 1.2 s; peak memory 668 MiB.
2026-10-10T16:03:57Z INFO [2747/3046] ce4511b4-44db-4d5a-af41-ea6272e4486d: 115 internal nodes; 9.6 s; peak memory 668 MiB.
2026-10-10T16:03:58Z INFO [2748/3046] ce45203d-fc39-428c-82f5-4fd577929ce6: 19 internal nodes; 1.1 s; peak memory 668 MiB.
2026-10-10T16:04:48Z INFO [2749/3046] ce45d5ae-5fdf-439c-9935-ecc212039f2b: 831 internal nodes; 50.3 s; peak memory 668 MiB.
2026-10-10T16:04:49Z INFO [2750/3046] ce464d98-24a7-42aa-9472-a8e48c1e0e54: 31 internal nodes; 1.1 s; peak memory 668 MiB.
2026-10-10T16:04:50Z INFO [2750/3046] ce464d98-24a7-42aa-9472-a8e48c1e0e54: checkpointed 146519 new records.
2026-10-10T16:04:57Z INFO [2751/3046] ce46d87e-7f04-4fa1-8e87-149de5ed6189: 177 internal nodes; 7.3 s; peak memory 668 MiB.
2026-10-10T16:04:58Z INFO [2752/3046] ce4723c7-bc99-4b75-94e4-74e6910b0cc5: 18 internal nodes; 0.9 s; peak memory 668 MiB.
2026-10-10T16:05:04Z INFO [2753/3046] ce476af2-0636-4989-b870-b5441160008d: 73 internal nodes; 6.6 s; peak memory 668 MiB.
2026-10-10T16:05:07Z INFO [2754/3046] ce48431a-6222-4c87-8878-ca1ed750dc74: 44 internal nodes; 2.8 s; peak memory 668 MiB.
2026-10-10T16:05:53Z INFO [2755/3046] ce487e8d-a51e-4e05-ac13-a2b4dabc465f: 2537 internal nodes; 45.9 s; peak memory 668 MiB.
2026-10-10T16:05:54Z INFO [2756/3046] ce4a24d0-cbf5-43ca-9d74-973b464c2d18: 20 internal nodes; 0.8 s; peak memory 668 MiB.
2026-10-10T16:05:55Z INFO [2757/3046] ce4ab737-e4db-4f34-b56c-17a2c47d3c1a: 23 internal nodes; 1.2 s; peak memory 668 MiB.
2026-10-10T16:05:56Z INFO [2758/3046] ce4ada9d-5098-4b23-be1e-02a2b6507694: 17 internal nodes; 1.0 s; peak memory 668 MiB.
2026-10-10T16:05:58Z INFO [2759/3046] ce4bedb2-7cbf-45e9-ae30-297e6fa0616b: 31 internal nodes; 1.7 s; peak memory 668 MiB.
2026-10-10T16:05:59Z INFO [2760/3046] ce4c749a-2a4c-4bdc-9769-e2d676d299b5: 17 internal nodes; 1.0 s; peak memory 668 MiB.
2026-10-10T16:06:12Z INFO [2761/3046] ce4d2c1b-badc-4675-9b28-b04ff9effa41: 332 internal nodes; 13.5 s; peak memory 668 MiB.
2026-10-10T16:06:21Z INFO [2762/3046] ce4f847c-71ed-41ba-9f83-4fcaf935edba: 80 internal nodes; 8.8 s; peak memory 668 MiB.
2026-10-10T16:06:22Z INFO [2763/3046] ce524de2-3d55-487b-88b5-b64cd3b016ca: 27 internal nodes; 1.1 s; peak memory 668 MiB.
2026-10-10T16:06:25Z INFO [2764/3046] ce529ab3-6e2e-4cce-ae9f-3155ad6c4c35: 44 internal nodes; 2.5 s; peak memory 668 MiB.
2026-10-10T16:06:26Z INFO [2765/3046] ce53f4e9-0d39-4a32-a6e1-d0010ac53924: 11 internal nodes; 1.1 s; peak memory 668 MiB.
2026-10-10T16:06:27Z INFO [2766/3046] ce53f6a4-d209-40c9-afd8-6cc5bf1b608f: 17 internal nodes; 0.9 s; peak memory 668 MiB.
2026-10-10T16:06:29Z INFO [2767/3046] ce541981-5229-4d38-b195-92355506e24b: 31 internal nodes; 1.8 s; peak memory 668 MiB.
2026-10-10T16:06:30Z INFO [2768/3046] ce5432a4-5afc-4417-86a7-26d71ddcf2e7: 37 internal nodes; 1.6 s; peak memory 668 MiB.
2026-10-10T16:06:31Z INFO [2769/3046] ce549694-a386-416b-82f2-5e7875e376d5: 20 internal nodes; 1.0 s; peak memory 668 MiB.
2026-10-10T16:06:33Z INFO [2770/3046] ce55ff22-7b03-47fd-b150-cf4e23c733ee: 58 internal nodes; 1.7 s; peak memory 668 MiB.
2026-10-10T16:06:34Z INFO [2771/3046] ce5630b7-750b-4c3d-a1bb-1eefa87ef3e4: 11 internal nodes; 1.0 s; peak memory 668 MiB.
2026-10-10T16:06:36Z INFO [2772/3046] ce56923a-fc55-498f-8b6a-538b06922d68: 20 internal nodes; 1.5 s; peak memory 668 MiB.
2026-10-10T16:06:39Z INFO [2773/3046] ce573540-b16c-486b-a54d-b120d21632a4: 76 internal nodes; 4.0 s; peak memory 668 MiB.
2026-10-10T16:06:47Z INFO [2774/3046] ce574029-186b-43ac-8fc0-c3f314dfddf8: 177 internal nodes; 7.3 s; peak memory 668 MiB.
2026-10-10T16:06:54Z INFO [2775/3046] ce57c083-bc3c-4316-81f7-7923cdd67d4a: 54 internal nodes; 7.3 s; peak memory 668 MiB.
2026-10-10T16:07:02Z INFO [2776/3046] ce588c57-ce07-411a-b31d-9fb5371de741: 214 internal nodes; 8.2 s; peak memory 668 MiB.
2026-10-10T16:07:06Z INFO [2777/3046] ce58cf72-17e2-44a5-a9e8-e0057ebde1bc: 73 internal nodes; 3.6 s; peak memory 668 MiB.
2026-10-10T16:07:08Z INFO [2778/3046] ce59fba7-3ae8-4316-bab4-8e79df5243ad: 44 internal nodes; 2.6 s; peak memory 668 MiB.
2026-10-10T16:07:22Z INFO [2779/3046] ce5b00fb-ebe9-4a4a-a6bd-cacf6fd7e674: 248 internal nodes; 13.7 s; peak memory 668 MiB.
2026-10-10T16:07:23Z INFO [2780/3046] ce5b0265-49b0-474f-a112-eecb15a1fe73: 17 internal nodes; 1.0 s; peak memory 668 MiB.
2026-10-10T16:07:29Z INFO [2781/3046] ce5b2cad-0cdd-409b-a38f-26c047868014: 54 internal nodes; 5.8 s; peak memory 668 MiB.
2026-10-10T16:07:30Z INFO [2782/3046] ce5b37fa-0e12-426a-906a-93cceea5b0da: 17 internal nodes; 1.0 s; peak memory 668 MiB.
2026-10-10T16:07:32Z INFO [2783/3046] ce5b46b3-4c7b-4183-a90a-3aad233db32d: 67 internal nodes; 1.8 s; peak memory 668 MiB.
2026-10-10T16:07:39Z INFO [2784/3046] ce5c1d00-83a0-463f-b089-d58dd501c1d2: 59 internal nodes; 7.0 s; peak memory 668 MiB.
2026-10-10T16:07:40Z INFO [2785/3046] ce5d78c4-b856-4d13-935e-33dda14d4abb: 17 internal nodes; 1.0 s; peak memory 668 MiB.
2026-10-10T16:07:42Z INFO [2786/3046] ce5d9244-7196-4cc6-bfde-8ce51f9a6c79: 66 internal nodes; 2.1 s; peak memory 668 MiB.
2026-10-10T16:07:43Z INFO [2787/3046] ce5e943e-d40f-47b3-9d8b-3c23e8a5871d: 17 internal nodes; 0.9 s; peak memory 668 MiB.
2026-10-10T16:07:44Z INFO [2788/3046] ce5f36f5-cd56-419a-af7d-0b0f99d86c84: 27 internal nodes; 1.3 s; peak memory 668 MiB.
2026-10-10T16:07:45Z INFO [2789/3046] ce5f5073-634e-4263-9d4b-f149c034f5b0: 27 internal nodes; 1.1 s; peak memory 668 MiB.
2026-10-10T16:07:47Z INFO [2790/3046] ce5fabea-ad78-4603-be7f-25646c1d13c2: 37 internal nodes; 1.7 s; peak memory 668 MiB.
2026-10-10T16:07:48Z INFO [2791/3046] ce5fb07f-0a5f-420f-a917-b875a3a6b432: 27 internal nodes; 0.8 s; peak memory 668 MiB.
2026-10-10T16:07:57Z INFO [2792/3046] ce5fc0e4-abe8-4bdb-8b64-93efd38983da: 197 internal nodes; 9.6 s; peak memory 668 MiB.
2026-10-10T16:07:59Z INFO [2793/3046] ce5fd229-b2b5-4909-a21e-056753f0a2c5: 31 internal nodes; 1.4 s; peak memory 668 MiB.
2026-10-10T16:08:00Z INFO [2794/3046] ce60399c-db14-4768-a73b-7fa08ce8b0ad: 17 internal nodes; 1.0 s; peak memory 668 MiB.
2026-10-10T16:08:02Z INFO [2795/3046] ce604011-ea3a-4280-90f2-561ec58c40bb: 29 internal nodes; 1.7 s; peak memory 668 MiB.
2026-10-10T16:08:03Z INFO [2796/3046] ce612733-769a-4e5b-94b5-3f05400a4e11: 17 internal nodes; 1.0 s; peak memory 668 MiB.
2026-10-10T16:08:04Z INFO [2797/3046] ce612cb9-5731-411d-b4d7-1b017b3cbb15: 27 internal nodes; 1.2 s; peak memory 668 MiB.
2026-10-10T16:08:05Z INFO [2798/3046] ce6270c9-64dd-4d3e-abb9-43e7358b3515: 17 internal nodes; 1.0 s; peak memory 668 MiB.
2026-10-10T16:08:06Z INFO [2799/3046] ce62946f-56e9-40d5-88a9-025c7b09a103: 27 internal nodes; 1.3 s; peak memory 668 MiB.
2026-10-10T16:08:08Z INFO [2800/3046] ce63433f-1886-4975-b5b8-ea03a30ab7f7: 39 internal nodes; 1.6 s; peak memory 668 MiB.
2026-10-10T16:08:08Z INFO [2800/3046] ce63433f-1886-4975-b5b8-ea03a30ab7f7: checkpointed 146569 new records.
2026-10-10T16:08:09Z INFO [2801/3046] ce640624-ee62-407c-b186-58ea55581bf5: 114 internal nodes; 1.1 s; peak memory 668 MiB.
2026-10-10T16:08:15Z INFO [2802/3046] ce6414ed-5fc7-4508-8f39-d126de84738d: 73 internal nodes; 5.3 s; peak memory 668 MiB.
2026-10-10T16:08:16Z INFO [2803/3046] ce648479-5197-4fa2-ac06-fb7d2bd3af53: 31 internal nodes; 1.4 s; peak memory 668 MiB.
2026-10-10T16:08:17Z INFO [2804/3046] ce64e26f-d4ee-4a0e-8991-a3133d20f2f1: 11 internal nodes; 0.7 s; peak memory 668 MiB.
2026-10-10T16:09:00Z INFO [2805/3046] ce65074d-2f58-43f6-9dfa-f793d70a5e08: 93 internal nodes; 43.2 s; peak memory 668 MiB.
2026-10-10T16:09:20Z INFO [2806/3046] ce652e7e-4e74-4628-ba39-e22b345b1002: 380 internal nodes; 20.5 s; peak memory 668 MiB.
2026-10-10T16:09:21Z INFO [2807/3046] ce659f4e-94a0-43fb-a2bf-9bfdb573db3e: 13 internal nodes; 0.8 s; peak memory 668 MiB.
2026-10-10T16:09:22Z INFO [2808/3046] ce66694f-fb86-4bd1-8754-c600e9c1b1e0: 17 internal nodes; 1.0 s; peak memory 668 MiB.
2026-10-10T16:09:31Z INFO [2809/3046] ce68c4b9-a337-4d59-be4a-7cc3f2ff14c8: 196 internal nodes; 8.8 s; peak memory 668 MiB.
2026-10-10T16:09:33Z INFO [2810/3046] ce6908c1-18d4-4251-b781-7a7e18c9eec3: 52 internal nodes; 1.8 s; peak memory 668 MiB.
2026-10-10T16:09:35Z INFO [2811/3046] ce696871-1798-498a-acee-688a59d54e5f: 40 internal nodes; 2.4 s; peak memory 668 MiB.
2026-10-10T16:09:37Z INFO [2812/3046] ce69823f-38bc-400e-b70e-4d753e0533c7: 42 internal nodes; 2.2 s; peak memory 668 MiB.
2026-10-10T16:09:43Z INFO [2813/3046] ce69d27a-607f-4d2c-9175-5b9e31ba2d88: 61 internal nodes; 6.1 s; peak memory 668 MiB.
2026-10-10T16:09:50Z INFO [2814/3046] ce6a27ed-8c09-4895-83f7-2ad3dfbc37d8: 155 internal nodes; 6.5 s; peak memory 668 MiB.
2026-10-10T16:09:51Z INFO [2815/3046] ce6a876b-7269-4023-bd4a-4bbca98228dd: 25 internal nodes; 1.6 s; peak memory 668 MiB.
2026-10-10T16:09:52Z INFO [2816/3046] ce6af3e3-a32a-466b-995f-04aca5b26624: 18 internal nodes; 1.1 s; peak memory 668 MiB.
2026-10-10T16:09:55Z INFO [2817/3046] ce6b1917-fd92-4dad-9e06-eead772f8c67: 37 internal nodes; 2.3 s; peak memory 668 MiB.
2026-10-10T16:09:55Z INFO [2818/3046] ce6b4b09-aee7-4d97-87e9-f92b48651c4e: 11 internal nodes; 0.7 s; peak memory 668 MiB.
2026-10-10T16:09:57Z INFO [2819/3046] ce6be6e4-5503-445b-b1a0-581e08100e03: 27 internal nodes; 1.2 s; peak memory 668 MiB.
2026-10-10T16:10:03Z INFO [2820/3046] ce6c3401-faef-412b-b025-1a9d8c81ed4f: 166 internal nodes; 6.5 s; peak memory 668 MiB.
2026-10-10T16:10:04Z INFO [2821/3046] ce6c9d85-23e8-4918-87df-f1d8520e9360: 27 internal nodes; 0.9 s; peak memory 668 MiB.
2026-10-10T16:10:10Z INFO [2822/3046] ce6ce0c3-2bcf-4676-8702-40c29621dd79: 73 internal nodes; 6.4 s; peak memory 668 MiB.
2026-10-10T16:10:17Z INFO [2823/3046] ce6d3623-7d5b-4d52-8b52-7d2574290c24: 119 internal nodes; 6.5 s; peak memory 668 MiB.
2026-10-10T16:10:18Z INFO [2824/3046] ce6d533c-beaa-47ae-b11e-5714a2044c60: 17 internal nodes; 1.2 s; peak memory 668 MiB.
2026-10-10T16:10:20Z INFO [2825/3046] ce6de904-b1f0-4f56-902e-130cc1ecfbad: 31 internal nodes; 1.8 s; peak memory 668 MiB.
2026-10-10T16:10:29Z INFO [2826/3046] ce6df0b8-8250-449e-aa31-503525f81e52: 60 internal nodes; 8.7 s; peak memory 668 MiB.
2026-10-10T16:10:30Z INFO [2827/3046] ce6e35a3-2129-4343-b7b5-173217fe1e70: 17 internal nodes; 1.0 s; peak memory 668 MiB.
2026-10-10T16:10:38Z INFO [2828/3046] ce70a7eb-4213-41ba-8f23-39158ec5d436: 316 internal nodes; 8.5 s; peak memory 668 MiB.
2026-10-10T16:10:39Z INFO [2829/3046] ce70e94a-fff0-4f56-8b93-b643c084f184: 15 internal nodes; 0.9 s; peak memory 668 MiB.
2026-10-10T16:10:40Z INFO [2830/3046] ce712919-2757-4ce6-8ccf-36282cf3d7d2: 27 internal nodes; 1.3 s; peak memory 668 MiB.
2026-10-10T16:10:42Z INFO [2831/3046] ce716f78-1f36-418a-a9f5-5fbd6b80e3cd: 31 internal nodes; 1.6 s; peak memory 668 MiB.
2026-10-10T16:10:43Z INFO [2832/3046] ce7201a1-6f6f-48c7-bfbc-e5433643bcc2: 17 internal nodes; 1.0 s; peak memory 668 MiB.
2026-10-10T16:10:44Z INFO [2833/3046] ce721eae-4481-4830-95bd-691e93f86502: 17 internal nodes; 0.9 s; peak memory 668 MiB.
2026-10-10T16:10:46Z INFO [2834/3046] ce7255b1-0c1f-40bd-b5e8-a83f4f6b0398: 58 internal nodes; 1.9 s; peak memory 668 MiB.
2026-10-10T16:10:48Z INFO [2835/3046] ce72ce56-ba32-4d9e-a7b8-94b93cc49be8: 247 internal nodes; 2.7 s; peak memory 668 MiB.
2026-10-10T16:10:49Z INFO [2836/3046] ce752858-c1eb-4d8c-acd2-d584c387c925: 17 internal nodes; 0.8 s; peak memory 668 MiB.
2026-10-10T16:10:51Z INFO [2837/3046] ce759a55-f636-400c-b55e-37693d13fec9: 59 internal nodes; 1.8 s; peak memory 668 MiB.
2026-10-10T16:10:52Z INFO [2838/3046] ce75d589-46d3-4994-87b2-730e9c3afb10: 58 internal nodes; 1.1 s; peak memory 668 MiB.
2026-10-10T16:10:53Z INFO [2839/3046] ce7644c1-85be-4908-a81f-8d30e91477ce: 27 internal nodes; 1.3 s; peak memory 668 MiB.
2026-10-10T16:10:55Z INFO [2840/3046] ce767f0a-c100-483f-b773-116637903ff5: 22 internal nodes; 1.4 s; peak memory 668 MiB.
2026-10-10T16:10:56Z INFO [2841/3046] ce76b235-aaba-4226-85a5-32a8c8c2a933: 27 internal nodes; 1.4 s; peak memory 668 MiB.
2026-10-10T16:10:58Z INFO [2842/3046] ce76f468-bb80-4ab9-8de5-4a07257aacb6: 45 internal nodes; 2.4 s; peak memory 668 MiB.
2026-10-10T16:10:59Z INFO [2843/3046] ce770051-5a27-4009-b0a0-878af1c34362: 13 internal nodes; 0.9 s; peak memory 668 MiB.
2026-10-10T16:11:01Z INFO [2844/3046] ce775994-3a04-41f0-985a-15f56ee257e9: 21 internal nodes; 1.3 s; peak memory 668 MiB.
2026-10-10T16:11:02Z INFO [2845/3046] ce7787c6-c47d-43dc-a4f8-e092d99e5411: 17 internal nodes; 1.0 s; peak memory 668 MiB.
2026-10-10T16:11:03Z INFO [2846/3046] ce77ecc6-7553-4e35-ac78-8288bc00700b: 17 internal nodes; 1.0 s; peak memory 668 MiB.
2026-10-10T16:11:04Z INFO [2847/3046] ce77fe01-5210-476d-8e29-7c1e9aa72a53: 67 internal nodes; 1.7 s; peak memory 668 MiB.
2026-10-10T16:11:06Z INFO [2848/3046] ce78269e-d6c4-4d78-9f99-ef310cdd4976: 27 internal nodes; 1.2 s; peak memory 668 MiB.
2026-10-10T16:11:08Z INFO [2849/3046] ce787c08-d872-4300-a91a-4202f015ccfb: 31 internal nodes; 1.9 s; peak memory 668 MiB.
2026-10-10T16:11:09Z INFO [2850/3046] ce78cb11-1a07-4ced-952e-4f1dada7c652: 27 internal nodes; 1.3 s; peak memory 668 MiB.
2026-10-10T16:11:09Z INFO [2850/3046] ce78cb11-1a07-4ced-952e-4f1dada7c652: checkpointed 146619 new records.
2026-10-10T16:11:11Z INFO [2851/3046] ce78e109-3023-4322-9b31-c7adcc5b5c29: 17 internal nodes; 1.3 s; peak memory 668 MiB.
2026-10-10T16:11:12Z INFO [2852/3046] ce791123-4696-4de9-8856-969d72ed29df: 90 internal nodes; 1.2 s; peak memory 668 MiB.
2026-10-10T16:11:13Z INFO [2853/3046] ce794344-a61d-438f-bb2e-59c6e86f0143: 17 internal nodes; 1.0 s; peak memory 668 MiB.
2026-10-10T16:11:14Z INFO [2854/3046] ce795536-d109-43ce-b12c-3da78608a421: 17 internal nodes; 1.0 s; peak memory 668 MiB.
2026-10-10T16:11:15Z INFO [2855/3046] ce799cc7-ac89-4b04-a3c0-35b044bd7f65: 56 internal nodes; 1.5 s; peak memory 668 MiB.
2026-10-10T16:11:16Z INFO [2856/3046] ce79e298-e60f-4936-b4ee-9362beb00c9d: 18 internal nodes; 1.2 s; peak memory 668 MiB.
2026-10-10T16:11:18Z INFO [2857/3046] ce7a43a8-2d6c-448e-b6e3-e017826ad021: 58 internal nodes; 1.8 s; peak memory 668 MiB.
2026-10-10T16:11:19Z INFO [2858/3046] ce7afe4d-8405-4b21-9068-35947e1f186b: 23 internal nodes; 1.1 s; peak memory 668 MiB.
2026-10-10T16:11:21Z INFO [2859/3046] ce7b4aac-ac35-4047-b556-bd2d5b800134: 31 internal nodes; 1.4 s; peak memory 668 MiB.
2026-10-10T16:11:23Z INFO [2860/3046] ce7beef5-b4d6-4918-85f1-24d944714082: 31 internal nodes; 1.7 s; peak memory 668 MiB.
2026-10-10T16:11:25Z INFO [2861/3046] ce7c5ca2-414c-426a-89b1-4a59b1529746: 55 internal nodes; 2.3 s; peak memory 668 MiB.
2026-10-10T16:11:26Z INFO [2862/3046] ce7d33b5-a3a2-480d-b597-720ec23d7951: 27 internal nodes; 1.2 s; peak memory 668 MiB.
2026-10-10T16:11:27Z INFO [2863/3046] ce7db55c-ceb7-48bf-b6fd-276d7a87eaca: 17 internal nodes; 1.1 s; peak memory 668 MiB.
2026-10-10T16:11:28Z INFO [2864/3046] ce7dc7d5-74bb-4ca4-af61-8c653c302f5c: 21 internal nodes; 1.1 s; peak memory 668 MiB.
2026-10-10T16:11:33Z INFO [2865/3046] ce7ed3c5-0ee4-4de3-956a-864af9e4e8cd: 43 internal nodes; 4.7 s; peak memory 668 MiB.
2026-10-10T16:11:35Z INFO [2866/3046] ce7ef8a3-e061-4b09-bdf4-c80384986b30: 31 internal nodes; 1.6 s; peak memory 668 MiB.
2026-10-10T16:11:36Z INFO [2867/3046] ce804054-107c-4458-8a30-7a328f24f18f: 18 internal nodes; 1.0 s; peak memory 668 MiB.
2026-10-10T16:11:37Z INFO [2868/3046] ce805ce3-88f8-4b84-9af0-bf74366b26c6: 58 internal nodes; 1.0 s; peak memory 668 MiB.
2026-10-10T16:11:38Z INFO [2869/3046] ce80763f-3aad-44d3-8bb4-787238b513ce: 31 internal nodes; 1.4 s; peak memory 668 MiB.
2026-10-10T16:11:39Z INFO [2870/3046] ce80dcf2-fcab-4e82-b54c-e36acf664b6c: 11 internal nodes; 0.9 s; peak memory 668 MiB.
2026-10-10T16:11:44Z INFO [2871/3046] ce81066b-4b5d-4948-91df-87470c534ec3: 73 internal nodes; 5.2 s; peak memory 668 MiB.
2026-10-10T16:11:51Z INFO [2872/3046] ce817dc3-6dc5-4589-a031-fe71f3da66bd: 62 internal nodes; 6.6 s; peak memory 668 MiB.
2026-10-10T16:11:52Z INFO [2873/3046] ce81f67b-92cd-4cb5-956a-31112b5005c2: 27 internal nodes; 1.3 s; peak memory 668 MiB.
2026-10-10T16:11:53Z INFO [2874/3046] ce82c22f-0269-4239-ab23-d952d44489b0: 17 internal nodes; 1.0 s; peak memory 668 MiB.
2026-10-10T16:12:04Z INFO [2875/3046] ce833518-1988-481c-9a55-d353e8662ca9: 134 internal nodes; 11.2 s; peak memory 668 MiB.
2026-10-10T16:12:06Z INFO [2876/3046] ce837027-a5b6-47ef-836a-3d7c03258d7e: 31 internal nodes; 1.7 s; peak memory 668 MiB.
2026-10-10T16:12:07Z INFO [2877/3046] ce8398f5-90b9-4278-888a-24b1e4d77624: 27 internal nodes; 1.6 s; peak memory 668 MiB.
2026-10-10T16:12:09Z INFO [2878/3046] ce83a2e3-abeb-45e0-816f-366b9677753c: 27 internal nodes; 1.2 s; peak memory 668 MiB.
2026-10-10T16:12:11Z INFO [2879/3046] ce83a4e1-0f4d-4aa3-98a1-9a4442610d7c: 54 internal nodes; 2.2 s; peak memory 668 MiB.
2026-10-10T16:12:12Z INFO [2880/3046] ce8425af-997c-4863-bb27-4be75d144db1: 17 internal nodes; 0.9 s; peak memory 668 MiB.
2026-10-10T16:12:13Z INFO [2881/3046] ce852e25-cb48-41bf-8fee-aab7dc8f8571: 13 internal nodes; 1.1 s; peak memory 668 MiB.
2026-10-10T16:12:16Z INFO [2882/3046] ce855bb8-25fe-4cc7-bbda-6cf6c6348b83: 50 internal nodes; 3.2 s; peak memory 668 MiB.
2026-10-10T16:12:19Z INFO [2883/3046] ce863039-c932-43fc-bfce-a1080b23e08a: 44 internal nodes; 2.8 s; peak memory 668 MiB.
2026-10-10T16:12:20Z INFO [2884/3046] ce87f676-ce88-4147-8ece-38aa7ce406a4: 27 internal nodes; 1.4 s; peak memory 668 MiB.
2026-10-10T16:12:29Z INFO [2885/3046] ce886da7-b9ca-4d20-af4f-fb43db16fab1: 98 internal nodes; 8.6 s; peak memory 668 MiB.
2026-10-10T16:12:35Z INFO [2886/3046] ce88b258-d5c9-4f7e-bb38-010b86807226: 58 internal nodes; 6.6 s; peak memory 668 MiB.
2026-10-10T16:12:40Z INFO [2887/3046] ce890239-79b4-4cfb-8b22-621bfc2b5ed3: 57 internal nodes; 4.2 s; peak memory 668 MiB.
2026-10-10T16:12:42Z INFO [2888/3046] ce893383-6483-4fe7-8573-19bf76779ef6: 69 internal nodes; 2.1 s; peak memory 668 MiB.
2026-10-10T16:12:42Z INFO [2889/3046] ce89870b-f2d7-483e-bac6-392f190d66f6: 11 internal nodes; 0.7 s; peak memory 668 MiB.
2026-10-10T16:12:45Z INFO [2890/3046] ce8a8029-b5e3-480d-99cc-8a8028a8d0d9: 44 internal nodes; 2.6 s; peak memory 668 MiB.
2026-10-10T16:12:46Z INFO [2891/3046] ce8ae62b-a016-43d4-806e-1ba94896fa75: 17 internal nodes; 1.0 s; peak memory 668 MiB.
2026-10-10T16:12:48Z INFO [2892/3046] ce8b47bf-dc83-406d-82f9-5592ae6d5be0: 17 internal nodes; 1.5 s; peak memory 668 MiB.
2026-10-10T16:12:48Z INFO [2893/3046] ce8b9a2e-9507-47b9-b2f6-1af65f08a5ca: 17 internal nodes; 1.0 s; peak memory 668 MiB.
2026-10-10T16:12:50Z INFO [2894/3046] ce8c5a1e-2ff8-48c9-8dbf-0fecf3929e98: 28 internal nodes; 1.5 s; peak memory 668 MiB.
2026-10-10T16:12:51Z INFO [2895/3046] ce8c9c8d-f807-4edd-a758-78ecd6412868: 17 internal nodes; 1.0 s; peak memory 668 MiB.
2026-10-10T16:12:52Z INFO [2896/3046] ce8cdb71-d941-4eac-815e-4373163cb0b4: 22 internal nodes; 1.2 s; peak memory 668 MiB.
2026-10-10T16:12:55Z INFO [2897/3046] ce8d4116-e37e-4208-8433-9071f5f862d6: 42 internal nodes; 2.5 s; peak memory 668 MiB.
2026-10-10T16:12:57Z INFO [2898/3046] ce8dfddd-2690-4f39-938a-0df4fc43e7cf: 69 internal nodes; 2.1 s; peak memory 668 MiB.
2026-10-10T16:13:02Z INFO [2899/3046] ce8e971f-b57a-4ac8-b433-6515c47b37c5: 68 internal nodes; 5.1 s; peak memory 668 MiB.
2026-10-10T16:13:03Z INFO [2900/3046] ce8f9081-a9c6-4bd1-9543-53c32f6bd5cf: 17 internal nodes; 1.0 s; peak memory 668 MiB.
2026-10-10T16:13:03Z INFO [2900/3046] ce8f9081-a9c6-4bd1-9543-53c32f6bd5cf: checkpointed 146669 new records.
2026-10-10T16:13:05Z INFO [2901/3046] ce8fe443-34a0-41b2-a73a-cc14d4e14b86: 37 internal nodes; 1.9 s; peak memory 668 MiB.
2026-10-10T16:13:08Z INFO [2902/3046] ce8ffda9-38f2-45d9-8b52-e5d66b6a0279: 44 internal nodes; 2.4 s; peak memory 668 MiB.
2026-10-10T16:13:08Z INFO [2903/3046] ce9086d7-f9f4-40d0-9c9e-9e0f4945c8d3: 26 internal nodes; 0.7 s; peak memory 668 MiB.
2026-10-10T16:13:10Z INFO [2904/3046] ce916dc1-c94e-426e-a824-01df17d8b928: 27 internal nodes; 1.4 s; peak memory 668 MiB.
2026-10-10T16:13:11Z INFO [2905/3046] ce91aeff-876d-4c41-b333-0b7964bd3efd: 27 internal nodes; 1.4 s; peak memory 668 MiB.
2026-10-10T16:13:12Z INFO [2906/3046] ce91f465-32aa-4462-bf8e-137f61c6ff08: 17 internal nodes; 1.0 s; peak memory 668 MiB.
2026-10-10T16:13:13Z INFO [2907/3046] ce926533-7e86-4d57-8729-43c71f7a728d: 17 internal nodes; 1.0 s; peak memory 668 MiB.
2026-10-10T16:13:15Z INFO [2908/3046] ce9265bf-4fb0-4813-941a-46c35a7bda53: 31 internal nodes; 1.5 s; peak memory 668 MiB.
2026-10-10T16:13:16Z INFO [2909/3046] ce92dcdf-8c9e-4dd1-bebb-95c33734f9d1: 17 internal nodes; 1.0 s; peak memory 668 MiB.
2026-10-10T16:13:27Z INFO [2910/3046] ce9330f5-3939-4abd-a430-f842358a0f67: 235 internal nodes; 11.1 s; peak memory 668 MiB.
2026-10-10T16:13:28Z INFO [2911/3046] ce939a1a-c3bd-49f2-8ab0-d981d922f70d: 27 internal nodes; 1.2 s; peak memory 668 MiB.
2026-10-10T16:13:29Z INFO [2912/3046] ce93acc9-abd0-4bc7-b4f4-3e37aa56781f: 17 internal nodes; 1.0 s; peak memory 668 MiB.
2026-10-10T16:13:31Z INFO [2913/3046] ce949600-be40-43ed-bd5e-1831478869c6: 44 internal nodes; 2.2 s; peak memory 668 MiB.
2026-10-10T16:13:33Z INFO [2914/3046] ce950897-6f91-4dc9-8b6c-8a31ecce905a: 58 internal nodes; 2.0 s; peak memory 668 MiB.
2026-10-10T16:13:35Z INFO [2915/3046] ce9579a5-686b-4f39-b1d1-df3ba7680347: 61 internal nodes; 1.7 s; peak memory 668 MiB.
2026-10-10T16:13:36Z INFO [2916/3046] ce95f2b6-020e-4f4b-b168-3b183fab7f41: 27 internal nodes; 1.4 s; peak memory 668 MiB.
2026-10-10T16:13:37Z INFO [2917/3046] ce960e9b-8ca2-438c-af3e-cebdead77246: 17 internal nodes; 0.9 s; peak memory 668 MiB.
2026-10-10T16:13:39Z INFO [2918/3046] ce9687a8-ee9e-415e-a160-962038627617: 38 internal nodes; 1.6 s; peak memory 668 MiB.
2026-10-10T16:13:41Z INFO [2919/3046] ce982ab7-27fa-45ed-b4b9-d6ecbeb400de: 43 internal nodes; 2.1 s; peak memory 668 MiB.
2026-10-10T16:13:42Z INFO [2920/3046] ce988242-2f48-40e3-aa83-c28dc37ab413: 31 internal nodes; 1.6 s; peak memory 668 MiB.
2026-10-10T16:13:51Z INFO [2921/3046] ce98b1d8-d0c0-4bba-94e3-31ca53b368fc: 63 internal nodes; 8.9 s; peak memory 668 MiB.
2026-10-10T16:13:54Z INFO [2922/3046] ce98d2c1-b7b6-4694-849e-e6bb9d8eab2b: 55 internal nodes; 2.9 s; peak memory 668 MiB.
2026-10-10T16:13:55Z INFO [2923/3046] ce998612-073e-4ecb-b663-0484e9906dbb: 27 internal nodes; 1.4 s; peak memory 668 MiB.
2026-10-10T16:13:57Z INFO [2924/3046] ce99ea06-313e-4653-8cc1-3e90733d4266: 27 internal nodes; 1.4 s; peak memory 668 MiB.
2026-10-10T16:14:03Z INFO [2925/3046] ce9aa05f-35c6-4f04-8cd4-c8cc42b69252: 41 internal nodes; 6.2 s; peak memory 668 MiB.
2026-10-10T16:14:04Z INFO [2926/3046] ce9b4996-f88d-4440-9ec3-d07224932117: 29 internal nodes; 1.5 s; peak memory 668 MiB.
2026-10-10T16:14:06Z INFO [2927/3046] ce9c605b-9d1e-4bc8-abdf-747946a624d1: 27 internal nodes; 1.3 s; peak memory 668 MiB.
2026-10-10T16:14:07Z INFO [2928/3046] ce9e554e-4d15-4508-a45a-20a258e0b2e1: 34 internal nodes; 1.2 s; peak memory 668 MiB.
2026-10-10T16:14:11Z INFO [2929/3046] ce9e678b-b92f-4cd8-90b1-f851fa697d74: 51 internal nodes; 3.8 s; peak memory 668 MiB.
2026-10-10T16:14:15Z INFO [2930/3046] ce9e974b-ab10-4b67-94ff-a592af1c7fd0: 91 internal nodes; 4.4 s; peak memory 668 MiB.
2026-10-10T16:14:17Z INFO [2931/3046] ce9f4c17-24a0-4e6d-a208-9719017a682d: 27 internal nodes; 1.3 s; peak memory 668 MiB.
2026-10-10T16:14:17Z INFO [2932/3046] ce9fa698-7f58-4d6f-9850-a536dd4a14e6: 17 internal nodes; 0.8 s; peak memory 668 MiB.
2026-10-10T16:14:27Z INFO [2933/3046] ce9ffc46-d3b9-4daf-b778-76dd67758d32: 114 internal nodes; 9.7 s; peak memory 668 MiB.
2026-10-10T16:14:28Z INFO [2934/3046] cea12712-9c64-4aad-a2df-d88046cd53e2: 29 internal nodes; 1.2 s; peak memory 668 MiB.
2026-10-10T16:14:30Z INFO [2935/3046] cea1c8d3-1a24-4713-b5ed-fdc3379515d9: 53 internal nodes; 1.4 s; peak memory 668 MiB.
2026-10-10T16:14:31Z INFO [2936/3046] cea1ff11-b0b8-4176-8ba2-9fc5ca41eebc: 31 internal nodes; 1.7 s; peak memory 668 MiB.
2026-10-10T16:14:32Z INFO [2937/3046] cea34d69-51ba-4738-80b4-8ef12b5ca6ef: 19 internal nodes; 1.0 s; peak memory 668 MiB.
2026-10-10T16:14:33Z INFO [2938/3046] cea34d96-469c-4b66-94a9-f46f50e01071: 19 internal nodes; 1.0 s; peak memory 668 MiB.
2026-10-10T16:14:35Z INFO [2939/3046] cea3956d-8f73-46a7-881e-4fcc739b435f: 66 internal nodes; 1.9 s; peak memory 668 MiB.
2026-10-10T16:14:37Z INFO [2940/3046] cea3e3d5-8954-4884-acd3-8478c02b023a: 65 internal nodes; 1.6 s; peak memory 668 MiB.
2026-10-10T16:14:38Z INFO [2941/3046] cea3f179-653a-4a84-90d8-1e58a591d29e: 29 internal nodes; 1.3 s; peak memory 668 MiB.
2026-10-10T16:14:41Z INFO [2942/3046] cea4af88-281c-4d84-b110-31e192817ab9: 41 internal nodes; 3.3 s; peak memory 668 MiB.
2026-10-10T16:14:43Z INFO [2943/3046] cea57c87-f33c-4b2d-bd2c-2be98e3fc3d1: 27 internal nodes; 1.6 s; peak memory 668 MiB.
2026-10-10T16:14:44Z INFO [2944/3046] cea61c09-2a8d-49b0-8ede-cc6ca09d52a3: 13 internal nodes; 1.0 s; peak memory 668 MiB.
2026-10-10T16:14:45Z INFO [2945/3046] cea652d3-572c-4c9e-86c6-219a81428509: 27 internal nodes; 1.4 s; peak memory 668 MiB.
2026-10-10T16:14:47Z INFO [2946/3046] cea6aab0-eb33-42c0-8c00-b3e7ac3018e4: 37 internal nodes; 1.8 s; peak memory 668 MiB.
2026-10-10T16:14:49Z INFO [2947/3046] cea78ca7-a528-454e-9f6c-a809c34076b4: 31 internal nodes; 1.7 s; peak memory 668 MiB.
2026-10-10T16:14:53Z INFO [2948/3046] cea79f2d-6215-4a1a-ba56-bc942bbd8287: 95 internal nodes; 3.9 s; peak memory 668 MiB.
2026-10-10T16:14:54Z INFO [2949/3046] cea7dd8a-01a0-47db-9fce-31de547813b8: 13 internal nodes; 1.0 s; peak memory 668 MiB.
2026-10-10T16:14:56Z INFO [2950/3046] cea7eb9d-b548-4f50-ac84-45f6a85c1680: 46 internal nodes; 2.4 s; peak memory 668 MiB.
2026-10-10T16:14:57Z INFO [2950/3046] cea7eb9d-b548-4f50-ac84-45f6a85c1680: checkpointed 146719 new records.
2026-10-10T16:15:02Z INFO [2951/3046] cea866d8-5fe4-4061-9765-43d249baf834: 148 internal nodes; 5.4 s; peak memory 668 MiB.
2026-10-10T16:15:03Z INFO [2952/3046] cea9e7ab-3299-4333-a6aa-ce1f551de339: 17 internal nodes; 0.9 s; peak memory 668 MiB.
2026-10-10T16:15:04Z INFO [2953/3046] ceaa025a-b75d-4951-b567-6966fa6be34c: 27 internal nodes; 1.2 s; peak memory 668 MiB.
2026-10-10T16:15:05Z INFO [2954/3046] ceaa2ea4-fcac-42bb-a244-288ba648a352: 18 internal nodes; 0.9 s; peak memory 668 MiB.
2026-10-10T16:15:07Z INFO [2955/3046] ceaa6e65-daa7-4a95-a505-2f8daf0699d8: 30 internal nodes; 1.9 s; peak memory 668 MiB.
2026-10-10T16:15:09Z INFO [2956/3046] ceab561b-2806-4f6a-bbd9-9c559b738995: 31 internal nodes; 1.9 s; peak memory 668 MiB.
2026-10-10T16:15:11Z INFO [2957/3046] ceab79ef-4eeb-4566-88ee-92e0eae5baac: 31 internal nodes; 1.8 s; peak memory 668 MiB.
2026-10-10T16:15:12Z INFO [2958/3046] ceac1bb9-0963-445b-a145-cb53fc784c83: 17 internal nodes; 1.1 s; peak memory 668 MiB.
2026-10-10T16:15:15Z INFO [2959/3046] ceac7410-f546-4ad6-88b4-13b27e0e8a93: 44 internal nodes; 2.6 s; peak memory 668 MiB.
2026-10-10T16:15:16Z INFO [2960/3046] ceac9f11-89bf-454c-a984-5246531009f8: 22 internal nodes; 1.2 s; peak memory 668 MiB.
2026-10-10T16:15:17Z INFO [2961/3046] ceaf5d41-408c-4e7c-9e9f-8aa322473e44: 17 internal nodes; 0.9 s; peak memory 668 MiB.
2026-10-10T16:15:18Z INFO [2962/3046] ceaf9981-3489-41cd-9ff1-21a896424842: 27 internal nodes; 1.4 s; peak memory 668 MiB.
2026-10-10T16:15:22Z INFO [2963/3046] ceb076ae-ce45-4dc9-a50a-8ff601240e8f: 99 internal nodes; 4.1 s; peak memory 668 MiB.
2026-10-10T16:15:23Z INFO [2964/3046] ceb08c2a-dc0c-4cf2-a374-0f68c8b51f53: 27 internal nodes; 1.2 s; peak memory 668 MiB.
2026-10-10T16:15:25Z INFO [2965/3046] ceb0bd0a-0aff-46b2-a964-a8817cf6847e: 115 internal nodes; 1.3 s; peak memory 668 MiB.
2026-10-10T16:15:26Z INFO [2966/3046] ceb1436f-5fb2-42f4-abfa-991cf8e0fd79: 15 internal nodes; 1.0 s; peak memory 668 MiB.
2026-10-10T16:15:33Z INFO [2967/3046] ceb22418-6cd5-45af-8f4b-fa736ecd7776: 61 internal nodes; 7.0 s; peak memory 668 MiB.
2026-10-10T16:15:36Z INFO [2968/3046] ceb24e29-f9cc-4e79-bfaa-3590649f3821: 44 internal nodes; 2.7 s; peak memory 668 MiB.
2026-10-10T16:15:46Z INFO [2969/3046] ceb288c1-8817-4345-9b67-c654fc2d60a8: 358 internal nodes; 10.4 s; peak memory 668 MiB.
2026-10-10T16:15:47Z INFO [2970/3046] ceb2bd3f-b65e-4260-ab81-9760ac58f717: 13 internal nodes; 0.9 s; peak memory 668 MiB.
2026-10-10T16:15:48Z INFO [2971/3046] ceb302b2-8fbc-4943-a635-ca8e5e70db99: 27 internal nodes; 1.3 s; peak memory 668 MiB.
2026-10-10T16:15:49Z INFO [2972/3046] ceb30ed6-fc5e-46f0-a67b-3573bbe8d82d: 30 internal nodes; 1.3 s; peak memory 668 MiB.
2026-10-10T16:15:51Z INFO [2973/3046] ceb377d9-f17d-4a0a-b844-e096d193305c: 27 internal nodes; 1.3 s; peak memory 668 MiB.
2026-10-10T16:15:52Z INFO [2974/3046] ceb54ca3-5b8f-4a1b-888d-5619756ab5a7: 17 internal nodes; 1.1 s; peak memory 668 MiB.
2026-10-10T16:15:53Z INFO [2975/3046] ceb71ad1-5513-4ef9-9795-59cead79e573: 27 internal nodes; 1.3 s; peak memory 668 MiB.
2026-10-10T16:15:55Z INFO [2976/3046] ceb7e5cd-c287-462b-b56e-1bfd7cb221c4: 31 internal nodes; 1.4 s; peak memory 668 MiB.
2026-10-10T16:15:56Z INFO [2977/3046] ceb7e5f7-ba63-41df-9127-51b05a7e09b3: 27 internal nodes; 1.2 s; peak memory 668 MiB.
2026-10-10T16:15:59Z INFO [2978/3046] ceb81650-76f3-41e2-85e8-1c3286025db2: 44 internal nodes; 2.7 s; peak memory 668 MiB.
2026-10-10T16:15:59Z INFO [2979/3046] ceb84886-ad3c-4527-a119-f72cec7bd825: 17 internal nodes; 1.0 s; peak memory 668 MiB.
2026-10-10T16:16:00Z INFO [2980/3046] ceb871a8-76b9-4bbf-b17d-a12c01945b59: 12 internal nodes; 0.9 s; peak memory 668 MiB.
2026-10-10T16:16:01Z INFO [2981/3046] ceb8a275-8a96-426f-9778-fb49f8e176c1: 26 internal nodes; 1.1 s; peak memory 668 MiB.
2026-10-10T16:16:08Z INFO [2982/3046] ceb8a7c0-e220-4883-9bd3-14c268edf13c: 62 internal nodes; 6.1 s; peak memory 668 MiB.
2026-10-10T16:16:09Z INFO [2983/3046] ceb917b1-d412-45a2-aa88-667f524783c0: 53 internal nodes; 1.5 s; peak memory 668 MiB.
2026-10-10T16:16:10Z INFO [2984/3046] ceb9cdf8-3d16-46df-b107-0b0a5741fb3f: 27 internal nodes; 1.4 s; peak memory 668 MiB.
2026-10-10T16:16:11Z INFO [2985/3046] cebbe473-a536-4f9b-b46b-74d4fe2baaf9: 17 internal nodes; 1.0 s; peak memory 668 MiB.
2026-10-10T16:16:12Z INFO [2986/3046] cebc6e2a-aaf9-46f9-a5e7-cfefe530c005: 11 internal nodes; 0.8 s; peak memory 668 MiB.
2026-10-10T16:16:14Z INFO [2987/3046] cebce77c-bc59-4a5f-92a2-f0ef7365d9d3: 31 internal nodes; 1.5 s; peak memory 668 MiB.
2026-10-10T16:16:14Z INFO [2988/3046] cebed27f-81e6-48d5-8c8c-35dd030a67bc: 26 internal nodes; 0.7 s; peak memory 668 MiB.
2026-10-10T16:16:17Z INFO [2989/3046] cebfbf2a-58b0-466f-9e00-5ac4ae2d8df2: 60 internal nodes; 2.4 s; peak memory 668 MiB.
2026-10-10T16:16:18Z INFO [2990/3046] cebfd903-f9ea-4260-8f3e-4ee2009d61f0: 17 internal nodes; 0.9 s; peak memory 668 MiB.
2026-10-10T16:16:19Z INFO [2991/3046] cec14095-3805-4c6c-b0e4-0c5b15594e6d: 17 internal nodes; 1.0 s; peak memory 668 MiB.
2026-10-10T16:16:26Z INFO [2992/3046] cec18dcd-0ee2-4a29-b196-f6ee1071b708: 165 internal nodes; 7.5 s; peak memory 668 MiB.
2026-10-10T16:16:31Z INFO [2993/3046] cec1cd57-9aeb-40c1-ba8f-06f641dbcc12: 63 internal nodes; 5.2 s; peak memory 668 MiB.
2026-10-10T16:16:33Z INFO [2994/3046] cec2cebb-e90d-49f2-8feb-0e7cf5598cbf: 114 internal nodes; 1.2 s; peak memory 668 MiB.
2026-10-10T16:16:34Z INFO [2995/3046] cec3380c-2494-4135-86a0-6aec41c944e1: 27 internal nodes; 1.2 s; peak memory 668 MiB.
2026-10-10T16:16:40Z INFO [2996/3046] cec4d8ba-ca09-4145-adbe-1db72727fa62: 61 internal nodes; 6.7 s; peak memory 668 MiB.
2026-10-10T16:16:42Z INFO [2997/3046] cec4e41f-7f87-4844-aab5-3f0a4bfe8708: 31 internal nodes; 1.6 s; peak memory 668 MiB.
2026-10-10T16:16:43Z INFO [2998/3046] cec58fb2-4b64-4468-b335-53ddf6b4c5e5: 31 internal nodes; 1.5 s; peak memory 668 MiB.
2026-10-10T16:16:45Z INFO [2999/3046] cec68316-77b7-477f-8587-d8f21fa0509e: 29 internal nodes; 1.3 s; peak memory 668 MiB.
2026-10-10T16:16:46Z INFO [3000/3046] cec6a2e1-3cdf-41fe-909a-889041705550: 28 internal nodes; 1.5 s; peak memory 668 MiB.
2026-10-10T16:16:47Z INFO [3000/3046] cec6a2e1-3cdf-41fe-909a-889041705550: checkpointed 146769 new records.
2026-10-10T16:16:48Z INFO [3001/3046] cec6b533-b23f-449e-9e14-cbb41ff13ee2: 66 internal nodes; 1.7 s; peak memory 668 MiB.
2026-10-10T16:16:49Z INFO [3002/3046] cec6e547-6e12-4f5e-88ec-19b2f721fe55: 15 internal nodes; 1.0 s; peak memory 668 MiB.
2026-10-10T16:16:50Z INFO [3003/3046] cec8947e-cc1d-4319-89ae-3a5868fb510b: 17 internal nodes; 1.0 s; peak memory 668 MiB.
2026-10-10T16:16:51Z INFO [3004/3046] cec92ab7-aede-422a-9ae7-b08e2876ef69: 27 internal nodes; 1.1 s; peak memory 668 MiB.
2026-10-10T16:16:52Z INFO [3005/3046] cec9dd5b-4d24-4ced-a9a7-888f96805848: 17 internal nodes; 0.8 s; peak memory 668 MiB.
2026-10-10T16:16:54Z INFO [3006/3046] cec9fb90-aefe-41e7-a6bd-d6a4f13e04d4: 30 internal nodes; 2.1 s; peak memory 668 MiB.
2026-10-10T16:16:58Z INFO [3007/3046] ceca11a0-aab7-49db-bee0-e095e366b84a: 46 internal nodes; 3.2 s; peak memory 668 MiB.
2026-10-10T16:17:07Z INFO [3008/3046] ceca15c7-5126-473a-a9e8-22ecdbd7a8e2: 50 internal nodes; 9.1 s; peak memory 668 MiB.
2026-10-10T16:17:08Z INFO [3009/3046] ceca56cf-6531-4cf0-9b43-5a5a9c2bb985: 26 internal nodes; 0.8 s; peak memory 668 MiB.
2026-10-10T16:17:08Z INFO [3010/3046] cecab4e5-00da-4349-8446-925f83b6f63d: 18 internal nodes; 0.9 s; peak memory 668 MiB.
2026-10-10T16:17:10Z INFO [3011/3046] cecbe1ef-2876-4206-9434-68230d6f998c: 31 internal nodes; 1.6 s; peak memory 668 MiB.
2026-10-10T16:17:11Z INFO [3012/3046] cecbe8af-2efc-4b96-8f5f-136cbe89b19a: 31 internal nodes; 1.3 s; peak memory 668 MiB.
2026-10-10T16:17:13Z INFO [3013/3046] cecc07a5-8bb4-4828-888d-91b5342a0bf6: 27 internal nodes; 1.2 s; peak memory 668 MiB.
2026-10-10T16:17:13Z INFO [3014/3046] cecc0e09-0f66-4de7-aaf4-666c73ac90d1: 21 internal nodes; 0.7 s; peak memory 668 MiB.
2026-10-10T16:17:15Z INFO [3015/3046] ceccd179-fc6a-4f16-af01-b0224c0cf43d: 31 internal nodes; 1.7 s; peak memory 668 MiB.
2026-10-10T16:17:16Z INFO [3016/3046] cecd02e5-e727-44ad-b0be-f1afb7c0e192: 17 internal nodes; 1.0 s; peak memory 668 MiB.
2026-10-10T16:17:17Z INFO [3017/3046] cecdd43c-bfb2-41f4-af84-1aa06d97bc79: 27 internal nodes; 1.3 s; peak memory 668 MiB.
2026-10-10T16:17:18Z INFO [3018/3046] cece1684-39e8-49fa-a490-e1ab7264f2c2: 15 internal nodes; 0.9 s; peak memory 668 MiB.
2026-10-10T16:17:19Z INFO [3019/3046] cecfb7c1-7c04-4a18-9a8e-66726b981e22: 17 internal nodes; 1.1 s; peak memory 668 MiB.
2026-10-10T16:17:21Z INFO [3020/3046] cecfd539-910d-4c06-80a7-fb718d54d4f6: 27 internal nodes; 1.3 s; peak memory 668 MiB.
2026-10-10T16:17:22Z INFO [3021/3046] ced08740-c1fc-4067-9005-9eef535d511b: 17 internal nodes; 1.0 s; peak memory 668 MiB.
2026-10-10T16:17:23Z INFO [3022/3046] ced11f81-cfd9-4600-bdf0-e4767fc65530: 67 internal nodes; 1.7 s; peak memory 668 MiB.
2026-10-10T16:17:33Z INFO [3023/3046] ced17f39-e3ee-48ce-9111-6b959ddcc8cf: 85 internal nodes; 10.0 s; peak memory 668 MiB.
2026-10-10T16:17:35Z INFO [3024/3046] ced22946-6c78-48fb-9cc1-ccefba32add1: 31 internal nodes; 1.6 s; peak memory 668 MiB.
2026-10-10T16:17:36Z INFO [3025/3046] ced2d43f-adfd-4a55-870a-240ae9eb7747: 17 internal nodes; 1.3 s; peak memory 668 MiB.
2026-10-10T16:17:42Z INFO [3026/3046] ced2e8b9-218a-4df1-b132-4999d1b47d1e: 61 internal nodes; 6.3 s; peak memory 668 MiB.
2026-10-10T16:17:44Z INFO [3027/3046] ced30aa1-d2e6-451a-a54d-07c6e6fb3ef2: 27 internal nodes; 1.1 s; peak memory 668 MiB.
2026-10-10T16:17:46Z INFO [3028/3046] ced30b9a-c13d-47dd-b94f-c74ba2fe86e3: 44 internal nodes; 2.7 s; peak memory 668 MiB.
2026-10-10T16:17:47Z INFO [3029/3046] ced32609-16ab-4c4c-991f-8fa9f40e9401: 39 internal nodes; 1.2 s; peak memory 668 MiB.
2026-10-10T16:17:49Z INFO [3030/3046] ced33855-a232-456b-b2fb-d3a06c1b31f7: 27 internal nodes; 1.3 s; peak memory 668 MiB.
2026-10-10T16:17:50Z WARNING ced3426c-8c04-4668-a901-8fb5c9b9e30a: failed while reading the NWB file (KeyError: 'Unable to synchronously open object (component not found)')
2026-10-10T16:17:50Z WARNING [3031/3046] ced3426c-8c04-4668-a901-8fb5c9b9e30a: leaving unrecorded for a later run to retry.
2026-10-10T16:17:57Z INFO [3032/3046] ced3539f-f43e-4c8f-9323-ba79084e66c4: 147 internal nodes; 7.0 s; peak memory 668 MiB.
2026-10-10T16:17:58Z INFO [3033/3046] ced413cb-0abf-453e-8be1-113a7ad4fcde: 17 internal nodes; 0.7 s; peak memory 668 MiB.
2026-10-10T16:18:01Z INFO [3034/3046] ced54682-91e9-4cb6-a6ab-d5b082df78df: 44 internal nodes; 2.6 s; peak memory 668 MiB.
2026-10-10T16:18:02Z INFO [3035/3046] ced5bb25-98db-44f4-a906-dfb497c5cd12: 17 internal nodes; 0.9 s; peak memory 668 MiB.
2026-10-10T16:18:03Z INFO [3036/3046] ced60846-855e-4b35-a7b7-0edc46d783e4: 13 internal nodes; 1.0 s; peak memory 668 MiB.
2026-10-10T16:18:08Z INFO [3037/3046] ced62e47-d18c-466d-8d04-461824eb4832: 61 internal nodes; 5.6 s; peak memory 668 MiB.
2026-10-10T16:20:25Z INFO [3038/3046] ced745ce-72b2-4e15-9310-830bd23dbf0d: 21889 internal nodes; 136.8 s; peak memory 944 MiB.
2026-10-10T16:20:26Z INFO [3039/3046] ced777d6-e83d-41f1-a883-3edbb5480e74: 22 internal nodes; 0.8 s; peak memory 944 MiB.
2026-10-10T16:20:27Z INFO [3040/3046] ced801f3-bc2c-4534-ae29-b3415f7edd1e: 18 internal nodes; 1.3 s; peak memory 944 MiB.
2026-10-10T16:20:28Z INFO [3041/3046] ced806bd-5383-4e5a-99b3-9d4f75d82b61: 17 internal nodes; 1.3 s; peak memory 944 MiB.
2026-10-10T16:20:29Z INFO [3042/3046] ced821e8-058c-48fb-9f05-c71ed67d5309: 17 internal nodes; 1.0 s; peak memory 944 MiB.
2026-10-10T16:20:31Z INFO [3043/3046] ced8ea9d-a9ed-4b34-9653-19c053e9903d: 31 internal nodes; 1.5 s; peak memory 944 MiB.
2026-10-10T16:20:32Z INFO [3044/3046] ced9506a-9cfd-420d-911b-d385a8b6c113: 27 internal nodes; 1.3 s; peak memory 944 MiB.
2026-10-10T16:20:33Z INFO [3045/3046] ced971a5-c7d7-4ad5-a4f5-b832324d2411: 26 internal nodes; 0.8 s; peak memory 944 MiB.
2026-10-10T16:20:35Z WARNING d73cb2c7-2e04-4c75-ba50-9b634dc8e8fb: failed while reading the NWB file (KeyError: 'Unable to synchronously open object (component not found)')
2026-10-10T16:20:35Z WARNING [3046/3046] d73cb2c7-2e04-4c75-ba50-9b634dc8e8fb: leaving unrecorded for a later run to retry.
2026-10-10T16:20:35Z INFO Wrote 146813 records to /tmp/derivatives/valid_nwb_file_to_out_degrees.jsonl (2995 new, 51 failed) in 139.4 min (peak memory 944 MiB).
