2026-10-04T02:11:38Z INFO Logging to /tmp/logs/update_2026-10-04T02-11-38Z.log.
2026-10-04T02:11:38Z INFO Update valid-nwb-file-to-out-degrees (base directory /tmp).
2026-10-04T02:11:38Z INFO Processing 1832 items (73535 already recorded).
2026-10-04T02:11:39Z WARNING 024ef50f-ac6f-49ea-806b-93ef4b5e8644: failed while reading the NWB file (KeyError: 'Unable to synchronously open object (component not found)')
2026-10-04T02:11:39Z WARNING [1/1832] 024ef50f-ac6f-49ea-806b-93ef4b5e8644: leaving unrecorded for a later run to retry.
2026-10-04T02:11:40Z WARNING 09073220-fbea-45d2-9a39-2cc61fcdc2a1: failed while reading the NWB file (KeyError: 'Unable to synchronously open object (component not found)')
2026-10-04T02:11:40Z WARNING [2/1832] 09073220-fbea-45d2-9a39-2cc61fcdc2a1: leaving unrecorded for a later run to retry.
2026-10-04T02:11:41Z WARNING 0dec427d-4db4-44c3-988a-c37959ceaff3: failed while reading the NWB file (KeyError: 'Unable to synchronously open object (component not found)')
2026-10-04T02:11:41Z WARNING [3/1832] 0dec427d-4db4-44c3-988a-c37959ceaff3: leaving unrecorded for a later run to retry.
2026-10-04T02:11:42Z WARNING 0f7396ad-67ec-468a-b6a6-5599cb507f54: failed while reading the NWB file (KeyError: 'Unable to synchronously open object (component not found)')
2026-10-04T02:11:42Z WARNING [4/1832] 0f7396ad-67ec-468a-b6a6-5599cb507f54: leaving unrecorded for a later run to retry.
2026-10-04T02:11:43Z WARNING 1066b3ba-83d9-4cb3-bfe3-ecf8539e2334: failed while reading the NWB file (KeyError: 'Unable to synchronously open object (component not found)')
2026-10-04T02:11:43Z WARNING [5/1832] 1066b3ba-83d9-4cb3-bfe3-ecf8539e2334: leaving unrecorded for a later run to retry.
2026-10-04T02:11:44Z WARNING 17a546c4-6425-4c56-a43e-9f9f272d299c: failed while reading the NWB file (KeyError: 'Unable to synchronously open object (component not found)')
2026-10-04T02:11:44Z WARNING [6/1832] 17a546c4-6425-4c56-a43e-9f9f272d299c: leaving unrecorded for a later run to retry.
2026-10-04T02:11:45Z WARNING 19998990-d06f-40db-8d07-c5121b317b6a: failed while reading the NWB file (KeyError: 'Unable to synchronously open object (component not found)')
2026-10-04T02:11:45Z WARNING [7/1832] 19998990-d06f-40db-8d07-c5121b317b6a: leaving unrecorded for a later run to retry.
2026-10-04T02:11:46Z WARNING 1a18ed31-9155-4512-919f-b6875d14b9f3: failed while reading the NWB file (KeyError: 'Unable to synchronously open object (component not found)')
2026-10-04T02:11:46Z WARNING [8/1832] 1a18ed31-9155-4512-919f-b6875d14b9f3: leaving unrecorded for a later run to retry.
2026-10-04T02:11:48Z WARNING 1c2fff6f-f3a7-43fb-b7e2-a33218d41614: failed while reading the NWB file (KeyError: 'Unable to synchronously open object (component not found)')
2026-10-04T02:11:48Z WARNING [9/1832] 1c2fff6f-f3a7-43fb-b7e2-a33218d41614: leaving unrecorded for a later run to retry.
2026-10-04T02:11:49Z WARNING 20b5d243-5a61-4246-a5d5-ac9d9068183d: failed while reading the NWB file (KeyError: 'Unable to synchronously open object (component not found)')
2026-10-04T02:11:49Z WARNING [10/1832] 20b5d243-5a61-4246-a5d5-ac9d9068183d: leaving unrecorded for a later run to retry.
2026-10-04T02:11:50Z WARNING 20e4b649-b593-4ee3-bd02-f0645aad7021: failed while reading the NWB file (KeyError: 'Unable to synchronously open object (component not found)')
2026-10-04T02:11:50Z WARNING [11/1832] 20e4b649-b593-4ee3-bd02-f0645aad7021: leaving unrecorded for a later run to retry.
2026-10-04T02:11:51Z WARNING 2420003b-b350-4a69-b1aa-b27f68179823: failed while reading the NWB file (KeyError: 'Unable to synchronously open object (component not found)')
2026-10-04T02:11:51Z WARNING [12/1832] 2420003b-b350-4a69-b1aa-b27f68179823: leaving unrecorded for a later run to retry.
2026-10-04T02:11:53Z WARNING 2a76c0ae-11ba-4712-bfc9-5a1534c26aeb: failed while reading the NWB file (KeyError: 'Unable to synchronously open object (component not found)')
2026-10-04T02:11:53Z WARNING [13/1832] 2a76c0ae-11ba-4712-bfc9-5a1534c26aeb: leaving unrecorded for a later run to retry.
2026-10-04T02:11:54Z WARNING 319d22c8-6c6e-41bb-9bf9-9c6773d2b2ad: failed while reading the NWB file (KeyError: 'Unable to synchronously open object (component not found)')
2026-10-04T02:11:54Z WARNING [14/1832] 319d22c8-6c6e-41bb-9bf9-9c6773d2b2ad: leaving unrecorded for a later run to retry.
2026-10-04T02:11:55Z WARNING 324ccb4d-b81e-4dbb-a29d-ef474eef0d50: failed while reading the NWB file (KeyError: 'Unable to synchronously open object (component not found)')
2026-10-04T02:11:55Z WARNING [15/1832] 324ccb4d-b81e-4dbb-a29d-ef474eef0d50: leaving unrecorded for a later run to retry.
2026-10-04T02:11:56Z INFO [16/1832] 3710292d-aed3-4a89-ab27-59e8b2d767e2: 27 internal nodes; 0.9 s; peak memory 147 MiB.
2026-10-04T02:11:58Z INFO [17/1832] 3711af47-3b22-4318-97c5-e977dfbeeac7: 27 internal nodes; 1.7 s; peak memory 147 MiB.
2026-10-04T02:11:58Z INFO [18/1832] 3711e065-8e9e-4cbe-ab70-7f7fe7374bed: 18 internal nodes; 0.6 s; peak memory 147 MiB.
2026-10-04T02:11:59Z INFO [19/1832] 371209c5-c76b-46c2-80fd-df3302865f05: 17 internal nodes; 0.8 s; peak memory 147 MiB.
2026-10-04T02:12:00Z INFO [20/1832] 371335d9-01d6-454c-a159-e64e0017583c: 17 internal nodes; 0.7 s; peak memory 147 MiB.
2026-10-04T02:12:05Z INFO [21/1832] 37148d1e-1e42-4b70-8a1a-09cc7c155866: 61 internal nodes; 5.1 s; peak memory 152 MiB.
2026-10-04T02:12:05Z INFO [22/1832] 37151ddb-0290-45e4-bca4-75ee4b189c61: 18 internal nodes; 0.8 s; peak memory 152 MiB.
2026-10-04T02:12:07Z INFO [23/1832] 37153c53-0112-40a9-8985-141c470c2008: 67 internal nodes; 1.4 s; peak memory 152 MiB.
2026-10-04T02:12:08Z INFO [24/1832] 37158770-5785-40cb-87ac-fa147ca529fb: 17 internal nodes; 0.6 s; peak memory 152 MiB.
2026-10-04T02:12:08Z INFO [25/1832] 37166990-353d-4301-aaa3-3fb4f5173cec: 20 internal nodes; 0.6 s; peak memory 152 MiB.
2026-10-04T02:12:09Z INFO [26/1832] 37169a44-7700-4eeb-8a5a-6bcea0237d67: 55 internal nodes; 0.9 s; peak memory 152 MiB.
2026-10-04T02:12:10Z INFO [27/1832] 3716eb9b-0adc-459e-92c0-b62371808462: 15 internal nodes; 0.6 s; peak memory 152 MiB.
2026-10-04T02:12:11Z INFO [28/1832] 37171f80-f562-4396-9b83-1c75c2e488f1: 61 internal nodes; 0.9 s; peak memory 152 MiB.
2026-10-04T02:12:14Z INFO [29/1832] 37172c63-f9f0-4512-87fb-150912f3a48c: 73 internal nodes; 3.9 s; peak memory 152 MiB.
2026-10-04T02:12:15Z INFO [30/1832] 3717a2d3-aea4-45d6-ac09-e3a27b4b5d66: 13 internal nodes; 0.9 s; peak memory 152 MiB.
2026-10-04T02:12:16Z INFO [31/1832] 37183ad4-bc51-448f-969e-4f24f51ee700: 13 internal nodes; 0.7 s; peak memory 152 MiB.
2026-10-04T02:12:17Z INFO [32/1832] 3719585e-9d2a-4c6c-b8bb-e6115a2a36e7: 17 internal nodes; 0.9 s; peak memory 152 MiB.
2026-10-04T02:12:18Z INFO [33/1832] 37196bf2-07a0-4b2c-bfa7-f0555aad9113: 27 internal nodes; 0.9 s; peak memory 152 MiB.
2026-10-04T02:12:19Z INFO [34/1832] 371a34cb-b1d2-45f4-adbf-b353037859cb: 31 internal nodes; 1.1 s; peak memory 152 MiB.
2026-10-04T02:12:20Z INFO [35/1832] 371c89ae-cd35-4c9b-acfe-154a9df8734a: 17 internal nodes; 0.7 s; peak memory 152 MiB.
2026-10-04T02:12:24Z INFO [36/1832] 371cf9fb-f48b-4001-84f9-d53ade821b59: 177 internal nodes; 4.4 s; peak memory 152 MiB.
2026-10-04T02:12:25Z INFO [37/1832] 371d5868-ee38-43c9-8e93-e052383b0e13: 27 internal nodes; 0.8 s; peak memory 152 MiB.
2026-10-04T02:12:30Z INFO [38/1832] 371da92c-7e2c-4952-84e8-ca0dba46e1c7: 61 internal nodes; 5.2 s; peak memory 152 MiB.
2026-10-04T02:12:31Z INFO [39/1832] 371dd9e6-22aa-41bd-a493-34b8e39acbdf: 27 internal nodes; 0.9 s; peak memory 152 MiB.
2026-10-04T02:12:32Z INFO [40/1832] 371ddf73-8525-4693-997e-ae9d0b8e10c4: 28 internal nodes; 1.4 s; peak memory 152 MiB.
2026-10-04T02:12:33Z INFO [41/1832] 371de09b-c679-4935-943f-28d77c213f02: 17 internal nodes; 0.8 s; peak memory 152 MiB.
2026-10-04T02:12:35Z INFO [42/1832] 371defa9-4c84-4a8e-b0eb-226b0736c9c1: 39 internal nodes; 1.6 s; peak memory 152 MiB.
2026-10-04T02:12:35Z INFO [43/1832] 371e3c46-0a1d-4a39-bae1-3ab6e971b50c: 17 internal nodes; 0.8 s; peak memory 152 MiB.
2026-10-04T02:12:36Z INFO [44/1832] 371e9b75-0dcc-4b5a-9614-5668b699593f: 18 internal nodes; 0.7 s; peak memory 152 MiB.
2026-10-04T02:12:37Z INFO [45/1832] 371f6656-3e66-4d64-9311-06c8b90f2887: 17 internal nodes; 0.8 s; peak memory 152 MiB.
2026-10-04T02:12:38Z INFO [46/1832] 371f7d7c-90b1-4b41-9bc4-6e64939c1a00: 17 internal nodes; 0.9 s; peak memory 152 MiB.
2026-10-04T02:12:38Z INFO [47/1832] 371fd902-1a70-4e23-a3eb-35d80c61e01d: 17 internal nodes; 0.8 s; peak memory 152 MiB.
2026-10-04T02:12:44Z INFO [48/1832] 371fecc5-742c-4fa2-9a96-628ad890c984: 61 internal nodes; 5.2 s; peak memory 152 MiB.
2026-10-04T02:12:45Z INFO [49/1832] 3722b876-e6dd-4785-a4b0-fba3fc2ad417: 67 internal nodes; 1.3 s; peak memory 152 MiB.
2026-10-04T02:12:53Z INFO [50/1832] 37231788-03b8-4c2e-8c91-1c865e43f517: 284 internal nodes; 7.7 s; peak memory 159 MiB.
2026-10-04T02:12:53Z INFO [50/1832] 37231788-03b8-4c2e-8c91-1c865e43f517: checkpointed 73570 records.
2026-10-04T02:12:54Z INFO [51/1832] 37242d5c-5ba2-484d-974c-5d8d454b2cf8: 55 internal nodes; 1.0 s; peak memory 159 MiB.
2026-10-04T02:12:55Z INFO [52/1832] 372590c9-581d-4a5e-935c-6ec25814e8e5: 31 internal nodes; 1.5 s; peak memory 159 MiB.
2026-10-04T02:12:56Z INFO [53/1832] 3725a7f9-c9c7-4c64-879f-e3caf28446b7: 11 internal nodes; 0.6 s; peak memory 159 MiB.
2026-10-04T02:12:58Z INFO [54/1832] 3725c494-4acd-462e-8efd-ddb2661806b9: 40 internal nodes; 2.0 s; peak memory 159 MiB.
2026-10-04T02:12:59Z INFO [55/1832] 37260b0e-caaa-4b57-8bcd-9b5eb3141963: 27 internal nodes; 0.8 s; peak memory 159 MiB.
2026-10-04T02:13:01Z INFO [56/1832] 3726465b-f28b-4b63-8b11-b410d67aee6f: 31 internal nodes; 2.2 s; peak memory 159 MiB.
2026-10-04T02:13:02Z INFO [57/1832] 3726e015-6ef3-4a96-a3d8-97399aef539c: 17 internal nodes; 0.8 s; peak memory 159 MiB.
2026-10-04T02:13:02Z INFO [58/1832] 37278dce-36f3-4527-ac56-56bfd4614e85: 17 internal nodes; 0.8 s; peak memory 159 MiB.
2026-10-04T02:13:03Z INFO [59/1832] 372841a1-a340-43e5-8663-b26f77d50d41: 11 internal nodes; 0.4 s; peak memory 159 MiB.
2026-10-04T02:13:04Z INFO [60/1832] 372936d5-40e1-4f00-8d2f-2143bcb0bc60: 17 internal nodes; 0.8 s; peak memory 159 MiB.
2026-10-04T02:13:06Z INFO [61/1832] 37293f49-82d0-4969-9d33-b2ee6c97891d: 67 internal nodes; 2.2 s; peak memory 159 MiB.
2026-10-04T02:13:07Z INFO [62/1832] 372a2c47-f665-420d-8b47-8dc640d65771: 17 internal nodes; 0.8 s; peak memory 159 MiB.
2026-10-04T02:13:07Z INFO [63/1832] 372a73ff-c4a7-4b59-87ed-bdd9351a0ba2: 11 internal nodes; 0.3 s; peak memory 159 MiB.
2026-10-04T02:13:08Z INFO [64/1832] 372beefa-0008-4077-8a0a-ce9fbeed8884: 17 internal nodes; 0.7 s; peak memory 159 MiB.
2026-10-04T02:13:08Z INFO [65/1832] 372cbb84-7326-4725-adb6-c170b406a276: 19 internal nodes; 0.6 s; peak memory 159 MiB.
2026-10-04T02:13:11Z INFO [66/1832] 372d148f-ce2c-4742-8b38-30031765df58: 134 internal nodes; 2.9 s; peak memory 159 MiB.
2026-10-04T02:13:13Z INFO [67/1832] 372d40d0-1e83-437f-b0c4-56f3cf0b65fa: 53 internal nodes; 1.9 s; peak memory 159 MiB.
2026-10-04T02:13:15Z INFO [68/1832] 372da745-7680-434e-9d9f-6e9b0e10c0e3: 44 internal nodes; 2.0 s; peak memory 159 MiB.
2026-10-04T02:13:16Z INFO [69/1832] 372db982-2663-453d-94ea-264088a93b5e: 17 internal nodes; 0.7 s; peak memory 159 MiB.
2026-10-04T02:13:24Z INFO [70/1832] 372dcddf-dbe5-464f-93c8-a933632a84d5: 542 internal nodes; 7.7 s; peak memory 180 MiB.
2026-10-04T02:13:25Z INFO [71/1832] 372e47c2-8461-427b-9572-642d0c715243: 55 internal nodes; 1.6 s; peak memory 180 MiB.
2026-10-04T02:13:28Z INFO [72/1832] 372fdf0e-3b40-4a62-a052-aa62fa8932a5: 50 internal nodes; 2.4 s; peak memory 180 MiB.
2026-10-04T02:13:29Z INFO [73/1832] 3730ed1d-cdea-4aad-a9ac-7804fb95b132: 67 internal nodes; 1.5 s; peak memory 180 MiB.
2026-10-04T02:13:30Z INFO [74/1832] 3730fbff-02f6-4aaa-8e6a-a06c41565a41: 13 internal nodes; 0.6 s; peak memory 180 MiB.
2026-10-04T02:13:30Z INFO [75/1832] 373135f6-b0ab-4e95-91d2-38c2066bdeed: 17 internal nodes; 0.8 s; peak memory 180 MiB.
2026-10-04T02:13:31Z INFO [76/1832] 37319832-9da7-40bb-ab7e-8662f199a343: 18 internal nodes; 0.6 s; peak memory 180 MiB.
2026-10-04T02:13:34Z INFO [77/1832] 3732f685-d2c5-4899-bfb8-733ccb1e91e9: 46 internal nodes; 2.7 s; peak memory 180 MiB.
2026-10-04T02:13:35Z INFO [78/1832] 37334fc8-80ff-47ca-9dc3-f945b67f313b: 13 internal nodes; 0.8 s; peak memory 180 MiB.
2026-10-04T02:13:39Z INFO [79/1832] 3733660a-7b36-4707-9c88-b91a4aa65dcd: 70 internal nodes; 4.3 s; peak memory 180 MiB.
2026-10-04T02:13:40Z INFO [80/1832] 37344a41-5e39-40ca-8a15-45a16bebcc11: 29 internal nodes; 1.5 s; peak memory 180 MiB.
2026-10-04T02:13:42Z INFO [81/1832] 37345150-7f67-4572-8ba1-5a0ece1b699e: 27 internal nodes; 1.2 s; peak memory 180 MiB.
2026-10-04T02:13:42Z INFO [82/1832] 373468d4-3ea6-42ce-8436-4d3dce537c09: 18 internal nodes; 0.4 s; peak memory 180 MiB.
2026-10-04T02:13:43Z INFO [83/1832] 3735311c-7f16-4877-a4db-f22bf5a9ba4b: 27 internal nodes; 0.9 s; peak memory 180 MiB.
2026-10-04T02:13:44Z INFO [84/1832] 373656d4-e6dc-448a-a0f7-f23cc0fabbeb: 17 internal nodes; 0.7 s; peak memory 180 MiB.
2026-10-04T02:13:49Z INFO [85/1832] 3736a5e7-5656-4181-ac2c-294607116559: 220 internal nodes; 5.5 s; peak memory 180 MiB.
2026-10-04T02:13:51Z INFO [86/1832] 37372821-e1d2-4f08-974e-d877bbdbcee2: 44 internal nodes; 2.3 s; peak memory 180 MiB.
2026-10-04T02:13:52Z INFO [87/1832] 37385a91-b86f-4ae7-8a81-2a478cf09946: 11 internal nodes; 0.5 s; peak memory 180 MiB.
2026-10-04T02:13:53Z INFO [88/1832] 3738f712-bfd3-4c32-bef8-88a1f7b887fc: 17 internal nodes; 0.9 s; peak memory 180 MiB.
2026-10-04T02:13:54Z INFO [89/1832] 373946c3-f3a2-4d18-9d2f-d0848c328afd: 31 internal nodes; 0.9 s; peak memory 180 MiB.
2026-10-04T02:13:55Z INFO [90/1832] 37396f49-7890-4bbd-bef1-8e3648141cb1: 17 internal nodes; 0.7 s; peak memory 180 MiB.
2026-10-04T02:13:55Z INFO [91/1832] 3739859c-083b-4990-826e-12e04e8b30bb: 27 internal nodes; 0.9 s; peak memory 180 MiB.
2026-10-04T02:13:56Z INFO [92/1832] 373a973a-b172-46ff-98bc-ff791c53ee64: 27 internal nodes; 0.7 s; peak memory 180 MiB.
2026-10-04T02:13:57Z INFO [93/1832] 373ab017-646a-4f38-8dd2-a61c843fed00: 67 internal nodes; 1.2 s; peak memory 180 MiB.
2026-10-04T02:14:00Z INFO [94/1832] 373bae87-11f7-4236-b794-6b3e3ac1e1ac: 44 internal nodes; 2.4 s; peak memory 180 MiB.
2026-10-04T02:14:01Z INFO [95/1832] 373d30f8-0064-4fb6-98fc-e61c842aab36: 31 internal nodes; 1.1 s; peak memory 180 MiB.
2026-10-04T02:14:02Z INFO [96/1832] 373d4d28-ce12-4feb-ab7c-d39fede9162b: 27 internal nodes; 0.9 s; peak memory 180 MiB.
2026-10-04T02:14:03Z INFO [97/1832] 373de781-3c51-4547-b453-29490a7d016b: 30 internal nodes; 1.0 s; peak memory 180 MiB.
2026-10-04T02:14:03Z INFO [98/1832] 373e1a0e-548c-4711-92ba-955fb969d5f6: 17 internal nodes; 0.8 s; peak memory 180 MiB.
2026-10-04T02:14:07Z INFO [99/1832] 373e7262-ea58-4f77-8bd6-9b700828b5b8: 64 internal nodes; 3.8 s; peak memory 180 MiB.
2026-10-04T02:14:09Z INFO [100/1832] 373f28f8-810b-4f21-895d-58c8c0c0e129: 26 internal nodes; 1.4 s; peak memory 180 MiB.
2026-10-04T02:14:09Z INFO [100/1832] 373f28f8-810b-4f21-895d-58c8c0c0e129: checkpointed 73620 records.
2026-10-04T02:14:10Z INFO [101/1832] 373fb492-5ed9-474d-a8f2-f058922f1e43: 13 internal nodes; 0.7 s; peak memory 180 MiB.
2026-10-04T02:14:11Z INFO [102/1832] 37402ce9-42d5-47ee-9ce6-15c4c01ca05c: 23 internal nodes; 1.1 s; peak memory 180 MiB.
2026-10-04T02:14:11Z INFO [103/1832] 3740953f-70ad-4645-b0c8-91cb9b13b558: 17 internal nodes; 0.8 s; peak memory 181 MiB.
2026-10-04T02:14:13Z INFO [104/1832] 3740c34d-765b-4491-9d57-f9a64e6ea1a2: 44 internal nodes; 1.7 s; peak memory 181 MiB.
2026-10-04T02:14:14Z INFO [105/1832] 3740c3d1-2975-4b7c-a6d1-c6099b8296fa: 27 internal nodes; 0.9 s; peak memory 181 MiB.
2026-10-04T02:14:18Z INFO [106/1832] 3741dc86-218c-49a9-b5c6-83fea85a282d: 41 internal nodes; 3.4 s; peak memory 181 MiB.
2026-10-04T02:14:19Z INFO [107/1832] 3741fd50-2ed6-4673-ad17-fe4e2c8563b8: 65 internal nodes; 1.3 s; peak memory 181 MiB.
2026-10-04T02:14:20Z INFO [108/1832] 37431747-a1c9-4314-b423-1d449923a532: 17 internal nodes; 0.8 s; peak memory 181 MiB.
2026-10-04T02:14:21Z INFO [109/1832] 37432b33-7588-4994-bc52-ea770add3142: 27 internal nodes; 0.9 s; peak memory 181 MiB.
2026-10-04T02:14:21Z INFO [110/1832] 37433f79-bbcd-4289-89dc-5be8bb2f8bd1: 17 internal nodes; 0.8 s; peak memory 181 MiB.
2026-10-04T02:14:22Z INFO [111/1832] 374355b0-4d80-4b65-8bef-2393a311a282: 90 internal nodes; 1.1 s; peak memory 181 MiB.
2026-10-04T02:14:24Z INFO [112/1832] 3745076b-c003-434a-aa87-faa4abf8e87a: 24 internal nodes; 1.0 s; peak memory 181 MiB.
2026-10-04T02:14:24Z INFO [113/1832] 374511ce-7dc7-4ff8-a7a3-c6a6aed1eaae: 31 internal nodes; 1.0 s; peak memory 181 MiB.
2026-10-04T02:14:29Z INFO [114/1832] 3746d2f3-8549-4f65-8b0e-0927c9e71e05: 121 internal nodes; 4.4 s; peak memory 181 MiB.
2026-10-04T02:14:30Z INFO [115/1832] 37470051-91a4-474c-91a3-244afb74c24e: 17 internal nodes; 0.7 s; peak memory 181 MiB.
2026-10-04T02:14:32Z INFO [116/1832] 37470519-d946-41f2-95aa-d6df26290aca: 46 internal nodes; 2.4 s; peak memory 181 MiB.
2026-10-04T02:14:33Z INFO [117/1832] 37475db8-114e-479a-9585-33c9c7e6fa9e: 27 internal nodes; 0.9 s; peak memory 181 MiB.
2026-10-04T02:14:34Z INFO [118/1832] 374801b0-e318-43f2-bf1a-1d1b3a26721e: 27 internal nodes; 1.0 s; peak memory 181 MiB.
2026-10-04T02:14:35Z INFO [119/1832] 37482c45-683b-41bf-8285-90d9b46f3504: 27 internal nodes; 0.8 s; peak memory 181 MiB.
2026-10-04T02:14:35Z INFO [120/1832] 3748e015-4611-4394-ba58-f655e55f2295: 23 internal nodes; 0.6 s; peak memory 181 MiB.
2026-10-04T02:14:41Z INFO [121/1832] 3749361c-d0a6-47cf-8a99-c903f5ed4357: 66 internal nodes; 6.0 s; peak memory 181 MiB.
2026-10-04T02:14:42Z INFO [122/1832] 3749e64f-eaa2-4af4-a400-a0ab4a8407d8: 17 internal nodes; 0.7 s; peak memory 182 MiB.
2026-10-04T02:14:44Z INFO [123/1832] 374af464-e613-4065-a9f3-53346265150c: 60 internal nodes; 1.4 s; peak memory 182 MiB.
2026-10-04T02:14:44Z INFO [124/1832] 374b053f-cfc9-431a-a4c1-9fdbccad0829: 13 internal nodes; 0.5 s; peak memory 182 MiB.
2026-10-04T02:14:45Z INFO [125/1832] 374b9f9e-c351-4732-8360-f8305c1a8417: 17 internal nodes; 0.6 s; peak memory 182 MiB.
2026-10-04T02:14:46Z INFO [126/1832] 374bd2d8-4425-425b-98c6-0a9d639f4ef7: 27 internal nodes; 0.9 s; peak memory 182 MiB.
2026-10-04T02:14:47Z INFO [127/1832] 374d76ce-0e54-4839-9e20-963649ace2fc: 31 internal nodes; 1.4 s; peak memory 182 MiB.
2026-10-04T02:14:48Z INFO [128/1832] 374ddfff-89f8-423a-bfde-aa508d7c6354: 20 internal nodes; 0.6 s; peak memory 182 MiB.
2026-10-04T02:14:48Z INFO [129/1832] 374e0396-95eb-4f78-a0c1-b55a49529bdc: 18 internal nodes; 0.8 s; peak memory 182 MiB.
2026-10-04T02:14:50Z INFO [130/1832] 374e2875-dd7a-4f11-b5b6-c09a6f498ee4: 58 internal nodes; 1.2 s; peak memory 182 MiB.
2026-10-04T02:14:50Z INFO [131/1832] 374e7332-64a3-4f8c-b2ea-70f8e380a459: 17 internal nodes; 0.7 s; peak memory 182 MiB.
2026-10-04T02:14:51Z INFO [132/1832] 374e80e7-b697-4619-8d5c-10862c6c075d: 53 internal nodes; 1.0 s; peak memory 182 MiB.
2026-10-04T02:14:52Z INFO [133/1832] 374e8de2-f359-4c89-b132-29ea1539faa5: 62 internal nodes; 1.1 s; peak memory 182 MiB.
2026-10-04T02:14:54Z INFO [134/1832] 374fd034-1756-423a-9056-f3fefc1fd533: 30 internal nodes; 1.7 s; peak memory 182 MiB.
2026-10-04T02:14:55Z INFO [135/1832] 375024ee-8129-4b9c-bcb3-7008ee112ec9: 11 internal nodes; 0.6 s; peak memory 182 MiB.
2026-10-04T02:14:56Z INFO [136/1832] 3750a804-4893-4a0a-9c1c-3a85e515dceb: 31 internal nodes; 1.1 s; peak memory 182 MiB.
2026-10-04T02:14:56Z INFO [137/1832] 3751882c-9221-4940-911b-3d0652192947: 17 internal nodes; 0.8 s; peak memory 182 MiB.
2026-10-04T02:14:57Z INFO [138/1832] 3751d1c3-36ca-4230-b1b5-ef0b31f29c7a: 27 internal nodes; 0.8 s; peak memory 182 MiB.
2026-10-04T02:14:58Z INFO [139/1832] 3752d038-0d5b-4723-b454-9dc18edcc28d: 17 internal nodes; 0.8 s; peak memory 182 MiB.
2026-10-04T02:14:59Z INFO [140/1832] 37536c8e-026d-46cf-aa0f-9896cdf85cb8: 17 internal nodes; 0.7 s; peak memory 182 MiB.
2026-10-04T02:14:59Z INFO [141/1832] 3753c355-0d20-4b28-96bd-447c132dc4a5: 17 internal nodes; 0.6 s; peak memory 182 MiB.
2026-10-04T02:15:00Z INFO [142/1832] 3755025f-0ef9-49b2-a068-dd38cc473ffd: 17 internal nodes; 0.7 s; peak memory 182 MiB.
2026-10-04T02:15:01Z INFO [143/1832] 37556d5a-e154-40fb-9d03-59128461a6a9: 27 internal nodes; 0.7 s; peak memory 182 MiB.
2026-10-04T02:15:02Z INFO [144/1832] 37565442-3ce0-47e9-9ef2-95bea9a43507: 27 internal nodes; 0.9 s; peak memory 182 MiB.
2026-10-04T02:15:02Z INFO [145/1832] 375684da-f07c-4e54-b10a-b4810a8fb2bd: 27 internal nodes; 0.8 s; peak memory 182 MiB.
2026-10-04T02:15:03Z INFO [146/1832] 3756ed0e-b525-458c-8aee-589f9a0a4dfa: 27 internal nodes; 0.8 s; peak memory 182 MiB.
2026-10-04T02:15:04Z INFO [147/1832] 37572849-0ae1-43dc-9cdd-adac1d833136: 17 internal nodes; 0.7 s; peak memory 182 MiB.
2026-10-04T02:15:05Z INFO [148/1832] 375807bd-14d3-454b-af15-83e6a40dbefe: 22 internal nodes; 0.8 s; peak memory 182 MiB.
2026-10-04T02:15:06Z INFO [149/1832] 37586d0c-a8f0-446b-bf31-4ea8330c6bc9: 27 internal nodes; 0.8 s; peak memory 182 MiB.
2026-10-04T02:15:08Z INFO [150/1832] 37586f1b-38c4-461f-96a9-8ed3e901b975: 67 internal nodes; 1.9 s; peak memory 182 MiB.
2026-10-04T02:15:08Z INFO [150/1832] 37586f1b-38c4-461f-96a9-8ed3e901b975: checkpointed 73670 records.
2026-10-04T02:15:13Z INFO [151/1832] 3758d05f-7968-49cf-a658-e04eec847a6f: 169 internal nodes; 4.9 s; peak memory 182 MiB.
2026-10-04T02:15:13Z INFO [152/1832] 3759d7bb-7897-4358-9829-385f023d91e3: 17 internal nodes; 0.7 s; peak memory 182 MiB.
2026-10-04T02:15:14Z INFO [153/1832] 3759f00e-b1f3-41d4-b35f-9af674163d24: 31 internal nodes; 1.2 s; peak memory 182 MiB.
2026-10-04T02:15:15Z INFO [154/1832] 375a63d9-f875-4bcc-8654-744f1b75d486: 20 internal nodes; 0.9 s; peak memory 182 MiB.
2026-10-04T02:15:16Z INFO [155/1832] 375aed07-a903-4696-8aa9-3cf8c5001cda: 91 internal nodes; 0.8 s; peak memory 182 MiB.
2026-10-04T02:15:17Z INFO [156/1832] 375afd92-f492-4646-8ad9-469c17bc4d84: 24 internal nodes; 1.0 s; peak memory 182 MiB.
2026-10-04T02:15:24Z INFO [157/1832] 375b10f2-c501-4385-8aee-e76d0e6c2acc: 32 internal nodes; 6.6 s; peak memory 182 MiB.
2026-10-04T02:15:28Z INFO [158/1832] 375c015c-6960-4968-82f1-da2a58186056: 168 internal nodes; 4.2 s; peak memory 182 MiB.
2026-10-04T02:15:30Z INFO [159/1832] 375cacc1-9eb8-4ac4-ab5f-b1b20cc983f2: 41 internal nodes; 2.2 s; peak memory 182 MiB.
2026-10-04T02:15:31Z INFO [160/1832] 375ce5e5-4cdb-4da2-9ab2-352d013222e6: 11 internal nodes; 0.4 s; peak memory 182 MiB.
2026-10-04T02:15:37Z INFO [161/1832] 375dc90d-2d8f-4c99-a4f1-4712cd94bff4: 1925 internal nodes; 6.8 s; peak memory 229 MiB.
2026-10-04T02:15:38Z INFO [162/1832] 375e5b61-189a-4fe6-af03-8123d0292894: 27 internal nodes; 1.1 s; peak memory 229 MiB.
2026-10-04T02:15:39Z INFO [163/1832] 375f619f-9fe6-434a-a1ac-150782b41398: 27 internal nodes; 0.9 s; peak memory 229 MiB.
2026-10-04T02:15:48Z INFO [164/1832] 3760afbd-6050-4d03-9683-2462135a312b: 241 internal nodes; 8.4 s; peak memory 229 MiB.
2026-10-04T02:15:48Z INFO [165/1832] 37614df2-2713-4cdd-a4cf-eae76812ebb9: 17 internal nodes; 0.8 s; peak memory 229 MiB.
2026-10-04T02:15:49Z INFO [166/1832] 3762bb1a-09c5-4a14-8519-2632cea3a3ba: 17 internal nodes; 0.8 s; peak memory 229 MiB.
2026-10-04T02:15:50Z INFO [167/1832] 3762d658-3164-4255-b4eb-6fd6cc7d281f: 27 internal nodes; 0.8 s; peak memory 229 MiB.
2026-10-04T02:15:52Z INFO [168/1832] 3763018d-1204-4170-8bb7-cfd1251ca1b0: 27 internal nodes; 1.5 s; peak memory 229 MiB.
2026-10-04T02:15:52Z INFO [169/1832] 37639aac-3121-4133-87fe-7afd2caa9b9d: 17 internal nodes; 0.7 s; peak memory 229 MiB.
2026-10-04T02:15:53Z INFO [170/1832] 3763b5ef-b5f6-4302-94ca-1092a92a8fed: 17 internal nodes; 0.7 s; peak memory 229 MiB.
2026-10-04T02:15:55Z INFO [171/1832] 3763b818-335b-4ce6-9734-ca3e9d8a3376: 33 internal nodes; 1.8 s; peak memory 229 MiB.
2026-10-04T02:16:00Z INFO [172/1832] 3764bf1e-c5ab-47fb-a282-d6e6d946adad: 180 internal nodes; 5.0 s; peak memory 229 MiB.
2026-10-04T02:16:01Z INFO [173/1832] 3764f591-9b42-4091-bf70-6f079006023f: 17 internal nodes; 0.7 s; peak memory 229 MiB.
2026-10-04T02:16:01Z INFO [174/1832] 37655638-d956-474d-b068-b2b73b2dea77: 17 internal nodes; 0.7 s; peak memory 229 MiB.
2026-10-04T02:16:03Z INFO [175/1832] 37656d04-8328-4a1d-bcfa-90e1129ccd0e: 29 internal nodes; 1.4 s; peak memory 229 MiB.
2026-10-04T02:16:04Z INFO [176/1832] 37660f26-e1d9-48fa-8d9d-71cca7f31872: 30 internal nodes; 1.3 s; peak memory 229 MiB.
2026-10-04T02:16:05Z INFO [177/1832] 376667f5-102d-47ee-a2f1-35fe4c18728c: 23 internal nodes; 0.8 s; peak memory 229 MiB.
2026-10-04T02:16:06Z INFO [178/1832] 3767ce12-de54-4894-a65e-a85be7d0ed3b: 27 internal nodes; 0.9 s; peak memory 229 MiB.
2026-10-04T02:16:15Z INFO [179/1832] 3768d716-3c3b-4ca1-93eb-fc3a5af288fa: 475 internal nodes; 9.3 s; peak memory 229 MiB.
2026-10-04T02:16:16Z INFO [180/1832] 3769de8d-591d-4795-b97a-dab20bfcfc02: 31 internal nodes; 1.0 s; peak memory 229 MiB.
2026-10-04T02:16:17Z INFO [181/1832] 376a0397-3839-468a-bb88-6be76ab66770: 13 internal nodes; 0.7 s; peak memory 229 MiB.
2026-10-04T02:16:18Z INFO [182/1832] 376c84a7-7fc5-4d1e-a66b-e59cf0463e83: 31 internal nodes; 1.2 s; peak memory 229 MiB.
2026-10-04T02:16:19Z INFO [183/1832] 376c98e5-78e3-4b96-a476-3d539d85aeac: 31 internal nodes; 1.0 s; peak memory 229 MiB.
2026-10-04T02:16:20Z INFO [184/1832] 376da41d-4b3f-43f5-badb-3d0a39d29146: 67 internal nodes; 1.6 s; peak memory 229 MiB.
2026-10-04T02:16:21Z INFO [185/1832] 376da7cd-b77d-4241-8f62-5f3a91b848e1: 17 internal nodes; 0.7 s; peak memory 229 MiB.
2026-10-04T02:16:22Z INFO [186/1832] 376db233-0e47-4326-896f-aa5ea0b0c826: 17 internal nodes; 0.8 s; peak memory 229 MiB.
2026-10-04T02:16:23Z INFO [187/1832] 376e2c49-ca12-41f3-999a-903bca4ca1b1: 17 internal nodes; 0.8 s; peak memory 229 MiB.
2026-10-04T02:16:24Z INFO [188/1832] 376e4e8d-bf09-49dd-929a-83c3dc114c89: 19 internal nodes; 1.0 s; peak memory 229 MiB.
2026-10-04T02:16:29Z INFO [189/1832] 376ee06f-8aba-409e-a7ae-b5328cc9ac99: 213 internal nodes; 5.4 s; peak memory 229 MiB.
2026-10-04T02:16:30Z INFO [190/1832] 376ee2fd-4d09-4d90-a7a7-e39e273939dd: 19 internal nodes; 0.8 s; peak memory 229 MiB.
2026-10-04T02:16:31Z INFO [191/1832] 376ef1c0-498f-4863-9932-2a415003476b: 26 internal nodes; 0.8 s; peak memory 229 MiB.
2026-10-04T02:16:33Z INFO [192/1832] 377197f8-5f77-48e4-9d42-7af338c896b2: 44 internal nodes; 1.7 s; peak memory 229 MiB.
2026-10-04T02:16:33Z INFO [193/1832] 3771f699-41df-4406-8af9-fc53e5d91e28: 17 internal nodes; 0.7 s; peak memory 229 MiB.
2026-10-04T02:16:34Z INFO [194/1832] 377363d7-69a7-4750-953e-040fddac7ec0: 17 internal nodes; 0.9 s; peak memory 229 MiB.
2026-10-04T02:16:35Z INFO [195/1832] 3773b743-91c6-4826-8b73-dd38b6c23433: 17 internal nodes; 0.8 s; peak memory 229 MiB.
2026-10-04T02:16:36Z INFO [196/1832] 37744369-5ab9-4644-a3bc-8b0f83c4e338: 17 internal nodes; 0.7 s; peak memory 229 MiB.
2026-10-04T02:16:36Z INFO [197/1832] 3774c67f-65ca-441a-a4e7-6a115c39bda2: 17 internal nodes; 0.7 s; peak memory 229 MiB.
2026-10-04T02:16:38Z INFO [198/1832] 3774fa4a-59c0-4f83-89b5-cb6ecd85ef83: 31 internal nodes; 1.2 s; peak memory 229 MiB.
2026-10-04T02:16:39Z INFO [199/1832] 37750428-a74d-4d8d-b925-505e7d1df338: 27 internal nodes; 1.0 s; peak memory 229 MiB.
2026-10-04T02:16:39Z INFO [200/1832] 3775187c-c2fb-4254-9c0e-be76ea82c8d1: 21 internal nodes; 0.9 s; peak memory 229 MiB.
2026-10-04T02:16:40Z INFO [200/1832] 3775187c-c2fb-4254-9c0e-be76ea82c8d1: checkpointed 73720 records.
2026-10-04T02:16:41Z INFO [201/1832] 3775acc4-c0d7-4dca-ad7f-ba8e204581e2: 55 internal nodes; 1.0 s; peak memory 229 MiB.
2026-10-04T02:16:41Z INFO [202/1832] 3776823d-223b-416e-ac0a-641bd6d0af07: 17 internal nodes; 0.8 s; peak memory 229 MiB.
2026-10-04T02:16:42Z INFO [203/1832] 37769c89-b91b-4b7e-962c-2709765ac49e: 63 internal nodes; 0.9 s; peak memory 229 MiB.
2026-10-04T02:16:43Z INFO [204/1832] 37770012-922a-4801-831c-aed686d2f29a: 120 internal nodes; 1.1 s; peak memory 229 MiB.
2026-10-04T02:16:44Z INFO [205/1832] 37771222-5758-4824-bf17-f4e4f5d7ab09: 27 internal nodes; 0.9 s; peak memory 229 MiB.
2026-10-04T02:16:45Z INFO [206/1832] 3777c764-46e2-4ea9-8209-0e93d8a95c0b: 17 internal nodes; 1.1 s; peak memory 229 MiB.
2026-10-04T02:16:46Z INFO [207/1832] 37783cb5-5713-4181-bf9f-8b4acbc094b8: 31 internal nodes; 1.0 s; peak memory 229 MiB.
2026-10-04T02:16:47Z INFO [208/1832] 3778656d-2287-4cd9-90c1-32ce44961538: 22 internal nodes; 0.7 s; peak memory 229 MiB.
2026-10-04T02:16:48Z INFO [209/1832] 3778d9b4-7119-4327-a211-bd998caf5d80: 61 internal nodes; 0.9 s; peak memory 229 MiB.
2026-10-04T02:16:52Z INFO [210/1832] 37793b13-5da5-4025-a9a3-7790baac274c: 70 internal nodes; 4.2 s; peak memory 229 MiB.
2026-10-04T02:16:53Z INFO [211/1832] 37797f1b-0745-4afd-91aa-49b34b013a54: 13 internal nodes; 1.1 s; peak memory 229 MiB.
2026-10-04T02:16:54Z INFO [212/1832] 377986f8-4f62-490e-96bd-24b9c946b793: 31 internal nodes; 1.0 s; peak memory 229 MiB.
2026-10-04T02:16:55Z INFO [213/1832] 3779d89c-e649-45f6-bf67-404ad1ab9689: 17 internal nodes; 0.8 s; peak memory 229 MiB.
2026-10-04T02:16:56Z INFO [214/1832] 377a1105-f3ef-4938-b23a-dd0c9ca54f19: 17 internal nodes; 0.7 s; peak memory 229 MiB.
2026-10-04T02:16:57Z INFO [215/1832] 377a2a9d-233d-44d3-b770-3f3fb73ba65f: 32 internal nodes; 1.2 s; peak memory 229 MiB.
2026-10-04T02:16:58Z INFO [216/1832] 377b36b6-03f7-4ef6-8cec-031a0dec01f6: 31 internal nodes; 1.0 s; peak memory 229 MiB.
2026-10-04T02:17:00Z INFO [217/1832] 377b89a0-ff12-4136-9caa-24de9911edb9: 72 internal nodes; 1.6 s; peak memory 229 MiB.
2026-10-04T02:17:01Z INFO [218/1832] 377b9e91-6dc2-4f87-ac05-9250ae4e33f2: 24 internal nodes; 1.0 s; peak memory 229 MiB.
2026-10-04T02:17:02Z INFO [219/1832] 377ba12b-6e28-4e87-858c-2d9899a83430: 18 internal nodes; 1.1 s; peak memory 229 MiB.
2026-10-04T02:17:03Z INFO [220/1832] 377ba3f9-f877-404c-a886-22447a1416d2: 31 internal nodes; 1.1 s; peak memory 229 MiB.
2026-10-04T02:17:03Z INFO [221/1832] 377bad0e-38d9-469f-b917-4eeeb0f3e2e9: 19 internal nodes; 0.5 s; peak memory 229 MiB.
2026-10-04T02:17:04Z INFO [222/1832] 377c25d8-4840-4b83-ba9c-af9d808b04b7: 17 internal nodes; 0.8 s; peak memory 229 MiB.
2026-10-04T02:17:05Z INFO [223/1832] 377c2e3c-5e63-4729-9e9e-f1d640678c2b: 27 internal nodes; 1.0 s; peak memory 229 MiB.
2026-10-04T02:17:07Z INFO [224/1832] 377e0f86-0189-4818-807c-cfddb393fcfb: 31 internal nodes; 1.3 s; peak memory 229 MiB.
2026-10-04T02:17:07Z INFO [225/1832] 377e12ef-809d-42e7-a206-63614fc4e65d: 26 internal nodes; 0.7 s; peak memory 229 MiB.
2026-10-04T02:17:08Z INFO [226/1832] 377e2d1b-0978-419d-9cc0-8550e62d940f: 17 internal nodes; 1.0 s; peak memory 229 MiB.
2026-10-04T02:17:10Z INFO [227/1832] 3780b5b6-e211-41c5-a51c-764627bbf4cf: 24 internal nodes; 1.2 s; peak memory 229 MiB.
2026-10-04T02:17:10Z INFO [228/1832] 3780f6da-f8e2-4f0c-8b10-210d4be1c75a: 90 internal nodes; 0.9 s; peak memory 229 MiB.
2026-10-04T02:17:12Z INFO [229/1832] 3781181a-98f3-46f0-b958-58b14ddfea3b: 16 internal nodes; 1.1 s; peak memory 229 MiB.
2026-10-04T02:17:12Z INFO [230/1832] 3781f85e-b701-4c1d-b8ab-a03ab67e408c: 11 internal nodes; 0.5 s; peak memory 229 MiB.
2026-10-04T02:17:13Z INFO [231/1832] 37829e56-da17-4f53-9a72-a4178ec29626: 17 internal nodes; 0.7 s; peak memory 229 MiB.
2026-10-04T02:17:15Z INFO [232/1832] 3782da7d-f116-4ce0-ad54-5d437a8cf5f2: 67 internal nodes; 2.5 s; peak memory 229 MiB.
2026-10-04T02:17:49Z INFO [233/1832] 3782e64e-cea1-412b-bfc9-6a55ab159295: 93 internal nodes; 33.4 s; peak memory 251 MiB.
2026-10-04T02:17:51Z INFO [234/1832] 3782ef99-631e-4ed3-b2cf-508957248f5f: 46 internal nodes; 2.0 s; peak memory 251 MiB.
2026-10-04T02:18:06Z INFO [235/1832] 37838c59-0c57-46a0-a059-988ad397add6: 137 internal nodes; 15.4 s; peak memory 251 MiB.
2026-10-04T02:18:07Z INFO [236/1832] 3783f4df-6ee3-471f-8b59-73fba404f142: 31 internal nodes; 1.0 s; peak memory 251 MiB.
2026-10-04T02:18:08Z INFO [237/1832] 378441f0-a956-40bb-bc26-e7288fad5c44: 17 internal nodes; 0.9 s; peak memory 251 MiB.
2026-10-04T02:18:08Z INFO [238/1832] 378464b8-3bce-44c8-a855-526d952748ef: 11 internal nodes; 0.4 s; peak memory 251 MiB.
2026-10-04T02:18:09Z INFO [239/1832] 3784ed55-6ee8-4e22-8f2e-269bb0bbb36d: 17 internal nodes; 0.9 s; peak memory 251 MiB.
2026-10-04T02:18:10Z INFO [240/1832] 37854024-e567-43aa-b0ba-f3f02347228c: 19 internal nodes; 0.8 s; peak memory 251 MiB.
2026-10-04T02:18:11Z INFO [241/1832] 3786a17e-f3f5-4f75-ae28-ffb5ad1f148b: 39 internal nodes; 1.2 s; peak memory 251 MiB.
2026-10-04T02:18:12Z INFO [242/1832] 3786e4b4-478b-454d-a226-8a123a46d83b: 19 internal nodes; 0.7 s; peak memory 251 MiB.
2026-10-04T02:18:13Z INFO [243/1832] 3787e63b-20e7-4e7d-ad30-a6dff6eac17a: 72 internal nodes; 1.4 s; peak memory 251 MiB.
2026-10-04T02:18:14Z INFO [244/1832] 3788334c-00a0-4b2b-ae47-e6fb18744a61: 27 internal nodes; 1.0 s; peak memory 251 MiB.
2026-10-04T02:18:16Z INFO [245/1832] 37899908-3f35-490f-b602-66e8c7daf441: 31 internal nodes; 1.1 s; peak memory 251 MiB.
2026-10-04T02:18:16Z INFO [246/1832] 3789b1d4-455e-492a-9677-27b18a8de916: 27 internal nodes; 0.8 s; peak memory 251 MiB.
2026-10-04T02:18:17Z INFO [247/1832] 378a5528-3ce0-45ea-8376-bc2c01ad9f6b: 17 internal nodes; 0.7 s; peak memory 251 MiB.
2026-10-04T02:18:20Z INFO [248/1832] 378ac5e2-3b9d-450b-bca0-7f936fe14445: 46 internal nodes; 2.5 s; peak memory 251 MiB.
2026-10-04T02:18:25Z INFO [249/1832] 378bc0e8-ef7e-42fa-a9ab-afd4ae4ff971: 114 internal nodes; 5.9 s; peak memory 251 MiB.
2026-10-04T02:18:26Z INFO [250/1832] 378c064f-01cb-4a61-bd07-2f21c78e6352: 17 internal nodes; 0.8 s; peak memory 251 MiB.
2026-10-04T02:18:26Z INFO [250/1832] 378c064f-01cb-4a61-bd07-2f21c78e6352: checkpointed 73770 records.
2026-10-04T02:18:28Z INFO [251/1832] 378c14ca-bdd3-4ac3-aa43-46cbde500c32: 22 internal nodes; 1.3 s; peak memory 251 MiB.
2026-10-04T02:18:35Z INFO [252/1832] 378ca183-e065-451f-81cf-07fa7316bc5a: 221 internal nodes; 7.0 s; peak memory 251 MiB.
2026-10-04T02:18:36Z INFO [253/1832] 378ca3c2-9a19-4aa7-a0ea-d57af229a17e: 31 internal nodes; 0.9 s; peak memory 251 MiB.
2026-10-04T02:18:37Z INFO [254/1832] 378d5e2f-2c18-487f-8aea-40839461e8d0: 29 internal nodes; 0.9 s; peak memory 251 MiB.
2026-10-04T02:18:37Z INFO [255/1832] 378e3806-1abc-4570-99c2-54e85de8354f: 31 internal nodes; 0.9 s; peak memory 251 MiB.
2026-10-04T02:18:40Z INFO [256/1832] 378e982e-fbbf-484c-8778-2ac20aef87ca: 45 internal nodes; 2.1 s; peak memory 251 MiB.
2026-10-04T02:18:40Z INFO [257/1832] 378ec52d-9334-4f95-a345-2a9af77e72ea: 26 internal nodes; 0.9 s; peak memory 251 MiB.
2026-10-04T02:18:43Z INFO [258/1832] 378ef1ee-618f-42e3-94cf-38da55814bd8: 56 internal nodes; 2.8 s; peak memory 251 MiB.
2026-10-04T02:18:47Z INFO [259/1832] 378f3743-0826-433b-854d-baf49800ce88: 73 internal nodes; 4.2 s; peak memory 251 MiB.
2026-10-04T02:18:48Z INFO [260/1832] 378f76af-f3f0-471b-93b8-5da80942b125: 13 internal nodes; 1.0 s; peak memory 251 MiB.
2026-10-04T02:18:50Z INFO [261/1832] 378f944c-e45e-4f59-87ae-733f2a30ff42: 31 internal nodes; 1.3 s; peak memory 251 MiB.
2026-10-04T02:18:51Z INFO [262/1832] 378fa878-f864-40be-ad8b-51fca857c352: 29 internal nodes; 1.0 s; peak memory 251 MiB.
2026-10-04T02:18:52Z INFO [263/1832] 378fe48c-0bed-4957-9430-90f2af4e7d18: 17 internal nodes; 0.9 s; peak memory 251 MiB.
2026-10-04T02:18:52Z INFO [264/1832] 378fe5a5-8b72-4e05-a76a-4aff9ec4667d: 17 internal nodes; 0.8 s; peak memory 251 MiB.
2026-10-04T02:18:55Z INFO [265/1832] 37901c9d-30f0-4de2-812e-d2d5eefc4127: 41 internal nodes; 2.6 s; peak memory 251 MiB.
2026-10-04T02:18:58Z INFO [266/1832] 3790cb9d-42c6-49d3-9cfd-e620bd7c2b67: 40 internal nodes; 2.5 s; peak memory 251 MiB.
2026-10-04T02:18:58Z INFO [267/1832] 37919ecb-21ee-43e1-96ae-3916e322fd10: 11 internal nodes; 0.8 s; peak memory 251 MiB.
2026-10-04T02:18:59Z INFO [268/1832] 37920ea3-cbe3-4e54-bf2f-2f1ae4ac4469: 26 internal nodes; 0.4 s; peak memory 251 MiB.
2026-10-04T02:19:00Z INFO [269/1832] 37936f00-d38a-4d40-96a6-00a3c156283d: 59 internal nodes; 1.2 s; peak memory 251 MiB.
2026-10-04T02:19:01Z INFO [270/1832] 3793baca-1d9a-4414-a8e3-10f5d5466b3c: 17 internal nodes; 0.7 s; peak memory 251 MiB.
2026-10-04T02:19:01Z INFO [271/1832] 37949cff-1cba-4c2c-ae75-f829873c3393: 17 internal nodes; 0.7 s; peak memory 251 MiB.
2026-10-04T02:19:02Z INFO [272/1832] 3794aaaf-f41c-40f5-ab02-8db8b4fe21b3: 27 internal nodes; 0.9 s; peak memory 251 MiB.
2026-10-04T02:19:03Z INFO [273/1832] 3794f5d2-8cda-4e49-a92a-8fec4d853b6a: 19 internal nodes; 0.8 s; peak memory 251 MiB.
2026-10-04T02:19:05Z INFO [274/1832] 379554d6-1105-40ca-89fc-d172ba58f5f9: 44 internal nodes; 1.9 s; peak memory 251 MiB.
2026-10-04T02:19:06Z INFO [275/1832] 37957844-4f93-4045-ada0-8c7513ea4b65: 17 internal nodes; 0.6 s; peak memory 251 MiB.
2026-10-04T02:19:11Z INFO [276/1832] 37957b0b-c37f-44b6-84b8-06ffccef8d34: 119 internal nodes; 5.3 s; peak memory 251 MiB.
2026-10-04T02:19:12Z INFO [277/1832] 3796324b-201b-4b89-a04f-f97aee56a7d6: 18 internal nodes; 1.0 s; peak memory 251 MiB.
2026-10-04T02:19:13Z INFO [278/1832] 379686f2-b4a1-4b8d-8764-16f6b1323475: 27 internal nodes; 0.7 s; peak memory 251 MiB.
2026-10-04T02:19:13Z INFO [279/1832] 3797b0a7-15b4-4119-98b1-d1ae4b7e768a: 17 internal nodes; 0.8 s; peak memory 251 MiB.
2026-10-04T02:19:14Z INFO [280/1832] 3798259a-d934-48da-9581-8c1626ad4274: 17 internal nodes; 0.8 s; peak memory 251 MiB.
2026-10-04T02:19:19Z INFO [281/1832] 379976a3-65b5-4a39-a2fe-bea2ab814cb2: 177 internal nodes; 4.9 s; peak memory 251 MiB.
2026-10-04T02:19:20Z INFO [282/1832] 379a27c0-8661-48f9-a8c5-2c87af41c327: 17 internal nodes; 0.8 s; peak memory 251 MiB.
2026-10-04T02:19:25Z INFO [283/1832] 379a56ea-f577-4a3d-aacb-00beed5efdf3: 195 internal nodes; 5.7 s; peak memory 251 MiB.
2026-10-04T02:19:26Z INFO [284/1832] 379a5966-beb4-492d-9702-55b80ab80835: 13 internal nodes; 0.4 s; peak memory 251 MiB.
2026-10-04T02:19:28Z INFO [285/1832] 379adf4f-070f-494d-959b-86e6e0973fbb: 44 internal nodes; 2.1 s; peak memory 251 MiB.
2026-10-04T02:19:29Z INFO [286/1832] 379c8e80-5e25-4f83-a8a1-cf5f69bbdd15: 17 internal nodes; 0.8 s; peak memory 251 MiB.
2026-10-04T02:19:30Z INFO [287/1832] 379cd2bc-db29-41ed-b813-7cab79a0aa26: 18 internal nodes; 0.7 s; peak memory 251 MiB.
2026-10-04T02:19:30Z INFO [288/1832] 379d7391-8400-4381-b97c-95d398da34b9: 29 internal nodes; 0.9 s; peak memory 251 MiB.
2026-10-04T02:19:31Z INFO [289/1832] 379e99a3-b05b-4228-b1dc-8f7d917b32f2: 17 internal nodes; 0.7 s; peak memory 251 MiB.
2026-10-04T02:19:32Z INFO [290/1832] 379eae87-9b8e-4e49-a77a-f91c05ada780: 17 internal nodes; 0.7 s; peak memory 251 MiB.
2026-10-04T02:19:36Z INFO [291/1832] 379ee6c4-6c22-423c-9aaa-6502503d127f: 70 internal nodes; 4.6 s; peak memory 251 MiB.
2026-10-04T02:19:37Z INFO [292/1832] 379ef635-34e6-4fdb-8c19-ec4a1fda26cf: 17 internal nodes; 0.8 s; peak memory 251 MiB.
2026-10-04T02:19:38Z INFO [293/1832] 37a05112-a19e-4818-81a0-ac8248b7f27d: 66 internal nodes; 1.3 s; peak memory 251 MiB.
2026-10-04T02:19:39Z INFO [294/1832] 37a156cd-8480-4c1f-9acb-d01a37483dfa: 17 internal nodes; 0.7 s; peak memory 251 MiB.
2026-10-04T02:19:41Z INFO [295/1832] 37a1a7c7-0e0d-47c2-9d64-a32b41a5729a: 31 internal nodes; 1.4 s; peak memory 251 MiB.
2026-10-04T02:19:41Z INFO [296/1832] 37a35bcc-619b-4c01-8738-3865b6132cfa: 27 internal nodes; 0.9 s; peak memory 251 MiB.
2026-10-04T02:19:42Z INFO [297/1832] 37a3aef1-0f69-4e07-b550-5d8aa8ef376e: 17 internal nodes; 0.8 s; peak memory 251 MiB.
2026-10-04T02:19:43Z INFO [298/1832] 37a3cc16-5f0e-42dc-a71b-e9fe771de2d4: 17 internal nodes; 0.8 s; peak memory 251 MiB.
2026-10-04T02:20:16Z INFO [299/1832] 37a3e63e-e6f8-40bb-ad0d-64c85bd80b60: 3023 internal nodes; 32.9 s; peak memory 298 MiB.
2026-10-04T02:20:18Z INFO [300/1832] 37a4a9f8-7239-41b9-ae11-90b2c03c4b5d: 55 internal nodes; 1.6 s; peak memory 298 MiB.
2026-10-04T02:20:18Z INFO [300/1832] 37a4a9f8-7239-41b9-ae11-90b2c03c4b5d: checkpointed 73820 records.
2026-10-04T02:20:18Z INFO [301/1832] 37a501dc-d263-473b-8292-053693855d88: 11 internal nodes; 0.6 s; peak memory 298 MiB.
2026-10-04T02:20:23Z INFO [302/1832] 37a512e3-f021-43fd-b36a-54092f579f8a: 62 internal nodes; 5.1 s; peak memory 298 MiB.
2026-10-04T02:20:24Z INFO [303/1832] 37a520c7-a81e-4a54-a2e9-4c5a9288457e: 17 internal nodes; 0.8 s; peak memory 298 MiB.
2026-10-04T02:20:32Z INFO [304/1832] 37a56dbf-0f09-493a-a444-8e65ba0651e1: 75 internal nodes; 8.2 s; peak memory 298 MiB.
2026-10-04T02:20:33Z INFO [305/1832] 37a610ac-235f-4f2d-a732-4124fbb379a9: 31 internal nodes; 1.1 s; peak memory 298 MiB.
2026-10-04T02:20:35Z INFO [306/1832] 37a63e99-c597-4707-a90f-01d08907a38d: 31 internal nodes; 1.0 s; peak memory 298 MiB.
2026-10-04T02:20:37Z INFO [307/1832] 37a6644f-b82d-4861-bc6c-7b14546e4fc8: 45 internal nodes; 2.4 s; peak memory 298 MiB.
2026-10-04T02:20:38Z INFO [308/1832] 37a6c242-d28b-44b6-94b8-adea1aaf3b40: 17 internal nodes; 1.1 s; peak memory 298 MiB.
2026-10-04T02:20:39Z INFO [309/1832] 37a6ef55-e413-4a00-b189-e12f1a84f718: 17 internal nodes; 0.7 s; peak memory 298 MiB.
2026-10-04T02:20:39Z INFO [310/1832] 37a70b19-bf4a-4211-9eac-db1dd76ef61e: 13 internal nodes; 0.5 s; peak memory 298 MiB.
2026-10-04T02:20:42Z INFO [311/1832] 37a7351b-da7f-4558-84c3-7a377582ef11: 44 internal nodes; 2.4 s; peak memory 298 MiB.
2026-10-04T02:20:51Z INFO [312/1832] 37a73a5c-4b76-4020-933c-8d6512d1cbf5: 497 internal nodes; 9.0 s; peak memory 298 MiB.
2026-10-04T02:20:52Z INFO [313/1832] 37a74f14-6c13-48b1-80a9-dd0c1e3e59f1: 29 internal nodes; 1.3 s; peak memory 298 MiB.
2026-10-04T02:20:53Z INFO [314/1832] 37a7c537-8499-4949-bdfe-64b020b4b375: 38 internal nodes; 1.5 s; peak memory 298 MiB.
2026-10-04T02:20:55Z INFO [315/1832] 37a87619-4dff-4cbc-9a4e-ee77807c5552: 42 internal nodes; 1.8 s; peak memory 298 MiB.
2026-10-04T02:20:59Z INFO [316/1832] 37a9b79e-6ced-4da7-a61d-7705c94a1cc1: 87 internal nodes; 3.3 s; peak memory 298 MiB.
2026-10-04T02:20:59Z INFO [317/1832] 37aaa14f-5dca-4afb-b213-ee234b134ca2: 27 internal nodes; 0.9 s; peak memory 298 MiB.
2026-10-04T02:21:00Z INFO [318/1832] 37aae9b1-df84-4ea3-aaa3-f8bbbb83050a: 29 internal nodes; 0.9 s; peak memory 298 MiB.
2026-10-04T02:21:01Z INFO [319/1832] 37ab2375-37d8-4e6c-a3db-62d6a4709f42: 67 internal nodes; 1.0 s; peak memory 298 MiB.
2026-10-04T02:21:06Z INFO [320/1832] 37ab700c-0e03-4bbc-8c39-e31ce127bcc4: 186 internal nodes; 5.1 s; peak memory 298 MiB.
2026-10-04T02:21:07Z INFO [321/1832] 37abb210-fbdd-4df7-8048-c3ef1e5ecb2a: 59 internal nodes; 0.8 s; peak memory 298 MiB.
2026-10-04T02:21:08Z INFO [322/1832] 37abecaa-196a-4c0b-adf1-bab168d9d39e: 17 internal nodes; 0.8 s; peak memory 298 MiB.
2026-10-04T02:21:09Z INFO [323/1832] 37ac7fe2-4ddd-41e1-a196-2e5afcb40a08: 23 internal nodes; 1.1 s; peak memory 298 MiB.
2026-10-04T02:21:10Z INFO [324/1832] 37ac9124-9497-4147-95bf-28e7a44fd287: 27 internal nodes; 0.9 s; peak memory 298 MiB.
2026-10-04T02:21:14Z INFO [325/1832] 37acb689-2f65-4874-95d3-3da0a483eb70: 115 internal nodes; 4.0 s; peak memory 298 MiB.
2026-10-04T02:21:16Z INFO [326/1832] 37acfcbf-6dcd-435c-9d63-9ad58fff9259: 41 internal nodes; 1.5 s; peak memory 298 MiB.
2026-10-04T02:21:22Z INFO [327/1832] 37ad1c4c-290a-4a8a-9636-f86657c9c755: 66 internal nodes; 6.0 s; peak memory 298 MiB.
2026-10-04T02:21:22Z INFO [328/1832] 37adb5e4-52ea-4423-8dfa-cec77bafa35f: 13 internal nodes; 0.8 s; peak memory 298 MiB.
2026-10-04T02:21:23Z INFO [329/1832] 37ae01b6-0ba5-438c-b620-d70ddb64c2a5: 19 internal nodes; 0.8 s; peak memory 298 MiB.
2026-10-04T02:21:24Z INFO [330/1832] 37ae551c-63eb-4832-b058-6274e78e624e: 26 internal nodes; 0.7 s; peak memory 298 MiB.
2026-10-04T02:21:25Z INFO [331/1832] 37ae595f-a17d-40e9-8483-d6ac54a0011c: 22 internal nodes; 1.1 s; peak memory 298 MiB.
2026-10-04T02:21:26Z INFO [332/1832] 37af1310-b709-41f5-9d9f-673a017503bc: 27 internal nodes; 0.8 s; peak memory 298 MiB.
2026-10-04T02:21:30Z INFO [333/1832] 37af2a3a-1ab2-44eb-ad81-683e89d47351: 73 internal nodes; 4.7 s; peak memory 298 MiB.
2026-10-04T02:21:31Z INFO [334/1832] 37af6407-1674-42e1-bad2-22009c0a2d9c: 29 internal nodes; 0.6 s; peak memory 298 MiB.
2026-10-04T02:21:32Z INFO [335/1832] 37af7d96-33ac-42f4-8832-06bdbec0f6c6: 17 internal nodes; 0.6 s; peak memory 298 MiB.
2026-10-04T02:21:38Z INFO [336/1832] 37afc1a8-ee0e-4cb6-b5f5-d16d8583517f: 70 internal nodes; 6.0 s; peak memory 298 MiB.
2026-10-04T02:21:38Z INFO [337/1832] 37b0c534-4a9d-49af-8e18-df5b0eca61fd: 11 internal nodes; 0.7 s; peak memory 298 MiB.
2026-10-04T02:21:42Z INFO [338/1832] 37b109e8-84dd-419d-a2d3-e376142abb04: 73 internal nodes; 4.1 s; peak memory 298 MiB.
2026-10-04T02:21:57Z INFO [339/1832] 37b24eeb-6877-48ff-a270-b347535bfde6: 2555 internal nodes; 14.3 s; peak memory 298 MiB.
2026-10-04T02:21:58Z INFO [340/1832] 37b291f2-f29f-44ea-9cc7-f22ac8788f96: 65 internal nodes; 1.1 s; peak memory 298 MiB.
2026-10-04T02:21:59Z INFO [341/1832] 37b2ef01-c239-4b5f-b17f-52972dca55de: 17 internal nodes; 0.7 s; peak memory 298 MiB.
2026-10-04T02:22:00Z INFO [342/1832] 37b381c9-a12f-4c88-9b31-bd31f808d892: 31 internal nodes; 1.1 s; peak memory 298 MiB.
2026-10-04T02:22:01Z INFO [343/1832] 37b3d483-3028-43f1-ade7-173c7afb8e43: 27 internal nodes; 0.9 s; peak memory 298 MiB.
2026-10-04T02:22:04Z INFO [344/1832] 37b446f0-98b1-406b-8681-040f3e631386: 73 internal nodes; 3.8 s; peak memory 298 MiB.
2026-10-04T02:22:05Z INFO [345/1832] 37b5a030-9349-4124-82b8-73c5b44f0020: 17 internal nodes; 0.7 s; peak memory 298 MiB.
2026-10-04T02:22:06Z INFO [346/1832] 37b601a2-7406-4600-860a-b652aeb4aac3: 23 internal nodes; 1.0 s; peak memory 298 MiB.
2026-10-04T02:22:07Z INFO [347/1832] 37b70a52-9620-4516-bfee-2f2babe0fc21: 17 internal nodes; 0.7 s; peak memory 298 MiB.
2026-10-04T02:22:12Z INFO [348/1832] 37b732c8-1be6-4078-8020-5b3b5239ec1b: 79 internal nodes; 5.3 s; peak memory 298 MiB.
2026-10-04T02:22:13Z INFO [349/1832] 37b87a37-e956-452b-9600-baeb57b61b3e: 38 internal nodes; 0.9 s; peak memory 298 MiB.
2026-10-04T02:22:14Z INFO [350/1832] 37b9bc23-2c59-4709-a520-b5f7b0a6c593: 27 internal nodes; 1.0 s; peak memory 298 MiB.
2026-10-04T02:22:14Z INFO [350/1832] 37b9bc23-2c59-4709-a520-b5f7b0a6c593: checkpointed 73870 records.
2026-10-04T02:22:16Z INFO [351/1832] 37b9e40f-f39b-4030-8ac2-4075e8b09b54: 44 internal nodes; 1.6 s; peak memory 298 MiB.
2026-10-04T02:22:18Z INFO [352/1832] 37ba8b84-d8ae-41a2-b91d-4e43d82da574: 38 internal nodes; 1.9 s; peak memory 298 MiB.
2026-10-04T02:22:19Z INFO [353/1832] 37bb25f0-f5ef-419d-8ab9-6b00095cea3e: 122 internal nodes; 1.4 s; peak memory 298 MiB.
2026-10-04T02:22:20Z INFO [354/1832] 37bc8484-ee24-45cb-8806-e6220fadf8ff: 31 internal nodes; 1.2 s; peak memory 298 MiB.
2026-10-04T02:22:22Z INFO [355/1832] 37bc8894-a793-4395-8347-d64ab6a3f2a3: 44 internal nodes; 1.9 s; peak memory 298 MiB.
2026-10-04T02:22:23Z INFO [356/1832] 37bd4e09-c489-4aa6-9e53-d382e28c57f1: 27 internal nodes; 0.9 s; peak memory 298 MiB.
2026-10-04T02:22:24Z INFO [357/1832] 37be40eb-8d8c-4e9b-9bb5-c8e9171f8c1a: 58 internal nodes; 0.7 s; peak memory 298 MiB.
2026-10-04T02:22:25Z INFO [358/1832] 37bf1c10-6ab0-48ff-a3b2-0bd7650d79f4: 27 internal nodes; 1.6 s; peak memory 298 MiB.
2026-10-04T02:22:26Z INFO [359/1832] 37bfa315-9423-4315-a055-47085bc28ee4: 95 internal nodes; 1.0 s; peak memory 298 MiB.
2026-10-04T02:22:27Z INFO [360/1832] 37c01e08-df16-459c-bc88-cf44517be54b: 114 internal nodes; 0.7 s; peak memory 298 MiB.
2026-10-04T02:22:28Z INFO [361/1832] 37c06f3d-0b60-42ca-b93b-ec7b61a9b47c: 29 internal nodes; 1.1 s; peak memory 298 MiB.
2026-10-04T02:22:30Z INFO [362/1832] 37c153e5-38bf-4125-b102-775c9847182a: 40 internal nodes; 1.9 s; peak memory 298 MiB.
2026-10-04T02:22:31Z INFO [363/1832] 37c15973-2012-4c97-92b1-6d79cff31cba: 56 internal nodes; 1.0 s; peak memory 298 MiB.
2026-10-04T02:22:32Z INFO [364/1832] 37c1df3a-684d-4b18-88e8-58ae6953a18a: 63 internal nodes; 1.2 s; peak memory 298 MiB.
2026-10-04T02:22:33Z INFO [365/1832] 37c1ecbc-6763-49a3-be89-2e7e5432e655: 31 internal nodes; 0.9 s; peak memory 298 MiB.
2026-10-04T02:22:36Z INFO [366/1832] 37c1fb75-e938-4c40-9360-cd2c6571fa2c: 42 internal nodes; 2.3 s; peak memory 298 MiB.
2026-10-04T02:22:37Z INFO [367/1832] 37c2e6b5-703d-49a3-bc89-e92cca90cf04: 56 internal nodes; 1.1 s; peak memory 298 MiB.
2026-10-04T02:22:37Z INFO [368/1832] 37c3cd72-6206-4c0c-9fb7-1ab9e388564b: 27 internal nodes; 0.6 s; peak memory 298 MiB.
2026-10-04T02:22:38Z INFO [369/1832] 37c43264-a47c-4ae9-855d-81c7b1ebca1f: 17 internal nodes; 0.8 s; peak memory 298 MiB.
2026-10-04T02:22:39Z INFO [370/1832] 37c4d80f-d499-484a-ab97-64153261fd90: 115 internal nodes; 0.8 s; peak memory 298 MiB.
2026-10-04T02:22:47Z INFO [371/1832] 37c4da0d-004c-4188-a75a-b0ce2e42e754: 75 internal nodes; 8.3 s; peak memory 298 MiB.
2026-10-04T02:22:48Z INFO [372/1832] 37c585b9-7b95-439e-a2b8-f41b3772dc99: 31 internal nodes; 1.0 s; peak memory 298 MiB.
2026-10-04T02:22:49Z INFO [373/1832] 37c74265-a5fa-4310-b7c4-1b2e9efd7006: 17 internal nodes; 0.7 s; peak memory 298 MiB.
2026-10-04T02:22:50Z INFO [374/1832] 37c82627-b2e2-4289-ba0b-95b51e50e4bd: 17 internal nodes; 0.7 s; peak memory 298 MiB.
2026-10-04T02:22:54Z INFO [375/1832] 37c8dcb8-30de-4974-9fd0-c659c1274d8a: 184 internal nodes; 4.8 s; peak memory 298 MiB.
2026-10-04T02:22:55Z INFO [376/1832] 37c9ecb2-5435-45cc-9438-e12b6fdcd99b: 17 internal nodes; 0.9 s; peak memory 298 MiB.
2026-10-04T02:22:56Z INFO [377/1832] 37cbe5a9-d3ed-4c54-a80a-cf0526dfe984: 26 internal nodes; 0.9 s; peak memory 298 MiB.
2026-10-04T02:22:57Z INFO [378/1832] 37cc5ddc-cdc5-4906-a940-47f334e11ba0: 27 internal nodes; 0.8 s; peak memory 298 MiB.
2026-10-04T02:22:58Z INFO [379/1832] 37cc7a94-9d08-4d8c-b196-1ccae3d514f5: 19 internal nodes; 0.6 s; peak memory 298 MiB.
2026-10-04T02:22:58Z INFO [380/1832] 37ccb0ab-3c5d-4fb4-aae9-f980fdac819a: 17 internal nodes; 0.7 s; peak memory 298 MiB.
2026-10-04T02:23:01Z INFO [381/1832] 37cd4fc2-1e21-4018-8bdf-86f23ac88434: 44 internal nodes; 2.2 s; peak memory 298 MiB.
2026-10-04T02:23:03Z INFO [382/1832] 37cd85e1-3567-4dd2-a4e2-9567b253e384: 46 internal nodes; 2.6 s; peak memory 298 MiB.
2026-10-04T02:23:06Z INFO [383/1832] 37cebdc6-9878-45c7-91ef-310491c93793: 49 internal nodes; 2.4 s; peak memory 298 MiB.
2026-10-04T02:23:06Z INFO [384/1832] 37cf3be4-e2e2-435d-b4a3-2a790826b24b: 17 internal nodes; 0.9 s; peak memory 298 MiB.
2026-10-04T02:23:07Z INFO [385/1832] 37cf3d3c-059d-4731-89ef-e88ab9b2bb0a: 17 internal nodes; 0.7 s; peak memory 298 MiB.
2026-10-04T02:23:08Z INFO [386/1832] 37cfb443-5b2e-45b8-8301-73a6f14a2926: 16 internal nodes; 0.5 s; peak memory 298 MiB.
2026-10-04T02:23:08Z INFO [387/1832] 37cffdf2-d332-48f6-8c4d-63ffc05b3102: 16 internal nodes; 0.7 s; peak memory 298 MiB.
2026-10-04T02:23:09Z INFO [388/1832] 37d09533-c1b7-4873-9c54-46973860c8c4: 63 internal nodes; 1.0 s; peak memory 298 MiB.
2026-10-04T02:23:10Z INFO [389/1832] 37d10f70-32cb-49c4-90c3-b92c4e897f69: 31 internal nodes; 1.0 s; peak memory 298 MiB.
2026-10-04T02:23:12Z INFO [390/1832] 37d121ee-8f25-4589-9b64-8f11f6702e0a: 91 internal nodes; 1.3 s; peak memory 298 MiB.
2026-10-04T02:23:14Z INFO [391/1832] 37d15952-8219-4fbb-8397-9a35a80439ff: 44 internal nodes; 2.0 s; peak memory 298 MiB.
2026-10-04T02:23:15Z INFO [392/1832] 37d1b21e-7e0b-4ec9-9306-3a6b68ac8381: 31 internal nodes; 1.1 s; peak memory 298 MiB.
2026-10-04T02:23:16Z INFO [393/1832] 37d1f7ba-954f-47d0-bb85-ad8390b10cfb: 61 internal nodes; 1.6 s; peak memory 298 MiB.
2026-10-04T02:23:21Z INFO [394/1832] 37d45762-f60f-402e-8269-4d3212c45d0b: 73 internal nodes; 4.4 s; peak memory 298 MiB.
2026-10-04T02:23:22Z INFO [395/1832] 37d51a89-d419-48ca-9a33-7d7ea3c98f4a: 116 internal nodes; 0.9 s; peak memory 298 MiB.
2026-10-04T02:23:23Z INFO [396/1832] 37d532d4-b225-4cda-995a-4c796acebf53: 18 internal nodes; 0.9 s; peak memory 298 MiB.
2026-10-04T02:23:23Z INFO [397/1832] 37d6742e-8a31-49c3-9fe2-90df969eb85c: 19 internal nodes; 0.9 s; peak memory 298 MiB.
2026-10-04T02:23:24Z INFO [398/1832] 37d74a2e-fe94-4e5c-8e4f-1c38adbbd40c: 18 internal nodes; 0.6 s; peak memory 298 MiB.
2026-10-04T02:23:25Z INFO [399/1832] 37d8ae64-9be8-4935-a6d4-e300c1e34c03: 31 internal nodes; 0.9 s; peak memory 298 MiB.
2026-10-04T02:23:26Z INFO [400/1832] 37d8e581-ba4e-4fff-a581-4cf1c162c264: 31 internal nodes; 1.2 s; peak memory 298 MiB.
2026-10-04T02:23:26Z INFO [400/1832] 37d8e581-ba4e-4fff-a581-4cf1c162c264: checkpointed 73920 records.
2026-10-04T02:23:27Z INFO [401/1832] 37d914ba-af44-40e6-ade7-ae4b6a93ffc3: 31 internal nodes; 1.0 s; peak memory 298 MiB.
2026-10-04T02:23:29Z INFO [402/1832] 37da42be-4330-4324-9a1d-fce937d12633: 47 internal nodes; 2.0 s; peak memory 298 MiB.
2026-10-04T02:23:30Z INFO [403/1832] 37da4910-352a-4a99-ad30-1bec0b098881: 18 internal nodes; 0.9 s; peak memory 298 MiB.
2026-10-04T02:23:31Z INFO [404/1832] 37daf441-4b73-46ea-bfbd-be547055a7e8: 27 internal nodes; 1.0 s; peak memory 298 MiB.
2026-10-04T02:23:32Z INFO [405/1832] 37dbd0bf-58ba-4d3a-9332-026b69299bb6: 27 internal nodes; 0.8 s; peak memory 298 MiB.
2026-10-04T02:23:36Z INFO [406/1832] 37dbe919-2bfa-41b7-80a4-fc27c84a8d04: 68 internal nodes; 3.8 s; peak memory 298 MiB.
2026-10-04T02:23:42Z INFO [407/1832] 37dc28ba-d0fe-4463-a2e0-b526a19377de: 60 internal nodes; 6.4 s; peak memory 298 MiB.
2026-10-04T02:23:44Z INFO [408/1832] 37dcda4c-e8f9-44d1-9bd2-4812a38bc422: 56 internal nodes; 1.8 s; peak memory 298 MiB.
2026-10-04T02:23:44Z INFO [409/1832] 37de8772-e5ff-4918-8b54-96965ead6c3c: 17 internal nodes; 0.6 s; peak memory 298 MiB.
2026-10-04T02:23:48Z INFO [410/1832] 37de93da-cab3-4dfc-8341-3a6263222acb: 70 internal nodes; 4.0 s; peak memory 298 MiB.
2026-10-04T02:23:50Z INFO [411/1832] 37dea902-aca1-4499-8f9b-d93bc5e966cd: 54 internal nodes; 1.4 s; peak memory 298 MiB.
2026-10-04T02:23:51Z INFO [412/1832] 37dec7f0-f4ba-4c7d-9cbd-f67da95b1578: 31 internal nodes; 1.0 s; peak memory 298 MiB.
2026-10-04T02:23:53Z INFO [413/1832] 37df6067-1de3-4c93-b706-6e469519a60c: 45 internal nodes; 2.4 s; peak memory 298 MiB.
2026-10-04T02:23:54Z INFO [414/1832] 37e0af70-dd4f-4746-8084-67b0420a20b0: 18 internal nodes; 1.0 s; peak memory 298 MiB.
2026-10-04T02:23:55Z INFO [415/1832] 37e4df39-144f-4afe-9ebe-a166f5089365: 17 internal nodes; 0.7 s; peak memory 298 MiB.
2026-10-04T02:23:56Z INFO [416/1832] 37e69976-144e-4eed-b986-cd55570c692a: 31 internal nodes; 1.0 s; peak memory 298 MiB.
2026-10-04T02:23:57Z INFO [417/1832] 37e6ab36-d31f-4868-82b8-68e16886c22b: 56 internal nodes; 1.3 s; peak memory 298 MiB.
2026-10-04T02:23:58Z INFO [418/1832] 37e6e17b-f43e-480e-b96d-3a55d85601df: 15 internal nodes; 0.6 s; peak memory 298 MiB.
2026-10-04T02:24:01Z INFO [419/1832] 37e7530b-1c8c-4328-b36c-81bda767952a: 54 internal nodes; 3.7 s; peak memory 298 MiB.
2026-10-04T02:24:06Z INFO [420/1832] 37e771cd-14fc-4bdc-8d99-9fa13e714ec7: 72 internal nodes; 4.7 s; peak memory 298 MiB.
2026-10-04T02:24:07Z INFO [421/1832] 37e83532-3967-4181-a6de-7e0ff4b4e7b0: 27 internal nodes; 1.0 s; peak memory 298 MiB.
2026-10-04T02:24:08Z INFO [422/1832] 37e8798a-e41f-42b2-a989-ca8763c0d2b4: 17 internal nodes; 0.7 s; peak memory 298 MiB.
2026-10-04T02:24:08Z INFO [423/1832] 37e89d66-1831-472f-b389-c4ee96a3a538: 11 internal nodes; 0.5 s; peak memory 298 MiB.
2026-10-04T02:24:09Z INFO [424/1832] 37e96ca5-fd2c-44c1-9216-2ffd0c9d5bf7: 27 internal nodes; 0.7 s; peak memory 298 MiB.
2026-10-04T02:24:10Z INFO [425/1832] 37ea7fa3-52ea-4f53-a824-cd56811306a8: 24 internal nodes; 0.8 s; peak memory 298 MiB.
2026-10-04T02:24:14Z INFO [426/1832] 37ea9587-572f-4f27-ace3-29768013eb93: 153 internal nodes; 4.1 s; peak memory 298 MiB.
2026-10-04T02:24:19Z INFO [427/1832] 37eb4298-6fd2-427f-9fea-97820703c35d: 71 internal nodes; 4.9 s; peak memory 298 MiB.
2026-10-04T02:24:20Z INFO [428/1832] 37eb65eb-a5c0-44ab-b3b2-847176a8942a: 27 internal nodes; 1.0 s; peak memory 298 MiB.
2026-10-04T02:24:20Z INFO [429/1832] 37ec3179-8667-438e-8065-528e3a8de8af: 17 internal nodes; 0.7 s; peak memory 298 MiB.
2026-10-04T02:24:21Z INFO [430/1832] 37ed24da-2f3b-4874-9e7c-5be0b3021186: 17 internal nodes; 0.8 s; peak memory 298 MiB.
2026-10-04T02:24:22Z INFO [431/1832] 37ed3d18-15f7-44ef-8eb5-313f1227979b: 19 internal nodes; 0.6 s; peak memory 298 MiB.
2026-10-04T02:24:22Z INFO [432/1832] 37edd07d-00f7-4101-962d-bb8fda311142: 26 internal nodes; 0.6 s; peak memory 298 MiB.
2026-10-04T02:24:23Z INFO [433/1832] 37eebcbd-c32a-4dbb-9f40-57e018dd940c: 25 internal nodes; 0.5 s; peak memory 298 MiB.
2026-10-04T02:24:24Z INFO [434/1832] 37ef4b78-9783-4954-9d75-e72590fe877d: 66 internal nodes; 1.1 s; peak memory 298 MiB.
2026-10-04T02:24:25Z INFO [435/1832] 37ef77eb-fa78-4ac5-b694-966bdf12b6b5: 18 internal nodes; 0.6 s; peak memory 298 MiB.
2026-10-04T02:24:29Z INFO [436/1832] 37f27ce6-0c6a-49b3-9aaa-d1f97c367403: 73 internal nodes; 4.7 s; peak memory 298 MiB.
2026-10-04T02:24:30Z INFO [437/1832] 37f2a086-f838-49a8-9155-c445f93b75ba: 69 internal nodes; 1.0 s; peak memory 298 MiB.
2026-10-04T02:24:36Z INFO [438/1832] 37f37c94-5d05-47b1-8a6c-ea0afa8d29b4: 177 internal nodes; 5.6 s; peak memory 298 MiB.
2026-10-04T02:24:37Z INFO [439/1832] 37f3ac71-a7a9-492a-9892-d35d78738556: 52 internal nodes; 1.5 s; peak memory 298 MiB.
2026-10-04T02:24:39Z INFO [440/1832] 37f3f232-7dc7-45ee-9174-1eecd393583a: 65 internal nodes; 1.2 s; peak memory 298 MiB.
2026-10-04T02:24:40Z INFO [441/1832] 37f53d62-68e2-4c0b-9e01-505a03169777: 30 internal nodes; 1.3 s; peak memory 298 MiB.
2026-10-04T02:24:40Z INFO [442/1832] 37f5fe0c-a7de-41b6-b1b1-1f1aa8867394: 11 internal nodes; 0.4 s; peak memory 298 MiB.
2026-10-04T02:24:41Z INFO [443/1832] 37f6379d-c784-436e-a6f6-3ae5769af8f0: 27 internal nodes; 1.0 s; peak memory 298 MiB.
2026-10-04T02:24:42Z INFO [444/1832] 37f66f53-2c71-41d0-bc61-cfc4c98a325a: 17 internal nodes; 0.7 s; peak memory 298 MiB.
2026-10-04T02:24:43Z INFO [445/1832] 37f6b3ff-84a2-4364-aa3d-960c7b37182d: 27 internal nodes; 0.9 s; peak memory 298 MiB.
2026-10-04T02:24:54Z INFO [446/1832] 37f6fbdd-5335-472a-b539-78b779da5b8b: 29 internal nodes; 10.8 s; peak memory 298 MiB.
2026-10-04T02:24:54Z INFO [447/1832] 37f7c664-8ddd-4fcb-a3f0-b3e2787ad60a: 115 internal nodes; 0.6 s; peak memory 298 MiB.
2026-10-04T02:24:55Z INFO [448/1832] 37f808af-38b4-4ec1-a95e-f09aa0ceb052: 17 internal nodes; 0.7 s; peak memory 298 MiB.
2026-10-04T02:24:56Z INFO [449/1832] 37f96727-2a83-41f1-9ccf-65cdae838aa8: 29 internal nodes; 1.0 s; peak memory 298 MiB.
2026-10-04T02:24:57Z INFO [450/1832] 37f9887b-d386-4a16-b51f-75e1b9cd5e6a: 19 internal nodes; 0.6 s; peak memory 298 MiB.
2026-10-04T02:24:57Z INFO [450/1832] 37f9887b-d386-4a16-b51f-75e1b9cd5e6a: checkpointed 73970 records.
2026-10-04T02:24:58Z INFO [451/1832] 37f9d41b-97ef-46fd-93b5-ec57bae23214: 18 internal nodes; 0.9 s; peak memory 298 MiB.
2026-10-04T02:25:04Z INFO [452/1832] 37f9e4e2-d494-4992-9c44-e157d8b91be5: 44 internal nodes; 6.2 s; peak memory 298 MiB.
2026-10-04T02:25:10Z INFO [453/1832] 37fad943-df05-4309-84fb-a8a224c4a947: 164 internal nodes; 6.2 s; peak memory 298 MiB.
2026-10-04T02:25:11Z INFO [454/1832] 37fae6dd-cb7a-420a-9675-741e2e3cc09b: 17 internal nodes; 0.5 s; peak memory 298 MiB.
2026-10-04T02:25:11Z INFO [455/1832] 37fc59b2-1723-4c18-b271-1afd334a9426: 27 internal nodes; 0.8 s; peak memory 298 MiB.
2026-10-04T02:25:15Z INFO [456/1832] 37fcc08c-5fc7-4063-8230-bbf29b797969: 56 internal nodes; 3.2 s; peak memory 298 MiB.
2026-10-04T02:25:16Z INFO [457/1832] 37fd913e-317f-4db8-91f9-55b9498ad3f0: 17 internal nodes; 1.2 s; peak memory 298 MiB.
2026-10-04T02:25:16Z INFO [458/1832] 37fd9388-f5cb-435e-9d06-7e7207762bd7: 18 internal nodes; 0.7 s; peak memory 298 MiB.
2026-10-04T02:25:18Z INFO [459/1832] 37fdbaf2-d12d-4077-9fb1-94feaf71de68: 90 internal nodes; 1.2 s; peak memory 298 MiB.
2026-10-04T02:25:18Z INFO [460/1832] 37fdc926-c7a4-4eb4-b88a-0bae7f137ec8: 23 internal nodes; 0.7 s; peak memory 298 MiB.
2026-10-04T02:25:27Z INFO [461/1832] 37fdd4cc-d101-4cb0-884a-2997e25a6109: 351 internal nodes; 8.5 s; peak memory 298 MiB.
2026-10-04T02:25:30Z INFO [462/1832] 37fe0dbe-1a65-4b6f-a9fa-ed2001ed9367: 41 internal nodes; 3.3 s; peak memory 298 MiB.
2026-10-04T02:25:31Z INFO [463/1832] 38001b5b-bf5e-4902-b4c6-7648404aa1b6: 17 internal nodes; 0.7 s; peak memory 298 MiB.
2026-10-04T02:25:32Z INFO [464/1832] 38015a40-4eba-4304-85d9-af5cd7475ed7: 17 internal nodes; 0.9 s; peak memory 298 MiB.
2026-10-04T02:25:32Z INFO [465/1832] 38019fab-b38d-446d-af5d-fda5d6715937: 27 internal nodes; 0.7 s; peak memory 298 MiB.
2026-10-04T02:25:33Z INFO [466/1832] 38070d83-ddfa-4383-b4eb-b6b5f624e4a0: 17 internal nodes; 0.7 s; peak memory 298 MiB.
2026-10-04T02:25:39Z INFO [467/1832] 3807b7af-f04d-411d-8d6b-64cff965fc40: 241 internal nodes; 6.2 s; peak memory 298 MiB.
2026-10-04T02:25:40Z INFO [468/1832] 3808221a-d9cc-4614-b18c-37a9c42e3154: 31 internal nodes; 1.0 s; peak memory 298 MiB.
2026-10-04T02:25:41Z INFO [469/1832] 380878ba-594a-4f1b-8d42-cc6526566b8f: 67 internal nodes; 1.2 s; peak memory 298 MiB.
2026-10-04T02:25:42Z INFO [470/1832] 3808aacd-660a-47cc-995a-c8385a52159b: 53 internal nodes; 0.9 s; peak memory 298 MiB.
2026-10-04T02:25:43Z INFO [471/1832] 3808e65b-4800-4a5e-b931-f5f021ccdaf4: 22 internal nodes; 1.0 s; peak memory 298 MiB.
2026-10-04T02:28:42Z INFO [472/1832] 380a206b-34b0-41c4-846e-1d337f520886: 5445 internal nodes; 178.3 s; peak memory 622 MiB.
2026-10-04T02:28:47Z INFO [473/1832] 380abeeb-530a-4dc8-9b6c-40d64f3f9900: 186 internal nodes; 5.1 s; peak memory 622 MiB.
2026-10-04T02:28:49Z INFO [474/1832] 380c0567-2cf7-470c-86a1-c3a17c669423: 27 internal nodes; 1.8 s; peak memory 622 MiB.
2026-10-04T02:28:49Z INFO [475/1832] 380c331c-4d1a-4194-acf1-ae5f1658e177: 18 internal nodes; 0.7 s; peak memory 622 MiB.
2026-10-04T02:28:50Z INFO [476/1832] 380c76d2-1144-4386-bdcc-548b18394464: 37 internal nodes; 1.0 s; peak memory 622 MiB.
2026-10-04T02:28:51Z INFO [477/1832] 380de386-65fe-48fa-a68a-d52e53a006f4: 17 internal nodes; 0.7 s; peak memory 622 MiB.
2026-10-04T02:28:52Z INFO [478/1832] 380eeff3-a6c5-4225-8366-e7d3e5077229: 31 internal nodes; 1.4 s; peak memory 622 MiB.
2026-10-04T02:28:53Z INFO [479/1832] 380f38fb-7472-4810-b4b7-208f727fef7f: 27 internal nodes; 0.9 s; peak memory 622 MiB.
2026-10-04T02:28:54Z INFO [480/1832] 3811fa83-8089-4aa3-a0b7-7ac72b32e7ac: 17 internal nodes; 0.9 s; peak memory 622 MiB.
2026-10-04T02:29:03Z INFO [481/1832] 38129307-67b3-4e7e-8b30-85dcb8530e56: 227 internal nodes; 8.4 s; peak memory 622 MiB.
2026-10-04T02:29:03Z INFO [482/1832] 38146fe9-0663-488c-84d4-a2ea1434e240: 11 internal nodes; 0.5 s; peak memory 622 MiB.
2026-10-04T02:29:04Z INFO [483/1832] 3814af9e-6359-468a-b242-6f8cc8ec7f66: 11 internal nodes; 0.5 s; peak memory 622 MiB.
2026-10-04T02:29:04Z INFO [484/1832] 381542a3-f408-4a3c-9045-d46554d6922f: 16 internal nodes; 0.7 s; peak memory 622 MiB.
2026-10-04T02:29:05Z INFO [485/1832] 38164eda-a2d0-4571-b225-9cf51f4641a6: 29 internal nodes; 1.1 s; peak memory 622 MiB.
2026-10-04T02:29:06Z INFO [486/1832] 38178a88-bf43-4c7f-bd07-25a04d969447: 27 internal nodes; 0.8 s; peak memory 622 MiB.
2026-10-04T02:29:08Z INFO [487/1832] 381839dd-f0c4-4096-b98d-1d75e2bf1222: 25 internal nodes; 1.4 s; peak memory 622 MiB.
2026-10-04T02:29:09Z INFO [488/1832] 381963eb-4dbf-411d-a884-4cae44e4d9ae: 31 internal nodes; 1.2 s; peak memory 622 MiB.
2026-10-04T02:29:10Z INFO [489/1832] 381a4b2b-c8a8-4c3f-96c8-cd872d977038: 13 internal nodes; 0.8 s; peak memory 622 MiB.
2026-10-04T02:29:10Z INFO [490/1832] 381ab4bc-aef8-47b4-9d23-a5c6e3d2c427: 17 internal nodes; 0.7 s; peak memory 622 MiB.
2026-10-04T02:29:11Z INFO [491/1832] 381bab42-15ba-4f84-b9d6-0fea407667aa: 17 internal nodes; 0.8 s; peak memory 622 MiB.
2026-10-04T02:29:12Z INFO [492/1832] 381d49a5-8d2c-4b9c-be03-8560f445e8b6: 17 internal nodes; 0.8 s; peak memory 622 MiB.
2026-10-04T02:29:13Z INFO [493/1832] 381f184b-0bf7-4f18-96f5-97de205bac71: 31 internal nodes; 0.8 s; peak memory 622 MiB.
2026-10-04T02:29:14Z INFO [494/1832] 3820f960-e9e7-4af8-87a1-b7f299b18ef7: 31 internal nodes; 1.3 s; peak memory 622 MiB.
2026-10-04T02:29:15Z INFO [495/1832] 3821244d-5a62-4429-9f7e-b19755d10b2f: 32 internal nodes; 1.4 s; peak memory 622 MiB.
2026-10-04T02:29:16Z INFO [496/1832] 3821499b-8fb0-4360-9661-bac63134fc8a: 17 internal nodes; 0.8 s; peak memory 622 MiB.
2026-10-04T02:29:17Z INFO [497/1832] 382235d1-5b79-4062-a0c6-76e5cdd35489: 27 internal nodes; 1.0 s; peak memory 622 MiB.
2026-10-04T02:29:18Z INFO [498/1832] 3822b1eb-30e6-4ced-9606-725fe28f8461: 17 internal nodes; 0.6 s; peak memory 622 MiB.
2026-10-04T02:29:24Z INFO [499/1832] 38243186-660f-4623-89e7-b75e0eb4a9c0: 64 internal nodes; 6.5 s; peak memory 622 MiB.
2026-10-04T02:29:25Z INFO [500/1832] 38245e5a-e7d7-465a-b004-06ed998987e4: 27 internal nodes; 0.9 s; peak memory 622 MiB.
2026-10-04T02:29:25Z INFO [500/1832] 38245e5a-e7d7-465a-b004-06ed998987e4: checkpointed 74020 records.
2026-10-04T02:29:26Z INFO [501/1832] 38246c4a-c138-418b-8057-c0b1c43864e9: 116 internal nodes; 0.9 s; peak memory 622 MiB.
2026-10-04T02:29:27Z INFO [502/1832] 382474ef-5c4f-4d39-bd9c-504202a5517d: 17 internal nodes; 0.8 s; peak memory 622 MiB.
2026-10-04T02:29:31Z INFO [503/1832] 3824e7fb-849d-43cc-b4e3-7cf3dce44ca3: 227 internal nodes; 4.2 s; peak memory 622 MiB.
2026-10-04T02:29:36Z INFO [504/1832] 38257f81-66a0-4fcb-9e0e-549e05257480: 57 internal nodes; 4.5 s; peak memory 622 MiB.
2026-10-04T02:29:38Z INFO [505/1832] 3826db1d-4a89-45e2-bebf-d642e083b43a: 31 internal nodes; 2.0 s; peak memory 622 MiB.
2026-10-04T02:29:38Z INFO [506/1832] 38270f77-5ab6-4ddd-9350-0f5dc0866fe6: 17 internal nodes; 0.8 s; peak memory 622 MiB.
2026-10-04T02:29:39Z INFO [507/1832] 38280cd8-68e3-4801-b477-abb469559b36: 17 internal nodes; 0.7 s; peak memory 622 MiB.
2026-10-04T02:29:47Z INFO [508/1832] 3828dd5f-82e2-459b-ab44-3224df0ae979: 271 internal nodes; 7.6 s; peak memory 622 MiB.
2026-10-04T02:29:47Z INFO [509/1832] 3829932a-6d8b-4f9f-8689-eb204991e4db: 13 internal nodes; 0.7 s; peak memory 622 MiB.
2026-10-04T02:29:48Z INFO [510/1832] 382aca4f-53f6-4e2d-aae9-15e0cf340eb6: 17 internal nodes; 0.9 s; peak memory 622 MiB.
2026-10-04T02:29:49Z INFO [511/1832] 382b2371-0317-40a3-81f3-6d239625eadd: 27 internal nodes; 0.9 s; peak memory 622 MiB.
2026-10-04T02:29:50Z INFO [512/1832] 382b4f56-982e-4869-b244-af7e903ce6ae: 54 internal nodes; 1.0 s; peak memory 622 MiB.
2026-10-04T02:29:51Z INFO [513/1832] 382b53c7-07fc-48c4-9e20-9c3cee70ba0d: 25 internal nodes; 0.7 s; peak memory 622 MiB.
2026-10-04T02:29:51Z INFO [514/1832] 382ba29f-f05b-4bc6-be45-3a0082ac5fbc: 27 internal nodes; 0.4 s; peak memory 622 MiB.
2026-10-04T02:29:52Z INFO [515/1832] 382bfe57-a7ac-4214-871d-5cab8b2a7d93: 17 internal nodes; 0.6 s; peak memory 622 MiB.
2026-10-04T02:29:53Z INFO [516/1832] 382c0089-dba7-4b53-b21d-2e613d9277b1: 27 internal nodes; 0.9 s; peak memory 622 MiB.
2026-10-04T02:29:53Z INFO [517/1832] 382db76d-ae4b-42c1-a961-822b58388e92: 11 internal nodes; 0.5 s; peak memory 622 MiB.
2026-10-04T02:29:55Z INFO [518/1832] 382f327c-1461-412f-aa41-3106d1433e21: 46 internal nodes; 2.1 s; peak memory 622 MiB.
2026-10-04T02:29:56Z INFO [519/1832] 382f5e2c-b2fc-4730-adf3-b677ade50be8: 31 internal nodes; 0.9 s; peak memory 622 MiB.
2026-10-04T02:29:57Z INFO [520/1832] 382f658d-5876-4392-a04e-4d1db97faf2a: 59 internal nodes; 1.0 s; peak memory 622 MiB.
2026-10-04T02:29:58Z INFO [521/1832] 382f73d3-a539-4af3-8050-0006fe4ccd93: 17 internal nodes; 0.7 s; peak memory 622 MiB.
2026-10-04T02:29:59Z INFO [522/1832] 382fa234-4757-405e-b709-0b90136839a0: 31 internal nodes; 1.0 s; peak memory 622 MiB.
2026-10-04T02:30:00Z INFO [523/1832] 3830d738-bbdf-4a1a-a51e-fd03da1251f6: 17 internal nodes; 0.7 s; peak memory 622 MiB.
2026-10-04T02:30:01Z INFO [524/1832] 38316e98-61f7-4da1-bd2f-b3edcf9627e4: 27 internal nodes; 1.0 s; peak memory 622 MiB.
2026-10-04T02:30:01Z INFO [525/1832] 3831d352-8571-4094-bb67-ed6d1dca8ccb: 28 internal nodes; 0.8 s; peak memory 622 MiB.
2026-10-04T02:30:02Z INFO [526/1832] 38321152-aa1c-44d4-af2b-217154e32835: 27 internal nodes; 0.9 s; peak memory 622 MiB.
2026-10-04T02:30:07Z INFO [527/1832] 38329e30-9695-4d3e-befc-2a6356314668: 73 internal nodes; 4.2 s; peak memory 622 MiB.
2026-10-04T02:30:09Z INFO [528/1832] 38334457-d0e9-4549-bcc5-96359c843bd1: 41 internal nodes; 2.4 s; peak memory 622 MiB.
2026-10-04T02:30:10Z INFO [529/1832] 38334816-4ec2-4346-bf55-15ddc0ecb07f: 27 internal nodes; 0.7 s; peak memory 622 MiB.
2026-10-04T02:30:11Z INFO [530/1832] 3833e7c9-6a53-4127-b38f-e6b48af66d41: 17 internal nodes; 0.9 s; peak memory 622 MiB.
2026-10-04T02:30:18Z INFO [531/1832] 38356156-40d1-4d26-ba50-f34a65579d1e: 115 internal nodes; 7.9 s; peak memory 622 MiB.
2026-10-04T02:30:20Z INFO [532/1832] 3835b6b2-474a-439b-b6e1-b54416b9d1ec: 28 internal nodes; 1.2 s; peak memory 622 MiB.
2026-10-04T02:30:21Z INFO [533/1832] 3835c534-946c-4c3f-a84f-a06dca0608ea: 17 internal nodes; 0.9 s; peak memory 622 MiB.
2026-10-04T02:30:22Z INFO [534/1832] 3835d6e6-24fd-4244-aebf-79e930831a96: 27 internal nodes; 1.0 s; peak memory 622 MiB.
2026-10-04T02:30:22Z INFO [535/1832] 3836bc5e-0f9b-4379-a7ef-cf6242588d6b: 27 internal nodes; 0.7 s; peak memory 622 MiB.
2026-10-04T02:30:23Z INFO [536/1832] 3836ca5b-6c79-40cf-9648-9012b240a59a: 95 internal nodes; 1.2 s; peak memory 622 MiB.
2026-10-04T02:30:26Z INFO [537/1832] 3837161f-961f-40a7-b228-5ffd5be93f9d: 85 internal nodes; 2.7 s; peak memory 622 MiB.
2026-10-04T02:30:27Z INFO [538/1832] 3837a659-cfae-4c38-a54a-bf35fd56d4c4: 27 internal nodes; 0.8 s; peak memory 622 MiB.
2026-10-04T02:30:28Z INFO [539/1832] 383837b5-30b7-4801-8971-d9245224ea8f: 17 internal nodes; 0.7 s; peak memory 622 MiB.
2026-10-04T02:30:29Z INFO [540/1832] 3838818c-3f9b-47dc-bd06-5fc037b9dacb: 39 internal nodes; 1.1 s; peak memory 622 MiB.
2026-10-04T02:30:29Z INFO [541/1832] 38394f47-4b4e-4f3a-99b9-5ca94359ec9c: 11 internal nodes; 0.5 s; peak memory 622 MiB.
2026-10-04T02:30:30Z INFO [542/1832] 383984dc-eafa-473d-b993-bfc5c6bf583f: 23 internal nodes; 1.0 s; peak memory 622 MiB.
2026-10-04T02:30:31Z INFO [543/1832] 3839c2ff-c143-47de-a27a-f3cbe39ae303: 63 internal nodes; 0.9 s; peak memory 622 MiB.
2026-10-04T02:30:32Z INFO [544/1832] 383b3c70-028c-4f29-a28e-d88114003bd0: 25 internal nodes; 1.1 s; peak memory 622 MiB.
2026-10-04T02:30:33Z INFO [545/1832] 383b64da-256b-4c98-802c-fbb3f34877ec: 19 internal nodes; 0.9 s; peak memory 622 MiB.
2026-10-04T02:30:34Z INFO [546/1832] 383c1547-ec60-4ddd-a77e-5796cdb0db4c: 17 internal nodes; 0.8 s; peak memory 622 MiB.
2026-10-04T02:30:35Z INFO [547/1832] 383c17f7-810b-4d05-894e-f88a24e2f22e: 42 internal nodes; 1.4 s; peak memory 622 MiB.
2026-10-04T02:30:41Z INFO [548/1832] 383c25ef-27d9-473f-9679-eb81ddabfc0d: 215 internal nodes; 5.5 s; peak memory 622 MiB.
2026-10-04T02:30:42Z INFO [549/1832] 383d5edb-6dc5-4f43-b0ed-408c3962f08e: 17 internal nodes; 0.8 s; peak memory 622 MiB.
2026-10-04T02:30:42Z INFO [550/1832] 383dee54-510c-445a-8d52-bef9be5b02a2: 17 internal nodes; 0.7 s; peak memory 622 MiB.
2026-10-04T02:30:42Z INFO [550/1832] 383dee54-510c-445a-8d52-bef9be5b02a2: checkpointed 74070 records.
2026-10-04T02:30:43Z INFO [551/1832] 383edea9-a10f-4cab-bfd5-2e89b7ed0402: 27 internal nodes; 0.9 s; peak memory 622 MiB.
2026-10-04T02:30:44Z INFO [552/1832] 3840413b-cab3-40d4-82fa-b22de6c51f2f: 61 internal nodes; 1.0 s; peak memory 622 MiB.
2026-10-04T02:30:45Z INFO [553/1832] 3841255c-9992-455d-8841-8dc97dedd109: 31 internal nodes; 0.8 s; peak memory 622 MiB.
2026-10-04T02:30:46Z INFO [554/1832] 38427f8f-caf7-42e6-a59e-ac60f3a2a4e1: 28 internal nodes; 0.9 s; peak memory 622 MiB.
2026-10-04T02:30:50Z INFO [555/1832] 38434271-1d1a-4c22-bc65-ad4c9c32b6cc: 124 internal nodes; 4.0 s; peak memory 622 MiB.
2026-10-04T02:30:51Z INFO [556/1832] 38439cb1-8c73-40c0-8582-2fd9635942df: 58 internal nodes; 0.6 s; peak memory 622 MiB.
2026-10-04T02:30:58Z INFO [557/1832] 3843a343-07f2-4273-90cd-6aee3d7e5883: 165 internal nodes; 7.3 s; peak memory 622 MiB.
2026-10-04T02:30:59Z INFO [558/1832] 3844830d-939d-46a3-8de6-360b047197a1: 17 internal nodes; 0.7 s; peak memory 622 MiB.
2026-10-04T02:30:59Z INFO [559/1832] 3844d42d-68bd-4903-85d5-6959dd92c01e: 17 internal nodes; 0.7 s; peak memory 622 MiB.
2026-10-04T02:31:00Z INFO [560/1832] 3844ff6e-b6f4-4b86-8965-5f8bbe73c574: 17 internal nodes; 0.7 s; peak memory 622 MiB.
2026-10-04T02:31:01Z INFO [561/1832] 38454d93-2968-43af-b0a2-07d9df51b2ae: 66 internal nodes; 1.5 s; peak memory 622 MiB.
2026-10-04T02:31:02Z INFO [562/1832] 38455573-9743-48ac-9345-9bb814ceef58: 23 internal nodes; 0.8 s; peak memory 622 MiB.
2026-10-04T02:31:03Z INFO [563/1832] 38455e74-d04d-499e-844e-5d814951372b: 19 internal nodes; 0.6 s; peak memory 622 MiB.
2026-10-04T02:31:04Z INFO [564/1832] 384568fb-fa09-4922-b99c-8e97c38ee3f1: 17 internal nodes; 0.6 s; peak memory 622 MiB.
2026-10-04T02:31:04Z INFO [565/1832] 38464883-bd1f-4dc9-b6f6-ed62b0dd4dd2: 11 internal nodes; 0.4 s; peak memory 622 MiB.
2026-10-04T02:31:06Z INFO [566/1832] 384661f4-43f4-4ff6-96b1-8585a54097da: 95 internal nodes; 1.6 s; peak memory 622 MiB.
2026-10-04T02:31:08Z INFO [567/1832] 3847691c-8f54-4e7d-b346-1dfc2d433a07: 36 internal nodes; 2.0 s; peak memory 622 MiB.
2026-10-04T02:31:08Z INFO [568/1832] 384793ac-a77b-4297-8ab8-413b19e3cb6d: 19 internal nodes; 0.5 s; peak memory 622 MiB.
2026-10-04T02:31:09Z INFO [569/1832] 38480890-97e2-4db9-a4f7-4e7df658f031: 27 internal nodes; 0.9 s; peak memory 622 MiB.
2026-10-04T02:31:10Z INFO [570/1832] 38480e36-6303-4269-ab75-776af50d3541: 27 internal nodes; 1.3 s; peak memory 622 MiB.
2026-10-04T02:31:12Z INFO [571/1832] 3849d14c-3685-40da-b6fc-1344805dc393: 63 internal nodes; 1.3 s; peak memory 622 MiB.
2026-10-04T02:31:12Z INFO [572/1832] 384a38a7-7dfa-4df3-9cd8-a726c132a8b5: 15 internal nodes; 0.6 s; peak memory 622 MiB.
2026-10-04T02:31:13Z INFO [573/1832] 384a3c75-0bf3-4e78-b678-62c97a029047: 54 internal nodes; 0.9 s; peak memory 622 MiB.
2026-10-04T02:31:14Z INFO [574/1832] 384b8bc0-3489-4eab-8546-60963218aad2: 31 internal nodes; 1.0 s; peak memory 622 MiB.
2026-10-04T02:31:15Z INFO [575/1832] 384cae1f-1a30-4e16-8694-cc41f81fba28: 31 internal nodes; 0.9 s; peak memory 622 MiB.
2026-10-04T02:31:16Z INFO [576/1832] 384eea75-69ed-42da-8eeb-a51784af6974: 24 internal nodes; 1.0 s; peak memory 622 MiB.
2026-10-04T02:31:24Z INFO [577/1832] 384efa4b-9cf6-46a2-bc4a-384bab2b44b0: 77 internal nodes; 8.4 s; peak memory 622 MiB.
2026-10-04T02:31:25Z INFO [578/1832] 384f3a99-99de-473f-a5f0-dbc05b17b8b1: 31 internal nodes; 1.1 s; peak memory 622 MiB.
2026-10-04T02:31:26Z INFO [579/1832] 384fca0c-e135-4563-966c-c99fe21c4c93: 17 internal nodes; 0.6 s; peak memory 622 MiB.
2026-10-04T02:31:27Z INFO [580/1832] 38513fd4-3d39-4a6b-a84f-c09ed23dd535: 27 internal nodes; 0.8 s; peak memory 622 MiB.
2026-10-04T02:31:28Z INFO [581/1832] 38534b96-9342-4671-99a9-4df65e842e1a: 17 internal nodes; 0.7 s; peak memory 622 MiB.
2026-10-04T02:31:29Z INFO [582/1832] 38535e12-7221-4911-b89d-c59e99e2d45e: 44 internal nodes; 1.3 s; peak memory 622 MiB.
2026-10-04T02:31:30Z INFO [583/1832] 3853a70f-c74b-4707-af73-ea45ac08492d: 17 internal nodes; 0.8 s; peak memory 622 MiB.
2026-10-04T02:31:30Z INFO [584/1832] 3853beb3-7c38-433c-9053-31504b6daadf: 17 internal nodes; 0.7 s; peak memory 622 MiB.
2026-10-04T02:31:36Z INFO [585/1832] 385440cc-51a6-4bb6-bbc7-f9e0a81fc63e: 114 internal nodes; 5.8 s; peak memory 622 MiB.
2026-10-04T02:31:37Z INFO [586/1832] 3854434f-b075-413c-9801-9202e8f17c6d: 27 internal nodes; 0.9 s; peak memory 622 MiB.
2026-10-04T02:31:38Z INFO [587/1832] 3854809f-a26a-4259-9d33-815f3ca25356: 54 internal nodes; 0.8 s; peak memory 622 MiB.
2026-10-04T02:31:42Z INFO [588/1832] 3854b92d-c6f2-44e0-b0df-c7b08ccdfd14: 177 internal nodes; 3.7 s; peak memory 622 MiB.
2026-10-04T02:31:42Z INFO [589/1832] 38555a1c-a361-438d-9d43-e7b81190b6b1: 17 internal nodes; 0.6 s; peak memory 622 MiB.
2026-10-04T02:31:56Z INFO [590/1832] 3855a5f4-ac2f-4714-a050-9d4acafcc315: 2216 internal nodes; 14.0 s; peak memory 622 MiB.
2026-10-04T02:32:01Z INFO [591/1832] 385645bd-4234-4831-9433-16009f8e5f12: 100 internal nodes; 4.7 s; peak memory 622 MiB.
2026-10-04T02:32:03Z INFO [592/1832] 38574d5e-6f2a-4506-9fd5-0254b24a816b: 46 internal nodes; 2.3 s; peak memory 622 MiB.
2026-10-04T02:32:04Z INFO [593/1832] 38575ff4-a964-4355-bb04-9c030c450f30: 27 internal nodes; 0.9 s; peak memory 622 MiB.
2026-10-04T02:32:05Z INFO [594/1832] 3857790e-5bfe-40fe-a11a-e7a90c26c23b: 17 internal nodes; 0.8 s; peak memory 622 MiB.
2026-10-04T02:32:07Z INFO [595/1832] 385794c6-4cef-4ba2-bb5e-c64bea4f0754: 44 internal nodes; 1.8 s; peak memory 622 MiB.
2026-10-04T02:32:10Z INFO [596/1832] 3857c48a-8ad0-4291-9a2c-505e84f9b4f6: 49 internal nodes; 3.2 s; peak memory 622 MiB.
2026-10-04T02:32:11Z INFO [597/1832] 3858abf1-5264-4ba1-92df-e67f82c1bb50: 17 internal nodes; 0.9 s; peak memory 622 MiB.
2026-10-04T02:32:11Z INFO [598/1832] 385b2f3d-d2e0-45a6-b45a-9eae3c7b2a4e: 18 internal nodes; 0.7 s; peak memory 622 MiB.
2026-10-04T02:32:13Z INFO [599/1832] 385b3ecb-4358-4541-9181-375e0d0b8271: 27 internal nodes; 1.3 s; peak memory 622 MiB.
2026-10-04T02:32:15Z INFO [600/1832] 385b725f-9a9c-474c-8a70-f9c2751912b4: 44 internal nodes; 2.1 s; peak memory 622 MiB.
2026-10-04T02:32:15Z INFO [600/1832] 385b725f-9a9c-474c-8a70-f9c2751912b4: checkpointed 74120 records.
2026-10-04T02:32:16Z INFO [601/1832] 385bb6f1-8192-4bc1-95a7-279aad777b64: 72 internal nodes; 1.2 s; peak memory 622 MiB.
2026-10-04T02:32:17Z INFO [602/1832] 385c6357-e62f-49e4-9795-baea98312795: 13 internal nodes; 0.9 s; peak memory 622 MiB.
2026-10-04T02:32:18Z INFO [603/1832] 385cb965-60db-4b65-8c9d-17f4321be471: 17 internal nodes; 0.9 s; peak memory 622 MiB.
2026-10-04T02:32:19Z INFO [604/1832] 385d3d45-6b47-4cb5-a260-20ed35bb7a37: 31 internal nodes; 1.0 s; peak memory 622 MiB.
2026-10-04T02:32:20Z INFO [605/1832] 385d5043-eda1-4076-b250-163d50a16d1c: 31 internal nodes; 0.8 s; peak memory 622 MiB.
2026-10-04T02:32:21Z INFO [606/1832] 385d8e44-6b3e-444b-89b7-98a7625fab99: 44 internal nodes; 1.3 s; peak memory 622 MiB.
2026-10-04T02:32:22Z INFO [607/1832] 385dacc3-5f25-4147-bdc2-98dd4c614557: 27 internal nodes; 0.8 s; peak memory 622 MiB.
2026-10-04T02:32:28Z INFO [608/1832] 385dbceb-2a4f-4296-9b19-8f6821807f42: 205 internal nodes; 6.5 s; peak memory 622 MiB.
2026-10-04T02:32:29Z INFO [609/1832] 385e6c3c-cec6-4263-91bb-2336bc1a25bb: 17 internal nodes; 0.8 s; peak memory 622 MiB.
2026-10-04T02:32:31Z INFO [610/1832] 385ecba0-f335-421b-96d3-7212166d3762: 42 internal nodes; 1.9 s; peak memory 622 MiB.
2026-10-04T02:32:33Z INFO [611/1832] 385fb99c-dc7e-4af5-ab8b-4d4a09937290: 42 internal nodes; 1.9 s; peak memory 622 MiB.
2026-10-04T02:32:33Z INFO [612/1832] 385fbc34-c1b8-4639-9ecb-3b84ecafba1a: 20 internal nodes; 0.4 s; peak memory 622 MiB.
2026-10-04T02:32:35Z INFO [613/1832] 386005aa-0738-4251-8bbd-ed55aaba681e: 31 internal nodes; 1.2 s; peak memory 622 MiB.
2026-10-04T02:32:35Z INFO [614/1832] 386139d6-8174-4564-9dba-1f2f66b811ea: 23 internal nodes; 0.7 s; peak memory 622 MiB.
2026-10-04T02:32:37Z INFO [615/1832] 386280e9-95db-4ac3-a2db-f7967ae7cdde: 44 internal nodes; 1.6 s; peak memory 622 MiB.
2026-10-04T02:32:38Z INFO [616/1832] 386297f0-e797-40cd-9a00-d479ce72d440: 38 internal nodes; 1.1 s; peak memory 622 MiB.
2026-10-04T02:32:39Z INFO [617/1832] 3862ea9a-2eca-4877-a9fd-b0cf969cd2fc: 29 internal nodes; 0.9 s; peak memory 622 MiB.
2026-10-04T02:32:42Z INFO [618/1832] 38641934-b4c4-408a-a9fc-c2cf5421d2e8: 62 internal nodes; 3.4 s; peak memory 622 MiB.
2026-10-04T02:32:44Z INFO [619/1832] 3864e6eb-c571-40f5-8c28-a8d3f311c205: 44 internal nodes; 1.6 s; peak memory 622 MiB.
2026-10-04T02:32:45Z INFO [620/1832] 386511aa-4409-4a7a-9949-3fbe5bb7f7d3: 44 internal nodes; 1.2 s; peak memory 622 MiB.
2026-10-04T02:32:46Z INFO [621/1832] 3866675b-e1a2-4ef5-a521-78212f367e1f: 38 internal nodes; 1.1 s; peak memory 622 MiB.
2026-10-04T02:32:48Z INFO [622/1832] 3866e7b2-fa9e-4542-a8d3-53e4a397c9a7: 30 internal nodes; 1.7 s; peak memory 622 MiB.
2026-10-04T02:32:53Z INFO [623/1832] 38671228-3cc3-4a44-bcab-e3d96fef7f4a: 177 internal nodes; 4.7 s; peak memory 622 MiB.
2026-10-04T02:32:53Z INFO [624/1832] 3867326f-a07a-41f9-9ba8-84675b73a622: 27 internal nodes; 0.9 s; peak memory 622 MiB.
2026-10-04T02:32:56Z INFO [625/1832] 386a6277-6e36-41db-a89d-038c4b6088f9: 44 internal nodes; 2.0 s; peak memory 622 MiB.
2026-10-04T02:32:56Z INFO [626/1832] 386a7ab5-8541-4a48-9fc8-ab70e3e88cca: 27 internal nodes; 0.7 s; peak memory 622 MiB.
2026-10-04T02:32:57Z INFO [627/1832] 386ab9d8-d5ce-4ca9-88bc-017cf266fbc0: 17 internal nodes; 0.7 s; peak memory 622 MiB.
2026-10-04T02:32:59Z INFO [628/1832] 386ad5fc-c3f8-4cd7-8bd3-d47691840fcf: 57 internal nodes; 1.5 s; peak memory 622 MiB.
2026-10-04T02:32:59Z INFO [629/1832] 386b1cbf-317e-40ea-b0f0-9db34c665da3: 27 internal nodes; 1.0 s; peak memory 622 MiB.
2026-10-04T02:33:00Z INFO [630/1832] 386b2f39-ff29-4f01-8e0b-e11822ef5bea: 11 internal nodes; 0.5 s; peak memory 622 MiB.
2026-10-04T02:33:00Z INFO [631/1832] 386bf5eb-887e-4e0b-98ec-70b28346291f: 11 internal nodes; 0.5 s; peak memory 622 MiB.
2026-10-04T02:33:01Z INFO [632/1832] 386bfb4a-a9d0-4c5b-b9aa-77b29f61be99: 25 internal nodes; 0.6 s; peak memory 622 MiB.
2026-10-04T02:33:02Z INFO [633/1832] 386c0e97-d74b-442f-bec2-670f0c752f52: 17 internal nodes; 0.8 s; peak memory 622 MiB.
2026-10-04T02:33:02Z INFO [634/1832] 386c7cd7-97ae-4193-9520-8f9bd4f0157e: 17 internal nodes; 0.6 s; peak memory 622 MiB.
2026-10-04T02:33:05Z INFO [635/1832] 386cd4c6-9bfb-4018-9978-f239731f16d3: 41 internal nodes; 2.3 s; peak memory 622 MiB.
2026-10-04T02:33:05Z INFO [636/1832] 386d7b29-87f5-4011-8889-02b16fd2b6be: 17 internal nodes; 0.7 s; peak memory 622 MiB.
2026-10-04T02:33:07Z INFO [637/1832] 386dc486-5060-4a15-b825-2409653e7738: 44 internal nodes; 1.8 s; peak memory 622 MiB.
2026-10-04T02:33:08Z INFO [638/1832] 386df579-dd8f-4f68-b7db-ab9094f9bd8e: 17 internal nodes; 0.6 s; peak memory 622 MiB.
2026-10-04T02:33:09Z INFO [639/1832] 386e52b0-9fdb-4161-8950-669daa6cfce1: 27 internal nodes; 0.7 s; peak memory 622 MiB.
2026-10-04T02:33:10Z INFO [640/1832] 386e6eed-3d3c-4a75-8842-829bb6d34c41: 31 internal nodes; 1.2 s; peak memory 622 MiB.
2026-10-04T02:33:11Z INFO [641/1832] 386fc76a-237d-46f7-9703-4bd6baabb882: 19 internal nodes; 0.8 s; peak memory 622 MiB.
2026-10-04T02:33:12Z INFO [642/1832] 386fec4f-ef44-4808-99b1-4e880c44fcf2: 59 internal nodes; 1.4 s; peak memory 622 MiB.
2026-10-04T02:33:14Z INFO [643/1832] 38700840-c9be-41e1-ab68-ffa594d8465a: 80 internal nodes; 2.4 s; peak memory 622 MiB.
2026-10-04T02:33:15Z INFO [644/1832] 3870867a-0ffa-4743-a0f2-a7caa96c5b82: 116 internal nodes; 0.9 s; peak memory 622 MiB.
2026-10-04T02:33:18Z INFO [645/1832] 3870c8af-972d-45f4-ad53-943aab301845: 131 internal nodes; 2.6 s; peak memory 622 MiB.
2026-10-04T02:33:30Z INFO [646/1832] 387184a7-435c-44f9-8cad-a356921e113f: 282 internal nodes; 11.8 s; peak memory 622 MiB.
2026-10-04T02:33:31Z INFO [647/1832] 387353f0-43d9-4c14-b374-61fb2c8f2749: 95 internal nodes; 1.1 s; peak memory 622 MiB.
2026-10-04T02:33:33Z INFO [648/1832] 3874160b-d010-4306-990b-4f15e48c6e0b: 46 internal nodes; 2.6 s; peak memory 622 MiB.
2026-10-04T02:33:34Z INFO [649/1832] 3874799f-3291-4975-86a7-0dd1df3f4431: 30 internal nodes; 0.9 s; peak memory 622 MiB.
2026-10-04T02:33:39Z INFO [650/1832] 387499a9-5a59-4998-a62a-a6bbb9000140: 177 internal nodes; 4.5 s; peak memory 622 MiB.
2026-10-04T02:33:39Z INFO [650/1832] 387499a9-5a59-4998-a62a-a6bbb9000140: checkpointed 74170 records.
2026-10-04T02:33:40Z INFO [651/1832] 3874af7e-958e-44ac-85c8-e985b1ac6b2f: 28 internal nodes; 0.6 s; peak memory 622 MiB.
2026-10-04T02:33:43Z INFO [652/1832] 3875a1d6-fcfa-4089-aeaf-0eec720c7273: 73 internal nodes; 3.7 s; peak memory 622 MiB.
2026-10-04T02:33:44Z INFO [653/1832] 3875c1cd-0d59-4851-b48a-ee84ee807fd8: 23 internal nodes; 1.2 s; peak memory 622 MiB.
2026-10-04T02:33:52Z INFO [654/1832] 3875c7b2-401b-48cf-a25e-93f86293dac0: 81 internal nodes; 8.0 s; peak memory 622 MiB.
2026-10-04T02:33:53Z INFO [655/1832] 3876305b-437d-4d3b-b1ea-a24cbb08ef77: 17 internal nodes; 0.7 s; peak memory 622 MiB.
2026-10-04T02:33:55Z INFO [656/1832] 38763336-0cf7-4b18-815f-bcffcde1c469: 44 internal nodes; 1.6 s; peak memory 622 MiB.
2026-10-04T02:33:55Z INFO [657/1832] 38773254-f014-43cd-af41-90d3ef911e0a: 17 internal nodes; 0.7 s; peak memory 622 MiB.
2026-10-04T02:33:56Z INFO [658/1832] 38774748-3ca1-4e12-a490-31bec068d081: 17 internal nodes; 0.8 s; peak memory 622 MiB.
2026-10-04T02:33:57Z INFO [659/1832] 38782b9d-ee24-4dc4-8945-67078823ee6d: 17 internal nodes; 0.8 s; peak memory 622 MiB.
2026-10-04T02:33:57Z INFO [660/1832] 387834f3-0565-488a-9b4f-671b91d257c5: 11 internal nodes; 0.4 s; peak memory 622 MiB.
2026-10-04T02:33:59Z INFO [661/1832] 38797d79-f6ab-4f64-ad0b-418e6bce78db: 29 internal nodes; 1.2 s; peak memory 622 MiB.
2026-10-04T02:33:59Z INFO [662/1832] 3879a5ca-3e28-47e3-9bd0-148207d61a10: 25 internal nodes; 0.9 s; peak memory 622 MiB.
2026-10-04T02:34:00Z INFO [663/1832] 387a60e8-4c9a-48af-baba-9f6d439591d6: 26 internal nodes; 0.9 s; peak memory 622 MiB.
2026-10-04T02:34:02Z INFO [664/1832] 387afacc-bc20-46ca-ba8a-3f2855a9fc0b: 31 internal nodes; 1.3 s; peak memory 622 MiB.
2026-10-04T02:34:02Z INFO [665/1832] 387b9250-781d-42b6-8f37-868981f7c712: 17 internal nodes; 0.6 s; peak memory 622 MiB.
2026-10-04T02:34:03Z INFO [666/1832] 387b9253-b78d-4445-a74b-514439749ff8: 17 internal nodes; 0.7 s; peak memory 622 MiB.
2026-10-04T02:34:08Z INFO [667/1832] 387cb7c7-75b6-4064-8e44-1230bb9911c0: 177 internal nodes; 4.8 s; peak memory 622 MiB.
2026-10-04T02:34:08Z INFO [668/1832] 387cb878-5a83-405a-9e13-59524ec7dc42: 18 internal nodes; 0.4 s; peak memory 622 MiB.
2026-10-04T02:34:09Z INFO [669/1832] 387cd138-9328-4340-a39c-5bd2483ef802: 17 internal nodes; 0.6 s; peak memory 622 MiB.
2026-10-04T02:34:10Z INFO [670/1832] 387e0580-1388-47c5-902a-6619138dbd63: 65 internal nodes; 1.4 s; peak memory 622 MiB.
2026-10-04T02:34:14Z INFO [671/1832] 387e0aad-b622-435e-85a8-6e8e086f712f: 67 internal nodes; 4.2 s; peak memory 622 MiB.
2026-10-04T02:34:16Z INFO [672/1832] 387ecf8a-2b84-4409-98ae-63658d4b1d80: 40 internal nodes; 1.2 s; peak memory 622 MiB.
2026-10-04T02:34:17Z INFO [673/1832] 387ee094-d3a1-4bb7-a584-fffd835c19f7: 44 internal nodes; 1.8 s; peak memory 622 MiB.
2026-10-04T02:34:18Z INFO [674/1832] 388053ea-0ca3-494a-84ae-14f57af769bc: 25 internal nodes; 0.5 s; peak memory 622 MiB.
2026-10-04T02:34:19Z INFO [675/1832] 3880718a-9398-41e7-9d09-a174d2c18a9a: 17 internal nodes; 0.7 s; peak memory 622 MiB.
2026-10-04T02:34:20Z INFO [676/1832] 388203c4-0c3a-43d3-b767-521e31f7ad2b: 31 internal nodes; 1.0 s; peak memory 622 MiB.
2026-10-04T02:34:24Z INFO [677/1832] 3883e8f9-1b83-47eb-a07d-c86331a19ce2: 52 internal nodes; 4.4 s; peak memory 622 MiB.
2026-10-04T02:34:25Z INFO [678/1832] 38852d76-6160-40ec-af85-6f701925d49e: 22 internal nodes; 0.9 s; peak memory 622 MiB.
2026-10-04T02:34:26Z INFO [679/1832] 38859eeb-9647-4a1b-a6b8-f6d6e6919615: 28 internal nodes; 0.6 s; peak memory 622 MiB.
2026-10-04T02:37:07Z INFO [680/1832] 3885d7f8-3ef6-4cd8-9fe4-626d6cdf84a0: 5731 internal nodes; 161.5 s; peak memory 657 MiB.
2026-10-04T02:37:08Z INFO [681/1832] 388634d5-15de-4978-8721-5d432283b288: 17 internal nodes; 0.8 s; peak memory 657 MiB.
2026-10-04T02:37:16Z INFO [682/1832] 38880bcd-59e1-4bb9-85a1-7ec3c64928a7: 74 internal nodes; 8.0 s; peak memory 657 MiB.
2026-10-04T02:37:17Z INFO [683/1832] 388861d8-ceeb-4858-88d9-b981cc16853c: 17 internal nodes; 0.8 s; peak memory 657 MiB.
2026-10-04T02:37:21Z INFO [684/1832] 388875d8-0273-401a-bac7-8130bab2d220: 41 internal nodes; 4.4 s; peak memory 657 MiB.
2026-10-04T02:37:23Z INFO [685/1832] 38892f15-6981-47a0-98be-8ceb151fb125: 21 internal nodes; 2.0 s; peak memory 657 MiB.
2026-10-04T02:37:24Z INFO [686/1832] 38894f48-6184-42bc-a1cb-cb9ca5874491: 69 internal nodes; 1.1 s; peak memory 657 MiB.
2026-10-04T02:37:43Z INFO [687/1832] 388a30f6-cace-40ad-aed9-061fd19496d8: 136 internal nodes; 18.7 s; peak memory 657 MiB.
2026-10-04T02:37:44Z INFO [688/1832] 388b6c9f-b9e5-46fd-853e-1bd05b6ee9d4: 17 internal nodes; 0.7 s; peak memory 657 MiB.
2026-10-04T02:37:44Z INFO [689/1832] 388ba75c-9f8c-4005-884c-fcf2a078a27a: 17 internal nodes; 0.7 s; peak memory 657 MiB.
2026-10-04T02:37:50Z INFO [690/1832] 388bce92-f78a-46c4-9199-89b5fc37032d: 236 internal nodes; 5.5 s; peak memory 657 MiB.
2026-10-04T02:37:50Z INFO [691/1832] 388c829d-65f3-4233-90f7-9c8e30146055: 17 internal nodes; 0.7 s; peak memory 657 MiB.
2026-10-04T02:37:52Z INFO [692/1832] 388d6bc1-98e4-4738-9b21-a64c2bcd33ef: 54 internal nodes; 1.1 s; peak memory 657 MiB.
2026-10-04T02:37:53Z INFO [693/1832] 388e30f3-c5c2-46d4-95f1-5c798e07b104: 27 internal nodes; 1.0 s; peak memory 657 MiB.
2026-10-04T02:37:53Z INFO [694/1832] 388f8725-9485-4203-9b14-984ad482b3ed: 15 internal nodes; 0.6 s; peak memory 657 MiB.
2026-10-04T02:37:55Z INFO [695/1832] 388f8c12-f5c3-439a-971c-0e71c4149040: 67 internal nodes; 1.4 s; peak memory 657 MiB.
2026-10-04T02:37:55Z INFO [696/1832] 38901cef-6c7a-42b7-ba30-183ffac1672c: 17 internal nodes; 0.7 s; peak memory 657 MiB.
2026-10-04T02:37:56Z INFO [697/1832] 3890ad98-525c-47ff-a271-0233817782d2: 17 internal nodes; 0.8 s; peak memory 657 MiB.
2026-10-04T02:37:57Z INFO [698/1832] 38910c39-cc87-4aad-9b5d-31731bc2c0bd: 17 internal nodes; 0.8 s; peak memory 657 MiB.
2026-10-04T02:37:57Z INFO [699/1832] 38910d02-0b99-4db9-bb38-cd9ca7b97931: 11 internal nodes; 0.6 s; peak memory 657 MiB.
2026-10-04T02:37:59Z INFO [700/1832] 38914329-1ef4-476c-89df-f25499403c03: 44 internal nodes; 1.9 s; peak memory 657 MiB.
2026-10-04T02:38:00Z INFO [700/1832] 38914329-1ef4-476c-89df-f25499403c03: checkpointed 74220 records.
2026-10-04T02:38:00Z INFO [701/1832] 3891dbbb-4746-469e-96ff-930b0a721ced: 17 internal nodes; 0.6 s; peak memory 657 MiB.
2026-10-04T02:38:01Z INFO [702/1832] 38924c3c-fe86-429e-bc5d-1c4c606281ea: 66 internal nodes; 1.3 s; peak memory 657 MiB.
2026-10-04T02:38:03Z INFO [703/1832] 38928b12-dd0c-4ada-bc25-5759d91d9970: 65 internal nodes; 1.2 s; peak memory 657 MiB.
2026-10-04T02:38:04Z INFO [704/1832] 38934b5b-a239-4bab-9637-47409f653c9f: 20 internal nodes; 1.1 s; peak memory 657 MiB.
2026-10-04T02:38:05Z INFO [705/1832] 3893552c-7b91-4340-b378-c58f9b5094f1: 27 internal nodes; 1.1 s; peak memory 657 MiB.
2026-10-04T02:38:06Z INFO [706/1832] 3893e32d-69a9-4852-bf93-3befcb15a7d9: 31 internal nodes; 1.2 s; peak memory 657 MiB.
2026-10-04T02:38:07Z INFO [707/1832] 38945172-9daf-46bc-8ffb-70756059f255: 31 internal nodes; 1.2 s; peak memory 657 MiB.
2026-10-04T02:38:11Z INFO [708/1832] 3894ee15-ceca-474d-9b33-4d2641544b8c: 73 internal nodes; 4.2 s; peak memory 657 MiB.
2026-10-04T02:38:18Z INFO [709/1832] 3895eb7a-b015-4fb9-a7bb-da35f1114e75: 70 internal nodes; 7.0 s; peak memory 657 MiB.
2026-10-04T02:38:19Z INFO [710/1832] 38968300-907a-4f17-9fd4-a31ef8ee3356: 31 internal nodes; 1.0 s; peak memory 657 MiB.
2026-10-04T02:38:20Z INFO [711/1832] 3896d83b-dd38-4087-b338-afefb7dd72b6: 27 internal nodes; 0.8 s; peak memory 657 MiB.
2026-10-04T02:38:21Z INFO [712/1832] 38971e33-6186-4585-9c7e-5a069078b65c: 11 internal nodes; 0.7 s; peak memory 657 MiB.
2026-10-04T02:38:25Z INFO [713/1832] 38977038-b80d-4a39-bf3a-687965f27cee: 54 internal nodes; 4.4 s; peak memory 657 MiB.
2026-10-04T02:38:27Z INFO [714/1832] 3897d8e5-8a2e-4199-838f-1ad44a324cd1: 66 internal nodes; 1.4 s; peak memory 657 MiB.
2026-10-04T02:38:27Z INFO [715/1832] 389a4f76-c552-4b95-b29c-e8fb9b63a24d: 27 internal nodes; 0.7 s; peak memory 657 MiB.
2026-10-04T02:38:28Z INFO [716/1832] 389ac687-6a3a-4e79-81f0-6a87a0179168: 13 internal nodes; 0.9 s; peak memory 657 MiB.
2026-10-04T02:38:29Z INFO [717/1832] 389b264b-5b22-46c7-8492-be7c07f6d4f2: 27 internal nodes; 1.1 s; peak memory 657 MiB.
2026-10-04T02:38:30Z INFO [718/1832] 389c4fa6-7be2-47b5-a319-4c0cad7cf4b0: 17 internal nodes; 0.8 s; peak memory 657 MiB.
2026-10-04T02:38:32Z INFO [719/1832] 389c8520-0745-4003-963d-dac3fee3303e: 40 internal nodes; 1.9 s; peak memory 657 MiB.
2026-10-04T02:38:33Z INFO [720/1832] 389cccd8-5c1f-4ad6-a485-d49ecdbf6132: 17 internal nodes; 0.7 s; peak memory 657 MiB.
2026-10-04T02:38:38Z INFO [721/1832] 389e0da0-fefd-4bad-886b-280a090e1baf: 193 internal nodes; 4.8 s; peak memory 657 MiB.
2026-10-04T02:38:38Z INFO [722/1832] 389e3f4e-f53b-41d3-af79-1bafd5ed212f: 116 internal nodes; 0.6 s; peak memory 657 MiB.
2026-10-04T02:38:39Z INFO [723/1832] 389e4032-1be7-4b55-9b25-3cc04a723718: 11 internal nodes; 0.5 s; peak memory 657 MiB.
2026-10-04T02:38:39Z INFO [724/1832] 389e5918-4173-4f34-ac07-c8616a5878ce: 17 internal nodes; 0.6 s; peak memory 657 MiB.
2026-10-04T02:38:46Z INFO [725/1832] 389e7250-cd63-466f-8cc8-f351628bf3bf: 68 internal nodes; 6.5 s; peak memory 657 MiB.
2026-10-04T02:38:47Z INFO [726/1832] 389fd135-8f77-4450-9ec2-010eed253ec2: 17 internal nodes; 1.0 s; peak memory 657 MiB.
2026-10-04T02:38:48Z INFO [727/1832] 38a0151f-89de-482a-b0f0-5c3794a7b601: 24 internal nodes; 1.1 s; peak memory 657 MiB.
2026-10-04T02:38:49Z INFO [728/1832] 38a0524a-939e-4fb6-9d4b-b31439aa7070: 27 internal nodes; 0.9 s; peak memory 657 MiB.
2026-10-04T02:38:54Z INFO [729/1832] 38a05dd5-30c6-4dc5-ad64-977473354e1d: 184 internal nodes; 5.2 s; peak memory 657 MiB.
2026-10-04T02:38:57Z INFO [730/1832] 38a0b742-0c48-431c-ac60-a181feea0a77: 49 internal nodes; 3.0 s; peak memory 657 MiB.
2026-10-04T02:38:58Z INFO [731/1832] 38a0d0ee-5011-4d7d-8c81-ce60d8ebef4d: 26 internal nodes; 1.2 s; peak memory 657 MiB.
2026-10-04T02:38:59Z INFO [732/1832] 38a20a01-d06d-4a3e-9cd5-1c6b7b447aba: 31 internal nodes; 0.9 s; peak memory 657 MiB.
2026-10-04T02:39:00Z INFO [733/1832] 38a254d3-4609-4564-aae5-3404302e086e: 24 internal nodes; 0.8 s; peak memory 657 MiB.
2026-10-04T02:39:01Z INFO [734/1832] 38a2cf73-3554-4d2a-954f-6d195ea735e6: 26 internal nodes; 0.6 s; peak memory 657 MiB.
2026-10-04T02:39:02Z INFO [735/1832] 38a32515-e55b-4116-b63d-43b0757da8f7: 31 internal nodes; 1.0 s; peak memory 657 MiB.
2026-10-04T02:39:08Z INFO [736/1832] 38a33c63-a705-45a0-a77d-a1e0589aa526: 44 internal nodes; 6.4 s; peak memory 657 MiB.
2026-10-04T02:39:09Z INFO [737/1832] 38a36e7e-e698-4a92-ab4b-473c92193ac6: 18 internal nodes; 0.9 s; peak memory 657 MiB.
2026-10-04T02:39:10Z INFO [738/1832] 38a45bd4-6634-4e60-b091-efba52c9386f: 17 internal nodes; 0.8 s; peak memory 657 MiB.
2026-10-04T02:39:10Z INFO [739/1832] 38a46f76-58e4-48ff-8052-74cab3afe273: 24 internal nodes; 0.9 s; peak memory 657 MiB.
2026-10-04T02:39:11Z INFO [740/1832] 38a4b4d6-7048-4ed3-afd4-b9e42288ffed: 27 internal nodes; 0.7 s; peak memory 657 MiB.
2026-10-04T02:39:12Z INFO [741/1832] 38a4d628-a2db-4790-bf11-37f1a9b143a3: 17 internal nodes; 0.7 s; peak memory 657 MiB.
2026-10-04T02:39:17Z INFO [742/1832] 38a5ba59-bc83-4918-a729-6d83d3c249e3: 61 internal nodes; 5.3 s; peak memory 657 MiB.
2026-10-04T02:39:18Z INFO [743/1832] 38a5cc48-55f1-4374-ad47-b120785b7b31: 17 internal nodes; 0.9 s; peak memory 657 MiB.
2026-10-04T02:39:19Z INFO [744/1832] 38a7df6c-2c33-467c-9b55-158f7dc54a97: 53 internal nodes; 1.0 s; peak memory 657 MiB.
2026-10-04T02:39:20Z INFO [745/1832] 38a80c51-b927-4efd-b49e-c65c6bde52cc: 17 internal nodes; 1.1 s; peak memory 657 MiB.
2026-10-04T02:39:21Z INFO [746/1832] 38a85fd3-fc5c-4854-9144-45477f4130fa: 27 internal nodes; 0.8 s; peak memory 657 MiB.
2026-10-04T02:39:22Z INFO [747/1832] 38a903e0-f7c0-436d-9da9-5c51e626eeb4: 18 internal nodes; 0.8 s; peak memory 657 MiB.
2026-10-04T02:39:24Z INFO [748/1832] 38a9b543-9fe2-444d-9896-8cc47364d39d: 44 internal nodes; 1.9 s; peak memory 657 MiB.
2026-10-04T02:39:25Z INFO [749/1832] 38a9c5f3-d4dd-48cd-8a52-f392c13c5038: 27 internal nodes; 0.8 s; peak memory 657 MiB.
2026-10-04T02:39:25Z INFO [750/1832] 38a9ff0f-c309-49f9-841d-034a1e6c83de: 11 internal nodes; 0.5 s; peak memory 657 MiB.
2026-10-04T02:39:25Z INFO [750/1832] 38a9ff0f-c309-49f9-841d-034a1e6c83de: checkpointed 74270 records.
2026-10-04T02:39:26Z INFO [751/1832] 38aa11ab-3a46-47fe-aa13-f1eaad3b60b0: 27 internal nodes; 1.0 s; peak memory 657 MiB.
2026-10-04T02:39:28Z INFO [752/1832] 38aad325-440e-44fd-a20b-73b27abae490: 44 internal nodes; 2.1 s; peak memory 657 MiB.
2026-10-04T02:39:29Z INFO [753/1832] 38aba720-7c54-4c77-83ae-fa769e59bb05: 17 internal nodes; 0.5 s; peak memory 657 MiB.
2026-10-04T02:39:31Z INFO [754/1832] 38abf284-edda-44a4-a016-21752d5cdfd1: 52 internal nodes; 1.8 s; peak memory 657 MiB.
2026-10-04T02:39:33Z INFO [755/1832] 38ac19a5-27d5-41cd-80f8-58670d4329c3: 103 internal nodes; 2.3 s; peak memory 657 MiB.
2026-10-04T02:39:34Z INFO [756/1832] 38acb28b-59d2-49c3-b2c7-82def932b53f: 27 internal nodes; 0.9 s; peak memory 657 MiB.
2026-10-04T02:39:35Z INFO [757/1832] 38ad290f-683b-470b-8496-847ce6ef54c1: 13 internal nodes; 0.7 s; peak memory 657 MiB.
2026-10-04T02:39:36Z INFO [758/1832] 38adef9c-5040-4886-9b0c-b8104f89f2d2: 44 internal nodes; 1.6 s; peak memory 657 MiB.
2026-10-04T02:39:40Z INFO [759/1832] 38aef3ed-7c26-4926-bca0-c12ca5619451: 73 internal nodes; 3.4 s; peak memory 657 MiB.
2026-10-04T02:39:40Z INFO [760/1832] 38aef5fb-004f-464f-b81e-3ae1a472d2f7: 17 internal nodes; 0.7 s; peak memory 657 MiB.
2026-10-04T02:39:47Z INFO [761/1832] 38b076e7-5c88-423b-b222-fbf1f040ffd6: 95 internal nodes; 6.8 s; peak memory 657 MiB.
2026-10-04T02:39:51Z INFO [762/1832] 38b0d518-4063-43fa-9833-644a097e0505: 151 internal nodes; 3.8 s; peak memory 657 MiB.
2026-10-04T02:39:52Z INFO [763/1832] 38b1465a-8236-4c77-a80d-8dc1bf4f38e1: 17 internal nodes; 0.8 s; peak memory 657 MiB.
2026-10-04T02:39:53Z INFO [764/1832] 38b17570-8913-468a-9581-ff2bfc934a76: 22 internal nodes; 0.9 s; peak memory 657 MiB.
2026-10-04T02:40:00Z INFO [765/1832] 38b341d1-bba5-4d02-a644-396597665b95: 211 internal nodes; 7.9 s; peak memory 657 MiB.
2026-10-04T02:40:01Z INFO [766/1832] 38b36058-eedb-4573-981c-ab1f9dcb11cb: 27 internal nodes; 0.7 s; peak memory 657 MiB.
2026-10-04T02:40:03Z INFO [767/1832] 38b3972b-0a5a-4561-8f0d-542dbc75dca2: 45 internal nodes; 2.2 s; peak memory 657 MiB.
2026-10-04T02:40:04Z INFO [768/1832] 38b523d8-e35e-4fd2-9b09-b130903b9a25: 37 internal nodes; 1.1 s; peak memory 657 MiB.
2026-10-04T02:40:05Z INFO [769/1832] 38b526c5-ec44-4262-b8c3-a5d26ae42913: 11 internal nodes; 0.5 s; peak memory 657 MiB.
2026-10-04T02:40:06Z INFO [770/1832] 38b68563-8e30-45a5-97c3-f944fd138dfa: 31 internal nodes; 1.2 s; peak memory 657 MiB.
2026-10-04T02:40:07Z INFO [771/1832] 38b6bf68-2f30-49e2-afa1-7a3e7bf5c8b5: 27 internal nodes; 0.8 s; peak memory 657 MiB.
2026-10-04T02:40:08Z INFO [772/1832] 38b6ca54-3d00-4b1a-b9d0-d63b5a7b7627: 17 internal nodes; 0.7 s; peak memory 657 MiB.
2026-10-04T02:40:08Z INFO [773/1832] 38b78a54-57e6-48da-a20d-065a5e6d4d68: 17 internal nodes; 0.6 s; peak memory 657 MiB.
2026-10-04T02:40:09Z INFO [774/1832] 38b7a440-74c6-4910-a9e4-2ffa1380744a: 27 internal nodes; 0.9 s; peak memory 657 MiB.
2026-10-04T02:40:16Z INFO [775/1832] 38b7db88-6441-410c-aa78-0ac2d3b833a0: 232 internal nodes; 6.8 s; peak memory 657 MiB.
2026-10-04T02:40:17Z INFO [776/1832] 38b9241f-ca19-4a90-9724-dfe515bd1fa1: 17 internal nodes; 0.8 s; peak memory 657 MiB.
2026-10-04T02:40:18Z INFO [777/1832] 38b9b95b-91b1-442d-859d-0931abb64d7f: 60 internal nodes; 1.1 s; peak memory 657 MiB.
2026-10-04T02:40:19Z INFO [778/1832] 38ba92b4-7e45-453e-b42d-b105a181ba4b: 31 internal nodes; 1.2 s; peak memory 657 MiB.
2026-10-04T02:40:20Z INFO [779/1832] 38baa4e9-d848-4cd3-9c98-2cbc2209378f: 116 internal nodes; 1.0 s; peak memory 657 MiB.
2026-10-04T02:40:21Z INFO [780/1832] 38bb3d67-69f1-426d-866b-45118e7b97a3: 17 internal nodes; 0.8 s; peak memory 657 MiB.
2026-10-04T02:40:27Z INFO [781/1832] 38bb5c99-2f83-4e0c-9e3a-beebad22bc28: 66 internal nodes; 5.8 s; peak memory 657 MiB.
2026-10-04T02:40:29Z INFO [782/1832] 38bdf419-ae0a-4ad9-93ab-e7c7c4359a6f: 44 internal nodes; 2.0 s; peak memory 657 MiB.
2026-10-04T02:40:29Z INFO [783/1832] 38bea16c-61ed-4e05-b9e7-540c565470fa: 17 internal nodes; 0.6 s; peak memory 657 MiB.
2026-10-04T02:40:30Z INFO [784/1832] 38bed039-65e1-40d3-8215-a52ea5a2e38d: 17 internal nodes; 0.7 s; peak memory 657 MiB.
2026-10-04T02:40:31Z INFO [785/1832] 38bf6acd-be29-4486-be05-780ef9660d29: 26 internal nodes; 1.1 s; peak memory 657 MiB.
2026-10-04T02:40:33Z INFO [786/1832] 38bfac21-c731-489e-a5f9-33cf4562b732: 53 internal nodes; 2.0 s; peak memory 657 MiB.
2026-10-04T02:40:34Z INFO [787/1832] 38bfc5e1-a3ad-4b82-9f5a-b7a78b47abc6: 18 internal nodes; 0.8 s; peak memory 657 MiB.
2026-10-04T02:40:36Z INFO [788/1832] 38c09998-b01c-4b63-bd7b-946d3fb0a27b: 44 internal nodes; 2.0 s; peak memory 657 MiB.
2026-10-04T02:40:43Z INFO [789/1832] 38c0be6d-129e-4bea-bf25-211c400b0ea2: 75 internal nodes; 7.5 s; peak memory 657 MiB.
2026-10-04T02:40:44Z INFO [790/1832] 38c1a40e-bde3-4185-8da5-e691911fa3ce: 17 internal nodes; 0.8 s; peak memory 657 MiB.
2026-10-04T02:40:56Z INFO [791/1832] 38c1e2bc-6ffc-46dc-9ede-9aa936b2ce3e: 135 internal nodes; 11.6 s; peak memory 657 MiB.
2026-10-04T02:40:56Z INFO [792/1832] 38c29fea-20f3-4091-b19b-20910dbe8ce4: 11 internal nodes; 0.4 s; peak memory 657 MiB.
2026-10-04T02:40:57Z INFO [793/1832] 38c2adb1-c38f-4a39-bf30-b053d64cfd1d: 27 internal nodes; 0.9 s; peak memory 657 MiB.
2026-10-04T02:40:58Z INFO [794/1832] 38c2cf97-63e3-45b9-99f4-6b26dba99bf9: 17 internal nodes; 0.5 s; peak memory 657 MiB.
2026-10-04T02:41:03Z INFO [795/1832] 38c2ec94-e1d7-4449-9a57-6ab0ae714736: 61 internal nodes; 5.4 s; peak memory 657 MiB.
2026-10-04T02:41:10Z INFO [796/1832] 38c300c6-9da0-4a02-9b62-a7d02cf5958e: 181 internal nodes; 7.0 s; peak memory 657 MiB.
2026-10-04T02:41:11Z INFO [797/1832] 38c321ae-afde-4d88-9d14-16e3940ddcbf: 17 internal nodes; 0.7 s; peak memory 657 MiB.
2026-10-04T02:41:12Z INFO [798/1832] 38c33e63-ad57-49a7-8284-da7a99cae6e9: 27 internal nodes; 0.8 s; peak memory 657 MiB.
2026-10-04T02:41:13Z INFO [799/1832] 38c341c6-3f3a-4424-ad5a-30709000b582: 21 internal nodes; 1.6 s; peak memory 657 MiB.
2026-10-04T02:41:14Z INFO [800/1832] 38c4b263-a4d9-4e6e-87e5-3b5f0af401b0: 27 internal nodes; 0.8 s; peak memory 657 MiB.
2026-10-04T02:41:14Z INFO [800/1832] 38c4b263-a4d9-4e6e-87e5-3b5f0af401b0: checkpointed 74320 records.
2026-10-04T02:41:15Z INFO [801/1832] 38c51428-8e56-4abc-a50b-60e33ac69922: 23 internal nodes; 0.6 s; peak memory 657 MiB.
2026-10-04T02:41:15Z INFO [802/1832] 38c56c02-6c4b-4067-a12a-89347fd7707e: 11 internal nodes; 0.4 s; peak memory 657 MiB.
2026-10-04T02:41:29Z INFO [803/1832] 38c5e553-9202-4d71-b215-b6263e9468bd: 187 internal nodes; 13.7 s; peak memory 657 MiB.
2026-10-04T02:41:30Z INFO [804/1832] 38c5fe1a-fc2c-47eb-825b-e21b8706efa1: 31 internal nodes; 1.1 s; peak memory 657 MiB.
2026-10-04T02:41:32Z INFO [805/1832] 38c61632-e532-4581-bdd9-294616d64a90: 46 internal nodes; 2.1 s; peak memory 657 MiB.
2026-10-04T02:41:33Z INFO [806/1832] 38c6a91d-f3cd-4715-830e-759312d3d888: 37 internal nodes; 0.7 s; peak memory 657 MiB.
2026-10-04T02:41:35Z INFO [807/1832] 38c6c719-37da-4de0-8009-b6b59ffd2a98: 47 internal nodes; 1.8 s; peak memory 657 MiB.
2026-10-04T02:41:35Z INFO [808/1832] 38c73fcf-dea5-4f84-abc7-d522300bf292: 17 internal nodes; 0.7 s; peak memory 657 MiB.
2026-10-04T02:41:36Z INFO [809/1832] 38c778d6-7a92-4862-8ab6-8d1151d00590: 13 internal nodes; 1.0 s; peak memory 657 MiB.
2026-10-04T02:41:37Z INFO [810/1832] 38c779f3-6bce-4928-b3f1-c0e04acb0809: 15 internal nodes; 0.6 s; peak memory 657 MiB.
2026-10-04T02:41:38Z INFO [811/1832] 38c7c05b-abe5-4cb6-bba2-29576fb41ce1: 19 internal nodes; 1.0 s; peak memory 657 MiB.
2026-10-04T02:41:39Z INFO [812/1832] 38c8eda7-ac40-4810-b054-3c558f2deceb: 17 internal nodes; 0.7 s; peak memory 657 MiB.
2026-10-04T02:41:40Z INFO [813/1832] 38cb3069-b61b-409c-b893-8bfac0b47dcf: 25 internal nodes; 1.0 s; peak memory 657 MiB.
2026-10-04T02:41:41Z INFO [814/1832] 38cc1633-b212-4c6b-8900-73c969c79797: 22 internal nodes; 1.0 s; peak memory 657 MiB.
2026-10-04T02:41:42Z INFO [815/1832] 38cd3836-9da7-4d46-9a13-5aa8f03f79a7: 60 internal nodes; 1.2 s; peak memory 657 MiB.
2026-10-04T02:41:42Z INFO [816/1832] 38cd44ed-310f-46a3-a75c-708dbc98dfe3: 115 internal nodes; 0.6 s; peak memory 657 MiB.
2026-10-04T02:41:43Z INFO [817/1832] 38cd6666-2063-403c-b3c7-d81cb6d55634: 29 internal nodes; 1.0 s; peak memory 657 MiB.
2026-10-04T02:41:44Z INFO [818/1832] 38cd6f7f-f2e6-4494-87f5-1e8a42275e38: 17 internal nodes; 0.6 s; peak memory 657 MiB.
2026-10-04T02:41:45Z INFO [819/1832] 38cdaa27-88e3-4327-b005-898f19100e5d: 27 internal nodes; 1.0 s; peak memory 657 MiB.
2026-10-04T02:41:49Z INFO [820/1832] 38ce06d5-d44c-4d9a-a2cc-8d8d5c501ac7: 394 internal nodes; 4.0 s; peak memory 657 MiB.
2026-10-04T02:41:50Z INFO [821/1832] 38cf6618-9eae-4b06-a4ea-bdbe71fe0dd6: 27 internal nodes; 0.9 s; peak memory 657 MiB.
2026-10-04T02:41:51Z INFO [822/1832] 38cfeb34-03e3-431c-a711-6a8a76044a8a: 31 internal nodes; 0.9 s; peak memory 657 MiB.
2026-10-04T02:41:53Z INFO [823/1832] 38d08476-28fd-4141-a37a-41a3d70705c4: 45 internal nodes; 2.0 s; peak memory 657 MiB.
2026-10-04T02:41:54Z INFO [824/1832] 38d15445-a88a-4f39-8ad6-800271c47b41: 27 internal nodes; 0.9 s; peak memory 657 MiB.
2026-10-04T02:41:54Z INFO [825/1832] 38d18229-6847-49f7-813d-71fb2c70784c: 17 internal nodes; 0.6 s; peak memory 657 MiB.
2026-10-04T02:41:55Z INFO [826/1832] 38d248fe-0916-4b79-be36-bc0e48ca1be9: 18 internal nodes; 0.7 s; peak memory 657 MiB.
2026-10-04T02:41:58Z INFO [827/1832] 38d34bb8-f121-4532-b0f6-b719f795f1d1: 46 internal nodes; 2.4 s; peak memory 657 MiB.
2026-10-04T02:42:02Z INFO [828/1832] 38d421eb-2720-4443-babe-641909d43149: 177 internal nodes; 4.5 s; peak memory 657 MiB.
2026-10-04T02:42:03Z INFO [829/1832] 38d44fc7-2cad-41a5-b692-cb40c203d733: 61 internal nodes; 1.2 s; peak memory 657 MiB.
2026-10-04T02:42:04Z INFO [830/1832] 38d4840c-ca70-497a-9cec-cb167c9ecfcd: 54 internal nodes; 1.1 s; peak memory 657 MiB.
2026-10-04T02:42:05Z INFO [831/1832] 38d51fca-4184-4eb8-a8a4-d16dd65bbe20: 27 internal nodes; 1.0 s; peak memory 657 MiB.
2026-10-04T02:42:06Z INFO [832/1832] 38d69237-b057-4889-b629-38257de501c6: 13 internal nodes; 0.7 s; peak memory 657 MiB.
2026-10-04T02:42:10Z INFO [833/1832] 38d6b675-84ad-4ce0-b8ec-590233c930ac: 177 internal nodes; 4.4 s; peak memory 657 MiB.
2026-10-04T02:42:11Z INFO [834/1832] 38d71c88-c3c3-410a-aa33-ca95f71b5e4c: 119 internal nodes; 0.9 s; peak memory 657 MiB.
2026-10-04T02:42:12Z INFO [835/1832] 38d76017-35ac-4587-ae9d-69921884c11e: 26 internal nodes; 0.6 s; peak memory 657 MiB.
2026-10-04T02:42:13Z INFO [836/1832] 38d793f3-444d-42fa-927e-d7421f654c5d: 31 internal nodes; 0.9 s; peak memory 657 MiB.
2026-10-04T02:42:32Z INFO [837/1832] 38d9be43-5947-40d7-a82a-2eb265cf76d7: 265 internal nodes; 19.4 s; peak memory 657 MiB.
2026-10-04T02:42:33Z INFO [838/1832] 38da2a0c-cd18-4084-8360-47b2cf3327ab: 31 internal nodes; 1.0 s; peak memory 657 MiB.
2026-10-04T02:42:43Z INFO [839/1832] 38dcf45c-76c7-466f-ab55-2a7e2d895375: 128 internal nodes; 10.1 s; peak memory 657 MiB.
2026-10-04T02:42:49Z INFO [840/1832] 38de4e3c-d305-4c64-8d3c-985a4578ed37: 172 internal nodes; 5.5 s; peak memory 657 MiB.
2026-10-04T02:42:50Z INFO [841/1832] 38de8155-2754-4e2a-8cb3-0e1944c23ab4: 114 internal nodes; 0.8 s; peak memory 657 MiB.
2026-10-04T02:42:50Z INFO [842/1832] 38df1513-2247-4307-b974-312e8058840e: 22 internal nodes; 0.6 s; peak memory 657 MiB.
2026-10-04T02:42:51Z INFO [843/1832] 38df488b-19d0-4404-b30d-ecd63ca9f6a8: 20 internal nodes; 0.5 s; peak memory 657 MiB.
2026-10-04T02:42:52Z INFO [844/1832] 38df58b5-e280-4cc8-be11-fe22273426f2: 26 internal nodes; 0.8 s; peak memory 657 MiB.
2026-10-04T02:42:52Z INFO [845/1832] 38e08c6b-1a23-40c6-a63f-94edafdb416f: 116 internal nodes; 0.9 s; peak memory 657 MiB.
2026-10-04T02:42:53Z INFO [846/1832] 38e0bf34-cc04-4c54-a067-1639ecacd32d: 22 internal nodes; 0.6 s; peak memory 657 MiB.
2026-10-04T02:42:54Z INFO [847/1832] 38e1296a-6049-4d1d-a9fe-36bd50bfcd76: 17 internal nodes; 0.7 s; peak memory 657 MiB.
2026-10-04T02:42:56Z INFO [848/1832] 38e14cd6-5525-45d9-bc11-70a1b15f8d63: 46 internal nodes; 1.8 s; peak memory 657 MiB.
2026-10-04T02:42:57Z INFO [849/1832] 38e1e721-035a-4aec-afbf-b02e4de89248: 39 internal nodes; 1.2 s; peak memory 657 MiB.
2026-10-04T02:42:58Z INFO [850/1832] 38e1f540-ab33-4a0e-8b1a-337a579fa398: 17 internal nodes; 0.8 s; peak memory 657 MiB.
2026-10-04T02:42:58Z INFO [850/1832] 38e1f540-ab33-4a0e-8b1a-337a579fa398: checkpointed 74370 records.
2026-10-04T02:42:58Z INFO [851/1832] 38e271f3-477b-4c60-92da-9fa581632d04: 27 internal nodes; 0.5 s; peak memory 657 MiB.
2026-10-04T02:42:59Z INFO [852/1832] 38e2b49f-2b91-4310-82c6-35594531bd11: 11 internal nodes; 0.5 s; peak memory 657 MiB.
2026-10-04T02:44:32Z INFO [853/1832] 38e3d800-5d80-4695-9583-7c1fb3028b43: 563 internal nodes; 93.4 s; peak memory 657 MiB.
2026-10-04T02:44:35Z INFO [854/1832] 38e40a24-2c56-44c9-90d3-b6eeac75fccc: 135 internal nodes; 3.0 s; peak memory 657 MiB.
2026-10-04T02:44:36Z INFO [855/1832] 38e42b76-fd37-4754-a322-43305dc4fd5f: 17 internal nodes; 0.7 s; peak memory 657 MiB.
2026-10-04T02:44:37Z INFO [856/1832] 38e57f51-56f3-4b33-9af4-174e4756fc42: 13 internal nodes; 0.7 s; peak memory 657 MiB.
2026-10-04T02:44:54Z INFO [857/1832] 38e610a7-1c73-4a70-a5ab-a1a9d883e716: 325 internal nodes; 17.5 s; peak memory 657 MiB.
2026-10-04T02:44:58Z INFO [858/1832] 38e62e48-ccb2-4c42-a33c-e5b1339b1fb7: 59 internal nodes; 4.1 s; peak memory 657 MiB.
2026-10-04T02:44:59Z INFO [859/1832] 38e67bbe-8916-4968-9713-5f912bae1440: 17 internal nodes; 0.7 s; peak memory 657 MiB.
2026-10-04T02:45:00Z INFO [860/1832] 38e7228b-8c22-4eed-8034-434d4c171122: 59 internal nodes; 1.6 s; peak memory 657 MiB.
2026-10-04T02:45:01Z INFO [861/1832] 38e77f6a-edc1-4db1-ad3e-2cbe3186af22: 17 internal nodes; 0.9 s; peak memory 657 MiB.
2026-10-04T02:45:02Z INFO [862/1832] 38e7ae4f-ffe8-4544-bac0-bbf13bb81ae2: 6 internal nodes; 0.6 s; peak memory 657 MiB.
2026-10-04T02:45:03Z INFO [863/1832] 38e89ded-a134-49f5-b4ec-8f868f63c47d: 17 internal nodes; 0.7 s; peak memory 657 MiB.
2026-10-04T02:45:04Z INFO [864/1832] 38e8a0e4-484a-4b99-908a-76e7fc5c1be5: 27 internal nodes; 1.0 s; peak memory 657 MiB.
2026-10-04T02:45:07Z INFO [865/1832] 38e90e48-1a5e-45a0-af0d-a629c2093b0e: 105 internal nodes; 3.3 s; peak memory 657 MiB.
2026-10-04T02:45:08Z INFO [866/1832] 38e91130-2f04-4951-9761-c60ce91f39f4: 31 internal nodes; 1.1 s; peak memory 657 MiB.
2026-10-04T02:45:09Z INFO [867/1832] 38eaafaa-b83a-46d8-b56a-12d7ea9b3771: 17 internal nodes; 0.9 s; peak memory 657 MiB.
2026-10-04T02:45:09Z INFO [868/1832] 38ead157-f29d-4cd1-bd2f-0f2f8170d5af: 22 internal nodes; 0.4 s; peak memory 657 MiB.
2026-10-04T02:45:10Z INFO [869/1832] 38ec382f-4286-47c7-914b-62607ef82b92: 17 internal nodes; 0.8 s; peak memory 657 MiB.
2026-10-04T02:45:11Z INFO [870/1832] 38ec6e30-d7ea-4a30-8993-7c15a8560102: 17 internal nodes; 0.8 s; peak memory 657 MiB.
2026-10-04T02:45:12Z INFO [871/1832] 38ecb0ab-f4c4-443a-a4b8-9e439e12913a: 55 internal nodes; 1.0 s; peak memory 657 MiB.
2026-10-04T02:45:13Z INFO [872/1832] 38eceefb-3379-4db7-a564-a93c56fe1a66: 27 internal nodes; 0.8 s; peak memory 657 MiB.
2026-10-04T02:45:17Z INFO [873/1832] 38ee79cd-c0d1-48d0-b09e-f0472d109e5c: 183 internal nodes; 4.3 s; peak memory 657 MiB.
2026-10-04T02:45:19Z INFO [874/1832] 38eee3a3-9950-4c5f-90e1-ac748b3c3ed2: 62 internal nodes; 2.0 s; peak memory 657 MiB.
2026-10-04T02:45:20Z INFO [875/1832] 38ef0bf5-7e2e-4f31-9507-bf4b6a99e935: 31 internal nodes; 1.2 s; peak memory 657 MiB.
2026-10-04T02:45:21Z INFO [876/1832] 38ef234b-89f0-435c-95ea-ae62ce7bc8d4: 17 internal nodes; 0.9 s; peak memory 657 MiB.
2026-10-04T02:45:25Z INFO [877/1832] 38efc3d2-ed82-4b08-b733-fc0ce613b348: 119 internal nodes; 3.5 s; peak memory 657 MiB.
2026-10-04T02:45:25Z INFO [878/1832] 38f022e6-2d95-4bf1-84a0-1c97fad72d49: 13 internal nodes; 0.6 s; peak memory 657 MiB.
2026-10-04T02:45:26Z INFO [879/1832] 38f0ef45-7305-47bf-8c03-a893520a1891: 30 internal nodes; 1.3 s; peak memory 657 MiB.
2026-10-04T02:45:27Z INFO [880/1832] 38f173b2-c155-4316-acc8-cbec2cb9b082: 27 internal nodes; 0.8 s; peak memory 657 MiB.
2026-10-04T02:45:28Z INFO [881/1832] 38f471d0-a772-4099-aa13-b57c21d5985b: 27 internal nodes; 0.8 s; peak memory 657 MiB.
2026-10-04T02:45:29Z INFO [882/1832] 38f4b2fb-9e87-420d-b007-f246bb2d2a06: 116 internal nodes; 0.7 s; peak memory 657 MiB.
2026-10-04T02:45:30Z INFO [883/1832] 38f5782e-f7d4-4ece-b835-620d9cdf27fd: 17 internal nodes; 0.8 s; peak memory 657 MiB.
2026-10-04T02:45:30Z INFO [884/1832] 38f61bd9-0592-4158-b430-b5c0d270ab77: 116 internal nodes; 0.8 s; peak memory 657 MiB.
2026-10-04T02:45:31Z INFO [885/1832] 38f6f3d4-70b1-45e9-9b5b-7a790af557a3: 58 internal nodes; 0.7 s; peak memory 657 MiB.
2026-10-04T02:45:32Z INFO [886/1832] 38f6f520-eed1-4e97-90e9-fc26d8ad92c4: 17 internal nodes; 0.7 s; peak memory 657 MiB.
2026-10-04T02:45:33Z INFO [887/1832] 38f78630-19b9-4e39-8964-51e634965586: 62 internal nodes; 1.4 s; peak memory 657 MiB.
2026-10-04T02:45:34Z INFO [888/1832] 38f80d59-2339-487f-93e0-e63ba113b413: 90 internal nodes; 0.8 s; peak memory 657 MiB.
2026-10-04T02:45:35Z INFO [889/1832] 38f8e1ce-4c2d-49b3-b5ca-b663c6b19601: 31 internal nodes; 1.4 s; peak memory 657 MiB.
2026-10-04T02:45:37Z INFO [890/1832] 38f955c2-8296-4aec-ad30-b824aa3a0c50: 61 internal nodes; 1.3 s; peak memory 657 MiB.
2026-10-04T02:45:37Z INFO [891/1832] 38fbae93-67c1-49cd-8ded-5a9c58c09509: 27 internal nodes; 0.5 s; peak memory 657 MiB.
2026-10-04T02:45:38Z INFO [892/1832] 38fbc0c9-5bb2-4b7f-a696-79c2f5ebbb6b: 17 internal nodes; 0.7 s; peak memory 657 MiB.
2026-10-04T02:45:39Z INFO [893/1832] 38fbe7f6-5e8e-41c1-a7bd-fa501b3157c2: 95 internal nodes; 0.9 s; peak memory 657 MiB.
2026-10-04T02:45:40Z INFO [894/1832] 38fcaa6c-611e-463c-885b-1bba76baad07: 27 internal nodes; 0.9 s; peak memory 657 MiB.
2026-10-04T02:45:47Z INFO [895/1832] 38fcff6a-6e83-4228-a44c-7ce2e1faa2a7: 212 internal nodes; 7.4 s; peak memory 657 MiB.
2026-10-04T02:45:48Z INFO [896/1832] 38fd8b37-1817-4701-8237-bc186c994f1c: 17 internal nodes; 0.7 s; peak memory 657 MiB.
2026-10-04T02:45:48Z INFO [897/1832] 38fe7a66-ce3e-4887-a0e7-70e046a20526: 27 internal nodes; 0.9 s; peak memory 657 MiB.
2026-10-04T02:45:51Z INFO [898/1832] 38fe8ca4-521f-4dc7-af38-1f78cf713568: 73 internal nodes; 3.0 s; peak memory 657 MiB.
2026-10-04T02:45:52Z INFO [899/1832] 38fea26b-f56b-40e6-a467-76f4dbc44b7d: 22 internal nodes; 0.6 s; peak memory 657 MiB.
2026-10-04T02:45:53Z INFO [900/1832] 38fea27f-b3c3-44a1-9c83-ae761d2de362: 22 internal nodes; 0.6 s; peak memory 657 MiB.
2026-10-04T02:45:53Z INFO [900/1832] 38fea27f-b3c3-44a1-9c83-ae761d2de362: checkpointed 74420 records.
2026-10-04T02:45:57Z INFO [901/1832] 38ff0424-79dc-46ce-b875-0fbdbacd7c22: 153 internal nodes; 4.6 s; peak memory 657 MiB.
2026-10-04T02:45:59Z INFO [902/1832] 38ffc397-4353-450d-b048-59dc57c7eb38: 31 internal nodes; 1.4 s; peak memory 657 MiB.
2026-10-04T02:46:00Z INFO [903/1832] 38ffc6c2-4ffc-4ce0-8ebe-de944e2320ab: 17 internal nodes; 0.8 s; peak memory 657 MiB.
2026-10-04T02:46:00Z INFO [904/1832] 39004da2-b2c5-4ef9-a365-e1a055c7f4fd: 19 internal nodes; 0.8 s; peak memory 657 MiB.
2026-10-04T02:46:01Z INFO [905/1832] 39005386-2b6b-4738-bc5e-a56d1e8ded5c: 37 internal nodes; 1.0 s; peak memory 657 MiB.
2026-10-04T02:46:02Z INFO [906/1832] 39018620-6db4-42d3-b28a-17620566436f: 60 internal nodes; 0.9 s; peak memory 657 MiB.
2026-10-04T02:46:03Z INFO [907/1832] 39019929-5d96-4710-9354-9c3aebaac043: 17 internal nodes; 0.8 s; peak memory 657 MiB.
2026-10-04T02:46:04Z INFO [908/1832] 3901f7d7-9ae6-4c60-a5aa-9a8b6d0cf05a: 29 internal nodes; 1.0 s; peak memory 657 MiB.
2026-10-04T02:46:05Z INFO [909/1832] 39020995-981d-45db-840e-227bee7dd788: 17 internal nodes; 0.8 s; peak memory 657 MiB.
2026-10-04T02:46:06Z INFO [910/1832] 39033451-929b-48e5-acfb-84a83264ed5f: 37 internal nodes; 1.1 s; peak memory 657 MiB.
2026-10-04T02:46:07Z INFO [911/1832] 3903872c-142a-468a-be2b-6636a7f49b57: 17 internal nodes; 0.7 s; peak memory 657 MiB.
2026-10-04T02:46:07Z INFO [912/1832] 3906464e-7cd5-4d9e-96e7-67d344aad6ac: 19 internal nodes; 0.7 s; peak memory 657 MiB.
2026-10-04T02:46:14Z INFO [913/1832] 3906585a-4c83-43e5-bd6e-e17bbfa662cc: 117 internal nodes; 6.4 s; peak memory 657 MiB.
2026-10-04T02:46:15Z INFO [914/1832] 39066800-8afd-4532-ad18-15b979d603ec: 66 internal nodes; 1.4 s; peak memory 657 MiB.
2026-10-04T02:46:16Z INFO [915/1832] 3906d995-0e62-4b95-a20d-ea4905c2f9de: 17 internal nodes; 0.7 s; peak memory 657 MiB.
2026-10-04T02:46:17Z INFO [916/1832] 390728ba-19f1-4a3f-adfa-a3f73b22889f: 53 internal nodes; 1.0 s; peak memory 657 MiB.
2026-10-04T02:46:18Z INFO [917/1832] 3907981a-f4c9-4af1-bc0f-e6593fac3b11: 24 internal nodes; 0.8 s; peak memory 657 MiB.
2026-10-04T02:46:18Z INFO [918/1832] 39079882-8c57-44be-9a5c-71447b39c80f: 23 internal nodes; 0.6 s; peak memory 657 MiB.
2026-10-04T02:46:19Z INFO [919/1832] 3907b0c8-2b48-4ea0-87a0-2dd4cd917d9a: 18 internal nodes; 0.5 s; peak memory 657 MiB.
2026-10-04T02:46:19Z INFO [920/1832] 39086aca-b517-479d-a6cf-99010e0bd767: 13 internal nodes; 0.4 s; peak memory 657 MiB.
2026-10-04T02:46:21Z INFO [921/1832] 39090c0c-7ecc-4fc7-8e22-6eca5160d91f: 44 internal nodes; 1.5 s; peak memory 657 MiB.
2026-10-04T02:46:22Z INFO [922/1832] 390983c2-81d8-46a3-8e14-b06ac9d1c4b7: 63 internal nodes; 1.2 s; peak memory 657 MiB.
2026-10-04T02:46:23Z INFO [923/1832] 3909ce5d-ac3b-4d34-bf3e-6ed29c0d7757: 27 internal nodes; 0.7 s; peak memory 657 MiB.
2026-10-04T02:46:24Z INFO [924/1832] 390a1bb3-f297-469b-b193-d9981a2fec93: 40 internal nodes; 1.5 s; peak memory 657 MiB.
2026-10-04T02:46:25Z INFO [925/1832] 390a7d23-a09c-4488-9dde-eb73c1055192: 11 internal nodes; 0.4 s; peak memory 657 MiB.
2026-10-04T02:46:29Z INFO [926/1832] 390aa3fd-8809-4306-917d-dfde0f63e75a: 128 internal nodes; 4.4 s; peak memory 657 MiB.
2026-10-04T02:46:30Z INFO [927/1832] 390b36a2-375e-4df0-8419-ab53aeeffa79: 63 internal nodes; 0.8 s; peak memory 657 MiB.
2026-10-04T02:46:31Z INFO [928/1832] 390c52bd-06dd-4b76-80ce-6bfa4df44395: 19 internal nodes; 1.0 s; peak memory 657 MiB.
2026-10-04T02:46:32Z INFO [929/1832] 390c72d5-32a8-4e77-9940-de678c8b0c22: 27 internal nodes; 1.0 s; peak memory 657 MiB.
2026-10-04T02:46:36Z INFO [930/1832] 390de404-97ec-4614-a2d3-30ca07d5bbb8: 176 internal nodes; 4.4 s; peak memory 657 MiB.
2026-10-04T02:46:37Z INFO [931/1832] 390e5db9-e00b-4614-953a-0d465a3b7757: 27 internal nodes; 0.9 s; peak memory 657 MiB.
2026-10-04T02:46:38Z INFO [932/1832] 390e9c03-6aa7-4a16-8a72-f1d5ad2afb24: 27 internal nodes; 0.8 s; peak memory 657 MiB.
2026-10-04T02:46:38Z INFO [933/1832] 390f3257-02cd-40ee-97aa-71936f54ebfb: 17 internal nodes; 0.7 s; peak memory 657 MiB.
2026-10-04T02:46:40Z INFO [934/1832] 390f54a4-6e3b-4ca3-8d56-5881fffa5eff: 42 internal nodes; 1.7 s; peak memory 657 MiB.
2026-10-04T02:46:44Z INFO [935/1832] 390f7515-0cd8-4bdf-a308-2b3c28c1b40b: 61 internal nodes; 4.3 s; peak memory 657 MiB.
2026-10-04T02:46:45Z INFO [936/1832] 390fb041-3f50-497c-83e8-3ab174dd3a77: 66 internal nodes; 1.0 s; peak memory 657 MiB.
2026-10-04T02:46:49Z INFO [937/1832] 390fb7b5-4f20-4438-abef-c478f863e6a3: 133 internal nodes; 3.8 s; peak memory 657 MiB.
2026-10-04T02:46:50Z INFO [938/1832] 390fd477-643c-4d22-8cb3-6b45aeb39742: 17 internal nodes; 0.8 s; peak memory 657 MiB.
2026-10-04T02:46:51Z INFO [939/1832] 390fddb6-a533-4695-8d45-a6ef5aaa6a7c: 27 internal nodes; 0.8 s; peak memory 657 MiB.
2026-10-04T02:46:52Z INFO [940/1832] 39105e48-5cb7-4e3e-88fb-6e48fc635f44: 31 internal nodes; 1.3 s; peak memory 657 MiB.
2026-10-04T02:46:53Z INFO [941/1832] 3910d5a3-b7fc-4a60-b518-0b7f612cf83b: 29 internal nodes; 0.9 s; peak memory 657 MiB.
2026-10-04T02:46:54Z INFO [942/1832] 3911dc07-8e1b-4b76-a267-6eab84795d7a: 86 internal nodes; 0.8 s; peak memory 657 MiB.
2026-10-04T02:46:54Z INFO [943/1832] 39137872-f5e6-47e3-8b21-b9111f694c2c: 6 internal nodes; 0.5 s; peak memory 657 MiB.
2026-10-04T02:46:55Z INFO [944/1832] 3914ac9c-64c2-49ff-9d2a-0187e898a3b1: 22 internal nodes; 1.0 s; peak memory 657 MiB.
2026-10-04T02:46:56Z INFO [945/1832] 3914f06b-3eb2-4944-a59a-e9f9928783c5: 46 internal nodes; 0.8 s; peak memory 657 MiB.
2026-10-04T02:46:57Z INFO [946/1832] 39155dad-d87c-4c2f-aadf-5b372c67fa4e: 31 internal nodes; 1.3 s; peak memory 657 MiB.
2026-10-04T02:46:58Z INFO [947/1832] 3915e675-3b53-4b6b-9f27-71975a1b9765: 31 internal nodes; 1.0 s; peak memory 657 MiB.
2026-10-04T02:46:59Z INFO [948/1832] 39168ee6-1cd2-4c55-8652-d270a5a6a9a4: 27 internal nodes; 1.1 s; peak memory 657 MiB.
2026-10-04T02:47:02Z INFO [949/1832] 391705a6-03bd-4732-9f75-a968dbdf4569: 42 internal nodes; 2.1 s; peak memory 657 MiB.
2026-10-04T02:47:03Z INFO [950/1832] 39179c84-a63b-472f-9491-17dde657a0ce: 25 internal nodes; 1.5 s; peak memory 657 MiB.
2026-10-04T02:47:03Z INFO [950/1832] 39179c84-a63b-472f-9491-17dde657a0ce: checkpointed 74470 records.
2026-10-04T02:47:04Z INFO [951/1832] 39184ecb-c66b-478d-9b6d-842178a7aa1b: 17 internal nodes; 0.7 s; peak memory 657 MiB.
2026-10-04T02:47:05Z INFO [952/1832] 39189640-b872-4235-8b40-b648d04dff72: 17 internal nodes; 0.7 s; peak memory 657 MiB.
2026-10-04T02:47:05Z INFO [953/1832] 3918cfcb-19ba-43b1-a148-838c958da91a: 27 internal nodes; 0.7 s; peak memory 657 MiB.
2026-10-04T02:47:06Z INFO [954/1832] 3918f388-cfb2-40bf-89f6-7cc8eb78583c: 13 internal nodes; 0.5 s; peak memory 657 MiB.
2026-10-04T02:47:07Z INFO [955/1832] 3919bcf1-2458-4f15-b1f6-ad03dfff2367: 25 internal nodes; 0.8 s; peak memory 657 MiB.
2026-10-04T02:47:08Z INFO [956/1832] 391a38e0-9442-436d-8d38-6aefd49a4f31: 27 internal nodes; 1.0 s; peak memory 657 MiB.
2026-10-04T02:47:08Z INFO [957/1832] 391a61f5-a938-46c2-9ae6-f75808ae54f0: 13 internal nodes; 0.5 s; peak memory 657 MiB.
2026-10-04T02:47:10Z INFO [958/1832] 391aed02-98d1-4c27-ab6d-845ae114f680: 44 internal nodes; 1.6 s; peak memory 657 MiB.
2026-10-04T02:47:11Z INFO [959/1832] 391b31eb-acba-47dd-9f32-dc4206bbeb92: 30 internal nodes; 1.2 s; peak memory 657 MiB.
2026-10-04T02:47:12Z INFO [960/1832] 391b5216-c014-4aa5-947a-1c4482d53300: 18 internal nodes; 0.9 s; peak memory 657 MiB.
2026-10-04T02:47:12Z INFO [961/1832] 391b697e-c159-4f33-b5e6-90076ef13f17: 25 internal nodes; 0.7 s; peak memory 657 MiB.
2026-10-04T02:47:13Z INFO [962/1832] 391c02cb-4f2e-465f-880f-7bd86a8bb86f: 31 internal nodes; 0.8 s; peak memory 657 MiB.
2026-10-04T02:47:14Z INFO [963/1832] 391caa08-6674-4dd3-bbe5-87fe092352c4: 54 internal nodes; 0.9 s; peak memory 657 MiB.
2026-10-04T02:47:15Z INFO [964/1832] 391d156e-76ef-490b-b3dc-ec027d766c84: 27 internal nodes; 0.8 s; peak memory 657 MiB.
2026-10-04T02:47:20Z INFO [965/1832] 391d4959-8221-4538-8db6-16d01af26b7c: 67 internal nodes; 4.7 s; peak memory 657 MiB.
2026-10-04T02:47:20Z INFO [966/1832] 391d4aa6-f3e4-49cd-be8d-922340ef3619: 17 internal nodes; 0.7 s; peak memory 657 MiB.
2026-10-04T02:47:21Z INFO [967/1832] 391d98be-8422-4a07-91ee-90bd7d320206: 17 internal nodes; 0.8 s; peak memory 657 MiB.
2026-10-04T02:47:22Z INFO [968/1832] 391e583b-696d-4b34-9e08-3bcc5716ebfc: 26 internal nodes; 0.5 s; peak memory 657 MiB.
2026-10-04T02:47:22Z INFO [969/1832] 391ea239-1041-4953-b99b-015bebc6a312: 22 internal nodes; 0.4 s; peak memory 657 MiB.
2026-10-04T02:47:24Z INFO [970/1832] 391fdcc7-a0a0-44b8-951e-ea6f7e985176: 60 internal nodes; 1.9 s; peak memory 657 MiB.
2026-10-04T02:47:27Z INFO [971/1832] 3920f47a-e8a0-491e-a5d4-933752ccf189: 56 internal nodes; 3.1 s; peak memory 657 MiB.
2026-10-04T02:47:28Z INFO [972/1832] 3921558c-8827-477a-afaf-3a90a21575ad: 16 internal nodes; 0.7 s; peak memory 657 MiB.
2026-10-04T02:47:29Z INFO [973/1832] 392186ac-13c4-41a6-bb1f-8b8725a479cc: 60 internal nodes; 1.2 s; peak memory 657 MiB.
2026-10-04T02:47:33Z INFO [974/1832] 3922ce69-0184-4bb2-9d6f-240bade7a6d8: 130 internal nodes; 4.5 s; peak memory 657 MiB.
2026-10-04T02:47:34Z INFO [975/1832] 39232d8a-47c7-45ec-936b-df4025424f1f: 26 internal nodes; 0.8 s; peak memory 657 MiB.
2026-10-04T02:47:35Z INFO [976/1832] 39236d9d-4d90-4035-a7f5-c98d2ebd96d7: 17 internal nodes; 0.6 s; peak memory 657 MiB.
2026-10-04T02:47:36Z INFO [977/1832] 3923960e-2d0e-46ec-b06d-49e1d94aafd8: 66 internal nodes; 1.4 s; peak memory 657 MiB.
2026-10-04T02:47:38Z INFO [978/1832] 392549e4-7c2e-4032-a647-fdbfd3264556: 30 internal nodes; 1.4 s; peak memory 657 MiB.
2026-10-04T02:47:39Z INFO [979/1832] 3925bc30-cd68-4b30-80d0-5feef531ca73: 31 internal nodes; 1.1 s; peak memory 657 MiB.
2026-10-04T02:47:40Z INFO [980/1832] 3926c559-04d2-430d-beee-93a5ec8a72e1: 28 internal nodes; 1.0 s; peak memory 657 MiB.
2026-10-04T02:47:45Z INFO [981/1832] 3926fcd7-858d-4412-96b2-10c9be29b33f: 190 internal nodes; 5.0 s; peak memory 657 MiB.
2026-10-04T02:47:46Z INFO [982/1832] 3927cde6-b6fb-4ba2-ac67-19105518f95a: 30 internal nodes; 1.0 s; peak memory 657 MiB.
2026-10-04T02:47:47Z INFO [983/1832] 392924de-c821-4043-8c24-9dfaae4b2411: 30 internal nodes; 1.2 s; peak memory 657 MiB.
2026-10-04T02:47:47Z INFO [984/1832] 392968c6-7a6b-4b09-836a-c0f5b8b4e82b: 17 internal nodes; 0.6 s; peak memory 657 MiB.
2026-10-04T02:47:55Z INFO [985/1832] 392a4e1b-87b5-4424-99e8-d36aa2836a97: 218 internal nodes; 7.4 s; peak memory 657 MiB.
2026-10-04T02:47:56Z INFO [986/1832] 392af7e7-96b8-4529-a67e-4a39f025de5e: 27 internal nodes; 0.9 s; peak memory 657 MiB.
2026-10-04T02:47:57Z INFO [987/1832] 392b131b-7ca4-4074-97ed-40dfe7dc3f48: 119 internal nodes; 1.0 s; peak memory 657 MiB.
2026-10-04T02:48:08Z INFO [988/1832] 392b28b6-c280-40e6-84f3-a3c271e54227: 133 internal nodes; 11.7 s; peak memory 657 MiB.
2026-10-04T02:48:09Z INFO [989/1832] 392b5674-29ba-404a-a060-04c429f36651: 26 internal nodes; 0.5 s; peak memory 657 MiB.
2026-10-04T02:48:09Z INFO [990/1832] 392ba418-1fc6-4134-89f3-5738ecd7c44b: 18 internal nodes; 0.5 s; peak memory 657 MiB.
2026-10-04T02:48:10Z INFO [991/1832] 392bd07f-f4b9-4430-8238-dc8ef8f8d5fb: 63 internal nodes; 1.0 s; peak memory 657 MiB.
2026-10-04T02:48:11Z INFO [992/1832] 392cd5f5-410e-4d10-ad42-84332daefc6e: 116 internal nodes; 1.0 s; peak memory 657 MiB.
2026-10-04T02:48:12Z INFO [993/1832] 392d012e-ef96-4aab-94c7-f804864fd88d: 17 internal nodes; 0.9 s; peak memory 657 MiB.
2026-10-04T02:48:13Z INFO [994/1832] 392d8638-ec04-4d50-a8dd-0daea450a256: 27 internal nodes; 0.7 s; peak memory 657 MiB.
2026-10-04T02:48:18Z INFO [995/1832] 392f1562-2426-4e60-97e2-6b14437d8dcf: 210 internal nodes; 4.7 s; peak memory 657 MiB.
2026-10-04T02:48:18Z INFO [996/1832] 392f22f2-72da-4815-b58a-af55d3ed7868: 26 internal nodes; 0.6 s; peak memory 657 MiB.
2026-10-04T02:48:19Z INFO [997/1832] 392f2a4a-42f9-4eda-9673-62ad85181a59: 19 internal nodes; 0.8 s; peak memory 657 MiB.
2026-10-04T02:48:20Z INFO [998/1832] 3931f63e-8e18-4561-a4c7-ae76ffc7aa46: 119 internal nodes; 1.1 s; peak memory 657 MiB.
2026-10-04T02:48:21Z INFO [999/1832] 3932947a-4504-42ad-ac90-4bcf7cd24c22: 17 internal nodes; 0.8 s; peak memory 657 MiB.
2026-10-04T02:48:22Z INFO [1000/1832] 3932e96a-b3b2-458b-86e3-e0317791e416: 36 internal nodes; 1.7 s; peak memory 657 MiB.
2026-10-04T02:48:23Z INFO [1000/1832] 3932e96a-b3b2-458b-86e3-e0317791e416: checkpointed 74520 records.
2026-10-04T02:48:24Z INFO [1001/1832] 3933adb4-71f4-4596-861b-daa63b141eeb: 29 internal nodes; 1.0 s; peak memory 657 MiB.
2026-10-04T02:48:26Z INFO [1002/1832] 39344cac-831b-4faf-83d9-d211f0b0491f: 41 internal nodes; 2.4 s; peak memory 657 MiB.
2026-10-04T02:48:28Z INFO [1003/1832] 3934d4e1-b621-4e8c-b937-28e5586b0c40: 41 internal nodes; 1.6 s; peak memory 657 MiB.
2026-10-04T02:48:34Z INFO [1004/1832] 3935e6ae-adaf-4a7c-aef7-bc80584ba711: 50 internal nodes; 6.7 s; peak memory 657 MiB.
2026-10-04T02:48:37Z INFO [1005/1832] 39361027-e6ef-483a-bbf2-995c357acf3c: 41 internal nodes; 2.3 s; peak memory 657 MiB.
2026-10-04T02:48:38Z INFO [1006/1832] 39367e5c-5a96-4f82-9f25-8a747df521ae: 30 internal nodes; 0.8 s; peak memory 657 MiB.
2026-10-04T02:48:39Z INFO [1007/1832] 39378413-08ed-441f-a21d-34358abbe95e: 65 internal nodes; 1.1 s; peak memory 657 MiB.
2026-10-04T02:48:39Z INFO [1008/1832] 3937b535-fca3-4d18-9aae-3ccb4670f9b3: 28 internal nodes; 0.7 s; peak memory 657 MiB.
2026-10-04T02:48:40Z INFO [1009/1832] 39384ea7-49f8-45a4-836c-6044d926e6a0: 11 internal nodes; 0.5 s; peak memory 657 MiB.
2026-10-04T02:48:41Z INFO [1010/1832] 39388a0b-acf3-4e9c-a975-ad3687d39a5f: 31 internal nodes; 1.3 s; peak memory 657 MiB.
2026-10-04T02:48:42Z INFO [1011/1832] 393906bd-bde6-4ead-8ff4-02cd767478cf: 21 internal nodes; 0.8 s; peak memory 657 MiB.
2026-10-04T02:48:46Z INFO [1012/1832] 39390fa3-9cb9-40c5-b793-55fa6dd6ea48: 130 internal nodes; 3.9 s; peak memory 657 MiB.
2026-10-04T02:49:03Z INFO [1013/1832] 39393c67-007d-45f9-87c7-8cdffc6fffc9: 1843 internal nodes; 17.5 s; peak memory 657 MiB.
2026-10-04T02:49:04Z INFO [1014/1832] 3939e554-f2aa-4371-88ee-4b9fa6a29c57: 21 internal nodes; 1.1 s; peak memory 657 MiB.
2026-10-04T02:49:05Z INFO [1015/1832] 393b649f-4404-45b1-b33d-e45463913b46: 29 internal nodes; 0.7 s; peak memory 657 MiB.
2026-10-04T02:49:10Z INFO [1016/1832] 393b66f2-5225-4032-9ed2-3af8287f420b: 73 internal nodes; 5.4 s; peak memory 657 MiB.
2026-10-04T02:49:12Z INFO [1017/1832] 393e0d43-dd68-4411-a74d-59da8121e748: 27 internal nodes; 1.1 s; peak memory 657 MiB.
2026-10-04T02:49:12Z INFO [1018/1832] 393f4e1f-9ed5-4e9c-aa06-38af1488357e: 90 internal nodes; 0.6 s; peak memory 657 MiB.
2026-10-04T02:49:13Z INFO [1019/1832] 393fc712-6d70-4ee9-96c1-63fabfd31b95: 17 internal nodes; 0.7 s; peak memory 657 MiB.
2026-10-04T02:49:14Z INFO [1020/1832] 3940510a-0ea6-4d6e-a5c1-5690494aa6c2: 17 internal nodes; 0.7 s; peak memory 657 MiB.
2026-10-04T02:49:14Z INFO [1021/1832] 3940b986-3404-446c-8a80-b65c866462ee: 17 internal nodes; 0.7 s; peak memory 657 MiB.
2026-10-04T02:49:15Z INFO [1022/1832] 3941cbf2-c2cf-428d-9a90-3d6b39c4e587: 21 internal nodes; 1.0 s; peak memory 657 MiB.
2026-10-04T02:49:16Z INFO [1023/1832] 394236e9-7b03-432c-8cdc-8b4acee0e29d: 27 internal nodes; 0.7 s; peak memory 657 MiB.
2026-10-04T02:49:17Z INFO [1024/1832] 3942544a-78c1-4d45-85d3-0804a9b7fd55: 29 internal nodes; 1.2 s; peak memory 657 MiB.
2026-10-04T02:49:18Z INFO [1025/1832] 39437e6a-46f2-43cd-9297-a0c6c0bde95b: 90 internal nodes; 1.0 s; peak memory 657 MiB.
2026-10-04T02:49:19Z INFO [1026/1832] 39442d6f-8220-4991-8422-255ce5b9324f: 11 internal nodes; 0.5 s; peak memory 657 MiB.
2026-10-04T02:49:20Z INFO [1027/1832] 3944b80c-5f1e-4ed1-aeb2-a6fcc66336fc: 27 internal nodes; 1.0 s; peak memory 657 MiB.
2026-10-04T02:49:29Z INFO [1028/1832] 39459343-22c4-4b02-87ac-fdfff730d181: 271 internal nodes; 8.9 s; peak memory 657 MiB.
2026-10-04T02:49:30Z INFO [1029/1832] 39461cf6-8187-46b8-81b6-c5c205e3f437: 41 internal nodes; 1.2 s; peak memory 657 MiB.
2026-10-04T02:49:45Z INFO [1030/1832] 394631ce-411f-47a8-84e6-3d5a1a3e578e: 136 internal nodes; 15.1 s; peak memory 657 MiB.
2026-10-04T02:49:46Z INFO [1031/1832] 3946965b-3507-4f48-a4d0-61a6467083e3: 28 internal nodes; 0.7 s; peak memory 657 MiB.
2026-10-04T02:49:51Z INFO [1032/1832] 3946dc79-da3a-4041-9f41-ea585f91c708: 274 internal nodes; 5.7 s; peak memory 657 MiB.
2026-10-04T02:49:52Z INFO [1033/1832] 3946e619-494f-4d1c-b394-6a9ee4772501: 17 internal nodes; 0.7 s; peak memory 657 MiB.
2026-10-04T02:49:53Z INFO [1034/1832] 3947d40e-61fb-4c70-8f0b-af8bd6eb53a1: 17 internal nodes; 0.7 s; peak memory 657 MiB.
2026-10-04T02:49:54Z INFO [1035/1832] 394852c3-68d8-4c57-a7a9-c0272b4a97bd: 17 internal nodes; 0.9 s; peak memory 657 MiB.
2026-10-04T02:49:54Z INFO [1036/1832] 394856aa-ee8e-4958-9745-772357b5b051: 17 internal nodes; 0.6 s; peak memory 657 MiB.
2026-10-04T02:49:55Z INFO [1037/1832] 3948755f-378e-4b33-be7d-cb4e2f6b8780: 27 internal nodes; 0.7 s; peak memory 657 MiB.
2026-10-04T02:49:56Z INFO [1038/1832] 39489df0-9d16-4e01-9edb-2f219e228ac8: 17 internal nodes; 0.7 s; peak memory 657 MiB.
2026-10-04T02:49:56Z INFO [1039/1832] 39489fee-c27b-42ad-b727-e49b9fd6fe40: 27 internal nodes; 0.7 s; peak memory 657 MiB.
2026-10-04T02:49:57Z INFO [1040/1832] 3948b0e1-3252-48f3-af14-dd201055b613: 27 internal nodes; 0.9 s; peak memory 657 MiB.
2026-10-04T02:49:58Z INFO [1041/1832] 3948d00c-8c02-4e15-8133-25b2128d25d1: 19 internal nodes; 0.8 s; peak memory 657 MiB.
2026-10-04T02:49:59Z INFO [1042/1832] 39493bcb-584a-4101-a334-6d95ec3a3db7: 119 internal nodes; 0.7 s; peak memory 657 MiB.
2026-10-04T02:50:00Z INFO [1043/1832] 394980a9-d37a-4df5-9d93-f05067001bd2: 22 internal nodes; 0.8 s; peak memory 657 MiB.
2026-10-04T02:50:01Z INFO [1044/1832] 3949bff2-5769-4e33-9382-803142bf07a9: 53 internal nodes; 1.1 s; peak memory 657 MiB.
2026-10-04T02:50:01Z INFO [1045/1832] 394a3938-7678-482c-b20e-7c2b746810a4: 27 internal nodes; 0.8 s; peak memory 657 MiB.
2026-10-04T02:50:02Z INFO [1046/1832] 394a5d7e-7ee2-4ac6-b047-22f53818f9ac: 27 internal nodes; 0.8 s; peak memory 657 MiB.
2026-10-04T02:50:04Z INFO [1047/1832] 394a6158-64c6-4181-82f7-a1e237dde55d: 42 internal nodes; 2.0 s; peak memory 657 MiB.
2026-10-04T02:50:05Z INFO [1048/1832] 394ae246-95e7-4790-8a87-f8dc2b1031c4: 31 internal nodes; 1.1 s; peak memory 657 MiB.
2026-10-04T02:50:06Z INFO [1049/1832] 394b0cd9-9a1d-4711-868b-1a0d54047598: 27 internal nodes; 0.8 s; peak memory 657 MiB.
2026-10-04T02:50:07Z INFO [1050/1832] 394b14f6-29af-4426-896b-8641a3f1a170: 17 internal nodes; 0.8 s; peak memory 657 MiB.
2026-10-04T02:50:07Z INFO [1050/1832] 394b14f6-29af-4426-896b-8641a3f1a170: checkpointed 74570 records.
2026-10-04T02:50:08Z INFO [1051/1832] 394b1f7e-e4ac-4f40-90ae-7c9cc1fca35d: 17 internal nodes; 0.6 s; peak memory 657 MiB.
2026-10-04T02:50:12Z INFO [1052/1832] 394bace0-81c3-46d1-9126-0763e4e924c5: 177 internal nodes; 4.5 s; peak memory 657 MiB.
2026-10-04T02:50:14Z INFO [1053/1832] 394c5fe7-9d83-45a9-a821-3ead264d1350: 40 internal nodes; 2.0 s; peak memory 657 MiB.
2026-10-04T02:50:15Z INFO [1054/1832] 394e64ae-e2de-42ff-990e-cb25f56f4ebc: 17 internal nodes; 0.6 s; peak memory 657 MiB.
2026-10-04T02:50:16Z INFO [1055/1832] 394e8272-cac9-4bc2-8519-6d5315734f19: 25 internal nodes; 1.0 s; peak memory 657 MiB.
2026-10-04T02:50:17Z INFO [1056/1832] 394e8c76-5c30-4d18-ac33-e9ef2f43153d: 31 internal nodes; 1.1 s; peak memory 657 MiB.
2026-10-04T02:50:18Z INFO [1057/1832] 394faf8d-717d-431d-a78d-dd62a0860e6c: 27 internal nodes; 0.8 s; peak memory 657 MiB.
2026-10-04T02:50:19Z INFO [1058/1832] 395157f0-a5df-4888-8fae-43cf198f1701: 30 internal nodes; 1.0 s; peak memory 657 MiB.
2026-10-04T02:50:19Z INFO [1059/1832] 39521c4e-d249-42c1-b589-e2dcb74b312b: 27 internal nodes; 0.5 s; peak memory 657 MiB.
2026-10-04T02:50:20Z INFO [1060/1832] 395289ec-5aed-405c-953e-07e57a146087: 17 internal nodes; 0.6 s; peak memory 657 MiB.
2026-10-04T02:50:21Z INFO [1061/1832] 39534fc4-7bca-4c23-b591-75ab84513b3d: 17 internal nodes; 0.9 s; peak memory 657 MiB.
2026-10-04T02:50:21Z INFO [1062/1832] 3953e578-457f-49c2-88df-54b94483b045: 17 internal nodes; 0.7 s; peak memory 657 MiB.
2026-10-04T02:50:22Z INFO [1063/1832] 3954292e-c177-4771-baee-c74e3e50eebe: 19 internal nodes; 0.9 s; peak memory 657 MiB.
2026-10-04T02:50:23Z INFO [1064/1832] 395455df-078e-4273-90d4-ea7cf142650a: 17 internal nodes; 0.7 s; peak memory 657 MiB.
2026-10-04T02:50:25Z INFO [1065/1832] 395479d4-c377-4a0e-9935-fe109a82da56: 44 internal nodes; 2.2 s; peak memory 657 MiB.
2026-10-04T02:50:25Z INFO [1066/1832] 39557497-4b66-4085-b352-c7a5c5e562df: 11 internal nodes; 0.3 s; peak memory 657 MiB.
2026-10-04T02:50:27Z INFO [1067/1832] 395751b2-0b03-40ce-ad7c-ea92ad27af87: 44 internal nodes; 1.9 s; peak memory 657 MiB.
2026-10-04T02:50:28Z INFO [1068/1832] 3957e2f1-2990-4717-ae38-6a4ef5721130: 25 internal nodes; 0.7 s; peak memory 657 MiB.
2026-10-04T02:50:29Z INFO [1069/1832] 39580272-23ee-43ac-bfcc-7892367b86e0: 26 internal nodes; 1.2 s; peak memory 657 MiB.
2026-10-04T02:50:30Z INFO [1070/1832] 3958b1c1-40cb-46f3-9b3a-10744a3caadd: 19 internal nodes; 0.8 s; peak memory 657 MiB.
2026-10-04T02:50:31Z INFO [1071/1832] 3958bf26-2133-49b0-b347-8a618fca0fed: 26 internal nodes; 0.8 s; peak memory 657 MiB.
2026-10-04T02:50:32Z INFO [1072/1832] 3959223e-4a6d-424f-8aad-b879bd8f0988: 55 internal nodes; 1.0 s; peak memory 657 MiB.
2026-10-04T02:50:33Z INFO [1073/1832] 3959277e-9aa2-42b7-a211-dfa946c02308: 30 internal nodes; 1.2 s; peak memory 657 MiB.
2026-10-04T02:50:34Z INFO [1074/1832] 39592be2-1a49-4f5c-8897-9cce48d90c10: 31 internal nodes; 0.9 s; peak memory 657 MiB.
2026-10-04T02:50:35Z INFO [1075/1832] 39594fc6-f307-46d7-8921-398496eb2d4d: 31 internal nodes; 1.0 s; peak memory 657 MiB.
2026-10-04T02:50:36Z INFO [1076/1832] 3959a003-4cb0-45a6-bd0b-05d85dfcd1a9: 31 internal nodes; 1.2 s; peak memory 657 MiB.
2026-10-04T02:50:37Z INFO [1077/1832] 3959cb0b-8fa5-4853-a760-c6d131416442: 17 internal nodes; 0.8 s; peak memory 657 MiB.
2026-10-04T02:50:38Z INFO [1078/1832] 3959f93b-f173-4f21-b266-e623505b826f: 59 internal nodes; 1.1 s; peak memory 657 MiB.
2026-10-04T02:50:39Z INFO [1079/1832] 395a4282-5d14-43ca-a67d-03311b25412c: 28 internal nodes; 0.9 s; peak memory 657 MiB.
2026-10-04T02:50:40Z INFO [1080/1832] 395ac3a6-53f4-41fa-aa42-c2cf419e389b: 31 internal nodes; 1.1 s; peak memory 657 MiB.
2026-10-04T02:50:41Z INFO [1081/1832] 395cb414-44c8-40aa-a19f-5d914ca3703b: 23 internal nodes; 0.6 s; peak memory 657 MiB.
2026-10-04T02:50:41Z INFO [1082/1832] 395cd089-541a-4267-ae3c-ac7fa65a2cb6: 17 internal nodes; 0.6 s; peak memory 657 MiB.
2026-10-04T02:50:42Z INFO [1083/1832] 395d5a1c-3fc2-447d-b054-8f3562c9c340: 27 internal nodes; 0.9 s; peak memory 657 MiB.
2026-10-04T02:50:43Z INFO [1084/1832] 395dcd07-fa2e-40f0-8f72-349ee7e3cff7: 26 internal nodes; 0.6 s; peak memory 657 MiB.
2026-10-04T02:50:43Z INFO [1085/1832] 395dde58-d50c-4372-b594-fd92c76c47a3: 17 internal nodes; 0.7 s; peak memory 657 MiB.
2026-10-04T02:50:51Z INFO [1086/1832] 395df427-43a5-4516-87a1-8b276b56a71b: 190 internal nodes; 7.4 s; peak memory 657 MiB.
2026-10-04T02:50:52Z INFO [1087/1832] 395e0784-9f7d-46a5-973c-4130e1da21c6: 11 internal nodes; 1.0 s; peak memory 657 MiB.
2026-10-04T02:50:53Z INFO [1088/1832] 395e5582-9394-49c1-83b6-19e1899df92d: 27 internal nodes; 0.9 s; peak memory 657 MiB.
2026-10-04T02:50:54Z INFO [1089/1832] 395e7624-ddad-4770-9e4e-c854732cd3d0: 27 internal nodes; 1.0 s; peak memory 657 MiB.
2026-10-04T02:51:59Z INFO [1090/1832] 395f193c-cd06-4a69-b2e1-89a71218178a: 737 internal nodes; 65.1 s; peak memory 657 MiB.
2026-10-04T02:51:59Z INFO [1091/1832] 395f97ae-d57c-4a9c-b115-b897a8c40077: 17 internal nodes; 0.7 s; peak memory 657 MiB.
2026-10-04T02:52:00Z INFO [1092/1832] 39602ed3-f45e-4280-8708-8f69f615d5b5: 17 internal nodes; 0.7 s; peak memory 657 MiB.
2026-10-04T02:52:04Z INFO [1093/1832] 39603a61-3c08-46c7-8b83-ba3df04e40a8: 100 internal nodes; 4.3 s; peak memory 657 MiB.
2026-10-04T02:52:05Z INFO [1094/1832] 39615d8e-bd90-481b-86ff-116fa3ff1963: 22 internal nodes; 0.6 s; peak memory 657 MiB.
2026-10-04T02:52:06Z INFO [1095/1832] 3962a991-5d0f-47bd-ad44-8b991bf9336c: 19 internal nodes; 1.0 s; peak memory 657 MiB.
2026-10-04T02:52:08Z INFO [1096/1832] 3964acc5-2ccf-4bed-9a0f-f9e5961a9d87: 37 internal nodes; 2.5 s; peak memory 657 MiB.
2026-10-04T02:52:09Z INFO [1097/1832] 3965152d-d953-46f6-814b-30eb23cdfd17: 17 internal nodes; 0.9 s; peak memory 657 MiB.
2026-10-04T02:52:10Z INFO [1098/1832] 39657e8c-2a35-4482-a516-5c4b62205105: 17 internal nodes; 0.6 s; peak memory 657 MiB.
2026-10-04T02:52:11Z INFO [1099/1832] 39686699-d133-4dd5-b75a-0e177dafa198: 27 internal nodes; 0.8 s; peak memory 657 MiB.
2026-10-04T02:52:12Z INFO [1100/1832] 3968811a-ad9c-4ffa-ba8a-8b4887a9573c: 37 internal nodes; 1.2 s; peak memory 657 MiB.
2026-10-04T02:52:12Z INFO [1100/1832] 3968811a-ad9c-4ffa-ba8a-8b4887a9573c: checkpointed 74620 records.
2026-10-04T02:52:13Z INFO [1101/1832] 39690ee2-7014-48e1-8968-e87384dfc5e5: 56 internal nodes; 1.2 s; peak memory 657 MiB.
2026-10-04T02:52:14Z INFO [1102/1832] 3969b542-4cc7-4352-95e8-c354aa206acf: 11 internal nodes; 0.4 s; peak memory 657 MiB.
2026-10-04T02:52:14Z INFO [1103/1832] 3969db24-a10b-484d-a6c6-f8acc25221ce: 17 internal nodes; 0.8 s; peak memory 657 MiB.
2026-10-04T02:52:15Z INFO [1104/1832] 396be27f-ae1f-4009-8510-e54eb827f8df: 17 internal nodes; 0.7 s; peak memory 657 MiB.
2026-10-04T02:52:16Z INFO [1105/1832] 396c68d8-8c03-47f4-8341-ef84cdf3b604: 29 internal nodes; 1.0 s; peak memory 657 MiB.
2026-10-04T02:52:19Z INFO [1106/1832] 396ce608-85ed-4fb1-9f30-eb2aec83ab2f: 86 internal nodes; 2.6 s; peak memory 657 MiB.
2026-10-04T02:52:23Z INFO [1107/1832] 396e3c1e-e805-42ae-a2d0-7dbcedf9a86e: 54 internal nodes; 4.4 s; peak memory 657 MiB.
2026-10-04T02:52:24Z INFO [1108/1832] 396e5ca1-6e8c-4514-88bb-d0094a7b1f5c: 61 internal nodes; 1.1 s; peak memory 657 MiB.
2026-10-04T02:52:26Z INFO [1109/1832] 396f2a3b-f84d-4d08-b693-43d19042b015: 44 internal nodes; 1.5 s; peak memory 657 MiB.
2026-10-04T02:52:26Z INFO [1110/1832] 39705f32-f142-44da-89bf-6d424bc575f2: 23 internal nodes; 0.7 s; peak memory 657 MiB.
2026-10-04T02:52:28Z INFO [1111/1832] 39707e6a-18af-4e40-81d8-7ca8b6fd90d5: 63 internal nodes; 2.0 s; peak memory 657 MiB.
2026-10-04T02:52:30Z INFO [1112/1832] 3970e4cd-6065-4e17-89b8-76fd3e91fcc2: 43 internal nodes; 2.1 s; peak memory 657 MiB.
2026-10-04T02:52:31Z INFO [1113/1832] 397114c2-3b63-4863-88e5-1753834914c8: 13 internal nodes; 0.7 s; peak memory 657 MiB.
2026-10-04T02:52:32Z INFO [1114/1832] 39712691-848c-4c56-9cd0-5272501e3ff6: 27 internal nodes; 0.8 s; peak memory 657 MiB.
2026-10-04T02:52:33Z INFO [1115/1832] 39723d73-3a74-4e00-bf95-8ab351dea136: 23 internal nodes; 0.7 s; peak memory 657 MiB.
2026-10-04T02:52:34Z INFO [1116/1832] 39729078-684a-425b-b147-1422fde041c7: 27 internal nodes; 1.8 s; peak memory 657 MiB.
2026-10-04T02:52:36Z INFO [1117/1832] 39730bed-3e09-4e86-8590-c9b7ff3ccd57: 31 internal nodes; 1.1 s; peak memory 657 MiB.
2026-10-04T02:52:36Z INFO [1118/1832] 39736288-c2b5-46d1-a9af-3d2049e37528: 11 internal nodes; 0.5 s; peak memory 657 MiB.
2026-10-04T02:52:37Z INFO [1119/1832] 39738cbf-1358-4991-971f-ef378a87cd90: 27 internal nodes; 0.8 s; peak memory 657 MiB.
2026-10-04T02:52:38Z INFO [1120/1832] 3973b881-44a7-4435-9fe6-d11de7ef50ac: 27 internal nodes; 0.9 s; peak memory 657 MiB.
2026-10-04T02:52:39Z INFO [1121/1832] 39741d90-8358-46e9-8f35-e7e563fac08c: 19 internal nodes; 0.8 s; peak memory 657 MiB.
2026-10-04T02:52:40Z INFO [1122/1832] 397437f9-df34-40a2-9d23-af56c484e6ee: 63 internal nodes; 1.1 s; peak memory 657 MiB.
2026-10-04T02:52:40Z INFO [1123/1832] 39756734-baee-45cc-b400-6e72d12211be: 26 internal nodes; 0.7 s; peak memory 657 MiB.
2026-10-04T02:52:41Z INFO [1124/1832] 39761596-765b-4540-a96e-1d04c0dd466b: 90 internal nodes; 1.0 s; peak memory 657 MiB.
2026-10-04T02:52:42Z INFO [1125/1832] 3976395e-a6d1-4746-96f0-3632fb4e83db: 17 internal nodes; 0.8 s; peak memory 657 MiB.
2026-10-04T02:52:44Z INFO [1126/1832] 39769041-b254-45c3-be4a-9c38fdd9dfbf: 27 internal nodes; 1.3 s; peak memory 657 MiB.
2026-10-04T02:52:45Z INFO [1127/1832] 3977630d-c764-4a27-8bf8-f9f0a54cab2b: 37 internal nodes; 1.5 s; peak memory 657 MiB.
2026-10-04T02:52:46Z INFO [1128/1832] 3977678c-8741-4a56-a71f-99ecc9c454b8: 27 internal nodes; 1.1 s; peak memory 657 MiB.
2026-10-04T02:52:47Z INFO [1129/1832] 397991b8-125f-4f28-adc4-c8f2b92976dc: 27 internal nodes; 0.9 s; peak memory 657 MiB.
2026-10-04T02:52:48Z INFO [1130/1832] 3979d5fe-1df2-465b-b276-e29aab6ac102: 54 internal nodes; 0.9 s; peak memory 657 MiB.
2026-10-04T02:52:50Z INFO [1131/1832] 3979d7c5-3e07-4558-bf8e-280ca131439b: 42 internal nodes; 1.8 s; peak memory 657 MiB.
2026-10-04T02:52:51Z INFO [1132/1832] 397a37dd-54ac-4b92-8807-fb94a39a9aa7: 27 internal nodes; 1.0 s; peak memory 657 MiB.
2026-10-04T02:52:52Z INFO [1133/1832] 397a6a4c-06a4-473e-871b-a1f223948a91: 23 internal nodes; 1.0 s; peak memory 657 MiB.
2026-10-04T02:52:53Z INFO [1134/1832] 397a7ea3-462d-46a1-84ba-87aa4be80495: 115 internal nodes; 0.8 s; peak memory 657 MiB.
2026-10-04T02:53:39Z INFO [1135/1832] 397a80c9-0419-4ade-ba7d-97d5c81bcaa2: 3632 internal nodes; 46.4 s; peak memory 657 MiB.
2026-10-04T02:53:40Z INFO [1136/1832] 397aa01d-2511-4e2f-9971-322a8a6ef2c0: 31 internal nodes; 1.1 s; peak memory 657 MiB.
2026-10-04T02:53:41Z INFO [1137/1832] 397aa117-6cf5-4baf-8923-a33e2441993f: 31 internal nodes; 1.1 s; peak memory 657 MiB.
2026-10-04T02:53:42Z INFO [1138/1832] 397c4666-f2ba-4938-9cd1-a37ab9c24514: 27 internal nodes; 0.9 s; peak memory 657 MiB.
2026-10-04T02:53:43Z INFO [1139/1832] 397dad4a-7219-4bc8-a9c1-e0ca2ef60c41: 19 internal nodes; 0.7 s; peak memory 657 MiB.
2026-10-04T02:53:45Z INFO [1140/1832] 397daf9b-860b-49d2-82a2-78ddb0ddeff7: 59 internal nodes; 1.6 s; peak memory 657 MiB.
2026-10-04T02:53:45Z INFO [1141/1832] 397e8552-cf34-426f-a650-99e8b0960ade: 90 internal nodes; 0.6 s; peak memory 657 MiB.
2026-10-04T02:53:46Z INFO [1142/1832] 397ea4f1-c593-4331-9cfb-55a8e0bddc3d: 27 internal nodes; 0.6 s; peak memory 657 MiB.
2026-10-04T02:53:50Z INFO [1143/1832] 397ea53e-c13b-44d3-8c2e-cf4835fd8243: 142 internal nodes; 4.3 s; peak memory 657 MiB.
2026-10-04T02:53:51Z INFO [1144/1832] 397eac7a-305d-4d2e-b055-a6381418c6dd: 72 internal nodes; 1.3 s; peak memory 657 MiB.
2026-10-04T02:53:52Z INFO [1145/1832] 397f90d5-ac64-4ea3-a31d-35732a30796e: 27 internal nodes; 0.8 s; peak memory 657 MiB.
2026-10-04T02:53:54Z INFO [1146/1832] 39808ab2-bdef-4350-89b1-b07a5e230d72: 83 internal nodes; 2.3 s; peak memory 657 MiB.
2026-10-04T02:54:05Z INFO [1147/1832] 3981149a-25b2-4ccf-82af-6e487b68e758: 319 internal nodes; 11.0 s; peak memory 657 MiB.
2026-10-04T02:54:08Z INFO [1148/1832] 39819af3-ef80-44f0-903e-8768e7186147: 45 internal nodes; 2.2 s; peak memory 657 MiB.
2026-10-04T02:54:08Z INFO [1149/1832] 3981e4c2-3e16-46fd-b466-3fa00cd77b53: 27 internal nodes; 0.8 s; peak memory 657 MiB.
2026-10-04T02:54:09Z INFO [1150/1832] 3981eb6c-ff2f-4143-9923-286661c03bb7: 27 internal nodes; 0.8 s; peak memory 657 MiB.
2026-10-04T02:54:09Z INFO [1150/1832] 3981eb6c-ff2f-4143-9923-286661c03bb7: checkpointed 74670 records.
2026-10-04T02:54:10Z INFO [1151/1832] 398369a5-6472-4829-aa2b-fa8c35ea91d7: 13 internal nodes; 0.6 s; peak memory 657 MiB.
2026-10-04T02:54:11Z INFO [1152/1832] 3983ac0a-84e3-4d8a-ae47-c973e30993b9: 31 internal nodes; 1.1 s; peak memory 657 MiB.
2026-10-04T02:54:12Z INFO [1153/1832] 3983cbe8-be23-4e81-bc84-6b22b9d0b749: 19 internal nodes; 0.7 s; peak memory 657 MiB.
2026-10-04T02:54:14Z INFO [1154/1832] 3983f417-9d9e-43a6-9f2f-e450ed72eafa: 44 internal nodes; 2.1 s; peak memory 657 MiB.
2026-10-04T02:54:15Z INFO [1155/1832] 398489db-9608-4616-98dd-35ac798f99f1: 31 internal nodes; 1.1 s; peak memory 657 MiB.
2026-10-04T02:54:16Z INFO [1156/1832] 398518a5-7ef4-4464-91b2-f1b4ec300909: 31 internal nodes; 0.8 s; peak memory 657 MiB.
2026-10-04T02:54:16Z INFO [1157/1832] 3985d3a1-8af7-4932-a30d-714671759d14: 17 internal nodes; 0.6 s; peak memory 657 MiB.
2026-10-04T02:54:18Z INFO [1158/1832] 39861130-e802-4b37-9768-a96dc2508555: 65 internal nodes; 1.5 s; peak memory 657 MiB.
2026-10-04T02:54:19Z INFO [1159/1832] 398649f3-92ee-475e-8c61-603f4b8ed645: 17 internal nodes; 0.6 s; peak memory 657 MiB.
2026-10-04T02:54:19Z INFO [1160/1832] 398a6557-731c-4377-836d-eca6f5915800: 17 internal nodes; 0.8 s; peak memory 657 MiB.
2026-10-04T02:54:20Z INFO [1161/1832] 398cc561-6868-4c7f-bb2f-37d8c904d0e2: 17 internal nodes; 0.9 s; peak memory 657 MiB.
2026-10-04T02:54:21Z INFO [1162/1832] 398cf8f5-9c9d-4403-9402-47c083f88da5: 27 internal nodes; 0.9 s; peak memory 657 MiB.
2026-10-04T02:54:22Z INFO [1163/1832] 398db007-6877-4b17-93ce-6a4856ee9b8f: 17 internal nodes; 0.8 s; peak memory 657 MiB.
2026-10-04T02:54:23Z INFO [1164/1832] 398dbc96-44e2-423b-a8ce-a5d0f946b4f6: 31 internal nodes; 1.2 s; peak memory 657 MiB.
2026-10-04T02:54:24Z INFO [1165/1832] 398dca3c-7d54-47cc-88d3-86483c75aaad: 26 internal nodes; 0.5 s; peak memory 657 MiB.
2026-10-04T02:54:25Z INFO [1166/1832] 398dd606-f865-469d-a55c-db5e366eaac7: 17 internal nodes; 0.9 s; peak memory 657 MiB.
2026-10-04T02:54:25Z INFO [1167/1832] 398df8ce-2a31-453b-a316-cbc0a8bc7e47: 17 internal nodes; 0.7 s; peak memory 657 MiB.
2026-10-04T02:54:26Z INFO [1168/1832] 398fe196-7e51-412b-ab61-092507f82968: 37 internal nodes; 0.8 s; peak memory 657 MiB.
2026-10-04T02:54:27Z INFO [1169/1832] 3990b870-e7d3-4427-acd3-a9287e5d11c0: 116 internal nodes; 0.6 s; peak memory 657 MiB.
2026-10-04T02:54:27Z INFO [1170/1832] 3991f6d6-17ea-4344-83e1-aac9306b3c66: 25 internal nodes; 0.8 s; peak memory 657 MiB.
2026-10-04T02:54:28Z INFO [1171/1832] 39923c6b-0e4c-4c4b-9bcb-077975a35876: 17 internal nodes; 0.8 s; peak memory 657 MiB.
2026-10-04T02:54:29Z INFO [1172/1832] 39925d4e-596b-4539-906b-da77d14486bb: 31 internal nodes; 1.1 s; peak memory 657 MiB.
2026-10-04T02:54:32Z INFO [1173/1832] 39939765-70cf-419c-a7de-1d3d7975a00d: 46 internal nodes; 2.2 s; peak memory 657 MiB.
2026-10-04T02:54:33Z INFO [1174/1832] 3993fae3-1729-49fb-a1ab-895e3f39c2f2: 27 internal nodes; 0.9 s; peak memory 657 MiB.
2026-10-04T02:54:34Z INFO [1175/1832] 399423f8-2cb2-463f-a5dd-4d1d5d7a9772: 60 internal nodes; 1.2 s; peak memory 657 MiB.
2026-10-04T02:54:36Z INFO [1176/1832] 399424c6-aab2-4309-8414-1900424cbb21: 41 internal nodes; 2.5 s; peak memory 657 MiB.
2026-10-04T02:54:37Z INFO [1177/1832] 39943ae7-796c-4b5b-9f96-36dd68cc2bc3: 27 internal nodes; 0.9 s; peak memory 657 MiB.
2026-10-04T02:54:38Z INFO [1178/1832] 39953643-2218-4a2f-a2dd-c73bbc78cd11: 67 internal nodes; 1.2 s; peak memory 657 MiB.
2026-10-04T02:54:45Z INFO [1179/1832] 399626c8-6fd8-4ade-97fa-a8d4f62dcf1a: 505 internal nodes; 6.3 s; peak memory 657 MiB.
2026-10-04T02:54:45Z INFO [1180/1832] 3996639d-30ea-4a60-9738-7d19ea9696ec: 17 internal nodes; 0.7 s; peak memory 657 MiB.
2026-10-04T02:54:46Z INFO [1181/1832] 399698f5-fccc-44ef-a721-914e8b89438b: 17 internal nodes; 0.8 s; peak memory 657 MiB.
2026-10-04T02:54:47Z INFO [1182/1832] 3996e2d4-095a-4572-aa41-c74243a17219: 19 internal nodes; 0.9 s; peak memory 657 MiB.
2026-10-04T02:54:48Z INFO [1183/1832] 39978057-1534-4398-9aaf-cb9b2aea19c7: 17 internal nodes; 0.7 s; peak memory 657 MiB.
2026-10-04T02:54:50Z INFO [1184/1832] 3998b3a7-983c-4be9-b0eb-b12438aca311: 103 internal nodes; 2.7 s; peak memory 657 MiB.
2026-10-04T02:54:51Z INFO [1185/1832] 3998babd-c164-41c0-9fa3-b317d72f4c5d: 17 internal nodes; 0.8 s; peak memory 657 MiB.
2026-10-04T02:54:52Z INFO [1186/1832] 39991310-3d5f-46ac-bda9-e39da6d7d447: 17 internal nodes; 0.7 s; peak memory 657 MiB.
2026-10-04T02:54:53Z INFO [1187/1832] 399945ca-0497-47b2-9cc4-4dfc87a7056b: 31 internal nodes; 0.9 s; peak memory 657 MiB.
2026-10-04T02:54:53Z INFO [1188/1832] 39994fa6-6e99-4e6a-ac73-68ac25b6aa5d: 11 internal nodes; 0.5 s; peak memory 657 MiB.
2026-10-04T02:54:54Z INFO [1189/1832] 39998659-d999-4883-9b03-e6715fda9674: 17 internal nodes; 0.8 s; peak memory 657 MiB.
2026-10-04T02:54:55Z INFO [1190/1832] 3999fee9-5de0-495e-bc06-6f0a9851313a: 19 internal nodes; 0.8 s; peak memory 657 MiB.
2026-10-04T02:54:56Z INFO [1191/1832] 399a9cd7-e66f-4b0e-8f2f-b824527f9d4c: 27 internal nodes; 0.9 s; peak memory 657 MiB.
2026-10-04T02:54:57Z INFO [1192/1832] 399c0daa-7f2c-472c-964e-641bc58329c8: 66 internal nodes; 0.9 s; peak memory 657 MiB.
2026-10-04T02:54:58Z INFO [1193/1832] 399d4d38-658e-44f6-95b5-bb1d1d9e89ec: 26 internal nodes; 0.9 s; peak memory 657 MiB.
2026-10-04T02:54:59Z INFO [1194/1832] 399d9883-040c-407d-bce0-5e3393fa88fa: 31 internal nodes; 1.3 s; peak memory 657 MiB.
2026-10-04T02:55:00Z INFO [1195/1832] 399da092-281d-4848-8052-cb9156845f03: 27 internal nodes; 0.7 s; peak memory 657 MiB.
2026-10-04T02:55:07Z INFO [1196/1832] 399ddcd3-0b0d-4e15-bada-bb5fdf33e5d5: 67 internal nodes; 7.7 s; peak memory 657 MiB.
2026-10-04T02:55:09Z INFO [1197/1832] 399e30be-f9aa-4329-85cb-6bee922be085: 44 internal nodes; 2.1 s; peak memory 657 MiB.
2026-10-04T02:55:14Z INFO [1198/1832] 399f3b2c-192d-4db0-9c58-2bdd7801bb26: 177 internal nodes; 4.3 s; peak memory 657 MiB.
2026-10-04T02:55:15Z INFO [1199/1832] 39a0878f-97cd-449f-b48a-d5f3d71e87c4: 55 internal nodes; 1.1 s; peak memory 657 MiB.
2026-10-04T02:55:16Z INFO [1200/1832] 39a092c9-d6d0-4d26-8ebd-4e7ff04a6c7a: 44 internal nodes; 1.5 s; peak memory 657 MiB.
2026-10-04T02:55:16Z INFO [1200/1832] 39a092c9-d6d0-4d26-8ebd-4e7ff04a6c7a: checkpointed 74720 records.
2026-10-04T02:55:19Z INFO [1201/1832] 39a16e19-6c03-4e58-a8aa-9b5341a9314e: 45 internal nodes; 2.6 s; peak memory 657 MiB.
2026-10-04T02:55:20Z INFO [1202/1832] 39a23659-4aa6-46f1-a773-7225a560ceb6: 13 internal nodes; 0.6 s; peak memory 657 MiB.
2026-10-04T02:55:20Z INFO [1203/1832] 39a3f633-cdc6-42b9-bd9e-b83401fbfef3: 31 internal nodes; 0.7 s; peak memory 657 MiB.
2026-10-04T02:55:21Z INFO [1204/1832] 39a48e9f-2883-4392-9c9d-af4bf8326bba: 24 internal nodes; 1.1 s; peak memory 657 MiB.
2026-10-04T02:55:22Z INFO [1205/1832] 39a6d994-e2ac-4f0d-b6f9-a3bda5039540: 19 internal nodes; 0.5 s; peak memory 657 MiB.
2026-10-04T02:55:23Z INFO [1206/1832] 39a6da4b-f6dc-4471-971d-76a0084d33e6: 13 internal nodes; 0.6 s; peak memory 657 MiB.
2026-10-04T02:55:24Z INFO [1207/1832] 39a6db2d-2dda-4cf9-809f-c7e2d2963660: 41 internal nodes; 1.9 s; peak memory 657 MiB.
2026-10-04T02:55:29Z INFO [1208/1832] 39a7149d-a799-454f-a32b-c7fc726856aa: 40 internal nodes; 4.9 s; peak memory 657 MiB.
2026-10-04T02:55:30Z INFO [1209/1832] 39a7c6c2-1dad-4e84-aae8-c1b4c468095e: 11 internal nodes; 0.5 s; peak memory 657 MiB.
2026-10-04T02:55:33Z INFO [1210/1832] 39a80c6d-b0d0-45f9-9bbb-56e6a2452359: 41 internal nodes; 2.8 s; peak memory 657 MiB.
2026-10-04T02:55:33Z INFO [1211/1832] 39a9a1a3-4b70-45d0-a6e6-7a261f391b0c: 27 internal nodes; 0.8 s; peak memory 657 MiB.
2026-10-04T02:55:34Z INFO [1212/1832] 39a9d121-0171-40c1-9172-6092ca18045f: 23 internal nodes; 0.7 s; peak memory 657 MiB.
2026-10-04T02:55:35Z INFO [1213/1832] 39a9e021-0f96-495d-82de-d7483b6117cc: 27 internal nodes; 0.7 s; peak memory 657 MiB.
2026-10-04T02:55:35Z INFO [1214/1832] 39aa2918-7368-4981-a79f-71bdd1206cff: 11 internal nodes; 0.4 s; peak memory 657 MiB.
2026-10-04T02:55:36Z INFO [1215/1832] 39aa6a42-0802-49bc-85de-e330f384210d: 11 internal nodes; 0.5 s; peak memory 657 MiB.
2026-10-04T02:55:36Z INFO [1216/1832] 39abb2d9-16cd-44cc-be62-394798cef077: 24 internal nodes; 0.7 s; peak memory 657 MiB.
2026-10-04T02:55:37Z INFO [1217/1832] 39ac8fc0-272b-44f2-b822-7ea2f32ce50f: 27 internal nodes; 0.9 s; peak memory 657 MiB.
2026-10-04T02:55:39Z INFO [1218/1832] 39accbc4-232c-4357-ad88-fec7dcea755c: 62 internal nodes; 1.3 s; peak memory 657 MiB.
2026-10-04T02:55:40Z INFO [1219/1832] 39ad2b79-115a-4458-a926-526b3cc6dfa6: 59 internal nodes; 1.2 s; peak memory 657 MiB.
2026-10-04T02:55:44Z INFO [1220/1832] 39aeb7ee-c38f-4e15-9b93-669fb8e917c3: 124 internal nodes; 4.3 s; peak memory 657 MiB.
2026-10-04T02:55:45Z INFO [1221/1832] 39af74a6-951d-46ce-ae68-3cd108c42555: 31 internal nodes; 1.1 s; peak memory 657 MiB.
2026-10-04T02:55:46Z INFO [1222/1832] 39afbe7c-e25a-4565-ab26-fe20ad39c5aa: 53 internal nodes; 1.2 s; peak memory 657 MiB.
2026-10-04T02:55:47Z INFO [1223/1832] 39b04a3e-aecd-4fa7-8524-63d51d0a4334: 53 internal nodes; 1.0 s; peak memory 657 MiB.
2026-10-04T02:55:48Z INFO [1224/1832] 39b0a0aa-45d1-4c17-8d13-b3a16314545d: 17 internal nodes; 0.7 s; peak memory 657 MiB.
2026-10-04T02:55:49Z INFO [1225/1832] 39b0bb33-8034-4edd-b2a3-bbe45a68124e: 31 internal nodes; 1.0 s; peak memory 657 MiB.
2026-10-04T02:55:50Z INFO [1226/1832] 39b16d57-a6aa-4cb4-9666-bbbdcfd3e939: 17 internal nodes; 0.8 s; peak memory 657 MiB.
2026-10-04T02:55:51Z INFO [1227/1832] 39b23892-cf73-46b2-a8da-14e25efc60ed: 30 internal nodes; 1.0 s; peak memory 657 MiB.
2026-10-04T02:55:52Z INFO [1228/1832] 39b2bf3d-b9ae-4c5f-b240-edce7e1e942f: 17 internal nodes; 0.8 s; peak memory 657 MiB.
2026-10-04T02:55:53Z INFO [1229/1832] 39b4dfb1-7085-40df-a46d-3c8eb7767fe9: 27 internal nodes; 0.9 s; peak memory 657 MiB.
2026-10-04T02:55:56Z INFO [1230/1832] 39b54c54-3a66-4de5-a862-cce4ebd9fb2b: 73 internal nodes; 3.5 s; peak memory 657 MiB.
2026-10-04T02:55:57Z INFO [1231/1832] 39b6320f-dbc8-4537-9738-f10afe794413: 31 internal nodes; 1.2 s; peak memory 657 MiB.
2026-10-04T02:55:58Z INFO [1232/1832] 39b66277-266d-40e7-a25b-f70857d59b01: 27 internal nodes; 0.8 s; peak memory 657 MiB.
2026-10-04T02:55:59Z INFO [1233/1832] 39b676d9-3200-4bed-9606-8547ab6134c7: 17 internal nodes; 0.7 s; peak memory 657 MiB.
2026-10-04T02:56:00Z INFO [1234/1832] 39b6eeab-2d2e-4416-a5c0-ee9fd5840bad: 27 internal nodes; 0.7 s; peak memory 657 MiB.
2026-10-04T02:56:00Z INFO [1235/1832] 39b7b704-6e3b-4c52-86fb-0658e8c71a17: 28 internal nodes; 0.6 s; peak memory 657 MiB.
2026-10-04T02:56:01Z INFO [1236/1832] 39b81fc6-419e-4561-ae14-385a630b6469: 27 internal nodes; 1.1 s; peak memory 657 MiB.
2026-10-04T02:56:02Z INFO [1237/1832] 39b8d078-6e5b-458f-85a6-49571b0c4238: 17 internal nodes; 0.7 s; peak memory 657 MiB.
2026-10-04T02:56:07Z INFO [1238/1832] 39b8f437-2e68-4a89-99c8-568815e19aba: 140 internal nodes; 4.7 s; peak memory 657 MiB.
2026-10-04T02:57:03Z INFO [1239/1832] 39b92412-6315-4c56-b67a-ea4890332353: 9929 internal nodes; 56.5 s; peak memory 657 MiB.
2026-10-04T02:57:04Z INFO [1240/1832] 39ba5750-39e2-45c7-81dd-3b6e2f9e9d16: 117 internal nodes; 0.8 s; peak memory 657 MiB.
2026-10-04T02:57:05Z INFO [1241/1832] 39bb78bd-a968-4ec1-a919-99e34663ff5f: 58 internal nodes; 0.8 s; peak memory 657 MiB.
2026-10-04T02:57:05Z INFO [1242/1832] 39bc56d9-ffe1-4010-b94f-2454383bf759: 17 internal nodes; 0.8 s; peak memory 657 MiB.
2026-10-04T02:57:06Z INFO [1243/1832] 39bc87b9-74d8-47d2-bb17-b294ac443ebb: 13 internal nodes; 0.7 s; peak memory 657 MiB.
2026-10-04T02:57:08Z INFO [1244/1832] 39bddaed-dd97-4044-9e9c-299f03c84b5c: 44 internal nodes; 1.6 s; peak memory 657 MiB.
2026-10-04T02:57:09Z INFO [1245/1832] 39be0e48-a75c-4af5-a541-b69f5681950d: 31 internal nodes; 0.9 s; peak memory 657 MiB.
2026-10-04T02:57:10Z INFO [1246/1832] 39be3535-7ac1-4bac-be3b-bcc0cfe6311f: 63 internal nodes; 1.1 s; peak memory 657 MiB.
2026-10-04T02:57:10Z INFO [1247/1832] 39be3f70-5ee7-4f4f-8d49-828ddc841882: 17 internal nodes; 0.7 s; peak memory 657 MiB.
2026-10-04T02:57:11Z INFO [1248/1832] 39be5b7b-6462-4eda-ba7c-1a4fb6b6a82d: 27 internal nodes; 0.8 s; peak memory 657 MiB.
2026-10-04T02:57:12Z INFO [1249/1832] 39bef8d1-044d-4d96-828a-d7daa1235ab7: 17 internal nodes; 0.7 s; peak memory 657 MiB.
2026-10-04T02:57:13Z INFO [1250/1832] 39bf1cc9-46dd-43d3-b916-cecfc34a5152: 27 internal nodes; 0.7 s; peak memory 657 MiB.
2026-10-04T02:57:13Z INFO [1250/1832] 39bf1cc9-46dd-43d3-b916-cecfc34a5152: checkpointed 74770 records.
2026-10-04T02:57:13Z INFO [1251/1832] 39bf9edd-86d6-46c5-ae59-d9e731111df7: 25 internal nodes; 0.6 s; peak memory 657 MiB.
2026-10-04T02:57:30Z INFO [1252/1832] 39c00114-f7c4-4dea-a6d5-468750ddab9f: 3036 internal nodes; 17.0 s; peak memory 657 MiB.
2026-10-04T02:57:31Z INFO [1253/1832] 39c0a5c3-8389-4cd1-b45f-03ceccc5493e: 17 internal nodes; 0.6 s; peak memory 657 MiB.
2026-10-04T02:57:32Z INFO [1254/1832] 39c1432f-76f9-4fa5-b07f-ec90024eb6a9: 21 internal nodes; 0.9 s; peak memory 657 MiB.
2026-10-04T02:57:33Z INFO [1255/1832] 39c1734b-6da7-4fa9-ba4c-4ff43dae9b53: 19 internal nodes; 0.9 s; peak memory 657 MiB.
2026-10-04T02:57:38Z INFO [1256/1832] 39c25a7f-a82c-4692-bf75-e33d994f2437: 147 internal nodes; 5.8 s; peak memory 657 MiB.
2026-10-04T02:57:39Z INFO [1257/1832] 39c27ea2-ab42-4631-afa1-7c35798c31d1: 27 internal nodes; 1.0 s; peak memory 657 MiB.
2026-10-04T02:57:40Z INFO [1258/1832] 39c34484-0a2a-4e42-82c0-5ddcd8e503f8: 11 internal nodes; 0.6 s; peak memory 657 MiB.
2026-10-04T02:57:41Z INFO [1259/1832] 39c415db-3ae1-4f58-886f-49408cdb3b51: 17 internal nodes; 0.8 s; peak memory 657 MiB.
2026-10-04T02:57:42Z INFO [1260/1832] 39c4173e-74ba-43a3-8ff6-1c335b8e26a6: 27 internal nodes; 0.8 s; peak memory 657 MiB.
2026-10-04T02:57:45Z INFO [1261/1832] 39c7fc9f-44f2-4327-a92f-9de6b030dbc5: 41 internal nodes; 3.0 s; peak memory 657 MiB.
2026-10-04T02:57:49Z INFO [1262/1832] 39c90698-8b4e-4df4-85c9-a65eba5bb74b: 97 internal nodes; 3.9 s; peak memory 657 MiB.
2026-10-04T02:57:49Z INFO [1263/1832] 39c934d3-0774-4b17-9c2e-8befe6cd9289: 13 internal nodes; 0.6 s; peak memory 657 MiB.
2026-10-04T02:57:50Z INFO [1264/1832] 39c9f3aa-c0c6-4a94-a7ba-73fd14b4dd3f: 17 internal nodes; 0.7 s; peak memory 657 MiB.
2026-10-04T02:57:51Z INFO [1265/1832] 39ca1d78-0dfe-41b8-8739-328d3b7b856d: 16 internal nodes; 0.7 s; peak memory 657 MiB.
2026-10-04T02:57:53Z INFO [1266/1832] 39ca2a8e-e31b-41a6-80c0-31ef332ba3bd: 46 internal nodes; 2.6 s; peak memory 657 MiB.
2026-10-04T02:57:59Z INFO [1267/1832] 39cabe95-a1ee-4300-a1c4-329bc4a39775: 134 internal nodes; 6.2 s; peak memory 657 MiB.
2026-10-04T02:58:00Z INFO [1268/1832] 39cb6454-fcfc-4814-90ae-a7f35612ea05: 31 internal nodes; 0.9 s; peak memory 657 MiB.
2026-10-04T02:58:01Z INFO [1269/1832] 39cc6327-4a7a-429b-965d-fa0dd82f37d7: 27 internal nodes; 0.8 s; peak memory 657 MiB.
2026-10-04T02:58:03Z INFO [1270/1832] 39cc7c35-67dc-4262-83ca-779c81f890f2: 44 internal nodes; 2.0 s; peak memory 657 MiB.
2026-10-04T02:58:04Z INFO [1271/1832] 39cd4f25-4187-48a1-861b-442da6e1523c: 27 internal nodes; 0.7 s; peak memory 657 MiB.
2026-10-04T02:58:04Z INFO [1272/1832] 39cde3b8-0c48-4547-8d3c-9a295d994de3: 13 internal nodes; 0.5 s; peak memory 657 MiB.
2026-10-04T02:58:09Z INFO [1273/1832] 39ced6c7-4d63-44c9-a943-c07d71314ca3: 73 internal nodes; 4.5 s; peak memory 657 MiB.
2026-10-04T02:58:09Z INFO [1274/1832] 39cef1d7-21f0-4cb4-be37-3cff651655a0: 17 internal nodes; 0.6 s; peak memory 657 MiB.
2026-10-04T02:58:10Z INFO [1275/1832] 39cf47c3-0168-4d98-b876-a64969ab94b9: 18 internal nodes; 1.1 s; peak memory 657 MiB.
2026-10-04T02:58:13Z INFO [1276/1832] 39cfe224-551d-4283-8b28-65a7d4fdde42: 51 internal nodes; 2.9 s; peak memory 657 MiB.
2026-10-04T02:58:14Z INFO [1277/1832] 39d0ad69-6d3e-49dd-bc19-1e28d605c1c6: 27 internal nodes; 0.9 s; peak memory 657 MiB.
2026-10-04T02:58:16Z INFO [1278/1832] 39d0ede0-e732-44b5-9bc1-4d5c299e68f1: 26 internal nodes; 1.2 s; peak memory 657 MiB.
2026-10-04T02:58:16Z INFO [1279/1832] 39d16655-7b1d-4c93-abe4-508ac9553dae: 12 internal nodes; 0.5 s; peak memory 657 MiB.
2026-10-04T02:58:19Z INFO [1280/1832] 39d173e2-70cb-4757-9d6b-bb742012e7a1: 46 internal nodes; 2.7 s; peak memory 657 MiB.
2026-10-04T02:58:20Z INFO [1281/1832] 39d1841b-89e8-47c3-ab77-24caaf2af2d0: 95 internal nodes; 1.2 s; peak memory 657 MiB.
2026-10-04T02:58:21Z INFO [1282/1832] 39d1bae0-66f2-4ea1-aae0-23c983cadd6b: 27 internal nodes; 0.8 s; peak memory 657 MiB.
2026-10-04T02:58:21Z INFO [1283/1832] 39d1f830-b883-40ff-aebd-52b7ea0033ff: 11 internal nodes; 0.4 s; peak memory 657 MiB.
2026-10-04T02:58:22Z INFO [1284/1832] 39d3a4cf-7df2-4fad-8965-ee5d40b1d102: 27 internal nodes; 1.0 s; peak memory 657 MiB.
2026-10-04T02:58:23Z INFO [1285/1832] 39d4488c-a870-4b42-89b0-b05f440ee39b: 26 internal nodes; 1.3 s; peak memory 657 MiB.
2026-10-04T02:58:26Z INFO [1286/1832] 39d4c3f4-8ddd-49c3-9826-57f024e1906d: 37 internal nodes; 2.1 s; peak memory 657 MiB.
2026-10-04T02:58:26Z INFO [1287/1832] 39d4fcc7-9c00-4cad-99dd-6f0cd68d7c87: 17 internal nodes; 0.7 s; peak memory 657 MiB.
2026-10-04T02:58:28Z INFO [1288/1832] 39d5e554-2425-47a7-b8d8-830f833995ec: 55 internal nodes; 2.1 s; peak memory 657 MiB.
2026-10-04T02:58:29Z INFO [1289/1832] 39d5f89d-5048-4320-9722-4c6317456099: 25 internal nodes; 0.8 s; peak memory 657 MiB.
2026-10-04T02:58:31Z INFO [1290/1832] 39d66d65-f17c-4e4e-9ba2-7fe9e2a6386d: 59 internal nodes; 1.6 s; peak memory 657 MiB.
2026-10-04T02:58:32Z INFO [1291/1832] 39d6dcc4-7378-4910-a7ca-8855c117b9ac: 72 internal nodes; 1.2 s; peak memory 657 MiB.
2026-10-04T02:58:33Z INFO [1292/1832] 39d72eb9-3ea4-42b7-93cf-88adbf913feb: 17 internal nodes; 0.7 s; peak memory 657 MiB.
2026-10-04T02:58:39Z INFO [1293/1832] 39d7ca31-1a0b-4ab0-a87f-92001ae442dc: 63 internal nodes; 6.5 s; peak memory 657 MiB.
2026-10-04T02:58:40Z INFO [1294/1832] 39d8503e-1411-4510-8b02-a748e808ede3: 58 internal nodes; 1.0 s; peak memory 657 MiB.
2026-10-04T02:58:41Z INFO [1295/1832] 39d96bff-b156-44be-9e1c-45e1033673ca: 29 internal nodes; 1.3 s; peak memory 657 MiB.
2026-10-04T02:58:42Z INFO [1296/1832] 39d988f4-1bbf-4a52-bb3b-d869bfc9292e: 17 internal nodes; 0.8 s; peak memory 657 MiB.
2026-10-04T02:58:43Z INFO [1297/1832] 39d98d04-15e9-4e0c-ae6a-ceda501a63c2: 17 internal nodes; 0.8 s; peak memory 657 MiB.
2026-10-04T02:58:44Z INFO [1298/1832] 39da0210-306e-497b-9a03-70bcca365b2d: 17 internal nodes; 1.0 s; peak memory 657 MiB.
2026-10-04T02:58:45Z INFO [1299/1832] 39da1c96-624a-4cee-ace2-090fd294a774: 15 internal nodes; 0.6 s; peak memory 657 MiB.
2026-10-04T02:58:45Z INFO [1300/1832] 39da629f-0416-4a03-9b89-aa9bfeaaddeb: 11 internal nodes; 0.6 s; peak memory 657 MiB.
2026-10-04T02:58:45Z INFO [1300/1832] 39da629f-0416-4a03-9b89-aa9bfeaaddeb: checkpointed 74820 records.
2026-10-04T02:58:46Z INFO [1301/1832] 39da66d7-1d18-4e97-b0b8-be893d3455b4: 16 internal nodes; 0.8 s; peak memory 657 MiB.
2026-10-04T02:58:47Z INFO [1302/1832] 39db1d7e-8e07-461a-9d4f-98ec4272591f: 27 internal nodes; 0.9 s; peak memory 657 MiB.
2026-10-04T02:58:48Z INFO [1303/1832] 39db72e6-71cd-42e5-9ed5-b22bf5894133: 19 internal nodes; 0.6 s; peak memory 657 MiB.
2026-10-04T02:58:49Z INFO [1304/1832] 39db9403-7562-4975-9b5e-1756c7bb75eb: 31 internal nodes; 0.9 s; peak memory 657 MiB.
2026-10-04T02:58:55Z INFO [1305/1832] 39dbe708-6363-4165-a1a2-207b03523403: 115 internal nodes; 6.4 s; peak memory 657 MiB.
2026-10-04T02:58:56Z INFO [1306/1832] 39dc23f6-89da-4bc1-a1e5-ebc8a49bdc3d: 17 internal nodes; 0.6 s; peak memory 657 MiB.
2026-10-04T02:58:57Z INFO [1307/1832] 39dd3981-2427-44ce-8a6f-fe7e69bd03b7: 46 internal nodes; 1.8 s; peak memory 657 MiB.
2026-10-04T02:59:02Z INFO [1308/1832] 39de661e-c15c-48c6-a17c-095fad621037: 84 internal nodes; 4.2 s; peak memory 657 MiB.
2026-10-04T02:59:03Z INFO [1309/1832] 39deb56f-a785-4bf7-8b94-2722d5e7c2ed: 17 internal nodes; 0.8 s; peak memory 657 MiB.
2026-10-04T02:59:03Z INFO [1310/1832] 39dee0f5-ea83-44b5-8b4a-28e943bf9160: 17 internal nodes; 0.7 s; peak memory 657 MiB.
2026-10-04T02:59:04Z INFO [1311/1832] 39df9bf3-82a0-4ff4-bc63-83c0bdfd946d: 20 internal nodes; 0.8 s; peak memory 657 MiB.
2026-10-04T02:59:08Z INFO [1312/1832] 39e0c483-fe7d-494c-aa7d-20907aa7d9db: 131 internal nodes; 3.9 s; peak memory 657 MiB.
2026-10-04T02:59:09Z INFO [1313/1832] 39e342f4-6b29-4032-9d17-43da1d8bfbf1: 29 internal nodes; 1.1 s; peak memory 657 MiB.
2026-10-04T02:59:10Z INFO [1314/1832] 39e40deb-0c81-4cc8-a78f-e916a1a80a64: 17 internal nodes; 0.6 s; peak memory 657 MiB.
2026-10-04T02:59:11Z INFO [1315/1832] 39e4319c-171c-44fc-8e6e-ec20b53afd7e: 86 internal nodes; 1.0 s; peak memory 657 MiB.
2026-10-04T02:59:13Z INFO [1316/1832] 39e59bb2-740b-4a15-9f77-a644d8a1bca8: 40 internal nodes; 2.3 s; peak memory 657 MiB.
2026-10-04T02:59:19Z INFO [1317/1832] 39e60385-4d57-4b02-9be2-9f45f9632e86: 160 internal nodes; 6.1 s; peak memory 657 MiB.
2026-10-04T02:59:20Z INFO [1318/1832] 39e650c5-54e3-4789-be03-0aec2820c0ba: 27 internal nodes; 0.7 s; peak memory 657 MiB.
2026-10-04T02:59:23Z INFO [1319/1832] 39e6b165-188e-4392-bb57-7514abc4f988: 108 internal nodes; 2.9 s; peak memory 657 MiB.
2026-10-04T02:59:23Z INFO [1320/1832] 39e78ea0-f186-4abe-8e81-4ceab4963435: 11 internal nodes; 0.5 s; peak memory 657 MiB.
2026-10-04T02:59:24Z INFO [1321/1832] 39e7c253-5a7b-49aa-b0b0-2cc5a53c82b5: 17 internal nodes; 0.7 s; peak memory 657 MiB.
2026-10-04T02:59:25Z INFO [1322/1832] 39e8009d-4668-4a6e-a16b-5c8a49cb6a8b: 35 internal nodes; 1.0 s; peak memory 657 MiB.
2026-10-04T02:59:26Z INFO [1323/1832] 39e8ab7d-9c20-419a-a050-21b0e866c8ab: 25 internal nodes; 1.0 s; peak memory 657 MiB.
2026-10-04T02:59:26Z INFO [1324/1832] 39e8b7a0-6288-4983-affe-e69513964496: 19 internal nodes; 0.5 s; peak memory 657 MiB.
2026-10-04T02:59:27Z INFO [1325/1832] 39e951fe-433f-4972-8b2b-f68b4910f34f: 27 internal nodes; 0.9 s; peak memory 657 MiB.
2026-10-04T02:59:28Z INFO [1326/1832] 39ea3979-914e-449c-88bf-6da63f3b626d: 27 internal nodes; 1.1 s; peak memory 657 MiB.
2026-10-04T02:59:32Z INFO [1327/1832] 39ea533b-f9c6-4f09-918c-7b96bc019001: 177 internal nodes; 4.2 s; peak memory 657 MiB.
2026-10-04T02:59:33Z INFO [1328/1832] 39ea6068-e2ab-4e0e-b3ab-5b87cee5024b: 27 internal nodes; 0.8 s; peak memory 657 MiB.
2026-10-04T02:59:34Z INFO [1329/1832] 39eb3ad2-b11c-479b-bc44-335e61822bf6: 29 internal nodes; 0.9 s; peak memory 657 MiB.
2026-10-04T02:59:35Z INFO [1330/1832] 39ecbe4e-1fea-4cf4-91cb-342477456f9c: 58 internal nodes; 1.2 s; peak memory 657 MiB.
2026-10-04T02:59:39Z INFO [1331/1832] 39ed55d4-1b6f-44de-9f68-339ec2a0e8bd: 190 internal nodes; 3.5 s; peak memory 657 MiB.
2026-10-04T02:59:41Z INFO [1332/1832] 39ed8c09-38bc-4203-9e66-a3ae08134603: 100 internal nodes; 2.5 s; peak memory 657 MiB.
2026-10-04T02:59:42Z INFO [1333/1832] 39edb4f2-7da4-45d5-99b4-f3e599bfc5f0: 19 internal nodes; 0.7 s; peak memory 657 MiB.
2026-10-04T02:59:44Z INFO [1334/1832] 39edd7af-aa5d-4d61-a47a-28919f0a02e3: 42 internal nodes; 1.9 s; peak memory 657 MiB.
2026-10-04T02:59:45Z INFO [1335/1832] 39ef5318-2bb1-4af7-931b-f61979cc046d: 27 internal nodes; 0.8 s; peak memory 657 MiB.
2026-10-04T02:59:45Z INFO [1336/1832] 39ef8d95-1236-41fb-b3b2-95b308aa746f: 17 internal nodes; 0.6 s; peak memory 657 MiB.
2026-10-04T02:59:46Z INFO [1337/1832] 39efbe74-d265-4212-b8ae-bfae026aeece: 19 internal nodes; 0.8 s; peak memory 657 MiB.
2026-10-04T02:59:50Z INFO [1338/1832] 39f04d02-e921-47b2-a7af-0337aaf7d98f: 73 internal nodes; 4.0 s; peak memory 657 MiB.
2026-10-04T02:59:53Z INFO [1339/1832] 39f14fa7-0509-4e68-9467-c1235dc9188a: 56 internal nodes; 2.7 s; peak memory 657 MiB.
2026-10-04T02:59:54Z INFO [1340/1832] 39f1d221-6837-473b-8c35-7d6b0dc1432b: 27 internal nodes; 1.0 s; peak memory 657 MiB.
2026-10-04T03:00:02Z INFO [1341/1832] 39f22acb-f4cc-410b-9204-e07991fef8a1: 248 internal nodes; 8.0 s; peak memory 657 MiB.
2026-10-04T03:00:03Z INFO [1342/1832] 39f338f9-4a1f-4b1f-a24d-cae41b14aede: 27 internal nodes; 1.0 s; peak memory 657 MiB.
2026-10-04T03:00:04Z INFO [1343/1832] 39f3655b-e146-48bf-bb47-d6ec881cec57: 63 internal nodes; 1.0 s; peak memory 657 MiB.
2026-10-04T03:00:04Z INFO [1344/1832] 39f3bd7e-84b5-4d05-bf25-40aba5bc2697: 29 internal nodes; 0.8 s; peak memory 657 MiB.
2026-10-04T03:00:05Z INFO [1345/1832] 39f3e291-d048-45e3-940b-63051bc8d1c9: 17 internal nodes; 0.8 s; peak memory 657 MiB.
2026-10-04T03:00:06Z INFO [1346/1832] 39f4320b-acdf-4cf5-a699-da698b168803: 22 internal nodes; 1.1 s; peak memory 657 MiB.
2026-10-04T03:00:07Z INFO [1347/1832] 39f5a793-1cba-481b-a9ed-f642614d9641: 27 internal nodes; 0.9 s; peak memory 657 MiB.
2026-10-04T03:00:08Z INFO [1348/1832] 39f638be-bb27-4e29-af57-cfcef6077c44: 17 internal nodes; 0.8 s; peak memory 657 MiB.
2026-10-04T03:00:10Z INFO [1349/1832] 39f81207-ae58-4061-a5a9-c5fdd8c8de4b: 44 internal nodes; 1.8 s; peak memory 657 MiB.
2026-10-04T03:00:10Z INFO [1350/1832] 39f9a720-7e0f-4a61-b16d-688163889d04: 59 internal nodes; 0.6 s; peak memory 657 MiB.
2026-10-04T03:00:11Z INFO [1350/1832] 39f9a720-7e0f-4a61-b16d-688163889d04: checkpointed 74870 records.
2026-10-04T03:00:11Z INFO [1351/1832] 39f9c078-bffc-483a-a01b-1d2a0f77c6b6: 27 internal nodes; 0.8 s; peak memory 657 MiB.
2026-10-04T03:00:12Z INFO [1352/1832] 39f9e7c7-38d5-47c5-8ea4-8ad6287e0467: 17 internal nodes; 0.7 s; peak memory 657 MiB.
2026-10-04T03:00:13Z INFO [1353/1832] 39fa842f-4f2d-4d58-b330-e7254911cfbe: 22 internal nodes; 0.7 s; peak memory 657 MiB.
2026-10-04T03:00:14Z INFO [1354/1832] 39fb9000-bf03-4e91-9314-53991a1b3706: 103 internal nodes; 1.1 s; peak memory 657 MiB.
2026-10-04T03:00:19Z INFO [1355/1832] 39fc2917-72f6-4b92-babf-116608e8c048: 73 internal nodes; 5.0 s; peak memory 657 MiB.
2026-10-04T03:00:24Z INFO [1356/1832] 39fc5cbc-cd7a-4ae1-a1e9-dfe660a89474: 73 internal nodes; 5.4 s; peak memory 657 MiB.
2026-10-04T03:00:25Z INFO [1357/1832] 39fc9690-34aa-450f-b1b4-aa4b745297c0: 17 internal nodes; 0.6 s; peak memory 657 MiB.
2026-10-04T03:00:26Z INFO [1358/1832] 39fcb12b-1648-4d62-9da7-3faff23fdecc: 60 internal nodes; 1.4 s; peak memory 657 MiB.
2026-10-04T03:00:27Z INFO [1359/1832] 39fcf0e8-d9f0-41ee-9319-e7efd41e3494: 27 internal nodes; 0.8 s; peak memory 657 MiB.
2026-10-04T03:00:28Z INFO [1360/1832] 39fcf93f-7f03-4e95-83c5-a139d3301fba: 17 internal nodes; 0.7 s; peak memory 657 MiB.
2026-10-04T03:00:30Z INFO [1361/1832] 39fd6f76-1ff4-409a-bee6-4e3209a887a9: 44 internal nodes; 1.8 s; peak memory 657 MiB.
2026-10-04T03:00:32Z INFO [1362/1832] 39fe880f-62bd-4a68-bcc9-1b2e5363af58: 46 internal nodes; 2.5 s; peak memory 657 MiB.
2026-10-04T03:00:33Z INFO [1363/1832] 39fea95d-accf-445d-a67a-ec44be14b942: 58 internal nodes; 1.1 s; peak memory 657 MiB.
2026-10-04T03:00:34Z INFO [1364/1832] 39fed117-10d9-4824-9d12-8b222fabe599: 17 internal nodes; 0.7 s; peak memory 657 MiB.
2026-10-04T03:00:35Z INFO [1365/1832] 39ff666e-17ca-4ae3-b26e-2ec739400b4e: 27 internal nodes; 0.8 s; peak memory 657 MiB.
2026-10-04T03:00:36Z INFO [1366/1832] 39ffa9bf-afde-41e6-a9fc-1a5a7ebc8b2b: 95 internal nodes; 1.1 s; peak memory 657 MiB.
2026-10-04T03:00:37Z INFO [1367/1832] 3a016550-8276-479d-ada6-feec5b014207: 17 internal nodes; 0.9 s; peak memory 657 MiB.
2026-10-04T03:00:37Z INFO [1368/1832] 3a01acae-fdf8-4182-b29b-d3d307609dc0: 16 internal nodes; 0.8 s; peak memory 657 MiB.
2026-10-04T03:00:38Z INFO [1369/1832] 3a020379-65b5-477b-8107-de149b7a256d: 17 internal nodes; 0.7 s; peak memory 657 MiB.
2026-10-04T03:00:39Z INFO [1370/1832] 3a0451a0-108c-4588-9332-fe899b374b3a: 37 internal nodes; 1.1 s; peak memory 657 MiB.
2026-10-04T03:00:43Z INFO [1371/1832] 3a07d259-9f8f-42e9-a86b-a92e2e6bb8ff: 73 internal nodes; 3.7 s; peak memory 657 MiB.
2026-10-04T03:00:44Z INFO [1372/1832] 3a07ecbb-8091-4ac4-b923-161d1c772245: 115 internal nodes; 0.8 s; peak memory 657 MiB.
2026-10-04T03:00:49Z INFO [1373/1832] 3a086f60-bba0-4578-b727-527ff5946225: 62 internal nodes; 4.8 s; peak memory 657 MiB.
2026-10-04T03:00:49Z INFO [1374/1832] 3a0942b3-87f8-4aa7-8300-2d7b5c4c7954: 17 internal nodes; 0.6 s; peak memory 657 MiB.
2026-10-04T03:00:50Z INFO [1375/1832] 3a0a825d-5612-44ce-a649-063fb656b76b: 19 internal nodes; 0.8 s; peak memory 657 MiB.
2026-10-04T03:00:52Z INFO [1376/1832] 3a0afc62-39eb-49cd-9859-cb07ce0a7b5f: 46 internal nodes; 2.0 s; peak memory 657 MiB.
2026-10-04T03:00:53Z INFO [1377/1832] 3a0b7251-5c47-4316-a6a9-c28ccb770760: 31 internal nodes; 1.0 s; peak memory 657 MiB.
2026-10-04T03:00:57Z INFO [1378/1832] 3a0b8124-eed9-45ff-bccb-71ee96cec69e: 73 internal nodes; 4.0 s; peak memory 657 MiB.
2026-10-04T03:00:58Z INFO [1379/1832] 3a0c42dd-5f04-41b0-bc72-1c8eafaf8701: 17 internal nodes; 0.8 s; peak memory 657 MiB.
2026-10-04T03:00:59Z INFO [1380/1832] 3a0c55e0-4916-412b-8d74-8c50f90f1469: 13 internal nodes; 0.7 s; peak memory 657 MiB.
2026-10-04T03:01:00Z INFO [1381/1832] 3a0d517e-3436-41e3-b63e-73ca7312e9a9: 30 internal nodes; 1.2 s; peak memory 657 MiB.
2026-10-04T03:01:06Z INFO [1382/1832] 3a0de01f-b827-41de-b160-abbd7a348700: 44 internal nodes; 6.2 s; peak memory 657 MiB.
2026-10-04T03:01:07Z INFO [1383/1832] 3a0df6a6-cadd-405e-9019-4cf7c5a73f58: 13 internal nodes; 0.6 s; peak memory 657 MiB.
2026-10-04T03:01:07Z INFO [1384/1832] 3a0e9a7e-2f48-454c-a5ae-dd6889e73799: 13 internal nodes; 0.7 s; peak memory 657 MiB.
2026-10-04T03:01:08Z INFO [1385/1832] 3a0fe6b4-f5c7-4f0c-b720-189c9ef9ffbc: 90 internal nodes; 0.9 s; peak memory 657 MiB.
2026-10-04T03:01:09Z INFO [1386/1832] 3a103851-22e1-4d7f-b952-a0355ea40171: 17 internal nodes; 0.6 s; peak memory 657 MiB.
2026-10-04T03:01:10Z INFO [1387/1832] 3a10767b-f22e-41c8-9a85-25e0db16c66f: 22 internal nodes; 1.0 s; peak memory 657 MiB.
2026-10-04T03:01:10Z INFO [1388/1832] 3a111e42-eebc-42af-84ce-d95874be82b6: 17 internal nodes; 0.6 s; peak memory 657 MiB.
2026-10-04T03:01:14Z INFO [1389/1832] 3a1149dd-f90e-48e0-a5db-5a3b85212604: 51 internal nodes; 3.4 s; peak memory 657 MiB.
2026-10-04T03:01:15Z INFO [1390/1832] 3a1153f2-f898-45aa-85bb-ff459d106739: 17 internal nodes; 0.8 s; peak memory 657 MiB.
2026-10-04T03:01:15Z INFO [1391/1832] 3a11cf8e-cb30-43c7-a935-91108c792db8: 17 internal nodes; 0.7 s; peak memory 657 MiB.
2026-10-04T03:01:16Z INFO [1392/1832] 3a12ba3b-572d-4cec-a612-cf74cfa98e21: 11 internal nodes; 0.7 s; peak memory 657 MiB.
2026-10-04T03:01:17Z INFO [1393/1832] 3a12df99-d477-47a6-a344-1d9c2f1706eb: 31 internal nodes; 1.1 s; peak memory 657 MiB.
2026-10-04T03:01:18Z INFO [1394/1832] 3a13b59f-f9fc-4a6d-9bf9-fb065f051a14: 27 internal nodes; 0.8 s; peak memory 657 MiB.
2026-10-04T03:01:19Z INFO [1395/1832] 3a13d050-a96a-4ef0-b6ca-932018872620: 52 internal nodes; 0.9 s; peak memory 657 MiB.
2026-10-04T03:01:27Z INFO [1396/1832] 3a14297f-217e-444f-83e3-da3d28881ffe: 435 internal nodes; 8.3 s; peak memory 657 MiB.
2026-10-04T03:01:30Z INFO [1397/1832] 3a148d6f-7caa-401c-b459-0992ea43bfe7: 41 internal nodes; 3.0 s; peak memory 657 MiB.
2026-10-04T03:01:31Z INFO [1398/1832] 3a153a97-7f66-4938-b5dc-a59a190efbc1: 31 internal nodes; 1.0 s; peak memory 657 MiB.
2026-10-04T03:01:32Z INFO [1399/1832] 3a156814-7ea9-4421-928b-22bfd06c8a7f: 17 internal nodes; 0.9 s; peak memory 657 MiB.
2026-10-04T03:01:33Z INFO [1400/1832] 3a158381-85cf-4394-ab90-ce9121267b59: 18 internal nodes; 0.6 s; peak memory 657 MiB.
2026-10-04T03:01:33Z INFO [1400/1832] 3a158381-85cf-4394-ab90-ce9121267b59: checkpointed 74920 records.
2026-10-04T03:01:34Z INFO [1401/1832] 3a15e5fa-f2db-4f3e-a362-9f46d709229f: 22 internal nodes; 1.1 s; peak memory 657 MiB.
2026-10-04T03:01:35Z INFO [1402/1832] 3a160cd0-40d8-4883-b338-1269f2d6276c: 13 internal nodes; 0.6 s; peak memory 657 MiB.
2026-10-04T03:01:36Z INFO [1403/1832] 3a165c6b-c5ad-48c0-a54d-b9f337542317: 22 internal nodes; 0.9 s; peak memory 657 MiB.
2026-10-04T03:01:36Z INFO [1404/1832] 3a1705d0-4eb0-4ec2-8261-aa3e82992ae0: 17 internal nodes; 0.5 s; peak memory 657 MiB.
2026-10-04T03:01:37Z INFO [1405/1832] 3a17ad11-aeda-4dcd-86fa-a3080715cb6c: 23 internal nodes; 1.1 s; peak memory 657 MiB.
2026-10-04T03:01:38Z INFO [1406/1832] 3a183baf-83b3-465e-89b6-a2a672a4a8de: 18 internal nodes; 0.6 s; peak memory 657 MiB.
2026-10-04T03:01:49Z INFO [1407/1832] 3a1a3137-c075-45e1-a04d-aeb025d8aa36: 136 internal nodes; 11.3 s; peak memory 657 MiB.
2026-10-04T03:01:50Z INFO [1408/1832] 3a1a877d-6e09-4ab0-bf6e-c531de87692e: 17 internal nodes; 0.8 s; peak memory 657 MiB.
2026-10-04T03:01:51Z INFO [1409/1832] 3a1a9fea-e56e-4f97-944f-93d384d0a1c2: 56 internal nodes; 1.0 s; peak memory 657 MiB.
2026-10-04T03:01:52Z INFO [1410/1832] 3a1b08e7-1908-4aa5-a4ac-b727f2a37f9f: 17 internal nodes; 0.9 s; peak memory 657 MiB.
2026-10-04T03:01:53Z INFO [1411/1832] 3a1b3bdc-71ad-4715-9fcb-120a8a9f7029: 90 internal nodes; 1.0 s; peak memory 657 MiB.
2026-10-04T03:01:54Z INFO [1412/1832] 3a1b92d3-8bdf-49d3-bfd2-57fffd625d7d: 31 internal nodes; 1.2 s; peak memory 657 MiB.
2026-10-04T03:01:54Z INFO [1413/1832] 3a1b9319-4cd5-40a0-b80f-5c660d4a510c: 11 internal nodes; 0.4 s; peak memory 657 MiB.
2026-10-04T03:02:01Z INFO [1414/1832] 3a1bb120-e5e6-4d11-92e6-4b666ec3bb6d: 211 internal nodes; 6.4 s; peak memory 657 MiB.
2026-10-04T03:02:02Z INFO [1415/1832] 3a1bb56c-861a-4e78-a45e-ebe824bada48: 59 internal nodes; 1.0 s; peak memory 657 MiB.
2026-10-04T03:02:03Z INFO [1416/1832] 3a1bd1a6-ed35-4e44-a34e-2c5350ed8f9d: 60 internal nodes; 1.0 s; peak memory 657 MiB.
2026-10-04T03:02:05Z INFO [1417/1832] 3a1be18d-7638-4af6-8e1a-7787e26dde37: 46 internal nodes; 2.5 s; peak memory 657 MiB.
2026-10-04T03:02:06Z INFO [1418/1832] 3a1c17a2-062b-4732-86e7-25f5609ce3dd: 31 internal nodes; 1.1 s; peak memory 657 MiB.
2026-10-04T03:02:13Z INFO [1419/1832] 3a1c4452-8671-44de-901e-ad02682127ab: 44 internal nodes; 6.4 s; peak memory 657 MiB.
2026-10-04T03:02:14Z INFO [1420/1832] 3a1c590f-f11c-4b4f-855d-a206418c7c7a: 27 internal nodes; 0.8 s; peak memory 657 MiB.
2026-10-04T03:02:14Z INFO [1421/1832] 3a1c8900-c943-4cd5-b887-2ab43a1538ef: 27 internal nodes; 0.8 s; peak memory 657 MiB.
2026-10-04T03:02:15Z INFO [1422/1832] 3a1d822b-54f7-4b55-a060-49c55e7a1a37: 27 internal nodes; 0.7 s; peak memory 657 MiB.
2026-10-04T03:02:17Z INFO [1423/1832] 3a1db012-ebe5-441b-aa3b-f1fbd1c3db38: 59 internal nodes; 1.9 s; peak memory 657 MiB.
2026-10-04T03:02:18Z INFO [1424/1832] 3a1e41ae-c902-4c24-b42c-559f22a3c7dc: 31 internal nodes; 1.0 s; peak memory 657 MiB.
2026-10-04T03:02:19Z INFO [1425/1832] 3a1e8bbc-a0fd-40db-b2ac-6e635184fcc5: 13 internal nodes; 0.7 s; peak memory 657 MiB.
2026-10-04T03:02:22Z INFO [1426/1832] 3a1ea327-6e71-4222-8cf7-87df2579af0a: 70 internal nodes; 3.2 s; peak memory 657 MiB.
2026-10-04T03:02:23Z INFO [1427/1832] 3a206449-42de-40b3-8ef1-e47dbabd5a06: 27 internal nodes; 0.8 s; peak memory 657 MiB.
2026-10-04T03:02:23Z INFO [1428/1832] 3a211d88-f322-4e61-832a-95229422adc8: 17 internal nodes; 0.7 s; peak memory 657 MiB.
2026-10-04T03:02:24Z INFO [1429/1832] 3a212bbf-2730-4542-a67b-6b5d58cdf967: 17 internal nodes; 0.7 s; peak memory 657 MiB.
2026-10-04T03:02:25Z INFO [1430/1832] 3a218f82-4903-4641-8cdf-d0e0f5d24427: 17 internal nodes; 0.7 s; peak memory 657 MiB.
2026-10-04T03:02:25Z INFO [1431/1832] 3a22b48a-1cc3-4fc9-be15-0a51d6969977: 17 internal nodes; 0.8 s; peak memory 657 MiB.
2026-10-04T03:02:27Z INFO [1432/1832] 3a243f39-6898-43a4-ac34-df583a62af6e: 21 internal nodes; 1.1 s; peak memory 657 MiB.
2026-10-04T03:02:27Z INFO [1433/1832] 3a244960-c265-4ea9-abbf-12ab22c1c125: 17 internal nodes; 0.6 s; peak memory 657 MiB.
2026-10-04T03:02:28Z INFO [1434/1832] 3a2458c4-dd12-487a-a46e-9031c7b0d915: 17 internal nodes; 0.8 s; peak memory 657 MiB.
2026-10-04T03:02:29Z INFO [1435/1832] 3a249705-6114-4ce3-b510-6f2387e4c0dc: 30 internal nodes; 0.9 s; peak memory 657 MiB.
2026-10-04T03:02:30Z INFO [1436/1832] 3a24d75f-4c46-4323-8db4-e9aee48dfedf: 95 internal nodes; 0.9 s; peak memory 657 MiB.
2026-10-04T03:02:31Z INFO [1437/1832] 3a251df4-077f-442e-bd66-16088bcd3a0b: 13 internal nodes; 0.9 s; peak memory 657 MiB.
2026-10-04T03:02:32Z INFO [1438/1832] 3a25ad3a-9a24-4355-9b7d-ead278dbba51: 31 internal nodes; 1.2 s; peak memory 657 MiB.
2026-10-04T03:02:33Z INFO [1439/1832] 3a25c0e9-ef67-4690-9e86-3967efefb143: 31 internal nodes; 1.4 s; peak memory 657 MiB.
2026-10-04T03:02:34Z INFO [1440/1832] 3a25df85-45d3-4755-8087-87b2bb4aabaa: 19 internal nodes; 0.6 s; peak memory 657 MiB.
2026-10-04T03:02:34Z INFO [1441/1832] 3a26465e-edee-4fdc-89a2-3a3d6b6d1fdc: 11 internal nodes; 0.6 s; peak memory 657 MiB.
2026-10-04T03:02:47Z INFO [1442/1832] 3a26f2b7-59cd-4b19-86c0-0970b93e0b04: 168 internal nodes; 12.6 s; peak memory 657 MiB.
2026-10-04T03:02:48Z INFO [1443/1832] 3a2706c2-d498-424e-a0ac-a74cfb818642: 30 internal nodes; 1.0 s; peak memory 657 MiB.
2026-10-04T03:02:50Z INFO [1444/1832] 3a27417b-3a48-40a9-a108-c404e099d01f: 34 internal nodes; 2.1 s; peak memory 657 MiB.
2026-10-04T03:02:56Z INFO [1445/1832] 3a2824bc-18d1-44a8-8afa-487c915239aa: 54 internal nodes; 5.5 s; peak memory 657 MiB.
2026-10-04T03:02:56Z INFO [1446/1832] 3a284b45-4404-4cc8-b423-57552497a88c: 17 internal nodes; 0.8 s; peak memory 657 MiB.
2026-10-04T03:02:57Z INFO [1447/1832] 3a2901dd-39af-4efc-bde6-97ea04c0ed3c: 11 internal nodes; 0.7 s; peak memory 657 MiB.
2026-10-04T03:02:58Z INFO [1448/1832] 3a2a8124-eff9-4bdf-909a-4325bf525879: 27 internal nodes; 1.0 s; peak memory 657 MiB.
2026-10-04T03:03:04Z INFO [1449/1832] 3a2bff12-682d-4e74-89d5-961825c3fec0: 269 internal nodes; 6.0 s; peak memory 657 MiB.
2026-10-04T03:03:06Z INFO [1450/1832] 3a2c8eb0-3c2c-42b3-8310-182078cce62e: 27 internal nodes; 1.5 s; peak memory 657 MiB.
2026-10-04T03:03:06Z INFO [1450/1832] 3a2c8eb0-3c2c-42b3-8310-182078cce62e: checkpointed 74970 records.
2026-10-04T03:03:08Z INFO [1451/1832] 3a2ccdb6-d68a-4311-bd31-bccfd62b64c9: 42 internal nodes; 2.0 s; peak memory 657 MiB.
2026-10-04T03:03:09Z INFO [1452/1832] 3a2d1d6e-5a08-4b2e-bd9e-d44a607fbe7b: 29 internal nodes; 0.9 s; peak memory 657 MiB.
2026-10-04T03:03:10Z INFO [1453/1832] 3a2e39f3-240d-4680-b28c-5ef0a3b55b32: 27 internal nodes; 0.8 s; peak memory 657 MiB.
2026-10-04T03:03:11Z INFO [1454/1832] 3a2e9993-6b3d-427f-ac68-4ed65869f2c9: 27 internal nodes; 1.0 s; peak memory 657 MiB.
2026-10-04T03:03:20Z INFO [1455/1832] 3a2edcb3-61ef-4eea-9af3-6ccb6a93101d: 275 internal nodes; 9.9 s; peak memory 657 MiB.
2026-10-04T03:03:21Z INFO [1456/1832] 3a3164b1-9c0f-451f-bfb0-180404903eb1: 17 internal nodes; 0.9 s; peak memory 657 MiB.
2026-10-04T03:03:22Z INFO [1457/1832] 3a31a3d1-84b5-4dfc-9810-43c5bfc7af72: 27 internal nodes; 0.9 s; peak memory 657 MiB.
2026-10-04T03:03:23Z INFO [1458/1832] 3a31a7dd-241e-4ac5-a79c-8abedb00c170: 53 internal nodes; 1.0 s; peak memory 657 MiB.
2026-10-04T03:03:30Z INFO [1459/1832] 3a332600-b81e-40a6-b06d-dcb751f9735f: 61 internal nodes; 6.6 s; peak memory 657 MiB.
2026-10-04T03:03:32Z INFO [1460/1832] 3a336632-275e-4ba0-807f-8f2b8b7cf0ec: 66 internal nodes; 2.0 s; peak memory 657 MiB.
2026-10-04T03:03:33Z INFO [1461/1832] 3a338ec9-d528-4a02-9051-5f61bc136885: 17 internal nodes; 0.7 s; peak memory 657 MiB.
2026-10-04T03:03:34Z INFO [1462/1832] 3a33fba8-04c7-47e5-81b8-136e041890e0: 31 internal nodes; 1.2 s; peak memory 657 MiB.
2026-10-04T03:03:36Z INFO [1463/1832] 3a360fee-9fc8-4127-a528-483dd9a91cff: 50 internal nodes; 2.3 s; peak memory 657 MiB.
2026-10-04T03:03:37Z INFO [1464/1832] 3a3610e9-590d-4e00-aa3e-a7e12b305e88: 19 internal nodes; 0.8 s; peak memory 657 MiB.
2026-10-04T03:03:38Z INFO [1465/1832] 3a361f4f-4807-4484-9f6a-a03e23db1446: 17 internal nodes; 0.9 s; peak memory 657 MiB.
2026-10-04T03:03:39Z INFO [1466/1832] 3a38b791-dd68-4cda-92aa-44f0ce681f12: 27 internal nodes; 0.8 s; peak memory 657 MiB.
2026-10-04T03:03:39Z INFO [1467/1832] 3a3927fc-33a5-43a1-853d-45192c71fd8a: 19 internal nodes; 0.9 s; peak memory 657 MiB.
2026-10-04T03:03:48Z INFO [1468/1832] 3a3975f9-8d59-49a5-9748-8543b40660a9: 257 internal nodes; 8.3 s; peak memory 657 MiB.
2026-10-04T03:03:49Z INFO [1469/1832] 3a3a0a15-0794-4d47-91c4-3eba07fc8dbc: 63 internal nodes; 1.2 s; peak memory 657 MiB.
2026-10-04T03:03:49Z INFO [1470/1832] 3a3b1d48-fa1d-44f6-9466-bb19b3e64bf4: 26 internal nodes; 0.5 s; peak memory 657 MiB.
2026-10-04T03:03:52Z INFO [1471/1832] 3a3b7301-f647-4d90-8b3a-3624a2433b23: 44 internal nodes; 2.1 s; peak memory 657 MiB.
2026-10-04T03:03:53Z INFO [1472/1832] 3a3bdb20-0479-4502-b9c6-8bcc47961676: 44 internal nodes; 1.7 s; peak memory 657 MiB.
2026-10-04T03:03:54Z INFO [1473/1832] 3a3c17c2-58d3-4929-a7eb-bf49e0120f40: 27 internal nodes; 0.8 s; peak memory 657 MiB.
2026-10-04T03:03:55Z INFO [1474/1832] 3a3c7783-ca5b-41cd-a64a-464d22565ee6: 31 internal nodes; 0.9 s; peak memory 657 MiB.
2026-10-04T03:03:56Z INFO [1475/1832] 3a3ceead-93cc-48bf-b18a-f11781f89eb4: 13 internal nodes; 0.6 s; peak memory 657 MiB.
2026-10-04T03:03:59Z INFO [1476/1832] 3a3d1681-9fc3-4986-922a-a3a0c2bb17c0: 146 internal nodes; 3.6 s; peak memory 657 MiB.
2026-10-04T03:04:00Z INFO [1477/1832] 3a3d4e16-c8cf-4473-8446-c9f3dedc62ee: 31 internal nodes; 0.8 s; peak memory 657 MiB.
2026-10-04T03:04:01Z INFO [1478/1832] 3a3d6b27-86d7-44cf-91d6-92d8f7bbf229: 11 internal nodes; 0.7 s; peak memory 657 MiB.
2026-10-04T03:04:02Z INFO [1479/1832] 3a3e6705-1f9b-45fc-a796-24e921f3bbd7: 44 internal nodes; 1.7 s; peak memory 657 MiB.
2026-10-04T03:04:03Z INFO [1480/1832] 3a3f3386-78be-429d-ae1e-a751ea6c78ed: 17 internal nodes; 0.7 s; peak memory 657 MiB.
2026-10-04T03:04:05Z INFO [1481/1832] 3a3ff43e-5964-4726-80dc-6c5db099c9ac: 61 internal nodes; 1.7 s; peak memory 657 MiB.
2026-10-04T03:04:06Z INFO [1482/1832] 3a40b63d-b350-41ff-85fb-10d75a5f57b4: 23 internal nodes; 1.0 s; peak memory 657 MiB.
2026-10-04T03:04:09Z INFO [1483/1832] 3a4160f7-a736-4227-8663-cbc0bd19d7f8: 117 internal nodes; 3.5 s; peak memory 657 MiB.
2026-10-04T03:04:11Z INFO [1484/1832] 3a437bc2-2d7d-4df0-bd91-e3b14e44d744: 44 internal nodes; 1.7 s; peak memory 657 MiB.
2026-10-04T03:04:12Z INFO [1485/1832] 3a44069b-34d4-4787-a414-eced1a4e3158: 17 internal nodes; 0.9 s; peak memory 657 MiB.
2026-10-04T03:04:14Z INFO [1486/1832] 3a4494b1-84f7-4fc7-8fe7-5a007b715981: 60 internal nodes; 1.8 s; peak memory 657 MiB.
2026-10-04T03:04:15Z INFO [1487/1832] 3a44f63d-7c21-4a89-b5d6-1efb6dd3a508: 17 internal nodes; 0.8 s; peak memory 657 MiB.
2026-10-04T03:04:22Z INFO [1488/1832] 3a451aea-558b-41f3-ad55-320e2bf7bb8a: 83 internal nodes; 7.7 s; peak memory 657 MiB.
2026-10-04T03:04:26Z INFO [1489/1832] 3a45f9b3-277d-4bb0-8a26-b325de1e4f19: 73 internal nodes; 3.6 s; peak memory 657 MiB.
2026-10-04T03:04:26Z INFO [1490/1832] 3a463022-e2f9-4fc0-a725-00be5e6858b3: 25 internal nodes; 0.6 s; peak memory 657 MiB.
2026-10-04T03:04:27Z INFO [1491/1832] 3a469460-0798-41f6-9bde-45cdca7a1fd0: 18 internal nodes; 0.7 s; peak memory 657 MiB.
2026-10-04T03:04:28Z INFO [1492/1832] 3a46df22-d66d-4f28-a6d7-075132f52341: 27 internal nodes; 0.7 s; peak memory 657 MiB.
2026-10-04T03:04:30Z INFO [1493/1832] 3a4829e0-a948-4796-ade2-099c43d0690c: 39 internal nodes; 1.7 s; peak memory 657 MiB.
2026-10-04T03:04:31Z INFO [1494/1832] 3a484147-9c3c-47b8-b686-a949458bbb84: 31 internal nodes; 1.4 s; peak memory 657 MiB.
2026-10-04T03:04:32Z INFO [1495/1832] 3a48d09f-17fd-4519-a5db-ec44f2b7b980: 56 internal nodes; 0.9 s; peak memory 657 MiB.
2026-10-04T03:04:33Z INFO [1496/1832] 3a48ff91-bc10-4898-b4ac-3a1bee0c2b80: 36 internal nodes; 1.1 s; peak memory 657 MiB.
2026-10-04T03:04:34Z INFO [1497/1832] 3a49141f-36aa-4d6e-81c9-3535f97d80ba: 17 internal nodes; 0.9 s; peak memory 657 MiB.
2026-10-04T03:04:35Z INFO [1498/1832] 3a49b6f5-1b0e-4781-a0fa-b0eb4eeac672: 29 internal nodes; 1.2 s; peak memory 657 MiB.
2026-10-04T03:04:39Z INFO [1499/1832] 3a4ab52b-e193-465e-9225-c04321741696: 123 internal nodes; 3.7 s; peak memory 657 MiB.
2026-10-04T03:04:40Z INFO [1500/1832] 3a4c1ac1-7733-45d3-b203-738ad09346a9: 18 internal nodes; 1.0 s; peak memory 657 MiB.
2026-10-04T03:04:40Z INFO [1500/1832] 3a4c1ac1-7733-45d3-b203-738ad09346a9: checkpointed 75020 records.
2026-10-04T03:04:41Z INFO [1501/1832] 3a4c2937-d3c3-4cb2-8580-2b50f29d8060: 31 internal nodes; 1.3 s; peak memory 657 MiB.
2026-10-04T03:04:42Z INFO [1502/1832] 3a4c96c6-cb89-4bf8-ac64-a84c6c91329b: 18 internal nodes; 0.7 s; peak memory 657 MiB.
2026-10-04T03:04:43Z INFO [1503/1832] 3a4c9c13-0582-49d9-bab4-e00578f5db99: 63 internal nodes; 0.8 s; peak memory 657 MiB.
2026-10-04T03:04:44Z INFO [1504/1832] 3a4cb037-a9c6-4ac5-b2c4-27097b264fd7: 17 internal nodes; 0.8 s; peak memory 657 MiB.
2026-10-04T03:04:46Z INFO [1505/1832] 3a4d0ad2-5aab-447b-b89b-b1821a26ae6a: 56 internal nodes; 1.9 s; peak memory 657 MiB.
2026-10-04T03:04:47Z INFO [1506/1832] 3a4d51db-6146-4a26-b7a0-23a00d2fca85: 72 internal nodes; 1.4 s; peak memory 657 MiB.
2026-10-04T03:04:48Z INFO [1507/1832] 3a4d7255-5967-4c79-81aa-079f0675c0d3: 17 internal nodes; 0.7 s; peak memory 657 MiB.
2026-10-04T03:04:48Z INFO [1508/1832] 3a4dd055-b9e8-4aff-b89b-f44e4553488b: 27 internal nodes; 0.8 s; peak memory 657 MiB.
2026-10-04T03:04:49Z INFO [1509/1832] 3a4e28bf-b70c-4c87-b41d-f2bfb261a89a: 27 internal nodes; 0.9 s; peak memory 657 MiB.
2026-10-04T03:04:50Z INFO [1510/1832] 3a4e6143-c84a-4314-9369-e67c96c4f07c: 13 internal nodes; 0.5 s; peak memory 657 MiB.
2026-10-04T03:04:51Z INFO [1511/1832] 3a4e8950-9026-4fd7-8331-061820d3a257: 114 internal nodes; 0.9 s; peak memory 657 MiB.
2026-10-04T03:04:52Z INFO [1512/1832] 3a4f4099-707f-449f-bb4f-344d223f392f: 29 internal nodes; 1.5 s; peak memory 657 MiB.
2026-10-04T03:04:54Z INFO [1513/1832] 3a4f822c-cb4a-4dd4-9f92-0c43590518f0: 44 internal nodes; 1.6 s; peak memory 657 MiB.
2026-10-04T03:04:59Z INFO [1514/1832] 3a509140-9ca4-4786-8663-363d41e2a04e: 47 internal nodes; 5.5 s; peak memory 657 MiB.
2026-10-04T03:05:00Z INFO [1515/1832] 3a50a688-3009-499a-8781-8d2fe07ea9af: 17 internal nodes; 0.8 s; peak memory 657 MiB.
2026-10-04T03:05:02Z INFO [1516/1832] 3a5147ed-a5fe-4e71-8c26-fca595e0484d: 40 internal nodes; 2.2 s; peak memory 657 MiB.
2026-10-04T03:05:03Z INFO [1517/1832] 3a52d548-67e2-44f3-b218-c1b35ffe276c: 31 internal nodes; 1.1 s; peak memory 657 MiB.
2026-10-04T03:05:04Z INFO [1518/1832] 3a537cc6-92a8-4a41-88f3-1b197f7dd919: 20 internal nodes; 0.9 s; peak memory 657 MiB.
2026-10-04T03:05:05Z INFO [1519/1832] 3a53b0e3-83ec-4f3b-8f2e-d0374179fcbe: 31 internal nodes; 1.0 s; peak memory 657 MiB.
2026-10-04T03:05:07Z INFO [1520/1832] 3a53f110-acb8-45a9-9a54-bf4775418104: 30 internal nodes; 1.2 s; peak memory 657 MiB.
2026-10-04T03:05:08Z INFO [1521/1832] 3a5487ff-1bb9-4661-953b-a9375a733eca: 37 internal nodes; 1.3 s; peak memory 657 MiB.
2026-10-04T03:05:09Z INFO [1522/1832] 3a54ec2f-7a1e-4304-8c99-67a15ac05bdc: 27 internal nodes; 0.8 s; peak memory 657 MiB.
2026-10-04T03:05:13Z INFO [1523/1832] 3a554ea5-edac-4e59-ac40-680da0a2c479: 73 internal nodes; 4.5 s; peak memory 657 MiB.
2026-10-04T03:05:15Z INFO [1524/1832] 3a565ac8-8280-4da5-81b1-cac330fc2eb3: 37 internal nodes; 1.4 s; peak memory 657 MiB.
2026-10-04T03:05:15Z INFO [1525/1832] 3a569726-9fe7-4b58-9f3d-6ccc8a52b71e: 13 internal nodes; 0.5 s; peak memory 657 MiB.
2026-10-04T03:05:21Z INFO [1526/1832] 3a579db3-6ccc-44d0-8f3e-45b71ffac268: 66 internal nodes; 6.0 s; peak memory 657 MiB.
2026-10-04T03:05:22Z INFO [1527/1832] 3a57ee3f-e799-413f-8897-591767c73ac0: 31 internal nodes; 0.9 s; peak memory 657 MiB.
2026-10-04T03:05:23Z INFO [1528/1832] 3a5859c9-8f86-42fe-8b85-bc23aa2138ee: 13 internal nodes; 0.6 s; peak memory 657 MiB.
2026-10-04T03:05:23Z INFO [1529/1832] 3a58ca1d-7f6c-41b4-82a9-093322e9649d: 27 internal nodes; 0.7 s; peak memory 657 MiB.
2026-10-04T03:05:24Z INFO [1530/1832] 3a58f970-4c0a-4eb8-bcba-748f64fb0837: 17 internal nodes; 0.8 s; peak memory 657 MiB.
2026-10-04T03:05:30Z INFO [1531/1832] 3a594b6b-d76c-48ac-8f92-9e9de043c282: 65 internal nodes; 5.4 s; peak memory 657 MiB.
2026-10-04T03:05:35Z INFO [1532/1832] 3a59fe5f-d963-47b2-9022-008cd2fd82f7: 162 internal nodes; 5.4 s; peak memory 657 MiB.
2026-10-04T03:05:36Z INFO [1533/1832] 3a5a0cda-82ad-4fc0-97d6-89fcff63a30f: 17 internal nodes; 0.6 s; peak memory 657 MiB.
2026-10-04T03:05:36Z INFO [1534/1832] 3a5a5867-c048-4851-ae66-0c21149fb268: 17 internal nodes; 0.7 s; peak memory 657 MiB.
2026-10-04T03:05:37Z INFO [1535/1832] 3a5b41cf-3257-4fae-930b-3d7a1d0c26f8: 116 internal nodes; 1.1 s; peak memory 657 MiB.
2026-10-04T03:05:38Z INFO [1536/1832] 3a5c49d3-f5a3-471d-9201-34de6d36367d: 59 internal nodes; 1.1 s; peak memory 657 MiB.
2026-10-04T03:05:43Z INFO [1537/1832] 3a5d1c34-28d4-42c8-b20f-ecf90c4a9808: 70 internal nodes; 4.0 s; peak memory 657 MiB.
2026-10-04T03:05:45Z INFO [1538/1832] 3a5e00c3-e62b-4095-b923-0d17af7c2d7d: 56 internal nodes; 2.6 s; peak memory 657 MiB.
2026-10-04T03:05:46Z INFO [1539/1832] 3a5e4dcc-4cdd-40ad-8184-54156e75ec62: 18 internal nodes; 0.7 s; peak memory 657 MiB.
2026-10-04T03:05:47Z INFO [1540/1832] 3a5e895d-b4f6-4d9f-8411-cb31c7818337: 31 internal nodes; 0.9 s; peak memory 657 MiB.
2026-10-04T03:05:47Z INFO [1541/1832] 3a5ea13f-806a-49be-9b00-a048bef93ef8: 17 internal nodes; 0.7 s; peak memory 657 MiB.
2026-10-04T03:05:49Z INFO [1542/1832] 3a5f08e5-dcac-485e-8982-198a6380757d: 62 internal nodes; 1.1 s; peak memory 657 MiB.
2026-10-04T03:05:50Z INFO [1543/1832] 3a61ea5d-6b3b-42f8-994a-4ec50b9ac5d1: 60 internal nodes; 1.0 s; peak memory 657 MiB.
2026-10-04T03:05:51Z INFO [1544/1832] 3a628184-bc2d-4aab-b382-dae6591e72c2: 31 internal nodes; 0.9 s; peak memory 657 MiB.
2026-10-04T03:05:52Z INFO [1545/1832] 3a63d111-f8ff-4fd8-ab27-329345aced51: 65 internal nodes; 1.5 s; peak memory 657 MiB.
2026-10-04T03:05:53Z INFO [1546/1832] 3a63dfdb-46f0-45d8-b686-380dac623760: 17 internal nodes; 0.8 s; peak memory 657 MiB.
2026-10-04T03:05:54Z INFO [1547/1832] 3a647908-83fe-4358-9893-14c506a16303: 31 internal nodes; 1.1 s; peak memory 657 MiB.
2026-10-04T03:05:55Z INFO [1548/1832] 3a648364-d804-49e2-92de-c1cd42123cab: 17 internal nodes; 0.7 s; peak memory 657 MiB.
2026-10-04T03:05:55Z INFO [1549/1832] 3a652625-1c9f-4045-9db0-7749a391d102: 17 internal nodes; 0.7 s; peak memory 657 MiB.
2026-10-04T03:05:56Z INFO [1550/1832] 3a65a890-f69e-449b-8494-7193876c4350: 17 internal nodes; 0.7 s; peak memory 657 MiB.
2026-10-04T03:05:56Z INFO [1550/1832] 3a65a890-f69e-449b-8494-7193876c4350: checkpointed 75070 records.
2026-10-04T03:05:57Z INFO [1551/1832] 3a661122-6fba-4ab3-8f03-69294c4b50a6: 11 internal nodes; 0.4 s; peak memory 657 MiB.
2026-10-04T03:05:57Z INFO [1552/1832] 3a665e2f-2575-4896-9866-c59716f7827b: 17 internal nodes; 0.8 s; peak memory 657 MiB.
2026-10-04T03:05:58Z INFO [1553/1832] 3a66c169-f7f5-4b57-b992-0eaf3eb53baa: 17 internal nodes; 0.7 s; peak memory 657 MiB.
2026-10-04T03:05:59Z INFO [1554/1832] 3a6806ff-927a-4729-821f-815e0098c62c: 60 internal nodes; 1.3 s; peak memory 657 MiB.
2026-10-04T03:06:00Z INFO [1555/1832] 3a682497-dfa1-4aad-8870-955ab9aa8c67: 29 internal nodes; 0.8 s; peak memory 657 MiB.
2026-10-04T03:06:02Z INFO [1556/1832] 3a68c7f8-b1c9-4fe7-b0ab-8b5ac7d9a0fc: 31 internal nodes; 1.5 s; peak memory 657 MiB.
2026-10-04T03:06:03Z INFO [1557/1832] 3a68e651-f05b-4caa-9369-a4c972443409: 27 internal nodes; 0.8 s; peak memory 657 MiB.
2026-10-04T03:06:03Z INFO [1558/1832] 3a6a4ebe-8def-481d-b7e7-ccad338e707c: 27 internal nodes; 0.6 s; peak memory 657 MiB.
2026-10-04T03:06:05Z INFO [1559/1832] 3a6afe54-c284-49cd-8148-f22542e69c9a: 52 internal nodes; 1.5 s; peak memory 657 MiB.
2026-10-04T03:06:05Z INFO [1560/1832] 3a6bbab8-9cd0-4d54-9ffb-005f2448675d: 27 internal nodes; 0.7 s; peak memory 657 MiB.
2026-10-04T03:06:08Z INFO [1561/1832] 3a6c03ea-d842-4e78-9e25-eb5d45af29a5: 44 internal nodes; 2.5 s; peak memory 657 MiB.
2026-10-04T03:06:08Z INFO [1562/1832] 3a6c2240-3369-4281-b49b-909531f965fd: 11 internal nodes; 0.5 s; peak memory 657 MiB.
2026-10-04T03:06:09Z INFO [1563/1832] 3a6db7a8-a767-44c6-b3b9-867e15f959ee: 20 internal nodes; 0.5 s; peak memory 657 MiB.
2026-10-04T03:06:13Z INFO [1564/1832] 3a6dba18-c2cc-4783-989b-90294801bb45: 89 internal nodes; 4.7 s; peak memory 657 MiB.
2026-10-04T03:06:14Z INFO [1565/1832] 3a6e3804-40d2-493a-812d-63bef2203bf0: 17 internal nodes; 0.6 s; peak memory 657 MiB.
2026-10-04T03:06:22Z INFO [1566/1832] 3a6ee184-1b67-4eb7-8942-1b98516e4d50: 2042 internal nodes; 8.0 s; peak memory 657 MiB.
2026-10-04T03:06:25Z INFO [1567/1832] 3a6eec0b-b14b-469e-88ed-3f2c9096f4a7: 73 internal nodes; 3.1 s; peak memory 657 MiB.
2026-10-04T03:06:29Z INFO [1568/1832] 3a6f72e8-133e-4da6-aff0-e17462567988: 177 internal nodes; 3.5 s; peak memory 657 MiB.
2026-10-04T03:06:33Z INFO [1569/1832] 3a714c48-8b82-42d1-9fdc-bd46a5f30fd5: 208 internal nodes; 4.9 s; peak memory 657 MiB.
2026-10-04T03:06:34Z INFO [1570/1832] 3a7190b6-7119-40a2-8851-6168a13fef8e: 17 internal nodes; 0.8 s; peak memory 657 MiB.
2026-10-04T03:06:35Z INFO [1571/1832] 3a722114-9d98-4bf6-b12b-904fe7ac0935: 27 internal nodes; 0.9 s; peak memory 657 MiB.
2026-10-04T03:06:36Z INFO [1572/1832] 3a72732c-07c2-499a-aaa3-9c5f044adc60: 27 internal nodes; 1.0 s; peak memory 657 MiB.
2026-10-04T03:06:37Z INFO [1573/1832] 3a72bbeb-4ad1-4496-bfb1-9807e0e255a8: 26 internal nodes; 0.9 s; peak memory 657 MiB.
2026-10-04T03:06:38Z INFO [1574/1832] 3a7422e0-c658-42cb-bec3-a2daa92e9e79: 61 internal nodes; 1.3 s; peak memory 657 MiB.
2026-10-04T03:06:41Z INFO [1575/1832] 3a75ab97-6ffd-47a7-a5a3-8729f5c2161d: 109 internal nodes; 3.0 s; peak memory 657 MiB.
2026-10-04T03:06:42Z INFO [1576/1832] 3a773bde-3011-458c-8434-f896e9fa7009: 19 internal nodes; 0.7 s; peak memory 657 MiB.
2026-10-04T03:06:43Z INFO [1577/1832] 3a77f4b0-b98b-4fb2-833f-28baf5b696d2: 17 internal nodes; 0.9 s; peak memory 657 MiB.
2026-10-04T03:06:46Z INFO [1578/1832] 3a786b12-a62c-4525-b459-a3dcd9c52ba2: 167 internal nodes; 3.0 s; peak memory 657 MiB.
2026-10-04T03:06:46Z INFO [1579/1832] 3a787177-4d02-4b82-8f5f-b2c7ffc2bba8: 11 internal nodes; 0.5 s; peak memory 657 MiB.
2026-10-04T03:06:47Z INFO [1580/1832] 3a789473-078a-4c15-912f-0756a76d8505: 27 internal nodes; 0.9 s; peak memory 657 MiB.
2026-10-04T03:06:49Z INFO [1581/1832] 3a798f09-76b1-44af-8e7b-ca339ae8be40: 46 internal nodes; 2.2 s; peak memory 657 MiB.
2026-10-04T03:06:50Z INFO [1582/1832] 3a799800-e9d4-4ba6-b124-83cb1dc4f31b: 31 internal nodes; 1.1 s; peak memory 657 MiB.
2026-10-04T03:06:52Z INFO [1583/1832] 3a79b76d-eb6c-48cd-b712-5691005be372: 29 internal nodes; 1.1 s; peak memory 657 MiB.
2026-10-04T03:06:52Z INFO [1584/1832] 3a7a2461-77ab-485d-a8ee-7178f6b42933: 17 internal nodes; 0.7 s; peak memory 657 MiB.
2026-10-04T03:06:57Z INFO [1585/1832] 3a7ac883-7343-4b97-b3b3-30cf5d32d6e1: 59 internal nodes; 4.8 s; peak memory 657 MiB.
2026-10-04T03:06:58Z INFO [1586/1832] 3a7aed86-09f5-48c8-844d-dfca74e94ec8: 27 internal nodes; 0.9 s; peak memory 657 MiB.
2026-10-04T03:06:59Z INFO [1587/1832] 3a7b489e-92fa-4765-a47e-11922eee8538: 17 internal nodes; 0.7 s; peak memory 657 MiB.
2026-10-04T03:06:59Z INFO [1588/1832] 3a7bc97d-ebf8-4436-8f1e-35f5b00466bc: 25 internal nodes; 0.6 s; peak memory 657 MiB.
2026-10-04T03:07:01Z INFO [1589/1832] 3a7dd24f-00ba-4ed4-8304-8f2b2759c447: 44 internal nodes; 2.0 s; peak memory 657 MiB.
2026-10-04T03:07:02Z INFO [1590/1832] 3a7dd3ff-a5c1-42aa-bce7-44af77ead061: 90 internal nodes; 0.7 s; peak memory 657 MiB.
2026-10-04T03:07:07Z INFO [1591/1832] 3a7fd131-763d-4b1d-825a-2fb134253cee: 201 internal nodes; 5.4 s; peak memory 657 MiB.
2026-10-04T03:07:09Z INFO [1592/1832] 3a80e0b4-94b5-4a4d-95d7-fe48177dd480: 44 internal nodes; 1.9 s; peak memory 657 MiB.
2026-10-04T03:07:10Z INFO [1593/1832] 3a829dec-6e5a-46fd-a918-fae6dc586f93: 31 internal nodes; 1.1 s; peak memory 657 MiB.
2026-10-04T03:07:42Z INFO [1594/1832] 3a82a919-68b4-4584-95c0-a06520b4664a: 911 internal nodes; 31.3 s; peak memory 657 MiB.
2026-10-04T03:07:42Z INFO [1595/1832] 3a82c49d-0b15-45cb-ba3e-5a5cebb20d38: 17 internal nodes; 0.8 s; peak memory 657 MiB.
2026-10-04T03:07:59Z INFO [1596/1832] 3a8307b6-5b2b-4cde-8222-613d21976271: 136 internal nodes; 16.5 s; peak memory 657 MiB.
2026-10-04T03:08:06Z INFO [1597/1832] 3a83145d-3858-43ff-a5b7-07728024d17c: 71 internal nodes; 7.4 s; peak memory 657 MiB.
2026-10-04T03:08:10Z INFO [1598/1832] 3a831d4c-9154-406b-a3dc-061fc2b2797a: 95 internal nodes; 4.1 s; peak memory 657 MiB.
2026-10-04T03:08:11Z INFO [1599/1832] 3a8343a3-dfcf-490d-97c7-d2caff66ed57: 11 internal nodes; 0.7 s; peak memory 657 MiB.
2026-10-04T03:08:12Z INFO [1600/1832] 3a835bf3-ddc9-4abf-bb86-df21b93eea98: 19 internal nodes; 0.8 s; peak memory 657 MiB.
2026-10-04T03:08:12Z INFO [1600/1832] 3a835bf3-ddc9-4abf-bb86-df21b93eea98: checkpointed 75120 records.
2026-10-04T03:08:13Z INFO [1601/1832] 3a864c8c-35f4-4118-b7b1-ea2ac3da81df: 27 internal nodes; 0.6 s; peak memory 657 MiB.
2026-10-04T03:08:13Z INFO [1602/1832] 3a86631b-eaf8-41e7-a219-7e360b063316: 26 internal nodes; 0.7 s; peak memory 657 MiB.
2026-10-04T03:08:14Z INFO [1603/1832] 3a867055-993b-44d6-9128-7977deaad8b7: 58 internal nodes; 0.9 s; peak memory 657 MiB.
2026-10-04T03:08:15Z INFO [1604/1832] 3a86a541-6a6b-4b03-bfd3-868ac5a02b49: 17 internal nodes; 0.7 s; peak memory 657 MiB.
2026-10-04T03:08:16Z INFO [1605/1832] 3a8701e6-4c55-48e0-be8d-e88dbf824659: 27 internal nodes; 1.0 s; peak memory 657 MiB.
2026-10-04T03:08:17Z INFO [1606/1832] 3a882d69-4e2b-4e90-a154-fb8f59f2ee68: 17 internal nodes; 0.7 s; peak memory 657 MiB.
2026-10-04T03:08:21Z INFO [1607/1832] 3a883a9b-a341-4b86-b306-ed8cbe6aa95d: 177 internal nodes; 4.7 s; peak memory 657 MiB.
2026-10-04T03:08:22Z INFO [1608/1832] 3a8880ed-bec2-4e59-9181-735a0c1344e4: 11 internal nodes; 0.5 s; peak memory 657 MiB.
2026-10-04T03:08:24Z INFO [1609/1832] 3a88d825-8cc0-483d-97df-a8747495edc7: 44 internal nodes; 2.2 s; peak memory 657 MiB.
2026-10-04T03:08:25Z INFO [1610/1832] 3a88ff1b-ec42-4e8f-9824-64c13400f50f: 19 internal nodes; 0.7 s; peak memory 657 MiB.
2026-10-04T03:08:26Z INFO [1611/1832] 3a89e09e-e1a8-41a9-931a-9c3bf76b81fc: 114 internal nodes; 0.8 s; peak memory 657 MiB.
2026-10-04T03:08:26Z INFO [1612/1832] 3a8a1c25-55cd-4305-90d9-46cef0b19893: 27 internal nodes; 0.8 s; peak memory 657 MiB.
2026-10-04T03:08:27Z INFO [1613/1832] 3a8a2434-c6bb-43fb-8ac2-19094722b9d2: 27 internal nodes; 0.8 s; peak memory 657 MiB.
2026-10-04T03:08:28Z INFO [1614/1832] 3a8a89c8-46ef-4ec0-ba8e-bcf5cf81fd1d: 114 internal nodes; 0.7 s; peak memory 657 MiB.
2026-10-04T03:08:29Z INFO [1615/1832] 3a8ac81d-931f-4290-9da1-92e41095ac0d: 44 internal nodes; 1.6 s; peak memory 657 MiB.
2026-10-04T03:08:31Z INFO [1616/1832] 3a8acc8b-e31e-4627-84e4-fc10a7f3015a: 67 internal nodes; 1.4 s; peak memory 657 MiB.
2026-10-04T03:08:32Z INFO [1617/1832] 3a8ba7c2-4032-4d24-a8e9-26a85525eef7: 31 internal nodes; 1.0 s; peak memory 657 MiB.
2026-10-04T03:08:33Z INFO [1618/1832] 3a8bd1fe-7689-42f0-9fce-bc23f94ee44f: 27 internal nodes; 0.9 s; peak memory 657 MiB.
2026-10-04T03:08:33Z INFO [1619/1832] 3a8c1664-96c0-46d6-99f0-3ef047c74a76: 18 internal nodes; 0.8 s; peak memory 657 MiB.
2026-10-04T03:08:34Z INFO [1620/1832] 3a8cc3ba-f9a1-45d9-b330-5e74256826be: 13 internal nodes; 0.6 s; peak memory 657 MiB.
2026-10-04T03:08:35Z INFO [1621/1832] 3a8cdf71-6797-4086-96ad-6e6b97a22d21: 27 internal nodes; 0.9 s; peak memory 657 MiB.
2026-10-04T03:08:37Z INFO [1622/1832] 3a8d053b-4c2d-42f9-b486-9b244739690e: 46 internal nodes; 2.5 s; peak memory 657 MiB.
2026-10-04T03:08:38Z INFO [1623/1832] 3a8d7e12-5e03-4d80-9994-3fd77fce2b07: 17 internal nodes; 0.7 s; peak memory 657 MiB.
2026-10-04T03:08:44Z INFO [1624/1832] 3a8df72f-cdf5-4de1-826f-19f8f3fdd4f3: 183 internal nodes; 5.8 s; peak memory 657 MiB.
2026-10-04T03:08:49Z INFO [1625/1832] 3a8e1084-1c9a-449b-a753-6098d26bdcd5: 214 internal nodes; 5.3 s; peak memory 657 MiB.
2026-10-04T03:08:50Z INFO [1626/1832] 3a8e1cb3-c280-405d-a5f8-39d7812cc899: 21 internal nodes; 0.8 s; peak memory 657 MiB.
2026-10-04T03:08:51Z INFO [1627/1832] 3a8e644b-568b-4d31-a54a-e29031112f0f: 86 internal nodes; 1.1 s; peak memory 657 MiB.
2026-10-04T03:08:52Z INFO [1628/1832] 3a8eb518-0756-4c63-b3e6-31e6a79365e4: 31 internal nodes; 1.1 s; peak memory 657 MiB.
2026-10-04T03:08:53Z INFO [1629/1832] 3a8fd076-8453-44d3-a7b8-d1c4eb0035a7: 37 internal nodes; 1.3 s; peak memory 657 MiB.
2026-10-04T03:08:54Z INFO [1630/1832] 3a901bc5-a142-4817-8cc1-bd5a3f17f22e: 17 internal nodes; 0.9 s; peak memory 657 MiB.
2026-10-04T03:08:55Z INFO [1631/1832] 3a903b09-4e9f-419e-8860-c084b8a16f49: 27 internal nodes; 0.6 s; peak memory 657 MiB.
2026-10-04T03:09:03Z INFO [1632/1832] 3a905188-85c9-4701-a199-ec8719fe6474: 245 internal nodes; 7.9 s; peak memory 657 MiB.
2026-10-04T03:09:09Z INFO [1633/1832] 3a90bbec-bfe0-40a9-af5e-962a78ed62cd: 207 internal nodes; 6.5 s; peak memory 657 MiB.
2026-10-04T03:09:10Z INFO [1634/1832] 3a90f75e-6c0d-40a4-8e75-393ba3e5fa86: 31 internal nodes; 1.1 s; peak memory 657 MiB.
2026-10-04T03:09:11Z INFO [1635/1832] 3a912fca-9f24-4f96-a59f-bd67beaa91c5: 17 internal nodes; 0.7 s; peak memory 657 MiB.
2026-10-04T03:09:12Z INFO [1636/1832] 3a917938-8d8d-495a-a7b3-17a2bc93347c: 27 internal nodes; 0.8 s; peak memory 657 MiB.
2026-10-04T03:09:13Z INFO [1637/1832] 3a9454f6-eee3-492c-87ef-e0db3789b3c3: 41 internal nodes; 1.1 s; peak memory 657 MiB.
2026-10-04T03:09:14Z INFO [1638/1832] 3a9568e5-c75f-40b9-8b3a-887e6e0a3cb7: 29 internal nodes; 1.0 s; peak memory 657 MiB.
2026-10-04T03:09:15Z INFO [1639/1832] 3a957273-d2d5-4912-a8ef-ab178edbecc8: 31 internal nodes; 1.0 s; peak memory 657 MiB.
2026-10-04T03:09:20Z INFO [1640/1832] 3a95bbe9-455c-4861-a955-0c50588dce12: 66 internal nodes; 5.5 s; peak memory 657 MiB.
2026-10-04T03:09:21Z INFO [1641/1832] 3a963862-51b0-4e43-abac-218a871738f5: 17 internal nodes; 0.6 s; peak memory 657 MiB.
2026-10-04T03:09:22Z INFO [1642/1832] 3a964c99-4498-48ee-b3d6-9f6f886ace4a: 19 internal nodes; 1.3 s; peak memory 657 MiB.
2026-10-04T03:09:24Z INFO [1643/1832] 3a96b1e2-89de-4462-81e0-5831b640cd30: 20 internal nodes; 1.4 s; peak memory 657 MiB.
2026-10-04T03:09:25Z INFO [1644/1832] 3a96ddaa-f7e9-485d-a587-0179b2079c4c: 19 internal nodes; 0.9 s; peak memory 657 MiB.
2026-10-04T03:09:26Z INFO [1645/1832] 3a978dcc-4c92-4f84-b57e-90c5921f78ec: 31 internal nodes; 1.4 s; peak memory 657 MiB.
2026-10-04T03:09:27Z INFO [1646/1832] 3a97f7bf-c391-48d9-b1f5-c77fc4c53a0e: 26 internal nodes; 0.7 s; peak memory 657 MiB.
2026-10-04T03:09:27Z INFO [1647/1832] 3a983095-a46f-4e07-b6b6-c5da9a9a72c9: 17 internal nodes; 0.7 s; peak memory 657 MiB.
2026-10-04T03:09:29Z INFO [1648/1832] 3a991eb0-181f-49e1-8507-2218e96da70f: 37 internal nodes; 1.1 s; peak memory 657 MiB.
2026-10-04T03:09:30Z INFO [1649/1832] 3a9962d3-078d-4051-a5ff-655a10012486: 31 internal nodes; 1.2 s; peak memory 657 MiB.
2026-10-04T03:09:32Z INFO [1650/1832] 3a99dd98-94af-4589-8254-13f9c28dcdcc: 40 internal nodes; 2.2 s; peak memory 657 MiB.
2026-10-04T03:09:32Z INFO [1650/1832] 3a99dd98-94af-4589-8254-13f9c28dcdcc: checkpointed 75170 records.
2026-10-04T03:09:33Z INFO [1651/1832] 3a9a76f5-ce2d-4ec3-b063-5633b025049b: 61 internal nodes; 1.1 s; peak memory 657 MiB.
2026-10-04T03:09:35Z INFO [1652/1832] 3a9b9b52-59fd-452d-829c-7a9f115ae237: 72 internal nodes; 1.5 s; peak memory 657 MiB.
2026-10-04T03:09:40Z INFO [1653/1832] 3a9bdc61-7902-4869-8fe7-d71fab7c9bd2: 129 internal nodes; 5.1 s; peak memory 657 MiB.
2026-10-04T03:09:41Z INFO [1654/1832] 3a9bfb14-df2b-41e1-a881-0e0b903177b3: 20 internal nodes; 0.8 s; peak memory 657 MiB.
2026-10-04T03:09:42Z INFO [1655/1832] 3a9c115f-a584-4a53-872d-9872ab3d1601: 28 internal nodes; 1.0 s; peak memory 657 MiB.
2026-10-04T03:09:52Z INFO [1656/1832] 3a9fc253-465c-40e1-833c-b4bd60de28b6: 570 internal nodes; 10.4 s; peak memory 657 MiB.
2026-10-04T03:09:53Z INFO [1657/1832] 3a9fd95b-4020-4491-bde4-e9fbb61b41e2: 27 internal nodes; 0.7 s; peak memory 657 MiB.
2026-10-04T03:09:53Z INFO [1658/1832] 3aa0fe9e-b14f-4f89-83e8-b90daa0a718e: 11 internal nodes; 0.5 s; peak memory 657 MiB.
2026-10-04T03:09:54Z INFO [1659/1832] 3aa16375-118c-45db-985d-c838b0ce18e7: 17 internal nodes; 0.7 s; peak memory 657 MiB.
2026-10-04T03:09:55Z INFO [1660/1832] 3aa1af97-3fdf-4a8a-b5c0-cb39fb9e0037: 63 internal nodes; 1.1 s; peak memory 657 MiB.
2026-10-04T03:09:56Z INFO [1661/1832] 3aa26cc8-130e-404c-84a0-26905a014657: 115 internal nodes; 0.8 s; peak memory 657 MiB.
2026-10-04T03:09:57Z INFO [1662/1832] 3aa2946d-3623-462c-ad66-31fad34bbfa4: 53 internal nodes; 1.2 s; peak memory 657 MiB.
2026-10-04T03:09:58Z INFO [1663/1832] 3aa2eaea-f640-44c7-a31c-926dbe601f36: 12 internal nodes; 0.7 s; peak memory 657 MiB.
2026-10-04T03:09:59Z INFO [1664/1832] 3aa35148-225e-47c3-aa62-cb3c1e8408a3: 17 internal nodes; 0.8 s; peak memory 657 MiB.
2026-10-04T03:10:02Z INFO [1665/1832] 3aa36c0c-d432-436d-971e-67d4cbbc335a: 126 internal nodes; 3.1 s; peak memory 657 MiB.
2026-10-04T03:10:02Z INFO [1666/1832] 3aa50c39-7919-430d-9d75-4e3e3b69d113: 17 internal nodes; 0.7 s; peak memory 657 MiB.
2026-10-04T03:10:08Z INFO [1667/1832] 3aa68cae-93dd-41b6-bdd4-ea159eb49c5c: 182 internal nodes; 5.9 s; peak memory 657 MiB.
2026-10-04T03:10:15Z INFO [1668/1832] 3aa710a5-5673-47d0-8c2e-b61c37870fe7: 63 internal nodes; 6.7 s; peak memory 657 MiB.
2026-10-04T03:10:16Z INFO [1669/1832] 3aa7b38d-ebf7-4c35-b39c-0f6e0482a1f3: 18 internal nodes; 0.7 s; peak memory 657 MiB.
2026-10-04T03:10:37Z INFO [1670/1832] 3aa80911-64ea-436c-b13c-6595e15c41ea: 3856 internal nodes; 21.4 s; peak memory 657 MiB.
2026-10-04T03:10:39Z INFO [1671/1832] 3aa85e4b-6b97-4a50-82a4-84dad9276641: 56 internal nodes; 2.1 s; peak memory 657 MiB.
2026-10-04T03:10:40Z INFO [1672/1832] 3aa8eeac-b253-4754-a814-3318d6a5c353: 17 internal nodes; 0.7 s; peak memory 657 MiB.
2026-10-04T03:10:41Z INFO [1673/1832] 3aa99965-e6a0-4fb4-939b-49d1dfe0223c: 17 internal nodes; 0.9 s; peak memory 657 MiB.
2026-10-04T03:10:42Z INFO [1674/1832] 3aa9d566-aea6-4427-8cfc-db708717adfc: 27 internal nodes; 1.0 s; peak memory 657 MiB.
2026-10-04T03:10:43Z INFO [1675/1832] 3aa9e0d4-4e81-4989-aee9-7359f4b67a71: 27 internal nodes; 0.9 s; peak memory 657 MiB.
2026-10-04T03:10:43Z INFO [1676/1832] 3aaa234b-096d-4800-a531-d2aa98c9f994: 17 internal nodes; 0.8 s; peak memory 657 MiB.
2026-10-04T03:10:44Z INFO [1677/1832] 3aaa4fe7-612a-4660-97c0-883c7dffc8c7: 17 internal nodes; 0.6 s; peak memory 657 MiB.
2026-10-04T03:10:45Z INFO [1678/1832] 3aaa50f8-caf6-489a-9d25-bbf95bcbe24b: 38 internal nodes; 1.0 s; peak memory 657 MiB.
2026-10-04T03:10:45Z INFO [1679/1832] 3aab1920-f13d-4823-a4d2-8230a32d3907: 11 internal nodes; 0.5 s; peak memory 657 MiB.
2026-10-04T03:10:46Z INFO [1680/1832] 3aab2559-1cc0-47bb-8032-53f2785c1dfe: 28 internal nodes; 0.8 s; peak memory 657 MiB.
2026-10-04T03:10:48Z INFO [1681/1832] 3aac8be8-51f5-41fb-ac6c-18360aa67e5d: 31 internal nodes; 1.3 s; peak memory 657 MiB.
2026-10-04T03:10:48Z INFO [1682/1832] 3aacfc35-b60d-4563-ba9f-5ab9d2811626: 53 internal nodes; 0.9 s; peak memory 657 MiB.
2026-10-04T03:10:55Z INFO [1683/1832] 3aad324c-2085-4beb-b428-b35cefec5b30: 168 internal nodes; 6.4 s; peak memory 657 MiB.
2026-10-04T03:10:56Z INFO [1684/1832] 3aad500d-ffd2-4009-bd9c-e31f75aa8928: 27 internal nodes; 1.0 s; peak memory 657 MiB.
2026-10-04T03:10:57Z INFO [1685/1832] 3aadb316-d5c4-4c23-a585-b202186567db: 31 internal nodes; 1.1 s; peak memory 657 MiB.
2026-10-04T03:10:58Z INFO [1686/1832] 3aae94ba-23c3-4f4d-832e-186d8f900aaa: 83 internal nodes; 0.7 s; peak memory 657 MiB.
2026-10-04T03:10:58Z INFO [1687/1832] 3aaeaee9-b707-4f71-a785-0230a6c99123: 17 internal nodes; 0.6 s; peak memory 657 MiB.
2026-10-04T03:10:59Z INFO [1688/1832] 3aaf198a-373d-4700-ac57-f09e59df1533: 27 internal nodes; 0.8 s; peak memory 657 MiB.
2026-10-04T03:11:01Z INFO [1689/1832] 3aaf2d38-3a5c-4d71-abf4-2d8f1177febf: 37 internal nodes; 1.4 s; peak memory 657 MiB.
2026-10-04T03:11:01Z INFO [1690/1832] 3aaf4c2c-c414-43f9-a80e-fb70865be807: 13 internal nodes; 0.7 s; peak memory 657 MiB.
2026-10-04T03:11:08Z INFO [1691/1832] 3aafb4ba-e1e8-4536-9a28-116b3fca2bc5: 239 internal nodes; 6.6 s; peak memory 657 MiB.
2026-10-04T03:11:08Z INFO [1692/1832] 3ab08115-d368-4e2d-b98c-66b3a4dbe3c9: 13 internal nodes; 0.6 s; peak memory 657 MiB.
2026-10-04T03:11:14Z INFO [1693/1832] 3ab18705-bd73-4636-bae1-19e2b825ad6a: 192 internal nodes; 5.9 s; peak memory 657 MiB.
2026-10-04T03:11:16Z INFO [1694/1832] 3ab1b16c-4f1b-46f2-bd2b-6bab8fe21b75: 31 internal nodes; 1.3 s; peak memory 657 MiB.
2026-10-04T03:11:17Z INFO [1695/1832] 3ab1e338-bfb3-42d5-98a2-39ad2a20c7c0: 59 internal nodes; 1.1 s; peak memory 657 MiB.
2026-10-04T03:11:17Z INFO [1696/1832] 3ab26a95-1e0b-464e-a6d7-a34ccfcb75d6: 17 internal nodes; 0.5 s; peak memory 657 MiB.
2026-10-04T03:11:19Z INFO [1697/1832] 3ab2f23e-872c-4e9c-8e9b-027018b7e35b: 46 internal nodes; 2.1 s; peak memory 657 MiB.
2026-10-04T03:11:20Z INFO [1698/1832] 3ab45635-a0bb-4b20-a12e-c0e5143b46cf: 11 internal nodes; 0.6 s; peak memory 657 MiB.
2026-10-04T03:11:21Z INFO [1699/1832] 3ab64024-891e-4876-8293-f9364f15d903: 27 internal nodes; 0.8 s; peak memory 657 MiB.
2026-10-04T03:11:22Z INFO [1700/1832] 3ab737a0-1b6a-4a54-ad7f-b3178bcd5e9b: 17 internal nodes; 0.7 s; peak memory 657 MiB.
2026-10-04T03:11:22Z INFO [1700/1832] 3ab737a0-1b6a-4a54-ad7f-b3178bcd5e9b: checkpointed 75220 records.
2026-10-04T03:11:24Z INFO [1701/1832] 3ab79e79-3b18-494b-888c-6103d283c6ea: 107 internal nodes; 2.1 s; peak memory 657 MiB.
2026-10-04T03:11:25Z INFO [1702/1832] 3ab82ede-c936-4fa9-adb8-b7eb9b399098: 30 internal nodes; 1.6 s; peak memory 657 MiB.
2026-10-04T03:11:26Z INFO [1703/1832] 3ab85554-c4ca-4862-a1d4-179a9dbf9fb9: 15 internal nodes; 0.4 s; peak memory 657 MiB.
2026-10-04T03:11:27Z INFO [1704/1832] 3ab86cac-e888-4013-8b52-2e1fe21abe50: 67 internal nodes; 1.1 s; peak memory 657 MiB.
2026-10-04T03:11:28Z INFO [1705/1832] 3ab89af3-a6c1-4645-92b2-afd86b790194: 17 internal nodes; 0.6 s; peak memory 657 MiB.
2026-10-04T03:11:29Z INFO [1706/1832] 3ab8b259-53f1-4275-b348-3728d972f236: 29 internal nodes; 1.4 s; peak memory 657 MiB.
2026-10-04T03:11:30Z INFO [1707/1832] 3ab8dbb2-0227-4ab4-85fd-20b03b6c8799: 23 internal nodes; 1.0 s; peak memory 657 MiB.
2026-10-04T03:11:38Z INFO [1708/1832] 3ab8f73d-7a81-4459-a77b-2d970a3c0823: 175 internal nodes; 7.6 s; peak memory 657 MiB.
2026-10-04T03:11:38Z INFO [1709/1832] 3ab944f6-b466-4819-b7a3-ee49c0708ccd: 17 internal nodes; 0.7 s; peak memory 657 MiB.
2026-10-04T03:11:39Z INFO [1710/1832] 3ab98a3c-a90a-46c3-b9ea-1e8526dc0637: 31 internal nodes; 1.1 s; peak memory 657 MiB.
2026-10-04T03:11:40Z INFO [1711/1832] 3aba84e9-b2fc-4b27-8b80-5ccd693aa650: 17 internal nodes; 0.8 s; peak memory 657 MiB.
2026-10-04T03:11:43Z INFO [1712/1832] 3abccbee-b618-4d3e-a582-4c6114d3c3fc: 124 internal nodes; 3.0 s; peak memory 657 MiB.
2026-10-04T03:12:36Z INFO [1713/1832] 3abd4bfe-49be-45fa-991a-57d9b705e847: 1983 internal nodes; 52.3 s; peak memory 657 MiB.
2026-10-04T03:12:37Z INFO [1714/1832] 3abd4ea6-da9d-44c8-9e6c-cf9952feb9eb: 26 internal nodes; 1.0 s; peak memory 657 MiB.
2026-10-04T03:12:37Z INFO [1715/1832] 3abd9611-cc1c-4e92-8a8b-ff39af840f20: 15 internal nodes; 0.6 s; peak memory 657 MiB.
2026-10-04T03:12:38Z INFO [1716/1832] 3abdc5d1-a506-44ae-9282-30a628bd06c6: 31 internal nodes; 1.2 s; peak memory 657 MiB.
2026-10-04T03:12:39Z INFO [1717/1832] 3abe5380-458f-42ed-833e-156c00087082: 27 internal nodes; 0.7 s; peak memory 657 MiB.
2026-10-04T03:12:40Z INFO [1718/1832] 3abede41-28aa-47e7-9edf-59d0ebbe4eeb: 28 internal nodes; 0.8 s; peak memory 657 MiB.
2026-10-04T03:12:41Z INFO [1719/1832] 3ac01e91-068a-4df6-a98d-af848afb1fbe: 27 internal nodes; 0.9 s; peak memory 657 MiB.
2026-10-04T03:12:42Z INFO [1720/1832] 3ac04e8d-b427-4e79-aaf1-6ad59e934846: 58 internal nodes; 1.2 s; peak memory 657 MiB.
2026-10-04T03:12:45Z INFO [1721/1832] 3ac0cb0f-bfe1-4094-ac8c-2c945394d244: 59 internal nodes; 2.8 s; peak memory 657 MiB.
2026-10-04T03:12:46Z INFO [1722/1832] 3ac0ee92-035c-4ce6-9ead-36f68d83750e: 47 internal nodes; 1.6 s; peak memory 657 MiB.
2026-10-04T03:12:47Z INFO [1723/1832] 3ac0f22d-bed0-412b-8e25-0d2b185bdf25: 27 internal nodes; 0.9 s; peak memory 657 MiB.
2026-10-04T03:12:51Z INFO [1724/1832] 3ac11fbb-1560-4c8e-97b5-886235fa46f4: 142 internal nodes; 3.9 s; peak memory 657 MiB.
2026-10-04T03:12:52Z INFO [1725/1832] 3ac240e2-7eb0-43c2-8315-4c5e8d7b1874: 17 internal nodes; 0.8 s; peak memory 657 MiB.
2026-10-04T03:12:58Z INFO [1726/1832] 3ac29964-9148-4ecb-8262-b46989a77818: 226 internal nodes; 6.5 s; peak memory 657 MiB.
2026-10-04T03:12:59Z INFO [1727/1832] 3ac31dbb-ac60-4b63-ae98-d8a95abebdc5: 15 internal nodes; 0.6 s; peak memory 657 MiB.
2026-10-04T03:13:00Z INFO [1728/1832] 3ac54b99-f902-4920-a008-8953b76a2a24: 17 internal nodes; 0.8 s; peak memory 657 MiB.
2026-10-04T03:13:01Z INFO [1729/1832] 3ac569bd-2637-4bbf-81c8-de83bc665a6b: 31 internal nodes; 1.1 s; peak memory 657 MiB.
2026-10-04T03:13:02Z INFO [1730/1832] 3ac5c818-a074-40e9-9f8f-c8b7c1811eec: 18 internal nodes; 0.7 s; peak memory 657 MiB.
2026-10-04T03:13:02Z INFO [1731/1832] 3ac6744b-9d41-41d6-99cd-77e9b26edfe7: 27 internal nodes; 0.7 s; peak memory 657 MiB.
2026-10-04T03:13:03Z INFO [1732/1832] 3ac6a1b9-db08-4949-a923-aeeaf631c10c: 17 internal nodes; 0.7 s; peak memory 657 MiB.
2026-10-04T03:13:10Z INFO [1733/1832] 3ac6a9db-52d9-413f-81db-0b9de7e729af: 125 internal nodes; 7.3 s; peak memory 657 MiB.
2026-10-04T03:13:12Z INFO [1734/1832] 3ac6cb66-d636-492a-8459-fa26a8e2c937: 50 internal nodes; 2.2 s; peak memory 657 MiB.
2026-10-04T03:13:13Z INFO [1735/1832] 3ac6d28b-2a88-411d-b90a-8394d04a6026: 27 internal nodes; 0.8 s; peak memory 657 MiB.
2026-10-04T03:13:14Z INFO [1736/1832] 3ac74548-fdd2-49bd-abef-1ff65772c824: 31 internal nodes; 0.9 s; peak memory 657 MiB.
2026-10-04T03:13:16Z INFO [1737/1832] 3ac750da-3b64-4f90-97d2-2b4b9c339612: 44 internal nodes; 1.6 s; peak memory 657 MiB.
2026-10-04T03:13:24Z INFO [1738/1832] 3ac8df5b-4b59-43be-a377-e642a824a12c: 97 internal nodes; 8.6 s; peak memory 657 MiB.
2026-10-04T03:13:25Z INFO [1739/1832] 3ac98a57-bb9c-42f3-8625-5d68a3d0f818: 22 internal nodes; 1.0 s; peak memory 657 MiB.
2026-10-04T03:13:26Z INFO [1740/1832] 3ac9b8a7-6f41-4794-aafd-09443378d412: 58 internal nodes; 0.7 s; peak memory 657 MiB.
2026-10-04T03:13:27Z INFO [1741/1832] 3acb76c0-9548-4353-afc1-56cceee7758b: 90 internal nodes; 1.1 s; peak memory 657 MiB.
2026-10-04T03:13:28Z INFO [1742/1832] 3acc0cf7-a82a-4ea5-b1e3-3be8fd2672b4: 35 internal nodes; 1.2 s; peak memory 657 MiB.
2026-10-04T03:13:29Z INFO [1743/1832] 3acdbf5a-5133-4579-ae59-ed373087d8a8: 58 internal nodes; 0.9 s; peak memory 657 MiB.
2026-10-04T03:13:30Z INFO [1744/1832] 3acdc5bf-4049-4996-8c57-78043f8bd906: 17 internal nodes; 0.6 s; peak memory 657 MiB.
2026-10-04T03:13:31Z INFO [1745/1832] 3acdca6e-2a50-49ce-b109-5de49e5b0482: 17 internal nodes; 0.8 s; peak memory 657 MiB.
2026-10-04T03:13:35Z INFO [1746/1832] 3acf838b-ee16-4499-a207-76148c2f7c69: 177 internal nodes; 4.6 s; peak memory 657 MiB.
2026-10-04T03:13:36Z INFO [1747/1832] 3ad063b0-c016-4831-a48f-da636156bca1: 26 internal nodes; 0.5 s; peak memory 657 MiB.
2026-10-04T03:13:37Z INFO [1748/1832] 3ad0e921-5d19-4076-a16b-94f801a28bd5: 60 internal nodes; 1.1 s; peak memory 657 MiB.
2026-10-04T03:13:41Z INFO [1749/1832] 3ad10fce-4e9a-4899-ae93-eb81ff30e751: 73 internal nodes; 3.9 s; peak memory 657 MiB.
2026-10-04T03:13:42Z INFO [1750/1832] 3ad138d3-0e08-4170-9748-d6891722e571: 58 internal nodes; 1.4 s; peak memory 657 MiB.
2026-10-04T03:13:42Z INFO [1750/1832] 3ad138d3-0e08-4170-9748-d6891722e571: checkpointed 75270 records.
2026-10-04T03:13:43Z INFO [1751/1832] 3ad18cc0-7955-4f89-b19b-3cb123c10e6d: 13 internal nodes; 0.6 s; peak memory 657 MiB.
2026-10-04T03:13:44Z INFO [1752/1832] 3ad21297-857f-43bf-ae57-627227a79eb7: 27 internal nodes; 0.8 s; peak memory 657 MiB.
2026-10-04T03:13:45Z INFO [1753/1832] 3ad22142-fa21-44b0-8c92-f4be63ed50cd: 17 internal nodes; 0.8 s; peak memory 657 MiB.
2026-10-04T03:13:50Z INFO [1754/1832] 3ad2d4f1-4aaa-4730-bdac-e3e4932944cd: 178 internal nodes; 5.9 s; peak memory 657 MiB.
2026-10-04T03:13:51Z INFO [1755/1832] 3ad3f62d-797c-4954-84fc-e5982cf47e90: 11 internal nodes; 0.5 s; peak memory 657 MiB.
2026-10-04T03:13:52Z INFO [1756/1832] 3ad401e6-7609-45b6-8254-c81432d30efb: 19 internal nodes; 0.8 s; peak memory 657 MiB.
2026-10-04T03:13:53Z INFO [1757/1832] 3ad4738a-a895-43c6-aeac-e0216a4651e2: 27 internal nodes; 0.8 s; peak memory 657 MiB.
2026-10-04T03:13:53Z INFO [1758/1832] 3ad47514-88aa-4eca-a2ef-5277755c4635: 17 internal nodes; 0.7 s; peak memory 657 MiB.
2026-10-04T03:13:58Z INFO [1759/1832] 3ad52080-b5f9-498b-8cbe-18ac7c0e1de1: 160 internal nodes; 4.8 s; peak memory 657 MiB.
2026-10-04T03:13:59Z INFO [1760/1832] 3ad5d716-9a75-456a-b203-ac423c220322: 17 internal nodes; 0.7 s; peak memory 657 MiB.
2026-10-04T03:14:09Z INFO [1761/1832] 3ad6d6a8-ed73-4480-a60c-95c0dd0e48f7: 280 internal nodes; 9.9 s; peak memory 657 MiB.
2026-10-04T03:14:09Z INFO [1762/1832] 3ad78e81-c7c6-4385-b232-c4cdb854d816: 17 internal nodes; 0.6 s; peak memory 657 MiB.
2026-10-04T03:14:10Z INFO [1763/1832] 3ad7f7ed-afa9-4b35-9ab6-d84d00c32aad: 16 internal nodes; 0.7 s; peak memory 657 MiB.
2026-10-04T03:14:12Z INFO [1764/1832] 3ad8850f-95f6-4385-959d-f2124a666550: 44 internal nodes; 2.0 s; peak memory 657 MiB.
2026-10-04T03:14:19Z INFO [1765/1832] 3ad88986-0001-4af4-ac99-9be4551c7966: 286 internal nodes; 7.1 s; peak memory 657 MiB.
2026-10-04T03:14:21Z INFO [1766/1832] 3ad90d4d-4c39-4392-ae88-940bd21f9608: 59 internal nodes; 1.2 s; peak memory 657 MiB.
2026-10-04T03:14:24Z INFO [1767/1832] 3adc10f5-0b08-402d-8f4d-11b2000719d4: 26 internal nodes; 3.1 s; peak memory 657 MiB.
2026-10-04T03:14:24Z INFO [1768/1832] 3adc216f-2518-4463-9a76-e5a5d5adfb8e: 17 internal nodes; 0.6 s; peak memory 657 MiB.
2026-10-04T03:14:26Z INFO [1769/1832] 3adc908b-e435-49bf-bd4c-5a270dab3853: 59 internal nodes; 1.6 s; peak memory 657 MiB.
2026-10-04T03:14:27Z INFO [1770/1832] 3adf9c15-3c0e-4c6d-a680-5329e178ea58: 17 internal nodes; 0.7 s; peak memory 657 MiB.
2026-10-04T03:14:29Z INFO [1771/1832] 3adfa0ee-6d94-4ae1-8cbe-141ef052d8db: 44 internal nodes; 2.3 s; peak memory 657 MiB.
2026-10-04T03:14:30Z INFO [1772/1832] 3adff083-3567-41c0-adbd-5384abcdfe81: 17 internal nodes; 0.7 s; peak memory 657 MiB.
2026-10-04T03:14:30Z INFO [1773/1832] 3ae0477b-715c-4326-8ad6-7f2a303ad43e: 13 internal nodes; 0.6 s; peak memory 657 MiB.
2026-10-04T03:14:31Z INFO [1774/1832] 3ae0a5d3-bf4d-4e20-a6de-3f78ba6bd63b: 17 internal nodes; 0.7 s; peak memory 657 MiB.
2026-10-04T03:14:32Z INFO [1775/1832] 3ae0b9a7-c4d2-4eb3-aa41-9cf9497fff65: 17 internal nodes; 0.8 s; peak memory 657 MiB.
2026-10-04T03:14:36Z INFO [1776/1832] 3ae20d06-d853-45d4-9740-952eee3ebc2f: 121 internal nodes; 4.0 s; peak memory 657 MiB.
2026-10-04T03:14:36Z INFO [1777/1832] 3ae2594a-8093-45a3-8638-a4365a3a8249: 27 internal nodes; 0.9 s; peak memory 657 MiB.
2026-10-04T03:14:42Z INFO [1778/1832] 3ae2d8da-4fcb-45fc-9a7f-974bc292c5e9: 60 internal nodes; 5.6 s; peak memory 657 MiB.
2026-10-04T03:14:43Z INFO [1779/1832] 3ae2eef0-ed01-402f-8819-2657f1bceec9: 31 internal nodes; 1.1 s; peak memory 657 MiB.
2026-10-04T03:14:49Z INFO [1780/1832] 3ae31127-c568-4250-9705-93187602c5c8: 22 internal nodes; 5.7 s; peak memory 657 MiB.
2026-10-04T03:14:50Z INFO [1781/1832] 3ae311b5-4b8f-4c8b-b85c-c8ca5e2f2d95: 30 internal nodes; 1.1 s; peak memory 657 MiB.
2026-10-04T03:14:52Z INFO [1782/1832] 3ae335aa-439c-49bf-b3f1-6afd3afe4c7f: 46 internal nodes; 2.2 s; peak memory 657 MiB.
2026-10-04T03:14:53Z INFO [1783/1832] 3ae3e4f9-05e5-4601-920a-0ccd79840ecb: 37 internal nodes; 1.3 s; peak memory 657 MiB.
2026-10-04T03:14:56Z INFO [1784/1832] 3ae4cc17-835e-48d0-887f-77aca4921e50: 46 internal nodes; 2.4 s; peak memory 657 MiB.
2026-10-04T03:14:57Z INFO [1785/1832] 3ae53bd4-3d28-48b9-a7a6-ca38c823aaa7: 17 internal nodes; 0.8 s; peak memory 657 MiB.
2026-10-04T03:14:57Z INFO [1786/1832] 3ae54056-1bca-4133-bbb5-297379a6ef06: 27 internal nodes; 0.8 s; peak memory 657 MiB.
2026-10-04T03:15:11Z INFO [1787/1832] 3ae544ff-c365-4dec-8ce3-ea3a284d2a85: 1131 internal nodes; 13.6 s; peak memory 657 MiB.
2026-10-04T03:15:12Z INFO [1788/1832] 3ae5dbe2-ba4d-427b-95b0-f88c5e7d48d1: 21 internal nodes; 1.0 s; peak memory 657 MiB.
2026-10-04T03:15:13Z INFO [1789/1832] 3ae6167c-291d-4b52-a025-12e72395237d: 54 internal nodes; 1.0 s; peak memory 657 MiB.
2026-10-04T03:15:14Z INFO [1790/1832] 3ae676b6-32ad-47c0-bb55-ba2417c9338b: 27 internal nodes; 0.8 s; peak memory 657 MiB.
2026-10-04T03:15:15Z INFO [1791/1832] 3ae71755-662d-46a4-824b-81eb11450e3e: 25 internal nodes; 1.2 s; peak memory 657 MiB.
2026-10-04T03:15:16Z INFO [1792/1832] 3ae71bce-e9f2-4e11-81d0-741c926750f6: 67 internal nodes; 1.3 s; peak memory 657 MiB.
2026-10-04T03:15:17Z INFO [1793/1832] 3ae74dd7-e94c-4373-b092-8ddc15ed1a37: 17 internal nodes; 0.8 s; peak memory 657 MiB.
2026-10-04T03:15:18Z INFO [1794/1832] 3ae77639-7f08-457c-9c9a-06394ab2d35e: 72 internal nodes; 1.3 s; peak memory 657 MiB.
2026-10-04T03:15:19Z INFO [1795/1832] 3ae79676-b3c6-4bef-85f8-7526d9a25b78: 36 internal nodes; 1.0 s; peak memory 657 MiB.
2026-10-04T03:15:20Z INFO [1796/1832] 3ae79d84-845b-4945-b711-ff3cc460ae20: 27 internal nodes; 0.9 s; peak memory 657 MiB.
2026-10-04T03:15:32Z INFO [1797/1832] 3ae8a1bd-db72-4741-b0fe-dc926ba7b72d: 316 internal nodes; 11.5 s; peak memory 657 MiB.
2026-10-04T03:15:34Z INFO [1798/1832] 3ae918a3-a569-4040-bb31-c67f1cb9dea7: 60 internal nodes; 1.9 s; peak memory 657 MiB.
2026-10-04T03:15:35Z INFO [1799/1832] 3ae9c266-9e62-40c8-abcb-7e0734eeec1f: 58 internal nodes; 1.0 s; peak memory 657 MiB.
2026-10-04T03:15:37Z INFO [1800/1832] 3ae9fef8-337e-4cfd-99a8-ae2bb4fdf7f3: 44 internal nodes; 1.9 s; peak memory 657 MiB.
2026-10-04T03:15:37Z INFO [1800/1832] 3ae9fef8-337e-4cfd-99a8-ae2bb4fdf7f3: checkpointed 75320 records.
2026-10-04T03:15:38Z INFO [1801/1832] 3ae9ff79-ae59-4a70-83b5-f30cbfed7d0c: 27 internal nodes; 0.9 s; peak memory 657 MiB.
2026-10-04T03:15:38Z INFO [1802/1832] 3aea1653-c670-4fbf-b3f9-704973554962: 15 internal nodes; 0.6 s; peak memory 657 MiB.
2026-10-04T03:15:44Z INFO [1803/1832] 3aeb25d1-f898-4c64-b118-56b27bb67e54: 64 internal nodes; 6.0 s; peak memory 657 MiB.
2026-10-04T03:15:45Z INFO [1804/1832] 3aeb4304-5341-4718-b426-06f5444df5aa: 17 internal nodes; 0.7 s; peak memory 657 MiB.
2026-10-04T03:15:46Z INFO [1805/1832] 3aeb509e-9d85-4be7-a89a-b18c3f0acb72: 17 internal nodes; 0.7 s; peak memory 657 MiB.
2026-10-04T03:15:47Z INFO [1806/1832] 3aeb6fff-93d1-4f0d-b37d-8ffbb85e18f0: 27 internal nodes; 0.9 s; peak memory 657 MiB.
2026-10-04T03:15:47Z INFO [1807/1832] 3aeba165-378c-4f13-9a43-6fd6f148a97c: 17 internal nodes; 0.8 s; peak memory 657 MiB.
2026-10-04T03:15:49Z INFO [1808/1832] 3aec8fb5-57fc-485b-b6a2-02706faf6cbe: 59 internal nodes; 1.2 s; peak memory 657 MiB.
2026-10-04T03:15:50Z INFO [1809/1832] 3aed0ee4-9277-4427-9233-e8dcde508ac0: 30 internal nodes; 1.1 s; peak memory 657 MiB.
2026-10-04T03:15:53Z INFO [1810/1832] 3aed3fa7-004e-4e21-a103-795b75750c0b: 155 internal nodes; 3.2 s; peak memory 657 MiB.
2026-10-04T03:15:54Z INFO [1811/1832] 3aee47ff-ed26-4240-ba34-fb2aa2b300e4: 31 internal nodes; 1.5 s; peak memory 657 MiB.
2026-10-04T03:15:56Z INFO [1812/1832] 3aef52f9-525e-4d8b-b659-8a22df6074cb: 44 internal nodes; 1.5 s; peak memory 657 MiB.
2026-10-04T03:15:57Z INFO [1813/1832] 3aefd603-d499-492a-9f2b-87c38fd61ac7: 18 internal nodes; 0.9 s; peak memory 657 MiB.
2026-10-04T03:15:58Z INFO [1814/1832] 3aefd7e2-2282-4253-b5ec-ad336b573c7e: 27 internal nodes; 1.0 s; peak memory 657 MiB.
2026-10-04T03:15:59Z INFO [1815/1832] 3aefe073-d999-47e1-8442-745671b05e16: 17 internal nodes; 0.8 s; peak memory 657 MiB.
2026-10-04T03:15:59Z INFO [1816/1832] 3af03910-5e92-44a8-b494-96da8b04a09f: 26 internal nodes; 0.7 s; peak memory 657 MiB.
2026-10-04T03:16:00Z INFO [1817/1832] 3af105f8-c8cb-45d4-bb0f-729622523c6b: 27 internal nodes; 0.8 s; peak memory 657 MiB.
2026-10-04T03:16:01Z INFO [1818/1832] 3af14250-26c6-4e53-a1a9-8b86d82e97a1: 31 internal nodes; 1.1 s; peak memory 657 MiB.
2026-10-04T03:16:02Z INFO [1819/1832] 3af21975-e855-49da-8b12-a1c3a49f8162: 18 internal nodes; 0.7 s; peak memory 657 MiB.
2026-10-04T03:16:08Z INFO [1820/1832] 3af28bfe-5c8d-4cb9-b118-8bd678a60d8a: 505 internal nodes; 6.3 s; peak memory 657 MiB.
2026-10-04T03:16:09Z INFO [1821/1832] 3af29726-185d-46bf-91c3-66860176284d: 27 internal nodes; 0.8 s; peak memory 657 MiB.
2026-10-04T03:16:10Z INFO [1822/1832] 3af2f373-3ede-4a5b-815d-b55608ac2453: 39 internal nodes; 1.4 s; peak memory 657 MiB.
2026-10-04T03:16:11Z WARNING 3b2672c0-01e2-4e2a-a6fd-09535b8afd67: failed while reading the NWB file (KeyError: 'Unable to synchronously open object (component not found)')
2026-10-04T03:16:11Z WARNING [1823/1832] 3b2672c0-01e2-4e2a-a6fd-09535b8afd67: leaving unrecorded for a later run to retry.
2026-10-04T03:16:12Z WARNING 59beae01-8c63-4353-a90b-e97078f0ecde: failed while reading the NWB file (KeyError: 'Unable to synchronously open object (component not found)')
2026-10-04T03:16:12Z WARNING [1824/1832] 59beae01-8c63-4353-a90b-e97078f0ecde: leaving unrecorded for a later run to retry.
2026-10-04T03:16:13Z WARNING 735c7449-7e23-44fa-8990-d5c55f725aa2: failed while reading the NWB file (KeyError: 'Unable to synchronously open object (component not found)')
2026-10-04T03:16:13Z WARNING [1825/1832] 735c7449-7e23-44fa-8990-d5c55f725aa2: leaving unrecorded for a later run to retry.
2026-10-04T03:16:14Z WARNING 75dc9b6e-40d1-4c10-8d75-71e6d60a1109: failed while reading the NWB file (KeyError: 'Unable to synchronously open object (component not found)')
2026-10-04T03:16:14Z WARNING [1826/1832] 75dc9b6e-40d1-4c10-8d75-71e6d60a1109: leaving unrecorded for a later run to retry.
2026-10-04T03:16:15Z WARNING 8f0183a2-f90f-4b15-8fac-1ca3a404a100: failed while reading the NWB file (KeyError: 'Unable to synchronously open object (component not found)')
2026-10-04T03:16:15Z WARNING [1827/1832] 8f0183a2-f90f-4b15-8fac-1ca3a404a100: leaving unrecorded for a later run to retry.
2026-10-04T03:16:16Z WARNING 91d0f104-6918-47ae-8959-2116c86ee157: failed while reading the NWB file (KeyError: 'Unable to synchronously open object (component not found)')
2026-10-04T03:16:16Z WARNING [1828/1832] 91d0f104-6918-47ae-8959-2116c86ee157: leaving unrecorded for a later run to retry.
2026-10-04T03:16:17Z WARNING 969e4747-5a03-4948-bad1-05be9db18f9a: failed while reading the NWB file (KeyError: 'Unable to synchronously open object (component not found)')
2026-10-04T03:16:17Z WARNING [1829/1832] 969e4747-5a03-4948-bad1-05be9db18f9a: leaving unrecorded for a later run to retry.
2026-10-04T03:16:18Z WARNING 9f0feaa9-adb3-4487-afb9-d4f49f1acdc6: failed while reading the NWB file (KeyError: 'Unable to synchronously open object (component not found)')
2026-10-04T03:16:18Z WARNING [1830/1832] 9f0feaa9-adb3-4487-afb9-d4f49f1acdc6: leaving unrecorded for a later run to retry.
2026-10-04T03:16:19Z WARNING ad5b0970-92ee-45ed-9ade-ec72ab7c0c43: failed while reading the NWB file (KeyError: 'Unable to synchronously open object (component not found)')
2026-10-04T03:16:19Z WARNING [1831/1832] ad5b0970-92ee-45ed-9ade-ec72ab7c0c43: leaving unrecorded for a later run to retry.
2026-10-04T03:16:20Z WARNING d73cb2c7-2e04-4c75-ba50-9b634dc8e8fb: failed while reading the NWB file (KeyError: 'Unable to synchronously open object (component not found)')
2026-10-04T03:16:20Z WARNING [1832/1832] d73cb2c7-2e04-4c75-ba50-9b634dc8e8fb: leaving unrecorded for a later run to retry.
2026-10-04T03:16:21Z INFO Wrote 75342 records to /tmp/derivatives/valid_nwb_file_to_out_degrees.jsonl (1807 new, 25 failed) in 64.7 min (peak memory 657 MiB).
