2026-10-08T22:31:47Z INFO Logging to /tmp/logs/update_2026-10-08T22-31-47Z.log.
2026-10-08T22:31:47Z INFO Update valid-nwb-file-to-out-degrees (base directory /tmp).
2026-10-08T22:31:48Z INFO Processing 3744 items (127113 already recorded).
2026-10-08T22:31:49Z WARNING 024ef50f-ac6f-49ea-806b-93ef4b5e8644: failed while reading the NWB file (KeyError: 'Unable to synchronously open object (component not found)')
2026-10-08T22:31:49Z WARNING [1/3744] 024ef50f-ac6f-49ea-806b-93ef4b5e8644: leaving unrecorded for a later run to retry.
2026-10-08T22:31:49Z WARNING 09073220-fbea-45d2-9a39-2cc61fcdc2a1: failed while reading the NWB file (KeyError: 'Unable to synchronously open object (component not found)')
2026-10-08T22:31:49Z WARNING [2/3744] 09073220-fbea-45d2-9a39-2cc61fcdc2a1: leaving unrecorded for a later run to retry.
2026-10-08T22:31:50Z WARNING 0dec427d-4db4-44c3-988a-c37959ceaff3: failed while reading the NWB file (KeyError: 'Unable to synchronously open object (component not found)')
2026-10-08T22:31:50Z WARNING [3/3744] 0dec427d-4db4-44c3-988a-c37959ceaff3: leaving unrecorded for a later run to retry.
2026-10-08T22:31:51Z WARNING 0f7396ad-67ec-468a-b6a6-5599cb507f54: failed while reading the NWB file (KeyError: 'Unable to synchronously open object (component not found)')
2026-10-08T22:31:51Z WARNING [4/3744] 0f7396ad-67ec-468a-b6a6-5599cb507f54: leaving unrecorded for a later run to retry.
2026-10-08T22:31:52Z WARNING 1066b3ba-83d9-4cb3-bfe3-ecf8539e2334: failed while reading the NWB file (KeyError: 'Unable to synchronously open object (component not found)')
2026-10-08T22:31:52Z WARNING [5/3744] 1066b3ba-83d9-4cb3-bfe3-ecf8539e2334: leaving unrecorded for a later run to retry.
2026-10-08T22:31:53Z WARNING 17a546c4-6425-4c56-a43e-9f9f272d299c: failed while reading the NWB file (KeyError: 'Unable to synchronously open object (component not found)')
2026-10-08T22:31:53Z WARNING [6/3744] 17a546c4-6425-4c56-a43e-9f9f272d299c: leaving unrecorded for a later run to retry.
2026-10-08T22:31:54Z WARNING 19998990-d06f-40db-8d07-c5121b317b6a: failed while reading the NWB file (KeyError: 'Unable to synchronously open object (component not found)')
2026-10-08T22:31:54Z WARNING [7/3744] 19998990-d06f-40db-8d07-c5121b317b6a: leaving unrecorded for a later run to retry.
2026-10-08T22:31:55Z WARNING 1a18ed31-9155-4512-919f-b6875d14b9f3: failed while reading the NWB file (KeyError: 'Unable to synchronously open object (component not found)')
2026-10-08T22:31:55Z WARNING [8/3744] 1a18ed31-9155-4512-919f-b6875d14b9f3: leaving unrecorded for a later run to retry.
2026-10-08T22:31:56Z WARNING 1c2fff6f-f3a7-43fb-b7e2-a33218d41614: failed while reading the NWB file (KeyError: 'Unable to synchronously open object (component not found)')
2026-10-08T22:31:56Z WARNING [9/3744] 1c2fff6f-f3a7-43fb-b7e2-a33218d41614: leaving unrecorded for a later run to retry.
2026-10-08T22:31:57Z WARNING 20b5d243-5a61-4246-a5d5-ac9d9068183d: failed while reading the NWB file (KeyError: 'Unable to synchronously open object (component not found)')
2026-10-08T22:31:57Z WARNING [10/3744] 20b5d243-5a61-4246-a5d5-ac9d9068183d: leaving unrecorded for a later run to retry.
2026-10-08T22:31:58Z WARNING 20e4b649-b593-4ee3-bd02-f0645aad7021: failed while reading the NWB file (KeyError: 'Unable to synchronously open object (component not found)')
2026-10-08T22:31:58Z WARNING [11/3744] 20e4b649-b593-4ee3-bd02-f0645aad7021: leaving unrecorded for a later run to retry.
2026-10-08T22:31:59Z WARNING 2420003b-b350-4a69-b1aa-b27f68179823: failed while reading the NWB file (KeyError: 'Unable to synchronously open object (component not found)')
2026-10-08T22:31:59Z WARNING [12/3744] 2420003b-b350-4a69-b1aa-b27f68179823: leaving unrecorded for a later run to retry.
2026-10-08T22:32:00Z WARNING 2a76c0ae-11ba-4712-bfc9-5a1534c26aeb: failed while reading the NWB file (KeyError: 'Unable to synchronously open object (component not found)')
2026-10-08T22:32:00Z WARNING [13/3744] 2a76c0ae-11ba-4712-bfc9-5a1534c26aeb: leaving unrecorded for a later run to retry.
2026-10-08T22:32:01Z WARNING 319d22c8-6c6e-41bb-9bf9-9c6773d2b2ad: failed while reading the NWB file (KeyError: 'Unable to synchronously open object (component not found)')
2026-10-08T22:32:01Z WARNING [14/3744] 319d22c8-6c6e-41bb-9bf9-9c6773d2b2ad: leaving unrecorded for a later run to retry.
2026-10-08T22:32:02Z WARNING 324ccb4d-b81e-4dbb-a29d-ef474eef0d50: failed while reading the NWB file (KeyError: 'Unable to synchronously open object (component not found)')
2026-10-08T22:32:02Z WARNING [15/3744] 324ccb4d-b81e-4dbb-a29d-ef474eef0d50: leaving unrecorded for a later run to retry.
2026-10-08T22:32:03Z WARNING 3b2672c0-01e2-4e2a-a6fd-09535b8afd67: failed while reading the NWB file (KeyError: 'Unable to synchronously open object (component not found)')
2026-10-08T22:32:03Z WARNING [16/3744] 3b2672c0-01e2-4e2a-a6fd-09535b8afd67: leaving unrecorded for a later run to retry.
2026-10-08T22:32:04Z WARNING 3dec1e5e-7a4c-4aaa-95eb-7a953aa18d59: failed while reading the NWB file (KeyError: 'Unable to synchronously open object (component not found)')
2026-10-08T22:32:04Z WARNING [17/3744] 3dec1e5e-7a4c-4aaa-95eb-7a953aa18d59: leaving unrecorded for a later run to retry.
2026-10-08T22:32:04Z WARNING 40d7f442-8923-4dd5-87cb-af432218c083: failed while reading the NWB file (KeyError: 'Unable to synchronously open object (component not found)')
2026-10-08T22:32:04Z WARNING [18/3744] 40d7f442-8923-4dd5-87cb-af432218c083: leaving unrecorded for a later run to retry.
2026-10-08T22:32:05Z WARNING 4255c687-2c9c-4ffc-83b6-08157b521931: failed while reading the NWB file (KeyError: 'Unable to synchronously open object (component not found)')
2026-10-08T22:32:05Z WARNING [19/3744] 4255c687-2c9c-4ffc-83b6-08157b521931: leaving unrecorded for a later run to retry.
2026-10-08T22:32:06Z WARNING 43addd0b-0674-4137-8eaa-9df790dee1ce: failed while reading the NWB file (KeyError: 'Unable to synchronously open object (component not found)')
2026-10-08T22:32:06Z WARNING [20/3744] 43addd0b-0674-4137-8eaa-9df790dee1ce: leaving unrecorded for a later run to retry.
2026-10-08T22:32:07Z WARNING 59beae01-8c63-4353-a90b-e97078f0ecde: failed while reading the NWB file (KeyError: 'Unable to synchronously open object (component not found)')
2026-10-08T22:32:07Z WARNING [21/3744] 59beae01-8c63-4353-a90b-e97078f0ecde: leaving unrecorded for a later run to retry.
2026-10-08T22:32:08Z WARNING 6a997180-d683-4d9d-9b90-05b7dc97c11c: failed while reading the NWB file (KeyError: 'Unable to synchronously open object (component not found)')
2026-10-08T22:32:08Z WARNING [22/3744] 6a997180-d683-4d9d-9b90-05b7dc97c11c: leaving unrecorded for a later run to retry.
2026-10-08T22:32:09Z WARNING 6aa6bd0b-2ee9-4b1c-ae04-8288b68d12ff: failed while reading the NWB file (KeyError: 'Unable to synchronously open object (component not found)')
2026-10-08T22:32:09Z WARNING [23/3744] 6aa6bd0b-2ee9-4b1c-ae04-8288b68d12ff: leaving unrecorded for a later run to retry.
2026-10-08T22:32:10Z WARNING 6aae1939-4782-4088-b5f7-42ef42d4db39: failed while reading the NWB file (KeyError: 'Unable to synchronously open object (component not found)')
2026-10-08T22:32:10Z WARNING [24/3744] 6aae1939-4782-4088-b5f7-42ef42d4db39: leaving unrecorded for a later run to retry.
2026-10-08T22:32:11Z WARNING 6d423b55-67f8-42c9-9dee-caa73708d896: failed while reading the NWB file (KeyError: 'Unable to synchronously open object (component not found)')
2026-10-08T22:32:11Z WARNING [25/3744] 6d423b55-67f8-42c9-9dee-caa73708d896: leaving unrecorded for a later run to retry.
2026-10-08T22:32:12Z WARNING 735c7449-7e23-44fa-8990-d5c55f725aa2: failed while reading the NWB file (KeyError: 'Unable to synchronously open object (component not found)')
2026-10-08T22:32:12Z WARNING [26/3744] 735c7449-7e23-44fa-8990-d5c55f725aa2: leaving unrecorded for a later run to retry.
2026-10-08T22:32:12Z WARNING 75dc9b6e-40d1-4c10-8d75-71e6d60a1109: failed while reading the NWB file (KeyError: 'Unable to synchronously open object (component not found)')
2026-10-08T22:32:12Z WARNING [27/3744] 75dc9b6e-40d1-4c10-8d75-71e6d60a1109: leaving unrecorded for a later run to retry.
2026-10-08T22:32:13Z WARNING 75e93a30-06d1-4377-ac24-e439b70138bf: failed while reading the NWB file (KeyError: 'Unable to synchronously open object (component not found)')
2026-10-08T22:32:13Z WARNING [28/3744] 75e93a30-06d1-4377-ac24-e439b70138bf: leaving unrecorded for a later run to retry.
2026-10-08T22:32:14Z WARNING 79d6c03f-a5ad-43d3-a8c3-a13e7b361f24: failed while reading the NWB file (KeyError: 'Unable to synchronously open object (component not found)')
2026-10-08T22:32:14Z WARNING [29/3744] 79d6c03f-a5ad-43d3-a8c3-a13e7b361f24: leaving unrecorded for a later run to retry.
2026-10-08T22:32:15Z WARNING 80e5eff2-6863-4038-9302-675d85163951: failed while reading the NWB file (KeyError: 'Unable to synchronously open object (component not found)')
2026-10-08T22:32:15Z WARNING [30/3744] 80e5eff2-6863-4038-9302-675d85163951: leaving unrecorded for a later run to retry.
2026-10-08T22:32:16Z WARNING 8485f502-7092-4934-80fe-dc37dd3a4c16: failed while reading the NWB file (KeyError: 'Unable to synchronously open object (component not found)')
2026-10-08T22:32:16Z WARNING [31/3744] 8485f502-7092-4934-80fe-dc37dd3a4c16: leaving unrecorded for a later run to retry.
2026-10-08T22:32:17Z WARNING 85df85c4-6672-4675-9bb8-5e82e44e0f88: failed while reading the NWB file (KeyError: 'Unable to synchronously open object (component not found)')
2026-10-08T22:32:17Z WARNING [32/3744] 85df85c4-6672-4675-9bb8-5e82e44e0f88: leaving unrecorded for a later run to retry.
2026-10-08T22:32:17Z WARNING 87fdf428-ebbd-4376-85b5-341f14f18593: failed while reading the NWB file (KeyError: 'Unable to synchronously open object (component not found)')
2026-10-08T22:32:17Z WARNING [33/3744] 87fdf428-ebbd-4376-85b5-341f14f18593: leaving unrecorded for a later run to retry.
2026-10-08T22:32:18Z WARNING 8f0183a2-f90f-4b15-8fac-1ca3a404a100: failed while reading the NWB file (KeyError: 'Unable to synchronously open object (component not found)')
2026-10-08T22:32:18Z WARNING [34/3744] 8f0183a2-f90f-4b15-8fac-1ca3a404a100: leaving unrecorded for a later run to retry.
2026-10-08T22:32:19Z WARNING 9078e86c-42d8-47e9-a68b-72aaef5868b8: failed while reading the NWB file (KeyError: 'Unable to synchronously open object (component not found)')
2026-10-08T22:32:19Z WARNING [35/3744] 9078e86c-42d8-47e9-a68b-72aaef5868b8: leaving unrecorded for a later run to retry.
2026-10-08T22:32:20Z WARNING 907b3a91-92b0-49da-9d8a-a9ce5b752d18: failed while reading the NWB file (KeyError: 'Unable to synchronously open object (component not found)')
2026-10-08T22:32:20Z WARNING [36/3744] 907b3a91-92b0-49da-9d8a-a9ce5b752d18: leaving unrecorded for a later run to retry.
2026-10-08T22:32:21Z WARNING 91d0f104-6918-47ae-8959-2116c86ee157: failed while reading the NWB file (KeyError: 'Unable to synchronously open object (component not found)')
2026-10-08T22:32:21Z WARNING [37/3744] 91d0f104-6918-47ae-8959-2116c86ee157: leaving unrecorded for a later run to retry.
2026-10-08T22:32:22Z WARNING 969e4747-5a03-4948-bad1-05be9db18f9a: failed while reading the NWB file (KeyError: 'Unable to synchronously open object (component not found)')
2026-10-08T22:32:22Z WARNING [38/3744] 969e4747-5a03-4948-bad1-05be9db18f9a: leaving unrecorded for a later run to retry.
2026-10-08T22:32:23Z WARNING 96fcc9d3-cbe9-4aaa-986b-aaaf8831ed40: failed while reading the NWB file (KeyError: 'Unable to synchronously open object (component not found)')
2026-10-08T22:32:23Z WARNING [39/3744] 96fcc9d3-cbe9-4aaa-986b-aaaf8831ed40: leaving unrecorded for a later run to retry.
2026-10-08T22:32:24Z WARNING 98c46e12-f90f-4286-b1c2-15acdc057e25: failed while reading the NWB file (KeyError: 'Unable to synchronously open object (component not found)')
2026-10-08T22:32:24Z WARNING [40/3744] 98c46e12-f90f-4286-b1c2-15acdc057e25: leaving unrecorded for a later run to retry.
2026-10-08T22:32:25Z WARNING 9f0feaa9-adb3-4487-afb9-d4f49f1acdc6: failed while reading the NWB file (KeyError: 'Unable to synchronously open object (component not found)')
2026-10-08T22:32:25Z WARNING [41/3744] 9f0feaa9-adb3-4487-afb9-d4f49f1acdc6: leaving unrecorded for a later run to retry.
2026-10-08T22:32:26Z WARNING a5c144c2-f4f0-4c1e-9c08-2b521f863a3b: failed while reading the NWB file (KeyError: 'Unable to synchronously open object (component not found)')
2026-10-08T22:32:26Z WARNING [42/3744] a5c144c2-f4f0-4c1e-9c08-2b521f863a3b: leaving unrecorded for a later run to retry.
2026-10-08T22:32:31Z INFO [43/3744] a6993845-72ad-42a5-b006-3fc1c902c93f: 159 internal nodes; 5.3 s; peak memory 228 MiB.
2026-10-08T22:32:37Z INFO [44/3744] a69986c3-72ad-4e76-8aba-327c47d193fa: 65 internal nodes; 5.8 s; peak memory 228 MiB.
2026-10-08T22:32:38Z INFO [45/3744] a6999536-639e-4a13-9390-b172772e3afe: 27 internal nodes; 1.0 s; peak memory 228 MiB.
2026-10-08T22:32:39Z INFO [46/3744] a699ceca-1faf-4663-9152-c2bafdd9952d: 30 internal nodes; 1.1 s; peak memory 228 MiB.
2026-10-08T22:32:39Z INFO [47/3744] a69a478d-01ae-4c44-8e79-f2f2e0dd3dbf: 27 internal nodes; 0.6 s; peak memory 228 MiB.
2026-10-08T22:32:40Z INFO [48/3744] a69a4e2c-3e54-414d-91be-e110fb7a3fec: 27 internal nodes; 1.0 s; peak memory 228 MiB.
2026-10-08T22:32:41Z INFO [49/3744] a69a6d04-fd8b-42b6-8aae-ed29725f0d68: 29 internal nodes; 0.8 s; peak memory 228 MiB.
2026-10-08T22:32:46Z INFO [50/3744] a69b4545-7e6b-441d-89d2-69a9c5852bc2: 177 internal nodes; 4.5 s; peak memory 228 MiB.
2026-10-08T22:32:46Z INFO [50/3744] a69b4545-7e6b-441d-89d2-69a9c5852bc2: checkpointed 127121 new records.
2026-10-08T22:32:47Z INFO [51/3744] a69baee8-8528-48f7-a866-04f637d8f70c: 17 internal nodes; 0.9 s; peak memory 228 MiB.
2026-10-08T22:32:48Z INFO [52/3744] a69c801a-9f3a-495b-af21-e497ac36143f: 17 internal nodes; 0.9 s; peak memory 228 MiB.
2026-10-08T22:32:48Z INFO [53/3744] a69d524f-b94a-46bf-929a-83bdbae35710: 18 internal nodes; 0.5 s; peak memory 228 MiB.
2026-10-08T22:32:49Z INFO [54/3744] a69e7753-c760-4ad3-9ffd-19cb8ff4c121: 17 internal nodes; 0.7 s; peak memory 228 MiB.
2026-10-08T22:32:50Z INFO [55/3744] a69e8f34-1600-48de-9ddb-9a92b49a9cf2: 13 internal nodes; 1.1 s; peak memory 228 MiB.
2026-10-08T22:32:51Z INFO [56/3744] a6a00fb4-b1e1-4c0a-83cb-a09eb90d94b8: 37 internal nodes; 1.0 s; peak memory 228 MiB.
2026-10-08T22:32:52Z INFO [57/3744] a6a07f94-d5d6-41fa-b313-510f99e03b7f: 27 internal nodes; 0.7 s; peak memory 228 MiB.
2026-10-08T22:32:53Z INFO [58/3744] a6a09d9c-25f0-46fb-b890-cf19558a89e3: 17 internal nodes; 0.8 s; peak memory 228 MiB.
2026-10-08T22:32:53Z INFO [59/3744] a6a0a866-e03c-4fc0-9794-e66c32ad6ded: 17 internal nodes; 0.7 s; peak memory 228 MiB.
2026-10-08T22:32:54Z INFO [60/3744] a6a0e6df-2e65-40bb-b71f-863b38b6ef08: 17 internal nodes; 0.5 s; peak memory 228 MiB.
2026-10-08T22:32:56Z INFO [61/3744] a6a16bff-2d17-438e-9a18-d81494c013f2: 43 internal nodes; 1.9 s; peak memory 228 MiB.
2026-10-08T22:32:57Z INFO [62/3744] a6a19d9e-419d-4599-8021-4cc15cc7eee8: 65 internal nodes; 1.3 s; peak memory 228 MiB.
2026-10-08T22:32:59Z INFO [63/3744] a6a1b9cb-bd6d-464a-93dd-fa8227666b62: 45 internal nodes; 2.3 s; peak memory 228 MiB.
2026-10-08T22:33:00Z INFO [64/3744] a6a1ffc2-dcaf-4734-94ac-69a328507beb: 29 internal nodes; 1.1 s; peak memory 228 MiB.
2026-10-08T22:33:01Z INFO [65/3744] a6a243fb-0a0c-4f20-bda4-9d5845b6c6ed: 29 internal nodes; 0.8 s; peak memory 228 MiB.
2026-10-08T22:33:02Z INFO [66/3744] a6a3aa9a-0429-4d6e-8f7b-0f02f571e784: 21 internal nodes; 0.7 s; peak memory 228 MiB.
2026-10-08T22:33:03Z INFO [67/3744] a6a4263a-3045-400c-9b90-56d827f3c38a: 31 internal nodes; 1.1 s; peak memory 228 MiB.
2026-10-08T22:33:04Z INFO [68/3744] a6a5d932-6ad9-4bf0-98f5-a5bac7bc0f4b: 17 internal nodes; 0.8 s; peak memory 228 MiB.
2026-10-08T22:33:04Z INFO [69/3744] a6a5e385-5377-4ea2-8a6c-730b030efdb6: 17 internal nodes; 0.7 s; peak memory 228 MiB.
2026-10-08T22:33:05Z INFO [70/3744] a6a657ab-ea74-44d4-9986-64b0e211ab33: 23 internal nodes; 0.5 s; peak memory 228 MiB.
2026-10-08T22:33:06Z INFO [71/3744] a6a65a8c-3c5c-478a-97e9-ff9e15643425: 29 internal nodes; 1.1 s; peak memory 228 MiB.
2026-10-08T22:33:07Z INFO [72/3744] a6a7a2a8-0b8f-4787-a111-df3066e51a29: 19 internal nodes; 0.8 s; peak memory 228 MiB.
2026-10-08T22:33:08Z INFO [73/3744] a6a8c46c-c38b-4f5a-bbd7-6a580c1b373f: 27 internal nodes; 1.1 s; peak memory 228 MiB.
2026-10-08T22:33:09Z INFO [74/3744] a6a956c3-6aee-4e50-a04a-5cd6e73fa7df: 27 internal nodes; 0.8 s; peak memory 228 MiB.
2026-10-08T22:33:13Z INFO [75/3744] a6a98b72-8888-4c79-91b1-e13bd6fdfe69: 70 internal nodes; 4.0 s; peak memory 228 MiB.
2026-10-08T22:33:13Z INFO [76/3744] a6aa2cf8-2142-49db-9e2b-849cc4fd98ab: 17 internal nodes; 0.9 s; peak memory 228 MiB.
2026-10-08T22:33:16Z INFO [77/3744] a6abf278-a7e9-41be-a6ef-86dd61d5cbb9: 44 internal nodes; 2.1 s; peak memory 228 MiB.
2026-10-08T22:33:16Z INFO [78/3744] a6abfa44-9bbf-4fff-93cb-0508432a623c: 21 internal nodes; 0.5 s; peak memory 228 MiB.
2026-10-08T22:33:17Z INFO [79/3744] a6acb6e5-2b55-441c-afff-85dec6e4b0bf: 119 internal nodes; 0.9 s; peak memory 228 MiB.
2026-10-08T22:33:19Z INFO [80/3744] a6ad7672-4dbe-47db-b6a9-4de8c735dc77: 44 internal nodes; 1.9 s; peak memory 228 MiB.
2026-10-08T22:33:20Z INFO [81/3744] a6add2e2-888b-4fdc-93d7-b4b6cae47e00: 31 internal nodes; 1.0 s; peak memory 228 MiB.
2026-10-08T22:33:21Z INFO [82/3744] a6aec372-a736-4835-a423-d4333cb7adbe: 31 internal nodes; 0.9 s; peak memory 228 MiB.
2026-10-08T22:33:21Z INFO [83/3744] a6aec46e-c738-4136-b345-3a717da239b0: 27 internal nodes; 0.7 s; peak memory 228 MiB.
2026-10-08T22:33:22Z INFO [84/3744] a6afa8eb-a001-4b33-93b8-c3f646a981a7: 60 internal nodes; 1.0 s; peak memory 228 MiB.
2026-10-08T22:33:24Z INFO [85/3744] a6b055f6-77f5-4787-ad93-2d369a2093a3: 26 internal nodes; 1.2 s; peak memory 228 MiB.
2026-10-08T22:33:24Z INFO [86/3744] a6b09c21-1248-4e02-9645-3962edc242f8: 26 internal nodes; 0.7 s; peak memory 228 MiB.
2026-10-08T22:33:28Z INFO [87/3744] a6b11f5b-f29e-49b9-863d-6fa57c789328: 785 internal nodes; 3.8 s; peak memory 236 MiB.
2026-10-08T22:33:29Z INFO [88/3744] a6b2a21a-2e2a-450b-ac1e-57f022df2e55: 17 internal nodes; 0.7 s; peak memory 236 MiB.
2026-10-08T22:33:37Z INFO [89/3744] a6b325a8-492f-4810-8074-4cae541807a5: 336 internal nodes; 8.6 s; peak memory 236 MiB.
2026-10-08T22:33:38Z INFO [90/3744] a6b42375-6926-4a9d-827e-8ebfe88f7a12: 90 internal nodes; 0.8 s; peak memory 236 MiB.
2026-10-08T22:33:45Z INFO [91/3744] a6b4efb8-83ae-4550-b126-15768468fcdc: 236 internal nodes; 6.2 s; peak memory 236 MiB.
2026-10-08T22:33:46Z INFO [92/3744] a6b4f150-a118-49b8-b064-6b4ae923803e: 31 internal nodes; 1.0 s; peak memory 236 MiB.
2026-10-08T22:33:46Z INFO [93/3744] a6b567bb-1422-49ab-8b8a-7d1ef51c6367: 29 internal nodes; 0.9 s; peak memory 236 MiB.
2026-10-08T22:33:47Z INFO [94/3744] a6b63f4c-fae9-457b-a926-46b89839c87d: 27 internal nodes; 0.9 s; peak memory 236 MiB.
2026-10-08T22:33:48Z INFO [95/3744] a6b64047-2f3f-4ffa-8c56-150581861131: 60 internal nodes; 1.1 s; peak memory 236 MiB.
2026-10-08T22:33:49Z INFO [96/3744] a6b6c898-efeb-4b00-b396-a5d649af59a0: 34 internal nodes; 0.7 s; peak memory 236 MiB.
2026-10-08T22:33:50Z INFO [97/3744] a6b8c43a-e485-4356-b23e-bd8b18b21c29: 17 internal nodes; 0.6 s; peak memory 236 MiB.
2026-10-08T22:33:50Z INFO [98/3744] a6b99a5f-6de8-48af-a054-ce32b2b0559b: 17 internal nodes; 0.8 s; peak memory 236 MiB.
2026-10-08T22:33:51Z INFO [99/3744] a6ba54ad-b953-4380-8e84-f009818cc3eb: 19 internal nodes; 0.9 s; peak memory 236 MiB.
2026-10-08T22:33:52Z INFO [100/3744] a6baae8d-47c7-4495-9a66-8087e30e9612: 17 internal nodes; 0.7 s; peak memory 236 MiB.
2026-10-08T22:33:52Z INFO [100/3744] a6baae8d-47c7-4495-9a66-8087e30e9612: checkpointed 127171 new records.
2026-10-08T22:33:53Z INFO [101/3744] a6babc9f-2669-4b9f-a852-224f5aca6663: 27 internal nodes; 0.8 s; peak memory 236 MiB.
2026-10-08T22:33:54Z INFO [102/3744] a6babcfe-59d6-420a-9d72-abe1066f8d00: 17 internal nodes; 0.7 s; peak memory 236 MiB.
2026-10-08T22:33:54Z INFO [103/3744] a6bb9480-26d1-47fb-b490-c5effdb59de9: 17 internal nodes; 0.7 s; peak memory 236 MiB.
2026-10-08T22:33:55Z INFO [104/3744] a6be03a6-d3d6-41a4-8053-cd6d4dce6898: 27 internal nodes; 0.7 s; peak memory 236 MiB.
2026-10-08T22:33:56Z INFO [105/3744] a6be43f9-7bb1-4930-8113-5afcdf04e267: 26 internal nodes; 0.5 s; peak memory 236 MiB.
2026-10-08T22:33:56Z INFO [106/3744] a6be7fb3-d648-4db2-aeaf-115e2fd07f3d: 27 internal nodes; 0.6 s; peak memory 236 MiB.
2026-10-08T22:33:57Z INFO [107/3744] a6be9888-0cab-4233-9797-280f5f0a67fe: 27 internal nodes; 0.8 s; peak memory 236 MiB.
2026-10-08T22:33:58Z INFO [108/3744] a6be9e32-8aeb-40ee-86f3-c73867122ecd: 13 internal nodes; 1.0 s; peak memory 236 MiB.
2026-10-08T22:33:59Z INFO [109/3744] a6bf0c8b-4e3c-4a30-840c-ba3d924bd305: 17 internal nodes; 0.6 s; peak memory 236 MiB.
2026-10-08T22:34:03Z INFO [110/3744] a6c000c4-fd55-4a01-958e-b95c42db118d: 177 internal nodes; 4.4 s; peak memory 236 MiB.
2026-10-08T22:34:04Z INFO [111/3744] a6c03e8c-e085-4e21-a5c8-192d840efc3b: 122 internal nodes; 1.1 s; peak memory 236 MiB.
2026-10-08T22:34:05Z INFO [112/3744] a6c125d9-4a9b-40f6-8227-81c8770d1ac4: 17 internal nodes; 0.7 s; peak memory 236 MiB.
2026-10-08T22:34:09Z INFO [113/3744] a6c12e66-3536-4108-95fe-7404d88b5f49: 177 internal nodes; 3.8 s; peak memory 236 MiB.
2026-10-08T22:34:09Z INFO [114/3744] a6c14975-0358-4161-ba3a-6c7d982ac50d: 17 internal nodes; 0.5 s; peak memory 236 MiB.
2026-10-08T22:34:10Z INFO [115/3744] a6c1f5a5-af00-48ca-b0f0-7f322cc42d18: 13 internal nodes; 0.4 s; peak memory 236 MiB.
2026-10-08T22:34:11Z INFO [116/3744] a6c22c2e-0e8b-40d4-8d14-ad19e76ec66f: 31 internal nodes; 1.0 s; peak memory 236 MiB.
2026-10-08T22:34:13Z INFO [117/3744] a6c32e32-9f84-4add-9c48-83187d531ca6: 55 internal nodes; 2.0 s; peak memory 236 MiB.
2026-10-08T22:34:13Z INFO [118/3744] a6c38f6b-1ff4-4f19-b8cd-f8f896696531: 26 internal nodes; 0.6 s; peak memory 236 MiB.
2026-10-08T22:34:14Z INFO [119/3744] a6c3a7e2-9083-4f3b-8ea2-ea6c6f057e68: 29 internal nodes; 1.1 s; peak memory 236 MiB.
2026-10-08T22:34:19Z INFO [120/3744] a6c5031b-6a54-4820-b9c8-bd68cca8da9a: 39 internal nodes; 4.2 s; peak memory 237 MiB.
2026-10-08T22:34:19Z INFO [121/3744] a6c55741-8e87-4369-ac9b-510405f96761: 17 internal nodes; 0.9 s; peak memory 237 MiB.
2026-10-08T22:34:21Z INFO [122/3744] a6c58acf-3628-4b20-a495-6f951fc092d4: 24 internal nodes; 1.3 s; peak memory 237 MiB.
2026-10-08T22:34:21Z INFO [123/3744] a6c5b52e-d6df-4282-8d8e-bf7d159e254f: 19 internal nodes; 0.7 s; peak memory 237 MiB.
2026-10-08T22:36:29Z INFO [124/3744] a6c6d2c4-3615-4f7e-9f88-bc9cfc4b72dd: 5541 internal nodes; 127.7 s; peak memory 553 MiB.
2026-10-08T22:36:30Z INFO [125/3744] a6c7272f-f9c5-479b-9aa0-c9d460a3c7eb: 60 internal nodes; 1.1 s; peak memory 553 MiB.
2026-10-08T22:36:31Z INFO [126/3744] a6c75d56-d664-42e0-a1e1-be5a239e84a2: 24 internal nodes; 0.5 s; peak memory 553 MiB.
2026-10-08T22:36:31Z INFO [127/3744] a6c84811-f734-4efd-a3e3-976e7c3702f9: 17 internal nodes; 0.7 s; peak memory 553 MiB.
2026-10-08T22:36:32Z INFO [128/3744] a6c8a203-87db-4f64-a445-328dd321cd37: 25 internal nodes; 0.4 s; peak memory 553 MiB.
2026-10-08T22:36:32Z INFO [129/3744] a6c8c2b4-baaa-4164-a479-e59e9d932dc5: 17 internal nodes; 0.6 s; peak memory 553 MiB.
2026-10-08T22:36:34Z INFO [130/3744] a6c8c39f-3358-4648-a519-1a253a02f371: 55 internal nodes; 1.6 s; peak memory 553 MiB.
2026-10-08T22:36:35Z INFO [131/3744] a6c96c13-878e-4c67-ae25-30808c75ba0f: 27 internal nodes; 0.8 s; peak memory 553 MiB.
2026-10-08T22:36:35Z INFO [132/3744] a6c9cbe8-1e81-430d-b8e1-c4d4b5d2dff6: 17 internal nodes; 0.7 s; peak memory 553 MiB.
2026-10-08T22:36:36Z INFO [133/3744] a6ca85a0-bdbe-47dc-9527-41119699503f: 29 internal nodes; 1.1 s; peak memory 553 MiB.
2026-10-08T22:36:37Z INFO [134/3744] a6cb0c61-d814-4c28-9240-aab2f192c330: 31 internal nodes; 1.0 s; peak memory 553 MiB.
2026-10-08T22:36:38Z INFO [135/3744] a6cbbce5-088a-4f6a-886f-cd4375a13f03: 13 internal nodes; 0.7 s; peak memory 553 MiB.
2026-10-08T22:36:39Z INFO [136/3744] a6cc1ceb-3ed2-4c04-984a-114f36a9166e: 17 internal nodes; 0.7 s; peak memory 553 MiB.
2026-10-08T22:36:40Z INFO [137/3744] a6cd524e-ca94-486d-9ca5-d80efded3a85: 115 internal nodes; 0.7 s; peak memory 553 MiB.
2026-10-08T22:36:40Z INFO [138/3744] a6ceb0b0-dac1-4a7a-9c1e-745cf90c1840: 27 internal nodes; 0.7 s; peak memory 553 MiB.
2026-10-08T22:36:41Z INFO [139/3744] a6cee014-e4a9-4a80-90ca-8744cd2251e7: 17 internal nodes; 0.7 s; peak memory 553 MiB.
2026-10-08T22:36:42Z INFO [140/3744] a6cf06c9-9ab1-4aae-a87c-7c003950bd9a: 39 internal nodes; 1.3 s; peak memory 553 MiB.
2026-10-08T22:36:43Z INFO [141/3744] a6cf406b-7118-498d-b092-376aca548ae5: 17 internal nodes; 0.8 s; peak memory 553 MiB.
2026-10-08T22:36:44Z INFO [142/3744] a6cf5875-2f79-417e-bd79-c03a802dd717: 31 internal nodes; 0.9 s; peak memory 553 MiB.
2026-10-08T22:36:49Z INFO [143/3744] a6cf6b33-55e5-4b5d-866a-24222745d3da: 207 internal nodes; 5.4 s; peak memory 553 MiB.
2026-10-08T22:36:51Z INFO [144/3744] a6d08fe5-7ef7-4364-a75d-8118cf60406a: 59 internal nodes; 1.5 s; peak memory 553 MiB.
2026-10-08T22:36:52Z INFO [145/3744] a6d13b17-dd15-43be-9d31-3f6e89e04ea3: 19 internal nodes; 0.7 s; peak memory 553 MiB.
2026-10-08T22:36:52Z INFO [146/3744] a6d14993-d9dc-40e0-b3aa-4bafcf45fb8f: 31 internal nodes; 0.9 s; peak memory 553 MiB.
2026-10-08T22:36:53Z INFO [147/3744] a6d1fc7e-a22e-49bc-8217-fdb221c856a6: 17 internal nodes; 0.8 s; peak memory 553 MiB.
2026-10-08T22:36:54Z INFO [148/3744] a6d22eb6-cf6e-43d9-bb49-151ac956708e: 17 internal nodes; 0.7 s; peak memory 553 MiB.
2026-10-08T22:36:59Z INFO [149/3744] a6d29634-4b43-4e7f-b8f8-b94984509263: 186 internal nodes; 5.6 s; peak memory 553 MiB.
2026-10-08T22:37:00Z INFO [150/3744] a6d37324-fd77-4b82-b702-c7cd9d0a57e3: 34 internal nodes; 0.7 s; peak memory 553 MiB.
2026-10-08T22:37:00Z INFO [150/3744] a6d37324-fd77-4b82-b702-c7cd9d0a57e3: checkpointed 127221 new records.
2026-10-08T22:37:05Z INFO [151/3744] a6d37cdf-30a3-4d75-bbb2-d298f0d630c1: 136 internal nodes; 5.0 s; peak memory 553 MiB.
2026-10-08T22:37:06Z INFO [152/3744] a6d3c263-9741-44ef-b014-abe4948dfcc1: 31 internal nodes; 0.7 s; peak memory 553 MiB.
2026-10-08T22:37:07Z INFO [153/3744] a6d40c8d-2f19-4ed2-a2ce-a1fd1669d61d: 31 internal nodes; 1.0 s; peak memory 553 MiB.
2026-10-08T22:37:08Z INFO [154/3744] a6d474eb-9eb5-4d42-83e3-b2d456f7e52c: 58 internal nodes; 0.7 s; peak memory 553 MiB.
2026-10-08T22:37:09Z INFO [155/3744] a6d58ae2-96d9-4b2b-b90c-37b34c30e966: 19 internal nodes; 0.8 s; peak memory 553 MiB.
2026-10-08T22:37:09Z INFO [156/3744] a6d5bb25-4614-413f-bfb1-48a14ca1080a: 17 internal nodes; 0.6 s; peak memory 553 MiB.
2026-10-08T22:37:14Z INFO [157/3744] a6d5dabc-6a50-4412-a56d-69ff86f5db0f: 208 internal nodes; 4.6 s; peak memory 553 MiB.
2026-10-08T22:37:15Z INFO [158/3744] a6d6959f-7f35-41f3-8cfc-86f95f654b41: 17 internal nodes; 0.8 s; peak memory 553 MiB.
2026-10-08T22:37:15Z INFO [159/3744] a6d7b01d-702e-4e39-a8c3-0ac46b807959: 17 internal nodes; 0.7 s; peak memory 553 MiB.
2026-10-08T22:37:17Z INFO [160/3744] a6da3142-6d69-420c-b505-2c6563bdf131: 65 internal nodes; 1.5 s; peak memory 553 MiB.
2026-10-08T22:37:19Z INFO [161/3744] a6da4e28-b484-459b-96e0-5b7f53445dd7: 60 internal nodes; 1.7 s; peak memory 553 MiB.
2026-10-08T22:37:20Z INFO [162/3744] a6dabf15-ec47-42eb-9172-a98dc42def67: 31 internal nodes; 0.9 s; peak memory 553 MiB.
2026-10-08T22:37:20Z INFO [163/3744] a6db744d-a230-4bc4-86e7-511cfe17d56d: 17 internal nodes; 0.7 s; peak memory 553 MiB.
2026-10-08T22:37:21Z INFO [164/3744] a6db95ac-3765-456e-839e-36692191c142: 23 internal nodes; 1.3 s; peak memory 553 MiB.
2026-10-08T22:37:23Z INFO [165/3744] a6dc69c8-4dec-4aa5-b841-0a486ba2182a: 46 internal nodes; 1.8 s; peak memory 553 MiB.
2026-10-08T22:37:25Z INFO [166/3744] a6dd8061-64cd-4954-bf75-c00f55e6bc8b: 61 internal nodes; 1.9 s; peak memory 553 MiB.
2026-10-08T22:37:28Z INFO [167/3744] a6de14ad-7879-42a3-8be2-4ebd93ae004c: 73 internal nodes; 3.3 s; peak memory 553 MiB.
2026-10-08T22:37:30Z INFO [168/3744] a6de1e2b-994b-497f-b7f5-0b8bbf965a01: 52 internal nodes; 1.6 s; peak memory 553 MiB.
2026-10-08T22:37:34Z INFO [169/3744] a6de36a9-f26a-4f5f-bef1-3e3bbff84c35: 193 internal nodes; 4.4 s; peak memory 553 MiB.
2026-10-08T22:37:36Z INFO [170/3744] a6de77e7-1011-4507-b1d5-c0530e379828: 31 internal nodes; 2.1 s; peak memory 553 MiB.
2026-10-08T22:37:37Z INFO [171/3744] a6de7c6a-f084-43e2-8d6e-908c1da978cf: 18 internal nodes; 1.0 s; peak memory 553 MiB.
2026-10-08T22:37:38Z INFO [172/3744] a6de8bd8-2bd1-4e21-ac68-e29209d71933: 86 internal nodes; 1.0 s; peak memory 553 MiB.
2026-10-08T22:37:45Z INFO [173/3744] a6debb7d-b786-4079-8836-a82f08013c61: 250 internal nodes; 6.5 s; peak memory 553 MiB.
2026-10-08T22:37:47Z INFO [174/3744] a6df04ac-b176-4623-89ff-d4c05d548c88: 66 internal nodes; 2.0 s; peak memory 553 MiB.
2026-10-08T22:37:48Z INFO [175/3744] a6df08e0-40c5-420d-b13f-8ebc8bf87def: 60 internal nodes; 0.9 s; peak memory 553 MiB.
2026-10-08T22:37:48Z INFO [176/3744] a6df2e9e-5d7d-41a7-a367-ec178f1afcde: 18 internal nodes; 0.6 s; peak memory 553 MiB.
2026-10-08T22:37:49Z INFO [177/3744] a6e0b3df-4927-4e68-8b9e-1f3c0e122b7c: 17 internal nodes; 0.5 s; peak memory 553 MiB.
2026-10-08T22:37:51Z INFO [178/3744] a6e191dd-ad1f-460c-9b7b-a42c705b8334: 45 internal nodes; 1.7 s; peak memory 553 MiB.
2026-10-08T22:37:51Z INFO [179/3744] a6e1e283-5cef-4d44-b858-b6cb37ab28fe: 15 internal nodes; 0.7 s; peak memory 553 MiB.
2026-10-08T22:37:52Z INFO [180/3744] a6e1e63f-3bf1-4f4f-92fe-468aee05e849: 17 internal nodes; 0.6 s; peak memory 553 MiB.
2026-10-08T22:37:54Z INFO [181/3744] a6e2ec86-9561-4909-afde-83625c934143: 41 internal nodes; 2.4 s; peak memory 553 MiB.
2026-10-08T22:37:55Z INFO [182/3744] a6e3e106-bc98-4863-ac91-fcb48aa486c1: 27 internal nodes; 0.8 s; peak memory 553 MiB.
2026-10-08T22:37:56Z INFO [183/3744] a6e4bba9-85ec-4db9-8e55-65550be4359b: 27 internal nodes; 0.9 s; peak memory 553 MiB.
2026-10-08T22:38:01Z INFO [184/3744] a6e4eca9-8735-4519-89e4-396d03aa003b: 73 internal nodes; 4.8 s; peak memory 553 MiB.
2026-10-08T22:38:02Z INFO [185/3744] a6e5b38e-a918-4fe5-a698-ce17a6d626e5: 31 internal nodes; 1.0 s; peak memory 553 MiB.
2026-10-08T22:38:02Z INFO [186/3744] a6e6de05-ff03-4e1f-8143-1c3c4cd02623: 19 internal nodes; 0.6 s; peak memory 553 MiB.
2026-10-08T22:38:11Z INFO [187/3744] a6e7be0f-78ea-468a-ab09-1c7147e34945: 59 internal nodes; 9.1 s; peak memory 553 MiB.
2026-10-08T22:38:12Z INFO [188/3744] a6e8dc07-670a-47a3-97c3-6b523e588d3b: 19 internal nodes; 0.7 s; peak memory 553 MiB.
2026-10-08T22:38:14Z INFO [189/3744] a6e8e663-e9b0-4dac-83e0-0064c9ac4d8b: 26 internal nodes; 1.5 s; peak memory 553 MiB.
2026-10-08T22:38:14Z INFO [190/3744] a6e93d53-9345-47dd-8919-12b73b98f1ab: 27 internal nodes; 0.9 s; peak memory 553 MiB.
2026-10-08T22:38:21Z INFO [191/3744] a6e94ccf-a768-459e-a8d6-5b123e375702: 274 internal nodes; 6.6 s; peak memory 553 MiB.
2026-10-08T22:38:22Z INFO [192/3744] a6e99b83-8c3d-48e5-84c1-153684dad460: 18 internal nodes; 0.8 s; peak memory 553 MiB.
2026-10-08T22:38:24Z INFO [193/3744] a6eaaa42-dfee-4bb7-9aa1-36178f2ed0eb: 53 internal nodes; 2.5 s; peak memory 553 MiB.
2026-10-08T22:38:25Z INFO [194/3744] a6eca89a-b91b-4e80-baa1-1f50e01b83a5: 17 internal nodes; 0.7 s; peak memory 553 MiB.
2026-10-08T22:38:26Z INFO [195/3744] a6ecd26b-b853-4f97-841c-6c0b9a0a382e: 13 internal nodes; 0.9 s; peak memory 553 MiB.
2026-10-08T22:38:31Z INFO [196/3744] a6ed0568-1839-4435-b9ab-a0f6ec198bd2: 61 internal nodes; 5.4 s; peak memory 553 MiB.
2026-10-08T22:38:32Z INFO [197/3744] a6ee609d-4ab6-4ccf-8606-b1c605ff5ff8: 17 internal nodes; 0.8 s; peak memory 553 MiB.
2026-10-08T22:38:33Z INFO [198/3744] a6ee88b2-d38b-415b-8048-b722925ad3d5: 27 internal nodes; 0.9 s; peak memory 553 MiB.
2026-10-08T22:38:34Z INFO [199/3744] a6eec136-ea6f-4097-857c-b3d8d4cb5b8c: 17 internal nodes; 0.7 s; peak memory 553 MiB.
2026-10-08T22:38:34Z INFO [200/3744] a6eefd94-ab7d-4c3d-9005-1658aefab682: 18 internal nodes; 0.5 s; peak memory 553 MiB.
2026-10-08T22:38:34Z INFO [200/3744] a6eefd94-ab7d-4c3d-9005-1658aefab682: checkpointed 127271 new records.
2026-10-08T22:38:47Z INFO [201/3744] a6efd88d-4dfb-4d32-8fae-af62a0055d5e: 570 internal nodes; 12.6 s; peak memory 553 MiB.
2026-10-08T22:38:47Z INFO [202/3744] a6f03901-c325-4855-8bea-94aedd800976: 11 internal nodes; 0.4 s; peak memory 553 MiB.
2026-10-08T22:38:48Z INFO [203/3744] a6f09b8e-9cd0-40ad-9d59-e29bfda7be31: 28 internal nodes; 0.9 s; peak memory 553 MiB.
2026-10-08T22:38:49Z INFO [204/3744] a6f1e1e4-11b7-4fcd-bd88-e24cbce72774: 31 internal nodes; 1.1 s; peak memory 553 MiB.
2026-10-08T22:38:53Z INFO [205/3744] a6f2487a-8257-413b-a3bd-ca120ccbf9a8: 55 internal nodes; 4.1 s; peak memory 553 MiB.
2026-10-08T22:38:54Z INFO [206/3744] a6f24b90-2312-4ed9-8abe-8fd63aea3843: 17 internal nodes; 0.8 s; peak memory 553 MiB.
2026-10-08T22:38:56Z INFO [207/3744] a6f27700-9cbd-46b4-a561-2b68810a2f44: 46 internal nodes; 2.1 s; peak memory 553 MiB.
2026-10-08T22:38:57Z INFO [208/3744] a6f35584-be79-42ec-ad07-590945631e2f: 17 internal nodes; 0.8 s; peak memory 553 MiB.
2026-10-08T22:38:58Z INFO [209/3744] a6f41349-856e-4bff-bb02-c5cb2d0d4f77: 24 internal nodes; 0.9 s; peak memory 553 MiB.
2026-10-08T22:38:59Z INFO [210/3744] a6f50d7c-b835-4c10-9f12-3ed970e1cce6: 13 internal nodes; 0.6 s; peak memory 553 MiB.
2026-10-08T22:39:00Z INFO [211/3744] a6f5425c-ca1a-4740-9730-71efa52b490a: 37 internal nodes; 0.9 s; peak memory 553 MiB.
2026-10-08T22:39:00Z INFO [212/3744] a6f548d4-53bd-4463-a317-6d3cd84950d5: 31 internal nodes; 0.9 s; peak memory 553 MiB.
2026-10-08T22:39:01Z INFO [213/3744] a6f55521-c7a2-4d17-8815-b6f23512d1cb: 25 internal nodes; 0.7 s; peak memory 553 MiB.
2026-10-08T22:39:02Z INFO [214/3744] a6f58ef0-fa90-4871-96fb-64b928395838: 18 internal nodes; 0.5 s; peak memory 553 MiB.
2026-10-08T22:39:02Z INFO [215/3744] a6f6da5f-f864-460f-9429-45aac4afd740: 16 internal nodes; 0.6 s; peak memory 553 MiB.
2026-10-08T22:39:03Z INFO [216/3744] a6f7a7a3-e2d8-4b02-99b5-a672cff95dcf: 27 internal nodes; 0.7 s; peak memory 553 MiB.
2026-10-08T22:39:09Z INFO [217/3744] a6f7fc51-45ba-43a3-b2e6-79724f706428: 61 internal nodes; 5.7 s; peak memory 553 MiB.
2026-10-08T22:39:10Z INFO [218/3744] a6f80a80-c319-4c92-a967-2f23868ae19e: 32 internal nodes; 1.0 s; peak memory 553 MiB.
2026-10-08T22:39:10Z INFO [219/3744] a6f88635-1652-4729-ad3e-d04acd8eeaa5: 22 internal nodes; 0.4 s; peak memory 553 MiB.
2026-10-08T22:39:11Z INFO [220/3744] a6f94b67-cfbc-4b4c-a320-2f3a9ca9c948: 56 internal nodes; 0.8 s; peak memory 553 MiB.
2026-10-08T22:39:11Z INFO [221/3744] a6f9acc1-6cbe-49d3-94e2-15da6f34b795: 26 internal nodes; 0.4 s; peak memory 553 MiB.
2026-10-08T22:39:14Z INFO [222/3744] a6fa7e5c-4a6a-4785-9d9b-6fcd9aa077fe: 45 internal nodes; 2.4 s; peak memory 553 MiB.
2026-10-08T22:39:15Z INFO [223/3744] a6faf609-8098-469b-8b07-624743749ce2: 44 internal nodes; 1.7 s; peak memory 553 MiB.
2026-10-08T22:39:16Z INFO [224/3744] a6faff3f-94f1-4af4-817e-34df843582c6: 31 internal nodes; 1.1 s; peak memory 553 MiB.
2026-10-08T22:39:17Z INFO [225/3744] a6fc0363-b2be-4fed-ac8c-b468acc21550: 27 internal nodes; 0.7 s; peak memory 553 MiB.
2026-10-08T22:39:18Z INFO [226/3744] a6fcf293-f2d0-4f4f-957e-187b317561eb: 17 internal nodes; 0.5 s; peak memory 553 MiB.
2026-10-08T22:39:19Z INFO [227/3744] a6fd12fa-c39e-4850-827b-808f8b391767: 31 internal nodes; 1.0 s; peak memory 553 MiB.
2026-10-08T22:39:19Z INFO [228/3744] a6fd9901-55f9-41fc-b31b-94e274d66d12: 27 internal nodes; 0.8 s; peak memory 553 MiB.
2026-10-08T22:39:21Z INFO [229/3744] a6ff394d-35e0-4fb9-a024-82cddb80af98: 116 internal nodes; 1.2 s; peak memory 553 MiB.
2026-10-08T22:39:22Z INFO [230/3744] a6ff8c00-95c3-49f8-9903-f329c306c362: 27 internal nodes; 1.0 s; peak memory 553 MiB.
2026-10-08T22:39:26Z INFO [231/3744] a6ffa12f-90a6-4075-8703-7460c6703579: 65 internal nodes; 4.5 s; peak memory 553 MiB.
2026-10-08T22:39:30Z INFO [232/3744] a6ffdbad-98c9-4761-b753-09f37f258a08: 61 internal nodes; 4.3 s; peak memory 553 MiB.
2026-10-08T22:39:31Z INFO [233/3744] a70145a5-0062-4fbd-941d-ec698b764d14: 31 internal nodes; 0.8 s; peak memory 553 MiB.
2026-10-08T22:39:32Z INFO [234/3744] a70177e2-e576-4b74-b214-60558730ecaf: 27 internal nodes; 0.6 s; peak memory 553 MiB.
2026-10-08T22:39:33Z INFO [235/3744] a7020a85-f03a-42b6-9d23-47fab11a16cb: 17 internal nodes; 0.7 s; peak memory 553 MiB.
2026-10-08T22:39:34Z INFO [236/3744] a70255cc-2fe2-4cb2-8de6-df412a7a9b8d: 44 internal nodes; 1.7 s; peak memory 553 MiB.
2026-10-08T22:39:36Z INFO [237/3744] a702608b-edd6-4cda-91e5-94cd0b3d2430: 59 internal nodes; 1.6 s; peak memory 553 MiB.
2026-10-08T22:39:37Z INFO [238/3744] a702a48f-c92f-4bda-b9bb-65b59529eec7: 29 internal nodes; 0.8 s; peak memory 553 MiB.
2026-10-08T22:39:39Z INFO [239/3744] a702fe26-6593-4610-9429-e29542db0310: 46 internal nodes; 2.5 s; peak memory 553 MiB.
2026-10-08T22:39:40Z INFO [240/3744] a70581ad-381d-4a54-9d61-a42aa77e79bb: 17 internal nodes; 0.6 s; peak memory 553 MiB.
2026-10-08T22:39:40Z INFO [241/3744] a7067d0d-acc8-4980-88e2-8bd37c925606: 17 internal nodes; 0.5 s; peak memory 553 MiB.
2026-10-08T22:39:42Z INFO [242/3744] a7068ad2-1175-4ddf-8cc1-75ec4f8a0b84: 27 internal nodes; 1.3 s; peak memory 553 MiB.
2026-10-08T22:39:42Z INFO [243/3744] a706c950-eb08-43ba-bfba-1cbec6f9b7e8: 27 internal nodes; 0.8 s; peak memory 553 MiB.
2026-10-08T22:39:43Z INFO [244/3744] a7075b43-bdba-4eca-a4a2-722b86758213: 15 internal nodes; 0.5 s; peak memory 553 MiB.
2026-10-08T22:39:44Z INFO [245/3744] a707f62b-84a3-495e-93f1-96a560a7c152: 13 internal nodes; 0.6 s; peak memory 553 MiB.
2026-10-08T22:39:44Z INFO [246/3744] a7085471-5477-4ab1-9d72-467d5c61b2bf: 17 internal nodes; 0.8 s; peak memory 553 MiB.
2026-10-08T22:39:45Z INFO [247/3744] a708f77e-36c3-44cd-a607-f12b86d2914c: 27 internal nodes; 0.7 s; peak memory 553 MiB.
2026-10-08T22:39:46Z INFO [248/3744] a70919e5-28cc-45a7-8737-696c7f64f461: 19 internal nodes; 0.8 s; peak memory 553 MiB.
2026-10-08T22:39:47Z INFO [249/3744] a7093253-9442-40db-b3f0-590ea0c991a5: 19 internal nodes; 0.7 s; peak memory 553 MiB.
2026-10-08T22:39:47Z INFO [250/3744] a709f1b3-59b2-40bc-b17b-6679c6cd2621: 29 internal nodes; 0.7 s; peak memory 553 MiB.
2026-10-08T22:39:48Z INFO [250/3744] a709f1b3-59b2-40bc-b17b-6679c6cd2621: checkpointed 127321 new records.
2026-10-08T22:39:50Z INFO [251/3744] a70b23a0-f59d-4fdf-8705-de2e9431ff44: 46 internal nodes; 2.6 s; peak memory 553 MiB.
2026-10-08T22:39:51Z INFO [252/3744] a70b2d6a-30e7-4353-9435-6ff0d770501d: 19 internal nodes; 0.7 s; peak memory 553 MiB.
2026-10-08T22:39:52Z INFO [253/3744] a70bb357-f2c6-46d4-bb95-61b1682f5f03: 17 internal nodes; 0.8 s; peak memory 553 MiB.
2026-10-08T22:39:52Z INFO [254/3744] a70bee89-4227-4759-b1b4-081c8b7ea48f: 17 internal nodes; 0.8 s; peak memory 553 MiB.
2026-10-08T22:39:57Z INFO [255/3744] a70c5730-d97f-41df-9e48-028d3fe3d52a: 100 internal nodes; 4.9 s; peak memory 553 MiB.
2026-10-08T22:39:58Z INFO [256/3744] a70c599c-c849-4cf5-a031-6ef46007b45b: 116 internal nodes; 1.0 s; peak memory 553 MiB.
2026-10-08T22:39:59Z INFO [257/3744] a70c7964-3cee-488c-9156-d29dcd1bac2f: 22 internal nodes; 0.5 s; peak memory 553 MiB.
2026-10-08T22:40:00Z INFO [258/3744] a70c9503-3376-42a1-8aab-30934721a7de: 31 internal nodes; 1.2 s; peak memory 553 MiB.
2026-10-08T22:40:01Z INFO [259/3744] a70c9ddb-63af-4770-9c9b-976465f01501: 19 internal nodes; 0.8 s; peak memory 553 MiB.
2026-10-08T22:40:01Z INFO [260/3744] a70d8594-cab1-4cc7-b872-b1c9beb1e0f0: 27 internal nodes; 0.7 s; peak memory 553 MiB.
2026-10-08T22:40:02Z INFO [261/3744] a70d8837-898d-45c6-8962-4757b716ab4a: 58 internal nodes; 0.9 s; peak memory 553 MiB.
2026-10-08T22:40:03Z INFO [262/3744] a70d9b38-f4b4-4e19-a1c7-fd253ee7be86: 54 internal nodes; 1.0 s; peak memory 553 MiB.
2026-10-08T22:40:08Z INFO [263/3744] a70dae73-9bdb-4404-b93b-f31eb90b4c45: 185 internal nodes; 4.4 s; peak memory 553 MiB.
2026-10-08T22:40:09Z INFO [264/3744] a70e121e-3ff0-4246-9e36-6f27cc87b2e5: 50 internal nodes; 1.0 s; peak memory 553 MiB.
2026-10-08T22:40:09Z INFO [265/3744] a70e350b-edf4-4e4d-bc6a-f9878c34eec5: 23 internal nodes; 0.6 s; peak memory 553 MiB.
2026-10-08T22:40:10Z INFO [266/3744] a70f3568-d560-47fd-9809-e5f49938b95e: 17 internal nodes; 0.7 s; peak memory 553 MiB.
2026-10-08T22:40:12Z INFO [267/3744] a70fc0eb-51e4-4c05-a391-110224796441: 44 internal nodes; 1.9 s; peak memory 553 MiB.
2026-10-08T22:40:13Z INFO [268/3744] a70fce70-740d-4f22-9361-9be0ed647b47: 27 internal nodes; 0.7 s; peak memory 553 MiB.
2026-10-08T22:40:13Z INFO [269/3744] a70fd79e-7678-4f0f-b1ad-79a04fc32c1f: 27 internal nodes; 0.8 s; peak memory 553 MiB.
2026-10-08T22:40:14Z INFO [270/3744] a710d134-4f14-47bf-ab85-7a51a15b1abc: 13 internal nodes; 0.5 s; peak memory 553 MiB.
2026-10-08T22:40:15Z INFO [271/3744] a71100b6-ed69-47e9-a465-f133ca492001: 27 internal nodes; 0.7 s; peak memory 553 MiB.
2026-10-08T22:40:20Z INFO [272/3744] a7118ec7-9505-475f-a964-cb5c67bc4c37: 60 internal nodes; 5.9 s; peak memory 553 MiB.
2026-10-08T22:40:23Z INFO [273/3744] a711b516-faa1-4e12-ae78-334d21365f5b: 73 internal nodes; 2.9 s; peak memory 553 MiB.
2026-10-08T22:40:24Z INFO [274/3744] a711bf0b-c7f5-421a-8153-29688d62afb2: 27 internal nodes; 0.9 s; peak memory 553 MiB.
2026-10-08T22:40:25Z INFO [275/3744] a711df4f-ae0e-4fe6-aa15-34e33049383f: 17 internal nodes; 0.6 s; peak memory 553 MiB.
2026-10-08T22:40:26Z INFO [276/3744] a7123332-af34-4c9f-a6a4-9fc0da149d09: 31 internal nodes; 1.0 s; peak memory 553 MiB.
2026-10-08T22:40:27Z INFO [277/3744] a712a132-0dfa-451b-84e1-e6d82db29aee: 19 internal nodes; 0.7 s; peak memory 553 MiB.
2026-10-08T22:40:28Z INFO [278/3744] a712ea71-ca8c-4c6a-95c5-35f97d03b69b: 38 internal nodes; 1.0 s; peak memory 553 MiB.
2026-10-08T22:40:28Z INFO [279/3744] a7135f34-1d81-4134-a75f-0e4960d3ee14: 17 internal nodes; 0.6 s; peak memory 553 MiB.
2026-10-08T22:40:29Z INFO [280/3744] a7144ce9-b104-4de4-96cd-4365418a476d: 31 internal nodes; 1.0 s; peak memory 553 MiB.
2026-10-08T22:40:30Z INFO [281/3744] a7149773-ecff-4e6d-8e98-c345a87d1e1e: 29 internal nodes; 0.8 s; peak memory 553 MiB.
2026-10-08T22:40:31Z INFO [282/3744] a7157485-72ff-45f6-9f8a-7a129290e2c6: 23 internal nodes; 0.6 s; peak memory 553 MiB.
2026-10-08T22:40:34Z INFO [283/3744] a71676eb-5f50-487d-8772-3eb02eac2d91: 124 internal nodes; 3.4 s; peak memory 553 MiB.
2026-10-08T22:40:36Z INFO [284/3744] a717cf06-796f-4e93-b670-316b299b06a2: 44 internal nodes; 1.6 s; peak memory 553 MiB.
2026-10-08T22:40:37Z INFO [285/3744] a717ddc7-f818-4152-a26c-43c57237d28d: 41 internal nodes; 0.9 s; peak memory 553 MiB.
2026-10-08T22:40:37Z INFO [286/3744] a7184908-60b1-449b-819b-907be9a8f22d: 17 internal nodes; 0.9 s; peak memory 553 MiB.
2026-10-08T22:40:39Z INFO [287/3744] a719d7a3-873a-499d-88d4-6a7957e3cc38: 24 internal nodes; 1.1 s; peak memory 553 MiB.
2026-10-08T22:40:39Z INFO [288/3744] a71a03d6-5953-4562-a6af-d2baf655fcb9: 17 internal nodes; 0.7 s; peak memory 553 MiB.
2026-10-08T22:40:40Z INFO [289/3744] a71a0704-4ba3-42b8-a207-fd27f508a050: 59 internal nodes; 1.1 s; peak memory 553 MiB.
2026-10-08T22:40:41Z INFO [290/3744] a71ae346-b6a1-4f57-8d12-d7b799ef9968: 27 internal nodes; 0.8 s; peak memory 553 MiB.
2026-10-08T22:40:42Z INFO [291/3744] a71b4ac0-1612-436b-8b40-78305d5304b5: 31 internal nodes; 1.2 s; peak memory 553 MiB.
2026-10-08T22:40:43Z INFO [292/3744] a71b9568-3e1e-4d43-b76d-df0ae4c1cb4a: 25 internal nodes; 0.6 s; peak memory 553 MiB.
2026-10-08T22:40:43Z INFO [293/3744] a71c37e9-b432-4f6a-b8b7-aba2fb5ec430: 12 internal nodes; 0.5 s; peak memory 553 MiB.
2026-10-08T22:40:45Z INFO [294/3744] a71cbb29-17eb-47ab-881b-49a1f510905c: 55 internal nodes; 1.7 s; peak memory 553 MiB.
2026-10-08T22:40:46Z INFO [295/3744] a71ccb70-d876-4362-9a14-963047220267: 27 internal nodes; 0.9 s; peak memory 553 MiB.
2026-10-08T22:40:47Z INFO [296/3744] a71d7466-b30b-4409-97b0-a2a38b14bd5a: 17 internal nodes; 0.8 s; peak memory 553 MiB.
2026-10-08T22:40:48Z INFO [297/3744] a71ddced-d295-454b-90f3-e3a56acd5702: 38 internal nodes; 1.0 s; peak memory 553 MiB.
2026-10-08T22:40:49Z INFO [298/3744] a71f4ac0-f9d6-4b91-9de0-afb536e70d6a: 31 internal nodes; 0.8 s; peak memory 553 MiB.
2026-10-08T22:40:49Z INFO [299/3744] a71f5365-c870-476b-a2d6-331c78135369: 17 internal nodes; 0.6 s; peak memory 553 MiB.
2026-10-08T22:40:50Z INFO [300/3744] a71f6e4a-031f-4733-b2a4-b91a29c0b825: 31 internal nodes; 0.8 s; peak memory 553 MiB.
2026-10-08T22:40:51Z INFO [300/3744] a71f6e4a-031f-4733-b2a4-b91a29c0b825: checkpointed 127371 new records.
2026-10-08T22:40:51Z INFO [301/3744] a71f89db-3cfe-40ab-b263-cefc6c8eef28: 27 internal nodes; 0.7 s; peak memory 553 MiB.
2026-10-08T22:40:52Z INFO [302/3744] a720d3e9-8084-4109-b64c-852164728a65: 17 internal nodes; 0.6 s; peak memory 553 MiB.
2026-10-08T22:40:57Z INFO [303/3744] a72106d1-9b70-495b-ac5e-bdd19fb87042: 89 internal nodes; 4.8 s; peak memory 553 MiB.
2026-10-08T22:40:58Z INFO [304/3744] a721bcb1-ebd6-4b13-80b6-f884f95171ec: 38 internal nodes; 0.9 s; peak memory 553 MiB.
2026-10-08T22:40:58Z INFO [305/3744] a722206d-4fbf-44c0-a7c4-dd6d546e7d0c: 23 internal nodes; 0.8 s; peak memory 553 MiB.
2026-10-08T22:41:02Z INFO [306/3744] a7223830-63bb-41f3-aae3-96ba99f203c0: 121 internal nodes; 3.7 s; peak memory 553 MiB.
2026-10-08T22:41:03Z INFO [307/3744] a722e814-7d74-436b-b44c-305dde204010: 31 internal nodes; 0.9 s; peak memory 553 MiB.
2026-10-08T22:41:04Z INFO [308/3744] a7238a7f-6a93-4da6-b709-463052f77f79: 17 internal nodes; 0.6 s; peak memory 553 MiB.
2026-10-08T22:41:04Z INFO [309/3744] a724d1f6-104a-4cf2-a193-16efe9e4dfe1: 25 internal nodes; 0.4 s; peak memory 553 MiB.
2026-10-08T22:41:05Z INFO [310/3744] a72555fe-0529-4757-b96e-5d3bbccca8bf: 69 internal nodes; 1.2 s; peak memory 553 MiB.
2026-10-08T22:41:06Z INFO [311/3744] a726e0c9-dcf6-497b-8986-7ffbd3ace467: 53 internal nodes; 0.9 s; peak memory 553 MiB.
2026-10-08T22:41:07Z INFO [312/3744] a727e3b0-6b41-45fc-beaf-4e1bd87a6321: 27 internal nodes; 0.6 s; peak memory 553 MiB.
2026-10-08T22:41:08Z INFO [313/3744] a728e4af-306c-479e-a0ec-19121935470e: 31 internal nodes; 1.0 s; peak memory 553 MiB.
2026-10-08T22:41:09Z INFO [314/3744] a7292e5f-c798-4aae-8ef7-708801b69abd: 69 internal nodes; 1.7 s; peak memory 553 MiB.
2026-10-08T22:41:10Z INFO [315/3744] a729477d-ad4d-41d2-b9f1-6ae5db2f9f98: 13 internal nodes; 0.6 s; peak memory 553 MiB.
2026-10-08T22:41:11Z INFO [316/3744] a72a29db-2c13-4408-82dc-971055891c9d: 95 internal nodes; 0.7 s; peak memory 553 MiB.
2026-10-08T22:41:11Z INFO [317/3744] a72b6065-6a28-4512-9cd2-61679088749c: 17 internal nodes; 0.8 s; peak memory 553 MiB.
2026-10-08T22:41:19Z INFO [318/3744] a72b871b-9ba1-4447-9897-1e563918d187: 277 internal nodes; 7.3 s; peak memory 553 MiB.
2026-10-08T22:41:21Z INFO [319/3744] a72cb4af-eb91-422d-a63f-e42864303cc1: 44 internal nodes; 2.0 s; peak memory 553 MiB.
2026-10-08T22:41:21Z INFO [320/3744] a72cc636-d90e-4280-a37e-2a7c594a8809: 17 internal nodes; 0.6 s; peak memory 553 MiB.
2026-10-08T22:41:22Z INFO [321/3744] a72cc65b-45bd-499e-962c-728a2a20f5b5: 11 internal nodes; 0.5 s; peak memory 553 MiB.
2026-10-08T22:41:23Z INFO [322/3744] a72d6494-653e-48c6-8c1b-3454543cf3f6: 27 internal nodes; 0.7 s; peak memory 553 MiB.
2026-10-08T22:41:24Z INFO [323/3744] a72dd160-2a50-4ff1-a8a0-00d883790322: 22 internal nodes; 1.2 s; peak memory 553 MiB.
2026-10-08T22:41:25Z INFO [324/3744] a72ddb0e-f78a-4ff9-9bf2-87a4b0b4b539: 39 internal nodes; 1.1 s; peak memory 553 MiB.
2026-10-08T22:41:27Z INFO [325/3744] a72f1447-3969-446f-a687-c0e4d4954579: 40 internal nodes; 2.2 s; peak memory 553 MiB.
2026-10-08T22:41:28Z INFO [326/3744] a72f71ba-6c12-480f-b0e2-bf9e1346bcb2: 27 internal nodes; 1.0 s; peak memory 553 MiB.
2026-10-08T22:41:30Z INFO [327/3744] a72fb019-45ff-40b8-8b4d-4447b5398479: 44 internal nodes; 1.6 s; peak memory 553 MiB.
2026-10-08T22:41:31Z INFO [328/3744] a730a81d-da54-45ae-9148-d36567ddce29: 61 internal nodes; 1.0 s; peak memory 553 MiB.
2026-10-08T22:41:32Z INFO [329/3744] a730e252-4396-45b0-b580-3943fb9f1f43: 27 internal nodes; 0.8 s; peak memory 553 MiB.
2026-10-08T22:41:36Z INFO [330/3744] a730e51f-d388-43ac-b803-f9b5cd8b441e: 177 internal nodes; 4.9 s; peak memory 553 MiB.
2026-10-08T22:41:46Z INFO [331/3744] a7314dc4-e754-48b3-a603-2ae3cd8a3f71: 234 internal nodes; 9.8 s; peak memory 553 MiB.
2026-10-08T22:41:52Z INFO [332/3744] a7316258-0b68-48b8-9e4f-a82e31c6a3e5: 187 internal nodes; 6.0 s; peak memory 553 MiB.
2026-10-08T22:41:53Z INFO [333/3744] a731f49e-5f38-4d0f-b884-9ceb24581d9e: 31 internal nodes; 0.9 s; peak memory 553 MiB.
2026-10-08T22:41:54Z INFO [334/3744] a7321b0e-c458-4b81-8e17-de29e7e5f8f0: 27 internal nodes; 0.6 s; peak memory 553 MiB.
2026-10-08T22:41:55Z INFO [335/3744] a732a707-56b2-4386-aa08-fbebd8237010: 66 internal nodes; 0.9 s; peak memory 553 MiB.
2026-10-08T22:41:56Z INFO [336/3744] a732d54b-d2c9-4666-af72-748e57e1275e: 58 internal nodes; 1.2 s; peak memory 553 MiB.
2026-10-08T22:41:57Z INFO [337/3744] a732e721-0008-407a-addc-5236ed35f85a: 27 internal nodes; 0.7 s; peak memory 553 MiB.
2026-10-08T22:41:58Z INFO [338/3744] a734740c-7125-49cb-ab1c-1f5cd4399c3b: 27 internal nodes; 1.0 s; peak memory 553 MiB.
2026-10-08T22:42:05Z INFO [339/3744] a73648ca-084d-4c78-9b6e-5e889e6bee2f: 134 internal nodes; 7.5 s; peak memory 553 MiB.
2026-10-08T22:42:06Z INFO [340/3744] a7371c11-e0b4-492d-ae67-7d3f63f10918: 26 internal nodes; 1.0 s; peak memory 553 MiB.
2026-10-08T22:42:07Z INFO [341/3744] a7372c6e-c784-45c8-805d-9746f1686060: 27 internal nodes; 0.6 s; peak memory 553 MiB.
2026-10-08T22:42:11Z INFO [342/3744] a7373bc2-a074-4e27-a3ba-24d602e7ec8e: 152 internal nodes; 4.2 s; peak memory 553 MiB.
2026-10-08T22:42:16Z INFO [343/3744] a737c4b5-4473-4b60-a6e5-5e84e93615e5: 73 internal nodes; 5.4 s; peak memory 553 MiB.
2026-10-08T22:42:19Z INFO [344/3744] a7385f30-5797-46b5-b549-8c46b971155b: 66 internal nodes; 3.1 s; peak memory 553 MiB.
2026-10-08T22:42:20Z INFO [345/3744] a7399a9c-d4de-4deb-9384-3a54b5fa825b: 17 internal nodes; 0.8 s; peak memory 553 MiB.
2026-10-08T22:42:22Z INFO [346/3744] a739e2ba-323a-44fd-b6c6-44bfcace4680: 44 internal nodes; 2.0 s; peak memory 553 MiB.
2026-10-08T22:42:23Z INFO [347/3744] a73a79a9-8a6d-4f2e-b90e-cc99cd273451: 95 internal nodes; 0.8 s; peak memory 553 MiB.
2026-10-08T22:42:27Z INFO [348/3744] a73b2e66-3e5b-4955-a87e-c68b9b0442a4: 41 internal nodes; 3.9 s; peak memory 553 MiB.
2026-10-08T22:42:28Z INFO [349/3744] a73b3398-c96d-41c7-b507-3f5d29c9ee3c: 23 internal nodes; 0.7 s; peak memory 553 MiB.
2026-10-08T22:42:29Z INFO [350/3744] a73c967c-e4d7-410b-8c57-8d9b715b0288: 41 internal nodes; 1.3 s; peak memory 553 MiB.
2026-10-08T22:42:29Z INFO [350/3744] a73c967c-e4d7-410b-8c57-8d9b715b0288: checkpointed 127421 new records.
2026-10-08T22:42:30Z INFO [351/3744] a73d152a-0fc6-46b8-9b35-7338c0389c4f: 27 internal nodes; 0.8 s; peak memory 553 MiB.
2026-10-08T22:42:31Z INFO [352/3744] a73d345b-ddf7-481e-89d4-e305d92866fb: 24 internal nodes; 0.9 s; peak memory 553 MiB.
2026-10-08T22:42:34Z INFO [353/3744] a73dc7da-8d05-448a-9c1c-2dc5daddcc11: 34 internal nodes; 2.9 s; peak memory 553 MiB.
2026-10-08T22:42:35Z INFO [354/3744] a73e1789-f5ba-4a14-a2c2-6a4d474d9b88: 31 internal nodes; 1.3 s; peak memory 553 MiB.
2026-10-08T22:42:36Z INFO [355/3744] a73e7db2-2821-4ac6-9eb3-366535a712ca: 27 internal nodes; 1.0 s; peak memory 553 MiB.
2026-10-08T22:42:37Z INFO [356/3744] a73f067f-0288-46ee-b01d-0c9890a6b74d: 17 internal nodes; 0.6 s; peak memory 553 MiB.
2026-10-08T22:42:37Z INFO [357/3744] a73f114b-c8c4-4be5-8518-94549c2c1b34: 27 internal nodes; 0.7 s; peak memory 553 MiB.
2026-10-08T22:42:38Z INFO [358/3744] a73fedfd-158c-4cc5-a7ae-68962dac377f: 119 internal nodes; 1.0 s; peak memory 553 MiB.
2026-10-08T22:42:40Z INFO [359/3744] a74013fd-1586-4d44-ba54-84153ddf1530: 72 internal nodes; 1.9 s; peak memory 553 MiB.
2026-10-08T22:42:41Z INFO [360/3744] a7420c40-f056-448a-8909-0df0025ef131: 17 internal nodes; 0.7 s; peak memory 553 MiB.
2026-10-08T22:42:42Z INFO [361/3744] a7427903-0b05-44fe-a57a-d57b88f9e490: 66 internal nodes; 1.3 s; peak memory 553 MiB.
2026-10-08T22:42:43Z INFO [362/3744] a74435a8-aee2-40cc-8756-e520a8b99c34: 27 internal nodes; 0.7 s; peak memory 553 MiB.
2026-10-08T22:42:44Z INFO [363/3744] a7448e41-337a-4df5-8209-ee1f6a8603fd: 27 internal nodes; 0.7 s; peak memory 553 MiB.
2026-10-08T22:42:45Z INFO [364/3744] a744cf60-92cd-4231-83f9-e65a2b2a3e79: 27 internal nodes; 0.9 s; peak memory 553 MiB.
2026-10-08T22:42:45Z INFO [365/3744] a744cf87-7a64-4e6f-ba7c-f23b8025e522: 11 internal nodes; 0.5 s; peak memory 553 MiB.
2026-10-08T22:42:47Z INFO [366/3744] a7467ab6-ca16-421e-b634-162741107dda: 37 internal nodes; 1.3 s; peak memory 553 MiB.
2026-10-08T22:42:47Z INFO [367/3744] a746cc01-ef86-459d-a2ee-336bd6dced11: 17 internal nodes; 0.8 s; peak memory 553 MiB.
2026-10-08T22:42:48Z INFO [368/3744] a7471c77-eca5-4166-b6de-59f7c1938319: 17 internal nodes; 0.6 s; peak memory 553 MiB.
2026-10-08T22:42:49Z INFO [369/3744] a747cc69-c4e1-45e8-9599-a7ffbe8ab640: 27 internal nodes; 0.6 s; peak memory 553 MiB.
2026-10-08T22:42:49Z INFO [370/3744] a747dd9f-cf0f-4aaa-a322-1bb3e0d00ad1: 17 internal nodes; 0.8 s; peak memory 553 MiB.
2026-10-08T22:42:50Z INFO [371/3744] a747ea5b-b015-4031-9fed-c1bed2ce2fd6: 11 internal nodes; 0.3 s; peak memory 553 MiB.
2026-10-08T22:42:50Z INFO [372/3744] a747f755-75e2-464b-a452-98ff6c7d2ca7: 17 internal nodes; 0.6 s; peak memory 553 MiB.
2026-10-08T22:42:52Z INFO [373/3744] a7494ca6-8084-48e6-bc7b-c183dfd94e86: 26 internal nodes; 1.6 s; peak memory 553 MiB.
2026-10-08T22:42:53Z INFO [374/3744] a74a6c72-ce7c-4ac9-b65a-8e6002e8a368: 13 internal nodes; 0.5 s; peak memory 553 MiB.
2026-10-08T22:42:56Z INFO [375/3744] a74a8d0f-d094-4b8a-ba0d-dcbf1e9984d8: 109 internal nodes; 3.3 s; peak memory 553 MiB.
2026-10-08T22:42:56Z INFO [376/3744] a74a9ecc-6c2f-4f63-b9df-be46e6cb991e: 17 internal nodes; 0.6 s; peak memory 553 MiB.
2026-10-08T22:42:57Z INFO [377/3744] a74ac9f1-6e57-483c-bf13-23a2d8b4f86a: 27 internal nodes; 0.8 s; peak memory 553 MiB.
2026-10-08T22:43:04Z INFO [378/3744] a74ae93e-5c8e-450a-92c8-0b6d606a984f: 75 internal nodes; 6.6 s; peak memory 553 MiB.
2026-10-08T22:43:05Z INFO [379/3744] a74aed8f-d6eb-4b1f-b705-f94c14d98c9d: 27 internal nodes; 0.7 s; peak memory 553 MiB.
2026-10-08T22:43:05Z INFO [380/3744] a74b9da5-3f95-4df7-8318-1624f91e74c2: 17 internal nodes; 0.8 s; peak memory 553 MiB.
2026-10-08T22:43:06Z INFO [381/3744] a74c0cb3-92b5-4272-aaf5-7a8e1e863bc1: 31 internal nodes; 0.9 s; peak memory 553 MiB.
2026-10-08T22:43:07Z INFO [382/3744] a74c4af6-0263-44c8-a65a-6914667434af: 27 internal nodes; 0.8 s; peak memory 553 MiB.
2026-10-08T22:43:08Z INFO [383/3744] a74c9527-0eae-48a8-bf8c-d753fbbd1802: 23 internal nodes; 1.1 s; peak memory 553 MiB.
2026-10-08T22:43:09Z INFO [384/3744] a74cd352-3a6e-4611-9791-9bf7d90aa2a0: 31 internal nodes; 1.1 s; peak memory 553 MiB.
2026-10-08T22:43:10Z INFO [385/3744] a74dcfab-e5bb-473c-a671-5bf146c8368e: 59 internal nodes; 1.1 s; peak memory 553 MiB.
2026-10-08T22:43:11Z INFO [386/3744] a74e076e-8515-44ae-99c6-99fe90f9d2a1: 31 internal nodes; 0.7 s; peak memory 553 MiB.
2026-10-08T22:43:13Z INFO [387/3744] a74e1ad4-9787-4bd7-bf56-b0689e48a5a6: 46 internal nodes; 2.0 s; peak memory 553 MiB.
2026-10-08T22:43:14Z INFO [388/3744] a74e3122-c1d3-4496-a5b3-8a54f5ad2fee: 23 internal nodes; 0.6 s; peak memory 553 MiB.
2026-10-08T22:43:18Z INFO [389/3744] a74e7d8a-f5e4-4a4b-bf4b-7b98d93e0cd5: 177 internal nodes; 4.6 s; peak memory 553 MiB.
2026-10-08T22:43:19Z INFO [390/3744] a74ec804-100b-43a5-b50e-528decd0fec5: 27 internal nodes; 0.7 s; peak memory 553 MiB.
2026-10-08T22:43:20Z INFO [391/3744] a7507f4a-cce0-4521-b48a-070d27bf083c: 17 internal nodes; 0.6 s; peak memory 553 MiB.
2026-10-08T22:43:20Z INFO [392/3744] a750d3a8-a174-4867-a3f9-0a0fb45ded8f: 17 internal nodes; 0.8 s; peak memory 553 MiB.
2026-10-08T22:43:27Z INFO [393/3744] a750ea04-e34f-426c-ad20-4efe48fbc79e: 207 internal nodes; 6.7 s; peak memory 553 MiB.
2026-10-08T22:43:29Z INFO [394/3744] a75149e4-ddee-4431-a0da-549f127bca02: 45 internal nodes; 1.9 s; peak memory 553 MiB.
2026-10-08T22:43:30Z INFO [395/3744] a7523a25-01d0-4703-8a15-aede8de1cb68: 14 internal nodes; 0.7 s; peak memory 553 MiB.
2026-10-08T22:43:32Z INFO [396/3744] a752549b-494b-4e5a-9f41-bb5199ab77f5: 61 internal nodes; 2.4 s; peak memory 553 MiB.
2026-10-08T22:43:33Z INFO [397/3744] a75294f5-80ef-4e9c-8187-3257ffca5c63: 23 internal nodes; 0.6 s; peak memory 553 MiB.
2026-10-08T22:43:34Z INFO [398/3744] a7536891-3581-47dc-8edc-05daf0f4484b: 26 internal nodes; 1.1 s; peak memory 553 MiB.
2026-10-08T22:43:36Z INFO [399/3744] a75395e8-2018-4dd2-8383-c1fb8261510b: 38 internal nodes; 1.8 s; peak memory 553 MiB.
2026-10-08T22:43:36Z INFO [400/3744] a754c2c6-5fe5-4ab6-9289-651327aced7a: 27 internal nodes; 0.8 s; peak memory 553 MiB.
2026-10-08T22:43:37Z INFO [400/3744] a754c2c6-5fe5-4ab6-9289-651327aced7a: checkpointed 127471 new records.
2026-10-08T22:43:38Z INFO [401/3744] a7553359-ff85-43f2-b9ae-1cbadbbd1fe0: 31 internal nodes; 0.9 s; peak memory 553 MiB.
2026-10-08T22:43:49Z INFO [402/3744] a7566509-f6ee-4ce2-9913-ecc8933b4413: 368 internal nodes; 11.8 s; peak memory 553 MiB.
2026-10-08T22:43:52Z INFO [403/3744] a7566c40-2403-4424-a848-734cc938f3d0: 129 internal nodes; 2.9 s; peak memory 553 MiB.
2026-10-08T22:43:58Z INFO [404/3744] a7573107-80e7-4c66-afe9-2cbd38a811e8: 187 internal nodes; 5.5 s; peak memory 553 MiB.
2026-10-08T22:43:59Z INFO [405/3744] a7578b6b-9151-40b7-844c-665936c587a5: 24 internal nodes; 1.2 s; peak memory 553 MiB.
2026-10-08T22:44:00Z INFO [406/3744] a757a8ce-0ac2-432b-be31-ba75d04158ca: 17 internal nodes; 0.7 s; peak memory 553 MiB.
2026-10-08T22:44:01Z INFO [407/3744] a758c133-105c-401b-9f70-158dc4126c89: 119 internal nodes; 0.9 s; peak memory 553 MiB.
2026-10-08T22:44:01Z INFO [408/3744] a7591bf0-e91d-4780-8873-5e542c43d31d: 27 internal nodes; 0.9 s; peak memory 553 MiB.
2026-10-08T22:44:03Z INFO [409/3744] a75a2f77-aafc-4060-870a-284e97e07734: 44 internal nodes; 1.7 s; peak memory 553 MiB.
2026-10-08T22:44:04Z INFO [410/3744] a75c4ae3-815f-45b5-b694-7ccdc0d880f7: 29 internal nodes; 0.9 s; peak memory 553 MiB.
2026-10-08T22:44:05Z INFO [411/3744] a75c50d6-e693-4f7d-be1b-55475a8225fd: 31 internal nodes; 0.7 s; peak memory 553 MiB.
2026-10-08T22:44:05Z INFO [412/3744] a75ca976-13d5-44f5-855c-5cba0a680781: 28 internal nodes; 0.9 s; peak memory 553 MiB.
2026-10-08T22:44:06Z INFO [413/3744] a75d1b0e-7286-48ad-87f3-5ae151571f78: 53 internal nodes; 1.0 s; peak memory 553 MiB.
2026-10-08T22:44:08Z INFO [414/3744] a75de61f-5d85-4c01-bdd7-b5e40df87b61: 44 internal nodes; 1.2 s; peak memory 553 MiB.
2026-10-08T22:44:08Z INFO [415/3744] a75e792a-f67a-49fc-8070-b0f69d53209c: 27 internal nodes; 0.8 s; peak memory 553 MiB.
2026-10-08T22:44:09Z INFO [416/3744] a75fd415-0f04-4897-b577-6abdeb4ba098: 13 internal nodes; 0.5 s; peak memory 553 MiB.
2026-10-08T22:44:10Z INFO [417/3744] a760b425-ead5-42d5-b911-19d0aef48464: 67 internal nodes; 1.4 s; peak memory 553 MiB.
2026-10-08T22:44:15Z INFO [418/3744] a762be89-1d1e-4323-b0a0-42a585ad8415: 209 internal nodes; 5.0 s; peak memory 553 MiB.
2026-10-08T22:44:18Z INFO [419/3744] a764b7fd-b7ec-4af9-be31-cc75f1afc079: 44 internal nodes; 2.7 s; peak memory 553 MiB.
2026-10-08T22:44:19Z INFO [420/3744] a764c004-4e27-4f04-bc6b-326b0a052e71: 27 internal nodes; 0.8 s; peak memory 553 MiB.
2026-10-08T22:44:20Z INFO [421/3744] a764e66e-81b3-4edc-89a5-f048f8f71733: 24 internal nodes; 0.8 s; peak memory 553 MiB.
2026-10-08T22:44:21Z INFO [422/3744] a764fe21-60cf-4ce0-8576-c41cfcf7388e: 30 internal nodes; 0.9 s; peak memory 553 MiB.
2026-10-08T22:44:22Z INFO [423/3744] a76537aa-eaec-440e-991c-44042e4e68e8: 31 internal nodes; 1.2 s; peak memory 553 MiB.
2026-10-08T22:44:23Z INFO [424/3744] a76541bd-e3f8-4f73-9da2-4d09b25bff62: 26 internal nodes; 0.9 s; peak memory 553 MiB.
2026-10-08T22:44:27Z INFO [425/3744] a76577ae-ea32-484d-bde7-a2d73f20431f: 54 internal nodes; 4.6 s; peak memory 553 MiB.
2026-10-08T22:44:28Z INFO [426/3744] a766340e-66fe-4dc8-be22-7ba824751f1c: 17 internal nodes; 0.9 s; peak memory 553 MiB.
2026-10-08T22:44:29Z INFO [427/3744] a7674a83-f192-476a-8a70-a836708ca804: 17 internal nodes; 0.7 s; peak memory 553 MiB.
2026-10-08T22:44:29Z INFO [428/3744] a7679598-44d5-419e-ac50-7916069e4d9b: 17 internal nodes; 0.6 s; peak memory 553 MiB.
2026-10-08T22:44:33Z INFO [429/3744] a7681869-3215-4c01-8c17-4d0e54df3eb1: 54 internal nodes; 3.6 s; peak memory 553 MiB.
2026-10-08T22:44:34Z INFO [430/3744] a7686764-9d08-4a42-b639-5044b3c176bf: 17 internal nodes; 0.7 s; peak memory 553 MiB.
2026-10-08T22:44:34Z INFO [431/3744] a769096a-040e-4e48-84e1-e8e76c4a8d2c: 62 internal nodes; 0.8 s; peak memory 553 MiB.
2026-10-08T22:44:35Z INFO [432/3744] a7690c83-1bf9-4e54-825c-24546a709b8c: 11 internal nodes; 0.5 s; peak memory 553 MiB.
2026-10-08T22:44:36Z INFO [433/3744] a76a6127-8775-4d69-ad55-0746756eee9c: 26 internal nodes; 0.7 s; peak memory 553 MiB.
2026-10-08T22:44:37Z INFO [434/3744] a76abe40-ddd2-4993-a5fb-b96d682fad83: 122 internal nodes; 1.1 s; peak memory 553 MiB.
2026-10-08T22:44:38Z INFO [435/3744] a76b45de-219a-4216-b03b-df585baea532: 13 internal nodes; 0.9 s; peak memory 553 MiB.
2026-10-08T22:44:39Z INFO [436/3744] a76bde96-584c-483b-bb54-c4e6ef17c3c4: 31 internal nodes; 1.1 s; peak memory 553 MiB.
2026-10-08T22:44:45Z INFO [437/3744] a76c0a87-e779-443c-a339-c891cca9515e: 65 internal nodes; 6.0 s; peak memory 553 MiB.
2026-10-08T22:44:45Z INFO [438/3744] a76c2b44-97e3-4447-9d43-25c8c1356d87: 17 internal nodes; 0.7 s; peak memory 553 MiB.
2026-10-08T22:44:46Z INFO [439/3744] a76caae9-4173-4d26-8059-3650e29bbe6b: 27 internal nodes; 1.0 s; peak memory 553 MiB.
2026-10-08T22:44:47Z INFO [440/3744] a76e2a6a-a6b7-412e-a058-7c25dd668d3e: 27 internal nodes; 0.8 s; peak memory 553 MiB.
2026-10-08T22:44:48Z INFO [441/3744] a76e38ec-bef0-46f7-95b1-cd474b68861b: 17 internal nodes; 0.8 s; peak memory 553 MiB.
2026-10-08T22:44:54Z INFO [442/3744] a76e9e08-d27a-42b1-9b2e-dcda868ff0fc: 260 internal nodes; 6.5 s; peak memory 553 MiB.
2026-10-08T22:44:59Z INFO [443/3744] a76ee43a-b068-431f-97df-9f2611cffba4: 54 internal nodes; 4.8 s; peak memory 553 MiB.
2026-10-08T22:45:00Z INFO [444/3744] a76f38b3-acff-4465-982b-d6c68af453b2: 17 internal nodes; 0.8 s; peak memory 553 MiB.
2026-10-08T22:45:05Z INFO [445/3744] a76f4ef7-49ac-4029-b746-2d2e2c0bfd98: 159 internal nodes; 4.7 s; peak memory 553 MiB.
2026-10-08T22:45:06Z INFO [446/3744] a77080b3-59f4-4073-9292-1255c0233407: 19 internal nodes; 0.8 s; peak memory 553 MiB.
2026-10-08T22:45:06Z INFO [447/3744] a770c35d-a9bb-4a65-a6bc-1916fa8cba06: 114 internal nodes; 0.7 s; peak memory 553 MiB.
2026-10-08T22:45:08Z INFO [448/3744] a7711ab2-f4b8-4db4-b927-5a9391faa9c2: 91 internal nodes; 1.4 s; peak memory 553 MiB.
2026-10-08T22:45:08Z INFO [449/3744] a771a66e-4632-47b5-bfab-c3604cd71c8f: 27 internal nodes; 0.8 s; peak memory 553 MiB.
2026-10-08T22:45:09Z INFO [450/3744] a77220ce-25a6-49a5-8ce4-1fe49fe5a90c: 26 internal nodes; 0.5 s; peak memory 553 MiB.
2026-10-08T22:45:09Z INFO [450/3744] a77220ce-25a6-49a5-8ce4-1fe49fe5a90c: checkpointed 127521 new records.
2026-10-08T22:45:11Z INFO [451/3744] a772418e-2832-4c81-9355-5891bb634e26: 46 internal nodes; 1.9 s; peak memory 553 MiB.
2026-10-08T22:45:16Z INFO [452/3744] a77249ae-fb5c-433e-8fbc-3646b9d51a34: 44 internal nodes; 4.9 s; peak memory 556 MiB.
2026-10-08T22:45:21Z INFO [453/3744] a773ac35-15ea-4938-8941-42541d5302f1: 151 internal nodes; 4.6 s; peak memory 556 MiB.
2026-10-08T22:45:21Z INFO [454/3744] a773e8ee-61f9-4fa9-a18a-c3e29be9ce2e: 28 internal nodes; 0.6 s; peak memory 556 MiB.
2026-10-08T22:45:23Z INFO [455/3744] a77413d7-0089-4224-97ac-4bde2c25e4be: 46 internal nodes; 1.7 s; peak memory 556 MiB.
2026-10-08T22:45:24Z INFO [456/3744] a7741e43-1dcc-4e38-9861-5606da3484b2: 23 internal nodes; 0.6 s; peak memory 556 MiB.
2026-10-08T22:45:24Z INFO [457/3744] a774c161-195b-437e-8ae2-950ec7d599df: 29 internal nodes; 0.8 s; peak memory 556 MiB.
2026-10-08T22:45:25Z INFO [458/3744] a775327e-63f2-4905-88bb-a0142b41a59a: 17 internal nodes; 0.6 s; peak memory 556 MiB.
2026-10-08T22:45:26Z INFO [459/3744] a775d701-a6ab-415c-9f8c-23560da03cb3: 25 internal nodes; 0.8 s; peak memory 556 MiB.
2026-10-08T22:45:29Z INFO [460/3744] a7769248-1dd5-40ca-bdc8-7f117f81c45f: 130 internal nodes; 3.0 s; peak memory 556 MiB.
2026-10-08T22:45:29Z INFO [461/3744] a7772d1b-ff7c-444f-bc2c-630e3698bdb9: 17 internal nodes; 0.7 s; peak memory 556 MiB.
2026-10-08T22:45:30Z INFO [462/3744] a77789c3-a7d8-49f5-a10e-36fe6fef6ee8: 116 internal nodes; 0.6 s; peak memory 556 MiB.
2026-10-08T22:45:31Z INFO [463/3744] a777f6b6-aef3-4023-befe-9e8e4521ef77: 31 internal nodes; 1.2 s; peak memory 556 MiB.
2026-10-08T22:45:34Z INFO [464/3744] a7783119-19de-4fdc-9c6c-f60e428a3a4c: 142 internal nodes; 2.8 s; peak memory 556 MiB.
2026-10-08T22:45:35Z INFO [465/3744] a7795f48-f8e3-434b-9eeb-a3c638e0809b: 63 internal nodes; 1.2 s; peak memory 556 MiB.
2026-10-08T22:45:36Z INFO [466/3744] a7796f77-0b15-4cf5-a688-b4ff9381ad9a: 27 internal nodes; 0.8 s; peak memory 556 MiB.
2026-10-08T22:45:37Z INFO [467/3744] a77bffe4-813f-4afa-8260-d6301d7def13: 21 internal nodes; 0.8 s; peak memory 556 MiB.
2026-10-08T22:45:37Z INFO [468/3744] a77cc752-7dfe-4de9-8ddb-72ce6fd1fada: 17 internal nodes; 0.7 s; peak memory 556 MiB.
2026-10-08T22:45:38Z INFO [469/3744] a77cd89e-ebce-4d70-8981-4619bdbd1cbd: 17 internal nodes; 0.8 s; peak memory 556 MiB.
2026-10-08T22:45:40Z INFO [470/3744] a77d2f03-6c9f-4de5-8c09-c301946a9c5e: 59 internal nodes; 1.5 s; peak memory 556 MiB.
2026-10-08T22:45:41Z INFO [471/3744] a77e22d5-40a4-4dae-bd4d-e8798f15e23a: 17 internal nodes; 0.8 s; peak memory 556 MiB.
2026-10-08T22:45:45Z INFO [472/3744] a77ec116-41e8-4349-9a45-0d0fcd6ddc28: 73 internal nodes; 4.0 s; peak memory 556 MiB.
2026-10-08T22:45:45Z INFO [473/3744] a77ec66f-5cfb-4aba-8b6d-8f495dd4a1ec: 29 internal nodes; 1.0 s; peak memory 556 MiB.
2026-10-08T22:47:21Z INFO [474/3744] a77ef0d1-fac8-4d20-9389-71ed6a05bfb0: 9629 internal nodes; 95.6 s; peak memory 664 MiB.
2026-10-08T22:47:22Z INFO [475/3744] a77f4bf1-597c-487b-93cb-6457f718e354: 27 internal nodes; 0.7 s; peak memory 664 MiB.
2026-10-08T22:47:22Z INFO [476/3744] a77fb2a1-5194-4528-9513-049005ad332c: 27 internal nodes; 0.7 s; peak memory 664 MiB.
2026-10-08T22:47:23Z INFO [477/3744] a77fe576-cbea-4c7d-b8c3-2c7673b56e6c: 65 internal nodes; 0.9 s; peak memory 664 MiB.
2026-10-08T22:47:25Z INFO [478/3744] a7801d5e-ea35-40d4-a1a4-f24e5bd94552: 61 internal nodes; 1.1 s; peak memory 664 MiB.
2026-10-08T22:47:25Z INFO [479/3744] a7801d83-0729-4ae1-b794-dc2af1849c43: 17 internal nodes; 0.6 s; peak memory 664 MiB.
2026-10-08T22:47:29Z INFO [480/3744] a7807680-a8fa-456d-8469-996cf2bb5c19: 162 internal nodes; 3.6 s; peak memory 664 MiB.
2026-10-08T22:47:31Z INFO [481/3744] a780b112-5668-48ae-aa57-6d43922e8ea6: 27 internal nodes; 1.9 s; peak memory 664 MiB.
2026-10-08T22:47:31Z INFO [482/3744] a781be99-c97b-4bfb-b416-9fcfa2a39245: 17 internal nodes; 0.8 s; peak memory 664 MiB.
2026-10-08T22:47:32Z INFO [483/3744] a781dac0-1588-40a2-8b19-04409d43619f: 31 internal nodes; 0.9 s; peak memory 664 MiB.
2026-10-08T22:47:33Z INFO [484/3744] a7820091-dc84-4d8c-9d98-fe7f34ecf22d: 27 internal nodes; 1.0 s; peak memory 664 MiB.
2026-10-08T22:47:34Z INFO [485/3744] a7834dd0-d6ce-40d6-b199-0bdd80cea88b: 17 internal nodes; 0.7 s; peak memory 664 MiB.
2026-10-08T22:47:35Z INFO [486/3744] a78382f5-f93c-476a-86ee-296660fe47ef: 14 internal nodes; 0.7 s; peak memory 664 MiB.
2026-10-08T22:47:38Z INFO [487/3744] a783b728-84e0-4382-8fe7-22ab1be11f52: 121 internal nodes; 2.8 s; peak memory 664 MiB.
2026-10-08T22:47:38Z INFO [488/3744] a78456d3-0bea-4bf8-b848-78bbc10c90d3: 31 internal nodes; 0.6 s; peak memory 664 MiB.
2026-10-08T22:47:43Z INFO [489/3744] a7854bd5-6f6b-438f-89ab-086c745c3ba5: 67 internal nodes; 4.4 s; peak memory 664 MiB.
2026-10-08T22:47:44Z INFO [490/3744] a7856714-ac75-44ec-a831-2000c9de0530: 31 internal nodes; 1.0 s; peak memory 664 MiB.
2026-10-08T22:47:44Z INFO [491/3744] a7858963-e8ce-47a7-9cca-0154dca2c30f: 27 internal nodes; 0.9 s; peak memory 664 MiB.
2026-10-08T22:47:46Z INFO [492/3744] a7860eef-b5b9-489b-b595-a65fc7097cb5: 36 internal nodes; 1.3 s; peak memory 664 MiB.
2026-10-08T22:50:35Z INFO [493/3744] a7866f57-0047-48e1-93f6-99ac6d308623: 15755 internal nodes; 168.9 s; peak memory 977 MiB.
2026-10-08T22:50:36Z INFO [494/3744] a787b711-c2af-40b3-b2ee-7e35d7678315: 17 internal nodes; 0.9 s; peak memory 977 MiB.
2026-10-08T22:50:36Z INFO [495/3744] a787b88d-e613-48a1-ada0-ae006570850a: 27 internal nodes; 0.9 s; peak memory 977 MiB.
2026-10-08T22:50:37Z INFO [496/3744] a7882c03-daa5-43f0-a558-a91f920200cb: 17 internal nodes; 0.6 s; peak memory 977 MiB.
2026-10-08T22:50:45Z INFO [497/3744] a7883077-2739-4a4f-9f1e-3429009746ee: 250 internal nodes; 8.3 s; peak memory 977 MiB.
2026-10-08T22:50:55Z INFO [498/3744] a7889daa-bbec-4810-bcc7-daf199037dc9: 83 internal nodes; 9.3 s; peak memory 977 MiB.
2026-10-08T22:50:56Z INFO [499/3744] a788edfc-eaca-4637-b77d-36931bdf4f20: 44 internal nodes; 1.6 s; peak memory 977 MiB.
2026-10-08T22:50:57Z INFO [500/3744] a78906c6-724a-4b22-ab16-074babbc99c4: 31 internal nodes; 0.8 s; peak memory 977 MiB.
2026-10-08T22:50:57Z INFO [500/3744] a78906c6-724a-4b22-ab16-074babbc99c4: checkpointed 127571 new records.
2026-10-08T22:51:17Z INFO [501/3744] a789b662-842c-41e4-8025-58a3132fec27: 136 internal nodes; 19.2 s; peak memory 977 MiB.
2026-10-08T22:51:19Z INFO [502/3744] a789e3a3-5b3f-4e7a-bad9-f98b46e1c01e: 44 internal nodes; 2.0 s; peak memory 977 MiB.
2026-10-08T22:51:23Z INFO [503/3744] a78a3ae0-defb-45eb-8ea7-dd6c49b8abbc: 73 internal nodes; 4.2 s; peak memory 977 MiB.
2026-10-08T22:51:37Z INFO [504/3744] a78a891e-30cb-48c0-8eb3-f8ecf5b22386: 135 internal nodes; 14.3 s; peak memory 977 MiB.
2026-10-08T22:51:44Z INFO [505/3744] a78abad4-262a-4437-b789-d09d4a9d9bbe: 267 internal nodes; 7.2 s; peak memory 977 MiB.
2026-10-08T22:51:48Z INFO [506/3744] a78be57d-9f75-4348-b152-5de9cf1bd65f: 97 internal nodes; 3.2 s; peak memory 977 MiB.
2026-10-08T22:51:48Z INFO [507/3744] a78c5772-6a32-4c97-ac08-8559db453cb0: 17 internal nodes; 0.6 s; peak memory 977 MiB.
2026-10-08T22:51:55Z INFO [508/3744] a78d2c2a-bc90-4df9-acdb-a04af27432ae: 235 internal nodes; 6.9 s; peak memory 977 MiB.
2026-10-08T22:51:56Z INFO [509/3744] a78d38ca-df96-496b-a8ae-d2804d6bd9f9: 27 internal nodes; 0.7 s; peak memory 977 MiB.
2026-10-08T22:51:56Z INFO [510/3744] a78d6201-798d-4067-a1bd-ce634c3859c5: 27 internal nodes; 0.7 s; peak memory 977 MiB.
2026-10-08T22:51:57Z INFO [511/3744] a78d71e6-e94c-4976-bfa1-4592a48d111a: 13 internal nodes; 0.5 s; peak memory 977 MiB.
2026-10-08T22:51:58Z INFO [512/3744] a78dcff3-441d-4dd7-8c96-4e430d2fab85: 31 internal nodes; 1.0 s; peak memory 977 MiB.
2026-10-08T22:51:59Z INFO [513/3744] a78e0d83-7a77-403e-90ed-141b2ecbbb71: 91 internal nodes; 0.8 s; peak memory 977 MiB.
2026-10-08T22:51:59Z INFO [514/3744] a78e263d-d2c0-4d15-acdc-6092e7cb31a3: 19 internal nodes; 0.6 s; peak memory 977 MiB.
2026-10-08T22:52:05Z INFO [515/3744] a78e30ba-9035-4a4e-a495-3a7448c0b25c: 257 internal nodes; 5.5 s; peak memory 977 MiB.
2026-10-08T22:52:07Z INFO [516/3744] a78e8b7a-d940-46f7-a1b0-6a24fa247b7f: 46 internal nodes; 2.2 s; peak memory 977 MiB.
2026-10-08T22:52:17Z INFO [517/3744] a78f6c0b-bc65-4f71-bb90-83a56159a0a6: 135 internal nodes; 10.2 s; peak memory 977 MiB.
2026-10-08T22:52:18Z INFO [518/3744] a78f9753-6caf-4912-8143-42629115f7ad: 31 internal nodes; 1.1 s; peak memory 977 MiB.
2026-10-08T22:52:19Z INFO [519/3744] a7904b76-3bf5-42b0-afe9-cff6e7954699: 17 internal nodes; 0.6 s; peak memory 977 MiB.
2026-10-08T22:52:19Z INFO [520/3744] a790be92-312d-441c-8b81-c183f8891365: 11 internal nodes; 0.3 s; peak memory 977 MiB.
2026-10-08T22:52:20Z INFO [521/3744] a7919e92-663c-4a18-b770-f21e69e89d4b: 17 internal nodes; 0.7 s; peak memory 977 MiB.
2026-10-08T22:52:26Z INFO [522/3744] a792581b-8576-4b41-b025-b532a3f5b03b: 220 internal nodes; 6.3 s; peak memory 977 MiB.
2026-10-08T22:52:29Z INFO [523/3744] a792c0bf-5ec1-4085-a3a0-e68d49e9d33b: 73 internal nodes; 3.2 s; peak memory 977 MiB.
2026-10-08T22:52:30Z INFO [524/3744] a7934e60-e278-4045-8c44-cff0bd8449b3: 17 internal nodes; 0.8 s; peak memory 977 MiB.
2026-10-08T22:52:31Z INFO [525/3744] a79370f0-8f77-46cf-98e8-21c482391128: 19 internal nodes; 0.8 s; peak memory 977 MiB.
2026-10-08T22:52:32Z INFO [526/3744] a7941aa1-453d-4fec-8b62-321774dc1df5: 56 internal nodes; 1.0 s; peak memory 977 MiB.
2026-10-08T22:52:33Z INFO [527/3744] a79476ac-afaa-4419-9b96-252b96b8b3a6: 63 internal nodes; 1.0 s; peak memory 977 MiB.
2026-10-08T22:52:34Z INFO [528/3744] a794e3c9-ba17-4df0-8007-8e37ff9c979d: 27 internal nodes; 1.0 s; peak memory 977 MiB.
2026-10-08T22:52:35Z INFO [529/3744] a7951e7e-a9ff-4492-b600-91d4b95ce646: 17 internal nodes; 0.7 s; peak memory 977 MiB.
2026-10-08T22:52:35Z INFO [530/3744] a7958b62-33ff-43f3-bd06-c94606c429ff: 22 internal nodes; 0.5 s; peak memory 977 MiB.
2026-10-08T22:52:36Z INFO [531/3744] a795b794-d278-4568-9e5f-e8d6aa8306ce: 53 internal nodes; 1.0 s; peak memory 977 MiB.
2026-10-08T22:52:39Z INFO [532/3744] a7969598-7c85-4436-b5cf-91f491ec0d49: 138 internal nodes; 2.9 s; peak memory 977 MiB.
2026-10-08T22:52:40Z INFO [533/3744] a796b070-c167-4607-80e1-fb65c50c7a19: 31 internal nodes; 1.0 s; peak memory 977 MiB.
2026-10-08T22:52:45Z INFO [534/3744] a797f836-68b4-4746-ae85-6c6433c4cec7: 68 internal nodes; 4.9 s; peak memory 977 MiB.
2026-10-08T22:52:46Z INFO [535/3744] a7989f55-ede5-4eac-aa38-4d58dec3b643: 17 internal nodes; 0.8 s; peak memory 977 MiB.
2026-10-08T22:52:46Z INFO [536/3744] a798da44-f8d2-4f56-9998-1d1605cfc4af: 11 internal nodes; 0.5 s; peak memory 977 MiB.
2026-10-08T22:52:47Z INFO [537/3744] a798f584-b7dc-4523-b3d3-46bd25476585: 12 internal nodes; 0.7 s; peak memory 977 MiB.
2026-10-08T22:52:48Z INFO [538/3744] a799108a-7c70-43b3-979e-28964d205277: 31 internal nodes; 1.1 s; peak memory 977 MiB.
2026-10-08T22:52:50Z INFO [539/3744] a7995e49-1dc8-4763-bddd-47ef6b2d0791: 44 internal nodes; 1.8 s; peak memory 977 MiB.
2026-10-08T22:52:52Z INFO [540/3744] a799fb46-ab44-4217-a419-699b03a2a0dc: 44 internal nodes; 1.7 s; peak memory 977 MiB.
2026-10-08T22:52:52Z INFO [541/3744] a79ac587-8df3-4c7d-8b0e-11352a7435d4: 11 internal nodes; 0.6 s; peak memory 977 MiB.
2026-10-08T22:52:58Z INFO [542/3744] a79c92d8-33c5-4183-b63b-545bd045ad92: 63 internal nodes; 5.7 s; peak memory 977 MiB.
2026-10-08T22:52:59Z INFO [543/3744] a79dbb0b-fc29-472a-aa30-fb886add9b16: 31 internal nodes; 0.7 s; peak memory 977 MiB.
2026-10-08T22:53:06Z INFO [544/3744] a79e7ab5-ff85-4620-bca3-618fa7fc93be: 148 internal nodes; 7.5 s; peak memory 977 MiB.
2026-10-08T22:53:11Z INFO [545/3744] a79f37f3-9ca6-4352-8c18-b82defe1d0a7: 61 internal nodes; 4.9 s; peak memory 977 MiB.
2026-10-08T22:53:12Z INFO [546/3744] a79fb8b0-8ae3-4fef-9e1e-4016a430a8ec: 27 internal nodes; 0.6 s; peak memory 977 MiB.
2026-10-08T22:53:13Z INFO [547/3744] a7a03528-9a5e-44b0-9542-ea7ab0a2992d: 31 internal nodes; 1.0 s; peak memory 977 MiB.
2026-10-08T22:53:13Z INFO [548/3744] a7a1aea1-5d99-474c-8c6d-01c4a7f9609a: 17 internal nodes; 0.6 s; peak memory 977 MiB.
2026-10-08T22:53:15Z INFO [549/3744] a7a1dc8c-5e84-40ab-867c-c6984cbef415: 27 internal nodes; 1.8 s; peak memory 977 MiB.
2026-10-08T22:53:16Z INFO [550/3744] a7a24055-f8d4-42e7-afab-bbe1a1d22339: 17 internal nodes; 0.6 s; peak memory 977 MiB.
2026-10-08T22:53:16Z INFO [550/3744] a7a24055-f8d4-42e7-afab-bbe1a1d22339: checkpointed 127621 new records.
2026-10-08T22:53:17Z INFO [551/3744] a7a29e1f-0731-4d2b-8b9c-31ccf1ce07db: 17 internal nodes; 0.6 s; peak memory 977 MiB.
2026-10-08T22:53:18Z INFO [552/3744] a7a36f85-bdd5-47fe-a114-59c991acd974: 46 internal nodes; 1.8 s; peak memory 977 MiB.
2026-10-08T22:53:23Z INFO [553/3744] a7a37276-0318-46c4-86ce-482b8382e320: 68 internal nodes; 4.3 s; peak memory 977 MiB.
2026-10-08T22:53:27Z INFO [554/3744] a7a4927a-bb5b-43f6-8252-5a11a2d87f38: 70 internal nodes; 4.3 s; peak memory 977 MiB.
2026-10-08T22:53:28Z INFO [555/3744] a7a53382-53dd-4969-8a32-2ade12f44a98: 29 internal nodes; 0.9 s; peak memory 977 MiB.
2026-10-08T22:53:28Z INFO [556/3744] a7a690e6-a51b-4049-aa7d-591e2dec5dae: 21 internal nodes; 0.5 s; peak memory 977 MiB.
2026-10-08T22:53:29Z INFO [557/3744] a7a6cfcf-837f-498d-b628-18f61a9a2dc1: 31 internal nodes; 1.0 s; peak memory 977 MiB.
2026-10-08T22:53:34Z INFO [558/3744] a7a6ed85-f7bf-4009-9802-5cf145f7ea00: 54 internal nodes; 4.2 s; peak memory 977 MiB.
2026-10-08T22:53:34Z INFO [559/3744] a7a707b1-1e6f-42f0-b9db-2c1baab7a34b: 27 internal nodes; 0.8 s; peak memory 977 MiB.
2026-10-08T22:53:35Z INFO [560/3744] a7a71962-cc7a-41db-b03c-28d880f2c243: 27 internal nodes; 0.9 s; peak memory 977 MiB.
2026-10-08T22:53:36Z INFO [561/3744] a7a8d37e-3a78-4d94-8235-fea8ec48dc3a: 17 internal nodes; 0.7 s; peak memory 977 MiB.
2026-10-08T22:53:40Z INFO [562/3744] a7a8e128-a212-405e-8e1b-5c22e8fdd346: 149 internal nodes; 4.0 s; peak memory 977 MiB.
2026-10-08T22:53:42Z INFO [563/3744] a7a8eeda-076f-49de-ba2d-1aed39e177cc: 44 internal nodes; 2.2 s; peak memory 977 MiB.
2026-10-08T22:53:43Z INFO [564/3744] a7aa4333-3123-4b27-957e-d59950a79bff: 19 internal nodes; 0.6 s; peak memory 977 MiB.
2026-10-08T22:53:43Z INFO [565/3744] a7aa6f01-6a94-4253-83ed-4994c0fefd47: 17 internal nodes; 0.6 s; peak memory 977 MiB.
2026-10-08T22:53:45Z INFO [566/3744] a7aa9c19-972a-4d77-9811-270497211221: 40 internal nodes; 2.2 s; peak memory 977 MiB.
2026-10-08T22:53:46Z INFO [567/3744] a7abf4ce-19d9-4fb1-9550-3efaf14dfd05: 116 internal nodes; 0.8 s; peak memory 977 MiB.
2026-10-08T22:53:47Z INFO [568/3744] a7ac85f3-f652-44ff-b13a-02ced508ac9d: 27 internal nodes; 0.9 s; peak memory 977 MiB.
2026-10-08T22:53:48Z INFO [569/3744] a7ace523-bb2d-44de-a291-22c8439f99a7: 27 internal nodes; 0.8 s; peak memory 977 MiB.
2026-10-08T22:53:49Z INFO [570/3744] a7ad2079-71be-405c-844d-28bd61ca8522: 27 internal nodes; 0.8 s; peak memory 977 MiB.
2026-10-08T22:53:50Z INFO [571/3744] a7add78b-fabf-4857-9ac4-ae467bfafb2b: 18 internal nodes; 0.9 s; peak memory 977 MiB.
2026-10-08T22:53:50Z INFO [572/3744] a7ae330b-fc4c-422f-8eaa-fab567089adf: 25 internal nodes; 0.7 s; peak memory 977 MiB.
2026-10-08T22:53:51Z INFO [573/3744] a7af3b3b-c47e-408d-8cca-54fecd5d7d8a: 23 internal nodes; 0.9 s; peak memory 977 MiB.
2026-10-08T22:53:52Z INFO [574/3744] a7af890b-7c47-4ffa-8a12-74b65176813f: 17 internal nodes; 0.5 s; peak memory 977 MiB.
2026-10-08T22:53:53Z INFO [575/3744] a7affa6a-e2c1-485d-a465-cb7da54ab977: 61 internal nodes; 1.1 s; peak memory 977 MiB.
2026-10-08T22:53:54Z INFO [576/3744] a7b03132-c185-4d14-945a-2e3e62d56225: 27 internal nodes; 1.1 s; peak memory 977 MiB.
2026-10-08T22:54:03Z INFO [577/3744] a7b16dab-a9e2-4ba5-a593-7bee74b8da2c: 74 internal nodes; 9.5 s; peak memory 977 MiB.
2026-10-08T22:54:05Z INFO [578/3744] a7b2ab07-4554-4f57-8081-7c956364f3fa: 22 internal nodes; 2.3 s; peak memory 977 MiB.
2026-10-08T22:54:07Z INFO [579/3744] a7b2ebad-448d-421b-ac05-aff3a713bad1: 53 internal nodes; 1.2 s; peak memory 977 MiB.
2026-10-08T22:54:09Z INFO [580/3744] a7b31a6f-915a-4b98-817d-3a8feccb3167: 44 internal nodes; 2.2 s; peak memory 977 MiB.
2026-10-08T22:54:09Z INFO [581/3744] a7b35b16-52cc-4153-9c8e-9402b31334e5: 17 internal nodes; 0.6 s; peak memory 977 MiB.
2026-10-08T22:54:10Z INFO [582/3744] a7b3f89b-8ced-4353-b8b2-665142018069: 11 internal nodes; 0.6 s; peak memory 977 MiB.
2026-10-08T22:54:16Z INFO [583/3744] a7b49c56-f30e-404c-8867-3258a21ed5ca: 68 internal nodes; 6.4 s; peak memory 977 MiB.
2026-10-08T22:54:17Z INFO [584/3744] a7b4a341-f764-4de1-8e37-909d98f88bc5: 54 internal nodes; 0.9 s; peak memory 977 MiB.
2026-10-08T22:54:19Z INFO [585/3744] a7b4a7c9-73c8-4535-8c19-8274bb1d09d7: 46 internal nodes; 2.0 s; peak memory 977 MiB.
2026-10-08T22:54:20Z INFO [586/3744] a7b539af-742c-4a09-9c2f-bf16b27f25c9: 27 internal nodes; 0.7 s; peak memory 977 MiB.
2026-10-08T22:54:21Z INFO [587/3744] a7b5e2cf-f226-488d-b54f-b7109dea0b9d: 27 internal nodes; 0.9 s; peak memory 977 MiB.
2026-10-08T22:54:23Z INFO [588/3744] a7b62b03-10b3-4332-9e39-6cdb4fe94567: 61 internal nodes; 1.7 s; peak memory 977 MiB.
2026-10-08T22:54:23Z INFO [589/3744] a7b642af-a4a8-4004-b7ab-8ba220cceaa2: 116 internal nodes; 0.7 s; peak memory 977 MiB.
2026-10-08T22:54:28Z INFO [590/3744] a7b65adb-2a53-4c87-9ec4-53e86aabec88: 61 internal nodes; 4.2 s; peak memory 977 MiB.
2026-10-08T22:54:28Z INFO [591/3744] a7b678a3-d6ee-497a-96b2-1e799f75f285: 31 internal nodes; 0.9 s; peak memory 977 MiB.
2026-10-08T22:54:29Z INFO [592/3744] a7b6c5f2-1497-4523-8c5f-9255caea3191: 54 internal nodes; 1.0 s; peak memory 977 MiB.
2026-10-08T22:54:32Z INFO [593/3744] a7b6d449-27d4-4143-806c-9da9c4e7a275: 46 internal nodes; 2.2 s; peak memory 977 MiB.
2026-10-08T22:54:33Z INFO [594/3744] a7b6eb08-3af3-45b4-af77-08b00f71b131: 31 internal nodes; 1.1 s; peak memory 977 MiB.
2026-10-08T22:54:36Z INFO [595/3744] a7b82bdc-3248-41aa-bf20-e2ddadbe2f73: 113 internal nodes; 3.7 s; peak memory 977 MiB.
2026-10-08T22:54:37Z INFO [596/3744] a7b962d8-0b68-4550-b2e1-d890132cd205: 17 internal nodes; 0.7 s; peak memory 977 MiB.
2026-10-08T22:54:38Z INFO [597/3744] a7ba0a67-01da-4f55-ae2f-718f4059a1b6: 13 internal nodes; 1.0 s; peak memory 977 MiB.
2026-10-08T22:54:39Z INFO [598/3744] a7ba8586-adee-4ec0-b021-1a9f93ac850b: 26 internal nodes; 0.5 s; peak memory 977 MiB.
2026-10-08T22:54:40Z INFO [599/3744] a7bace74-6677-4a2b-bc16-2a1b6bd6a640: 60 internal nodes; 1.1 s; peak memory 977 MiB.
2026-10-08T22:54:40Z INFO [600/3744] a7bc21d9-e03c-4108-9491-597f9d1b6a30: 17 internal nodes; 0.6 s; peak memory 977 MiB.
2026-10-08T22:54:41Z INFO [600/3744] a7bc21d9-e03c-4108-9491-597f9d1b6a30: checkpointed 127671 new records.
2026-10-08T22:54:42Z INFO [601/3744] a7bc818a-8b50-4b59-bdc2-166b0490447f: 29 internal nodes; 1.2 s; peak memory 977 MiB.
2026-10-08T22:54:43Z INFO [602/3744] a7bcf4bc-473a-433f-8937-5b0ca2b71451: 13 internal nodes; 0.8 s; peak memory 977 MiB.
2026-10-08T22:54:43Z INFO [603/3744] a7bdc346-e880-4d0c-8284-e432a01ae22c: 17 internal nodes; 0.6 s; peak memory 977 MiB.
2026-10-08T22:54:44Z INFO [604/3744] a7be1868-2e38-4853-b42c-583db59e802d: 27 internal nodes; 0.8 s; peak memory 977 MiB.
2026-10-08T22:54:45Z INFO [605/3744] a7bee850-2fdf-4a08-b6d3-b9b7ca0c5992: 27 internal nodes; 0.9 s; peak memory 977 MiB.
2026-10-08T22:54:46Z INFO [606/3744] a7bfafdd-469f-4361-accb-792a3618030b: 17 internal nodes; 0.7 s; peak memory 977 MiB.
2026-10-08T22:54:46Z INFO [607/3744] a7bfea1f-3f34-47cf-9348-fde448a3d015: 27 internal nodes; 0.6 s; peak memory 977 MiB.
2026-10-08T22:54:47Z INFO [608/3744] a7c0a224-a3eb-4c2c-851f-0a5a5986c79d: 17 internal nodes; 0.6 s; peak memory 977 MiB.
2026-10-08T22:54:48Z INFO [609/3744] a7c12e1d-3c14-471a-8742-e3b000c4dd31: 30 internal nodes; 1.4 s; peak memory 977 MiB.
2026-10-08T22:54:49Z INFO [610/3744] a7c1949c-a91e-4b50-ad13-81acc3bb46ba: 17 internal nodes; 0.5 s; peak memory 977 MiB.
2026-10-08T22:54:50Z INFO [611/3744] a7c24232-8dc9-4342-b77b-e0dc53a7803f: 17 internal nodes; 1.0 s; peak memory 977 MiB.
2026-10-08T22:54:55Z INFO [612/3744] a7c28f44-8eba-438f-93b0-523d01078eeb: 177 internal nodes; 4.7 s; peak memory 977 MiB.
2026-10-08T22:54:55Z INFO [613/3744] a7c2cfd1-388b-43f2-9a23-c7c22dc6e4b3: 17 internal nodes; 0.7 s; peak memory 977 MiB.
2026-10-08T22:54:56Z INFO [614/3744] a7c35b5e-fa57-45ee-85f7-0f9bc6c96ff9: 17 internal nodes; 0.8 s; peak memory 977 MiB.
2026-10-08T22:55:03Z INFO [615/3744] a7c369dd-470b-43e5-b434-915625bf8f87: 65 internal nodes; 6.6 s; peak memory 977 MiB.
2026-10-08T22:55:04Z INFO [616/3744] a7c41840-1ae5-4c97-bb2b-e9c8e510bcc6: 46 internal nodes; 1.7 s; peak memory 977 MiB.
2026-10-08T22:55:05Z INFO [617/3744] a7c4251d-ae27-44f8-9cc8-c7e61850e5e6: 30 internal nodes; 0.8 s; peak memory 977 MiB.
2026-10-08T22:55:07Z INFO [618/3744] a7c44b94-53c1-4612-b8f0-8b1e487a2809: 67 internal nodes; 1.3 s; peak memory 977 MiB.
2026-10-08T22:55:09Z INFO [619/3744] a7c4c51c-a347-4aca-9932-412b30c95497: 46 internal nodes; 2.7 s; peak memory 977 MiB.
2026-10-08T22:55:13Z INFO [620/3744] a7c4f7e6-8f74-40e9-a191-ecbb737092f3: 167 internal nodes; 4.2 s; peak memory 977 MiB.
2026-10-08T22:55:20Z INFO [621/3744] a7c51a9a-6bfd-4434-afef-7d109e1a8d36: 237 internal nodes; 6.3 s; peak memory 977 MiB.
2026-10-08T22:55:20Z INFO [622/3744] a7c53401-f2f5-4c06-b6b9-28072023e57b: 13 internal nodes; 0.6 s; peak memory 977 MiB.
2026-10-08T22:55:22Z INFO [623/3744] a7c64a29-8940-4c2c-8ed8-13918d81f1b8: 31 internal nodes; 1.1 s; peak memory 977 MiB.
2026-10-08T22:55:23Z INFO [624/3744] a7c6bf06-b3fc-4ac5-80d9-fd0b38f41fdc: 23 internal nodes; 1.3 s; peak memory 977 MiB.
2026-10-08T22:55:27Z INFO [625/3744] a7c79c62-097c-4e75-a051-24716cb79f15: 41 internal nodes; 4.5 s; peak memory 977 MiB.
2026-10-08T22:55:28Z INFO [626/3744] a7c823f3-9f37-4abc-a366-a802fe7a1cb7: 31 internal nodes; 0.9 s; peak memory 977 MiB.
2026-10-08T22:55:29Z INFO [627/3744] a7ca2f53-a9f4-4da3-a839-7f28146842bb: 115 internal nodes; 0.6 s; peak memory 977 MiB.
2026-10-08T22:55:30Z INFO [628/3744] a7ca3c77-e8fb-446c-9eed-303877d9b09b: 31 internal nodes; 1.1 s; peak memory 977 MiB.
2026-10-08T22:55:31Z INFO [629/3744] a7caad7c-9425-43be-8a52-c0d799b97c9f: 31 internal nodes; 0.9 s; peak memory 977 MiB.
2026-10-08T22:55:32Z INFO [630/3744] a7cb4ede-fc3a-47cf-a03f-8f81c9d523f9: 13 internal nodes; 0.9 s; peak memory 977 MiB.
2026-10-08T22:55:32Z INFO [631/3744] a7cc4478-1547-4751-ac64-07a7ed8fad07: 17 internal nodes; 0.6 s; peak memory 977 MiB.
2026-10-08T22:55:33Z INFO [632/3744] a7cc45c4-b2a1-418b-a86d-58c6d70b9a03: 31 internal nodes; 0.9 s; peak memory 977 MiB.
2026-10-08T22:55:34Z INFO [633/3744] a7ccaa2c-ef58-44f6-bd45-576b9091dd54: 13 internal nodes; 0.7 s; peak memory 977 MiB.
2026-10-08T22:55:38Z INFO [634/3744] a7cdf9e9-9af0-4a1e-aa6a-99b3eedb2c29: 163 internal nodes; 4.0 s; peak memory 977 MiB.
2026-10-08T22:55:41Z INFO [635/3744] a7ce1703-9398-42ee-a2f0-d7298abd7ded: 49 internal nodes; 2.9 s; peak memory 977 MiB.
2026-10-08T22:55:42Z INFO [636/3744] a7ce21a2-1c6f-4118-aa83-b57e94f206a1: 27 internal nodes; 0.7 s; peak memory 977 MiB.
2026-10-08T22:55:42Z INFO [637/3744] a7cf1728-48d2-45bc-af73-9c9d75e9acbf: 61 internal nodes; 0.8 s; peak memory 977 MiB.
2026-10-08T22:55:43Z INFO [638/3744] a7cfa9da-6152-4b66-ba14-c1c2dedc507c: 11 internal nodes; 0.4 s; peak memory 977 MiB.
2026-10-08T22:55:43Z INFO [639/3744] a7d06d6f-b9a0-4f73-bc6f-6469441a4cb4: 27 internal nodes; 0.7 s; peak memory 977 MiB.
2026-10-08T22:55:44Z INFO [640/3744] a7d0928e-d3bd-442a-af4c-5d4afe4c1369: 27 internal nodes; 0.8 s; peak memory 977 MiB.
2026-10-08T22:55:45Z INFO [641/3744] a7d094dc-c6a4-4367-a5b3-13bfbd980163: 26 internal nodes; 0.5 s; peak memory 977 MiB.
2026-10-08T22:55:45Z INFO [642/3744] a7d09b98-aeea-449d-b844-b27afe90a490: 31 internal nodes; 0.8 s; peak memory 977 MiB.
2026-10-08T22:55:46Z INFO [643/3744] a7d0cfd1-e8d9-4e42-877e-25fe2feded96: 17 internal nodes; 0.9 s; peak memory 977 MiB.
2026-10-08T22:55:47Z INFO [644/3744] a7d104b2-c610-4710-9577-e5a58fffa11b: 17 internal nodes; 0.6 s; peak memory 977 MiB.
2026-10-08T22:55:50Z INFO [645/3744] a7d200b5-b448-49cf-bf26-e208c0ee4bf7: 70 internal nodes; 3.5 s; peak memory 977 MiB.
2026-10-08T22:55:56Z INFO [646/3744] a7d35f00-3a6e-4893-a99d-20897b0d1905: 73 internal nodes; 5.5 s; peak memory 977 MiB.
2026-10-08T22:55:56Z INFO [647/3744] a7d3ff0f-a2f6-41fe-a0ac-3c84b2ebdd9c: 27 internal nodes; 0.5 s; peak memory 977 MiB.
2026-10-08T22:55:57Z INFO [648/3744] a7d4bff1-1211-467f-af64-6cfb81acec69: 26 internal nodes; 0.5 s; peak memory 977 MiB.
2026-10-08T22:56:03Z INFO [649/3744] a7d4fbed-9ded-4ae5-b251-dd5e52baa366: 67 internal nodes; 5.9 s; peak memory 977 MiB.
2026-10-08T22:56:09Z INFO [650/3744] a7d50331-3e8c-4995-af8c-f22b0bf3945e: 57 internal nodes; 6.0 s; peak memory 977 MiB.
2026-10-08T22:56:09Z INFO [650/3744] a7d50331-3e8c-4995-af8c-f22b0bf3945e: checkpointed 127721 new records.
2026-10-08T22:56:10Z INFO [651/3744] a7d54ab0-d907-487b-b2e3-d1b3f66f1421: 22 internal nodes; 0.4 s; peak memory 977 MiB.
2026-10-08T22:56:11Z INFO [652/3744] a7d5a640-f243-4b9b-9cca-bc28f1977417: 66 internal nodes; 1.2 s; peak memory 977 MiB.
2026-10-08T22:56:12Z INFO [653/3744] a7d5ad8f-2ae5-4dca-8f0b-7091c490d57c: 27 internal nodes; 0.8 s; peak memory 977 MiB.
2026-10-08T22:56:19Z INFO [654/3744] a7d76176-84b5-4489-bed0-fde9ceae16cb: 71 internal nodes; 7.3 s; peak memory 977 MiB.
2026-10-08T22:56:20Z INFO [655/3744] a7d79295-6fa0-4d8a-a523-c35777bd120c: 116 internal nodes; 0.7 s; peak memory 977 MiB.
2026-10-08T22:56:20Z INFO [656/3744] a7d7c7e3-dad0-4d3c-8e74-2ff6dfac8094: 17 internal nodes; 0.5 s; peak memory 977 MiB.
2026-10-08T22:56:21Z INFO [657/3744] a7d947fa-6dd8-4f61-9f91-d8df27d4948a: 17 internal nodes; 0.7 s; peak memory 977 MiB.
2026-10-08T22:56:26Z INFO [658/3744] a7d95189-7441-4f3f-999d-2f4a72ade190: 204 internal nodes; 5.3 s; peak memory 977 MiB.
2026-10-08T22:56:27Z INFO [659/3744] a7dada76-af2f-4800-be87-44b4f0033895: 17 internal nodes; 0.8 s; peak memory 977 MiB.
2026-10-08T22:56:28Z INFO [660/3744] a7daf140-8d24-4363-8bfb-74cee7983569: 27 internal nodes; 1.0 s; peak memory 977 MiB.
2026-10-08T22:56:28Z INFO [661/3744] a7daf68f-effb-4ee3-8404-0cd37654e5f0: 17 internal nodes; 0.5 s; peak memory 977 MiB.
2026-10-08T22:56:29Z INFO [662/3744] a7dbb8ac-7248-49fe-851f-8a2b24600917: 17 internal nodes; 0.7 s; peak memory 977 MiB.
2026-10-08T22:56:30Z INFO [663/3744] a7dc0a53-9d26-468e-8507-20c57bcc330b: 26 internal nodes; 0.7 s; peak memory 977 MiB.
2026-10-08T22:56:31Z INFO [664/3744] a7dc4197-7b63-440a-b4a1-4b64b05e4d21: 115 internal nodes; 0.9 s; peak memory 977 MiB.
2026-10-08T22:56:32Z INFO [665/3744] a7dc5232-8e7d-44bb-91a6-6d015f574fc4: 37 internal nodes; 1.0 s; peak memory 977 MiB.
2026-10-08T22:56:32Z INFO [666/3744] a7dcaba4-ee1e-4a03-9a58-3775667214fb: 17 internal nodes; 0.7 s; peak memory 977 MiB.
2026-10-08T22:56:33Z INFO [667/3744] a7dd1ba2-2a6c-4b69-b24c-991ed426cc6d: 27 internal nodes; 0.8 s; peak memory 977 MiB.
2026-10-08T22:56:36Z INFO [668/3744] a7dd2bf4-b16b-4e33-9b6b-bab2e23d5a30: 100 internal nodes; 3.5 s; peak memory 977 MiB.
2026-10-08T22:56:37Z INFO [669/3744] a7df32cc-9725-4b41-9608-bf7b4bac2658: 15 internal nodes; 0.8 s; peak memory 977 MiB.
2026-10-08T22:56:38Z INFO [670/3744] a7df4db8-4f87-4264-9f86-33b33f8f0437: 18 internal nodes; 0.9 s; peak memory 977 MiB.
2026-10-08T22:56:39Z INFO [671/3744] a7df9e24-e6a7-4089-97f2-367f443c93e5: 17 internal nodes; 0.6 s; peak memory 977 MiB.
2026-10-08T22:56:39Z INFO [672/3744] a7e005c8-ade7-4eba-8d02-8d60d8ac92da: 11 internal nodes; 0.4 s; peak memory 977 MiB.
2026-10-08T22:56:40Z INFO [673/3744] a7e07115-cb12-4851-a7f2-7201a7468518: 90 internal nodes; 0.9 s; peak memory 977 MiB.
2026-10-08T22:56:40Z INFO [674/3744] a7e09c12-5ca8-417a-9845-4fd4cdc4067c: 11 internal nodes; 0.5 s; peak memory 977 MiB.
2026-10-08T22:56:42Z INFO [675/3744] a7e2980d-bbfc-44cb-9533-5d06ce2b0449: 58 internal nodes; 1.3 s; peak memory 977 MiB.
2026-10-08T22:56:42Z INFO [676/3744] a7e3159f-202e-42c4-939d-e46f1e839fd2: 28 internal nodes; 0.9 s; peak memory 977 MiB.
2026-10-08T22:56:51Z INFO [677/3744] a7e347cf-5ff1-4855-8d8a-220eb2c647b0: 83 internal nodes; 8.1 s; peak memory 977 MiB.
2026-10-08T22:56:52Z INFO [678/3744] a7e34ecc-57f0-4427-aafc-f3fb4b81318b: 32 internal nodes; 1.3 s; peak memory 977 MiB.
2026-10-08T22:56:53Z INFO [679/3744] a7e35e75-6b12-4faa-a6d5-099015351355: 31 internal nodes; 0.9 s; peak memory 977 MiB.
2026-10-08T22:56:53Z INFO [680/3744] a7e4a1cb-b807-408d-9168-be340906d7d3: 11 internal nodes; 0.6 s; peak memory 977 MiB.
2026-10-08T22:56:54Z INFO [681/3744] a7e5fd21-6374-4b42-a431-105e2e173e10: 27 internal nodes; 0.7 s; peak memory 977 MiB.
2026-10-08T22:56:55Z INFO [682/3744] a7e6ca80-a648-44b4-98e5-98bf116aba0b: 19 internal nodes; 0.7 s; peak memory 977 MiB.
2026-10-08T22:56:58Z INFO [683/3744] a7e8066e-147a-4683-aa9c-3519b9f31c55: 177 internal nodes; 3.0 s; peak memory 977 MiB.
2026-10-08T22:57:03Z INFO [684/3744] a7e87d75-2ab5-4308-9827-22829d95ae3b: 258 internal nodes; 4.9 s; peak memory 977 MiB.
2026-10-08T22:57:03Z INFO [685/3744] a7e8f290-602b-4c24-b475-517fbf607ef9: 17 internal nodes; 0.6 s; peak memory 977 MiB.
2026-10-08T22:57:04Z INFO [686/3744] a7e93e78-a77a-43fa-a848-d4f3545ea2e0: 31 internal nodes; 1.0 s; peak memory 977 MiB.
2026-10-08T22:57:05Z INFO [687/3744] a7e9c2fd-d896-4834-ad60-284fb3c74eca: 29 internal nodes; 0.6 s; peak memory 977 MiB.
2026-10-08T22:57:07Z INFO [688/3744] a7ea51c1-70c0-4761-97c0-d95144595730: 46 internal nodes; 1.9 s; peak memory 977 MiB.
2026-10-08T22:57:08Z INFO [689/3744] a7ea58a8-f55b-47c2-a365-a3bda2636623: 13 internal nodes; 0.8 s; peak memory 977 MiB.
2026-10-08T22:57:09Z INFO [690/3744] a7ec1726-2243-418d-970d-7b97dfe1a9eb: 30 internal nodes; 1.1 s; peak memory 977 MiB.
2026-10-08T22:57:09Z INFO [691/3744] a7ed39a8-b820-4f18-8b29-06c9a6ed7040: 17 internal nodes; 0.8 s; peak memory 977 MiB.
2026-10-08T22:57:11Z INFO [692/3744] a7ed5091-819a-4e0a-9984-cc4351856d2d: 27 internal nodes; 1.3 s; peak memory 977 MiB.
2026-10-08T22:57:14Z INFO [693/3744] a7ed5bb2-f60e-4949-a98d-c7c8aef4c021: 73 internal nodes; 3.1 s; peak memory 977 MiB.
2026-10-08T22:57:15Z INFO [694/3744] a7ed715a-868b-43a6-bbb8-8553013a8619: 26 internal nodes; 0.9 s; peak memory 977 MiB.
2026-10-08T22:57:15Z INFO [695/3744] a7ee1d4c-0fd4-4b67-af8c-116f5e2b6913: 17 internal nodes; 0.7 s; peak memory 977 MiB.
2026-10-08T22:57:16Z INFO [696/3744] a7ee9929-c38b-40df-8df0-8502eb60c16e: 17 internal nodes; 0.7 s; peak memory 977 MiB.
2026-10-08T22:57:17Z INFO [697/3744] a7f05581-5f4b-4728-9522-2bc8e814ba22: 17 internal nodes; 0.9 s; peak memory 977 MiB.
2026-10-08T22:57:18Z INFO [698/3744] a7f0937e-02d7-4536-81f4-881900842388: 116 internal nodes; 0.7 s; peak memory 977 MiB.
2026-10-08T22:57:18Z INFO [699/3744] a7f10f09-e025-49ea-a355-c22a68435d2c: 11 internal nodes; 0.3 s; peak memory 977 MiB.
2026-10-08T22:57:26Z INFO [700/3744] a7f214f0-e6eb-4bd6-8ac1-6af3b55e82a9: 378 internal nodes; 7.8 s; peak memory 977 MiB.
2026-10-08T22:57:26Z INFO [700/3744] a7f214f0-e6eb-4bd6-8ac1-6af3b55e82a9: checkpointed 127771 new records.
2026-10-08T22:57:31Z INFO [701/3744] a7f298fa-eeb1-4340-b90d-5857861d1569: 184 internal nodes; 4.4 s; peak memory 977 MiB.
2026-10-08T22:57:33Z INFO [702/3744] a7f2db19-03d2-4229-b61a-9c37963e927e: 46 internal nodes; 2.4 s; peak memory 977 MiB.
2026-10-08T22:57:34Z INFO [703/3744] a7f3d262-a7b7-4873-8afb-e86764fcff31: 63 internal nodes; 0.9 s; peak memory 977 MiB.
2026-10-08T22:57:35Z INFO [704/3744] a7f432ce-b347-4bf7-aa0a-88239728120d: 115 internal nodes; 1.1 s; peak memory 977 MiB.
2026-10-08T22:57:36Z INFO [705/3744] a7f457fe-af5c-4d26-a9d9-f7cbc6edcf1a: 23 internal nodes; 1.1 s; peak memory 977 MiB.
2026-10-08T22:57:37Z INFO [706/3744] a7f4a7bd-ea4b-493b-8b65-df7f20dca74b: 27 internal nodes; 1.1 s; peak memory 977 MiB.
2026-10-08T22:57:38Z INFO [707/3744] a7f4e03e-2986-49e5-9627-f700d9fde6be: 27 internal nodes; 1.0 s; peak memory 977 MiB.
2026-10-08T22:57:43Z INFO [708/3744] a7f4e1d8-5e7e-4258-8e54-42bf6941e8ea: 73 internal nodes; 4.7 s; peak memory 977 MiB.
2026-10-08T22:58:04Z INFO [709/3744] a7f4f84e-a4fb-45d0-bb4f-4931636c7c41: 1721 internal nodes; 21.1 s; peak memory 977 MiB.
2026-10-08T22:58:05Z INFO [710/3744] a7f5174e-91f2-4905-9ea8-dae68ea97595: 31 internal nodes; 0.8 s; peak memory 977 MiB.
2026-10-08T22:58:10Z INFO [711/3744] a7f52922-47aa-4159-855a-aa58d5f297aa: 182 internal nodes; 5.4 s; peak memory 977 MiB.
2026-10-08T22:58:11Z INFO [712/3744] a7f61a9f-b9b4-468a-bb11-a867b6368aa1: 27 internal nodes; 1.0 s; peak memory 977 MiB.
2026-10-08T22:58:12Z INFO [713/3744] a7f6b720-2ac0-4abe-88b7-90ea9e14d211: 22 internal nodes; 0.7 s; peak memory 977 MiB.
2026-10-08T22:58:13Z INFO [714/3744] a7f75192-dc8a-4aca-8508-fde46a580f23: 22 internal nodes; 1.0 s; peak memory 977 MiB.
2026-10-08T22:58:14Z INFO [715/3744] a7f7b328-924e-425f-be9a-dd443ae94cad: 17 internal nodes; 0.7 s; peak memory 977 MiB.
2026-10-08T22:58:14Z INFO [716/3744] a7f7d1f1-5caf-4141-b227-d63f4094b04a: 23 internal nodes; 0.4 s; peak memory 977 MiB.
2026-10-08T22:58:16Z INFO [717/3744] a7f7f9bd-c91e-4e5a-aac3-526f2f248473: 67 internal nodes; 1.5 s; peak memory 977 MiB.
2026-10-08T22:58:16Z INFO [718/3744] a7f97ddf-0443-4a59-b797-5acef3e095bf: 18 internal nodes; 0.5 s; peak memory 977 MiB.
2026-10-08T22:58:17Z INFO [719/3744] a7fc69c4-8fb2-4ee7-9e19-99222f31b8f4: 22 internal nodes; 0.9 s; peak memory 977 MiB.
2026-10-08T22:58:18Z INFO [720/3744] a7fd989b-5643-435c-9af3-d2d48e3e83ae: 17 internal nodes; 0.7 s; peak memory 977 MiB.
2026-10-08T22:58:19Z INFO [721/3744] a7fe5f99-8d98-4014-a0c5-428321510a49: 56 internal nodes; 1.1 s; peak memory 977 MiB.
2026-10-08T22:58:20Z INFO [722/3744] a7fec9ab-068e-48a4-bc5f-cb1ee709a0f0: 27 internal nodes; 1.0 s; peak memory 977 MiB.
2026-10-08T22:58:21Z INFO [723/3744] a7fef8ad-fe6e-4ae6-9498-67039838382d: 27 internal nodes; 0.9 s; peak memory 977 MiB.
2026-10-08T22:58:21Z INFO [724/3744] a7ff4f7d-284a-4f05-89e1-3dfc9d5ba707: 15 internal nodes; 0.7 s; peak memory 977 MiB.
2026-10-08T22:58:22Z INFO [725/3744] a7ff954d-3eea-43c6-902e-5b751d23df77: 54 internal nodes; 1.0 s; peak memory 977 MiB.
2026-10-08T22:58:24Z INFO [726/3744] a800d49c-89f0-4186-8bf4-b66b7217ca5d: 46 internal nodes; 2.0 s; peak memory 977 MiB.
2026-10-08T22:58:25Z INFO [727/3744] a8020670-02b1-4ec2-a6f8-6395ca5e9baa: 25 internal nodes; 0.9 s; peak memory 977 MiB.
2026-10-08T22:58:26Z INFO [728/3744] a804422b-dc5d-48ba-b170-65b8010ddc25: 11 internal nodes; 0.4 s; peak memory 977 MiB.
2026-10-08T22:58:31Z INFO [729/3744] a804898e-b825-4bc3-8042-2b96cb917af4: 238 internal nodes; 5.4 s; peak memory 977 MiB.
2026-10-08T22:58:38Z INFO [730/3744] a80490d9-0713-4c28-8126-b213abec49fc: 74 internal nodes; 6.4 s; peak memory 977 MiB.
2026-10-08T22:58:38Z INFO [731/3744] a804ac2d-c079-446c-b8ee-b83fbc37aaf4: 31 internal nodes; 0.8 s; peak memory 977 MiB.
2026-10-08T22:58:39Z INFO [732/3744] a8054f49-cce1-447c-a114-bc0309351037: 16 internal nodes; 0.7 s; peak memory 977 MiB.
2026-10-08T22:58:40Z INFO [733/3744] a8054f74-7156-451e-88b4-2a5e36c88173: 17 internal nodes; 0.6 s; peak memory 977 MiB.
2026-10-08T22:58:40Z INFO [734/3744] a8074f3c-1adc-455d-8c6e-fe163a09c243: 90 internal nodes; 0.8 s; peak memory 977 MiB.
2026-10-08T22:58:41Z INFO [735/3744] a8076ed8-a828-438a-9660-280daa96475c: 17 internal nodes; 0.9 s; peak memory 977 MiB.
2026-10-08T22:58:42Z INFO [736/3744] a807a5ac-99f1-4f86-8b8f-3ff1d06a4bd6: 103 internal nodes; 0.8 s; peak memory 977 MiB.
2026-10-08T22:58:43Z INFO [737/3744] a807bd05-503d-456d-9730-c128da5fcf13: 17 internal nodes; 0.7 s; peak memory 977 MiB.
2026-10-08T22:58:43Z INFO [738/3744] a807cd44-b1e1-4887-b14c-70b6b5a59d42: 17 internal nodes; 0.7 s; peak memory 977 MiB.
2026-10-08T22:58:44Z INFO [739/3744] a80847d4-9015-4157-8349-93e3dff6ccd8: 17 internal nodes; 0.7 s; peak memory 977 MiB.
2026-10-08T22:58:45Z INFO [740/3744] a808bc10-2402-4d77-a869-6df885e05fe2: 11 internal nodes; 0.4 s; peak memory 977 MiB.
2026-10-08T22:58:45Z INFO [741/3744] a8097137-1eb8-43f2-8a5a-f0ba74094a1f: 114 internal nodes; 0.7 s; peak memory 977 MiB.
2026-10-08T22:58:46Z INFO [742/3744] a809d8e3-4289-4cb1-9432-2bcb0d5a8e72: 27 internal nodes; 0.7 s; peak memory 977 MiB.
2026-10-08T22:58:47Z INFO [743/3744] a809dc02-2d9b-434c-8948-688615ac6b40: 17 internal nodes; 0.7 s; peak memory 977 MiB.
2026-10-08T22:58:48Z INFO [744/3744] a80a3c6a-e680-4573-ba7c-874c74589104: 27 internal nodes; 0.9 s; peak memory 977 MiB.
2026-10-08T22:58:48Z INFO [745/3744] a80abd18-230a-441e-9b27-19ab2f812ccb: 31 internal nodes; 0.7 s; peak memory 977 MiB.
2026-10-08T22:58:50Z INFO [746/3744] a80b52b9-0e4c-4e53-932f-e45d5b513944: 24 internal nodes; 1.4 s; peak memory 977 MiB.
2026-10-08T22:58:50Z INFO [747/3744] a80d73c7-0761-4e5f-a8a8-f08ab7507198: 17 internal nodes; 0.7 s; peak memory 977 MiB.
2026-10-08T22:58:51Z INFO [748/3744] a80dd66b-aeef-4142-b27c-0470680c4c1c: 27 internal nodes; 0.7 s; peak memory 977 MiB.
2026-10-08T22:58:52Z INFO [749/3744] a80dea12-c400-43d6-af88-4a1fdd33e539: 31 internal nodes; 0.9 s; peak memory 977 MiB.
2026-10-08T22:58:53Z INFO [750/3744] a80df7dc-5b6c-48a4-bd57-89a977000c67: 25 internal nodes; 0.6 s; peak memory 977 MiB.
2026-10-08T22:58:53Z INFO [750/3744] a80df7dc-5b6c-48a4-bd57-89a977000c67: checkpointed 127821 new records.
2026-10-08T22:58:54Z INFO [751/3744] a80e7d01-3b9e-4c13-8bf8-783402a20503: 25 internal nodes; 0.6 s; peak memory 977 MiB.
2026-10-08T22:58:55Z INFO [752/3744] a80ec2e0-b684-48a4-84ee-7689d869c9ed: 31 internal nodes; 0.9 s; peak memory 977 MiB.
2026-10-08T22:58:55Z INFO [753/3744] a80f3464-ae8f-4463-8fe0-5154dfffbc94: 17 internal nodes; 0.7 s; peak memory 977 MiB.
2026-10-08T22:58:57Z INFO [754/3744] a80fa91c-5ea3-46c6-87d1-418365a26c7a: 44 internal nodes; 1.4 s; peak memory 977 MiB.
2026-10-08T22:58:57Z INFO [755/3744] a8107dcc-f30d-4658-9d8b-5906e8f924fb: 19 internal nodes; 0.7 s; peak memory 977 MiB.
2026-10-08T22:58:58Z INFO [756/3744] a810865e-06b2-4321-910d-a76d0e1fdea5: 26 internal nodes; 0.5 s; peak memory 977 MiB.
2026-10-08T22:59:02Z INFO [757/3744] a811b2d0-5d31-4781-b892-1f7194261b21: 71 internal nodes; 3.9 s; peak memory 977 MiB.
2026-10-08T22:59:03Z INFO [758/3744] a8132264-425e-43c3-b4d3-8a29a61e5c8c: 29 internal nodes; 1.0 s; peak memory 977 MiB.
2026-10-08T22:59:04Z INFO [759/3744] a81340ac-5648-4f40-aa22-66a7250813c1: 29 internal nodes; 0.8 s; peak memory 977 MiB.
2026-10-08T22:59:04Z INFO [760/3744] a813f890-66fb-48ee-8334-0ed593e999f8: 17 internal nodes; 0.7 s; peak memory 977 MiB.
2026-10-08T22:59:05Z INFO [761/3744] a8151c49-165d-4874-87bf-b4bbb26281e8: 17 internal nodes; 0.5 s; peak memory 977 MiB.
2026-10-08T22:59:07Z INFO [762/3744] a8165dcb-bca1-453b-b5d9-b9b4e493c350: 30 internal nodes; 2.1 s; peak memory 977 MiB.
2026-10-08T22:59:08Z INFO [763/3744] a8172493-1c09-4c38-b626-68682f8935d4: 17 internal nodes; 0.7 s; peak memory 977 MiB.
2026-10-08T22:59:09Z INFO [764/3744] a817d995-3389-4489-939b-9568215b35d2: 39 internal nodes; 1.1 s; peak memory 977 MiB.
2026-10-08T22:59:09Z INFO [765/3744] a817ea87-d131-4b87-9d54-b70c92e9c4f5: 11 internal nodes; 0.6 s; peak memory 977 MiB.
2026-10-08T22:59:10Z INFO [766/3744] a818578c-234a-4eec-bb97-45b2c5405bc6: 31 internal nodes; 0.9 s; peak memory 977 MiB.
2026-10-08T22:59:12Z INFO [767/3744] a818bc0c-d1ba-4552-a526-c6e92305988e: 52 internal nodes; 1.3 s; peak memory 977 MiB.
2026-10-08T22:59:12Z INFO [768/3744] a818c551-b370-4096-8a7b-667583144f8d: 17 internal nodes; 0.8 s; peak memory 977 MiB.
2026-10-08T22:59:13Z INFO [769/3744] a8194629-b3ec-4cd2-bd51-0d6e68c40a02: 119 internal nodes; 0.8 s; peak memory 977 MiB.
2026-10-08T22:59:18Z INFO [770/3744] a81a4940-1c4f-448c-86e6-0fba8943a576: 59 internal nodes; 4.9 s; peak memory 977 MiB.
2026-10-08T22:59:36Z INFO [771/3744] a81a587b-ab1b-43f8-8143-4617ebe043d9: 1453 internal nodes; 17.5 s; peak memory 977 MiB.
2026-10-08T22:59:36Z INFO [772/3744] a81ab177-6b32-4f07-a26d-fb600e2fe16b: 26 internal nodes; 0.5 s; peak memory 977 MiB.
2026-10-08T22:59:44Z INFO [773/3744] a81b66bf-0178-4b6f-b73a-262ec49f2070: 70 internal nodes; 7.9 s; peak memory 977 MiB.
2026-10-08T22:59:45Z INFO [774/3744] a81c9298-a5a5-458e-ab54-9c17f1372219: 27 internal nodes; 0.9 s; peak memory 977 MiB.
2026-10-08T22:59:46Z INFO [775/3744] a81cab38-63ca-442e-93c0-5eb0b9335574: 66 internal nodes; 0.9 s; peak memory 977 MiB.
2026-10-08T22:59:48Z INFO [776/3744] a81cb40d-2e6b-4bc7-88b3-4a87cd7cc000: 46 internal nodes; 1.9 s; peak memory 977 MiB.
2026-10-08T22:59:49Z INFO [777/3744] a81d6f17-7711-45a9-b4a5-2d187bd7599d: 27 internal nodes; 0.9 s; peak memory 977 MiB.
2026-10-08T22:59:51Z INFO [778/3744] a81f45cb-56e6-4a94-857d-94704aad3b8d: 42 internal nodes; 2.9 s; peak memory 977 MiB.
2026-10-08T22:59:52Z INFO [779/3744] a81f663a-2746-4d6a-bc54-f7fc6874ca3a: 61 internal nodes; 0.9 s; peak memory 977 MiB.
2026-10-08T22:59:53Z INFO [780/3744] a81f8924-ebc4-4e21-b888-f122b256dff3: 23 internal nodes; 0.5 s; peak memory 977 MiB.
2026-10-08T23:00:01Z INFO [781/3744] a82064f6-724d-4d23-b99c-ca2ed2d088fb: 321 internal nodes; 8.1 s; peak memory 977 MiB.
2026-10-08T23:00:02Z INFO [782/3744] a821546d-2721-488e-8aeb-90f56eb5baa1: 27 internal nodes; 0.7 s; peak memory 977 MiB.
2026-10-08T23:00:03Z INFO [783/3744] a8218d0f-d565-482a-9358-c7693aebbf9e: 30 internal nodes; 1.0 s; peak memory 977 MiB.
2026-10-08T23:00:03Z INFO [784/3744] a8227a24-e755-4816-b623-dd45a5a6bb04: 17 internal nodes; 0.7 s; peak memory 977 MiB.
2026-10-08T23:00:04Z INFO [785/3744] a8237d81-cf97-45ff-9824-00f604d0cc0c: 65 internal nodes; 0.8 s; peak memory 977 MiB.
2026-10-08T23:00:38Z INFO [786/3744] a8238a97-919b-4329-b286-2820aeb5d0e5: 1189 internal nodes; 33.7 s; peak memory 977 MiB.
2026-10-08T23:00:58Z INFO [787/3744] a823d76f-ace0-4af8-975a-95a1310a5f26: 144 internal nodes; 20.6 s; peak memory 977 MiB.
2026-10-08T23:01:01Z INFO [788/3744] a82414dc-5973-45b9-a8c5-f8929b488e8f: 56 internal nodes; 2.4 s; peak memory 977 MiB.
2026-10-08T23:01:02Z INFO [789/3744] a824cb5d-ac68-425a-8397-9ff01eb6424e: 31 internal nodes; 1.1 s; peak memory 977 MiB.
2026-10-08T23:01:03Z INFO [790/3744] a82586bb-7fa5-4c8a-9837-b574f9e4e57c: 31 internal nodes; 0.8 s; peak memory 977 MiB.
2026-10-08T23:01:05Z INFO [791/3744] a827327c-34f0-4b38-a14c-cf78295cf96d: 44 internal nodes; 1.8 s; peak memory 977 MiB.
2026-10-08T23:01:06Z INFO [792/3744] a8276b76-59ce-44f7-9115-ac7e8a66df61: 40 internal nodes; 1.9 s; peak memory 977 MiB.
2026-10-08T23:01:07Z INFO [793/3744] a828b356-7838-4c1d-956e-e6c841a16ce4: 27 internal nodes; 1.0 s; peak memory 977 MiB.
2026-10-08T23:01:09Z INFO [794/3744] a829380f-a647-45f9-9a44-0ae4ab58b41f: 72 internal nodes; 1.7 s; peak memory 977 MiB.
2026-10-08T23:01:10Z INFO [795/3744] a829e88b-7420-4dc9-aa5f-4699324a3025: 17 internal nodes; 0.9 s; peak memory 977 MiB.
2026-10-08T23:01:11Z INFO [796/3744] a82aced0-7a87-469f-822e-8a017d0fe602: 27 internal nodes; 0.8 s; peak memory 977 MiB.
2026-10-08T23:01:12Z INFO [797/3744] a82c0b3e-3eda-450c-a05a-36799ec26120: 54 internal nodes; 1.1 s; peak memory 977 MiB.
2026-10-08T23:01:13Z INFO [798/3744] a82c6502-8c64-48c8-97a1-39782a059673: 19 internal nodes; 0.7 s; peak memory 977 MiB.
2026-10-08T23:01:14Z INFO [799/3744] a82d5c41-a42a-4034-85a4-6f2c7629fa5c: 29 internal nodes; 1.0 s; peak memory 977 MiB.
2026-10-08T23:01:15Z INFO [800/3744] a82ddf6c-55f1-4121-8b2c-1241792569a2: 27 internal nodes; 0.9 s; peak memory 977 MiB.
2026-10-08T23:01:15Z INFO [800/3744] a82ddf6c-55f1-4121-8b2c-1241792569a2: checkpointed 127871 new records.
2026-10-08T23:01:15Z INFO [801/3744] a82e3a29-217a-48bd-83c1-e5c413ded988: 17 internal nodes; 0.5 s; peak memory 977 MiB.
2026-10-08T23:01:17Z INFO [802/3744] a82e5e20-b73e-4256-bb83-c9b6149feab2: 72 internal nodes; 1.9 s; peak memory 977 MiB.
2026-10-08T23:01:18Z INFO [803/3744] a82e65d3-b9f6-42a3-a614-41d24d0f3557: 27 internal nodes; 0.7 s; peak memory 977 MiB.
2026-10-08T23:01:19Z INFO [804/3744] a82e91e7-aebc-487a-8235-6dbe70c96b4e: 27 internal nodes; 1.3 s; peak memory 977 MiB.
2026-10-08T23:01:20Z INFO [805/3744] a82f54c1-b052-4354-983f-b1f339398c17: 17 internal nodes; 0.6 s; peak memory 977 MiB.
2026-10-08T23:01:21Z INFO [806/3744] a8302a4f-9c86-423f-b8cf-766c002d29d6: 13 internal nodes; 1.0 s; peak memory 977 MiB.
2026-10-08T23:01:22Z INFO [807/3744] a8309bcc-4f00-4890-8207-98a9ea498590: 13 internal nodes; 0.6 s; peak memory 977 MiB.
2026-10-08T23:01:22Z INFO [808/3744] a830f705-bc5b-4d65-8f3f-925ee78b1234: 17 internal nodes; 0.7 s; peak memory 977 MiB.
2026-10-08T23:01:23Z INFO [809/3744] a830ff01-2dca-45f6-bf9f-fcaaed38f961: 17 internal nodes; 0.7 s; peak memory 977 MiB.
2026-10-08T23:01:24Z INFO [810/3744] a8310475-b12d-486f-b727-3a8e359f7ab6: 17 internal nodes; 0.7 s; peak memory 977 MiB.
2026-10-08T23:01:24Z INFO [811/3744] a8310c1c-5665-4a29-82e6-0be650b44a90: 17 internal nodes; 0.7 s; peak memory 977 MiB.
2026-10-08T23:01:25Z INFO [812/3744] a832081b-c01e-4c69-878f-74273d02ad4c: 17 internal nodes; 0.7 s; peak memory 977 MiB.
2026-10-08T23:01:26Z INFO [813/3744] a8329751-8332-4d15-92f8-17cdeadf4e16: 17 internal nodes; 0.7 s; peak memory 977 MiB.
2026-10-08T23:01:27Z INFO [814/3744] a83336bf-0bec-4a06-b594-9f3afe29512a: 27 internal nodes; 0.7 s; peak memory 977 MiB.
2026-10-08T23:01:28Z INFO [815/3744] a8339ab7-47ac-41f7-ae4d-57353314aa2b: 17 internal nodes; 0.9 s; peak memory 977 MiB.
2026-10-08T23:01:28Z INFO [816/3744] a833b73d-f16e-432d-b9e4-30f26318849e: 24 internal nodes; 0.6 s; peak memory 977 MiB.
2026-10-08T23:01:29Z INFO [817/3744] a833ea29-ce05-45d9-b3f8-a62f5a975b77: 26 internal nodes; 0.5 s; peak memory 977 MiB.
2026-10-08T23:01:31Z INFO [818/3744] a8341118-607e-47d2-9430-6778c116ee87: 56 internal nodes; 2.0 s; peak memory 977 MiB.
2026-10-08T23:01:31Z INFO [819/3744] a8341711-ea32-45bf-9c73-ceaa7c0fde81: 17 internal nodes; 0.7 s; peak memory 977 MiB.
2026-10-08T23:01:32Z INFO [820/3744] a8345764-3858-46ac-ae7c-146033da8fbf: 17 internal nodes; 0.7 s; peak memory 977 MiB.
2026-10-08T23:01:33Z INFO [821/3744] a834f49f-7c7c-402c-840d-4e815c32a55b: 17 internal nodes; 0.7 s; peak memory 977 MiB.
2026-10-08T23:01:37Z INFO [822/3744] a8352bf1-7c90-44b4-9c36-c8a8c9632dde: 176 internal nodes; 4.1 s; peak memory 977 MiB.
2026-10-08T23:01:38Z INFO [823/3744] a835302a-5075-40e7-a73c-dcbad3d6dacd: 23 internal nodes; 1.0 s; peak memory 977 MiB.
2026-10-08T23:01:39Z INFO [824/3744] a8369ef3-3a65-4a57-9ac6-c277857fbaa1: 27 internal nodes; 0.7 s; peak memory 977 MiB.
2026-10-08T23:01:40Z INFO [825/3744] a8374635-13ea-4123-86a9-46b124aee57c: 39 internal nodes; 1.1 s; peak memory 977 MiB.
2026-10-08T23:01:40Z INFO [826/3744] a837ddf0-b0ec-4a36-a3c5-12d6a8132bb0: 17 internal nodes; 0.8 s; peak memory 977 MiB.
2026-10-08T23:01:45Z INFO [827/3744] a8384592-9120-4a35-aed4-95a9bb91600f: 142 internal nodes; 4.5 s; peak memory 977 MiB.
2026-10-08T23:01:53Z INFO [828/3744] a838736e-b68f-44da-a59b-0d35678f7a5b: 80 internal nodes; 7.6 s; peak memory 977 MiB.
2026-10-08T23:01:56Z INFO [829/3744] a838b271-6af3-4e14-bfa6-d03a6cd133fc: 105 internal nodes; 3.4 s; peak memory 977 MiB.
2026-10-08T23:01:57Z INFO [830/3744] a8397d8b-ddc8-44ac-b578-74b304d5f1c2: 17 internal nodes; 0.8 s; peak memory 977 MiB.
2026-10-08T23:01:58Z INFO [831/3744] a83b8516-9a79-4330-819e-62dc8f6c31ca: 27 internal nodes; 0.8 s; peak memory 977 MiB.
2026-10-08T23:01:58Z INFO [832/3744] a83b8575-182f-4bea-9fcf-478102a25cbb: 17 internal nodes; 0.8 s; peak memory 977 MiB.
2026-10-08T23:01:59Z INFO [833/3744] a83bab93-f8c7-44c6-bc57-3628e6e86fc5: 17 internal nodes; 0.9 s; peak memory 977 MiB.
2026-10-08T23:02:01Z INFO [834/3744] a83bbf12-c401-4063-ad30-ce793d8f3b8a: 58 internal nodes; 1.3 s; peak memory 977 MiB.
2026-10-08T23:02:01Z INFO [835/3744] a83d211c-f3ab-4d5d-942e-338a3455461d: 18 internal nodes; 0.7 s; peak memory 977 MiB.
2026-10-08T23:02:02Z INFO [836/3744] a83d7c95-68b3-4dca-b180-c2ede187d596: 31 internal nodes; 0.6 s; peak memory 977 MiB.
2026-10-08T23:02:03Z INFO [837/3744] a83dd8a7-2bf3-418c-8ade-db74a9c5f576: 17 internal nodes; 0.8 s; peak memory 977 MiB.
2026-10-08T23:02:03Z INFO [838/3744] a83f16d6-77b1-4b1a-8634-15fb66355b47: 26 internal nodes; 0.5 s; peak memory 977 MiB.
2026-10-08T23:02:04Z INFO [839/3744] a83fe5d4-d0bd-4467-a1db-400224221282: 28 internal nodes; 1.2 s; peak memory 977 MiB.
2026-10-08T23:02:05Z INFO [840/3744] a842d0fc-1142-417a-bfe0-95380d16cd11: 31 internal nodes; 0.9 s; peak memory 977 MiB.
2026-10-08T23:02:06Z INFO [841/3744] a8431034-26bd-4755-a60c-105b3494eb6c: 27 internal nodes; 0.8 s; peak memory 977 MiB.
2026-10-08T23:02:07Z INFO [842/3744] a843753e-505b-4ac7-964a-68bfbd077ec1: 31 internal nodes; 1.0 s; peak memory 977 MiB.
2026-10-08T23:02:08Z INFO [843/3744] a8442e42-6872-4983-9006-da6f48968680: 27 internal nodes; 0.7 s; peak memory 977 MiB.
2026-10-08T23:02:09Z INFO [844/3744] a845cf26-d4ad-4a33-a257-3d1adb5533ae: 43 internal nodes; 1.5 s; peak memory 977 MiB.
2026-10-08T23:02:10Z INFO [845/3744] a84667c1-c3b9-4354-bf18-26032c8fd75d: 29 internal nodes; 0.7 s; peak memory 977 MiB.
2026-10-08T23:02:11Z INFO [846/3744] a846a72e-de43-4d97-a118-32e219393397: 31 internal nodes; 0.9 s; peak memory 977 MiB.
2026-10-08T23:02:12Z INFO [847/3744] a846f968-e0a4-4b0d-8169-b568adb9c0dd: 17 internal nodes; 0.7 s; peak memory 977 MiB.
2026-10-08T23:02:12Z INFO [848/3744] a8484b0b-796b-407e-b1f3-86a6d06bf79b: 11 internal nodes; 0.5 s; peak memory 977 MiB.
2026-10-08T23:02:13Z INFO [849/3744] a8496b94-d67f-49d5-a257-0d2b6e818e43: 17 internal nodes; 0.9 s; peak memory 977 MiB.
2026-10-08T23:02:14Z INFO [850/3744] a849a352-0355-48ef-aa15-e6fe8aa69473: 63 internal nodes; 1.1 s; peak memory 977 MiB.
2026-10-08T23:02:15Z INFO [850/3744] a849a352-0355-48ef-aa15-e6fe8aa69473: checkpointed 127921 new records.
2026-10-08T23:02:15Z INFO [851/3744] a84a4c86-61a1-40d7-a638-dbd669b62209: 17 internal nodes; 0.7 s; peak memory 977 MiB.
2026-10-08T23:02:16Z INFO [852/3744] a84b06d4-6338-4b07-95f3-4e1c8beb6ebb: 59 internal nodes; 0.7 s; peak memory 977 MiB.
2026-10-08T23:02:17Z INFO [853/3744] a84bb8b3-3a76-4b6f-82e8-345da3481563: 27 internal nodes; 0.7 s; peak memory 977 MiB.
2026-10-08T23:02:18Z INFO [854/3744] a84bde63-e3da-4fd1-bbf5-4a3d7dd64ccd: 28 internal nodes; 1.1 s; peak memory 977 MiB.
2026-10-08T23:02:19Z INFO [855/3744] a84d1b98-0f6f-45ac-b171-a79a99a823fa: 46 internal nodes; 1.7 s; peak memory 977 MiB.
2026-10-08T23:02:20Z INFO [856/3744] a84d3962-5f4d-4773-89a1-03da25f03b02: 29 internal nodes; 0.9 s; peak memory 977 MiB.
2026-10-08T23:02:21Z INFO [857/3744] a84df11e-b6a5-40dc-96d9-708a9f25133e: 17 internal nodes; 0.8 s; peak memory 977 MiB.
2026-10-08T23:02:25Z INFO [858/3744] a84e4c39-b8ec-4cd1-afd3-623ea882cade: 128 internal nodes; 3.9 s; peak memory 977 MiB.
2026-10-08T23:02:26Z INFO [859/3744] a84e950b-656d-4452-ad93-06cb0fd14399: 17 internal nodes; 0.9 s; peak memory 977 MiB.
2026-10-08T23:02:27Z INFO [860/3744] a84eb52b-6e1d-4763-8b7b-9a173e245ec1: 17 internal nodes; 0.7 s; peak memory 977 MiB.
2026-10-08T23:02:27Z INFO [861/3744] a84f3fd9-478e-4a7f-94d8-a9320e007a56: 11 internal nodes; 0.4 s; peak memory 977 MiB.
2026-10-08T23:02:34Z INFO [862/3744] a84fc111-9a24-4e9f-b737-f4191d642d22: 246 internal nodes; 7.5 s; peak memory 977 MiB.
2026-10-08T23:02:36Z INFO [863/3744] a84fc5ba-7fee-4ddb-baf0-2a0287e21288: 29 internal nodes; 1.1 s; peak memory 977 MiB.
2026-10-08T23:02:36Z INFO [864/3744] a84fe732-16c9-46ed-8dc4-2dfeb972b45e: 17 internal nodes; 0.8 s; peak memory 977 MiB.
2026-10-08T23:02:37Z INFO [865/3744] a84fffb6-8bfb-45a3-ba97-6ab89c8be4f4: 11 internal nodes; 0.6 s; peak memory 977 MiB.
2026-10-08T23:02:38Z INFO [866/3744] a8502e76-af9d-479d-a7cc-ead2b0065426: 40 internal nodes; 0.9 s; peak memory 977 MiB.
2026-10-08T23:02:39Z INFO [867/3744] a85092af-9f8f-40db-be47-dd801cdb9dcb: 18 internal nodes; 1.0 s; peak memory 977 MiB.
2026-10-08T23:02:41Z INFO [868/3744] a850a1ec-de97-41c4-8a3a-1427c0fabd01: 58 internal nodes; 1.8 s; peak memory 977 MiB.
2026-10-08T23:02:41Z INFO [869/3744] a8511fc7-2561-4f82-b2f8-4a6abf9ab1bf: 19 internal nodes; 0.5 s; peak memory 977 MiB.
2026-10-08T23:02:47Z INFO [870/3744] a851dae1-c1ab-4996-8f2f-aaac92993da2: 177 internal nodes; 5.5 s; peak memory 977 MiB.
2026-10-08T23:02:47Z INFO [871/3744] a851f1b2-d6d0-49bb-8d8a-26f6ec2d3adc: 27 internal nodes; 0.6 s; peak memory 977 MiB.
2026-10-08T23:02:48Z INFO [872/3744] a85414e7-5f89-442f-a1ca-15691b4aae9a: 22 internal nodes; 0.8 s; peak memory 977 MiB.
2026-10-08T23:02:49Z INFO [873/3744] a854191d-f2aa-4417-962d-2ab344feb2ad: 23 internal nodes; 0.7 s; peak memory 977 MiB.
2026-10-08T23:02:51Z INFO [874/3744] a8542ad7-0c36-40de-9544-38e02bd2f7fd: 42 internal nodes; 2.0 s; peak memory 977 MiB.
2026-10-08T23:02:52Z INFO [875/3744] a854a485-cd41-4ee7-a889-f904a6bfda77: 17 internal nodes; 0.8 s; peak memory 977 MiB.
2026-10-08T23:02:52Z INFO [876/3744] a854da46-1c08-4621-914d-7a5a68090f42: 25 internal nodes; 0.8 s; peak memory 977 MiB.
2026-10-08T23:02:53Z INFO [877/3744] a854ead6-72cd-4f39-8699-5804dc36e4da: 95 internal nodes; 0.7 s; peak memory 977 MiB.
2026-10-08T23:02:54Z INFO [878/3744] a8550fdd-7cbd-41eb-99e6-04d7f0b2ed1c: 31 internal nodes; 1.0 s; peak memory 977 MiB.
2026-10-08T23:03:01Z INFO [879/3744] a855163a-e97d-4c23-bb1c-8085f9715469: 115 internal nodes; 6.8 s; peak memory 977 MiB.
2026-10-08T23:03:02Z INFO [880/3744] a855b370-965d-4c0b-bf4b-4ca72d60aad8: 27 internal nodes; 0.7 s; peak memory 977 MiB.
2026-10-08T23:03:02Z INFO [881/3744] a85656a5-487f-455c-9950-0bdc64763f90: 114 internal nodes; 0.7 s; peak memory 977 MiB.
2026-10-08T23:03:03Z INFO [882/3744] a85664cd-b7f9-435b-9466-2dcc43c45cbe: 31 internal nodes; 0.8 s; peak memory 977 MiB.
2026-10-08T23:03:09Z INFO [883/3744] a856a58d-027d-4af8-a8c9-e27e11d7f51c: 180 internal nodes; 5.8 s; peak memory 977 MiB.
2026-10-08T23:03:10Z INFO [884/3744] a8571436-9120-4f2b-a194-6634b71d1064: 27 internal nodes; 0.8 s; peak memory 977 MiB.
2026-10-08T23:03:11Z INFO [885/3744] a857927f-7251-4e4d-b132-5883d7a07d2f: 13 internal nodes; 0.9 s; peak memory 977 MiB.
2026-10-08T23:03:12Z INFO [886/3744] a859e63f-5d4d-4fc1-b2d1-ba82d34d6f5b: 19 internal nodes; 1.3 s; peak memory 977 MiB.
2026-10-08T23:03:13Z INFO [887/3744] a85a36a9-8445-4eb6-a9fc-81b0d78e8c4e: 56 internal nodes; 0.8 s; peak memory 977 MiB.
2026-10-08T23:03:13Z INFO [888/3744] a85a424d-85ec-4674-b54e-bb290c37393e: 11 internal nodes; 0.5 s; peak memory 977 MiB.
2026-10-08T23:03:14Z INFO [889/3744] a85bbe6c-cb70-4f45-a1c7-d4461d4fbbc5: 17 internal nodes; 0.8 s; peak memory 977 MiB.
2026-10-08T23:03:15Z INFO [890/3744] a85c8756-3ae0-40e1-b657-33e2e5515d38: 17 internal nodes; 0.7 s; peak memory 977 MiB.
2026-10-08T23:03:16Z INFO [891/3744] a85d4cd0-a930-4c82-a860-7ec23a5d3137: 17 internal nodes; 0.8 s; peak memory 977 MiB.
2026-10-08T23:03:16Z INFO [892/3744] a85dd0cc-802f-42f2-8e8c-ec5789e72cb5: 17 internal nodes; 0.6 s; peak memory 977 MiB.
2026-10-08T23:03:19Z INFO [893/3744] a85dfc34-bb09-4a84-a5a2-9fc7b4b5e7ae: 46 internal nodes; 2.8 s; peak memory 977 MiB.
2026-10-08T23:03:20Z INFO [894/3744] a85e36e3-4f41-4df7-b950-79f813ccb40d: 17 internal nodes; 0.8 s; peak memory 977 MiB.
2026-10-08T23:03:21Z INFO [895/3744] a85e95a1-c051-46da-9449-bffb9600c691: 31 internal nodes; 0.9 s; peak memory 977 MiB.
2026-10-08T23:03:21Z INFO [896/3744] a85ea1ef-328c-4358-9ecf-6936f39d8a39: 27 internal nodes; 0.5 s; peak memory 977 MiB.
2026-10-08T23:03:24Z INFO [897/3744] a85ec5a6-d1fd-4ce0-8339-893d9fad72ef: 47 internal nodes; 2.9 s; peak memory 977 MiB.
2026-10-08T23:03:25Z INFO [898/3744] a85f9b9d-08d5-4518-b7bf-1ff4166314cf: 63 internal nodes; 1.0 s; peak memory 977 MiB.
2026-10-08T23:03:26Z INFO [899/3744] a860958f-a4ac-4088-bc90-b3c602147d88: 17 internal nodes; 0.7 s; peak memory 977 MiB.
2026-10-08T23:03:34Z INFO [900/3744] a8616350-fc51-451d-b8f9-e0369f50ba43: 985 internal nodes; 8.9 s; peak memory 977 MiB.
2026-10-08T23:03:35Z INFO [900/3744] a8616350-fc51-451d-b8f9-e0369f50ba43: checkpointed 127971 new records.
2026-10-08T23:03:36Z INFO [901/3744] a861ab59-f8a0-4f25-94f6-15984025637c: 31 internal nodes; 1.0 s; peak memory 977 MiB.
2026-10-08T23:03:40Z INFO [902/3744] a863171e-406a-4cdc-8b04-a7121d7b1c6c: 175 internal nodes; 4.6 s; peak memory 977 MiB.
2026-10-08T23:03:42Z INFO [903/3744] a863c42c-076c-43ec-aa1a-6acdb5eff55b: 31 internal nodes; 1.0 s; peak memory 977 MiB.
2026-10-08T23:03:42Z INFO [904/3744] a8640be6-9f3c-4993-b6cd-64ce410fe512: 27 internal nodes; 0.9 s; peak memory 977 MiB.
2026-10-08T23:03:43Z INFO [905/3744] a8644867-db63-4e79-b66b-8e1a30ca0d33: 35 internal nodes; 0.7 s; peak memory 977 MiB.
2026-10-08T23:03:45Z INFO [906/3744] a864c7d2-c159-44ef-8c54-d5451de4229c: 27 internal nodes; 1.7 s; peak memory 977 MiB.
2026-10-08T23:03:46Z INFO [907/3744] a86579b8-0f0c-4726-bb45-fde0070135ee: 31 internal nodes; 1.2 s; peak memory 977 MiB.
2026-10-08T23:03:46Z INFO [908/3744] a865920f-d675-40ca-a326-a43068f000d5: 27 internal nodes; 0.5 s; peak memory 977 MiB.
2026-10-08T23:03:47Z INFO [909/3744] a867d961-d230-4b04-bc97-1dc3125acc34: 27 internal nodes; 0.7 s; peak memory 977 MiB.
2026-10-08T23:03:48Z INFO [910/3744] a868d130-01ec-4400-ab27-bfcdc09a6206: 37 internal nodes; 1.0 s; peak memory 977 MiB.
2026-10-08T23:03:49Z INFO [911/3744] a8692755-85e1-4657-97cf-e3e269af2667: 17 internal nodes; 0.7 s; peak memory 977 MiB.
2026-10-08T23:03:50Z INFO [912/3744] a8696be8-4d72-4420-beed-fd7a70956d0e: 23 internal nodes; 1.0 s; peak memory 977 MiB.
2026-10-08T23:03:51Z INFO [913/3744] a869abea-808c-4436-9bfe-57ef18956e7a: 116 internal nodes; 0.9 s; peak memory 977 MiB.
2026-10-08T23:03:52Z INFO [914/3744] a869d229-2f06-4b5e-9b22-9d5923d25d1b: 25 internal nodes; 0.7 s; peak memory 977 MiB.
2026-10-08T23:03:55Z INFO [915/3744] a86a3c09-3c4d-4903-a726-cacc5644831c: 143 internal nodes; 3.3 s; peak memory 977 MiB.
2026-10-08T23:03:56Z INFO [916/3744] a86a574a-8532-4afe-8c61-fa707d8d2257: 27 internal nodes; 0.9 s; peak memory 977 MiB.
2026-10-08T23:03:57Z INFO [917/3744] a86b571b-881c-48a7-b000-9117ac18de54: 63 internal nodes; 1.3 s; peak memory 977 MiB.
2026-10-08T23:03:58Z INFO [918/3744] a86bafa4-8ba0-4d65-ab0e-14fe6b9fce06: 67 internal nodes; 1.3 s; peak memory 977 MiB.
2026-10-08T23:03:59Z INFO [919/3744] a86c9a27-dba4-4b36-ad11-aa3936009672: 31 internal nodes; 0.8 s; peak memory 977 MiB.
2026-10-08T23:04:00Z INFO [920/3744] a86cd0d8-e935-4120-9efe-e4251a21ba74: 27 internal nodes; 0.8 s; peak memory 977 MiB.
2026-10-08T23:04:01Z INFO [921/3744] a86da8a9-779e-4eaa-8681-97882272d6e4: 17 internal nodes; 0.9 s; peak memory 977 MiB.
2026-10-08T23:04:01Z INFO [922/3744] a86e3cf9-6b4e-4233-88ec-8b08e7ebc358: 16 internal nodes; 0.6 s; peak memory 977 MiB.
2026-10-08T23:04:02Z INFO [923/3744] a86e5cae-e3c1-4757-8715-465eeaf17ba6: 28 internal nodes; 0.7 s; peak memory 977 MiB.
2026-10-08T23:04:03Z INFO [924/3744] a86e8c42-a054-4759-9f37-8c9b9e73ee59: 17 internal nodes; 0.7 s; peak memory 977 MiB.
2026-10-08T23:04:08Z INFO [925/3744] a86ea2fb-1ac7-4f51-9422-c1f588b5672f: 49 internal nodes; 5.5 s; peak memory 977 MiB.
2026-10-08T23:04:09Z INFO [926/3744] a86ebeec-07fd-4dcf-bb7b-ab8da6b71ad5: 31 internal nodes; 1.0 s; peak memory 977 MiB.
2026-10-08T23:05:18Z INFO [927/3744] a86f5eb6-5bb6-4021-b8f6-e3fdd3b61763: 2641 internal nodes; 68.4 s; peak memory 977 MiB.
2026-10-08T23:05:18Z INFO [928/3744] a8702d3d-8e53-4d49-9727-8735dfec61ba: 11 internal nodes; 0.5 s; peak memory 977 MiB.
2026-10-08T23:05:24Z INFO [929/3744] a8702dba-fb03-4c12-a4ec-1a9c08becae2: 170 internal nodes; 5.4 s; peak memory 977 MiB.
2026-10-08T23:05:24Z INFO [930/3744] a8708192-987f-426f-8337-ac37c4a71273: 13 internal nodes; 0.7 s; peak memory 977 MiB.
2026-10-08T23:05:26Z INFO [931/3744] a870bedd-519b-4be8-b86b-b2d0a0ea7278: 38 internal nodes; 1.5 s; peak memory 977 MiB.
2026-10-08T23:05:28Z INFO [932/3744] a87219c9-5b31-4574-8652-6ed62029e52e: 44 internal nodes; 2.0 s; peak memory 977 MiB.
2026-10-08T23:05:29Z INFO [933/3744] a8722dee-9e1d-4efe-8df0-b6197f3821b8: 31 internal nodes; 0.9 s; peak memory 977 MiB.
2026-10-08T23:05:35Z INFO [934/3744] a8723106-8e83-4092-ab22-713397e1fd21: 41 internal nodes; 6.3 s; peak memory 977 MiB.
2026-10-08T23:05:36Z INFO [935/3744] a8728542-f0ab-4229-8bbf-961f9d7b643b: 17 internal nodes; 0.8 s; peak memory 977 MiB.
2026-10-08T23:05:36Z INFO [936/3744] a8732800-7b0c-4383-8b89-5c5996dfc51b: 17 internal nodes; 0.7 s; peak memory 977 MiB.
2026-10-08T23:05:37Z INFO [937/3744] a87412c1-6c47-44c6-94e9-58c98e2f3af8: 27 internal nodes; 1.0 s; peak memory 977 MiB.
2026-10-08T23:05:38Z INFO [938/3744] a874d9b7-8fc5-4038-8b52-b944b628dc25: 31 internal nodes; 1.0 s; peak memory 977 MiB.
2026-10-08T23:05:40Z INFO [939/3744] a8753487-bb29-4687-b6cf-9e470347f629: 123 internal nodes; 1.5 s; peak memory 977 MiB.
2026-10-08T23:05:41Z INFO [940/3744] a8759cb4-b636-40ca-85a0-330a7ecc931a: 28 internal nodes; 1.0 s; peak memory 977 MiB.
2026-10-08T23:05:46Z INFO [941/3744] a876b1cb-7391-4447-b9ce-469d9200bb54: 162 internal nodes; 4.8 s; peak memory 977 MiB.
2026-10-08T23:05:46Z INFO [942/3744] a8779b46-71be-4268-acc3-e5f1dd5ace8e: 13 internal nodes; 0.6 s; peak memory 977 MiB.
2026-10-08T23:05:47Z INFO [943/3744] a877b7c9-05cb-4781-ac96-d0b6f23fa9bf: 11 internal nodes; 0.5 s; peak memory 977 MiB.
2026-10-08T23:05:48Z INFO [944/3744] a87a14f0-7c7a-47a0-a5e1-7afb7f78ea8a: 27 internal nodes; 1.0 s; peak memory 977 MiB.
2026-10-08T23:05:48Z INFO [945/3744] a87a5fe6-6deb-4da4-ae88-324101ba60ea: 11 internal nodes; 0.6 s; peak memory 977 MiB.
2026-10-08T23:05:49Z INFO [946/3744] a87b3df2-5c62-41ef-ab9a-d2277e2c5466: 27 internal nodes; 0.7 s; peak memory 977 MiB.
2026-10-08T23:05:51Z INFO [947/3744] a87c36ac-f3d8-4c24-b3e7-d0b24e0dc666: 66 internal nodes; 1.8 s; peak memory 977 MiB.
2026-10-08T23:05:52Z INFO [948/3744] a87c74b4-8dbf-4ba5-a640-2a75215e70c6: 57 internal nodes; 1.3 s; peak memory 977 MiB.
2026-10-08T23:05:53Z INFO [949/3744] a87c793f-94d9-4664-a80a-b1cf4609738b: 27 internal nodes; 0.8 s; peak memory 977 MiB.
2026-10-08T23:05:54Z INFO [950/3744] a87c9cd0-ec57-4ca2-b0a3-fe9df9db1b7e: 17 internal nodes; 0.7 s; peak memory 977 MiB.
2026-10-08T23:05:54Z INFO [950/3744] a87c9cd0-ec57-4ca2-b0a3-fe9df9db1b7e: checkpointed 128021 new records.
2026-10-08T23:05:59Z INFO [951/3744] a87de82f-ccb4-40c4-8abd-4842bf4baef0: 62 internal nodes; 4.6 s; peak memory 977 MiB.
2026-10-08T23:05:59Z INFO [952/3744] a87dea49-b678-4736-99a7-1c2e73691980: 31 internal nodes; 0.8 s; peak memory 977 MiB.
2026-10-08T23:06:00Z INFO [953/3744] a87e04af-b934-47e1-be9f-cd134632d551: 29 internal nodes; 0.9 s; peak memory 977 MiB.
2026-10-08T23:06:01Z INFO [954/3744] a87e7478-c1e6-4633-93f4-2ea363bf725b: 17 internal nodes; 0.9 s; peak memory 977 MiB.
2026-10-08T23:06:02Z INFO [955/3744] a87ecf69-28f3-4fcd-a2eb-66268c855587: 60 internal nodes; 1.1 s; peak memory 977 MiB.
2026-10-08T23:06:03Z INFO [956/3744] a87edd0b-b63d-4fa1-b2bd-9320cfdb9ca0: 31 internal nodes; 1.1 s; peak memory 977 MiB.
2026-10-08T23:06:04Z INFO [957/3744] a87f3bdf-a6ec-4f23-aa1a-d86dbd4561b1: 17 internal nodes; 0.7 s; peak memory 977 MiB.
2026-10-08T23:06:05Z INFO [958/3744] a8801870-31a6-4973-86a7-042a6ecd6c3a: 23 internal nodes; 0.5 s; peak memory 977 MiB.
2026-10-08T23:06:06Z INFO [959/3744] a880bca0-2784-4cfb-9d1a-6002f80bf889: 31 internal nodes; 1.2 s; peak memory 977 MiB.
2026-10-08T23:06:07Z INFO [960/3744] a882936f-ded4-4323-b7fc-3b0958e94f5b: 27 internal nodes; 1.5 s; peak memory 977 MiB.
2026-10-08T23:06:08Z INFO [961/3744] a883967b-6c35-4b03-a1ba-0b3802a3d942: 27 internal nodes; 1.0 s; peak memory 977 MiB.
2026-10-08T23:06:09Z INFO [962/3744] a883b491-ee9e-4604-aa77-85e2da209c2b: 37 internal nodes; 1.1 s; peak memory 977 MiB.
2026-10-08T23:06:10Z INFO [963/3744] a8841a48-7a47-44e9-a7a2-9c06583e3d70: 17 internal nodes; 0.7 s; peak memory 977 MiB.
2026-10-08T23:06:12Z INFO [964/3744] a8853cce-2aef-4461-bb30-1df74b5dea46: 45 internal nodes; 1.8 s; peak memory 977 MiB.
2026-10-08T23:06:13Z INFO [965/3744] a8855882-1dbf-4b87-8d62-c93a0033a061: 17 internal nodes; 0.7 s; peak memory 977 MiB.
2026-10-08T23:06:13Z INFO [966/3744] a8859322-21ad-4c89-9b0e-4ecde96e13e0: 62 internal nodes; 0.8 s; peak memory 977 MiB.
2026-10-08T23:06:14Z INFO [967/3744] a885e84f-ac5e-4ea0-8f5e-b26b55520021: 27 internal nodes; 0.8 s; peak memory 977 MiB.
2026-10-08T23:06:15Z INFO [968/3744] a8863671-d3d7-4f4a-b792-5e407299a576: 27 internal nodes; 0.4 s; peak memory 977 MiB.
2026-10-08T23:06:15Z INFO [969/3744] a8866768-7261-4789-bda1-8e08d0d7965f: 17 internal nodes; 0.6 s; peak memory 977 MiB.
2026-10-08T23:06:16Z INFO [970/3744] a886765a-d64f-43c4-b55c-7a4a07ba9ee0: 27 internal nodes; 0.6 s; peak memory 977 MiB.
2026-10-08T23:06:17Z INFO [971/3744] a8869a5d-cf8a-435b-8382-e91d72ca7400: 24 internal nodes; 1.1 s; peak memory 977 MiB.
2026-10-08T23:06:18Z INFO [972/3744] a886be02-1674-4631-ab09-d4a34e8d79d8: 11 internal nodes; 0.8 s; peak memory 977 MiB.
2026-10-08T23:06:18Z INFO [973/3744] a88726bc-6aad-47e4-a2f5-8e738e99214f: 11 internal nodes; 0.5 s; peak memory 977 MiB.
2026-10-08T23:06:20Z INFO [974/3744] a887ceeb-0eff-4246-98d9-edfcb05f3687: 69 internal nodes; 1.3 s; peak memory 977 MiB.
2026-10-08T23:06:21Z INFO [975/3744] a887efb1-0970-4521-8e60-7449283332fd: 44 internal nodes; 1.6 s; peak memory 977 MiB.
2026-10-08T23:06:24Z INFO [976/3744] a88887de-fc79-4d36-abc0-d34d99eeeeff: 50 internal nodes; 2.5 s; peak memory 977 MiB.
2026-10-08T23:06:25Z INFO [977/3744] a8891d33-fcb5-40cf-998a-45a8f7883976: 31 internal nodes; 1.1 s; peak memory 977 MiB.
2026-10-08T23:06:25Z INFO [978/3744] a88998b7-db2f-437a-bc2d-125f68851e4f: 90 internal nodes; 0.7 s; peak memory 977 MiB.
2026-10-08T23:06:26Z INFO [979/3744] a889d066-8ed7-4ff4-872f-44e7b8d661ab: 27 internal nodes; 0.7 s; peak memory 977 MiB.
2026-10-08T23:06:27Z INFO [980/3744] a88a8397-582a-41e5-8d62-5010e3e7f2a6: 37 internal nodes; 1.1 s; peak memory 977 MiB.
2026-10-08T23:06:35Z INFO [981/3744] a88b85a8-caa0-4d1a-b244-cdf2f6287d20: 223 internal nodes; 8.0 s; peak memory 977 MiB.
2026-10-08T23:06:36Z INFO [982/3744] a88da0c6-4409-4fce-ae45-2cc9b0ab9e2a: 17 internal nodes; 0.7 s; peak memory 977 MiB.
2026-10-08T23:06:44Z INFO [983/3744] a88e025a-1812-4fd4-842e-0ca545e28c75: 251 internal nodes; 8.5 s; peak memory 977 MiB.
2026-10-08T23:06:45Z INFO [984/3744] a88e6663-09c4-4eda-83cd-55e52daed61f: 19 internal nodes; 0.6 s; peak memory 977 MiB.
2026-10-08T23:06:46Z INFO [985/3744] a88ebdac-fdd6-4557-8b14-cd054d352105: 19 internal nodes; 0.9 s; peak memory 977 MiB.
2026-10-08T23:06:47Z INFO [986/3744] a88fa6b9-b66e-4ee0-be2d-942f6882020a: 27 internal nodes; 0.6 s; peak memory 977 MiB.
2026-10-08T23:06:49Z INFO [987/3744] a88ff9b4-f082-4256-baf4-75f47c465fbc: 44 internal nodes; 2.2 s; peak memory 977 MiB.
2026-10-08T23:06:50Z INFO [988/3744] a8905711-b241-4d0a-b405-550a6c4c0a13: 27 internal nodes; 0.9 s; peak memory 977 MiB.
2026-10-08T23:06:51Z INFO [989/3744] a8908b0d-7fc7-4f26-807b-90039eeeec90: 30 internal nodes; 1.1 s; peak memory 977 MiB.
2026-10-08T23:06:52Z INFO [990/3744] a890a79d-1468-4ada-9116-568c95820834: 27 internal nodes; 0.8 s; peak memory 977 MiB.
2026-10-08T23:06:52Z INFO [991/3744] a89112c4-6c34-430a-9407-f8218029e2e9: 27 internal nodes; 0.9 s; peak memory 977 MiB.
2026-10-08T23:06:53Z INFO [992/3744] a89139ad-fb33-4c36-a906-c9886729be00: 27 internal nodes; 0.7 s; peak memory 977 MiB.
2026-10-08T23:06:54Z INFO [993/3744] a8927825-9d4f-43c7-a4cb-df58e2451979: 31 internal nodes; 1.0 s; peak memory 977 MiB.
2026-10-08T23:06:55Z INFO [994/3744] a892c8f0-3769-4282-8684-7f4cb3cf1c60: 29 internal nodes; 0.8 s; peak memory 977 MiB.
2026-10-08T23:06:55Z INFO [995/3744] a892e52f-8f0c-4b4d-9bc8-d549333ad36b: 11 internal nodes; 0.4 s; peak memory 977 MiB.
2026-10-08T23:06:56Z INFO [996/3744] a89404fa-f6e3-40ef-b469-b4bb3b6ac80a: 27 internal nodes; 0.8 s; peak memory 977 MiB.
2026-10-08T23:07:00Z INFO [997/3744] a8945a3c-ba2e-4693-85b4-63049cb6d6bd: 67 internal nodes; 4.3 s; peak memory 977 MiB.
2026-10-08T23:07:07Z INFO [998/3744] a894b4e8-3164-4d51-831f-16bfa48ea699: 306 internal nodes; 6.5 s; peak memory 977 MiB.
2026-10-08T23:07:08Z INFO [999/3744] a89545d9-2663-4ce5-828c-5cb50287b36b: 31 internal nodes; 1.0 s; peak memory 977 MiB.
2026-10-08T23:07:09Z INFO [1000/3744] a8972384-6dfb-4d60-92b1-9cc9aa0187b8: 86 internal nodes; 0.8 s; peak memory 977 MiB.
2026-10-08T23:07:09Z INFO [1000/3744] a8972384-6dfb-4d60-92b1-9cc9aa0187b8: checkpointed 128071 new records.
2026-10-08T23:07:10Z INFO [1001/3744] a897263a-b076-44c2-b41f-dc86ba6fd753: 17 internal nodes; 0.8 s; peak memory 977 MiB.
2026-10-08T23:07:11Z INFO [1002/3744] a897a95b-12a8-413f-9513-c4d0ab2d74b8: 17 internal nodes; 1.4 s; peak memory 977 MiB.
2026-10-08T23:07:16Z INFO [1003/3744] a8985f9a-fbe6-4a93-8d45-cf70467015f0: 73 internal nodes; 4.4 s; peak memory 977 MiB.
2026-10-08T23:07:17Z INFO [1004/3744] a899c27a-09f3-4735-9f71-a533b7a8c5f9: 17 internal nodes; 0.8 s; peak memory 977 MiB.
2026-10-08T23:07:18Z INFO [1005/3744] a89a62fa-8e75-4afd-8b2d-b022e775ebf2: 30 internal nodes; 1.5 s; peak memory 977 MiB.
2026-10-08T23:07:21Z INFO [1006/3744] a89b6d90-dc22-4cfd-93f4-41cecf42e705: 70 internal nodes; 3.0 s; peak memory 977 MiB.
2026-10-08T23:07:22Z INFO [1007/3744] a89cebed-1974-453b-934c-eda423029083: 26 internal nodes; 1.1 s; peak memory 977 MiB.
2026-10-08T23:07:23Z INFO [1008/3744] a89cff96-153f-439e-a8b3-8dada7d175fb: 27 internal nodes; 1.0 s; peak memory 977 MiB.
2026-10-08T23:07:25Z INFO [1009/3744] a89d939c-db7b-411f-a3ff-72ca8f7c1126: 67 internal nodes; 2.1 s; peak memory 977 MiB.
2026-10-08T23:07:26Z INFO [1010/3744] a89e8fde-dd11-4c9a-96cd-a28145a345d6: 18 internal nodes; 0.5 s; peak memory 977 MiB.
2026-10-08T23:07:27Z INFO [1011/3744] a89f7e09-237f-4bea-8ce7-915542424de6: 53 internal nodes; 0.8 s; peak memory 977 MiB.
2026-10-08T23:07:27Z INFO [1012/3744] a8a030a6-af06-43ae-b584-a4e47fd69e75: 90 internal nodes; 0.8 s; peak memory 977 MiB.
2026-10-08T23:07:29Z INFO [1013/3744] a8a042ea-f39b-4607-ba0b-3b52f7d5f61a: 31 internal nodes; 1.1 s; peak memory 977 MiB.
2026-10-08T23:07:29Z INFO [1014/3744] a8a07a69-8bb9-4535-bc4b-156a6dfa91c4: 17 internal nodes; 0.8 s; peak memory 977 MiB.
2026-10-08T23:07:30Z INFO [1015/3744] a8a0d765-db06-422c-9f75-9385786c4c26: 26 internal nodes; 1.0 s; peak memory 977 MiB.
2026-10-08T23:07:31Z INFO [1016/3744] a8a179dd-734d-46c9-b542-44fff29e72c3: 17 internal nodes; 0.8 s; peak memory 977 MiB.
2026-10-08T23:07:32Z INFO [1017/3744] a8a1a059-5ba6-4b24-9779-c1185e88cd8d: 90 internal nodes; 0.8 s; peak memory 977 MiB.
2026-10-08T23:07:36Z INFO [1018/3744] a8a1c25f-e1f5-4186-966a-3eb78b930cef: 54 internal nodes; 4.3 s; peak memory 977 MiB.
2026-10-08T23:07:38Z INFO [1019/3744] a8a1ce23-e053-4753-89a0-e6b044a4d048: 54 internal nodes; 1.9 s; peak memory 977 MiB.
2026-10-08T23:07:39Z INFO [1020/3744] a8a1ec50-dcc4-4331-a247-0784a1b994bd: 11 internal nodes; 0.6 s; peak memory 977 MiB.
2026-10-08T23:07:40Z INFO [1021/3744] a8a2323c-91e2-4366-8051-e0088977a727: 30 internal nodes; 1.1 s; peak memory 977 MiB.
2026-10-08T23:07:41Z INFO [1022/3744] a8a2a605-f353-413a-8fa5-55404df39053: 17 internal nodes; 0.7 s; peak memory 977 MiB.
2026-10-08T23:07:41Z INFO [1023/3744] a8a3ae42-e10e-4492-bee1-55942d5913f1: 17 internal nodes; 0.8 s; peak memory 977 MiB.
2026-10-08T23:07:42Z INFO [1024/3744] a8a3ca2c-6dd4-4714-bf4e-98fcf6be1830: 11 internal nodes; 0.7 s; peak memory 977 MiB.
2026-10-08T23:07:44Z INFO [1025/3744] a8a40562-d567-4c2c-8a52-39ed47bd9310: 27 internal nodes; 1.4 s; peak memory 977 MiB.
2026-10-08T23:07:44Z INFO [1026/3744] a8a44c12-6007-4bc3-ab3b-5c5f471b33ee: 17 internal nodes; 0.8 s; peak memory 977 MiB.
2026-10-08T23:07:45Z INFO [1027/3744] a8a45f3e-e905-41b3-bc0b-7530b5fa2921: 15 internal nodes; 0.7 s; peak memory 977 MiB.
2026-10-08T23:07:46Z INFO [1028/3744] a8a47149-9387-491a-bae7-11120eedcab3: 27 internal nodes; 0.9 s; peak memory 977 MiB.
2026-10-08T23:07:46Z INFO [1029/3744] a8a510c5-e019-47ca-a920-42e885aba43c: 11 internal nodes; 0.4 s; peak memory 977 MiB.
2026-10-08T23:07:47Z INFO [1030/3744] a8a57ba6-dcbe-4ed1-963c-854f14778840: 17 internal nodes; 0.7 s; peak memory 977 MiB.
2026-10-08T23:07:48Z INFO [1031/3744] a8a68105-34be-40fb-808c-2a72d147c5a9: 27 internal nodes; 0.6 s; peak memory 977 MiB.
2026-10-08T23:07:49Z INFO [1032/3744] a8a7cfbb-b730-47d2-aad3-af4fc7da4d5c: 17 internal nodes; 0.9 s; peak memory 977 MiB.
2026-10-08T23:07:49Z INFO [1033/3744] a8a7ec41-e069-412a-ade1-3318b89fe814: 17 internal nodes; 0.7 s; peak memory 977 MiB.
2026-10-08T23:07:50Z INFO [1034/3744] a8a84359-5121-4186-92a7-0d09fef82dd2: 18 internal nodes; 1.1 s; peak memory 977 MiB.
2026-10-08T23:07:51Z INFO [1035/3744] a8a8d489-5719-4488-a72b-d50c4cf48231: 11 internal nodes; 0.7 s; peak memory 977 MiB.
2026-10-08T23:07:52Z INFO [1036/3744] a8a96dc9-55cd-41a1-9a82-a484614d9c85: 31 internal nodes; 0.7 s; peak memory 977 MiB.
2026-10-08T23:07:53Z INFO [1037/3744] a8a96ee2-676c-4ef7-abe0-a512985f1a91: 39 internal nodes; 1.3 s; peak memory 977 MiB.
2026-10-08T23:07:54Z INFO [1038/3744] a8a98ae6-108f-40c2-9ebd-8c578bc78d3f: 115 internal nodes; 0.8 s; peak memory 977 MiB.
2026-10-08T23:07:55Z INFO [1039/3744] a8a9e165-8da7-4b49-a542-598e9b3c16cd: 114 internal nodes; 0.7 s; peak memory 977 MiB.
2026-10-08T23:07:55Z INFO [1040/3744] a8aa4a04-3f1f-4889-8531-963ee73309ea: 61 internal nodes; 0.9 s; peak memory 977 MiB.
2026-10-08T23:07:56Z INFO [1041/3744] a8aad7ca-1930-4cf8-a2a3-4bf1a9febc98: 27 internal nodes; 0.9 s; peak memory 977 MiB.
2026-10-08T23:07:58Z INFO [1042/3744] a8ab54a8-cd8a-4d9a-bf68-ea339281a704: 66 internal nodes; 1.4 s; peak memory 977 MiB.
2026-10-08T23:07:59Z INFO [1043/3744] a8ab6413-447e-402e-8134-4340a318fb89: 17 internal nodes; 0.7 s; peak memory 977 MiB.
2026-10-08T23:07:59Z INFO [1044/3744] a8ab7069-ac6b-4452-8d15-9b93ee7267d6: 27 internal nodes; 0.6 s; peak memory 977 MiB.
2026-10-08T23:08:04Z INFO [1045/3744] a8ac6206-e1be-4370-9921-36f30d5f693b: 48 internal nodes; 4.8 s; peak memory 980 MiB.
2026-10-08T23:08:07Z INFO [1046/3744] a8acb52b-99ff-4b41-8478-a4463bc10a33: 57 internal nodes; 3.5 s; peak memory 980 MiB.
2026-10-08T23:08:09Z INFO [1047/3744] a8acb576-3d7b-4062-b1ca-5ecd997b70cc: 46 internal nodes; 1.9 s; peak memory 980 MiB.
2026-10-08T23:08:10Z INFO [1048/3744] a8aed259-7c43-48c6-87d9-2db5bae10ce9: 17 internal nodes; 0.7 s; peak memory 980 MiB.
2026-10-08T23:08:11Z INFO [1049/3744] a8aee42e-a797-438c-a339-2b291baca1cb: 27 internal nodes; 0.7 s; peak memory 980 MiB.
2026-10-08T23:08:12Z INFO [1050/3744] a8aee5fb-09ff-498b-9024-33d3db613ad9: 31 internal nodes; 0.9 s; peak memory 980 MiB.
2026-10-08T23:08:12Z INFO [1050/3744] a8aee5fb-09ff-498b-9024-33d3db613ad9: checkpointed 128121 new records.
2026-10-08T23:08:13Z INFO [1051/3744] a8af4ee2-e0d0-416c-8faa-e4cba0f4f05f: 69 internal nodes; 1.1 s; peak memory 980 MiB.
2026-10-08T23:08:14Z INFO [1052/3744] a8afc926-c3a7-4ce3-b746-5d0a85ba54ef: 27 internal nodes; 0.9 s; peak memory 980 MiB.
2026-10-08T23:08:15Z INFO [1053/3744] a8b01dcd-3e75-4f20-ab4f-e6a54a7307d0: 26 internal nodes; 0.6 s; peak memory 980 MiB.
2026-10-08T23:08:15Z INFO [1054/3744] a8b13a0d-3551-497e-a662-978ce85794ff: 16 internal nodes; 0.6 s; peak memory 980 MiB.
2026-10-08T23:08:21Z INFO [1055/3744] a8b1bef2-a831-425f-a926-5c3c2c118598: 228 internal nodes; 6.3 s; peak memory 980 MiB.
2026-10-08T23:08:22Z INFO [1056/3744] a8b2c479-247c-4fda-a838-45c72d496932: 13 internal nodes; 1.1 s; peak memory 980 MiB.
2026-10-08T23:08:23Z INFO [1057/3744] a8b2ec53-0d10-4a99-827b-7be517925b43: 13 internal nodes; 0.7 s; peak memory 980 MiB.
2026-10-08T23:08:24Z INFO [1058/3744] a8b30158-4b3a-40c0-bb05-2b139963198e: 29 internal nodes; 0.7 s; peak memory 980 MiB.
2026-10-08T23:08:25Z INFO [1059/3744] a8b327bd-8665-4cd9-8a29-9ba458086f2f: 27 internal nodes; 0.9 s; peak memory 980 MiB.
2026-10-08T23:08:25Z INFO [1060/3744] a8b3b5ff-52c3-4af8-86bd-d7e938b4cd28: 26 internal nodes; 0.6 s; peak memory 980 MiB.
2026-10-08T23:08:26Z INFO [1061/3744] a8b4a4ac-60ee-407f-8bd7-a806f9f9b7ef: 17 internal nodes; 0.8 s; peak memory 980 MiB.
2026-10-08T23:08:27Z INFO [1062/3744] a8b54b29-f3fa-4905-ba15-8ea69bdd86e3: 23 internal nodes; 0.9 s; peak memory 980 MiB.
2026-10-08T23:08:28Z INFO [1063/3744] a8b57630-4fbc-48ce-ae09-01c5587d73e7: 20 internal nodes; 1.3 s; peak memory 980 MiB.
2026-10-08T23:08:29Z INFO [1064/3744] a8b60e3e-3186-4d0d-881a-9f69b40c3d3b: 31 internal nodes; 0.9 s; peak memory 980 MiB.
2026-10-08T23:08:30Z INFO [1065/3744] a8b63020-3338-4c8b-8f07-f4a6b5360aba: 17 internal nodes; 0.8 s; peak memory 980 MiB.
2026-10-08T23:08:30Z INFO [1066/3744] a8b68927-1b26-4ef5-a9c6-917e24fa825a: 23 internal nodes; 0.6 s; peak memory 980 MiB.
2026-10-08T23:08:32Z WARNING a8b6a037-6a71-4569-91a5-b9a166b789a9: failed while reading the NWB file (KeyError: 'Unable to synchronously open object (component not found)')
2026-10-08T23:08:32Z WARNING [1067/3744] a8b6a037-6a71-4569-91a5-b9a166b789a9: leaving unrecorded for a later run to retry.
2026-10-08T23:08:33Z INFO [1068/3744] a8b92e11-5b3f-4c58-8db2-cca27ccb9dc8: 29 internal nodes; 1.1 s; peak memory 980 MiB.
2026-10-08T23:08:34Z INFO [1069/3744] a8b92fbc-d568-473d-987e-08d617d6daa0: 31 internal nodes; 1.0 s; peak memory 980 MiB.
2026-10-08T23:08:34Z INFO [1070/3744] a8bb3ac5-0140-4804-b14b-3f4ccd2735ea: 18 internal nodes; 0.5 s; peak memory 980 MiB.
2026-10-08T23:08:37Z INFO [1071/3744] a8bb7e04-5108-40ba-99e0-e8a635be11a2: 41 internal nodes; 2.4 s; peak memory 980 MiB.
2026-10-08T23:08:41Z INFO [1072/3744] a8bba0e6-d786-42ed-bab8-0e135bd168a7: 127 internal nodes; 4.3 s; peak memory 980 MiB.
2026-10-08T23:08:42Z INFO [1073/3744] a8bba923-38c0-40ea-b4f5-a5cf40f3e3e5: 27 internal nodes; 1.0 s; peak memory 980 MiB.
2026-10-08T23:08:47Z INFO [1074/3744] a8bd1cec-d1e8-4fde-a6a1-839c3b0e91be: 157 internal nodes; 5.3 s; peak memory 980 MiB.
2026-10-08T23:08:48Z INFO [1075/3744] a8bdebb2-b88f-44fe-a5c0-26cf11b91d07: 27 internal nodes; 0.9 s; peak memory 980 MiB.
2026-10-08T23:08:49Z INFO [1076/3744] a8be3395-20b0-4c8c-a065-4df8bbcc1c59: 90 internal nodes; 1.1 s; peak memory 980 MiB.
2026-10-08T23:08:50Z INFO [1077/3744] a8beb1ef-c734-4e69-a516-0532ed5d72c1: 17 internal nodes; 1.0 s; peak memory 980 MiB.
2026-10-08T23:08:54Z INFO [1078/3744] a8bef008-69df-4c1d-893e-8201c0ddef52: 267 internal nodes; 4.3 s; peak memory 980 MiB.
2026-10-08T23:08:55Z INFO [1079/3744] a8befc0a-0072-4a8c-b696-93211b082625: 28 internal nodes; 0.7 s; peak memory 980 MiB.
2026-10-08T23:09:00Z INFO [1080/3744] a8bf3490-7382-4f70-9e7a-f98bb6cbdfe1: 177 internal nodes; 4.7 s; peak memory 980 MiB.
2026-10-08T23:09:01Z INFO [1081/3744] a8bf6e29-bdef-49b5-848f-6a03eee4cdbf: 27 internal nodes; 0.9 s; peak memory 980 MiB.
2026-10-08T23:09:04Z INFO [1082/3744] a8c10de6-c219-444f-875b-b3897e8ca1b5: 41 internal nodes; 3.4 s; peak memory 980 MiB.
2026-10-08T23:09:05Z INFO [1083/3744] a8c11177-b3d8-4615-bea9-7dd68f3aad91: 19 internal nodes; 0.7 s; peak memory 980 MiB.
2026-10-08T23:09:06Z INFO [1084/3744] a8c17084-3ec6-481b-87c1-4c33e21ba646: 17 internal nodes; 0.6 s; peak memory 980 MiB.
2026-10-08T23:09:06Z INFO [1085/3744] a8c1fc8c-e8b5-4600-aeb1-cb08cf9f18c7: 27 internal nodes; 0.8 s; peak memory 980 MiB.
2026-10-08T23:09:07Z INFO [1086/3744] a8c21f9b-822a-4d4a-ab66-bced00d8c8b2: 17 internal nodes; 0.9 s; peak memory 980 MiB.
2026-10-08T23:09:08Z INFO [1087/3744] a8c24995-53fa-4114-b836-6eba3fa7f892: 17 internal nodes; 0.6 s; peak memory 980 MiB.
2026-10-08T23:09:09Z INFO [1088/3744] a8c26b2e-19a7-49a0-9ae6-21c6e6ea8314: 31 internal nodes; 1.5 s; peak memory 980 MiB.
2026-10-08T23:09:10Z INFO [1089/3744] a8c28d62-dcd4-42e2-9b71-7edc396e86dd: 63 internal nodes; 1.0 s; peak memory 980 MiB.
2026-10-08T23:09:11Z INFO [1090/3744] a8c2d389-4890-4af2-95fd-2e615c576492: 115 internal nodes; 0.9 s; peak memory 980 MiB.
2026-10-08T23:09:12Z INFO [1091/3744] a8c34232-97b6-47e3-b938-2ab0d043b93e: 18 internal nodes; 0.7 s; peak memory 980 MiB.
2026-10-08T23:09:12Z INFO [1092/3744] a8c3e35e-5820-4ae3-8498-a1c46ef6dc1e: 11 internal nodes; 0.5 s; peak memory 980 MiB.
2026-10-08T23:09:13Z INFO [1093/3744] a8c48bfd-6f10-4bb8-90b4-7cc700f8ca4d: 31 internal nodes; 0.8 s; peak memory 980 MiB.
2026-10-08T23:09:18Z INFO [1094/3744] a8c55358-edbe-43da-9475-55730831bd6e: 182 internal nodes; 5.2 s; peak memory 980 MiB.
2026-10-08T23:09:29Z INFO [1095/3744] a8c5718e-af3b-4256-bc11-659d925e398b: 263 internal nodes; 10.2 s; peak memory 980 MiB.
2026-10-08T23:09:42Z INFO [1096/3744] a8c5e87b-ab29-4f7b-b7db-f58c08498629: 70 internal nodes; 13.0 s; peak memory 980 MiB.
2026-10-08T23:09:46Z INFO [1097/3744] a8c669df-b56d-4504-b712-02d393421ba3: 73 internal nodes; 4.5 s; peak memory 980 MiB.
2026-10-08T23:09:48Z INFO [1098/3744] a8c7be38-0845-4241-ac12-e985699ddb1f: 37 internal nodes; 1.4 s; peak memory 980 MiB.
2026-10-08T23:09:49Z INFO [1099/3744] a8c8a75e-2943-466c-a147-9394fad247c3: 63 internal nodes; 1.1 s; peak memory 980 MiB.
2026-10-08T23:09:49Z INFO [1100/3744] a8c99ffa-21bc-432a-8de8-b6b8d9737b75: 17 internal nodes; 0.6 s; peak memory 980 MiB.
2026-10-08T23:09:50Z INFO [1100/3744] a8c99ffa-21bc-432a-8de8-b6b8d9737b75: checkpointed 128170 new records.
2026-10-08T23:09:56Z INFO [1101/3744] a8c9bd45-4416-4a20-b43d-ecad20797a84: 338 internal nodes; 6.8 s; peak memory 980 MiB.
2026-10-08T23:09:58Z INFO [1102/3744] a8cca4ab-4d91-48bc-8c3e-b738c2c38593: 28 internal nodes; 1.2 s; peak memory 980 MiB.
2026-10-08T23:09:58Z INFO [1103/3744] a8ccb05d-3b79-41f0-af97-3faba9c3185a: 11 internal nodes; 0.5 s; peak memory 980 MiB.
2026-10-08T23:10:03Z INFO [1104/3744] a8cd926d-a015-49b3-baba-11286f4a19a5: 133 internal nodes; 4.5 s; peak memory 980 MiB.
2026-10-08T23:10:04Z INFO [1105/3744] a8ce54e3-b3bc-465a-8f9d-9fb618c64292: 44 internal nodes; 1.8 s; peak memory 980 MiB.
2026-10-08T23:10:05Z INFO [1106/3744] a8cf0bf8-03c2-431a-aeb9-3bc9e74095f7: 17 internal nodes; 0.7 s; peak memory 980 MiB.
2026-10-08T23:10:11Z INFO [1107/3744] a8d0340f-7f42-4e5c-8a82-907eb4365656: 65 internal nodes; 5.5 s; peak memory 980 MiB.
2026-10-08T23:10:13Z INFO [1108/3744] a8d0be42-e50a-4580-9af7-d722097168d9: 44 internal nodes; 2.3 s; peak memory 980 MiB.
2026-10-08T23:10:14Z INFO [1109/3744] a8d1a3f5-22fa-4e97-8976-4bf1ea314127: 31 internal nodes; 1.5 s; peak memory 980 MiB.
2026-10-08T23:10:15Z INFO [1110/3744] a8d2910c-b23d-4d4e-a0a2-aaa87afccbc1: 17 internal nodes; 0.9 s; peak memory 980 MiB.
2026-10-08T23:10:20Z INFO [1111/3744] a8d311e7-2f6c-48b7-873b-c3e2032d779e: 70 internal nodes; 4.9 s; peak memory 980 MiB.
2026-10-08T23:10:22Z INFO [1112/3744] a8d40919-3af0-4950-8f0d-6e974ca12b21: 60 internal nodes; 1.7 s; peak memory 980 MiB.
2026-10-08T23:10:28Z INFO [1113/3744] a8d4e0fe-4a0d-40ee-806f-13cc2b49efda: 218 internal nodes; 6.1 s; peak memory 980 MiB.
2026-10-08T23:10:29Z INFO [1114/3744] a8d6200e-206a-4113-a4ae-31e3a0100637: 23 internal nodes; 1.0 s; peak memory 980 MiB.
2026-10-08T23:10:30Z INFO [1115/3744] a8d704c9-10ee-41c8-ad90-73bf34cee322: 18 internal nodes; 0.6 s; peak memory 980 MiB.
2026-10-08T23:10:31Z INFO [1116/3744] a8d7160f-7121-4e7e-8d62-c2936ef13d7e: 31 internal nodes; 0.8 s; peak memory 980 MiB.
2026-10-08T23:10:31Z INFO [1117/3744] a8d783cb-3c80-452f-bf34-a486275274ae: 17 internal nodes; 0.8 s; peak memory 980 MiB.
2026-10-08T23:10:32Z INFO [1118/3744] a8d87702-0cdd-445c-bf75-2bf1c1070fa2: 15 internal nodes; 0.6 s; peak memory 980 MiB.
2026-10-08T23:10:33Z INFO [1119/3744] a8d9e9dd-ed88-4a12-af5d-dee92591dc4d: 17 internal nodes; 0.6 s; peak memory 980 MiB.
2026-10-08T23:10:42Z INFO [1120/3744] a8da3ec8-5f8d-4eb1-bf21-95c85b7ef4a8: 239 internal nodes; 9.7 s; peak memory 980 MiB.
2026-10-08T23:10:47Z INFO [1121/3744] a8dc5b87-909b-4a43-bdf9-2256a2134d06: 191 internal nodes; 4.6 s; peak memory 980 MiB.
2026-10-08T23:10:48Z INFO [1122/3744] a8dcbde7-3dbe-4260-8f78-fe20bf5e0def: 20 internal nodes; 1.2 s; peak memory 980 MiB.
2026-10-08T23:10:49Z INFO [1123/3744] a8dd1697-928e-4ccc-9ab8-9229c89bffb8: 39 internal nodes; 1.1 s; peak memory 980 MiB.
2026-10-08T23:10:50Z INFO [1124/3744] a8dd21a8-785f-466b-9251-e7738f97bf94: 26 internal nodes; 0.5 s; peak memory 980 MiB.
2026-10-08T23:10:50Z INFO [1125/3744] a8dda74d-6b4e-45fe-afc9-d04a59f2b031: 27 internal nodes; 0.7 s; peak memory 980 MiB.
2026-10-08T23:10:51Z INFO [1126/3744] a8dde0de-4aa2-4333-91bd-5578f564f5d5: 29 internal nodes; 0.8 s; peak memory 980 MiB.
2026-10-08T23:10:52Z INFO [1127/3744] a8de6828-b430-4cd7-92eb-8975bfbe7560: 22 internal nodes; 0.6 s; peak memory 980 MiB.
2026-10-08T23:10:54Z INFO [1128/3744] a8deaadd-8c11-45df-a8d3-f119e7f36042: 45 internal nodes; 1.9 s; peak memory 980 MiB.
2026-10-08T23:10:55Z INFO [1129/3744] a8dee5bb-def4-4c7e-a4a3-60fa09dbd9ee: 115 internal nodes; 0.8 s; peak memory 980 MiB.
2026-10-08T23:10:57Z INFO [1130/3744] a8def608-dc01-44e5-8e51-739ea6c975da: 85 internal nodes; 2.6 s; peak memory 980 MiB.
2026-10-08T23:10:58Z INFO [1131/3744] a8defe76-048f-4928-b01a-e1ffbaba64ba: 13 internal nodes; 0.7 s; peak memory 980 MiB.
2026-10-08T23:11:04Z INFO [1132/3744] a8df4878-6ab4-476b-a8b2-2a2e452090e8: 252 internal nodes; 6.6 s; peak memory 980 MiB.
2026-10-08T23:11:05Z INFO [1133/3744] a8e0550f-0e47-4ee6-abf7-c96468681e65: 13 internal nodes; 0.8 s; peak memory 980 MiB.
2026-10-08T23:11:06Z INFO [1134/3744] a8e1cd5f-0526-445d-9acd-501ebbbbb701: 26 internal nodes; 0.6 s; peak memory 980 MiB.
2026-10-08T23:11:10Z INFO [1135/3744] a8e2556e-da88-494b-92f6-71080ee57b60: 73 internal nodes; 4.1 s; peak memory 980 MiB.
2026-10-08T23:11:10Z INFO [1136/3744] a8e28326-f977-4e88-862b-8d294172eb6b: 17 internal nodes; 0.6 s; peak memory 980 MiB.
2026-10-08T23:11:15Z INFO [1137/3744] a8e2e538-26f7-4006-bc26-66add81d52f6: 73 internal nodes; 4.1 s; peak memory 980 MiB.
2026-10-08T23:11:18Z INFO [1138/3744] a8e2e927-1196-45eb-94c6-87df13067148: 161 internal nodes; 3.6 s; peak memory 980 MiB.
2026-10-08T23:11:23Z INFO [1139/3744] a8e3d56a-75ce-4f11-9bde-fa9a13f0a726: 83 internal nodes; 4.4 s; peak memory 980 MiB.
2026-10-08T23:11:24Z INFO [1140/3744] a8e51e97-106e-4f57-a2b4-1c210d6265a9: 27 internal nodes; 0.9 s; peak memory 980 MiB.
2026-10-08T23:11:34Z INFO [1141/3744] a8e6b1d5-3f48-4c22-bdb8-45dbd13fd437: 423 internal nodes; 9.9 s; peak memory 980 MiB.
2026-10-08T23:11:35Z INFO [1142/3744] a8e6d058-5f2c-43ba-8dfa-798c7be1c2b7: 53 internal nodes; 1.2 s; peak memory 980 MiB.
2026-10-08T23:11:35Z INFO [1143/3744] a8e724c7-9518-44d5-a5c2-3679d7fedfdd: 11 internal nodes; 0.4 s; peak memory 980 MiB.
2026-10-08T23:11:36Z INFO [1144/3744] a8e81807-8b68-439d-933d-a28bf3711426: 17 internal nodes; 0.7 s; peak memory 980 MiB.
2026-10-08T23:11:36Z INFO [1145/3744] a8e878b1-eb6c-4238-b112-2ce9e03c6135: 17 internal nodes; 0.6 s; peak memory 980 MiB.
2026-10-08T23:11:42Z INFO [1146/3744] a8e8c3a3-ba22-4143-9597-67231c1d4efa: 66 internal nodes; 5.6 s; peak memory 980 MiB.
2026-10-08T23:11:43Z INFO [1147/3744] a8ea7bf0-76b7-45cf-9e14-b8dc7ee5246d: 17 internal nodes; 0.7 s; peak memory 980 MiB.
2026-10-08T23:11:44Z INFO [1148/3744] a8ea9025-4d45-49bb-89d4-6a562ed917d8: 63 internal nodes; 1.1 s; peak memory 980 MiB.
2026-10-08T23:11:45Z INFO [1149/3744] a8eb13b7-396a-4edf-8e4b-28e2e1968e2a: 19 internal nodes; 0.7 s; peak memory 980 MiB.
2026-10-08T23:11:45Z INFO [1150/3744] a8ece780-6671-4d74-8a73-5ae272a2743e: 17 internal nodes; 0.9 s; peak memory 980 MiB.
2026-10-08T23:11:46Z INFO [1150/3744] a8ece780-6671-4d74-8a73-5ae272a2743e: checkpointed 128220 new records.
2026-10-08T23:11:46Z INFO [1151/3744] a8ed07ef-c45a-404f-9711-2439659ca0b2: 17 internal nodes; 0.6 s; peak memory 980 MiB.
2026-10-08T23:11:47Z INFO [1152/3744] a8ed23f2-6bb2-4e0d-9a24-611830deb753: 17 internal nodes; 0.6 s; peak memory 980 MiB.
2026-10-08T23:11:48Z INFO [1153/3744] a8ed84d3-615a-4d69-b892-f403924993d0: 67 internal nodes; 1.1 s; peak memory 980 MiB.
2026-10-08T23:11:49Z INFO [1154/3744] a8ee304a-19bc-437a-b2e7-3ca54619026f: 17 internal nodes; 0.7 s; peak memory 980 MiB.
2026-10-08T23:11:50Z INFO [1155/3744] a8ee36ba-664f-4308-8269-7ea39856cd0f: 17 internal nodes; 0.7 s; peak memory 980 MiB.
2026-10-08T23:11:50Z INFO [1156/3744] a8eef3e4-805b-4409-ac33-46e3a5639c58: 27 internal nodes; 0.7 s; peak memory 980 MiB.
2026-10-08T23:11:51Z INFO [1157/3744] a8ef9f45-c6a0-4996-a140-8d7d6f88e692: 19 internal nodes; 0.8 s; peak memory 980 MiB.
2026-10-08T23:11:52Z INFO [1158/3744] a8f05dbc-ffe2-4d76-9f83-b30081cfd9ed: 16 internal nodes; 0.6 s; peak memory 980 MiB.
2026-10-08T23:11:52Z INFO [1159/3744] a8f115ae-e4f7-4523-8984-e297a99c0856: 90 internal nodes; 0.7 s; peak memory 980 MiB.
2026-10-08T23:12:02Z INFO [1160/3744] a8f1307b-6c81-457b-bf2d-94ea193d7f39: 475 internal nodes; 9.3 s; peak memory 980 MiB.
2026-10-08T23:12:06Z INFO [1161/3744] a8f2467e-0bdf-4730-9d10-59c2d19769cf: 56 internal nodes; 3.9 s; peak memory 980 MiB.
2026-10-08T23:12:06Z INFO [1162/3744] a8f40e3a-9fd2-4ad6-b231-e0c016785518: 17 internal nodes; 0.8 s; peak memory 980 MiB.
2026-10-08T23:12:09Z INFO [1163/3744] a8f552f8-e4ac-4ece-8ca7-d8503393b741: 40 internal nodes; 2.2 s; peak memory 980 MiB.
2026-10-08T23:12:10Z INFO [1164/3744] a8f575ac-19de-4391-ab78-8ce3e5696aac: 66 internal nodes; 1.5 s; peak memory 980 MiB.
2026-10-08T23:12:11Z INFO [1165/3744] a8f7be07-20be-46e3-ad76-c04d6b060a7e: 19 internal nodes; 0.7 s; peak memory 980 MiB.
2026-10-08T23:12:12Z INFO [1166/3744] a8f7d42e-d11d-4929-9b8f-2d2edbe8485d: 27 internal nodes; 0.7 s; peak memory 980 MiB.
2026-10-08T23:12:13Z INFO [1167/3744] a8f8003e-4483-4b50-8a45-91ac5971f5d5: 32 internal nodes; 1.6 s; peak memory 980 MiB.
2026-10-08T23:12:15Z INFO [1168/3744] a8f8bffb-5713-43cb-a18f-5475f70e940e: 18 internal nodes; 2.0 s; peak memory 980 MiB.
2026-10-08T23:12:16Z INFO [1169/3744] a8f94443-7245-471b-9488-20ef0ca7491d: 54 internal nodes; 1.0 s; peak memory 980 MiB.
2026-10-08T23:12:17Z INFO [1170/3744] a8fa87e5-9771-499e-ade6-80854528fc46: 11 internal nodes; 0.4 s; peak memory 980 MiB.
2026-10-08T23:12:21Z INFO [1171/3744] a8fa8d5c-d348-4081-a306-c0a6b02dcaaf: 177 internal nodes; 4.5 s; peak memory 980 MiB.
2026-10-08T23:12:22Z INFO [1172/3744] a8fafc1c-89a2-44b6-aa53-66647d9a3ba4: 55 internal nodes; 1.2 s; peak memory 980 MiB.
2026-10-08T23:12:23Z INFO [1173/3744] a8fb6ff8-d958-4c25-8551-737144467496: 24 internal nodes; 1.1 s; peak memory 980 MiB.
2026-10-08T23:12:24Z INFO [1174/3744] a8fc5729-a27b-42ad-b2ba-43c55a8d2ea8: 26 internal nodes; 0.6 s; peak memory 980 MiB.
2026-10-08T23:12:25Z INFO [1175/3744] a8fc6aa9-0fa6-4e8e-ad49-8d370154b194: 54 internal nodes; 1.0 s; peak memory 980 MiB.
2026-10-08T23:12:26Z INFO [1176/3744] a8fcd9ff-d682-42b8-bdf3-24658ce945df: 27 internal nodes; 0.7 s; peak memory 980 MiB.
2026-10-08T23:12:30Z INFO [1177/3744] a8fd29fb-d408-4c9d-88e7-1b679ee8a3fb: 49 internal nodes; 4.5 s; peak memory 980 MiB.
2026-10-08T23:12:31Z INFO [1178/3744] a8fd2bfe-8590-4c75-8561-298528347782: 31 internal nodes; 1.2 s; peak memory 980 MiB.
2026-10-08T23:12:32Z INFO [1179/3744] a8fdcea7-a9d6-4fb3-91a9-acf9a5a65ca3: 23 internal nodes; 0.8 s; peak memory 980 MiB.
2026-10-08T23:12:33Z INFO [1180/3744] a8fe513d-3bab-4669-9d32-71b490048aa5: 17 internal nodes; 0.6 s; peak memory 980 MiB.
2026-10-08T23:12:39Z INFO [1181/3744] a8fe75a0-8bee-4d6c-aaf3-4822d3bb568a: 52 internal nodes; 6.2 s; peak memory 980 MiB.
2026-10-08T23:12:40Z INFO [1182/3744] a8fe8b1c-0c9e-410f-8007-39af2e8c023f: 17 internal nodes; 0.9 s; peak memory 980 MiB.
2026-10-08T23:12:41Z INFO [1183/3744] a8fede94-e85c-4967-89ed-0996777e411e: 26 internal nodes; 1.1 s; peak memory 980 MiB.
2026-10-08T23:12:43Z INFO [1184/3744] a90022db-650b-4065-92a1-c58c5de39fa3: 59 internal nodes; 1.7 s; peak memory 980 MiB.
2026-10-08T23:12:43Z INFO [1185/3744] a900b9f9-c88a-42d1-8cfc-3d6f277ecbde: 17 internal nodes; 0.8 s; peak memory 980 MiB.
2026-10-08T23:12:51Z INFO [1186/3744] a900fb12-94a5-4f86-8d3e-f9ab69b3648f: 2398 internal nodes; 7.5 s; peak memory 980 MiB.
2026-10-08T23:12:55Z INFO [1187/3744] a902045d-e622-4434-90e6-8081b8159adb: 61 internal nodes; 4.6 s; peak memory 980 MiB.
2026-10-08T23:12:57Z INFO [1188/3744] a905d4d0-87e4-43a5-9662-2e9bc87c4bcc: 46 internal nodes; 1.9 s; peak memory 980 MiB.
2026-10-08T23:12:59Z INFO [1189/3744] a906080b-714a-4cc5-b92d-f79a81148816: 46 internal nodes; 1.9 s; peak memory 980 MiB.
2026-10-08T23:13:00Z INFO [1190/3744] a907417f-4085-4b8e-a3ce-0325ec7e5a26: 17 internal nodes; 0.7 s; peak memory 980 MiB.
2026-10-08T23:13:01Z INFO [1191/3744] a907ec52-1b4d-4adb-b45a-2b11b590a917: 27 internal nodes; 1.2 s; peak memory 980 MiB.
2026-10-08T23:13:03Z INFO [1192/3744] a90890b2-86aa-4f8b-91d2-c348eb945515: 44 internal nodes; 1.5 s; peak memory 980 MiB.
2026-10-08T23:13:03Z INFO [1193/3744] a908e6b8-815f-4ea0-a759-beb1c3d6391e: 27 internal nodes; 0.8 s; peak memory 980 MiB.
2026-10-08T23:13:04Z INFO [1194/3744] a90938b0-444c-4e47-89e7-776aa9cd8cc2: 27 internal nodes; 0.9 s; peak memory 980 MiB.
2026-10-08T23:13:05Z INFO [1195/3744] a90970e3-b7a6-4992-8ccc-9ef0479da2c6: 32 internal nodes; 0.6 s; peak memory 980 MiB.
2026-10-08T23:13:05Z INFO [1196/3744] a9098dec-22b9-4a8f-82a1-01907734a271: 11 internal nodes; 0.5 s; peak memory 980 MiB.
2026-10-08T23:13:08Z INFO [1197/3744] a90ad83d-0c21-45c8-90b0-28995b1bb3e1: 106 internal nodes; 3.2 s; peak memory 980 MiB.
2026-10-08T23:13:09Z INFO [1198/3744] a90ae011-a1ab-4c05-a978-67c508984921: 23 internal nodes; 0.9 s; peak memory 980 MiB.
2026-10-08T23:13:10Z INFO [1199/3744] a90d7155-092d-46eb-a5e6-7ecf109a23a2: 17 internal nodes; 0.7 s; peak memory 980 MiB.
2026-10-08T23:13:11Z INFO [1200/3744] a90df6aa-b2fe-4901-b89e-53062c464b1f: 58 internal nodes; 1.0 s; peak memory 980 MiB.
2026-10-08T23:13:11Z INFO [1200/3744] a90df6aa-b2fe-4901-b89e-53062c464b1f: checkpointed 128270 new records.
2026-10-08T23:13:12Z INFO [1201/3744] a9108194-bb95-4f8c-a2da-009f09bc7700: 17 internal nodes; 0.8 s; peak memory 980 MiB.
2026-10-08T23:13:14Z INFO [1202/3744] a9110b97-b74f-4d9e-945e-4cb3295c941f: 44 internal nodes; 1.9 s; peak memory 980 MiB.
2026-10-08T23:13:15Z INFO [1203/3744] a912afe3-ed25-4815-aab5-d09708f8c34f: 17 internal nodes; 0.7 s; peak memory 980 MiB.
2026-10-08T23:13:16Z INFO [1204/3744] a9134f8c-bdcb-44ad-a09e-0e07be050574: 25 internal nodes; 0.7 s; peak memory 980 MiB.
2026-10-08T23:13:16Z INFO [1205/3744] a9137f96-3bb3-478b-b093-08445c43c197: 27 internal nodes; 0.7 s; peak memory 980 MiB.
2026-10-08T23:13:17Z INFO [1206/3744] a913b237-448e-48d5-8fc2-ba373afeb3c9: 14 internal nodes; 0.5 s; peak memory 980 MiB.
2026-10-08T23:13:17Z INFO [1207/3744] a915929f-bb93-41fe-8218-30788d433360: 26 internal nodes; 0.7 s; peak memory 980 MiB.
2026-10-08T23:13:18Z INFO [1208/3744] a915de74-efd9-4b94-a2a0-aff4fc4e779e: 17 internal nodes; 0.8 s; peak memory 980 MiB.
2026-10-08T23:13:19Z INFO [1209/3744] a91605fc-9b02-4cce-9f09-4abb07816506: 17 internal nodes; 0.6 s; peak memory 980 MiB.
2026-10-08T23:13:20Z INFO [1210/3744] a9169275-d81d-47cd-9881-659f11a7dcb6: 27 internal nodes; 0.6 s; peak memory 980 MiB.
2026-10-08T23:13:20Z INFO [1211/3744] a917b4bc-a089-45cc-a8eb-9f8f5ad8a67b: 17 internal nodes; 0.6 s; peak memory 980 MiB.
2026-10-08T23:13:21Z INFO [1212/3744] a917de4c-ee7d-4a90-9e4a-581634a72d49: 17 internal nodes; 0.6 s; peak memory 980 MiB.
2026-10-08T23:13:22Z INFO [1213/3744] a91826ed-24a9-45a4-aac4-c395e32ea2bd: 27 internal nodes; 0.8 s; peak memory 980 MiB.
2026-10-08T23:13:22Z INFO [1214/3744] a91840d2-ba79-4679-a030-64ac8995d182: 27 internal nodes; 0.6 s; peak memory 980 MiB.
2026-10-08T23:13:23Z INFO [1215/3744] a91841aa-e0d6-4d50-9caa-77f7f47aaac9: 11 internal nodes; 0.5 s; peak memory 980 MiB.
2026-10-08T23:13:29Z INFO [1216/3744] a918b308-b08a-4b6b-a66b-337216d809ed: 114 internal nodes; 6.2 s; peak memory 980 MiB.
2026-10-08T23:13:36Z INFO [1217/3744] a9195d5f-f04f-4113-b5da-9dbd8b603ed4: 256 internal nodes; 6.9 s; peak memory 980 MiB.
2026-10-08T23:13:36Z INFO [1218/3744] a9196395-25f2-4435-b1a2-0d2e8c344dbb: 22 internal nodes; 0.7 s; peak memory 980 MiB.
2026-10-08T23:13:37Z INFO [1219/3744] a919f369-ea78-4992-a421-b741157a1776: 17 internal nodes; 0.9 s; peak memory 980 MiB.
2026-10-08T23:13:42Z INFO [1220/3744] a919fba7-4454-4c1d-b386-455f174630e9: 52 internal nodes; 4.4 s; peak memory 980 MiB.
2026-10-08T23:13:49Z INFO [1221/3744] a91a2300-0a5c-4f3a-ae23-6be7d3d70df8: 233 internal nodes; 7.3 s; peak memory 980 MiB.
2026-10-08T23:13:50Z INFO [1222/3744] a91a4caf-25f8-44db-b290-1da9bb85b280: 17 internal nodes; 0.8 s; peak memory 980 MiB.
2026-10-08T23:13:55Z INFO [1223/3744] a91a8293-80aa-4a7e-b8b2-17f934c11621: 110 internal nodes; 5.3 s; peak memory 980 MiB.
2026-10-08T23:13:56Z INFO [1224/3744] a91b34bd-0647-40a9-a564-0bd074e32c05: 54 internal nodes; 0.9 s; peak memory 980 MiB.
2026-10-08T23:13:57Z INFO [1225/3744] a91d6ed1-7ca2-44a6-b530-121486c1d5cf: 26 internal nodes; 1.4 s; peak memory 980 MiB.
2026-10-08T23:14:00Z INFO [1226/3744] a91db317-e545-4504-a5ea-f16e0c7d35f1: 36 internal nodes; 2.1 s; peak memory 980 MiB.
2026-10-08T23:14:00Z INFO [1227/3744] a91f05cb-4fe1-49ca-9bba-49960a6e855b: 27 internal nodes; 0.9 s; peak memory 980 MiB.
2026-10-08T23:14:01Z INFO [1228/3744] a91f3fbd-8de0-4e6f-8fd8-3b6a056c983b: 114 internal nodes; 0.7 s; peak memory 980 MiB.
2026-10-08T23:14:02Z INFO [1229/3744] a91f66e5-84e2-4672-82cc-954c5692a737: 11 internal nodes; 0.5 s; peak memory 980 MiB.
2026-10-08T23:14:02Z INFO [1230/3744] a91f875d-7c6f-4832-85d5-6a3f141e9eb0: 17 internal nodes; 0.6 s; peak memory 980 MiB.
2026-10-08T23:14:03Z INFO [1231/3744] a91f91b8-6aaa-4aba-8ec7-4148b9dae6cb: 29 internal nodes; 1.0 s; peak memory 980 MiB.
2026-10-08T23:14:08Z INFO [1232/3744] a91fae4d-ae94-4a54-98fd-565dc6cea906: 168 internal nodes; 4.6 s; peak memory 980 MiB.
2026-10-08T23:14:09Z INFO [1233/3744] a9204ba1-98e2-442a-a2ce-5bc76e60fca4: 19 internal nodes; 0.6 s; peak memory 980 MiB.
2026-10-08T23:14:09Z INFO [1234/3744] a920e1d0-f7fd-46c5-94ff-db7932cb7629: 18 internal nodes; 0.7 s; peak memory 980 MiB.
2026-10-08T23:14:10Z INFO [1235/3744] a921892a-1b2b-4d06-adaa-52f78cef6cfa: 31 internal nodes; 1.2 s; peak memory 980 MiB.
2026-10-08T23:14:11Z INFO [1236/3744] a9240f54-2c9b-490a-9548-571d61bbc028: 13 internal nodes; 0.5 s; peak memory 980 MiB.
2026-10-08T23:14:12Z INFO [1237/3744] a9246650-c761-400b-b70f-5a41db540dee: 31 internal nodes; 0.9 s; peak memory 980 MiB.
2026-10-08T23:14:12Z INFO [1238/3744] a9248eff-bd69-4069-a537-a17a625b6e23: 19 internal nodes; 0.6 s; peak memory 980 MiB.
2026-10-08T23:14:14Z INFO [1239/3744] a925ead7-3c7e-4355-92d5-c0858f3c33b1: 49 internal nodes; 1.7 s; peak memory 980 MiB.
2026-10-08T23:14:15Z INFO [1240/3744] a926ba1e-d7cc-4a19-9b83-6811cf5bab5c: 24 internal nodes; 1.1 s; peak memory 980 MiB.
2026-10-08T23:14:39Z INFO [1241/3744] a926d4ab-dc61-49d3-a27b-98b334b56343: 6890 internal nodes; 23.8 s; peak memory 980 MiB.
2026-10-08T23:14:40Z INFO [1242/3744] a927759b-859b-4549-acd5-420bf1748aab: 31 internal nodes; 1.2 s; peak memory 980 MiB.
2026-10-08T23:14:41Z INFO [1243/3744] a927cb4a-775b-4698-a0be-a6d0931c79dd: 11 internal nodes; 0.4 s; peak memory 980 MiB.
2026-10-08T23:14:42Z INFO [1244/3744] a9281231-936f-4624-ad4c-b566eea5fc89: 67 internal nodes; 1.0 s; peak memory 980 MiB.
2026-10-08T23:14:43Z INFO [1245/3744] a9285220-51d0-44df-8fbb-c796ce7d9b21: 72 internal nodes; 1.3 s; peak memory 980 MiB.
2026-10-08T23:14:44Z INFO [1246/3744] a928a329-c1ec-4e4b-817f-540749a2ff64: 32 internal nodes; 1.3 s; peak memory 980 MiB.
2026-10-08T23:14:45Z INFO [1247/3744] a928c077-bc07-44f6-a783-996ea4c31630: 90 internal nodes; 0.7 s; peak memory 980 MiB.
2026-10-08T23:14:46Z INFO [1248/3744] a929e772-87da-4827-b0ff-16b780b82f31: 13 internal nodes; 0.7 s; peak memory 980 MiB.
2026-10-08T23:14:46Z INFO [1249/3744] a92a13a8-1766-450c-ad48-f82a450c2bae: 11 internal nodes; 0.4 s; peak memory 980 MiB.
2026-10-08T23:14:47Z INFO [1250/3744] a92b038a-0828-4678-bbc0-a592d4990df3: 17 internal nodes; 0.6 s; peak memory 980 MiB.
2026-10-08T23:14:47Z INFO [1250/3744] a92b038a-0828-4678-bbc0-a592d4990df3: checkpointed 128320 new records.
2026-10-08T23:14:49Z INFO [1251/3744] a92b2678-a204-4af0-a345-da6518f2d931: 47 internal nodes; 1.8 s; peak memory 980 MiB.
2026-10-08T23:14:53Z INFO [1252/3744] a92b35fa-0a0f-4ae5-ab10-9262bc01ae7b: 139 internal nodes; 4.7 s; peak memory 980 MiB.
2026-10-08T23:14:54Z INFO [1253/3744] a92d1eee-244d-465e-a248-85dbf15db376: 31 internal nodes; 0.8 s; peak memory 980 MiB.
2026-10-08T23:14:56Z INFO [1254/3744] a92d96a9-2cee-477b-b12e-8c38147ea48d: 44 internal nodes; 2.3 s; peak memory 980 MiB.
2026-10-08T23:14:57Z INFO [1255/3744] a92dd486-c699-4696-912d-aab5f928640b: 31 internal nodes; 0.9 s; peak memory 980 MiB.
2026-10-08T23:14:58Z INFO [1256/3744] a92dd8d5-f85f-426d-92cf-b82ecd1eecdc: 27 internal nodes; 0.7 s; peak memory 980 MiB.
2026-10-08T23:14:59Z INFO [1257/3744] a92dd9e7-5cd0-4562-8a24-849fad1c0a9f: 27 internal nodes; 0.6 s; peak memory 980 MiB.
2026-10-08T23:15:00Z INFO [1258/3744] a92f9976-320f-4493-bcf0-f259cc7002b4: 41 internal nodes; 1.0 s; peak memory 980 MiB.
2026-10-08T23:15:00Z INFO [1259/3744] a92ff11d-251e-44ed-af0a-aa3bca7dd409: 27 internal nodes; 0.6 s; peak memory 980 MiB.
2026-10-08T23:15:01Z INFO [1260/3744] a930b5f3-ac2d-4606-a5bb-ccb44488f6ab: 31 internal nodes; 0.8 s; peak memory 980 MiB.
2026-10-08T23:15:35Z INFO [1261/3744] a930bb36-4e47-4158-bc61-6d4a8e77ec9b: 299 internal nodes; 33.5 s; peak memory 1150 MiB.
2026-10-08T23:15:36Z INFO [1262/3744] a930ec94-b773-4e7d-aae2-1930985244be: 29 internal nodes; 1.2 s; peak memory 1150 MiB.
2026-10-08T23:15:36Z INFO [1263/3744] a930f342-79bd-4968-906b-f4bac0594658: 17 internal nodes; 0.7 s; peak memory 1150 MiB.
2026-10-08T23:15:37Z INFO [1264/3744] a931f349-979c-4c86-8a0a-07caab9ff6a3: 11 internal nodes; 0.6 s; peak memory 1150 MiB.
2026-10-08T23:15:37Z INFO [1265/3744] a9348ebb-ba94-4e45-bd36-8ac818e6d7f0: 11 internal nodes; 0.4 s; peak memory 1150 MiB.
2026-10-08T23:15:42Z INFO [1266/3744] a9366bc7-9371-4aa4-92f3-961304f1b90c: 143 internal nodes; 4.6 s; peak memory 1150 MiB.
2026-10-08T23:15:42Z INFO [1267/3744] a93703b9-2006-4176-a375-feaf130e03f3: 11 internal nodes; 0.4 s; peak memory 1150 MiB.
2026-10-08T23:15:43Z INFO [1268/3744] a9371a56-adc1-4883-aa6b-7d70c02aa88a: 31 internal nodes; 1.1 s; peak memory 1150 MiB.
2026-10-08T23:15:44Z INFO [1269/3744] a9377c87-c0d5-4c48-8a67-4c80bd3e08c9: 115 internal nodes; 0.6 s; peak memory 1150 MiB.
2026-10-08T23:15:45Z INFO [1270/3744] a938219e-ebbe-47db-91df-13dd817436dd: 19 internal nodes; 0.6 s; peak memory 1150 MiB.
2026-10-08T23:15:45Z INFO [1271/3744] a9385592-a61a-4272-b41f-22da01b8a819: 26 internal nodes; 0.5 s; peak memory 1150 MiB.
2026-10-08T23:15:46Z INFO [1272/3744] a938ab89-7a47-41ef-b70e-a3fe9b18917a: 17 internal nodes; 0.6 s; peak memory 1150 MiB.
2026-10-08T23:15:51Z INFO [1273/3744] a9391616-88a3-4125-8f96-9a3280de9bc9: 177 internal nodes; 4.9 s; peak memory 1150 MiB.
2026-10-08T23:15:52Z INFO [1274/3744] a9393bd4-e992-47f4-a2f2-852af9c541d0: 40 internal nodes; 0.9 s; peak memory 1150 MiB.
2026-10-08T23:15:52Z INFO [1275/3744] a939ed60-d69a-4437-890b-5c81a2c8560b: 27 internal nodes; 0.8 s; peak memory 1150 MiB.
2026-10-08T23:15:54Z INFO [1276/3744] a93a242d-eaf3-4b6c-a251-270b6603636e: 44 internal nodes; 1.8 s; peak memory 1150 MiB.
2026-10-08T23:15:55Z INFO [1277/3744] a93b0eef-d6c9-4bc2-ae52-115eb0906a5b: 17 internal nodes; 0.6 s; peak memory 1150 MiB.
2026-10-08T23:15:55Z INFO [1278/3744] a93c060c-1161-4d57-af82-eb54da6b9581: 27 internal nodes; 0.7 s; peak memory 1150 MiB.
2026-10-08T23:15:56Z INFO [1279/3744] a93c82c9-a8a5-4183-b01a-6c975a3d2bc8: 17 internal nodes; 0.7 s; peak memory 1150 MiB.
2026-10-08T23:15:57Z INFO [1280/3744] a93d5058-d7e2-46dd-990a-75f042d53648: 11 internal nodes; 0.5 s; peak memory 1150 MiB.
2026-10-08T23:15:57Z INFO [1281/3744] a93e4745-4659-4de5-aa81-43df23bffa31: 17 internal nodes; 0.6 s; peak memory 1150 MiB.
2026-10-08T23:15:59Z INFO [1282/3744] a93ee509-433b-417b-85ee-18fbc38e82a6: 38 internal nodes; 1.9 s; peak memory 1150 MiB.
2026-10-08T23:16:00Z INFO [1283/3744] a93f2f04-b982-4521-9a28-83225ef29f76: 31 internal nodes; 1.1 s; peak memory 1150 MiB.
2026-10-08T23:16:01Z INFO [1284/3744] a93fb63d-6243-41ca-a913-ad311673d839: 27 internal nodes; 0.8 s; peak memory 1150 MiB.
2026-10-08T23:16:02Z INFO [1285/3744] a941184d-944c-4939-9f2a-8cfe9f0f01f5: 27 internal nodes; 0.9 s; peak memory 1150 MiB.
2026-10-08T23:16:15Z INFO [1286/3744] a94139f7-d6e2-41e9-8509-e75a8763ffd1: 570 internal nodes; 13.4 s; peak memory 1150 MiB.
2026-10-08T23:16:16Z INFO [1287/3744] a94160e3-e16c-4de3-a06c-a848985bb574: 90 internal nodes; 0.8 s; peak memory 1150 MiB.
2026-10-08T23:16:16Z INFO [1288/3744] a9421a7a-9c1d-409d-9b41-e68de68a9ed5: 26 internal nodes; 0.4 s; peak memory 1150 MiB.
2026-10-08T23:16:17Z INFO [1289/3744] a9424959-19f0-4c47-82c0-27f104ac7bd7: 19 internal nodes; 0.8 s; peak memory 1150 MiB.
2026-10-08T23:16:18Z INFO [1290/3744] a942c4b1-bde1-4849-8379-966e9fe907e9: 17 internal nodes; 0.7 s; peak memory 1150 MiB.
2026-10-08T23:16:18Z INFO [1291/3744] a944525c-93db-4815-a82a-5a1bf5bda1b7: 13 internal nodes; 0.4 s; peak memory 1150 MiB.
2026-10-08T23:16:19Z INFO [1292/3744] a945d8e1-d354-4c7f-9ca0-9912ffff8990: 27 internal nodes; 0.7 s; peak memory 1150 MiB.
2026-10-08T23:16:20Z INFO [1293/3744] a945e1de-ca25-4576-a1c0-12ae351c7d33: 17 internal nodes; 0.8 s; peak memory 1150 MiB.
2026-10-08T23:16:20Z INFO [1294/3744] a947462e-6f61-4150-bb85-3cb154746abf: 19 internal nodes; 0.6 s; peak memory 1150 MiB.
2026-10-08T23:16:22Z INFO [1295/3744] a947afe4-3c02-4d33-9422-dbb189f84bbd: 95 internal nodes; 1.1 s; peak memory 1150 MiB.
2026-10-08T23:16:22Z INFO [1296/3744] a9484288-a9eb-4c37-8eb1-8a7d5a2fbdec: 27 internal nodes; 0.8 s; peak memory 1150 MiB.
2026-10-08T23:16:23Z INFO [1297/3744] a9486bca-c5d3-4d7c-85e8-7089af2b745f: 27 internal nodes; 0.6 s; peak memory 1150 MiB.
2026-10-08T23:16:24Z INFO [1298/3744] a948f6a8-8379-40df-b0df-c486c70ec35e: 27 internal nodes; 0.7 s; peak memory 1150 MiB.
2026-10-08T23:16:25Z INFO [1299/3744] a949e414-65d5-415b-a086-c25c5748eb90: 31 internal nodes; 0.8 s; peak memory 1150 MiB.
2026-10-08T23:16:25Z INFO [1300/3744] a94a055d-192f-45f1-989b-eaa47ff7a239: 26 internal nodes; 1.0 s; peak memory 1150 MiB.
2026-10-08T23:16:26Z INFO [1300/3744] a94a055d-192f-45f1-989b-eaa47ff7a239: checkpointed 128370 new records.
2026-10-08T23:16:27Z INFO [1301/3744] a94a89c4-0fa8-44f5-a425-351a6e0a0873: 28 internal nodes; 1.1 s; peak memory 1150 MiB.
2026-10-08T23:16:27Z INFO [1302/3744] a94b29bb-6c33-4553-94d8-8a724b64b83c: 26 internal nodes; 0.4 s; peak memory 1150 MiB.
2026-10-08T23:16:32Z INFO [1303/3744] a94b4674-d34d-4094-8cde-d8c39c81229c: 73 internal nodes; 4.4 s; peak memory 1150 MiB.
2026-10-08T23:16:32Z INFO [1304/3744] a94c4d64-0a2d-42f1-8535-7a9ead45bd2e: 24 internal nodes; 0.6 s; peak memory 1150 MiB.
2026-10-08T23:16:34Z INFO [1305/3744] a94c55e1-338c-4ce6-9ee8-42719b599d89: 24 internal nodes; 1.2 s; peak memory 1150 MiB.
2026-10-08T23:16:51Z INFO [1306/3744] a94d12cd-0a63-4b6b-b29a-78d450202dbd: 136 internal nodes; 17.4 s; peak memory 1150 MiB.
2026-10-08T23:16:52Z INFO [1307/3744] a94d5f69-7436-4e4b-a17c-32215d1f6f7c: 27 internal nodes; 0.6 s; peak memory 1150 MiB.
2026-10-08T23:16:52Z INFO [1308/3744] a94e6a1e-f4c8-4a5c-9712-04b17c454c58: 22 internal nodes; 0.5 s; peak memory 1150 MiB.
2026-10-08T23:16:52Z INFO [1309/3744] a94e9e2b-b3c7-4999-974d-3d7d783088e7: 26 internal nodes; 0.4 s; peak memory 1150 MiB.
2026-10-08T23:16:53Z INFO [1310/3744] a94f6237-e40e-4cfc-9784-1df905e4dd50: 31 internal nodes; 0.8 s; peak memory 1150 MiB.
2026-10-08T23:16:54Z INFO [1311/3744] a95007fa-a79e-4dfb-b7ed-e80f8e84ff5e: 17 internal nodes; 0.7 s; peak memory 1150 MiB.
2026-10-08T23:16:56Z INFO [1312/3744] a9514c98-ced7-40f7-a9ed-fb1c6996ab88: 69 internal nodes; 1.6 s; peak memory 1150 MiB.
2026-10-08T23:16:56Z INFO [1313/3744] a9525f27-b7f0-48be-bf20-ef25e237b0fe: 27 internal nodes; 0.9 s; peak memory 1150 MiB.
2026-10-08T23:16:58Z INFO [1314/3744] a95301ff-30d6-4590-9a33-f8a3a9c05748: 56 internal nodes; 1.2 s; peak memory 1150 MiB.
2026-10-08T23:16:59Z INFO [1315/3744] a9530918-0489-42f2-8e14-bbbfe2f98150: 47 internal nodes; 1.5 s; peak memory 1150 MiB.
2026-10-08T23:17:07Z INFO [1316/3744] a9537087-161e-4989-a8be-edaf9ecacf6c: 114 internal nodes; 7.8 s; peak memory 1150 MiB.
2026-10-08T23:17:08Z INFO [1317/3744] a95444e7-189b-499a-b5ef-3e7f48888acb: 27 internal nodes; 1.0 s; peak memory 1150 MiB.
2026-10-08T23:17:11Z INFO [1318/3744] a954dbd6-0d90-4017-a118-683ee320bf35: 107 internal nodes; 3.3 s; peak memory 1150 MiB.
2026-10-08T23:17:12Z INFO [1319/3744] a955f2f0-15cc-49b5-baaf-b713330c78e5: 17 internal nodes; 0.7 s; peak memory 1150 MiB.
2026-10-08T23:17:12Z INFO [1320/3744] a95711bf-2f14-4b7c-bd62-5eb21ef02e7e: 17 internal nodes; 0.6 s; peak memory 1150 MiB.
2026-10-08T23:17:13Z INFO [1321/3744] a9589042-66db-442d-ac6b-5cded7660c77: 17 internal nodes; 0.8 s; peak memory 1150 MiB.
2026-10-08T23:17:14Z INFO [1322/3744] a959881f-5008-4388-b401-6a2ce9e0bb1a: 17 internal nodes; 0.8 s; peak memory 1150 MiB.
2026-10-08T23:17:22Z INFO [1323/3744] a959bbdb-73eb-4fa6-b280-8990cd2506a4: 2449 internal nodes; 7.5 s; peak memory 1150 MiB.
2026-10-08T23:17:22Z INFO [1324/3744] a95a2ecb-1b89-4cc4-baf8-3298e721bd1a: 31 internal nodes; 0.7 s; peak memory 1150 MiB.
2026-10-08T23:17:24Z INFO [1325/3744] a95c40de-3479-4414-b0a5-17e35c502c35: 45 internal nodes; 1.8 s; peak memory 1150 MiB.
2026-10-08T23:17:25Z INFO [1326/3744] a95ccdf4-3ab2-4730-ade5-6f8fb71a09fb: 17 internal nodes; 0.7 s; peak memory 1150 MiB.
2026-10-08T23:17:26Z INFO [1327/3744] a95e7796-cf89-45b7-846f-15e6b0086ae4: 19 internal nodes; 0.7 s; peak memory 1150 MiB.
2026-10-08T23:17:26Z INFO [1328/3744] a95eadcf-7738-4b72-b224-77c2a109e8f5: 18 internal nodes; 0.5 s; peak memory 1150 MiB.
2026-10-08T23:17:27Z INFO [1329/3744] a95f7a83-6522-4a82-a56e-3c733b177ae9: 20 internal nodes; 1.2 s; peak memory 1150 MiB.
2026-10-08T23:17:28Z INFO [1330/3744] a95fbcad-4046-4f13-907e-ae22c8e9e566: 17 internal nodes; 0.5 s; peak memory 1150 MiB.
2026-10-08T23:17:29Z INFO [1331/3744] a960b56a-34f0-4696-a5a7-31b722e1f579: 31 internal nodes; 1.2 s; peak memory 1150 MiB.
2026-10-08T23:17:30Z INFO [1332/3744] a960fb41-d7a2-488b-a4ab-1fa5c2091f2f: 21 internal nodes; 0.8 s; peak memory 1150 MiB.
2026-10-08T23:17:30Z INFO [1333/3744] a9618b33-16a5-4688-b730-867bdcaa1076: 17 internal nodes; 0.8 s; peak memory 1150 MiB.
2026-10-08T23:17:36Z INFO [1334/3744] a963facd-0bbd-4457-a3a2-7ec954756715: 229 internal nodes; 6.0 s; peak memory 1150 MiB.
2026-10-08T23:17:38Z INFO [1335/3744] a9642a44-f4fa-49b1-b88d-d267bb428b4b: 44 internal nodes; 1.9 s; peak memory 1150 MiB.
2026-10-08T23:17:39Z INFO [1336/3744] a9653977-3b59-48cd-8ffe-9bf7b44bd1c6: 31 internal nodes; 0.7 s; peak memory 1150 MiB.
2026-10-08T23:17:40Z INFO [1337/3744] a9654d19-e910-4ca4-be47-c1ae78f59a3d: 27 internal nodes; 1.0 s; peak memory 1150 MiB.
2026-10-08T23:17:41Z INFO [1338/3744] a965c124-56be-4a99-8f91-65eca67c7647: 13 internal nodes; 0.6 s; peak memory 1150 MiB.
2026-10-08T23:17:42Z INFO [1339/3744] a965ce3f-b473-472d-bf4f-65bec1a9fbf1: 67 internal nodes; 1.2 s; peak memory 1150 MiB.
2026-10-08T23:17:43Z INFO [1340/3744] a9667b23-1695-4859-9433-f41f2f5da748: 31 internal nodes; 0.8 s; peak memory 1150 MiB.
2026-10-08T23:17:43Z INFO [1341/3744] a9673dfd-2b2c-4389-8cf1-8166605924c4: 27 internal nodes; 0.7 s; peak memory 1150 MiB.
2026-10-08T23:17:45Z INFO [1342/3744] a9676581-c9ef-460e-8bdc-8ef6e4767910: 118 internal nodes; 1.2 s; peak memory 1150 MiB.
2026-10-08T23:17:46Z INFO [1343/3744] a967efeb-41d4-40ff-9e3f-5877aa4e9d65: 66 internal nodes; 1.5 s; peak memory 1150 MiB.
2026-10-08T23:17:47Z INFO [1344/3744] a967f403-2f3d-4936-8ec4-1f6008abdf19: 17 internal nodes; 0.6 s; peak memory 1150 MiB.
2026-10-08T23:17:52Z INFO [1345/3744] a968776c-1b7e-4bc9-8839-615024a01a04: 222 internal nodes; 5.3 s; peak memory 1150 MiB.
2026-10-08T23:17:53Z INFO [1346/3744] a968c601-6565-4680-b352-1c0afd089dd7: 27 internal nodes; 0.7 s; peak memory 1150 MiB.
2026-10-08T23:17:54Z INFO [1347/3744] a9697136-7ed2-466f-afa0-c9d7c03265d1: 67 internal nodes; 1.1 s; peak memory 1150 MiB.
2026-10-08T23:17:55Z INFO [1348/3744] a9699c1a-a375-4629-8386-248827e39aaa: 27 internal nodes; 1.0 s; peak memory 1150 MiB.
2026-10-08T23:17:57Z INFO [1349/3744] a969b009-edb4-46ea-a238-f242148c6a04: 245 internal nodes; 2.6 s; peak memory 1150 MiB.
2026-10-08T23:18:05Z INFO [1350/3744] a96c1b65-4327-4df6-9a98-1aba839f0a21: 260 internal nodes; 7.8 s; peak memory 1150 MiB.
2026-10-08T23:18:06Z INFO [1350/3744] a96c1b65-4327-4df6-9a98-1aba839f0a21: checkpointed 128420 new records.
2026-10-08T23:18:07Z INFO [1351/3744] a96c4bcc-d8f3-4385-9191-d14c8e1f0069: 37 internal nodes; 1.4 s; peak memory 1150 MiB.
2026-10-08T23:18:08Z INFO [1352/3744] a96c57da-1ac4-4c07-a7db-08d1ab34dd91: 17 internal nodes; 0.7 s; peak memory 1150 MiB.
2026-10-08T23:18:08Z INFO [1353/3744] a96c95f1-e29e-4dbd-b320-126c080c9854: 27 internal nodes; 0.6 s; peak memory 1150 MiB.
2026-10-08T23:18:09Z INFO [1354/3744] a96d82e5-d7e3-42df-abe6-fda987731838: 27 internal nodes; 0.9 s; peak memory 1150 MiB.
2026-10-08T23:18:10Z INFO [1355/3744] a96db157-93cf-4e16-b7a0-55c55e3ba187: 115 internal nodes; 0.8 s; peak memory 1150 MiB.
2026-10-08T23:18:11Z INFO [1356/3744] a96e52c9-0035-428a-b8fc-35f3920935e3: 31 internal nodes; 0.9 s; peak memory 1150 MiB.
2026-10-08T23:18:12Z INFO [1357/3744] a96ff072-53a0-42f9-8444-91b337399389: 23 internal nodes; 0.9 s; peak memory 1150 MiB.
2026-10-08T23:18:19Z INFO [1358/3744] a970666b-90bb-4b31-9f95-7172581c052b: 235 internal nodes; 7.1 s; peak memory 1150 MiB.
2026-10-08T23:18:23Z INFO [1359/3744] a970d12a-63bd-4134-9ff2-6396462f62d3: 177 internal nodes; 4.3 s; peak memory 1150 MiB.
2026-10-08T23:18:24Z INFO [1360/3744] a970fb58-9a46-4253-bbb8-f00fd51c7647: 27 internal nodes; 0.8 s; peak memory 1150 MiB.
2026-10-08T23:18:25Z INFO [1361/3744] a971b15a-ccba-4213-a146-38ac3100bf32: 31 internal nodes; 0.9 s; peak memory 1150 MiB.
2026-10-08T23:18:26Z INFO [1362/3744] a971b969-a7f0-462a-b47a-f18e9a94e507: 44 internal nodes; 1.2 s; peak memory 1150 MiB.
2026-10-08T23:18:27Z INFO [1363/3744] a971dc0b-8544-4864-8f2f-9c47c82a8fdf: 25 internal nodes; 1.1 s; peak memory 1150 MiB.
2026-10-08T23:18:28Z INFO [1364/3744] a9724c83-18cd-45f6-8c4b-98bfceb9360a: 27 internal nodes; 0.9 s; peak memory 1150 MiB.
2026-10-08T23:18:29Z INFO [1365/3744] a9727447-74af-4abc-9f19-7a0d7b19ae9d: 27 internal nodes; 0.9 s; peak memory 1150 MiB.
2026-10-08T23:18:30Z INFO [1366/3744] a973094f-f617-4cd6-8519-da53a3ce7063: 13 internal nodes; 0.6 s; peak memory 1150 MiB.
2026-10-08T23:18:34Z INFO [1367/3744] a9738c4a-ea3e-4570-8c68-468b0763dd3c: 73 internal nodes; 4.6 s; peak memory 1150 MiB.
2026-10-08T23:18:35Z INFO [1368/3744] a973f076-164a-413a-918e-c7780a9e9bb4: 58 internal nodes; 0.9 s; peak memory 1150 MiB.
2026-10-08T23:18:37Z INFO [1369/3744] a974167b-440f-42f9-92f6-aebf63521395: 47 internal nodes; 1.7 s; peak memory 1150 MiB.
2026-10-08T23:18:38Z INFO [1370/3744] a974d25a-e421-4572-b6a5-a2f69a246139: 17 internal nodes; 0.8 s; peak memory 1150 MiB.
2026-10-08T23:18:39Z INFO [1371/3744] a974f281-a33a-4c86-b508-83800a7e975a: 27 internal nodes; 1.0 s; peak memory 1150 MiB.
2026-10-08T23:18:46Z INFO [1372/3744] a976b3c4-3144-41c9-a758-b8126c379c86: 1580 internal nodes; 7.4 s; peak memory 1150 MiB.
2026-10-08T23:18:48Z INFO [1373/3744] a977117e-f9f9-4a4c-948c-5bf945fbbf81: 45 internal nodes; 1.8 s; peak memory 1150 MiB.
2026-10-08T23:18:49Z INFO [1374/3744] a977b221-54ea-470b-83f3-457ab2ef61a7: 44 internal nodes; 1.4 s; peak memory 1150 MiB.
2026-10-08T23:18:50Z INFO [1375/3744] a978287f-d43d-421e-8f42-b16da8b62e5e: 19 internal nodes; 1.0 s; peak memory 1150 MiB.
2026-10-08T23:18:51Z INFO [1376/3744] a978f102-2dfc-4f8a-8cdb-f32be3905834: 31 internal nodes; 0.8 s; peak memory 1150 MiB.
2026-10-08T23:18:52Z INFO [1377/3744] a97980cf-45de-4cf3-8e56-078a33631903: 53 internal nodes; 0.8 s; peak memory 1150 MiB.
2026-10-08T23:18:52Z INFO [1378/3744] a97a0691-157b-4aa4-8064-eade455af756: 19 internal nodes; 0.6 s; peak memory 1150 MiB.
2026-10-08T23:18:54Z INFO [1379/3744] a97ab86c-039d-454d-9d2a-7edc1f8513d3: 31 internal nodes; 1.1 s; peak memory 1150 MiB.
2026-10-08T23:18:55Z INFO [1380/3744] a97b6df6-4adb-4c0e-838f-f96cdb8a01d7: 25 internal nodes; 1.0 s; peak memory 1150 MiB.
2026-10-08T23:18:57Z INFO [1381/3744] a97ba80d-94a3-4168-a2ff-e502d41283ed: 46 internal nodes; 2.3 s; peak memory 1150 MiB.
2026-10-08T23:18:58Z INFO [1382/3744] a97bbf40-2a41-4652-a046-8b6c209f239c: 27 internal nodes; 0.9 s; peak memory 1150 MiB.
2026-10-08T23:18:58Z INFO [1383/3744] a97c10b9-ef46-4bef-979d-52671a9b7e10: 17 internal nodes; 0.6 s; peak memory 1150 MiB.
2026-10-08T23:18:59Z INFO [1384/3744] a97c42bb-351a-49df-8a24-c9969cddcc37: 17 internal nodes; 0.7 s; peak memory 1150 MiB.
2026-10-08T23:19:00Z INFO [1385/3744] a97cea1a-81af-4c9b-9dff-4019f7cde87a: 17 internal nodes; 0.6 s; peak memory 1150 MiB.
2026-10-08T23:19:00Z INFO [1386/3744] a97d943a-38d9-4ea0-af72-09312edc2813: 13 internal nodes; 0.6 s; peak memory 1150 MiB.
2026-10-08T23:19:01Z INFO [1387/3744] a97d997c-ccf8-4565-81b6-364c7011a8a9: 27 internal nodes; 1.0 s; peak memory 1150 MiB.
2026-10-08T23:19:02Z INFO [1388/3744] a97df554-9fb7-4244-812d-c3ac3fd929d0: 27 internal nodes; 0.7 s; peak memory 1150 MiB.
2026-10-08T23:19:03Z INFO [1389/3744] a97e6753-6f10-4349-af4b-854ffcc91426: 27 internal nodes; 0.8 s; peak memory 1150 MiB.
2026-10-08T23:19:03Z INFO [1390/3744] a97e86ad-798b-4623-b7cf-22c11798b24f: 24 internal nodes; 0.8 s; peak memory 1150 MiB.
2026-10-08T23:19:04Z INFO [1391/3744] a97f2b3d-3391-454e-9a40-e216c7178c64: 27 internal nodes; 0.8 s; peak memory 1150 MiB.
2026-10-08T23:19:09Z INFO [1392/3744] a97f2eda-61e2-434f-935a-1d29b201fc56: 148 internal nodes; 4.7 s; peak memory 1150 MiB.
2026-10-08T23:19:10Z INFO [1393/3744] a97f7a20-dc25-404d-95c8-0383572b29a3: 27 internal nodes; 0.8 s; peak memory 1150 MiB.
2026-10-08T23:19:11Z INFO [1394/3744] a97fb876-98fe-4dbd-aeff-d8c4bb03dd76: 27 internal nodes; 0.9 s; peak memory 1150 MiB.
2026-10-08T23:19:12Z INFO [1395/3744] a97ffe7f-e855-4f8e-9ed3-1e8768383a38: 26 internal nodes; 1.1 s; peak memory 1150 MiB.
2026-10-08T23:19:12Z INFO [1396/3744] a98026d1-9613-40d0-9501-37665a440d0e: 17 internal nodes; 0.6 s; peak memory 1150 MiB.
2026-10-08T23:19:14Z INFO [1397/3744] a9807f75-0f5b-47d0-b6be-f42e8d634725: 44 internal nodes; 2.1 s; peak memory 1150 MiB.
2026-10-08T23:19:15Z INFO [1398/3744] a980f266-894f-41a6-8511-948106b3916b: 27 internal nodes; 0.7 s; peak memory 1150 MiB.
2026-10-08T23:19:16Z INFO [1399/3744] a9837b6b-7f65-4ff5-a655-ce6539545f9c: 31 internal nodes; 0.9 s; peak memory 1150 MiB.
2026-10-08T23:19:17Z INFO [1400/3744] a983bc3f-53ef-4214-a6c5-5c7f79980bb9: 18 internal nodes; 1.0 s; peak memory 1150 MiB.
2026-10-08T23:19:17Z INFO [1400/3744] a983bc3f-53ef-4214-a6c5-5c7f79980bb9: checkpointed 128470 new records.
2026-10-08T23:19:19Z INFO [1401/3744] a9840a32-c87b-43d8-a760-7fa5a7030608: 31 internal nodes; 1.4 s; peak memory 1150 MiB.
2026-10-08T23:19:19Z INFO [1402/3744] a98466ba-29cb-416e-936e-62a4145e12ac: 17 internal nodes; 0.7 s; peak memory 1150 MiB.
2026-10-08T23:19:20Z INFO [1403/3744] a984783f-21ba-4280-8b56-66e8431ec65f: 17 internal nodes; 0.8 s; peak memory 1150 MiB.
2026-10-08T23:19:23Z INFO [1404/3744] a984b0ef-808c-4454-a5c8-5590905f4576: 46 internal nodes; 2.4 s; peak memory 1150 MiB.
2026-10-08T23:19:29Z INFO [1405/3744] a984bbd8-00d3-4925-b2ba-b58fa30285d1: 216 internal nodes; 6.7 s; peak memory 1150 MiB.
2026-10-08T23:19:36Z INFO [1406/3744] a984d96a-e08c-4f23-8b80-58fdfeeb6143: 61 internal nodes; 6.5 s; peak memory 1150 MiB.
2026-10-08T23:19:36Z INFO [1407/3744] a985899a-221e-41d0-a4cd-3d1bf28f2c69: 18 internal nodes; 0.6 s; peak memory 1150 MiB.
2026-10-08T23:19:37Z INFO [1408/3744] a985c942-65d1-4b36-9e3c-60f6c40aee83: 27 internal nodes; 0.8 s; peak memory 1150 MiB.
2026-10-08T23:19:38Z INFO [1409/3744] a985fd8d-600f-49be-a53b-f50bf048db6b: 17 internal nodes; 0.7 s; peak memory 1150 MiB.
2026-10-08T23:19:39Z INFO [1410/3744] a98602b2-b347-4168-8d73-e6767c504416: 24 internal nodes; 0.9 s; peak memory 1150 MiB.
2026-10-08T23:19:39Z INFO [1411/3744] a9862b77-69a2-4f2f-b569-b4a949e8183a: 17 internal nodes; 0.6 s; peak memory 1150 MiB.
2026-10-08T23:19:40Z INFO [1412/3744] a987e33f-1534-4c0f-8698-b2bf124c576c: 13 internal nodes; 0.5 s; peak memory 1150 MiB.
2026-10-08T23:19:41Z INFO [1413/3744] a988414c-690d-4543-bcc2-720c89162bd5: 27 internal nodes; 0.7 s; peak memory 1150 MiB.
2026-10-08T23:19:42Z INFO [1414/3744] a988d224-e104-42d1-896c-ac0d204fdd6a: 17 internal nodes; 0.9 s; peak memory 1150 MiB.
2026-10-08T23:19:42Z INFO [1415/3744] a98a919c-b03a-4546-ad0e-287e38e97842: 11 internal nodes; 0.6 s; peak memory 1150 MiB.
2026-10-08T23:19:43Z INFO [1416/3744] a98abb1b-a962-4c9d-aa3b-93f662a40c50: 26 internal nodes; 0.9 s; peak memory 1150 MiB.
2026-10-08T23:19:44Z INFO [1417/3744] a98b37a1-910d-43a8-9267-8625e0d285b5: 60 internal nodes; 1.0 s; peak memory 1150 MiB.
2026-10-08T23:19:46Z INFO [1418/3744] a98be729-d46f-40d4-80e4-4ad421612822: 44 internal nodes; 1.7 s; peak memory 1150 MiB.
2026-10-08T23:19:53Z INFO [1419/3744] a98c22ea-0361-4136-9e8e-8adfe77ea3dd: 67 internal nodes; 6.8 s; peak memory 1150 MiB.
2026-10-08T23:19:54Z INFO [1420/3744] a98e0942-69a4-4ad4-8d97-5e02ecad152a: 31 internal nodes; 1.2 s; peak memory 1150 MiB.
2026-10-08T23:19:55Z INFO [1421/3744] a98e3301-d45a-4f7c-9ef3-c8e891c071c0: 25 internal nodes; 0.8 s; peak memory 1150 MiB.
2026-10-08T23:19:56Z INFO [1422/3744] a98e5bd5-c890-421d-90b8-019cab56c6c9: 42 internal nodes; 1.6 s; peak memory 1150 MiB.
2026-10-08T23:19:57Z INFO [1423/3744] a98ecd66-becd-4de3-9114-5de2a8a1c04a: 17 internal nodes; 0.7 s; peak memory 1150 MiB.
2026-10-08T23:19:58Z INFO [1424/3744] a98ed7f3-fccf-44d6-b086-2c5bf2ea80d7: 27 internal nodes; 1.0 s; peak memory 1150 MiB.
2026-10-08T23:19:59Z INFO [1425/3744] a98ee8a0-afe2-43a7-b4d1-ce139510eef3: 69 internal nodes; 1.1 s; peak memory 1150 MiB.
2026-10-08T23:20:00Z INFO [1426/3744] a98eed8b-328c-45ec-b375-2bbaf1887668: 19 internal nodes; 0.9 s; peak memory 1150 MiB.
2026-10-08T23:20:01Z INFO [1427/3744] a98f1d86-21a7-4af0-9a50-4567e2e52544: 17 internal nodes; 0.7 s; peak memory 1150 MiB.
2026-10-08T23:20:01Z INFO [1428/3744] a98f6241-fe79-4d49-8c3d-297cf7cff111: 13 internal nodes; 0.7 s; peak memory 1150 MiB.
2026-10-08T23:20:02Z INFO [1429/3744] a98fb689-a877-40a9-b27e-5b2f2cedaa8c: 29 internal nodes; 1.1 s; peak memory 1150 MiB.
2026-10-08T23:20:03Z INFO [1430/3744] a98fee7a-b1b4-41a8-bb9c-bc47f5cd4b65: 18 internal nodes; 0.9 s; peak memory 1150 MiB.
2026-10-08T23:20:05Z INFO [1431/3744] a990d392-d0d9-4179-b2c5-d3c297946cfe: 65 internal nodes; 1.4 s; peak memory 1150 MiB.
2026-10-08T23:20:06Z INFO [1432/3744] a990f683-5bf6-4e59-a603-f47f6f648316: 27 internal nodes; 1.1 s; peak memory 1150 MiB.
2026-10-08T23:20:07Z INFO [1433/3744] a99111ef-d6ef-488a-8546-0b2d8e2fea5e: 17 internal nodes; 1.0 s; peak memory 1150 MiB.
2026-10-08T23:20:08Z INFO [1434/3744] a992c1bc-82e4-4931-90f2-9e984782723a: 27 internal nodes; 0.7 s; peak memory 1150 MiB.
2026-10-08T23:20:09Z INFO [1435/3744] a992daf8-0e7c-4747-9f30-2d7435e69fab: 55 internal nodes; 1.1 s; peak memory 1150 MiB.
2026-10-08T23:20:10Z INFO [1436/3744] a993324b-b411-4947-b31d-fe8334c76647: 50 internal nodes; 1.3 s; peak memory 1150 MiB.
2026-10-08T23:20:11Z INFO [1437/3744] a99392c4-a959-43d3-ae65-748b115887a6: 56 internal nodes; 1.1 s; peak memory 1150 MiB.
2026-10-08T23:20:12Z INFO [1438/3744] a9939941-2502-4c72-8236-e72d748da501: 63 internal nodes; 0.9 s; peak memory 1150 MiB.
2026-10-08T23:20:13Z INFO [1439/3744] a994b754-bc72-491d-9437-1507d68b68ee: 55 internal nodes; 1.2 s; peak memory 1150 MiB.
2026-10-08T23:20:14Z INFO [1440/3744] a9959929-a9c9-43ab-b16f-e9beb8918d3b: 31 internal nodes; 0.9 s; peak memory 1150 MiB.
2026-10-08T23:20:18Z INFO [1441/3744] a996fc97-6d07-46e6-b3ba-4c1691045d2a: 70 internal nodes; 3.8 s; peak memory 1150 MiB.
2026-10-08T23:20:19Z INFO [1442/3744] a9975061-067e-4e18-981b-e7d0e3dcbc95: 17 internal nodes; 0.7 s; peak memory 1150 MiB.
2026-10-08T23:20:19Z INFO [1443/3744] a997b7f3-0875-439a-a401-fe169b98fe08: 116 internal nodes; 0.8 s; peak memory 1150 MiB.
2026-10-08T23:20:20Z INFO [1444/3744] a997fc21-3b7b-4edb-9617-117803255a42: 19 internal nodes; 0.7 s; peak memory 1150 MiB.
2026-10-08T23:20:26Z INFO [1445/3744] a9982492-1b87-4a18-bf9d-0fb63239803b: 204 internal nodes; 6.1 s; peak memory 1150 MiB.
2026-10-08T23:20:27Z INFO [1446/3744] a9987866-b5e3-40f7-af0d-67a214fe5b77: 17 internal nodes; 0.6 s; peak memory 1150 MiB.
2026-10-08T23:20:28Z INFO [1447/3744] a998caef-e858-4b3e-886a-14d1dda1c811: 37 internal nodes; 1.1 s; peak memory 1150 MiB.
2026-10-08T23:20:28Z INFO [1448/3744] a998fe10-64f6-4aa7-a7dd-cca14bc3c666: 18 internal nodes; 0.5 s; peak memory 1150 MiB.
2026-10-08T23:20:29Z INFO [1449/3744] a99a00c6-fcb2-4a94-b83e-2cec8ad2fa11: 56 internal nodes; 1.0 s; peak memory 1150 MiB.
2026-10-08T23:20:30Z INFO [1450/3744] a99a9bd6-0a13-4e51-b8d1-160ae8f2c8fa: 19 internal nodes; 0.8 s; peak memory 1150 MiB.
2026-10-08T23:20:30Z INFO [1450/3744] a99a9bd6-0a13-4e51-b8d1-160ae8f2c8fa: checkpointed 128520 new records.
2026-10-08T23:20:38Z INFO [1451/3744] a99ad611-5af1-4709-9a72-9eef3c5d06a8: 21 internal nodes; 7.4 s; peak memory 1150 MiB.
2026-10-08T23:20:39Z INFO [1452/3744] a99b1672-6c74-482f-aa4a-d31e0cf88e09: 37 internal nodes; 1.0 s; peak memory 1150 MiB.
2026-10-08T23:20:45Z INFO [1453/3744] a99b266f-e6ef-4778-ba9e-833a427eed90: 62 internal nodes; 6.2 s; peak memory 1150 MiB.
2026-10-08T23:20:46Z INFO [1454/3744] a99e12ba-4169-4e0e-bf3e-af3b67eaed05: 17 internal nodes; 0.8 s; peak memory 1150 MiB.
2026-10-08T23:20:48Z INFO [1455/3744] a99e52d6-14ef-4917-9bf2-8a83a34ce51c: 54 internal nodes; 1.9 s; peak memory 1150 MiB.
2026-10-08T23:20:49Z INFO [1456/3744] a99eb5dc-24b5-497e-ab3e-ea49a6fe59af: 19 internal nodes; 0.8 s; peak memory 1150 MiB.
2026-10-08T23:20:49Z INFO [1457/3744] a99f5758-b8e1-4c85-815f-aba444c354b6: 19 internal nodes; 0.6 s; peak memory 1150 MiB.
2026-10-08T23:20:50Z INFO [1458/3744] a99fd683-941e-49e9-8224-81bee1484d24: 27 internal nodes; 0.6 s; peak memory 1150 MiB.
2026-10-08T23:20:50Z INFO [1459/3744] a9a1501a-d935-4b66-a00b-ef550dc3f20c: 31 internal nodes; 0.8 s; peak memory 1150 MiB.
2026-10-08T23:20:52Z INFO [1460/3744] a9a1cf7b-c9b5-45d7-b88a-30da26f08cb4: 38 internal nodes; 1.6 s; peak memory 1150 MiB.
2026-10-08T23:20:57Z INFO [1461/3744] a9a307f0-db7e-4513-a466-5d35a58dc5ed: 60 internal nodes; 4.6 s; peak memory 1150 MiB.
2026-10-08T23:20:57Z INFO [1462/3744] a9a357f7-dc6b-49fb-babd-c72ab0b48cd4: 15 internal nodes; 0.5 s; peak memory 1150 MiB.
2026-10-08T23:20:58Z INFO [1463/3744] a9a447c2-0595-494a-ad0e-fb5429333167: 17 internal nodes; 0.6 s; peak memory 1150 MiB.
2026-10-08T23:20:58Z INFO [1464/3744] a9a46f82-8a83-4ae9-ada3-7f5a2f0ec63e: 17 internal nodes; 0.6 s; peak memory 1150 MiB.
2026-10-08T23:20:59Z INFO [1465/3744] a9a4990b-a3e3-41ad-8436-ac7beced57be: 24 internal nodes; 1.0 s; peak memory 1150 MiB.
2026-10-08T23:21:00Z INFO [1466/3744] a9a85707-a0c1-475a-b95f-01265bcfa22a: 17 internal nodes; 0.6 s; peak memory 1150 MiB.
2026-10-08T23:21:01Z INFO [1467/3744] a9a87a33-06cf-4604-b665-6c3a948d9499: 69 internal nodes; 1.1 s; peak memory 1150 MiB.
2026-10-08T23:21:02Z INFO [1468/3744] a9a90e8c-f857-427d-b72e-fb87c7e49ba7: 17 internal nodes; 0.8 s; peak memory 1150 MiB.
2026-10-08T23:21:03Z INFO [1469/3744] a9a9e4a8-77ce-4f7b-ab5c-59bbcd77e8da: 20 internal nodes; 0.9 s; peak memory 1150 MiB.
2026-10-08T23:21:10Z INFO [1470/3744] a9ab2d2a-c37f-4c8f-ab41-f9bf2af52df5: 44 internal nodes; 7.2 s; peak memory 1150 MiB.
2026-10-08T23:21:10Z INFO [1471/3744] a9ab9036-c1b8-4f5d-a139-6d622105270c: 17 internal nodes; 0.7 s; peak memory 1150 MiB.
2026-10-08T23:21:12Z INFO [1472/3744] a9ab98fb-bb7f-4492-92ed-5db441e1fdb7: 61 internal nodes; 1.3 s; peak memory 1150 MiB.
2026-10-08T23:21:14Z INFO [1473/3744] a9abce86-be7d-4451-a4e8-a970c52d31bb: 46 internal nodes; 1.9 s; peak memory 1150 MiB.
2026-10-08T23:21:15Z INFO [1474/3744] a9ac8c88-fbc4-4de2-9afe-7a4da47898f9: 44 internal nodes; 1.6 s; peak memory 1150 MiB.
2026-10-08T23:21:17Z INFO [1475/3744] a9accefd-7887-4f69-87ad-2c461bc6410c: 44 internal nodes; 1.5 s; peak memory 1150 MiB.
2026-10-08T23:21:18Z INFO [1476/3744] a9acfd24-b678-4fe2-8871-8573984896ac: 31 internal nodes; 1.0 s; peak memory 1150 MiB.
2026-10-08T23:21:19Z INFO [1477/3744] a9adcbf0-18cf-47fd-890b-34fe8c2996f7: 17 internal nodes; 0.8 s; peak memory 1150 MiB.
2026-10-08T23:21:20Z INFO [1478/3744] a9aecbc0-085b-48d6-9a5c-b6c8ef638910: 44 internal nodes; 1.9 s; peak memory 1150 MiB.
2026-10-08T23:21:21Z INFO [1479/3744] a9afc9dd-51ed-493d-b8f2-d3183f090682: 116 internal nodes; 0.8 s; peak memory 1150 MiB.
2026-10-08T23:21:25Z INFO [1480/3744] a9b085d1-19cc-4536-bb2f-01949ab00114: 67 internal nodes; 3.5 s; peak memory 1150 MiB.
2026-10-08T23:21:32Z INFO [1481/3744] a9b1fe43-7ea9-47c6-9725-cf3b3f798a93: 330 internal nodes; 7.5 s; peak memory 1150 MiB.
2026-10-08T23:21:33Z INFO [1482/3744] a9b20743-1ded-4af9-89bd-c4e15f7fe48b: 59 internal nodes; 0.8 s; peak memory 1150 MiB.
2026-10-08T23:21:34Z INFO [1483/3744] a9b2a6c6-004f-4f27-9365-f4232071f8d6: 18 internal nodes; 0.8 s; peak memory 1150 MiB.
2026-10-08T23:21:35Z INFO [1484/3744] a9b33659-c58b-4811-87ec-f76bbcc2bc5d: 31 internal nodes; 0.9 s; peak memory 1150 MiB.
2026-10-08T23:21:39Z INFO [1485/3744] a9b33885-b3bc-4ae3-a10e-6590b9febf51: 89 internal nodes; 4.7 s; peak memory 1150 MiB.
2026-10-08T23:21:41Z INFO [1486/3744] a9b35aa6-dc29-4e67-a34d-cdfc7bb8f2a7: 39 internal nodes; 1.7 s; peak memory 1150 MiB.
2026-10-08T23:21:42Z INFO [1487/3744] a9b3b469-eef5-4ad5-9462-2dde7bcf1c1c: 17 internal nodes; 0.8 s; peak memory 1150 MiB.
2026-10-08T23:21:43Z INFO [1488/3744] a9b4ba88-303c-45a0-bb3b-76520ebee8ec: 27 internal nodes; 0.9 s; peak memory 1150 MiB.
2026-10-08T23:21:44Z INFO [1489/3744] a9b4e4aa-0420-4a1d-bd08-26dbb00155f6: 18 internal nodes; 0.8 s; peak memory 1150 MiB.
2026-10-08T23:21:46Z INFO [1490/3744] a9b51c9b-6d10-4246-bdfb-932e5c112b1d: 55 internal nodes; 1.8 s; peak memory 1150 MiB.
2026-10-08T23:21:48Z INFO [1491/3744] a9b5778c-09f3-4190-adc1-22ed7d1f6805: 45 internal nodes; 2.5 s; peak memory 1150 MiB.
2026-10-08T23:21:49Z INFO [1492/3744] a9b5c7ef-ca81-455c-b4af-999cfed78813: 26 internal nodes; 1.3 s; peak memory 1150 MiB.
2026-10-08T23:21:50Z INFO [1493/3744] a9b64a46-7cae-4555-a003-b3305f7b2af6: 13 internal nodes; 0.8 s; peak memory 1150 MiB.
2026-10-08T23:21:54Z INFO [1494/3744] a9b65ea6-9fbd-4f66-aa06-18005ccb6be5: 177 internal nodes; 4.4 s; peak memory 1150 MiB.
2026-10-08T23:21:55Z INFO [1495/3744] a9b6d096-734f-4cfc-91b9-e4eaf3f75e67: 37 internal nodes; 1.0 s; peak memory 1150 MiB.
2026-10-08T23:22:27Z INFO [1496/3744] a9b815c8-8457-4c83-9d9d-86172b94977e: 93 internal nodes; 31.5 s; peak memory 1150 MiB.
2026-10-08T23:22:28Z INFO [1497/3744] a9b85817-b20c-4d30-9069-e633c68bb15a: 36 internal nodes; 1.2 s; peak memory 1150 MiB.
2026-10-08T23:22:29Z INFO [1498/3744] a9b8afb3-cf23-4894-a7e2-06434b955875: 17 internal nodes; 0.7 s; peak memory 1150 MiB.
2026-10-08T23:22:30Z INFO [1499/3744] a9b8b05c-7848-454d-8091-66f1278ed2f4: 31 internal nodes; 0.8 s; peak memory 1150 MiB.
2026-10-08T23:22:31Z INFO [1500/3744] a9ba21c6-fc15-4a0a-b0fb-f554873ac2b8: 25 internal nodes; 1.1 s; peak memory 1150 MiB.
2026-10-08T23:22:31Z INFO [1500/3744] a9ba21c6-fc15-4a0a-b0fb-f554873ac2b8: checkpointed 128570 new records.
2026-10-08T23:22:32Z INFO [1501/3744] a9ba940a-930d-4a1f-b0a3-f77c8e4837a7: 17 internal nodes; 0.6 s; peak memory 1150 MiB.
2026-10-08T23:22:32Z INFO [1502/3744] a9bad177-1b78-45ee-a91a-0f8753bd57e8: 17 internal nodes; 0.8 s; peak memory 1150 MiB.
2026-10-08T23:22:33Z INFO [1503/3744] a9bbb553-be91-4e27-8637-70cc1a9244c4: 26 internal nodes; 0.6 s; peak memory 1150 MiB.
2026-10-08T23:22:34Z INFO [1504/3744] a9bbd4f5-5111-40cc-88da-d9c8fe7086cf: 37 internal nodes; 1.1 s; peak memory 1150 MiB.
2026-10-08T23:22:35Z INFO [1505/3744] a9bc234f-83b7-476e-8f66-bde0e9c72d5e: 27 internal nodes; 0.8 s; peak memory 1150 MiB.
2026-10-08T23:22:37Z INFO [1506/3744] a9bc52f4-7430-40ee-9bc4-0eb2e31930d1: 46 internal nodes; 2.4 s; peak memory 1150 MiB.
2026-10-08T23:22:38Z INFO [1507/3744] a9bd172a-ef8e-44ae-bcfb-2bd09d683015: 13 internal nodes; 0.5 s; peak memory 1150 MiB.
2026-10-08T23:22:43Z INFO [1508/3744] a9bd3fc8-2fa8-4313-9e14-a8711d2aea49: 204 internal nodes; 5.4 s; peak memory 1150 MiB.
2026-10-08T23:22:44Z INFO [1509/3744] a9bd73be-c8bf-4aa1-bb62-922bc338a053: 12 internal nodes; 0.5 s; peak memory 1150 MiB.
2026-10-08T23:22:47Z INFO [1510/3744] a9bde538-e683-46bd-8433-913044801986: 126 internal nodes; 3.5 s; peak memory 1150 MiB.
2026-10-08T23:22:48Z INFO [1511/3744] a9be05d0-c9ca-43a5-908b-4808f526b77f: 61 internal nodes; 1.1 s; peak memory 1150 MiB.
2026-10-08T23:22:49Z INFO [1512/3744] a9be26bc-030d-4be5-b72f-a58a1811ed41: 27 internal nodes; 0.7 s; peak memory 1150 MiB.
2026-10-08T23:22:50Z INFO [1513/3744] a9beda56-b7ce-41e2-a1b3-d50d86891435: 17 internal nodes; 0.7 s; peak memory 1150 MiB.
2026-10-08T23:22:50Z INFO [1514/3744] a9bf6099-0208-4f3a-b057-d3c6fc559a3b: 17 internal nodes; 0.6 s; peak memory 1150 MiB.
2026-10-08T23:22:51Z INFO [1515/3744] a9c04988-ccd6-4f45-8f59-06a5f7a62f59: 27 internal nodes; 0.8 s; peak memory 1150 MiB.
2026-10-08T23:22:55Z INFO [1516/3744] a9c0a21e-b56f-475d-8cdb-2cedb33f7b67: 137 internal nodes; 3.7 s; peak memory 1150 MiB.
2026-10-08T23:22:56Z INFO [1517/3744] a9c1541d-0d4d-4264-86ef-a8b6843fff2d: 17 internal nodes; 0.6 s; peak memory 1150 MiB.
2026-10-08T23:22:57Z INFO [1518/3744] a9c17603-859e-4784-9941-ffc7b9331a6d: 44 internal nodes; 1.5 s; peak memory 1150 MiB.
2026-10-08T23:22:58Z INFO [1519/3744] a9c178ba-075d-4755-bc46-148fc8528017: 19 internal nodes; 0.5 s; peak memory 1150 MiB.
2026-10-08T23:22:58Z INFO [1520/3744] a9c1f8aa-e77e-4c24-b8a5-f9b5cf6eaa85: 31 internal nodes; 0.9 s; peak memory 1150 MiB.
2026-10-08T23:22:59Z INFO [1521/3744] a9c3efe8-3b2c-473b-beb2-44da6bdc423f: 115 internal nodes; 0.6 s; peak memory 1150 MiB.
2026-10-08T23:23:00Z INFO [1522/3744] a9c4e6c7-205b-4830-b1c4-a8e92b9d255f: 17 internal nodes; 0.7 s; peak memory 1150 MiB.
2026-10-08T23:23:01Z INFO [1523/3744] a9c4f638-cb30-4f37-94f7-aa9398fee110: 19 internal nodes; 1.0 s; peak memory 1150 MiB.
2026-10-08T23:23:02Z INFO [1524/3744] a9c5ce3a-391c-4939-9f4a-5980b23227ca: 53 internal nodes; 1.0 s; peak memory 1150 MiB.
2026-10-08T23:23:02Z INFO [1525/3744] a9c62453-fc00-41d2-97e8-256fd75326ea: 17 internal nodes; 0.6 s; peak memory 1150 MiB.
2026-10-08T23:23:03Z INFO [1526/3744] a9c66141-89c0-479d-a8e4-34a6bba29e50: 23 internal nodes; 0.7 s; peak memory 1150 MiB.
2026-10-08T23:23:04Z INFO [1527/3744] a9c66712-2398-40e3-ac81-cf83b7a84d46: 55 internal nodes; 0.7 s; peak memory 1150 MiB.
2026-10-08T23:23:09Z INFO [1528/3744] a9c6acea-a70b-4080-ab4a-2b6fa5fcb18a: 258 internal nodes; 5.3 s; peak memory 1150 MiB.
2026-10-08T23:23:10Z INFO [1529/3744] a9c7923c-b7f5-49e2-9637-c3741ea9f340: 67 internal nodes; 1.1 s; peak memory 1150 MiB.
2026-10-08T23:23:11Z INFO [1530/3744] a9c7a6d3-6b5c-40d3-8617-37b2dc44f52d: 17 internal nodes; 0.7 s; peak memory 1150 MiB.
2026-10-08T23:23:12Z INFO [1531/3744] a9c7c4ea-98ba-4c1f-9ec6-ebaa1b1accc8: 27 internal nodes; 0.8 s; peak memory 1150 MiB.
2026-10-08T23:23:16Z INFO [1532/3744] a9c7f5e3-fa4f-4668-8315-ef9ccbba72b0: 169 internal nodes; 4.3 s; peak memory 1150 MiB.
2026-10-08T23:23:17Z INFO [1533/3744] a9c8239c-3817-4e09-8454-84b0e9a2596b: 27 internal nodes; 1.2 s; peak memory 1150 MiB.
2026-10-08T23:23:18Z INFO [1534/3744] a9c8958b-fe87-462b-9119-da5df03d4ae0: 27 internal nodes; 0.8 s; peak memory 1150 MiB.
2026-10-08T23:23:20Z INFO [1535/3744] a9c8daf1-4b63-4df2-a060-06c30cbaecbb: 67 internal nodes; 1.8 s; peak memory 1150 MiB.
2026-10-08T23:23:22Z INFO [1536/3744] a9c902fe-71f7-4eda-a80c-8fd38afdb846: 46 internal nodes; 2.4 s; peak memory 1150 MiB.
2026-10-08T23:23:22Z INFO [1537/3744] a9c95ae3-d266-4578-8d32-19bd7f482507: 11 internal nodes; 0.4 s; peak memory 1150 MiB.
2026-10-08T23:23:23Z INFO [1538/3744] a9c965f6-1279-4a5c-b3dc-3763bcfd1a2b: 17 internal nodes; 0.6 s; peak memory 1150 MiB.
2026-10-08T23:23:24Z INFO [1539/3744] a9c98545-eccb-4a35-8da4-6790723a0c6e: 31 internal nodes; 0.7 s; peak memory 1150 MiB.
2026-10-08T23:23:26Z INFO [1540/3744] a9ca0008-0e5d-40bf-bc13-94c3e2e4b875: 44 internal nodes; 2.0 s; peak memory 1150 MiB.
2026-10-08T23:23:59Z INFO [1541/3744] a9cae8e1-c277-491f-a3de-8a592bebc272: 3045 internal nodes; 33.5 s; peak memory 1150 MiB.
2026-10-08T23:24:00Z INFO [1542/3744] a9cbaaf3-69c9-4a07-9029-f67965e7f749: 17 internal nodes; 0.8 s; peak memory 1150 MiB.
2026-10-08T23:24:01Z INFO [1543/3744] a9cc8d32-96eb-4a24-ae9a-08d3e4838a65: 29 internal nodes; 1.2 s; peak memory 1150 MiB.
2026-10-08T23:24:02Z INFO [1544/3744] a9ce3e40-b5c0-4a15-9f80-a4953a035723: 17 internal nodes; 0.8 s; peak memory 1150 MiB.
2026-10-08T23:24:03Z INFO [1545/3744] a9ce76ea-b5db-4d58-99cd-5d533eb108f8: 17 internal nodes; 0.6 s; peak memory 1150 MiB.
2026-10-08T23:24:04Z INFO [1546/3744] a9ce9848-a4e1-4801-9f1a-897dff846bf8: 31 internal nodes; 0.9 s; peak memory 1150 MiB.
2026-10-08T23:24:04Z INFO [1547/3744] a9cec682-aade-42ae-af60-3da2ea3f654d: 19 internal nodes; 0.8 s; peak memory 1150 MiB.
2026-10-08T23:24:05Z INFO [1548/3744] a9cef21d-e19d-4341-972c-73ce9fb10677: 27 internal nodes; 0.8 s; peak memory 1150 MiB.
2026-10-08T23:24:06Z INFO [1549/3744] a9d00dda-8891-4f3a-869c-434ee142f67d: 13 internal nodes; 0.7 s; peak memory 1150 MiB.
2026-10-08T23:24:06Z INFO [1550/3744] a9d11c94-e7c2-4ff9-b6ed-ce51b74d2d5e: 27 internal nodes; 0.7 s; peak memory 1150 MiB.
2026-10-08T23:24:07Z INFO [1550/3744] a9d11c94-e7c2-4ff9-b6ed-ce51b74d2d5e: checkpointed 128620 new records.
2026-10-08T23:24:07Z INFO [1551/3744] a9d17a5d-c92f-4adc-a737-2fb24f51bb45: 19 internal nodes; 0.6 s; peak memory 1150 MiB.
2026-10-08T23:24:08Z INFO [1552/3744] a9d22789-8dba-497b-aad2-c6e07e4e0a0f: 27 internal nodes; 0.7 s; peak memory 1150 MiB.
2026-10-08T23:24:09Z INFO [1553/3744] a9d25fae-f955-474c-902f-ed0690dc07bd: 19 internal nodes; 0.5 s; peak memory 1150 MiB.
2026-10-08T23:24:11Z INFO [1554/3744] a9d28d6a-f027-4de9-bb69-6c59d0a3ef1a: 46 internal nodes; 2.3 s; peak memory 1150 MiB.
2026-10-08T23:24:16Z INFO [1555/3744] a9d332bd-e2de-407c-beda-f031432d3052: 114 internal nodes; 5.2 s; peak memory 1150 MiB.
2026-10-08T23:24:18Z INFO [1556/3744] a9d37c84-df17-40dd-a583-406cce362a4b: 46 internal nodes; 1.9 s; peak memory 1150 MiB.
2026-10-08T23:24:19Z INFO [1557/3744] a9d3cca6-6b30-4ec0-97e6-91cd392dc03e: 17 internal nodes; 0.8 s; peak memory 1150 MiB.
2026-10-08T23:24:21Z INFO [1558/3744] a9d416e9-99da-4ca2-9839-3f792a66ac3e: 44 internal nodes; 1.9 s; peak memory 1150 MiB.
2026-10-08T23:24:21Z INFO [1559/3744] a9d56bee-1f1b-4fb6-8b31-f9fc37ce3a7b: 22 internal nodes; 0.4 s; peak memory 1150 MiB.
2026-10-08T23:24:23Z INFO [1560/3744] a9d5a96c-cb03-4f04-9b93-13e887a78161: 92 internal nodes; 2.0 s; peak memory 1150 MiB.
2026-10-08T23:24:24Z INFO [1561/3744] a9d63486-2749-489b-94ff-b2f323152a96: 27 internal nodes; 0.6 s; peak memory 1150 MiB.
2026-10-08T23:24:24Z INFO [1562/3744] a9d64dfd-9817-4fc6-8593-710cfc508eaa: 17 internal nodes; 0.6 s; peak memory 1150 MiB.
2026-10-08T23:24:25Z INFO [1563/3744] a9d79d97-f6d6-4d58-b32f-77a83b7b773d: 22 internal nodes; 0.5 s; peak memory 1150 MiB.
2026-10-08T23:24:29Z INFO [1564/3744] a9d7beca-74a5-4ac3-adb9-126704d608ab: 54 internal nodes; 3.9 s; peak memory 1150 MiB.
2026-10-08T23:24:30Z INFO [1565/3744] a9d7c6b8-b456-4367-91c8-5ce3fc48b91e: 72 internal nodes; 1.7 s; peak memory 1150 MiB.
2026-10-08T23:24:31Z INFO [1566/3744] a9d91fe2-421e-409e-9982-01973558c24b: 6 internal nodes; 0.5 s; peak memory 1150 MiB.
2026-10-08T23:24:31Z INFO [1567/3744] a9d984f7-0982-46e8-8c21-3c11338937a3: 31 internal nodes; 0.6 s; peak memory 1150 MiB.
2026-10-08T23:24:32Z INFO [1568/3744] a9d9f26d-0dfe-46ed-b626-e771ec018027: 17 internal nodes; 0.6 s; peak memory 1150 MiB.
2026-10-08T23:24:33Z INFO [1569/3744] a9dc9a2c-12ae-4918-aeec-6eb6dd4252cf: 37 internal nodes; 1.0 s; peak memory 1150 MiB.
2026-10-08T23:24:34Z INFO [1570/3744] a9dda437-d7e3-4818-80c7-92f91f0f84fc: 17 internal nodes; 0.8 s; peak memory 1150 MiB.
2026-10-08T23:24:34Z INFO [1571/3744] a9de4a5c-86a0-4e19-9a33-c4243fcfe370: 19 internal nodes; 0.7 s; peak memory 1150 MiB.
2026-10-08T23:24:39Z INFO [1572/3744] a9de7d8d-609a-40d2-88c2-ff0dc8d2fe18: 73 internal nodes; 4.6 s; peak memory 1150 MiB.
2026-10-08T23:24:40Z INFO [1573/3744] a9deb2a6-45f0-4989-a40a-be702cbd356a: 18 internal nodes; 0.5 s; peak memory 1150 MiB.
2026-10-08T23:24:40Z INFO [1574/3744] a9df7dbd-9bac-4ede-a681-3a91bc0aabe5: 30 internal nodes; 0.8 s; peak memory 1150 MiB.
2026-10-08T23:24:41Z INFO [1575/3744] a9e047fb-ac28-4870-aa86-cc6212498c36: 69 internal nodes; 1.1 s; peak memory 1150 MiB.
2026-10-08T23:24:42Z INFO [1576/3744] a9e146c6-298d-4d81-9199-650661f06073: 27 internal nodes; 0.8 s; peak memory 1150 MiB.
2026-10-08T23:24:43Z INFO [1577/3744] a9e18167-232b-40d2-a2d9-2403b2abb6bd: 27 internal nodes; 0.8 s; peak memory 1150 MiB.
2026-10-08T23:24:44Z INFO [1578/3744] a9e207e3-b1ea-4f30-b137-fdbc47f08771: 27 internal nodes; 0.9 s; peak memory 1150 MiB.
2026-10-08T23:24:45Z INFO [1579/3744] a9e30a3e-2bec-46d8-aa92-7f88c6ed54f7: 17 internal nodes; 0.8 s; peak memory 1150 MiB.
2026-10-08T23:24:46Z INFO [1580/3744] a9e36770-9c96-4c6c-a138-227f8d3a70b7: 50 internal nodes; 1.5 s; peak memory 1150 MiB.
2026-10-08T23:24:47Z INFO [1581/3744] a9e3a0bd-1685-49a6-b86c-c8e67ccc43a0: 27 internal nodes; 0.8 s; peak memory 1150 MiB.
2026-10-08T23:24:48Z INFO [1582/3744] a9e3b231-7046-4c12-b971-1116d5901d06: 31 internal nodes; 1.0 s; peak memory 1150 MiB.
2026-10-08T23:24:49Z INFO [1583/3744] a9e3e17f-98ff-446b-bc7b-131fbe8c316a: 27 internal nodes; 0.7 s; peak memory 1150 MiB.
2026-10-08T23:24:50Z INFO [1584/3744] a9e44c14-881f-41cb-8a04-d5a251bfa86b: 29 internal nodes; 0.9 s; peak memory 1150 MiB.
2026-10-08T23:24:50Z INFO [1585/3744] a9e4f722-123e-4a04-b658-fb8e69c527eb: 31 internal nodes; 0.8 s; peak memory 1150 MiB.
2026-10-08T23:24:51Z INFO [1586/3744] a9e5d0f7-b66b-4162-9279-f52daafd14f9: 11 internal nodes; 0.4 s; peak memory 1150 MiB.
2026-10-08T23:24:52Z INFO [1587/3744] a9e6e0da-777b-4ee4-bad7-b3792219a79e: 28 internal nodes; 0.8 s; peak memory 1150 MiB.
2026-10-08T23:24:52Z INFO [1588/3744] a9e6e6cd-0463-4fe0-81be-a6514d61fc75: 17 internal nodes; 0.8 s; peak memory 1150 MiB.
2026-10-08T23:24:53Z INFO [1589/3744] a9e7a6e6-a68d-493f-9e81-8406b6504e98: 13 internal nodes; 0.7 s; peak memory 1150 MiB.
2026-10-08T23:24:54Z INFO [1590/3744] a9e7c96b-4ad8-44ce-91ee-3b8bd6ae64e2: 122 internal nodes; 1.0 s; peak memory 1150 MiB.
2026-10-08T23:24:55Z INFO [1591/3744] a9e87598-825d-481c-accd-170fc1a9a4c0: 24 internal nodes; 0.9 s; peak memory 1150 MiB.
2026-10-08T23:24:56Z INFO [1592/3744] a9e958ee-2dad-4234-9b59-c5abab5f11fb: 16 internal nodes; 0.7 s; peak memory 1150 MiB.
2026-10-08T23:25:03Z INFO [1593/3744] a9e9b7ff-babb-458f-95d7-405beb35b573: 217 internal nodes; 7.5 s; peak memory 1150 MiB.
2026-10-08T23:25:04Z INFO [1594/3744] a9eb4765-ca5a-4156-a627-70dd83fbb1b1: 17 internal nodes; 0.6 s; peak memory 1150 MiB.
2026-10-08T23:25:07Z INFO [1595/3744] a9eba023-2951-41ac-9943-fa2f9d939521: 119 internal nodes; 2.9 s; peak memory 1150 MiB.
2026-10-08T23:25:07Z INFO [1596/3744] a9ecc87d-cf09-4d3c-858d-1ec679088d1f: 29 internal nodes; 0.7 s; peak memory 1150 MiB.
2026-10-08T23:25:08Z INFO [1597/3744] a9ed2934-8563-42c7-80d9-ef5db1b484ff: 17 internal nodes; 0.5 s; peak memory 1150 MiB.
2026-10-08T23:25:09Z INFO [1598/3744] a9ee9e93-9055-4dc7-880f-538cbabf57f5: 27 internal nodes; 0.7 s; peak memory 1150 MiB.
2026-10-08T23:25:09Z INFO [1599/3744] a9f025ad-8f15-4ffd-9d51-8979a446878c: 66 internal nodes; 0.9 s; peak memory 1150 MiB.
2026-10-08T23:25:10Z INFO [1600/3744] a9f027ff-565c-461b-99d9-cf499ab392b4: 17 internal nodes; 0.7 s; peak memory 1150 MiB.
2026-10-08T23:25:10Z INFO [1600/3744] a9f027ff-565c-461b-99d9-cf499ab392b4: checkpointed 128670 new records.
2026-10-08T23:25:11Z INFO [1601/3744] a9f03322-6990-4ab2-a156-fb724d3bd9d9: 17 internal nodes; 0.6 s; peak memory 1150 MiB.
2026-10-08T23:25:12Z INFO [1602/3744] a9f0ecb4-0464-4787-a6c7-67b1caad71eb: 17 internal nodes; 0.8 s; peak memory 1150 MiB.
2026-10-08T23:25:13Z INFO [1603/3744] a9f1b109-f81a-476a-bdd6-876c45108c57: 17 internal nodes; 0.6 s; peak memory 1150 MiB.
2026-10-08T23:25:13Z INFO [1604/3744] a9f1cd7a-6da7-4049-9735-b60af7415425: 27 internal nodes; 0.6 s; peak memory 1150 MiB.
2026-10-08T23:25:14Z INFO [1605/3744] a9f1dc81-2608-4275-b09a-bdd7ca2b55f8: 29 internal nodes; 1.3 s; peak memory 1150 MiB.
2026-10-08T23:25:15Z INFO [1606/3744] a9f26e7f-f525-49e6-95a4-f600382d852e: 22 internal nodes; 0.9 s; peak memory 1150 MiB.
2026-10-08T23:25:16Z INFO [1607/3744] a9f3231d-2c8d-4f84-84e7-9f7c26d34ec3: 27 internal nodes; 0.8 s; peak memory 1150 MiB.
2026-10-08T23:25:17Z INFO [1608/3744] a9f38d95-3cbd-4156-bbc1-c27c09c4775a: 17 internal nodes; 0.7 s; peak memory 1150 MiB.
2026-10-08T23:25:18Z INFO [1609/3744] a9f3ccc7-aaf1-480a-b723-257aebfedbf3: 18 internal nodes; 0.8 s; peak memory 1150 MiB.
2026-10-08T23:25:18Z INFO [1610/3744] a9f482aa-3391-4262-949b-89ca1af72bd2: 90 internal nodes; 0.8 s; peak memory 1150 MiB.
2026-10-08T23:25:19Z INFO [1611/3744] a9f4c3bb-ddb4-4336-b87f-78d22863c9d6: 27 internal nodes; 0.7 s; peak memory 1150 MiB.
2026-10-08T23:25:20Z INFO [1612/3744] a9f5915d-de5d-408a-bbcc-78dade7817db: 26 internal nodes; 0.6 s; peak memory 1150 MiB.
2026-10-08T23:25:20Z INFO [1613/3744] a9f5f461-c525-4c2f-a69f-b58db3e907b2: 17 internal nodes; 0.6 s; peak memory 1150 MiB.
2026-10-08T23:25:21Z INFO [1614/3744] a9f61d17-1867-46d4-b466-6b4157fe1240: 13 internal nodes; 0.6 s; peak memory 1150 MiB.
2026-10-08T23:25:22Z INFO [1615/3744] a9f6a26c-9c4c-4813-b44d-254ba3e5b7de: 17 internal nodes; 0.7 s; peak memory 1150 MiB.
2026-10-08T23:25:23Z INFO [1616/3744] a9f6bd74-5258-422f-bd41-faab930694cf: 95 internal nodes; 1.1 s; peak memory 1150 MiB.
2026-10-08T23:25:25Z INFO [1617/3744] a9f6c99b-7cc8-43f8-bf05-1d417afcea5a: 55 internal nodes; 1.9 s; peak memory 1150 MiB.
2026-10-08T23:25:25Z INFO [1618/3744] a9f7db2c-afe6-44a7-8ec3-40fa823d27e7: 17 internal nodes; 0.6 s; peak memory 1150 MiB.
2026-10-08T23:25:26Z INFO [1619/3744] a9f834f3-dccb-46bc-aa7f-3a00a492c228: 24 internal nodes; 0.5 s; peak memory 1150 MiB.
2026-10-08T23:25:27Z INFO [1620/3744] a9f9210e-e5ef-41d7-bb71-bcd4e5da2b54: 27 internal nodes; 0.7 s; peak memory 1150 MiB.
2026-10-08T23:25:29Z INFO [1621/3744] a9f9ca12-d7b4-4a6e-b577-cacf0cc83e9a: 44 internal nodes; 1.9 s; peak memory 1150 MiB.
2026-10-08T23:25:33Z INFO [1622/3744] a9f9e22b-0a70-43cc-b6a7-c5b2da581bbe: 64 internal nodes; 4.0 s; peak memory 1150 MiB.
2026-10-08T23:25:33Z INFO [1623/3744] a9fa20e9-2b4b-48ac-be33-9ef4b4a49b65: 18 internal nodes; 0.7 s; peak memory 1150 MiB.
2026-10-08T23:25:34Z INFO [1624/3744] a9fb6d90-87da-4fab-85b8-7bd1507ecb09: 11 internal nodes; 0.6 s; peak memory 1150 MiB.
2026-10-08T23:25:38Z INFO [1625/3744] a9fbbce5-a30f-4785-b9b5-5e95964e2a22: 54 internal nodes; 3.8 s; peak memory 1150 MiB.
2026-10-08T23:25:38Z INFO [1626/3744] a9fd527e-6a3f-4bdd-8bcf-47f45a82b33c: 118 internal nodes; 0.8 s; peak memory 1150 MiB.
2026-10-08T23:25:39Z INFO [1627/3744] a9fd61d4-87c9-43f6-b427-e627d421fc9e: 17 internal nodes; 0.6 s; peak memory 1150 MiB.
2026-10-08T23:25:39Z INFO [1628/3744] a9fd9a8b-d60d-405a-b3ff-5e27fb3e424d: 11 internal nodes; 0.5 s; peak memory 1150 MiB.
2026-10-08T23:25:40Z INFO [1629/3744] a9fd9f50-8722-44b0-b7f2-21ab671dcf79: 17 internal nodes; 0.6 s; peak memory 1150 MiB.
2026-10-08T23:25:41Z INFO [1630/3744] a9fe589b-ca4a-4977-9230-a89c4b182f1a: 27 internal nodes; 0.7 s; peak memory 1150 MiB.
2026-10-08T23:25:41Z INFO [1631/3744] aa001db9-6fa8-4638-96e0-322425a546a5: 31 internal nodes; 0.7 s; peak memory 1150 MiB.
2026-10-08T23:25:46Z INFO [1632/3744] aa002010-be14-4dfd-8e3b-88f7c4b864d3: 193 internal nodes; 4.8 s; peak memory 1150 MiB.
2026-10-08T23:25:47Z INFO [1633/3744] aa00241c-1036-42d9-aa6d-071739b8df43: 27 internal nodes; 0.8 s; peak memory 1150 MiB.
2026-10-08T23:25:48Z INFO [1634/3744] aa00279d-1a63-4a05-8ffe-611bcfe58481: 17 internal nodes; 0.6 s; peak memory 1150 MiB.
2026-10-08T23:25:49Z INFO [1635/3744] aa0056ae-dac3-4ba5-b660-f202eef84bb3: 25 internal nodes; 1.5 s; peak memory 1150 MiB.
2026-10-08T23:25:50Z INFO [1636/3744] aa01e630-7c08-403c-be9d-782749b6223e: 63 internal nodes; 1.0 s; peak memory 1150 MiB.
2026-10-08T23:25:55Z INFO [1637/3744] aa01efb4-1d7e-4e88-8ea4-ee078fbc5432: 174 internal nodes; 4.6 s; peak memory 1150 MiB.
2026-10-08T23:26:00Z INFO [1638/3744] aa0200a8-2b19-478b-afa1-26538dbb7769: 192 internal nodes; 5.6 s; peak memory 1150 MiB.
2026-10-08T23:26:08Z INFO [1639/3744] aa02b139-9961-421f-8bfb-367dd01e305a: 262 internal nodes; 7.7 s; peak memory 1150 MiB.
2026-10-08T23:26:09Z INFO [1640/3744] aa0351b7-3104-45c4-b02b-774fadcdff7e: 17 internal nodes; 0.6 s; peak memory 1150 MiB.
2026-10-08T23:26:12Z INFO [1641/3744] aa046b10-f8f3-4671-86ad-4e4319b92569: 70 internal nodes; 3.9 s; peak memory 1150 MiB.
2026-10-08T23:26:13Z INFO [1642/3744] aa04d8fe-2807-4a45-a583-58bba75a1586: 53 internal nodes; 0.8 s; peak memory 1150 MiB.
2026-10-08T23:26:14Z INFO [1643/3744] aa064521-a5be-47af-ab8c-d014df911b32: 29 internal nodes; 1.0 s; peak memory 1150 MiB.
2026-10-08T23:26:15Z INFO [1644/3744] aa06b50a-58fe-4d44-9129-9dfe97f52990: 27 internal nodes; 0.7 s; peak memory 1150 MiB.
2026-10-08T23:26:16Z INFO [1645/3744] aa0792e4-c998-4be2-8ba4-4db9bdd66668: 27 internal nodes; 0.8 s; peak memory 1150 MiB.
2026-10-08T23:26:16Z INFO [1646/3744] aa079b18-4bae-488f-a102-4bc943c6735b: 17 internal nodes; 0.5 s; peak memory 1150 MiB.
2026-10-08T23:26:17Z INFO [1647/3744] aa07f122-daa8-4961-88d8-7eecfb0cb583: 29 internal nodes; 1.0 s; peak memory 1150 MiB.
2026-10-08T23:26:18Z INFO [1648/3744] aa086792-a817-490e-af29-832f4b074160: 17 internal nodes; 0.7 s; peak memory 1150 MiB.
2026-10-08T23:26:19Z INFO [1649/3744] aa092663-83b3-45f2-b612-065ebacba1b8: 27 internal nodes; 0.8 s; peak memory 1150 MiB.
2026-10-08T23:26:19Z INFO [1650/3744] aa0a49b2-caa0-460e-a04f-b94cc233cb3c: 17 internal nodes; 0.7 s; peak memory 1150 MiB.
2026-10-08T23:26:20Z INFO [1650/3744] aa0a49b2-caa0-460e-a04f-b94cc233cb3c: checkpointed 128720 new records.
2026-10-08T23:26:21Z INFO [1651/3744] aa0a60ed-44f4-4407-9edb-06749d0bf35b: 17 internal nodes; 0.7 s; peak memory 1150 MiB.
2026-10-08T23:26:21Z INFO [1652/3744] aa0adb74-6f98-47fc-827b-5727bbc08c8e: 26 internal nodes; 0.8 s; peak memory 1150 MiB.
2026-10-08T23:26:22Z INFO [1653/3744] aa0b0c93-085d-4736-b340-4dd38f6748ef: 17 internal nodes; 0.7 s; peak memory 1150 MiB.
2026-10-08T23:26:23Z INFO [1654/3744] aa0c1c1a-58d6-4e9e-8b2b-f5f75708f4c8: 17 internal nodes; 0.6 s; peak memory 1150 MiB.
2026-10-08T23:26:24Z INFO [1655/3744] aa0c8443-7ece-42db-a917-ca676e81cfcc: 31 internal nodes; 1.1 s; peak memory 1150 MiB.
2026-10-08T23:26:25Z INFO [1656/3744] aa0d057d-a3a8-41df-84a2-7183f530a3c8: 18 internal nodes; 1.5 s; peak memory 1150 MiB.
2026-10-08T23:26:31Z INFO [1657/3744] aa0d9038-d132-4dbb-ae3e-bff55f7c5794: 63 internal nodes; 6.1 s; peak memory 1150 MiB.
2026-10-08T23:26:32Z INFO [1658/3744] aa0df138-fd28-4048-9734-410c043a9c26: 90 internal nodes; 1.0 s; peak memory 1150 MiB.
2026-10-08T23:26:33Z INFO [1659/3744] aa0e1d47-9b5a-4e87-b90d-ad7bb12e2ad7: 37 internal nodes; 0.9 s; peak memory 1150 MiB.
2026-10-08T23:26:34Z INFO [1660/3744] aa0e7d39-0f72-4e48-9f26-f5949bf44cf3: 27 internal nodes; 0.8 s; peak memory 1150 MiB.
2026-10-08T23:26:35Z INFO [1661/3744] aa0eaaff-04f2-4c21-bc4a-32f24f76fe8b: 17 internal nodes; 0.7 s; peak memory 1150 MiB.
2026-10-08T23:26:35Z INFO [1662/3744] aa0ee9aa-2773-4ede-9456-00c967c55a39: 27 internal nodes; 0.6 s; peak memory 1150 MiB.
2026-10-08T23:26:37Z INFO [1663/3744] aa0f11a0-2c15-416e-80bb-7f431f676740: 44 internal nodes; 1.8 s; peak memory 1150 MiB.
2026-10-08T23:26:38Z INFO [1664/3744] aa0f9718-e79d-4bd7-8316-808cc9a0750d: 44 internal nodes; 1.4 s; peak memory 1150 MiB.
2026-10-08T23:26:39Z INFO [1665/3744] aa106b94-9f9e-43be-af5c-986a7a82e3b2: 27 internal nodes; 0.9 s; peak memory 1150 MiB.
2026-10-08T23:26:40Z INFO [1666/3744] aa1143f9-bf42-4fb0-ac0f-acd10691774b: 17 internal nodes; 0.6 s; peak memory 1150 MiB.
2026-10-08T23:26:41Z INFO [1667/3744] aa11a76c-0bb4-430e-91ed-1d5632f33b39: 23 internal nodes; 0.8 s; peak memory 1150 MiB.
2026-10-08T23:26:41Z INFO [1668/3744] aa137be8-0bc1-4fa9-b6b9-4cc55dc1e13e: 27 internal nodes; 0.9 s; peak memory 1150 MiB.
2026-10-08T23:26:42Z INFO [1669/3744] aa138282-56bc-43db-ae5b-7bf3fdb71f38: 27 internal nodes; 0.7 s; peak memory 1150 MiB.
2026-10-08T23:26:43Z INFO [1670/3744] aa14d41a-5c85-4741-aa13-8203149ec5b5: 27 internal nodes; 0.9 s; peak memory 1150 MiB.
2026-10-08T23:26:44Z INFO [1671/3744] aa15ae5b-4993-44a6-b95c-1ec91c18173c: 27 internal nodes; 0.9 s; peak memory 1150 MiB.
2026-10-08T23:26:45Z INFO [1672/3744] aa166061-b860-476a-a34f-0a134c31f7bf: 31 internal nodes; 0.9 s; peak memory 1150 MiB.
2026-10-08T23:26:46Z INFO [1673/3744] aa17bfb7-0252-49d1-90b7-8053ba7e37f3: 31 internal nodes; 1.0 s; peak memory 1150 MiB.
2026-10-08T23:26:47Z INFO [1674/3744] aa18b74b-d926-4588-9d5a-17e4dd1f67fa: 66 internal nodes; 0.8 s; peak memory 1150 MiB.
2026-10-08T23:26:47Z INFO [1675/3744] aa19bd81-fa9b-4ef6-80b5-303ef126a6e1: 17 internal nodes; 0.6 s; peak memory 1150 MiB.
2026-10-08T23:26:48Z INFO [1676/3744] aa19d4d1-b466-4a35-967a-a88d59bd28f4: 29 internal nodes; 0.6 s; peak memory 1150 MiB.
2026-10-08T23:26:48Z INFO [1677/3744] aa1ae474-94e4-4b47-b814-50a43b33843b: 17 internal nodes; 0.5 s; peak memory 1150 MiB.
2026-10-08T23:26:49Z INFO [1678/3744] aa1b2051-d795-4387-bf1b-2126bfa16ede: 17 internal nodes; 0.8 s; peak memory 1150 MiB.
2026-10-08T23:26:53Z INFO [1679/3744] aa1c1246-eaaa-471e-9334-81fbbaa3eaae: 195 internal nodes; 3.8 s; peak memory 1150 MiB.
2026-10-08T23:27:17Z INFO [1680/3744] aa1c6d6b-5724-45ac-ba25-35ab0a4ff724: 4371 internal nodes; 24.0 s; peak memory 1150 MiB.
2026-10-08T23:27:18Z INFO [1681/3744] aa1d1309-c1c1-4697-bc37-dc889d3558fc: 29 internal nodes; 0.7 s; peak memory 1150 MiB.
2026-10-08T23:27:19Z INFO [1682/3744] aa1dcc90-76f7-436f-81d7-16041d976a50: 66 internal nodes; 1.7 s; peak memory 1150 MiB.
2026-10-08T23:27:23Z INFO [1683/3744] aa1df579-6d90-46bf-8885-29877e00cd7f: 105 internal nodes; 3.9 s; peak memory 1150 MiB.
2026-10-08T23:27:24Z INFO [1684/3744] aa1e905b-2eb8-4774-8e6a-2bbd2400d0b9: 28 internal nodes; 0.4 s; peak memory 1150 MiB.
2026-10-08T23:27:25Z INFO [1685/3744] aa1eb46b-46ee-4d3b-ab16-e36131f89c15: 24 internal nodes; 1.2 s; peak memory 1150 MiB.
2026-10-08T23:27:26Z INFO [1686/3744] aa1f85fe-7579-4506-ade0-ebbb7ccba1db: 23 internal nodes; 1.2 s; peak memory 1150 MiB.
2026-10-08T23:27:27Z INFO [1687/3744] aa2051b5-c5a6-4ad6-a8a7-15e77fb4591b: 31 internal nodes; 1.0 s; peak memory 1150 MiB.
2026-10-08T23:27:28Z INFO [1688/3744] aa20bbab-74dc-4ed1-b4f3-c47c6580d971: 28 internal nodes; 0.6 s; peak memory 1150 MiB.
2026-10-08T23:27:28Z INFO [1689/3744] aa2178e0-ae2e-4b02-bb20-992a4e88e759: 27 internal nodes; 0.6 s; peak memory 1150 MiB.
2026-10-08T23:27:29Z INFO [1690/3744] aa21b32c-3ed9-41ab-9f1e-28079777a8f4: 17 internal nodes; 0.4 s; peak memory 1150 MiB.
2026-10-08T23:27:34Z INFO [1691/3744] aa21b37f-e428-4eac-949a-12ddd15b2520: 186 internal nodes; 4.8 s; peak memory 1150 MiB.
2026-10-08T23:27:34Z INFO [1692/3744] aa21b528-3ef3-4b84-a978-9ba1044a7085: 27 internal nodes; 0.7 s; peak memory 1150 MiB.
2026-10-08T23:27:35Z INFO [1693/3744] aa21d269-3af2-499d-ba90-684370bd76cd: 18 internal nodes; 0.8 s; peak memory 1150 MiB.
2026-10-08T23:27:41Z INFO [1694/3744] aa228130-fed3-4fd4-938e-5f877756076a: 292 internal nodes; 6.4 s; peak memory 1150 MiB.
2026-10-08T23:27:42Z INFO [1695/3744] aa22ad89-6019-46d5-b72d-70f8e6d588c8: 41 internal nodes; 0.8 s; peak memory 1150 MiB.
2026-10-08T23:27:44Z INFO [1696/3744] aa2307a2-edaa-4b3d-8a46-b3a909a568a3: 62 internal nodes; 1.3 s; peak memory 1150 MiB.
2026-10-08T23:27:50Z INFO [1697/3744] aa24046b-c913-4e2d-8522-546446bdc389: 213 internal nodes; 6.0 s; peak memory 1150 MiB.
2026-10-08T23:27:50Z INFO [1698/3744] aa243dfd-dece-45df-aa09-00ac6f91191c: 31 internal nodes; 1.0 s; peak memory 1150 MiB.
2026-10-08T23:27:51Z INFO [1699/3744] aa245c1e-10cd-4b5a-be9d-2d834957c8e5: 31 internal nodes; 0.9 s; peak memory 1150 MiB.
2026-10-08T23:27:54Z INFO [1700/3744] aa2525f5-fe54-4697-a885-87562bfe92e7: 44 internal nodes; 2.4 s; peak memory 1150 MiB.
2026-10-08T23:27:54Z INFO [1700/3744] aa2525f5-fe54-4697-a885-87562bfe92e7: checkpointed 128770 new records.
2026-10-08T23:27:55Z INFO [1701/3744] aa2590f0-d537-4d59-a168-8de583d26a49: 27 internal nodes; 0.7 s; peak memory 1150 MiB.
2026-10-08T23:27:56Z INFO [1702/3744] aa25e6da-6fee-4f2e-9283-f0f922b2f6c0: 13 internal nodes; 0.6 s; peak memory 1150 MiB.
2026-10-08T23:27:56Z INFO [1703/3744] aa26843d-8ed7-45f8-895e-6c91b3067d22: 18 internal nodes; 0.8 s; peak memory 1150 MiB.
2026-10-08T23:27:57Z INFO [1704/3744] aa26985b-4dcc-48fd-8141-3b8c93d5ddd6: 56 internal nodes; 1.1 s; peak memory 1150 MiB.
2026-10-08T23:27:58Z INFO [1705/3744] aa26d72b-7349-4764-85a0-6393e145a2f4: 17 internal nodes; 0.7 s; peak memory 1150 MiB.
2026-10-08T23:27:59Z INFO [1706/3744] aa2720ab-c91e-4b15-8efe-f5746cc95d85: 34 internal nodes; 0.9 s; peak memory 1150 MiB.
2026-10-08T23:28:00Z INFO [1707/3744] aa273fe6-7398-42ab-ab43-495e0bc14bb2: 23 internal nodes; 0.9 s; peak memory 1150 MiB.
2026-10-08T23:28:01Z INFO [1708/3744] aa281666-1ebe-4074-8afc-ffb0174a3a6d: 16 internal nodes; 0.7 s; peak memory 1150 MiB.
2026-10-08T23:28:01Z INFO [1709/3744] aa282f40-1e1e-467b-bd3e-e83f2708ff42: 17 internal nodes; 0.9 s; peak memory 1150 MiB.
2026-10-08T23:28:05Z INFO [1710/3744] aa28d611-6630-4d2b-86be-dea08d160753: 70 internal nodes; 3.7 s; peak memory 1150 MiB.
2026-10-08T23:28:06Z INFO [1711/3744] aa294ba4-caa2-4fd6-bc75-e18f50d1ec82: 30 internal nodes; 0.9 s; peak memory 1150 MiB.
2026-10-08T23:28:07Z INFO [1712/3744] aa299855-7c70-42f7-9491-7eebbc2d8503: 17 internal nodes; 0.7 s; peak memory 1150 MiB.
2026-10-08T23:28:07Z INFO [1713/3744] aa29e8de-caf6-4651-ac1e-4cb111d42e31: 11 internal nodes; 0.3 s; peak memory 1150 MiB.
2026-10-08T23:28:08Z INFO [1714/3744] aa2a5c01-fb91-4926-829f-ae263df8b555: 30 internal nodes; 1.3 s; peak memory 1150 MiB.
2026-10-08T23:28:10Z INFO [1715/3744] aa2c83e9-3297-4dbd-8def-f7b4f3f94d09: 27 internal nodes; 1.1 s; peak memory 1150 MiB.
2026-10-08T23:28:10Z INFO [1716/3744] aa2c9348-6113-4d27-864d-2076346f74d0: 11 internal nodes; 0.5 s; peak memory 1150 MiB.
2026-10-08T23:28:11Z INFO [1717/3744] aa2c9de4-cb35-4acd-8f1e-40a8228d0fcc: 44 internal nodes; 1.4 s; peak memory 1150 MiB.
2026-10-08T23:28:12Z INFO [1718/3744] aa2dfbc1-3784-4bcb-8d1f-bc6fff583839: 17 internal nodes; 0.6 s; peak memory 1150 MiB.
2026-10-08T23:28:13Z INFO [1719/3744] aa2e1808-39b9-4b99-8883-4556712d0bf1: 21 internal nodes; 0.9 s; peak memory 1150 MiB.
2026-10-08T23:28:14Z INFO [1720/3744] aa2e5a78-1143-44a9-8219-87d12825622e: 65 internal nodes; 1.0 s; peak memory 1150 MiB.
2026-10-08T23:28:15Z INFO [1721/3744] aa2e6b40-64ca-46be-9e62-a28643ae5fd6: 42 internal nodes; 1.5 s; peak memory 1150 MiB.
2026-10-08T23:28:17Z INFO [1722/3744] aa2f4999-e0ec-4f32-8440-0a35c18c0ffb: 44 internal nodes; 1.9 s; peak memory 1150 MiB.
2026-10-08T23:28:18Z INFO [1723/3744] aa301cf1-f84d-4d39-bcb5-e6f5cd32dc44: 22 internal nodes; 0.7 s; peak memory 1150 MiB.
2026-10-08T23:28:19Z INFO [1724/3744] aa30abca-1b11-4a62-84c5-8297b49a6da0: 11 internal nodes; 0.5 s; peak memory 1150 MiB.
2026-10-08T23:28:19Z INFO [1725/3744] aa31dc9e-359f-4af8-bb08-637e59553929: 17 internal nodes; 0.6 s; peak memory 1150 MiB.
2026-10-08T23:28:23Z INFO [1726/3744] aa322ed4-4ebc-42af-b54c-6e1eab420324: 61 internal nodes; 4.1 s; peak memory 1150 MiB.
2026-10-08T23:28:24Z INFO [1727/3744] aa329d3b-267a-40fd-94ee-2024944e681c: 22 internal nodes; 1.1 s; peak memory 1150 MiB.
2026-10-08T23:28:25Z INFO [1728/3744] aa32bcba-cfd0-43fe-b4e6-b7a924b09004: 27 internal nodes; 0.7 s; peak memory 1150 MiB.
2026-10-08T23:28:26Z INFO [1729/3744] aa33a748-e454-4d3e-83ac-652d4f9f77f0: 17 internal nodes; 0.6 s; peak memory 1150 MiB.
2026-10-08T23:28:27Z INFO [1730/3744] aa345a54-42f5-4208-a339-779cfb50e781: 17 internal nodes; 0.7 s; peak memory 1150 MiB.
2026-10-08T23:28:27Z INFO [1731/3744] aa3495c5-7cef-4cca-badf-06da6f964c05: 17 internal nodes; 0.7 s; peak memory 1150 MiB.
2026-10-08T23:28:28Z INFO [1732/3744] aa34e183-0822-47b5-a71a-59d4cdf4ec74: 22 internal nodes; 0.8 s; peak memory 1150 MiB.
2026-10-08T23:28:29Z INFO [1733/3744] aa360f12-c377-43a8-a773-348c8f2d25c4: 31 internal nodes; 1.1 s; peak memory 1150 MiB.
2026-10-08T23:28:41Z INFO [1734/3744] aa3649f6-ed04-4b0b-ab79-ed4ed6c8967a: 3688 internal nodes; 12.4 s; peak memory 1150 MiB.
2026-10-08T23:28:47Z INFO [1735/3744] aa36b875-743d-4e91-bc38-54ec5a3874af: 194 internal nodes; 5.6 s; peak memory 1150 MiB.
2026-10-08T23:28:48Z INFO [1736/3744] aa36d53f-0ac7-442d-9644-ad0f55ad852b: 31 internal nodes; 0.9 s; peak memory 1150 MiB.
2026-10-08T23:28:50Z INFO [1737/3744] aa379216-c56a-48de-b349-bfeddbad3426: 37 internal nodes; 1.8 s; peak memory 1150 MiB.
2026-10-08T23:28:51Z INFO [1738/3744] aa380841-f059-4c16-a283-93557515283f: 17 internal nodes; 0.7 s; peak memory 1150 MiB.
2026-10-08T23:28:51Z INFO [1739/3744] aa3ba053-bf8c-4b91-b175-51826dacc999: 27 internal nodes; 0.6 s; peak memory 1150 MiB.
2026-10-08T23:28:53Z INFO [1740/3744] aa3c2cf6-bb9e-48ea-a297-13864e90a2dc: 72 internal nodes; 1.6 s; peak memory 1150 MiB.
2026-10-08T23:28:54Z INFO [1741/3744] aa3c5555-c627-4174-a6de-63b24d1758c4: 27 internal nodes; 1.3 s; peak memory 1150 MiB.
2026-10-08T23:28:57Z INFO [1742/3744] aa3c76f2-3f7f-4ff4-a0b0-9453429d25fa: 98 internal nodes; 3.1 s; peak memory 1150 MiB.
2026-10-08T23:28:58Z INFO [1743/3744] aa3d9f3e-07a4-45c4-9c65-ac5fd9bab595: 31 internal nodes; 0.9 s; peak memory 1150 MiB.
2026-10-08T23:28:59Z INFO [1744/3744] aa3eb4b7-994c-434b-9fbf-9161096c41d7: 27 internal nodes; 0.6 s; peak memory 1150 MiB.
2026-10-08T23:29:03Z INFO [1745/3744] aa3edc10-aa44-4512-ada8-ef94473a94b5: 67 internal nodes; 4.0 s; peak memory 1150 MiB.
2026-10-08T23:29:03Z INFO [1746/3744] aa3faeb2-dc2a-40cd-a8f8-dbf46ceb744b: 58 internal nodes; 0.7 s; peak memory 1150 MiB.
2026-10-08T23:29:04Z INFO [1747/3744] aa407218-1fed-4e1a-8bb6-4891d5b3edcb: 19 internal nodes; 0.7 s; peak memory 1150 MiB.
2026-10-08T23:29:04Z INFO [1748/3744] aa40b4e3-f4a5-4014-9656-f7664f641baa: 25 internal nodes; 0.5 s; peak memory 1150 MiB.
2026-10-08T23:29:05Z INFO [1749/3744] aa40f177-6671-4286-83ce-d71d9ecbd546: 27 internal nodes; 0.9 s; peak memory 1150 MiB.
2026-10-08T23:29:09Z INFO [1750/3744] aa41d731-698f-4354-b2b4-6191747370fc: 209 internal nodes; 3.7 s; peak memory 1150 MiB.
2026-10-08T23:29:09Z INFO [1750/3744] aa41d731-698f-4354-b2b4-6191747370fc: checkpointed 128820 new records.
2026-10-08T23:29:10Z INFO [1751/3744] aa42034c-460a-42dd-bcbb-f8b65ef5e12d: 17 internal nodes; 0.8 s; peak memory 1150 MiB.
2026-10-08T23:29:13Z INFO [1752/3744] aa423a36-48bb-400e-9b46-6ec325fe3759: 46 internal nodes; 2.3 s; peak memory 1150 MiB.
2026-10-08T23:29:13Z INFO [1753/3744] aa42efb1-0ca1-48eb-9f2f-22490912318e: 40 internal nodes; 0.8 s; peak memory 1150 MiB.
2026-10-08T23:29:14Z INFO [1754/3744] aa430acf-dad3-4ded-9e21-196d39b8043f: 58 internal nodes; 1.0 s; peak memory 1150 MiB.
2026-10-08T23:29:16Z INFO [1755/3744] aa43e86c-62f7-438c-a5c9-99d795ed1944: 44 internal nodes; 1.6 s; peak memory 1150 MiB.
2026-10-08T23:29:20Z INFO [1756/3744] aa44276a-2d62-41b5-a96d-4310d0e1576f: 61 internal nodes; 4.4 s; peak memory 1150 MiB.
2026-10-08T23:29:21Z INFO [1757/3744] aa446ef4-6ce1-441c-98fd-c8a3890f275b: 17 internal nodes; 0.7 s; peak memory 1150 MiB.
2026-10-08T23:29:27Z INFO [1758/3744] aa455de9-8a07-4e2a-9723-060b902c93e2: 114 internal nodes; 5.6 s; peak memory 1150 MiB.
2026-10-08T23:29:28Z INFO [1759/3744] aa456e29-b467-4e56-883c-fc131a302ca5: 50 internal nodes; 1.7 s; peak memory 1150 MiB.
2026-10-08T23:29:29Z INFO [1760/3744] aa465a2c-4c54-4cbc-a3b2-a2fff084e095: 17 internal nodes; 0.7 s; peak memory 1150 MiB.
2026-10-08T23:29:30Z INFO [1761/3744] aa46687f-3277-4200-88d7-ed6390ed45ac: 27 internal nodes; 0.8 s; peak memory 1150 MiB.
2026-10-08T23:29:31Z INFO [1762/3744] aa483935-37a2-44ab-9222-6902c6403f06: 17 internal nodes; 0.9 s; peak memory 1150 MiB.
2026-10-08T23:29:32Z INFO [1763/3744] aa490af5-8889-49c1-82b6-83338f30a785: 58 internal nodes; 1.3 s; peak memory 1150 MiB.
2026-10-08T23:29:33Z INFO [1764/3744] aa496bd7-6c51-46ab-85da-f8cc7973e5c2: 18 internal nodes; 0.8 s; peak memory 1150 MiB.
2026-10-08T23:29:33Z INFO [1765/3744] aa4a39de-be62-4b51-a3ea-754de4ae4b0c: 17 internal nodes; 0.6 s; peak memory 1150 MiB.
2026-10-08T23:29:34Z INFO [1766/3744] aa4a9368-8d83-4b85-86f0-802e8bcd6532: 25 internal nodes; 0.5 s; peak memory 1150 MiB.
2026-10-08T23:29:36Z INFO [1767/3744] aa4aa041-fcf9-4ffd-9a10-9e80713964f0: 46 internal nodes; 2.1 s; peak memory 1150 MiB.
2026-10-08T23:29:37Z INFO [1768/3744] aa4aeca9-4e09-42af-ae82-074ec4e9108f: 24 internal nodes; 1.2 s; peak memory 1150 MiB.
2026-10-08T23:29:45Z INFO [1769/3744] aa4c3f8b-4f4d-49bd-b02f-35da8690b160: 318 internal nodes; 7.7 s; peak memory 1150 MiB.
2026-10-08T23:29:45Z INFO [1770/3744] aa4d70e2-26e3-498d-9d8c-eff08360ca79: 23 internal nodes; 0.5 s; peak memory 1150 MiB.
2026-10-08T23:29:46Z INFO [1771/3744] aa4d81e6-8b82-4f36-97e3-a630709bace7: 17 internal nodes; 0.9 s; peak memory 1150 MiB.
2026-10-08T23:29:48Z INFO [1772/3744] aa4da3b8-5b90-4c32-9414-104b56d6b175: 61 internal nodes; 1.2 s; peak memory 1150 MiB.
2026-10-08T23:29:48Z INFO [1773/3744] aa4f03c2-e115-4068-83e6-0c3e423071d4: 27 internal nodes; 0.8 s; peak memory 1150 MiB.
2026-10-08T23:29:50Z INFO [1774/3744] aa4f7b38-0175-4c43-81e7-a38c845bd5b2: 30 internal nodes; 1.3 s; peak memory 1150 MiB.
2026-10-08T23:29:55Z INFO [1775/3744] aa4f7eda-19b3-424c-b87a-1d0f3d5c5152: 200 internal nodes; 5.7 s; peak memory 1150 MiB.
2026-10-08T23:29:56Z INFO [1776/3744] aa503ff1-8cef-44cf-b125-b193c851515f: 17 internal nodes; 0.8 s; peak memory 1150 MiB.
2026-10-08T23:29:57Z INFO [1777/3744] aa50751c-f830-41a8-af88-00ffbe8d48ad: 13 internal nodes; 0.4 s; peak memory 1150 MiB.
2026-10-08T23:29:58Z INFO [1778/3744] aa507aeb-074e-4a91-a6e6-5bef0099e5df: 44 internal nodes; 1.8 s; peak memory 1150 MiB.
2026-10-08T23:29:59Z INFO [1779/3744] aa5123bf-334f-4cdb-8044-8fa2c02aff16: 17 internal nodes; 0.7 s; peak memory 1150 MiB.
2026-10-08T23:30:00Z INFO [1780/3744] aa527647-c6eb-454f-93dd-2a40ef696c78: 17 internal nodes; 0.6 s; peak memory 1150 MiB.
2026-10-08T23:30:03Z INFO [1781/3744] aa531608-0eb5-4f5d-b043-436444f46c65: 141 internal nodes; 2.9 s; peak memory 1150 MiB.
2026-10-08T23:30:04Z INFO [1782/3744] aa53bf97-2ed5-45f7-87d2-2a8397f9f559: 27 internal nodes; 1.0 s; peak memory 1150 MiB.
2026-10-08T23:30:04Z INFO [1783/3744] aa54060f-4573-43e0-aad2-500f855e9ad8: 17 internal nodes; 0.7 s; peak memory 1150 MiB.
2026-10-08T23:30:05Z INFO [1784/3744] aa542140-835a-4805-96dc-a56497f56ce1: 41 internal nodes; 0.5 s; peak memory 1150 MiB.
2026-10-08T23:30:07Z INFO [1785/3744] aa54ae22-cb6f-4498-804f-f924bfb30a62: 41 internal nodes; 2.2 s; peak memory 1150 MiB.
2026-10-08T23:30:11Z INFO [1786/3744] aa54e52f-ac70-439f-99c8-c694bdebbdec: 41 internal nodes; 3.9 s; peak memory 1150 MiB.
2026-10-08T23:30:13Z INFO [1787/3744] aa55c305-2a4b-4650-92de-f6e31573c521: 46 internal nodes; 2.3 s; peak memory 1150 MiB.
2026-10-08T23:30:14Z INFO [1788/3744] aa55c41f-b45b-4636-acff-53ab7069e613: 17 internal nodes; 0.7 s; peak memory 1150 MiB.
2026-10-08T23:30:15Z INFO [1789/3744] aa57a4de-a18f-4e87-9ae9-532cc20dc41e: 27 internal nodes; 0.8 s; peak memory 1150 MiB.
2026-10-08T23:30:16Z INFO [1790/3744] aa57fa83-5da6-4cb7-b900-4e91a874a672: 44 internal nodes; 1.2 s; peak memory 1150 MiB.
2026-10-08T23:30:17Z INFO [1791/3744] aa5882d3-e6ee-4a59-8539-e184a974c7ec: 14 internal nodes; 0.7 s; peak memory 1150 MiB.
2026-10-08T23:30:17Z INFO [1792/3744] aa591df8-c48f-469c-9639-d356b1178e93: 17 internal nodes; 0.6 s; peak memory 1150 MiB.
2026-10-08T23:30:18Z INFO [1793/3744] aa596c86-541d-4d5a-b4ca-d77b71177311: 27 internal nodes; 0.9 s; peak memory 1150 MiB.
2026-10-08T23:30:19Z INFO [1794/3744] aa59cfcf-88cd-4792-8322-3a619b01b7cc: 31 internal nodes; 0.9 s; peak memory 1150 MiB.
2026-10-08T23:30:26Z INFO [1795/3744] aa5a28ed-de94-49e7-8da2-4f85cb10c5b9: 200 internal nodes; 6.8 s; peak memory 1150 MiB.
2026-10-08T23:30:27Z INFO [1796/3744] aa5a7e1a-8e6a-4ae2-a84e-afda99d72b39: 31 internal nodes; 0.8 s; peak memory 1150 MiB.
2026-10-08T23:30:28Z INFO [1797/3744] aa5b11d1-0e03-4846-81ae-a8ea35fd9ae5: 27 internal nodes; 0.9 s; peak memory 1150 MiB.
2026-10-08T23:30:28Z INFO [1798/3744] aa5b387f-e383-4a5e-b6a2-42dae605669e: 17 internal nodes; 0.6 s; peak memory 1150 MiB.
2026-10-08T23:30:29Z INFO [1799/3744] aa5bd596-07d0-4e35-b16c-aab7de8ddfb6: 31 internal nodes; 0.9 s; peak memory 1150 MiB.
2026-10-08T23:30:36Z INFO [1800/3744] aa5bf1dc-c5d9-4460-b465-64730d160fc7: 1891 internal nodes; 6.7 s; peak memory 1150 MiB.
2026-10-08T23:30:36Z INFO [1800/3744] aa5bf1dc-c5d9-4460-b465-64730d160fc7: checkpointed 128870 new records.
2026-10-08T23:30:37Z INFO [1801/3744] aa5cbb7a-9f7b-4f86-9a08-7ae026120627: 23 internal nodes; 0.4 s; peak memory 1150 MiB.
2026-10-08T23:30:37Z INFO [1802/3744] aa5d29ce-dba4-4fb7-95ed-9e19fb816737: 17 internal nodes; 0.7 s; peak memory 1150 MiB.
2026-10-08T23:30:38Z INFO [1803/3744] aa5dae3f-889e-47a5-8da5-e68d06a639ff: 17 internal nodes; 0.6 s; peak memory 1150 MiB.
2026-10-08T23:30:39Z INFO [1804/3744] aa5e8ad9-7e35-4b23-8304-4b5b86f4979a: 28 internal nodes; 0.8 s; peak memory 1150 MiB.
2026-10-08T23:30:40Z INFO [1805/3744] aa5ec5c0-466b-419d-9098-59ae6290f8e5: 13 internal nodes; 0.9 s; peak memory 1150 MiB.
2026-10-08T23:30:41Z INFO [1806/3744] aa5f3a36-a0c2-4c61-b2b4-748137066199: 17 internal nodes; 0.8 s; peak memory 1150 MiB.
2026-10-08T23:30:44Z INFO [1807/3744] aa604b83-3e45-4e84-af51-9a3ccfa77c3e: 41 internal nodes; 3.4 s; peak memory 1150 MiB.
2026-10-08T23:30:46Z INFO [1808/3744] aa60bc5f-e575-4ad0-a25a-762379bc9609: 69 internal nodes; 1.5 s; peak memory 1150 MiB.
2026-10-08T23:30:47Z INFO [1809/3744] aa60c91a-5b2c-476b-983c-484a74595292: 56 internal nodes; 1.2 s; peak memory 1150 MiB.
2026-10-08T23:30:47Z INFO [1810/3744] aa627e90-9236-45d8-9d04-110f5a7edc23: 18 internal nodes; 0.7 s; peak memory 1150 MiB.
2026-10-08T23:30:56Z INFO [1811/3744] aa62a310-ecda-40a2-a2c9-3c8e1d0a10db: 71 internal nodes; 8.1 s; peak memory 1150 MiB.
2026-10-08T23:30:56Z INFO [1812/3744] aa62dacc-528e-43d8-be8d-5001e8a80f48: 28 internal nodes; 0.9 s; peak memory 1150 MiB.
2026-10-08T23:30:57Z INFO [1813/3744] aa62fe06-7d09-4f8c-9cce-6886d2f233c2: 31 internal nodes; 0.7 s; peak memory 1150 MiB.
2026-10-08T23:30:58Z INFO [1814/3744] aa6337ce-2cb7-45f6-9db6-0f0856f6ae07: 17 internal nodes; 0.7 s; peak memory 1150 MiB.
2026-10-08T23:31:06Z INFO [1815/3744] aa634b9f-f7d6-4ed1-9e75-ec9977d26e1f: 220 internal nodes; 8.5 s; peak memory 1150 MiB.
2026-10-08T23:31:07Z INFO [1816/3744] aa639d84-85f2-451d-bbce-7d14363f9525: 31 internal nodes; 1.0 s; peak memory 1150 MiB.
2026-10-08T23:31:09Z INFO [1817/3744] aa63c4bc-605f-439a-8a23-a660b38d4c9a: 60 internal nodes; 1.6 s; peak memory 1150 MiB.
2026-10-08T23:31:13Z INFO [1818/3744] aa63cdb0-2e95-440b-ad25-191eb6150b54: 114 internal nodes; 3.7 s; peak memory 1150 MiB.
2026-10-08T23:31:14Z INFO [1819/3744] aa63d960-24f6-47d1-b716-fe120a39f6ad: 31 internal nodes; 0.7 s; peak memory 1150 MiB.
2026-10-08T23:31:14Z INFO [1820/3744] aa6436d2-8209-4736-87b8-f438428cd14f: 19 internal nodes; 0.7 s; peak memory 1150 MiB.
2026-10-08T23:31:15Z INFO [1821/3744] aa649b48-e754-4ffa-af0a-8e81a0e33113: 27 internal nodes; 0.8 s; peak memory 1150 MiB.
2026-10-08T23:31:16Z INFO [1822/3744] aa6517f9-e885-418c-bb19-857687a2feea: 44 internal nodes; 1.3 s; peak memory 1150 MiB.
2026-10-08T23:31:17Z INFO [1823/3744] aa6572e0-dbe8-4b6a-afe7-34b92d5bba53: 31 internal nodes; 1.0 s; peak memory 1150 MiB.
2026-10-08T23:31:18Z INFO [1824/3744] aa65cf8e-e8d5-45d3-8deb-609d4e3810f1: 11 internal nodes; 0.4 s; peak memory 1150 MiB.
2026-10-08T23:31:19Z INFO [1825/3744] aa65e785-89ec-4ba2-9bb1-7136c51ef656: 17 internal nodes; 0.8 s; peak memory 1150 MiB.
2026-10-08T23:31:19Z INFO [1826/3744] aa66369b-9630-4ae1-b5fd-b8ad04ace830: 19 internal nodes; 0.6 s; peak memory 1150 MiB.
2026-10-08T23:31:20Z INFO [1827/3744] aa6665c5-ba5a-4552-a447-f22cde6fd0e3: 12 internal nodes; 0.7 s; peak memory 1150 MiB.
2026-10-08T23:31:21Z INFO [1828/3744] aa66bb0e-0013-4dea-8f2f-da3c1ebc942e: 29 internal nodes; 0.9 s; peak memory 1150 MiB.
2026-10-08T23:31:21Z INFO [1829/3744] aa6771c2-8411-4302-a29e-3146351fe60a: 27 internal nodes; 0.6 s; peak memory 1150 MiB.
2026-10-08T23:31:22Z INFO [1830/3744] aa6798ff-9da2-4736-9edf-ab808106fa95: 17 internal nodes; 0.5 s; peak memory 1150 MiB.
2026-10-08T23:31:23Z INFO [1831/3744] aa68adda-67bc-4665-9b9c-e0b77bcc25a3: 17 internal nodes; 0.6 s; peak memory 1150 MiB.
2026-10-08T23:31:23Z INFO [1832/3744] aa68c2c6-7be9-457f-83d6-b9f7d40c397a: 115 internal nodes; 0.6 s; peak memory 1150 MiB.
2026-10-08T23:31:24Z INFO [1833/3744] aa699323-147a-4577-8656-72fac81f4f9a: 69 internal nodes; 1.2 s; peak memory 1150 MiB.
2026-10-08T23:31:25Z INFO [1834/3744] aa699a2c-e183-47b8-b331-c806f1fe3272: 27 internal nodes; 0.8 s; peak memory 1150 MiB.
2026-10-08T23:31:26Z INFO [1835/3744] aa6a15d6-746d-49a1-bf7c-7f926396418e: 31 internal nodes; 1.2 s; peak memory 1150 MiB.
2026-10-08T23:31:27Z INFO [1836/3744] aa6a1e05-0e28-4cc6-8710-3be0185b7a9d: 52 internal nodes; 0.6 s; peak memory 1150 MiB.
2026-10-08T23:31:29Z INFO [1837/3744] aa6adcef-1b43-4231-a3e4-24f90616cb0e: 49 internal nodes; 2.0 s; peak memory 1150 MiB.
2026-10-08T23:31:33Z INFO [1838/3744] aa6b0359-c64e-44e7-adb2-2ac09adfdbf1: 132 internal nodes; 3.4 s; peak memory 1150 MiB.
2026-10-08T23:31:33Z INFO [1839/3744] aa6b1b30-85e5-45dc-8c49-b391d7dc0c37: 27 internal nodes; 0.7 s; peak memory 1150 MiB.
2026-10-08T23:31:34Z INFO [1840/3744] aa6c6b56-c756-420f-b31d-68eb2aa92fe9: 53 internal nodes; 1.1 s; peak memory 1150 MiB.
2026-10-08T23:31:35Z INFO [1841/3744] aa6cf0f8-5100-4c08-9783-fe87f292b18e: 18 internal nodes; 0.6 s; peak memory 1150 MiB.
2026-10-08T23:31:36Z INFO [1842/3744] aa6d2921-5a6f-4082-b9c4-4e7d9f19ea5a: 30 internal nodes; 1.0 s; peak memory 1150 MiB.
2026-10-08T23:31:37Z INFO [1843/3744] aa6daedd-b17a-4bc5-85f2-4d3333f7a33f: 30 internal nodes; 0.8 s; peak memory 1150 MiB.
2026-10-08T23:31:37Z INFO [1844/3744] aa6e4956-c11d-4da7-a717-8b14b4e31ad2: 17 internal nodes; 0.7 s; peak memory 1150 MiB.
2026-10-08T23:31:39Z INFO [1845/3744] aa6f49be-5bae-44f7-a84e-5a4dfa77dbc2: 47 internal nodes; 1.9 s; peak memory 1150 MiB.
2026-10-08T23:31:41Z INFO [1846/3744] aa706dfa-8dbc-48ac-884b-c550b05ced19: 54 internal nodes; 1.5 s; peak memory 1150 MiB.
2026-10-08T23:31:42Z INFO [1847/3744] aa70f27e-a22d-4987-a011-6a8863068adb: 27 internal nodes; 0.7 s; peak memory 1150 MiB.
2026-10-08T23:31:43Z INFO [1848/3744] aa7118c2-0ccb-4f09-95f7-11f94297c98a: 29 internal nodes; 1.2 s; peak memory 1150 MiB.
2026-10-08T23:31:52Z INFO [1849/3744] aa717e7f-b2e8-49c7-9796-c39ffb1e80d4: 89 internal nodes; 8.9 s; peak memory 1150 MiB.
2026-10-08T23:31:52Z INFO [1850/3744] aa71c1e0-1a84-4e46-a22a-95a8df6a821a: 24 internal nodes; 0.5 s; peak memory 1150 MiB.
2026-10-08T23:31:53Z INFO [1850/3744] aa71c1e0-1a84-4e46-a22a-95a8df6a821a: checkpointed 128920 new records.
2026-10-08T23:31:54Z INFO [1851/3744] aa724f54-3ffc-4537-a8cb-55499e488844: 47 internal nodes; 1.9 s; peak memory 1150 MiB.
2026-10-08T23:31:56Z INFO [1852/3744] aa72b61e-bb3d-4c2b-9986-699a96fee49c: 44 internal nodes; 1.7 s; peak memory 1150 MiB.
2026-10-08T23:31:57Z INFO [1853/3744] aa7391a4-f2db-4c23-8e71-6660a31b26c6: 19 internal nodes; 0.7 s; peak memory 1150 MiB.
2026-10-08T23:31:58Z INFO [1854/3744] aa73c9ae-6b01-4530-95fb-6ff46b28f223: 31 internal nodes; 1.2 s; peak memory 1150 MiB.
2026-10-08T23:31:59Z INFO [1855/3744] aa742058-962d-4d1c-acdd-dbc032de5320: 19 internal nodes; 0.8 s; peak memory 1150 MiB.
2026-10-08T23:32:03Z INFO [1856/3744] aa745d58-c2c9-46ca-b452-45f953907289: 105 internal nodes; 3.7 s; peak memory 1150 MiB.
2026-10-08T23:33:30Z INFO [1857/3744] aa74e4d7-a79b-4179-adf3-497fb1237edc: 566 internal nodes; 87.8 s; peak memory 1150 MiB.
2026-10-08T23:33:31Z INFO [1858/3744] aa74fb09-ceed-4d47-b3ca-6b22b1e6fbab: 22 internal nodes; 0.6 s; peak memory 1150 MiB.
2026-10-08T23:33:32Z INFO [1859/3744] aa755b6b-2648-447d-8ef7-8227cf9b72c0: 17 internal nodes; 0.6 s; peak memory 1150 MiB.
2026-10-08T23:33:37Z INFO [1860/3744] aa756ed4-8cbb-4039-ac13-ce7712dfb57c: 182 internal nodes; 5.8 s; peak memory 1150 MiB.
2026-10-08T23:33:38Z INFO [1861/3744] aa758084-aa3c-4daa-9be5-721329a03400: 27 internal nodes; 0.6 s; peak memory 1150 MiB.
2026-10-08T23:33:41Z INFO [1862/3744] aa75e2d5-9b47-4ae7-b495-f4919a837cad: 41 internal nodes; 2.6 s; peak memory 1150 MiB.
2026-10-08T23:33:41Z INFO [1863/3744] aa77440e-67e3-4ae2-a511-a4e1ebcb03a2: 26 internal nodes; 0.5 s; peak memory 1150 MiB.
2026-10-08T23:33:42Z INFO [1864/3744] aa7772f9-695f-4eb9-acdb-4ec2436b045a: 29 internal nodes; 1.0 s; peak memory 1150 MiB.
2026-10-08T23:33:43Z INFO [1865/3744] aa77e976-7e38-4aa8-9a44-18e4537bb5f2: 27 internal nodes; 0.7 s; peak memory 1150 MiB.
2026-10-08T23:33:52Z INFO [1866/3744] aa786b41-bbd4-4f2e-b3b3-670922d2134a: 81 internal nodes; 9.2 s; peak memory 1150 MiB.
2026-10-08T23:33:53Z INFO [1867/3744] aa7a0034-4675-4cd7-a45b-c4039b0965ff: 17 internal nodes; 0.8 s; peak memory 1150 MiB.
2026-10-08T23:33:54Z INFO [1868/3744] aa7b836d-6d32-4570-8453-ac76960aed77: 18 internal nodes; 1.0 s; peak memory 1150 MiB.
2026-10-08T23:33:55Z INFO [1869/3744] aa7bcfe2-2bee-4f11-9295-07c0c50737b7: 27 internal nodes; 0.7 s; peak memory 1150 MiB.
2026-10-08T23:33:56Z INFO [1870/3744] aa7bdec7-b5e4-41a5-8e58-8c4e6de3fa6d: 26 internal nodes; 1.0 s; peak memory 1150 MiB.
2026-10-08T23:33:56Z INFO [1871/3744] aa7c16a1-ac73-4a53-a977-0ad160d3a486: 17 internal nodes; 0.7 s; peak memory 1150 MiB.
2026-10-08T23:33:57Z INFO [1872/3744] aa7c5bc7-ebee-4658-a71f-fe12fff9a237: 24 internal nodes; 1.0 s; peak memory 1150 MiB.
2026-10-08T23:33:58Z INFO [1873/3744] aa7ce47c-0917-47db-a5de-d7a93be632ec: 27 internal nodes; 0.6 s; peak memory 1150 MiB.
2026-10-08T23:34:00Z INFO [1874/3744] aa7cf872-d88c-45f0-be5d-3f1a386b075e: 45 internal nodes; 2.5 s; peak memory 1150 MiB.
2026-10-08T23:34:05Z INFO [1875/3744] aa7d0bfb-2c44-4aa2-85da-53cc34ac8ed2: 54 internal nodes; 4.4 s; peak memory 1150 MiB.
2026-10-08T23:34:06Z INFO [1876/3744] aa7e0b0a-b8a1-4122-8f6f-5bf4120a9161: 29 internal nodes; 1.1 s; peak memory 1150 MiB.
2026-10-08T23:34:07Z INFO [1877/3744] aa7e49c8-c068-4fe4-bf02-92b2bfc29d98: 58 internal nodes; 1.0 s; peak memory 1150 MiB.
2026-10-08T23:34:08Z INFO [1878/3744] aa7fe015-4e7f-45bd-a43c-e001c3759e80: 26 internal nodes; 0.9 s; peak memory 1150 MiB.
2026-10-08T23:34:09Z INFO [1879/3744] aa804a33-67cb-4d76-adcb-fb5e75263740: 27 internal nodes; 0.9 s; peak memory 1150 MiB.
2026-10-08T23:34:10Z INFO [1880/3744] aa807e1d-c0af-4c5d-bcc8-02aba2a662a1: 119 internal nodes; 1.0 s; peak memory 1150 MiB.
2026-10-08T23:34:10Z INFO [1881/3744] aa81ae67-4c2d-49fe-9fb8-feae1fde7a9e: 17 internal nodes; 0.7 s; peak memory 1150 MiB.
2026-10-08T23:34:11Z INFO [1882/3744] aa81f160-377d-4c12-8629-189bfc2b0430: 6 internal nodes; 0.5 s; peak memory 1150 MiB.
2026-10-08T23:34:12Z INFO [1883/3744] aa823dc5-a2ea-49f5-9e3e-f78c273d0775: 116 internal nodes; 0.8 s; peak memory 1150 MiB.
2026-10-08T23:34:13Z INFO [1884/3744] aa8296db-8066-498f-9c5b-57c785bda1b6: 37 internal nodes; 0.9 s; peak memory 1150 MiB.
2026-10-08T23:34:14Z INFO [1885/3744] aa82c22b-a3b4-4390-84e5-390706e40f1f: 31 internal nodes; 1.1 s; peak memory 1150 MiB.
2026-10-08T23:34:14Z INFO [1886/3744] aa832031-f01e-462e-b0c8-bbbcf762e040: 19 internal nodes; 0.6 s; peak memory 1150 MiB.
2026-10-08T23:34:16Z INFO [1887/3744] aa83dee1-2aa8-4778-a5a3-35b493339aac: 27 internal nodes; 1.0 s; peak memory 1150 MiB.
2026-10-08T23:34:16Z INFO [1888/3744] aa8470c3-603d-4a17-a9fc-02eee20b0a6d: 58 internal nodes; 0.9 s; peak memory 1150 MiB.
2026-10-08T23:34:17Z INFO [1889/3744] aa84b50b-7c71-4d21-8cfa-952e36d93dbb: 17 internal nodes; 0.7 s; peak memory 1150 MiB.
2026-10-08T23:34:18Z INFO [1890/3744] aa850313-935d-4908-819b-5f284f52bf9a: 17 internal nodes; 0.6 s; peak memory 1150 MiB.
2026-10-08T23:34:19Z INFO [1891/3744] aa8578ae-8298-43df-82bd-639c0fa332a3: 17 internal nodes; 0.9 s; peak memory 1150 MiB.
2026-10-08T23:34:19Z INFO [1892/3744] aa860ee0-4058-4220-9b21-0f56d5592e95: 17 internal nodes; 0.5 s; peak memory 1150 MiB.
2026-10-08T23:34:22Z INFO [1893/3744] aa86f5fb-4c47-4316-8c94-86cec2066fa4: 124 internal nodes; 3.4 s; peak memory 1150 MiB.
2026-10-08T23:34:27Z INFO [1894/3744] aa8822a3-7758-4619-9e3d-71e42ef60a47: 188 internal nodes; 4.5 s; peak memory 1150 MiB.
2026-10-08T23:34:32Z INFO [1895/3744] aa889555-6784-416d-970d-8b031394e36d: 177 internal nodes; 5.0 s; peak memory 1150 MiB.
2026-10-08T23:34:33Z INFO [1896/3744] aa88bb4f-655b-45a3-bf7e-1b5cf93bc4a8: 27 internal nodes; 1.1 s; peak memory 1150 MiB.
2026-10-08T23:34:35Z INFO [1897/3744] aa892d6b-9223-4d77-9dd9-3187f3cd63ef: 66 internal nodes; 1.6 s; peak memory 1150 MiB.
2026-10-08T23:34:39Z INFO [1898/3744] aa896b44-7d02-4d3a-8a07-bee4ba327a28: 299 internal nodes; 4.7 s; peak memory 1150 MiB.
2026-10-08T23:34:40Z INFO [1899/3744] aa8981eb-3e2e-4cb4-bec7-5bf7a8c4f94f: 17 internal nodes; 0.7 s; peak memory 1150 MiB.
2026-10-08T23:34:41Z INFO [1900/3744] aa89fd25-5277-43fb-b111-a9d98635020d: 19 internal nodes; 0.9 s; peak memory 1150 MiB.
2026-10-08T23:34:42Z INFO [1900/3744] aa89fd25-5277-43fb-b111-a9d98635020d: checkpointed 128970 new records.
2026-10-08T23:34:48Z INFO [1901/3744] aa8a1f7d-003b-4e62-995d-5ac8a93c42ed: 60 internal nodes; 7.0 s; peak memory 1150 MiB.
2026-10-08T23:34:49Z INFO [1902/3744] aa8a75bf-958e-49f5-b849-b90394fd5857: 17 internal nodes; 0.7 s; peak memory 1150 MiB.
2026-10-08T23:34:50Z INFO [1903/3744] aa8af381-ebb4-4304-8969-ab2abb1925f1: 17 internal nodes; 0.8 s; peak memory 1150 MiB.
2026-10-08T23:34:51Z INFO [1904/3744] aa8ba888-0b4b-41ad-8686-37d603dda443: 31 internal nodes; 1.2 s; peak memory 1150 MiB.
2026-10-08T23:34:52Z INFO [1905/3744] aa8be350-1efc-4feb-93b3-3367283c14f7: 17 internal nodes; 0.7 s; peak memory 1150 MiB.
2026-10-08T23:34:52Z INFO [1906/3744] aa8c6a3b-c3f0-41fc-82b9-6f0c56356c1d: 18 internal nodes; 0.5 s; peak memory 1150 MiB.
2026-10-08T23:34:53Z INFO [1907/3744] aa8dd0b7-fc31-409d-88bc-4d541e230f83: 63 internal nodes; 1.1 s; peak memory 1150 MiB.
2026-10-08T23:34:54Z INFO [1908/3744] aa8e63b0-418a-4c6b-9d71-2900f5f3ef9a: 115 internal nodes; 0.9 s; peak memory 1150 MiB.
2026-10-08T23:34:55Z INFO [1909/3744] aa8ec00a-c799-4811-b8cf-0d24fa84dfe8: 17 internal nodes; 0.6 s; peak memory 1150 MiB.
2026-10-08T23:34:59Z INFO [1910/3744] aa8efaee-96bc-4038-a1fa-99207f5b12b3: 41 internal nodes; 4.0 s; peak memory 1150 MiB.
2026-10-08T23:35:01Z INFO [1911/3744] aa8f250d-45c7-4379-8b00-0810a057cb5c: 59 internal nodes; 1.5 s; peak memory 1150 MiB.
2026-10-08T23:35:02Z INFO [1912/3744] aa8f3c01-718b-47f2-9efd-415745523d07: 28 internal nodes; 1.1 s; peak memory 1150 MiB.
2026-10-08T23:35:03Z INFO [1913/3744] aa8f460d-1dc4-4e02-b3f6-7852a577e383: 55 internal nodes; 1.0 s; peak memory 1150 MiB.
2026-10-08T23:35:03Z INFO [1914/3744] aa905b36-e009-4564-b3c9-a487f7053b0b: 11 internal nodes; 0.5 s; peak memory 1150 MiB.
2026-10-08T23:35:06Z INFO [1915/3744] aa909400-bdd8-4056-b954-724af06e44a0: 45 internal nodes; 2.6 s; peak memory 1150 MiB.
2026-10-08T23:35:06Z INFO [1916/3744] aa913b31-cd74-41f2-afeb-6e715fb9d77c: 27 internal nodes; 0.5 s; peak memory 1150 MiB.
2026-10-08T23:35:07Z INFO [1917/3744] aa914c6d-c75a-42ef-953d-b682b631a77c: 17 internal nodes; 0.7 s; peak memory 1150 MiB.
2026-10-08T23:35:11Z INFO [1918/3744] aa924776-c78c-4e20-8733-45b2e5880727: 127 internal nodes; 4.1 s; peak memory 1150 MiB.
2026-10-08T23:35:14Z INFO [1919/3744] aa93326a-ce14-4aa0-aabd-3abc0eb10694: 46 internal nodes; 2.7 s; peak memory 1150 MiB.
2026-10-08T23:35:14Z INFO [1920/3744] aa952f17-f587-42e5-beb3-ad62bea951ea: 16 internal nodes; 0.6 s; peak memory 1150 MiB.
2026-10-08T23:35:15Z INFO [1921/3744] aa96ad91-0133-4413-a9fe-cc2b4d596526: 27 internal nodes; 1.0 s; peak memory 1150 MiB.
2026-10-08T23:35:16Z INFO [1922/3744] aa9713c4-6ec2-4cdb-b70d-581ca7c6ed53: 31 internal nodes; 1.1 s; peak memory 1150 MiB.
2026-10-08T23:35:17Z INFO [1923/3744] aa981e32-59aa-4aff-a454-a0152009a289: 29 internal nodes; 0.8 s; peak memory 1150 MiB.
2026-10-08T23:35:18Z INFO [1924/3744] aa984fc1-c391-4d58-8170-9c01be2ab947: 17 internal nodes; 0.8 s; peak memory 1150 MiB.
2026-10-08T23:35:19Z INFO [1925/3744] aa98ac02-bb97-4074-8731-67818b4fe544: 17 internal nodes; 0.7 s; peak memory 1150 MiB.
2026-10-08T23:35:20Z INFO [1926/3744] aa9921d5-2a9d-4b09-b132-3100a9da1c38: 31 internal nodes; 1.1 s; peak memory 1150 MiB.
2026-10-08T23:35:21Z INFO [1927/3744] aa9a9d8f-6655-40b8-b9c4-fae42b011c8b: 95 internal nodes; 1.5 s; peak memory 1150 MiB.
2026-10-08T23:35:22Z INFO [1928/3744] aa9abaac-10da-4a41-a65b-16510d90bfda: 18 internal nodes; 0.8 s; peak memory 1150 MiB.
2026-10-08T23:35:23Z INFO [1929/3744] aa9afb37-51b8-4c44-886a-66d4f94bf9d8: 27 internal nodes; 0.8 s; peak memory 1150 MiB.
2026-10-08T23:35:27Z INFO [1930/3744] aa9b2e6e-ea9d-4ada-8421-14149d1e04d0: 61 internal nodes; 4.6 s; peak memory 1150 MiB.
2026-10-08T23:35:28Z INFO [1931/3744] aa9b473e-7a8d-49f7-8f43-9dc8cf7fa613: 29 internal nodes; 0.9 s; peak memory 1150 MiB.
2026-10-08T23:35:29Z INFO [1932/3744] aa9bdeb5-63e1-4b0e-a66c-47239d2d6d6f: 18 internal nodes; 0.7 s; peak memory 1150 MiB.
2026-10-08T23:35:30Z INFO [1933/3744] aa9c4511-7b1c-4a8c-a9a5-8da11758aec5: 17 internal nodes; 0.9 s; peak memory 1150 MiB.
2026-10-08T23:35:31Z INFO [1934/3744] aa9c8bf8-f79c-4e12-be15-5a6b6f574c98: 17 internal nodes; 0.8 s; peak memory 1150 MiB.
2026-10-08T23:35:31Z INFO [1935/3744] aa9ce6a4-568a-493d-bba5-3415a06df5ca: 17 internal nodes; 0.5 s; peak memory 1150 MiB.
2026-10-08T23:35:32Z INFO [1936/3744] aa9d8ae0-c18c-4883-bd88-7719f5ca2243: 27 internal nodes; 1.0 s; peak memory 1150 MiB.
2026-10-08T23:35:33Z INFO [1937/3744] aa9dcfb0-6e18-4681-ad8c-7ada3a0ef8bd: 119 internal nodes; 1.1 s; peak memory 1150 MiB.
2026-10-08T23:35:36Z INFO [1938/3744] aa9f1a37-a2d4-44b5-b50a-347531017e7d: 118 internal nodes; 2.8 s; peak memory 1150 MiB.
2026-10-08T23:35:37Z INFO [1939/3744] aa9f5edf-156d-41d5-b4e6-ea6413fce533: 12 internal nodes; 0.5 s; peak memory 1150 MiB.
2026-10-08T23:35:38Z INFO [1940/3744] aaa11324-2a96-490d-ad80-0e0c92a890c9: 27 internal nodes; 0.9 s; peak memory 1150 MiB.
2026-10-08T23:35:39Z INFO [1941/3744] aaa1593f-8601-4e9f-8928-c5e59766547a: 36 internal nodes; 0.9 s; peak memory 1150 MiB.
2026-10-08T23:35:40Z INFO [1942/3744] aaa1db87-5eda-434d-9d9e-872cccb8366b: 44 internal nodes; 1.7 s; peak memory 1150 MiB.
2026-10-08T23:35:41Z INFO [1943/3744] aaa2c056-362a-45d2-87e8-316d75524765: 21 internal nodes; 0.7 s; peak memory 1150 MiB.
2026-10-08T23:35:42Z INFO [1944/3744] aaa41f56-4ea2-45cf-88f1-69e47e3bcc25: 54 internal nodes; 1.1 s; peak memory 1150 MiB.
2026-10-08T23:35:43Z INFO [1945/3744] aaa4e5ce-e09a-44b2-a36f-dbb045f8eb69: 115 internal nodes; 0.7 s; peak memory 1150 MiB.
2026-10-08T23:35:50Z INFO [1946/3744] aaa4f8d2-5bf4-42c7-98fa-9aa1ef7ddd0a: 2317 internal nodes; 6.9 s; peak memory 1150 MiB.
2026-10-08T23:35:51Z INFO [1947/3744] aaa626eb-f3b6-418f-ab70-c5ba4a94ce59: 27 internal nodes; 1.0 s; peak memory 1150 MiB.
2026-10-08T23:35:55Z INFO [1948/3744] aaa632ec-2d70-4e06-bce9-aa233e123ea7: 1964 internal nodes; 4.6 s; peak memory 1150 MiB.
2026-10-08T23:35:57Z INFO [1949/3744] aaa63a12-6c70-41e1-a2b4-859d6636eb48: 72 internal nodes; 1.8 s; peak memory 1150 MiB.
2026-10-08T23:36:02Z INFO [1950/3744] aaa67a5a-dfc6-4408-b06b-3633481892f9: 177 internal nodes; 4.6 s; peak memory 1150 MiB.
2026-10-08T23:36:02Z INFO [1950/3744] aaa67a5a-dfc6-4408-b06b-3633481892f9: checkpointed 129020 new records.
2026-10-08T23:36:03Z INFO [1951/3744] aaa792b2-e206-4a7a-b132-3d763cf16003: 17 internal nodes; 0.7 s; peak memory 1150 MiB.
2026-10-08T23:36:03Z INFO [1952/3744] aaa79aa1-17da-4332-b103-f690c10bb83b: 19 internal nodes; 0.6 s; peak memory 1150 MiB.
2026-10-08T23:36:07Z INFO [1953/3744] aaa8dec8-a23b-4951-a6d3-bd5396ec266b: 151 internal nodes; 4.1 s; peak memory 1150 MiB.
2026-10-08T23:36:09Z INFO [1954/3744] aaa999b4-bb29-4d41-b874-2e70c9535933: 66 internal nodes; 1.8 s; peak memory 1150 MiB.
2026-10-08T23:36:10Z INFO [1955/3744] aaa9cbb5-093d-4add-a8dc-a146cb29e4e9: 28 internal nodes; 1.0 s; peak memory 1150 MiB.
2026-10-08T23:36:11Z INFO [1956/3744] aaaa1c9f-781a-4a52-9399-39e7ec2c2da3: 17 internal nodes; 1.0 s; peak memory 1150 MiB.
2026-10-08T23:36:12Z INFO [1957/3744] aaaa36dc-7ac5-4359-aa72-39babab33730: 17 internal nodes; 0.8 s; peak memory 1150 MiB.
2026-10-08T23:36:13Z INFO [1958/3744] aaab685d-5204-477f-b206-15d56fc210f7: 115 internal nodes; 0.8 s; peak memory 1150 MiB.
2026-10-08T23:36:13Z INFO [1959/3744] aaace60d-b2b5-4ddf-9e54-72ac0088a781: 15 internal nodes; 0.4 s; peak memory 1150 MiB.
2026-10-08T23:36:17Z INFO [1960/3744] aaad301d-12eb-4b4b-9da7-53af69e1bd65: 54 internal nodes; 3.9 s; peak memory 1150 MiB.
2026-10-08T23:36:18Z INFO [1961/3744] aaadbd75-c7de-4242-93ea-104267bbaac6: 17 internal nodes; 0.6 s; peak memory 1150 MiB.
2026-10-08T23:36:19Z INFO [1962/3744] aab096f9-3474-4aee-9cf0-d53122090c09: 31 internal nodes; 0.9 s; peak memory 1150 MiB.
2026-10-08T23:36:20Z INFO [1963/3744] aab1e33c-2e76-497a-a8ee-af5d81fef6cf: 23 internal nodes; 1.1 s; peak memory 1150 MiB.
2026-10-08T23:36:20Z INFO [1964/3744] aab207b1-90ed-4f91-86be-f07ff58c1e68: 11 internal nodes; 0.5 s; peak memory 1150 MiB.
2026-10-08T23:36:21Z INFO [1965/3744] aab25aff-c88a-4e8b-97b4-9cfbb6357e72: 27 internal nodes; 0.7 s; peak memory 1150 MiB.
2026-10-08T23:36:27Z INFO [1966/3744] aab395dd-3004-408b-9cd1-05a79c5645bb: 177 internal nodes; 5.8 s; peak memory 1150 MiB.
2026-10-08T23:36:28Z INFO [1967/3744] aab3becd-a8e0-44aa-a586-a3d1e78163a4: 30 internal nodes; 1.1 s; peak memory 1150 MiB.
2026-10-08T23:36:29Z INFO [1968/3744] aab3dd68-7617-453b-98c7-76252210e9ef: 27 internal nodes; 0.7 s; peak memory 1150 MiB.
2026-10-08T23:36:33Z INFO [1969/3744] aab48a8d-310f-4026-a3f4-2bf52ee8b331: 67 internal nodes; 4.3 s; peak memory 1150 MiB.
2026-10-08T23:36:34Z INFO [1970/3744] aab4a6ce-fb72-443a-a921-ea371d0dd2e7: 13 internal nodes; 0.7 s; peak memory 1150 MiB.
2026-10-08T23:36:38Z INFO [1971/3744] aab5317e-de38-4634-92c2-d76bf6f00d9a: 177 internal nodes; 4.0 s; peak memory 1150 MiB.
2026-10-08T23:36:38Z INFO [1972/3744] aab5da5c-b0ac-41dd-96c8-113f32d53c3d: 17 internal nodes; 0.7 s; peak memory 1150 MiB.
2026-10-08T23:36:39Z INFO [1973/3744] aab6235a-0144-4072-9a35-c7a3008b9870: 39 internal nodes; 0.8 s; peak memory 1150 MiB.
2026-10-08T23:36:40Z INFO [1974/3744] aab6e27a-9a02-4850-a56d-994a3509d221: 29 internal nodes; 0.9 s; peak memory 1150 MiB.
2026-10-08T23:36:42Z INFO [1975/3744] aab754e9-a661-45e1-8a1f-7189add2d5e1: 31 internal nodes; 2.0 s; peak memory 1150 MiB.
2026-10-08T23:36:43Z INFO [1976/3744] aab7ac04-bdfa-4285-bdf9-a0e77d94b001: 27 internal nodes; 0.8 s; peak memory 1150 MiB.
2026-10-08T23:36:44Z INFO [1977/3744] aab7f765-3954-4812-b54c-6a4dc8acfe12: 31 internal nodes; 0.7 s; peak memory 1150 MiB.
2026-10-08T23:36:44Z INFO [1978/3744] aab83e82-8e8f-4e3b-b9d7-ab7089526af9: 16 internal nodes; 0.6 s; peak memory 1150 MiB.
2026-10-08T23:36:45Z INFO [1979/3744] aab92251-1c43-4ed1-9f6f-d5e4010acf32: 17 internal nodes; 0.7 s; peak memory 1150 MiB.
2026-10-08T23:36:46Z INFO [1980/3744] aab9334e-b68f-4ca6-aaa2-e8e648b257b3: 18 internal nodes; 0.9 s; peak memory 1150 MiB.
2026-10-08T23:36:47Z INFO [1981/3744] aab95166-382b-4466-b17f-21a4a827a46d: 31 internal nodes; 0.7 s; peak memory 1150 MiB.
2026-10-08T23:36:47Z INFO [1982/3744] aab9538d-d44d-4f52-a01d-407404e82067: 19 internal nodes; 0.7 s; peak memory 1150 MiB.
2026-10-08T23:36:48Z INFO [1983/3744] aab97825-58e0-47a5-8049-cdaf54b8329b: 63 internal nodes; 0.9 s; peak memory 1150 MiB.
2026-10-08T23:36:49Z INFO [1984/3744] aab9f46f-0fb5-4902-a9b3-a5373608dc1e: 17 internal nodes; 0.7 s; peak memory 1150 MiB.
2026-10-08T23:36:50Z INFO [1985/3744] aaba51ca-a9de-4fd0-82c6-2a3e60ff99b7: 27 internal nodes; 1.0 s; peak memory 1150 MiB.
2026-10-08T23:36:51Z INFO [1986/3744] aabadf75-1d20-4eed-879d-99d5c43e545d: 23 internal nodes; 0.7 s; peak memory 1150 MiB.
2026-10-08T23:36:55Z INFO [1987/3744] aabb19f7-56b6-4f31-a743-44ccec07a8e0: 158 internal nodes; 4.2 s; peak memory 1150 MiB.
2026-10-08T23:37:03Z INFO [1988/3744] aabc58c1-efcc-415d-8f85-afb3d5710365: 84 internal nodes; 8.6 s; peak memory 1150 MiB.
2026-10-08T23:37:06Z INFO [1989/3744] aabc8fcb-f461-49df-a2d8-729f4e35cb3e: 44 internal nodes; 2.1 s; peak memory 1150 MiB.
2026-10-08T23:37:06Z INFO [1990/3744] aabcd5b3-52c3-4b79-b14c-ea17490f733a: 17 internal nodes; 0.6 s; peak memory 1150 MiB.
2026-10-08T23:37:08Z INFO [1991/3744] aabd963e-c638-4727-bdea-086abe203b82: 66 internal nodes; 1.5 s; peak memory 1150 MiB.
2026-10-08T23:37:08Z INFO [1992/3744] aabe4c7f-5139-45cd-bd5a-1db61d5a0a4f: 17 internal nodes; 0.6 s; peak memory 1150 MiB.
2026-10-08T23:37:09Z INFO [1993/3744] aabeee74-8185-415a-926b-71e7ed079676: 17 internal nodes; 1.0 s; peak memory 1150 MiB.
2026-10-08T23:37:10Z INFO [1994/3744] aac0db1e-caed-4ab4-b455-80bb9ef5c74a: 11 internal nodes; 0.4 s; peak memory 1150 MiB.
2026-10-08T23:37:11Z INFO [1995/3744] aac11709-697e-46ed-8f29-d3babf8eb0d8: 17 internal nodes; 0.8 s; peak memory 1150 MiB.
2026-10-08T23:37:11Z INFO [1996/3744] aac165d3-ce83-4693-910c-aa0e7ee62187: 19 internal nodes; 0.5 s; peak memory 1150 MiB.
2026-10-08T23:37:12Z INFO [1997/3744] aac18ea7-2b91-4db0-aad9-1c11354270f6: 17 internal nodes; 0.7 s; peak memory 1150 MiB.
2026-10-08T23:37:12Z INFO [1998/3744] aac1ebd1-a4d8-4c5e-8a64-72e6aa3feaae: 17 internal nodes; 0.6 s; peak memory 1150 MiB.
2026-10-08T23:37:13Z INFO [1999/3744] aac57841-def7-4661-9914-f8dd1ec45a3b: 17 internal nodes; 0.7 s; peak memory 1150 MiB.
2026-10-08T23:37:13Z INFO [2000/3744] aac6409e-4cb0-41a9-a0a9-6beaf2ce4e76: 13 internal nodes; 0.4 s; peak memory 1150 MiB.
2026-10-08T23:37:14Z INFO [2000/3744] aac6409e-4cb0-41a9-a0a9-6beaf2ce4e76: checkpointed 129070 new records.
2026-10-08T23:37:15Z INFO [2001/3744] aac69703-9839-459c-b12c-fecb45b0c21c: 69 internal nodes; 1.2 s; peak memory 1150 MiB.
2026-10-08T23:37:16Z INFO [2002/3744] aac7d509-9dcb-445b-acf8-9e6810221937: 26 internal nodes; 0.5 s; peak memory 1150 MiB.
2026-10-08T23:37:16Z INFO [2003/3744] aac82e15-1370-4638-9020-b6fad6a63c4a: 27 internal nodes; 0.7 s; peak memory 1150 MiB.
2026-10-08T23:37:17Z INFO [2004/3744] aac840c2-9125-4776-a7bb-355da7d0325e: 17 internal nodes; 0.5 s; peak memory 1150 MiB.
2026-10-08T23:37:18Z INFO [2005/3744] aac86fc6-e8ee-4f27-bb12-3174ba20dbf9: 44 internal nodes; 1.4 s; peak memory 1150 MiB.
2026-10-08T23:37:19Z INFO [2006/3744] aac87e46-8e9a-42b5-8f68-141cf2684d20: 19 internal nodes; 0.6 s; peak memory 1150 MiB.
2026-10-08T23:37:22Z INFO [2007/3744] aac8fdd6-e138-4bd4-b257-4c98f20f6018: 177 internal nodes; 3.4 s; peak memory 1150 MiB.
2026-10-08T23:37:23Z INFO [2008/3744] aac91f8c-f1fe-4827-9ed3-8d979cd622e9: 29 internal nodes; 1.1 s; peak memory 1150 MiB.
2026-10-08T23:37:24Z INFO [2009/3744] aacb0032-b5e6-44c3-a3f4-f569d6865cc1: 23 internal nodes; 0.9 s; peak memory 1150 MiB.
2026-10-08T23:37:25Z INFO [2010/3744] aacb143f-bc2f-412b-81ed-f528cab5a7ad: 27 internal nodes; 0.7 s; peak memory 1150 MiB.
2026-10-08T23:37:26Z INFO [2011/3744] aacc0215-8ab8-4bbf-93fd-db44b1803122: 67 internal nodes; 1.4 s; peak memory 1150 MiB.
2026-10-08T23:37:33Z INFO [2012/3744] aacc6178-aecf-4a6f-a101-53e53096c999: 225 internal nodes; 6.4 s; peak memory 1150 MiB.
2026-10-08T23:37:33Z INFO [2013/3744] aacc7900-21ae-4415-b054-f9fd6c1e6dee: 118 internal nodes; 0.8 s; peak memory 1150 MiB.
2026-10-08T23:37:34Z INFO [2014/3744] aacc917f-ef34-4425-8aaa-734550305341: 17 internal nodes; 0.8 s; peak memory 1150 MiB.
2026-10-08T23:37:35Z INFO [2015/3744] aacd20e1-c606-4fb0-9630-f57e8f745024: 29 internal nodes; 0.7 s; peak memory 1150 MiB.
2026-10-08T23:37:36Z INFO [2016/3744] aacd9b66-638e-46fb-9060-f9c8cbb416cd: 27 internal nodes; 0.7 s; peak memory 1150 MiB.
2026-10-08T23:37:43Z INFO [2017/3744] aace48c1-8571-4897-9d7e-bec26e99e326: 214 internal nodes; 7.8 s; peak memory 1150 MiB.
2026-10-08T23:37:45Z INFO [2018/3744] aacf68dc-c06c-4239-8c77-64e23aff63c1: 29 internal nodes; 1.1 s; peak memory 1150 MiB.
2026-10-08T23:37:46Z INFO [2019/3744] aacf7a94-b6b6-428c-9802-f56f6406e660: 31 internal nodes; 1.2 s; peak memory 1150 MiB.
2026-10-08T23:37:47Z INFO [2020/3744] aacf8c06-0667-4eb0-ba96-e168a55fa9e3: 31 internal nodes; 0.9 s; peak memory 1150 MiB.
2026-10-08T23:37:47Z INFO [2021/3744] aad02400-306a-4c9f-8e69-c55e4244fe54: 13 internal nodes; 0.7 s; peak memory 1150 MiB.
2026-10-08T23:37:48Z INFO [2022/3744] aad02bcb-2e43-490e-895c-04af1497d1cc: 17 internal nodes; 0.8 s; peak memory 1150 MiB.
2026-10-08T23:37:49Z INFO [2023/3744] aad23a98-afa2-480e-8b1a-810b23bf7e2d: 31 internal nodes; 1.0 s; peak memory 1150 MiB.
2026-10-08T23:37:50Z INFO [2024/3744] aad26709-e087-4ecb-9e5b-d59dcf0d4399: 27 internal nodes; 0.6 s; peak memory 1150 MiB.
2026-10-08T23:37:51Z INFO [2025/3744] aad2aa1d-ba8d-4150-879f-30255ff667f8: 27 internal nodes; 0.6 s; peak memory 1150 MiB.
2026-10-08T23:37:51Z INFO [2026/3744] aad2aa5f-bb49-421a-92dc-3fd81f45a2ce: 31 internal nodes; 0.9 s; peak memory 1150 MiB.
2026-10-08T23:37:52Z INFO [2027/3744] aad33fe3-2581-41ee-8371-9d27c2aa6392: 116 internal nodes; 1.1 s; peak memory 1150 MiB.
2026-10-08T23:37:53Z INFO [2028/3744] aad3df30-01fb-41b2-932e-628a70532255: 27 internal nodes; 1.0 s; peak memory 1150 MiB.
2026-10-08T23:37:54Z INFO [2029/3744] aad52abd-2211-4f42-b8cc-986d0962d663: 27 internal nodes; 1.0 s; peak memory 1150 MiB.
2026-10-08T23:37:55Z INFO [2030/3744] aad5ec8c-5569-43e7-a143-17755a5d91ed: 17 internal nodes; 0.5 s; peak memory 1150 MiB.
2026-10-08T23:37:56Z INFO [2031/3744] aad5f357-5ca4-4c9f-95ad-647c7447ae56: 18 internal nodes; 0.6 s; peak memory 1150 MiB.
2026-10-08T23:37:56Z INFO [2032/3744] aad5f5f4-37f5-4f2a-a6fa-a7ca5441ad0d: 27 internal nodes; 0.7 s; peak memory 1150 MiB.
2026-10-08T23:37:57Z INFO [2033/3744] aad6132a-5325-43b8-8913-2a6a3751c4e6: 11 internal nodes; 0.4 s; peak memory 1150 MiB.
2026-10-08T23:37:57Z INFO [2034/3744] aad65f71-a8dd-4b2b-8435-4754fc6b4d4e: 18 internal nodes; 0.7 s; peak memory 1150 MiB.
2026-10-08T23:37:58Z INFO [2035/3744] aad6fa49-7bbd-4029-878d-4080023fe1fb: 13 internal nodes; 0.6 s; peak memory 1150 MiB.
2026-10-08T23:37:59Z INFO [2036/3744] aad714b4-4ba2-4d79-a9d7-fea56aa15ef4: 17 internal nodes; 0.7 s; peak memory 1150 MiB.
2026-10-08T23:37:59Z INFO [2037/3744] aad717d5-b8af-40bf-b49f-40d5ddc74078: 18 internal nodes; 0.8 s; peak memory 1150 MiB.
2026-10-08T23:38:01Z INFO [2038/3744] aad71dcc-ef98-4840-8e59-0fa411de7917: 116 internal nodes; 1.2 s; peak memory 1150 MiB.
2026-10-08T23:38:01Z INFO [2039/3744] aad8a23b-f3b7-4dec-9998-dbdcd4366a73: 83 internal nodes; 0.9 s; peak memory 1150 MiB.
2026-10-08T23:38:02Z INFO [2040/3744] aad976c5-b406-4762-9ca0-8c640ffc85bf: 11 internal nodes; 0.4 s; peak memory 1150 MiB.
2026-10-08T23:38:03Z INFO [2041/3744] aad9adc7-42fa-4a86-8db1-8073fb289175: 22 internal nodes; 0.8 s; peak memory 1150 MiB.
2026-10-08T23:38:04Z INFO [2042/3744] aada15b3-6228-430f-b6d5-15c0d747b0b0: 28 internal nodes; 1.0 s; peak memory 1150 MiB.
2026-10-08T23:38:09Z INFO [2043/3744] aada3157-b54b-4002-95a6-8dd2920b50d5: 65 internal nodes; 4.7 s; peak memory 1150 MiB.
2026-10-08T23:38:09Z INFO [2044/3744] aada7e13-80b1-4a95-8f93-1fbd1cda242b: 11 internal nodes; 0.5 s; peak memory 1150 MiB.
2026-10-08T23:38:10Z INFO [2045/3744] aadaa129-d5b9-4b59-ad15-31cd0e142eb1: 37 internal nodes; 1.2 s; peak memory 1150 MiB.
2026-10-08T23:38:11Z INFO [2046/3744] aadb0048-fe86-4de4-9670-3763cb507ca5: 17 internal nodes; 0.9 s; peak memory 1150 MiB.
2026-10-08T23:38:15Z INFO [2047/3744] aadbabc9-4c32-4313-8814-40246584774b: 129 internal nodes; 3.7 s; peak memory 1150 MiB.
2026-10-08T23:38:16Z INFO [2048/3744] aadbcff5-20d1-412a-8a1e-261aa83ebd0d: 91 internal nodes; 0.8 s; peak memory 1150 MiB.
2026-10-08T23:38:17Z INFO [2049/3744] aadc5679-e84a-439b-843d-d93309772777: 29 internal nodes; 1.1 s; peak memory 1150 MiB.
2026-10-08T23:38:18Z INFO [2050/3744] aadd000e-3aea-436a-8ed2-751eec51cff8: 35 internal nodes; 1.2 s; peak memory 1150 MiB.
2026-10-08T23:38:18Z INFO [2050/3744] aadd000e-3aea-436a-8ed2-751eec51cff8: checkpointed 129120 new records.
2026-10-08T23:38:19Z INFO [2051/3744] aadd2658-2224-4dfa-b5b2-7b757267d262: 23 internal nodes; 0.6 s; peak memory 1150 MiB.
2026-10-08T23:38:22Z INFO [2052/3744] aadd3845-4f17-4efe-bf0d-5313ef79d2bf: 87 internal nodes; 2.8 s; peak memory 1150 MiB.
2026-10-08T23:38:22Z INFO [2053/3744] aadda08b-69ce-4d7f-b12a-be101bfbd488: 27 internal nodes; 0.9 s; peak memory 1150 MiB.
2026-10-08T23:38:23Z INFO [2054/3744] aadecc33-3eac-43c5-a45f-12fcf4a3c445: 27 internal nodes; 0.8 s; peak memory 1150 MiB.
2026-10-08T23:38:24Z INFO [2055/3744] aadfd71b-0168-45d0-9ec1-d54b7a1188fd: 13 internal nodes; 0.8 s; peak memory 1150 MiB.
2026-10-08T23:38:25Z INFO [2056/3744] aadff76d-1516-46c0-8826-cfaa70e2dc93: 59 internal nodes; 0.7 s; peak memory 1150 MiB.
2026-10-08T23:38:26Z INFO [2057/3744] aae0c2d9-49d1-4464-ab55-36e632dc6b6b: 37 internal nodes; 1.5 s; peak memory 1150 MiB.
2026-10-08T23:38:36Z INFO [2058/3744] aae17b15-a2e9-4331-90d1-30467051f616: 137 internal nodes; 9.9 s; peak memory 1150 MiB.
2026-10-08T23:38:37Z INFO [2059/3744] aae283f1-48ac-4908-85c4-0f3fa0a2a3c1: 37 internal nodes; 1.1 s; peak memory 1150 MiB.
2026-10-08T23:38:38Z INFO [2060/3744] aae29ff0-70d0-43ec-9f89-9f5162b4681c: 24 internal nodes; 0.8 s; peak memory 1150 MiB.
2026-10-08T23:38:44Z INFO [2061/3744] aae302e3-e105-48d2-9a1a-98f8608bfdfd: 166 internal nodes; 6.3 s; peak memory 1150 MiB.
2026-10-08T23:38:56Z INFO [2062/3744] aae31f73-6c20-4656-97a1-4aad7003ac7f: 536 internal nodes; 11.7 s; peak memory 1150 MiB.
2026-10-08T23:38:57Z INFO [2063/3744] aae3a246-4370-431b-a3d7-e1aa6275c41e: 27 internal nodes; 0.8 s; peak memory 1150 MiB.
2026-10-08T23:38:58Z INFO [2064/3744] aae45960-ab07-412f-ad66-1d6b70aeb470: 17 internal nodes; 0.6 s; peak memory 1150 MiB.
2026-10-08T23:38:59Z INFO [2065/3744] aae539ff-3561-4b3f-9a8a-39eabeb790c3: 31 internal nodes; 1.2 s; peak memory 1150 MiB.
2026-10-08T23:39:00Z INFO [2066/3744] aae5662c-08ed-429d-8d27-23196a76b111: 27 internal nodes; 0.8 s; peak memory 1150 MiB.
2026-10-08T23:39:00Z INFO [2067/3744] aae66de8-eb5b-47f9-9593-007b6c6e1a09: 17 internal nodes; 0.6 s; peak memory 1150 MiB.
2026-10-08T23:39:01Z INFO [2068/3744] aae7b4ed-3034-4f38-a456-3edc965a58a6: 25 internal nodes; 0.4 s; peak memory 1150 MiB.
2026-10-08T23:39:01Z INFO [2069/3744] aae7eeec-62c6-4d09-bed2-727cb78fdd22: 11 internal nodes; 0.5 s; peak memory 1150 MiB.
2026-10-08T23:39:02Z INFO [2070/3744] aae82bf6-d387-487e-80cf-cc98c6196b61: 17 internal nodes; 0.6 s; peak memory 1150 MiB.
2026-10-08T23:39:06Z INFO [2071/3744] aae87dd1-5cef-4eb2-99d2-bfa0d7484f23: 143 internal nodes; 4.1 s; peak memory 1150 MiB.
2026-10-08T23:39:11Z INFO [2072/3744] aaea31e8-b61e-4bfd-bbc0-0e094e7aa652: 207 internal nodes; 5.2 s; peak memory 1150 MiB.
2026-10-08T23:39:12Z INFO [2073/3744] aaeaf311-ce0e-4597-af23-bb4478ca0638: 17 internal nodes; 0.7 s; peak memory 1150 MiB.
2026-10-08T23:39:13Z INFO [2074/3744] aaeb05dc-3812-444b-a868-8405ba904608: 66 internal nodes; 1.3 s; peak memory 1150 MiB.
2026-10-08T23:39:14Z INFO [2075/3744] aaed73f0-1db3-4467-b5ca-3f5ec1a80f2f: 19 internal nodes; 0.8 s; peak memory 1150 MiB.
2026-10-08T23:39:15Z INFO [2076/3744] aaedea8f-d4d6-48eb-bfb1-4157c5173eac: 17 internal nodes; 0.6 s; peak memory 1150 MiB.
2026-10-08T23:39:15Z INFO [2077/3744] aaee9aba-35af-4973-a1f8-b10f89dcd1bd: 54 internal nodes; 0.8 s; peak memory 1150 MiB.
2026-10-08T23:39:16Z INFO [2078/3744] aaeed80d-a970-4a9c-97f8-1ddcfb2eb713: 26 internal nodes; 0.6 s; peak memory 1150 MiB.
2026-10-08T23:39:16Z INFO [2079/3744] aaf0f760-e361-4236-b79b-34930f8e51fb: 26 internal nodes; 0.5 s; peak memory 1150 MiB.
2026-10-08T23:39:27Z INFO [2080/3744] aaf11c01-53be-4149-b808-a47ff959129d: 135 internal nodes; 10.8 s; peak memory 1150 MiB.
2026-10-08T23:39:30Z INFO [2081/3744] aaf11d94-8206-4092-a4fb-8831ef3190b0: 46 internal nodes; 2.6 s; peak memory 1150 MiB.
2026-10-08T23:39:30Z INFO [2082/3744] aaf16566-3e4c-45fe-955c-ee33633177e9: 17 internal nodes; 0.7 s; peak memory 1150 MiB.
2026-10-08T23:39:31Z INFO [2083/3744] aaf23eca-8ffc-4de8-85b7-5289fdc9f3f0: 17 internal nodes; 0.8 s; peak memory 1150 MiB.
2026-10-08T23:39:36Z INFO [2084/3744] aaf3404f-7107-44f1-8c55-1487498fbbf1: 42 internal nodes; 4.9 s; peak memory 1150 MiB.
2026-10-08T23:39:37Z INFO [2085/3744] aaf40ee3-b92d-4b5b-91ed-7138cc607982: 11 internal nodes; 0.4 s; peak memory 1150 MiB.
2026-10-08T23:39:37Z INFO [2086/3744] aaf4490c-ab98-4f84-9a10-8f95725555c9: 31 internal nodes; 0.8 s; peak memory 1150 MiB.
2026-10-08T23:39:38Z INFO [2087/3744] aaf45b3d-38f7-419c-aea4-f62a04cb47a8: 31 internal nodes; 1.0 s; peak memory 1150 MiB.
2026-10-08T23:39:43Z INFO [2088/3744] aaf4c331-d627-44e6-b20e-f33b19514fd8: 61 internal nodes; 4.7 s; peak memory 1150 MiB.
2026-10-08T23:39:44Z INFO [2089/3744] aaf4ee47-2928-4a87-a3c7-c381f5095452: 90 internal nodes; 0.8 s; peak memory 1150 MiB.
2026-10-08T23:39:45Z INFO [2090/3744] aaf512d3-8498-415c-ab13-f61f8705d798: 31 internal nodes; 1.0 s; peak memory 1150 MiB.
2026-10-08T23:39:46Z INFO [2091/3744] aaf5268e-85ed-475c-a628-757d1c3bf735: 17 internal nodes; 0.8 s; peak memory 1150 MiB.
2026-10-08T23:39:46Z INFO [2092/3744] aaf568ef-2339-455e-9ccc-219d24a00333: 13 internal nodes; 0.7 s; peak memory 1150 MiB.
2026-10-08T23:39:51Z INFO [2093/3744] aaf5ed6c-5355-47e3-af5b-7bacca1c3be3: 199 internal nodes; 4.9 s; peak memory 1150 MiB.
2026-10-08T23:39:52Z INFO [2094/3744] aaf64bb4-454c-453f-87be-2477aeb2404f: 27 internal nodes; 0.8 s; peak memory 1150 MiB.
2026-10-08T23:39:52Z INFO [2095/3744] aaf79efb-a045-40e6-baf9-a2059cde4534: 11 internal nodes; 0.4 s; peak memory 1150 MiB.
2026-10-08T23:39:53Z INFO [2096/3744] aaf891fd-7310-4648-bb87-b38f815df28f: 17 internal nodes; 0.8 s; peak memory 1150 MiB.
2026-10-08T23:39:54Z INFO [2097/3744] aaf8bfce-4b11-4d67-84d9-845d0a5f0477: 17 internal nodes; 0.7 s; peak memory 1150 MiB.
2026-10-08T23:39:55Z INFO [2098/3744] aaf9334a-ef80-4a91-b6db-bb317a5c6d4b: 27 internal nodes; 0.9 s; peak memory 1150 MiB.
2026-10-08T23:40:13Z INFO [2099/3744] aafa08fb-7a95-4142-8452-034a6712f00f: 334 internal nodes; 18.3 s; peak memory 1150 MiB.
2026-10-08T23:40:15Z INFO [2100/3744] aafa361c-ec65-42a8-8d12-2d0f7680290a: 44 internal nodes; 1.8 s; peak memory 1150 MiB.
2026-10-08T23:40:15Z INFO [2100/3744] aafa361c-ec65-42a8-8d12-2d0f7680290a: checkpointed 129170 new records.
2026-10-08T23:40:16Z INFO [2101/3744] aafa9b7c-e812-4ef2-99c6-903b26d4a6e2: 53 internal nodes; 0.9 s; peak memory 1150 MiB.
2026-10-08T23:40:17Z INFO [2102/3744] aafad7ea-2458-4886-b6fe-04df14dd419f: 17 internal nodes; 0.7 s; peak memory 1150 MiB.
2026-10-08T23:40:18Z INFO [2103/3744] aafb1105-8c5f-4a45-a44c-8f7df879651d: 31 internal nodes; 0.7 s; peak memory 1150 MiB.
2026-10-08T23:40:22Z INFO [2104/3744] aafb1c7d-8185-4bbe-825c-70fb32e5f983: 177 internal nodes; 4.4 s; peak memory 1150 MiB.
2026-10-08T23:40:24Z INFO [2105/3744] aafc4ad3-bd9b-4dc8-9cdc-7cd46de21424: 66 internal nodes; 1.7 s; peak memory 1150 MiB.
2026-10-08T23:40:25Z INFO [2106/3744] aafcacba-da6f-46c6-85d3-58b69bd79844: 17 internal nodes; 0.8 s; peak memory 1150 MiB.
2026-10-08T23:40:27Z INFO [2107/3744] aafd355e-e10c-4dc1-84d3-3a596dffff49: 42 internal nodes; 2.2 s; peak memory 1150 MiB.
2026-10-08T23:40:29Z INFO [2108/3744] aafdc23a-8b67-48f5-9af7-fe3434ef6b02: 46 internal nodes; 2.1 s; peak memory 1150 MiB.
2026-10-08T23:40:30Z INFO [2109/3744] aafddebf-fddc-4023-8f49-0aff8015ea11: 63 internal nodes; 0.9 s; peak memory 1150 MiB.
2026-10-08T23:40:30Z INFO [2110/3744] aafeacf1-32f0-441e-8ebd-b99ee31f5820: 17 internal nodes; 0.6 s; peak memory 1150 MiB.
2026-10-08T23:40:31Z INFO [2111/3744] aaff0163-ff14-499e-b492-7663ee777436: 11 internal nodes; 0.4 s; peak memory 1150 MiB.
2026-10-08T23:40:35Z INFO [2112/3744] aaff36d3-d011-4aa3-91c2-b53765ecabf4: 41 internal nodes; 4.4 s; peak memory 1150 MiB.
2026-10-08T23:40:36Z INFO [2113/3744] ab00c1c5-fd54-451c-a1ac-4f6d899aaac9: 27 internal nodes; 0.9 s; peak memory 1150 MiB.
2026-10-08T23:40:38Z INFO [2114/3744] ab015a88-69ba-486b-872e-3f44015ad447: 44 internal nodes; 2.0 s; peak memory 1150 MiB.
2026-10-08T23:40:39Z INFO [2115/3744] ab018b6e-1899-4f7e-ae1b-3b846e692337: 17 internal nodes; 0.8 s; peak memory 1150 MiB.
2026-10-08T23:40:39Z INFO [2116/3744] ab01d914-71ba-4703-a676-3a653b492b11: 11 internal nodes; 0.4 s; peak memory 1150 MiB.
2026-10-08T23:40:40Z INFO [2117/3744] ab01e2da-2891-4052-a4da-821691fb34aa: 11 internal nodes; 0.4 s; peak memory 1150 MiB.
2026-10-08T23:40:41Z INFO [2118/3744] ab03ddb8-9644-4d6f-8373-248091445734: 27 internal nodes; 1.0 s; peak memory 1150 MiB.
2026-10-08T23:40:48Z INFO [2119/3744] ab044822-22f8-4b11-abe6-4520d4bd89d0: 87 internal nodes; 7.2 s; peak memory 1150 MiB.
2026-10-08T23:40:49Z INFO [2120/3744] ab05541c-d15e-487c-b0c1-04040f02e0b6: 27 internal nodes; 1.0 s; peak memory 1150 MiB.
2026-10-08T23:40:50Z INFO [2121/3744] ab059dd5-5b96-46fa-8e91-e2cdd001f43e: 37 internal nodes; 1.1 s; peak memory 1150 MiB.
2026-10-08T23:40:51Z INFO [2122/3744] ab06b2e5-6bc8-4b70-a020-747fef99876a: 27 internal nodes; 0.8 s; peak memory 1150 MiB.
2026-10-08T23:40:52Z INFO [2123/3744] ab06eb7b-3948-498f-88da-d267b23fede0: 13 internal nodes; 0.6 s; peak memory 1150 MiB.
2026-10-08T23:40:52Z INFO [2124/3744] ab0754bf-800b-4945-9e89-2c4548c91fea: 14 internal nodes; 0.6 s; peak memory 1150 MiB.
2026-10-08T23:40:54Z INFO [2125/3744] ab07be01-791e-41a0-978a-5885e8f7b21c: 37 internal nodes; 1.4 s; peak memory 1150 MiB.
2026-10-08T23:40:55Z INFO [2126/3744] ab08ac93-be9b-4569-abae-269d2733825e: 13 internal nodes; 0.8 s; peak memory 1150 MiB.
2026-10-08T23:40:55Z INFO [2127/3744] ab08cd34-9362-4201-9600-9efad2beac81: 27 internal nodes; 0.7 s; peak memory 1150 MiB.
2026-10-08T23:40:56Z INFO [2128/3744] ab0943c7-cafb-4be7-b6b0-72a417ae3cae: 24 internal nodes; 0.6 s; peak memory 1150 MiB.
2026-10-08T23:40:57Z INFO [2129/3744] ab0ba8cc-630e-4182-8a91-7f8d9845b45c: 29 internal nodes; 0.9 s; peak memory 1150 MiB.
2026-10-08T23:41:03Z INFO [2130/3744] ab0c77e2-82ba-4d70-aa40-2f56b423c22a: 249 internal nodes; 5.8 s; peak memory 1150 MiB.
2026-10-08T23:41:03Z INFO [2131/3744] ab0ca208-1ef3-4e85-8d12-82139d36ebca: 31 internal nodes; 0.9 s; peak memory 1150 MiB.
2026-10-08T23:41:05Z INFO [2132/3744] ab0cab49-e58c-4639-ae79-f41bbf82a584: 24 internal nodes; 1.5 s; peak memory 1150 MiB.
2026-10-08T23:41:06Z INFO [2133/3744] ab0cc77b-1c10-4b29-bcc5-019382e5ac7f: 56 internal nodes; 1.0 s; peak memory 1150 MiB.
2026-10-08T23:41:06Z INFO [2134/3744] ab0d0227-d1e4-4c2c-91cb-e3912b0abcde: 19 internal nodes; 0.6 s; peak memory 1150 MiB.
2026-10-08T23:41:07Z INFO [2135/3744] ab0eb93d-0e5a-4b46-bacc-5b4d25745b4f: 13 internal nodes; 0.8 s; peak memory 1150 MiB.
2026-10-08T23:41:08Z INFO [2136/3744] ab0ec250-38d5-4ec5-9a07-fd184e1efd8b: 17 internal nodes; 0.6 s; peak memory 1150 MiB.
2026-10-08T23:41:09Z INFO [2137/3744] ab0f0739-b5b9-4a12-b5e5-05bc39244a9e: 27 internal nodes; 1.2 s; peak memory 1150 MiB.
2026-10-08T23:41:10Z INFO [2138/3744] ab0f4806-fb2c-4f0b-9d7f-8a7f10885a9f: 54 internal nodes; 0.5 s; peak memory 1150 MiB.
2026-10-08T23:41:11Z INFO [2139/3744] ab0fe55e-439b-483c-8637-2cd00f581db8: 69 internal nodes; 1.1 s; peak memory 1150 MiB.
2026-10-08T23:43:06Z INFO [2140/3744] ab103954-d99f-46b1-98ac-e6f91a1e9313: 709 internal nodes; 115.0 s; peak memory 1150 MiB.
2026-10-08T23:43:07Z INFO [2141/3744] ab10dde4-6def-43b6-aa49-afb58634957a: 31 internal nodes; 0.8 s; peak memory 1150 MiB.
2026-10-08T23:43:10Z INFO [2142/3744] ab11e07d-6694-4716-af9c-183395d6a41c: 135 internal nodes; 3.1 s; peak memory 1150 MiB.
2026-10-08T23:43:10Z INFO [2143/3744] ab1242f7-3214-4ab4-ac77-a2ab56c7071b: 19 internal nodes; 0.7 s; peak memory 1150 MiB.
2026-10-08T23:43:16Z INFO [2144/3744] ab13525f-30ee-44c3-8138-33bd4bcd47d5: 286 internal nodes; 5.9 s; peak memory 1150 MiB.
2026-10-08T23:43:17Z INFO [2145/3744] ab13b6af-eedd-461f-95c5-2102e02e1015: 27 internal nodes; 0.9 s; peak memory 1150 MiB.
2026-10-08T23:43:18Z INFO [2146/3744] ab13b6c7-7000-44be-9fca-c9ed7cf89890: 29 internal nodes; 1.1 s; peak memory 1150 MiB.
2026-10-08T23:43:19Z INFO [2147/3744] ab1421e9-116a-4e9a-882b-b0367d91746c: 17 internal nodes; 0.6 s; peak memory 1150 MiB.
2026-10-08T23:43:20Z INFO [2148/3744] ab145824-3289-420e-a7d6-66ec4d60c418: 27 internal nodes; 0.6 s; peak memory 1150 MiB.
2026-10-08T23:43:20Z INFO [2149/3744] ab14dda4-db43-49a2-938f-588e74943c91: 17 internal nodes; 0.6 s; peak memory 1150 MiB.
2026-10-08T23:43:27Z INFO [2150/3744] ab157786-d899-414a-8c5b-a1d32e6833fb: 164 internal nodes; 6.6 s; peak memory 1150 MiB.
2026-10-08T23:43:27Z INFO [2150/3744] ab157786-d899-414a-8c5b-a1d32e6833fb: checkpointed 129220 new records.
2026-10-08T23:43:28Z INFO [2151/3744] ab1630ce-d2f0-4562-a487-336c83a5c121: 18 internal nodes; 0.6 s; peak memory 1150 MiB.
2026-10-08T23:43:31Z INFO [2152/3744] ab1667c3-9c46-43d4-ac70-db5a2ad439bd: 177 internal nodes; 3.4 s; peak memory 1150 MiB.
2026-10-08T23:43:33Z INFO [2153/3744] ab17cb23-5d4f-4fcd-946e-30192890efd3: 66 internal nodes; 1.5 s; peak memory 1150 MiB.
2026-10-08T23:43:39Z INFO [2154/3744] ab18b620-abdf-4ea6-b015-f197a9e29208: 187 internal nodes; 6.4 s; peak memory 1150 MiB.
2026-10-08T23:43:40Z INFO [2155/3744] ab19f720-5bff-440d-91c0-e29c87ec0a14: 66 internal nodes; 1.5 s; peak memory 1150 MiB.
2026-10-08T23:43:41Z INFO [2156/3744] ab1a37c9-389d-48f9-91b5-86d2bdbadd8a: 13 internal nodes; 0.6 s; peak memory 1150 MiB.
2026-10-08T23:43:46Z INFO [2157/3744] ab1aa8cf-09d1-4185-b251-3d74a87cae8b: 161 internal nodes; 5.4 s; peak memory 1150 MiB.
2026-10-08T23:43:47Z INFO [2158/3744] ab1bd5a4-f732-4eb7-b4d3-e01bbea452f5: 31 internal nodes; 1.1 s; peak memory 1150 MiB.
2026-10-08T23:43:50Z INFO [2159/3744] ab1bd65d-f36a-4aae-814e-fb3ec56c2b29: 46 internal nodes; 2.1 s; peak memory 1150 MiB.
2026-10-08T23:43:50Z INFO [2160/3744] ab1bdd96-6318-43f9-8031-719cec2fe039: 31 internal nodes; 0.8 s; peak memory 1150 MiB.
2026-10-08T23:43:51Z INFO [2161/3744] ab1c5718-36de-42f3-b060-82ff97b1c647: 28 internal nodes; 0.8 s; peak memory 1150 MiB.
2026-10-08T23:43:52Z INFO [2162/3744] ab1d6e43-1063-4c05-bd59-8a0d742d95c6: 31 internal nodes; 1.0 s; peak memory 1150 MiB.
2026-10-08T23:43:54Z INFO [2163/3744] ab1d79e1-a3c0-4087-92ca-d3b866a86bc1: 45 internal nodes; 2.0 s; peak memory 1150 MiB.
2026-10-08T23:43:55Z INFO [2164/3744] ab1dc3c5-81bb-4e50-8def-d7184ef8bd7b: 11 internal nodes; 0.6 s; peak memory 1150 MiB.
2026-10-08T23:43:56Z INFO [2165/3744] ab1e4d7e-7776-41e9-a2b2-8ad05280e333: 17 internal nodes; 0.8 s; peak memory 1150 MiB.
2026-10-08T23:43:56Z INFO [2166/3744] ab1efe30-8738-469f-929a-00dbaa795cfb: 27 internal nodes; 0.8 s; peak memory 1150 MiB.
2026-10-08T23:43:57Z INFO [2167/3744] ab1fdeaa-1a0c-43fc-9622-51dbabd4cbeb: 17 internal nodes; 0.7 s; peak memory 1150 MiB.
2026-10-08T23:43:58Z INFO [2168/3744] ab20240c-4d3a-4b92-91b7-e583a684584b: 26 internal nodes; 0.5 s; peak memory 1150 MiB.
2026-10-08T23:43:58Z INFO [2169/3744] ab204b16-0865-447a-bc0e-bb73c3fef6cf: 58 internal nodes; 0.8 s; peak memory 1150 MiB.
2026-10-08T23:44:05Z INFO [2170/3744] ab218b87-7b70-46c4-8c0c-175c36fe12bf: 71 internal nodes; 6.8 s; peak memory 1150 MiB.
2026-10-08T23:44:06Z INFO [2171/3744] ab2336fa-c37e-4f29-9ddb-ca861f13c0d2: 27 internal nodes; 0.8 s; peak memory 1150 MiB.
2026-10-08T23:44:07Z INFO [2172/3744] ab23982d-3c7d-43e0-917c-b8f8387a79d7: 26 internal nodes; 0.7 s; peak memory 1150 MiB.
2026-10-08T23:44:09Z INFO [2173/3744] ab263037-1cf3-489b-ba2a-05f5f826c15a: 44 internal nodes; 2.0 s; peak memory 1150 MiB.
2026-10-08T23:44:09Z INFO [2174/3744] ab27f4bf-1da9-493f-9c89-7e753ba68a41: 21 internal nodes; 0.7 s; peak memory 1150 MiB.
2026-10-08T23:44:10Z INFO [2175/3744] ab2818ab-4df5-4f55-b0b0-a2e1f035227f: 31 internal nodes; 1.1 s; peak memory 1150 MiB.
2026-10-08T23:44:11Z INFO [2176/3744] ab28a2ff-347b-4d58-b80f-8304b117b65f: 27 internal nodes; 1.0 s; peak memory 1150 MiB.
2026-10-08T23:44:12Z INFO [2177/3744] ab2b2b54-85a8-4d19-a84a-97d4a2ea4ff8: 11 internal nodes; 0.4 s; peak memory 1150 MiB.
2026-10-08T23:44:18Z INFO [2178/3744] ab2ce395-984e-4a37-b5f3-3a0f922d9a27: 64 internal nodes; 6.5 s; peak memory 1150 MiB.
2026-10-08T23:44:19Z INFO [2179/3744] ab2db515-96c2-4822-9de6-dedcb5bdbdbf: 32 internal nodes; 1.2 s; peak memory 1150 MiB.
2026-10-08T23:44:20Z INFO [2180/3744] ab2e0f3c-1629-4209-a945-453c6a3eeeae: 17 internal nodes; 0.4 s; peak memory 1150 MiB.
2026-10-08T23:44:20Z INFO [2181/3744] ab2eeb49-2026-4039-acee-1425b7ef0d34: 11 internal nodes; 0.4 s; peak memory 1150 MiB.
2026-10-08T23:44:21Z INFO [2182/3744] ab3145e1-aed5-4b46-af6c-167223fd5f82: 55 internal nodes; 1.1 s; peak memory 1150 MiB.
2026-10-08T23:44:22Z INFO [2183/3744] ab32000a-4b8d-4fe2-83c9-3d35c185cbc9: 27 internal nodes; 0.9 s; peak memory 1150 MiB.
2026-10-08T23:44:26Z INFO [2184/3744] ab3259e2-8deb-4498-a5c3-bed5afe90277: 73 internal nodes; 3.7 s; peak memory 1150 MiB.
2026-10-08T23:44:27Z INFO [2185/3744] ab332d5c-e152-42e7-a75b-1a1a4df245b3: 17 internal nodes; 0.8 s; peak memory 1150 MiB.
2026-10-08T23:44:27Z INFO [2186/3744] ab339e4f-f764-4ae1-9fb1-8a7beea3291a: 27 internal nodes; 0.4 s; peak memory 1150 MiB.
2026-10-08T23:44:29Z INFO [2187/3744] ab33c796-bb2f-4889-bf1b-f1697c12c321: 55 internal nodes; 1.5 s; peak memory 1150 MiB.
2026-10-08T23:44:30Z INFO [2188/3744] ab34b8b5-f536-4da0-a3ca-df013c187757: 58 internal nodes; 1.4 s; peak memory 1150 MiB.
2026-10-08T23:44:42Z INFO [2189/3744] ab3507c0-006d-4127-ac7d-3c0519c2b653: 133 internal nodes; 12.3 s; peak memory 1150 MiB.
2026-10-08T23:44:46Z INFO [2190/3744] ab354ee0-37d9-4fb5-b31e-c9033f970b99: 73 internal nodes; 3.1 s; peak memory 1150 MiB.
2026-10-08T23:44:46Z INFO [2191/3744] ab361b33-da6d-4805-ba9f-5772142ed214: 17 internal nodes; 0.7 s; peak memory 1150 MiB.
2026-10-08T23:44:47Z INFO [2192/3744] ab3624d8-c419-4f19-9932-c5e8287422f4: 17 internal nodes; 0.9 s; peak memory 1150 MiB.
2026-10-08T23:44:48Z INFO [2193/3744] ab36a65f-9033-4207-997e-b135277d31aa: 52 internal nodes; 0.8 s; peak memory 1150 MiB.
2026-10-08T23:44:49Z INFO [2194/3744] ab3780c2-4b94-42e1-aa86-09c31359e41d: 31 internal nodes; 1.1 s; peak memory 1150 MiB.
2026-10-08T23:44:50Z INFO [2195/3744] ab37fe47-86e9-4bb1-9888-ad4124b55270: 17 internal nodes; 0.7 s; peak memory 1150 MiB.
2026-10-08T23:44:57Z INFO [2196/3744] ab3860ba-6a13-47f9-ab87-3eddb203ca67: 275 internal nodes; 6.8 s; peak memory 1150 MiB.
2026-10-08T23:44:57Z INFO [2197/3744] ab3891f3-1148-4802-ad80-d6ecf146164e: 18 internal nodes; 0.8 s; peak memory 1150 MiB.
2026-10-08T23:44:59Z INFO [2198/3744] ab394b1b-0c4f-4a2e-a1f9-7040b9954702: 72 internal nodes; 1.3 s; peak memory 1150 MiB.
2026-10-08T23:45:00Z INFO [2199/3744] ab3950ca-b553-4fda-ad5b-cac289d4edf1: 55 internal nodes; 0.8 s; peak memory 1150 MiB.
2026-10-08T23:45:00Z INFO [2200/3744] ab3bc934-8581-4cf1-bfaf-7b4df35a984b: 31 internal nodes; 0.6 s; peak memory 1150 MiB.
2026-10-08T23:45:00Z INFO [2200/3744] ab3bc934-8581-4cf1-bfaf-7b4df35a984b: checkpointed 129270 new records.
2026-10-08T23:45:02Z INFO [2201/3744] ab3bfa73-1685-45b7-b4b9-4d4741c5b0c8: 36 internal nodes; 1.1 s; peak memory 1150 MiB.
2026-10-08T23:45:02Z INFO [2202/3744] ab3cac33-56e2-4609-ab77-1ecd1416d2f4: 17 internal nodes; 0.6 s; peak memory 1150 MiB.
2026-10-08T23:45:04Z INFO [2203/3744] ab3d4a3d-bde4-49a0-a057-ba141f70bc63: 40 internal nodes; 1.5 s; peak memory 1150 MiB.
2026-10-08T23:45:05Z INFO [2204/3744] ab3d5c65-1c07-403c-9338-dd3701dd93f5: 31 internal nodes; 0.8 s; peak memory 1150 MiB.
2026-10-08T23:45:05Z INFO [2205/3744] ab3e8cb8-9a98-4499-bc3e-ce314781336a: 19 internal nodes; 0.8 s; peak memory 1150 MiB.
2026-10-08T23:45:10Z INFO [2206/3744] ab3edfc3-d6e4-4cda-833d-372433142f39: 158 internal nodes; 5.0 s; peak memory 1150 MiB.
2026-10-08T23:45:11Z INFO [2207/3744] ab405206-6dac-4fb2-b900-150b5e779453: 17 internal nodes; 0.6 s; peak memory 1150 MiB.
2026-10-08T23:45:12Z INFO [2208/3744] ab40ace1-4599-42a6-bd9a-73a9720ad976: 31 internal nodes; 1.2 s; peak memory 1150 MiB.
2026-10-08T23:45:13Z INFO [2209/3744] ab411244-0acf-4a46-a08d-243303f18012: 31 internal nodes; 1.0 s; peak memory 1150 MiB.
2026-10-08T23:45:14Z INFO [2210/3744] ab415a1e-eb42-4084-a647-473b8336907f: 19 internal nodes; 0.8 s; peak memory 1150 MiB.
2026-10-08T23:45:15Z INFO [2211/3744] ab424857-2d5f-4c2a-aa3d-a564f2af0e2c: 17 internal nodes; 0.6 s; peak memory 1150 MiB.
2026-10-08T23:45:15Z INFO [2212/3744] ab42de3c-ffb0-44a2-a2a1-7a145be86a12: 25 internal nodes; 0.7 s; peak memory 1150 MiB.
2026-10-08T23:45:16Z INFO [2213/3744] ab42ea0d-766f-4486-8cf2-cf7c138e6306: 25 internal nodes; 0.7 s; peak memory 1150 MiB.
2026-10-08T23:45:18Z INFO [2214/3744] ab42ff40-e194-4633-928a-7ea1225a1a67: 40 internal nodes; 1.8 s; peak memory 1150 MiB.
2026-10-08T23:45:19Z INFO [2215/3744] ab43bea2-150b-4a14-b126-a52428c80015: 18 internal nodes; 0.8 s; peak memory 1150 MiB.
2026-10-08T23:45:19Z INFO [2216/3744] ab444b94-ebad-488c-a05d-e17ab6d209e5: 17 internal nodes; 0.7 s; peak memory 1150 MiB.
2026-10-08T23:45:20Z INFO [2217/3744] ab44b492-2838-4b7b-a99b-92cb3a7b58cb: 27 internal nodes; 1.0 s; peak memory 1150 MiB.
2026-10-08T23:45:21Z INFO [2218/3744] ab44d2a7-1e4b-4d77-b66d-79ebbb397178: 17 internal nodes; 0.7 s; peak memory 1150 MiB.
2026-10-08T23:45:22Z INFO [2219/3744] ab454d99-be05-4e58-8c28-9fbd8bf03b21: 27 internal nodes; 1.0 s; peak memory 1150 MiB.
2026-10-08T23:45:23Z INFO [2220/3744] ab46c7f7-7089-4fbc-811d-f19375bb9ff2: 29 internal nodes; 0.8 s; peak memory 1150 MiB.
2026-10-08T23:45:27Z INFO [2221/3744] ab47b66a-032c-426c-b83f-783090308049: 287 internal nodes; 4.1 s; peak memory 1150 MiB.
2026-10-08T23:45:28Z INFO [2222/3744] ab496206-9141-430e-98fc-b5eb54915190: 16 internal nodes; 0.7 s; peak memory 1150 MiB.
2026-10-08T23:45:31Z INFO [2223/3744] ab49ae74-27ab-495d-ae4d-e3ef8bb117ce: 336 internal nodes; 3.5 s; peak memory 1150 MiB.
2026-10-08T23:45:31Z INFO [2224/3744] ab49c2ab-554b-460d-978e-133c26682c94: 11 internal nodes; 0.4 s; peak memory 1150 MiB.
2026-10-08T23:45:33Z INFO [2225/3744] ab4a2e7d-5b6b-428d-9118-1f981d12ee0a: 44 internal nodes; 1.6 s; peak memory 1150 MiB.
2026-10-08T23:45:34Z INFO [2226/3744] ab4b4289-d45f-44b1-86ba-5b5059ee9d43: 27 internal nodes; 0.8 s; peak memory 1150 MiB.
2026-10-08T23:45:35Z INFO [2227/3744] ab4b5174-8135-4bec-bfea-80f3007a6b12: 26 internal nodes; 0.9 s; peak memory 1150 MiB.
2026-10-08T23:45:35Z INFO [2228/3744] ab4b65a4-0e2e-4a45-89b1-4cad52fbcb09: 13 internal nodes; 0.5 s; peak memory 1150 MiB.
2026-10-08T23:45:36Z INFO [2229/3744] ab4b758e-b78d-46db-b2c6-4855b8444b45: 13 internal nodes; 0.6 s; peak memory 1150 MiB.
2026-10-08T23:45:37Z INFO [2230/3744] ab4b7dba-800e-4873-8f3e-7955af6ac86e: 13 internal nodes; 0.8 s; peak memory 1150 MiB.
2026-10-08T23:45:37Z INFO [2231/3744] ab4cd86d-5487-4f4f-afce-456ccc596735: 13 internal nodes; 0.7 s; peak memory 1150 MiB.
2026-10-08T23:45:38Z INFO [2232/3744] ab4f8bb2-0962-4a80-b8fa-92fd61c08fec: 15 internal nodes; 0.8 s; peak memory 1150 MiB.
2026-10-08T23:45:39Z INFO [2233/3744] ab4fa063-383c-46a2-9255-5c642c45bdd6: 37 internal nodes; 1.3 s; peak memory 1150 MiB.
2026-10-08T23:45:43Z INFO [2234/3744] ab514f97-dc37-415e-afd1-3cccf47c2465: 171 internal nodes; 3.6 s; peak memory 1150 MiB.
2026-10-08T23:45:50Z INFO [2235/3744] ab52acf5-090b-4a6b-b13c-957295023f0c: 221 internal nodes; 7.1 s; peak memory 1150 MiB.
2026-10-08T23:45:54Z INFO [2236/3744] ab52b8f4-254f-414e-b9ed-d5b873e42343: 177 internal nodes; 3.9 s; peak memory 1150 MiB.
2026-10-08T23:45:54Z INFO [2237/3744] ab52cf93-eb90-4d37-a6a3-30387f0d6dd0: 11 internal nodes; 0.5 s; peak memory 1150 MiB.
2026-10-08T23:45:55Z INFO [2238/3744] ab52f0ab-a1a5-42c3-8c29-f7a9fe2d6b41: 13 internal nodes; 0.6 s; peak memory 1150 MiB.
2026-10-08T23:45:56Z INFO [2239/3744] ab5362f4-431d-4bb8-9501-79d3d97ab962: 17 internal nodes; 0.6 s; peak memory 1150 MiB.
2026-10-08T23:45:56Z INFO [2240/3744] ab539bc8-0371-405a-9ae4-7010fc2698d7: 22 internal nodes; 0.4 s; peak memory 1150 MiB.
2026-10-08T23:45:57Z INFO [2241/3744] ab53fd20-44f3-4af9-a493-92424f12051d: 17 internal nodes; 1.0 s; peak memory 1150 MiB.
2026-10-08T23:45:58Z INFO [2242/3744] ab541e74-1ed2-4538-b670-082b72b1852b: 26 internal nodes; 0.6 s; peak memory 1150 MiB.
2026-10-08T23:45:58Z INFO [2243/3744] ab55a618-c23f-4787-9a2d-707670dac159: 27 internal nodes; 0.8 s; peak memory 1150 MiB.
2026-10-08T23:46:02Z INFO [2244/3744] ab5608c7-6a13-4f98-8430-19d2cdcd0ab8: 73 internal nodes; 3.9 s; peak memory 1150 MiB.
2026-10-08T23:46:03Z INFO [2245/3744] ab560a4c-6528-4889-93d2-d1a3c6769f70: 27 internal nodes; 0.9 s; peak memory 1150 MiB.
2026-10-08T23:46:04Z INFO [2246/3744] ab560b87-dabb-4af1-838a-483bf5e4ff28: 27 internal nodes; 1.3 s; peak memory 1150 MiB.
2026-10-08T23:46:11Z INFO [2247/3744] ab56385c-00dd-4163-80fd-157445ed5723: 195 internal nodes; 6.4 s; peak memory 1150 MiB.
2026-10-08T23:46:15Z INFO [2248/3744] ab564744-d0f7-40a0-9cdf-fd20ec52c752: 61 internal nodes; 4.4 s; peak memory 1150 MiB.
2026-10-08T23:46:16Z INFO [2249/3744] ab566b72-4c90-4255-b846-f5ba2291e232: 31 internal nodes; 0.8 s; peak memory 1150 MiB.
2026-10-08T23:46:17Z INFO [2250/3744] ab56b85d-9d9e-405c-9c11-0c9942dc931c: 17 internal nodes; 0.7 s; peak memory 1150 MiB.
2026-10-08T23:46:17Z INFO [2250/3744] ab56b85d-9d9e-405c-9c11-0c9942dc931c: checkpointed 129320 new records.
2026-10-08T23:46:18Z INFO [2251/3744] ab56bb26-977b-4d55-8c39-73126fca9a46: 53 internal nodes; 1.1 s; peak memory 1150 MiB.
2026-10-08T23:46:23Z INFO [2252/3744] ab57a70b-31ab-4bb7-a3a5-28c1391c65ef: 197 internal nodes; 4.8 s; peak memory 1150 MiB.
2026-10-08T23:46:24Z INFO [2253/3744] ab58d060-d74f-433f-b766-9748b3d922a8: 42 internal nodes; 1.6 s; peak memory 1150 MiB.
2026-10-08T23:46:25Z INFO [2254/3744] ab5919ab-a315-4902-9571-135815e49188: 27 internal nodes; 0.6 s; peak memory 1150 MiB.
2026-10-08T23:46:29Z INFO [2255/3744] ab5a0308-e45a-4301-95df-0163ab7c01bc: 177 internal nodes; 3.6 s; peak memory 1150 MiB.
2026-10-08T23:46:30Z INFO [2256/3744] ab5a3c94-4acb-4909-80ef-3a7cbfded95c: 17 internal nodes; 0.8 s; peak memory 1150 MiB.
2026-10-08T23:46:30Z INFO [2257/3744] ab5a65c4-d984-400c-85d2-bd598ba4bbbd: 27 internal nodes; 0.9 s; peak memory 1150 MiB.
2026-10-08T23:46:31Z INFO [2258/3744] ab5ac378-875f-499d-9059-bcdd479c2396: 17 internal nodes; 0.6 s; peak memory 1150 MiB.
2026-10-08T23:46:33Z INFO [2259/3744] ab5ae1ea-ae10-4afd-876f-d939dfddc9e2: 44 internal nodes; 1.8 s; peak memory 1150 MiB.
2026-10-08T23:46:34Z INFO [2260/3744] ab5af3b6-6922-4785-9f89-465b775f50f9: 31 internal nodes; 1.0 s; peak memory 1150 MiB.
2026-10-08T23:46:37Z INFO [2261/3744] ab5b5a77-8c3a-4321-bc59-72f725988b30: 73 internal nodes; 3.1 s; peak memory 1150 MiB.
2026-10-08T23:46:38Z INFO [2262/3744] ab5b817a-6c47-4ab9-b1b1-fc91b8175213: 72 internal nodes; 1.4 s; peak memory 1150 MiB.
2026-10-08T23:46:39Z INFO [2263/3744] ab5bc1c8-b01d-4bae-8e48-2cfe16f20964: 62 internal nodes; 1.0 s; peak memory 1150 MiB.
2026-10-08T23:46:40Z INFO [2264/3744] ab5be659-32e8-4aa0-9a43-7b719bc383c4: 17 internal nodes; 0.8 s; peak memory 1150 MiB.
2026-10-08T23:46:41Z INFO [2265/3744] ab5c205c-4200-4077-b9a4-a2f4cd8c7afb: 27 internal nodes; 0.7 s; peak memory 1150 MiB.
2026-10-08T23:46:42Z INFO [2266/3744] ab5cd360-5d46-49bf-bf8a-65df1c0f8c22: 27 internal nodes; 0.9 s; peak memory 1150 MiB.
2026-10-08T23:46:43Z INFO [2267/3744] ab5d377e-e138-44b8-9934-b3f4bb455597: 44 internal nodes; 1.3 s; peak memory 1150 MiB.
2026-10-08T23:46:44Z INFO [2268/3744] ab5d52de-f5d2-4af7-a3f7-2b1455f415aa: 27 internal nodes; 0.5 s; peak memory 1150 MiB.
2026-10-08T23:46:44Z INFO [2269/3744] ab5d7bde-6370-4880-89ed-a0a971b548f5: 17 internal nodes; 0.7 s; peak memory 1150 MiB.
2026-10-08T23:46:45Z INFO [2270/3744] ab5d7c90-e56c-46c0-913f-9c6784aacdb5: 27 internal nodes; 0.8 s; peak memory 1150 MiB.
2026-10-08T23:46:46Z INFO [2271/3744] ab5dfaea-d6da-45ee-8613-6d64fce56704: 22 internal nodes; 0.8 s; peak memory 1150 MiB.
2026-10-08T23:46:47Z INFO [2272/3744] ab5e2f36-bf31-4fe8-86c7-143d875d4852: 50 internal nodes; 1.5 s; peak memory 1150 MiB.
2026-10-08T23:46:49Z INFO [2273/3744] ab5ed371-6bc4-4868-9a27-b9c4a8fc468c: 65 internal nodes; 1.4 s; peak memory 1150 MiB.
2026-10-08T23:46:50Z INFO [2274/3744] ab5f8fbc-e40c-41ac-bd38-f07ab180e4de: 29 internal nodes; 0.9 s; peak memory 1150 MiB.
2026-10-08T23:46:52Z INFO [2275/3744] ab5fe007-e746-42db-ac60-f6dca204289a: 43 internal nodes; 1.9 s; peak memory 1150 MiB.
2026-10-08T23:46:52Z INFO [2276/3744] ab60540f-7aa8-4a70-9cd6-3cd211982369: 19 internal nodes; 0.9 s; peak memory 1150 MiB.
2026-10-08T23:46:53Z INFO [2277/3744] ab607c1e-3dd5-4267-9baf-426223669657: 17 internal nodes; 0.7 s; peak memory 1150 MiB.
2026-10-08T23:46:54Z INFO [2278/3744] ab60c984-401f-4dc8-8147-b4e6d46b9871: 17 internal nodes; 0.5 s; peak memory 1150 MiB.
2026-10-08T23:46:56Z INFO [2279/3744] ab6101e3-eb98-4700-b8dc-0b568bccf665: 47 internal nodes; 2.5 s; peak memory 1150 MiB.
2026-10-08T23:46:57Z INFO [2280/3744] ab6179c4-c95c-4962-b04e-9f8728925fa0: 27 internal nodes; 0.9 s; peak memory 1150 MiB.
2026-10-08T23:46:58Z INFO [2281/3744] ab623570-c836-406b-8783-5f7b39b9b194: 17 internal nodes; 0.8 s; peak memory 1150 MiB.
2026-10-08T23:46:59Z INFO [2282/3744] ab6267bb-0f07-4a26-95c8-cf1bff2fec60: 27 internal nodes; 0.8 s; peak memory 1150 MiB.
2026-10-08T23:47:07Z INFO [2283/3744] ab626a55-2d1e-4d4c-8cae-a63f352bc451: 278 internal nodes; 8.4 s; peak memory 1150 MiB.
2026-10-08T23:47:12Z INFO [2284/3744] ab627649-da96-4c5b-96db-8efa5a25647c: 125 internal nodes; 4.9 s; peak memory 1150 MiB.
2026-10-08T23:47:19Z INFO [2285/3744] ab62ab1f-696c-41e7-9c46-9965caa8f5ce: 272 internal nodes; 7.0 s; peak memory 1150 MiB.
2026-10-08T23:47:20Z INFO [2286/3744] ab634bcb-416c-4d47-8259-630fa7b3d901: 27 internal nodes; 0.6 s; peak memory 1150 MiB.
2026-10-08T23:47:23Z INFO [2287/3744] ab635406-f234-4812-abe8-66be7bb71ceb: 73 internal nodes; 3.1 s; peak memory 1150 MiB.
2026-10-08T23:47:23Z INFO [2288/3744] ab637d2a-1bbe-4098-9865-7ba548aa4ce1: 13 internal nodes; 0.8 s; peak memory 1150 MiB.
2026-10-08T23:47:28Z INFO [2289/3744] ab6417c3-37bf-4b81-82fa-a48982aaeafc: 145 internal nodes; 4.9 s; peak memory 1150 MiB.
2026-10-08T23:47:34Z INFO [2290/3744] ab65f3d6-b910-4b68-a04d-20fa8ccc0314: 251 internal nodes; 5.6 s; peak memory 1150 MiB.
2026-10-08T23:47:35Z INFO [2291/3744] ab668756-c970-420d-9680-08755ec39362: 31 internal nodes; 0.8 s; peak memory 1150 MiB.
2026-10-08T23:47:35Z INFO [2292/3744] ab669e73-1669-4661-8965-671cadfcdcd1: 26 internal nodes; 0.7 s; peak memory 1150 MiB.
2026-10-08T23:47:37Z INFO [2293/3744] ab66d9de-d25b-4293-a53b-171bd79d1d51: 37 internal nodes; 1.3 s; peak memory 1150 MiB.
2026-10-08T23:47:38Z INFO [2294/3744] ab675bab-0d9d-4d43-9a70-9b4c3de7d4c8: 27 internal nodes; 0.8 s; peak memory 1150 MiB.
2026-10-08T23:47:38Z INFO [2295/3744] ab6776ee-9483-49d1-93f6-33877cf796e2: 17 internal nodes; 0.5 s; peak memory 1150 MiB.
2026-10-08T23:47:39Z INFO [2296/3744] ab68a121-f1e4-4c3a-9138-c50cba487a7f: 17 internal nodes; 0.6 s; peak memory 1150 MiB.
2026-10-08T23:47:40Z INFO [2297/3744] ab68bbe0-ac78-4807-9a21-77548dc52264: 58 internal nodes; 1.0 s; peak memory 1150 MiB.
2026-10-08T23:47:40Z INFO [2298/3744] ab68f14b-efa1-4975-b7f2-32af5464b25b: 13 internal nodes; 0.6 s; peak memory 1150 MiB.
2026-10-08T23:47:41Z INFO [2299/3744] ab6952a7-f5fd-4432-88cb-0f65a727faf0: 27 internal nodes; 0.7 s; peak memory 1150 MiB.
2026-10-08T23:47:42Z INFO [2300/3744] ab69ee4b-3adb-4950-ae45-e0f99b42e182: 21 internal nodes; 0.6 s; peak memory 1150 MiB.
2026-10-08T23:47:42Z INFO [2300/3744] ab69ee4b-3adb-4950-ae45-e0f99b42e182: checkpointed 129370 new records.
2026-10-08T23:47:43Z INFO [2301/3744] ab6a1845-9937-47d7-b4f2-c4e795b4b031: 27 internal nodes; 0.8 s; peak memory 1150 MiB.
2026-10-08T23:47:50Z INFO [2302/3744] ab6a1a54-59c3-4799-8f23-e960183da53a: 182 internal nodes; 6.9 s; peak memory 1150 MiB.
2026-10-08T23:47:51Z INFO [2303/3744] ab6aba0d-8c13-4e5f-8336-367388d6a669: 66 internal nodes; 1.0 s; peak memory 1150 MiB.
2026-10-08T23:47:52Z INFO [2304/3744] ab6b4fed-11ee-4346-83d9-4cbd05d3c837: 30 internal nodes; 1.0 s; peak memory 1150 MiB.
2026-10-08T23:47:52Z INFO [2305/3744] ab6bb495-f6c1-4707-9029-368bc11bf531: 27 internal nodes; 0.6 s; peak memory 1150 MiB.
2026-10-08T23:47:55Z INFO [2306/3744] ab6c27ba-aee3-4a63-9a83-c96c4c7c6ae0: 45 internal nodes; 2.2 s; peak memory 1150 MiB.
2026-10-08T23:47:55Z INFO [2307/3744] ab6d4d16-f6b9-4a61-9c59-d79b7ae84327: 27 internal nodes; 0.8 s; peak memory 1150 MiB.
2026-10-08T23:48:03Z INFO [2308/3744] ab6e4f24-c55b-42a2-94e0-10e9b9ac2a0c: 223 internal nodes; 7.3 s; peak memory 1150 MiB.
2026-10-08T23:48:03Z INFO [2309/3744] ab6e8905-a068-495d-b8a3-da7939c11ae4: 17 internal nodes; 0.9 s; peak memory 1150 MiB.
2026-10-08T23:48:04Z INFO [2310/3744] ab6ec140-7beb-4537-a604-558daa2863b1: 27 internal nodes; 0.7 s; peak memory 1150 MiB.
2026-10-08T23:48:10Z INFO [2311/3744] ab6f092f-2c1b-4909-8d45-99f8ba62b12b: 74 internal nodes; 5.8 s; peak memory 1150 MiB.
2026-10-08T23:48:11Z INFO [2312/3744] ab6f0f0f-8a7e-4514-9667-710504524963: 115 internal nodes; 0.8 s; peak memory 1150 MiB.
2026-10-08T23:48:17Z INFO [2313/3744] ab6f846d-b647-4c5b-9db1-7cba8ea21d74: 207 internal nodes; 5.9 s; peak memory 1150 MiB.
2026-10-08T23:48:18Z INFO [2314/3744] ab6fbe14-7cd4-4045-90d4-b1d01dffeb39: 27 internal nodes; 0.9 s; peak memory 1150 MiB.
2026-10-08T23:48:18Z INFO [2315/3744] ab6fd5d6-6a14-4a8d-90e2-e63fb8896078: 17 internal nodes; 0.5 s; peak memory 1150 MiB.
2026-10-08T23:48:21Z INFO [2316/3744] ab707c5a-7b96-4c5d-8e97-ab6c3e1c9aae: 57 internal nodes; 2.5 s; peak memory 1150 MiB.
2026-10-08T23:48:22Z INFO [2317/3744] ab70adaf-af98-4fbb-8429-a8eb66c07e2e: 26 internal nodes; 1.0 s; peak memory 1150 MiB.
2026-10-08T23:48:22Z INFO [2318/3744] ab713584-6730-4c4e-88e4-3dce033a132a: 29 internal nodes; 0.8 s; peak memory 1150 MiB.
2026-10-08T23:48:23Z INFO [2319/3744] ab723781-044c-4954-9f2c-7ac66fb69c84: 27 internal nodes; 0.7 s; peak memory 1150 MiB.
2026-10-08T23:48:24Z INFO [2320/3744] ab737d1c-eddd-49cf-9229-aa3da62ec342: 17 internal nodes; 0.7 s; peak memory 1150 MiB.
2026-10-08T23:48:28Z INFO [2321/3744] ab748005-7d2d-4963-a4de-542446754770: 73 internal nodes; 4.0 s; peak memory 1150 MiB.
2026-10-08T23:48:29Z INFO [2322/3744] ab7484f9-f513-45d3-9453-f48452802437: 22 internal nodes; 0.8 s; peak memory 1150 MiB.
2026-10-08T23:48:30Z INFO [2323/3744] ab749a12-d20c-430d-b225-a4fa1a56338e: 55 internal nodes; 1.2 s; peak memory 1150 MiB.
2026-10-08T23:48:32Z INFO [2324/3744] ab752847-c245-4571-b0e5-070962d41351: 46 internal nodes; 2.4 s; peak memory 1150 MiB.
2026-10-08T23:48:33Z INFO [2325/3744] ab7530af-353e-41d2-a1eb-300da037c9a0: 17 internal nodes; 0.7 s; peak memory 1150 MiB.
2026-10-08T23:48:34Z INFO [2326/3744] ab759fb6-10af-432b-8a6f-c6f376c1f5da: 25 internal nodes; 0.8 s; peak memory 1150 MiB.
2026-10-08T23:48:35Z INFO [2327/3744] ab76779b-d595-4f73-b5d6-ef6995500ff5: 66 internal nodes; 1.3 s; peak memory 1150 MiB.
2026-10-08T23:48:36Z INFO [2328/3744] ab76f5fe-032f-4a6f-8ca5-30e020c6d81b: 17 internal nodes; 0.7 s; peak memory 1150 MiB.
2026-10-08T23:48:37Z INFO [2329/3744] ab781433-896b-4aea-8fc6-8c94bcafb53b: 31 internal nodes; 1.0 s; peak memory 1150 MiB.
2026-10-08T23:48:37Z INFO [2330/3744] ab796f59-80ac-4e12-823a-b68eea012c64: 19 internal nodes; 0.6 s; peak memory 1150 MiB.
2026-10-08T23:48:39Z INFO [2331/3744] ab7b0d43-3ce6-4e01-bbee-e686ad1a9adb: 24 internal nodes; 1.3 s; peak memory 1150 MiB.
2026-10-08T23:48:40Z INFO [2332/3744] ab7b138b-7509-4f56-9226-24b631c2b504: 25 internal nodes; 1.6 s; peak memory 1150 MiB.
2026-10-08T23:48:42Z INFO [2333/3744] ab7b2fca-4edc-4938-bf46-1e337dcc9dcd: 53 internal nodes; 1.9 s; peak memory 1150 MiB.
2026-10-08T23:49:04Z INFO [2334/3744] ab7c625b-861a-4e9e-8187-4654451007fc: 1765 internal nodes; 21.6 s; peak memory 1150 MiB.
2026-10-08T23:49:05Z INFO [2335/3744] ab7cc597-27df-4806-82e7-08a0d98c5c0d: 13 internal nodes; 0.8 s; peak memory 1150 MiB.
2026-10-08T23:49:09Z INFO [2336/3744] ab7cd572-f8e7-4165-a8de-e3f2cad25176: 68 internal nodes; 4.7 s; peak memory 1150 MiB.
2026-10-08T23:49:11Z INFO [2337/3744] ab7ce132-bf07-4ea0-b889-923d967a8710: 66 internal nodes; 1.3 s; peak memory 1150 MiB.
2026-10-08T23:49:16Z INFO [2338/3744] ab7d0fb0-0290-4137-986d-0146c2e6d2ae: 212 internal nodes; 5.3 s; peak memory 1150 MiB.
2026-10-08T23:49:16Z INFO [2339/3744] ab7f514e-4c23-4380-9243-7ec4679e0cc3: 17 internal nodes; 0.7 s; peak memory 1150 MiB.
2026-10-08T23:49:17Z INFO [2340/3744] ab7f8b5e-89f1-4e53-92fe-3c5926aebbde: 17 internal nodes; 0.7 s; peak memory 1150 MiB.
2026-10-08T23:49:18Z INFO [2341/3744] ab80a4a1-654d-42e1-917a-2a760f71ec26: 19 internal nodes; 0.8 s; peak memory 1150 MiB.
2026-10-08T23:49:19Z INFO [2342/3744] ab81f217-42be-4d9c-b17a-1101e4f69e5c: 55 internal nodes; 1.6 s; peak memory 1150 MiB.
2026-10-08T23:49:21Z INFO [2343/3744] ab8247d6-3c29-4b5c-ba6e-1351c03e6b98: 31 internal nodes; 1.6 s; peak memory 1150 MiB.
2026-10-08T23:49:25Z INFO [2344/3744] ab82f4df-23ee-4e48-9255-f9ab390e0b39: 70 internal nodes; 4.4 s; peak memory 1150 MiB.
2026-10-08T23:49:26Z INFO [2345/3744] ab843c93-336c-4ad7-95a7-d98617dbbcf1: 22 internal nodes; 1.1 s; peak memory 1150 MiB.
2026-10-08T23:49:27Z INFO [2346/3744] ab844a43-9e48-4d54-955b-cdcd7d31266e: 29 internal nodes; 0.6 s; peak memory 1150 MiB.
2026-10-08T23:49:28Z INFO [2347/3744] ab853fa5-96c2-475c-b3d3-fc07b44eb305: 22 internal nodes; 0.9 s; peak memory 1150 MiB.
2026-10-08T23:49:30Z INFO [2348/3744] ab8555dc-e26a-419a-a4d5-cbd07ecb692e: 41 internal nodes; 2.4 s; peak memory 1150 MiB.
2026-10-08T23:49:31Z INFO [2349/3744] ab8611dc-4ae7-4418-b293-6b0a3d92a2d0: 27 internal nodes; 0.8 s; peak memory 1150 MiB.
2026-10-08T23:49:33Z INFO [2350/3744] ab870003-b739-4461-8dfd-6dbbe008c3fd: 72 internal nodes; 1.5 s; peak memory 1150 MiB.
2026-10-08T23:49:33Z INFO [2350/3744] ab870003-b739-4461-8dfd-6dbbe008c3fd: checkpointed 129420 new records.
2026-10-08T23:49:37Z INFO [2351/3744] ab875cf2-c4f4-454a-ac44-84dbea845fe9: 138 internal nodes; 3.6 s; peak memory 1150 MiB.
2026-10-08T23:49:37Z INFO [2352/3744] ab8772d1-6ade-4cd5-8e3a-db41d386cefe: 17 internal nodes; 0.7 s; peak memory 1150 MiB.
2026-10-08T23:49:39Z INFO [2353/3744] ab884864-d5fe-4664-b0e1-698902043b01: 31 internal nodes; 1.0 s; peak memory 1150 MiB.
2026-10-08T23:49:39Z INFO [2354/3744] ab885b1c-478a-463e-8257-2c9f5400fe08: 17 internal nodes; 0.6 s; peak memory 1150 MiB.
2026-10-08T23:49:40Z INFO [2355/3744] ab8a55a8-0ce3-4694-a5ad-12a87c9acf2c: 16 internal nodes; 0.5 s; peak memory 1150 MiB.
2026-10-08T23:49:40Z INFO [2356/3744] ab8a724a-c33a-4da7-8ab8-fd9f21d1ae51: 13 internal nodes; 0.7 s; peak memory 1150 MiB.
2026-10-08T23:49:41Z INFO [2357/3744] ab8b0add-ce70-4672-a0b2-d38707c05dc3: 11 internal nodes; 0.5 s; peak memory 1150 MiB.
2026-10-08T23:49:42Z INFO [2358/3744] ab8b3ab3-c644-4b8f-89a2-8fbd061a161d: 17 internal nodes; 0.8 s; peak memory 1150 MiB.
2026-10-08T23:49:43Z INFO [2359/3744] ab8c35ec-e0bf-4a02-92f1-bdc168913f9c: 17 internal nodes; 0.9 s; peak memory 1150 MiB.
2026-10-08T23:49:43Z INFO [2360/3744] ab8c7af7-c24d-442d-8064-6c091bfa067f: 17 internal nodes; 0.7 s; peak memory 1150 MiB.
2026-10-08T23:49:44Z INFO [2361/3744] ab8d46ba-0d31-477f-932a-27d9b9cdbee3: 67 internal nodes; 1.1 s; peak memory 1150 MiB.
2026-10-08T23:49:45Z INFO [2362/3744] ab8da487-001e-4cb8-82fa-59eb45408cc3: 27 internal nodes; 0.8 s; peak memory 1150 MiB.
2026-10-08T23:49:46Z INFO [2363/3744] ab8ee77e-315d-4864-97dc-b0fd43ae769d: 17 internal nodes; 0.8 s; peak memory 1150 MiB.
2026-10-08T23:49:47Z INFO [2364/3744] ab8f6b5c-3596-4ffc-9a35-49ee728e1d1f: 66 internal nodes; 1.3 s; peak memory 1150 MiB.
2026-10-08T23:49:48Z INFO [2365/3744] ab8fb28a-ce78-4f7a-9dee-f4a2a5b29f03: 19 internal nodes; 0.5 s; peak memory 1150 MiB.
2026-10-08T23:49:49Z INFO [2366/3744] ab90277e-4383-4e8f-8219-35880760d2dc: 17 internal nodes; 0.8 s; peak memory 1150 MiB.
2026-10-08T23:49:50Z INFO [2367/3744] ab90a20a-ebd8-45a1-9462-c2cc670c88f0: 56 internal nodes; 1.1 s; peak memory 1150 MiB.
2026-10-08T23:49:51Z INFO [2368/3744] ab90ba97-d60a-42c9-955a-10ca4fdb6be8: 44 internal nodes; 1.3 s; peak memory 1150 MiB.
2026-10-08T23:49:52Z INFO [2369/3744] ab90d8dc-ae29-41fe-8a09-58ed3becdf15: 27 internal nodes; 0.8 s; peak memory 1150 MiB.
2026-10-08T23:49:52Z INFO [2370/3744] ab92a11e-3620-4852-af71-3e69a9fec4c3: 17 internal nodes; 0.7 s; peak memory 1150 MiB.
2026-10-08T23:49:53Z INFO [2371/3744] ab92a529-bcd4-4594-b68d-db3478bbd475: 17 internal nodes; 0.8 s; peak memory 1150 MiB.
2026-10-08T23:51:08Z INFO [2372/3744] ab92aab6-790d-43c6-a82c-d7ca9e88da72: 463 internal nodes; 74.8 s; peak memory 1150 MiB.
2026-10-08T23:51:09Z INFO [2373/3744] ab92f96f-3c4e-4842-9a82-0f289e4725c0: 44 internal nodes; 1.4 s; peak memory 1150 MiB.
2026-10-08T23:51:14Z INFO [2374/3744] ab936ac5-c4b1-4a61-8ce6-f529f5d7347a: 47 internal nodes; 4.7 s; peak memory 1150 MiB.
2026-10-08T23:51:15Z INFO [2375/3744] ab936c97-f5d7-4f14-9879-3aa501a8bed5: 18 internal nodes; 0.8 s; peak memory 1150 MiB.
2026-10-08T23:51:16Z INFO [2376/3744] ab93b85c-134c-47ae-9877-8400db0034a7: 37 internal nodes; 1.2 s; peak memory 1150 MiB.
2026-10-08T23:51:17Z INFO [2377/3744] ab944999-364f-49b5-85c2-6d431cdc8b41: 17 internal nodes; 0.8 s; peak memory 1150 MiB.
2026-10-08T23:51:18Z INFO [2378/3744] ab9499e8-e24a-436c-9f0f-4047c6778862: 27 internal nodes; 0.8 s; peak memory 1150 MiB.
2026-10-08T23:51:19Z INFO [2379/3744] ab952804-6485-4a5a-b736-7ffa718ae844: 26 internal nodes; 0.9 s; peak memory 1150 MiB.
2026-10-08T23:51:22Z INFO [2380/3744] ab956112-8c1f-4364-b8e1-9be52b6bb45b: 135 internal nodes; 3.5 s; peak memory 1150 MiB.
2026-10-08T23:51:23Z INFO [2381/3744] ab9570f2-2057-4a84-ba27-6f19a8f51a46: 27 internal nodes; 0.8 s; peak memory 1150 MiB.
2026-10-08T23:51:24Z INFO [2382/3744] ab957534-bc47-4113-8bc4-e1f8748be96f: 115 internal nodes; 0.8 s; peak memory 1150 MiB.
2026-10-08T23:51:24Z INFO [2383/3744] ab958b0e-68b0-4de0-bc3b-94b760557d56: 27 internal nodes; 0.8 s; peak memory 1150 MiB.
2026-10-08T23:51:25Z INFO [2384/3744] ab95f785-0567-42f3-bec0-96ce48df42a7: 27 internal nodes; 0.6 s; peak memory 1150 MiB.
2026-10-08T23:51:25Z INFO [2385/3744] ab98077f-da4e-4366-a64e-06b73f03829b: 24 internal nodes; 0.5 s; peak memory 1150 MiB.
2026-10-08T23:51:26Z INFO [2386/3744] ab9861c8-f44e-49c7-b008-025d3f3cdc70: 17 internal nodes; 0.7 s; peak memory 1150 MiB.
2026-10-08T23:51:27Z INFO [2387/3744] ab98ab71-8a88-4f12-ab47-20e1e2940f53: 27 internal nodes; 0.8 s; peak memory 1150 MiB.
2026-10-08T23:51:28Z INFO [2388/3744] ab990b86-2509-4071-b454-0f55194763b5: 66 internal nodes; 1.3 s; peak memory 1150 MiB.
2026-10-08T23:51:29Z INFO [2389/3744] ab998e02-33b5-4c99-bea4-34c74a530748: 20 internal nodes; 0.6 s; peak memory 1150 MiB.
2026-10-08T23:51:31Z INFO [2390/3744] ab9a7aed-0ec0-4530-b134-e35674e8483c: 44 internal nodes; 1.9 s; peak memory 1150 MiB.
2026-10-08T23:51:31Z INFO [2391/3744] ab9b12e1-5397-4a29-8a49-28da694fe7fa: 13 internal nodes; 0.6 s; peak memory 1150 MiB.
2026-10-08T23:51:32Z INFO [2392/3744] ab9b14b8-233e-454e-a9f1-ae52696d7758: 27 internal nodes; 0.9 s; peak memory 1150 MiB.
2026-10-08T23:51:33Z INFO [2393/3744] ab9b56d3-66f8-4b19-bfd6-8392571ce708: 17 internal nodes; 0.8 s; peak memory 1150 MiB.
2026-10-08T23:51:34Z INFO [2394/3744] ab9b6f17-dd14-4d98-be7b-ab1859a3a2aa: 58 internal nodes; 1.2 s; peak memory 1150 MiB.
2026-10-08T23:51:35Z INFO [2395/3744] ab9ca8e0-3069-4810-9e29-a71223fd50d8: 13 internal nodes; 0.5 s; peak memory 1150 MiB.
2026-10-08T23:51:35Z INFO [2396/3744] ab9d58cb-0bf1-4e48-b77c-ca71e2ef972e: 11 internal nodes; 0.4 s; peak memory 1150 MiB.
2026-10-08T23:51:39Z INFO [2397/3744] ab9e0000-54af-44f9-8098-110f47e19bc7: 177 internal nodes; 4.1 s; peak memory 1150 MiB.
2026-10-08T23:51:40Z INFO [2398/3744] ab9e2aa4-0ef5-4112-baba-ca2ab575729e: 6 internal nodes; 0.5 s; peak memory 1150 MiB.
2026-10-08T23:51:42Z INFO [2399/3744] ab9e9bfa-c214-4be0-8a19-e4a147d7216a: 45 internal nodes; 1.8 s; peak memory 1150 MiB.
2026-10-08T23:51:43Z INFO [2400/3744] ab9f1222-99f8-44b7-82fd-24c2bdd843c5: 31 internal nodes; 1.4 s; peak memory 1150 MiB.
2026-10-08T23:51:43Z INFO [2400/3744] ab9f1222-99f8-44b7-82fd-24c2bdd843c5: checkpointed 129470 new records.
2026-10-08T23:51:53Z INFO [2401/3744] ab9f7502-6a42-42a2-83fd-c15fcc143f03: 28 internal nodes; 10.0 s; peak memory 1150 MiB.
2026-10-08T23:51:54Z INFO [2402/3744] ab9feaa6-335d-424e-8c5d-fb18cc50fa9d: 11 internal nodes; 0.4 s; peak memory 1150 MiB.
2026-10-08T23:51:55Z INFO [2403/3744] aba1bde4-b586-46e7-aae5-22692cac6379: 31 internal nodes; 1.1 s; peak memory 1150 MiB.
2026-10-08T23:51:57Z INFO [2404/3744] aba1d209-ef66-434c-9720-1c6d4e946a0c: 44 internal nodes; 1.9 s; peak memory 1150 MiB.
2026-10-08T23:52:02Z INFO [2405/3744] aba25ded-b7a1-468a-940e-9d98ce54f580: 47 internal nodes; 5.1 s; peak memory 1150 MiB.
2026-10-08T23:52:03Z INFO [2406/3744] aba6f276-501c-43d6-bf93-80e4f357e1b6: 31 internal nodes; 0.9 s; peak memory 1150 MiB.
2026-10-08T23:52:04Z INFO [2407/3744] aba88f78-1395-4de6-b598-fa700087bb3e: 27 internal nodes; 0.9 s; peak memory 1150 MiB.
2026-10-08T23:52:04Z INFO [2408/3744] aba90aac-830f-4e76-8b48-085aa25f665c: 28 internal nodes; 0.5 s; peak memory 1150 MiB.
2026-10-08T23:52:08Z INFO [2409/3744] aba9433f-2341-4312-9884-25abc7baeeaf: 143 internal nodes; 3.7 s; peak memory 1150 MiB.
2026-10-08T23:52:09Z INFO [2410/3744] aba999ac-ec81-488f-8c13-757bcd65119b: 90 internal nodes; 0.9 s; peak memory 1150 MiB.
2026-10-08T23:52:10Z INFO [2411/3744] abaaa7e7-b4d3-4a78-9249-770ec4d9d9fe: 44 internal nodes; 1.3 s; peak memory 1150 MiB.
2026-10-08T23:52:11Z INFO [2412/3744] abac233c-a483-4f47-b5ed-8fe2fddccd51: 29 internal nodes; 1.0 s; peak memory 1150 MiB.
2026-10-08T23:52:12Z INFO [2413/3744] abace59a-2d5d-4341-8f24-483df7f9d414: 26 internal nodes; 0.9 s; peak memory 1150 MiB.
2026-10-08T23:52:13Z INFO [2414/3744] abada84e-91aa-46d2-a323-762c7e0cb8a0: 27 internal nodes; 0.8 s; peak memory 1150 MiB.
2026-10-08T23:52:21Z INFO [2415/3744] abadbbbb-c2c3-4bfd-bb39-a60a7434592b: 373 internal nodes; 8.6 s; peak memory 1150 MiB.
2026-10-08T23:52:22Z INFO [2416/3744] abadbd8b-582a-4b28-8ecd-94dd9707df71: 17 internal nodes; 0.8 s; peak memory 1150 MiB.
2026-10-08T23:52:26Z INFO [2417/3744] abaf87bb-709e-4619-8389-d45e8c181f8e: 139 internal nodes; 3.4 s; peak memory 1150 MiB.
2026-10-08T23:52:27Z INFO [2418/3744] abafc404-c0e8-405f-a82a-77342a288ade: 31 internal nodes; 1.1 s; peak memory 1150 MiB.
2026-10-08T23:52:27Z INFO [2419/3744] abb004e1-6639-42a8-bb3b-0fb6f11066a7: 31 internal nodes; 0.8 s; peak memory 1150 MiB.
2026-10-08T23:52:28Z INFO [2420/3744] abb05972-c9a2-4b49-a63e-be2e76e0e595: 27 internal nodes; 0.8 s; peak memory 1150 MiB.
2026-10-08T23:52:32Z INFO [2421/3744] abb07df7-c98e-4515-8ca8-e501a459eeaf: 61 internal nodes; 3.6 s; peak memory 1150 MiB.
2026-10-08T23:52:33Z INFO [2422/3744] abb10946-8a2b-42a4-af7a-7c8ad25b7855: 17 internal nodes; 0.8 s; peak memory 1150 MiB.
2026-10-08T23:52:33Z INFO [2423/3744] abb196de-d060-4d9e-b1b5-8940832b0140: 17 internal nodes; 0.7 s; peak memory 1150 MiB.
2026-10-08T23:52:34Z INFO [2424/3744] abb314d2-efcb-4cff-88bd-c0c153578cb6: 12 internal nodes; 0.6 s; peak memory 1150 MiB.
2026-10-08T23:52:38Z INFO [2425/3744] abb44e49-43fb-4803-af7f-960e5410cd87: 70 internal nodes; 3.8 s; peak memory 1150 MiB.
2026-10-08T23:52:39Z INFO [2426/3744] abb4a7d0-27e4-4209-a1e5-8981e39fa20a: 27 internal nodes; 0.7 s; peak memory 1150 MiB.
2026-10-08T23:52:40Z INFO [2427/3744] abb4ca61-08cb-4a7a-984b-8fd3add7ea25: 72 internal nodes; 1.4 s; peak memory 1150 MiB.
2026-10-08T23:52:41Z INFO [2428/3744] abb4f6d7-19df-4312-9ba2-43ae19d7d88c: 118 internal nodes; 1.0 s; peak memory 1150 MiB.
2026-10-08T23:52:48Z INFO [2429/3744] abb591a4-0b5b-485a-bc7c-42fc31092f8b: 44 internal nodes; 6.5 s; peak memory 1150 MiB.
2026-10-08T23:52:48Z INFO [2430/3744] abb5da33-9dad-4661-9169-64c9b04b74ec: 27 internal nodes; 0.9 s; peak memory 1150 MiB.
2026-10-08T23:52:49Z INFO [2431/3744] abb658be-9ae6-40bb-ad2a-4625b9c81b9c: 31 internal nodes; 1.0 s; peak memory 1150 MiB.
2026-10-08T23:52:50Z INFO [2432/3744] abb730c7-91be-4b74-b89b-5d612df91950: 17 internal nodes; 0.7 s; peak memory 1150 MiB.
2026-10-08T23:52:51Z INFO [2433/3744] abb74b78-1f86-4ab6-b57d-c4db18eee4b9: 13 internal nodes; 1.0 s; peak memory 1150 MiB.
2026-10-08T23:52:52Z INFO [2434/3744] abb765ff-6f68-4ff5-b9bf-51e2f928ce6a: 31 internal nodes; 0.8 s; peak memory 1150 MiB.
2026-10-08T23:52:53Z INFO [2435/3744] abb7867c-8e44-4cbe-a38b-83a2803fa287: 17 internal nodes; 0.7 s; peak memory 1150 MiB.
2026-10-08T23:52:59Z INFO [2436/3744] abb805ff-dd8c-4db7-aeda-ff7dfdc800cc: 219 internal nodes; 6.8 s; peak memory 1150 MiB.
2026-10-08T23:53:00Z INFO [2437/3744] abb872d1-c3e3-4f15-99d2-02fa2c6b26f7: 28 internal nodes; 0.9 s; peak memory 1150 MiB.
2026-10-08T23:53:03Z INFO [2438/3744] abb8e7c4-03a4-4966-869f-fe988b214b4b: 99 internal nodes; 2.7 s; peak memory 1150 MiB.
2026-10-08T23:53:04Z INFO [2439/3744] abb9a516-f7e1-47d2-8160-b19bcac24b9b: 55 internal nodes; 1.1 s; peak memory 1150 MiB.
2026-10-08T23:53:05Z INFO [2440/3744] abb9dbe2-da98-4b5c-bce2-4014be775f81: 18 internal nodes; 0.5 s; peak memory 1150 MiB.
2026-10-08T23:53:05Z INFO [2441/3744] abbadacf-5c3b-407a-b7a8-11aa32197fb2: 17 internal nodes; 0.7 s; peak memory 1150 MiB.
2026-10-08T23:53:06Z INFO [2442/3744] abbb4956-b795-401c-9df9-11c274adf9dd: 27 internal nodes; 0.9 s; peak memory 1150 MiB.
2026-10-08T23:53:07Z INFO [2443/3744] abbbba72-5088-417d-800f-0509692f7fa1: 27 internal nodes; 0.7 s; peak memory 1150 MiB.
2026-10-08T23:53:08Z INFO [2444/3744] abbbcbbd-8021-462f-a8f3-fe65af7ada7f: 31 internal nodes; 0.7 s; peak memory 1150 MiB.
2026-10-08T23:53:09Z INFO [2445/3744] abbc0af4-fa1e-45f8-89b3-9c3589b1421e: 37 internal nodes; 1.1 s; peak memory 1150 MiB.
2026-10-08T23:53:10Z INFO [2446/3744] abbca1af-aa2f-4f09-b18c-14911746e761: 30 internal nodes; 1.2 s; peak memory 1150 MiB.
2026-10-08T23:53:11Z INFO [2447/3744] abbd460f-e963-4a48-afe6-c52234299ad4: 27 internal nodes; 0.9 s; peak memory 1150 MiB.
2026-10-08T23:53:19Z INFO [2448/3744] abbd670a-e8d7-42c0-a744-32971a5fbf85: 70 internal nodes; 8.2 s; peak memory 1150 MiB.
2026-10-08T23:53:21Z INFO [2449/3744] abbd8f84-5ae6-4612-9506-ce6bd3515978: 60 internal nodes; 1.8 s; peak memory 1150 MiB.
2026-10-08T23:53:22Z INFO [2450/3744] abbddcf3-520f-4b2b-af7c-7e725fb28340: 54 internal nodes; 0.8 s; peak memory 1150 MiB.
2026-10-08T23:53:22Z INFO [2450/3744] abbddcf3-520f-4b2b-af7c-7e725fb28340: checkpointed 129520 new records.
2026-10-08T23:53:24Z INFO [2451/3744] abbedc30-b370-4b04-9f93-c9e199cd7416: 67 internal nodes; 1.9 s; peak memory 1150 MiB.
2026-10-08T23:53:25Z INFO [2452/3744] abc02df4-a22c-440b-b0ee-a9aa70f5e7c6: 17 internal nodes; 0.6 s; peak memory 1150 MiB.
2026-10-08T23:53:25Z INFO [2453/3744] abc033b7-3c8d-43c5-b488-062c9fc52107: 29 internal nodes; 0.8 s; peak memory 1150 MiB.
2026-10-08T23:53:26Z INFO [2454/3744] abc05e07-f3b8-4292-9d6e-97872aedbc7a: 17 internal nodes; 0.6 s; peak memory 1150 MiB.
2026-10-08T23:53:27Z INFO [2455/3744] abc0e7bc-30f4-4090-912c-c1cc1a4a848c: 61 internal nodes; 1.0 s; peak memory 1150 MiB.
2026-10-08T23:53:28Z INFO [2456/3744] abc0e91a-5732-422e-9423-37cebaee5a23: 59 internal nodes; 1.2 s; peak memory 1150 MiB.
2026-10-08T23:53:29Z INFO [2457/3744] abc0f783-ab5a-4f7a-a7e8-7156e2eff437: 53 internal nodes; 0.7 s; peak memory 1150 MiB.
2026-10-08T23:53:30Z INFO [2458/3744] abc3510a-f805-48c2-9796-cc60f344086c: 63 internal nodes; 0.9 s; peak memory 1150 MiB.
2026-10-08T23:53:31Z INFO [2459/3744] abc3aef3-c533-4f6e-9261-d895a2d937e0: 17 internal nodes; 0.7 s; peak memory 1150 MiB.
2026-10-08T23:53:31Z INFO [2460/3744] abc3d05f-35cd-47ae-b694-6dd6f02f0be0: 29 internal nodes; 0.7 s; peak memory 1150 MiB.
2026-10-08T23:53:36Z INFO [2461/3744] abc3e37c-d75d-4dc5-98d0-cf34120a4655: 66 internal nodes; 4.4 s; peak memory 1150 MiB.
2026-10-08T23:53:37Z INFO [2462/3744] abc5c025-732a-4eb7-94cc-5e0768df78a1: 31 internal nodes; 0.9 s; peak memory 1150 MiB.
2026-10-08T23:53:39Z INFO [2463/3744] abc60a65-13e2-4a7d-9772-8f339032b4ae: 45 internal nodes; 2.3 s; peak memory 1150 MiB.
2026-10-08T23:53:40Z INFO [2464/3744] abc692ca-3ce3-4c75-b35f-75f2825b874d: 17 internal nodes; 0.7 s; peak memory 1150 MiB.
2026-10-08T23:53:41Z INFO [2465/3744] abc6a09f-0619-429c-9cfd-2bcdd23a07b8: 90 internal nodes; 1.0 s; peak memory 1150 MiB.
2026-10-08T23:53:41Z INFO [2466/3744] abc6a5b9-a0d0-4f18-8b62-03f58905393c: 38 internal nodes; 0.9 s; peak memory 1150 MiB.
2026-10-08T23:53:42Z INFO [2467/3744] abc6bf81-920c-4cd6-944b-f4c546e5bde1: 17 internal nodes; 0.7 s; peak memory 1150 MiB.
2026-10-08T23:53:43Z INFO [2468/3744] abc6f429-4044-40db-a913-105ad65708b4: 27 internal nodes; 0.7 s; peak memory 1150 MiB.
2026-10-08T23:53:49Z INFO [2469/3744] abc73d00-1d0e-4ec5-b040-298e2c99f211: 175 internal nodes; 6.0 s; peak memory 1150 MiB.
2026-10-08T23:53:49Z INFO [2470/3744] abc78c33-6c31-4eae-bdc4-277406daa403: 17 internal nodes; 0.6 s; peak memory 1150 MiB.
2026-10-08T23:53:50Z INFO [2471/3744] abc7be5e-6647-4fae-8d2d-4574337c7182: 17 internal nodes; 0.6 s; peak memory 1150 MiB.
2026-10-08T23:53:51Z INFO [2472/3744] abc9cdc2-3260-479f-a8ee-19d57fe7a8bb: 114 internal nodes; 0.6 s; peak memory 1150 MiB.
2026-10-08T23:53:53Z INFO [2473/3744] abcb5fda-eeed-4605-80c6-d1130996631a: 61 internal nodes; 2.4 s; peak memory 1150 MiB.
2026-10-08T23:53:57Z INFO [2474/3744] abcc1c13-fd87-4574-928b-914e4ee9a153: 70 internal nodes; 3.7 s; peak memory 1150 MiB.
2026-10-08T23:54:05Z INFO [2475/3744] abcc8747-919a-492a-a037-72a6aa2074b8: 87 internal nodes; 8.7 s; peak memory 1150 MiB.
2026-10-08T23:54:07Z INFO [2476/3744] abcca043-77e5-49ee-a3e2-e93c58b35728: 91 internal nodes; 1.1 s; peak memory 1150 MiB.
2026-10-08T23:54:12Z INFO [2477/3744] abcd00b8-1002-4e01-bdc1-7a07e8d7d377: 166 internal nodes; 5.6 s; peak memory 1150 MiB.
2026-10-08T23:54:15Z INFO [2478/3744] abcf7194-7cba-43e3-8d2e-ca54163ff4d6: 73 internal nodes; 3.3 s; peak memory 1150 MiB.
2026-10-08T23:54:17Z INFO [2479/3744] abd04c6e-abb4-4b1b-9f48-d9184640b381: 53 internal nodes; 1.4 s; peak memory 1150 MiB.
2026-10-08T23:54:17Z INFO [2480/3744] abd09843-d45d-4ae4-98f2-8bae2b8b7b0d: 11 internal nodes; 0.4 s; peak memory 1150 MiB.
2026-10-08T23:54:18Z INFO [2481/3744] abd0b4cf-221e-4216-bfc2-e0198405c201: 60 internal nodes; 1.1 s; peak memory 1150 MiB.
2026-10-08T23:54:19Z INFO [2482/3744] abd0e0f6-402e-4c15-8065-6c38938caacb: 69 internal nodes; 1.0 s; peak memory 1150 MiB.
2026-10-08T23:54:20Z INFO [2483/3744] abd103da-68dd-4d8b-82e7-49b231027a4b: 116 internal nodes; 1.2 s; peak memory 1150 MiB.
2026-10-08T23:54:22Z INFO [2484/3744] abd11e71-f9cc-4946-8e8d-390c9714607b: 30 internal nodes; 1.3 s; peak memory 1150 MiB.
2026-10-08T23:54:23Z INFO [2485/3744] abd150bf-f32c-4455-ba91-4e719e011360: 72 internal nodes; 1.6 s; peak memory 1150 MiB.
2026-10-08T23:54:24Z INFO [2486/3744] abd16d4e-bd9b-49a3-a449-1561454e872a: 17 internal nodes; 0.7 s; peak memory 1150 MiB.
2026-10-08T23:54:25Z INFO [2487/3744] abd193d9-d3c9-449b-92b9-6db256bfc6c1: 27 internal nodes; 0.7 s; peak memory 1150 MiB.
2026-10-08T23:54:31Z INFO [2488/3744] abd1ccd1-518f-43be-827c-57626b2bb211: 344 internal nodes; 6.5 s; peak memory 1150 MiB.
2026-10-08T23:54:32Z INFO [2489/3744] abd1da97-688b-47ca-900e-f3ac0574d275: 19 internal nodes; 0.8 s; peak memory 1150 MiB.
2026-10-08T23:54:35Z INFO [2490/3744] abd20c29-3950-4a48-9b6e-1b7ecc6e785a: 101 internal nodes; 2.5 s; peak memory 1150 MiB.
2026-10-08T23:54:37Z INFO [2491/3744] abd47670-2838-4c58-a0de-58efdec29d8c: 46 internal nodes; 2.2 s; peak memory 1150 MiB.
2026-10-08T23:54:44Z INFO [2492/3744] abd4bd7f-bff1-4546-9f32-4e5083043c76: 74 internal nodes; 7.2 s; peak memory 1150 MiB.
2026-10-08T23:54:45Z INFO [2493/3744] abd4f574-5c88-45e0-8483-7244cccd93b9: 17 internal nodes; 0.7 s; peak memory 1150 MiB.
2026-10-08T23:54:46Z INFO [2494/3744] abd52822-288f-4e77-90db-a3051bf80c4d: 31 internal nodes; 0.9 s; peak memory 1150 MiB.
2026-10-08T23:54:46Z INFO [2495/3744] abd6c021-4626-49a5-b924-d3b8a8b125bf: 15 internal nodes; 0.6 s; peak memory 1150 MiB.
2026-10-08T23:54:47Z INFO [2496/3744] abd79769-ba65-4721-86ef-aa49eaf7caf3: 17 internal nodes; 0.8 s; peak memory 1150 MiB.
2026-10-08T23:54:49Z INFO [2497/3744] abd852b9-9c3f-44bb-9b7f-9b11823df0ab: 44 internal nodes; 1.8 s; peak memory 1150 MiB.
2026-10-08T23:54:49Z INFO [2498/3744] abd880b4-a46e-457a-99f6-3a0dcda14bf7: 19 internal nodes; 0.6 s; peak memory 1150 MiB.
2026-10-08T23:54:50Z INFO [2499/3744] abd8813e-8175-4b9d-91e3-58ad2c34bcfe: 27 internal nodes; 0.8 s; peak memory 1150 MiB.
2026-10-08T23:54:57Z INFO [2500/3744] abd8a0a3-59fe-4df9-baec-f94e6a5b1768: 44 internal nodes; 6.8 s; peak memory 1150 MiB.
2026-10-08T23:54:57Z INFO [2500/3744] abd8a0a3-59fe-4df9-baec-f94e6a5b1768: checkpointed 129570 new records.
2026-10-08T23:55:03Z INFO [2501/3744] abd8bb59-d387-4887-9002-bd283904a4f5: 169 internal nodes; 5.4 s; peak memory 1150 MiB.
2026-10-08T23:55:04Z INFO [2502/3744] abd98e71-22ca-468f-8894-8679dda4dd43: 31 internal nodes; 1.1 s; peak memory 1150 MiB.
2026-10-08T23:55:04Z INFO [2503/3744] abd99d02-8433-497f-827b-cd57186aca48: 15 internal nodes; 0.5 s; peak memory 1150 MiB.
2026-10-08T23:55:07Z INFO [2504/3744] abd9f59b-005a-447c-86f8-a540fd50ea95: 73 internal nodes; 3.1 s; peak memory 1150 MiB.
2026-10-08T23:55:15Z INFO [2505/3744] abda8a1f-8a89-4934-b2b6-9b83815c1fea: 247 internal nodes; 7.3 s; peak memory 1150 MiB.
2026-10-08T23:55:16Z INFO [2506/3744] abdbc603-3fb6-4a52-b3ae-75af84aa7a49: 18 internal nodes; 1.1 s; peak memory 1150 MiB.
2026-10-08T23:55:24Z INFO [2507/3744] abdca884-e3b1-4c94-b413-ae7351ba8b05: 254 internal nodes; 8.6 s; peak memory 1150 MiB.
2026-10-08T23:55:26Z INFO [2508/3744] abdd1e0b-8fc2-405a-af97-ee15bc58f246: 31 internal nodes; 1.1 s; peak memory 1150 MiB.
2026-10-08T23:55:26Z INFO [2509/3744] abdd7483-8f7e-4c8e-ae82-79337d907ae7: 27 internal nodes; 0.7 s; peak memory 1150 MiB.
2026-10-08T23:55:27Z INFO [2510/3744] abde4e27-93c9-4018-b028-8423e4bf19ce: 58 internal nodes; 1.1 s; peak memory 1150 MiB.
2026-10-08T23:55:28Z INFO [2511/3744] abdebc06-7eae-41a9-a7be-ea51bed092a7: 15 internal nodes; 0.6 s; peak memory 1150 MiB.
2026-10-08T23:55:33Z INFO [2512/3744] abded57c-50da-446c-9fd1-ab67453be133: 44 internal nodes; 4.9 s; peak memory 1150 MiB.
2026-10-08T23:55:38Z INFO [2513/3744] abdee3f9-2302-4acd-98d8-8ae8871e9ccb: 281 internal nodes; 5.3 s; peak memory 1150 MiB.
2026-10-08T23:55:39Z INFO [2514/3744] abe21243-072d-4c82-9d6a-fffbe08965cb: 31 internal nodes; 0.9 s; peak memory 1150 MiB.
2026-10-08T23:55:40Z INFO [2515/3744] abe251e8-8dcd-44dd-b88d-f9227d7a55b8: 27 internal nodes; 0.7 s; peak memory 1150 MiB.
2026-10-08T23:55:41Z INFO [2516/3744] abe27f2f-70cf-430c-8a76-c67d390888a0: 27 internal nodes; 0.9 s; peak memory 1150 MiB.
2026-10-08T23:55:41Z INFO [2517/3744] abe344f8-0a1f-47bf-80c3-0dc419cd819d: 18 internal nodes; 0.7 s; peak memory 1150 MiB.
2026-10-08T23:55:42Z INFO [2518/3744] abe45d5d-4919-45a4-b82e-247a56d2c484: 27 internal nodes; 0.6 s; peak memory 1150 MiB.
2026-10-08T23:55:42Z INFO [2519/3744] abe4bc03-61f8-4925-b4cb-262d2731fee6: 17 internal nodes; 0.7 s; peak memory 1150 MiB.
2026-10-08T23:55:43Z INFO [2520/3744] abe4be3c-7514-444b-bf71-457466e28005: 22 internal nodes; 0.5 s; peak memory 1150 MiB.
2026-10-08T23:55:46Z INFO [2521/3744] abe55c28-b15b-4e85-81ca-bb13f743f9f0: 133 internal nodes; 3.0 s; peak memory 1150 MiB.
2026-10-08T23:55:47Z INFO [2522/3744] abe69dca-d9cb-4ca0-86cf-ee6fae11719d: 21 internal nodes; 1.0 s; peak memory 1150 MiB.
2026-10-08T23:55:51Z INFO [2523/3744] abe7155f-9454-403b-b7da-82c3f2f2b42c: 151 internal nodes; 3.9 s; peak memory 1150 MiB.
2026-10-08T23:55:51Z INFO [2524/3744] abe72baa-f56c-4ed2-b6ee-179b1516920c: 11 internal nodes; 0.5 s; peak memory 1150 MiB.
2026-10-08T23:55:53Z INFO [2525/3744] abe7df07-72a4-48f1-9032-fa8cc007f827: 61 internal nodes; 1.2 s; peak memory 1150 MiB.
2026-10-08T23:56:00Z INFO [2526/3744] abe7f195-13bf-471a-88f8-c5acca65de6b: 114 internal nodes; 7.4 s; peak memory 1150 MiB.
2026-10-08T23:56:01Z INFO [2527/3744] abe825aa-1c5f-4e95-9042-995659f0d4ac: 17 internal nodes; 0.7 s; peak memory 1150 MiB.
2026-10-08T23:56:02Z INFO [2528/3744] abe827d5-a868-4dc4-9603-d751fff01e34: 54 internal nodes; 1.1 s; peak memory 1150 MiB.
2026-10-08T23:56:02Z INFO [2529/3744] abe8b2f9-4574-4689-b53c-106c15ac98ed: 27 internal nodes; 0.7 s; peak memory 1150 MiB.
2026-10-08T23:56:08Z INFO [2530/3744] abe929d8-9b26-4cb0-b245-923c70353ec0: 177 internal nodes; 5.2 s; peak memory 1150 MiB.
2026-10-08T23:56:11Z INFO [2531/3744] abe92f0b-910f-4496-978c-f92b1ae76530: 165 internal nodes; 3.6 s; peak memory 1150 MiB.
2026-10-08T23:56:12Z INFO [2532/3744] abe950d9-6e18-45ed-989e-1ea0e9d8c5ec: 18 internal nodes; 1.1 s; peak memory 1150 MiB.
2026-10-08T23:56:13Z INFO [2533/3744] abe9ae41-0d4f-4ccd-9893-be5e29ea5f26: 31 internal nodes; 1.0 s; peak memory 1150 MiB.
2026-10-08T23:56:14Z INFO [2534/3744] abeb88ef-f423-4659-9260-3b6d3f6e040f: 27 internal nodes; 0.9 s; peak memory 1150 MiB.
2026-10-08T23:56:16Z INFO [2535/3744] abeb8d8f-796f-4e65-8125-3ada82068a46: 58 internal nodes; 1.2 s; peak memory 1150 MiB.
2026-10-08T23:56:16Z INFO [2536/3744] abeba8ae-0791-47e9-bd42-771611680f83: 17 internal nodes; 0.7 s; peak memory 1150 MiB.
2026-10-08T23:56:17Z INFO [2537/3744] abebfb10-f560-4ad1-bc66-0d67c1250933: 30 internal nodes; 1.1 s; peak memory 1150 MiB.
2026-10-08T23:56:19Z INFO [2538/3744] abed216f-0334-45de-bf57-884d50baaa89: 72 internal nodes; 1.6 s; peak memory 1150 MiB.
2026-10-08T23:56:20Z INFO [2539/3744] abedae62-2609-49a5-9819-d9d366b261bb: 31 internal nodes; 1.0 s; peak memory 1150 MiB.
2026-10-08T23:56:21Z INFO [2540/3744] abee470c-ee82-456f-8783-f1d5af5e591e: 22 internal nodes; 1.0 s; peak memory 1150 MiB.
2026-10-08T23:56:22Z INFO [2541/3744] abeffa35-b2ad-4bf8-83dd-b377043ccf0b: 29 internal nodes; 1.2 s; peak memory 1150 MiB.
2026-10-08T23:56:24Z INFO [2542/3744] abf08a3f-19db-4c77-8070-73d2315ba817: 31 internal nodes; 1.8 s; peak memory 1150 MiB.
2026-10-08T23:56:25Z INFO [2543/3744] abf0c8db-133c-413b-a5f6-cac937aa0c83: 63 internal nodes; 1.1 s; peak memory 1150 MiB.
2026-10-08T23:56:27Z INFO [2544/3744] abf17b8a-dfff-48e9-bfef-10aed122df47: 65 internal nodes; 1.6 s; peak memory 1150 MiB.
2026-10-08T23:56:28Z INFO [2545/3744] abf1e483-fe40-4df0-9c4f-a34ead7d5875: 27 internal nodes; 1.0 s; peak memory 1150 MiB.
2026-10-08T23:56:29Z INFO [2546/3744] abf21853-df4c-4f9f-bb29-28eefda40841: 115 internal nodes; 0.8 s; peak memory 1150 MiB.
2026-10-08T23:56:29Z INFO [2547/3744] abf26d9d-bfcf-46d0-b304-64401f4a3447: 11 internal nodes; 0.5 s; peak memory 1150 MiB.
2026-10-08T23:56:29Z INFO [2548/3744] abf2a342-ad09-40f7-982b-c8181edcb7f1: 11 internal nodes; 0.5 s; peak memory 1150 MiB.
2026-10-08T23:56:30Z INFO [2549/3744] abf3061d-cc66-45de-b735-ec9a6ec488eb: 17 internal nodes; 0.7 s; peak memory 1150 MiB.
2026-10-08T23:56:32Z INFO [2550/3744] abf3356b-395a-4e42-b785-b8f979b630ee: 44 internal nodes; 1.8 s; peak memory 1150 MiB.
2026-10-08T23:56:32Z INFO [2550/3744] abf3356b-395a-4e42-b785-b8f979b630ee: checkpointed 129620 new records.
2026-10-08T23:56:34Z INFO [2551/3744] abf3605e-1a57-4d65-bb1b-8557ad1d47b6: 30 internal nodes; 1.9 s; peak memory 1150 MiB.
2026-10-08T23:56:36Z INFO [2552/3744] abf3be55-aacb-46d8-81b8-0c7fee6f4aad: 60 internal nodes; 2.1 s; peak memory 1150 MiB.
2026-10-08T23:56:37Z INFO [2553/3744] abf3f58e-ca0c-472e-b8be-3b438984a819: 26 internal nodes; 0.5 s; peak memory 1150 MiB.
2026-10-08T23:56:38Z INFO [2554/3744] abf4ddfc-08d1-4c0b-9e86-1b9fbbcd91f2: 17 internal nodes; 0.7 s; peak memory 1150 MiB.
2026-10-08T23:56:38Z INFO [2555/3744] abf4fb2f-4af0-4168-9ade-621bb3350973: 19 internal nodes; 0.7 s; peak memory 1150 MiB.
2026-10-08T23:56:39Z INFO [2556/3744] abf53096-9761-4c7c-8e57-de95eb8066b0: 13 internal nodes; 0.5 s; peak memory 1150 MiB.
2026-10-08T23:56:43Z INFO [2557/3744] abf563b4-ee35-4ac8-8916-b9f56bf24572: 55 internal nodes; 4.4 s; peak memory 1150 MiB.
2026-10-08T23:56:44Z INFO [2558/3744] abf5c5de-6da8-4744-9d97-ff3906ecee34: 27 internal nodes; 0.6 s; peak memory 1150 MiB.
2026-10-08T23:56:49Z INFO [2559/3744] abf630a8-8c53-4e49-9205-5ae24d829ae4: 196 internal nodes; 5.2 s; peak memory 1150 MiB.
2026-10-08T23:56:50Z INFO [2560/3744] abf7586e-52e1-4929-bf6c-db980db33ca6: 66 internal nodes; 1.1 s; peak memory 1150 MiB.
2026-10-08T23:56:52Z INFO [2561/3744] abf76958-a138-470c-a171-5fa8f6bb6150: 61 internal nodes; 1.4 s; peak memory 1150 MiB.
2026-10-08T23:56:53Z INFO [2562/3744] abf79298-8212-4b9e-a578-e1281929a0e2: 27 internal nodes; 0.9 s; peak memory 1150 MiB.
2026-10-08T23:56:53Z INFO [2563/3744] abf7d027-5bfb-405c-b420-d5948abf907e: 17 internal nodes; 0.6 s; peak memory 1150 MiB.
2026-10-08T23:56:54Z INFO [2564/3744] abf8da35-77ae-4870-a1a4-5e7ef849a372: 26 internal nodes; 0.6 s; peak memory 1150 MiB.
2026-10-08T23:56:55Z INFO [2565/3744] abf9af5e-52e9-434a-8108-1d079f62cddf: 17 internal nodes; 0.8 s; peak memory 1150 MiB.
2026-10-08T23:56:55Z INFO [2566/3744] abfb81e3-7e04-43a5-9c9b-71f0912d2a39: 29 internal nodes; 0.5 s; peak memory 1150 MiB.
2026-10-08T23:56:57Z INFO [2567/3744] abfcb250-caae-40f7-b239-9444b03be2ff: 40 internal nodes; 2.4 s; peak memory 1150 MiB.
2026-10-08T23:56:58Z INFO [2568/3744] abfdd6e8-2a21-4f49-8549-c138247cfcea: 27 internal nodes; 0.7 s; peak memory 1150 MiB.
2026-10-08T23:57:00Z INFO [2569/3744] abfe784f-6954-42a7-aacb-78a5295af5db: 44 internal nodes; 1.8 s; peak memory 1150 MiB.
2026-10-08T23:57:01Z INFO [2570/3744] abfe8d4c-0088-4b4a-b8e5-22c90988de43: 27 internal nodes; 0.8 s; peak memory 1150 MiB.
2026-10-08T23:57:07Z INFO [2571/3744] abfedfce-8041-4e8f-ab13-ff6740cceb4b: 137 internal nodes; 5.7 s; peak memory 1150 MiB.
2026-10-08T23:57:07Z INFO [2572/3744] abff2293-321c-4b2b-bc72-441ccac80b1a: 25 internal nodes; 0.6 s; peak memory 1150 MiB.
2026-10-08T23:57:08Z INFO [2573/3744] abff5a49-d8d5-4558-b917-d6d84a6ae36c: 31 internal nodes; 1.0 s; peak memory 1150 MiB.
2026-10-08T23:57:09Z INFO [2574/3744] abffdfe2-571d-45d8-9bc3-bc29eff41beb: 27 internal nodes; 0.6 s; peak memory 1150 MiB.
2026-10-08T23:57:10Z INFO [2575/3744] ac0219d2-905f-40ca-9488-6bb3fdcaf786: 55 internal nodes; 0.9 s; peak memory 1150 MiB.
2026-10-08T23:57:11Z INFO [2576/3744] ac022a01-9175-48b7-9dd8-eac081adf81d: 63 internal nodes; 1.0 s; peak memory 1150 MiB.
2026-10-08T23:57:15Z INFO [2577/3744] ac038f55-02b3-4b76-83a9-f9f7e8d99208: 54 internal nodes; 4.6 s; peak memory 1150 MiB.
2026-10-08T23:57:17Z INFO [2578/3744] ac03c034-426d-487f-9b49-f551be3a3386: 72 internal nodes; 1.7 s; peak memory 1150 MiB.
2026-10-08T23:57:18Z INFO [2579/3744] ac054c29-318d-4b70-ba48-2e0da8cd9513: 66 internal nodes; 1.2 s; peak memory 1150 MiB.
2026-10-08T23:57:23Z INFO [2580/3744] ac05717c-bd4a-4dde-876e-34ddc8065af7: 191 internal nodes; 4.9 s; peak memory 1150 MiB.
2026-10-08T23:57:24Z INFO [2581/3744] ac05a764-ce25-4c19-bb4f-cad288c112bf: 37 internal nodes; 0.9 s; peak memory 1150 MiB.
2026-10-08T23:57:25Z INFO [2582/3744] ac060769-7ce3-407b-a183-2284207109ae: 29 internal nodes; 1.1 s; peak memory 1150 MiB.
2026-10-08T23:57:26Z INFO [2583/3744] ac063303-16b5-487f-b000-432a5d1a4b81: 31 internal nodes; 0.8 s; peak memory 1150 MiB.
2026-10-08T23:57:38Z INFO [2584/3744] ac06501f-085b-42d1-921a-2b3232daf45a: 23 internal nodes; 12.4 s; peak memory 1150 MiB.
2026-10-08T23:57:39Z INFO [2585/3744] ac06c799-7693-4dbb-948f-3d4631004137: 15 internal nodes; 0.9 s; peak memory 1150 MiB.
2026-10-08T23:57:40Z INFO [2586/3744] ac06cd4a-bc96-49c5-9830-5949b9046759: 27 internal nodes; 0.8 s; peak memory 1150 MiB.
2026-10-08T23:57:45Z INFO [2587/3744] ac070fae-fcd6-49f1-b924-2290d6f4cabc: 153 internal nodes; 4.7 s; peak memory 1150 MiB.
2026-10-08T23:57:46Z INFO [2588/3744] ac07f336-4def-45da-8a5d-acadba741122: 17 internal nodes; 0.7 s; peak memory 1150 MiB.
2026-10-08T23:57:46Z INFO [2589/3744] ac08e4d9-827a-477a-9835-76eec6021bfe: 26 internal nodes; 0.8 s; peak memory 1150 MiB.
2026-10-08T23:57:47Z INFO [2590/3744] ac0a3256-4df7-4f3e-8e0a-5c847c90d6fa: 17 internal nodes; 0.8 s; peak memory 1150 MiB.
2026-10-08T23:57:48Z INFO [2591/3744] ac0a4ca9-efad-440d-b610-e3626b556af8: 22 internal nodes; 0.8 s; peak memory 1150 MiB.
2026-10-08T23:57:49Z INFO [2592/3744] ac0a67cd-41a5-4768-8afa-ddb3698b711c: 62 internal nodes; 1.4 s; peak memory 1150 MiB.
2026-10-08T23:57:50Z INFO [2593/3744] ac0ae352-3157-4272-8e8f-31df8e0908ad: 116 internal nodes; 0.9 s; peak memory 1150 MiB.
2026-10-08T23:57:51Z INFO [2594/3744] ac0cc675-5a9a-4203-baae-25f4266f09aa: 31 internal nodes; 1.1 s; peak memory 1150 MiB.
2026-10-08T23:57:52Z INFO [2595/3744] ac0cc854-1f9b-4161-9af1-1a3d714511de: 37 internal nodes; 1.0 s; peak memory 1150 MiB.
2026-10-08T23:57:53Z INFO [2596/3744] ac0d3ad6-1f96-47fa-8fa9-5399f8dcad37: 95 internal nodes; 0.8 s; peak memory 1150 MiB.
2026-10-08T23:57:54Z INFO [2597/3744] ac0da2e3-d240-4158-a1c6-e4db3aace2ab: 17 internal nodes; 0.8 s; peak memory 1150 MiB.
2026-10-08T23:58:02Z INFO [2598/3744] ac0e8a53-7ffb-43ef-a912-49969dcea215: 266 internal nodes; 7.7 s; peak memory 1150 MiB.
2026-10-08T23:58:02Z INFO [2599/3744] ac0ea1a5-5e4a-4bad-8fb3-3b89efa72c4a: 11 internal nodes; 0.5 s; peak memory 1150 MiB.
2026-10-08T23:58:03Z INFO [2600/3744] ac0ec3b3-537f-4f53-a815-a09e90697e9d: 17 internal nodes; 0.6 s; peak memory 1150 MiB.
2026-10-08T23:58:03Z INFO [2600/3744] ac0ec3b3-537f-4f53-a815-a09e90697e9d: checkpointed 129670 new records.
2026-10-08T23:58:04Z INFO [2601/3744] ac0fd552-6e61-473f-8f09-28a4e88add45: 60 internal nodes; 0.9 s; peak memory 1150 MiB.
2026-10-08T23:58:25Z INFO [2602/3744] ac0fff8e-dfea-49ff-9e96-1f4a4a3ed146: 1812 internal nodes; 21.1 s; peak memory 1150 MiB.
2026-10-08T23:58:26Z INFO [2603/3744] ac1130f8-696e-4ca4-946a-b9377a073fa2: 17 internal nodes; 0.6 s; peak memory 1150 MiB.
2026-10-08T23:58:27Z INFO [2604/3744] ac114775-4836-436f-bb98-1fb3a1484ae3: 72 internal nodes; 1.4 s; peak memory 1150 MiB.
2026-10-08T23:58:28Z INFO [2605/3744] ac11b65c-5e71-4d7f-9cc6-e1d1015b470d: 13 internal nodes; 0.8 s; peak memory 1150 MiB.
2026-10-08T23:58:35Z INFO [2606/3744] ac127c5c-2be5-4c86-af1f-14a434a61481: 87 internal nodes; 6.9 s; peak memory 1150 MiB.
2026-10-08T23:58:44Z INFO [2607/3744] ac139124-d2c9-4229-b8ae-fe0f9fd7bef2: 287 internal nodes; 9.0 s; peak memory 1150 MiB.
2026-10-08T23:58:45Z INFO [2608/3744] ac13d20b-060c-411b-94ff-7b1629293c26: 31 internal nodes; 0.9 s; peak memory 1150 MiB.
2026-10-08T23:58:45Z INFO [2609/3744] ac14363e-85a3-40f4-bbef-3403be442352: 27 internal nodes; 0.7 s; peak memory 1150 MiB.
2026-10-08T23:58:46Z INFO [2610/3744] ac14466d-f18d-4e62-8884-6885475c3687: 58 internal nodes; 0.7 s; peak memory 1150 MiB.
2026-10-08T23:58:49Z INFO [2611/3744] ac14f2f3-3e8b-43f0-b276-83ec6642c6a0: 177 internal nodes; 3.5 s; peak memory 1150 MiB.
2026-10-08T23:58:52Z INFO [2612/3744] ac150a39-ec03-4ed9-9451-40d2785510bb: 57 internal nodes; 2.7 s; peak memory 1150 MiB.
2026-10-08T23:58:53Z INFO [2613/3744] ac15f0bd-ea2a-483e-9632-d22e101eeaa0: 11 internal nodes; 0.5 s; peak memory 1150 MiB.
2026-10-08T23:58:53Z INFO [2614/3744] ac162d43-08ef-4793-81d7-3e1c2f787a1f: 22 internal nodes; 0.6 s; peak memory 1150 MiB.
2026-10-08T23:58:54Z INFO [2615/3744] ac165d1d-3836-4a19-90b0-b831ab6428e2: 17 internal nodes; 0.8 s; peak memory 1150 MiB.
2026-10-08T23:58:55Z INFO [2616/3744] ac169b6e-32a5-42b4-b44c-5fecfe74d5ff: 17 internal nodes; 0.8 s; peak memory 1150 MiB.
2026-10-08T23:58:55Z INFO [2617/3744] ac170f21-184b-4627-b75c-8f4a0635de8a: 17 internal nodes; 0.8 s; peak memory 1150 MiB.
2026-10-08T23:59:00Z INFO [2618/3744] ac1a37ff-b04f-4ca4-97e9-bd9bfdf0c871: 170 internal nodes; 4.7 s; peak memory 1150 MiB.
2026-10-08T23:59:01Z INFO [2619/3744] ac1a6aaf-8d4d-4ba6-b6d3-86f6a9f09012: 30 internal nodes; 1.1 s; peak memory 1150 MiB.
2026-10-08T23:59:03Z INFO [2620/3744] ac1ac0af-db52-42b6-b56e-d6aa60aa6b91: 22 internal nodes; 1.3 s; peak memory 1150 MiB.
2026-10-08T23:59:14Z INFO [2621/3744] ac1c4fb0-b725-47e3-83bd-6b3295f00a38: 126 internal nodes; 11.6 s; peak memory 1150 MiB.
2026-10-08T23:59:15Z INFO [2622/3744] ac1c6301-ff05-4f34-9dfe-d41165435acb: 27 internal nodes; 0.8 s; peak memory 1150 MiB.
2026-10-08T23:59:16Z INFO [2623/3744] ac1d932a-d308-4686-8b42-ab51409dadb6: 66 internal nodes; 1.1 s; peak memory 1150 MiB.
2026-10-08T23:59:17Z INFO [2624/3744] ac1f9ed2-d95a-4cd2-b5ae-5b51c7a67647: 13 internal nodes; 1.0 s; peak memory 1150 MiB.
2026-10-08T23:59:18Z INFO [2625/3744] ac200ddf-06ab-4e48-9861-7f03ca3703fa: 17 internal nodes; 0.7 s; peak memory 1150 MiB.
2026-10-08T23:59:18Z INFO [2626/3744] ac2012db-fb33-4306-8bee-cf6386d4c73a: 17 internal nodes; 0.7 s; peak memory 1150 MiB.
2026-10-08T23:59:20Z INFO [2627/3744] ac2038f8-cd13-40cf-baa2-b5de8ea78abb: 60 internal nodes; 1.9 s; peak memory 1150 MiB.
2026-10-08T23:59:21Z INFO [2628/3744] ac205722-f967-453b-9367-de66fadaf32a: 31 internal nodes; 0.7 s; peak memory 1150 MiB.
2026-10-08T23:59:22Z INFO [2629/3744] ac207c61-3bd7-4110-a6ff-20452e0d38f8: 21 internal nodes; 0.6 s; peak memory 1150 MiB.
2026-10-08T23:59:22Z INFO [2630/3744] ac20ce6a-01db-436e-8a70-aabecbdfdbcb: 13 internal nodes; 0.6 s; peak memory 1150 MiB.
2026-10-08T23:59:23Z INFO [2631/3744] ac23a055-2eae-4aec-bdbe-f9106db45d3b: 18 internal nodes; 0.7 s; peak memory 1150 MiB.
2026-10-08T23:59:28Z INFO [2632/3744] ac24287f-1a3b-49d2-bf7b-b4bab892a585: 73 internal nodes; 4.7 s; peak memory 1150 MiB.
2026-10-08T23:59:28Z INFO [2633/3744] ac245eb6-82ac-4056-ba78-f0a7cf856bc3: 24 internal nodes; 0.6 s; peak memory 1150 MiB.
2026-10-08T23:59:29Z INFO [2634/3744] ac24783e-813c-4b08-a59b-259e436876a9: 17 internal nodes; 0.6 s; peak memory 1150 MiB.
2026-10-08T23:59:30Z INFO [2635/3744] ac24ebe4-eae4-4e4a-8b32-b6802746f75b: 83 internal nodes; 1.0 s; peak memory 1150 MiB.
2026-10-08T23:59:32Z INFO [2636/3744] ac253351-7ecc-49d7-933c-32818d9a15b4: 44 internal nodes; 1.8 s; peak memory 1150 MiB.
2026-10-08T23:59:33Z INFO [2637/3744] ac25d1a7-c187-41ae-8e7f-5e7639121047: 29 internal nodes; 0.9 s; peak memory 1150 MiB.
2026-10-08T23:59:33Z INFO [2638/3744] ac26140d-142e-40b1-bf51-e6ef4a3a2db3: 17 internal nodes; 0.7 s; peak memory 1150 MiB.
2026-10-08T23:59:34Z INFO [2639/3744] ac26265a-21e8-4637-ae49-aa1dacbf951d: 19 internal nodes; 0.6 s; peak memory 1150 MiB.
2026-10-08T23:59:38Z INFO [2640/3744] ac268e92-9e42-47b0-9347-993e77dbcac0: 73 internal nodes; 4.1 s; peak memory 1150 MiB.
2026-10-08T23:59:39Z INFO [2641/3744] ac26bef9-f4a4-4ffb-a94c-7ce2f660ff7c: 29 internal nodes; 1.0 s; peak memory 1150 MiB.
2026-10-08T23:59:39Z INFO [2642/3744] ac271231-0707-44e6-a9bf-3c6ac6858b56: 17 internal nodes; 0.5 s; peak memory 1150 MiB.
2026-10-08T23:59:40Z INFO [2643/3744] ac279784-4a15-47ff-9e58-8acdf0453bf0: 17 internal nodes; 0.7 s; peak memory 1150 MiB.
2026-10-08T23:59:41Z INFO [2644/3744] ac27f4de-385f-4219-8fca-20f1bad535ca: 27 internal nodes; 0.7 s; peak memory 1150 MiB.
2026-10-08T23:59:42Z INFO [2645/3744] ac284353-3360-4bfe-901d-138feba4dfc0: 19 internal nodes; 0.7 s; peak memory 1150 MiB.
2026-10-08T23:59:43Z INFO [2646/3744] ac284f2f-2aff-465a-a7c6-cf99db789324: 27 internal nodes; 0.9 s; peak memory 1150 MiB.
2026-10-08T23:59:45Z INFO [2647/3744] ac285883-10f7-4a0e-8cf3-ea696de07796: 42 internal nodes; 2.2 s; peak memory 1150 MiB.
2026-10-08T23:59:46Z INFO [2648/3744] ac287065-88b0-4198-b328-f34930a00c80: 31 internal nodes; 1.1 s; peak memory 1150 MiB.
2026-10-08T23:59:47Z INFO [2649/3744] ac28f5cd-c1c7-478f-bbe9-a0311633f1d9: 29 internal nodes; 0.9 s; peak memory 1150 MiB.
2026-10-08T23:59:47Z INFO [2650/3744] ac290031-c7c5-4d4f-9e17-b1b03af4b190: 17 internal nodes; 0.6 s; peak memory 1150 MiB.
2026-10-08T23:59:48Z INFO [2650/3744] ac290031-c7c5-4d4f-9e17-b1b03af4b190: checkpointed 129720 new records.
2026-10-08T23:59:48Z INFO [2651/3744] ac299e4b-9998-4689-b75c-2e08e0488f42: 26 internal nodes; 0.6 s; peak memory 1150 MiB.
2026-10-08T23:59:49Z INFO [2652/3744] ac2b4225-97fc-4de3-bec5-114a95a144d6: 19 internal nodes; 0.9 s; peak memory 1150 MiB.
2026-10-08T23:59:57Z INFO [2653/3744] ac2bf157-fe7e-4f1e-a4f8-658ac170796a: 257 internal nodes; 7.7 s; peak memory 1150 MiB.
2026-10-08T23:59:58Z INFO [2654/3744] ac2c1246-35f9-487c-a542-720e1fb48656: 26 internal nodes; 1.0 s; peak memory 1150 MiB.
2026-10-08T23:59:59Z INFO [2655/3744] ac2c144c-9cb8-4df8-a77f-f91d98d62d04: 17 internal nodes; 0.7 s; peak memory 1150 MiB.
2026-10-09T00:00:10Z INFO [2656/3744] ac2c612d-8ce6-47cc-987c-384c69e26022: 2396 internal nodes; 10.9 s; peak memory 1150 MiB.
2026-10-09T00:00:10Z INFO [2657/3744] ac2c7dfd-7e85-4892-a98c-d02d87f5058b: 18 internal nodes; 0.5 s; peak memory 1150 MiB.
2026-10-09T00:00:11Z INFO [2658/3744] ac2d23da-7bed-407d-8d4a-c0a6997c14fa: 17 internal nodes; 0.7 s; peak memory 1150 MiB.
2026-10-09T00:00:11Z INFO [2659/3744] ac2e1558-b66b-4c99-938d-666ccb4e1645: 11 internal nodes; 0.5 s; peak memory 1150 MiB.
2026-10-09T00:00:12Z INFO [2660/3744] ac2e3b39-9f32-4108-8a02-8d7018d655c1: 27 internal nodes; 0.8 s; peak memory 1150 MiB.
2026-10-09T00:00:14Z INFO [2661/3744] ac2e4ca0-f0a7-46fd-810d-36e0bf985278: 42 internal nodes; 1.4 s; peak memory 1150 MiB.
2026-10-09T00:00:14Z INFO [2662/3744] ac2ec564-f283-4c51-9bc0-a3528b322174: 116 internal nodes; 0.8 s; peak memory 1150 MiB.
2026-10-09T00:00:20Z INFO [2663/3744] ac2ee905-d820-4389-bfaa-ce307ac197f0: 163 internal nodes; 5.1 s; peak memory 1150 MiB.
2026-10-09T00:00:28Z INFO [2664/3744] ac3183fc-b84b-4d83-a42c-5df722f1d322: 233 internal nodes; 8.1 s; peak memory 1150 MiB.
2026-10-09T00:00:28Z INFO [2665/3744] ac31fb70-24e3-4d3f-87fd-5f667068aab2: 17 internal nodes; 0.8 s; peak memory 1150 MiB.
2026-10-09T00:00:29Z INFO [2666/3744] ac32a509-5fc1-4030-8f79-868e88b95c44: 17 internal nodes; 0.9 s; peak memory 1150 MiB.
2026-10-09T00:00:30Z INFO [2667/3744] ac32d26b-3f29-4ee5-81b3-4b833207156e: 27 internal nodes; 0.6 s; peak memory 1150 MiB.
2026-10-09T00:00:30Z INFO [2668/3744] ac340751-87cb-401a-8b2a-d577e7cbd233: 11 internal nodes; 0.4 s; peak memory 1150 MiB.
2026-10-09T00:00:31Z INFO [2669/3744] ac3481c3-b642-49c4-8f8e-dfe5badc0a3e: 27 internal nodes; 0.9 s; peak memory 1150 MiB.
2026-10-09T00:00:33Z INFO [2670/3744] ac350abd-19ce-4537-8213-f5065b0276ac: 56 internal nodes; 2.2 s; peak memory 1150 MiB.
2026-10-09T00:00:34Z INFO [2671/3744] ac35eced-f3e7-41fe-ac2e-65e462d2f61d: 19 internal nodes; 0.8 s; peak memory 1150 MiB.
2026-10-09T00:00:35Z INFO [2672/3744] ac3603bd-562e-43d6-8328-ab4a1d01f406: 61 internal nodes; 0.8 s; peak memory 1150 MiB.
2026-10-09T00:00:36Z INFO [2673/3744] ac3676fc-c67c-4955-996b-810bede46d54: 115 internal nodes; 0.7 s; peak memory 1150 MiB.
2026-10-09T00:00:37Z INFO [2674/3744] ac36a0f4-fbba-4203-8d00-e8258130da03: 27 internal nodes; 1.1 s; peak memory 1150 MiB.
2026-10-09T00:00:37Z INFO [2675/3744] ac36e3b7-5fdf-41d4-8600-6d0d1710ec97: 19 internal nodes; 0.6 s; peak memory 1150 MiB.
2026-10-09T00:00:38Z INFO [2676/3744] ac37280b-968d-42ad-bb7f-d5ef7a567263: 17 internal nodes; 0.6 s; peak memory 1150 MiB.
2026-10-09T00:00:39Z INFO [2677/3744] ac392de5-d79a-4e72-b965-5830fb8bba5a: 13 internal nodes; 0.6 s; peak memory 1150 MiB.
2026-10-09T00:00:39Z INFO [2678/3744] ac39bd5c-d4b9-4d21-84f8-240de10527ce: 17 internal nodes; 0.6 s; peak memory 1150 MiB.
2026-10-09T00:00:40Z INFO [2679/3744] ac3a2841-4e72-4883-8971-f651d9b9ff78: 26 internal nodes; 0.5 s; peak memory 1150 MiB.
2026-10-09T00:00:40Z INFO [2680/3744] ac3ae11d-a63a-4ce5-af75-7243ab93009f: 24 internal nodes; 0.6 s; peak memory 1150 MiB.
2026-10-09T00:00:46Z INFO [2681/3744] ac3b3475-cc8e-4391-bc8a-294dc6ab4f4f: 158 internal nodes; 5.7 s; peak memory 1150 MiB.
2026-10-09T00:00:48Z INFO [2682/3744] ac3b5414-c662-40c3-a091-9e4278a99fa6: 44 internal nodes; 1.6 s; peak memory 1150 MiB.
2026-10-09T00:00:48Z INFO [2683/3744] ac3bf441-5ce3-4303-9927-3a0ac0f74fc7: 17 internal nodes; 0.7 s; peak memory 1150 MiB.
2026-10-09T00:00:49Z INFO [2684/3744] ac3cb638-e386-479d-b910-71d6ce246dff: 27 internal nodes; 0.8 s; peak memory 1150 MiB.
2026-10-09T00:00:50Z INFO [2685/3744] ac3cc7d4-484a-450f-9bb6-b3ee21c28d39: 21 internal nodes; 0.6 s; peak memory 1150 MiB.
2026-10-09T00:00:51Z INFO [2686/3744] ac3dc9f9-3a3d-4ec3-b9c1-66ecf226466b: 25 internal nodes; 0.8 s; peak memory 1150 MiB.
2026-10-09T00:00:51Z INFO [2687/3744] ac3e83e5-3333-4a3a-8405-201202629599: 27 internal nodes; 0.7 s; peak memory 1150 MiB.
2026-10-09T00:00:52Z INFO [2688/3744] ac3e8aae-12ea-4fb9-8b98-ed8c079d6835: 29 internal nodes; 1.1 s; peak memory 1150 MiB.
2026-10-09T00:00:53Z INFO [2689/3744] ac401a7b-9cd1-4a22-9686-b860e57b0855: 11 internal nodes; 0.4 s; peak memory 1150 MiB.
2026-10-09T00:00:54Z INFO [2690/3744] ac406343-72c6-4532-abaf-a20621a9fb21: 31 internal nodes; 1.0 s; peak memory 1150 MiB.
2026-10-09T00:00:55Z INFO [2691/3744] ac40636f-1b2b-443f-bc99-befb03130058: 17 internal nodes; 0.9 s; peak memory 1150 MiB.
2026-10-09T00:00:56Z INFO [2692/3744] ac410ce9-736e-4faf-a062-c985a0571ba9: 27 internal nodes; 0.7 s; peak memory 1150 MiB.
2026-10-09T00:00:57Z INFO [2693/3744] ac411191-e48f-4e92-a186-916a9ba71952: 37 internal nodes; 1.1 s; peak memory 1150 MiB.
2026-10-09T00:00:57Z INFO [2694/3744] ac41ffc2-d6c6-4e3a-8d88-cc5c4b7e4a8c: 26 internal nodes; 0.8 s; peak memory 1150 MiB.
2026-10-09T00:00:58Z INFO [2695/3744] ac423336-2f21-4c7e-8ddd-76ebf7f79547: 17 internal nodes; 0.6 s; peak memory 1150 MiB.
2026-10-09T00:00:59Z INFO [2696/3744] ac42e005-0291-4124-9766-6f355d4cdf25: 29 internal nodes; 0.8 s; peak memory 1150 MiB.
2026-10-09T00:01:00Z INFO [2697/3744] ac42f15b-41d7-4e81-9e59-1aacfa6fa91b: 31 internal nodes; 1.0 s; peak memory 1150 MiB.
2026-10-09T00:01:01Z INFO [2698/3744] ac43ce2a-bd3d-48a0-aad5-d4b609031aa8: 31 internal nodes; 0.8 s; peak memory 1150 MiB.
2026-10-09T00:01:01Z INFO [2699/3744] ac454d55-0388-4183-85d8-8108c00b9ddc: 27 internal nodes; 0.7 s; peak memory 1150 MiB.
2026-10-09T00:01:07Z INFO [2700/3744] ac465055-da5e-453c-8226-19e0b5fa4080: 66 internal nodes; 5.7 s; peak memory 1150 MiB.
2026-10-09T00:01:07Z INFO [2700/3744] ac465055-da5e-453c-8226-19e0b5fa4080: checkpointed 129770 new records.
2026-10-09T00:01:09Z INFO [2701/3744] ac48ea72-3117-4327-b83a-96e8ef4b517b: 22 internal nodes; 1.0 s; peak memory 1150 MiB.
2026-10-09T00:01:09Z INFO [2702/3744] ac48ed7c-4aaf-4c8b-8322-2ce2d20d6d0b: 27 internal nodes; 0.7 s; peak memory 1150 MiB.
2026-10-09T00:01:10Z INFO [2703/3744] ac4911dc-6da0-4aae-a9e4-f7e38692c168: 17 internal nodes; 0.7 s; peak memory 1150 MiB.
2026-10-09T00:01:11Z INFO [2704/3744] ac495c1c-9054-4ba9-a139-b15430ec1a78: 30 internal nodes; 1.1 s; peak memory 1150 MiB.
2026-10-09T00:01:12Z INFO [2705/3744] ac4a2e20-ff29-463f-905d-19928c495cc8: 19 internal nodes; 0.8 s; peak memory 1150 MiB.
2026-10-09T00:01:13Z INFO [2706/3744] ac4a8e5b-6fbb-4973-9340-668b20b2f6b6: 17 internal nodes; 0.7 s; peak memory 1150 MiB.
2026-10-09T00:01:13Z INFO [2707/3744] ac4ae729-3164-436b-b296-6fe347ab595d: 27 internal nodes; 1.0 s; peak memory 1150 MiB.
2026-10-09T00:01:17Z INFO [2708/3744] ac4b6155-3cc0-419b-bfd0-57e7c680d7cf: 41 internal nodes; 3.6 s; peak memory 1150 MiB.
2026-10-09T00:01:18Z INFO [2709/3744] ac4c281f-49f2-4f11-94c5-a9644189dd8d: 63 internal nodes; 1.0 s; peak memory 1150 MiB.
2026-10-09T00:01:19Z INFO [2710/3744] ac4c577e-2194-42a6-9432-6873949b4a53: 17 internal nodes; 0.9 s; peak memory 1150 MiB.
2026-10-09T00:01:20Z INFO [2711/3744] ac4ca333-16ba-4ef0-8505-3179f0ea2ac0: 17 internal nodes; 0.8 s; peak memory 1150 MiB.
2026-10-09T00:01:21Z INFO [2712/3744] ac4d0f6e-d82b-42b8-84bc-c7f74a4c0564: 17 internal nodes; 0.7 s; peak memory 1150 MiB.
2026-10-09T00:01:22Z INFO [2713/3744] ac4d1ebc-56ec-47e9-99d4-4f2e9f7ca339: 80 internal nodes; 1.7 s; peak memory 1150 MiB.
2026-10-09T00:01:23Z INFO [2714/3744] ac4dcc17-8930-4589-a771-02e4490b3d44: 27 internal nodes; 0.8 s; peak memory 1150 MiB.
2026-10-09T00:01:24Z INFO [2715/3744] ac4de32e-8693-47bb-b1b9-18c127aac771: 55 internal nodes; 1.0 s; peak memory 1150 MiB.
2026-10-09T00:01:25Z INFO [2716/3744] ac4e6228-499e-47cf-9a19-617378d8f348: 27 internal nodes; 0.8 s; peak memory 1150 MiB.
2026-10-09T00:01:27Z INFO [2717/3744] ac4ebc3b-e474-4f65-b859-e026a2dbfdd2: 44 internal nodes; 2.0 s; peak memory 1150 MiB.
2026-10-09T00:01:28Z INFO [2718/3744] ac4fa864-2e05-4613-bb94-776e6909d72f: 17 internal nodes; 0.6 s; peak memory 1150 MiB.
2026-10-09T00:01:28Z INFO [2719/3744] ac507d65-fa6c-4628-84ae-a87021918b7f: 18 internal nodes; 0.6 s; peak memory 1150 MiB.
2026-10-09T00:01:29Z INFO [2720/3744] ac50ad45-726b-48b8-9792-2906c6751ad7: 22 internal nodes; 0.6 s; peak memory 1150 MiB.
2026-10-09T00:01:30Z INFO [2721/3744] ac50fbe5-9160-4f10-ac55-48577b2eff69: 31 internal nodes; 1.1 s; peak memory 1150 MiB.
2026-10-09T00:01:30Z INFO [2722/3744] ac515bb2-94d3-4235-a19d-cbe854f815cb: 17 internal nodes; 0.7 s; peak memory 1150 MiB.
2026-10-09T00:01:32Z INFO [2723/3744] ac518486-43d9-4b4d-806e-d3664f495215: 30 internal nodes; 1.1 s; peak memory 1150 MiB.
2026-10-09T00:01:32Z INFO [2724/3744] ac5230f0-0679-43f3-ad66-227c9f770aa4: 17 internal nodes; 0.8 s; peak memory 1150 MiB.
2026-10-09T00:01:34Z INFO [2725/3744] ac5271dd-e3b7-43b1-8e4f-b346a2ddc90b: 29 internal nodes; 1.2 s; peak memory 1150 MiB.
2026-10-09T00:01:34Z INFO [2726/3744] ac532f55-ad82-437a-b865-eb8c10a7c22c: 27 internal nodes; 0.7 s; peak memory 1150 MiB.
2026-10-09T00:01:35Z INFO [2727/3744] ac537666-2f1d-4133-9fe4-825cbd474f55: 17 internal nodes; 0.7 s; peak memory 1150 MiB.
2026-10-09T00:01:36Z INFO [2728/3744] ac53a33d-e0df-4ec6-a554-dc8e4e5cd900: 6 internal nodes; 0.5 s; peak memory 1150 MiB.
2026-10-09T00:01:36Z INFO [2729/3744] ac540a4d-7bd3-45d1-8b5c-98c63d868a13: 27 internal nodes; 0.6 s; peak memory 1150 MiB.
2026-10-09T00:01:38Z INFO [2730/3744] ac5413bc-38e9-4899-9dcb-5332039dda02: 55 internal nodes; 1.9 s; peak memory 1150 MiB.
2026-10-09T00:01:38Z INFO [2731/3744] ac556125-4765-4d36-8169-23def1dd6920: 26 internal nodes; 0.4 s; peak memory 1150 MiB.
2026-10-09T00:01:39Z INFO [2732/3744] ac55744b-773b-4d05-83dd-036c74f83f78: 23 internal nodes; 0.8 s; peak memory 1150 MiB.
2026-10-09T00:01:40Z INFO [2733/3744] ac5618fb-f1a1-4072-8824-e0e0bfcd7709: 18 internal nodes; 0.5 s; peak memory 1150 MiB.
2026-10-09T00:01:41Z INFO [2734/3744] ac56450c-1263-47dc-b010-5e6a4e8f335a: 19 internal nodes; 0.8 s; peak memory 1150 MiB.
2026-10-09T00:01:41Z INFO [2735/3744] ac56cf88-e09e-426d-9b04-d0d8368aa055: 11 internal nodes; 0.4 s; peak memory 1150 MiB.
2026-10-09T00:01:42Z INFO [2736/3744] ac56de1f-a5a3-4612-8ba0-041ac365fd49: 55 internal nodes; 0.9 s; peak memory 1150 MiB.
2026-10-09T00:01:42Z INFO [2737/3744] ac56e66a-88a1-4f9f-bddf-c90b5f04a371: 25 internal nodes; 0.5 s; peak memory 1150 MiB.
2026-10-09T00:01:43Z INFO [2738/3744] ac5728b2-6b58-4d3f-bc4f-e916737a6f6a: 17 internal nodes; 0.5 s; peak memory 1150 MiB.
2026-10-09T00:01:44Z INFO [2739/3744] ac57bce1-b91b-46f9-bc1e-c4fb1db6b2bb: 27 internal nodes; 0.8 s; peak memory 1150 MiB.
2026-10-09T00:01:45Z INFO [2740/3744] ac5936d9-8e75-441f-a47d-465c988ca7e6: 31 internal nodes; 1.1 s; peak memory 1150 MiB.
2026-10-09T00:01:55Z INFO [2741/3744] ac5a0552-16fa-47ad-a75a-f2ff266f42d1: 157 internal nodes; 9.7 s; peak memory 1150 MiB.
2026-10-09T00:01:55Z INFO [2742/3744] ac5a3e01-dd99-40d8-ae04-4b9664e4a586: 115 internal nodes; 0.9 s; peak memory 1150 MiB.
2026-10-09T00:01:56Z INFO [2743/3744] ac5a5166-b8d7-4bf7-86dc-75a750bea3c3: 25 internal nodes; 0.7 s; peak memory 1150 MiB.
2026-10-09T00:01:57Z INFO [2744/3744] ac5a9827-f021-4e73-aa0d-6631ee8c0769: 29 internal nodes; 1.1 s; peak memory 1150 MiB.
2026-10-09T00:02:01Z INFO [2745/3744] ac5a9eb9-8df4-4bc7-b381-6538bade6972: 73 internal nodes; 3.7 s; peak memory 1150 MiB.
2026-10-09T00:02:02Z INFO [2746/3744] ac5b132f-2e51-4587-973d-d1d8daad5b38: 13 internal nodes; 0.8 s; peak memory 1150 MiB.
2026-10-09T00:02:16Z INFO [2747/3744] ac5e63b9-77e5-444c-ac6b-8e5c85ad45f8: 2143 internal nodes; 14.5 s; peak memory 1150 MiB.
2026-10-09T00:02:17Z INFO [2748/3744] ac5e681e-fb54-498a-a49a-08655967a1db: 18 internal nodes; 0.7 s; peak memory 1150 MiB.
2026-10-09T00:02:18Z INFO [2749/3744] ac5e6eb2-1a1e-405e-a73a-1504381ed437: 17 internal nodes; 0.8 s; peak memory 1150 MiB.
2026-10-09T00:02:19Z INFO [2750/3744] ac5ecfb8-7b08-4d28-b32e-b98b5fd3b2b6: 55 internal nodes; 1.1 s; peak memory 1150 MiB.
2026-10-09T00:02:19Z INFO [2750/3744] ac5ecfb8-7b08-4d28-b32e-b98b5fd3b2b6: checkpointed 129820 new records.
2026-10-09T00:02:20Z INFO [2751/3744] ac5edb80-8f3b-4189-b556-45d5ddea90d1: 27 internal nodes; 0.9 s; peak memory 1150 MiB.
2026-10-09T00:02:21Z INFO [2752/3744] ac5fc446-27d1-4d3f-a37b-13c0aabd9cb9: 27 internal nodes; 0.9 s; peak memory 1150 MiB.
2026-10-09T00:02:21Z INFO [2753/3744] ac609120-b1db-491a-9fd4-02b0f2070ac6: 25 internal nodes; 0.6 s; peak memory 1150 MiB.
2026-10-09T00:02:22Z INFO [2754/3744] ac60c422-e4a0-4fd3-8e4f-21b742cb290f: 115 internal nodes; 0.7 s; peak memory 1150 MiB.
2026-10-09T00:02:23Z INFO [2755/3744] ac616c87-8099-4003-bb84-4e73e34cf250: 23 internal nodes; 1.0 s; peak memory 1150 MiB.
2026-10-09T00:02:24Z INFO [2756/3744] ac61f636-acaa-4e1c-9d2c-f69f69d201e6: 17 internal nodes; 0.8 s; peak memory 1150 MiB.
2026-10-09T00:02:24Z INFO [2757/3744] ac62adbd-db18-4546-a803-e8832de55b97: 22 internal nodes; 0.6 s; peak memory 1150 MiB.
2026-10-09T00:02:26Z INFO [2758/3744] ac62d228-a23c-4b7b-a179-0071c39e52f8: 31 internal nodes; 1.1 s; peak memory 1150 MiB.
2026-10-09T00:02:26Z INFO [2759/3744] ac6388e3-6013-45d8-9042-4dfee946cacb: 15 internal nodes; 0.7 s; peak memory 1150 MiB.
2026-10-09T00:02:27Z INFO [2760/3744] ac6412d4-6117-458f-b8c6-1ebf315139ee: 28 internal nodes; 1.0 s; peak memory 1150 MiB.
2026-10-09T00:02:28Z INFO [2761/3744] ac651ad0-b720-484d-b8fd-083a09f598ae: 27 internal nodes; 0.9 s; peak memory 1150 MiB.
2026-10-09T00:02:29Z INFO [2762/3744] ac651f93-2d59-490d-bd3f-83b14b0f49aa: 27 internal nodes; 1.0 s; peak memory 1150 MiB.
2026-10-09T00:02:31Z INFO [2763/3744] ac653d6a-ffb6-4569-8256-44b02afd4df2: 31 internal nodes; 1.2 s; peak memory 1150 MiB.
2026-10-09T00:02:35Z INFO [2764/3744] ac662fdd-10c3-4840-a587-b1b3c5eb6826: 224 internal nodes; 4.6 s; peak memory 1150 MiB.
2026-10-09T00:02:39Z INFO [2765/3744] ac673f33-6460-41bd-91a1-d6ffff8e77c1: 137 internal nodes; 4.2 s; peak memory 1150 MiB.
2026-10-09T00:02:40Z INFO [2766/3744] ac67a163-3d58-4cbc-9d63-d71dfe9c4a6f: 19 internal nodes; 0.9 s; peak memory 1150 MiB.
2026-10-09T00:02:41Z INFO [2767/3744] ac68d06f-7c47-41a2-9920-29152f2f5ed1: 27 internal nodes; 0.7 s; peak memory 1150 MiB.
2026-10-09T00:02:49Z INFO [2768/3744] ac68ff48-53ec-41e9-8863-883cfc55763b: 83 internal nodes; 7.7 s; peak memory 1150 MiB.
2026-10-09T00:02:49Z INFO [2769/3744] ac694213-817c-48c9-be96-0ed0a44947c6: 13 internal nodes; 0.7 s; peak memory 1150 MiB.
2026-10-09T00:02:51Z INFO [2770/3744] ac69aa56-3961-491f-a556-2e5bfc31d600: 95 internal nodes; 1.2 s; peak memory 1150 MiB.
2026-10-09T00:02:56Z INFO [2771/3744] ac69c844-a573-4a9f-912b-a24cda19a196: 115 internal nodes; 5.4 s; peak memory 1150 MiB.
2026-10-09T00:02:57Z INFO [2772/3744] ac6a73b7-dbdd-47f2-aa53-3b2a2ac8d906: 90 internal nodes; 0.9 s; peak memory 1150 MiB.
2026-10-09T00:02:58Z INFO [2773/3744] ac6a76fd-38f8-45a2-85ae-3808d64c09e1: 17 internal nodes; 0.7 s; peak memory 1150 MiB.
2026-10-09T00:02:58Z INFO [2774/3744] ac6aa9ce-96b2-4f45-b421-b1c28d3fa7f9: 17 internal nodes; 0.8 s; peak memory 1150 MiB.
2026-10-09T00:03:02Z INFO [2775/3744] ac6b3d14-65a9-4205-abca-118ee5e4f435: 177 internal nodes; 3.6 s; peak memory 1150 MiB.
2026-10-09T00:03:03Z INFO [2776/3744] ac6b4856-4a05-478e-b286-df552d57c6a5: 17 internal nodes; 0.7 s; peak memory 1150 MiB.
2026-10-09T00:03:03Z INFO [2777/3744] ac6b52fd-4227-4fbf-be1f-36186f5cc7c9: 27 internal nodes; 0.7 s; peak memory 1150 MiB.
2026-10-09T00:03:05Z INFO [2778/3744] ac6cc071-1874-4aa2-a92b-aa81f1ee2635: 37 internal nodes; 1.5 s; peak memory 1150 MiB.
2026-10-09T00:03:05Z INFO [2779/3744] ac6cea26-ef46-4436-8d9e-2ac1da802d4e: 13 internal nodes; 0.6 s; peak memory 1150 MiB.
2026-10-09T00:03:07Z INFO [2780/3744] ac6d16e4-86b1-46a9-a4b2-ac355fedf661: 25 internal nodes; 1.2 s; peak memory 1150 MiB.
2026-10-09T00:03:07Z INFO [2781/3744] ac6e1938-75ba-487f-8583-bf741a1874f9: 17 internal nodes; 0.8 s; peak memory 1150 MiB.
2026-10-09T00:03:08Z INFO [2782/3744] ac6f9c95-1370-4852-916d-4258c50dacf6: 28 internal nodes; 1.0 s; peak memory 1150 MiB.
2026-10-09T00:03:09Z INFO [2783/3744] ac70079f-0554-46cc-b99a-52752a247597: 17 internal nodes; 0.6 s; peak memory 1150 MiB.
2026-10-09T00:03:10Z INFO [2784/3744] ac7039a7-d2f8-475b-ad4a-769365c93527: 17 internal nodes; 0.8 s; peak memory 1150 MiB.
2026-10-09T00:03:10Z INFO [2785/3744] ac70520e-682d-47f8-b28f-b9b0beecc46d: 27 internal nodes; 0.7 s; peak memory 1150 MiB.
2026-10-09T00:03:11Z INFO [2786/3744] ac70e9bf-7a10-4174-9ffb-0bf3426a95d1: 17 internal nodes; 0.8 s; peak memory 1150 MiB.
2026-10-09T00:03:12Z INFO [2787/3744] ac72a05f-e1a1-427b-aaa0-6009c95c7dd0: 27 internal nodes; 0.6 s; peak memory 1150 MiB.
2026-10-09T00:03:13Z INFO [2788/3744] ac736daa-7382-4009-810c-273b922ce21c: 35 internal nodes; 0.9 s; peak memory 1150 MiB.
2026-10-09T00:03:13Z INFO [2789/3744] ac743499-d121-4cc3-8e2f-08aeff0d5239: 17 internal nodes; 0.7 s; peak memory 1150 MiB.
2026-10-09T00:03:15Z INFO [2790/3744] ac745bb3-a8db-4200-8a34-f8abe8d6b47f: 69 internal nodes; 1.1 s; peak memory 1150 MiB.
2026-10-09T00:03:21Z INFO [2791/3744] ac74fbf1-7fc2-4d78-8135-f11c6397340e: 115 internal nodes; 6.2 s; peak memory 1150 MiB.
2026-10-09T00:03:22Z INFO [2792/3744] ac75da39-5eb2-4452-8305-16e894958cd5: 31 internal nodes; 1.1 s; peak memory 1150 MiB.
2026-10-09T00:03:23Z INFO [2793/3744] ac762308-d017-44ca-a5cb-4e50a846385b: 27 internal nodes; 0.8 s; peak memory 1150 MiB.
2026-10-09T00:03:24Z INFO [2794/3744] ac76edb7-a2e7-4df6-ab06-a325b3f2b657: 54 internal nodes; 1.9 s; peak memory 1150 MiB.
2026-10-09T00:03:27Z INFO [2795/3744] ac775137-5d0b-4348-a0e7-4d531c1c7791: 46 internal nodes; 2.5 s; peak memory 1150 MiB.
2026-10-09T00:03:28Z INFO [2796/3744] ac78c5d9-6f93-45ba-9fd0-af7f8de47901: 17 internal nodes; 0.6 s; peak memory 1150 MiB.
2026-10-09T00:03:29Z INFO [2797/3744] ac78db04-6c14-4241-aaa6-ee4a44c78b36: 26 internal nodes; 1.2 s; peak memory 1150 MiB.
2026-10-09T00:03:31Z INFO [2798/3744] ac78eebc-6182-4d17-84fa-017c0d0846d5: 34 internal nodes; 1.9 s; peak memory 1150 MiB.
2026-10-09T00:03:32Z INFO [2799/3744] ac799422-2b70-4f3f-acaa-b6d7338c5688: 27 internal nodes; 0.8 s; peak memory 1150 MiB.
2026-10-09T00:03:38Z INFO [2800/3744] ac79c7a1-c782-40b2-8719-77b8ddb27b5f: 61 internal nodes; 7.0 s; peak memory 1150 MiB.
2026-10-09T00:03:39Z INFO [2800/3744] ac79c7a1-c782-40b2-8719-77b8ddb27b5f: checkpointed 129870 new records.
2026-10-09T00:03:40Z INFO [2801/3744] ac7a064a-42ad-41fe-8422-5244b5acff3e: 17 internal nodes; 0.7 s; peak memory 1150 MiB.
2026-10-09T00:03:41Z INFO [2802/3744] ac7a46d3-5126-4692-9f3e-a8cd78f6554e: 31 internal nodes; 1.1 s; peak memory 1150 MiB.
2026-10-09T00:03:42Z INFO [2803/3744] ac7a7ea6-c840-4126-bd52-ec9e29fca670: 119 internal nodes; 0.9 s; peak memory 1150 MiB.
2026-10-09T00:03:42Z INFO [2804/3744] ac7c68c9-467c-44c4-8b92-636743012c4e: 17 internal nodes; 0.7 s; peak memory 1150 MiB.
2026-10-09T00:03:46Z INFO [2805/3744] ac7c98e7-385d-4ea7-a6a7-c2ac946bfdf5: 159 internal nodes; 4.0 s; peak memory 1150 MiB.
2026-10-09T00:03:47Z INFO [2806/3744] ac7ce198-0efd-437a-aa2f-c656b22f981f: 22 internal nodes; 1.2 s; peak memory 1150 MiB.
2026-10-09T00:03:48Z INFO [2807/3744] ac7da8e2-ee1a-417f-a866-679005f97849: 17 internal nodes; 0.7 s; peak memory 1150 MiB.
2026-10-09T00:03:49Z INFO [2808/3744] ac7df42b-4a39-46bf-a3bd-25f776eaa575: 115 internal nodes; 0.7 s; peak memory 1150 MiB.
2026-10-09T00:03:55Z INFO [2809/3744] ac7e3036-38c2-412b-875b-495535e8ee51: 277 internal nodes; 6.6 s; peak memory 1150 MiB.
2026-10-09T00:03:58Z INFO [2810/3744] ac7e8fef-2d94-4c56-acbb-33dc3d3cb435: 73 internal nodes; 3.0 s; peak memory 1150 MiB.
2026-10-09T00:03:59Z INFO [2811/3744] ac7f7ffe-d473-4895-b6ac-893719c28e83: 29 internal nodes; 0.8 s; peak memory 1150 MiB.
2026-10-09T00:04:00Z INFO [2812/3744] ac804588-35f8-4536-854f-e5ac848dc95a: 27 internal nodes; 1.2 s; peak memory 1150 MiB.
2026-10-09T00:04:01Z INFO [2813/3744] ac80c81f-df99-4655-8e7c-dd4277dd0faa: 29 internal nodes; 0.8 s; peak memory 1150 MiB.
2026-10-09T00:04:03Z INFO [2814/3744] ac81cf1c-dbab-4489-aae8-f44f6d0161ac: 44 internal nodes; 1.5 s; peak memory 1150 MiB.
2026-10-09T00:04:03Z INFO [2815/3744] ac82df3f-c1ef-4b67-a442-d58a8123cc4a: 17 internal nodes; 0.7 s; peak memory 1150 MiB.
2026-10-09T00:04:06Z INFO [2816/3744] ac835f8b-683e-4355-a557-e963581a0424: 148 internal nodes; 3.0 s; peak memory 1150 MiB.
2026-10-09T00:04:07Z INFO [2817/3744] ac850afc-71af-4921-8992-c2ede6a2389d: 11 internal nodes; 0.5 s; peak memory 1150 MiB.
2026-10-09T00:04:08Z INFO [2818/3744] ac85672c-554a-4bb9-b775-a42e65a90643: 17 internal nodes; 0.8 s; peak memory 1150 MiB.
2026-10-09T00:04:08Z INFO [2819/3744] ac85e2ee-592f-49bb-8ced-67133a1235ac: 34 internal nodes; 0.9 s; peak memory 1150 MiB.
2026-10-09T00:04:09Z INFO [2820/3744] ac85e76a-66c6-46fb-8745-54aa6071809c: 27 internal nodes; 0.9 s; peak memory 1150 MiB.
2026-10-09T00:04:10Z INFO [2821/3744] ac871f8d-77a3-44ae-93b9-0307647bd989: 27 internal nodes; 0.5 s; peak memory 1150 MiB.
2026-10-09T00:04:11Z INFO [2822/3744] ac87e8f7-3e8d-40b1-b3c9-deaf71c9848b: 17 internal nodes; 0.8 s; peak memory 1150 MiB.
2026-10-09T00:04:11Z INFO [2823/3744] ac887f82-18c7-499f-a976-6806d7625a7c: 17 internal nodes; 0.7 s; peak memory 1150 MiB.
2026-10-09T00:04:14Z INFO [2824/3744] ac895706-d768-489f-92d9-5b4f50a1474c: 116 internal nodes; 3.2 s; peak memory 1150 MiB.
2026-10-09T00:04:15Z INFO [2825/3744] ac8b7a5f-07c7-4d4e-bb00-6d839c384cf9: 13 internal nodes; 0.6 s; peak memory 1150 MiB.
2026-10-09T00:04:20Z INFO [2826/3744] ac8c3fb4-3b5e-43e0-b711-66bc91ab6f83: 210 internal nodes; 5.1 s; peak memory 1150 MiB.
2026-10-09T00:04:21Z INFO [2827/3744] ac8e4b41-10ca-49e0-9458-f8abf586df84: 17 internal nodes; 0.8 s; peak memory 1150 MiB.
2026-10-09T00:04:22Z INFO [2828/3744] ac9116e9-5b82-4f6c-9f9b-cc87824f5aa2: 31 internal nodes; 1.3 s; peak memory 1150 MiB.
2026-10-09T00:04:23Z INFO [2829/3744] ac92c03d-5285-4b75-a9c9-542558210e17: 56 internal nodes; 0.9 s; peak memory 1150 MiB.
2026-10-09T00:04:24Z INFO [2830/3744] ac92d944-d75f-4b4e-b47a-7bbf6d172668: 67 internal nodes; 1.3 s; peak memory 1150 MiB.
2026-10-09T00:04:25Z INFO [2831/3744] ac93a78c-5069-47ac-be0a-0fec6b5e5cf8: 17 internal nodes; 0.6 s; peak memory 1150 MiB.
2026-10-09T00:04:26Z INFO [2832/3744] ac93c179-c869-40ab-93dd-82463d92dc4d: 58 internal nodes; 1.2 s; peak memory 1150 MiB.
2026-10-09T00:04:27Z INFO [2833/3744] ac93e98f-3853-472f-b8bf-806647977cd4: 61 internal nodes; 1.0 s; peak memory 1150 MiB.
2026-10-09T00:04:28Z INFO [2834/3744] ac94c202-5bb3-47c9-b72c-c04b474662a8: 17 internal nodes; 0.6 s; peak memory 1150 MiB.
2026-10-09T00:04:28Z INFO [2835/3744] ac94ee76-ff78-4c0e-8433-6db2f4e1d165: 11 internal nodes; 0.5 s; peak memory 1150 MiB.
2026-10-09T00:04:29Z INFO [2836/3744] ac954783-2f02-45f7-abe1-22e8ccb11cb8: 59 internal nodes; 1.0 s; peak memory 1150 MiB.
2026-10-09T00:04:30Z INFO [2837/3744] ac9557fa-eb23-4077-8355-5b60e1ccc395: 19 internal nodes; 0.9 s; peak memory 1150 MiB.
2026-10-09T00:04:31Z INFO [2838/3744] ac9582f7-36d7-4bc4-abb0-37551f9072f2: 17 internal nodes; 0.9 s; peak memory 1150 MiB.
2026-10-09T00:04:32Z INFO [2839/3744] ac95ebf4-4ca7-4b4a-a9df-bd63641e9b76: 31 internal nodes; 1.0 s; peak memory 1150 MiB.
2026-10-09T00:04:33Z INFO [2840/3744] ac96646e-c3e1-4efe-b235-a49d284cbd29: 17 internal nodes; 0.8 s; peak memory 1150 MiB.
2026-10-09T00:04:34Z INFO [2841/3744] ac96b77c-b98d-45ed-a465-6fdb87159ab0: 23 internal nodes; 0.6 s; peak memory 1150 MiB.
2026-10-09T00:04:34Z INFO [2842/3744] ac971253-60b8-48e7-93d7-64699c97ba3d: 17 internal nodes; 0.6 s; peak memory 1150 MiB.
2026-10-09T00:04:35Z INFO [2843/3744] ac97efed-f808-411a-958c-87e9000ff068: 23 internal nodes; 0.7 s; peak memory 1150 MiB.
2026-10-09T00:04:36Z INFO [2844/3744] ac9898b3-98d1-4335-8fcc-64f722a43890: 31 internal nodes; 1.1 s; peak memory 1150 MiB.
2026-10-09T00:04:37Z INFO [2845/3744] ac9917e2-a184-4444-a0a6-f0631bdce833: 67 internal nodes; 1.2 s; peak memory 1150 MiB.
2026-10-09T00:04:38Z INFO [2846/3744] ac999ec5-4161-439f-8cf8-4197c534c235: 27 internal nodes; 0.7 s; peak memory 1150 MiB.
2026-10-09T00:04:39Z INFO [2847/3744] ac99bfe1-b069-4543-82a3-6ae83b380d63: 17 internal nodes; 0.7 s; peak memory 1150 MiB.
2026-10-09T00:04:40Z INFO [2848/3744] ac9a4809-2c8b-4144-9762-262ec77a06be: 56 internal nodes; 1.8 s; peak memory 1150 MiB.
2026-10-09T00:04:41Z INFO [2849/3744] ac9add8b-c0aa-4aaf-96c6-6de8c3d7479a: 31 internal nodes; 0.8 s; peak memory 1150 MiB.
2026-10-09T00:04:46Z INFO [2850/3744] ac9b4be5-3f0c-42a8-9643-da09fccd4e22: 1914 internal nodes; 5.1 s; peak memory 1150 MiB.
2026-10-09T00:04:47Z INFO [2850/3744] ac9b4be5-3f0c-42a8-9643-da09fccd4e22: checkpointed 129920 new records.
2026-10-09T00:04:47Z INFO [2851/3744] ac9b849d-3728-41cc-aab1-d2ba67bd83af: 17 internal nodes; 0.6 s; peak memory 1150 MiB.
2026-10-09T00:04:49Z INFO [2852/3744] ac9b8e2a-6c37-4386-a941-42386b03fffd: 66 internal nodes; 1.3 s; peak memory 1150 MiB.
2026-10-09T00:04:49Z INFO [2853/3744] ac9c0259-f50a-4949-a634-b4377b5738cf: 11 internal nodes; 0.3 s; peak memory 1150 MiB.
2026-10-09T00:04:50Z INFO [2854/3744] ac9c0c05-16c1-408f-be35-d874be08a0c6: 15 internal nodes; 0.7 s; peak memory 1150 MiB.
2026-10-09T00:04:50Z INFO [2855/3744] ac9e50f9-31a7-428a-b97d-1c5b3417942e: 17 internal nodes; 0.7 s; peak memory 1150 MiB.
2026-10-09T00:04:51Z INFO [2856/3744] ac9ef993-b818-4b3a-8dd1-f9b58ebf4f5c: 17 internal nodes; 0.6 s; peak memory 1150 MiB.
2026-10-09T00:04:52Z INFO [2857/3744] aca06e06-9a69-4571-9be0-6f24a392a133: 17 internal nodes; 0.6 s; peak memory 1150 MiB.
2026-10-09T00:04:52Z INFO [2858/3744] aca07b3e-f791-449b-a5cd-007ca36cc580: 17 internal nodes; 0.5 s; peak memory 1150 MiB.
2026-10-09T00:04:53Z INFO [2859/3744] aca0d4ac-0d57-4c92-aef0-1f935bebf60f: 20 internal nodes; 0.7 s; peak memory 1150 MiB.
2026-10-09T00:04:53Z INFO [2860/3744] aca2eda4-3384-4029-bec6-450e1b595bd0: 115 internal nodes; 0.7 s; peak memory 1150 MiB.
2026-10-09T00:04:54Z INFO [2861/3744] aca2fb84-c7fe-488f-af44-0210e49f0394: 17 internal nodes; 0.7 s; peak memory 1150 MiB.
2026-10-09T00:04:55Z INFO [2862/3744] aca3255c-1526-4d9e-92b3-5207ee180b6c: 18 internal nodes; 0.9 s; peak memory 1150 MiB.
2026-10-09T00:04:57Z INFO [2863/3744] aca43521-4040-4b93-a2c3-0392cfa2b5c4: 46 internal nodes; 2.1 s; peak memory 1150 MiB.
2026-10-09T00:04:58Z INFO [2864/3744] aca44d55-c279-4358-bb9c-2c79041c46e4: 27 internal nodes; 0.7 s; peak memory 1150 MiB.
2026-10-09T00:04:58Z INFO [2865/3744] aca4cbfc-9e51-4277-bf16-577429b84f4b: 17 internal nodes; 0.5 s; peak memory 1150 MiB.
2026-10-09T00:04:59Z INFO [2866/3744] aca56992-f726-4d14-b9d7-0e0e5e80fbe2: 27 internal nodes; 0.7 s; peak memory 1150 MiB.
2026-10-09T00:05:01Z INFO [2867/3744] aca5733b-58fa-4633-ad3d-82d21c813c3e: 42 internal nodes; 1.9 s; peak memory 1150 MiB.
2026-10-09T00:05:02Z INFO [2868/3744] aca70dd4-2ca2-4f3c-a079-ee5f783ae7c1: 17 internal nodes; 0.8 s; peak memory 1150 MiB.
2026-10-09T00:05:03Z INFO [2869/3744] aca8085a-f974-46ad-92d0-ff6209d605f2: 31 internal nodes; 0.8 s; peak memory 1150 MiB.
2026-10-09T00:05:05Z INFO [2870/3744] aca88718-3614-4b7d-8d57-6659ae87cd35: 177 internal nodes; 2.9 s; peak memory 1150 MiB.
2026-10-09T00:05:07Z INFO [2871/3744] aca94393-9be1-4a58-b13c-3d17f4f6b720: 66 internal nodes; 1.3 s; peak memory 1150 MiB.
2026-10-09T00:05:08Z INFO [2872/3744] aca98138-efcd-4a13-b653-32863b19683f: 53 internal nodes; 1.0 s; peak memory 1150 MiB.
2026-10-09T00:05:09Z INFO [2873/3744] aca9cb2c-1071-4c41-aaa7-b8f88e318b6c: 31 internal nodes; 0.8 s; peak memory 1150 MiB.
2026-10-09T00:05:09Z INFO [2874/3744] acaa6cd6-b367-4fd0-aba1-e962c8c24846: 19 internal nodes; 0.7 s; peak memory 1150 MiB.
2026-10-09T00:05:17Z INFO [2875/3744] acaac74c-953d-401e-bc72-097d749b8576: 235 internal nodes; 7.8 s; peak memory 1150 MiB.
2026-10-09T00:05:18Z INFO [2876/3744] acaacad6-f178-4c4e-98c3-73595a0a8e34: 17 internal nodes; 0.6 s; peak memory 1150 MiB.
2026-10-09T00:05:19Z INFO [2877/3744] acac217e-9a80-4bd4-808b-c18015e2630e: 60 internal nodes; 1.1 s; peak memory 1150 MiB.
2026-10-09T00:05:19Z INFO [2878/3744] acacefdc-bbbd-4982-8e2d-d7be8f316e4c: 17 internal nodes; 0.5 s; peak memory 1150 MiB.
2026-10-09T00:05:20Z INFO [2879/3744] acad9763-3cd4-48ad-8f3b-a9733894bab6: 19 internal nodes; 0.6 s; peak memory 1150 MiB.
2026-10-09T00:05:22Z INFO [2880/3744] acae582e-f25a-4435-ae0d-b21feac5f6e9: 27 internal nodes; 2.2 s; peak memory 1150 MiB.
2026-10-09T00:05:23Z INFO [2881/3744] acaf4b4b-ca00-4898-9b17-dd01d3680444: 19 internal nodes; 0.7 s; peak memory 1150 MiB.
2026-10-09T00:05:29Z INFO [2882/3744] acaf56cc-33d5-421f-9f1b-31bae27f63b0: 44 internal nodes; 6.0 s; peak memory 1150 MiB.
2026-10-09T00:05:30Z INFO [2883/3744] acaf90be-3f7c-400d-b50b-ae47972662cc: 17 internal nodes; 0.9 s; peak memory 1150 MiB.
2026-10-09T00:05:31Z INFO [2884/3744] acafd4f9-f39f-44c1-815c-6b025ace94bc: 53 internal nodes; 1.1 s; peak memory 1150 MiB.
2026-10-09T00:05:33Z INFO [2885/3744] acb03ad9-1fde-4f34-8b90-75ef24bc66b9: 46 internal nodes; 2.0 s; peak memory 1150 MiB.
2026-10-09T00:05:36Z INFO [2886/3744] acb10480-087a-44be-bf10-c008290f1f59: 113 internal nodes; 3.5 s; peak memory 1150 MiB.
2026-10-09T00:05:37Z INFO [2887/3744] acb1e267-9c31-4709-a45f-5d5aa99a573b: 19 internal nodes; 0.6 s; peak memory 1150 MiB.
2026-10-09T00:05:38Z INFO [2888/3744] acb1f8ff-c75e-48a0-a18a-a8de5217df9d: 17 internal nodes; 0.6 s; peak memory 1150 MiB.
2026-10-09T00:05:43Z INFO [2889/3744] acb306ee-909b-48a2-8f31-beaeffc06cfe: 199 internal nodes; 5.9 s; peak memory 1150 MiB.
2026-10-09T00:05:44Z INFO [2890/3744] acb38f37-c184-49ed-8b00-18c5ab1c4158: 17 internal nodes; 0.7 s; peak memory 1150 MiB.
2026-10-09T00:05:45Z INFO [2891/3744] acb3c40a-c00b-413d-8831-3a33e4971161: 25 internal nodes; 0.5 s; peak memory 1150 MiB.
2026-10-09T00:05:45Z INFO [2892/3744] acb3df57-e253-4bfb-bd66-cd01204c49c1: 17 internal nodes; 0.6 s; peak memory 1150 MiB.
2026-10-09T00:05:46Z INFO [2893/3744] acb42637-ca97-4810-8a52-1df05bfd3a90: 18 internal nodes; 0.6 s; peak memory 1150 MiB.
2026-10-09T00:05:47Z INFO [2894/3744] acb48fe0-90eb-4f37-8cd0-077e096a7157: 17 internal nodes; 0.8 s; peak memory 1150 MiB.
2026-10-09T00:05:47Z INFO [2895/3744] acb5d597-34aa-47c3-a2a4-2471f2e45468: 13 internal nodes; 0.7 s; peak memory 1150 MiB.
2026-10-09T00:05:48Z INFO [2896/3744] acb67ef0-d94c-482c-a01b-957de14a81c8: 27 internal nodes; 0.9 s; peak memory 1150 MiB.
2026-10-09T00:06:14Z INFO [2897/3744] acb773c2-5624-4810-9e0e-d86f916dd1fd: 3819 internal nodes; 26.2 s; peak memory 1150 MiB.
2026-10-09T00:06:15Z INFO [2898/3744] acb7a9e0-3e42-4dd3-b958-832e6fbded9a: 26 internal nodes; 0.6 s; peak memory 1150 MiB.
2026-10-09T00:06:16Z INFO [2899/3744] acb7e9dc-a68c-46da-a88c-6859a1d60b77: 27 internal nodes; 0.9 s; peak memory 1150 MiB.
2026-10-09T00:06:17Z INFO [2900/3744] acb86ca7-b904-4c68-a7bc-82c9060df5b5: 37 internal nodes; 1.2 s; peak memory 1150 MiB.
2026-10-09T00:06:18Z INFO [2900/3744] acb86ca7-b904-4c68-a7bc-82c9060df5b5: checkpointed 129970 new records.
2026-10-09T00:06:19Z INFO [2901/3744] acb89b57-028d-4e99-a636-8cf2bddcc37c: 20 internal nodes; 1.3 s; peak memory 1150 MiB.
2026-10-09T00:06:19Z INFO [2902/3744] acb8cea1-7fdc-42a0-a6e2-1bd74926290f: 11 internal nodes; 0.4 s; peak memory 1150 MiB.
2026-10-09T00:06:20Z INFO [2903/3744] acb963c4-8643-4f7b-a40e-dd0d85a7f67d: 17 internal nodes; 0.7 s; peak memory 1150 MiB.
2026-10-09T00:06:21Z INFO [2904/3744] acb99b3c-eb38-43d0-a945-f1288e255cb2: 17 internal nodes; 0.8 s; peak memory 1150 MiB.
2026-10-09T00:06:22Z INFO [2905/3744] acba725c-9140-43d6-aab2-229f8a53cd10: 26 internal nodes; 0.6 s; peak memory 1150 MiB.
2026-10-09T00:06:22Z INFO [2906/3744] acbb7188-9a37-4e00-a95e-c0c94dc903fb: 27 internal nodes; 0.6 s; peak memory 1150 MiB.
2026-10-09T00:06:23Z INFO [2907/3744] acbcb2b2-d2d4-4301-852a-3ee112f4e922: 19 internal nodes; 1.1 s; peak memory 1150 MiB.
2026-10-09T00:06:26Z INFO [2908/3744] acbcf294-a003-4506-97d5-4bcf1f15d8a8: 45 internal nodes; 2.6 s; peak memory 1150 MiB.
2026-10-09T00:06:27Z INFO [2909/3744] acbe41d1-3a24-460f-a627-0a93c8fc6d67: 18 internal nodes; 1.0 s; peak memory 1150 MiB.
2026-10-09T00:06:29Z INFO [2910/3744] acbede8e-98e2-45ce-bacb-a7ada4b1b927: 46 internal nodes; 2.2 s; peak memory 1150 MiB.
2026-10-09T00:07:02Z INFO [2911/3744] acbf72d6-d4cf-42f9-bd79-7d2f834db66f: 527 internal nodes; 32.9 s; peak memory 1150 MiB.
2026-10-09T00:07:06Z INFO [2912/3744] acbfe5a9-b70a-43ef-a4ec-ec808b7e2516: 187 internal nodes; 3.9 s; peak memory 1150 MiB.
2026-10-09T00:07:06Z INFO [2913/3744] acc08296-a81a-4d46-bc2d-d2a2526e8a45: 27 internal nodes; 0.7 s; peak memory 1150 MiB.
2026-10-09T00:07:08Z INFO [2914/3744] acc089cc-6fd2-456f-8b5d-14a57a8d8813: 22 internal nodes; 1.3 s; peak memory 1150 MiB.
2026-10-09T00:07:08Z INFO [2915/3744] acc0abdf-8071-40a9-9f17-29c4c66eccc8: 27 internal nodes; 0.7 s; peak memory 1150 MiB.
2026-10-09T00:07:09Z INFO [2916/3744] acc1241b-b974-407d-87d8-31226bb3f9a8: 11 internal nodes; 0.5 s; peak memory 1150 MiB.
2026-10-09T00:07:10Z INFO [2917/3744] acc310c5-87a2-4e95-a467-a63a18e0e789: 31 internal nodes; 1.4 s; peak memory 1150 MiB.
2026-10-09T00:07:11Z INFO [2918/3744] acc39d96-06b1-451e-8a55-f91c87d286b9: 27 internal nodes; 0.9 s; peak memory 1150 MiB.
2026-10-09T00:07:13Z INFO [2919/3744] acc3b92d-cf7a-468c-ab53-ff42804a634c: 44 internal nodes; 1.7 s; peak memory 1150 MiB.
2026-10-09T00:07:18Z INFO [2920/3744] acc4e583-53ce-4d36-9729-58662f11d157: 68 internal nodes; 4.7 s; peak memory 1150 MiB.
2026-10-09T00:07:19Z INFO [2921/3744] acc53cd2-e6ce-4d50-892c-f6bf2b47baaf: 29 internal nodes; 1.0 s; peak memory 1150 MiB.
2026-10-09T00:07:20Z INFO [2922/3744] acc56bf2-e8aa-4972-aa37-8ef2b19cd2d9: 29 internal nodes; 1.0 s; peak memory 1150 MiB.
2026-10-09T00:07:20Z INFO [2923/3744] acc5c5f0-8e05-4801-ad6d-3ac0d4012f7a: 17 internal nodes; 0.6 s; peak memory 1150 MiB.
2026-10-09T00:07:21Z INFO [2924/3744] acc5e9ee-b7a4-4efe-84c0-4bb2f56b63f6: 17 internal nodes; 0.8 s; peak memory 1150 MiB.
2026-10-09T00:07:27Z INFO [2925/3744] acc69556-e2a7-430e-937d-d53fd0ef64c8: 66 internal nodes; 5.5 s; peak memory 1150 MiB.
2026-10-09T00:07:27Z INFO [2926/3744] acc7166a-77df-4e5c-81b9-84fcac687e07: 17 internal nodes; 0.7 s; peak memory 1150 MiB.
2026-10-09T00:07:32Z INFO [2927/3744] acc72d81-4d62-419c-af6f-74225935c1b0: 59 internal nodes; 4.4 s; peak memory 1150 MiB.
2026-10-09T00:07:32Z INFO [2928/3744] acc761b4-45b2-4b83-a5ee-7af813589cd6: 17 internal nodes; 0.6 s; peak memory 1150 MiB.
2026-10-09T00:07:40Z INFO [2929/3744] acc8dc4d-3150-4fed-aeae-a2b0d3ee6fa8: 219 internal nodes; 7.4 s; peak memory 1150 MiB.
2026-10-09T00:07:40Z INFO [2930/3744] acc93698-1fa6-4d9f-8797-991521e06a6a: 17 internal nodes; 0.9 s; peak memory 1150 MiB.
2026-10-09T00:07:41Z INFO [2931/3744] acc93825-77aa-4b58-9ed8-f7d9e93e0c70: 27 internal nodes; 1.0 s; peak memory 1150 MiB.
2026-10-09T00:07:42Z INFO [2932/3744] acc9e961-374e-4f40-ae73-0db9bf8d2415: 22 internal nodes; 0.6 s; peak memory 1150 MiB.
2026-10-09T00:07:43Z INFO [2933/3744] accca2ef-7a42-4cee-b279-c32cb6da7459: 27 internal nodes; 0.8 s; peak memory 1150 MiB.
2026-10-09T00:07:44Z INFO [2934/3744] accdde1f-d599-4dce-8820-145d425f2fbc: 27 internal nodes; 0.8 s; peak memory 1150 MiB.
2026-10-09T00:07:45Z INFO [2935/3744] acce1774-6579-4dbb-9fef-dab1d72cc55e: 31 internal nodes; 1.1 s; peak memory 1150 MiB.
2026-10-09T00:07:45Z INFO [2936/3744] acce2ebf-f871-4cc6-822f-9d70564906ad: 11 internal nodes; 0.4 s; peak memory 1150 MiB.
2026-10-09T00:07:46Z INFO [2937/3744] acce8435-b7e5-4865-90bd-b89529f3dc48: 17 internal nodes; 0.6 s; peak memory 1150 MiB.
2026-10-09T00:07:47Z INFO [2938/3744] acceea26-dc88-4991-a51e-6c68ac99a798: 56 internal nodes; 0.8 s; peak memory 1150 MiB.
2026-10-09T00:07:48Z INFO [2939/3744] acd052f5-3bea-4e03-875f-f49b635be81d: 58 internal nodes; 1.1 s; peak memory 1150 MiB.
2026-10-09T00:07:48Z INFO [2940/3744] acd0ea88-f6d8-43ee-a7a1-4ccaa71c1f54: 11 internal nodes; 0.5 s; peak memory 1150 MiB.
2026-10-09T00:07:49Z INFO [2941/3744] acd24c49-3f28-412b-9a7f-0ce6e6a70ce5: 13 internal nodes; 0.5 s; peak memory 1150 MiB.
2026-10-09T00:07:49Z INFO [2942/3744] acd2520c-350e-4688-80bc-3c3171f75017: 26 internal nodes; 0.6 s; peak memory 1150 MiB.
2026-10-09T00:07:50Z INFO [2943/3744] acd3033d-d19f-4d6e-a5e0-7dff9053fd10: 31 internal nodes; 0.7 s; peak memory 1150 MiB.
2026-10-09T00:07:51Z INFO [2944/3744] acd343ce-873b-4408-907b-90f89f0272c9: 27 internal nodes; 0.7 s; peak memory 1150 MiB.
2026-10-09T00:07:51Z INFO [2945/3744] acd354d6-8bb4-45ee-9921-f8bb71fe604c: 27 internal nodes; 0.7 s; peak memory 1150 MiB.
2026-10-09T00:07:52Z INFO [2946/3744] acd3a31d-05fb-4e39-90d3-418d6c526d36: 27 internal nodes; 0.9 s; peak memory 1150 MiB.
2026-10-09T00:07:53Z INFO [2947/3744] acd44eb9-78b1-44c1-b2dc-ea9979ee7cee: 17 internal nodes; 0.7 s; peak memory 1150 MiB.
2026-10-09T00:07:54Z INFO [2948/3744] acd4f907-fafc-44df-be2f-33276b5a437f: 17 internal nodes; 0.9 s; peak memory 1150 MiB.
2026-10-09T00:08:09Z INFO [2949/3744] acd52a9b-c911-4e13-96f3-e04c23454bdd: 137 internal nodes; 15.4 s; peak memory 1150 MiB.
2026-10-09T00:08:14Z INFO [2950/3744] acd5a84e-6286-4a2e-9c96-ba6c29468e75: 158 internal nodes; 4.4 s; peak memory 1150 MiB.
2026-10-09T00:08:14Z INFO [2950/3744] acd5a84e-6286-4a2e-9c96-ba6c29468e75: checkpointed 130020 new records.
2026-10-09T00:08:16Z INFO [2951/3744] acd5a907-0dbe-420d-899c-56af0705e027: 46 internal nodes; 2.3 s; peak memory 1150 MiB.
2026-10-09T00:08:18Z INFO [2952/3744] acd5eb1f-ba4a-4dac-8c3d-b668d156d355: 62 internal nodes; 1.2 s; peak memory 1150 MiB.
2026-10-09T00:08:18Z INFO [2953/3744] acd6644d-eed5-40e8-a5bb-02afaf273576: 15 internal nodes; 0.6 s; peak memory 1150 MiB.
2026-10-09T00:08:25Z INFO [2954/3744] acd6f91a-e704-4190-9468-e600462cb12d: 225 internal nodes; 6.7 s; peak memory 1150 MiB.
2026-10-09T00:08:26Z INFO [2955/3744] acd79148-78e0-48b8-8c32-231c27ba7c8b: 52 internal nodes; 0.7 s; peak memory 1150 MiB.
2026-10-09T00:08:27Z INFO [2956/3744] acd8cdcb-76df-4e05-8258-f6642b646c7d: 31 internal nodes; 0.9 s; peak memory 1150 MiB.
2026-10-09T00:08:28Z INFO [2957/3744] acd93062-0387-4f08-a515-07afd9075596: 31 internal nodes; 1.1 s; peak memory 1150 MiB.
2026-10-09T00:08:34Z INFO [2958/3744] acd9d460-4a27-4f6d-9557-e78eb4988de5: 219 internal nodes; 6.3 s; peak memory 1150 MiB.
2026-10-09T00:08:34Z INFO [2959/3744] acdac5f1-149d-468d-a683-443de4b42722: 19 internal nodes; 0.6 s; peak memory 1150 MiB.
2026-10-09T00:08:35Z INFO [2960/3744] acdb6154-f58d-453f-a839-1fea2ad58387: 13 internal nodes; 0.6 s; peak memory 1150 MiB.
2026-10-09T00:08:36Z INFO [2961/3744] acdc06e0-9772-4397-ac27-236e48b7bcdb: 17 internal nodes; 0.7 s; peak memory 1150 MiB.
2026-10-09T00:08:37Z INFO [2962/3744] acdc140a-8f85-435f-9330-492b0b416e4e: 19 internal nodes; 0.8 s; peak memory 1150 MiB.
2026-10-09T00:08:38Z INFO [2963/3744] acdc4b35-740a-4cb8-80f3-cd1403b4141a: 66 internal nodes; 1.5 s; peak memory 1150 MiB.
2026-10-09T00:08:39Z INFO [2964/3744] acdce374-5115-4ee0-a047-82e13a813af1: 30 internal nodes; 0.9 s; peak memory 1150 MiB.
2026-10-09T00:08:41Z INFO [2965/3744] acddbb5f-c51a-400c-99de-b8ae674cf1b9: 44 internal nodes; 1.8 s; peak memory 1150 MiB.
2026-10-09T00:08:42Z INFO [2966/3744] acde9bff-4239-4a3e-b094-f4d3c26b45af: 31 internal nodes; 0.8 s; peak memory 1150 MiB.
2026-10-09T00:08:42Z INFO [2967/3744] acdee4ee-5917-4630-8fae-37f5e9ad44d4: 27 internal nodes; 0.8 s; peak memory 1150 MiB.
2026-10-09T00:08:43Z INFO [2968/3744] acdf492d-5ac1-4ba0-be73-574194691ffb: 17 internal nodes; 0.7 s; peak memory 1150 MiB.
2026-10-09T00:08:44Z INFO [2969/3744] acdfb8d9-c900-4c7c-977f-827ee22aabde: 62 internal nodes; 1.4 s; peak memory 1150 MiB.
2026-10-09T00:08:49Z INFO [2970/3744] acdfdb95-df71-49f0-aeb7-549a6ccf3f62: 73 internal nodes; 4.8 s; peak memory 1150 MiB.
2026-10-09T00:08:50Z INFO [2971/3744] ace064d5-04fe-4e90-b73b-38b867e3828d: 27 internal nodes; 0.7 s; peak memory 1150 MiB.
2026-10-09T00:08:50Z INFO [2972/3744] ace1726b-15aa-4dd9-806a-be464fab173c: 11 internal nodes; 0.5 s; peak memory 1150 MiB.
2026-10-09T00:08:51Z INFO [2973/3744] ace2057d-f739-4da0-8b16-88130abd5b13: 17 internal nodes; 0.4 s; peak memory 1150 MiB.
2026-10-09T00:08:52Z INFO [2974/3744] ace228d2-e9f1-4dfe-8ff0-52b79ced1ec6: 13 internal nodes; 0.8 s; peak memory 1150 MiB.
2026-10-09T00:08:52Z INFO [2975/3744] ace33ba8-0d62-42a3-9f9d-450eb59786a2: 17 internal nodes; 0.7 s; peak memory 1150 MiB.
2026-10-09T00:08:53Z INFO [2976/3744] ace39120-7d8d-4b3f-98d7-fed1d02b3f94: 27 internal nodes; 0.9 s; peak memory 1150 MiB.
2026-10-09T00:08:54Z INFO [2977/3744] ace39351-1ff4-484d-aee3-02590b37fec9: 17 internal nodes; 0.8 s; peak memory 1150 MiB.
2026-10-09T00:08:55Z INFO [2978/3744] ace3e926-376a-4d87-8d3a-2fe530501de6: 31 internal nodes; 1.0 s; peak memory 1150 MiB.
2026-10-09T00:08:56Z INFO [2979/3744] ace3fc3f-ab5b-4eb5-8c5f-aea748629bcf: 17 internal nodes; 0.8 s; peak memory 1150 MiB.
2026-10-09T00:08:56Z INFO [2980/3744] ace44838-ac84-4436-b671-cf106094ecbd: 26 internal nodes; 0.7 s; peak memory 1150 MiB.
2026-10-09T00:08:57Z INFO [2981/3744] ace468b4-73aa-42e2-bd90-5098919600b2: 17 internal nodes; 1.0 s; peak memory 1150 MiB.
2026-10-09T00:08:58Z INFO [2982/3744] ace4d199-6081-4b92-917e-57fb0056b783: 27 internal nodes; 0.8 s; peak memory 1150 MiB.
2026-10-09T00:08:59Z INFO [2983/3744] ace52a64-4159-4539-93ae-86985f60cc12: 27 internal nodes; 0.7 s; peak memory 1150 MiB.
2026-10-09T00:09:00Z INFO [2984/3744] ace55469-c940-4363-80f4-2f6107620736: 17 internal nodes; 0.6 s; peak memory 1150 MiB.
2026-10-09T00:09:00Z INFO [2985/3744] ace5a0d0-caa6-420d-80fd-bb9943af3d4d: 31 internal nodes; 0.8 s; peak memory 1150 MiB.
2026-10-09T00:09:01Z INFO [2986/3744] ace60319-a87f-4724-ace1-a6a9c092da95: 13 internal nodes; 0.7 s; peak memory 1150 MiB.
2026-10-09T00:09:02Z INFO [2987/3744] ace61c11-7ae5-4a13-8ff5-1e84f82352b4: 17 internal nodes; 0.7 s; peak memory 1150 MiB.
2026-10-09T00:09:02Z INFO [2988/3744] ace6ba87-1b95-43fc-8da8-6f49ab5d51c7: 27 internal nodes; 0.7 s; peak memory 1150 MiB.
2026-10-09T00:09:04Z INFO [2989/3744] ace8614c-4387-4559-956d-8a46a9abc5e3: 23 internal nodes; 1.3 s; peak memory 1150 MiB.
2026-10-09T00:09:04Z INFO [2990/3744] ace8ee4f-2aa8-481b-a9a4-8ac117360a49: 27 internal nodes; 0.8 s; peak memory 1150 MiB.
2026-10-09T00:09:14Z INFO [2991/3744] acea69a2-853b-4f93-bd49-59e38534bcbd: 254 internal nodes; 9.3 s; peak memory 1150 MiB.
2026-10-09T00:09:14Z INFO [2992/3744] aceb2170-7c56-40e4-9be1-cb4fe81f6cab: 17 internal nodes; 0.7 s; peak memory 1150 MiB.
2026-10-09T00:09:15Z INFO [2993/3744] acebcc4a-208d-44c1-8ee9-4ec3038954e3: 17 internal nodes; 0.9 s; peak memory 1150 MiB.
2026-10-09T00:09:16Z INFO [2994/3744] acebfd58-6893-4fc5-a927-238134d863e8: 17 internal nodes; 0.7 s; peak memory 1150 MiB.
2026-10-09T00:09:16Z INFO [2995/3744] acec950d-9ad3-4a4d-b251-135c6924f1b9: 11 internal nodes; 0.4 s; peak memory 1150 MiB.
2026-10-09T00:09:19Z INFO [2996/3744] aced5273-08fb-49d2-8b82-6c892a4f9e4b: 46 internal nodes; 2.7 s; peak memory 1150 MiB.
2026-10-09T00:09:21Z INFO [2997/3744] aceda2ae-c572-45ed-8cbb-fcbe3ed56611: 57 internal nodes; 1.6 s; peak memory 1150 MiB.
2026-10-09T00:09:22Z INFO [2998/3744] acee4c73-6cad-4cf9-9b54-eebd3ccd6bd0: 27 internal nodes; 0.9 s; peak memory 1150 MiB.
2026-10-09T00:09:22Z INFO [2999/3744] acee7f1f-6e92-4ea7-8b21-aa80c6a3603c: 13 internal nodes; 0.5 s; peak memory 1150 MiB.
2026-10-09T00:09:23Z INFO [3000/3744] aceeb414-3750-408a-bc91-b941737e9b7c: 72 internal nodes; 1.3 s; peak memory 1150 MiB.
2026-10-09T00:09:24Z INFO [3000/3744] aceeb414-3750-408a-bc91-b941737e9b7c: checkpointed 130070 new records.
2026-10-09T00:09:25Z INFO [3001/3744] acef751e-5d29-49b3-add6-028547c1acbb: 31 internal nodes; 1.0 s; peak memory 1150 MiB.
2026-10-09T00:09:36Z INFO [3002/3744] acefb279-b40a-4bc0-9007-dbfaf08ff5d5: 138 internal nodes; 10.9 s; peak memory 1150 MiB.
2026-10-09T00:09:46Z INFO [3003/3744] acefb789-e43f-4885-a6df-1c8f849a1e25: 354 internal nodes; 10.3 s; peak memory 1150 MiB.
2026-10-09T00:09:47Z INFO [3004/3744] acefe667-f5e1-497d-9766-ab961e2a8e9e: 19 internal nodes; 0.8 s; peak memory 1150 MiB.
2026-10-09T00:09:48Z INFO [3005/3744] acf026d6-0f2c-47e7-8a96-59e57b5e90bd: 59 internal nodes; 0.9 s; peak memory 1150 MiB.
2026-10-09T00:09:52Z INFO [3006/3744] acf0b42a-6df7-40f2-b9fd-57e70ce01154: 73 internal nodes; 4.0 s; peak memory 1150 MiB.
2026-10-09T00:09:56Z INFO [3007/3744] acf0bbe3-eaf5-4bd4-8182-f3e6b2d21bd8: 70 internal nodes; 4.5 s; peak memory 1150 MiB.
2026-10-09T00:10:02Z INFO [3008/3744] acf0f68f-2c48-4d56-8162-b8b5a17df67d: 66 internal nodes; 6.0 s; peak memory 1150 MiB.
2026-10-09T00:10:03Z INFO [3009/3744] acf12f9b-141d-4e84-b8f6-387a25523734: 26 internal nodes; 0.5 s; peak memory 1150 MiB.
2026-10-09T00:10:04Z INFO [3010/3744] acf1ea9e-9b86-499e-800c-2c669037a84e: 38 internal nodes; 1.5 s; peak memory 1150 MiB.
2026-10-09T00:10:05Z INFO [3011/3744] acf2296e-65ee-49ac-b265-05559261dd8c: 27 internal nodes; 0.7 s; peak memory 1150 MiB.
2026-10-09T00:10:06Z INFO [3012/3744] acf267b1-68f2-41a5-9463-784af243c799: 11 internal nodes; 0.4 s; peak memory 1150 MiB.
2026-10-09T00:10:06Z INFO [3013/3744] acf32382-4725-42c2-8159-b57ea7c3647b: 15 internal nodes; 0.8 s; peak memory 1150 MiB.
2026-10-09T00:10:07Z INFO [3014/3744] acf433fb-ff57-4445-9330-19c33618ce97: 27 internal nodes; 1.0 s; peak memory 1150 MiB.
2026-10-09T00:10:08Z INFO [3015/3744] acf4c420-25cc-4ed2-92ac-15ff5a8323b4: 54 internal nodes; 1.1 s; peak memory 1150 MiB.
2026-10-09T00:10:09Z INFO [3016/3744] acf5a938-efa2-476b-85b0-5fbb25d9ff2d: 17 internal nodes; 0.8 s; peak memory 1150 MiB.
2026-10-09T00:10:10Z INFO [3017/3744] acf5bb88-9282-4fa3-96db-eef0b018c371: 27 internal nodes; 0.8 s; peak memory 1150 MiB.
2026-10-09T00:10:12Z INFO [3018/3744] acf5d11a-dae7-403b-81c1-3799f98e7714: 46 internal nodes; 2.5 s; peak memory 1150 MiB.
2026-10-09T00:10:13Z INFO [3019/3744] acf617f4-be91-4b68-aaf1-a66f65f8448a: 27 internal nodes; 0.7 s; peak memory 1150 MiB.
2026-10-09T00:10:14Z INFO [3020/3744] acf6f68c-75fc-43a9-899f-17ca20b66ca4: 31 internal nodes; 1.2 s; peak memory 1150 MiB.
2026-10-09T00:10:15Z INFO [3021/3744] acf771ef-1aa5-4804-ac11-ce339a7fd15b: 17 internal nodes; 0.7 s; peak memory 1150 MiB.
2026-10-09T00:10:16Z INFO [3022/3744] acf78d39-465c-41c1-98b8-0ac2bd5898e3: 90 internal nodes; 0.9 s; peak memory 1150 MiB.
2026-10-09T00:10:21Z INFO [3023/3744] acf795a9-6449-4b46-b8e6-8cace52c8a7e: 73 internal nodes; 5.1 s; peak memory 1150 MiB.
2026-10-09T00:10:22Z INFO [3024/3744] acf7d323-a613-488c-9269-be99ac32d315: 27 internal nodes; 0.8 s; peak memory 1150 MiB.
2026-10-09T00:10:24Z INFO [3025/3744] acf92d59-e5cf-43ff-806e-a83634690af1: 40 internal nodes; 1.8 s; peak memory 1150 MiB.
2026-10-09T00:10:24Z INFO [3026/3744] acf98319-dbbc-4848-9032-98ccaf3cff15: 17 internal nodes; 0.7 s; peak memory 1150 MiB.
2026-10-09T00:10:30Z INFO [3027/3744] acf9f497-140b-44a8-afb5-3c58b0deb7d7: 110 internal nodes; 5.3 s; peak memory 1150 MiB.
2026-10-09T00:10:32Z INFO [3028/3744] acf9f894-e220-496b-a492-d797d8707589: 44 internal nodes; 2.0 s; peak memory 1150 MiB.
2026-10-09T00:10:32Z INFO [3029/3744] acfa0734-ea08-48f1-aa1d-152a955595fe: 11 internal nodes; 0.6 s; peak memory 1150 MiB.
2026-10-09T00:10:33Z INFO [3030/3744] acfc435d-687d-44a0-9019-68b4a2b9af77: 17 internal nodes; 0.5 s; peak memory 1150 MiB.
2026-10-09T00:10:35Z INFO [3031/3744] acfc7e3e-6ffb-4100-b520-5d8cc43bdf81: 44 internal nodes; 2.2 s; peak memory 1150 MiB.
2026-10-09T00:10:38Z INFO [3032/3744] acfc9684-800e-4f7d-9fe3-fc1b1094d6a5: 103 internal nodes; 2.5 s; peak memory 1150 MiB.
2026-10-09T00:10:42Z INFO [3033/3744] acfcee36-9e5e-4a02-990d-028f8dde11ee: 54 internal nodes; 4.3 s; peak memory 1150 MiB.
2026-10-09T00:10:43Z INFO [3034/3744] acfd3014-3239-4458-907d-c7558ef02d29: 23 internal nodes; 1.3 s; peak memory 1150 MiB.
2026-10-09T00:10:44Z INFO [3035/3744] acff20f1-dec1-4d2c-923b-c15e01dfd883: 17 internal nodes; 0.7 s; peak memory 1150 MiB.
2026-10-09T00:10:45Z INFO [3036/3744] ad0011ad-db6a-44af-bf53-26488fe9dbc6: 27 internal nodes; 0.8 s; peak memory 1150 MiB.
2026-10-09T00:10:45Z INFO [3037/3744] ad0020e1-0b8c-4c29-8310-5b94ea2f9082: 27 internal nodes; 0.9 s; peak memory 1150 MiB.
2026-10-09T00:10:49Z INFO [3038/3744] ad00dab5-30f6-4b1c-b107-6bb1948d2022: 68 internal nodes; 3.7 s; peak memory 1150 MiB.
2026-10-09T00:10:53Z INFO [3039/3744] ad010dd2-394c-4d6e-93f4-ae89ece4bdc7: 73 internal nodes; 4.3 s; peak memory 1150 MiB.
2026-10-09T00:10:54Z INFO [3040/3744] ad013e31-ac05-43be-ade7-b5d74afd198c: 17 internal nodes; 0.7 s; peak memory 1150 MiB.
2026-10-09T00:11:02Z INFO [3041/3744] ad014443-d944-44eb-8407-b3a1a43360e8: 75 internal nodes; 8.2 s; peak memory 1150 MiB.
2026-10-09T00:11:03Z INFO [3042/3744] ad016caf-0b70-4bcd-aea0-5bee0b977a5f: 58 internal nodes; 0.9 s; peak memory 1150 MiB.
2026-10-09T00:11:06Z INFO [3043/3744] ad01b664-29a5-4c97-8b67-e99d9036d0ac: 89 internal nodes; 2.7 s; peak memory 1150 MiB.
2026-10-09T00:11:08Z INFO [3044/3744] ad0305ea-37db-47b1-8a16-4a2d38929003: 72 internal nodes; 1.9 s; peak memory 1150 MiB.
2026-10-09T00:11:09Z INFO [3045/3744] ad03c445-5419-4f12-9dbc-671db2ba9f9f: 27 internal nodes; 0.8 s; peak memory 1150 MiB.
2026-10-09T00:11:13Z INFO [3046/3744] ad0592b8-3fa3-4015-9861-cc5a1a4d8657: 73 internal nodes; 4.4 s; peak memory 1150 MiB.
2026-10-09T00:11:14Z INFO [3047/3744] ad05f7a6-8f1c-486d-912b-8af3e91cd539: 17 internal nodes; 0.7 s; peak memory 1150 MiB.
2026-10-09T00:11:14Z INFO [3048/3744] ad06313f-0073-40c3-a25a-35eb2e0a805b: 17 internal nodes; 0.7 s; peak memory 1150 MiB.
2026-10-09T00:11:15Z INFO [3049/3744] ad068d68-8b25-4d1e-8339-f736587512b6: 31 internal nodes; 0.9 s; peak memory 1150 MiB.
2026-10-09T00:11:16Z INFO [3050/3744] ad0706fc-d308-4f30-bdda-5c1a20f0c8ea: 17 internal nodes; 0.7 s; peak memory 1150 MiB.
2026-10-09T00:11:16Z INFO [3050/3744] ad0706fc-d308-4f30-bdda-5c1a20f0c8ea: checkpointed 130120 new records.
2026-10-09T00:11:17Z INFO [3051/3744] ad079a25-1aaa-47cd-8af0-f1f57e19eac8: 17 internal nodes; 0.7 s; peak memory 1150 MiB.
2026-10-09T00:11:18Z INFO [3052/3744] ad07ade8-5958-4401-8b9d-f27dbc920129: 31 internal nodes; 1.2 s; peak memory 1150 MiB.
2026-10-09T00:11:19Z INFO [3053/3744] ad07cc7e-d4f0-44a5-a604-fcce3b8e5495: 116 internal nodes; 1.0 s; peak memory 1150 MiB.
2026-10-09T00:11:20Z INFO [3054/3744] ad07fd31-ec6b-4339-b0cd-36087aa75161: 31 internal nodes; 1.1 s; peak memory 1150 MiB.
2026-10-09T00:11:23Z INFO [3055/3744] ad08a74a-6817-4d61-b8dd-93430c48292d: 44 internal nodes; 2.5 s; peak memory 1150 MiB.
2026-10-09T00:11:29Z INFO [3056/3744] ad08ae4c-f896-46d9-bd5d-68c925d5cfdd: 59 internal nodes; 6.4 s; peak memory 1150 MiB.
2026-10-09T00:11:33Z INFO [3057/3744] ad0a2cc4-b2d6-49da-98f9-b89e65482b73: 73 internal nodes; 3.8 s; peak memory 1150 MiB.
2026-10-09T00:11:34Z INFO [3058/3744] ad0a3cdb-fc5a-419f-9df7-894505434daa: 29 internal nodes; 0.6 s; peak memory 1150 MiB.
2026-10-09T00:11:34Z INFO [3059/3744] ad0aa08a-a8fe-48b3-88f1-2e4f02999a66: 27 internal nodes; 0.7 s; peak memory 1150 MiB.
2026-10-09T00:11:37Z INFO [3060/3744] ad0ab892-3448-4a33-b8e4-460b2fd0f4d4: 86 internal nodes; 2.1 s; peak memory 1150 MiB.
2026-10-09T00:11:37Z INFO [3061/3744] ad0aea0e-69b4-48c6-8d0d-fadf87822696: 27 internal nodes; 0.6 s; peak memory 1150 MiB.
2026-10-09T00:11:38Z INFO [3062/3744] ad0e8925-cdd3-4884-a473-4907aadcd971: 58 internal nodes; 1.0 s; peak memory 1150 MiB.
2026-10-09T00:11:46Z INFO [3063/3744] ad0ee844-f51e-4933-96f4-4b376acde5dd: 383 internal nodes; 7.8 s; peak memory 1150 MiB.
2026-10-09T00:11:47Z INFO [3064/3744] ad0efaf6-e6da-4cba-a853-4db1994ace64: 25 internal nodes; 0.7 s; peak memory 1150 MiB.
2026-10-09T00:11:48Z INFO [3065/3744] ad0ff6d2-85a3-4c61-b39f-4125324592c0: 29 internal nodes; 1.0 s; peak memory 1150 MiB.
2026-10-09T00:11:48Z INFO [3066/3744] ad101fc3-e810-40eb-bf97-b18ed9e648d3: 27 internal nodes; 0.7 s; peak memory 1150 MiB.
2026-10-09T00:11:49Z INFO [3067/3744] ad102d41-06a3-458c-8d50-63eeaad694a1: 17 internal nodes; 0.7 s; peak memory 1150 MiB.
2026-10-09T00:11:50Z INFO [3068/3744] ad114a11-7b19-487c-a862-fa9d43902a0e: 17 internal nodes; 0.8 s; peak memory 1150 MiB.
2026-10-09T00:11:50Z INFO [3069/3744] ad11642e-c982-43e2-8cf1-aab221c90ca0: 17 internal nodes; 0.7 s; peak memory 1150 MiB.
2026-10-09T00:11:51Z INFO [3070/3744] ad11a3e4-20fd-4857-b1c5-a965915b22cd: 29 internal nodes; 0.7 s; peak memory 1150 MiB.
2026-10-09T00:11:52Z INFO [3071/3744] ad11f6b7-caa8-458f-8c64-9ac50de6a109: 27 internal nodes; 0.8 s; peak memory 1150 MiB.
2026-10-09T00:11:54Z INFO [3072/3744] ad1296eb-9482-4d9d-a643-d3ad1cd9bfd3: 46 internal nodes; 2.4 s; peak memory 1150 MiB.
2026-10-09T00:11:55Z INFO [3073/3744] ad129b3a-f13d-46a3-af46-8cc298bd9728: 17 internal nodes; 0.7 s; peak memory 1150 MiB.
2026-10-09T00:11:56Z INFO [3074/3744] ad1303e1-60a9-489a-b115-dc751d686a75: 17 internal nodes; 0.8 s; peak memory 1150 MiB.
2026-10-09T00:12:01Z INFO [3075/3744] ad133a3c-9f95-4f26-9806-e65ccbe80e06: 65 internal nodes; 5.3 s; peak memory 1150 MiB.
2026-10-09T00:12:02Z INFO [3076/3744] ad135e67-8b28-49f5-822c-9259864e5867: 18 internal nodes; 0.6 s; peak memory 1150 MiB.
2026-10-09T00:12:03Z INFO [3077/3744] ad141660-cef0-4e02-80e9-956177dd891f: 32 internal nodes; 1.5 s; peak memory 1150 MiB.
2026-10-09T00:12:09Z INFO [3078/3744] ad151c90-8eec-4130-9ee1-5db0a47575e3: 205 internal nodes; 5.5 s; peak memory 1150 MiB.
2026-10-09T00:12:10Z INFO [3079/3744] ad16bc2d-c07e-4a86-9f59-835e7a5f0a75: 27 internal nodes; 0.7 s; peak memory 1150 MiB.
2026-10-09T00:12:13Z INFO [3080/3744] ad16eb64-9e7d-426b-8cad-aee232ff1d9d: 130 internal nodes; 3.0 s; peak memory 1150 MiB.
2026-10-09T00:12:13Z INFO [3081/3744] ad16f93c-0c31-443e-a577-6f6e24894a37: 27 internal nodes; 0.8 s; peak memory 1150 MiB.
2026-10-09T00:12:15Z INFO [3082/3744] ad171393-361a-48bd-bbbc-e722e645c664: 45 internal nodes; 2.0 s; peak memory 1150 MiB.
2026-10-09T00:12:16Z INFO [3083/3744] ad173c21-1b0e-444a-810c-c8d5fc9081a0: 17 internal nodes; 0.7 s; peak memory 1150 MiB.
2026-10-09T00:12:18Z INFO [3084/3744] ad175524-09b9-47a3-835b-4a8f2b55a760: 45 internal nodes; 2.4 s; peak memory 1150 MiB.
2026-10-09T00:12:20Z INFO [3085/3744] ad1814d7-252c-49e5-b056-82b41a563bbc: 29 internal nodes; 1.3 s; peak memory 1150 MiB.
2026-10-09T00:12:20Z INFO [3086/3744] ad1856fc-3dd8-4104-83fa-605572e301e1: 11 internal nodes; 0.5 s; peak memory 1150 MiB.
2026-10-09T00:12:22Z INFO [3087/3744] ad18e807-c662-45de-89c2-148d3bfe799b: 60 internal nodes; 1.7 s; peak memory 1150 MiB.
2026-10-09T00:12:23Z INFO [3088/3744] ad18eecc-b2ed-4bb6-984f-7428580ea041: 17 internal nodes; 0.7 s; peak memory 1150 MiB.
2026-10-09T00:12:23Z INFO [3089/3744] ad19012c-262e-4e46-b7c2-4e4d7d8dc3cd: 19 internal nodes; 0.6 s; peak memory 1150 MiB.
2026-10-09T00:12:24Z INFO [3090/3744] ad196b89-e8ab-4230-831d-6128cdf9d05c: 67 internal nodes; 0.9 s; peak memory 1150 MiB.
2026-10-09T00:12:25Z INFO [3091/3744] ad196da6-0d75-439b-a0e6-ec053c3f64e8: 24 internal nodes; 0.8 s; peak memory 1150 MiB.
2026-10-09T00:12:26Z INFO [3092/3744] ad1994a7-f6c6-40c9-a1ef-7b8f81b7fdff: 11 internal nodes; 0.5 s; peak memory 1150 MiB.
2026-10-09T00:12:27Z INFO [3093/3744] ad1a1be9-c281-49d1-bee1-4151aab75fab: 44 internal nodes; 1.7 s; peak memory 1150 MiB.
2026-10-09T00:12:28Z INFO [3094/3744] ad1a4539-5e68-47cf-8867-640a4892b59d: 17 internal nodes; 0.7 s; peak memory 1150 MiB.
2026-10-09T00:12:29Z INFO [3095/3744] ad1a51da-c654-421f-8a21-10428f18e031: 61 internal nodes; 1.2 s; peak memory 1150 MiB.
2026-10-09T00:12:30Z INFO [3096/3744] ad1a5218-4dd7-440d-9428-4be94e147e62: 11 internal nodes; 0.5 s; peak memory 1150 MiB.
2026-10-09T00:12:30Z INFO [3097/3744] ad1a797a-6db7-4704-ba5d-1ec7918e7779: 23 internal nodes; 0.5 s; peak memory 1150 MiB.
2026-10-09T00:12:31Z INFO [3098/3744] ad1a7d84-c90f-4be7-8c19-ce06bcb6e86b: 17 internal nodes; 0.7 s; peak memory 1150 MiB.
2026-10-09T00:12:32Z INFO [3099/3744] ad1a9670-99ca-4839-bbe6-1e74b37b320a: 27 internal nodes; 1.0 s; peak memory 1150 MiB.
2026-10-09T00:12:36Z INFO [3100/3744] ad1b01e8-cb2c-4b4a-8ba3-a518ac590835: 100 internal nodes; 4.5 s; peak memory 1150 MiB.
2026-10-09T00:12:37Z INFO [3100/3744] ad1b01e8-cb2c-4b4a-8ba3-a518ac590835: checkpointed 130170 new records.
2026-10-09T00:12:38Z INFO [3101/3744] ad1c505d-f66b-41de-93b5-d38b24eb183d: 27 internal nodes; 1.0 s; peak memory 1150 MiB.
2026-10-09T00:12:38Z INFO [3102/3744] ad1c8be8-7c6f-4af8-b522-f526e894adb9: 17 internal nodes; 0.8 s; peak memory 1150 MiB.
2026-10-09T00:12:39Z INFO [3103/3744] ad1cd342-a5ee-488e-8935-7ee2e32b2774: 31 internal nodes; 0.9 s; peak memory 1150 MiB.
2026-10-09T00:12:40Z INFO [3104/3744] ad1ce54c-9987-441a-b481-ce28e95ac2e5: 27 internal nodes; 0.7 s; peak memory 1150 MiB.
2026-10-09T00:12:41Z INFO [3105/3744] ad1d1783-63ec-4714-be28-b584c13b011f: 30 internal nodes; 0.9 s; peak memory 1150 MiB.
2026-10-09T00:12:42Z INFO [3106/3744] ad1dd884-bee5-4adb-addf-d19ddb662cdf: 61 internal nodes; 0.9 s; peak memory 1150 MiB.
2026-10-09T00:12:43Z INFO [3107/3744] ad1f5c9e-2b2a-442d-a809-59725e6e509a: 17 internal nodes; 0.7 s; peak memory 1150 MiB.
2026-10-09T00:12:47Z INFO [3108/3744] ad209b1f-197f-418c-8787-ce499db27aaa: 68 internal nodes; 4.0 s; peak memory 1150 MiB.
2026-10-09T00:12:47Z INFO [3109/3744] ad20e97b-8b69-4d4f-b90b-f06f6148d29f: 114 internal nodes; 0.7 s; peak memory 1150 MiB.
2026-10-09T00:12:48Z INFO [3110/3744] ad2151d1-e250-4f75-afd9-8e8669b9278d: 90 internal nodes; 0.8 s; peak memory 1150 MiB.
2026-10-09T00:12:49Z INFO [3111/3744] ad21a465-2946-4d56-b4fb-b0f5cc617e0f: 27 internal nodes; 0.9 s; peak memory 1150 MiB.
2026-10-09T00:12:55Z INFO [3112/3744] ad21be8a-5e2e-4010-bea7-77594f601404: 71 internal nodes; 6.3 s; peak memory 1150 MiB.
2026-10-09T00:12:56Z INFO [3113/3744] ad226ec6-3f64-44e6-add8-cc47a318b8da: 23 internal nodes; 0.8 s; peak memory 1150 MiB.
2026-10-09T00:12:57Z INFO [3114/3744] ad229a6a-040e-4caf-ab6d-d8beee525828: 17 internal nodes; 0.6 s; peak memory 1150 MiB.
2026-10-09T00:12:57Z INFO [3115/3744] ad233fa7-9749-4a20-b5aa-135a1512a914: 18 internal nodes; 0.5 s; peak memory 1150 MiB.
2026-10-09T00:12:58Z INFO [3116/3744] ad234e83-94c8-432a-ab30-1d3110b00f3d: 31 internal nodes; 0.7 s; peak memory 1150 MiB.
2026-10-09T00:12:58Z INFO [3117/3744] ad23e8f6-330a-493f-8c8e-3452ef6ecaf6: 17 internal nodes; 0.5 s; peak memory 1150 MiB.
2026-10-09T00:13:05Z INFO [3118/3744] ad243f81-be10-4cf1-b23b-39081dce737d: 250 internal nodes; 6.8 s; peak memory 1150 MiB.
2026-10-09T00:15:10Z INFO [3119/3744] ad248ad8-60dd-4a51-9d54-cd052fae4119: 2511 internal nodes; 124.4 s; peak memory 1150 MiB.
2026-10-09T00:15:15Z INFO [3120/3744] ad248b59-5828-4088-8c63-0adabcf00826: 62 internal nodes; 5.1 s; peak memory 1150 MiB.
2026-10-09T00:15:16Z INFO [3121/3744] ad24e979-0870-46ac-b913-ab2dc97108cf: 31 internal nodes; 1.5 s; peak memory 1150 MiB.
2026-10-09T00:15:17Z INFO [3122/3744] ad25a6d0-9743-40a6-9fa3-b3b325ae2e3a: 17 internal nodes; 0.8 s; peak memory 1150 MiB.
2026-10-09T00:15:18Z INFO [3123/3744] ad266c36-b2be-40d8-8422-74f80e260a28: 53 internal nodes; 1.0 s; peak memory 1150 MiB.
2026-10-09T00:15:18Z INFO [3124/3744] ad2762a0-d639-4673-adfd-99c83912d23e: 17 internal nodes; 0.6 s; peak memory 1150 MiB.
2026-10-09T00:15:20Z INFO [3125/3744] ad27de3f-f9cb-4c0c-a95a-158c59d00e5e: 32 internal nodes; 1.5 s; peak memory 1150 MiB.
2026-10-09T00:15:21Z INFO [3126/3744] ad27f61a-0a02-4afe-80f4-c904f9d9690d: 27 internal nodes; 0.8 s; peak memory 1150 MiB.
2026-10-09T00:15:22Z INFO [3127/3744] ad286f59-8126-42e2-9a09-15d78c128885: 55 internal nodes; 1.5 s; peak memory 1150 MiB.
2026-10-09T00:15:23Z INFO [3128/3744] ad29036b-e232-4540-8d1c-90e99b804f8a: 19 internal nodes; 0.7 s; peak memory 1150 MiB.
2026-10-09T00:15:24Z INFO [3129/3744] ad292cc1-44be-48ed-abcf-5d62fd8954ac: 26 internal nodes; 1.5 s; peak memory 1150 MiB.
2026-10-09T00:15:25Z INFO [3130/3744] ad2967c2-c279-4f05-89b9-8389e41ebe48: 17 internal nodes; 0.7 s; peak memory 1150 MiB.
2026-10-09T00:15:26Z INFO [3131/3744] ad29ba1b-1aec-4302-b50f-d95c26192494: 17 internal nodes; 0.7 s; peak memory 1150 MiB.
2026-10-09T00:15:27Z INFO [3132/3744] ad2a6172-a6f8-480e-998a-fb53837668bd: 53 internal nodes; 1.1 s; peak memory 1150 MiB.
2026-10-09T00:15:28Z INFO [3133/3744] ad2a69e1-7b0f-44b4-8b31-87972bc5a096: 27 internal nodes; 0.9 s; peak memory 1150 MiB.
2026-10-09T00:15:29Z INFO [3134/3744] ad2aa3da-e821-4679-b830-2e8f00f52df0: 31 internal nodes; 1.0 s; peak memory 1150 MiB.
2026-10-09T00:15:30Z INFO [3135/3744] ad2b4806-1f6f-44ac-a396-0c27f0c1bc76: 23 internal nodes; 0.7 s; peak memory 1150 MiB.
2026-10-09T00:15:31Z INFO [3136/3744] ad2e5c54-342e-4dd6-94ab-839498db59cd: 60 internal nodes; 1.2 s; peak memory 1150 MiB.
2026-10-09T00:15:31Z INFO [3137/3744] ad2e72d7-37f1-4dd5-ad99-41cee27fce2f: 17 internal nodes; 0.7 s; peak memory 1150 MiB.
2026-10-09T00:17:08Z INFO [3138/3744] ad2f36d4-4130-4b3f-aa10-30ab3a161a17: 2143 internal nodes; 96.5 s; peak memory 1150 MiB.
2026-10-09T00:17:15Z INFO [3139/3744] ad306861-45e2-4340-abe4-94f389ae9332: 61 internal nodes; 7.2 s; peak memory 1150 MiB.
2026-10-09T00:17:16Z INFO [3140/3744] ad306c68-c427-440e-ad78-8e7e5bf11537: 22 internal nodes; 0.5 s; peak memory 1150 MiB.
2026-10-09T00:17:16Z INFO [3141/3744] ad3161bc-b827-4f29-94e5-d9498d9039ff: 27 internal nodes; 0.6 s; peak memory 1150 MiB.
2026-10-09T00:17:17Z INFO [3142/3744] ad317b05-4cab-4a98-a54b-d32a7cf0da16: 27 internal nodes; 0.8 s; peak memory 1150 MiB.
2026-10-09T00:17:19Z INFO [3143/3744] ad31ec66-ab0a-451b-841f-b6fba1af1192: 44 internal nodes; 1.7 s; peak memory 1150 MiB.
2026-10-09T00:17:20Z INFO [3144/3744] ad322f86-15f1-4f99-a3a1-bc1f372f3ca6: 63 internal nodes; 1.3 s; peak memory 1150 MiB.
2026-10-09T00:17:21Z INFO [3145/3744] ad3267b7-dbb3-4eb6-8834-0b1f8f6f93fd: 13 internal nodes; 0.9 s; peak memory 1150 MiB.
2026-10-09T00:17:22Z INFO [3146/3744] ad328213-53e8-43d9-b951-915b48822c9b: 27 internal nodes; 0.7 s; peak memory 1150 MiB.
2026-10-09T00:17:23Z INFO [3147/3744] ad32b873-19be-43e7-a3fd-1712c30a5366: 69 internal nodes; 1.0 s; peak memory 1150 MiB.
2026-10-09T00:17:24Z INFO [3148/3744] ad332163-43c9-474e-ab49-d5173e502a24: 27 internal nodes; 1.0 s; peak memory 1150 MiB.
2026-10-09T00:17:26Z INFO [3149/3744] ad33540e-9a31-4485-b52e-4ec9848893b7: 41 internal nodes; 2.2 s; peak memory 1150 MiB.
2026-10-09T00:17:26Z INFO [3150/3744] ad33b21d-8491-4a1a-ba29-1e83c723be92: 17 internal nodes; 0.5 s; peak memory 1150 MiB.
2026-10-09T00:17:27Z INFO [3150/3744] ad33b21d-8491-4a1a-ba29-1e83c723be92: checkpointed 130220 new records.
2026-10-09T00:17:27Z INFO [3151/3744] ad33b40a-0cd0-4752-97e7-983db3c410e0: 17 internal nodes; 0.6 s; peak memory 1150 MiB.
2026-10-09T00:17:29Z INFO [3152/3744] ad34aa58-4b56-4a3e-b016-c3d59bd5d210: 37 internal nodes; 1.4 s; peak memory 1150 MiB.
2026-10-09T00:17:30Z INFO [3153/3744] ad350e89-a323-40a1-bed9-6be0b431828c: 27 internal nodes; 0.9 s; peak memory 1150 MiB.
2026-10-09T00:17:31Z INFO [3154/3744] ad359bbe-1fdc-4ffa-964c-0f5259bdeb12: 58 internal nodes; 1.0 s; peak memory 1150 MiB.
2026-10-09T00:17:34Z INFO [3155/3744] ad369508-5dc1-4725-8626-fd4be3b538ca: 68 internal nodes; 3.7 s; peak memory 1150 MiB.
2026-10-09T00:17:36Z INFO [3156/3744] ad37478a-8d99-4939-8dcd-667644958d3b: 54 internal nodes; 1.5 s; peak memory 1150 MiB.
2026-10-09T00:17:37Z INFO [3157/3744] ad37a119-4d53-491a-a0b0-1b614d8b6982: 90 internal nodes; 0.7 s; peak memory 1150 MiB.
2026-10-09T00:17:37Z INFO [3158/3744] ad37fbb1-9d0c-4d10-b927-9992ef1797aa: 17 internal nodes; 0.7 s; peak memory 1150 MiB.
2026-10-09T00:17:42Z INFO [3159/3744] ad38b713-fc04-46f2-89cd-6384c96d7664: 177 internal nodes; 4.5 s; peak memory 1150 MiB.
2026-10-09T00:17:44Z INFO [3160/3744] ad38eec6-a631-412d-9e23-6f1a16800a93: 45 internal nodes; 1.9 s; peak memory 1150 MiB.
2026-10-09T00:17:45Z INFO [3161/3744] ad390298-f91f-41f2-868b-346455771a75: 17 internal nodes; 0.8 s; peak memory 1150 MiB.
2026-10-09T00:17:45Z INFO [3162/3744] ad397abe-2dd7-4ab2-adaa-188ab153c3ac: 26 internal nodes; 0.6 s; peak memory 1150 MiB.
2026-10-09T00:17:47Z INFO [3163/3744] ad39e249-5502-43e5-b705-b7100a5cd963: 65 internal nodes; 1.5 s; peak memory 1150 MiB.
2026-10-09T00:17:47Z INFO [3164/3744] ad3a87a7-9ed9-4ef0-8535-bbc3bf39f466: 17 internal nodes; 0.7 s; peak memory 1150 MiB.
2026-10-09T00:17:48Z INFO [3165/3744] ad3c0397-2719-4ae7-947a-3388b723aaf8: 27 internal nodes; 0.8 s; peak memory 1150 MiB.
2026-10-09T00:17:53Z INFO [3166/3744] ad3cc2b4-c53a-4397-b2de-ea71732097ec: 155 internal nodes; 5.0 s; peak memory 1150 MiB.
2026-10-09T00:17:54Z INFO [3167/3744] ad3d0825-1813-4934-b8e2-b1ef6a2ee69a: 31 internal nodes; 1.0 s; peak memory 1150 MiB.
2026-10-09T00:17:55Z INFO [3168/3744] ad3d8d17-648e-4d9e-92f0-097e152f1743: 31 internal nodes; 1.2 s; peak memory 1150 MiB.
2026-10-09T00:17:57Z INFO [3169/3744] ad3da56f-9c8c-424f-b9bb-334f7ec35f64: 54 internal nodes; 1.6 s; peak memory 1150 MiB.
2026-10-09T00:18:01Z INFO [3170/3744] ad3dfb2b-401d-44c4-9b3e-e46a1dd00f67: 59 internal nodes; 4.4 s; peak memory 1150 MiB.
2026-10-09T00:18:02Z INFO [3171/3744] ad405e06-3a89-4b7a-bf21-72cf6881a972: 17 internal nodes; 0.5 s; peak memory 1150 MiB.
2026-10-09T00:18:03Z INFO [3172/3744] ad407da6-e04d-4edb-85cd-d2f30f400f1e: 13 internal nodes; 0.7 s; peak memory 1150 MiB.
2026-10-09T00:18:04Z INFO [3173/3744] ad40a994-b1f2-4970-910e-966fb4f16dea: 25 internal nodes; 1.0 s; peak memory 1150 MiB.
2026-10-09T00:18:06Z INFO [3174/3744] ad40efda-42d2-486f-9902-e80a3ad2cc0e: 46 internal nodes; 2.7 s; peak memory 1150 MiB.
2026-10-09T00:18:10Z INFO [3175/3744] ad418b15-73e1-4136-8b46-ad9c1a5ca4b3: 73 internal nodes; 3.7 s; peak memory 1150 MiB.
2026-10-09T00:18:11Z INFO [3176/3744] ad41c569-659e-4ef3-a370-2cd2130604ab: 27 internal nodes; 0.8 s; peak memory 1150 MiB.
2026-10-09T00:18:12Z INFO [3177/3744] ad4379e3-acc7-450e-9ed4-ec5ccfbb491e: 31 internal nodes; 1.0 s; peak memory 1150 MiB.
2026-10-09T00:18:13Z INFO [3178/3744] ad4463df-c395-450d-84a4-5f22b23b0a81: 31 internal nodes; 1.1 s; peak memory 1150 MiB.
2026-10-09T00:18:13Z INFO [3179/3744] ad448979-bef9-456f-aaf4-0f57ddcf8a15: 58 internal nodes; 0.6 s; peak memory 1150 MiB.
2026-10-09T00:18:14Z INFO [3180/3744] ad44f47c-5f96-44bc-b428-421b9a1ab33e: 17 internal nodes; 0.6 s; peak memory 1150 MiB.
2026-10-09T00:18:15Z INFO [3181/3744] ad463b06-30ef-43e6-ac1c-8e5778ee407f: 18 internal nodes; 0.4 s; peak memory 1150 MiB.
2026-10-09T00:18:15Z INFO [3182/3744] ad472cfb-02d7-4eca-9282-32f3a05aa3f5: 17 internal nodes; 0.7 s; peak memory 1150 MiB.
2026-10-09T00:18:16Z INFO [3183/3744] ad47ccab-02f3-428f-a01a-62286b42d60f: 38 internal nodes; 0.9 s; peak memory 1150 MiB.
2026-10-09T00:18:17Z INFO [3184/3744] ad481aac-8c12-4eca-8382-abf37edf0e4d: 22 internal nodes; 1.1 s; peak memory 1150 MiB.
2026-10-09T00:18:21Z INFO [3185/3744] ad492c1a-31e4-4ae0-ab09-c274305c3cb9: 73 internal nodes; 3.9 s; peak memory 1150 MiB.
2026-10-09T00:18:22Z INFO [3186/3744] ad49dae8-71bc-46b1-b95c-2822276b2868: 62 internal nodes; 1.0 s; peak memory 1150 MiB.
2026-10-09T00:18:23Z INFO [3187/3744] ad49e633-c184-4beb-992f-aa8deda67ce0: 17 internal nodes; 0.7 s; peak memory 1150 MiB.
2026-10-09T00:18:24Z INFO [3188/3744] ad4af4c2-12a3-44a8-b096-addbcbe62652: 17 internal nodes; 0.7 s; peak memory 1150 MiB.
2026-10-09T00:18:29Z INFO [3189/3744] ad4bf5ce-1e45-4e2c-8b23-389f3d1af544: 173 internal nodes; 5.5 s; peak memory 1150 MiB.
2026-10-09T00:18:40Z INFO [3190/3744] ad4cc3aa-2175-4a52-8dfb-20d74f394701: 1895 internal nodes; 10.8 s; peak memory 1150 MiB.
2026-10-09T00:18:41Z INFO [3191/3744] ad4cfed1-3916-4ec7-b992-572599bf66c6: 17 internal nodes; 0.7 s; peak memory 1150 MiB.
2026-10-09T00:18:41Z INFO [3192/3744] ad4d880c-4420-44fb-9bb3-54aa6d838cdc: 17 internal nodes; 0.8 s; peak memory 1150 MiB.
2026-10-09T00:18:42Z INFO [3193/3744] ad4e4001-187b-4c1f-8e0b-0c6e97368ba3: 31 internal nodes; 0.7 s; peak memory 1150 MiB.
2026-10-09T00:18:43Z INFO [3194/3744] ad4e9128-7513-40b7-ab08-99d7135d2aa3: 17 internal nodes; 0.9 s; peak memory 1150 MiB.
2026-10-09T00:18:44Z INFO [3195/3744] ad4f1a32-522d-4ade-b748-730859df7739: 6 internal nodes; 0.6 s; peak memory 1150 MiB.
2026-10-09T00:18:44Z INFO [3196/3744] ad4f3617-4b80-4d94-bd6d-dc676c2d4dc5: 27 internal nodes; 0.7 s; peak memory 1150 MiB.
2026-10-09T00:18:45Z INFO [3197/3744] ad50646d-16fd-4c24-a837-3ee42e09fff2: 16 internal nodes; 0.7 s; peak memory 1150 MiB.
2026-10-09T00:18:46Z INFO [3198/3744] ad522b62-4370-49e5-93c1-f09b253da1bf: 27 internal nodes; 0.9 s; peak memory 1150 MiB.
2026-10-09T00:18:47Z INFO [3199/3744] ad533a30-e07a-40fb-959b-da5076e7cca2: 29 internal nodes; 0.9 s; peak memory 1150 MiB.
2026-10-09T00:18:48Z INFO [3200/3744] ad5429b4-af92-4457-b30b-00def9a9fb47: 18 internal nodes; 1.0 s; peak memory 1150 MiB.
2026-10-09T00:18:48Z INFO [3200/3744] ad5429b4-af92-4457-b30b-00def9a9fb47: checkpointed 130270 new records.
2026-10-09T00:18:49Z INFO [3201/3744] ad546f2d-79df-491e-b6d5-cad150e00377: 29 internal nodes; 0.8 s; peak memory 1150 MiB.
2026-10-09T00:18:54Z INFO [3202/3744] ad54852f-0477-4429-adcd-19189b5da48a: 296 internal nodes; 5.2 s; peak memory 1150 MiB.
2026-10-09T00:18:56Z INFO [3203/3744] ad549c26-5048-4112-95bf-098c19f861b2: 46 internal nodes; 2.0 s; peak memory 1150 MiB.
2026-10-09T00:18:58Z INFO [3204/3744] ad54dc9e-8cf9-48d7-86e1-18c1dce88e85: 60 internal nodes; 1.6 s; peak memory 1150 MiB.
2026-10-09T00:19:04Z INFO [3205/3744] ad54f9bd-70d7-4c35-9d44-3a74556dc976: 89 internal nodes; 6.3 s; peak memory 1150 MiB.
2026-10-09T00:19:05Z INFO [3206/3744] ad558b12-4a46-4d0c-9559-f759770e8aa0: 31 internal nodes; 0.8 s; peak memory 1150 MiB.
2026-10-09T00:19:06Z INFO [3207/3744] ad588943-e213-425c-9d34-9d289a734df1: 61 internal nodes; 1.4 s; peak memory 1150 MiB.
2026-10-09T00:19:07Z INFO [3208/3744] ad5891a0-b887-4138-8a4f-3fadc32f3bbe: 63 internal nodes; 1.1 s; peak memory 1150 MiB.
2026-10-09T00:19:08Z INFO [3209/3744] ad5a27f4-7b17-4f1c-864d-ae17eee83e8f: 11 internal nodes; 0.4 s; peak memory 1150 MiB.
2026-10-09T00:19:09Z INFO [3210/3744] ad5a4d54-5852-451b-8768-703880db80d2: 29 internal nodes; 1.5 s; peak memory 1150 MiB.
2026-10-09T00:19:10Z INFO [3211/3744] ad5a5ea4-3d4d-46c5-8a4b-57798630c694: 27 internal nodes; 0.9 s; peak memory 1150 MiB.
2026-10-09T00:19:11Z WARNING ad5b0970-92ee-45ed-9ade-ec72ab7c0c43: failed while reading the NWB file (KeyError: 'Unable to synchronously open object (component not found)')
2026-10-09T00:19:11Z WARNING [3212/3744] ad5b0970-92ee-45ed-9ade-ec72ab7c0c43: leaving unrecorded for a later run to retry.
2026-10-09T00:19:12Z INFO [3213/3744] ad5b8d17-c5aa-4c11-a2a4-4aae5cacb151: 17 internal nodes; 0.7 s; peak memory 1150 MiB.
2026-10-09T00:19:13Z INFO [3214/3744] ad5c8f0e-9a71-471f-a09d-ee1e89b332e5: 27 internal nodes; 0.9 s; peak memory 1150 MiB.
2026-10-09T00:19:14Z INFO [3215/3744] ad5cc136-543f-4d41-9cb9-4f2a0a3dc2f8: 66 internal nodes; 1.0 s; peak memory 1150 MiB.
2026-10-09T00:19:14Z INFO [3216/3744] ad5df31f-8e5e-495c-a2b5-aa8aafc35f7e: 17 internal nodes; 0.6 s; peak memory 1150 MiB.
2026-10-09T00:19:15Z INFO [3217/3744] ad5e7d58-056e-4695-967b-e70565e19605: 24 internal nodes; 1.0 s; peak memory 1150 MiB.
2026-10-09T00:19:16Z INFO [3218/3744] ad5f0e09-ba47-4b1a-aa41-d026ef77696f: 19 internal nodes; 0.8 s; peak memory 1150 MiB.
2026-10-09T00:19:19Z INFO [3219/3744] ad5f37e2-ceec-45de-a130-719c237fc79f: 63 internal nodes; 3.4 s; peak memory 1150 MiB.
2026-10-09T00:19:20Z INFO [3220/3744] ad5fdfb5-c719-4eef-8722-28c6de66e937: 23 internal nodes; 0.8 s; peak memory 1150 MiB.
2026-10-09T00:19:21Z INFO [3221/3744] ad60e5c2-1fa2-458c-b872-c1fa19420106: 6 internal nodes; 0.5 s; peak memory 1150 MiB.
2026-10-09T00:19:24Z INFO [3222/3744] ad60e704-60eb-4d6d-aece-7c95a649acd6: 118 internal nodes; 2.9 s; peak memory 1150 MiB.
2026-10-09T00:19:24Z INFO [3223/3744] ad613799-b0c2-4931-82a8-1fb64aaf137b: 17 internal nodes; 0.7 s; peak memory 1150 MiB.
2026-10-09T00:19:37Z INFO [3224/3744] ad61b5c0-f853-4707-b2dc-5225eaf77faa: 1160 internal nodes; 12.9 s; peak memory 1150 MiB.
2026-10-09T00:19:38Z INFO [3225/3744] ad6218b7-2326-44c2-a2ca-ecfa526ade90: 27 internal nodes; 0.8 s; peak memory 1150 MiB.
2026-10-09T00:19:39Z INFO [3226/3744] ad62767d-0189-49d9-83a2-1025e3af3b2b: 27 internal nodes; 0.7 s; peak memory 1150 MiB.
2026-10-09T00:19:40Z INFO [3227/3744] ad627949-625c-4b0e-8c22-b99eb8bcbb48: 22 internal nodes; 1.0 s; peak memory 1150 MiB.
2026-10-09T00:19:41Z INFO [3228/3744] ad635944-51cc-4d40-aa16-33043e6225c9: 31 internal nodes; 1.0 s; peak memory 1150 MiB.
2026-10-09T00:19:42Z INFO [3229/3744] ad63c1e4-0b23-4078-92bc-bc8f68a7a9e1: 29 internal nodes; 1.3 s; peak memory 1150 MiB.
2026-10-09T00:19:43Z INFO [3230/3744] ad6652fe-ff5a-4f93-8e09-cc50dda8c86a: 25 internal nodes; 0.9 s; peak memory 1150 MiB.
2026-10-09T00:19:44Z INFO [3231/3744] ad66d608-26c7-44f3-ab50-e5e7cacdb8bb: 27 internal nodes; 1.0 s; peak memory 1150 MiB.
2026-10-09T00:19:48Z INFO [3232/3744] ad673308-b073-4c45-9fd4-de0090c32f63: 73 internal nodes; 4.4 s; peak memory 1150 MiB.
2026-10-09T00:19:49Z INFO [3233/3744] ad675ae1-3b1d-4b25-8d08-93d142ee8505: 27 internal nodes; 0.7 s; peak memory 1150 MiB.
2026-10-09T00:19:50Z INFO [3234/3744] ad67d5d4-3764-405f-8a14-8b3b49f929a0: 22 internal nodes; 0.9 s; peak memory 1150 MiB.
2026-10-09T00:19:51Z INFO [3235/3744] ad687453-012a-4cba-94f8-787211ece40b: 27 internal nodes; 1.0 s; peak memory 1150 MiB.
2026-10-09T00:19:52Z INFO [3236/3744] ad69088c-4340-481c-b9c4-0f796b12fceb: 17 internal nodes; 0.8 s; peak memory 1150 MiB.
2026-10-09T00:19:52Z INFO [3237/3744] ad696d33-e06b-4e03-919d-1e6736d2f3aa: 15 internal nodes; 0.6 s; peak memory 1150 MiB.
2026-10-09T00:19:54Z INFO [3238/3744] ad69ce52-0975-48b3-a9f9-0c87e8a45c8d: 30 internal nodes; 1.6 s; peak memory 1150 MiB.
2026-10-09T00:19:55Z INFO [3239/3744] ad6a4714-3f0c-4c62-8509-af4c27b5f905: 17 internal nodes; 0.8 s; peak memory 1150 MiB.
2026-10-09T00:19:56Z INFO [3240/3744] ad6a7083-4af4-42fc-ad91-8d15a5cd5b49: 63 internal nodes; 1.2 s; peak memory 1150 MiB.
2026-10-09T00:19:56Z INFO [3241/3744] ad6a7ee9-0014-4dd4-a898-a32a609c8f76: 16 internal nodes; 0.5 s; peak memory 1150 MiB.
2026-10-09T00:19:57Z INFO [3242/3744] ad6b13cc-3f8d-4c9e-8b0e-5d96ef9cb2ea: 17 internal nodes; 0.7 s; peak memory 1150 MiB.
2026-10-09T00:20:01Z INFO [3243/3744] ad6b7bd8-0836-4e3d-9f4f-e285c82aabde: 138 internal nodes; 4.1 s; peak memory 1150 MiB.
2026-10-09T00:20:03Z INFO [3244/3744] ad6c416f-9ab4-49df-9234-8f36a599fd93: 24 internal nodes; 1.4 s; peak memory 1150 MiB.
2026-10-09T00:20:03Z INFO [3245/3744] ad6c661d-19c6-44a6-a32b-d7caffdb0464: 95 internal nodes; 0.8 s; peak memory 1150 MiB.
2026-10-09T00:20:04Z INFO [3246/3744] ad6caa7b-b8eb-47ec-8436-5aa9cb051f8d: 17 internal nodes; 0.9 s; peak memory 1150 MiB.
2026-10-09T00:20:05Z INFO [3247/3744] ad6deef3-698f-459a-aedd-4a408e690408: 17 internal nodes; 0.7 s; peak memory 1150 MiB.
2026-10-09T00:20:05Z INFO [3248/3744] ad6f6a8d-767b-43f0-affc-8bce404da064: 11 internal nodes; 0.5 s; peak memory 1150 MiB.
2026-10-09T00:20:06Z INFO [3249/3744] ad707354-8602-433a-923b-2751f60fffcc: 17 internal nodes; 0.7 s; peak memory 1150 MiB.
2026-10-09T00:20:07Z INFO [3250/3744] ad70c3d7-8bc5-471c-923d-c108f38926f6: 23 internal nodes; 1.0 s; peak memory 1150 MiB.
2026-10-09T00:20:08Z INFO [3250/3744] ad70c3d7-8bc5-471c-923d-c108f38926f6: checkpointed 130319 new records.
2026-10-09T00:20:09Z INFO [3251/3744] ad70d4af-28d4-4980-8b12-46c8722270ca: 27 internal nodes; 1.4 s; peak memory 1150 MiB.
2026-10-09T00:20:10Z INFO [3252/3744] ad731979-f50e-4c94-b396-f64bf9210fd0: 17 internal nodes; 0.6 s; peak memory 1150 MiB.
2026-10-09T00:20:11Z INFO [3253/3744] ad733b1c-201f-4568-8262-64e79992a803: 40 internal nodes; 1.7 s; peak memory 1150 MiB.
2026-10-09T00:20:12Z INFO [3254/3744] ad735c3e-f96f-4258-bd43-1198e983f9ac: 18 internal nodes; 1.0 s; peak memory 1150 MiB.
2026-10-09T00:20:13Z INFO [3255/3744] ad735d7c-c22d-42f5-b740-9ef24c37800e: 11 internal nodes; 0.5 s; peak memory 1150 MiB.
2026-10-09T00:20:17Z INFO [3256/3744] ad7585de-f010-478d-b9ce-d67101a51884: 131 internal nodes; 4.0 s; peak memory 1150 MiB.
2026-10-09T00:20:18Z INFO [3257/3744] ad75e85f-817a-4333-8d6f-2801f192a809: 27 internal nodes; 0.8 s; peak memory 1150 MiB.
2026-10-09T00:20:18Z INFO [3258/3744] ad76f5eb-9d67-405b-8593-f984e1a3bfa5: 17 internal nodes; 0.7 s; peak memory 1150 MiB.
2026-10-09T00:20:20Z INFO [3259/3744] ad795826-02a3-4255-9f3d-caf15471fa46: 60 internal nodes; 1.3 s; peak memory 1150 MiB.
2026-10-09T00:20:20Z INFO [3260/3744] ad797aca-4670-4c74-8fd1-24ccef8f31ec: 27 internal nodes; 0.5 s; peak memory 1150 MiB.
2026-10-09T00:20:21Z INFO [3261/3744] ad79940f-0357-41a5-907d-fdbf4194a8fe: 13 internal nodes; 0.7 s; peak memory 1150 MiB.
2026-10-09T00:20:22Z INFO [3262/3744] ad799fd8-9bae-4fc5-979a-21be58e8db62: 17 internal nodes; 0.9 s; peak memory 1150 MiB.
2026-10-09T00:20:22Z INFO [3263/3744] ad7a4361-1bf3-4c9d-99e7-7d7689344908: 17 internal nodes; 0.8 s; peak memory 1150 MiB.
2026-10-09T00:20:23Z INFO [3264/3744] ad7b1777-9dcc-4af8-92a0-4e88f0ed81c7: 18 internal nodes; 0.8 s; peak memory 1150 MiB.
2026-10-09T00:20:24Z INFO [3265/3744] ad7b70ec-372e-4534-b965-058e0418ab03: 31 internal nodes; 0.9 s; peak memory 1150 MiB.
2026-10-09T00:20:25Z INFO [3266/3744] ad7ce85d-c907-4b8f-96dc-8da6a9f5bc91: 61 internal nodes; 1.0 s; peak memory 1150 MiB.
2026-10-09T00:20:26Z INFO [3267/3744] ad7d2d1a-fc4a-4719-b1e6-e34dfc31de45: 17 internal nodes; 0.8 s; peak memory 1150 MiB.
2026-10-09T00:20:27Z INFO [3268/3744] ad7d3f26-2ad3-4b45-b3ca-a986e228fc52: 17 internal nodes; 0.8 s; peak memory 1150 MiB.
2026-10-09T00:20:28Z INFO [3269/3744] ad7d5647-7ac2-4cab-a90a-1eb58862adfe: 62 internal nodes; 0.9 s; peak memory 1150 MiB.
2026-10-09T00:20:28Z INFO [3270/3744] ad7d80dd-53fa-43f0-8c90-7e0afc6113ba: 26 internal nodes; 0.5 s; peak memory 1150 MiB.
2026-10-09T00:20:29Z INFO [3271/3744] ad7d8526-f1e1-4534-9ac2-b38df1c311d3: 29 internal nodes; 0.8 s; peak memory 1150 MiB.
2026-10-09T00:20:30Z INFO [3272/3744] ad7daa62-20de-4e33-975c-c6e2fa981899: 27 internal nodes; 0.8 s; peak memory 1150 MiB.
2026-10-09T00:20:31Z INFO [3273/3744] ad7dd06c-3a5d-4ff4-a1fd-012c06c22562: 118 internal nodes; 0.8 s; peak memory 1150 MiB.
2026-10-09T00:20:31Z INFO [3274/3744] ad7e0ee3-5201-40b8-83f2-b635b8a7ce50: 25 internal nodes; 0.7 s; peak memory 1150 MiB.
2026-10-09T00:20:32Z INFO [3275/3744] ad7e57c8-4be9-46b3-9fc3-0ef8943527d8: 31 internal nodes; 0.8 s; peak memory 1150 MiB.
2026-10-09T00:20:33Z INFO [3276/3744] ad7e6386-af3b-49a4-9815-31d912a4ca90: 37 internal nodes; 1.2 s; peak memory 1150 MiB.
2026-10-09T00:20:34Z INFO [3277/3744] ad7eecb0-f9e8-4ffe-824f-24c793c54a3d: 54 internal nodes; 1.0 s; peak memory 1150 MiB.
2026-10-09T00:20:35Z INFO [3278/3744] ad7fa3e3-6274-4dae-b787-566205eaf962: 16 internal nodes; 0.7 s; peak memory 1150 MiB.
2026-10-09T00:20:39Z INFO [3279/3744] ad7fe55d-0c6a-4e0e-b635-c1eaffdf45b6: 73 internal nodes; 3.9 s; peak memory 1150 MiB.
2026-10-09T00:20:39Z INFO [3280/3744] ad809a87-d106-493a-a492-922453fdd3ed: 22 internal nodes; 0.4 s; peak memory 1150 MiB.
2026-10-09T00:20:41Z INFO [3281/3744] ad80efc8-ff89-4da2-aaf4-0273ddc6949b: 44 internal nodes; 1.8 s; peak memory 1150 MiB.
2026-10-09T00:20:42Z INFO [3282/3744] ad80f41d-7cce-4b29-b885-d3759136baab: 17 internal nodes; 0.8 s; peak memory 1150 MiB.
2026-10-09T00:20:51Z INFO [3283/3744] ad82bce5-c28d-4ce9-b02e-0ddda8173b10: 84 internal nodes; 9.3 s; peak memory 1150 MiB.
2026-10-09T00:20:53Z INFO [3284/3744] ad82c0a1-e09f-4923-9384-523653dd4046: 67 internal nodes; 1.6 s; peak memory 1150 MiB.
2026-10-09T00:20:54Z INFO [3285/3744] ad82f85b-0abd-403b-9422-f7979ffe7732: 17 internal nodes; 0.7 s; peak memory 1150 MiB.
2026-10-09T00:20:55Z INFO [3286/3744] ad832dba-c0d8-46b2-affe-a113c0ca3da3: 26 internal nodes; 1.0 s; peak memory 1150 MiB.
2026-10-09T00:20:57Z INFO [3287/3744] ad839717-2ad6-4672-9bc6-7daf37240589: 46 internal nodes; 1.8 s; peak memory 1150 MiB.
2026-10-09T00:20:57Z INFO [3288/3744] ad84b751-eb04-40e5-b5ef-95bad6a2f876: 17 internal nodes; 0.8 s; peak memory 1150 MiB.
2026-10-09T00:20:58Z INFO [3289/3744] ad85f6bf-ce13-4dcc-89ad-651cf3ffe92d: 27 internal nodes; 0.9 s; peak memory 1150 MiB.
2026-10-09T00:20:59Z INFO [3290/3744] ad85f981-921a-4b93-ac34-297582ad02a6: 13 internal nodes; 1.1 s; peak memory 1150 MiB.
2026-10-09T00:21:00Z INFO [3291/3744] ad863845-164a-4556-b2b6-f72432c83819: 27 internal nodes; 0.8 s; peak memory 1150 MiB.
2026-10-09T00:21:01Z INFO [3292/3744] ad868843-f57a-4706-abe0-8c287628be18: 27 internal nodes; 0.8 s; peak memory 1150 MiB.
2026-10-09T00:21:05Z INFO [3293/3744] ad86cf1f-533b-4fbe-8fce-31c570797424: 144 internal nodes; 4.3 s; peak memory 1150 MiB.
2026-10-09T00:21:07Z INFO [3294/3744] ad87399c-6034-4b96-8bdb-8a2b409a5826: 29 internal nodes; 1.3 s; peak memory 1150 MiB.
2026-10-09T00:21:07Z INFO [3295/3744] ad888f8d-4785-4e93-8b48-59f4625b5474: 15 internal nodes; 0.5 s; peak memory 1150 MiB.
2026-10-09T00:21:08Z INFO [3296/3744] ad88fae0-fa7f-434d-8944-6d19c29ee09f: 26 internal nodes; 1.0 s; peak memory 1150 MiB.
2026-10-09T00:21:09Z INFO [3297/3744] ad8a3fb9-1c78-4a18-ad1e-90f0d180c829: 63 internal nodes; 0.9 s; peak memory 1150 MiB.
2026-10-09T00:21:10Z INFO [3298/3744] ad8a9f41-c2be-4e81-af9a-51cd73e32584: 19 internal nodes; 0.9 s; peak memory 1150 MiB.
2026-10-09T00:21:11Z INFO [3299/3744] ad8ad1fa-403f-4067-98fb-9cfe8bdfe315: 25 internal nodes; 0.8 s; peak memory 1150 MiB.
2026-10-09T00:21:12Z INFO [3300/3744] ad8b705a-9e75-46f7-8263-da5b1f1574ff: 31 internal nodes; 1.3 s; peak memory 1150 MiB.
2026-10-09T00:21:12Z INFO [3300/3744] ad8b705a-9e75-46f7-8263-da5b1f1574ff: checkpointed 130369 new records.
2026-10-09T00:21:13Z INFO [3301/3744] ad8bc4fc-cb53-479d-b9bd-56b3f28f7e5f: 11 internal nodes; 0.5 s; peak memory 1150 MiB.
2026-10-09T00:21:14Z INFO [3302/3744] ad8c4f20-e153-4e76-b590-2cf092044b74: 17 internal nodes; 0.8 s; peak memory 1150 MiB.
2026-10-09T00:21:17Z INFO [3303/3744] ad8d2d9f-daea-4153-9ca7-2dbd442b30bc: 177 internal nodes; 3.7 s; peak memory 1150 MiB.
2026-10-09T00:21:18Z INFO [3304/3744] ad8d45e0-3db2-4cbe-8597-9833b56c709c: 27 internal nodes; 0.7 s; peak memory 1150 MiB.
2026-10-09T00:21:19Z INFO [3305/3744] ad8d71fd-2eee-4412-a5ce-8c73749bd919: 17 internal nodes; 0.7 s; peak memory 1150 MiB.
2026-10-09T00:21:19Z INFO [3306/3744] ad8d7712-4f47-4d5d-911b-be2a065ddf26: 27 internal nodes; 0.7 s; peak memory 1150 MiB.
2026-10-09T00:21:20Z INFO [3307/3744] ad8d7e70-f5f4-4bd4-b346-157bcae542cf: 31 internal nodes; 0.8 s; peak memory 1150 MiB.
2026-10-09T00:21:21Z INFO [3308/3744] ad8e1e9d-3b65-44f2-b2be-ee6161780d57: 27 internal nodes; 0.9 s; peak memory 1150 MiB.
2026-10-09T00:21:22Z INFO [3309/3744] ad8e31c6-756b-4c46-9ab8-2725f31f4239: 17 internal nodes; 0.8 s; peak memory 1150 MiB.
2026-10-09T00:21:23Z INFO [3310/3744] ad8e442b-fb28-43b3-9cea-f29430a7bc25: 12 internal nodes; 0.8 s; peak memory 1150 MiB.
2026-10-09T00:21:23Z INFO [3311/3744] ad8e58d8-b2ab-44fd-a778-5846db249e50: 27 internal nodes; 0.8 s; peak memory 1150 MiB.
2026-10-09T00:21:24Z INFO [3312/3744] ad8e6108-1d9b-4dd6-9519-57b207497665: 17 internal nodes; 0.7 s; peak memory 1150 MiB.
2026-10-09T00:21:25Z INFO [3313/3744] ad8e8c57-f40b-4052-be8c-4d0c9a337d51: 27 internal nodes; 0.9 s; peak memory 1150 MiB.
2026-10-09T00:21:26Z INFO [3314/3744] ad8f4035-8684-419f-8266-e42e9b4aecf9: 24 internal nodes; 0.7 s; peak memory 1150 MiB.
2026-10-09T00:21:26Z INFO [3315/3744] ad90de6f-dbc8-4563-890d-8692eb60569b: 17 internal nodes; 0.8 s; peak memory 1150 MiB.
2026-10-09T00:21:32Z INFO [3316/3744] ad912b31-742f-4297-b71d-c76a754ce5bc: 114 internal nodes; 5.5 s; peak memory 1150 MiB.
2026-10-09T00:21:38Z INFO [3317/3744] ad9141f8-4121-43c4-a28f-f9333fc9736b: 65 internal nodes; 6.0 s; peak memory 1150 MiB.
2026-10-09T00:21:39Z INFO [3318/3744] ad91b0cc-728a-4615-8681-3b2b6b82af76: 17 internal nodes; 0.8 s; peak memory 1150 MiB.
2026-10-09T00:21:40Z INFO [3319/3744] ad91bea7-dca1-4e7a-b13c-975a9f292b46: 25 internal nodes; 1.2 s; peak memory 1150 MiB.
2026-10-09T00:21:56Z INFO [3320/3744] ad91d41f-dd49-4d31-bdb5-c70a362b1654: 990 internal nodes; 16.3 s; peak memory 1150 MiB.
2026-10-09T00:21:57Z INFO [3321/3744] ad92b9da-c2c6-471f-9020-7aa252c3871d: 19 internal nodes; 1.0 s; peak memory 1150 MiB.
2026-10-09T00:22:02Z INFO [3322/3744] ad92bd9d-c7de-4418-a27f-b274ca8c86eb: 54 internal nodes; 5.0 s; peak memory 1150 MiB.
2026-10-09T00:22:03Z INFO [3323/3744] ad931820-ea3e-40c7-902d-22f719de1d6d: 18 internal nodes; 0.7 s; peak memory 1150 MiB.
2026-10-09T00:22:04Z INFO [3324/3744] ad936a28-db4e-435b-b180-2470115e8495: 17 internal nodes; 0.9 s; peak memory 1150 MiB.
2026-10-09T00:22:04Z INFO [3325/3744] ad93c542-3f3b-4231-a0db-9c6645fcf59a: 11 internal nodes; 0.4 s; peak memory 1150 MiB.
2026-10-09T00:22:05Z INFO [3326/3744] ad9433da-d7ad-4a25-a6fa-cf3550419ef8: 69 internal nodes; 1.2 s; peak memory 1150 MiB.
2026-10-09T00:22:07Z INFO [3327/3744] ad94683b-67d1-40a7-a900-1ecf51cb300a: 52 internal nodes; 1.8 s; peak memory 1150 MiB.
2026-10-09T00:22:08Z INFO [3328/3744] ad9509a1-8fa1-476b-8a7e-2f9ef913b31b: 27 internal nodes; 0.7 s; peak memory 1150 MiB.
2026-10-09T00:22:09Z INFO [3329/3744] ad95d0d8-dbc3-4fdd-9a22-a168ae4be515: 20 internal nodes; 0.7 s; peak memory 1150 MiB.
2026-10-09T00:22:10Z INFO [3330/3744] ad961da3-5cfe-4db8-815c-5159123abb29: 95 internal nodes; 1.4 s; peak memory 1150 MiB.
2026-10-09T00:22:11Z INFO [3331/3744] ad96ccde-976f-4ed1-b3cd-439174990bb2: 27 internal nodes; 0.9 s; peak memory 1150 MiB.
2026-10-09T00:22:12Z INFO [3332/3744] ad975f7a-68c8-41e0-b63a-4c1e54d74ed8: 17 internal nodes; 0.9 s; peak memory 1150 MiB.
2026-10-09T00:22:13Z INFO [3333/3744] ad9966a7-5380-4789-b595-e9d68deea015: 44 internal nodes; 1.6 s; peak memory 1150 MiB.
2026-10-09T00:22:14Z INFO [3334/3744] ad9a06af-07f5-4770-bafb-20a8338d62f8: 31 internal nodes; 1.1 s; peak memory 1150 MiB.
2026-10-09T00:22:16Z INFO [3335/3744] ad9ae262-9b4e-464f-be37-be1df35cb827: 23 internal nodes; 1.1 s; peak memory 1150 MiB.
2026-10-09T00:22:17Z INFO [3336/3744] ad9b0a66-545c-4a2a-ad18-06c2dbc9a776: 44 internal nodes; 1.6 s; peak memory 1150 MiB.
2026-10-09T00:22:18Z INFO [3337/3744] ad9b487d-7d6d-46e7-b133-a698ff2334c5: 11 internal nodes; 0.5 s; peak memory 1150 MiB.
2026-10-09T00:22:19Z INFO [3338/3744] ad9b5346-010e-45f5-80f8-76d239cac7b9: 67 internal nodes; 1.7 s; peak memory 1150 MiB.
2026-10-09T00:22:21Z INFO [3339/3744] ad9b5d77-5803-4ad5-8fc2-cb2e88255632: 44 internal nodes; 1.3 s; peak memory 1150 MiB.
2026-10-09T00:22:22Z INFO [3340/3744] ad9bb29e-cfac-4967-9e53-332acb52b790: 13 internal nodes; 1.0 s; peak memory 1150 MiB.
2026-10-09T00:22:29Z INFO [3341/3744] ad9bcd10-467e-455b-a117-c087f4070d28: 70 internal nodes; 7.3 s; peak memory 1150 MiB.
2026-10-09T00:22:32Z INFO [3342/3744] ad9ca46e-3098-431e-a79f-21f491e5ce14: 46 internal nodes; 2.7 s; peak memory 1150 MiB.
2026-10-09T00:22:32Z INFO [3343/3744] ad9eab1d-3650-4c5f-87a8-1027d8e921e3: 27 internal nodes; 0.9 s; peak memory 1150 MiB.
2026-10-09T00:22:36Z INFO [3344/3744] ad9eb83e-0671-4250-bfb4-3be45392733f: 174 internal nodes; 4.0 s; peak memory 1150 MiB.
2026-10-09T00:22:37Z INFO [3345/3744] ad9f3d42-a730-4605-8664-a20e235143a9: 18 internal nodes; 0.6 s; peak memory 1150 MiB.
2026-10-09T00:22:38Z INFO [3346/3744] ad9f6839-3eea-4ede-84d2-0bfeb1ef4315: 17 internal nodes; 0.7 s; peak memory 1150 MiB.
2026-10-09T00:22:45Z INFO [3347/3744] ad9fab66-2328-40d4-88a0-7557e18520ee: 75 internal nodes; 6.9 s; peak memory 1150 MiB.
2026-10-09T00:22:46Z INFO [3348/3744] ad9fbf0e-2fdb-4203-a7f9-9cb148c9e11b: 27 internal nodes; 1.1 s; peak memory 1150 MiB.
2026-10-09T00:22:49Z INFO [3349/3744] ada011fc-e8d0-4f2b-9a8c-3fab44e92095: 46 internal nodes; 3.2 s; peak memory 1150 MiB.
2026-10-09T00:22:53Z INFO [3350/3744] ada21eef-694b-4158-af5e-16499648d828: 133 internal nodes; 4.3 s; peak memory 1150 MiB.
2026-10-09T00:22:54Z INFO [3350/3744] ada21eef-694b-4158-af5e-16499648d828: checkpointed 130419 new records.
2026-10-09T00:23:31Z INFO [3351/3744] ada26d3f-9a48-46d9-8971-9dd8863a8a53: 898 internal nodes; 37.3 s; peak memory 1150 MiB.
2026-10-09T00:23:33Z INFO [3352/3744] ada3a6de-502a-42b4-8847-e17985de9111: 47 internal nodes; 1.6 s; peak memory 1150 MiB.
2026-10-09T00:23:36Z INFO [3353/3744] ada40ee3-6f91-4ff0-a8d8-a9e8ba98ef36: 47 internal nodes; 3.4 s; peak memory 1150 MiB.
2026-10-09T00:23:44Z INFO [3354/3744] ada54b84-1be9-42f2-baff-579611110483: 83 internal nodes; 7.5 s; peak memory 1150 MiB.
2026-10-09T00:23:45Z INFO [3355/3744] ada553aa-9747-4257-8bb7-127234cf79d5: 31 internal nodes; 1.0 s; peak memory 1150 MiB.
2026-10-09T00:23:45Z INFO [3356/3744] ada5faf4-a588-41ca-9743-5ccc170e2e10: 17 internal nodes; 0.6 s; peak memory 1150 MiB.
2026-10-09T00:23:49Z INFO [3357/3744] ada67b1f-58d7-4fba-9fd2-c2a450b0dbc7: 161 internal nodes; 3.9 s; peak memory 1150 MiB.
2026-10-09T00:23:51Z INFO [3358/3744] ada68a41-9a20-4b08-b914-a5dbd21ac0b9: 43 internal nodes; 1.7 s; peak memory 1150 MiB.
2026-10-09T00:23:52Z INFO [3359/3744] ada695f5-c881-4b20-858f-1ddecd884d5f: 17 internal nodes; 0.8 s; peak memory 1150 MiB.
2026-10-09T00:23:55Z INFO [3360/3744] ada6dbcc-b0ad-4636-96e1-d8881543cb52: 41 internal nodes; 3.1 s; peak memory 1150 MiB.
2026-10-09T00:24:03Z INFO [3361/3744] ada716eb-2098-4b9d-b64a-481446b6052a: 70 internal nodes; 8.0 s; peak memory 1150 MiB.
2026-10-09T00:24:03Z INFO [3362/3744] ada80ebe-1e60-4dfb-a7b9-46f4ab54f8bf: 27 internal nodes; 0.8 s; peak memory 1150 MiB.
2026-10-09T00:24:06Z INFO [3363/3744] ada87709-b76f-4afc-9851-5939430abee8: 41 internal nodes; 2.2 s; peak memory 1150 MiB.
2026-10-09T00:26:42Z INFO [3364/3744] ada8a50a-8583-4172-af1a-6d4235a5ebb6: 5453 internal nodes; 156.4 s; peak memory 1150 MiB.
2026-10-09T00:26:43Z INFO [3365/3744] ada8c65f-c8bd-4cb0-a835-9055e123ca34: 27 internal nodes; 0.9 s; peak memory 1150 MiB.
2026-10-09T00:26:44Z INFO [3366/3744] ada9dbbc-0da8-48cc-9752-32ccb80c6cd9: 17 internal nodes; 0.7 s; peak memory 1150 MiB.
2026-10-09T00:26:45Z INFO [3367/3744] adaa9a33-ec07-4363-a50f-e0a50ffaf745: 17 internal nodes; 0.9 s; peak memory 1150 MiB.
2026-10-09T00:26:45Z INFO [3368/3744] adabd591-7acb-4d70-9bd9-6ce57b205529: 27 internal nodes; 0.8 s; peak memory 1150 MiB.
2026-10-09T00:26:47Z INFO [3369/3744] adac3d99-f36d-477c-a87a-1adadd124c99: 44 internal nodes; 1.4 s; peak memory 1150 MiB.
2026-10-09T00:26:47Z INFO [3370/3744] adaca4b8-23a9-4646-b3cc-7c583e5bf8be: 17 internal nodes; 0.6 s; peak memory 1150 MiB.
2026-10-09T00:26:48Z INFO [3371/3744] adad2a52-dc31-40f6-bf4b-02838de32b5d: 17 internal nodes; 0.9 s; peak memory 1150 MiB.
2026-10-09T00:26:49Z INFO [3372/3744] adada6c0-0e4d-4cda-82c2-86981b7fc01f: 23 internal nodes; 1.2 s; peak memory 1150 MiB.
2026-10-09T00:26:50Z INFO [3373/3744] adae81fe-e521-4a4e-ae38-a5189f6b9239: 26 internal nodes; 0.8 s; peak memory 1150 MiB.
2026-10-09T00:26:51Z INFO [3374/3744] adaeb85f-5c94-42c4-976a-d788709fd1ee: 13 internal nodes; 0.6 s; peak memory 1150 MiB.
2026-10-09T00:26:53Z INFO [3375/3744] adb03b41-e530-4f52-9369-015ec70154bf: 44 internal nodes; 1.7 s; peak memory 1150 MiB.
2026-10-09T00:26:54Z INFO [3376/3744] adb08d4b-a7fc-4163-8c62-bd5e78f6f82c: 29 internal nodes; 0.9 s; peak memory 1150 MiB.
2026-10-09T00:26:54Z INFO [3377/3744] adb175ec-7a3b-40e0-b8db-353c85403adb: 17 internal nodes; 0.6 s; peak memory 1150 MiB.
2026-10-09T00:26:55Z INFO [3378/3744] adb1a9e3-d2e8-4554-84d8-3d95eecf0d1e: 23 internal nodes; 0.8 s; peak memory 1150 MiB.
2026-10-09T00:26:56Z INFO [3379/3744] adb1c879-a315-447d-8cae-5785af35bcfa: 29 internal nodes; 1.3 s; peak memory 1150 MiB.
2026-10-09T00:26:57Z INFO [3380/3744] adb22735-036e-4bb9-87f2-20673f2bce6a: 27 internal nodes; 0.7 s; peak memory 1150 MiB.
2026-10-09T00:26:58Z INFO [3381/3744] adb25853-cdd2-4908-bd96-5e472100b371: 27 internal nodes; 0.7 s; peak memory 1150 MiB.
2026-10-09T00:26:59Z INFO [3382/3744] adb26e66-58bc-475a-a9c9-f29b153f2e84: 17 internal nodes; 0.9 s; peak memory 1150 MiB.
2026-10-09T00:26:59Z INFO [3383/3744] adb27b5e-0722-4b52-ba9f-31003a48a082: 17 internal nodes; 0.7 s; peak memory 1150 MiB.
2026-10-09T00:27:00Z INFO [3384/3744] adb35732-d383-4a05-8b9d-61781dc05331: 26 internal nodes; 0.7 s; peak memory 1150 MiB.
2026-10-09T00:27:01Z INFO [3385/3744] adb36afa-b019-4283-b431-280dc4cc267a: 31 internal nodes; 1.2 s; peak memory 1150 MiB.
2026-10-09T00:27:02Z INFO [3386/3744] adb3fafe-c35b-4894-8553-e544efbb67c5: 31 internal nodes; 1.0 s; peak memory 1150 MiB.
2026-10-09T00:27:03Z INFO [3387/3744] adb412d3-f37a-40aa-a320-9b94c559add6: 17 internal nodes; 0.8 s; peak memory 1150 MiB.
2026-10-09T00:27:04Z INFO [3388/3744] adb41454-206f-490a-83ff-a155ac739c22: 58 internal nodes; 1.1 s; peak memory 1150 MiB.
2026-10-09T00:27:06Z INFO [3389/3744] adb47412-544a-430f-a0be-f0337553c18f: 31 internal nodes; 1.7 s; peak memory 1150 MiB.
2026-10-09T00:27:07Z INFO [3390/3744] adb53bf4-45cf-4466-b1da-dc62d13dc2f7: 31 internal nodes; 1.4 s; peak memory 1150 MiB.
2026-10-09T00:27:09Z INFO [3391/3744] adb54be1-e940-4267-b8c8-dfe4a039e395: 22 internal nodes; 2.1 s; peak memory 1150 MiB.
2026-10-09T00:27:10Z INFO [3392/3744] adb64a81-4e6d-484f-901c-6fabb556f702: 27 internal nodes; 0.7 s; peak memory 1150 MiB.
2026-10-09T00:27:11Z INFO [3393/3744] adb6aa73-8e1b-470d-9ffe-96a51290ce90: 27 internal nodes; 1.1 s; peak memory 1150 MiB.
2026-10-09T00:27:12Z INFO [3394/3744] adb73b01-7482-4a6e-87f9-fdfb64d53a38: 17 internal nodes; 0.7 s; peak memory 1150 MiB.
2026-10-09T00:27:13Z INFO [3395/3744] adb74d99-d626-436f-80fb-371d2d6a0a8a: 17 internal nodes; 0.9 s; peak memory 1150 MiB.
2026-10-09T00:27:14Z INFO [3396/3744] adb78925-3fe8-43b4-be90-8556202620f8: 18 internal nodes; 1.1 s; peak memory 1150 MiB.
2026-10-09T00:27:15Z INFO [3397/3744] adb7ab25-c87d-4e5a-a86c-38618ccd379f: 17 internal nodes; 0.9 s; peak memory 1150 MiB.
2026-10-09T00:27:15Z INFO [3398/3744] adb821d4-6a65-49f8-817e-b3c796894c72: 27 internal nodes; 0.7 s; peak memory 1150 MiB.
2026-10-09T00:27:17Z INFO [3399/3744] adb84270-b2c7-4b07-be67-49299fbf28cd: 21 internal nodes; 1.9 s; peak memory 1150 MiB.
2026-10-09T00:27:21Z INFO [3400/3744] adb8951d-c422-405c-892d-bda3a39a0a4b: 20 internal nodes; 3.5 s; peak memory 1150 MiB.
2026-10-09T00:27:21Z INFO [3400/3744] adb8951d-c422-405c-892d-bda3a39a0a4b: checkpointed 130469 new records.
2026-10-09T00:27:22Z INFO [3401/3744] adb8a9e1-66b7-4df5-aaeb-a44df90743d2: 11 internal nodes; 0.5 s; peak memory 1150 MiB.
2026-10-09T00:27:24Z INFO [3402/3744] adb8ec26-dd8f-4782-a64f-6c8c43e2e5c3: 44 internal nodes; 1.9 s; peak memory 1150 MiB.
2026-10-09T00:27:28Z INFO [3403/3744] adb9abf4-5660-42a3-ac63-870ef46c6208: 177 internal nodes; 4.8 s; peak memory 1150 MiB.
2026-10-09T00:27:29Z INFO [3404/3744] adb9b6ce-60e7-4055-9278-fae803c2224e: 17 internal nodes; 0.8 s; peak memory 1150 MiB.
2026-10-09T00:27:30Z INFO [3405/3744] adbac2b7-6fc6-48bb-8c7f-a51bc76a7b30: 11 internal nodes; 0.5 s; peak memory 1150 MiB.
2026-10-09T00:27:30Z INFO [3406/3744] adbb0d0b-f09b-42e9-89ed-0d03e8d797e2: 13 internal nodes; 0.6 s; peak memory 1150 MiB.
2026-10-09T00:27:31Z INFO [3407/3744] adbbeaf5-7a2d-4314-bace-17363df0c11d: 17 internal nodes; 0.7 s; peak memory 1150 MiB.
2026-10-09T00:27:32Z INFO [3408/3744] adbc11ff-fcc3-4494-ae45-bcfe0589c46d: 29 internal nodes; 0.9 s; peak memory 1150 MiB.
2026-10-09T00:27:33Z INFO [3409/3744] adbc393b-42f8-4763-b64a-75e90301ed78: 17 internal nodes; 0.7 s; peak memory 1150 MiB.
2026-10-09T00:27:34Z INFO [3410/3744] adbc6572-7c18-42c9-9fd7-6144966d2af5: 31 internal nodes; 1.0 s; peak memory 1150 MiB.
2026-10-09T00:27:34Z INFO [3411/3744] adbe6230-8a71-4397-bf80-65dc20b84dfc: 19 internal nodes; 0.6 s; peak memory 1150 MiB.
2026-10-09T00:27:40Z INFO [3412/3744] adbeb47a-f2b7-4acf-9fbe-c9681b4b6cfa: 42 internal nodes; 6.0 s; peak memory 1150 MiB.
2026-10-09T00:27:43Z INFO [3413/3744] adbee5a0-4952-4cb3-9682-69d7c53bedeb: 177 internal nodes; 2.9 s; peak memory 1150 MiB.
2026-10-09T00:27:44Z INFO [3414/3744] adbfd50a-7360-42b5-b0ca-fd532258c5ff: 32 internal nodes; 1.2 s; peak memory 1150 MiB.
2026-10-09T00:27:45Z INFO [3415/3744] adc00615-77df-4118-ba8f-b38f7b0a7b3d: 17 internal nodes; 0.8 s; peak memory 1150 MiB.
2026-10-09T00:28:00Z INFO [3416/3744] adc0894f-b220-4c21-9ef9-59bdaa818201: 576 internal nodes; 14.4 s; peak memory 1150 MiB.
2026-10-09T00:28:00Z INFO [3417/3744] adc14b8a-4ef9-4e2d-87e3-f1b3a62c6d2c: 17 internal nodes; 0.6 s; peak memory 1150 MiB.
2026-10-09T00:28:02Z INFO [3418/3744] adc199a7-1fc2-4628-a29e-719366ec1088: 44 internal nodes; 2.1 s; peak memory 1150 MiB.
2026-10-09T00:28:03Z INFO [3419/3744] adc1b5f4-5cef-4e25-b3f2-19c9ade73145: 20 internal nodes; 1.0 s; peak memory 1150 MiB.
2026-10-09T00:28:05Z INFO [3420/3744] adc214c6-a988-41d2-a9b9-42ae8f272a77: 44 internal nodes; 1.8 s; peak memory 1150 MiB.
2026-10-09T00:28:06Z INFO [3421/3744] adc24e19-25bc-4626-9a1e-8eea245f0a8f: 114 internal nodes; 0.7 s; peak memory 1150 MiB.
2026-10-09T00:28:07Z INFO [3422/3744] adc2668d-8e58-449f-8f10-4f8c8848ef55: 31 internal nodes; 1.3 s; peak memory 1150 MiB.
2026-10-09T00:28:08Z INFO [3423/3744] adc2670a-fe1b-48bb-a550-31142e5c6c58: 17 internal nodes; 0.8 s; peak memory 1150 MiB.
2026-10-09T00:28:09Z INFO [3424/3744] adc3b296-b557-445b-a67f-4022e83ed488: 17 internal nodes; 0.6 s; peak memory 1150 MiB.
2026-10-09T00:28:10Z INFO [3425/3744] adc4508d-8f24-4aab-a55d-b4c377022029: 63 internal nodes; 0.9 s; peak memory 1150 MiB.
2026-10-09T00:28:11Z INFO [3426/3744] adc46ac5-3bae-466f-a92e-a19e10a4d6af: 31 internal nodes; 1.1 s; peak memory 1150 MiB.
2026-10-09T00:28:12Z INFO [3427/3744] adc4cff2-60af-4952-9196-75b19ec7cb79: 17 internal nodes; 0.8 s; peak memory 1150 MiB.
2026-10-09T00:28:12Z INFO [3428/3744] adc619b5-775e-4cfe-9580-dfb7ee79046d: 17 internal nodes; 0.6 s; peak memory 1150 MiB.
2026-10-09T00:28:13Z INFO [3429/3744] adc6b198-f107-4424-829c-61a38559d736: 17 internal nodes; 0.9 s; peak memory 1150 MiB.
2026-10-09T00:28:14Z INFO [3430/3744] adc6de56-f2ef-4b83-9f5d-0e8918ddb500: 27 internal nodes; 0.7 s; peak memory 1150 MiB.
2026-10-09T00:28:15Z INFO [3431/3744] adc76b3f-87ea-402a-ad02-957e30d16efb: 59 internal nodes; 1.3 s; peak memory 1150 MiB.
2026-10-09T00:28:16Z INFO [3432/3744] adc7ef49-84a5-41e9-a194-b88a097ee3a6: 65 internal nodes; 1.3 s; peak memory 1150 MiB.
2026-10-09T00:28:17Z INFO [3433/3744] adc847d6-33a2-4e51-a385-331984937c4d: 27 internal nodes; 0.9 s; peak memory 1150 MiB.
2026-10-09T00:28:19Z INFO [3434/3744] adc8a4f6-7d02-4c80-9373-5447cd272425: 36 internal nodes; 1.8 s; peak memory 1150 MiB.
2026-10-09T00:28:20Z INFO [3435/3744] adc926cd-bc01-4596-992e-47f8d79b45eb: 29 internal nodes; 0.8 s; peak memory 1150 MiB.
2026-10-09T00:28:21Z INFO [3436/3744] adc96487-6815-4229-8fc4-74ce0d7c8fa3: 17 internal nodes; 0.7 s; peak memory 1150 MiB.
2026-10-09T00:28:21Z INFO [3437/3744] adc9b819-a065-4661-8021-b81b83ad35c1: 17 internal nodes; 0.8 s; peak memory 1150 MiB.
2026-10-09T00:28:22Z INFO [3438/3744] adc9fc8d-6161-489d-a310-f38d4a5d0734: 17 internal nodes; 0.8 s; peak memory 1150 MiB.
2026-10-09T00:28:23Z INFO [3439/3744] adcab695-aa40-4c5c-888d-641cb38ad83e: 17 internal nodes; 0.8 s; peak memory 1150 MiB.
2026-10-09T00:28:25Z INFO [3440/3744] adcce255-b57a-496f-b7e7-6906e3e70762: 40 internal nodes; 2.1 s; peak memory 1150 MiB.
2026-10-09T00:28:26Z INFO [3441/3744] adcdde6f-337f-4cd3-881a-185dd3e0a35a: 31 internal nodes; 0.8 s; peak memory 1150 MiB.
2026-10-09T00:28:27Z INFO [3442/3744] adce7921-7e0b-4689-994a-34a41a3944f9: 20 internal nodes; 0.7 s; peak memory 1150 MiB.
2026-10-09T00:28:27Z INFO [3443/3744] adceb806-fb39-41ab-b95e-95b39fa488b0: 23 internal nodes; 0.7 s; peak memory 1150 MiB.
2026-10-09T00:28:28Z INFO [3444/3744] adcf1a2b-ecda-4d23-a941-729096b10942: 17 internal nodes; 0.7 s; peak memory 1150 MiB.
2026-10-09T00:28:28Z INFO [3445/3744] adcfbe98-2a5e-4e94-9674-d18b37dbf9da: 18 internal nodes; 0.5 s; peak memory 1150 MiB.
2026-10-09T00:28:32Z INFO [3446/3744] add006b5-e15d-4590-9f5c-05838038d579: 119 internal nodes; 3.1 s; peak memory 1150 MiB.
2026-10-09T00:28:43Z INFO [3447/3744] add0ced8-10ec-49f2-a5d8-eee8240e79e5: 316 internal nodes; 11.7 s; peak memory 1150 MiB.
2026-10-09T00:28:44Z INFO [3448/3744] add0d7a5-3c02-4a4c-97ef-730bc5404af0: 29 internal nodes; 1.2 s; peak memory 1150 MiB.
2026-10-09T00:28:49Z INFO [3449/3744] add28648-a2db-44c0-936c-1ff4fa695616: 73 internal nodes; 4.6 s; peak memory 1150 MiB.
2026-10-09T00:28:50Z INFO [3450/3744] add2ca9d-cff2-47da-8845-1fdac849cfb6: 83 internal nodes; 0.8 s; peak memory 1150 MiB.
2026-10-09T00:28:50Z INFO [3450/3744] add2ca9d-cff2-47da-8845-1fdac849cfb6: checkpointed 130519 new records.
2026-10-09T00:28:51Z INFO [3451/3744] add33d9e-24f9-44ae-92c2-a61774257d3b: 54 internal nodes; 0.7 s; peak memory 1150 MiB.
2026-10-09T00:28:52Z INFO [3452/3744] add36e64-3a3a-438e-8de9-7313f6ece0b3: 29 internal nodes; 0.9 s; peak memory 1150 MiB.
2026-10-09T00:28:53Z INFO [3453/3744] add3b1e2-7852-4f31-95fd-d7553066b7e7: 27 internal nodes; 0.8 s; peak memory 1150 MiB.
2026-10-09T00:28:53Z INFO [3454/3744] add440a9-4e9f-4488-935f-4c81ccba958d: 17 internal nodes; 0.5 s; peak memory 1150 MiB.
2026-10-09T00:28:55Z INFO [3455/3744] add46aee-dd28-4658-9b69-649441705c9b: 116 internal nodes; 1.4 s; peak memory 1150 MiB.
2026-10-09T00:28:55Z INFO [3456/3744] add4ae54-d401-40ac-9b6d-62596a8c8634: 25 internal nodes; 0.8 s; peak memory 1150 MiB.
2026-10-09T00:28:58Z INFO [3457/3744] add51802-e7fa-4ae5-8c47-a0bc7afb29af: 237 internal nodes; 2.7 s; peak memory 1150 MiB.
2026-10-09T00:28:59Z INFO [3458/3744] add6056d-a9bb-43f3-98d7-ff3db9aa978e: 17 internal nodes; 0.8 s; peak memory 1150 MiB.
2026-10-09T00:28:59Z INFO [3459/3744] add66448-c6df-4ee7-89d3-e4ca49307031: 19 internal nodes; 0.5 s; peak memory 1150 MiB.
2026-10-09T00:29:01Z INFO [3460/3744] add71045-2d45-43b7-8f43-e8e3aae32030: 61 internal nodes; 1.6 s; peak memory 1150 MiB.
2026-10-09T00:29:02Z INFO [3461/3744] add8b3f1-5e44-4244-bcf8-41503da8e2aa: 62 internal nodes; 1.5 s; peak memory 1150 MiB.
2026-10-09T00:29:03Z INFO [3462/3744] add9bbb6-d673-4c42-9989-ab55234d3c59: 17 internal nodes; 0.6 s; peak memory 1150 MiB.
2026-10-09T00:29:04Z INFO [3463/3744] addafd07-53ca-4539-a9e4-5db1033c7c2b: 27 internal nodes; 0.7 s; peak memory 1150 MiB.
2026-10-09T00:29:04Z INFO [3464/3744] addcacb0-5c2d-4b0a-951c-a0c4b3944938: 29 internal nodes; 0.6 s; peak memory 1150 MiB.
2026-10-09T00:29:06Z INFO [3465/3744] addcc6cd-f165-4e70-a21f-2cfe7ffc2219: 28 internal nodes; 1.2 s; peak memory 1150 MiB.
2026-10-09T00:29:07Z INFO [3466/3744] adde0ecf-99e5-4a6d-a515-3242279dd00c: 18 internal nodes; 1.1 s; peak memory 1150 MiB.
2026-10-09T00:29:07Z INFO [3467/3744] adde7796-4aff-4c69-9762-826977317ba0: 20 internal nodes; 0.5 s; peak memory 1150 MiB.
2026-10-09T00:29:08Z INFO [3468/3744] addec8cc-2077-47bf-a86e-a14ded55cc33: 17 internal nodes; 0.8 s; peak memory 1150 MiB.
2026-10-09T00:29:09Z INFO [3469/3744] addee158-d731-4bb8-b974-7cb73bd1f113: 52 internal nodes; 0.9 s; peak memory 1150 MiB.
2026-10-09T00:29:09Z INFO [3470/3744] addee4e5-767a-4d5b-9bbe-64c7d77ba875: 17 internal nodes; 0.7 s; peak memory 1150 MiB.
2026-10-09T00:29:10Z INFO [3471/3744] addf05d4-40e8-446b-b16f-0a4148a90962: 17 internal nodes; 0.7 s; peak memory 1150 MiB.
2026-10-09T00:29:11Z INFO [3472/3744] ade01e55-0fe4-43a1-b4eb-495a6f46133a: 17 internal nodes; 0.8 s; peak memory 1150 MiB.
2026-10-09T00:29:12Z INFO [3473/3744] ade01ec4-ac36-4522-9c8f-ea7474a0fecf: 29 internal nodes; 0.9 s; peak memory 1150 MiB.
2026-10-09T00:29:13Z INFO [3474/3744] ade07602-42a4-4036-a348-d7ae8d482cfd: 26 internal nodes; 0.7 s; peak memory 1150 MiB.
2026-10-09T00:29:14Z INFO [3475/3744] ade0e5f7-3790-44af-bd7f-641e9ce2a367: 27 internal nodes; 1.5 s; peak memory 1150 MiB.
2026-10-09T00:29:14Z INFO [3476/3744] ade129d3-4ca9-431e-b55b-7d6d948357ee: 11 internal nodes; 0.4 s; peak memory 1150 MiB.
2026-10-09T00:29:15Z INFO [3477/3744] ade12e3e-5ecb-41f2-b06b-313831121e1f: 27 internal nodes; 0.7 s; peak memory 1150 MiB.
2026-10-09T00:29:16Z INFO [3478/3744] ade136ef-5d90-4f7c-9127-7e1e1aa3c107: 26 internal nodes; 1.3 s; peak memory 1150 MiB.
2026-10-09T00:29:17Z INFO [3479/3744] ade16399-7ca7-4e61-a5f0-de684bd3d546: 26 internal nodes; 0.6 s; peak memory 1150 MiB.
2026-10-09T00:29:19Z INFO [3480/3744] ade25958-8a12-4809-bd17-101346ade23b: 44 internal nodes; 2.1 s; peak memory 1150 MiB.
2026-10-09T00:29:20Z INFO [3481/3744] ade25db5-3d74-46ec-b742-aaf11cc77c34: 31 internal nodes; 1.1 s; peak memory 1150 MiB.
2026-10-09T00:29:21Z INFO [3482/3744] ade2d5af-4bdf-4612-b768-966f9f79c2bf: 27 internal nodes; 1.0 s; peak memory 1150 MiB.
2026-10-09T00:29:23Z INFO [3483/3744] ade2fdc3-bee1-412d-92f1-972170413b46: 24 internal nodes; 1.4 s; peak memory 1150 MiB.
2026-10-09T00:29:24Z INFO [3484/3744] ade3cf82-f39d-4fac-b921-5ea697e7c500: 21 internal nodes; 1.3 s; peak memory 1150 MiB.
2026-10-09T00:29:29Z INFO [3485/3744] ade3fc14-0c15-4cef-85fc-dd6702747c54: 61 internal nodes; 5.6 s; peak memory 1150 MiB.
2026-10-09T00:29:31Z INFO [3486/3744] ade40156-1117-4d0b-9505-18d4a85512e9: 46 internal nodes; 2.0 s; peak memory 1150 MiB.
2026-10-09T00:29:33Z INFO [3487/3744] ade4068d-3642-431f-8e67-4f87a5298f1c: 53 internal nodes; 1.7 s; peak memory 1150 MiB.
2026-10-09T00:29:35Z INFO [3488/3744] ade4c931-81d6-4900-8fc9-a9abf6cf0db6: 44 internal nodes; 1.6 s; peak memory 1150 MiB.
2026-10-09T00:29:36Z INFO [3489/3744] ade4ff8b-a26d-40ed-8984-4a205099e33c: 14 internal nodes; 1.0 s; peak memory 1150 MiB.
2026-10-09T00:29:37Z INFO [3490/3744] ade50327-5389-4baa-80ad-ba2c4ab32e60: 23 internal nodes; 0.9 s; peak memory 1150 MiB.
2026-10-09T00:29:37Z INFO [3491/3744] ade50a08-ac47-4eeb-883e-6b43e4e77d3e: 27 internal nodes; 0.7 s; peak memory 1150 MiB.
2026-10-09T00:29:40Z INFO [3492/3744] ade59839-43e3-41bf-959a-f1a048e16efb: 41 internal nodes; 2.9 s; peak memory 1150 MiB.
2026-10-09T00:29:41Z INFO [3493/3744] ade5c120-6d67-4e7a-8fea-58691ac72bf1: 13 internal nodes; 0.8 s; peak memory 1150 MiB.
2026-10-09T00:29:42Z INFO [3494/3744] ade5e721-9ed3-4594-b569-4788bf008d71: 17 internal nodes; 0.7 s; peak memory 1150 MiB.
2026-10-09T00:29:43Z INFO [3495/3744] ade64299-e380-4f9d-9780-092b2b650016: 27 internal nodes; 1.1 s; peak memory 1150 MiB.
2026-10-09T00:29:44Z INFO [3496/3744] ade65892-c046-490d-aa7c-0f0aa0ac9c1a: 42 internal nodes; 1.4 s; peak memory 1150 MiB.
2026-10-09T00:29:51Z INFO [3497/3744] ade67cce-065a-41b3-809d-2e987dc4e7a8: 114 internal nodes; 7.2 s; peak memory 1150 MiB.
2026-10-09T00:29:52Z INFO [3498/3744] ade73fd0-b098-4270-b298-62fcff3f2f68: 20 internal nodes; 1.0 s; peak memory 1150 MiB.
2026-10-09T00:29:53Z INFO [3499/3744] ade76c69-a363-4cb9-89fd-98f63a24f194: 27 internal nodes; 0.8 s; peak memory 1150 MiB.
2026-10-09T00:30:00Z INFO [3500/3744] ade77f7a-c23f-4986-8101-4f68489a6c1f: 184 internal nodes; 6.4 s; peak memory 1150 MiB.
2026-10-09T00:30:00Z INFO [3500/3744] ade77f7a-c23f-4986-8101-4f68489a6c1f: checkpointed 130569 new records.
2026-10-09T00:30:01Z INFO [3501/3744] ade7963a-b319-4902-8206-063c7f98da7d: 29 internal nodes; 0.9 s; peak memory 1150 MiB.
2026-10-09T00:30:01Z INFO [3502/3744] ade7c5b2-4414-4ec2-9003-1a831a08122c: 16 internal nodes; 0.6 s; peak memory 1150 MiB.
2026-10-09T00:30:02Z INFO [3503/3744] ade8a8e5-80c0-497b-9847-c11c058146f6: 11 internal nodes; 0.6 s; peak memory 1150 MiB.
2026-10-09T00:30:04Z INFO [3504/3744] ade8eef3-533c-4655-8967-781df73b81ef: 41 internal nodes; 1.7 s; peak memory 1150 MiB.
2026-10-09T00:30:05Z INFO [3505/3744] ade917ff-0916-4e4e-8623-2ef9f0ea9c7b: 29 internal nodes; 1.2 s; peak memory 1150 MiB.
2026-10-09T00:30:06Z INFO [3506/3744] ade97a10-ced5-45d3-88be-bd2ecca23185: 31 internal nodes; 1.0 s; peak memory 1150 MiB.
2026-10-09T00:30:12Z INFO [3507/3744] ade9f8e0-3d4c-47f0-aae2-b0aead6e1d91: 73 internal nodes; 5.8 s; peak memory 1150 MiB.
2026-10-09T00:30:13Z INFO [3508/3744] adea201c-1b1f-485b-afce-ff738b1d716f: 31 internal nodes; 1.2 s; peak memory 1150 MiB.
2026-10-09T00:30:14Z INFO [3509/3744] adeaf3e2-80e0-42e2-af2c-9e0e11e6eb23: 19 internal nodes; 0.8 s; peak memory 1150 MiB.
2026-10-09T00:30:15Z INFO [3510/3744] adebf67c-6fa4-4f9f-a5c5-4d4ca5296928: 27 internal nodes; 0.9 s; peak memory 1150 MiB.
2026-10-09T00:30:15Z INFO [3511/3744] adec2b32-7851-47c6-8970-301cf9fa935b: 25 internal nodes; 0.8 s; peak memory 1150 MiB.
2026-10-09T00:30:16Z INFO [3512/3744] adec9d9f-8ecf-40b0-985b-248d67852eb6: 17 internal nodes; 0.7 s; peak memory 1150 MiB.
2026-10-09T00:30:17Z INFO [3513/3744] aded9046-b311-49e6-950c-50a5d600bae0: 27 internal nodes; 0.7 s; peak memory 1150 MiB.
2026-10-09T00:30:18Z INFO [3514/3744] adee6283-78fa-4bae-9b19-5b4a4c7c6939: 36 internal nodes; 1.2 s; peak memory 1150 MiB.
2026-10-09T00:30:19Z INFO [3515/3744] adee83fa-f715-4068-a789-6071f4d1c6e7: 27 internal nodes; 0.6 s; peak memory 1150 MiB.
2026-10-09T00:30:19Z INFO [3516/3744] adee8648-9095-4288-b09f-0037e76c1113: 19 internal nodes; 0.7 s; peak memory 1150 MiB.
2026-10-09T00:30:20Z INFO [3517/3744] adef165a-5055-4fb8-ba0d-91518dc310b1: 60 internal nodes; 1.0 s; peak memory 1150 MiB.
2026-10-09T00:30:21Z INFO [3518/3744] adf038bc-7f90-4774-9d03-cd983115d676: 17 internal nodes; 0.6 s; peak memory 1150 MiB.
2026-10-09T00:30:22Z INFO [3519/3744] adf05b12-ae09-4671-9604-f2e27f31e6a4: 38 internal nodes; 1.0 s; peak memory 1150 MiB.
2026-10-09T00:30:23Z INFO [3520/3744] adf061ba-c8bb-48cf-9d1e-2f39c3bf3f9f: 30 internal nodes; 1.2 s; peak memory 1150 MiB.
2026-10-09T00:30:24Z INFO [3521/3744] adf06a8b-c9da-4ef6-8eea-ea6ef5e5e546: 17 internal nodes; 0.6 s; peak memory 1150 MiB.
2026-10-09T00:30:25Z INFO [3522/3744] adf1c569-c2e9-49af-ae95-474016c0fe5c: 61 internal nodes; 1.3 s; peak memory 1150 MiB.
2026-10-09T00:30:25Z INFO [3523/3744] adf254ea-0523-42ef-bce4-47da4e63def6: 15 internal nodes; 0.6 s; peak memory 1150 MiB.
2026-10-09T00:30:26Z INFO [3524/3744] adf267f1-7c4e-4703-ac13-ddb02328d328: 62 internal nodes; 0.9 s; peak memory 1150 MiB.
2026-10-09T00:30:34Z INFO [3525/3744] adf29166-da6d-44d9-b9e1-5b8d446ddc25: 70 internal nodes; 7.5 s; peak memory 1150 MiB.
2026-10-09T00:30:35Z INFO [3526/3744] adf35a75-a639-49d4-8583-f8d2fc769e53: 17 internal nodes; 0.7 s; peak memory 1150 MiB.
2026-10-09T00:30:36Z INFO [3527/3744] adf426a6-1eeb-4fcb-b036-84a01e188121: 30 internal nodes; 1.1 s; peak memory 1150 MiB.
2026-10-09T00:30:40Z INFO [3528/3744] adf4a67a-dfa9-461a-8b78-f87e4ef0dd28: 219 internal nodes; 4.5 s; peak memory 1150 MiB.
2026-10-09T00:30:41Z INFO [3529/3744] adf4cbff-7db9-481c-8311-d45cd5bd9263: 27 internal nodes; 1.0 s; peak memory 1150 MiB.
2026-10-09T00:30:42Z INFO [3530/3744] adf52b8c-5370-44da-8d74-dd9ad8b716c2: 31 internal nodes; 1.2 s; peak memory 1150 MiB.
2026-10-09T00:30:47Z INFO [3531/3744] adf71874-4bcd-4aa5-bd50-fd7871088a1b: 61 internal nodes; 4.4 s; peak memory 1150 MiB.
2026-10-09T00:30:48Z INFO [3532/3744] adf77f0e-a24c-4800-8b6b-1062eaa6a92e: 21 internal nodes; 1.0 s; peak memory 1150 MiB.
2026-10-09T00:30:49Z INFO [3533/3744] adf800b6-774b-4089-b35b-697108db363a: 36 internal nodes; 1.7 s; peak memory 1150 MiB.
2026-10-09T00:30:50Z INFO [3534/3744] adf85308-222c-4dac-a9f8-049e067da341: 27 internal nodes; 0.9 s; peak memory 1150 MiB.
2026-10-09T00:30:51Z INFO [3535/3744] adf96798-fea8-414d-8452-19f080310dfd: 58 internal nodes; 1.1 s; peak memory 1150 MiB.
2026-10-09T00:30:58Z INFO [3536/3744] adf98d72-0c14-46a8-b229-4f07ee50e46d: 70 internal nodes; 6.9 s; peak memory 1150 MiB.
2026-10-09T00:30:59Z INFO [3537/3744] adfac351-29bc-4834-acd9-3f7378c69562: 17 internal nodes; 0.7 s; peak memory 1150 MiB.
2026-10-09T00:31:00Z INFO [3538/3744] adfb9efa-53ae-4c43-af4d-cfa95b345494: 19 internal nodes; 0.7 s; peak memory 1150 MiB.
2026-10-09T00:31:11Z INFO [3539/3744] adfc0e3e-2683-4bdf-8320-eb3ff67c800f: 351 internal nodes; 11.0 s; peak memory 1150 MiB.
2026-10-09T00:31:11Z INFO [3540/3744] adfc37bb-1dcd-4c85-81c9-c5834439eab2: 27 internal nodes; 0.7 s; peak memory 1150 MiB.
2026-10-09T00:31:12Z INFO [3541/3744] adfc5ada-86d8-41fc-be9a-3c9977ef74e5: 29 internal nodes; 0.9 s; peak memory 1150 MiB.
2026-10-09T00:31:13Z INFO [3542/3744] adfc9532-e134-490f-8cec-f3e061c9c09d: 17 internal nodes; 0.8 s; peak memory 1150 MiB.
2026-10-09T00:31:14Z INFO [3543/3744] adfce24c-a76e-434d-974b-30f5673f5373: 17 internal nodes; 0.7 s; peak memory 1150 MiB.
2026-10-09T00:31:15Z INFO [3544/3744] adfcf500-cc8f-47da-83b8-e55f7dc65eeb: 29 internal nodes; 0.7 s; peak memory 1150 MiB.
2026-10-09T00:31:15Z INFO [3545/3744] adfdf8cd-7b3b-4847-ad19-e0203a174a57: 31 internal nodes; 0.7 s; peak memory 1150 MiB.
2026-10-09T00:31:21Z INFO [3546/3744] adff52d1-5b69-4447-bbcc-4a7db52778e7: 145 internal nodes; 5.6 s; peak memory 1150 MiB.
2026-10-09T00:31:22Z INFO [3547/3744] ae002c71-254f-447c-9f8a-9cc258b16635: 17 internal nodes; 0.7 s; peak memory 1150 MiB.
2026-10-09T00:31:23Z INFO [3548/3744] ae003917-fa4c-4394-97ea-bf38931e459a: 24 internal nodes; 0.9 s; peak memory 1150 MiB.
2026-10-09T00:31:23Z INFO [3549/3744] ae00b0a9-eafe-46c7-a8f7-8e66139630ba: 17 internal nodes; 0.7 s; peak memory 1150 MiB.
2026-10-09T00:31:25Z INFO [3550/3744] ae0146e3-1395-4ccd-9caa-1de898f83174: 52 internal nodes; 1.3 s; peak memory 1150 MiB.
2026-10-09T00:31:25Z INFO [3550/3744] ae0146e3-1395-4ccd-9caa-1de898f83174: checkpointed 130619 new records.
2026-10-09T00:31:32Z INFO [3551/3744] ae018431-2d3e-477e-bed2-1625f17b9207: 238 internal nodes; 7.4 s; peak memory 1150 MiB.
2026-10-09T00:31:33Z INFO [3552/3744] ae02412f-21b1-4044-9466-e1137f654c9c: 27 internal nodes; 0.8 s; peak memory 1150 MiB.
2026-10-09T00:31:34Z INFO [3553/3744] ae0245b6-3988-40ac-847c-3bb5e9df83f6: 17 internal nodes; 0.9 s; peak memory 1150 MiB.
2026-10-09T00:31:36Z INFO [3554/3744] ae025b81-2318-47ca-9365-5df811ecef59: 46 internal nodes; 2.2 s; peak memory 1150 MiB.
2026-10-09T00:31:37Z INFO [3555/3744] ae0281ae-42fc-4a98-8084-1fce8b9df7cb: 17 internal nodes; 0.8 s; peak memory 1150 MiB.
2026-10-09T00:31:41Z INFO [3556/3744] ae02ae49-4681-4390-8066-3c54050fdbf4: 73 internal nodes; 3.6 s; peak memory 1150 MiB.
2026-10-09T00:31:42Z INFO [3557/3744] ae02fc92-486d-47c3-9e34-eda8ade26299: 18 internal nodes; 0.9 s; peak memory 1150 MiB.
2026-10-09T00:31:43Z INFO [3558/3744] ae03dfaa-51f8-4a1c-9202-330351db0663: 69 internal nodes; 1.2 s; peak memory 1150 MiB.
2026-10-09T00:31:43Z INFO [3559/3744] ae03f632-8bfa-4bf5-beba-0feab2eb5a67: 17 internal nodes; 0.7 s; peak memory 1150 MiB.
2026-10-09T00:31:44Z INFO [3560/3744] ae045917-d82c-4e71-989f-ff677d04b99a: 17 internal nodes; 0.6 s; peak memory 1150 MiB.
2026-10-09T00:31:45Z INFO [3561/3744] ae04f775-c16b-4ac4-9368-ac1750cc8347: 55 internal nodes; 0.9 s; peak memory 1150 MiB.
2026-10-09T00:31:46Z INFO [3562/3744] ae063d9a-5125-4a43-b8ae-83046cd27f65: 27 internal nodes; 0.8 s; peak memory 1150 MiB.
2026-10-09T00:31:46Z INFO [3563/3744] ae066d6c-56a5-498a-b49a-9bc015c781e0: 11 internal nodes; 0.4 s; peak memory 1150 MiB.
2026-10-09T00:31:48Z INFO [3564/3744] ae07b8fc-2f90-4958-8f38-0b76578e6e56: 53 internal nodes; 1.3 s; peak memory 1150 MiB.
2026-10-09T00:31:49Z INFO [3565/3744] ae08431c-0602-4fe9-9d87-82b0adac7ff1: 37 internal nodes; 1.3 s; peak memory 1150 MiB.
2026-10-09T00:31:50Z INFO [3566/3744] ae08e235-de61-4330-9c38-1f460a3a56b0: 29 internal nodes; 1.1 s; peak memory 1150 MiB.
2026-10-09T00:31:51Z INFO [3567/3744] ae0944f8-b0a2-4f10-9570-164dbd7d4a14: 39 internal nodes; 1.3 s; peak memory 1150 MiB.
2026-10-09T00:31:53Z INFO [3568/3744] ae0a404f-2342-49c6-bdc7-1fe2c72897dd: 13 internal nodes; 1.4 s; peak memory 1150 MiB.
2026-10-09T00:31:54Z INFO [3569/3744] ae0a66f8-ccab-4fa9-a21d-077a89080a7d: 36 internal nodes; 1.9 s; peak memory 1150 MiB.
2026-10-09T00:31:59Z INFO [3570/3744] ae0aac1f-842f-4a84-828e-e7bdf4e21adf: 195 internal nodes; 4.8 s; peak memory 1150 MiB.
2026-10-09T00:32:08Z INFO [3571/3744] ae0afa90-f1d6-4331-abe0-98bcfe0d6922: 70 internal nodes; 9.0 s; peak memory 1150 MiB.
2026-10-09T00:32:12Z INFO [3572/3744] ae0b0120-7065-4153-9b31-5045f89a548f: 73 internal nodes; 3.5 s; peak memory 1150 MiB.
2026-10-09T00:32:12Z INFO [3573/3744] ae0b055a-f667-48d7-97aa-48df61fbdaed: 23 internal nodes; 0.6 s; peak memory 1150 MiB.
2026-10-09T00:32:13Z INFO [3574/3744] ae0b1784-1bb0-442b-95dd-91ca389a56ef: 67 internal nodes; 1.1 s; peak memory 1150 MiB.
2026-10-09T00:32:17Z INFO [3575/3744] ae0bba6f-d414-429b-9eba-4855c5bdff10: 162 internal nodes; 3.3 s; peak memory 1150 MiB.
2026-10-09T00:32:17Z INFO [3576/3744] ae0bdf53-8da9-4877-a04c-f869984f8ce9: 18 internal nodes; 0.5 s; peak memory 1150 MiB.
2026-10-09T00:32:18Z INFO [3577/3744] ae0bf3e2-c2fe-4425-b551-ac956f5c338b: 13 internal nodes; 0.8 s; peak memory 1150 MiB.
2026-10-09T00:32:19Z INFO [3578/3744] ae0c7001-c264-4223-8890-0226bf969d73: 17 internal nodes; 0.9 s; peak memory 1150 MiB.
2026-10-09T00:32:22Z INFO [3579/3744] ae0d22a9-f749-45b3-94c1-9e32fc17fdd8: 73 internal nodes; 3.1 s; peak memory 1150 MiB.
2026-10-09T00:32:23Z INFO [3580/3744] ae0e4ad6-91b0-43ec-9dff-a0e4605e39e4: 18 internal nodes; 0.9 s; peak memory 1150 MiB.
2026-10-09T00:32:24Z INFO [3581/3744] ae0e9add-c550-4afe-9aaf-018e32b5c373: 44 internal nodes; 1.3 s; peak memory 1150 MiB.
2026-10-09T00:32:31Z INFO [3582/3744] ae0f1558-1fa1-4184-8a6d-78771c0b4368: 50 internal nodes; 6.8 s; peak memory 1150 MiB.
2026-10-09T00:32:34Z INFO [3583/3744] ae0f1c23-c699-4c13-b35a-1d103db27a4d: 177 internal nodes; 3.0 s; peak memory 1150 MiB.
2026-10-09T00:32:35Z INFO [3584/3744] ae0f1f5f-e620-46d2-ba0d-42a9aaca450b: 122 internal nodes; 1.3 s; peak memory 1150 MiB.
2026-10-09T00:32:36Z INFO [3585/3744] ae0f5b64-d834-4af5-a180-995abe016591: 29 internal nodes; 1.0 s; peak memory 1150 MiB.
2026-10-09T00:32:37Z INFO [3586/3744] ae0fcad4-4bcc-43bc-bac7-57bc88e66ecd: 18 internal nodes; 0.7 s; peak memory 1150 MiB.
2026-10-09T00:32:38Z INFO [3587/3744] ae1020fe-6074-4d11-806f-832a1e2de038: 27 internal nodes; 0.7 s; peak memory 1150 MiB.
2026-10-09T00:32:39Z INFO [3588/3744] ae107b80-a8f4-41df-a72d-fa6058ba69cd: 31 internal nodes; 1.0 s; peak memory 1150 MiB.
2026-10-09T00:32:40Z INFO [3589/3744] ae10e7cb-0844-4b4e-a0b9-c401596fa0ff: 17 internal nodes; 0.8 s; peak memory 1150 MiB.
2026-10-09T00:32:40Z INFO [3590/3744] ae113fb3-2eee-4ba5-b355-b3613cec5f15: 17 internal nodes; 0.8 s; peak memory 1150 MiB.
2026-10-09T00:32:46Z INFO [3591/3744] ae11494a-d304-48c9-8fcb-804a373b59a6: 73 internal nodes; 5.2 s; peak memory 1150 MiB.
2026-10-09T00:32:46Z INFO [3592/3744] ae116611-e4df-4ff1-996e-759f664a839a: 17 internal nodes; 0.9 s; peak memory 1150 MiB.
2026-10-09T00:32:47Z INFO [3593/3744] ae11f0a3-a4ac-47f5-bd11-f887eeb94ebb: 17 internal nodes; 0.8 s; peak memory 1150 MiB.
2026-10-09T00:32:48Z INFO [3594/3744] ae123189-90f4-48e9-a925-e43dbb4cb358: 58 internal nodes; 0.8 s; peak memory 1150 MiB.
2026-10-09T00:32:49Z INFO [3595/3744] ae12d889-c8da-44f4-a8b5-ab3bce3d5e1e: 27 internal nodes; 0.9 s; peak memory 1150 MiB.
2026-10-09T00:32:50Z INFO [3596/3744] ae131358-dc83-4e85-b730-6966aa6650ca: 24 internal nodes; 0.9 s; peak memory 1150 MiB.
2026-10-09T00:32:53Z INFO [3597/3744] ae139bd0-43c4-4290-9925-e4402facdcf9: 70 internal nodes; 3.7 s; peak memory 1150 MiB.
2026-10-09T00:32:54Z INFO [3598/3744] ae140096-5a8a-4c26-abb0-2b39cde00905: 22 internal nodes; 0.8 s; peak memory 1150 MiB.
2026-10-09T00:32:55Z INFO [3599/3744] ae140183-e1aa-496d-afb8-8f29b809f146: 26 internal nodes; 0.7 s; peak memory 1150 MiB.
2026-10-09T00:32:56Z INFO [3600/3744] ae1473ae-ef54-436d-b6bd-393f21986c6b: 25 internal nodes; 0.7 s; peak memory 1150 MiB.
2026-10-09T00:32:56Z INFO [3600/3744] ae1473ae-ef54-436d-b6bd-393f21986c6b: checkpointed 130669 new records.
2026-10-09T00:32:57Z INFO [3601/3744] ae149e73-5ee9-4086-a2fb-a341ab1740ab: 115 internal nodes; 0.9 s; peak memory 1150 MiB.
2026-10-09T00:33:00Z INFO [3602/3744] ae14a051-76db-475f-a33d-a80af2f88f92: 147 internal nodes; 3.6 s; peak memory 1150 MiB.
2026-10-09T00:33:01Z INFO [3603/3744] ae155e9c-d9a6-4146-b2a5-80ef958485fc: 27 internal nodes; 0.7 s; peak memory 1150 MiB.
2026-10-09T00:33:18Z INFO [3604/3744] ae156cc7-b9a5-4d21-8eea-32433e904e39: 235 internal nodes; 16.3 s; peak memory 1150 MiB.
2026-10-09T00:33:18Z INFO [3605/3744] ae158531-98f7-486b-aee9-7447038587dc: 28 internal nodes; 0.6 s; peak memory 1150 MiB.
2026-10-09T00:33:19Z INFO [3606/3744] ae161529-6e4f-4cb4-b10d-d57013153fc9: 119 internal nodes; 0.9 s; peak memory 1150 MiB.
2026-10-09T00:33:20Z INFO [3607/3744] ae161fe4-061b-486a-9cb1-6be4c60c0344: 15 internal nodes; 0.6 s; peak memory 1150 MiB.
2026-10-09T00:33:28Z INFO [3608/3744] ae1711f2-6804-4daf-a324-cfa083b5de21: 206 internal nodes; 8.4 s; peak memory 1150 MiB.
2026-10-09T00:33:30Z INFO [3609/3744] ae17da00-720f-4d15-a707-b9aa907623d2: 56 internal nodes; 2.3 s; peak memory 1150 MiB.
2026-10-09T00:33:31Z INFO [3610/3744] ae17ec65-cffb-4989-b004-eef06a65c580: 27 internal nodes; 1.1 s; peak memory 1150 MiB.
2026-10-09T00:33:33Z INFO [3611/3744] ae18adfe-1d4e-41b1-9318-894e76642eb8: 30 internal nodes; 1.8 s; peak memory 1150 MiB.
2026-10-09T00:33:34Z INFO [3612/3744] ae18b17e-cef9-4503-8e6e-6d454df82704: 31 internal nodes; 0.8 s; peak memory 1150 MiB.
2026-10-09T00:33:35Z INFO [3613/3744] ae1a0602-e319-4fe2-982e-acaabc1cabaa: 26 internal nodes; 1.2 s; peak memory 1150 MiB.
2026-10-09T00:33:35Z INFO [3614/3744] ae1b0768-9733-4362-8494-c995d5bb3620: 27 internal nodes; 0.5 s; peak memory 1150 MiB.
2026-10-09T00:33:58Z INFO [3615/3744] ae1b7f05-a17c-4270-89a6-e791eb4f3a92: 3639 internal nodes; 22.3 s; peak memory 1150 MiB.
2026-10-09T00:33:59Z INFO [3616/3744] ae1b88ac-a7ef-4332-b0b6-fb362d7ef0ee: 25 internal nodes; 0.8 s; peak memory 1150 MiB.
2026-10-09T00:33:59Z INFO [3617/3744] ae1bf98a-c407-4740-b616-da89ffa2cbdd: 21 internal nodes; 0.5 s; peak memory 1150 MiB.
2026-10-09T00:34:01Z INFO [3618/3744] ae1c16b8-87a8-4a45-b0c3-44dcbb6e1add: 31 internal nodes; 1.5 s; peak memory 1150 MiB.
2026-10-09T00:34:02Z INFO [3619/3744] ae1d41bc-99b6-4b47-9bef-220aeb928c4a: 27 internal nodes; 1.0 s; peak memory 1150 MiB.
2026-10-09T00:34:02Z INFO [3620/3744] ae1e0082-05ba-4019-87d1-6b8238fbbfc3: 17 internal nodes; 0.7 s; peak memory 1150 MiB.
2026-10-09T00:34:04Z INFO [3621/3744] ae1f0726-7d9d-4806-9fb7-dc9a35651e0d: 61 internal nodes; 1.2 s; peak memory 1150 MiB.
2026-10-09T00:34:08Z INFO [3622/3744] ae1fc9f0-ef6c-4504-860a-e48433da80f0: 237 internal nodes; 4.5 s; peak memory 1150 MiB.
2026-10-09T00:34:09Z INFO [3623/3744] ae1fe39a-e41e-4a58-a80a-be9af4f5c0df: 31 internal nodes; 0.9 s; peak memory 1150 MiB.
2026-10-09T00:34:10Z INFO [3624/3744] ae201abd-3240-4851-ac83-09324986dc16: 27 internal nodes; 0.7 s; peak memory 1150 MiB.
2026-10-09T00:34:10Z INFO [3625/3744] ae211b60-b29b-4621-9c04-6bd658114f4f: 17 internal nodes; 0.7 s; peak memory 1150 MiB.
2026-10-09T00:34:11Z INFO [3626/3744] ae216ea8-1c35-485e-a314-edac0b038b0b: 17 internal nodes; 0.7 s; peak memory 1150 MiB.
2026-10-09T00:34:12Z INFO [3627/3744] ae21d0c5-8823-49a8-af03-e558349dc958: 31 internal nodes; 0.8 s; peak memory 1150 MiB.
2026-10-09T00:34:17Z INFO [3628/3744] ae2281b3-f712-4011-b5ca-fc1a3db5a0e9: 166 internal nodes; 5.5 s; peak memory 1150 MiB.
2026-10-09T00:34:19Z INFO [3629/3744] ae22a18d-e76b-4cb3-817e-19dc10282a91: 31 internal nodes; 1.2 s; peak memory 1150 MiB.
2026-10-09T00:34:19Z INFO [3630/3744] ae22f83b-d9b7-4858-bd25-e72d2b5a41a8: 13 internal nodes; 0.8 s; peak memory 1150 MiB.
2026-10-09T00:34:21Z INFO [3631/3744] ae2332f3-0860-446f-9d69-f0af965c5b18: 44 internal nodes; 1.7 s; peak memory 1150 MiB.
2026-10-09T00:34:22Z INFO [3632/3744] ae24acfc-7afa-490f-8ebc-e8864e7d6afb: 31 internal nodes; 1.4 s; peak memory 1150 MiB.
2026-10-09T00:34:23Z INFO [3633/3744] ae24d421-fa40-49a8-b928-fbe0ea0e8f8c: 19 internal nodes; 0.7 s; peak memory 1150 MiB.
2026-10-09T00:34:24Z INFO [3634/3744] ae25df88-485f-452a-b8d1-7d230a7bd43f: 59 internal nodes; 1.3 s; peak memory 1150 MiB.
2026-10-09T00:34:26Z INFO [3635/3744] ae273bd4-e85e-45a1-afb7-a55437a8256d: 31 internal nodes; 1.2 s; peak memory 1150 MiB.
2026-10-09T00:34:26Z INFO [3636/3744] ae277873-e5be-4afe-b31c-e0c5e3209d41: 29 internal nodes; 0.8 s; peak memory 1150 MiB.
2026-10-09T00:34:27Z INFO [3637/3744] ae27d257-9ce4-4050-a739-c74b734e3de8: 17 internal nodes; 0.8 s; peak memory 1150 MiB.
2026-10-09T00:34:28Z INFO [3638/3744] ae28b61f-7b5a-4114-a0c7-c230c77d0670: 23 internal nodes; 0.7 s; peak memory 1150 MiB.
2026-10-09T00:34:29Z INFO [3639/3744] ae297374-5cd1-4601-92ea-389bb92ae040: 17 internal nodes; 0.7 s; peak memory 1150 MiB.
2026-10-09T00:34:40Z INFO [3640/3744] ae29b18a-0373-40bc-b540-dc98c1beaaea: 347 internal nodes; 11.0 s; peak memory 1150 MiB.
2026-10-09T00:34:41Z INFO [3641/3744] ae29eefe-50b8-4c4b-aadd-d80f408ffc8a: 67 internal nodes; 1.2 s; peak memory 1150 MiB.
2026-10-09T00:34:42Z INFO [3642/3744] ae2c38d5-d5ea-4019-9f1a-e062abbccbac: 17 internal nodes; 0.7 s; peak memory 1150 MiB.
2026-10-09T00:34:42Z INFO [3643/3744] ae2c9ece-1329-4d44-bb10-ac0674c2e0e8: 22 internal nodes; 0.5 s; peak memory 1150 MiB.
2026-10-09T00:34:47Z INFO [3644/3744] ae2d1a6a-0a7f-49ee-b0cc-d8e81612bab6: 213 internal nodes; 4.6 s; peak memory 1150 MiB.
2026-10-09T00:34:48Z INFO [3645/3744] ae2e79f6-23ae-4624-a970-e8a2af900017: 25 internal nodes; 1.0 s; peak memory 1150 MiB.
2026-10-09T00:34:48Z INFO [3646/3744] ae2f1340-1caa-4f66-8918-4f346f33eb60: 17 internal nodes; 0.7 s; peak memory 1150 MiB.
2026-10-09T00:34:49Z INFO [3647/3744] ae2fb085-0f99-48d2-8c91-d5480d32d32d: 31 internal nodes; 0.7 s; peak memory 1150 MiB.
2026-10-09T00:34:50Z INFO [3648/3744] ae2ff6af-b846-4240-996f-b10e2ed4241b: 28 internal nodes; 0.9 s; peak memory 1150 MiB.
2026-10-09T00:34:54Z INFO [3649/3744] ae304034-f16f-4fb5-9b89-7efc5b2dedae: 121 internal nodes; 3.9 s; peak memory 1150 MiB.
2026-10-09T00:34:55Z INFO [3650/3744] ae30b66e-58c7-4868-8a7a-653434937356: 29 internal nodes; 1.1 s; peak memory 1150 MiB.
2026-10-09T00:34:55Z INFO [3650/3744] ae30b66e-58c7-4868-8a7a-653434937356: checkpointed 130719 new records.
2026-10-09T00:34:56Z INFO [3651/3744] ae31176e-cd6b-4151-8373-956c00eb9772: 17 internal nodes; 0.8 s; peak memory 1150 MiB.
2026-10-09T00:34:57Z INFO [3652/3744] ae31c476-35d2-4ac2-ab87-2fc034750211: 25 internal nodes; 0.9 s; peak memory 1150 MiB.
2026-10-09T00:35:04Z INFO [3653/3744] ae3208e4-a4cb-4470-9863-3a4ea538ead0: 63 internal nodes; 6.7 s; peak memory 1150 MiB.
2026-10-09T00:35:09Z INFO [3654/3744] ae322d3a-0ed8-4cf1-bcd3-9f0e568b9fbd: 182 internal nodes; 5.5 s; peak memory 1150 MiB.
2026-10-09T00:35:10Z INFO [3655/3744] ae337c36-b295-4331-b7e1-f67857cd5a47: 18 internal nodes; 0.5 s; peak memory 1150 MiB.
2026-10-09T00:35:14Z INFO [3656/3744] ae337fbb-4a8e-43c1-8175-cc8ac0780033: 41 internal nodes; 4.5 s; peak memory 1150 MiB.
2026-10-09T00:35:15Z INFO [3657/3744] ae33c66e-7e58-4b20-b7ea-f7e69a6ba497: 11 internal nodes; 0.5 s; peak memory 1150 MiB.
2026-10-09T00:35:16Z INFO [3658/3744] ae33d0a9-e5e1-442b-8491-752ea29f0c12: 90 internal nodes; 0.7 s; peak memory 1150 MiB.
2026-10-09T00:35:17Z INFO [3659/3744] ae344136-3cc0-4737-8c90-0518d3c2c9e7: 44 internal nodes; 1.4 s; peak memory 1150 MiB.
2026-10-09T00:35:17Z INFO [3660/3744] ae3448dc-3665-4566-8654-e9e19590333e: 13 internal nodes; 0.6 s; peak memory 1150 MiB.
2026-10-09T00:35:19Z INFO [3661/3744] ae350193-d246-416c-b9c2-c3f3d63608d6: 31 internal nodes; 1.3 s; peak memory 1150 MiB.
2026-10-09T00:35:20Z INFO [3662/3744] ae35b79c-fb11-4aee-9747-8150751581a5: 17 internal nodes; 0.8 s; peak memory 1150 MiB.
2026-10-09T00:35:21Z INFO [3663/3744] ae35e3a2-373f-4b8c-a3cb-ce6af2a45603: 56 internal nodes; 1.3 s; peak memory 1150 MiB.
2026-10-09T00:35:22Z INFO [3664/3744] ae36034b-73fa-4da8-8d00-7db0ec99a99e: 16 internal nodes; 0.6 s; peak memory 1150 MiB.
2026-10-09T00:35:23Z INFO [3665/3744] ae37dfdf-3fd9-4fb6-ac49-a168763423c0: 27 internal nodes; 1.0 s; peak memory 1150 MiB.
2026-10-09T00:35:23Z INFO [3666/3744] ae38a4d6-2aa8-47a6-8a77-869ecfe91672: 29 internal nodes; 0.7 s; peak memory 1150 MiB.
2026-10-09T00:35:24Z INFO [3667/3744] ae38d9fa-e541-4a39-84c8-1283917b4c47: 23 internal nodes; 0.7 s; peak memory 1150 MiB.
2026-10-09T00:35:33Z INFO [3668/3744] ae394293-88f2-4254-b522-851aea80d8fc: 74 internal nodes; 9.4 s; peak memory 1150 MiB.
2026-10-09T00:35:34Z INFO [3669/3744] ae39a86a-db11-41c1-a2a2-b572761bb859: 27 internal nodes; 0.8 s; peak memory 1150 MiB.
2026-10-09T00:35:35Z INFO [3670/3744] ae39cc8b-a6c9-4b2d-a5d5-ea4206b0043a: 27 internal nodes; 1.0 s; peak memory 1150 MiB.
2026-10-09T00:35:36Z INFO [3671/3744] ae3a2334-cb10-4d06-a645-b0bcd2b5930b: 23 internal nodes; 1.0 s; peak memory 1150 MiB.
2026-10-09T00:35:38Z INFO [3672/3744] ae3a8161-1f60-40b3-9a88-dff2067fd761: 25 internal nodes; 1.6 s; peak memory 1150 MiB.
2026-10-09T00:35:39Z INFO [3673/3744] ae3acd0d-ce05-4e03-affc-a8ceff3c8387: 31 internal nodes; 1.1 s; peak memory 1150 MiB.
2026-10-09T00:35:40Z INFO [3674/3744] ae3b2c8c-2f74-4316-bb9e-5a7a60eef4ef: 31 internal nodes; 1.1 s; peak memory 1150 MiB.
2026-10-09T00:35:44Z INFO [3675/3744] ae3b60ce-aca0-4b2f-aaf8-e48742efd5e2: 120 internal nodes; 4.3 s; peak memory 1150 MiB.
2026-10-09T00:35:45Z INFO [3676/3744] ae3ce276-809a-4cdf-8140-6d99d7193520: 19 internal nodes; 0.8 s; peak memory 1150 MiB.
2026-10-09T00:35:46Z INFO [3677/3744] ae3ce454-77f4-4fe3-bf5a-55946ce2ca16: 39 internal nodes; 1.3 s; peak memory 1150 MiB.
2026-10-09T00:35:47Z INFO [3678/3744] ae3d5faa-fc87-46d2-b00f-5df56d7e2bb9: 27 internal nodes; 1.0 s; peak memory 1150 MiB.
2026-10-09T00:35:51Z INFO [3679/3744] ae3dee0f-721f-4f38-a7e8-2832dd8b825d: 115 internal nodes; 3.5 s; peak memory 1150 MiB.
2026-10-09T00:35:54Z INFO [3680/3744] ae3ea3c3-fb3f-414c-aabe-f77ef8d6d3b2: 101 internal nodes; 2.8 s; peak memory 1150 MiB.
2026-10-09T00:35:54Z INFO [3681/3744] ae3ed550-4180-4587-8d53-4a83eab16a62: 17 internal nodes; 0.7 s; peak memory 1150 MiB.
2026-10-09T00:35:55Z INFO [3682/3744] ae3f2f47-df27-42ca-b054-95df62126b2a: 29 internal nodes; 1.2 s; peak memory 1150 MiB.
2026-10-09T00:35:56Z INFO [3683/3744] ae3f3348-c31c-417a-8130-ae1e24b9b5ec: 25 internal nodes; 0.6 s; peak memory 1150 MiB.
2026-10-09T00:36:09Z INFO [3684/3744] ae3f828f-b0ff-4a1b-acfb-92c3877c7568: 570 internal nodes; 12.7 s; peak memory 1150 MiB.
2026-10-09T00:36:10Z INFO [3685/3744] ae401676-f7e0-47f6-ba55-95329493fa2c: 30 internal nodes; 1.6 s; peak memory 1150 MiB.
2026-10-09T00:36:15Z INFO [3686/3744] ae404f70-6bde-4462-8e96-b3c9eeab7d1b: 41 internal nodes; 4.7 s; peak memory 1150 MiB.
2026-10-09T00:36:19Z INFO [3687/3744] ae40e64f-15b1-46f0-850f-1a621f1a0c89: 177 internal nodes; 4.4 s; peak memory 1150 MiB.
2026-10-09T00:36:20Z INFO [3688/3744] ae41f036-6a9b-4ca0-9364-d561ff7745f7: 18 internal nodes; 0.6 s; peak memory 1150 MiB.
2026-10-09T00:36:21Z INFO [3689/3744] ae41fb53-3a41-4275-94a3-14986f36ac7e: 17 internal nodes; 0.6 s; peak memory 1150 MiB.
2026-10-09T00:36:23Z INFO [3690/3744] ae426cf7-4d16-4abe-91a5-8be881913982: 44 internal nodes; 2.0 s; peak memory 1150 MiB.
2026-10-09T00:36:24Z INFO [3691/3744] ae426e7c-1c13-48ce-bba2-f63bf302b64b: 31 internal nodes; 1.0 s; peak memory 1150 MiB.
2026-10-09T00:36:24Z INFO [3692/3744] ae430bf9-01fb-4b78-a935-ebb97af37a04: 27 internal nodes; 0.6 s; peak memory 1150 MiB.
2026-10-09T00:36:25Z INFO [3693/3744] ae45a38b-319a-4655-80b9-4a350e4ac3e6: 17 internal nodes; 0.5 s; peak memory 1150 MiB.
2026-10-09T00:36:34Z INFO [3694/3744] ae46bb9c-760b-4baf-ae5f-2d3583f63778: 187 internal nodes; 9.2 s; peak memory 1150 MiB.
2026-10-09T00:36:35Z INFO [3695/3744] ae46de02-6c37-42a7-920d-c0f2f485fbf9: 17 internal nodes; 0.7 s; peak memory 1150 MiB.
2026-10-09T00:36:36Z INFO [3696/3744] ae47a45b-7adc-4c8d-b14b-fff8f49cf5da: 27 internal nodes; 1.0 s; peak memory 1150 MiB.
2026-10-09T00:36:37Z INFO [3697/3744] ae47fb59-9d91-4158-87de-0f81092eead6: 36 internal nodes; 1.6 s; peak memory 1150 MiB.
2026-10-09T00:36:39Z INFO [3698/3744] ae485755-5e9d-43ff-b3d8-310b44e800bc: 63 internal nodes; 1.5 s; peak memory 1150 MiB.
2026-10-09T00:36:40Z INFO [3699/3744] ae4970b9-908c-4004-b27c-f45aae1c594e: 27 internal nodes; 0.8 s; peak memory 1150 MiB.
2026-10-09T00:36:41Z INFO [3700/3744] ae49c51f-1ee4-41b2-8872-76e456e3ffb2: 44 internal nodes; 1.8 s; peak memory 1150 MiB.
2026-10-09T00:36:42Z INFO [3700/3744] ae49c51f-1ee4-41b2-8872-76e456e3ffb2: checkpointed 130769 new records.
2026-10-09T00:36:43Z INFO [3701/3744] ae4a7797-8802-48e2-8a08-4043d0b6fcd6: 37 internal nodes; 1.1 s; peak memory 1150 MiB.
2026-10-09T00:36:44Z INFO [3702/3744] ae4af3c6-5dbc-44ba-8836-ae4e61335628: 27 internal nodes; 0.7 s; peak memory 1150 MiB.
2026-10-09T00:36:45Z INFO [3703/3744] ae4b1ab8-c2bd-4e1e-b819-cddedea1d4bf: 44 internal nodes; 1.4 s; peak memory 1150 MiB.
2026-10-09T00:36:46Z INFO [3704/3744] ae4b24bf-7243-4658-bd5b-d5740892a159: 17 internal nodes; 0.8 s; peak memory 1150 MiB.
2026-10-09T00:36:52Z INFO [3705/3744] ae4bcfee-7255-4bcf-aa80-41ef9ff59045: 181 internal nodes; 6.0 s; peak memory 1150 MiB.
2026-10-09T00:36:52Z INFO [3706/3744] ae4bea37-48ed-46ff-a757-b1c1600be286: 11 internal nodes; 0.6 s; peak memory 1150 MiB.
2026-10-09T00:36:57Z INFO [3707/3744] ae4ce664-5c18-4c05-b493-70e2512c0cb9: 55 internal nodes; 4.1 s; peak memory 1150 MiB.
2026-10-09T00:37:01Z INFO [3708/3744] ae4d9214-acd3-4bab-8de9-0e565df5a5aa: 177 internal nodes; 4.7 s; peak memory 1150 MiB.
2026-10-09T00:37:02Z INFO [3709/3744] ae4e6174-7338-4bb1-ae26-0663b1179cef: 31 internal nodes; 0.9 s; peak memory 1150 MiB.
2026-10-09T00:37:03Z INFO [3710/3744] ae4e87c4-127c-44fc-9943-c6db942930d6: 62 internal nodes; 1.3 s; peak memory 1150 MiB.
2026-10-09T00:37:04Z INFO [3711/3744] ae4eaca8-9636-4c02-ab9b-0577c9efd856: 27 internal nodes; 1.0 s; peak memory 1150 MiB.
2026-10-09T00:37:05Z INFO [3712/3744] ae4ebe7b-15ba-4081-9c7f-d40e8cfa8279: 27 internal nodes; 0.8 s; peak memory 1150 MiB.
2026-10-09T00:37:34Z INFO [3713/3744] ae4f13b6-9a5e-4ced-b49a-60dbfac10321: 414 internal nodes; 28.9 s; peak memory 1150 MiB.
2026-10-09T00:37:35Z INFO [3714/3744] ae4f4423-6686-472e-b7d7-cb15b79cd60f: 114 internal nodes; 0.6 s; peak memory 1150 MiB.
2026-10-09T00:37:35Z INFO [3715/3744] ae4f9e80-0744-4ba0-8e5b-dc375168a0da: 17 internal nodes; 0.5 s; peak memory 1150 MiB.
2026-10-09T00:37:36Z INFO [3716/3744] ae501ccc-cb7c-4640-a6a8-65fb675a5b03: 17 internal nodes; 0.8 s; peak memory 1150 MiB.
2026-10-09T00:37:37Z INFO [3717/3744] ae504bb6-e053-4481-8441-8a1b72c23a02: 18 internal nodes; 0.8 s; peak memory 1150 MiB.
2026-10-09T00:37:38Z INFO [3718/3744] ae521106-c832-423d-8eb1-4fab6ff01202: 28 internal nodes; 1.2 s; peak memory 1150 MiB.
2026-10-09T00:37:39Z INFO [3719/3744] ae529751-9613-4145-a221-12e906044eb3: 13 internal nodes; 0.6 s; peak memory 1150 MiB.
2026-10-09T00:37:39Z INFO [3720/3744] ae52ca1f-eedd-4a3f-857a-25fb3f73ff78: 13 internal nodes; 0.9 s; peak memory 1150 MiB.
2026-10-09T00:37:41Z INFO [3721/3744] ae52dda0-fa6d-4d24-b95f-b1dbc1458fe9: 66 internal nodes; 1.4 s; peak memory 1150 MiB.
2026-10-09T00:37:42Z INFO [3722/3744] ae544819-9627-4e3b-ab52-e9783d66ef7e: 116 internal nodes; 1.3 s; peak memory 1150 MiB.
2026-10-09T00:37:43Z INFO [3723/3744] ae5448a5-3fce-46e7-ad8c-98336345f9c7: 27 internal nodes; 0.8 s; peak memory 1150 MiB.
2026-10-09T00:37:45Z INFO [3724/3744] ae546913-7a54-4532-ab76-1f71c334a7e8: 150 internal nodes; 2.0 s; peak memory 1150 MiB.
2026-10-09T00:37:46Z INFO [3725/3744] ae5474a0-3e8a-4acb-9414-53fe3ab5bdba: 91 internal nodes; 1.1 s; peak memory 1150 MiB.
2026-10-09T00:37:47Z INFO [3726/3744] ae548667-962d-4978-becf-da2b4100319d: 39 internal nodes; 1.1 s; peak memory 1150 MiB.
2026-10-09T00:37:50Z INFO [3727/3744] ae55fb4c-9eea-49c9-b2aa-42c9dd964506: 48 internal nodes; 3.2 s; peak memory 1150 MiB.
2026-10-09T00:37:53Z INFO [3728/3744] ae5638d4-29b1-4eb6-9382-c81aabc71f64: 25 internal nodes; 2.6 s; peak memory 1150 MiB.
2026-10-09T00:37:54Z INFO [3729/3744] ae57d805-eab3-4245-aeb3-e99d42c05732: 13 internal nodes; 0.7 s; peak memory 1150 MiB.
2026-10-09T00:37:55Z INFO [3730/3744] ae587f8c-8e75-47ba-b00f-980381525dc6: 31 internal nodes; 1.1 s; peak memory 1150 MiB.
2026-10-09T00:37:59Z INFO [3731/3744] ae58bc73-1f22-4e3d-9205-c37fd0edd42a: 170 internal nodes; 4.5 s; peak memory 1150 MiB.
2026-10-09T00:38:01Z INFO [3732/3744] ae58f5fe-2dff-4a76-ab83-4d555247dd0b: 69 internal nodes; 1.1 s; peak memory 1150 MiB.
2026-10-09T00:38:01Z INFO [3733/3744] ae5979ab-c148-4b9f-862f-c85ce5eef914: 27 internal nodes; 0.8 s; peak memory 1150 MiB.
2026-10-09T00:38:02Z INFO [3734/3744] ae598746-f52c-4113-b5f6-a538c9f542e1: 27 internal nodes; 0.6 s; peak memory 1150 MiB.
2026-10-09T00:38:11Z INFO [3735/3744] ae59b106-9e80-43a5-897e-c3b311573eb4: 36 internal nodes; 8.7 s; peak memory 1150 MiB.
2026-10-09T00:38:12Z INFO [3736/3744] ae5adb5e-4210-4cca-9674-b9af6912d490: 22 internal nodes; 1.1 s; peak memory 1150 MiB.
2026-10-09T00:38:13Z INFO [3737/3744] ae5adb7a-c74f-4952-a874-67b3e79819b8: 29 internal nodes; 1.0 s; peak memory 1150 MiB.
2026-10-09T00:38:14Z INFO [3738/3744] ae5c2e51-fb5e-4aa3-b41e-d31e25edbb01: 17 internal nodes; 1.0 s; peak memory 1150 MiB.
2026-10-09T00:38:14Z INFO [3739/3744] ae5c6a5b-163c-41bd-8cb6-8c04b691e272: 13 internal nodes; 0.4 s; peak memory 1150 MiB.
2026-10-09T00:38:16Z INFO [3740/3744] ae5c83ef-3fb1-48e0-8696-f28daa2a1a49: 44 internal nodes; 1.8 s; peak memory 1150 MiB.
2026-10-09T00:38:18Z INFO [3741/3744] ae5d3595-1d12-4b58-b614-525e3f6b40f6: 72 internal nodes; 1.6 s; peak memory 1150 MiB.
2026-10-09T00:38:23Z INFO [3742/3744] ae5d47ac-d900-49ed-b9a2-b97ec2800364: 61 internal nodes; 5.3 s; peak memory 1150 MiB.
2026-10-09T00:38:24Z INFO [3743/3744] ae5d9172-d3f9-4ccd-9137-efaddb327c9b: 31 internal nodes; 0.8 s; peak memory 1150 MiB.
2026-10-09T00:38:25Z WARNING d73cb2c7-2e04-4c75-ba50-9b634dc8e8fb: failed while reading the NWB file (KeyError: 'Unable to synchronously open object (component not found)')
2026-10-09T00:38:25Z WARNING [3744/3744] d73cb2c7-2e04-4c75-ba50-9b634dc8e8fb: leaving unrecorded for a later run to retry.
2026-10-09T00:38:25Z INFO Wrote 130812 records to /tmp/derivatives/valid_nwb_file_to_out_degrees.jsonl (3699 new, 45 failed) in 126.6 min (peak memory 1150 MiB).
