2026-10-06T01:58:56Z INFO Logging to /tmp/logs/update_2026-10-06T01-58-56Z.log.
2026-10-06T01:58:56Z INFO Update valid-nwb-file-to-out-degrees (base directory /tmp).
2026-10-06T01:58:57Z INFO Processing 1084 items (96413 already recorded).
2026-10-06T01:58:58Z WARNING 024ef50f-ac6f-49ea-806b-93ef4b5e8644: failed while reading the NWB file (KeyError: 'Unable to synchronously open object (component not found)')
2026-10-06T01:58:58Z WARNING [1/1084] 024ef50f-ac6f-49ea-806b-93ef4b5e8644: leaving unrecorded for a later run to retry.
2026-10-06T01:58:59Z WARNING 09073220-fbea-45d2-9a39-2cc61fcdc2a1: failed while reading the NWB file (KeyError: 'Unable to synchronously open object (component not found)')
2026-10-06T01:58:59Z WARNING [2/1084] 09073220-fbea-45d2-9a39-2cc61fcdc2a1: leaving unrecorded for a later run to retry.
2026-10-06T01:59:01Z WARNING 0dec427d-4db4-44c3-988a-c37959ceaff3: failed while reading the NWB file (KeyError: 'Unable to synchronously open object (component not found)')
2026-10-06T01:59:01Z WARNING [3/1084] 0dec427d-4db4-44c3-988a-c37959ceaff3: leaving unrecorded for a later run to retry.
2026-10-06T01:59:02Z WARNING 0f7396ad-67ec-468a-b6a6-5599cb507f54: failed while reading the NWB file (KeyError: 'Unable to synchronously open object (component not found)')
2026-10-06T01:59:02Z WARNING [4/1084] 0f7396ad-67ec-468a-b6a6-5599cb507f54: leaving unrecorded for a later run to retry.
2026-10-06T01:59:03Z WARNING 1066b3ba-83d9-4cb3-bfe3-ecf8539e2334: failed while reading the NWB file (KeyError: 'Unable to synchronously open object (component not found)')
2026-10-06T01:59:03Z WARNING [5/1084] 1066b3ba-83d9-4cb3-bfe3-ecf8539e2334: leaving unrecorded for a later run to retry.
2026-10-06T01:59:04Z WARNING 17a546c4-6425-4c56-a43e-9f9f272d299c: failed while reading the NWB file (KeyError: 'Unable to synchronously open object (component not found)')
2026-10-06T01:59:04Z WARNING [6/1084] 17a546c4-6425-4c56-a43e-9f9f272d299c: leaving unrecorded for a later run to retry.
2026-10-06T01:59:05Z WARNING 19998990-d06f-40db-8d07-c5121b317b6a: failed while reading the NWB file (KeyError: 'Unable to synchronously open object (component not found)')
2026-10-06T01:59:05Z WARNING [7/1084] 19998990-d06f-40db-8d07-c5121b317b6a: leaving unrecorded for a later run to retry.
2026-10-06T01:59:06Z WARNING 1a18ed31-9155-4512-919f-b6875d14b9f3: failed while reading the NWB file (KeyError: 'Unable to synchronously open object (component not found)')
2026-10-06T01:59:06Z WARNING [8/1084] 1a18ed31-9155-4512-919f-b6875d14b9f3: leaving unrecorded for a later run to retry.
2026-10-06T01:59:08Z WARNING 1c2fff6f-f3a7-43fb-b7e2-a33218d41614: failed while reading the NWB file (KeyError: 'Unable to synchronously open object (component not found)')
2026-10-06T01:59:08Z WARNING [9/1084] 1c2fff6f-f3a7-43fb-b7e2-a33218d41614: leaving unrecorded for a later run to retry.
2026-10-06T01:59:09Z WARNING 20b5d243-5a61-4246-a5d5-ac9d9068183d: failed while reading the NWB file (KeyError: 'Unable to synchronously open object (component not found)')
2026-10-06T01:59:09Z WARNING [10/1084] 20b5d243-5a61-4246-a5d5-ac9d9068183d: leaving unrecorded for a later run to retry.
2026-10-06T01:59:10Z WARNING 20e4b649-b593-4ee3-bd02-f0645aad7021: failed while reading the NWB file (KeyError: 'Unable to synchronously open object (component not found)')
2026-10-06T01:59:10Z WARNING [11/1084] 20e4b649-b593-4ee3-bd02-f0645aad7021: leaving unrecorded for a later run to retry.
2026-10-06T01:59:11Z WARNING 2420003b-b350-4a69-b1aa-b27f68179823: failed while reading the NWB file (KeyError: 'Unable to synchronously open object (component not found)')
2026-10-06T01:59:11Z WARNING [12/1084] 2420003b-b350-4a69-b1aa-b27f68179823: leaving unrecorded for a later run to retry.
2026-10-06T01:59:12Z WARNING 2a76c0ae-11ba-4712-bfc9-5a1534c26aeb: failed while reading the NWB file (KeyError: 'Unable to synchronously open object (component not found)')
2026-10-06T01:59:12Z WARNING [13/1084] 2a76c0ae-11ba-4712-bfc9-5a1534c26aeb: leaving unrecorded for a later run to retry.
2026-10-06T01:59:14Z WARNING 319d22c8-6c6e-41bb-9bf9-9c6773d2b2ad: failed while reading the NWB file (KeyError: 'Unable to synchronously open object (component not found)')
2026-10-06T01:59:14Z WARNING [14/1084] 319d22c8-6c6e-41bb-9bf9-9c6773d2b2ad: leaving unrecorded for a later run to retry.
2026-10-06T01:59:15Z WARNING 324ccb4d-b81e-4dbb-a29d-ef474eef0d50: failed while reading the NWB file (KeyError: 'Unable to synchronously open object (component not found)')
2026-10-06T01:59:15Z WARNING [15/1084] 324ccb4d-b81e-4dbb-a29d-ef474eef0d50: leaving unrecorded for a later run to retry.
2026-10-06T01:59:16Z WARNING 3b2672c0-01e2-4e2a-a6fd-09535b8afd67: failed while reading the NWB file (KeyError: 'Unable to synchronously open object (component not found)')
2026-10-06T01:59:16Z WARNING [16/1084] 3b2672c0-01e2-4e2a-a6fd-09535b8afd67: leaving unrecorded for a later run to retry.
2026-10-06T01:59:17Z WARNING 3dec1e5e-7a4c-4aaa-95eb-7a953aa18d59: failed while reading the NWB file (KeyError: 'Unable to synchronously open object (component not found)')
2026-10-06T01:59:17Z WARNING [17/1084] 3dec1e5e-7a4c-4aaa-95eb-7a953aa18d59: leaving unrecorded for a later run to retry.
2026-10-06T01:59:18Z WARNING 40d7f442-8923-4dd5-87cb-af432218c083: failed while reading the NWB file (KeyError: 'Unable to synchronously open object (component not found)')
2026-10-06T01:59:18Z WARNING [18/1084] 40d7f442-8923-4dd5-87cb-af432218c083: leaving unrecorded for a later run to retry.
2026-10-06T01:59:20Z WARNING 4255c687-2c9c-4ffc-83b6-08157b521931: failed while reading the NWB file (KeyError: 'Unable to synchronously open object (component not found)')
2026-10-06T01:59:20Z WARNING [19/1084] 4255c687-2c9c-4ffc-83b6-08157b521931: leaving unrecorded for a later run to retry.
2026-10-06T01:59:21Z WARNING 43addd0b-0674-4137-8eaa-9df790dee1ce: failed while reading the NWB file (KeyError: 'Unable to synchronously open object (component not found)')
2026-10-06T01:59:21Z WARNING [20/1084] 43addd0b-0674-4137-8eaa-9df790dee1ce: leaving unrecorded for a later run to retry.
2026-10-06T01:59:22Z WARNING 59beae01-8c63-4353-a90b-e97078f0ecde: failed while reading the NWB file (KeyError: 'Unable to synchronously open object (component not found)')
2026-10-06T01:59:22Z WARNING [21/1084] 59beae01-8c63-4353-a90b-e97078f0ecde: leaving unrecorded for a later run to retry.
2026-10-06T01:59:23Z INFO [22/1084] 672acda2-988b-4921-9bad-0ca088c196ac: 118 internal nodes; 1.0 s; peak memory 164 MiB.
2026-10-06T01:59:24Z INFO [23/1084] 672ad618-8570-4a20-814f-b6d67fdda32f: 17 internal nodes; 0.8 s; peak memory 164 MiB.
2026-10-06T01:59:25Z INFO [24/1084] 672c1551-35b7-46e8-81a5-645fc31065e0: 17 internal nodes; 0.9 s; peak memory 164 MiB.
2026-10-06T01:59:26Z INFO [25/1084] 672d3bb3-3655-4575-9103-492bcf59e86f: 17 internal nodes; 0.8 s; peak memory 164 MiB.
2026-10-06T01:59:27Z INFO [26/1084] 672d49ed-8199-48db-9500-d52e3b3b10bd: 55 internal nodes; 1.3 s; peak memory 164 MiB.
2026-10-06T01:59:28Z INFO [27/1084] 672d84ee-70fa-4c5c-8c29-20c42fb168af: 17 internal nodes; 0.9 s; peak memory 164 MiB.
2026-10-06T01:59:29Z INFO [28/1084] 672dfc2d-e037-4750-b45b-c3bc1ebb43cc: 16 internal nodes; 1.0 s; peak memory 164 MiB.
2026-10-06T01:59:29Z INFO [29/1084] 672ea1d4-dd24-4256-a39b-04e0c3677f63: 11 internal nodes; 0.7 s; peak memory 164 MiB.
2026-10-06T01:59:31Z INFO [30/1084] 672f1cda-1b48-4307-b4c0-dd7d8a10c3df: 59 internal nodes; 1.8 s; peak memory 165 MiB.
2026-10-06T01:59:32Z INFO [31/1084] 672f3115-c605-483c-b2c4-1c5a42a6422a: 27 internal nodes; 0.9 s; peak memory 165 MiB.
2026-10-06T01:59:33Z INFO [32/1084] 672f67f0-c45a-426a-92f5-39ec3e278183: 17 internal nodes; 0.9 s; peak memory 165 MiB.
2026-10-06T01:59:39Z INFO [33/1084] 6730e795-65e4-44fd-90cf-d999058628f4: 246 internal nodes; 5.5 s; peak memory 177 MiB.
2026-10-06T01:59:44Z INFO [34/1084] 67315f7a-a872-4f70-ac7e-8fafd0d45efa: 177 internal nodes; 5.2 s; peak memory 177 MiB.
2026-10-06T01:59:45Z INFO [35/1084] 6732e3dd-fdab-4433-8c03-e9404d6b41b4: 23 internal nodes; 1.3 s; peak memory 177 MiB.
2026-10-06T01:59:46Z INFO [36/1084] 67331f49-70bd-4402-8da4-43e53c13e574: 13 internal nodes; 0.9 s; peak memory 177 MiB.
2026-10-06T01:59:47Z INFO [37/1084] 67354cf4-f6b4-4752-9da3-653ef9229f82: 17 internal nodes; 0.8 s; peak memory 177 MiB.
2026-10-06T01:59:48Z INFO [38/1084] 6735f9a8-0258-4cf8-a1a5-e7da02ac86b2: 63 internal nodes; 1.2 s; peak memory 177 MiB.
2026-10-06T01:59:49Z INFO [39/1084] 67371110-8aaa-4c2e-82f5-3e3719b39662: 17 internal nodes; 0.9 s; peak memory 177 MiB.
2026-10-06T01:59:50Z INFO [40/1084] 6737a337-c311-4a6b-956f-7e9e1be97d56: 27 internal nodes; 1.2 s; peak memory 177 MiB.
2026-10-06T01:59:51Z INFO [41/1084] 6737f3a2-7c71-48db-8111-6c9f3106026b: 27 internal nodes; 1.1 s; peak memory 177 MiB.
2026-10-06T01:59:53Z INFO [42/1084] 6738f827-fbeb-49eb-aa30-96aad2285b19: 66 internal nodes; 1.6 s; peak memory 177 MiB.
2026-10-06T01:59:54Z INFO [43/1084] 67392b1a-f5d7-4043-b45f-964b35f4233f: 27 internal nodes; 1.0 s; peak memory 177 MiB.
2026-10-06T01:59:55Z INFO [44/1084] 67396f66-3646-4a7b-85d2-ff2e495de4f3: 19 internal nodes; 0.7 s; peak memory 177 MiB.
2026-10-06T01:59:57Z INFO [45/1084] 673aa5a0-3c01-42ef-b234-4c9588c1b8d5: 44 internal nodes; 2.1 s; peak memory 177 MiB.
2026-10-06T01:59:58Z INFO [46/1084] 673af7c6-739d-4c54-a771-798e0fbf1819: 27 internal nodes; 1.0 s; peak memory 177 MiB.
2026-10-06T01:59:59Z INFO [47/1084] 673b6e54-bf77-4ceb-aaa7-4dcb232db805: 31 internal nodes; 1.2 s; peak memory 177 MiB.
2026-10-06T02:00:00Z INFO [48/1084] 673ca2b9-be79-4c0e-b11e-42bfe0ddf43a: 17 internal nodes; 0.8 s; peak memory 177 MiB.
2026-10-06T02:00:01Z INFO [49/1084] 673d46e9-11bf-4ba3-9e2e-b7cbe00fb059: 17 internal nodes; 0.9 s; peak memory 177 MiB.
2026-10-06T02:00:02Z INFO [50/1084] 673d6890-5104-4def-ba48-2acab48b427c: 28 internal nodes; 1.4 s; peak memory 177 MiB.
2026-10-06T02:00:02Z INFO [50/1084] 673d6890-5104-4def-ba48-2acab48b427c: checkpointed 96442 records.
2026-10-06T02:00:04Z INFO [51/1084] 673d971e-a802-4d84-bd85-4d08a7f4b1ab: 31 internal nodes; 1.5 s; peak memory 177 MiB.
2026-10-06T02:00:05Z INFO [52/1084] 673dac51-5c12-4ec6-85da-f06eeaf172fd: 13 internal nodes; 0.9 s; peak memory 177 MiB.
2026-10-06T02:00:05Z INFO [53/1084] 673ddc5d-7dbe-42f3-a565-2c5b15c730c1: 26 internal nodes; 0.6 s; peak memory 177 MiB.
2026-10-06T02:00:07Z INFO [54/1084] 673e32d4-70b1-4919-b952-274434a14b2f: 115 internal nodes; 1.1 s; peak memory 177 MiB.
2026-10-06T02:00:08Z INFO [55/1084] 673e8c81-7a9d-4168-a0c1-13218a1b8601: 55 internal nodes; 1.2 s; peak memory 177 MiB.
2026-10-06T02:00:09Z INFO [56/1084] 673e9c4e-a1dc-436c-bc99-735532b3f509: 40 internal nodes; 1.2 s; peak memory 177 MiB.
2026-10-06T02:00:10Z INFO [57/1084] 673f2feb-bb6f-402c-9a05-2e40d9205a2a: 39 internal nodes; 1.5 s; peak memory 177 MiB.
2026-10-06T02:00:11Z INFO [58/1084] 673fed20-f988-4f7a-b8ea-4423dabc8e3a: 27 internal nodes; 1.0 s; peak memory 177 MiB.
2026-10-06T02:00:12Z INFO [59/1084] 67404650-d127-4fe2-b007-7982cbafcb43: 17 internal nodes; 0.8 s; peak memory 177 MiB.
2026-10-06T02:00:13Z INFO [60/1084] 6740bef9-5aa9-4fd8-b341-17804c2437a6: 17 internal nodes; 0.9 s; peak memory 177 MiB.
2026-10-06T02:00:14Z INFO [61/1084] 67413f64-1238-47df-ac37-81d915203bf6: 15 internal nodes; 0.7 s; peak memory 177 MiB.
2026-10-06T02:00:15Z INFO [62/1084] 6741c5dd-b57b-4aa3-98b6-da2d779d33ee: 32 internal nodes; 1.1 s; peak memory 177 MiB.
2026-10-06T02:00:16Z INFO [63/1084] 6742758c-ed9f-4f53-88b8-5ddd30d3340a: 20 internal nodes; 0.7 s; peak memory 177 MiB.
2026-10-06T02:00:22Z INFO [64/1084] 6742b3f7-ec00-4bfe-ba6b-06e47aaa8209: 161 internal nodes; 6.4 s; peak memory 177 MiB.
2026-10-06T02:00:23Z INFO [65/1084] 67438511-c2d7-405f-9f1b-cacfcebe9ab2: 17 internal nodes; 1.0 s; peak memory 177 MiB.
2026-10-06T02:00:24Z INFO [66/1084] 6743e703-a995-4a5c-a6a1-c9de7e79f8ff: 19 internal nodes; 1.0 s; peak memory 177 MiB.
2026-10-06T02:00:25Z INFO [67/1084] 6743eaae-2087-49ef-ac2a-9cb5e23550eb: 22 internal nodes; 1.1 s; peak memory 177 MiB.
2026-10-06T02:00:26Z INFO [68/1084] 6744baf6-1bc3-4542-bf83-668db1095c0c: 26 internal nodes; 0.7 s; peak memory 177 MiB.
2026-10-06T02:00:27Z INFO [69/1084] 6744fec4-5ec5-4d64-863e-b56b1ee6e4c7: 24 internal nodes; 1.2 s; peak memory 177 MiB.
2026-10-06T02:00:28Z INFO [70/1084] 67452578-fadf-46ce-82a7-5e24a1f520b3: 11 internal nodes; 0.6 s; peak memory 177 MiB.
2026-10-06T02:00:29Z INFO [71/1084] 6745afd7-932e-4f54-8ce8-02324a4fbbe4: 17 internal nodes; 0.9 s; peak memory 177 MiB.
2026-10-06T02:00:30Z INFO [72/1084] 6746c9d6-2661-45e4-983a-70245a2b0421: 27 internal nodes; 1.0 s; peak memory 177 MiB.
2026-10-06T02:00:30Z INFO [73/1084] 6746d275-e7b1-4883-88d7-e503c5904df7: 11 internal nodes; 0.6 s; peak memory 177 MiB.
2026-10-06T02:00:31Z INFO [74/1084] 6748c55b-ed9b-4898-b14d-edaff6254491: 19 internal nodes; 1.0 s; peak memory 177 MiB.
2026-10-06T02:00:36Z INFO [75/1084] 674a7bb0-126a-4309-8912-5f12a74f7082: 68 internal nodes; 5.1 s; peak memory 177 MiB.
2026-10-06T02:00:37Z INFO [76/1084] 674adfb1-8833-4a31-9d8d-ece9be542bb8: 13 internal nodes; 0.7 s; peak memory 177 MiB.
2026-10-06T02:00:38Z INFO [77/1084] 674c979f-4961-4d98-9aeb-e880afd9553e: 17 internal nodes; 0.8 s; peak memory 177 MiB.
2026-10-06T02:00:39Z INFO [78/1084] 674cdd24-23d6-48d5-aa8e-a40ff7a53197: 17 internal nodes; 0.9 s; peak memory 177 MiB.
2026-10-06T02:00:40Z INFO [79/1084] 674cedb3-61c5-4f89-8a63-6a3c54406284: 27 internal nodes; 1.1 s; peak memory 177 MiB.
2026-10-06T02:00:42Z INFO [80/1084] 674dd925-3edc-45c3-86ac-a8d7e4ebf1e6: 21 internal nodes; 2.3 s; peak memory 177 MiB.
2026-10-06T02:00:44Z INFO [81/1084] 674e7ee2-8c2d-4ffd-bc11-7f88b16f2bc9: 44 internal nodes; 2.2 s; peak memory 177 MiB.
2026-10-06T02:00:45Z INFO [82/1084] 674ebf78-21af-4b22-bb85-80dc5dd2e464: 18 internal nodes; 1.1 s; peak memory 177 MiB.
2026-10-06T02:00:46Z INFO [83/1084] 674f0192-fe85-4405-a80c-248d683cd8f4: 13 internal nodes; 1.0 s; peak memory 177 MiB.
2026-10-06T02:00:48Z INFO [84/1084] 674f12db-c430-456e-9cd5-04dbabb75eca: 19 internal nodes; 1.1 s; peak memory 177 MiB.
2026-10-06T02:00:48Z INFO [85/1084] 67500671-24f4-4192-82bb-7241bfea6359: 115 internal nodes; 0.9 s; peak memory 177 MiB.
2026-10-06T02:00:49Z INFO [86/1084] 67508fa9-8ea8-432e-9614-3d4c5e9665ed: 18 internal nodes; 0.7 s; peak memory 177 MiB.
2026-10-06T02:00:50Z INFO [87/1084] 67526455-7a8e-477b-9ce0-46e32e652885: 90 internal nodes; 1.0 s; peak memory 177 MiB.
2026-10-06T02:00:51Z INFO [88/1084] 6752be2e-38db-4855-8b36-0fb02c65150e: 22 internal nodes; 0.8 s; peak memory 177 MiB.
2026-10-06T02:00:52Z INFO [89/1084] 6752eb41-78ee-4c8c-a546-2c3fc9e88614: 31 internal nodes; 1.2 s; peak memory 177 MiB.
2026-10-06T02:00:53Z INFO [90/1084] 67536a53-0e1f-4294-aee9-df56e0b77cfc: 17 internal nodes; 0.9 s; peak memory 177 MiB.
2026-10-06T02:00:55Z INFO [91/1084] 67538b84-fce9-4926-9f29-231ac85aa8b9: 55 internal nodes; 1.6 s; peak memory 177 MiB.
2026-10-06T02:00:56Z INFO [92/1084] 6753c6c0-59f0-452b-8e41-d5ef58b4a656: 67 internal nodes; 1.4 s; peak memory 177 MiB.
2026-10-06T02:00:57Z INFO [93/1084] 6754281c-cf04-42e4-888f-4ecfe385f038: 27 internal nodes; 1.1 s; peak memory 177 MiB.
2026-10-06T02:00:58Z INFO [94/1084] 67547809-d6cf-4fe1-83aa-15b5c474c860: 19 internal nodes; 0.9 s; peak memory 177 MiB.
2026-10-06T02:00:59Z INFO [95/1084] 67547944-47be-44d8-b99a-87f5c6647144: 28 internal nodes; 0.8 s; peak memory 177 MiB.
2026-10-06T02:01:01Z INFO [96/1084] 67547cef-df3e-4b15-a4a5-45866b8a3c5d: 34 internal nodes; 1.6 s; peak memory 177 MiB.
2026-10-06T02:01:02Z INFO [97/1084] 6754e792-8926-4a74-8aec-d1673e50b90d: 19 internal nodes; 1.1 s; peak memory 177 MiB.
2026-10-06T02:01:03Z INFO [98/1084] 6755ab34-0f36-4692-8b1e-829ced733a23: 31 internal nodes; 1.3 s; peak memory 177 MiB.
2026-10-06T02:01:04Z INFO [99/1084] 6756914c-dfdf-499f-b195-3b5b4407e6b6: 31 internal nodes; 1.3 s; peak memory 177 MiB.
2026-10-06T02:01:05Z INFO [100/1084] 67573478-7074-4b7d-930f-ab728464bc2f: 13 internal nodes; 0.9 s; peak memory 177 MiB.
2026-10-06T02:01:06Z INFO [100/1084] 67573478-7074-4b7d-930f-ab728464bc2f: checkpointed 96492 records.
2026-10-06T02:01:06Z INFO [101/1084] 675774f5-d68f-46a2-a203-b6d8bbf9ce2b: 17 internal nodes; 0.8 s; peak memory 177 MiB.
2026-10-06T02:01:07Z INFO [102/1084] 67582966-ebad-45e9-9ab1-e9eb953d4a53: 11 internal nodes; 0.6 s; peak memory 177 MiB.
2026-10-06T02:01:09Z INFO [103/1084] 67595d53-948b-4bb2-9334-5bf41b4b4c07: 72 internal nodes; 1.9 s; peak memory 177 MiB.
2026-10-06T02:01:11Z INFO [104/1084] 675a128d-c436-4855-9c4f-3bad566eb122: 31 internal nodes; 1.6 s; peak memory 177 MiB.
2026-10-06T02:01:12Z INFO [105/1084] 675a1e0d-0eb0-4778-89b2-f41916c0f888: 31 internal nodes; 1.5 s; peak memory 177 MiB.
2026-10-06T02:01:13Z INFO [106/1084] 675ae9db-073a-457c-bf01-3e29d7ae3e2c: 13 internal nodes; 1.0 s; peak memory 177 MiB.
2026-10-06T02:01:14Z INFO [107/1084] 675c0061-0be4-401a-8c18-4148caf0d4bc: 17 internal nodes; 0.9 s; peak memory 177 MiB.
2026-10-06T02:01:23Z INFO [108/1084] 675c02ea-8029-476d-af7d-90b5163a6bfc: 239 internal nodes; 9.3 s; peak memory 181 MiB.
2026-10-06T02:01:25Z INFO [109/1084] 675c1f8e-2b89-4896-8199-106156096e0a: 31 internal nodes; 1.6 s; peak memory 181 MiB.
2026-10-06T02:01:26Z INFO [110/1084] 675d513d-e2f3-4596-ba9a-c198a36f911d: 31 internal nodes; 1.2 s; peak memory 181 MiB.
2026-10-06T02:01:27Z INFO [111/1084] 675d8479-6bf5-4856-89e7-e5acdf73cc20: 27 internal nodes; 1.1 s; peak memory 181 MiB.
2026-10-06T02:01:28Z INFO [112/1084] 675d8a85-def1-4b8c-ba2e-a091fa09e98c: 24 internal nodes; 1.2 s; peak memory 181 MiB.
2026-10-06T02:01:30Z INFO [113/1084] 675daa10-0013-40b1-acfd-c61c23ebb453: 54 internal nodes; 1.2 s; peak memory 181 MiB.
2026-10-06T02:01:41Z INFO [114/1084] 675ea3fe-8ae3-4eb2-8dc1-47d3f2216894: 1070 internal nodes; 11.9 s; peak memory 210 MiB.
2026-10-06T02:01:44Z INFO [115/1084] 675f21f2-d738-409b-a681-793c087fc353: 42 internal nodes; 2.5 s; peak memory 210 MiB.
2026-10-06T02:01:45Z INFO [116/1084] 675f3142-9def-46b3-9add-ea6409e72dac: 86 internal nodes; 1.2 s; peak memory 210 MiB.
2026-10-06T02:01:46Z INFO [117/1084] 675f5882-016e-4977-aa0f-a6729b51de90: 27 internal nodes; 1.1 s; peak memory 210 MiB.
2026-10-06T02:01:47Z INFO [118/1084] 675fdb45-4391-40e2-9b1f-528b6d5c0ec6: 27 internal nodes; 1.2 s; peak memory 210 MiB.
2026-10-06T02:01:48Z INFO [119/1084] 675febf2-2b93-4c72-b155-44196351d975: 11 internal nodes; 0.7 s; peak memory 210 MiB.
2026-10-06T02:01:49Z INFO [120/1084] 675ff69a-508f-41f5-9895-83ae48c9f2c1: 27 internal nodes; 1.2 s; peak memory 210 MiB.
2026-10-06T02:01:51Z INFO [121/1084] 67604fb4-4dd3-45f7-af16-b72c1045f0f5: 66 internal nodes; 1.6 s; peak memory 210 MiB.
2026-10-06T02:01:53Z INFO [122/1084] 67605b1b-076c-45c1-b5bb-678f3178b913: 67 internal nodes; 2.3 s; peak memory 210 MiB.
2026-10-06T02:01:54Z INFO [123/1084] 6760d76e-c9b8-4791-a786-81671ee0d920: 23 internal nodes; 0.9 s; peak memory 210 MiB.
2026-10-06T02:01:55Z INFO [124/1084] 67611e51-6f53-4f9c-88fe-44347ab80d43: 27 internal nodes; 1.0 s; peak memory 210 MiB.
2026-10-06T02:01:56Z INFO [125/1084] 6761b363-153c-433c-ac23-d84497cab96c: 27 internal nodes; 1.1 s; peak memory 210 MiB.
2026-10-06T02:01:57Z INFO [126/1084] 6761bfdc-435c-489b-9aa9-6b907b745049: 17 internal nodes; 0.8 s; peak memory 210 MiB.
2026-10-06T02:01:58Z INFO [127/1084] 67625048-3028-4114-8a15-08537b9a4266: 39 internal nodes; 1.2 s; peak memory 210 MiB.
2026-10-06T02:01:59Z INFO [128/1084] 6762bf96-0a32-4722-be43-66f7e49640bc: 17 internal nodes; 0.6 s; peak memory 210 MiB.
2026-10-06T02:02:00Z INFO [129/1084] 676337eb-37bb-4f1d-9778-aaa2fbf3df17: 72 internal nodes; 1.5 s; peak memory 210 MiB.
2026-10-06T02:02:01Z INFO [130/1084] 67634b70-8733-4170-981f-175549528577: 17 internal nodes; 0.8 s; peak memory 210 MiB.
2026-10-06T02:02:02Z INFO [131/1084] 6763ed40-409b-4c21-a8b3-a7fedf7d264a: 17 internal nodes; 0.9 s; peak memory 210 MiB.
2026-10-06T02:02:03Z INFO [132/1084] 67645b00-172c-4666-a5d9-f31f07db9890: 30 internal nodes; 1.1 s; peak memory 210 MiB.
2026-10-06T02:02:04Z INFO [133/1084] 67649337-51d8-4d4a-a9aa-44c370d6693b: 13 internal nodes; 0.8 s; peak memory 210 MiB.
2026-10-06T02:02:05Z INFO [134/1084] 6764d259-276a-4bb0-94d0-2759951fd2f4: 22 internal nodes; 0.9 s; peak memory 210 MiB.
2026-10-06T02:02:06Z INFO [135/1084] 6765407e-aa31-4939-b098-68872ac9b637: 23 internal nodes; 0.8 s; peak memory 210 MiB.
2026-10-06T02:02:09Z INFO [136/1084] 67655000-b48d-408e-8341-36630016cedf: 48 internal nodes; 3.2 s; peak memory 210 MiB.
2026-10-06T02:02:10Z INFO [137/1084] 6765cc29-6065-4d88-897e-9d2a39030df1: 19 internal nodes; 0.9 s; peak memory 210 MiB.
2026-10-06T02:02:11Z INFO [138/1084] 6765df19-f17a-4011-9e59-69441d46a410: 63 internal nodes; 1.3 s; peak memory 210 MiB.
2026-10-06T02:02:12Z INFO [139/1084] 6765e834-3ec6-41b2-a46a-e62b3d84e351: 19 internal nodes; 0.9 s; peak memory 210 MiB.
2026-10-06T02:02:14Z INFO [140/1084] 67666a4a-1c01-47cc-964e-dd9e50020ad7: 58 internal nodes; 1.5 s; peak memory 210 MiB.
2026-10-06T02:02:15Z INFO [141/1084] 6766bf5d-fd48-4623-8949-9712a1a17ad5: 66 internal nodes; 1.7 s; peak memory 210 MiB.
2026-10-06T02:02:16Z INFO [142/1084] 676840d6-30c9-4af7-bb4e-1330c4af82bb: 15 internal nodes; 0.7 s; peak memory 210 MiB.
2026-10-06T02:02:17Z INFO [143/1084] 67685072-96a8-4f31-bc0d-bfcf4ad0d0cf: 27 internal nodes; 1.0 s; peak memory 210 MiB.
2026-10-06T02:02:18Z INFO [144/1084] 6769b91d-273f-416e-ab8e-b79a59b5e4cb: 31 internal nodes; 1.5 s; peak memory 210 MiB.
2026-10-06T02:02:19Z INFO [145/1084] 676a02ba-634a-438d-a346-61277696904d: 23 internal nodes; 0.9 s; peak memory 210 MiB.
2026-10-06T02:02:20Z INFO [146/1084] 676a251b-5657-4fed-85c7-bd305b6d15fd: 11 internal nodes; 0.5 s; peak memory 210 MiB.
2026-10-06T02:02:21Z INFO [147/1084] 676a41dd-6103-4c4f-9fc9-52c91589bc21: 28 internal nodes; 1.2 s; peak memory 210 MiB.
2026-10-06T02:02:22Z INFO [148/1084] 676a7886-1055-4bc1-ae71-8bba70854ab0: 25 internal nodes; 0.6 s; peak memory 210 MiB.
2026-10-06T02:02:23Z INFO [149/1084] 676b8db5-c48e-46cb-a18e-3a3de7e82de8: 31 internal nodes; 1.5 s; peak memory 212 MiB.
2026-10-06T02:02:24Z INFO [150/1084] 676bc384-ec2b-4457-91fd-85940da384c3: 53 internal nodes; 1.2 s; peak memory 212 MiB.
2026-10-06T02:02:25Z INFO [150/1084] 676bc384-ec2b-4457-91fd-85940da384c3: checkpointed 96542 records.
2026-10-06T02:02:25Z INFO [151/1084] 676c2518-29a4-4d4f-be42-af5d31ac4ad8: 11 internal nodes; 0.6 s; peak memory 212 MiB.
2026-10-06T02:02:26Z INFO [152/1084] 676c6688-f9cf-4e5c-abf8-f98dd94d70c5: 27 internal nodes; 1.0 s; peak memory 212 MiB.
2026-10-06T02:02:27Z INFO [153/1084] 676df3e3-5bcb-42f5-9af4-d1fabd3724da: 19 internal nodes; 0.9 s; peak memory 212 MiB.
2026-10-06T02:02:29Z INFO [154/1084] 676e1738-f18b-444a-9cc9-e3bd2713a4a1: 31 internal nodes; 1.8 s; peak memory 212 MiB.
2026-10-06T02:02:30Z INFO [155/1084] 676e9ab4-176a-4d0d-829d-4f182550de8b: 11 internal nodes; 0.6 s; peak memory 212 MiB.
2026-10-06T02:02:31Z INFO [156/1084] 676f1a76-6b60-4342-8723-4f19a88a6dce: 31 internal nodes; 1.3 s; peak memory 212 MiB.
2026-10-06T02:02:32Z INFO [157/1084] 676f2e4d-93cb-4a5f-b307-aa9d136780ed: 115 internal nodes; 1.0 s; peak memory 212 MiB.
2026-10-06T02:02:33Z INFO [158/1084] 676f6bc3-9c5d-4a6f-a547-a08109b8258e: 17 internal nodes; 0.7 s; peak memory 212 MiB.
2026-10-06T02:02:35Z INFO [159/1084] 676f7690-ba5f-450e-adc6-b400558f6c19: 44 internal nodes; 2.5 s; peak memory 212 MiB.
2026-10-06T02:02:37Z INFO [160/1084] 676fd9f7-c6da-4d18-beef-48b3778ebfaf: 44 internal nodes; 2.3 s; peak memory 212 MiB.
2026-10-06T02:02:39Z INFO [161/1084] 67702f5d-2736-4ec9-bde9-13298b592577: 24 internal nodes; 1.3 s; peak memory 212 MiB.
2026-10-06T02:02:39Z INFO [162/1084] 6770fae4-6966-4864-b2c6-e552e7be18dd: 27 internal nodes; 0.7 s; peak memory 212 MiB.
2026-10-06T02:02:40Z INFO [163/1084] 677101f1-e9de-4081-85c2-00105df65cc9: 26 internal nodes; 1.0 s; peak memory 212 MiB.
2026-10-06T02:02:45Z INFO [164/1084] 67712998-63b5-4ad3-8553-27496d59ebe7: 127 internal nodes; 4.2 s; peak memory 212 MiB.
2026-10-06T02:02:46Z INFO [165/1084] 677214db-bed6-4a73-b310-2f16c42e0564: 26 internal nodes; 1.1 s; peak memory 212 MiB.
2026-10-06T02:02:46Z INFO [166/1084] 67725711-84d5-480b-970c-6e037f3b65e1: 17 internal nodes; 0.8 s; peak memory 212 MiB.
2026-10-06T02:02:47Z INFO [167/1084] 6773c5d9-91a4-42ae-8be5-c32dfa3c41cd: 27 internal nodes; 0.9 s; peak memory 212 MiB.
2026-10-06T02:02:50Z INFO [168/1084] 6773ce5f-0b2f-4c2d-b8b6-e7a837768b9c: 66 internal nodes; 2.3 s; peak memory 212 MiB.
2026-10-06T02:02:52Z INFO [169/1084] 6773d759-7c0b-421c-a771-5a8ccf19af6b: 53 internal nodes; 2.5 s; peak memory 212 MiB.
2026-10-06T02:02:53Z INFO [170/1084] 67743240-6c64-4ae5-a55f-ba8de0d69aab: 17 internal nodes; 0.9 s; peak memory 212 MiB.
2026-10-06T02:02:55Z INFO [171/1084] 67747124-d6a3-4f53-89a0-eb21072561ca: 47 internal nodes; 2.4 s; peak memory 212 MiB.
2026-10-06T02:02:56Z INFO [172/1084] 677476fa-b052-4dbd-bf61-0e6b794f77ea: 18 internal nodes; 0.7 s; peak memory 212 MiB.
2026-10-06T02:02:57Z INFO [173/1084] 6774dc5f-5976-40c1-a415-19e02a378be9: 24 internal nodes; 1.4 s; peak memory 212 MiB.
2026-10-06T02:02:59Z INFO [174/1084] 6774f07a-d83f-4d04-a2af-dff33a6355ab: 55 internal nodes; 1.3 s; peak memory 212 MiB.
2026-10-06T02:03:00Z INFO [175/1084] 67757dbd-2863-405c-bd37-739024582b19: 23 internal nodes; 1.2 s; peak memory 212 MiB.
2026-10-06T02:03:02Z INFO [176/1084] 67760568-76e9-4311-bf2a-22b936c99ca9: 41 internal nodes; 2.0 s; peak memory 212 MiB.
2026-10-06T02:03:15Z INFO [177/1084] 6776db6f-e679-44e8-bf56-b88addbb7ff6: 135 internal nodes; 13.4 s; peak memory 213 MiB.
2026-10-06T02:03:44Z INFO [178/1084] 677707c1-9a2a-4ef5-8f26-b2c0dc5aeede: 263 internal nodes; 28.5 s; peak memory 219 MiB.
2026-10-06T02:03:45Z INFO [179/1084] 6778a877-f5b9-4392-bb88-9a3ce253b1d9: 17 internal nodes; 0.9 s; peak memory 219 MiB.
2026-10-06T02:03:47Z INFO [180/1084] 6778c8f2-3953-4eec-a97d-3083f87cd6d0: 21 internal nodes; 2.2 s; peak memory 219 MiB.
2026-10-06T02:03:48Z INFO [181/1084] 67796abf-5b86-44c8-8db8-0f63e48346e0: 17 internal nodes; 1.2 s; peak memory 219 MiB.
2026-10-06T02:03:49Z INFO [182/1084] 6779cbc4-081b-47cd-937c-bed374004ede: 30 internal nodes; 1.3 s; peak memory 219 MiB.
2026-10-06T02:03:56Z INFO [183/1084] 677a36a0-45ca-4efa-bde8-a3e8a186799e: 215 internal nodes; 6.3 s; peak memory 219 MiB.
2026-10-06T02:03:57Z INFO [184/1084] 677a89fd-36a9-4128-9246-0b75f4332f79: 29 internal nodes; 1.2 s; peak memory 219 MiB.
2026-10-06T02:03:58Z INFO [185/1084] 677adecc-7363-4329-b817-ccfef4ad33b7: 19 internal nodes; 1.0 s; peak memory 219 MiB.
2026-10-06T02:03:59Z INFO [186/1084] 677c8e27-ece6-41b5-a55b-ee633b49393e: 18 internal nodes; 0.7 s; peak memory 219 MiB.
2026-10-06T02:04:00Z INFO [187/1084] 677cf421-f1f3-4005-b5a9-13d444f20240: 17 internal nodes; 1.0 s; peak memory 219 MiB.
2026-10-06T02:04:01Z INFO [188/1084] 677cfa4b-6a71-4968-b540-13be7f3463f4: 55 internal nodes; 1.6 s; peak memory 219 MiB.
2026-10-06T02:04:03Z INFO [189/1084] 677d935c-bfa9-4096-834d-8b2672d142e7: 62 internal nodes; 1.3 s; peak memory 219 MiB.
2026-10-06T02:04:03Z INFO [190/1084] 677e9542-077c-4082-ab6f-644a0a06f170: 13 internal nodes; 0.7 s; peak memory 219 MiB.
2026-10-06T02:04:07Z INFO [191/1084] 677f862c-ef38-43f1-82ec-ee6e1bd8e924: 127 internal nodes; 3.8 s; peak memory 219 MiB.
2026-10-06T02:04:08Z INFO [192/1084] 677fcf88-c164-44dc-92c5-21d87f7d819a: 53 internal nodes; 1.3 s; peak memory 219 MiB.
2026-10-06T02:04:09Z INFO [193/1084] 67802034-0330-4263-9603-66f5ceec79a5: 29 internal nodes; 1.1 s; peak memory 219 MiB.
2026-10-06T02:04:11Z INFO [194/1084] 6780de33-55eb-4e4a-a228-1fbb2b7adfde: 27 internal nodes; 1.1 s; peak memory 219 MiB.
2026-10-06T02:04:13Z INFO [195/1084] 678101a7-57d7-41bc-be85-4eea4ba94771: 21 internal nodes; 2.0 s; peak memory 219 MiB.
2026-10-06T02:04:14Z INFO [196/1084] 6781b998-1867-4d86-8e30-d6acbe028ec9: 27 internal nodes; 1.0 s; peak memory 219 MiB.
2026-10-06T02:04:15Z INFO [197/1084] 6781bde8-e885-4272-9085-c2e3b691c152: 31 internal nodes; 1.2 s; peak memory 219 MiB.
2026-10-06T02:04:16Z INFO [198/1084] 6781da1c-f0a3-4d30-bf9b-8979f42a4f40: 65 internal nodes; 1.3 s; peak memory 219 MiB.
2026-10-06T02:04:18Z INFO [199/1084] 67824206-c04d-45df-af52-f91ec9d0f0a9: 29 internal nodes; 1.6 s; peak memory 219 MiB.
2026-10-06T02:04:18Z INFO [200/1084] 6782440c-2cea-4bbc-9878-d54cdee2a970: 17 internal nodes; 0.8 s; peak memory 219 MiB.
2026-10-06T02:04:19Z INFO [200/1084] 6782440c-2cea-4bbc-9878-d54cdee2a970: checkpointed 96592 records.
2026-10-06T02:04:20Z INFO [201/1084] 678265cf-407f-479f-838f-417227b9d465: 17 internal nodes; 1.0 s; peak memory 219 MiB.
2026-10-06T02:04:21Z INFO [202/1084] 6782756a-152d-4637-a375-6cc3047c2fb9: 27 internal nodes; 1.0 s; peak memory 219 MiB.
2026-10-06T02:04:29Z INFO [203/1084] 6782bf53-2de6-4901-b28a-e63caa9f3868: 221 internal nodes; 8.5 s; peak memory 219 MiB.
2026-10-06T02:04:30Z INFO [204/1084] 6783427e-b7bc-4692-8aa9-36ca0921e392: 11 internal nodes; 0.6 s; peak memory 219 MiB.
2026-10-06T02:04:39Z INFO [205/1084] 67862f3e-8d7d-4536-a697-c47e4cf170a4: 214 internal nodes; 8.7 s; peak memory 219 MiB.
2026-10-06T02:04:40Z INFO [206/1084] 67874cf9-01be-47cb-b989-7696ae2ee409: 83 internal nodes; 1.2 s; peak memory 219 MiB.
2026-10-06T02:04:41Z INFO [207/1084] 67877fc0-2631-42ac-9f0f-ea46a5ac6bee: 36 internal nodes; 1.2 s; peak memory 219 MiB.
2026-10-06T02:04:42Z INFO [208/1084] 67887065-1432-4d80-85a8-b4aa5a1d6735: 27 internal nodes; 1.0 s; peak memory 219 MiB.
2026-10-06T02:04:43Z INFO [209/1084] 6788fba4-00f4-4044-ab8f-b3187e477f89: 31 internal nodes; 1.1 s; peak memory 219 MiB.
2026-10-06T02:04:44Z INFO [210/1084] 6789a2fb-6eb1-4796-90a2-cd593207cb19: 17 internal nodes; 0.9 s; peak memory 219 MiB.
2026-10-06T02:04:45Z INFO [211/1084] 678a8081-9dcf-4ed3-a626-32877ae3dcd2: 27 internal nodes; 0.9 s; peak memory 219 MiB.
2026-10-06T02:04:47Z INFO [212/1084] 678aa95b-8d88-49e0-816f-38ba117fcca4: 26 internal nodes; 1.6 s; peak memory 219 MiB.
2026-10-06T02:04:48Z INFO [213/1084] 678c28e5-6774-4c55-b981-9b65e1809de2: 17 internal nodes; 0.9 s; peak memory 219 MiB.
2026-10-06T02:04:49Z INFO [214/1084] 678c6cbf-a6e8-458a-bcab-6300059acb86: 17 internal nodes; 0.8 s; peak memory 219 MiB.
2026-10-06T02:04:50Z INFO [215/1084] 678c915a-12bc-4084-ab19-114df98c8113: 24 internal nodes; 1.9 s; peak memory 219 MiB.
2026-10-06T02:04:51Z INFO [216/1084] 678cadee-65b2-4b59-94b4-5cefc75fe4e7: 26 internal nodes; 0.9 s; peak memory 219 MiB.
2026-10-06T02:04:59Z INFO [217/1084] 678d2633-f4a0-422e-a0b9-bfc651703925: 234 internal nodes; 8.0 s; peak memory 219 MiB.
2026-10-06T02:05:00Z INFO [218/1084] 678d3ea8-a93d-4b64-bc8c-76b04d7ed99a: 16 internal nodes; 0.7 s; peak memory 219 MiB.
2026-10-06T02:05:09Z INFO [219/1084] 678d9e14-fd62-45e8-864f-20db5fd90ce3: 206 internal nodes; 9.2 s; peak memory 219 MiB.
2026-10-06T02:05:10Z INFO [220/1084] 678de358-2a43-4e92-8524-5e1f9c9e8e58: 17 internal nodes; 0.9 s; peak memory 219 MiB.
2026-10-06T02:05:14Z INFO [221/1084] 678e58ce-e7bb-44fd-9c49-e7964f90577f: 110 internal nodes; 4.2 s; peak memory 219 MiB.
2026-10-06T02:05:15Z INFO [222/1084] 678e94b7-53ce-4198-9a2d-c60d1248d366: 27 internal nodes; 1.0 s; peak memory 219 MiB.
2026-10-06T02:05:16Z INFO [223/1084] 678e9725-ce02-4b75-bccf-789c8591e6ac: 60 internal nodes; 1.0 s; peak memory 219 MiB.
2026-10-06T02:05:17Z INFO [224/1084] 678eadaf-8534-45ff-9f2d-046bf067921f: 17 internal nodes; 0.9 s; peak memory 219 MiB.
2026-10-06T02:05:18Z INFO [225/1084] 678f134d-c591-4a6d-adc9-c649984ec678: 17 internal nodes; 0.8 s; peak memory 219 MiB.
2026-10-06T02:05:19Z INFO [226/1084] 678f1863-87d9-46fb-89b0-24095205a593: 27 internal nodes; 1.1 s; peak memory 219 MiB.
2026-10-06T02:05:20Z INFO [227/1084] 678f254d-ca39-453e-a60e-40f196d24f98: 16 internal nodes; 0.8 s; peak memory 219 MiB.
2026-10-06T02:05:21Z INFO [228/1084] 678f4162-cce0-4490-a99d-57164d129f4f: 54 internal nodes; 1.1 s; peak memory 219 MiB.
2026-10-06T02:05:26Z INFO [229/1084] 678f4296-72b2-421e-9cfd-cf6c4cd4ad99: 131 internal nodes; 5.0 s; peak memory 219 MiB.
2026-10-06T02:05:28Z INFO [230/1084] 678f5d9f-03e7-4134-a6bc-6b6078ea43b6: 44 internal nodes; 2.4 s; peak memory 219 MiB.
2026-10-06T02:05:29Z INFO [231/1084] 678f86b9-d3cf-49f3-9d68-92d1cd2f529c: 29 internal nodes; 1.2 s; peak memory 219 MiB.
2026-10-06T02:05:30Z INFO [232/1084] 678fa286-c944-443f-9923-48e230d02a09: 17 internal nodes; 0.8 s; peak memory 219 MiB.
2026-10-06T02:05:32Z INFO [233/1084] 678ff0a9-3b04-4739-a209-55860d8b2691: 18 internal nodes; 1.2 s; peak memory 219 MiB.
2026-10-06T02:05:58Z INFO [234/1084] 67908cab-4445-4f3e-8aa4-4c4aa2ae17ec: 1850 internal nodes; 26.6 s; peak memory 285 MiB.
2026-10-06T02:05:59Z INFO [235/1084] 6790c628-3ecc-4393-98b0-6b18902c10f4: 27 internal nodes; 1.2 s; peak memory 285 MiB.
2026-10-06T02:06:01Z INFO [236/1084] 67911847-e40c-4768-a1ad-c44d271239d3: 29 internal nodes; 1.4 s; peak memory 285 MiB.
2026-10-06T02:06:02Z INFO [237/1084] 67912f37-cbd7-4bbf-991a-085466947552: 17 internal nodes; 0.8 s; peak memory 285 MiB.
2026-10-06T02:06:03Z INFO [238/1084] 6791e29e-e0f1-42d2-a6e9-11c69833f766: 31 internal nodes; 1.3 s; peak memory 285 MiB.
2026-10-06T02:06:05Z INFO [239/1084] 6791f51c-3752-4b49-87be-c75d951598d8: 44 internal nodes; 2.3 s; peak memory 285 MiB.
2026-10-06T02:06:06Z INFO [240/1084] 6791f788-7a4f-499a-812b-2cc8bbb28615: 13 internal nodes; 0.7 s; peak memory 285 MiB.
2026-10-06T02:06:11Z INFO [241/1084] 679220a5-aaa9-44b0-bf77-aaa28c67fbb0: 54 internal nodes; 5.5 s; peak memory 285 MiB.
2026-10-06T02:06:12Z INFO [242/1084] 67924935-9d49-4593-a03f-6b3e2aa6a7db: 17 internal nodes; 0.9 s; peak memory 285 MiB.
2026-10-06T02:06:14Z INFO [243/1084] 6793730c-a8ef-45cc-b209-800f46cfda9e: 31 internal nodes; 1.5 s; peak memory 285 MiB.
2026-10-06T02:06:15Z INFO [244/1084] 67964106-62aa-45e4-9a49-f202cd3b1c1c: 28 internal nodes; 0.9 s; peak memory 285 MiB.
2026-10-06T02:06:16Z INFO [245/1084] 679791c4-69e3-44bf-bf5b-12875889f9e2: 19 internal nodes; 1.0 s; peak memory 285 MiB.
2026-10-06T02:06:17Z INFO [246/1084] 679794a6-e75c-4f4d-817b-d26931e23e21: 25 internal nodes; 0.9 s; peak memory 285 MiB.
2026-10-06T02:06:17Z INFO [247/1084] 6798ceab-e49e-4cbc-8a53-547a1df99f3f: 17 internal nodes; 0.8 s; peak memory 285 MiB.
2026-10-06T02:06:18Z INFO [248/1084] 67992cda-1c46-4a84-b6a5-232fe345a334: 17 internal nodes; 0.8 s; peak memory 285 MiB.
2026-10-06T02:06:20Z INFO [249/1084] 67992ddf-9a02-457b-997a-356c4abb631a: 26 internal nodes; 1.5 s; peak memory 285 MiB.
2026-10-06T02:06:22Z INFO [250/1084] 679960b0-90ab-48a5-9dc4-6323b743030c: 44 internal nodes; 2.3 s; peak memory 285 MiB.
2026-10-06T02:06:22Z INFO [250/1084] 679960b0-90ab-48a5-9dc4-6323b743030c: checkpointed 96642 records.
2026-10-06T02:06:25Z INFO [251/1084] 679976cf-8c90-45d8-a099-44bea8da90e4: 45 internal nodes; 2.7 s; peak memory 285 MiB.
2026-10-06T02:06:26Z INFO [252/1084] 6799b2d4-3647-4123-bcfc-41d597df0338: 22 internal nodes; 0.6 s; peak memory 285 MiB.
2026-10-06T02:06:28Z INFO [253/1084] 679a9777-fc28-43cc-b5f3-0d131cdd154e: 30 internal nodes; 2.0 s; peak memory 285 MiB.
2026-10-06T02:06:29Z INFO [254/1084] 679b8002-dd33-4218-8326-656cda020b85: 13 internal nodes; 0.7 s; peak memory 285 MiB.
2026-10-06T02:06:30Z INFO [255/1084] 679b8ec0-625a-4afa-aa45-8d6aa1c0ef34: 27 internal nodes; 1.4 s; peak memory 285 MiB.
2026-10-06T02:06:31Z INFO [256/1084] 679c2351-1fb5-4c9b-bba1-eceec9ef11c6: 27 internal nodes; 0.9 s; peak memory 285 MiB.
2026-10-06T02:06:32Z INFO [257/1084] 679c6dfe-32c6-44d9-a1c5-e1a7d934dd51: 29 internal nodes; 1.5 s; peak memory 285 MiB.
2026-10-06T02:06:33Z INFO [258/1084] 679ddee9-f936-4234-8946-7da53bcd9059: 11 internal nodes; 0.6 s; peak memory 285 MiB.
2026-10-06T02:06:34Z INFO [259/1084] 679e94a3-f421-4462-8c5e-37c00eb90b48: 19 internal nodes; 0.8 s; peak memory 285 MiB.
2026-10-06T02:06:34Z INFO [260/1084] 679fa272-740d-473d-8dda-6fc660f5d35d: 17 internal nodes; 0.7 s; peak memory 285 MiB.
2026-10-06T02:06:35Z INFO [261/1084] 67a06a2c-9d51-4aea-b988-0d9a785c1198: 17 internal nodes; 1.0 s; peak memory 285 MiB.
2026-10-06T02:06:42Z INFO [262/1084] 67a0fd17-7294-4773-87b6-005cf9977b43: 198 internal nodes; 6.2 s; peak memory 285 MiB.
2026-10-06T02:06:43Z INFO [263/1084] 67a131b5-8dd3-42f4-b306-2b4e0a550414: 62 internal nodes; 1.3 s; peak memory 285 MiB.
2026-10-06T02:06:45Z INFO [264/1084] 67a19efd-8f99-49ac-b2f3-f855f23812ff: 43 internal nodes; 2.2 s; peak memory 285 MiB.
2026-10-06T02:06:46Z INFO [265/1084] 67a2a3cf-b5f2-4c1d-bee9-43b08eebe6ea: 13 internal nodes; 0.6 s; peak memory 285 MiB.
2026-10-06T02:06:53Z INFO [266/1084] 67a3fa80-f9b7-4669-9ac7-61230750b168: 199 internal nodes; 7.5 s; peak memory 285 MiB.
2026-10-06T02:06:54Z INFO [267/1084] 67a4378f-7627-4ccf-b327-0bd248c1055d: 17 internal nodes; 0.8 s; peak memory 285 MiB.
2026-10-06T02:06:55Z INFO [268/1084] 67a47840-6720-40fa-9fce-76be3ae1c8b5: 17 internal nodes; 0.9 s; peak memory 285 MiB.
2026-10-06T02:06:55Z INFO [269/1084] 67a48606-c5f4-4953-9cad-fac66c9159c0: 13 internal nodes; 0.6 s; peak memory 285 MiB.
2026-10-06T02:06:57Z INFO [270/1084] 67a4a4dc-4fbf-4844-a47c-e8b118575d25: 54 internal nodes; 1.2 s; peak memory 285 MiB.
2026-10-06T02:06:58Z INFO [271/1084] 67a578ae-885b-49ba-bc7a-6472d38ee8a0: 17 internal nodes; 0.9 s; peak memory 285 MiB.
2026-10-06T02:06:58Z INFO [272/1084] 67a65b9b-a822-4334-a43b-4a69175e04f5: 27 internal nodes; 0.9 s; peak memory 285 MiB.
2026-10-06T02:06:59Z INFO [273/1084] 67a6d5b9-ca58-40e8-b716-a95c3612e69b: 17 internal nodes; 0.8 s; peak memory 285 MiB.
2026-10-06T02:07:01Z INFO [274/1084] 67a6f009-538b-4cb9-b567-1dcacc8e5901: 90 internal nodes; 1.3 s; peak memory 285 MiB.
2026-10-06T02:07:01Z INFO [275/1084] 67a76cef-35a1-4056-ae29-8db379ee6c9a: 19 internal nodes; 0.9 s; peak memory 285 MiB.
2026-10-06T02:07:02Z INFO [276/1084] 67a8131b-03e5-4d82-8095-53d93ccfe41c: 17 internal nodes; 0.9 s; peak memory 285 MiB.
2026-10-06T02:07:09Z INFO [277/1084] 67a9a538-d08f-4535-9de8-9a89ea58feb9: 73 internal nodes; 6.9 s; peak memory 285 MiB.
2026-10-06T02:07:10Z INFO [278/1084] 67a9d21f-3fd1-42ff-adc7-5a8aa46cb39d: 31 internal nodes; 1.3 s; peak memory 285 MiB.
2026-10-06T02:07:16Z INFO [279/1084] 67aac044-e5b0-460c-916a-832d225d269c: 55 internal nodes; 6.0 s; peak memory 285 MiB.
2026-10-06T02:07:20Z INFO [280/1084] 67aae245-5ccf-460b-a54b-f1c9b2f9aabb: 51 internal nodes; 4.0 s; peak memory 285 MiB.
2026-10-06T02:07:21Z INFO [281/1084] 67ab2d98-fdfa-491f-b5b1-58ca9ed7ac59: 13 internal nodes; 0.7 s; peak memory 285 MiB.
2026-10-06T02:07:28Z INFO [282/1084] 67ab59aa-3fd5-47d4-9538-ecead9da886a: 192 internal nodes; 6.6 s; peak memory 285 MiB.
2026-10-06T02:07:29Z INFO [283/1084] 67ab7a5b-58b2-419b-8f48-d8c833f4c6ec: 17 internal nodes; 0.9 s; peak memory 285 MiB.
2026-10-06T02:07:30Z INFO [284/1084] 67abd37d-e7fb-400c-a6cc-3c497d59b052: 31 internal nodes; 1.2 s; peak memory 285 MiB.
2026-10-06T02:07:30Z INFO [285/1084] 67abe8ca-3b08-4819-8104-ee62b5607bcd: 11 internal nodes; 0.6 s; peak memory 285 MiB.
2026-10-06T02:07:31Z INFO [286/1084] 67acdfe3-38ce-4718-ac86-a351de47e770: 28 internal nodes; 0.7 s; peak memory 285 MiB.
2026-10-06T02:07:32Z INFO [287/1084] 67ad0047-938e-4549-a1f7-cf7379163017: 27 internal nodes; 1.0 s; peak memory 285 MiB.
2026-10-06T02:07:39Z INFO [288/1084] 67ad07c1-af70-4ef6-97f4-0eca18327493: 66 internal nodes; 6.7 s; peak memory 285 MiB.
2026-10-06T02:07:40Z INFO [289/1084] 67ad4054-1c6b-4868-a684-0408cfea07cc: 17 internal nodes; 0.9 s; peak memory 285 MiB.
2026-10-06T02:07:41Z INFO [290/1084] 67ad4672-fa46-4772-8142-80fe0e8a8390: 17 internal nodes; 0.9 s; peak memory 285 MiB.
2026-10-06T02:07:42Z INFO [291/1084] 67adb00c-4e6a-4e7f-ab03-f150ddd32e2c: 27 internal nodes; 1.0 s; peak memory 285 MiB.
2026-10-06T02:07:42Z INFO [292/1084] 67ae15bd-80ca-42d6-b264-b9b4aedfeea2: 17 internal nodes; 0.8 s; peak memory 285 MiB.
2026-10-06T02:07:51Z INFO [293/1084] 67ae661e-af1c-4b9a-abe6-7676784097bc: 216 internal nodes; 8.9 s; peak memory 285 MiB.
2026-10-06T02:07:52Z INFO [294/1084] 67ae8110-2654-4419-a464-7a70a914314e: 26 internal nodes; 1.0 s; peak memory 285 MiB.
2026-10-06T02:07:53Z INFO [295/1084] 67aed1f5-d02d-40f9-8936-33440648cb0b: 17 internal nodes; 0.9 s; peak memory 285 MiB.
2026-10-06T02:07:54Z INFO [296/1084] 67af999d-bfd8-4c67-9346-80dea126bd1a: 27 internal nodes; 1.0 s; peak memory 285 MiB.
2026-10-06T02:07:55Z INFO [297/1084] 67b10039-6747-4090-a135-4f41e3ba7c18: 17 internal nodes; 0.9 s; peak memory 285 MiB.
2026-10-06T02:07:58Z INFO [298/1084] 67b18f9e-90ac-4b73-abe3-636e12a5e0c4: 46 internal nodes; 2.8 s; peak memory 285 MiB.
2026-10-06T02:07:59Z INFO [299/1084] 67b19f38-6f18-44f5-b024-bfd4dd5daf6f: 27 internal nodes; 1.1 s; peak memory 285 MiB.
2026-10-06T02:08:00Z INFO [300/1084] 67b23940-a055-4eb2-91cc-9f7c6916ffb2: 29 internal nodes; 1.3 s; peak memory 285 MiB.
2026-10-06T02:08:01Z INFO [300/1084] 67b23940-a055-4eb2-91cc-9f7c6916ffb2: checkpointed 96692 records.
2026-10-06T02:08:02Z INFO [301/1084] 67b26d51-ac1e-4fd1-917a-eecdb4ce9035: 17 internal nodes; 0.8 s; peak memory 285 MiB.
2026-10-06T02:08:08Z INFO [302/1084] 67b2af7d-6bd8-4979-a02d-080f2c8dc67f: 164 internal nodes; 5.9 s; peak memory 285 MiB.
2026-10-06T02:08:16Z INFO [303/1084] 67b30276-49e0-444a-8e37-23e29f291dbf: 1040 internal nodes; 8.4 s; peak memory 285 MiB.
2026-10-06T02:08:17Z INFO [304/1084] 67b38016-12ce-4e99-940c-d9506a65493e: 17 internal nodes; 0.8 s; peak memory 285 MiB.
2026-10-06T02:08:18Z INFO [305/1084] 67b46dc7-9656-4f5c-b491-564062883895: 17 internal nodes; 0.8 s; peak memory 285 MiB.
2026-10-06T02:08:19Z INFO [306/1084] 67b4fbac-2707-4199-8dbf-76e93cf26670: 31 internal nodes; 1.1 s; peak memory 285 MiB.
2026-10-06T02:08:20Z INFO [307/1084] 67b518d2-0d3a-430f-a09e-accc09a52c94: 18 internal nodes; 1.3 s; peak memory 285 MiB.
2026-10-06T02:08:21Z INFO [308/1084] 67b5b680-5246-435a-a92e-1547b950369f: 27 internal nodes; 1.0 s; peak memory 285 MiB.
2026-10-06T02:08:22Z INFO [309/1084] 67b6653f-17ed-43ac-ad70-583314fb494a: 19 internal nodes; 0.7 s; peak memory 285 MiB.
2026-10-06T02:08:23Z INFO [310/1084] 67b69b41-b50c-4aa1-92ec-05341852847a: 31 internal nodes; 1.1 s; peak memory 285 MiB.
2026-10-06T02:08:24Z INFO [311/1084] 67b8823c-f2bd-4b65-92ae-5f69fc2e93d3: 19 internal nodes; 0.9 s; peak memory 285 MiB.
2026-10-06T02:08:25Z INFO [312/1084] 67b975d4-eb7a-41ad-a407-def7bbf5f8df: 27 internal nodes; 1.0 s; peak memory 285 MiB.
2026-10-06T02:08:26Z INFO [313/1084] 67b9994d-ca14-4e8a-b1c3-defc39f8f149: 18 internal nodes; 1.0 s; peak memory 285 MiB.
2026-10-06T02:08:27Z INFO [314/1084] 67bbd311-f22e-45f3-9cb4-e965557cf6e8: 27 internal nodes; 1.0 s; peak memory 285 MiB.
2026-10-06T02:08:28Z INFO [315/1084] 67bc586c-7995-471c-9ddd-7c104cb53a50: 23 internal nodes; 1.2 s; peak memory 285 MiB.
2026-10-06T02:08:29Z INFO [316/1084] 67bcb6e3-fc9e-4a3c-8a49-72ec98445ec4: 19 internal nodes; 1.0 s; peak memory 285 MiB.
2026-10-06T02:08:30Z INFO [317/1084] 67bcbf8c-ccb1-43eb-ac3f-234b57d7ab32: 53 internal nodes; 1.2 s; peak memory 285 MiB.
2026-10-06T02:08:31Z INFO [318/1084] 67bceae1-a8a1-40e4-b61c-ed87fef2eff9: 27 internal nodes; 1.0 s; peak memory 285 MiB.
2026-10-06T02:08:32Z INFO [319/1084] 67bd9e6d-aca4-4964-8209-f8b98c269acb: 31 internal nodes; 1.3 s; peak memory 285 MiB.
2026-10-06T02:08:33Z INFO [320/1084] 67bdd390-87a8-471e-a681-8a032161d933: 23 internal nodes; 1.0 s; peak memory 285 MiB.
2026-10-06T02:08:38Z INFO [321/1084] 67be19ce-3dbf-4256-8358-7ade8b2ef325: 73 internal nodes; 4.4 s; peak memory 285 MiB.
2026-10-06T02:08:39Z INFO [322/1084] 67bf213a-5e0a-4b75-9ccf-b5be206b4ab8: 29 internal nodes; 1.3 s; peak memory 285 MiB.
2026-10-06T02:08:45Z INFO [323/1084] 67bf8ca5-e89c-493b-b754-ccfd38a4bd59: 171 internal nodes; 6.4 s; peak memory 285 MiB.
2026-10-06T02:08:46Z INFO [324/1084] 67c068a3-d62f-4a5e-9dce-af539cb29290: 31 internal nodes; 1.2 s; peak memory 285 MiB.
2026-10-06T02:08:55Z INFO [325/1084] 67c0b1a8-7373-497c-85ed-cb77df920314: 74 internal nodes; 9.1 s; peak memory 285 MiB.
2026-10-06T02:08:58Z INFO [326/1084] 67c156b9-1a32-4d76-ad0f-d2df9b910cea: 44 internal nodes; 2.1 s; peak memory 285 MiB.
2026-10-06T02:08:58Z INFO [327/1084] 67c15c9f-1acc-42ca-afb7-4ab11b61903e: 19 internal nodes; 0.8 s; peak memory 285 MiB.
2026-10-06T02:08:59Z INFO [328/1084] 67c2126f-fcd5-4195-bc09-494830235a4a: 27 internal nodes; 1.1 s; peak memory 285 MiB.
2026-10-06T02:09:08Z INFO [329/1084] 67c216fc-3277-40b7-9375-6f1c84d73549: 302 internal nodes; 8.1 s; peak memory 285 MiB.
2026-10-06T02:09:09Z INFO [330/1084] 67c25268-d08d-402c-9a81-6d76243be409: 27 internal nodes; 1.0 s; peak memory 285 MiB.
2026-10-06T02:09:09Z INFO [331/1084] 67c31445-2d44-4412-aabc-597fa1c1a602: 17 internal nodes; 0.9 s; peak memory 285 MiB.
2026-10-06T02:09:14Z INFO [332/1084] 67c476c5-c74d-4d7d-87ae-a7a9b400456b: 70 internal nodes; 4.6 s; peak memory 285 MiB.
2026-10-06T02:09:15Z INFO [333/1084] 67c4f1c8-2a22-4177-b7e0-4d89f3dc5d7b: 27 internal nodes; 1.0 s; peak memory 285 MiB.
2026-10-06T02:09:16Z INFO [334/1084] 67c4f33e-79a6-4cb5-a438-7dddc31527f8: 67 internal nodes; 1.3 s; peak memory 285 MiB.
2026-10-06T02:09:42Z INFO [335/1084] 67c5a765-01b6-428f-a17f-4b4b55543742: 3715 internal nodes; 25.5 s; peak memory 358 MiB.
2026-10-06T02:09:43Z INFO [336/1084] 67c6fbc3-f23c-4e29-bcd6-5c12fffd6a05: 27 internal nodes; 1.0 s; peak memory 358 MiB.
2026-10-06T02:09:44Z INFO [337/1084] 67c740f7-905a-40d2-91a8-2fa3b18e5323: 18 internal nodes; 0.9 s; peak memory 358 MiB.
2026-10-06T02:09:45Z INFO [338/1084] 67c7d2cc-fffc-414f-9aab-e7754bdf31ea: 31 internal nodes; 1.6 s; peak memory 358 MiB.
2026-10-06T02:09:47Z INFO [339/1084] 67c7fc33-881f-4d27-b8b3-d2ad8a003cf1: 30 internal nodes; 1.4 s; peak memory 358 MiB.
2026-10-06T02:09:49Z INFO [340/1084] 67c84be5-58c3-46e3-b7b0-394e537d2c17: 40 internal nodes; 2.3 s; peak memory 358 MiB.
2026-10-06T02:09:50Z INFO [341/1084] 67ca888f-1db1-4c16-a3cd-c829b3e0a9ee: 19 internal nodes; 0.7 s; peak memory 358 MiB.
2026-10-06T02:09:51Z INFO [342/1084] 67cbba4b-1b49-46a3-98e6-e50beb3bd377: 51 internal nodes; 1.6 s; peak memory 358 MiB.
2026-10-06T02:09:52Z INFO [343/1084] 67cbec63-4f91-4e2b-b3d3-08d2d8bd7533: 17 internal nodes; 0.9 s; peak memory 358 MiB.
2026-10-06T02:09:53Z INFO [344/1084] 67cc86ef-eacf-45d9-aade-9bce58d9859d: 17 internal nodes; 0.8 s; peak memory 358 MiB.
2026-10-06T02:09:54Z INFO [345/1084] 67cd1fda-e9fa-4c77-a6e6-17cbf1e121bf: 17 internal nodes; 0.8 s; peak memory 358 MiB.
2026-10-06T02:09:55Z INFO [346/1084] 67cd37d4-b323-42d2-8a9b-09ed1afa13cb: 31 internal nodes; 1.2 s; peak memory 358 MiB.
2026-10-06T02:10:03Z INFO [347/1084] 67ce1a00-4217-47d3-92c2-3bd6588dab9d: 234 internal nodes; 8.1 s; peak memory 358 MiB.
2026-10-06T02:10:04Z INFO [348/1084] 67ce6a90-f764-4687-8fbf-5be5d3d1a7a2: 17 internal nodes; 0.9 s; peak memory 358 MiB.
2026-10-06T02:10:05Z INFO [349/1084] 67cf6faf-134f-42bd-95ba-d9c40bb8cc85: 13 internal nodes; 1.0 s; peak memory 358 MiB.
2026-10-06T02:10:07Z INFO [350/1084] 67cfb3ff-504a-4cfa-a812-119637690881: 26 internal nodes; 1.6 s; peak memory 358 MiB.
2026-10-06T02:10:07Z INFO [350/1084] 67cfb3ff-504a-4cfa-a812-119637690881: checkpointed 96742 records.
2026-10-06T02:10:08Z INFO [351/1084] 67d02865-1d23-421d-85ce-3026cefeb1d0: 31 internal nodes; 1.0 s; peak memory 358 MiB.
2026-10-06T02:10:09Z INFO [352/1084] 67d1b1c5-4cbf-40e6-b4e7-29e22f658b04: 37 internal nodes; 1.2 s; peak memory 358 MiB.
2026-10-06T02:10:10Z INFO [353/1084] 67d1b33d-3527-462a-8834-d5a37c301e5d: 27 internal nodes; 1.0 s; peak memory 358 MiB.
2026-10-06T02:10:11Z INFO [354/1084] 67d39935-a000-4b61-a260-7cb43c2fe46a: 17 internal nodes; 0.9 s; peak memory 358 MiB.
2026-10-06T02:10:12Z INFO [355/1084] 67d47883-2a77-40b8-b086-a0105dd589b7: 83 internal nodes; 1.0 s; peak memory 358 MiB.
2026-10-06T02:10:14Z INFO [356/1084] 67d479d5-63d7-4bea-91f6-b888eca49416: 65 internal nodes; 1.4 s; peak memory 358 MiB.
2026-10-06T02:10:15Z INFO [357/1084] 67d47c1a-2eff-4548-801c-efeaeab7470b: 13 internal nodes; 1.0 s; peak memory 358 MiB.
2026-10-06T02:10:16Z INFO [358/1084] 67d53b44-bef6-43a9-afe4-5a30251f59fc: 21 internal nodes; 1.9 s; peak memory 358 MiB.
2026-10-06T02:10:18Z INFO [359/1084] 67d574f7-7983-45c9-a898-adbea0beec49: 29 internal nodes; 1.2 s; peak memory 358 MiB.
2026-10-06T02:10:19Z INFO [360/1084] 67d69746-7402-4b60-82dc-6cf094ff28a4: 19 internal nodes; 1.1 s; peak memory 358 MiB.
2026-10-06T02:10:21Z INFO [361/1084] 67d6cf9c-6052-4309-86b0-69cd03bdcce7: 65 internal nodes; 2.1 s; peak memory 358 MiB.
2026-10-06T02:10:22Z INFO [362/1084] 67d8c2f7-552d-4363-99b4-bd0937d733db: 37 internal nodes; 1.3 s; peak memory 358 MiB.
2026-10-06T02:10:23Z INFO [363/1084] 67d934cc-dff1-4cc9-a1b0-de3b97fb063b: 27 internal nodes; 0.7 s; peak memory 358 MiB.
2026-10-06T02:10:24Z INFO [364/1084] 67d9d937-6c37-4c07-b6a6-bd71c7b57b39: 13 internal nodes; 1.0 s; peak memory 358 MiB.
2026-10-06T02:10:24Z INFO [365/1084] 67da05d5-a068-40bb-85a9-ecf64532411c: 11 internal nodes; 0.5 s; peak memory 358 MiB.
2026-10-06T02:10:31Z INFO [366/1084] 67db8d0b-54ce-4b5a-ae56-6c928cb81662: 163 internal nodes; 6.5 s; peak memory 358 MiB.
2026-10-06T02:10:38Z INFO [367/1084] 67dc01f3-1cd3-482d-aa9e-c989e130c6b2: 1520 internal nodes; 6.9 s; peak memory 358 MiB.
2026-10-06T02:10:39Z INFO [368/1084] 67dc2d6a-e458-4906-ae6a-40f5bd3c9ecd: 29 internal nodes; 1.4 s; peak memory 358 MiB.
2026-10-06T02:10:41Z INFO [369/1084] 67dcb6df-c109-4983-8d43-970383a3f081: 37 internal nodes; 1.7 s; peak memory 358 MiB.
2026-10-06T02:10:42Z INFO [370/1084] 67dec5ec-603b-47ef-9c09-7219fb1e6bab: 28 internal nodes; 1.2 s; peak memory 358 MiB.
2026-10-06T02:10:43Z INFO [371/1084] 67deec94-647a-41c5-b872-369c2d753826: 27 internal nodes; 1.0 s; peak memory 358 MiB.
2026-10-06T02:10:44Z INFO [372/1084] 67df6b04-1dbe-4f7e-86f9-fee96c79f0bb: 17 internal nodes; 0.7 s; peak memory 358 MiB.
2026-10-06T02:10:45Z INFO [373/1084] 67e16ee7-1c06-4b2c-8464-8d29c4ae1604: 17 internal nodes; 1.0 s; peak memory 358 MiB.
2026-10-06T02:10:46Z INFO [374/1084] 67e24c1e-5b16-466c-bb4c-26caf438aacf: 27 internal nodes; 1.0 s; peak memory 358 MiB.
2026-10-06T02:10:47Z INFO [375/1084] 67e25c23-607c-4da6-9cd6-865d10303008: 32 internal nodes; 1.5 s; peak memory 358 MiB.
2026-10-06T02:10:48Z INFO [376/1084] 67e29621-65c8-462e-95b6-d6d063b7b74a: 17 internal nodes; 0.8 s; peak memory 358 MiB.
2026-10-06T02:10:49Z INFO [377/1084] 67e2a6da-3097-40ad-a0f9-8e9d4ab6cdfd: 27 internal nodes; 0.9 s; peak memory 358 MiB.
2026-10-06T02:10:50Z INFO [378/1084] 67e2fd0e-b694-4f0a-bfb1-15d4e6601245: 31 internal nodes; 1.1 s; peak memory 358 MiB.
2026-10-06T02:10:55Z INFO [379/1084] 67e3ce6d-ceac-4e13-830c-db85159f27fc: 70 internal nodes; 4.7 s; peak memory 358 MiB.
2026-10-06T02:10:55Z INFO [380/1084] 67e40f3c-5e1d-4dc5-b94a-f3fd257d8ae5: 13 internal nodes; 0.7 s; peak memory 358 MiB.
2026-10-06T02:10:56Z INFO [381/1084] 67e56d6b-e78a-4b25-826e-cb42bf65e720: 17 internal nodes; 1.0 s; peak memory 358 MiB.
2026-10-06T02:11:06Z INFO [382/1084] 67e5dc39-3f4e-478f-8abd-64bc037918f5: 75 internal nodes; 9.5 s; peak memory 358 MiB.
2026-10-06T02:11:07Z INFO [383/1084] 67e6014e-f6b1-46fe-adae-7cc39aeea517: 66 internal nodes; 1.4 s; peak memory 358 MiB.
2026-10-06T02:11:08Z INFO [384/1084] 67e60771-7c53-40b1-bd43-954e9b705ff7: 13 internal nodes; 0.7 s; peak memory 358 MiB.
2026-10-06T02:11:09Z INFO [385/1084] 67e73cfa-6539-481d-b1f2-3dff062434c0: 29 internal nodes; 0.8 s; peak memory 358 MiB.
2026-10-06T02:11:10Z INFO [386/1084] 67e7683d-6790-4f98-a6b1-d3a5aeaa74c0: 19 internal nodes; 1.0 s; peak memory 358 MiB.
2026-10-06T02:11:11Z INFO [387/1084] 67e76cb0-d7e6-46e7-8fc3-9757f10d1cb8: 21 internal nodes; 0.7 s; peak memory 358 MiB.
2026-10-06T02:11:12Z INFO [388/1084] 67e7b305-1a09-422e-bf4e-790bf0f8444f: 27 internal nodes; 1.0 s; peak memory 358 MiB.
2026-10-06T02:11:13Z INFO [389/1084] 67e7bd67-2411-49b5-b777-a26ab6689b2c: 41 internal nodes; 1.3 s; peak memory 358 MiB.
2026-10-06T02:11:14Z INFO [390/1084] 67e7cc0e-85c3-4452-add6-e4152431fd7b: 56 internal nodes; 1.2 s; peak memory 358 MiB.
2026-10-06T02:11:20Z INFO [391/1084] 67e884db-31ef-417c-85b3-ebecc04bb338: 177 internal nodes; 5.4 s; peak memory 358 MiB.
2026-10-06T02:11:24Z INFO [392/1084] 67e8c5c9-40f5-444f-bec5-2f2d44e68910: 116 internal nodes; 4.9 s; peak memory 358 MiB.
2026-10-06T02:11:25Z INFO [393/1084] 67e8cc88-53e0-45f3-9d49-5cdc1604d5fc: 58 internal nodes; 0.8 s; peak memory 358 MiB.
2026-10-06T02:11:28Z INFO [394/1084] 67e9016e-5731-49ed-9301-88907cd84c85: 46 internal nodes; 2.6 s; peak memory 358 MiB.
2026-10-06T02:11:29Z INFO [395/1084] 67e9047b-3818-4d58-8080-1fd3484eb04e: 63 internal nodes; 1.0 s; peak memory 358 MiB.
2026-10-06T02:11:31Z INFO [396/1084] 67e94ab3-66d8-47c2-827a-cb5131986e8d: 63 internal nodes; 2.0 s; peak memory 358 MiB.
2026-10-06T02:11:40Z INFO [397/1084] 67eb5f34-2d98-445c-83ea-58d46f28d39b: 89 internal nodes; 9.4 s; peak memory 358 MiB.
2026-10-06T02:11:41Z INFO [398/1084] 67eb8143-ddf6-453d-82a1-0ba0b0bc12c6: 18 internal nodes; 1.0 s; peak memory 358 MiB.
2026-10-06T02:11:43Z INFO [399/1084] 67ec65dc-6735-4536-a469-365ec4b3a583: 31 internal nodes; 1.3 s; peak memory 358 MiB.
2026-10-06T02:11:45Z INFO [400/1084] 67ec8bea-4544-496a-b406-e8c823b2f000: 44 internal nodes; 2.3 s; peak memory 358 MiB.
2026-10-06T02:11:45Z INFO [400/1084] 67ec8bea-4544-496a-b406-e8c823b2f000: checkpointed 96792 records.
2026-10-06T02:11:49Z INFO [401/1084] 67ecb2f6-dbef-4079-9457-3a87f206b426: 110 internal nodes; 4.1 s; peak memory 358 MiB.
2026-10-06T02:11:50Z INFO [402/1084] 67ecc2f6-5c94-420d-b453-e5cc5e17a56e: 35 internal nodes; 0.8 s; peak memory 358 MiB.
2026-10-06T02:11:51Z INFO [403/1084] 67ed14ec-a1bc-4aef-bcf1-438f086b9f68: 20 internal nodes; 1.0 s; peak memory 358 MiB.
2026-10-06T02:11:52Z INFO [404/1084] 67ed26ee-a7a8-45b8-a7c5-258081378cb8: 90 internal nodes; 1.3 s; peak memory 358 MiB.
2026-10-06T02:11:54Z INFO [405/1084] 67edcbf5-e27a-4f63-975a-97bed817a9ed: 13 internal nodes; 1.1 s; peak memory 358 MiB.
2026-10-06T02:11:55Z INFO [406/1084] 67ee3f73-01dd-4b01-8514-a51ef3854cca: 27 internal nodes; 1.0 s; peak memory 358 MiB.
2026-10-06T02:11:56Z INFO [407/1084] 67ee40b6-9e05-4c75-9c6f-eb4521fd496a: 17 internal nodes; 1.0 s; peak memory 358 MiB.
2026-10-06T02:11:56Z INFO [408/1084] 67ee5bf3-68f5-400d-a45a-40960d448df1: 28 internal nodes; 0.7 s; peak memory 358 MiB.
2026-10-06T02:11:57Z INFO [409/1084] 67eed19a-9a49-45e2-925f-1b4193244a44: 27 internal nodes; 1.0 s; peak memory 358 MiB.
2026-10-06T02:11:59Z INFO [410/1084] 67eeedda-de37-4e52-8c5c-7ed5641c0623: 65 internal nodes; 1.6 s; peak memory 358 MiB.
2026-10-06T02:12:00Z INFO [411/1084] 67ef00a1-e6db-431e-b142-145bdbd5d83e: 17 internal nodes; 0.8 s; peak memory 358 MiB.
2026-10-06T02:12:00Z INFO [412/1084] 67efc4a3-daad-411c-8552-316572fca35b: 16 internal nodes; 0.8 s; peak memory 358 MiB.
2026-10-06T02:12:02Z INFO [413/1084] 67f0697d-dee8-43cb-8a19-ba9ddad6a65e: 31 internal nodes; 1.3 s; peak memory 358 MiB.
2026-10-06T02:12:04Z INFO [414/1084] 67f0b0d9-26ce-4e05-baee-837b03c7e870: 42 internal nodes; 2.1 s; peak memory 358 MiB.
2026-10-06T02:12:05Z INFO [415/1084] 67f2046d-ce3a-407d-87b1-cd5c078aaedf: 11 internal nodes; 0.7 s; peak memory 358 MiB.
2026-10-06T02:12:05Z INFO [416/1084] 67f22a61-a3f1-4638-b363-4ed22913e33d: 17 internal nodes; 0.9 s; peak memory 358 MiB.
2026-10-06T02:12:07Z INFO [417/1084] 67f26356-8a13-4b76-91e5-da605615e5a4: 57 internal nodes; 2.0 s; peak memory 358 MiB.
2026-10-06T02:12:08Z INFO [418/1084] 67f28145-0aa4-48e7-909f-855972ba7e17: 27 internal nodes; 1.0 s; peak memory 358 MiB.
2026-10-06T02:12:10Z INFO [419/1084] 67f2e49e-e280-4431-956e-1d3e6e748b4f: 18 internal nodes; 1.1 s; peak memory 358 MiB.
2026-10-06T02:12:10Z INFO [420/1084] 67f34d95-1b98-4353-9cb8-569c2cc4403e: 18 internal nodes; 0.7 s; peak memory 358 MiB.
2026-10-06T02:12:12Z INFO [421/1084] 67f46f4e-66d6-414c-913d-0002a94a6201: 42 internal nodes; 2.1 s; peak memory 358 MiB.
2026-10-06T02:12:14Z INFO [422/1084] 67f54acd-3dc9-4605-92ec-266eaa8c85eb: 13 internal nodes; 1.2 s; peak memory 358 MiB.
2026-10-06T02:12:14Z INFO [423/1084] 67f9045f-3fc8-4343-aca3-e7abd599f481: 17 internal nodes; 0.8 s; peak memory 358 MiB.
2026-10-06T02:12:16Z INFO [424/1084] 67fa9fe7-9a8d-4313-a29d-83635a0c155c: 72 internal nodes; 1.3 s; peak memory 358 MiB.
2026-10-06T02:12:16Z INFO [425/1084] 67faa820-d666-4de6-be21-f75a985d703c: 21 internal nodes; 0.6 s; peak memory 358 MiB.
2026-10-06T02:12:18Z INFO [426/1084] 67fabfa4-4f87-4aa8-a56b-36bc7257e4c4: 31 internal nodes; 1.2 s; peak memory 358 MiB.
2026-10-06T02:12:22Z INFO [427/1084] 67fac176-e05d-4547-ae24-da73b11ab95d: 138 internal nodes; 4.8 s; peak memory 358 MiB.
2026-10-06T02:12:23Z INFO [428/1084] 67facf12-1d2a-4242-9133-67d0701dac0d: 27 internal nodes; 1.0 s; peak memory 358 MiB.
2026-10-06T02:12:24Z INFO [429/1084] 67fb2818-2e04-4940-b0c2-54850ef3d401: 17 internal nodes; 0.8 s; peak memory 358 MiB.
2026-10-06T02:12:26Z INFO [430/1084] 67fb4808-88b5-47c7-8dc1-a4c6a9389747: 60 internal nodes; 2.1 s; peak memory 358 MiB.
2026-10-06T02:12:31Z INFO [431/1084] 67fbd766-7127-4c6f-b54d-8c14ff820c2e: 135 internal nodes; 4.4 s; peak memory 358 MiB.
2026-10-06T02:12:32Z INFO [432/1084] 67fbf1fc-02e2-41ea-a05c-840e8ed21688: 31 internal nodes; 1.2 s; peak memory 358 MiB.
2026-10-06T02:12:33Z INFO [433/1084] 67fc18dc-f263-463c-b1d0-8de0791f5d6b: 11 internal nodes; 0.6 s; peak memory 358 MiB.
2026-10-06T02:12:34Z INFO [434/1084] 67fcfa52-16bc-4c23-aba9-9c7d7d93a36b: 29 internal nodes; 1.1 s; peak memory 358 MiB.
2026-10-06T02:12:34Z INFO [435/1084] 67fd4d06-d9e0-49ad-a171-9195c2a183d2: 17 internal nodes; 0.8 s; peak memory 358 MiB.
2026-10-06T02:12:36Z INFO [436/1084] 67fdb6cb-9097-476f-8f73-3240c89f51b0: 36 internal nodes; 1.6 s; peak memory 358 MiB.
2026-10-06T02:12:37Z INFO [437/1084] 67fe657f-8809-4574-ae86-694278726c7c: 17 internal nodes; 0.9 s; peak memory 358 MiB.
2026-10-06T02:12:38Z INFO [438/1084] 67feeaad-480d-41c4-b256-0333f73d6005: 17 internal nodes; 0.9 s; peak memory 358 MiB.
2026-10-06T02:12:39Z INFO [439/1084] 67ff0c5f-af89-471d-bc73-aa37a6e54569: 18 internal nodes; 1.1 s; peak memory 358 MiB.
2026-10-06T02:12:40Z INFO [440/1084] 67ff90fa-3d36-4e91-8cc1-6655e72775d8: 27 internal nodes; 0.9 s; peak memory 358 MiB.
2026-10-06T02:12:41Z INFO [441/1084] 67fff43f-2d1f-445c-aa0b-480783c0e0bc: 19 internal nodes; 0.8 s; peak memory 358 MiB.
2026-10-06T02:12:42Z INFO [442/1084] 68002324-b902-418e-a542-b24accb262c6: 18 internal nodes; 0.8 s; peak memory 358 MiB.
2026-10-06T02:12:44Z INFO [443/1084] 68003c86-59cf-4df0-a46b-2e669f418a1c: 44 internal nodes; 2.5 s; peak memory 358 MiB.
2026-10-06T02:12:45Z INFO [444/1084] 6800c839-c240-4d07-917e-85f5cb04676d: 19 internal nodes; 0.9 s; peak memory 358 MiB.
2026-10-06T02:12:46Z INFO [445/1084] 6800eb4e-56d2-4def-b6da-fc83b1568939: 17 internal nodes; 0.9 s; peak memory 358 MiB.
2026-10-06T02:12:46Z INFO [446/1084] 6800fcda-f94a-4b41-b687-3317b85b595c: 13 internal nodes; 0.6 s; peak memory 358 MiB.
2026-10-06T02:12:47Z INFO [447/1084] 6801ef95-de53-47d1-a3cf-e7744e4a13b3: 17 internal nodes; 0.8 s; peak memory 358 MiB.
2026-10-06T02:12:48Z INFO [448/1084] 68025105-f159-49ed-a6fa-0b73f1d3b492: 41 internal nodes; 1.2 s; peak memory 358 MiB.
2026-10-06T02:12:50Z INFO [449/1084] 6802758e-4dbc-4771-a396-44b765fb8449: 37 internal nodes; 1.2 s; peak memory 358 MiB.
2026-10-06T02:12:51Z INFO [450/1084] 6802a3bb-ef0f-4dd1-985b-3459930fa83c: 31 internal nodes; 1.1 s; peak memory 358 MiB.
2026-10-06T02:12:51Z INFO [450/1084] 6802a3bb-ef0f-4dd1-985b-3459930fa83c: checkpointed 96842 records.
2026-10-06T02:13:01Z INFO [451/1084] 68032022-9c62-4105-9ef4-b72daa7404d9: 63 internal nodes; 9.6 s; peak memory 358 MiB.
2026-10-06T02:13:02Z INFO [452/1084] 680342de-3ef4-4b0a-97b2-696d6dd0d4e9: 115 internal nodes; 1.0 s; peak memory 358 MiB.
2026-10-06T02:13:03Z INFO [453/1084] 68035c49-ad1a-4a4d-a521-4ebf21e60f51: 31 internal nodes; 1.4 s; peak memory 358 MiB.
2026-10-06T02:13:04Z INFO [454/1084] 68037385-8d68-480c-944f-f209ffb3abe9: 17 internal nodes; 0.9 s; peak memory 358 MiB.
2026-10-06T02:13:05Z INFO [455/1084] 6803f94e-b770-4b9a-bc44-3a24c42ad527: 17 internal nodes; 0.7 s; peak memory 358 MiB.
2026-10-06T02:13:11Z INFO [456/1084] 6804d62a-beef-444e-bf5e-a6ec5325b7bb: 202 internal nodes; 6.5 s; peak memory 358 MiB.
2026-10-06T02:13:13Z INFO [457/1084] 68050203-391d-417e-aca6-026d2d13d04e: 37 internal nodes; 1.6 s; peak memory 358 MiB.
2026-10-06T02:13:14Z INFO [458/1084] 6805f0f6-9a85-4d12-a8db-0bcba0fc261a: 19 internal nodes; 0.8 s; peak memory 358 MiB.
2026-10-06T02:13:15Z INFO [459/1084] 6806594f-ebb1-4b72-84b1-f1c11d0886d9: 65 internal nodes; 1.3 s; peak memory 358 MiB.
2026-10-06T02:13:16Z INFO [460/1084] 680785a7-38fa-40ac-b5cf-4b89dd210a03: 11 internal nodes; 0.8 s; peak memory 358 MiB.
2026-10-06T02:13:17Z INFO [461/1084] 6808181c-5ca0-42e8-b3bd-74ad8d237513: 21 internal nodes; 0.7 s; peak memory 358 MiB.
2026-10-06T02:13:18Z INFO [462/1084] 6809e71b-a3f1-4fa1-b7c3-082c0fdd8817: 29 internal nodes; 1.5 s; peak memory 358 MiB.
2026-10-06T02:13:19Z INFO [463/1084] 680d2749-01de-4f4d-8973-0dc3df4dd76f: 31 internal nodes; 1.4 s; peak memory 358 MiB.
2026-10-06T02:13:21Z INFO [464/1084] 680d6375-741b-45e4-9e0a-69b54e8ddb03: 27 internal nodes; 1.1 s; peak memory 358 MiB.
2026-10-06T02:13:21Z INFO [465/1084] 680d669b-2f63-418d-8d33-48ee6bb3545a: 19 internal nodes; 0.9 s; peak memory 358 MiB.
2026-10-06T02:13:23Z INFO [466/1084] 680da5d2-1034-4ad6-988b-3cf2c32781e6: 67 internal nodes; 1.6 s; peak memory 358 MiB.
2026-10-06T02:13:24Z INFO [467/1084] 680de791-c6bf-4079-a247-443d7fec9453: 26 internal nodes; 0.6 s; peak memory 358 MiB.
2026-10-06T02:13:25Z INFO [468/1084] 680ea79e-8c07-49f6-8a1d-1fe533d173ef: 21 internal nodes; 1.1 s; peak memory 358 MiB.
2026-10-06T02:13:26Z INFO [469/1084] 680ebd2b-b53b-4898-8f45-ae19531801ef: 61 internal nodes; 1.4 s; peak memory 358 MiB.
2026-10-06T02:13:28Z INFO [470/1084] 680fc2af-19e6-4538-9502-eeff2ed9f0d1: 60 internal nodes; 2.0 s; peak memory 358 MiB.
2026-10-06T02:13:29Z INFO [471/1084] 681033fc-246a-436f-8e59-1b80f79fff5b: 24 internal nodes; 1.0 s; peak memory 358 MiB.
2026-10-06T02:13:30Z INFO [472/1084] 68108637-0943-4ec8-8a70-8369d5e517e6: 17 internal nodes; 0.9 s; peak memory 358 MiB.
2026-10-06T02:13:31Z INFO [473/1084] 68116143-02b5-4432-b639-2afbee034276: 29 internal nodes; 1.3 s; peak memory 358 MiB.
2026-10-06T02:13:42Z INFO [474/1084] 6811ae7b-3945-40d9-9c3b-c623f7734ae3: 246 internal nodes; 10.4 s; peak memory 358 MiB.
2026-10-06T02:13:43Z INFO [475/1084] 6811c7c7-e7f9-497b-b5da-bef82d723dd6: 18 internal nodes; 1.0 s; peak memory 358 MiB.
2026-10-06T02:13:53Z INFO [476/1084] 68124c4f-ed6b-4e58-a071-bb9a621fb9ee: 2199 internal nodes; 10.5 s; peak memory 358 MiB.
2026-10-06T02:13:54Z INFO [477/1084] 68125304-35ef-4413-a03d-ce22c482962d: 31 internal nodes; 1.2 s; peak memory 358 MiB.
2026-10-06T02:13:55Z INFO [478/1084] 6813b09d-571d-46eb-9877-cfc7f4e68cc8: 26 internal nodes; 0.9 s; peak memory 358 MiB.
2026-10-06T02:13:57Z INFO [479/1084] 68144da9-5a14-42ee-93bc-706de243dad1: 27 internal nodes; 1.8 s; peak memory 358 MiB.
2026-10-06T02:13:58Z INFO [480/1084] 6814a6d6-381a-4fa5-8017-1745d6d9a02a: 27 internal nodes; 1.0 s; peak memory 358 MiB.
2026-10-06T02:13:59Z INFO [481/1084] 6814be96-8bc6-4590-95a2-c5bbab3ef047: 116 internal nodes; 1.4 s; peak memory 358 MiB.
2026-10-06T02:14:01Z INFO [482/1084] 6814e805-79c8-46dd-bd6f-4b49689dc9f4: 28 internal nodes; 1.3 s; peak memory 358 MiB.
2026-10-06T02:14:03Z INFO [483/1084] 6815b046-0389-4a55-9b55-417817a4bad6: 72 internal nodes; 2.2 s; peak memory 358 MiB.
2026-10-06T02:14:04Z INFO [484/1084] 6815c332-69cd-4f6e-aae5-b6b38b9eefb4: 27 internal nodes; 0.9 s; peak memory 358 MiB.
2026-10-06T02:14:05Z INFO [485/1084] 68162705-5377-4d7e-a109-a15aa23441c1: 17 internal nodes; 0.9 s; peak memory 358 MiB.
2026-10-06T02:14:07Z INFO [486/1084] 681655cc-11b1-4ca3-b7c1-1238fbc83d1d: 60 internal nodes; 2.0 s; peak memory 358 MiB.
2026-10-06T02:14:08Z INFO [487/1084] 68166d9e-b346-4759-aef5-4e90f37f85c9: 27 internal nodes; 0.9 s; peak memory 358 MiB.
2026-10-06T02:14:09Z INFO [488/1084] 68167631-2cd4-432d-96d4-09abf7f6451f: 31 internal nodes; 1.4 s; peak memory 358 MiB.
2026-10-06T02:14:10Z INFO [489/1084] 68178c02-88fa-4982-b677-32b96142b3e8: 18 internal nodes; 0.8 s; peak memory 358 MiB.
2026-10-06T02:14:16Z INFO [490/1084] 68180eab-36a9-4c20-8012-94fc6e45827e: 184 internal nodes; 6.4 s; peak memory 358 MiB.
2026-10-06T02:14:17Z INFO [491/1084] 6818b9af-6185-4f83-a70f-e47bee26f888: 26 internal nodes; 0.7 s; peak memory 358 MiB.
2026-10-06T02:14:22Z INFO [492/1084] 6818d810-67a8-4b35-8767-fc3347a72f39: 159 internal nodes; 4.9 s; peak memory 358 MiB.
2026-10-06T02:14:23Z INFO [493/1084] 68196d62-a951-453a-9e30-9da940fc6ef0: 17 internal nodes; 0.8 s; peak memory 358 MiB.
2026-10-06T02:14:24Z INFO [494/1084] 681991ba-b9ba-4659-a89e-ba585c11eeb2: 24 internal nodes; 1.1 s; peak memory 358 MiB.
2026-10-06T02:14:29Z INFO [495/1084] 681adf59-9a5d-42e5-9435-de5d2d6734ff: 177 internal nodes; 5.3 s; peak memory 358 MiB.
2026-10-06T02:14:30Z INFO [496/1084] 681aec05-b657-4110-aeb2-a505c7041ef8: 27 internal nodes; 1.0 s; peak memory 358 MiB.
2026-10-06T02:14:31Z INFO [497/1084] 681b16b5-eba3-4ae2-94a6-4cf533988af4: 17 internal nodes; 0.8 s; peak memory 358 MiB.
2026-10-06T02:14:33Z INFO [498/1084] 681b7113-fc88-4589-aadb-dc16b5719077: 44 internal nodes; 2.2 s; peak memory 358 MiB.
2026-10-06T02:14:34Z INFO [499/1084] 681bc014-1efa-4ca6-afde-c1ad64196e14: 31 internal nodes; 1.4 s; peak memory 358 MiB.
2026-10-06T02:14:35Z INFO [500/1084] 681c0e29-274d-41e4-a850-0afd9a53d925: 27 internal nodes; 1.0 s; peak memory 358 MiB.
2026-10-06T02:14:36Z INFO [500/1084] 681c0e29-274d-41e4-a850-0afd9a53d925: checkpointed 96892 records.
2026-10-06T02:14:37Z INFO [501/1084] 681c9bb7-77ac-4232-a7f4-ac1e1ac75545: 17 internal nodes; 0.8 s; peak memory 358 MiB.
2026-10-06T02:14:38Z INFO [502/1084] 681d26ea-8d70-4f71-b897-a527732dea53: 61 internal nodes; 1.2 s; peak memory 358 MiB.
2026-10-06T02:14:41Z INFO [503/1084] 681d461d-1e1e-45c9-be2e-2a364614f8fd: 41 internal nodes; 2.9 s; peak memory 358 MiB.
2026-10-06T02:14:42Z INFO [504/1084] 681d4651-f1e1-4e48-95b5-7c3561e46553: 17 internal nodes; 0.9 s; peak memory 358 MiB.
2026-10-06T02:14:42Z INFO [505/1084] 681ec5a5-6d10-4253-89ce-ce54c92b6d5e: 23 internal nodes; 0.7 s; peak memory 358 MiB.
2026-10-06T02:14:43Z INFO [506/1084] 681f8b28-e84e-45d4-9310-03d8b1e42cf1: 17 internal nodes; 0.8 s; peak memory 358 MiB.
2026-10-06T02:14:46Z INFO [507/1084] 681fb3cb-b5b8-489e-a535-916a5c14a959: 44 internal nodes; 2.4 s; peak memory 358 MiB.
2026-10-06T02:14:47Z INFO [508/1084] 68203e5f-9d9c-4d1f-a9ad-90fb0c5c3339: 17 internal nodes; 0.8 s; peak memory 358 MiB.
2026-10-06T02:14:47Z INFO [509/1084] 68213dda-b3ff-418d-b5f7-75a75762149c: 17 internal nodes; 1.0 s; peak memory 358 MiB.
2026-10-06T02:14:48Z INFO [510/1084] 68214200-be3d-4063-af26-afe2aa00d928: 27 internal nodes; 0.9 s; peak memory 358 MiB.
2026-10-06T02:16:16Z INFO [511/1084] 6821594c-b7b8-4fc4-8c20-5b0406dd0dc8: 518 internal nodes; 88.0 s; peak memory 358 MiB.
2026-10-06T02:16:19Z INFO [512/1084] 682178cc-66d5-4366-b934-94b64731b0e5: 53 internal nodes; 2.3 s; peak memory 358 MiB.
2026-10-06T02:16:19Z INFO [513/1084] 6821e33f-70a5-4ec7-a0e2-01697e0bb063: 11 internal nodes; 0.6 s; peak memory 358 MiB.
2026-10-06T02:16:20Z INFO [514/1084] 6821eb3e-1cb3-4e92-a489-256aee2a8987: 17 internal nodes; 0.9 s; peak memory 358 MiB.
2026-10-06T02:16:22Z INFO [515/1084] 6822e2e0-ae5d-41e8-83ce-341ced919f4c: 31 internal nodes; 1.4 s; peak memory 358 MiB.
2026-10-06T02:16:22Z INFO [516/1084] 68233f89-2b27-4987-ba56-42761ba46883: 17 internal nodes; 0.8 s; peak memory 358 MiB.
2026-10-06T02:16:23Z INFO [517/1084] 6823884c-393e-4473-88cf-1931a5b72cf6: 13 internal nodes; 0.9 s; peak memory 358 MiB.
2026-10-06T02:16:24Z INFO [518/1084] 68238fc6-764d-46b9-a1e2-cdb08172cb8b: 27 internal nodes; 1.1 s; peak memory 358 MiB.
2026-10-06T02:16:25Z INFO [519/1084] 6823c051-7455-4fa3-b1a8-d7d051b50e5b: 27 internal nodes; 1.0 s; peak memory 358 MiB.
2026-10-06T02:16:27Z INFO [520/1084] 6823ed1d-4995-42bf-ba9a-82cba8a80d8b: 65 internal nodes; 1.5 s; peak memory 358 MiB.
2026-10-06T02:16:31Z INFO [521/1084] 68249f4a-b486-45bc-8b2b-a01b8c1e97ad: 145 internal nodes; 4.1 s; peak memory 358 MiB.
2026-10-06T02:16:32Z INFO [522/1084] 6824ba04-aabb-46ef-91d0-0cf108d5db52: 15 internal nodes; 0.7 s; peak memory 358 MiB.
2026-10-06T02:16:33Z INFO [523/1084] 6824ea4b-ac03-400e-8e0f-3a2d68b328ee: 36 internal nodes; 1.5 s; peak memory 358 MiB.
2026-10-06T02:16:35Z INFO [524/1084] 68251643-39c6-473c-b2ca-cc7192c22d72: 44 internal nodes; 2.2 s; peak memory 358 MiB.
2026-10-06T02:16:36Z INFO [525/1084] 68259f49-070d-4fbd-b308-4c29cc7486f4: 17 internal nodes; 0.9 s; peak memory 358 MiB.
2026-10-06T02:16:37Z INFO [526/1084] 682616d3-ee7b-410c-92ae-87885ddf1344: 13 internal nodes; 0.7 s; peak memory 358 MiB.
2026-10-06T02:16:42Z INFO [527/1084] 68269995-8216-4078-b7ea-fa3a09a19bd3: 135 internal nodes; 4.9 s; peak memory 358 MiB.
2026-10-06T02:16:44Z INFO [528/1084] 6826f1e2-6cf5-4654-9e40-360040014530: 59 internal nodes; 1.6 s; peak memory 358 MiB.
2026-10-06T02:16:53Z INFO [529/1084] 6826f2ce-d954-49b2-8cd6-88ddfa7dbbca: 217 internal nodes; 9.8 s; peak memory 358 MiB.
2026-10-06T02:17:00Z INFO [530/1084] 68275ef9-9a36-4c37-b3d3-4f2f92282c53: 256 internal nodes; 6.9 s; peak memory 358 MiB.
2026-10-06T02:17:02Z INFO [531/1084] 6827c7a7-8646-45d6-baa9-7f3f02935dbd: 31 internal nodes; 1.3 s; peak memory 358 MiB.
2026-10-06T02:17:02Z INFO [532/1084] 6827e976-a7ab-450f-bccd-b779c46fd88b: 17 internal nodes; 0.8 s; peak memory 358 MiB.
2026-10-06T02:17:07Z INFO [533/1084] 68282e57-7801-472c-9f4d-214a8e200700: 79 internal nodes; 4.9 s; peak memory 358 MiB.
2026-10-06T02:17:10Z INFO [534/1084] 68283f91-534f-428c-815c-5af82db285a0: 41 internal nodes; 2.5 s; peak memory 358 MiB.
2026-10-06T02:17:12Z INFO [535/1084] 6828efb5-83ea-4706-8c7d-051219968afe: 31 internal nodes; 2.5 s; peak memory 358 MiB.
2026-10-06T02:17:13Z INFO [536/1084] 6828f6a5-7fbd-437d-b994-a75c73119f3a: 27 internal nodes; 0.9 s; peak memory 359 MiB.
2026-10-06T02:17:18Z INFO [537/1084] 682a7218-5b98-402b-8a8f-5b5b8a4d32c9: 54 internal nodes; 4.5 s; peak memory 359 MiB.
2026-10-06T02:17:19Z INFO [538/1084] 682a9f90-1dfb-464a-812e-42b8a9c849fc: 17 internal nodes; 0.9 s; peak memory 359 MiB.
2026-10-06T02:17:20Z INFO [539/1084] 682b0ba9-0580-4463-a6fb-da6bdf4283f2: 122 internal nodes; 1.6 s; peak memory 359 MiB.
2026-10-06T02:17:21Z INFO [540/1084] 682dcf2a-1970-42fb-92f3-380530e92582: 17 internal nodes; 0.9 s; peak memory 359 MiB.
2026-10-06T02:17:22Z INFO [541/1084] 682e944e-0e18-4d36-97f4-95b55385b683: 17 internal nodes; 0.8 s; peak memory 359 MiB.
2026-10-06T02:17:27Z INFO [542/1084] 682edd53-65a5-470a-a50f-0637e3cf6c3e: 188 internal nodes; 5.0 s; peak memory 359 MiB.
2026-10-06T02:17:33Z INFO [543/1084] 682fc94b-31fd-465b-9d7a-bb2276da2554: 197 internal nodes; 6.4 s; peak memory 359 MiB.
2026-10-06T02:17:34Z INFO [544/1084] 683021b3-86c1-4ad9-9e80-2049c52e61de: 17 internal nodes; 0.8 s; peak memory 359 MiB.
2026-10-06T02:17:42Z INFO [545/1084] 6830f3aa-ea0f-4c1b-96e7-131fe73ffcee: 237 internal nodes; 8.0 s; peak memory 359 MiB.
2026-10-06T02:17:44Z INFO [546/1084] 68310c18-e6b1-4e0c-ab3d-e35b727eae28: 44 internal nodes; 2.1 s; peak memory 359 MiB.
2026-10-06T02:17:45Z INFO [547/1084] 68311a6a-43b8-4bb0-acbf-a1c40352436f: 17 internal nodes; 0.9 s; peak memory 359 MiB.
2026-10-06T02:18:14Z INFO [548/1084] 6831706c-8dba-4380-b3ad-18bc75e205de: 1917 internal nodes; 28.6 s; peak memory 359 MiB.
2026-10-06T02:18:15Z INFO [549/1084] 6831b5b2-c221-4cd0-898d-306c69debcae: 17 internal nodes; 0.9 s; peak memory 359 MiB.
2026-10-06T02:18:15Z INFO [550/1084] 6831fbfa-f34c-4ded-a9ad-97f14aea4ca2: 17 internal nodes; 0.8 s; peak memory 359 MiB.
2026-10-06T02:18:16Z INFO [550/1084] 6831fbfa-f34c-4ded-a9ad-97f14aea4ca2: checkpointed 96942 records.
2026-10-06T02:18:17Z INFO [551/1084] 68320b4c-69f9-4952-baae-e151529f8287: 27 internal nodes; 1.0 s; peak memory 359 MiB.
2026-10-06T02:18:18Z INFO [552/1084] 68333823-05ed-4b62-9b1c-a1db7f83cf72: 26 internal nodes; 1.2 s; peak memory 359 MiB.
2026-10-06T02:18:20Z INFO [553/1084] 68342edf-b6ae-4bbe-9cd5-c09119c1f40e: 52 internal nodes; 1.7 s; peak memory 359 MiB.
2026-10-06T02:18:21Z INFO [554/1084] 68346a31-4b7d-44db-8f05-08ce869b3971: 31 internal nodes; 0.8 s; peak memory 359 MiB.
2026-10-06T02:18:22Z INFO [555/1084] 6834db1b-e282-4bb4-918d-234f67727158: 17 internal nodes; 0.9 s; peak memory 359 MiB.
2026-10-06T02:18:23Z INFO [556/1084] 6835a17e-9dd3-43f3-a8d4-8f1214f83598: 27 internal nodes; 1.0 s; peak memory 359 MiB.
2026-10-06T02:18:28Z INFO [557/1084] 6835d390-e731-477a-bd0a-ba31d69e6beb: 176 internal nodes; 5.3 s; peak memory 359 MiB.
2026-10-06T02:18:29Z INFO [558/1084] 6835dce9-97b8-4011-92f7-7d7c289d5945: 33 internal nodes; 1.3 s; peak memory 359 MiB.
2026-10-06T02:18:30Z INFO [559/1084] 6835e1b9-e0cb-457b-949e-6d8db0c87bc9: 17 internal nodes; 0.8 s; peak memory 359 MiB.
2026-10-06T02:18:31Z INFO [560/1084] 6836888c-4bc6-4029-95b5-2b6589109935: 11 internal nodes; 0.5 s; peak memory 359 MiB.
2026-10-06T02:18:34Z INFO [561/1084] 6836e29b-0b28-40c0-a85a-6e078c367262: 130 internal nodes; 3.8 s; peak memory 359 MiB.
2026-10-06T02:18:35Z INFO [562/1084] 683949a7-3404-425b-a80a-45b74f534614: 17 internal nodes; 0.6 s; peak memory 359 MiB.
2026-10-06T02:18:37Z INFO [563/1084] 683c138a-185d-46d1-9db0-1b13a9b387d0: 36 internal nodes; 1.6 s; peak memory 359 MiB.
2026-10-06T02:18:38Z INFO [564/1084] 683c49c1-825d-499a-a15d-9c67d3b37a0c: 27 internal nodes; 1.1 s; peak memory 359 MiB.
2026-10-06T02:18:39Z INFO [565/1084] 683c4ad3-f71b-4864-bcfb-10a97b1418f2: 17 internal nodes; 0.9 s; peak memory 359 MiB.
2026-10-06T02:18:39Z INFO [566/1084] 683c7cd5-ad69-439f-a283-01c8431a51cf: 27 internal nodes; 0.9 s; peak memory 359 MiB.
2026-10-06T02:18:41Z INFO [567/1084] 683c8afb-3f59-4ca7-a4dc-546b5b48784c: 27 internal nodes; 1.1 s; peak memory 359 MiB.
2026-10-06T02:18:42Z INFO [568/1084] 683d68e2-0ae0-4597-811e-9d02dad41cde: 27 internal nodes; 1.0 s; peak memory 359 MiB.
2026-10-06T02:18:43Z INFO [569/1084] 683e4291-9136-4510-b859-f8b52d3891c0: 38 internal nodes; 1.2 s; peak memory 359 MiB.
2026-10-06T02:18:45Z INFO [570/1084] 683e8125-f2ea-4359-b16c-e6da9d414ba6: 47 internal nodes; 2.2 s; peak memory 359 MiB.
2026-10-06T02:18:46Z INFO [571/1084] 683e97d1-75a7-4ece-8ff5-23569d7cb499: 27 internal nodes; 1.1 s; peak memory 359 MiB.
2026-10-06T02:18:47Z INFO [572/1084] 683ef6a0-4a01-4ced-9376-7c3c0b66cb7f: 12 internal nodes; 0.8 s; peak memory 359 MiB.
2026-10-06T02:18:48Z INFO [573/1084] 683f2d59-38b6-4eaf-a98d-f21b2110a6ac: 17 internal nodes; 0.8 s; peak memory 359 MiB.
2026-10-06T02:18:48Z INFO [574/1084] 68402275-0379-4018-912b-4fca44de96ff: 11 internal nodes; 0.8 s; peak memory 359 MiB.
2026-10-06T02:18:49Z INFO [575/1084] 6841522e-351e-4491-ae03-c379d3e29b26: 25 internal nodes; 0.8 s; peak memory 359 MiB.
2026-10-06T02:18:50Z INFO [576/1084] 6841dcbc-9901-4551-aa6d-dee49a220052: 58 internal nodes; 1.1 s; peak memory 359 MiB.
2026-10-06T02:18:52Z INFO [577/1084] 6841f0e1-f767-45f6-bcfb-29c2fc357a7f: 95 internal nodes; 1.3 s; peak memory 359 MiB.
2026-10-06T02:19:11Z INFO [578/1084] 6841f314-c0e4-4e7e-b62d-787fbbc46b72: 136 internal nodes; 19.8 s; peak memory 359 MiB.
2026-10-06T02:19:13Z INFO [579/1084] 684223b1-f446-41d2-be0f-ccd3e88b7d35: 23 internal nodes; 1.2 s; peak memory 359 MiB.
2026-10-06T02:19:13Z INFO [580/1084] 684398f4-37e9-4619-b080-e627cac015af: 23 internal nodes; 0.8 s; peak memory 359 MiB.
2026-10-06T02:19:14Z INFO [581/1084] 6843d3d6-261d-43e1-a4c8-987cf72966fd: 13 internal nodes; 0.8 s; peak memory 359 MiB.
2026-10-06T02:19:16Z INFO [582/1084] 6843f943-012c-4302-95e2-93cbe974c45e: 31 internal nodes; 1.3 s; peak memory 359 MiB.
2026-10-06T02:19:16Z INFO [583/1084] 6843fd30-8483-4f5f-ba9f-d2f82d91e470: 22 internal nodes; 0.9 s; peak memory 359 MiB.
2026-10-06T02:19:17Z INFO [584/1084] 6844a14a-995e-4ec9-92da-81eb5f21dfe3: 27 internal nodes; 0.9 s; peak memory 359 MiB.
2026-10-06T02:19:22Z INFO [585/1084] 68463be9-9a9d-4d59-a688-9b13d1369cdd: 54 internal nodes; 5.2 s; peak memory 359 MiB.
2026-10-06T02:19:23Z INFO [586/1084] 68468c32-3be3-47b7-8b3e-ba2d2a4c389c: 90 internal nodes; 0.9 s; peak memory 359 MiB.
2026-10-06T02:19:25Z INFO [587/1084] 68469eab-21fe-4bb9-98db-9368735c3ce8: 30 internal nodes; 1.7 s; peak memory 359 MiB.
2026-10-06T02:19:27Z INFO [588/1084] 6846d407-85bf-45cf-b3d0-14a7bfc03630: 72 internal nodes; 1.6 s; peak memory 359 MiB.
2026-10-06T02:19:28Z INFO [589/1084] 6847335d-f6c0-490e-8ed7-df34723a01e3: 30 internal nodes; 1.7 s; peak memory 359 MiB.
2026-10-06T02:19:30Z INFO [590/1084] 68486a54-9c56-4256-9d07-6a60258b3dec: 90 internal nodes; 1.2 s; peak memory 359 MiB.
2026-10-06T02:19:31Z INFO [591/1084] 68494ae0-2fde-4f3d-8761-8f97af7756d0: 27 internal nodes; 1.0 s; peak memory 359 MiB.
2026-10-06T02:19:35Z INFO [592/1084] 68499e15-ce8b-4741-b7eb-4e03dfc50bde: 156 internal nodes; 4.3 s; peak memory 359 MiB.
2026-10-06T02:19:36Z INFO [593/1084] 6849b3ee-c53c-48f8-94a2-319d37b721a8: 27 internal nodes; 0.9 s; peak memory 359 MiB.
2026-10-06T02:19:37Z INFO [594/1084] 684a4aa9-fbea-4b93-bf93-b03d38dc7138: 31 internal nodes; 1.3 s; peak memory 359 MiB.
2026-10-06T02:19:38Z INFO [595/1084] 684a8b61-dab3-4477-ba57-602e40e848f4: 26 internal nodes; 0.8 s; peak memory 359 MiB.
2026-10-06T02:19:39Z INFO [596/1084] 684af05b-931c-401b-9400-cf2345d3156d: 17 internal nodes; 0.9 s; peak memory 359 MiB.
2026-10-06T02:19:44Z INFO [597/1084] 684b5142-7a6b-444a-aea8-9970dd4e8dbb: 177 internal nodes; 5.6 s; peak memory 359 MiB.
2026-10-06T02:19:46Z INFO [598/1084] 684b6f1a-cb7d-455c-a2f6-7b94e6b3ee26: 60 internal nodes; 1.3 s; peak memory 359 MiB.
2026-10-06T02:19:46Z INFO [599/1084] 684c4878-6865-4e57-9503-56a8a343e782: 17 internal nodes; 0.8 s; peak memory 359 MiB.
2026-10-06T02:19:48Z INFO [600/1084] 684c944f-84c5-470b-8db5-39581e3749af: 44 internal nodes; 1.9 s; peak memory 359 MiB.
2026-10-06T02:19:49Z INFO [600/1084] 684c944f-84c5-470b-8db5-39581e3749af: checkpointed 96992 records.
2026-10-06T02:19:50Z INFO [601/1084] 684d7f1d-ed5d-4c18-9706-5bfd348695af: 37 internal nodes; 1.2 s; peak memory 359 MiB.
2026-10-06T02:19:51Z INFO [602/1084] 684dda03-940a-4aef-87dc-0fe74bff7569: 27 internal nodes; 1.0 s; peak memory 359 MiB.
2026-10-06T02:19:57Z INFO [603/1084] 684e1dc8-914c-4fe6-9d22-b4d6f0ebdc22: 205 internal nodes; 6.2 s; peak memory 359 MiB.
2026-10-06T02:19:59Z INFO [604/1084] 684e3d28-e680-4d5d-a3e8-0e7920dbb4c1: 31 internal nodes; 1.5 s; peak memory 359 MiB.
2026-10-06T02:20:00Z INFO [605/1084] 684e70c6-aaca-4af8-a0b5-7ca6f7a1765f: 31 internal nodes; 1.1 s; peak memory 359 MiB.
2026-10-06T02:20:01Z INFO [606/1084] 684eaed4-ef87-4d68-a7ee-fea1a755d805: 28 internal nodes; 1.5 s; peak memory 359 MiB.
2026-10-06T02:20:02Z INFO [607/1084] 684ecfa0-632b-4d8c-9fda-b5a1256ffa52: 27 internal nodes; 0.9 s; peak memory 359 MiB.
2026-10-06T02:20:03Z INFO [608/1084] 684faa6d-6334-4c97-86e7-cb6470c22aa5: 17 internal nodes; 0.8 s; peak memory 359 MiB.
2026-10-06T02:20:12Z INFO [609/1084] 6850782b-5147-44cf-803f-6c44a2792504: 74 internal nodes; 9.2 s; peak memory 359 MiB.
2026-10-06T02:20:13Z INFO [610/1084] 6850900f-f624-471f-8f7b-a9ea98494c05: 27 internal nodes; 1.0 s; peak memory 359 MiB.
2026-10-06T02:20:14Z INFO [611/1084] 6851dc4f-7ca9-4548-8a09-ec8e7f11b8bb: 17 internal nodes; 0.8 s; peak memory 359 MiB.
2026-10-06T02:20:15Z INFO [612/1084] 6852ac8b-553c-4075-ab80-373070573664: 17 internal nodes; 0.9 s; peak memory 359 MiB.
2026-10-06T02:20:17Z INFO [613/1084] 6853df75-b1a2-4aec-a191-f822d3947e1e: 44 internal nodes; 2.2 s; peak memory 359 MiB.
2026-10-06T02:20:24Z INFO [614/1084] 68543b1f-82c0-45ea-9d63-584949c570cb: 44 internal nodes; 6.5 s; peak memory 361 MiB.
2026-10-06T02:20:24Z INFO [615/1084] 68544399-2c3f-4453-a850-ad859a6c6faf: 19 internal nodes; 0.7 s; peak memory 361 MiB.
2026-10-06T02:20:25Z INFO [616/1084] 68545bf9-589f-40ce-98d1-68eddff485ac: 17 internal nodes; 0.9 s; peak memory 361 MiB.
2026-10-06T02:20:26Z INFO [617/1084] 68549b5c-6afe-4acf-a2ab-ffa539aa3306: 17 internal nodes; 0.9 s; peak memory 361 MiB.
2026-10-06T02:20:27Z INFO [618/1084] 6854d040-1e54-418c-88d9-63dd9c98059f: 27 internal nodes; 1.0 s; peak memory 361 MiB.
2026-10-06T02:20:28Z INFO [619/1084] 6855926d-22bb-43aa-a6ef-c8785f2815f4: 18 internal nodes; 0.6 s; peak memory 361 MiB.
2026-10-06T02:20:30Z INFO [620/1084] 6855b277-0af9-48fb-9888-f103d6ede703: 43 internal nodes; 2.3 s; peak memory 361 MiB.
2026-10-06T02:20:31Z INFO [621/1084] 6855e366-acb4-4a8a-b200-2a4cfdcd223c: 17 internal nodes; 0.6 s; peak memory 361 MiB.
2026-10-06T02:20:31Z INFO [622/1084] 68562d70-9a63-44cf-ade9-dfc13cc80fa0: 11 internal nodes; 0.7 s; peak memory 361 MiB.
2026-10-06T02:20:32Z INFO [623/1084] 68565abe-cc28-4be6-8d4a-81df6dfdaae1: 31 internal nodes; 1.1 s; peak memory 361 MiB.
2026-10-06T02:20:34Z INFO [624/1084] 6856825a-5c43-4dfe-bfff-c5eb19880762: 44 internal nodes; 1.9 s; peak memory 361 MiB.
2026-10-06T02:20:40Z INFO [625/1084] 6857883d-66a0-4671-9fd8-6c699b348c2e: 211 internal nodes; 6.1 s; peak memory 361 MiB.
2026-10-06T02:20:41Z INFO [626/1084] 68587ea0-0467-43a0-8a61-51811b9b2a54: 17 internal nodes; 0.9 s; peak memory 361 MiB.
2026-10-06T02:20:42Z INFO [627/1084] 685976d1-cf77-4686-a574-3ee7e0deff48: 30 internal nodes; 1.1 s; peak memory 361 MiB.
2026-10-06T02:20:47Z INFO [628/1084] 68598521-aa0b-4679-bd8e-a50686d08db5: 54 internal nodes; 4.9 s; peak memory 361 MiB.
2026-10-06T02:20:48Z INFO [629/1084] 685a0a60-c2b5-4248-9753-134461a28b2f: 21 internal nodes; 0.6 s; peak memory 361 MiB.
2026-10-06T02:20:49Z INFO [630/1084] 685a0fc3-5638-476a-98d6-2d1c831f15b7: 17 internal nodes; 0.9 s; peak memory 361 MiB.
2026-10-06T02:20:50Z INFO [631/1084] 685a856d-cd4b-4471-818e-bc763fa4c191: 16 internal nodes; 0.8 s; peak memory 361 MiB.
2026-10-06T02:20:51Z INFO [632/1084] 685aae08-88a4-483f-bccb-d4d2c7fa6dee: 17 internal nodes; 0.9 s; peak memory 361 MiB.
2026-10-06T02:20:56Z INFO [633/1084] 685ae7b8-735d-424f-a000-2a642c264be4: 100 internal nodes; 5.1 s; peak memory 361 MiB.
2026-10-06T02:20:57Z INFO [634/1084] 685ba171-3e02-4db0-bf7f-b55ab19db92c: 72 internal nodes; 1.5 s; peak memory 361 MiB.
2026-10-06T02:21:03Z INFO [635/1084] 685bcdcd-8c63-4450-a69b-eb92d9043ddf: 176 internal nodes; 6.2 s; peak memory 361 MiB.
2026-10-06T02:21:04Z INFO [636/1084] 685be4a5-fff2-490c-95b0-469b83445ebf: 13 internal nodes; 0.8 s; peak memory 361 MiB.
2026-10-06T02:21:06Z INFO [637/1084] 685bfb7c-eece-43c8-bf92-baccf81c44c4: 66 internal nodes; 1.5 s; peak memory 361 MiB.
2026-10-06T02:21:16Z INFO [638/1084] 685cb188-7c09-47a0-9e8d-4e56dec2493c: 304 internal nodes; 9.9 s; peak memory 361 MiB.
2026-10-06T02:21:17Z INFO [639/1084] 685cc281-1f70-4963-8afa-d5435e63a60a: 29 internal nodes; 1.1 s; peak memory 361 MiB.
2026-10-06T02:21:18Z INFO [640/1084] 685d8c16-77e4-46ee-80ce-afdbe80e1e31: 31 internal nodes; 1.3 s; peak memory 361 MiB.
2026-10-06T02:21:19Z INFO [641/1084] 685de0c9-4dff-496a-a9d2-e267fe21c75e: 11 internal nodes; 0.7 s; peak memory 361 MiB.
2026-10-06T02:21:20Z INFO [642/1084] 685dfbf6-92fb-4bd7-ab4c-9c2fdebde5f2: 17 internal nodes; 0.9 s; peak memory 361 MiB.
2026-10-06T02:21:21Z INFO [643/1084] 685e7c86-39eb-41f6-9b2b-98c2f75dc6e5: 27 internal nodes; 0.9 s; peak memory 361 MiB.
2026-10-06T02:21:23Z INFO [644/1084] 685e959b-0078-4fb7-8dbc-5ce2a32861af: 46 internal nodes; 2.5 s; peak memory 361 MiB.
2026-10-06T02:21:24Z INFO [645/1084] 685f102b-86cb-4551-b81e-1e43f4ed0dac: 19 internal nodes; 0.9 s; peak memory 361 MiB.
2026-10-06T02:21:25Z INFO [646/1084] 685f7b7d-1e7e-425c-85f3-6c4b76f28919: 31 internal nodes; 1.4 s; peak memory 361 MiB.
2026-10-06T02:21:26Z INFO [647/1084] 6860be00-2965-4035-8b94-110ef1c33d03: 17 internal nodes; 0.9 s; peak memory 361 MiB.
2026-10-06T02:21:27Z INFO [648/1084] 6860d868-2c0e-4a6b-b530-6fa240b6d335: 17 internal nodes; 0.9 s; peak memory 361 MiB.
2026-10-06T02:21:28Z INFO [649/1084] 6862555c-0b0e-4167-9a79-391bbdbaccc2: 19 internal nodes; 1.2 s; peak memory 361 MiB.
2026-10-06T02:21:29Z INFO [650/1084] 6862a25a-5716-4dc2-8dde-a75635353e74: 17 internal nodes; 0.8 s; peak memory 361 MiB.
2026-10-06T02:21:30Z INFO [650/1084] 6862a25a-5716-4dc2-8dde-a75635353e74: checkpointed 97042 records.
2026-10-06T02:21:32Z INFO [651/1084] 686370d1-8406-485a-9752-ff42c655b36c: 72 internal nodes; 2.0 s; peak memory 361 MiB.
2026-10-06T02:21:33Z INFO [652/1084] 6863744a-256a-448e-a1a6-46313c09ed6e: 13 internal nodes; 1.0 s; peak memory 361 MiB.
2026-10-06T02:21:33Z INFO [653/1084] 68648527-ac93-449b-b756-db0af3e0a1a8: 17 internal nodes; 0.8 s; peak memory 361 MiB.
2026-10-06T02:21:39Z INFO [654/1084] 6864e408-12c2-4693-bf69-3361cf1ee58a: 54 internal nodes; 6.0 s; peak memory 361 MiB.
2026-10-06T02:21:40Z INFO [655/1084] 686503bf-a412-44be-be20-4cab5a7e538e: 18 internal nodes; 1.2 s; peak memory 361 MiB.
2026-10-06T02:21:42Z INFO [656/1084] 6867746a-456d-4b94-861d-d3d852cbcb1b: 31 internal nodes; 1.2 s; peak memory 361 MiB.
2026-10-06T02:21:43Z INFO [657/1084] 6867a006-e325-45fd-b55b-69d2c6292706: 17 internal nodes; 1.0 s; peak memory 361 MiB.
2026-10-06T02:21:47Z INFO [658/1084] 6867dd36-f91a-4aa8-9d97-140530ae1190: 116 internal nodes; 4.6 s; peak memory 361 MiB.
2026-10-06T02:21:48Z INFO [659/1084] 68693853-de12-4366-a0ea-8da661dc24aa: 27 internal nodes; 0.9 s; peak memory 361 MiB.
2026-10-06T02:21:58Z INFO [660/1084] 6869963b-35a7-4ece-99ea-74b9e13a952d: 85 internal nodes; 9.6 s; peak memory 361 MiB.
2026-10-06T02:21:59Z INFO [661/1084] 6869e64e-83fb-435b-8aab-0925ac1288da: 29 internal nodes; 1.2 s; peak memory 361 MiB.
2026-10-06T02:22:00Z INFO [662/1084] 686a537e-e2c5-40f0-af03-1c465913fcd8: 23 internal nodes; 1.0 s; peak memory 361 MiB.
2026-10-06T02:22:05Z INFO [663/1084] 686ac29d-4ffc-48ab-9bd2-765d5438a37a: 81 internal nodes; 5.1 s; peak memory 361 MiB.
2026-10-06T02:22:06Z INFO [664/1084] 686afa9d-eac3-40f0-b4cf-98e6628b90de: 23 internal nodes; 0.8 s; peak memory 361 MiB.
2026-10-06T02:22:14Z INFO [665/1084] 686bc91e-374d-4a8d-8f68-2307af12bdba: 114 internal nodes; 7.8 s; peak memory 361 MiB.
2026-10-06T02:22:15Z INFO [666/1084] 686c5d4c-2376-4a4e-ae45-e87b4b293a58: 83 internal nodes; 1.0 s; peak memory 361 MiB.
2026-10-06T02:22:16Z INFO [667/1084] 686cac9b-8a0a-4e66-af1d-cecf364804ee: 17 internal nodes; 0.9 s; peak memory 361 MiB.
2026-10-06T02:22:25Z INFO [668/1084] 686d4086-8f18-4a75-8975-adec739226e5: 273 internal nodes; 9.5 s; peak memory 361 MiB.
2026-10-06T02:22:27Z INFO [669/1084] 686d8818-3b02-4255-bc11-72bcee26f7ca: 24 internal nodes; 1.7 s; peak memory 361 MiB.
2026-10-06T02:22:28Z INFO [670/1084] 686dccda-5b92-4940-8d73-a610536b0149: 54 internal nodes; 1.1 s; peak memory 361 MiB.
2026-10-06T02:22:29Z INFO [671/1084] 686eb43e-7bd2-4bde-adcd-0de5a76b7702: 26 internal nodes; 1.5 s; peak memory 361 MiB.
2026-10-06T02:22:31Z INFO [672/1084] 686f5e3c-4b2c-48c8-9ab4-a3d080c0b022: 27 internal nodes; 1.1 s; peak memory 361 MiB.
2026-10-06T02:22:32Z INFO [673/1084] 686fdcbf-316e-4126-bd82-d57bc43f6b02: 29 internal nodes; 1.1 s; peak memory 361 MiB.
2026-10-06T02:22:33Z INFO [674/1084] 686fe278-79c9-408c-9c41-eeb63e2cf81e: 66 internal nodes; 1.3 s; peak memory 361 MiB.
2026-10-06T02:22:34Z INFO [675/1084] 68706efb-8cdb-48e4-9474-77087567fada: 18 internal nodes; 0.8 s; peak memory 361 MiB.
2026-10-06T02:22:35Z INFO [676/1084] 6871bae0-9430-4b1f-ac43-d6e16503fd08: 31 internal nodes; 1.3 s; peak memory 361 MiB.
2026-10-06T02:22:41Z INFO [677/1084] 68723c7b-e0ea-4e79-ba33-2e984bfb2c7c: 189 internal nodes; 6.2 s; peak memory 361 MiB.
2026-10-06T02:22:42Z INFO [678/1084] 6873c224-739e-493c-90b4-43f1153f8972: 17 internal nodes; 0.9 s; peak memory 361 MiB.
2026-10-06T02:22:43Z INFO [679/1084] 68742170-5470-46cf-b79e-35bfeba515a0: 16 internal nodes; 0.9 s; peak memory 361 MiB.
2026-10-06T02:22:44Z INFO [680/1084] 687444de-f588-42f5-b788-ecfcdb749318: 24 internal nodes; 1.3 s; peak memory 361 MiB.
2026-10-06T02:22:46Z INFO [681/1084] 68748b26-b12d-4f0b-8361-52d1c2c00c46: 31 internal nodes; 1.2 s; peak memory 361 MiB.
2026-10-06T02:22:46Z INFO [682/1084] 68764508-61e8-4f57-9d56-26fd06e525b6: 17 internal nodes; 0.9 s; peak memory 361 MiB.
2026-10-06T02:22:47Z INFO [683/1084] 6876747d-432a-4cd3-bec9-14ae38a1845e: 31 internal nodes; 1.0 s; peak memory 361 MiB.
2026-10-06T02:22:49Z INFO [684/1084] 687686a3-472c-47e4-af8e-d8d054ed1169: 31 internal nodes; 1.1 s; peak memory 361 MiB.
2026-10-06T02:22:53Z INFO [685/1084] 6878b49b-3e30-4463-b470-9a77550d9e76: 177 internal nodes; 4.2 s; peak memory 361 MiB.
2026-10-06T02:22:54Z INFO [686/1084] 6879622f-25a4-45be-ab90-d589d42109fd: 27 internal nodes; 1.0 s; peak memory 361 MiB.
2026-10-06T02:22:55Z INFO [687/1084] 6879705f-67c5-4949-be4b-a103c6073f6b: 26 internal nodes; 1.1 s; peak memory 361 MiB.
2026-10-06T02:22:56Z INFO [688/1084] 687a10fb-3e8a-451c-9657-a5af75318c9e: 115 internal nodes; 0.9 s; peak memory 361 MiB.
2026-10-06T02:22:57Z INFO [689/1084] 687a4f9b-d91e-4fc6-bbb8-fd9a3a909436: 17 internal nodes; 0.9 s; peak memory 361 MiB.
2026-10-06T02:23:01Z INFO [690/1084] 687a5e0f-47c7-487e-bf18-dc0ab030f84c: 146 internal nodes; 4.2 s; peak memory 361 MiB.
2026-10-06T02:23:06Z INFO [691/1084] 687bc1ac-1306-4999-aa18-4e8d1088bd05: 177 internal nodes; 5.2 s; peak memory 361 MiB.
2026-10-06T02:23:07Z INFO [692/1084] 687bcdf3-bfe3-46e1-91df-d15050987d4d: 13 internal nodes; 1.1 s; peak memory 361 MiB.
2026-10-06T02:23:16Z INFO [693/1084] 687bd4d9-5348-4859-a3f7-bdcbe7994e70: 50 internal nodes; 8.5 s; peak memory 361 MiB.
2026-10-06T02:23:16Z INFO [694/1084] 687cd894-e7f5-45b8-9344-86ac1b140d2b: 34 internal nodes; 0.9 s; peak memory 361 MiB.
2026-10-06T02:23:28Z INFO [695/1084] 687de5a1-9024-436c-8b95-0f41660d72b6: 289 internal nodes; 11.2 s; peak memory 361 MiB.
2026-10-06T02:23:29Z INFO [696/1084] 687f4275-7eef-43dd-a47c-545a4b333694: 27 internal nodes; 1.0 s; peak memory 361 MiB.
2026-10-06T02:23:29Z INFO [697/1084] 687f81d8-f464-475c-bc0c-f3014e607ec1: 18 internal nodes; 0.7 s; peak memory 361 MiB.
2026-10-06T02:23:30Z INFO [698/1084] 687fa1ec-2e87-492a-9571-6b1f01c7a413: 17 internal nodes; 0.8 s; peak memory 361 MiB.
2026-10-06T02:23:31Z INFO [699/1084] 687fcc3e-c24c-4e2b-83b8-1e012d408ce6: 18 internal nodes; 1.1 s; peak memory 361 MiB.
2026-10-06T02:23:39Z INFO [700/1084] 68804c39-0dab-49db-91b4-988ca8a7c704: 60 internal nodes; 7.7 s; peak memory 361 MiB.
2026-10-06T02:23:39Z INFO [700/1084] 68804c39-0dab-49db-91b4-988ca8a7c704: checkpointed 97092 records.
2026-10-06T02:23:46Z INFO [701/1084] 6880c9f3-a266-496e-bea9-c955936f40d0: 50 internal nodes; 6.5 s; peak memory 361 MiB.
2026-10-06T02:23:47Z INFO [702/1084] 68813d08-1d49-4fe7-88fa-c8ba7c7a0f82: 30 internal nodes; 1.4 s; peak memory 361 MiB.
2026-10-06T02:23:49Z INFO [703/1084] 688163fb-8e17-44d9-8124-2a1519ef65f1: 61 internal nodes; 1.2 s; peak memory 361 MiB.
2026-10-06T02:23:50Z INFO [704/1084] 68819719-290d-42be-a158-024bdbe78653: 36 internal nodes; 1.2 s; peak memory 361 MiB.
2026-10-06T02:23:51Z INFO [705/1084] 6881d78d-31a4-4fb0-b1b0-4ee8f4e1228b: 11 internal nodes; 0.8 s; peak memory 361 MiB.
2026-10-06T02:23:51Z INFO [706/1084] 6881e2df-8bea-42b1-8126-2abd2cae6673: 11 internal nodes; 0.5 s; peak memory 361 MiB.
2026-10-06T02:23:52Z INFO [707/1084] 688258ac-e1bf-4252-a0ae-f90a26b59669: 27 internal nodes; 1.1 s; peak memory 361 MiB.
2026-10-06T02:23:53Z INFO [708/1084] 68825c92-3b27-42d0-abca-d14cecdee46b: 23 internal nodes; 1.1 s; peak memory 361 MiB.
2026-10-06T02:23:54Z INFO [709/1084] 688360ce-2a5c-45b8-8c32-575d502967a4: 62 internal nodes; 1.2 s; peak memory 361 MiB.
2026-10-06T02:23:55Z INFO [710/1084] 6883bef4-cfe0-4444-ac57-03ef8683e281: 17 internal nodes; 0.8 s; peak memory 361 MiB.
2026-10-06T02:23:56Z INFO [711/1084] 6883d0fa-99cc-4060-abde-5b627214b5dd: 31 internal nodes; 1.0 s; peak memory 361 MiB.
2026-10-06T02:23:57Z INFO [712/1084] 6884545c-05a2-4c1d-af21-1a9d1524ebfe: 27 internal nodes; 0.9 s; peak memory 361 MiB.
2026-10-06T02:23:58Z INFO [713/1084] 6884651f-1bb0-4f66-bcbd-7d82177c76d6: 17 internal nodes; 0.9 s; peak memory 361 MiB.
2026-10-06T02:23:59Z INFO [714/1084] 6884e6b8-6375-4289-af2c-6d55f5f31ef6: 120 internal nodes; 1.1 s; peak memory 361 MiB.
2026-10-06T02:24:00Z INFO [715/1084] 6886ffb1-1621-4144-881c-028ac5683ff4: 13 internal nodes; 1.0 s; peak memory 361 MiB.
2026-10-06T02:24:01Z INFO [716/1084] 68872770-c8c5-4256-8601-70f7cf4e0821: 27 internal nodes; 1.2 s; peak memory 361 MiB.
2026-10-06T02:24:03Z INFO [717/1084] 68881127-76db-496f-837b-d1fb2b000719: 59 internal nodes; 2.1 s; peak memory 361 MiB.
2026-10-06T02:24:04Z INFO [718/1084] 68883e28-7746-45cd-a9b6-c5fe1b5f2a19: 17 internal nodes; 0.9 s; peak memory 361 MiB.
2026-10-06T02:24:05Z INFO [719/1084] 68895070-bd6b-4d96-8223-43079365e520: 27 internal nodes; 1.1 s; peak memory 361 MiB.
2026-10-06T02:24:06Z INFO [720/1084] 688a4c5f-a109-49fc-a31b-585041c7c737: 17 internal nodes; 0.9 s; peak memory 361 MiB.
2026-10-06T02:24:07Z INFO [721/1084] 688a71d2-a91e-4c99-b03a-e6414c9fa47b: 27 internal nodes; 1.1 s; peak memory 361 MiB.
2026-10-06T02:24:09Z INFO [722/1084] 688af00a-3736-4c4f-bbe2-2f144d6d1ca2: 31 internal nodes; 1.1 s; peak memory 361 MiB.
2026-10-06T02:24:10Z INFO [723/1084] 688b394b-bcd9-463c-8111-d394039e1ecc: 56 internal nodes; 1.2 s; peak memory 361 MiB.
2026-10-06T02:24:11Z INFO [724/1084] 688ba3d3-f39d-4e36-90c2-e83d5a2a6909: 17 internal nodes; 0.8 s; peak memory 361 MiB.
2026-10-06T02:24:17Z INFO [725/1084] 688bfe45-6361-43a2-b24d-938f3f978e9f: 182 internal nodes; 6.1 s; peak memory 361 MiB.
2026-10-06T02:24:18Z INFO [726/1084] 688d20f2-f9b6-4ade-9568-a75d29bbb3b1: 31 internal nodes; 1.5 s; peak memory 361 MiB.
2026-10-06T02:24:19Z INFO [727/1084] 688d6732-394d-41d2-b834-fadb25c8fda9: 55 internal nodes; 1.2 s; peak memory 361 MiB.
2026-10-06T02:24:20Z INFO [728/1084] 688dac01-afd2-4340-8f92-4a79575cccb3: 31 internal nodes; 1.1 s; peak memory 361 MiB.
2026-10-06T02:24:21Z INFO [729/1084] 688e102e-477d-4ddc-86b9-f870f0109989: 17 internal nodes; 0.9 s; peak memory 361 MiB.
2026-10-06T02:24:22Z INFO [730/1084] 688e4851-480e-4b2d-b0ca-5be827b3348a: 27 internal nodes; 0.6 s; peak memory 361 MiB.
2026-10-06T02:24:24Z INFO [731/1084] 688e9df2-2792-407e-a91c-b0d3f0908bec: 32 internal nodes; 1.6 s; peak memory 361 MiB.
2026-10-06T02:24:24Z INFO [732/1084] 688ec3ca-9caa-458e-9f3f-2807894ddebc: 19 internal nodes; 0.9 s; peak memory 361 MiB.
2026-10-06T02:24:25Z INFO [733/1084] 688f749f-ac16-448c-8c76-e17b6efc596d: 27 internal nodes; 1.0 s; peak memory 361 MiB.
2026-10-06T02:24:27Z INFO [734/1084] 688f9221-e4d1-40b5-a19a-77afdb180f75: 22 internal nodes; 1.1 s; peak memory 361 MiB.
2026-10-06T02:24:29Z INFO [735/1084] 68903658-b2c5-46e8-a7f1-5cff45c60802: 44 internal nodes; 2.4 s; peak memory 361 MiB.
2026-10-06T02:24:41Z INFO [736/1084] 6890d12f-a2cd-4240-9aa5-711764aac033: 45 internal nodes; 11.7 s; peak memory 361 MiB.
2026-10-06T02:24:42Z INFO [737/1084] 6890d4b7-ce26-4c1e-bcb7-23d236790f87: 17 internal nodes; 0.9 s; peak memory 361 MiB.
2026-10-06T02:24:42Z INFO [738/1084] 689154e4-2d17-481d-aa93-3c1962c3bf0c: 17 internal nodes; 0.7 s; peak memory 361 MiB.
2026-10-06T02:24:44Z INFO [739/1084] 6891a3c6-e366-41dd-8894-e6e21d850b2a: 91 internal nodes; 1.3 s; peak memory 361 MiB.
2026-10-06T02:24:51Z INFO [740/1084] 6891b420-d382-432a-ac21-c04b427347df: 203 internal nodes; 7.7 s; peak memory 361 MiB.
2026-10-06T02:24:52Z INFO [741/1084] 689284d0-a0a1-4b68-a0fa-1630921df4bb: 27 internal nodes; 1.0 s; peak memory 361 MiB.
2026-10-06T02:24:53Z INFO [742/1084] 68938f3a-787a-415d-a90c-e83b36ece543: 34 internal nodes; 1.0 s; peak memory 361 MiB.
2026-10-06T02:24:55Z INFO [743/1084] 6893c993-89b0-4604-a7b0-fd96eeebd62d: 29 internal nodes; 1.3 s; peak memory 361 MiB.
2026-10-06T02:24:55Z INFO [744/1084] 6893e31f-a5c3-41d3-bc6d-98d17e403e05: 13 internal nodes; 0.6 s; peak memory 361 MiB.
2026-10-06T02:24:58Z INFO [745/1084] 68946d98-d4e6-4f49-ada9-136686937b21: 77 internal nodes; 2.8 s; peak memory 361 MiB.
2026-10-06T02:24:59Z INFO [746/1084] 68950eaa-76d4-4eea-bb30-fa980e463558: 17 internal nodes; 0.8 s; peak memory 361 MiB.
2026-10-06T02:25:00Z INFO [747/1084] 68959cad-459f-4b92-8002-9fea446ef721: 27 internal nodes; 1.1 s; peak memory 361 MiB.
2026-10-06T02:25:01Z INFO [748/1084] 6895dfbe-66e7-4f55-b267-021f39276ba5: 17 internal nodes; 0.9 s; peak memory 361 MiB.
2026-10-06T02:25:02Z INFO [749/1084] 68962a5c-6bcb-446f-bc1b-4aadf30f290a: 19 internal nodes; 0.9 s; peak memory 361 MiB.
2026-10-06T02:25:03Z INFO [750/1084] 6897d7c9-258b-41f7-8621-d7ce85bef78c: 21 internal nodes; 0.9 s; peak memory 361 MiB.
2026-10-06T02:25:03Z INFO [750/1084] 6897d7c9-258b-41f7-8621-d7ce85bef78c: checkpointed 97142 records.
2026-10-06T02:25:04Z INFO [751/1084] 68980cc3-38a3-4e45-935c-3b2200aec86a: 17 internal nodes; 0.8 s; peak memory 361 MiB.
2026-10-06T02:25:05Z INFO [752/1084] 689858ab-b80a-4cca-a72c-7cbfeb372203: 17 internal nodes; 1.0 s; peak memory 361 MiB.
2026-10-06T02:25:06Z INFO [753/1084] 6898c7b6-8e9f-4ab8-89de-3dc37c0239f0: 27 internal nodes; 0.9 s; peak memory 361 MiB.
2026-10-06T02:25:07Z INFO [754/1084] 6898d7e0-7391-465f-9b65-42fe48bc07ce: 17 internal nodes; 0.9 s; peak memory 361 MiB.
2026-10-06T02:25:08Z INFO [755/1084] 68992f81-704c-489b-b80a-b293ff09c5cc: 27 internal nodes; 1.1 s; peak memory 361 MiB.
2026-10-06T02:25:09Z INFO [756/1084] 6899c01e-aaf0-4d73-981f-8a4bc34ead36: 20 internal nodes; 0.8 s; peak memory 361 MiB.
2026-10-06T02:25:10Z INFO [757/1084] 6899c642-a271-440a-b17c-36e6b2a03aed: 58 internal nodes; 0.9 s; peak memory 361 MiB.
2026-10-06T02:25:11Z INFO [758/1084] 6899dfc0-b979-4443-9ec4-2d4c8a459a3a: 31 internal nodes; 1.3 s; peak memory 361 MiB.
2026-10-06T02:25:12Z INFO [759/1084] 6899fe44-74e4-4015-99d7-8feef777e6f8: 17 internal nodes; 0.8 s; peak memory 361 MiB.
2026-10-06T02:25:12Z INFO [760/1084] 689a4f7a-4ce8-45e9-901d-4800b3fcca45: 17 internal nodes; 0.8 s; peak memory 361 MiB.
2026-10-06T02:25:14Z INFO [761/1084] 689aa1b2-8b5b-4aaa-8225-91816f924775: 27 internal nodes; 1.1 s; peak memory 361 MiB.
2026-10-06T02:25:16Z INFO [762/1084] 689ae458-f3a7-4592-9068-323b8fdf91a6: 44 internal nodes; 2.1 s; peak memory 361 MiB.
2026-10-06T02:25:17Z INFO [763/1084] 689b0a87-6d9b-4b1b-95ac-2d3e6513bd3b: 115 internal nodes; 1.0 s; peak memory 361 MiB.
2026-10-06T02:25:18Z INFO [764/1084] 689bb2e4-337c-4ea6-8b56-f169f22f9969: 31 internal nodes; 1.1 s; peak memory 361 MiB.
2026-10-06T02:25:19Z INFO [765/1084] 689bd7c9-f552-440b-a30a-361f31306a6f: 17 internal nodes; 0.9 s; peak memory 361 MiB.
2026-10-06T02:25:20Z INFO [766/1084] 689bde0a-eeeb-4c68-bec5-46101ef3664b: 53 internal nodes; 1.2 s; peak memory 361 MiB.
2026-10-06T02:25:21Z INFO [767/1084] 689d0972-85d2-481b-8b8a-52fb681902c9: 19 internal nodes; 0.9 s; peak memory 361 MiB.
2026-10-06T02:25:26Z INFO [768/1084] 689d42dd-41e1-4185-b683-0eef1f1124a8: 114 internal nodes; 4.8 s; peak memory 361 MiB.
2026-10-06T02:25:27Z INFO [769/1084] 689d6da6-4249-43d9-a163-aeb9c051c637: 31 internal nodes; 1.3 s; peak memory 361 MiB.
2026-10-06T02:25:28Z INFO [770/1084] 689dc974-57af-4cc5-8c26-327831ed2b4f: 19 internal nodes; 0.8 s; peak memory 361 MiB.
2026-10-06T02:25:28Z INFO [771/1084] 689e7530-af7f-4d26-ba85-ab6cf6d9fa4f: 11 internal nodes; 0.6 s; peak memory 361 MiB.
2026-10-06T02:25:29Z INFO [772/1084] 689f76cc-676e-40a3-b6b3-a86e3601ef6d: 17 internal nodes; 0.9 s; peak memory 361 MiB.
2026-10-06T02:25:35Z INFO [773/1084] 689f7d0c-a779-45cb-8d92-d22e1967a156: 139 internal nodes; 5.8 s; peak memory 361 MiB.
2026-10-06T02:25:36Z INFO [774/1084] 68a011a1-bd03-4431-aec4-1474a53b197b: 17 internal nodes; 1.0 s; peak memory 361 MiB.
2026-10-06T02:25:41Z INFO [775/1084] 68a12f5b-5d59-4171-80e0-6d76b51cf384: 130 internal nodes; 4.7 s; peak memory 361 MiB.
2026-10-06T02:25:42Z INFO [776/1084] 68a1f216-2729-4070-97a1-cb7e9637de3c: 18 internal nodes; 0.8 s; peak memory 361 MiB.
2026-10-06T02:25:43Z INFO [777/1084] 68a25feb-3d77-47f1-9358-ae56e6d18583: 27 internal nodes; 1.0 s; peak memory 361 MiB.
2026-10-06T02:25:47Z INFO [778/1084] 68a2b4ea-8595-4e4a-b771-9ec3f4744ccd: 127 internal nodes; 4.7 s; peak memory 361 MiB.
2026-10-06T02:25:48Z INFO [779/1084] 68a2c3b9-9d40-4ba1-bb6d-90d5a25d43b6: 27 internal nodes; 1.0 s; peak memory 361 MiB.
2026-10-06T02:25:50Z INFO [780/1084] 68a36d67-926b-43e8-b51c-00fd6d79ceb7: 58 internal nodes; 1.7 s; peak memory 361 MiB.
2026-10-06T02:25:51Z INFO [781/1084] 68a3f3c0-fe42-44a5-9db7-a22a5a848da4: 17 internal nodes; 1.0 s; peak memory 361 MiB.
2026-10-06T02:25:52Z INFO [782/1084] 68a41603-a114-4b54-bce0-962b6e3c21c5: 17 internal nodes; 0.9 s; peak memory 361 MiB.
2026-10-06T02:25:53Z INFO [783/1084] 68a44970-b00f-4325-97aa-9c5cac520965: 17 internal nodes; 0.9 s; peak memory 361 MiB.
2026-10-06T02:25:55Z INFO [784/1084] 68a50e9e-e0fc-423f-9be4-dc6e45c14832: 41 internal nodes; 2.5 s; peak memory 361 MiB.
2026-10-06T02:25:56Z INFO [785/1084] 68a56316-4ee9-4493-8ea5-aac1e3b909e3: 116 internal nodes; 1.0 s; peak memory 361 MiB.
2026-10-06T02:25:57Z INFO [786/1084] 68a56bd7-e129-4951-ba07-00dd7b0c6b2a: 17 internal nodes; 0.9 s; peak memory 361 MiB.
2026-10-06T02:25:59Z INFO [787/1084] 68a56fcf-db2d-4bf5-8149-98222c4ab176: 66 internal nodes; 1.7 s; peak memory 361 MiB.
2026-10-06T02:26:00Z INFO [788/1084] 68a62a7a-5830-4011-adaf-d7fb42c323b3: 27 internal nodes; 1.0 s; peak memory 361 MiB.
2026-10-06T02:26:01Z INFO [789/1084] 68a69036-cf18-49ad-beb1-c48ec4b82c87: 31 internal nodes; 1.2 s; peak memory 361 MiB.
2026-10-06T02:26:02Z INFO [790/1084] 68a6beee-6eb5-44e5-a070-222afce3e40e: 30 internal nodes; 1.3 s; peak memory 361 MiB.
2026-10-06T02:26:03Z INFO [791/1084] 68a6fa9d-c0cc-40e7-9660-c9c8b355a96d: 17 internal nodes; 0.9 s; peak memory 361 MiB.
2026-10-06T02:26:05Z INFO [792/1084] 68a7bbb0-2474-4199-b500-472076a63d89: 27 internal nodes; 1.8 s; peak memory 361 MiB.
2026-10-06T02:26:06Z INFO [793/1084] 68a81539-4ff1-4819-af4f-e99c5c7d74fa: 116 internal nodes; 0.9 s; peak memory 361 MiB.
2026-10-06T02:26:08Z INFO [794/1084] 68a81ed9-3d52-4153-a2ea-93c0268e888a: 27 internal nodes; 1.5 s; peak memory 361 MiB.
2026-10-06T02:26:08Z INFO [795/1084] 68a89834-f50f-4000-9e61-570f83e16198: 17 internal nodes; 0.9 s; peak memory 361 MiB.
2026-10-06T02:26:10Z INFO [796/1084] 68a95a82-34e0-4c4e-b7d8-f96e326210d5: 31 internal nodes; 1.3 s; peak memory 361 MiB.
2026-10-06T02:26:12Z INFO [797/1084] 68a9780c-e473-4d4e-84af-0be01b1f98c4: 44 internal nodes; 2.3 s; peak memory 361 MiB.
2026-10-06T02:26:14Z INFO [798/1084] 68a98b36-f5b7-45a7-b52b-678d346eb0c6: 50 internal nodes; 2.2 s; peak memory 361 MiB.
2026-10-06T02:26:15Z INFO [799/1084] 68a9fd10-da96-4332-b539-7d6bceff979b: 30 internal nodes; 1.2 s; peak memory 361 MiB.
2026-10-06T02:26:16Z INFO [800/1084] 68aa48b6-9ded-41ee-beb8-8908db413772: 13 internal nodes; 0.7 s; peak memory 361 MiB.
2026-10-06T02:26:17Z INFO [800/1084] 68aa48b6-9ded-41ee-beb8-8908db413772: checkpointed 97192 records.
2026-10-06T02:26:18Z INFO [801/1084] 68aa6df5-3b78-43c2-bd64-f8dfc09cda34: 27 internal nodes; 1.1 s; peak memory 361 MiB.
2026-10-06T02:26:18Z INFO [802/1084] 68aaa6b1-cc7b-44b8-aab6-110ca3f6a8bf: 15 internal nodes; 0.7 s; peak memory 361 MiB.
2026-10-06T02:26:19Z INFO [803/1084] 68abb495-a075-4f2a-a289-9c63c66eefef: 29 internal nodes; 1.1 s; peak memory 361 MiB.
2026-10-06T02:26:21Z INFO [804/1084] 68abf40d-bbe8-4c7b-b82e-6792d64aa825: 90 internal nodes; 1.2 s; peak memory 361 MiB.
2026-10-06T02:26:22Z INFO [805/1084] 68abfc14-6476-4bb5-b290-11f9f7fc0a8d: 95 internal nodes; 1.5 s; peak memory 361 MiB.
2026-10-06T02:26:23Z INFO [806/1084] 68aea9c3-62cc-430c-bcb7-42ea92ad81b8: 17 internal nodes; 0.9 s; peak memory 361 MiB.
2026-10-06T02:26:25Z INFO [807/1084] 68af543d-d4c6-4a35-8bdf-152eb0333aa3: 69 internal nodes; 2.0 s; peak memory 361 MiB.
2026-10-06T02:26:26Z INFO [808/1084] 68b034e6-0a97-48ee-91d2-8bb11941eeff: 29 internal nodes; 1.4 s; peak memory 361 MiB.
2026-10-06T02:26:28Z INFO [809/1084] 68b04915-7181-44f0-9428-874b292dfccc: 31 internal nodes; 1.3 s; peak memory 361 MiB.
2026-10-06T02:26:29Z INFO [810/1084] 68b12c81-f6c7-40a5-8969-cb9dbe5aa61d: 17 internal nodes; 0.9 s; peak memory 361 MiB.
2026-10-06T02:26:29Z INFO [811/1084] 68b13ec2-023b-42c0-ac25-260db126e0fb: 17 internal nodes; 0.9 s; peak memory 361 MiB.
2026-10-06T02:26:34Z INFO [812/1084] 68b1ce29-4bec-40cd-afa7-19b5142f1c70: 55 internal nodes; 5.1 s; peak memory 361 MiB.
2026-10-06T02:26:50Z INFO [813/1084] 68b38f51-052c-47af-8e11-6992557f3956: 2286 internal nodes; 15.6 s; peak memory 361 MiB.
2026-10-06T02:26:52Z INFO [814/1084] 68b42f04-b87d-47a8-94d6-45025f633e85: 44 internal nodes; 1.8 s; peak memory 361 MiB.
2026-10-06T02:26:53Z INFO [815/1084] 68b51a64-ac2d-414d-895d-f3a76446d3d3: 27 internal nodes; 1.0 s; peak memory 361 MiB.
2026-10-06T02:26:56Z INFO [816/1084] 68b59a68-00ec-480d-9e77-ba622d827ca2: 46 internal nodes; 2.7 s; peak memory 361 MiB.
2026-10-06T02:26:57Z INFO [817/1084] 68b59c57-9d56-4926-88ce-f252558cc3bb: 62 internal nodes; 1.2 s; peak memory 361 MiB.
2026-10-06T02:26:58Z INFO [818/1084] 68b5da47-67ad-49c3-9cb4-911ae7425049: 29 internal nodes; 1.2 s; peak memory 361 MiB.
2026-10-06T02:26:59Z INFO [819/1084] 68b66c00-b170-4899-9874-c88c6acbd1e9: 23 internal nodes; 0.8 s; peak memory 361 MiB.
2026-10-06T02:27:00Z INFO [820/1084] 68b71447-1fb2-4f5d-bced-efefc822ffb9: 17 internal nodes; 0.8 s; peak memory 361 MiB.
2026-10-06T02:27:05Z INFO [821/1084] 68b7a5d7-3dd5-44fb-876c-302470accc55: 177 internal nodes; 5.3 s; peak memory 361 MiB.
2026-10-06T02:27:06Z INFO [822/1084] 68b7ff4b-ed58-43f2-9cca-51739cec19d5: 11 internal nodes; 0.7 s; peak memory 361 MiB.
2026-10-06T02:27:06Z INFO [823/1084] 68b8a225-22ec-4c1f-a1f0-4c590a960f0d: 11 internal nodes; 0.6 s; peak memory 361 MiB.
2026-10-06T02:27:07Z INFO [824/1084] 68b8cbda-fa90-4a5e-ae94-cd51640bb02c: 27 internal nodes; 0.9 s; peak memory 361 MiB.
2026-10-06T02:27:08Z INFO [825/1084] 68b94300-ccba-449d-bb63-8cc053fcfcde: 115 internal nodes; 1.1 s; peak memory 361 MiB.
2026-10-06T02:27:09Z INFO [826/1084] 68b9f6b8-b883-42a2-97dc-5698c721a3cf: 17 internal nodes; 0.9 s; peak memory 361 MiB.
2026-10-06T02:27:10Z INFO [827/1084] 68ba12b8-01fa-441b-8ac1-a371a3eea236: 27 internal nodes; 1.1 s; peak memory 361 MiB.
2026-10-06T02:27:11Z INFO [828/1084] 68ba6718-3d10-4012-aa5e-16bb82aa31a1: 27 internal nodes; 1.1 s; peak memory 361 MiB.
2026-10-06T02:27:12Z INFO [829/1084] 68ba8125-da34-443d-812a-31e24b8322de: 27 internal nodes; 1.0 s; peak memory 361 MiB.
2026-10-06T02:27:13Z INFO [830/1084] 68baf6c8-b001-4a2f-8f07-20c127719731: 27 internal nodes; 1.0 s; peak memory 361 MiB.
2026-10-06T02:27:14Z INFO [831/1084] 68bb0a3e-2d8e-4c5a-8962-50189767297e: 27 internal nodes; 0.6 s; peak memory 361 MiB.
2026-10-06T02:27:15Z INFO [832/1084] 68bb6e49-f34c-48aa-83d0-061ed339dcdc: 30 internal nodes; 1.2 s; peak memory 361 MiB.
2026-10-06T02:27:17Z INFO [833/1084] 68bb92b8-0f73-489b-bddf-d3a366a9bfb8: 65 internal nodes; 1.6 s; peak memory 361 MiB.
2026-10-06T02:27:26Z INFO [834/1084] 68bd92bd-037e-4b9f-b41c-6717c9120ff3: 354 internal nodes; 9.8 s; peak memory 361 MiB.
2026-10-06T02:27:28Z INFO [835/1084] 68bd941a-12ab-4ae7-a210-900799faff2c: 31 internal nodes; 1.3 s; peak memory 361 MiB.
2026-10-06T02:27:30Z INFO [836/1084] 68be0a72-20da-447c-964e-033a2dfb9d39: 46 internal nodes; 2.4 s; peak memory 361 MiB.
2026-10-06T02:27:40Z INFO [837/1084] 68be4d09-c9c2-49d1-b3ff-fddb1a775aaf: 419 internal nodes; 9.9 s; peak memory 361 MiB.
2026-10-06T02:27:41Z INFO [838/1084] 68bef62c-9746-4fda-a208-91c60fbd6a2b: 11 internal nodes; 0.8 s; peak memory 361 MiB.
2026-10-06T02:27:42Z INFO [839/1084] 68bf03a7-a04b-4038-9f5c-ce3da2553f0b: 17 internal nodes; 0.7 s; peak memory 361 MiB.
2026-10-06T02:27:42Z INFO [840/1084] 68c05c05-611d-41eb-84aa-5f24ff32b6a8: 27 internal nodes; 0.5 s; peak memory 361 MiB.
2026-10-06T02:27:43Z INFO [841/1084] 68c09e44-d63a-4c85-b86a-2332db8c6b2d: 11 internal nodes; 0.5 s; peak memory 361 MiB.
2026-10-06T02:27:48Z INFO [842/1084] 68c0e137-a579-4281-9a68-e602a2a2d370: 54 internal nodes; 5.1 s; peak memory 361 MiB.
2026-10-06T02:27:59Z INFO [843/1084] 68c0fa1a-fe86-4e85-b6ee-c1504983f241: 294 internal nodes; 11.7 s; peak memory 361 MiB.
2026-10-06T02:28:00Z INFO [844/1084] 68c17528-b052-4080-a071-f429270fee26: 27 internal nodes; 1.0 s; peak memory 361 MiB.
2026-10-06T02:28:01Z INFO [845/1084] 68c1c151-6df6-4d5a-b0f7-717bcacbce9e: 11 internal nodes; 0.6 s; peak memory 361 MiB.
2026-10-06T02:28:08Z INFO [846/1084] 68c1d953-64a5-42b7-b043-a7c3ed248f43: 227 internal nodes; 7.3 s; peak memory 361 MiB.
2026-10-06T02:28:10Z INFO [847/1084] 68c20dfc-0528-461c-a934-3432c1a9ceb4: 24 internal nodes; 1.2 s; peak memory 361 MiB.
2026-10-06T02:28:10Z INFO [848/1084] 68c40538-cbc0-4764-b24c-f8eeeb1e4b6d: 17 internal nodes; 0.9 s; peak memory 361 MiB.
2026-10-06T02:28:11Z INFO [849/1084] 68c4796a-68f2-4825-9136-2dc4aeda133f: 11 internal nodes; 0.6 s; peak memory 361 MiB.
2026-10-06T02:28:12Z INFO [850/1084] 68c4f34e-e831-4562-b51f-e3d4e527e7a2: 61 internal nodes; 1.2 s; peak memory 361 MiB.
2026-10-06T02:28:13Z INFO [850/1084] 68c4f34e-e831-4562-b51f-e3d4e527e7a2: checkpointed 97242 records.
2026-10-06T02:28:14Z INFO [851/1084] 68c51198-9857-4746-80cf-1d58adedb1d3: 17 internal nodes; 0.8 s; peak memory 361 MiB.
2026-10-06T02:28:15Z INFO [852/1084] 68c53c4f-f246-4b61-bdaa-4b1c1c3d62bc: 24 internal nodes; 1.7 s; peak memory 361 MiB.
2026-10-06T02:28:16Z INFO [853/1084] 68c6122c-80c6-4552-bc30-918d0424a145: 17 internal nodes; 0.8 s; peak memory 361 MiB.
2026-10-06T02:28:17Z INFO [854/1084] 68c7aac8-6864-47b4-811f-d83eaf6f72a4: 22 internal nodes; 1.1 s; peak memory 361 MiB.
2026-10-06T02:28:22Z INFO [855/1084] 68c971b5-d087-47fe-bf7f-0287df6aed1f: 41 internal nodes; 5.3 s; peak memory 361 MiB.
2026-10-06T02:28:23Z INFO [856/1084] 68cab6c3-1304-40a0-b96d-601b5027fe90: 17 internal nodes; 0.7 s; peak memory 361 MiB.
2026-10-06T02:28:25Z INFO [857/1084] 68cae8ab-b2f7-4b0a-b927-83e93a2aa257: 25 internal nodes; 2.2 s; peak memory 361 MiB.
2026-10-06T02:28:26Z INFO [858/1084] 68caf316-1890-43c9-a089-2ecf09f27795: 17 internal nodes; 0.8 s; peak memory 361 MiB.
2026-10-06T02:28:37Z INFO [859/1084] 68cd362c-c048-47d9-a28d-a6198a07f81c: 235 internal nodes; 11.0 s; peak memory 361 MiB.
2026-10-06T02:28:38Z INFO [860/1084] 68cd42a2-34fc-49c0-a99d-98714b7e3270: 17 internal nodes; 0.8 s; peak memory 361 MiB.
2026-10-06T02:28:39Z INFO [861/1084] 68cd9795-d89a-48b5-a44e-a75e49605b6f: 22 internal nodes; 1.0 s; peak memory 361 MiB.
2026-10-06T02:28:40Z INFO [862/1084] 68cdb470-1eba-4d49-bdf6-70e36132d0f3: 23 internal nodes; 1.0 s; peak memory 361 MiB.
2026-10-06T02:28:43Z INFO [863/1084] 68ced1ef-90d1-4100-9c76-d4cbb853e155: 44 internal nodes; 2.7 s; peak memory 361 MiB.
2026-10-06T02:28:45Z INFO [864/1084] 68cf56ab-69d4-4474-873c-4c003b0bd02a: 53 internal nodes; 2.2 s; peak memory 361 MiB.
2026-10-06T02:28:49Z INFO [865/1084] 68d09b83-0b14-4d08-aeb1-a6ae66b5e927: 126 internal nodes; 4.2 s; peak memory 361 MiB.
2026-10-06T02:28:50Z INFO [866/1084] 68d11131-b38e-482f-8741-9d80d96e8701: 13 internal nodes; 0.6 s; peak memory 361 MiB.
2026-10-06T02:28:51Z INFO [867/1084] 68d16d7d-ebbe-491b-a43a-31bb697d7ea6: 29 internal nodes; 0.9 s; peak memory 361 MiB.
2026-10-06T02:28:55Z INFO [868/1084] 68d2ab2b-ffa6-436a-b9cc-4de12ab2656f: 177 internal nodes; 4.5 s; peak memory 361 MiB.
2026-10-06T02:28:56Z INFO [869/1084] 68d2e983-6fd7-49b8-a00e-983563ea5557: 19 internal nodes; 0.8 s; peak memory 361 MiB.
2026-10-06T02:28:57Z INFO [870/1084] 68d3b018-6c17-4147-92f3-cfc007168779: 83 internal nodes; 1.1 s; peak memory 361 MiB.
2026-10-06T02:28:58Z INFO [871/1084] 68d3e3aa-2791-489a-89b0-5fc9ecdf20dd: 17 internal nodes; 0.9 s; peak memory 361 MiB.
2026-10-06T02:28:59Z INFO [872/1084] 68d6da8d-d6b3-4875-a17c-41260b65fe79: 61 internal nodes; 1.3 s; peak memory 361 MiB.
2026-10-06T02:29:00Z INFO [873/1084] 68d6e134-d0a6-4137-a937-63354eb19b88: 17 internal nodes; 0.9 s; peak memory 361 MiB.
2026-10-06T02:29:02Z INFO [874/1084] 68d70145-dc3b-4b62-94c6-8e5ffbf55b76: 65 internal nodes; 1.8 s; peak memory 361 MiB.
2026-10-06T02:29:03Z INFO [875/1084] 68d773b7-c2a0-4ae7-bb99-5e0716988f11: 27 internal nodes; 1.0 s; peak memory 361 MiB.
2026-10-06T02:29:05Z INFO [876/1084] 68d7771e-37b9-40ae-b1d4-fa89f747922f: 66 internal nodes; 1.8 s; peak memory 361 MiB.
2026-10-06T02:29:06Z INFO [877/1084] 68d93232-899c-4ed1-94ba-2bbcdad42864: 17 internal nodes; 0.9 s; peak memory 361 MiB.
2026-10-06T02:29:07Z INFO [878/1084] 68d97ab2-2dc7-409d-b0b7-b3607c8be2fb: 44 internal nodes; 1.8 s; peak memory 361 MiB.
2026-10-06T02:29:10Z INFO [879/1084] 68da0c44-20c9-4479-b467-0ad7d07c30fb: 46 internal nodes; 2.7 s; peak memory 361 MiB.
2026-10-06T02:29:11Z INFO [880/1084] 68da6ab2-72c2-4d3e-b6fb-0e9ffe6e3339: 17 internal nodes; 0.8 s; peak memory 361 MiB.
2026-10-06T02:29:12Z INFO [881/1084] 68db5595-0226-4cb6-99e8-9a7aec85b824: 115 internal nodes; 1.0 s; peak memory 361 MiB.
2026-10-06T02:29:12Z INFO [882/1084] 68db6c2a-f82e-4c37-bc47-daca89bf7ec1: 20 internal nodes; 0.7 s; peak memory 361 MiB.
2026-10-06T02:29:14Z INFO [883/1084] 68dba853-3b76-40e2-a52d-ac59a3b91493: 90 internal nodes; 1.2 s; peak memory 361 MiB.
2026-10-06T02:29:15Z INFO [884/1084] 68dd1be2-ee8b-42ed-8242-08cb06e26484: 27 internal nodes; 0.9 s; peak memory 361 MiB.
2026-10-06T02:29:16Z INFO [885/1084] 68dd4b98-3023-4fcf-bea5-ff0294ae650e: 31 internal nodes; 1.4 s; peak memory 361 MiB.
2026-10-06T02:29:17Z INFO [886/1084] 68dd8d89-1304-4d95-b7da-a9537b2767d5: 29 internal nodes; 1.1 s; peak memory 361 MiB.
2026-10-06T02:29:18Z INFO [887/1084] 68de346a-7853-4c08-a9ce-f966439f03ef: 29 internal nodes; 1.0 s; peak memory 361 MiB.
2026-10-06T02:29:19Z INFO [888/1084] 68df6fcd-87d5-49e0-865e-24c0215d4010: 17 internal nodes; 0.6 s; peak memory 361 MiB.
2026-10-06T02:29:20Z INFO [889/1084] 68dfe59f-d69c-451c-8ad2-4803a388126a: 27 internal nodes; 0.9 s; peak memory 361 MiB.
2026-10-06T02:29:20Z INFO [890/1084] 68e0c7a2-7110-41d8-8348-e05c053db009: 17 internal nodes; 0.8 s; peak memory 361 MiB.
2026-10-06T02:29:25Z INFO [891/1084] 68e17922-1932-4cfb-b394-d2ed8e56855e: 54 internal nodes; 4.8 s; peak memory 361 MiB.
2026-10-06T02:29:26Z INFO [892/1084] 68e1e6c1-a586-4e57-8193-b1eaa160b34b: 19 internal nodes; 0.7 s; peak memory 361 MiB.
2026-10-06T02:29:28Z INFO [893/1084] 68e256a3-b7b0-4c73-aef3-d4d138321f06: 50 internal nodes; 2.5 s; peak memory 361 MiB.
2026-10-06T02:29:30Z INFO [894/1084] 68e2e05b-7617-46ed-83be-dafda7f09344: 31 internal nodes; 1.1 s; peak memory 361 MiB.
2026-10-06T02:29:32Z INFO [895/1084] 68e35a66-6315-4a96-9f30-abcd458bdadc: 37 internal nodes; 2.0 s; peak memory 361 MiB.
2026-10-06T02:29:32Z INFO [896/1084] 68e3fea8-7a1a-4f67-b45c-b3d33f6decba: 19 internal nodes; 0.8 s; peak memory 361 MiB.
2026-10-06T02:29:34Z INFO [897/1084] 68e57c18-9f9e-44c8-b30f-6890f605486a: 31 internal nodes; 1.3 s; peak memory 361 MiB.
2026-10-06T02:29:36Z INFO [898/1084] 68e630c5-10cc-4a33-b2bd-1ba281049e40: 40 internal nodes; 2.3 s; peak memory 361 MiB.
2026-10-06T02:29:37Z INFO [899/1084] 68e63da5-b8f4-4172-8679-84294164dbbf: 13 internal nodes; 1.3 s; peak memory 361 MiB.
2026-10-06T02:29:40Z INFO [900/1084] 68e6756f-49c7-4fd2-a3b5-839133a1e48d: 44 internal nodes; 2.5 s; peak memory 361 MiB.
2026-10-06T02:29:40Z INFO [900/1084] 68e6756f-49c7-4fd2-a3b5-839133a1e48d: checkpointed 97292 records.
2026-10-06T02:29:41Z INFO [901/1084] 68e69745-1771-4124-afe7-7fc65996adc9: 17 internal nodes; 1.0 s; peak memory 361 MiB.
2026-10-06T02:29:42Z INFO [902/1084] 68e7932b-4ebf-475e-a925-afd8bbe86086: 63 internal nodes; 1.3 s; peak memory 361 MiB.
2026-10-06T02:29:44Z INFO [903/1084] 68e7dcbd-48d6-4637-ab3a-07b3eb5a29a3: 41 internal nodes; 2.1 s; peak memory 361 MiB.
2026-10-06T02:29:46Z INFO [904/1084] 68e82488-95d1-46ec-9ab7-5605c5931cd4: 66 internal nodes; 1.8 s; peak memory 361 MiB.
2026-10-06T02:29:52Z INFO [905/1084] 68e9be8e-84ec-4a2f-b6dc-43ff9bc64fc8: 133 internal nodes; 5.6 s; peak memory 361 MiB.
2026-10-06T02:29:53Z INFO [906/1084] 68eb4a77-73c3-49ff-a3c1-76f9db4e1b0f: 31 internal nodes; 1.2 s; peak memory 361 MiB.
2026-10-06T02:29:54Z INFO [907/1084] 68ebed2f-3330-487c-93fd-98e220fcf13f: 11 internal nodes; 0.6 s; peak memory 361 MiB.
2026-10-06T02:29:54Z INFO [908/1084] 68ed454b-d61e-4c72-ac91-97ca126c6de4: 13 internal nodes; 0.7 s; peak memory 361 MiB.
2026-10-06T02:29:56Z INFO [909/1084] 68ee34cc-62c1-4b6a-9589-323499978e8f: 42 internal nodes; 2.0 s; peak memory 361 MiB.
2026-10-06T02:30:01Z INFO [910/1084] 68eeaf54-cd99-433f-b0b7-b986114ef028: 73 internal nodes; 4.2 s; peak memory 361 MiB.
2026-10-06T02:30:02Z INFO [911/1084] 68eeee89-239b-43cc-8b28-be7a23bb2c66: 13 internal nodes; 1.0 s; peak memory 361 MiB.
2026-10-06T02:30:02Z INFO [912/1084] 68ef3dc3-1c66-43b8-9099-e85b5e82c8ec: 27 internal nodes; 0.8 s; peak memory 361 MiB.
2026-10-06T02:30:03Z INFO [913/1084] 68efee1c-9be6-44c2-b69c-9c81969fba8a: 27 internal nodes; 0.9 s; peak memory 361 MiB.
2026-10-06T02:30:04Z INFO [914/1084] 68f03470-3ca0-4674-940b-ab3402649a73: 27 internal nodes; 1.0 s; peak memory 361 MiB.
2026-10-06T02:30:05Z INFO [915/1084] 68f04501-b66d-4651-93d3-9c02d6e1b987: 18 internal nodes; 0.7 s; peak memory 361 MiB.
2026-10-06T02:30:09Z INFO [916/1084] 68f0c758-3ad5-465d-9007-76f740f43299: 73 internal nodes; 4.2 s; peak memory 361 MiB.
2026-10-06T02:30:10Z INFO [917/1084] 68f10568-6dab-44e7-959a-bba68cef1833: 29 internal nodes; 1.2 s; peak memory 361 MiB.
2026-10-06T02:30:12Z INFO [918/1084] 68f15465-a5b6-494a-980d-ddb28455ae42: 18 internal nodes; 1.3 s; peak memory 361 MiB.
2026-10-06T02:30:12Z INFO [919/1084] 68f17e06-7491-485a-9b1d-b42778185266: 17 internal nodes; 0.8 s; peak memory 361 MiB.
2026-10-06T02:30:15Z INFO [920/1084] 68f286dc-8e0d-4dc1-974b-18559cdba6e8: 44 internal nodes; 2.2 s; peak memory 361 MiB.
2026-10-06T02:30:16Z INFO [921/1084] 68f2afdf-0748-4644-a5e7-f13d9b976411: 25 internal nodes; 1.6 s; peak memory 361 MiB.
2026-10-06T02:30:17Z INFO [922/1084] 68f2ca78-963e-46b3-9e67-a03909e9a1b4: 17 internal nodes; 0.9 s; peak memory 361 MiB.
2026-10-06T02:30:18Z INFO [923/1084] 68f60613-8c87-4819-af6d-8d657b99a8f0: 17 internal nodes; 0.9 s; peak memory 361 MiB.
2026-10-06T02:30:22Z INFO [924/1084] 68f6e75e-d883-4497-8e83-5e7518751b43: 68 internal nodes; 4.2 s; peak memory 361 MiB.
2026-10-06T02:30:23Z INFO [925/1084] 68f7aabc-25f9-429f-ae75-ac7d930a1723: 13 internal nodes; 1.1 s; peak memory 361 MiB.
2026-10-06T02:30:24Z INFO [926/1084] 68f94934-f206-45b8-a150-fc83219e929c: 17 internal nodes; 0.8 s; peak memory 361 MiB.
2026-10-06T02:30:32Z INFO [927/1084] 68f95d62-08b9-4aa3-9724-a9196efa0469: 206 internal nodes; 7.5 s; peak memory 361 MiB.
2026-10-06T02:30:32Z INFO [928/1084] 68f9607b-d654-46f8-94d8-e1954a275a20: 21 internal nodes; 0.7 s; peak memory 361 MiB.
2026-10-06T02:30:33Z INFO [929/1084] 68f97f61-f5b7-4cde-867e-dc4d592268fa: 60 internal nodes; 1.0 s; peak memory 361 MiB.
2026-10-06T02:30:34Z INFO [930/1084] 68f9cb68-fdf7-47e7-9163-5d51285ab8bb: 17 internal nodes; 0.9 s; peak memory 361 MiB.
2026-10-06T02:30:35Z INFO [931/1084] 68fa6c80-1e22-48bd-97f7-6bfa5a61904f: 17 internal nodes; 0.6 s; peak memory 361 MiB.
2026-10-06T02:30:37Z INFO [932/1084] 68fa90ac-3d54-4675-8425-6ad3057e413d: 44 internal nodes; 2.1 s; peak memory 361 MiB.
2026-10-06T02:30:38Z INFO [933/1084] 68fb7bd0-671c-4f33-87a5-466b97d6ba4a: 17 internal nodes; 0.8 s; peak memory 361 MiB.
2026-10-06T02:30:43Z INFO [934/1084] 68fc9a27-9e49-472a-90a9-efd75b448d15: 54 internal nodes; 5.0 s; peak memory 361 MiB.
2026-10-06T02:30:44Z INFO [935/1084] 68fdc70c-960c-4d9e-a20e-63a293cf8df1: 30 internal nodes; 1.2 s; peak memory 361 MiB.
2026-10-06T02:30:45Z INFO [936/1084] 68ff4da4-d483-4783-8bd1-217aece04c9d: 17 internal nodes; 0.8 s; peak memory 361 MiB.
2026-10-06T02:30:46Z INFO [937/1084] 6900dfd4-6c24-473c-b5cc-770a4bbf2ef8: 58 internal nodes; 0.8 s; peak memory 361 MiB.
2026-10-06T02:30:46Z INFO [938/1084] 6900ffd2-549c-415a-b7af-e88c789a8e89: 17 internal nodes; 0.8 s; peak memory 361 MiB.
2026-10-06T02:30:47Z INFO [939/1084] 6901ae73-2869-410c-8a5b-2486fa6ca966: 13 internal nodes; 0.6 s; peak memory 361 MiB.
2026-10-06T02:30:55Z INFO [940/1084] 6901b31a-be04-4f5b-9623-b5347c77d304: 231 internal nodes; 8.3 s; peak memory 361 MiB.
2026-10-06T02:30:57Z INFO [941/1084] 690283bc-2fdd-4422-9e8f-e21549dcb0a3: 44 internal nodes; 1.9 s; peak memory 361 MiB.
2026-10-06T02:31:03Z INFO [942/1084] 6902dffb-a743-410a-ad7d-fd1cb39f4fde: 41 internal nodes; 6.1 s; peak memory 361 MiB.
2026-10-06T02:31:05Z INFO [943/1084] 6903450e-1c77-4e67-bef0-45cb817d46b1: 60 internal nodes; 1.2 s; peak memory 361 MiB.
2026-10-06T02:31:06Z INFO [944/1084] 6903892a-7781-4bc3-9325-112c04fa9351: 66 internal nodes; 1.4 s; peak memory 361 MiB.
2026-10-06T02:31:07Z INFO [945/1084] 6903fbe4-1b11-457c-a4e4-2556ba502068: 17 internal nodes; 1.1 s; peak memory 361 MiB.
2026-10-06T02:31:08Z INFO [946/1084] 690449be-9bec-4134-9236-116a89a8dab8: 17 internal nodes; 0.9 s; peak memory 361 MiB.
2026-10-06T02:31:09Z INFO [947/1084] 69051bc5-361d-4d43-9e09-f57452484a20: 27 internal nodes; 1.0 s; peak memory 361 MiB.
2026-10-06T02:31:10Z INFO [948/1084] 690537ef-1b7d-4673-aba5-86f8dfbbee52: 17 internal nodes; 0.8 s; peak memory 361 MiB.
2026-10-06T02:31:12Z INFO [949/1084] 690562bd-0609-450e-b02c-e69297a52843: 60 internal nodes; 2.0 s; peak memory 361 MiB.
2026-10-06T02:31:14Z INFO [950/1084] 69056df8-4218-48c1-b987-57f40595c39a: 46 internal nodes; 2.4 s; peak memory 361 MiB.
2026-10-06T02:31:14Z INFO [950/1084] 69056df8-4218-48c1-b987-57f40595c39a: checkpointed 97342 records.
2026-10-06T02:31:17Z INFO [951/1084] 6905cfbf-fc4e-4610-a725-11b52bba83f3: 54 internal nodes; 2.4 s; peak memory 361 MiB.
2026-10-06T02:31:22Z INFO [952/1084] 6905dd33-0268-4f33-984c-0e66c837572e: 62 internal nodes; 4.9 s; peak memory 361 MiB.
2026-10-06T02:31:23Z INFO [953/1084] 69089a0f-6aaa-451b-a66e-90c26fc15443: 17 internal nodes; 0.9 s; peak memory 361 MiB.
2026-10-06T02:31:24Z INFO [954/1084] 6909804f-8117-436e-8510-98dba43d6d8a: 25 internal nodes; 1.0 s; peak memory 361 MiB.
2026-10-06T02:31:24Z INFO [955/1084] 690a2329-4018-47df-b645-4c5bcdd9a9d6: 11 internal nodes; 0.6 s; peak memory 361 MiB.
2026-10-06T02:31:25Z INFO [956/1084] 690a3e0e-3e3f-4d68-a1a6-44189f72f3e0: 54 internal nodes; 0.9 s; peak memory 361 MiB.
2026-10-06T02:31:28Z INFO [957/1084] 690ba6bc-218b-4609-b99e-9829b37bb5de: 57 internal nodes; 3.4 s; peak memory 361 MiB.
2026-10-06T02:31:30Z INFO [958/1084] 690c9753-e09e-4944-ab1e-ef05e1e2b62a: 17 internal nodes; 1.1 s; peak memory 361 MiB.
2026-10-06T02:31:31Z INFO [959/1084] 690ccc5b-5494-490d-88c1-23ca3d1042ca: 31 internal nodes; 1.2 s; peak memory 361 MiB.
2026-10-06T02:31:32Z INFO [960/1084] 690d56e0-c7cc-4b5f-bb32-4103201c2554: 17 internal nodes; 0.8 s; peak memory 361 MiB.
2026-10-06T02:31:32Z INFO [961/1084] 690ea1c8-6bd0-4f1a-b6dd-030dd910240f: 17 internal nodes; 0.7 s; peak memory 361 MiB.
2026-10-06T02:31:35Z INFO [962/1084] 690eb27f-4d9d-4737-8b96-0856af406ca4: 43 internal nodes; 2.4 s; peak memory 361 MiB.
2026-10-06T02:31:36Z INFO [963/1084] 690f88d5-f83f-42c8-9c41-867404ce1d2b: 17 internal nodes; 0.9 s; peak memory 361 MiB.
2026-10-06T02:31:37Z INFO [964/1084] 690f9c23-1905-4aad-8ebd-66b0f2173372: 34 internal nodes; 0.8 s; peak memory 361 MiB.
2026-10-06T02:31:37Z INFO [965/1084] 690fd54b-5698-4267-ab0d-0fe4c2f4c1f0: 17 internal nodes; 0.9 s; peak memory 361 MiB.
2026-10-06T02:31:38Z INFO [966/1084] 6910fe1c-d222-44f2-9827-65de3c305ae6: 27 internal nodes; 0.9 s; peak memory 361 MiB.
2026-10-06T02:31:46Z INFO [967/1084] 69116d54-b860-4c79-abef-8c8b9fd9348d: 224 internal nodes; 7.7 s; peak memory 361 MiB.
2026-10-06T02:31:47Z INFO [968/1084] 6911765e-fcc4-472a-b3ea-d0208de1efd2: 22 internal nodes; 0.7 s; peak memory 361 MiB.
2026-10-06T02:31:52Z INFO [969/1084] 6911d1eb-a572-4ee7-b723-9baa27c9d853: 59 internal nodes; 5.7 s; peak memory 361 MiB.
2026-10-06T02:31:54Z INFO [970/1084] 6911e17d-cab7-48d2-a55c-b5dcef481253: 31 internal nodes; 1.3 s; peak memory 361 MiB.
2026-10-06T02:31:55Z INFO [971/1084] 6912a1ff-0be0-4899-b660-e12daadbd552: 60 internal nodes; 1.2 s; peak memory 361 MiB.
2026-10-06T02:31:56Z INFO [972/1084] 6913beff-a968-45c0-a279-15ee5bbfa8e9: 27 internal nodes; 1.0 s; peak memory 361 MiB.
2026-10-06T02:31:57Z INFO [973/1084] 6914b4b2-25bc-4978-9fb0-a2466d170fdb: 27 internal nodes; 0.9 s; peak memory 361 MiB.
2026-10-06T02:31:58Z INFO [974/1084] 69152b9a-d61e-47b1-a89d-adc0b5bb6ceb: 17 internal nodes; 0.8 s; peak memory 361 MiB.
2026-10-06T02:31:59Z INFO [975/1084] 69156ccb-afba-48a9-b309-508947e32196: 38 internal nodes; 1.2 s; peak memory 361 MiB.
2026-10-06T02:32:00Z INFO [976/1084] 69169baa-3507-4588-be18-13c7db499b5d: 17 internal nodes; 0.9 s; peak memory 361 MiB.
2026-10-06T02:32:01Z INFO [977/1084] 6917058d-ea4b-49d4-925d-3aa1707003c7: 17 internal nodes; 0.8 s; peak memory 361 MiB.
2026-10-06T02:32:06Z INFO [978/1084] 69177346-8baa-421b-8256-d87d60f1f2d1: 179 internal nodes; 5.3 s; peak memory 361 MiB.
2026-10-06T02:32:07Z INFO [979/1084] 6917b38e-11ae-4597-8c3c-22a852c83398: 17 internal nodes; 0.8 s; peak memory 361 MiB.
2026-10-06T02:32:08Z INFO [980/1084] 691807b2-5260-4e10-bc01-15dee9d0d589: 11 internal nodes; 1.0 s; peak memory 361 MiB.
2026-10-06T02:32:12Z INFO [981/1084] 69189d10-5cd7-4ea6-8d5c-4447225a8078: 68 internal nodes; 4.4 s; peak memory 361 MiB.
2026-10-06T02:32:13Z INFO [982/1084] 6918b454-13d5-4fd7-a98d-967d14a5b37d: 31 internal nodes; 1.2 s; peak memory 361 MiB.
2026-10-06T02:32:14Z INFO [983/1084] 691a36fb-2098-490d-a3cf-7a070f6f605e: 11 internal nodes; 0.8 s; peak memory 361 MiB.
2026-10-06T02:32:20Z INFO [984/1084] 691b1801-ada1-41c5-83c4-4eb43dbd85a9: 44 internal nodes; 5.8 s; peak memory 361 MiB.
2026-10-06T02:32:21Z INFO [985/1084] 691bb8ec-3288-49b7-af33-7659500671a3: 17 internal nodes; 0.9 s; peak memory 361 MiB.
2026-10-06T02:32:23Z INFO [986/1084] 691c2a3d-d36a-4543-bf3d-976471292076: 45 internal nodes; 2.1 s; peak memory 361 MiB.
2026-10-06T02:32:24Z INFO [987/1084] 691c5c6e-0aaa-49ee-b4fd-e44a23ed5a02: 17 internal nodes; 0.9 s; peak memory 361 MiB.
2026-10-06T02:32:25Z INFO [988/1084] 691dc05b-fd3f-4975-9c18-2a1d96b84905: 17 internal nodes; 0.8 s; peak memory 361 MiB.
2026-10-06T02:32:25Z INFO [989/1084] 691e85a7-5f56-4758-96eb-048a88279c8e: 27 internal nodes; 0.9 s; peak memory 361 MiB.
2026-10-06T02:32:27Z INFO [990/1084] 691eaf40-f057-4c57-b614-bbbb5498c6c6: 31 internal nodes; 1.2 s; peak memory 361 MiB.
2026-10-06T02:32:29Z INFO [991/1084] 6921b0cb-b759-47f3-8554-71aa0ef3bcf9: 26 internal nodes; 1.8 s; peak memory 361 MiB.
2026-10-06T02:32:29Z INFO [992/1084] 69225f23-13c3-4fc6-aabd-c0bad45f90e6: 17 internal nodes; 0.8 s; peak memory 361 MiB.
2026-10-06T02:32:37Z INFO [993/1084] 6922f8d9-51f1-494f-9b44-03fff455a9cc: 63 internal nodes; 7.9 s; peak memory 361 MiB.
2026-10-06T02:32:39Z INFO [994/1084] 69247f79-1e5e-4a17-8540-b6aa69cc78ee: 45 internal nodes; 2.1 s; peak memory 361 MiB.
2026-10-06T02:32:40Z INFO [995/1084] 6924ca14-80b4-4cd8-ad8c-72f6d042be93: 27 internal nodes; 1.1 s; peak memory 361 MiB.
2026-10-06T02:32:42Z INFO [996/1084] 6925b1c3-5d88-4322-a462-2f834c72f3ee: 66 internal nodes; 1.6 s; peak memory 361 MiB.
2026-10-06T02:32:43Z INFO [997/1084] 69277115-b40f-4ed3-ad02-4238b3cf0e3e: 17 internal nodes; 0.9 s; peak memory 361 MiB.
2026-10-06T02:32:44Z INFO [998/1084] 6928539b-76c4-44a4-ad7d-d512840b1421: 62 internal nodes; 1.2 s; peak memory 361 MiB.
2026-10-06T02:32:45Z INFO [999/1084] 6928c311-6890-4117-b672-4553df46635a: 17 internal nodes; 0.8 s; peak memory 361 MiB.
2026-10-06T02:32:46Z INFO [1000/1084] 692921c4-ea5d-4ed3-8fd9-ebbacd6db3d2: 11 internal nodes; 0.6 s; peak memory 361 MiB.
2026-10-06T02:32:46Z INFO [1000/1084] 692921c4-ea5d-4ed3-8fd9-ebbacd6db3d2: checkpointed 97392 records.
2026-10-06T02:32:47Z INFO [1001/1084] 69292f31-1663-4cb3-998b-13f57b169b79: 22 internal nodes; 0.7 s; peak memory 361 MiB.
2026-10-06T02:32:47Z INFO [1002/1084] 69294fe1-56f7-4040-bed5-bdddfcdd2a73: 17 internal nodes; 0.7 s; peak memory 361 MiB.
2026-10-06T02:32:57Z INFO [1003/1084] 69298193-34ff-4eb6-b05f-27bfa85ade4a: 68 internal nodes; 9.3 s; peak memory 361 MiB.
2026-10-06T02:32:58Z INFO [1004/1084] 6929a2f3-f188-443e-8798-be4da4f969cb: 29 internal nodes; 1.4 s; peak memory 361 MiB.
2026-10-06T02:33:04Z INFO [1005/1084] 692a9993-e29c-4720-8ac4-a2eae16bfdc6: 61 internal nodes; 5.4 s; peak memory 361 MiB.
2026-10-06T02:33:08Z INFO [1006/1084] 692ac7fd-9ff4-4310-b58f-5f5b3723c009: 68 internal nodes; 4.9 s; peak memory 361 MiB.
2026-10-06T02:33:15Z INFO [1007/1084] 692b7bee-f45f-4bf9-a238-90d49de5b752: 139 internal nodes; 6.1 s; peak memory 361 MiB.
2026-10-06T02:33:15Z INFO [1008/1084] 692be0a5-43a2-491c-8565-ce737df6bdec: 19 internal nodes; 0.8 s; peak memory 361 MiB.
2026-10-06T02:37:30Z INFO [1009/1084] 692dbe4a-fb87-46fa-b4fc-e346608cdb04: 58 internal nodes; 254.6 s; peak memory 361 MiB.
2026-10-06T02:37:31Z INFO [1010/1084] 692df252-6d73-46c0-8568-eda9b772aa03: 27 internal nodes; 1.0 s; peak memory 361 MiB.
2026-10-06T02:37:32Z INFO [1011/1084] 692e213e-a887-4751-9fc2-29605997f612: 56 internal nodes; 1.2 s; peak memory 361 MiB.
2026-10-06T02:37:33Z INFO [1012/1084] 692f70e3-d0ce-4356-80d9-a6ce687f31dc: 17 internal nodes; 0.9 s; peak memory 361 MiB.
2026-10-06T02:37:34Z INFO [1013/1084] 69309e84-b607-4b28-bae1-40037076f5d9: 11 internal nodes; 0.6 s; peak memory 361 MiB.
2026-10-06T02:37:41Z INFO [1014/1084] 6931860b-056a-401e-8dbe-98d1101cbf10: 239 internal nodes; 7.4 s; peak memory 361 MiB.
2026-10-06T02:37:42Z INFO [1015/1084] 693190d5-c8b8-4a5f-9b00-e3444b06b79e: 17 internal nodes; 0.8 s; peak memory 361 MiB.
2026-10-06T02:37:43Z INFO [1016/1084] 6931f6be-736f-4ee8-add3-b2456a102b7c: 17 internal nodes; 0.8 s; peak memory 361 MiB.
2026-10-06T02:37:44Z INFO [1017/1084] 6933022e-d84c-4e52-9aa1-52ad1d5b70ec: 63 internal nodes; 1.1 s; peak memory 361 MiB.
2026-10-06T02:37:47Z INFO [1018/1084] 69330487-3d49-475b-832a-1f4bf2bdbf5b: 49 internal nodes; 3.2 s; peak memory 361 MiB.
2026-10-06T02:37:48Z INFO [1019/1084] 693348cf-2970-43ba-ba8e-9eba5054cfd0: 17 internal nodes; 0.8 s; peak memory 361 MiB.
2026-10-06T02:37:48Z INFO [1020/1084] 6933b8fa-7438-4bc7-a9b5-1b425a8be271: 26 internal nodes; 0.6 s; peak memory 361 MiB.
2026-10-06T02:37:49Z INFO [1021/1084] 693416e0-613e-4a17-abaf-c8da7f225e34: 31 internal nodes; 1.0 s; peak memory 361 MiB.
2026-10-06T02:37:56Z INFO [1022/1084] 6934f9e4-5f31-45b2-816b-84b92dd08092: 209 internal nodes; 6.6 s; peak memory 361 MiB.
2026-10-06T02:37:57Z INFO [1023/1084] 69352272-bab3-44dc-b7f5-92ef965638fd: 17 internal nodes; 0.9 s; peak memory 361 MiB.
2026-10-06T02:37:58Z INFO [1024/1084] 6936c382-ea7c-48f6-ab7c-c9710c17c7e8: 27 internal nodes; 1.1 s; peak memory 361 MiB.
2026-10-06T02:37:59Z INFO [1025/1084] 6936edd9-d885-41ac-b3e8-1c7e61848254: 18 internal nodes; 1.0 s; peak memory 361 MiB.
2026-10-06T02:38:00Z INFO [1026/1084] 6937a0fa-f327-497c-b4a0-40592231aab3: 17 internal nodes; 0.8 s; peak memory 361 MiB.
2026-10-06T02:38:01Z INFO [1027/1084] 6937d3e8-e1d7-4a5b-86c1-016fe0cb2d42: 27 internal nodes; 1.0 s; peak memory 361 MiB.
2026-10-06T02:38:02Z INFO [1028/1084] 69394a90-e3ec-4859-ae5f-24b7d68f4118: 27 internal nodes; 1.0 s; peak memory 361 MiB.
2026-10-06T02:38:03Z INFO [1029/1084] 6939826c-0bd8-41b8-ae93-c00093198857: 18 internal nodes; 1.0 s; peak memory 361 MiB.
2026-10-06T02:38:04Z INFO [1030/1084] 69399f67-4b87-42fe-b9b3-15812205f80a: 56 internal nodes; 1.4 s; peak memory 361 MiB.
2026-10-06T02:38:07Z INFO [1031/1084] 693a1e86-9a28-449a-9e10-66c7bb6d6409: 47 internal nodes; 3.1 s; peak memory 361 MiB.
2026-10-06T02:38:08Z INFO [1032/1084] 693a3efd-b8e3-40e6-ab70-34294a18420b: 18 internal nodes; 0.8 s; peak memory 361 MiB.
2026-10-06T02:38:09Z INFO [1033/1084] 693b0797-f3f4-4be2-ad3e-f821ccaaff63: 15 internal nodes; 0.7 s; peak memory 361 MiB.
2026-10-06T02:38:10Z INFO [1034/1084] 693b0cda-dc34-4f88-9a66-c0baac87aae0: 12 internal nodes; 0.9 s; peak memory 361 MiB.
2026-10-06T02:38:11Z INFO [1035/1084] 693b399e-5349-4d8c-bf87-d8ee194b219a: 13 internal nodes; 1.0 s; peak memory 361 MiB.
2026-10-06T02:38:12Z INFO [1036/1084] 693b73ab-cde8-414e-b560-9a72e9e2d9e6: 29 internal nodes; 1.3 s; peak memory 361 MiB.
2026-10-06T02:38:14Z INFO [1037/1084] 693c179c-6260-4161-b639-491cc2098aa9: 44 internal nodes; 1.7 s; peak memory 361 MiB.
2026-10-06T02:38:15Z INFO [1038/1084] 693dbf06-4745-4183-8e23-25ed3dce9487: 27 internal nodes; 1.0 s; peak memory 361 MiB.
2026-10-06T02:38:15Z INFO [1039/1084] 693e2fad-5c1a-4663-98dc-5c489b676123: 17 internal nodes; 0.9 s; peak memory 361 MiB.
2026-10-06T02:38:16Z INFO [1040/1084] 693e68d3-ace8-4d12-b6dd-382c9bf6a676: 18 internal nodes; 0.7 s; peak memory 361 MiB.
2026-10-06T02:38:17Z INFO [1041/1084] 693ee6c6-027d-4a33-ad9f-7f9690e3807d: 17 internal nodes; 0.9 s; peak memory 361 MiB.
2026-10-06T02:38:34Z INFO [1042/1084] 693f3ece-ecbd-4682-bcec-d99f81a45f0e: 1043 internal nodes; 17.4 s; peak memory 361 MiB.
2026-10-06T02:38:35Z INFO [1043/1084] 693f4e4e-a683-40a3-8490-91b929e5e21f: 17 internal nodes; 1.0 s; peak memory 361 MiB.
2026-10-06T02:38:37Z INFO [1044/1084] 693f7edc-5bb5-4789-8cc0-fb717dd3c32b: 39 internal nodes; 1.1 s; peak memory 361 MiB.
2026-10-06T02:38:39Z INFO [1045/1084] 69408006-977b-4bd3-9c91-b5179e86c3a3: 46 internal nodes; 2.8 s; peak memory 361 MiB.
2026-10-06T02:38:40Z INFO [1046/1084] 694094f6-221f-45f4-8d6b-d52a48d695a9: 27 internal nodes; 1.0 s; peak memory 361 MiB.
2026-10-06T02:38:42Z INFO [1047/1084] 6940f4f6-0296-4201-b519-afb8159e0130: 31 internal nodes; 1.3 s; peak memory 361 MiB.
2026-10-06T02:38:46Z INFO [1048/1084] 6941783f-32df-4f41-816a-18cb4944411a: 113 internal nodes; 4.6 s; peak memory 361 MiB.
2026-10-06T02:38:47Z INFO [1049/1084] 69426768-1ae3-4dfb-a946-38509f27c0ae: 23 internal nodes; 0.9 s; peak memory 361 MiB.
2026-10-06T02:38:48Z INFO [1050/1084] 69428e45-6724-4c2c-998a-3116e0640ca1: 90 internal nodes; 1.0 s; peak memory 361 MiB.
2026-10-06T02:38:49Z INFO [1050/1084] 69428e45-6724-4c2c-998a-3116e0640ca1: checkpointed 97442 records.
2026-10-06T02:38:49Z INFO [1051/1084] 6942f269-50d4-4cb7-823c-839123995bdc: 11 internal nodes; 0.6 s; peak memory 361 MiB.
2026-10-06T02:38:50Z INFO [1052/1084] 6943ab8f-30ec-4848-85e8-1ae5fd37ce0a: 17 internal nodes; 0.9 s; peak memory 361 MiB.
2026-10-06T02:38:57Z INFO [1053/1084] 6943c2bd-0e7f-44c7-beb7-af4b2bc9c57a: 186 internal nodes; 6.7 s; peak memory 361 MiB.
2026-10-06T02:38:59Z INFO [1054/1084] 69454250-9604-4426-849d-3dfd14615f73: 44 internal nodes; 2.2 s; peak memory 361 MiB.
2026-10-06T02:39:00Z INFO [1055/1084] 6945541d-42b6-4a6c-86ca-057e01941a16: 27 internal nodes; 1.1 s; peak memory 361 MiB.
2026-10-06T02:39:01Z INFO [1056/1084] 69456089-124f-461f-835c-0b61d830ae8d: 31 internal nodes; 1.2 s; peak memory 361 MiB.
2026-10-06T02:39:02Z INFO [1057/1084] 6945e174-0309-4b9b-916d-1196cb1c8472: 17 internal nodes; 0.9 s; peak memory 361 MiB.
2026-10-06T02:39:03Z INFO [1058/1084] 69463a43-2cc8-4129-a915-7d040b8e149c: 55 internal nodes; 1.1 s; peak memory 361 MiB.
2026-10-06T02:39:04Z INFO [1059/1084] 69466dad-1ebe-4297-b207-fe340ea271aa: 11 internal nodes; 0.6 s; peak memory 361 MiB.
2026-10-06T02:39:05Z INFO [1060/1084] 6946d8a5-9002-42a1-8337-aa20061161c9: 31 internal nodes; 1.4 s; peak memory 361 MiB.
2026-10-06T02:39:06Z INFO [1061/1084] 6947e766-fdd0-4939-83fe-d6145c22bdf8: 17 internal nodes; 0.8 s; peak memory 361 MiB.
2026-10-06T02:39:07Z INFO [1062/1084] 69487e98-20eb-46d2-b633-5f609535a0d6: 29 internal nodes; 1.0 s; peak memory 361 MiB.
2026-10-06T02:39:08Z INFO [1063/1084] 69496398-3a39-4172-9315-4a908f82661e: 17 internal nodes; 0.8 s; peak memory 361 MiB.
2026-10-06T02:39:09Z INFO [1064/1084] 6949ed9b-9963-4778-9128-325a57b4dbf9: 17 internal nodes; 0.8 s; peak memory 361 MiB.
2026-10-06T02:39:10Z INFO [1065/1084] 694aa8a0-34dd-4d69-b0e4-8c7753944994: 27 internal nodes; 0.8 s; peak memory 361 MiB.
2026-10-06T02:39:12Z INFO [1066/1084] 694d36eb-f24f-4a69-894c-d6abba92d855: 46 internal nodes; 2.8 s; peak memory 361 MiB.
2026-10-06T02:39:14Z INFO [1067/1084] 694db994-94ed-40b3-ab33-34f4cccaa284: 31 internal nodes; 1.6 s; peak memory 361 MiB.
2026-10-06T02:39:15Z INFO [1068/1084] 694e0bcc-892c-4028-8166-a7f37b965c1c: 17 internal nodes; 0.9 s; peak memory 361 MiB.
2026-10-06T02:39:16Z INFO [1069/1084] 694e85b7-40b4-4b70-bb01-e48362376e45: 61 internal nodes; 1.2 s; peak memory 361 MiB.
2026-10-06T02:39:17Z INFO [1070/1084] 694e8d5d-48c5-4d86-981e-01751785647b: 17 internal nodes; 0.6 s; peak memory 361 MiB.
2026-10-06T02:39:18Z INFO [1071/1084] 694fe5ba-fe9d-459a-a393-e1149ed29abf: 27 internal nodes; 1.0 s; peak memory 361 MiB.
2026-10-06T02:39:19Z INFO [1072/1084] 69500b83-267e-4279-b62a-87bc2cc50f73: 17 internal nodes; 0.8 s; peak memory 361 MiB.
2026-10-06T02:39:19Z INFO [1073/1084] 6950f67e-ae2d-47f7-9632-77bc0c07242b: 27 internal nodes; 0.9 s; peak memory 361 MiB.
2026-10-06T02:39:20Z INFO [1074/1084] 6950fd2e-47ba-41c5-a88d-69c7f6c3ab9c: 114 internal nodes; 0.9 s; peak memory 361 MiB.
2026-10-06T02:39:22Z INFO [1075/1084] 69515430-9ff5-4d3d-9aab-347a39276a17: 29 internal nodes; 1.4 s; peak memory 361 MiB.
2026-10-06T02:39:23Z INFO [1076/1084] 69515e3b-6c59-45d6-98e5-5df303e3e36e: 17 internal nodes; 0.8 s; peak memory 361 MiB.
2026-10-06T02:39:24Z WARNING 735c7449-7e23-44fa-8990-d5c55f725aa2: failed while reading the NWB file (KeyError: 'Unable to synchronously open object (component not found)')
2026-10-06T02:39:24Z WARNING [1077/1084] 735c7449-7e23-44fa-8990-d5c55f725aa2: leaving unrecorded for a later run to retry.
2026-10-06T02:39:25Z WARNING 75dc9b6e-40d1-4c10-8d75-71e6d60a1109: failed while reading the NWB file (KeyError: 'Unable to synchronously open object (component not found)')
2026-10-06T02:39:25Z WARNING [1078/1084] 75dc9b6e-40d1-4c10-8d75-71e6d60a1109: leaving unrecorded for a later run to retry.
2026-10-06T02:39:26Z WARNING 8f0183a2-f90f-4b15-8fac-1ca3a404a100: failed while reading the NWB file (KeyError: 'Unable to synchronously open object (component not found)')
2026-10-06T02:39:26Z WARNING [1079/1084] 8f0183a2-f90f-4b15-8fac-1ca3a404a100: leaving unrecorded for a later run to retry.
2026-10-06T02:39:27Z WARNING 91d0f104-6918-47ae-8959-2116c86ee157: failed while reading the NWB file (KeyError: 'Unable to synchronously open object (component not found)')
2026-10-06T02:39:27Z WARNING [1080/1084] 91d0f104-6918-47ae-8959-2116c86ee157: leaving unrecorded for a later run to retry.
2026-10-06T02:39:29Z WARNING 969e4747-5a03-4948-bad1-05be9db18f9a: failed while reading the NWB file (KeyError: 'Unable to synchronously open object (component not found)')
2026-10-06T02:39:29Z WARNING [1081/1084] 969e4747-5a03-4948-bad1-05be9db18f9a: leaving unrecorded for a later run to retry.
2026-10-06T02:39:30Z WARNING 9f0feaa9-adb3-4487-afb9-d4f49f1acdc6: failed while reading the NWB file (KeyError: 'Unable to synchronously open object (component not found)')
2026-10-06T02:39:30Z WARNING [1082/1084] 9f0feaa9-adb3-4487-afb9-d4f49f1acdc6: leaving unrecorded for a later run to retry.
2026-10-06T02:39:31Z WARNING ad5b0970-92ee-45ed-9ade-ec72ab7c0c43: failed while reading the NWB file (KeyError: 'Unable to synchronously open object (component not found)')
2026-10-06T02:39:31Z WARNING [1083/1084] ad5b0970-92ee-45ed-9ade-ec72ab7c0c43: leaving unrecorded for a later run to retry.
2026-10-06T02:39:32Z WARNING d73cb2c7-2e04-4c75-ba50-9b634dc8e8fb: failed while reading the NWB file (KeyError: 'Unable to synchronously open object (component not found)')
2026-10-06T02:39:32Z WARNING [1084/1084] d73cb2c7-2e04-4c75-ba50-9b634dc8e8fb: leaving unrecorded for a later run to retry.
2026-10-06T02:39:32Z INFO Wrote 97468 records to /tmp/derivatives/valid_nwb_file_to_out_degrees.jsonl (1055 new, 29 failed) in 40.6 min (peak memory 361 MiB).
