2026-10-06T10:50:10Z INFO Logging to /tmp/logs/update_2026-10-06T10-50-10Z.log.
2026-10-06T10:50:10Z INFO Update valid-nwb-file-to-out-degrees (base directory /tmp).
2026-10-06T10:50:11Z INFO Processing 3688 items (97468 already recorded).
2026-10-06T10:50:12Z WARNING 024ef50f-ac6f-49ea-806b-93ef4b5e8644: failed while reading the NWB file (KeyError: 'Unable to synchronously open object (component not found)')
2026-10-06T10:50:12Z WARNING [1/3688] 024ef50f-ac6f-49ea-806b-93ef4b5e8644: leaving unrecorded for a later run to retry.
2026-10-06T10:50:31Z INFO [2/3688] 02b2d176-0fa0-455e-a8dc-196655254ae0: 131 internal nodes; 19.1 s; peak memory 174 MiB.
2026-10-06T10:50:33Z WARNING 09073220-fbea-45d2-9a39-2cc61fcdc2a1: failed while reading the NWB file (KeyError: 'Unable to synchronously open object (component not found)')
2026-10-06T10:50:33Z WARNING [3/3688] 09073220-fbea-45d2-9a39-2cc61fcdc2a1: leaving unrecorded for a later run to retry.
2026-10-06T10:50:35Z WARNING 0dec427d-4db4-44c3-988a-c37959ceaff3: failed while reading the NWB file (KeyError: 'Unable to synchronously open object (component not found)')
2026-10-06T10:50:35Z WARNING [4/3688] 0dec427d-4db4-44c3-988a-c37959ceaff3: leaving unrecorded for a later run to retry.
2026-10-06T10:50:36Z WARNING 0f7396ad-67ec-468a-b6a6-5599cb507f54: failed while reading the NWB file (KeyError: 'Unable to synchronously open object (component not found)')
2026-10-06T10:50:36Z WARNING [5/3688] 0f7396ad-67ec-468a-b6a6-5599cb507f54: leaving unrecorded for a later run to retry.
2026-10-06T10:50:38Z WARNING 1066b3ba-83d9-4cb3-bfe3-ecf8539e2334: failed while reading the NWB file (KeyError: 'Unable to synchronously open object (component not found)')
2026-10-06T10:50:38Z WARNING [6/3688] 1066b3ba-83d9-4cb3-bfe3-ecf8539e2334: leaving unrecorded for a later run to retry.
2026-10-06T10:50:55Z INFO [7/3688] 10951cd6-3ceb-4525-bd9e-c839e5c121ba: 131 internal nodes; 17.7 s; peak memory 174 MiB.
2026-10-06T10:51:14Z INFO [8/3688] 15c470da-0137-41d8-af56-dbb1b6a59d97: 131 internal nodes; 18.8 s; peak memory 176 MiB.
2026-10-06T10:51:16Z WARNING 17a546c4-6425-4c56-a43e-9f9f272d299c: failed while reading the NWB file (KeyError: 'Unable to synchronously open object (component not found)')
2026-10-06T10:51:16Z WARNING [9/3688] 17a546c4-6425-4c56-a43e-9f9f272d299c: leaving unrecorded for a later run to retry.
2026-10-06T10:51:17Z WARNING 19998990-d06f-40db-8d07-c5121b317b6a: failed while reading the NWB file (KeyError: 'Unable to synchronously open object (component not found)')
2026-10-06T10:51:17Z WARNING [10/3688] 19998990-d06f-40db-8d07-c5121b317b6a: leaving unrecorded for a later run to retry.
2026-10-06T10:51:19Z WARNING 1a18ed31-9155-4512-919f-b6875d14b9f3: failed while reading the NWB file (KeyError: 'Unable to synchronously open object (component not found)')
2026-10-06T10:51:19Z WARNING [11/3688] 1a18ed31-9155-4512-919f-b6875d14b9f3: leaving unrecorded for a later run to retry.
2026-10-06T10:51:26Z INFO [12/3688] 1b407e00-750e-47b6-aa8f-e05af0a008a4: 46 internal nodes; 7.1 s; peak memory 177 MiB.
2026-10-06T10:51:27Z WARNING 1c2fff6f-f3a7-43fb-b7e2-a33218d41614: failed while reading the NWB file (KeyError: 'Unable to synchronously open object (component not found)')
2026-10-06T10:51:27Z WARNING [13/3688] 1c2fff6f-f3a7-43fb-b7e2-a33218d41614: leaving unrecorded for a later run to retry.
2026-10-06T10:51:30Z INFO [14/3688] 2003ac16-bbe6-4d4c-bcd9-a51cae8feb47: 31 internal nodes; 2.8 s; peak memory 177 MiB.
2026-10-06T10:51:31Z WARNING 20b5d243-5a61-4246-a5d5-ac9d9068183d: failed while reading the NWB file (KeyError: 'Unable to synchronously open object (component not found)')
2026-10-06T10:51:31Z WARNING [15/3688] 20b5d243-5a61-4246-a5d5-ac9d9068183d: leaving unrecorded for a later run to retry.
2026-10-06T10:51:33Z WARNING 20e4b649-b593-4ee3-bd02-f0645aad7021: failed while reading the NWB file (KeyError: 'Unable to synchronously open object (component not found)')
2026-10-06T10:51:33Z WARNING [16/3688] 20e4b649-b593-4ee3-bd02-f0645aad7021: leaving unrecorded for a later run to retry.
2026-10-06T10:51:49Z INFO [17/3688] 23179822-a192-45c0-a661-477405effb5c: 131 internal nodes; 16.3 s; peak memory 184 MiB.
2026-10-06T10:51:51Z WARNING 2420003b-b350-4a69-b1aa-b27f68179823: failed while reading the NWB file (KeyError: 'Unable to synchronously open object (component not found)')
2026-10-06T10:51:51Z WARNING [18/3688] 2420003b-b350-4a69-b1aa-b27f68179823: leaving unrecorded for a later run to retry.
2026-10-06T10:52:10Z INFO [19/3688] 298e4b54-e4fa-4537-a1cd-9e1d7e3f4602: 131 internal nodes; 18.7 s; peak memory 184 MiB.
2026-10-06T10:52:11Z WARNING 2a76c0ae-11ba-4712-bfc9-5a1534c26aeb: failed while reading the NWB file (KeyError: 'Unable to synchronously open object (component not found)')
2026-10-06T10:52:11Z WARNING [20/3688] 2a76c0ae-11ba-4712-bfc9-5a1534c26aeb: leaving unrecorded for a later run to retry.
2026-10-06T10:52:13Z WARNING 319d22c8-6c6e-41bb-9bf9-9c6773d2b2ad: failed while reading the NWB file (KeyError: 'Unable to synchronously open object (component not found)')
2026-10-06T10:52:13Z WARNING [21/3688] 319d22c8-6c6e-41bb-9bf9-9c6773d2b2ad: leaving unrecorded for a later run to retry.
2026-10-06T10:52:14Z WARNING 324ccb4d-b81e-4dbb-a29d-ef474eef0d50: failed while reading the NWB file (KeyError: 'Unable to synchronously open object (component not found)')
2026-10-06T10:52:14Z WARNING [22/3688] 324ccb4d-b81e-4dbb-a29d-ef474eef0d50: leaving unrecorded for a later run to retry.
2026-10-06T10:52:33Z INFO [23/3688] 3867b653-3f82-40e6-9e7d-4f469bdf1904: 131 internal nodes; 18.8 s; peak memory 184 MiB.
2026-10-06T10:52:34Z WARNING 3b2672c0-01e2-4e2a-a6fd-09535b8afd67: failed while reading the NWB file (KeyError: 'Unable to synchronously open object (component not found)')
2026-10-06T10:52:34Z WARNING [24/3688] 3b2672c0-01e2-4e2a-a6fd-09535b8afd67: leaving unrecorded for a later run to retry.
2026-10-06T10:52:36Z WARNING 3dec1e5e-7a4c-4aaa-95eb-7a953aa18d59: failed while reading the NWB file (KeyError: 'Unable to synchronously open object (component not found)')
2026-10-06T10:52:36Z WARNING [25/3688] 3dec1e5e-7a4c-4aaa-95eb-7a953aa18d59: leaving unrecorded for a later run to retry.
2026-10-06T10:52:38Z WARNING 40d7f442-8923-4dd5-87cb-af432218c083: failed while reading the NWB file (KeyError: 'Unable to synchronously open object (component not found)')
2026-10-06T10:52:38Z WARNING [26/3688] 40d7f442-8923-4dd5-87cb-af432218c083: leaving unrecorded for a later run to retry.
2026-10-06T10:52:39Z WARNING 4255c687-2c9c-4ffc-83b6-08157b521931: failed while reading the NWB file (KeyError: 'Unable to synchronously open object (component not found)')
2026-10-06T10:52:39Z WARNING [27/3688] 4255c687-2c9c-4ffc-83b6-08157b521931: leaving unrecorded for a later run to retry.
2026-10-06T10:52:41Z WARNING 43addd0b-0674-4137-8eaa-9df790dee1ce: failed while reading the NWB file (KeyError: 'Unable to synchronously open object (component not found)')
2026-10-06T10:52:41Z WARNING [28/3688] 43addd0b-0674-4137-8eaa-9df790dee1ce: leaving unrecorded for a later run to retry.
2026-10-06T10:53:01Z INFO [29/3688] 45ddc51d-5298-4217-ae69-a4dc22689dff: 131 internal nodes; 19.6 s; peak memory 184 MiB.
2026-10-06T10:53:20Z INFO [30/3688] 47e94006-f42c-4ad0-8341-e23ca28b0244: 131 internal nodes; 19.4 s; peak memory 184 MiB.
2026-10-06T10:53:27Z INFO [31/3688] 4ef8e600-6f5b-4ab3-8d42-199852911a00: 46 internal nodes; 7.3 s; peak memory 184 MiB.
2026-10-06T10:53:46Z INFO [32/3688] 51390b38-ea0e-42b9-931d-b6831e2bca53: 131 internal nodes; 19.0 s; peak memory 184 MiB.
2026-10-06T10:53:53Z INFO [33/3688] 575eac9d-836c-4acf-9c9f-01a9cd40b208: 46 internal nodes; 6.7 s; peak memory 184 MiB.
2026-10-06T10:54:10Z INFO [34/3688] 59be38c1-f1d5-4944-9b2e-1682c4594a53: 131 internal nodes; 16.9 s; peak memory 189 MiB.
2026-10-06T10:54:11Z WARNING 59beae01-8c63-4353-a90b-e97078f0ecde: failed while reading the NWB file (KeyError: 'Unable to synchronously open object (component not found)')
2026-10-06T10:54:11Z WARNING [35/3688] 59beae01-8c63-4353-a90b-e97078f0ecde: leaving unrecorded for a later run to retry.
2026-10-06T10:54:29Z INFO [36/3688] 5f43d965-3a81-46b5-ac07-65b7105df1fb: 131 internal nodes; 17.3 s; peak memory 189 MiB.
2026-10-06T10:54:33Z INFO [37/3688] 6951ab04-1822-4245-882d-db7cb5bf299d: 41 internal nodes; 4.4 s; peak memory 189 MiB.
2026-10-06T10:54:35Z INFO [38/3688] 6951ab23-d24d-4c91-863e-1dc3f6ad8ba4: 72 internal nodes; 2.2 s; peak memory 189 MiB.
2026-10-06T10:54:37Z INFO [39/3688] 6951e0d6-b597-4ee5-bbdb-bbb1ff7e63cb: 65 internal nodes; 1.7 s; peak memory 189 MiB.
2026-10-06T10:54:38Z INFO [40/3688] 695230e4-515a-473d-a636-6d813e1223a5: 26 internal nodes; 1.5 s; peak memory 189 MiB.
2026-10-06T10:54:40Z INFO [41/3688] 69531824-4bab-48b1-bc1d-856d187fc051: 63 internal nodes; 1.4 s; peak memory 189 MiB.
2026-10-06T10:54:41Z INFO [42/3688] 695321d8-a525-4a77-9a3a-f3e7a7adeaf1: 11 internal nodes; 0.7 s; peak memory 189 MiB.
2026-10-06T10:54:42Z INFO [43/3688] 69532cc8-1da7-49ea-8b8c-bffdd3e93d45: 30 internal nodes; 1.4 s; peak memory 189 MiB.
2026-10-06T10:54:43Z INFO [44/3688] 6954f512-f980-4b96-af2f-44e2747f0b6c: 27 internal nodes; 1.1 s; peak memory 189 MiB.
2026-10-06T10:54:44Z INFO [45/3688] 695529c6-1b4c-4cc3-a689-a7a6acb6e269: 17 internal nodes; 1.1 s; peak memory 189 MiB.
2026-10-06T10:54:46Z INFO [46/3688] 6955a446-1a21-40da-bec5-468a6baf648b: 119 internal nodes; 1.5 s; peak memory 189 MiB.
2026-10-06T10:54:47Z INFO [47/3688] 6955db41-914b-416a-8ea2-1593028b8b73: 30 internal nodes; 1.4 s; peak memory 189 MiB.
2026-10-06T10:54:55Z INFO [48/3688] 695756cd-dd3e-44aa-af64-d5562ae71a1d: 182 internal nodes; 7.4 s; peak memory 189 MiB.
2026-10-06T10:54:57Z INFO [49/3688] 69581d3b-29d2-49ec-887a-3b5f3b938d3c: 31 internal nodes; 2.1 s; peak memory 189 MiB.
2026-10-06T10:54:59Z INFO [50/3688] 69582b3c-bc20-4fdc-9865-b8b0aac0969a: 72 internal nodes; 2.6 s; peak memory 189 MiB.
2026-10-06T10:55:00Z INFO [50/3688] 69582b3c-bc20-4fdc-9865-b8b0aac0969a: checkpointed 97497 records.
2026-10-06T10:55:03Z INFO [51/3688] 69585807-a0d3-412f-a157-c8ef5e1cb21b: 50 internal nodes; 3.1 s; peak memory 189 MiB.
2026-10-06T10:55:04Z INFO [52/3688] 6958c998-f1e7-4ef8-a8dc-df22534ea21e: 31 internal nodes; 1.8 s; peak memory 189 MiB.
2026-10-06T10:55:06Z INFO [53/3688] 69590725-62b5-4810-b747-34654eedfd29: 26 internal nodes; 1.3 s; peak memory 189 MiB.
2026-10-06T10:55:07Z INFO [54/3688] 69591f8e-408e-4b13-ae7f-a23f0cdb41a4: 31 internal nodes; 1.5 s; peak memory 189 MiB.
2026-10-06T10:55:09Z INFO [55/3688] 695ae643-e844-4908-a23d-48f6c9b804b3: 61 internal nodes; 1.6 s; peak memory 189 MiB.
2026-10-06T10:55:10Z INFO [56/3688] 695b7713-3012-4a14-8b44-91f5d265a11b: 13 internal nodes; 0.7 s; peak memory 189 MiB.
2026-10-06T10:55:10Z INFO [57/3688] 695ba7dc-7a10-487b-9bd7-14f5a16b608d: 18 internal nodes; 0.8 s; peak memory 189 MiB.
2026-10-06T10:55:11Z INFO [58/3688] 695bff75-c880-4882-b101-d49b8b6eba4f: 114 internal nodes; 1.0 s; peak memory 189 MiB.
2026-10-06T10:55:12Z INFO [59/3688] 695c97b1-efc0-47a8-aa18-957f12d94885: 17 internal nodes; 1.0 s; peak memory 189 MiB.
2026-10-06T10:55:13Z INFO [60/3688] 695cbec2-ba4f-4a4c-8ca5-306aa2b4b847: 15 internal nodes; 0.9 s; peak memory 189 MiB.
2026-10-06T10:55:16Z INFO [61/3688] 695cf10c-7e0f-49a4-9fbe-8cedc92d1036: 41 internal nodes; 2.7 s; peak memory 189 MiB.
2026-10-06T10:55:18Z INFO [62/3688] 695d4384-a073-4bb8-8a11-0922d67bff67: 23 internal nodes; 1.5 s; peak memory 189 MiB.
2026-10-06T10:55:19Z INFO [63/3688] 695d5075-13e6-4f88-90ec-00911acf1798: 31 internal nodes; 1.4 s; peak memory 189 MiB.
2026-10-06T10:55:20Z INFO [64/3688] 695dbfd6-c649-4e2d-b4f0-43c397776210: 17 internal nodes; 1.1 s; peak memory 189 MiB.
2026-10-06T10:55:21Z INFO [65/3688] 695ddb76-cf4f-4327-a634-d6d81b1d4bfe: 27 internal nodes; 1.2 s; peak memory 189 MiB.
2026-10-06T10:55:22Z INFO [66/3688] 695dea0d-b0f3-4626-b472-3f5a358260a0: 27 internal nodes; 1.2 s; peak memory 189 MiB.
2026-10-06T10:55:23Z INFO [67/3688] 695e0530-858f-4e62-9b87-c3309acd7bb5: 17 internal nodes; 1.0 s; peak memory 189 MiB.
2026-10-06T10:55:25Z INFO [68/3688] 695f0715-ff68-4dec-aafe-39c3f1c970f1: 17 internal nodes; 1.1 s; peak memory 189 MiB.
2026-10-06T10:55:26Z INFO [69/3688] 696045de-f5c6-48d3-a82b-9ba60035003f: 27 internal nodes; 1.2 s; peak memory 189 MiB.
2026-10-06T10:55:27Z INFO [70/3688] 69605f0c-4265-4b0f-962a-8d8934bdbcce: 27 internal nodes; 1.4 s; peak memory 189 MiB.
2026-10-06T10:55:28Z INFO [71/3688] 6960ad28-4dab-40b4-a6b4-339f537ebc52: 19 internal nodes; 1.2 s; peak memory 189 MiB.
2026-10-06T10:55:30Z INFO [72/3688] 6960d239-bb97-43ee-a184-eda77d18b93b: 31 internal nodes; 1.4 s; peak memory 189 MiB.
2026-10-06T10:55:31Z INFO [73/3688] 6962fe5e-c896-45ef-8a41-2907415933f2: 27 internal nodes; 1.1 s; peak memory 189 MiB.
2026-10-06T10:55:32Z INFO [74/3688] 6963ab89-438d-4f42-80f5-57614f62fa40: 17 internal nodes; 1.1 s; peak memory 189 MiB.
2026-10-06T10:55:33Z INFO [75/3688] 6963f2db-afba-4746-ae4e-0456d70e5cc5: 17 internal nodes; 1.0 s; peak memory 189 MiB.
2026-10-06T10:55:34Z INFO [76/3688] 69645c6d-42bd-4b17-9331-3af627d77bd2: 26 internal nodes; 0.7 s; peak memory 189 MiB.
2026-10-06T10:55:35Z INFO [77/3688] 6964c039-7c2d-44e9-8ce9-fdf40256a3e5: 17 internal nodes; 1.1 s; peak memory 189 MiB.
2026-10-06T10:55:36Z INFO [78/3688] 69655f8c-9342-42d7-979e-f760b67ca212: 13 internal nodes; 1.0 s; peak memory 189 MiB.
2026-10-06T10:55:38Z INFO [79/3688] 69668461-0caa-4f5c-8902-1b00ab69ee52: 67 internal nodes; 1.9 s; peak memory 189 MiB.
2026-10-06T10:55:39Z INFO [80/3688] 69672e7d-070a-4005-bb0b-0bb1bfae0afd: 55 internal nodes; 1.6 s; peak memory 189 MiB.
2026-10-06T10:55:41Z INFO [81/3688] 69689a3c-f304-4616-9cc6-c4b0913d765e: 55 internal nodes; 1.7 s; peak memory 189 MiB.
2026-10-06T10:55:43Z INFO [82/3688] 69699612-39ba-4b6a-bcf1-a2b7cdec8a92: 39 internal nodes; 1.8 s; peak memory 189 MiB.
2026-10-06T10:55:43Z INFO [83/3688] 696a16d1-6203-4e34-82ae-c77e2baf25d7: 26 internal nodes; 0.7 s; peak memory 189 MiB.
2026-10-06T10:55:45Z INFO [84/3688] 696a8d85-d8c0-4bd7-90e5-ac8e89b9565a: 28 internal nodes; 1.5 s; peak memory 189 MiB.
2026-10-06T10:55:46Z INFO [85/3688] 696aaff8-49df-4e49-b177-608877dcad63: 17 internal nodes; 1.0 s; peak memory 189 MiB.
2026-10-06T10:55:47Z INFO [86/3688] 696b6738-5b1c-456d-a7d8-78224d041078: 27 internal nodes; 1.1 s; peak memory 189 MiB.
2026-10-06T10:55:48Z INFO [87/3688] 696c0829-badb-44e4-ab65-a1656b245438: 17 internal nodes; 1.0 s; peak memory 189 MiB.
2026-10-06T10:55:49Z INFO [88/3688] 696cae03-758e-4ee3-bc13-39306405de58: 27 internal nodes; 1.4 s; peak memory 189 MiB.
2026-10-06T10:55:51Z INFO [89/3688] 696cba6e-844c-4066-b551-4bd24864ec3c: 115 internal nodes; 1.2 s; peak memory 189 MiB.
2026-10-06T10:55:58Z INFO [90/3688] 696cf35e-a67e-4508-9ee6-80970b1eadc4: 73 internal nodes; 7.0 s; peak memory 189 MiB.
2026-10-06T10:55:59Z INFO [91/3688] 696e17ef-88bb-4642-a76a-3ec3185c6623: 19 internal nodes; 1.2 s; peak memory 189 MiB.
2026-10-06T10:56:00Z INFO [92/3688] 696ef4b8-7564-4594-ac26-634e7e1b8789: 19 internal nodes; 0.9 s; peak memory 189 MiB.
2026-10-06T10:56:03Z INFO [93/3688] 696efd89-ff7c-4cff-a7da-58428cced4ba: 48 internal nodes; 3.3 s; peak memory 189 MiB.
2026-10-06T10:56:04Z INFO [94/3688] 696f0911-11f9-4d96-b279-b8378a9a4313: 24 internal nodes; 1.3 s; peak memory 189 MiB.
2026-10-06T10:56:06Z INFO [95/3688] 696f0d51-5d32-4083-8ec2-686a2ba0ef1e: 17 internal nodes; 1.1 s; peak memory 189 MiB.
2026-10-06T10:56:07Z INFO [96/3688] 696fe36b-4783-4e24-82ae-62f7f4f705fc: 17 internal nodes; 1.2 s; peak memory 189 MiB.
2026-10-06T10:56:08Z INFO [97/3688] 6970129a-8726-4bcb-80a9-7a96e84144a7: 17 internal nodes; 1.0 s; peak memory 189 MiB.
2026-10-06T10:56:09Z INFO [98/3688] 6970c5ca-ff24-4535-9560-b50f16c04cfe: 31 internal nodes; 1.3 s; peak memory 189 MiB.
2026-10-06T10:56:10Z INFO [99/3688] 6970e570-3780-43d4-bf67-f470c1ed8fa7: 17 internal nodes; 1.1 s; peak memory 189 MiB.
2026-10-06T10:56:11Z INFO [100/3688] 6971132c-6216-4d77-aa23-84eb71fd778b: 13 internal nodes; 1.3 s; peak memory 189 MiB.
2026-10-06T10:56:12Z INFO [100/3688] 6971132c-6216-4d77-aa23-84eb71fd778b: checkpointed 97547 records.
2026-10-06T10:56:13Z INFO [101/3688] 69716ce0-b046-4f5d-98d3-a744e02cb2ed: 116 internal nodes; 1.5 s; peak memory 189 MiB.
2026-10-06T10:56:14Z INFO [102/3688] 69723684-4928-455a-8ce3-0573a724582e: 18 internal nodes; 1.2 s; peak memory 189 MiB.
2026-10-06T10:56:22Z INFO [103/3688] 6972584f-d4ef-4703-a39b-dc5b8fd0bcf2: 61 internal nodes; 7.2 s; peak memory 189 MiB.
2026-10-06T10:56:24Z INFO [104/3688] 69738825-6512-476b-a7b4-ea5a4e210ee2: 31 internal nodes; 1.8 s; peak memory 189 MiB.
2026-10-06T10:56:25Z INFO [105/3688] 69738f00-c6b4-490a-b951-6a4d290900b0: 31 internal nodes; 1.6 s; peak memory 189 MiB.
2026-10-06T10:56:26Z INFO [106/3688] 69746918-dd5c-4250-80ff-3cfcfed883af: 27 internal nodes; 1.1 s; peak memory 189 MiB.
2026-10-06T10:56:28Z INFO [107/3688] 6975e509-2ece-4e23-8b1c-53c0416edd4d: 31 internal nodes; 1.3 s; peak memory 189 MiB.
2026-10-06T10:56:34Z INFO [108/3688] 6976b84f-1261-4d37-ac7c-3276291e4ab0: 73 internal nodes; 6.3 s; peak memory 189 MiB.
2026-10-06T10:56:35Z INFO [109/3688] 6976c4eb-9d23-401b-8a07-d1eab86ee903: 17 internal nodes; 1.0 s; peak memory 189 MiB.
2026-10-06T10:56:36Z INFO [110/3688] 6976c60b-25e8-4108-9065-f6655416f56b: 18 internal nodes; 1.0 s; peak memory 189 MiB.
2026-10-06T10:56:39Z INFO [111/3688] 6977fbba-a551-4f16-bddd-5ec0dbda7cdf: 41 internal nodes; 2.6 s; peak memory 189 MiB.
2026-10-06T10:56:40Z INFO [112/3688] 6978c625-9303-437b-83da-dec19fbdfdd4: 17 internal nodes; 1.1 s; peak memory 189 MiB.
2026-10-06T10:56:41Z INFO [113/3688] 69797d3b-8257-4803-9eb4-6a16ecca1e05: 17 internal nodes; 1.1 s; peak memory 189 MiB.
2026-10-06T10:56:49Z INFO [114/3688] 6979ca26-b243-4ead-a315-ae916889f7e9: 66 internal nodes; 8.1 s; peak memory 189 MiB.
2026-10-06T10:56:57Z INFO [115/3688] 697b1866-05bb-49e6-ac7e-6d5739b11789: 210 internal nodes; 7.7 s; peak memory 189 MiB.
2026-10-06T10:56:58Z INFO [116/3688] 697b5cc8-d88a-43b6-bd58-5cd7ec392f8d: 17 internal nodes; 1.1 s; peak memory 189 MiB.
2026-10-06T10:57:02Z INFO [117/3688] 697b6ccd-e2e7-4d62-bca1-c1556527d00e: 92 internal nodes; 4.0 s; peak memory 189 MiB.
2026-10-06T10:57:05Z INFO [118/3688] 697c9cd6-e3e2-4fb8-8156-ca748a4ef14d: 50 internal nodes; 3.0 s; peak memory 189 MiB.
2026-10-06T10:57:06Z INFO [119/3688] 697e2888-935a-414f-956e-829e0d11d169: 17 internal nodes; 1.1 s; peak memory 189 MiB.
2026-10-06T10:57:09Z INFO [120/3688] 697fd92e-6ec8-45d9-8932-520ff4057974: 46 internal nodes; 3.2 s; peak memory 189 MiB.
2026-10-06T10:57:10Z INFO [121/3688] 697feb52-f411-47fa-a2ec-5a60bf7b79f2: 24 internal nodes; 1.4 s; peak memory 189 MiB.
2026-10-06T10:57:18Z INFO [122/3688] 698023be-780f-4a33-95fc-5f5d41c82b28: 141 internal nodes; 7.5 s; peak memory 189 MiB.
2026-10-06T10:57:19Z INFO [123/3688] 69804a3d-8a92-470a-aaa8-9fcfc7b4f4af: 27 internal nodes; 1.3 s; peak memory 189 MiB.
2026-10-06T10:57:20Z INFO [124/3688] 69810868-2fd8-466e-a64d-7b16794f7229: 26 internal nodes; 0.8 s; peak memory 189 MiB.
2026-10-06T10:57:21Z INFO [125/3688] 69829c86-e4e7-430f-b263-d84c27bab8f8: 27 internal nodes; 1.2 s; peak memory 189 MiB.
2026-10-06T10:57:24Z INFO [126/3688] 6982baa8-96c6-4b1e-85e7-3b8fde382f9f: 53 internal nodes; 2.6 s; peak memory 189 MiB.
2026-10-06T10:57:25Z INFO [127/3688] 69837356-68b0-4c2e-a95e-fdbf18b516f0: 18 internal nodes; 1.0 s; peak memory 189 MiB.
2026-10-06T10:57:26Z INFO [128/3688] 6983fc1a-39b9-4276-b11a-a24cf9a05422: 27 internal nodes; 1.5 s; peak memory 189 MiB.
2026-10-06T10:57:27Z INFO [129/3688] 69859386-6c10-42fd-83e5-3ec5d66d840c: 17 internal nodes; 1.1 s; peak memory 189 MiB.
2026-10-06T10:57:29Z INFO [130/3688] 6985cc8e-f4dd-45d4-b0aa-3335c83a1502: 31 internal nodes; 1.5 s; peak memory 189 MiB.
2026-10-06T10:57:30Z INFO [131/3688] 69866e1e-5962-483b-b730-34b357931eb5: 29 internal nodes; 1.1 s; peak memory 189 MiB.
2026-10-06T10:57:31Z INFO [132/3688] 6986f028-4760-4393-b1c1-ae286a9ffeae: 17 internal nodes; 1.1 s; peak memory 189 MiB.
2026-10-06T10:57:32Z INFO [133/3688] 69876166-d558-4d9e-aaed-f5514cb28570: 13 internal nodes; 0.8 s; peak memory 189 MiB.
2026-10-06T10:57:38Z INFO [134/3688] 69879a01-53a8-4a8b-8cd4-7da1bed361e5: 54 internal nodes; 5.7 s; peak memory 189 MiB.
2026-10-06T10:57:39Z INFO [135/3688] 6987f33a-53a2-4da1-b2f6-a965ccca584a: 19 internal nodes; 1.2 s; peak memory 189 MiB.
2026-10-06T10:57:42Z INFO [136/3688] 698841f9-aed3-40e8-ac6d-9f9c3c24f3fc: 46 internal nodes; 3.2 s; peak memory 189 MiB.
2026-10-06T10:59:41Z INFO [137/3688] 698cfdb3-ce71-4941-b016-d9f999750005: 2381 internal nodes; 118.9 s; peak memory 355 MiB.
2026-10-06T10:59:42Z INFO [138/3688] 698da168-3476-4e8c-a91e-45eb201f6055: 17 internal nodes; 1.1 s; peak memory 355 MiB.
2026-10-06T10:59:43Z INFO [139/3688] 698e2ec0-d7f6-42e8-aaf0-f3cb7067784a: 17 internal nodes; 1.2 s; peak memory 355 MiB.
2026-10-06T10:59:45Z INFO [140/3688] 698ecac6-9cce-4be5-9081-f002cc60730a: 27 internal nodes; 1.3 s; peak memory 355 MiB.
2026-10-06T10:59:46Z INFO [141/3688] 69905ba2-fc71-48a2-838e-f45ff4135104: 31 internal nodes; 1.8 s; peak memory 355 MiB.
2026-10-06T10:59:48Z INFO [142/3688] 6990766f-5f69-424b-a608-206680b3a4ef: 30 internal nodes; 1.5 s; peak memory 355 MiB.
2026-10-06T10:59:50Z INFO [143/3688] 69910dbe-3320-46c2-8046-ee1057ea3aa0: 22 internal nodes; 2.1 s; peak memory 355 MiB.
2026-10-06T10:59:52Z INFO [144/3688] 6991555a-383f-4efa-a58c-bfb83c6e64c0: 38 internal nodes; 1.6 s; peak memory 355 MiB.
2026-10-06T10:59:55Z INFO [145/3688] 699176a7-4987-41fd-91b6-e8ff6ba404bf: 46 internal nodes; 3.4 s; peak memory 355 MiB.
2026-10-06T10:59:56Z INFO [146/3688] 69919900-4466-4a83-88da-b65977a8bdc4: 31 internal nodes; 1.4 s; peak memory 355 MiB.
2026-10-06T10:59:58Z INFO [147/3688] 69924748-9dab-4abc-8cbb-03f572ad66f2: 17 internal nodes; 1.1 s; peak memory 355 MiB.
2026-10-06T10:59:59Z INFO [148/3688] 6992b2a0-4797-4a70-b210-277347aaf977: 13 internal nodes; 1.2 s; peak memory 355 MiB.
2026-10-06T11:00:05Z INFO [149/3688] 6993146a-6232-4f45-8888-51833333c5d4: 54 internal nodes; 6.6 s; peak memory 355 MiB.
2026-10-06T11:00:07Z INFO [150/3688] 69936be5-cbfd-4124-8e6d-418b1193b1d9: 17 internal nodes; 1.3 s; peak memory 355 MiB.
2026-10-06T11:00:07Z INFO [150/3688] 69936be5-cbfd-4124-8e6d-418b1193b1d9: checkpointed 97597 records.
2026-10-06T11:00:08Z INFO [151/3688] 6993867f-bc0c-4d35-a8a0-7264a978b33b: 27 internal nodes; 1.3 s; peak memory 355 MiB.
2026-10-06T11:00:10Z INFO [152/3688] 6993b390-1adf-4219-8e85-016eb6791e5c: 65 internal nodes; 2.0 s; peak memory 355 MiB.
2026-10-06T11:00:12Z INFO [153/3688] 699457a7-b2c2-4a76-a8d4-e95b67780de6: 31 internal nodes; 1.3 s; peak memory 355 MiB.
2026-10-06T11:00:13Z INFO [154/3688] 699544e3-92f2-46b9-abcb-15077cdd6e4d: 17 internal nodes; 1.2 s; peak memory 355 MiB.
2026-10-06T11:00:17Z INFO [155/3688] 69971fdd-83c0-47ad-813e-29b7b85fe3d1: 50 internal nodes; 4.1 s; peak memory 355 MiB.
2026-10-06T11:00:19Z INFO [156/3688] 699729e9-5d58-4638-9fc8-17d4db9c7875: 31 internal nodes; 1.7 s; peak memory 355 MiB.
2026-10-06T11:00:21Z INFO [157/3688] 69977899-297f-41f2-8f19-39e3d0962f60: 39 internal nodes; 2.1 s; peak memory 355 MiB.
2026-10-06T11:00:33Z INFO [158/3688] 6997c856-637e-43bf-95d6-cb3ba6056dbf: 258 internal nodes; 12.1 s; peak memory 355 MiB.
2026-10-06T11:00:45Z INFO [159/3688] 6997fcc3-eb48-404c-945c-efbf1224d6a9: 252 internal nodes; 11.9 s; peak memory 355 MiB.
2026-10-06T11:00:46Z INFO [160/3688] 699a0439-6710-4ce0-ac5f-53f7d5e6c61c: 21 internal nodes; 1.7 s; peak memory 355 MiB.
2026-10-06T11:00:48Z INFO [161/3688] 699a35af-6607-407c-b73b-e8d0dae8af23: 17 internal nodes; 1.1 s; peak memory 355 MiB.
2026-10-06T11:00:55Z INFO [162/3688] 699c9554-1b28-432e-a958-f0f2f30043d5: 61 internal nodes; 7.1 s; peak memory 355 MiB.
2026-10-06T11:00:56Z INFO [163/3688] 699cac31-111b-4052-8ebe-438e8a91c08f: 29 internal nodes; 1.5 s; peak memory 355 MiB.
2026-10-06T11:00:57Z INFO [164/3688] 699d0a22-5b21-405a-b43d-a681326b1823: 13 internal nodes; 0.7 s; peak memory 355 MiB.
2026-10-06T11:00:59Z INFO [165/3688] 699d3e0e-ce51-46ad-8c7b-760cad494263: 31 internal nodes; 1.7 s; peak memory 355 MiB.
2026-10-06T11:01:00Z INFO [166/3688] 699e4069-058b-4146-a6b1-d5677631ef56: 17 internal nodes; 1.1 s; peak memory 355 MiB.
2026-10-06T11:01:00Z INFO [167/3688] 699eed67-6c9d-479e-bbab-393f63dee93c: 21 internal nodes; 0.8 s; peak memory 355 MiB.
2026-10-06T11:01:03Z INFO [168/3688] 699fcc93-c551-4650-9a54-f60a9e5e4420: 66 internal nodes; 2.7 s; peak memory 355 MiB.
2026-10-06T11:01:05Z INFO [169/3688] 699fcc9a-83f8-44b4-aa9f-e7345f3b18e7: 31 internal nodes; 1.7 s; peak memory 355 MiB.
2026-10-06T11:01:06Z INFO [170/3688] 69a0e6d9-bd5a-416c-bb1f-318a07efde84: 17 internal nodes; 1.0 s; peak memory 355 MiB.
2026-10-06T11:01:06Z INFO [171/3688] 69a19253-1775-4cbd-a39e-6d02a7b998c4: 26 internal nodes; 0.7 s; peak memory 355 MiB.
2026-10-06T11:01:07Z INFO [172/3688] 69a1eba5-e8af-4777-b3d3-895c97c001e7: 18 internal nodes; 1.0 s; peak memory 355 MiB.
2026-10-06T11:01:09Z INFO [173/3688] 69a2395d-cddc-483b-8edb-5f42484753c5: 31 internal nodes; 1.6 s; peak memory 355 MiB.
2026-10-06T11:01:10Z INFO [174/3688] 69a330a3-0577-4d23-880c-d2dfed11d1ac: 15 internal nodes; 1.0 s; peak memory 355 MiB.
2026-10-06T11:01:11Z INFO [175/3688] 69a368d5-b718-4bf7-b59c-bfcfc475fc8a: 34 internal nodes; 1.0 s; peak memory 355 MiB.
2026-10-06T11:01:13Z INFO [176/3688] 69a39149-8279-43d0-b229-a96d88142c76: 30 internal nodes; 1.5 s; peak memory 355 MiB.
2026-10-06T11:01:13Z INFO [177/3688] 69a40eba-3b9a-4199-9cbe-e0e811dbee8c: 13 internal nodes; 0.7 s; peak memory 355 MiB.
2026-10-06T11:01:15Z INFO [178/3688] 69a440b1-ce18-412f-b5b9-b4a2390304ae: 31 internal nodes; 1.5 s; peak memory 355 MiB.
2026-10-06T11:01:20Z INFO [179/3688] 69a45f1c-f633-45ea-8a11-07f31ec9e600: 127 internal nodes; 5.4 s; peak memory 355 MiB.
2026-10-06T11:01:22Z INFO [180/3688] 69a47db9-288c-48d5-9ab6-877a7cd18930: 26 internal nodes; 1.6 s; peak memory 355 MiB.
2026-10-06T11:01:23Z INFO [181/3688] 69a481db-b209-4c7c-a24e-2e2f89a7245a: 53 internal nodes; 1.6 s; peak memory 355 MiB.
2026-10-06T11:01:27Z INFO [182/3688] 69a48311-50d7-4875-8e3d-0376bb5c686d: 41 internal nodes; 3.5 s; peak memory 355 MiB.
2026-10-06T11:01:28Z INFO [183/3688] 69a52991-c7a6-4b6c-99d8-7e4a45185aed: 58 internal nodes; 1.5 s; peak memory 355 MiB.
2026-10-06T11:01:31Z INFO [184/3688] 69a5b9eb-0288-400b-93c0-20c1dd032e4a: 60 internal nodes; 2.8 s; peak memory 355 MiB.
2026-10-06T11:01:32Z INFO [185/3688] 69a6a486-fefa-4194-a710-b21e8e270df4: 17 internal nodes; 1.2 s; peak memory 355 MiB.
2026-10-06T11:01:33Z INFO [186/3688] 69a754f2-c377-44a9-95ab-3e09a121fd08: 11 internal nodes; 0.8 s; peak memory 355 MiB.
2026-10-06T11:01:35Z INFO [187/3688] 69a791fe-8d80-42c1-af05-586308c58f7e: 54 internal nodes; 1.6 s; peak memory 355 MiB.
2026-10-06T11:01:36Z INFO [188/3688] 69a808a5-a549-402f-89b4-2c973298f815: 27 internal nodes; 1.3 s; peak memory 355 MiB.
2026-10-06T11:01:39Z INFO [189/3688] 69a90980-c1c3-4ca7-a2d8-07b2b564a64d: 44 internal nodes; 2.7 s; peak memory 355 MiB.
2026-10-06T11:01:41Z INFO [190/3688] 69a98e6b-d6ab-48d8-b096-0dfa17d636a0: 52 internal nodes; 2.5 s; peak memory 355 MiB.
2026-10-06T11:01:43Z INFO [191/3688] 69a9a922-173f-459b-809b-8bff5ca2e2ab: 17 internal nodes; 1.1 s; peak memory 355 MiB.
2026-10-06T11:01:44Z INFO [192/3688] 69aa7165-10c7-4a88-92d1-10037e5bbf00: 30 internal nodes; 1.5 s; peak memory 355 MiB.
2026-10-06T11:01:47Z INFO [193/3688] 69aacb4e-3373-47a6-8741-fca958d998a0: 71 internal nodes; 2.7 s; peak memory 355 MiB.
2026-10-06T11:01:55Z INFO [194/3688] 69abb1e8-a9b5-47bc-b3b7-694e05516e4c: 191 internal nodes; 8.7 s; peak memory 355 MiB.
2026-10-06T11:01:57Z INFO [195/3688] 69ac0b0c-b0ed-4c6c-88b5-7af9ac9afe53: 17 internal nodes; 1.3 s; peak memory 355 MiB.
2026-10-06T11:01:58Z INFO [196/3688] 69ac4bfd-cf60-4b95-8989-cbb71bf7b79f: 13 internal nodes; 1.3 s; peak memory 355 MiB.
2026-10-06T11:01:59Z INFO [197/3688] 69ad1cdd-1235-4135-b79d-5b32ab43a9ac: 27 internal nodes; 1.4 s; peak memory 355 MiB.
2026-10-06T11:02:01Z INFO [198/3688] 69adc5b4-1b76-45f6-a386-67abcfd2db3a: 27 internal nodes; 1.4 s; peak memory 355 MiB.
2026-10-06T11:02:02Z INFO [199/3688] 69ae2052-451c-4238-af4c-ee90f61c1701: 27 internal nodes; 1.3 s; peak memory 355 MiB.
2026-10-06T11:02:04Z INFO [200/3688] 69aeb414-a5cf-4978-ae1f-1cf7f9738fe4: 55 internal nodes; 1.7 s; peak memory 355 MiB.
2026-10-06T11:02:04Z INFO [200/3688] 69aeb414-a5cf-4978-ae1f-1cf7f9738fe4: checkpointed 97647 records.
2026-10-06T11:02:13Z INFO [201/3688] 69af8459-2a98-4fa2-ba22-a9e9ce280cb1: 178 internal nodes; 9.3 s; peak memory 355 MiB.
2026-10-06T11:02:22Z INFO [202/3688] 69b0320a-8b54-4e54-bb16-68808adad71e: 230 internal nodes; 8.6 s; peak memory 355 MiB.
2026-10-06T11:02:32Z INFO [203/3688] 69b05a0a-252e-4727-a9ad-5b113c2e0feb: 233 internal nodes; 9.9 s; peak memory 355 MiB.
2026-10-06T11:02:33Z INFO [204/3688] 69b10fc3-e8f7-4eb7-822d-255d039afcaf: 26 internal nodes; 0.8 s; peak memory 355 MiB.
2026-10-06T11:02:35Z INFO [205/3688] 69b1c0fe-b953-417e-98c7-0d129a09a2de: 37 internal nodes; 2.0 s; peak memory 355 MiB.
2026-10-06T11:02:36Z INFO [206/3688] 69b20a43-7736-4da8-b334-52d9db329ab6: 27 internal nodes; 1.2 s; peak memory 355 MiB.
2026-10-06T11:02:40Z INFO [207/3688] 69b29f38-c039-4ce1-ad90-b780508b7e68: 35 internal nodes; 4.1 s; peak memory 355 MiB.
2026-10-06T11:02:41Z INFO [208/3688] 69b2be5f-0ef5-45f6-be56-c48970c02969: 27 internal nodes; 1.2 s; peak memory 355 MiB.
2026-10-06T11:02:42Z INFO [209/3688] 69b37908-9b78-4a5e-8417-ed0a7a8da284: 13 internal nodes; 1.2 s; peak memory 355 MiB.
2026-10-06T11:02:43Z INFO [210/3688] 69b3a48c-94ce-43ec-87ed-5157bf71c00d: 13 internal nodes; 0.7 s; peak memory 355 MiB.
2026-10-06T11:04:52Z INFO [211/3688] 69b3f93e-502a-4d62-994b-e82718435829: 6541 internal nodes; 128.5 s; peak memory 487 MiB.
2026-10-06T11:04:56Z INFO [212/3688] 69b41de8-832a-41df-9fd7-0589ba981782: 26 internal nodes; 4.3 s; peak memory 487 MiB.
2026-10-06T11:04:58Z INFO [213/3688] 69b4215f-1e78-49b0-947c-7b01e8133637: 29 internal nodes; 1.6 s; peak memory 487 MiB.
2026-10-06T11:04:59Z INFO [214/3688] 69b4b3ab-1b1f-4a84-9636-0471236c7c7f: 116 internal nodes; 1.3 s; peak memory 487 MiB.
2026-10-06T11:05:01Z INFO [215/3688] 69b4d29f-f2be-47a9-b350-6575fa87ae6a: 25 internal nodes; 2.4 s; peak memory 487 MiB.
2026-10-06T11:05:02Z INFO [216/3688] 69b565db-d72b-4df1-b1c8-bdeef97663ff: 27 internal nodes; 1.1 s; peak memory 487 MiB.
2026-10-06T11:05:03Z INFO [217/3688] 69b66426-7ee0-4422-b33f-b0fd975d5493: 17 internal nodes; 0.8 s; peak memory 487 MiB.
2026-10-06T11:05:04Z INFO [218/3688] 69b6a953-91bf-4d53-a59a-58c7afbd2108: 11 internal nodes; 0.9 s; peak memory 487 MiB.
2026-10-06T11:05:06Z INFO [219/3688] 69b6adb0-680c-403b-ad85-1d8b4c156a03: 52 internal nodes; 1.9 s; peak memory 487 MiB.
2026-10-06T11:05:07Z INFO [220/3688] 69b6b044-69b5-4955-975e-385d84f265ba: 17 internal nodes; 1.2 s; peak memory 487 MiB.
2026-10-06T11:05:09Z INFO [221/3688] 69b744c5-21b8-4ba4-8962-f40bc5a1b821: 17 internal nodes; 1.4 s; peak memory 487 MiB.
2026-10-06T11:05:10Z INFO [222/3688] 69b7854d-9417-4333-a56a-cc9aa9cbf598: 86 internal nodes; 1.5 s; peak memory 487 MiB.
2026-10-06T11:05:11Z INFO [223/3688] 69b7f3d6-7725-4de8-b654-cd3bb2765420: 13 internal nodes; 0.9 s; peak memory 487 MiB.
2026-10-06T11:05:12Z INFO [224/3688] 69b85dcb-9cc3-4c0c-8ac3-44c2e4b35517: 11 internal nodes; 0.8 s; peak memory 487 MiB.
2026-10-06T11:05:13Z INFO [225/3688] 69b9965e-750a-4833-ae82-65ba4ca9083a: 13 internal nodes; 1.2 s; peak memory 487 MiB.
2026-10-06T11:05:14Z INFO [226/3688] 69b9ebb5-25fa-47af-9244-28e33433d286: 17 internal nodes; 1.2 s; peak memory 487 MiB.
2026-10-06T11:05:15Z INFO [227/3688] 69ba817c-ff53-420c-ba6e-a36e33fc85a7: 11 internal nodes; 0.7 s; peak memory 487 MiB.
2026-10-06T11:05:16Z INFO [228/3688] 69bb6bfb-3406-469a-9a2d-b4712bf8c775: 90 internal nodes; 1.3 s; peak memory 487 MiB.
2026-10-06T11:05:17Z INFO [229/3688] 69bcb6b2-1bb3-45bf-b189-6110661939fe: 17 internal nodes; 1.2 s; peak memory 487 MiB.
2026-10-06T11:05:19Z INFO [230/3688] 69bcc7db-5b68-43b5-953d-e95400283850: 27 internal nodes; 1.3 s; peak memory 487 MiB.
2026-10-06T11:05:25Z INFO [231/3688] 69bd194a-97c4-4c4c-b50f-94754fc356e2: 113 internal nodes; 6.0 s; peak memory 487 MiB.
2026-10-06T11:05:26Z INFO [232/3688] 69bd4249-2d51-4853-8868-f586fb697968: 17 internal nodes; 1.1 s; peak memory 487 MiB.
2026-10-06T11:05:27Z INFO [233/3688] 69bd5513-9782-471d-b53e-0d09365fcb68: 22 internal nodes; 1.3 s; peak memory 487 MiB.
2026-10-06T11:05:29Z INFO [234/3688] 69bd9bce-d0e3-4236-a7a5-399ee503ff56: 29 internal nodes; 1.5 s; peak memory 487 MiB.
2026-10-06T11:05:29Z INFO [235/3688] 69bdfa0b-2586-4b5d-bce9-eea9340c51da: 26 internal nodes; 0.8 s; peak memory 487 MiB.
2026-10-06T11:05:37Z INFO [236/3688] 69beac87-e3e2-457f-9520-bc48b13d5262: 202 internal nodes; 7.7 s; peak memory 487 MiB.
2026-10-06T11:05:39Z INFO [237/3688] 69bf8b49-27ad-4930-991a-43e3f84051b1: 31 internal nodes; 1.5 s; peak memory 487 MiB.
2026-10-06T11:05:40Z INFO [238/3688] 69c00bef-87a4-4e62-b285-4b4880a82b3a: 31 internal nodes; 1.9 s; peak memory 487 MiB.
2026-10-06T11:05:50Z INFO [239/3688] 69c01087-5ec6-4aeb-bdf8-2e9726084e32: 186 internal nodes; 9.4 s; peak memory 487 MiB.
2026-10-06T11:06:00Z INFO [240/3688] 69c022b6-2b18-4f35-a901-1e4ce586b839: 190 internal nodes; 10.3 s; peak memory 487 MiB.
2026-10-06T11:06:01Z INFO [241/3688] 69c047b8-6d93-4caa-b2fc-7556cebedc80: 17 internal nodes; 1.2 s; peak memory 487 MiB.
2026-10-06T11:06:02Z INFO [242/3688] 69c144c7-3ec5-4d57-affa-bd7239dea2ad: 17 internal nodes; 1.1 s; peak memory 487 MiB.
2026-10-06T11:06:03Z INFO [243/3688] 69c1539e-0eee-469c-8088-686cc5068823: 11 internal nodes; 0.8 s; peak memory 487 MiB.
2026-10-06T11:06:10Z INFO [244/3688] 69c168f9-573c-437e-a016-dd96f733d2fe: 61 internal nodes; 6.9 s; peak memory 487 MiB.
2026-10-06T11:06:11Z INFO [245/3688] 69c1ca76-2efb-4daf-b4b4-0e5e51cb264e: 27 internal nodes; 1.3 s; peak memory 487 MiB.
2026-10-06T11:06:12Z INFO [246/3688] 69c24735-096e-4393-b31f-f0262462f5bd: 18 internal nodes; 1.0 s; peak memory 487 MiB.
2026-10-06T11:06:14Z INFO [247/3688] 69c315ab-fc00-4710-bcee-810b6f2bb336: 90 internal nodes; 1.7 s; peak memory 487 MiB.
2026-10-06T11:06:24Z INFO [248/3688] 69c31d3c-34b5-4cab-bdea-c4c8f476886c: 98 internal nodes; 9.7 s; peak memory 487 MiB.
2026-10-06T11:06:25Z INFO [249/3688] 69c323a7-668a-425f-9d76-d68e130d1278: 17 internal nodes; 1.2 s; peak memory 487 MiB.
2026-10-06T11:06:26Z INFO [250/3688] 69c345d1-500a-4931-98ec-5f8c090cf261: 17 internal nodes; 1.2 s; peak memory 487 MiB.
2026-10-06T11:06:27Z INFO [250/3688] 69c345d1-500a-4931-98ec-5f8c090cf261: checkpointed 97697 records.
2026-10-06T11:06:36Z INFO [251/3688] 69c3b54c-7180-4d54-9bcb-3f1941bde1a3: 201 internal nodes; 9.2 s; peak memory 487 MiB.
2026-10-06T11:06:37Z INFO [252/3688] 69c3be06-69d1-4e51-b9a9-c9a1ccc5d3f6: 27 internal nodes; 1.4 s; peak memory 487 MiB.
2026-10-06T11:06:40Z INFO [253/3688] 69c424a6-eb0b-495b-920c-b9e6217c3bf3: 44 internal nodes; 3.0 s; peak memory 487 MiB.
2026-10-06T11:06:51Z INFO [254/3688] 69c4e7c6-ff9c-4cbc-a90d-8b7a80679d23: 156 internal nodes; 10.5 s; peak memory 487 MiB.
2026-10-06T11:06:53Z INFO [255/3688] 69c694d7-9552-4559-be26-e70217a53fd1: 91 internal nodes; 1.9 s; peak memory 487 MiB.
2026-10-06T11:06:54Z INFO [256/3688] 69c69ba3-44b2-4760-a6a9-83b592a45c85: 31 internal nodes; 1.7 s; peak memory 487 MiB.
2026-10-06T11:06:55Z INFO [257/3688] 69c77513-71d3-4599-b515-bea6b6d99d53: 26 internal nodes; 0.8 s; peak memory 487 MiB.
2026-10-06T11:06:57Z INFO [258/3688] 69c81f24-b085-49c2-88b2-edf2dfb21612: 54 internal nodes; 1.5 s; peak memory 487 MiB.
2026-10-06T11:06:59Z INFO [259/3688] 69c82053-ccff-47ac-b807-0ed22124cde4: 67 internal nodes; 1.9 s; peak memory 487 MiB.
2026-10-06T11:07:00Z INFO [260/3688] 69c8cbd7-d7a7-48bd-bc48-cfb751232dcb: 31 internal nodes; 1.6 s; peak memory 487 MiB.
2026-10-06T11:07:01Z INFO [261/3688] 69c8cf9c-0009-4039-a1e5-ed3e0fc0d11d: 27 internal nodes; 1.2 s; peak memory 487 MiB.
2026-10-06T11:07:02Z INFO [262/3688] 69c90025-46bf-4365-8984-dd355e690c33: 17 internal nodes; 1.1 s; peak memory 487 MiB.
2026-10-06T11:07:05Z INFO [263/3688] 69c92a7c-25eb-4618-a609-70612fbb5537: 44 internal nodes; 3.0 s; peak memory 487 MiB.
2026-10-06T11:07:07Z INFO [264/3688] 69ca3c93-e87b-475c-b87e-9e1f290d556e: 66 internal nodes; 1.8 s; peak memory 487 MiB.
2026-10-06T11:07:09Z INFO [265/3688] 69cb999f-995a-4475-af68-42bf3c2c959b: 65 internal nodes; 1.9 s; peak memory 487 MiB.
2026-10-06T11:07:11Z INFO [266/3688] 69cc022c-7ed7-487c-aaf9-a8ad11135f97: 29 internal nodes; 1.7 s; peak memory 487 MiB.
2026-10-06T11:07:14Z INFO [267/3688] 69cc119d-2800-4acc-af12-6e40cc0434bb: 46 internal nodes; 3.3 s; peak memory 487 MiB.
2026-10-06T11:07:23Z INFO [268/3688] 69cee972-4fa6-4016-ba14-6c2b377fccce: 66 internal nodes; 9.1 s; peak memory 487 MiB.
2026-10-06T11:07:25Z INFO [269/3688] 69cf2235-656c-4434-8ce2-a928e2599ea0: 27 internal nodes; 1.4 s; peak memory 487 MiB.
2026-10-06T11:07:28Z INFO [270/3688] 69cf5217-9b43-45a4-9942-639bb852fcfd: 47 internal nodes; 3.6 s; peak memory 487 MiB.
2026-10-06T11:07:30Z INFO [271/3688] 69cf8f6f-729c-4c56-9845-ae6df8779c80: 37 internal nodes; 1.7 s; peak memory 487 MiB.
2026-10-06T11:07:33Z INFO [272/3688] 69cfae01-9f2b-4f4e-a5c5-267c7afd4274: 44 internal nodes; 3.1 s; peak memory 487 MiB.
2026-10-06T11:07:34Z INFO [273/3688] 69d00264-d8be-458e-8fa0-b025cff2ce1a: 17 internal nodes; 1.2 s; peak memory 487 MiB.
2026-10-06T11:07:36Z INFO [274/3688] 69d076c9-9d13-4378-a406-84daf183ad1c: 27 internal nodes; 1.4 s; peak memory 487 MiB.
2026-10-06T11:07:39Z INFO [275/3688] 69d0f48f-1de0-48c4-9957-1425f5f4ed2b: 34 internal nodes; 3.2 s; peak memory 487 MiB.
2026-10-06T11:07:40Z INFO [276/3688] 69d25509-cf97-4c5d-a020-7872104cad18: 31 internal nodes; 1.7 s; peak memory 487 MiB.
2026-10-06T11:07:42Z INFO [277/3688] 69d311d1-9c05-4db7-825d-042156c39162: 27 internal nodes; 1.4 s; peak memory 487 MiB.
2026-10-06T11:07:43Z INFO [278/3688] 69d36eb0-125b-47e9-8e55-77d7d4c0a08c: 17 internal nodes; 1.2 s; peak memory 487 MiB.
2026-10-06T11:07:46Z INFO [279/3688] 69d3b04a-af6d-499f-9793-47b2e13524c0: 50 internal nodes; 3.4 s; peak memory 487 MiB.
2026-10-06T11:07:49Z INFO [280/3688] 69d3eee4-7674-4ab1-93f8-0496cc97be19: 55 internal nodes; 2.5 s; peak memory 487 MiB.
2026-10-06T11:07:51Z INFO [281/3688] 69d43440-3cf6-46a8-b7b8-13d8f8697593: 31 internal nodes; 1.6 s; peak memory 487 MiB.
2026-10-06T11:07:52Z INFO [282/3688] 69d45de8-aff3-466e-b03b-6cdf771f6e7c: 17 internal nodes; 1.1 s; peak memory 487 MiB.
2026-10-06T11:08:04Z INFO [283/3688] 69d51e72-5cbd-4ab9-a079-cf9d056e00ce: 223 internal nodes; 12.2 s; peak memory 487 MiB.
2026-10-06T11:08:06Z INFO [284/3688] 69d539d6-9fe7-4ae0-9194-96806fbe7ebe: 31 internal nodes; 2.2 s; peak memory 487 MiB.
2026-10-06T11:08:08Z INFO [285/3688] 69d55812-27b8-4079-9928-044426dbbdd1: 27 internal nodes; 1.5 s; peak memory 487 MiB.
2026-10-06T11:08:09Z INFO [286/3688] 69d5b0af-cc38-4c56-8a2e-88451f53eec7: 27 internal nodes; 1.5 s; peak memory 487 MiB.
2026-10-06T11:08:25Z INFO [287/3688] 69d628aa-229e-48f8-912e-8e80c38e1773: 23 internal nodes; 15.9 s; peak memory 487 MiB.
2026-10-06T11:08:26Z INFO [288/3688] 69d62ad8-870e-4ce0-9178-03d6787e21d8: 17 internal nodes; 1.2 s; peak memory 487 MiB.
2026-10-06T11:08:28Z INFO [289/3688] 69d74b59-16cb-4ad3-9ba3-7b95861082ca: 26 internal nodes; 1.8 s; peak memory 487 MiB.
2026-10-06T11:08:30Z INFO [290/3688] 69d7e231-7853-488a-b034-b1652c6b00c2: 31 internal nodes; 1.7 s; peak memory 487 MiB.
2026-10-06T11:08:31Z INFO [291/3688] 69d821b1-99bc-4680-8ca6-174760302a26: 17 internal nodes; 1.2 s; peak memory 487 MiB.
2026-10-06T11:08:32Z INFO [292/3688] 69d844fa-65e6-4c4c-a1f0-93cff66cbb2a: 17 internal nodes; 1.1 s; peak memory 487 MiB.
2026-10-06T11:08:33Z INFO [293/3688] 69d86573-bfb8-48c0-ba71-fc1c2a9dc4f4: 27 internal nodes; 1.3 s; peak memory 487 MiB.
2026-10-06T11:08:43Z INFO [294/3688] 69d99c47-3a0a-4fc5-8acb-de9159a98a2b: 210 internal nodes; 10.2 s; peak memory 487 MiB.
2026-10-06T11:08:45Z INFO [295/3688] 69db09a6-5029-453a-be13-315b7929b1a6: 17 internal nodes; 1.2 s; peak memory 487 MiB.
2026-10-06T11:08:46Z INFO [296/3688] 69db482c-fa5c-47f9-9e69-beec30981f84: 116 internal nodes; 1.6 s; peak memory 487 MiB.
2026-10-06T11:08:48Z INFO [297/3688] 69dbeec8-c5b3-46e7-bd0d-de49ebe6f0bd: 31 internal nodes; 1.6 s; peak memory 487 MiB.
2026-10-06T11:08:49Z INFO [298/3688] 69dc7330-5463-452a-9467-f9c9e7f73a9f: 17 internal nodes; 1.2 s; peak memory 487 MiB.
2026-10-06T11:08:50Z INFO [299/3688] 69dd0f14-70d4-412e-ac18-79f361024601: 17 internal nodes; 1.2 s; peak memory 487 MiB.
2026-10-06T11:08:52Z INFO [300/3688] 69de4ea8-a659-4eea-bb71-71dd17eee22b: 50 internal nodes; 2.4 s; peak memory 487 MiB.
2026-10-06T11:08:53Z INFO [300/3688] 69de4ea8-a659-4eea-bb71-71dd17eee22b: checkpointed 97747 records.
2026-10-06T11:08:54Z INFO [301/3688] 69decc4a-5cd0-4a8f-9cfa-4a859161e9c9: 6 internal nodes; 0.7 s; peak memory 487 MiB.
2026-10-06T11:08:55Z INFO [302/3688] 69ded1e5-6134-4103-8e09-6f9c697b2940: 17 internal nodes; 1.1 s; peak memory 487 MiB.
2026-10-06T11:08:56Z INFO [303/3688] 69dee0cf-4bc1-4ace-b444-6b936fa33532: 115 internal nodes; 1.2 s; peak memory 487 MiB.
2026-10-06T11:08:58Z INFO [304/3688] 69df4175-c9c5-4cbe-aafe-bb31978e11fa: 31 internal nodes; 1.6 s; peak memory 487 MiB.
2026-10-06T11:08:59Z INFO [305/3688] 69df5d5d-5cc4-4d24-9fca-0e45d3f09083: 27 internal nodes; 1.3 s; peak memory 487 MiB.
2026-10-06T11:09:00Z INFO [306/3688] 69df89e5-bb09-4b33-a3ee-6d5fbe943524: 17 internal nodes; 1.0 s; peak memory 487 MiB.
2026-10-06T11:09:12Z INFO [307/3688] 69dfa2f6-edf3-42e6-bf64-9c75bcef9e04: 74 internal nodes; 12.6 s; peak memory 487 MiB.
2026-10-06T11:09:14Z INFO [308/3688] 69e007eb-74f8-4417-862c-519382f35ce7: 17 internal nodes; 1.1 s; peak memory 487 MiB.
2026-10-06T11:09:15Z INFO [309/3688] 69e06005-8b58-45f1-87b3-b4aa53c1cca8: 18 internal nodes; 1.0 s; peak memory 487 MiB.
2026-10-06T11:09:25Z INFO [310/3688] 69e07913-3e93-400f-8d0a-a802c7fc1f38: 207 internal nodes; 10.1 s; peak memory 487 MiB.
2026-10-06T11:09:26Z INFO [311/3688] 69e0da65-6417-4dd5-83b9-76d25c9161ec: 29 internal nodes; 1.1 s; peak memory 487 MiB.
2026-10-06T11:09:36Z INFO [312/3688] 69e1a95f-6c0f-4203-86aa-6ec1054ed1ce: 115 internal nodes; 10.3 s; peak memory 487 MiB.
2026-10-06T11:09:38Z INFO [313/3688] 69e31b11-0146-4cf0-a78a-470ffd9ed570: 63 internal nodes; 1.6 s; peak memory 487 MiB.
2026-10-06T11:09:39Z INFO [314/3688] 69e45aee-6079-4e0c-9d0d-b52eead32b95: 24 internal nodes; 1.3 s; peak memory 487 MiB.
2026-10-06T11:09:42Z INFO [315/3688] 69e4e701-bb9e-4a57-9c60-88a3f8541ff7: 65 internal nodes; 2.5 s; peak memory 487 MiB.
2026-10-06T11:09:43Z INFO [316/3688] 69e502bd-5717-4bbc-bcbc-617fd924c567: 17 internal nodes; 1.1 s; peak memory 487 MiB.
2026-10-06T11:09:44Z INFO [317/3688] 69e5ac0e-2d01-4372-90a9-d05ad260781b: 37 internal nodes; 1.8 s; peak memory 487 MiB.
2026-10-06T11:09:47Z INFO [318/3688] 69e60f96-93b4-44ee-8c91-1f5f41cb2be1: 44 internal nodes; 2.9 s; peak memory 487 MiB.
2026-10-06T11:09:48Z INFO [319/3688] 69e615dc-a7da-49a7-9b63-42628dbed59d: 13 internal nodes; 1.1 s; peak memory 487 MiB.
2026-10-06T11:09:56Z INFO [320/3688] 69e63434-988f-4baa-af39-1558617926a6: 61 internal nodes; 7.2 s; peak memory 487 MiB.
2026-10-06T11:09:57Z INFO [321/3688] 69e6802c-bbbc-40cb-a036-2ec4d86fe472: 17 internal nodes; 1.2 s; peak memory 487 MiB.
2026-10-06T11:09:59Z INFO [322/3688] 69e69e33-1ec2-4303-95c8-2f6c8575a9c6: 66 internal nodes; 2.4 s; peak memory 487 MiB.
2026-10-06T11:10:00Z INFO [323/3688] 69e6a6a0-4395-4554-9f8d-0fb983ba1786: 23 internal nodes; 0.8 s; peak memory 487 MiB.
2026-10-06T11:10:02Z INFO [324/3688] 69e7865d-aebe-48cc-b1e5-b6b620c58541: 27 internal nodes; 2.3 s; peak memory 487 MiB.
2026-10-06T11:10:04Z INFO [325/3688] 69e7c245-d0da-4192-8f3c-d871bf01a8e3: 65 internal nodes; 2.2 s; peak memory 487 MiB.
2026-10-06T11:10:06Z INFO [326/3688] 69e7de35-706e-4394-8a77-fd255b488bbf: 31 internal nodes; 1.8 s; peak memory 487 MiB.
2026-10-06T11:10:09Z INFO [327/3688] 69e82dd2-1f30-466c-bfbd-5469c798d845: 55 internal nodes; 3.2 s; peak memory 487 MiB.
2026-10-06T11:10:11Z INFO [328/3688] 69e866d2-030e-4c1a-8087-adfc753682e3: 31 internal nodes; 1.6 s; peak memory 487 MiB.
2026-10-06T11:10:22Z INFO [329/3688] 69e8b6b7-0c4e-485a-bbf6-23bcbcc7c0a9: 59 internal nodes; 11.1 s; peak memory 487 MiB.
2026-10-06T11:10:23Z INFO [330/3688] 69e95bf4-3028-4f1c-af6f-f89ad1dcdbd9: 17 internal nodes; 1.0 s; peak memory 487 MiB.
2026-10-06T11:10:24Z INFO [331/3688] 69ea6438-5305-424f-a203-6efa1677f421: 17 internal nodes; 1.2 s; peak memory 487 MiB.
2026-10-06T11:10:41Z INFO [332/3688] 69ea8fef-3cc2-4700-ac8e-ea328fe6cc73: 110 internal nodes; 16.6 s; peak memory 487 MiB.
2026-10-06T11:10:42Z INFO [333/3688] 69eb811f-6cae-449a-980c-770ec07cbed0: 17 internal nodes; 1.1 s; peak memory 487 MiB.
2026-10-06T11:10:43Z INFO [334/3688] 69ec5005-1f32-4fd4-b2e3-42775dd54f54: 17 internal nodes; 1.1 s; peak memory 487 MiB.
2026-10-06T11:10:44Z INFO [335/3688] 69ec5730-a9b7-4dfa-a72f-be2f3981817b: 27 internal nodes; 1.2 s; peak memory 487 MiB.
2026-10-06T11:10:47Z INFO [336/3688] 69ece7f8-1d2c-4cd6-b101-8d230c40d34e: 30 internal nodes; 2.2 s; peak memory 487 MiB.
2026-10-06T11:10:48Z INFO [337/3688] 69ed8838-7019-4915-85bc-256372e620de: 17 internal nodes; 1.4 s; peak memory 487 MiB.
2026-10-06T11:10:49Z INFO [338/3688] 69ee35d5-9426-4dd2-bc5f-339e71635174: 17 internal nodes; 1.1 s; peak memory 487 MiB.
2026-10-06T11:10:50Z INFO [339/3688] 69ee989f-0bdc-4ee0-85ea-ad5da2ad4325: 15 internal nodes; 1.0 s; peak memory 487 MiB.
2026-10-06T11:10:51Z INFO [340/3688] 69efd54e-03a1-40cb-8c05-b1b4d340933f: 11 internal nodes; 0.8 s; peak memory 487 MiB.
2026-10-06T11:10:53Z INFO [341/3688] 69f02570-207c-40fd-bc45-ad7d92f255dd: 44 internal nodes; 2.4 s; peak memory 487 MiB.
2026-10-06T11:10:59Z INFO [342/3688] 69f1ac36-a2ae-414c-9fd8-191407638a0b: 100 internal nodes; 6.1 s; peak memory 487 MiB.
2026-10-06T11:11:01Z INFO [343/3688] 69f253b2-7673-4986-807c-fe3c433ed506: 27 internal nodes; 1.3 s; peak memory 487 MiB.
2026-10-06T11:11:01Z INFO [344/3688] 69f32cb6-60ee-4dc0-a100-74f41a05756e: 27 internal nodes; 0.8 s; peak memory 487 MiB.
2026-10-06T11:11:03Z INFO [345/3688] 69f33201-185c-480b-9b72-d956458291d6: 17 internal nodes; 1.0 s; peak memory 487 MiB.
2026-10-06T11:11:05Z INFO [346/3688] 69f3da78-0468-4ea1-8eb5-e3593f8e9962: 58 internal nodes; 2.1 s; peak memory 487 MiB.
2026-10-06T11:11:07Z INFO [347/3688] 69f492c1-8348-4071-9276-e5de29941fab: 31 internal nodes; 2.0 s; peak memory 487 MiB.
2026-10-06T11:11:08Z INFO [348/3688] 69f531e6-842f-4af1-8e5f-ae02f2a71f3b: 18 internal nodes; 1.1 s; peak memory 487 MiB.
2026-10-06T11:11:09Z INFO [349/3688] 69f54f19-67a7-4012-8d16-4681998267d1: 17 internal nodes; 1.1 s; peak memory 487 MiB.
2026-10-06T11:11:16Z INFO [350/3688] 69f5f073-073f-44d6-ab2f-59016fb4abfb: 169 internal nodes; 7.4 s; peak memory 487 MiB.
2026-10-06T11:11:17Z INFO [350/3688] 69f5f073-073f-44d6-ab2f-59016fb4abfb: checkpointed 97797 records.
2026-10-06T11:11:17Z INFO [351/3688] 69f5ffb9-f722-4059-99d6-9a35ba9fa3dc: 11 internal nodes; 0.8 s; peak memory 487 MiB.
2026-10-06T11:11:26Z INFO [352/3688] 69f60ecc-93e2-473b-b542-e03c8c2849cc: 163 internal nodes; 8.2 s; peak memory 487 MiB.
2026-10-06T11:11:27Z INFO [353/3688] 69f62431-14a2-428c-bb3b-ba49124f66c7: 19 internal nodes; 1.1 s; peak memory 487 MiB.
2026-10-06T11:11:28Z INFO [354/3688] 69f7a6a3-3792-4d7e-9ea0-9e0df6f363f8: 17 internal nodes; 1.1 s; peak memory 487 MiB.
2026-10-06T11:11:29Z INFO [355/3688] 69f8dd7a-fc9e-4561-8711-8b17f9704a95: 17 internal nodes; 1.1 s; peak memory 487 MiB.
2026-10-06T11:11:30Z INFO [356/3688] 69f95649-914c-4e15-ab63-c8dcebbcdb30: 27 internal nodes; 1.4 s; peak memory 487 MiB.
2026-10-06T11:11:32Z INFO [357/3688] 69f99ea3-4152-4dce-a867-99afb4e55d3f: 31 internal nodes; 1.6 s; peak memory 487 MiB.
2026-10-06T11:11:40Z INFO [358/3688] 69f9b5f9-92ea-4673-bfa1-a554157430fd: 177 internal nodes; 7.8 s; peak memory 487 MiB.
2026-10-06T11:11:41Z INFO [359/3688] 69fa1726-2516-4758-81c6-36154d609b17: 62 internal nodes; 1.7 s; peak memory 487 MiB.
2026-10-06T11:11:43Z INFO [360/3688] 69fbc571-1f95-4ab4-8cb8-83b928a2b8b1: 18 internal nodes; 1.4 s; peak memory 487 MiB.
2026-10-06T11:11:45Z INFO [361/3688] 69fc8dc4-2a4c-49e5-b01a-72b006a5a1d3: 22 internal nodes; 2.2 s; peak memory 487 MiB.
2026-10-06T11:11:46Z INFO [362/3688] 69fc957a-d7de-47ff-bd7a-39be24faa3f7: 13 internal nodes; 0.8 s; peak memory 487 MiB.
2026-10-06T11:11:53Z INFO [363/3688] 69fcbb12-fc07-4f4e-a425-f82db2915c4a: 55 internal nodes; 7.0 s; peak memory 487 MiB.
2026-10-06T11:11:53Z INFO [364/3688] 69fdcd1f-8a16-40c3-a2ea-5996d68de2fc: 21 internal nodes; 0.9 s; peak memory 487 MiB.
2026-10-06T11:11:55Z INFO [365/3688] 69fdfd80-6861-444b-b777-36d7a9114245: 120 internal nodes; 1.5 s; peak memory 487 MiB.
2026-10-06T11:12:02Z INFO [366/3688] 69fedb5f-0114-440e-a2c4-844f0303190e: 131 internal nodes; 6.8 s; peak memory 487 MiB.
2026-10-06T11:12:03Z INFO [367/3688] 69feef59-0cfd-4fb8-8c97-c81937675c5b: 29 internal nodes; 1.2 s; peak memory 487 MiB.
2026-10-06T11:12:04Z INFO [368/3688] 69ffaa1b-278a-4920-aa9a-0796fc3a68dc: 90 internal nodes; 1.6 s; peak memory 487 MiB.
2026-10-06T11:12:17Z INFO [369/3688] 6a00c753-49fe-4852-aa40-b92844cc97df: 214 internal nodes; 12.2 s; peak memory 487 MiB.
2026-10-06T11:12:32Z INFO [370/3688] 6a016131-817f-4d13-94db-168590dc5b85: 2114 internal nodes; 15.1 s; peak memory 487 MiB.
2026-10-06T11:12:33Z INFO [371/3688] 6a01790e-4e7a-412f-b953-561001a4c348: 118 internal nodes; 1.5 s; peak memory 487 MiB.
2026-10-06T11:12:34Z INFO [372/3688] 6a0185fa-6cde-443f-aadc-66f8c2f37964: 17 internal nodes; 1.2 s; peak memory 487 MiB.
2026-10-06T11:12:36Z INFO [373/3688] 6a01fbe8-1b9e-4be3-9799-309cdf598227: 17 internal nodes; 1.1 s; peak memory 487 MiB.
2026-10-06T11:12:37Z INFO [374/3688] 6a033776-88e8-4868-a13d-903a8b62a4ef: 13 internal nodes; 1.0 s; peak memory 487 MiB.
2026-10-06T11:12:38Z INFO [375/3688] 6a038bac-7db0-440e-8c32-8f46ab1250a7: 17 internal nodes; 1.1 s; peak memory 487 MiB.
2026-10-06T11:14:48Z INFO [376/3688] 6a03ef58-e8c6-4a4a-b145-b48ab902ce09: 2981 internal nodes; 130.0 s; peak memory 487 MiB.
2026-10-06T11:14:49Z INFO [377/3688] 6a043849-d6af-47fb-ad83-4fc5ff41c9eb: 17 internal nodes; 1.2 s; peak memory 487 MiB.
2026-10-06T11:14:50Z INFO [378/3688] 6a055d31-bd41-4991-936d-135cf2a65b6f: 27 internal nodes; 1.2 s; peak memory 487 MiB.
2026-10-06T11:14:51Z INFO [379/3688] 6a05dd9b-e24d-4305-9665-06c8fcbc7bdf: 29 internal nodes; 1.1 s; peak memory 487 MiB.
2026-10-06T11:14:56Z INFO [380/3688] 6a062666-c1b8-4b51-bff4-44ee0bc48b50: 95 internal nodes; 4.4 s; peak memory 487 MiB.
2026-10-06T11:14:56Z INFO [381/3688] 6a071d8e-c115-4684-ae5c-567c0cc7570b: 17 internal nodes; 0.8 s; peak memory 487 MiB.
2026-10-06T11:14:59Z INFO [382/3688] 6a07e824-f3db-496f-b1e2-578f59e81368: 69 internal nodes; 2.4 s; peak memory 487 MiB.
2026-10-06T11:15:00Z INFO [383/3688] 6a090d28-c33e-434b-8a4a-e2622f94ec29: 29 internal nodes; 1.6 s; peak memory 487 MiB.
2026-10-06T11:15:03Z INFO [384/3688] 6a09ce94-b73f-48fb-82df-8e779c64cd27: 63 internal nodes; 2.3 s; peak memory 487 MiB.
2026-10-06T11:15:04Z INFO [385/3688] 6a0a68dc-587d-44d9-896b-ed8e7e522a1d: 27 internal nodes; 1.4 s; peak memory 487 MiB.
2026-10-06T11:15:05Z INFO [386/3688] 6a0a6af5-2969-4820-a2e5-db4e4210bdcf: 27 internal nodes; 1.4 s; peak memory 487 MiB.
2026-10-06T11:15:09Z INFO [387/3688] 6a0a934e-8ca9-427b-8d71-c3b68b47684b: 46 internal nodes; 3.4 s; peak memory 487 MiB.
2026-10-06T11:15:10Z INFO [388/3688] 6a0abfb9-f5e9-4986-af79-9d29b0c01aea: 63 internal nodes; 1.5 s; peak memory 487 MiB.
2026-10-06T11:15:12Z INFO [389/3688] 6a0bae93-d288-4838-b49c-7c060ec2c37e: 67 internal nodes; 1.8 s; peak memory 487 MiB.
2026-10-06T11:15:13Z INFO [390/3688] 6a0c756a-c043-425c-a361-cf88c21da28a: 27 internal nodes; 1.4 s; peak memory 487 MiB.
2026-10-06T11:15:21Z INFO [391/3688] 6a0d6ef1-e768-4785-bdcc-ba14558c5663: 61 internal nodes; 7.6 s; peak memory 487 MiB.
2026-10-06T11:15:23Z INFO [392/3688] 6a0d7f89-ea64-41f9-9808-e1c0e8c1638a: 27 internal nodes; 1.5 s; peak memory 487 MiB.
2026-10-06T11:15:24Z INFO [393/3688] 6a0de414-282d-4df1-8b30-1a0c65d835eb: 67 internal nodes; 1.9 s; peak memory 487 MiB.
2026-10-06T11:15:26Z INFO [394/3688] 6a0e19ee-5ceb-4756-957e-e699029ab2a1: 19 internal nodes; 1.0 s; peak memory 487 MiB.
2026-10-06T11:15:27Z INFO [395/3688] 6a0f552b-07e3-44bc-8e7b-69a9a36f7cd5: 27 internal nodes; 1.4 s; peak memory 487 MiB.
2026-10-06T11:15:35Z INFO [396/3688] 6a0f698d-d588-4247-a5cb-ec117b6b00a0: 156 internal nodes; 8.3 s; peak memory 487 MiB.
2026-10-06T11:15:36Z INFO [397/3688] 6a0f9370-2cd5-4893-81c2-4cb268049126: 17 internal nodes; 1.1 s; peak memory 487 MiB.
2026-10-06T11:15:38Z INFO [398/3688] 6a101e39-ce85-4346-8f23-a8f9ea582c8a: 27 internal nodes; 1.3 s; peak memory 487 MiB.
2026-10-06T11:15:39Z INFO [399/3688] 6a109229-e122-4ce3-a70c-7dd1a86b7656: 27 internal nodes; 1.4 s; peak memory 487 MiB.
2026-10-06T11:15:41Z INFO [400/3688] 6a1169a0-dde8-4115-b34b-6c40f225da02: 44 internal nodes; 2.6 s; peak memory 487 MiB.
2026-10-06T11:15:42Z INFO [400/3688] 6a1169a0-dde8-4115-b34b-6c40f225da02: checkpointed 97847 records.
2026-10-06T11:16:03Z INFO [401/3688] 6a11b7c7-549d-43ea-816e-7c5b96c76c2d: 357 internal nodes; 21.3 s; peak memory 487 MiB.
2026-10-06T11:16:05Z INFO [402/3688] 6a122346-5fb0-4a59-b039-7a2bc51e5420: 95 internal nodes; 1.6 s; peak memory 487 MiB.
2026-10-06T11:16:11Z INFO [403/3688] 6a12511d-a52d-4f72-b02c-63b6b0103623: 125 internal nodes; 6.2 s; peak memory 487 MiB.
2026-10-06T11:16:17Z INFO [404/3688] 6a13e315-91c9-40bb-8bbe-e2735382048a: 67 internal nodes; 6.1 s; peak memory 487 MiB.
2026-10-06T11:16:18Z INFO [405/3688] 6a1424b8-d1d1-4e2c-89fd-f2070d95a53c: 17 internal nodes; 1.2 s; peak memory 487 MiB.
2026-10-06T11:16:19Z INFO [406/3688] 6a155aa7-ddf5-456b-8784-e99ed8545540: 114 internal nodes; 1.1 s; peak memory 487 MiB.
2026-10-06T11:16:20Z INFO [407/3688] 6a15a4f0-8a3b-4127-8076-f4e02cdf0d4f: 17 internal nodes; 1.1 s; peak memory 487 MiB.
2026-10-06T11:16:21Z INFO [408/3688] 6a15ecf6-45ca-4fd3-8a7d-bb4714447212: 17 internal nodes; 1.1 s; peak memory 487 MiB.
2026-10-06T11:16:23Z INFO [409/3688] 6a168b5c-a10e-4051-982b-c004e8ca0695: 27 internal nodes; 1.9 s; peak memory 487 MiB.
2026-10-06T11:16:31Z INFO [410/3688] 6a16ad4d-997d-4ab0-ac94-3abf409574f3: 65 internal nodes; 7.8 s; peak memory 487 MiB.
2026-10-06T11:16:34Z INFO [411/3688] 6a176d6a-6651-46a8-a3af-63483e062b5e: 59 internal nodes; 2.5 s; peak memory 487 MiB.
2026-10-06T11:16:42Z INFO [412/3688] 6a1787f2-53e2-40ea-a7a1-022bda800e30: 1141 internal nodes; 8.7 s; peak memory 487 MiB.
2026-10-06T11:16:45Z INFO [413/3688] 6a183e01-e09a-4fdb-9938-61ec5d598fdc: 44 internal nodes; 3.0 s; peak memory 487 MiB.
2026-10-06T11:16:47Z INFO [414/3688] 6a18ab5c-2b4c-4eab-801e-fad224c6ccc9: 27 internal nodes; 1.3 s; peak memory 487 MiB.
2026-10-06T11:16:48Z INFO [415/3688] 6a19321a-df3a-45b6-b8d5-7616f3884b04: 31 internal nodes; 1.5 s; peak memory 487 MiB.
2026-10-06T11:16:49Z INFO [416/3688] 6a1b09a8-2b75-4895-9b65-03573eb03a0a: 17 internal nodes; 1.1 s; peak memory 487 MiB.
2026-10-06T11:16:53Z INFO [417/3688] 6a1bb1e1-97f1-4c9b-b0c4-d3ee9035325a: 46 internal nodes; 3.4 s; peak memory 487 MiB.
2026-10-06T11:16:54Z INFO [418/3688] 6a1c6531-5cbd-4580-bf93-83c26c33da38: 17 internal nodes; 1.1 s; peak memory 487 MiB.
2026-10-06T11:16:56Z INFO [419/3688] 6a1da37f-2e81-4ccb-87ad-0933f264ed89: 31 internal nodes; 2.0 s; peak memory 487 MiB.
2026-10-06T11:16:57Z INFO [420/3688] 6a1da62f-ae0d-4210-811e-6b4c082d7408: 24 internal nodes; 1.4 s; peak memory 487 MiB.
2026-10-06T11:16:58Z INFO [421/3688] 6a1ebf25-3819-4261-87ab-7c6b08bcf774: 15 internal nodes; 0.9 s; peak memory 487 MiB.
2026-10-06T11:17:00Z INFO [422/3688] 6a2004a2-dcaa-45a0-bacc-5b420b6935e8: 63 internal nodes; 1.6 s; peak memory 487 MiB.
2026-10-06T11:17:11Z INFO [423/3688] 6a20225a-399b-48fd-add6-0735963bfd7e: 57 internal nodes; 11.2 s; peak memory 487 MiB.
2026-10-06T11:17:12Z INFO [424/3688] 6a203b5a-cd7d-4289-8c80-11f95ed6f743: 24 internal nodes; 1.4 s; peak memory 487 MiB.
2026-10-06T11:17:14Z INFO [425/3688] 6a20935c-9f38-4aaf-ab93-a13b770fbe70: 118 internal nodes; 1.5 s; peak memory 487 MiB.
2026-10-06T11:17:16Z INFO [426/3688] 6a20ffe3-5942-40db-8d8a-28cd0f94062b: 67 internal nodes; 1.8 s; peak memory 487 MiB.
2026-10-06T11:17:17Z INFO [427/3688] 6a213ead-4b39-43fd-a9a7-942a26b68cee: 38 internal nodes; 1.5 s; peak memory 487 MiB.
2026-10-06T11:17:19Z INFO [428/3688] 6a2173cd-f872-4394-b5f1-89cc3c30e670: 31 internal nodes; 1.8 s; peak memory 487 MiB.
2026-10-06T11:17:20Z INFO [429/3688] 6a223310-5304-4ef4-8fd8-b43a12a9b43d: 17 internal nodes; 1.1 s; peak memory 487 MiB.
2026-10-06T11:17:21Z INFO [430/3688] 6a2297cb-007b-446c-97ba-52824b6a4319: 27 internal nodes; 1.2 s; peak memory 487 MiB.
2026-10-06T11:17:22Z INFO [431/3688] 6a22e5ff-427a-4297-a266-b9f277e7040f: 18 internal nodes; 1.0 s; peak memory 487 MiB.
2026-10-06T11:17:24Z INFO [432/3688] 6a24d46a-7086-433a-9e16-705036f5babb: 60 internal nodes; 1.6 s; peak memory 487 MiB.
2026-10-06T11:17:25Z INFO [433/3688] 6a25126a-1a67-4eda-a704-7562e3509d13: 17 internal nodes; 1.1 s; peak memory 487 MiB.
2026-10-06T11:17:28Z INFO [434/3688] 6a25bcaa-20d7-40fb-8b4f-93e71ef782dd: 46 internal nodes; 3.4 s; peak memory 487 MiB.
2026-10-06T11:17:29Z INFO [435/3688] 6a25f3ac-47d3-4d13-b48c-7668e7fbe60a: 17 internal nodes; 1.1 s; peak memory 487 MiB.
2026-10-06T11:17:31Z INFO [436/3688] 6a274bd5-b254-4b50-b1f8-3ae1b3e5ca2b: 55 internal nodes; 1.6 s; peak memory 487 MiB.
2026-10-06T11:17:32Z INFO [437/3688] 6a27812d-d23e-4c92-9753-405725d86a7f: 114 internal nodes; 1.1 s; peak memory 487 MiB.
2026-10-06T11:17:33Z INFO [438/3688] 6a281127-892f-47cd-a0d4-078d5bb4577d: 26 internal nodes; 0.8 s; peak memory 487 MiB.
2026-10-06T11:17:45Z INFO [439/3688] 6a284f68-f445-4e11-ab9f-c9036ade162a: 127 internal nodes; 11.8 s; peak memory 487 MiB.
2026-10-06T11:17:49Z INFO [440/3688] 6a29c76c-6f9a-4af5-8b5a-e10d6599fbdb: 56 internal nodes; 3.9 s; peak memory 487 MiB.
2026-10-06T11:17:50Z INFO [441/3688] 6a2a1282-c0cb-4cf4-a5dc-658bd67cd18f: 17 internal nodes; 1.0 s; peak memory 487 MiB.
2026-10-06T11:17:51Z INFO [442/3688] 6a2aa26b-7e1c-4dc5-ae4d-9563d3d94790: 27 internal nodes; 1.2 s; peak memory 487 MiB.
2026-10-06T11:17:54Z INFO [443/3688] 6a2b4806-9851-4605-8693-21627c49747d: 46 internal nodes; 3.5 s; peak memory 487 MiB.
2026-10-06T11:17:57Z INFO [444/3688] 6a2e65a3-9483-443b-aed1-70f7e14eb80b: 37 internal nodes; 2.6 s; peak memory 487 MiB.
2026-10-06T11:17:58Z INFO [445/3688] 6a2f96ac-584f-4094-bca7-e8ec32b245b0: 19 internal nodes; 1.2 s; peak memory 487 MiB.
2026-10-06T11:17:59Z INFO [446/3688] 6a300115-03c1-482f-8550-98395bfaec1b: 27 internal nodes; 1.4 s; peak memory 487 MiB.
2026-10-06T11:18:01Z INFO [447/3688] 6a30830e-01f4-4dfb-a273-71a8c10a0e08: 22 internal nodes; 1.6 s; peak memory 487 MiB.
2026-10-06T11:18:03Z INFO [448/3688] 6a318393-8a89-4e44-a79c-b1ebf4b9f1c2: 30 internal nodes; 1.5 s; peak memory 487 MiB.
2026-10-06T11:18:04Z INFO [449/3688] 6a32093a-0bce-4b6f-9da0-5b28a32bbbad: 22 internal nodes; 1.4 s; peak memory 487 MiB.
2026-10-06T11:18:05Z INFO [450/3688] 6a32620d-fc37-443b-aa62-83154ff05f73: 17 internal nodes; 1.0 s; peak memory 487 MiB.
2026-10-06T11:18:05Z INFO [450/3688] 6a32620d-fc37-443b-aa62-83154ff05f73: checkpointed 97897 records.
2026-10-06T11:18:07Z INFO [451/3688] 6a339079-6814-4228-bf11-9f029ce5d02e: 22 internal nodes; 2.1 s; peak memory 487 MiB.
2026-10-06T11:18:09Z INFO [452/3688] 6a34057d-234e-4700-b5e4-347297082953: 17 internal nodes; 1.0 s; peak memory 487 MiB.
2026-10-06T11:18:11Z INFO [453/3688] 6a341db8-a890-43a7-b825-bb15e7b699a9: 72 internal nodes; 2.4 s; peak memory 487 MiB.
2026-10-06T11:18:13Z INFO [454/3688] 6a342292-b108-46f0-91ac-7e86845e310d: 31 internal nodes; 2.2 s; peak memory 487 MiB.
2026-10-06T11:18:14Z INFO [455/3688] 6a34b1bd-a408-42d0-8c85-b0b358297c3c: 17 internal nodes; 1.2 s; peak memory 487 MiB.
2026-10-06T11:18:15Z INFO [456/3688] 6a34d0e7-dc7d-407a-ba57-b166fe6bfc73: 11 internal nodes; 0.9 s; peak memory 487 MiB.
2026-10-06T11:18:17Z INFO [457/3688] 6a350200-cf65-4fc2-bd8c-462ecbff5d35: 116 internal nodes; 1.3 s; peak memory 487 MiB.
2026-10-06T11:18:30Z INFO [458/3688] 6a3514c4-e34d-464b-8ac6-a98a40577082: 285 internal nodes; 13.9 s; peak memory 487 MiB.
2026-10-06T11:18:35Z INFO [459/3688] 6a3528bc-45f6-4d0a-80bc-3f2e7f37d4d6: 117 internal nodes; 4.3 s; peak memory 487 MiB.
2026-10-06T11:18:41Z INFO [460/3688] 6a35f0c2-d6fe-4491-be48-f5b74a7c3eac: 138 internal nodes; 6.4 s; peak memory 487 MiB.
2026-10-06T11:18:42Z INFO [461/3688] 6a362949-fa9b-47b3-9fc4-a734b5f6033c: 27 internal nodes; 1.3 s; peak memory 487 MiB.
2026-10-06T11:18:44Z INFO [462/3688] 6a3629fb-2d6a-42fb-bacb-278fea214acf: 29 internal nodes; 1.7 s; peak memory 487 MiB.
2026-10-06T11:18:46Z INFO [463/3688] 6a36950b-ada3-4c1c-8ef4-fdee04267ba1: 27 internal nodes; 1.4 s; peak memory 487 MiB.
2026-10-06T11:18:47Z INFO [464/3688] 6a36c35b-11f6-49cf-a809-83cf177e47f6: 17 internal nodes; 1.0 s; peak memory 487 MiB.
2026-10-06T11:18:48Z INFO [465/3688] 6a36fa0e-5b50-4bbf-9981-9c76cb79d352: 27 internal nodes; 1.5 s; peak memory 487 MiB.
2026-10-06T11:18:49Z INFO [466/3688] 6a377dd3-0c82-45e0-8153-4c15a8335fa5: 27 internal nodes; 1.3 s; peak memory 487 MiB.
2026-10-06T11:18:50Z INFO [467/3688] 6a378723-468f-47eb-9609-496a00f6aa08: 17 internal nodes; 1.1 s; peak memory 487 MiB.
2026-10-06T11:18:51Z INFO [468/3688] 6a37ca15-c48b-47c2-99dd-e14ad3a7e6d0: 17 internal nodes; 1.0 s; peak memory 487 MiB.
2026-10-06T11:18:53Z INFO [469/3688] 6a387c55-d8e6-46f6-8ff1-25a91501491e: 37 internal nodes; 1.6 s; peak memory 487 MiB.
2026-10-06T11:18:54Z INFO [470/3688] 6a3a43f5-ffb1-477a-ad69-682b4794bd06: 11 internal nodes; 0.9 s; peak memory 487 MiB.
2026-10-06T11:18:55Z INFO [471/3688] 6a3a8292-7fc5-4037-b2e0-597db0ae9e16: 17 internal nodes; 1.2 s; peak memory 487 MiB.
2026-10-06T11:18:57Z INFO [472/3688] 6a3b34ef-24a6-4f6b-901b-461a8918c77e: 61 internal nodes; 1.6 s; peak memory 487 MiB.
2026-10-06T11:18:59Z INFO [473/3688] 6a3b3d51-b2d9-45e6-8791-5f470a18b0a5: 44 internal nodes; 2.8 s; peak memory 487 MiB.
2026-10-06T11:19:07Z INFO [474/3688] 6a3bce68-9bda-4b81-9b5d-8b30a930bbae: 61 internal nodes; 7.7 s; peak memory 487 MiB.
2026-10-06T11:19:14Z INFO [475/3688] 6a3c0708-c1b3-4e8f-8c76-9f5bd463dd26: 61 internal nodes; 6.9 s; peak memory 487 MiB.
2026-10-06T11:19:15Z INFO [476/3688] 6a3ca8fd-b747-4431-98c6-04e0991771f9: 13 internal nodes; 0.9 s; peak memory 487 MiB.
2026-10-06T11:19:16Z INFO [477/3688] 6a3e67d0-4495-4ce0-b591-d4bb09fca34a: 31 internal nodes; 1.5 s; peak memory 487 MiB.
2026-10-06T11:19:19Z INFO [478/3688] 6a3e7ff9-4be1-4928-b540-27dffd0c16ba: 66 internal nodes; 2.2 s; peak memory 487 MiB.
2026-10-06T11:19:20Z INFO [479/3688] 6a3e87f6-e3fd-4fb0-b3a1-9ae035b2dc58: 17 internal nodes; 1.1 s; peak memory 487 MiB.
2026-10-06T11:19:21Z INFO [480/3688] 6a3ebeba-9d9f-40fb-b79f-e90a604f5b29: 27 internal nodes; 1.4 s; peak memory 487 MiB.
2026-10-06T11:19:23Z INFO [481/3688] 6a3ed00d-904d-47fa-884b-504eeac9ed3f: 25 internal nodes; 2.1 s; peak memory 487 MiB.
2026-10-06T11:19:31Z INFO [482/3688] 6a3f967d-2cbf-49d5-98b6-4afb5ed952f4: 61 internal nodes; 7.5 s; peak memory 487 MiB.
2026-10-06T11:19:32Z INFO [483/3688] 6a4006a5-eed5-4de2-a3fb-c0eee16bf7e1: 17 internal nodes; 1.0 s; peak memory 487 MiB.
2026-10-06T11:19:33Z INFO [484/3688] 6a40219e-674a-4dd8-940c-2508176e237c: 67 internal nodes; 1.6 s; peak memory 487 MiB.
2026-10-06T11:19:35Z INFO [485/3688] 6a41a037-3825-40c1-828b-a28f16bf819e: 116 internal nodes; 1.7 s; peak memory 487 MiB.
2026-10-06T11:19:44Z INFO [486/3688] 6a420305-2fef-4e08-be5b-25447feac917: 142 internal nodes; 8.6 s; peak memory 487 MiB.
2026-10-06T11:19:47Z INFO [487/3688] 6a4275f9-68bd-45d8-bce2-17743d8de3f4: 46 internal nodes; 3.7 s; peak memory 487 MiB.
2026-10-06T11:19:48Z INFO [488/3688] 6a42a010-0807-4050-9f52-753ba18dcfeb: 17 internal nodes; 1.0 s; peak memory 487 MiB.
2026-10-06T11:19:49Z INFO [489/3688] 6a42ffa3-bb46-4ec9-9f48-9c789a94d15f: 26 internal nodes; 0.8 s; peak memory 487 MiB.
2026-10-06T11:20:00Z INFO [490/3688] 6a432634-e206-4811-9b09-5f3c7a5d681a: 57 internal nodes; 10.5 s; peak memory 487 MiB.
2026-10-06T11:20:02Z INFO [491/3688] 6a4358e4-ebfc-47b2-a8c3-60ef925413fe: 52 internal nodes; 2.4 s; peak memory 487 MiB.
2026-10-06T11:20:03Z INFO [492/3688] 6a43a65d-f181-4fae-8ac5-60fd4217770c: 15 internal nodes; 0.9 s; peak memory 487 MiB.
2026-10-06T11:20:05Z INFO [493/3688] 6a450167-b33e-4adc-855d-62663f6d2bcc: 31 internal nodes; 1.6 s; peak memory 487 MiB.
2026-10-06T11:20:06Z INFO [494/3688] 6a45be7c-283e-4bef-864d-e236061474a1: 29 internal nodes; 1.7 s; peak memory 487 MiB.
2026-10-06T11:20:08Z INFO [495/3688] 6a4737e1-fa5b-4807-803d-9a5d390a34d2: 27 internal nodes; 1.4 s; peak memory 487 MiB.
2026-10-06T11:20:23Z INFO [496/3688] 6a476aa9-02e1-48db-91df-ee01bc7d08c1: 308 internal nodes; 15.4 s; peak memory 487 MiB.
2026-10-06T11:20:29Z INFO [497/3688] 6a476bae-6554-4508-b022-173d08f4c069: 73 internal nodes; 5.6 s; peak memory 487 MiB.
2026-10-06T11:20:31Z INFO [498/3688] 6a48d605-c739-433d-a30e-f971b281891b: 31 internal nodes; 1.8 s; peak memory 487 MiB.
2026-10-06T11:20:32Z INFO [499/3688] 6a48ebfa-86ed-4925-a630-312a519afbfa: 58 internal nodes; 1.4 s; peak memory 487 MiB.
2026-10-06T11:20:38Z INFO [500/3688] 6a491b4b-cbf6-46e0-9c19-ff620159946c: 177 internal nodes; 5.8 s; peak memory 487 MiB.
2026-10-06T11:20:38Z INFO [500/3688] 6a491b4b-cbf6-46e0-9c19-ff620159946c: checkpointed 97947 records.
2026-10-06T11:20:40Z INFO [501/3688] 6a493718-aae7-47c9-8c22-c04f7d6411cb: 31 internal nodes; 1.8 s; peak memory 487 MiB.
2026-10-06T11:20:41Z INFO [502/3688] 6a49c161-8272-4388-ba53-1cabb56f8cc2: 17 internal nodes; 1.1 s; peak memory 487 MiB.
2026-10-06T11:20:42Z INFO [503/3688] 6a4c97fb-8006-4a19-91f7-73d7791e1baf: 115 internal nodes; 1.3 s; peak memory 487 MiB.
2026-10-06T11:20:44Z INFO [504/3688] 6a4ce5ab-1747-4463-99ff-41307d30b49e: 31 internal nodes; 1.6 s; peak memory 487 MiB.
2026-10-06T11:20:48Z INFO [505/3688] 6a4d4c63-1216-4da4-80cc-b39f1d2b6ca4: 47 internal nodes; 4.5 s; peak memory 487 MiB.
2026-10-06T11:20:51Z INFO [506/3688] 6a4e5525-9144-420d-adf0-3dbad6807dd5: 60 internal nodes; 2.6 s; peak memory 487 MiB.
2026-10-06T11:20:52Z INFO [507/3688] 6a4e8213-bf27-49fb-ad95-0df4a185c432: 17 internal nodes; 1.2 s; peak memory 487 MiB.
2026-10-06T11:20:54Z INFO [508/3688] 6a4e8d1c-bec1-4a3e-87a2-646efec97af0: 31 internal nodes; 1.4 s; peak memory 487 MiB.
2026-10-06T11:20:55Z INFO [509/3688] 6a500178-3747-4972-872d-635495c37020: 27 internal nodes; 1.3 s; peak memory 487 MiB.
2026-10-06T11:20:57Z INFO [510/3688] 6a5060cc-506f-4061-b3d0-79c2af07ecd8: 29 internal nodes; 1.7 s; peak memory 487 MiB.
2026-10-06T11:20:59Z INFO [511/3688] 6a50651a-7743-42f4-a35f-9569482fd607: 44 internal nodes; 2.6 s; peak memory 487 MiB.
2026-10-06T11:21:02Z INFO [512/3688] 6a51a279-1ad4-48fe-97bd-8fe26231400a: 60 internal nodes; 2.5 s; peak memory 487 MiB.
2026-10-06T11:21:03Z INFO [513/3688] 6a52541e-eb99-4b70-8f36-b31e23c26c1d: 31 internal nodes; 1.6 s; peak memory 487 MiB.
2026-10-06T11:21:05Z INFO [514/3688] 6a52e7c4-0c3f-4372-95b0-be81c887f442: 18 internal nodes; 1.2 s; peak memory 487 MiB.
2026-10-06T11:21:06Z INFO [515/3688] 6a53752d-eefb-470c-b164-27755a4c6cc7: 17 internal nodes; 1.2 s; peak memory 487 MiB.
2026-10-06T11:21:07Z INFO [516/3688] 6a53d6bd-1f18-4166-84ca-09e6c25221d4: 29 internal nodes; 1.0 s; peak memory 487 MiB.
2026-10-06T11:21:08Z INFO [517/3688] 6a540205-c60b-4a99-b945-a7337cc77419: 11 internal nodes; 0.8 s; peak memory 487 MiB.
2026-10-06T11:21:13Z INFO [518/3688] 6a5446b0-b352-4f4d-ba97-65bf85d2d376: 70 internal nodes; 5.6 s; peak memory 487 MiB.
2026-10-06T11:21:15Z INFO [519/3688] 6a54bfba-5eab-463a-80c5-abf05dc3d7ff: 31 internal nodes; 1.8 s; peak memory 487 MiB.
2026-10-06T11:21:17Z INFO [520/3688] 6a54e297-b12a-4217-8896-ee35776107e3: 56 internal nodes; 1.7 s; peak memory 487 MiB.
2026-10-06T11:21:20Z INFO [521/3688] 6a55039c-7f18-4007-af12-6e0175ed7bf3: 45 internal nodes; 3.2 s; peak memory 487 MiB.
2026-10-06T11:21:22Z INFO [522/3688] 6a5537f3-8d71-43b2-9394-e0ce6a12ccbe: 31 internal nodes; 1.9 s; peak memory 487 MiB.
2026-10-06T11:21:23Z INFO [523/3688] 6a574ab3-2dc5-4d8d-9e76-4ae414def54e: 69 internal nodes; 1.7 s; peak memory 487 MiB.
2026-10-06T11:21:25Z INFO [524/3688] 6a578ba9-fa89-4eda-9f0a-611c5caed9fe: 31 internal nodes; 1.6 s; peak memory 487 MiB.
2026-10-06T11:21:26Z INFO [525/3688] 6a57b789-1a65-416f-aee2-1d40d33722d6: 13 internal nodes; 0.8 s; peak memory 487 MiB.
2026-10-06T11:21:27Z INFO [526/3688] 6a57c8e7-3c6f-45cc-9a7f-b92b18cea82a: 17 internal nodes; 1.1 s; peak memory 487 MiB.
2026-10-06T11:21:28Z INFO [527/3688] 6a58006a-4062-4f7c-bdeb-817815c0ef36: 31 internal nodes; 1.5 s; peak memory 487 MiB.
2026-10-06T11:21:29Z INFO [528/3688] 6a582b95-7943-4c7c-bcb5-19c4da02ed5b: 17 internal nodes; 0.9 s; peak memory 487 MiB.
2026-10-06T11:21:31Z INFO [529/3688] 6a58486a-6fd0-48ba-80e0-97080bc4056e: 19 internal nodes; 1.2 s; peak memory 487 MiB.
2026-10-06T11:21:33Z INFO [530/3688] 6a586681-2cc6-49bc-a729-1b077d071266: 53 internal nodes; 2.6 s; peak memory 487 MiB.
2026-10-06T11:21:41Z INFO [531/3688] 6a58c98a-40bf-4ed7-aa9a-49cff32fcd80: 160 internal nodes; 7.5 s; peak memory 487 MiB.
2026-10-06T11:21:42Z INFO [532/3688] 6a590ee0-4c2f-483e-9738-7d197310c1c8: 27 internal nodes; 1.3 s; peak memory 487 MiB.
2026-10-06T11:21:43Z INFO [533/3688] 6a593fb8-c3dd-4313-bb12-f7296fcb42f1: 11 internal nodes; 0.7 s; peak memory 487 MiB.
2026-10-06T11:21:44Z INFO [534/3688] 6a5969ba-6da3-4e89-a525-3115374b50ed: 17 internal nodes; 1.1 s; peak memory 487 MiB.
2026-10-06T11:21:46Z INFO [535/3688] 6a598ae7-3cb7-4574-b012-ef27bece8108: 31 internal nodes; 1.6 s; peak memory 487 MiB.
2026-10-06T11:21:47Z INFO [536/3688] 6a5a5d0c-778b-4c0f-bd7d-0dd732301524: 31 internal nodes; 1.9 s; peak memory 487 MiB.
2026-10-06T11:21:48Z INFO [537/3688] 6a5b0d18-37c3-45d3-bfa1-f23c67651b4b: 18 internal nodes; 0.9 s; peak memory 487 MiB.
2026-10-06T11:21:50Z INFO [538/3688] 6a5b12f1-77f5-471b-b54e-6ab1dbbf8b7f: 23 internal nodes; 1.3 s; peak memory 487 MiB.
2026-10-06T11:21:51Z INFO [539/3688] 6a5ba54b-6cee-4e95-980c-0e44123d06b7: 27 internal nodes; 1.4 s; peak memory 487 MiB.
2026-10-06T11:21:53Z INFO [540/3688] 6a5c47b0-b601-4b43-bce0-0314958379ca: 31 internal nodes; 1.8 s; peak memory 487 MiB.
2026-10-06T11:21:54Z INFO [541/3688] 6a5cbcef-50b5-41c5-96dc-ae02f65e342f: 21 internal nodes; 1.0 s; peak memory 487 MiB.
2026-10-06T11:21:57Z INFO [542/3688] 6a5cbe1d-d429-41d4-9360-00819cb27fe3: 27 internal nodes; 2.7 s; peak memory 487 MiB.
2026-10-06T11:21:58Z INFO [543/3688] 6a5ef9c1-320f-4ad3-b2cd-a83a3e3791af: 17 internal nodes; 1.2 s; peak memory 487 MiB.
2026-10-06T11:21:59Z INFO [544/3688] 6a5ff6eb-71fa-41e0-8ab8-d5d38a785d9e: 27 internal nodes; 1.5 s; peak memory 487 MiB.
2026-10-06T11:22:01Z INFO [545/3688] 6a60b34c-1d51-45ca-9a08-e1ae7353ea42: 27 internal nodes; 1.4 s; peak memory 487 MiB.
2026-10-06T11:22:02Z INFO [546/3688] 6a60fc0d-c802-44a5-a9b5-fbbbe8a53455: 15 internal nodes; 0.9 s; peak memory 487 MiB.
2026-10-06T11:22:04Z INFO [547/3688] 6a611c70-7c70-47a4-9728-baa8fa56ad02: 61 internal nodes; 2.5 s; peak memory 487 MiB.
2026-10-06T11:22:05Z INFO [548/3688] 6a61296f-0864-42b8-addc-95b9c378fbce: 11 internal nodes; 0.9 s; peak memory 487 MiB.
2026-10-06T11:22:11Z INFO [549/3688] 6a612cc2-3268-4e41-898f-ff7f17a932f7: 67 internal nodes; 5.9 s; peak memory 487 MiB.
2026-10-06T11:22:12Z INFO [550/3688] 6a61666f-b2b5-4177-b6f0-ef657d6e7116: 17 internal nodes; 1.1 s; peak memory 487 MiB.
2026-10-06T11:22:12Z INFO [550/3688] 6a61666f-b2b5-4177-b6f0-ef657d6e7116: checkpointed 97997 records.
2026-10-06T11:22:15Z INFO [551/3688] 6a616b76-c7ff-4107-90c1-16d570c1fa75: 44 internal nodes; 2.6 s; peak memory 487 MiB.
2026-10-06T11:22:16Z INFO [552/3688] 6a640e50-f595-48ae-a581-aad35dc0c634: 17 internal nodes; 1.0 s; peak memory 487 MiB.
2026-10-06T11:22:18Z INFO [553/3688] 6a642b75-35ec-4383-bc74-b09c6525ff45: 31 internal nodes; 1.5 s; peak memory 487 MiB.
2026-10-06T11:22:19Z INFO [554/3688] 6a643997-b3ad-4ff7-ab80-5635e9ab5d8b: 17 internal nodes; 1.1 s; peak memory 487 MiB.
2026-10-06T11:22:43Z INFO [555/3688] 6a644f26-ba8e-4b4b-a9fe-891c3576032c: 2306 internal nodes; 23.9 s; peak memory 487 MiB.
2026-10-06T11:22:44Z INFO [556/3688] 6a64594d-4169-49a7-a2ad-3a8f2d3aeb60: 27 internal nodes; 1.4 s; peak memory 487 MiB.
2026-10-06T11:23:04Z INFO [557/3688] 6a64873b-d6c1-442f-b0c3-5de700586cc1: 135 internal nodes; 20.5 s; peak memory 487 MiB.
2026-10-06T11:23:05Z INFO [558/3688] 6a648f76-7941-4c78-82a8-c535d5a3bce7: 17 internal nodes; 1.1 s; peak memory 487 MiB.
2026-10-06T11:23:07Z INFO [559/3688] 6a64dbbc-9f7d-4a08-9f85-e178725d1b1b: 17 internal nodes; 1.1 s; peak memory 487 MiB.
2026-10-06T11:23:08Z INFO [560/3688] 6a651234-23b0-4d6a-a961-a8dc5c1a7c8f: 23 internal nodes; 1.1 s; peak memory 487 MiB.
2026-10-06T11:23:08Z INFO [561/3688] 6a661051-4682-4448-bae1-da8dbf16c8ae: 27 internal nodes; 0.9 s; peak memory 487 MiB.
2026-10-06T11:23:10Z INFO [562/3688] 6a663e85-8f41-4e5c-a391-ce6f080bc4c4: 17 internal nodes; 1.2 s; peak memory 487 MiB.
2026-10-06T11:23:11Z INFO [563/3688] 6a667a6c-908c-4bb3-9365-dfc9e893c5ba: 27 internal nodes; 0.9 s; peak memory 487 MiB.
2026-10-06T11:23:17Z INFO [564/3688] 6a66baea-cd43-4718-982f-0f96db32f971: 73 internal nodes; 6.9 s; peak memory 487 MiB.
2026-10-06T11:23:24Z INFO [565/3688] 6a66ff49-1919-424b-9cf6-e7364d551df5: 1014 internal nodes; 6.5 s; peak memory 487 MiB.
2026-10-06T11:23:25Z INFO [566/3688] 6a670f40-dbc6-4a44-a45d-e550f995d871: 13 internal nodes; 1.0 s; peak memory 487 MiB.
2026-10-06T11:23:26Z INFO [567/3688] 6a67ff3b-610a-4f80-894c-abafcd598642: 27 internal nodes; 1.3 s; peak memory 487 MiB.
2026-10-06T11:23:27Z INFO [568/3688] 6a694234-88f8-48d1-999a-7b8459ff765f: 17 internal nodes; 1.1 s; peak memory 487 MiB.
2026-10-06T11:23:28Z INFO [569/3688] 6a696084-fce1-4018-8357-0da81ba5f2ab: 27 internal nodes; 1.2 s; peak memory 487 MiB.
2026-10-06T11:23:30Z INFO [570/3688] 6a699389-3fbc-4aa6-ba5c-bc9bd6cfc5e8: 27 internal nodes; 1.3 s; peak memory 487 MiB.
2026-10-06T11:26:18Z INFO [571/3688] 6a69fc07-32d5-4fb5-b41c-15dc786ba02f: 2303 internal nodes; 168.3 s; peak memory 508 MiB.
2026-10-06T11:26:20Z INFO [572/3688] 6a6a2879-961c-4229-93c2-fa57d79c07c0: 31 internal nodes; 1.8 s; peak memory 508 MiB.
2026-10-06T11:26:21Z INFO [573/3688] 6a6a6760-e76b-44bf-b4e4-2f724c41e12e: 13 internal nodes; 1.0 s; peak memory 508 MiB.
2026-10-06T11:26:22Z INFO [574/3688] 6a6aacb6-e8ce-485c-9e25-0114386a3134: 17 internal nodes; 1.2 s; peak memory 508 MiB.
2026-10-06T11:26:25Z INFO [575/3688] 6a6b5df5-cfdd-4bc5-bd7c-2103c247ec6c: 44 internal nodes; 2.9 s; peak memory 508 MiB.
2026-10-06T11:26:29Z INFO [576/3688] 6a6c7f52-e929-4665-afc5-3a19ca1dbd04: 56 internal nodes; 4.4 s; peak memory 508 MiB.
2026-10-06T11:26:34Z INFO [577/3688] 6a6da1b6-316d-4d11-bbbc-d800d4878645: 57 internal nodes; 4.3 s; peak memory 508 MiB.
2026-10-06T11:26:35Z INFO [578/3688] 6a6da8e5-8dce-4969-a0e2-497706257856: 27 internal nodes; 1.3 s; peak memory 508 MiB.
2026-10-06T11:26:46Z INFO [579/3688] 6a6dd3be-57d8-45e4-8c34-52bccfee8f77: 268 internal nodes; 11.1 s; peak memory 508 MiB.
2026-10-06T11:26:47Z INFO [580/3688] 6a6e0884-4803-42bb-81d6-8456e0a6a2c0: 17 internal nodes; 1.1 s; peak memory 508 MiB.
2026-10-06T11:26:49Z INFO [581/3688] 6a6e1e85-af8b-4ba3-b401-bffd9f40f3d6: 17 internal nodes; 1.3 s; peak memory 508 MiB.
2026-10-06T11:26:49Z INFO [582/3688] 6a6ef932-e46b-4fb8-9302-0f8802df0232: 13 internal nodes; 1.0 s; peak memory 508 MiB.
2026-10-06T11:26:51Z INFO [583/3688] 6a709252-d6ba-47a1-a88d-0c30951149ab: 27 internal nodes; 1.2 s; peak memory 508 MiB.
2026-10-06T11:26:52Z INFO [584/3688] 6a7145cc-0c31-4acf-8e56-dc26de1c6d79: 17 internal nodes; 1.1 s; peak memory 508 MiB.
2026-10-06T11:26:53Z INFO [585/3688] 6a714ad6-fa33-454c-a064-8c6b9f2ed6cf: 17 internal nodes; 1.1 s; peak memory 508 MiB.
2026-10-06T11:26:56Z INFO [586/3688] 6a727357-8564-4d62-b16e-0356a25a7c4d: 44 internal nodes; 2.9 s; peak memory 508 MiB.
2026-10-06T11:26:57Z INFO [587/3688] 6a727fe7-3591-47f9-8290-bda88b80f4f6: 91 internal nodes; 1.5 s; peak memory 508 MiB.
2026-10-06T11:27:05Z INFO [588/3688] 6a733b9b-dcae-4d68-a106-89da8b113ef9: 202 internal nodes; 7.7 s; peak memory 508 MiB.
2026-10-06T11:27:06Z INFO [589/3688] 6a73bfb2-52ad-4c4f-8cd2-d395d61aaa1e: 11 internal nodes; 0.8 s; peak memory 508 MiB.
2026-10-06T11:27:07Z INFO [590/3688] 6a73ee82-b047-4e6e-af26-89e38e48ef17: 26 internal nodes; 1.6 s; peak memory 508 MiB.
2026-10-06T11:27:15Z INFO [591/3688] 6a747b09-91b9-43ce-b8d9-9384fee6c2fc: 158 internal nodes; 7.3 s; peak memory 508 MiB.
2026-10-06T11:27:16Z INFO [592/3688] 6a74e13a-4513-4696-a40d-9b4c3bcd7306: 27 internal nodes; 1.3 s; peak memory 508 MiB.
2026-10-06T11:27:18Z INFO [593/3688] 6a75b672-ef14-4433-8d67-6180bb0be580: 36 internal nodes; 2.3 s; peak memory 508 MiB.
2026-10-06T11:27:30Z INFO [594/3688] 6a75fe56-eac2-425b-88e2-9525696308ca: 74 internal nodes; 11.9 s; peak memory 508 MiB.
2026-10-06T11:27:33Z INFO [595/3688] 6a77919d-1933-4e85-af07-de0d667b3073: 44 internal nodes; 2.4 s; peak memory 508 MiB.
2026-10-06T11:27:34Z INFO [596/3688] 6a7862cd-5c65-4e3f-b218-a446948f6e26: 18 internal nodes; 1.3 s; peak memory 508 MiB.
2026-10-06T11:27:38Z INFO [597/3688] 6a795498-9874-4797-9c8f-45744995a5b0: 45 internal nodes; 3.8 s; peak memory 508 MiB.
2026-10-06T11:27:39Z INFO [598/3688] 6a7b745d-fe23-404a-93c3-96b6815310e0: 61 internal nodes; 1.5 s; peak memory 508 MiB.
2026-10-06T11:27:40Z INFO [599/3688] 6a7bba91-0a66-494f-8cc1-1c4849c2a181: 27 internal nodes; 1.2 s; peak memory 508 MiB.
2026-10-06T11:27:42Z INFO [600/3688] 6a7c3956-7833-47af-b1a1-7107f59bfca6: 13 internal nodes; 1.3 s; peak memory 508 MiB.
2026-10-06T11:27:42Z INFO [600/3688] 6a7c3956-7833-47af-b1a1-7107f59bfca6: checkpointed 98047 records.
2026-10-06T11:27:43Z INFO [601/3688] 6a7e2eb4-35cb-439f-a259-60eafa0c8f01: 17 internal nodes; 1.1 s; peak memory 508 MiB.
2026-10-06T11:27:45Z INFO [602/3688] 6a7e3121-13ee-4fb3-bbdf-54727fdc9355: 19 internal nodes; 1.4 s; peak memory 508 MiB.
2026-10-06T11:27:47Z INFO [603/3688] 6a7f053e-77e6-4edd-9ec6-8551e2ccdbb8: 69 internal nodes; 2.0 s; peak memory 508 MiB.
2026-10-06T11:27:48Z INFO [604/3688] 6a7fe741-0a9d-421d-b89a-3af1138f41bd: 27 internal nodes; 1.3 s; peak memory 508 MiB.
2026-10-06T11:27:49Z INFO [605/3688] 6a80154c-9938-4cf4-85d2-cd1016431690: 27 internal nodes; 1.3 s; peak memory 508 MiB.
2026-10-06T11:27:50Z INFO [606/3688] 6a80e5c3-d1dc-40e1-97e2-0b491af3c2ea: 17 internal nodes; 1.1 s; peak memory 508 MiB.
2026-10-06T11:27:53Z INFO [607/3688] 6a81d8ee-f660-49d5-b017-9164c69394ca: 44 internal nodes; 2.9 s; peak memory 508 MiB.
2026-10-06T11:27:55Z INFO [608/3688] 6a81e763-db06-4cee-ad46-17c6845c2494: 26 internal nodes; 1.3 s; peak memory 508 MiB.
2026-10-06T11:27:56Z INFO [609/3688] 6a82445d-48e9-40b8-bda9-0736454e3b84: 17 internal nodes; 1.1 s; peak memory 508 MiB.
2026-10-06T11:28:02Z INFO [610/3688] 6a8354c0-5bed-4416-8370-29929cbb849f: 67 internal nodes; 6.1 s; peak memory 508 MiB.
2026-10-06T11:28:03Z INFO [611/3688] 6a838d46-e434-49b8-b5a0-2fbdd55d6f9a: 31 internal nodes; 1.7 s; peak memory 508 MiB.
2026-10-06T11:28:06Z INFO [612/3688] 6a84d730-d2a7-47c2-a9b5-937fcb91394b: 55 internal nodes; 2.1 s; peak memory 508 MiB.
2026-10-06T11:28:07Z INFO [613/3688] 6a84e4e1-2e03-46f7-9ccd-117ef7066917: 27 internal nodes; 1.2 s; peak memory 508 MiB.
2026-10-06T11:28:08Z INFO [614/3688] 6a859c63-9cda-4189-a85e-ce462399e0bf: 27 internal nodes; 1.3 s; peak memory 508 MiB.
2026-10-06T11:28:09Z INFO [615/3688] 6a875bee-06b9-476e-9f73-a8612b18d8ec: 17 internal nodes; 1.2 s; peak memory 508 MiB.
2026-10-06T11:28:10Z INFO [616/3688] 6a881135-8741-40f1-82d2-daafbed0adcc: 17 internal nodes; 1.1 s; peak memory 508 MiB.
2026-10-06T11:28:12Z INFO [617/3688] 6a881868-90fd-4228-920e-2b6d69f77abd: 27 internal nodes; 1.5 s; peak memory 508 MiB.
2026-10-06T11:28:14Z INFO [618/3688] 6a885919-50e4-4c2a-8507-957aaf4d1619: 69 internal nodes; 1.9 s; peak memory 508 MiB.
2026-10-06T11:28:15Z INFO [619/3688] 6a8903e8-3d5d-44f4-8459-5b21f99161af: 30 internal nodes; 1.6 s; peak memory 508 MiB.
2026-10-06T11:28:16Z INFO [620/3688] 6a8a2b92-d77f-49c2-a515-f19e6ed08c1f: 17 internal nodes; 1.1 s; peak memory 508 MiB.
2026-10-06T11:28:17Z INFO [621/3688] 6a8af27c-4c52-4015-a8b6-a3feed431e5b: 11 internal nodes; 1.1 s; peak memory 508 MiB.
2026-10-06T11:28:19Z INFO [622/3688] 6a8b1636-ef7e-4306-9c6a-65c77d214bcf: 31 internal nodes; 1.5 s; peak memory 508 MiB.
2026-10-06T11:28:23Z INFO [623/3688] 6a8b57e2-5cf0-4968-95c2-7cf943603786: 41 internal nodes; 3.7 s; peak memory 508 MiB.
2026-10-06T11:28:24Z INFO [624/3688] 6a8ba9a1-a980-4467-9208-26538a23fe74: 17 internal nodes; 1.0 s; peak memory 508 MiB.
2026-10-06T11:28:31Z INFO [625/3688] 6a8bda43-2c2e-4cb2-a74d-7bb7431d5e8a: 757 internal nodes; 6.9 s; peak memory 508 MiB.
2026-10-06T11:28:32Z INFO [626/3688] 6a8c7c61-0ca3-4495-bbf0-d6e719c3c2d9: 28 internal nodes; 1.0 s; peak memory 508 MiB.
2026-10-06T11:28:33Z INFO [627/3688] 6a8cbc30-0835-4b75-870c-37a1e0c57602: 26 internal nodes; 1.5 s; peak memory 508 MiB.
2026-10-06T11:28:34Z INFO [628/3688] 6a8d39f2-b6fe-4b74-a5de-556f4a7cd4ca: 17 internal nodes; 1.1 s; peak memory 508 MiB.
2026-10-06T11:28:47Z INFO [629/3688] 6a8d8236-ccd0-406c-8005-dcc598a1b355: 128 internal nodes; 13.3 s; peak memory 508 MiB.
2026-10-06T11:28:49Z INFO [630/3688] 6a8da1f8-34a8-43f0-8b0b-2acdfd819517: 29 internal nodes; 1.5 s; peak memory 508 MiB.
2026-10-06T11:28:51Z INFO [631/3688] 6a8dccdd-2f54-4a40-8d00-9739d66b3c3a: 44 internal nodes; 2.1 s; peak memory 508 MiB.
2026-10-06T11:28:54Z INFO [632/3688] 6a8dd4cc-f263-46de-b6cb-093f55cd39e6: 46 internal nodes; 3.4 s; peak memory 508 MiB.
2026-10-06T11:28:56Z INFO [633/3688] 6a8de07b-7ca9-4d31-a8e9-8723cdbc5b15: 30 internal nodes; 1.8 s; peak memory 508 MiB.
2026-10-06T11:28:58Z INFO [634/3688] 6a8e60ed-37b2-4779-9fa6-0dea5d56b84e: 24 internal nodes; 1.9 s; peak memory 508 MiB.
2026-10-06T11:28:59Z INFO [635/3688] 6a8e92d2-7487-4878-b7e5-42a16c2d5bf4: 15 internal nodes; 1.0 s; peak memory 508 MiB.
2026-10-06T11:29:01Z INFO [636/3688] 6a8ef1f7-f337-401e-9918-02dba772b065: 67 internal nodes; 1.6 s; peak memory 508 MiB.
2026-10-06T11:29:02Z INFO [637/3688] 6a8f0bb6-3b94-4a74-b5ec-ea419db11e07: 31 internal nodes; 1.6 s; peak memory 508 MiB.
2026-10-06T11:29:04Z INFO [638/3688] 6a91096a-16b5-4a1e-9e53-d188e97e18de: 27 internal nodes; 1.3 s; peak memory 508 MiB.
2026-10-06T11:29:05Z INFO [639/3688] 6a9109ed-7cbe-4ac6-9f1a-82393a2feac3: 27 internal nodes; 1.5 s; peak memory 508 MiB.
2026-10-06T11:29:14Z INFO [640/3688] 6a911d61-ef05-4a42-85f6-525a6c24590e: 191 internal nodes; 9.1 s; peak memory 508 MiB.
2026-10-06T11:29:18Z INFO [641/3688] 6a9127f2-b764-41f9-b72d-0e0012820c14: 46 internal nodes; 3.4 s; peak memory 508 MiB.
2026-10-06T11:29:29Z INFO [642/3688] 6a91c11b-d9e6-4e9e-a062-210a2bbcbef0: 199 internal nodes; 11.5 s; peak memory 508 MiB.
2026-10-06T11:29:30Z INFO [643/3688] 6a91f212-ed22-4c85-b26d-0a0afb5c8e90: 17 internal nodes; 1.1 s; peak memory 508 MiB.
2026-10-06T11:29:32Z INFO [644/3688] 6a924887-a256-4887-a332-b942fe781d4f: 27 internal nodes; 1.3 s; peak memory 508 MiB.
2026-10-06T11:29:33Z INFO [645/3688] 6a92b48f-fcd4-4ccc-aad2-120de9e933e2: 62 internal nodes; 1.5 s; peak memory 508 MiB.
2026-10-06T11:29:35Z INFO [646/3688] 6a92e25d-2f18-4e32-a18f-f0464c229b19: 32 internal nodes; 1.8 s; peak memory 508 MiB.
2026-10-06T11:29:41Z INFO [647/3688] 6a9340c6-4a9a-4d09-9f89-fd273fe3d99d: 41 internal nodes; 6.5 s; peak memory 508 MiB.
2026-10-06T11:29:43Z INFO [648/3688] 6a936e03-2c54-40f7-a3c8-e94a2437168d: 17 internal nodes; 1.1 s; peak memory 508 MiB.
2026-10-06T11:29:46Z INFO [649/3688] 6a944de1-3d64-4752-b8cf-d3f31636b681: 45 internal nodes; 3.5 s; peak memory 508 MiB.
2026-10-06T11:30:01Z INFO [650/3688] 6a949a3a-78f6-4475-b07a-f772b05b63f2: 413 internal nodes; 15.4 s; peak memory 508 MiB.
2026-10-06T11:30:02Z INFO [650/3688] 6a949a3a-78f6-4475-b07a-f772b05b63f2: checkpointed 98097 records.
2026-10-06T11:30:03Z INFO [651/3688] 6a94a1c7-aa41-4042-9325-17594cf0f7f1: 27 internal nodes; 1.4 s; peak memory 508 MiB.
2026-10-06T11:30:04Z INFO [652/3688] 6a94c6b2-a2eb-45cc-b382-890e0bf5ef23: 11 internal nodes; 0.8 s; peak memory 508 MiB.
2026-10-06T11:30:06Z INFO [653/3688] 6a957dc3-69e0-4877-9326-8ef8f3cbebd5: 28 internal nodes; 1.5 s; peak memory 508 MiB.
2026-10-06T11:30:07Z INFO [654/3688] 6a95dadf-ec42-41f1-b678-6d250c5b4305: 63 internal nodes; 1.6 s; peak memory 508 MiB.
2026-10-06T11:30:09Z INFO [655/3688] 6a95f51d-da63-4088-b08d-fa896c191a89: 27 internal nodes; 1.4 s; peak memory 508 MiB.
2026-10-06T11:30:10Z INFO [656/3688] 6a9619bb-7a7a-4096-95ba-899bc1c72d97: 17 internal nodes; 0.9 s; peak memory 508 MiB.
2026-10-06T11:30:13Z INFO [657/3688] 6a964e1f-4289-48ad-bb20-aec1e17179d1: 39 internal nodes; 3.1 s; peak memory 508 MiB.
2026-10-06T11:30:14Z INFO [658/3688] 6a967bd8-ccb8-46e9-8391-af431db200c7: 19 internal nodes; 1.3 s; peak memory 508 MiB.
2026-10-06T11:30:15Z INFO [659/3688] 6a97147d-c327-4000-bf18-231f1471c172: 26 internal nodes; 1.1 s; peak memory 508 MiB.
2026-10-06T11:30:16Z INFO [660/3688] 6a97366f-bb6d-428f-ae54-4978bc52fc2b: 17 internal nodes; 0.8 s; peak memory 508 MiB.
2026-10-06T11:30:17Z INFO [661/3688] 6a975d73-065b-4e4a-809e-00ec1a2dce8c: 17 internal nodes; 1.0 s; peak memory 508 MiB.
2026-10-06T11:30:18Z INFO [662/3688] 6a97ca5e-003d-4d9a-afa2-2fd476b571db: 18 internal nodes; 0.8 s; peak memory 508 MiB.
2026-10-06T11:30:19Z INFO [663/3688] 6a980184-702c-4581-9a62-ec3c4e357408: 13 internal nodes; 1.2 s; peak memory 508 MiB.
2026-10-06T11:30:21Z WARNING 6a997180-d683-4d9d-9b90-05b7dc97c11c: failed while reading the NWB file (KeyError: 'Unable to synchronously open object (component not found)')
2026-10-06T11:30:21Z WARNING [664/3688] 6a997180-d683-4d9d-9b90-05b7dc97c11c: leaving unrecorded for a later run to retry.
2026-10-06T11:30:22Z INFO [665/3688] 6a9a91ee-00c8-4a9f-8c3f-570cb1b1d402: 27 internal nodes; 1.2 s; peak memory 508 MiB.
2026-10-06T11:30:24Z INFO [666/3688] 6a9aaa15-943c-40ec-b7d0-39b63cdaa61c: 29 internal nodes; 1.8 s; peak memory 508 MiB.
2026-10-06T11:30:25Z INFO [667/3688] 6a9ac982-6d28-48a2-8190-c8cfc92b71e0: 11 internal nodes; 0.8 s; peak memory 508 MiB.
2026-10-06T11:30:27Z INFO [668/3688] 6a9baed3-8df9-48ac-9b3e-1ef9dd8a7708: 31 internal nodes; 2.0 s; peak memory 508 MiB.
2026-10-06T11:30:28Z INFO [669/3688] 6a9bb4ed-9c6c-4375-9b6d-6b1292649d88: 27 internal nodes; 1.3 s; peak memory 508 MiB.
2026-10-06T11:30:29Z INFO [670/3688] 6a9bca79-b943-449e-b98c-c6e440b04380: 22 internal nodes; 1.3 s; peak memory 508 MiB.
2026-10-06T11:30:30Z INFO [671/3688] 6a9c6d59-f0a6-49af-8eb9-b4d929036213: 17 internal nodes; 1.1 s; peak memory 508 MiB.
2026-10-06T11:30:32Z INFO [672/3688] 6a9c9732-ecb8-415a-8f0b-b26df83b46e8: 30 internal nodes; 1.4 s; peak memory 508 MiB.
2026-10-06T11:30:33Z INFO [673/3688] 6a9d5c7f-ac17-4f13-8284-4485c39621c5: 27 internal nodes; 1.3 s; peak memory 508 MiB.
2026-10-06T11:30:34Z INFO [674/3688] 6a9e09e7-ee76-4899-b07e-56f6b3d91dfc: 25 internal nodes; 1.4 s; peak memory 508 MiB.
2026-10-06T11:30:36Z INFO [675/3688] 6a9e13ac-89e4-4539-9195-7d23f8c1d3c9: 17 internal nodes; 1.1 s; peak memory 508 MiB.
2026-10-06T11:30:37Z INFO [676/3688] 6a9e7171-197a-4176-8178-3aad1c9e339b: 17 internal nodes; 1.1 s; peak memory 508 MiB.
2026-10-06T11:30:44Z INFO [677/3688] 6a9e7196-2ee3-4e64-aed4-5be1781b1b4f: 177 internal nodes; 7.4 s; peak memory 508 MiB.
2026-10-06T11:30:45Z INFO [678/3688] 6a9e853f-175d-4290-900c-dbf339b7624d: 17 internal nodes; 1.1 s; peak memory 508 MiB.
2026-10-06T11:30:46Z INFO [679/3688] 6a9f0986-f280-4e73-959a-83a2beb37bd3: 17 internal nodes; 1.0 s; peak memory 508 MiB.
2026-10-06T11:30:57Z INFO [680/3688] 6a9fe132-6273-4cf9-b592-48791a49b0db: 67 internal nodes; 10.7 s; peak memory 508 MiB.
2026-10-06T11:31:08Z INFO [681/3688] 6aa0d1f9-abc9-42ac-b4e0-437c867f34f8: 71 internal nodes; 11.2 s; peak memory 508 MiB.
2026-10-06T11:31:10Z INFO [682/3688] 6aa11544-8c21-4c97-9432-c52406459d18: 52 internal nodes; 2.4 s; peak memory 508 MiB.
2026-10-06T11:31:12Z INFO [683/3688] 6aa1d314-0e30-4361-901c-54fba5627361: 27 internal nodes; 1.3 s; peak memory 508 MiB.
2026-10-06T11:31:15Z INFO [684/3688] 6aa24786-1753-4900-8b3a-13e461f7f0fa: 44 internal nodes; 3.0 s; peak memory 508 MiB.
2026-10-06T11:31:16Z INFO [685/3688] 6aa2d4c9-9069-4c03-b158-68f7eb380c93: 31 internal nodes; 1.6 s; peak memory 508 MiB.
2026-10-06T11:31:18Z INFO [686/3688] 6aa5fe7d-f61f-43a1-aa12-f328e8bf9ebb: 26 internal nodes; 1.8 s; peak memory 508 MiB.
2026-10-06T11:31:27Z INFO [687/3688] 6aa62ec0-a1b5-437b-8b03-8d3e6c0950c4: 199 internal nodes; 8.6 s; peak memory 508 MiB.
2026-10-06T11:31:28Z INFO [688/3688] 6aa6b56f-7bcf-4264-9cfa-8844b56e6cda: 38 internal nodes; 1.7 s; peak memory 508 MiB.
2026-10-06T11:31:30Z WARNING 6aa6bd0b-2ee9-4b1c-ae04-8288b68d12ff: failed while reading the NWB file (KeyError: 'Unable to synchronously open object (component not found)')
2026-10-06T11:31:30Z WARNING [689/3688] 6aa6bd0b-2ee9-4b1c-ae04-8288b68d12ff: leaving unrecorded for a later run to retry.
2026-10-06T11:31:38Z INFO [690/3688] 6aa6f300-4a85-4dd7-810a-33e9b70e1ecf: 205 internal nodes; 8.2 s; peak memory 508 MiB.
2026-10-06T11:31:39Z INFO [691/3688] 6aa70126-6f69-4e04-8364-28424dff5682: 17 internal nodes; 1.1 s; peak memory 508 MiB.
2026-10-06T11:31:41Z INFO [692/3688] 6aa73762-1f3a-4452-8291-041388f4e2c1: 18 internal nodes; 1.3 s; peak memory 508 MiB.
2026-10-06T11:31:42Z INFO [693/3688] 6aa74275-adb9-4622-9352-b808417b62f2: 27 internal nodes; 1.5 s; peak memory 508 MiB.
2026-10-06T11:31:44Z INFO [694/3688] 6aa797e4-c16d-4c4a-881a-3bc9097480a8: 65 internal nodes; 1.8 s; peak memory 508 MiB.
2026-10-06T11:31:45Z INFO [695/3688] 6aa7a880-ea33-4543-99eb-20fd78ee6b96: 17 internal nodes; 1.0 s; peak memory 508 MiB.
2026-10-06T11:31:54Z INFO [696/3688] 6aa7e541-90a2-4ef0-ba83-4b5ccb1d2d7c: 182 internal nodes; 9.7 s; peak memory 508 MiB.
2026-10-06T11:31:56Z INFO [697/3688] 6aa8e4f6-d406-4d21-874d-989d9deccbaa: 27 internal nodes; 1.2 s; peak memory 508 MiB.
2026-10-06T11:31:59Z INFO [698/3688] 6aa98ddc-32de-4159-8b44-224c95aef57b: 46 internal nodes; 3.3 s; peak memory 508 MiB.
2026-10-06T11:32:00Z INFO [699/3688] 6aaa36ea-d4e5-4fa3-904d-616f0a1140bc: 11 internal nodes; 1.1 s; peak memory 508 MiB.
2026-10-06T11:32:01Z INFO [700/3688] 6aaa7fe7-e7cb-4cc5-87c1-ed145759c926: 19 internal nodes; 1.0 s; peak memory 508 MiB.
2026-10-06T11:32:01Z INFO [700/3688] 6aaa7fe7-e7cb-4cc5-87c1-ed145759c926: checkpointed 98145 records.
2026-10-06T11:32:03Z INFO [701/3688] 6aaafb98-47e9-4c9c-b80a-0a5bb833a7a5: 17 internal nodes; 1.1 s; peak memory 508 MiB.
2026-10-06T11:32:04Z INFO [702/3688] 6aab5387-f2d3-4f09-a861-9f22895474eb: 17 internal nodes; 1.2 s; peak memory 508 MiB.
2026-10-06T11:32:05Z INFO [703/3688] 6aabc63e-a915-4156-9195-c30182cc6643: 17 internal nodes; 1.0 s; peak memory 508 MiB.
2026-10-06T11:32:06Z INFO [704/3688] 6aac0592-7bf7-4632-8d42-3f0cabcd04de: 27 internal nodes; 0.9 s; peak memory 508 MiB.
2026-10-06T11:32:07Z INFO [705/3688] 6aac9c17-bbc5-4502-a32d-d2a9473f06f1: 18 internal nodes; 1.0 s; peak memory 508 MiB.
2026-10-06T11:32:08Z INFO [706/3688] 6aacade7-a9ba-40ae-baa7-9a9436538314: 31 internal nodes; 1.9 s; peak memory 508 MiB.
2026-10-06T11:32:10Z INFO [707/3688] 6aad0aac-7726-4847-ae19-0436ff7188ff: 31 internal nodes; 1.7 s; peak memory 508 MiB.
2026-10-06T11:32:11Z INFO [708/3688] 6aad1c2f-c139-4397-9d60-8c64eb9f1051: 27 internal nodes; 1.3 s; peak memory 508 MiB.
2026-10-06T11:32:13Z INFO [709/3688] 6aad62db-5c99-4139-8a05-8af1f175afa8: 22 internal nodes; 1.3 s; peak memory 508 MiB.
2026-10-06T11:32:14Z INFO [710/3688] 6aad859b-8d1d-4557-859e-b2da277e1a14: 27 internal nodes; 1.3 s; peak memory 508 MiB.
2026-10-06T11:32:16Z WARNING 6aae1939-4782-4088-b5f7-42ef42d4db39: failed while reading the NWB file (KeyError: 'Unable to synchronously open object (component not found)')
2026-10-06T11:32:16Z WARNING [711/3688] 6aae1939-4782-4088-b5f7-42ef42d4db39: leaving unrecorded for a later run to retry.
2026-10-06T11:32:17Z INFO [712/3688] 6aae6651-554d-4b37-9ca5-45803eccd42c: 18 internal nodes; 1.0 s; peak memory 508 MiB.
2026-10-06T11:32:18Z INFO [713/3688] 6aaeb2ea-6de7-44d0-8631-e16aec9fbd1f: 27 internal nodes; 1.3 s; peak memory 508 MiB.
2026-10-06T11:32:19Z INFO [714/3688] 6aaf4165-f614-4ef6-8c54-791d5749ba19: 17 internal nodes; 1.1 s; peak memory 508 MiB.
2026-10-06T11:32:20Z INFO [715/3688] 6aaffbfc-75f3-4812-8375-acdab08340f3: 15 internal nodes; 0.9 s; peak memory 508 MiB.
2026-10-06T11:32:21Z INFO [716/3688] 6ab0cca9-0db9-4c59-8c1a-f2845e1f9486: 27 internal nodes; 1.3 s; peak memory 508 MiB.
2026-10-06T11:32:23Z INFO [717/3688] 6ab1289b-8659-4195-a4cc-0b355d21738e: 27 internal nodes; 1.3 s; peak memory 508 MiB.
2026-10-06T11:32:24Z INFO [718/3688] 6ab13fdd-11b0-40e3-9496-994e76de91bc: 27 internal nodes; 1.4 s; peak memory 508 MiB.
2026-10-06T11:32:26Z INFO [719/3688] 6ab17da4-d9f0-45c0-befa-175e24ee7fd7: 31 internal nodes; 1.6 s; peak memory 508 MiB.
2026-10-06T11:32:26Z INFO [720/3688] 6ab1c815-93c0-40e1-862a-aac1e7945768: 17 internal nodes; 0.8 s; peak memory 508 MiB.
2026-10-06T11:32:28Z INFO [721/3688] 6ab239b2-cee4-4ad3-abde-f3a724607d5f: 27 internal nodes; 1.5 s; peak memory 508 MiB.
2026-10-06T11:32:36Z INFO [722/3688] 6ab32b5c-624d-4239-8872-37f72fe1ca69: 180 internal nodes; 8.4 s; peak memory 508 MiB.
2026-10-06T11:32:39Z INFO [723/3688] 6ab3dd6e-9529-4410-8f77-6a269fa7a477: 55 internal nodes; 3.0 s; peak memory 508 MiB.
2026-10-06T11:32:41Z INFO [724/3688] 6ab41ae2-1433-478e-be93-53dc4aa9130b: 67 internal nodes; 1.8 s; peak memory 508 MiB.
2026-10-06T11:32:43Z INFO [725/3688] 6ab4bdca-c2a7-4c39-b76c-c1c792f0955c: 90 internal nodes; 1.6 s; peak memory 508 MiB.
2026-10-06T11:32:44Z INFO [726/3688] 6ab53786-79a0-4e12-b9d3-6ce2bb2bdc93: 115 internal nodes; 1.3 s; peak memory 508 MiB.
2026-10-06T11:32:45Z INFO [727/3688] 6ab5a0d3-a274-464e-a897-e5201bd43de3: 17 internal nodes; 1.1 s; peak memory 508 MiB.
2026-10-06T11:32:46Z INFO [728/3688] 6ab60fe8-ac55-4220-87d5-35a226940132: 17 internal nodes; 1.2 s; peak memory 508 MiB.
2026-10-06T11:32:47Z INFO [729/3688] 6ab76ef3-767c-4d5c-861a-5237b7e4793b: 17 internal nodes; 1.2 s; peak memory 508 MiB.
2026-10-06T11:32:55Z INFO [730/3688] 6ab79a4e-d8f4-444e-8cb5-f8adcab1f955: 200 internal nodes; 7.9 s; peak memory 508 MiB.
2026-10-06T11:32:56Z INFO [731/3688] 6ab7a8b8-88c1-488e-bb4f-cdb2b3e7055c: 17 internal nodes; 1.2 s; peak memory 508 MiB.
2026-10-06T11:32:58Z INFO [732/3688] 6ab85ca2-acc9-4142-8230-0f6fb5ab0aed: 31 internal nodes; 1.6 s; peak memory 508 MiB.
2026-10-06T11:32:59Z INFO [733/3688] 6ab9056b-dd15-4084-805e-339b5f6c70fc: 17 internal nodes; 1.1 s; peak memory 508 MiB.
2026-10-06T11:33:01Z INFO [734/3688] 6ab993c1-07b3-4aeb-bec9-d1d2dd195d2e: 24 internal nodes; 1.5 s; peak memory 508 MiB.
2026-10-06T11:33:02Z INFO [735/3688] 6ab9d82f-eb2c-433b-b043-b8e09a749639: 13 internal nodes; 1.3 s; peak memory 508 MiB.
2026-10-06T11:33:04Z INFO [736/3688] 6aba624b-04d8-4b9b-8038-6ebae225ad52: 72 internal nodes; 2.5 s; peak memory 508 MiB.
2026-10-06T11:33:05Z INFO [737/3688] 6abaaf46-0df5-4278-ac6f-0dbce052f5bb: 16 internal nodes; 1.0 s; peak memory 508 MiB.
2026-10-06T11:33:07Z INFO [738/3688] 6abb0bf2-d9b2-4488-b7a6-b93177947480: 17 internal nodes; 1.4 s; peak memory 508 MiB.
2026-10-06T11:33:08Z INFO [739/3688] 6abbaee8-825e-4e6b-b667-4cc5cca3d3ae: 17 internal nodes; 1.2 s; peak memory 508 MiB.
2026-10-06T11:33:09Z INFO [740/3688] 6abc331f-76bd-45fe-a64e-85b92117c07f: 11 internal nodes; 0.8 s; peak memory 508 MiB.
2026-10-06T11:33:20Z INFO [741/3688] 6abc7f02-ebe6-476b-bdf5-3d39a4898159: 87 internal nodes; 11.1 s; peak memory 508 MiB.
2026-10-06T11:33:21Z INFO [742/3688] 6abddd36-563b-4583-97a7-26088b0a5e9c: 17 internal nodes; 1.0 s; peak memory 508 MiB.
2026-10-06T11:33:24Z INFO [743/3688] 6abfe0f5-88ac-4219-b40a-4d801982aca7: 44 internal nodes; 2.8 s; peak memory 508 MiB.
2026-10-06T11:33:25Z INFO [744/3688] 6abffd6e-f5a4-42cd-a146-96250e62ea86: 31 internal nodes; 1.6 s; peak memory 508 MiB.
2026-10-06T11:33:32Z INFO [745/3688] 6ac101bb-45f1-4a70-8ddf-59c12dc9a4f3: 61 internal nodes; 6.8 s; peak memory 508 MiB.
2026-10-06T11:33:34Z INFO [746/3688] 6ac15dc3-b1da-49ba-a330-8cbcc0b4ddff: 59 internal nodes; 2.3 s; peak memory 508 MiB.
2026-10-06T11:33:36Z INFO [747/3688] 6ac1bae4-73cb-4d7f-a068-a2776229aab4: 23 internal nodes; 2.1 s; peak memory 508 MiB.
2026-10-06T11:33:38Z INFO [748/3688] 6ac1f9fd-8eda-4e3b-bf59-c7243748248e: 22 internal nodes; 1.3 s; peak memory 508 MiB.
2026-10-06T11:33:39Z INFO [749/3688] 6ac2c11d-5f13-458f-b34b-6cce5c273cb8: 34 internal nodes; 1.3 s; peak memory 508 MiB.
2026-10-06T11:33:41Z INFO [750/3688] 6ac30518-3731-4aac-8aa4-ebf3b398306d: 31 internal nodes; 2.0 s; peak memory 508 MiB.
2026-10-06T11:33:41Z INFO [750/3688] 6ac30518-3731-4aac-8aa4-ebf3b398306d: checkpointed 98194 records.
2026-10-06T11:33:43Z INFO [751/3688] 6ac3369a-1ad8-4532-866a-d0b405c5b183: 27 internal nodes; 1.5 s; peak memory 508 MiB.
2026-10-06T11:33:44Z INFO [752/3688] 6ac47f62-31e6-4625-96a8-5657a44a6e69: 27 internal nodes; 0.9 s; peak memory 508 MiB.
2026-10-06T11:33:45Z INFO [753/3688] 6ac5859c-69bb-4649-8854-2d81b4459f93: 17 internal nodes; 1.0 s; peak memory 508 MiB.
2026-10-06T11:33:46Z INFO [754/3688] 6ac5e439-1fee-434f-86d9-d93105c9ad05: 17 internal nodes; 1.1 s; peak memory 508 MiB.
2026-10-06T11:33:47Z INFO [755/3688] 6ac6496f-23ea-4562-9865-e786d802c87e: 27 internal nodes; 1.4 s; peak memory 508 MiB.
2026-10-06T11:33:48Z INFO [756/3688] 6ac658f4-2f1d-4b38-8158-f02540e5d84e: 23 internal nodes; 1.1 s; peak memory 508 MiB.
2026-10-06T11:33:49Z INFO [757/3688] 6ac76eb4-d008-4c96-a441-9b100cd2cda8: 22 internal nodes; 0.8 s; peak memory 508 MiB.
2026-10-06T11:33:54Z INFO [758/3688] 6ac7964e-0ded-436f-abff-7fe809234824: 112 internal nodes; 4.8 s; peak memory 508 MiB.
2026-10-06T11:33:55Z INFO [759/3688] 6ac7ceb1-c549-4a39-bd9c-81da382d33c7: 17 internal nodes; 1.0 s; peak memory 508 MiB.
2026-10-06T11:34:03Z INFO [760/3688] 6ac7dd0a-f0ba-4b41-b080-402d494a0a3c: 186 internal nodes; 7.7 s; peak memory 508 MiB.
2026-10-06T11:34:04Z INFO [761/3688] 6ac8c42a-9d46-4f8d-8541-2b9ea8f008e2: 35 internal nodes; 1.6 s; peak memory 508 MiB.
2026-10-06T11:34:06Z INFO [762/3688] 6aca1fe7-be80-40b3-86ab-c5a2dcf6b33c: 31 internal nodes; 1.4 s; peak memory 508 MiB.
2026-10-06T11:34:09Z INFO [763/3688] 6acafd6d-83fa-44e4-a5c8-2a5f4697b06f: 46 internal nodes; 3.2 s; peak memory 508 MiB.
2026-10-06T11:34:10Z INFO [764/3688] 6acb1f0f-2dc6-42e1-a822-1c6ab6dc7351: 17 internal nodes; 1.2 s; peak memory 508 MiB.
2026-10-06T11:34:11Z INFO [765/3688] 6acbf27b-3a01-4722-9e23-c8c55103846c: 17 internal nodes; 1.1 s; peak memory 508 MiB.
2026-10-06T11:34:12Z INFO [766/3688] 6acbf33b-752e-4edf-932e-d4a42688e88a: 17 internal nodes; 1.1 s; peak memory 508 MiB.
2026-10-06T11:34:13Z INFO [767/3688] 6acbfa7a-656e-46ac-adf1-eb33234cb7e4: 17 internal nodes; 1.0 s; peak memory 508 MiB.
2026-10-06T11:34:15Z INFO [768/3688] 6acc2201-1ab6-4a4e-baf0-fac407d89d5b: 31 internal nodes; 1.5 s; peak memory 508 MiB.
2026-10-06T11:34:16Z INFO [769/3688] 6acc4217-b779-45c6-8726-a9556d22f09f: 27 internal nodes; 1.4 s; peak memory 508 MiB.
2026-10-06T11:34:17Z INFO [770/3688] 6acc4d32-cf4d-41bc-964f-55d63b638100: 15 internal nodes; 1.1 s; peak memory 508 MiB.
2026-10-06T11:34:18Z INFO [771/3688] 6accef6a-dbf7-4e62-9ff8-88c849f92635: 17 internal nodes; 1.2 s; peak memory 508 MiB.
2026-10-06T11:34:20Z INFO [772/3688] 6accfa3e-436f-4346-9a3a-8523f4c8a445: 19 internal nodes; 1.2 s; peak memory 508 MiB.
2026-10-06T11:34:21Z INFO [773/3688] 6acd0901-c5a6-423e-83b3-7d845f175d69: 37 internal nodes; 1.8 s; peak memory 508 MiB.
2026-10-06T11:34:29Z INFO [774/3688] 6acd4364-8cef-4c4b-8d08-4f175ff0f0bb: 178 internal nodes; 7.9 s; peak memory 508 MiB.
2026-10-06T11:34:31Z INFO [775/3688] 6acd63e7-3ddc-46df-a827-99da8b4e671a: 26 internal nodes; 1.5 s; peak memory 508 MiB.
2026-10-06T11:34:34Z INFO [776/3688] 6ace9119-3c49-4e43-8535-216d093ddb7f: 38 internal nodes; 3.0 s; peak memory 508 MiB.
2026-10-06T11:34:35Z INFO [777/3688] 6ace9a4f-4037-49f2-913b-2964642ca47f: 27 internal nodes; 1.3 s; peak memory 508 MiB.
2026-10-06T11:34:38Z INFO [778/3688] 6acea976-8269-4ec5-bb61-a217727f448a: 44 internal nodes; 2.8 s; peak memory 508 MiB.
2026-10-06T11:34:39Z INFO [779/3688] 6ad1526d-33d2-43a0-b6dd-c92ca51b56f1: 17 internal nodes; 1.0 s; peak memory 508 MiB.
2026-10-06T11:34:40Z INFO [780/3688] 6ad1b19d-fbbb-4b67-87c3-94a2ae1f5461: 17 internal nodes; 1.0 s; peak memory 508 MiB.
2026-10-06T11:34:41Z INFO [781/3688] 6ad1b34f-5e41-4bb6-bdf3-c9215d9566d2: 17 internal nodes; 1.2 s; peak memory 508 MiB.
2026-10-06T11:34:42Z INFO [782/3688] 6ad2c5b5-1289-4f68-90a2-eee3221f112c: 17 internal nodes; 1.1 s; peak memory 508 MiB.
2026-10-06T11:34:44Z INFO [783/3688] 6ad2f1f0-4020-4a48-ab18-701e68fb505a: 18 internal nodes; 1.3 s; peak memory 508 MiB.
2026-10-06T11:34:51Z INFO [784/3688] 6ad4a044-729d-4f25-b63a-0ec24db44406: 177 internal nodes; 7.0 s; peak memory 508 MiB.
2026-10-06T11:34:52Z INFO [785/3688] 6ad4a2fc-e94e-43c1-9e83-03b84033e3ee: 17 internal nodes; 1.2 s; peak memory 508 MiB.
2026-10-06T11:34:55Z INFO [786/3688] 6ad4eab5-6b6d-4009-a5c1-043534a9a099: 46 internal nodes; 3.3 s; peak memory 508 MiB.
2026-10-06T11:35:04Z INFO [787/3688] 6ad5da65-c0cb-4ecc-85b5-23fd4ff27171: 217 internal nodes; 9.4 s; peak memory 508 MiB.
2026-10-06T11:35:06Z INFO [788/3688] 6ad607e1-e3b6-4b1e-9598-5fb00a762d19: 19 internal nodes; 1.2 s; peak memory 508 MiB.
2026-10-06T11:35:07Z INFO [789/3688] 6ad63fac-0206-4652-99c2-b0dcd938d49d: 17 internal nodes; 1.2 s; peak memory 508 MiB.
2026-10-06T11:35:08Z INFO [790/3688] 6ad6a270-efc2-40d9-8317-95b2919b523f: 19 internal nodes; 1.2 s; peak memory 508 MiB.
2026-10-06T11:35:09Z INFO [791/3688] 6ad86b17-d490-458e-bc2e-14b5e4ca74b3: 17 internal nodes; 1.0 s; peak memory 508 MiB.
2026-10-06T11:35:10Z INFO [792/3688] 6ad88e30-8167-4184-a6f0-4cfa9332b88b: 17 internal nodes; 1.1 s; peak memory 508 MiB.
2026-10-06T11:35:16Z INFO [793/3688] 6ad8a21f-5376-43c3-85e4-4fb8cb272f70: 122 internal nodes; 6.2 s; peak memory 508 MiB.
2026-10-06T11:35:17Z INFO [794/3688] 6ad8ff8b-a0c9-4378-aeee-638bc1f20fcf: 17 internal nodes; 1.3 s; peak memory 508 MiB.
2026-10-06T11:35:19Z INFO [795/3688] 6ad9109c-a9c0-4319-bd53-0079786ab2f5: 27 internal nodes; 1.3 s; peak memory 508 MiB.
2026-10-06T11:35:20Z INFO [796/3688] 6ad9a8dd-7b3f-4352-9e53-5e4489eae5b4: 17 internal nodes; 1.0 s; peak memory 508 MiB.
2026-10-06T11:35:21Z INFO [797/3688] 6adb5ee4-338b-4db8-b0ff-1e9b245f8e01: 31 internal nodes; 1.6 s; peak memory 508 MiB.
2026-10-06T11:35:27Z INFO [798/3688] 6adb70ff-5bdf-48e8-8397-93502f4e2f41: 54 internal nodes; 5.8 s; peak memory 508 MiB.
2026-10-06T11:35:28Z INFO [799/3688] 6adbf7dd-a5c6-4e59-9fba-9ebfb3b3ce0f: 24 internal nodes; 1.1 s; peak memory 508 MiB.
2026-10-06T11:35:29Z INFO [800/3688] 6adc5c62-4ee2-45b0-9b0a-43c33f018bb0: 19 internal nodes; 1.0 s; peak memory 508 MiB.
2026-10-06T11:35:30Z INFO [800/3688] 6adc5c62-4ee2-45b0-9b0a-43c33f018bb0: checkpointed 98244 records.
2026-10-06T11:35:33Z INFO [801/3688] 6adcbeb1-5795-4de3-8e5a-f91dab01ec2d: 46 internal nodes; 3.3 s; peak memory 508 MiB.
2026-10-06T11:35:35Z INFO [802/3688] 6add4001-43cc-475b-b1ec-73e9a12a8e6a: 38 internal nodes; 2.3 s; peak memory 508 MiB.
2026-10-06T11:35:36Z INFO [803/3688] 6add7961-a134-4ea9-8c92-0ec67a890d5b: 11 internal nodes; 1.1 s; peak memory 508 MiB.
2026-10-06T11:35:37Z INFO [804/3688] 6adfad72-d1ce-4405-96df-13384e13ffc5: 26 internal nodes; 0.8 s; peak memory 508 MiB.
2026-10-06T11:35:38Z INFO [805/3688] 6ae07cfe-03b8-4563-bf60-bb5ff5b3158e: 17 internal nodes; 1.0 s; peak memory 508 MiB.
2026-10-06T11:35:40Z INFO [806/3688] 6ae086a0-87df-40f8-878a-f875bfe5afcc: 27 internal nodes; 1.3 s; peak memory 508 MiB.
2026-10-06T11:35:41Z INFO [807/3688] 6ae22ea4-50ac-45fa-94a6-c98e32c4a610: 31 internal nodes; 1.5 s; peak memory 508 MiB.
2026-10-06T11:35:42Z INFO [808/3688] 6ae23f99-98ff-436a-9b23-cf3a1c59014d: 19 internal nodes; 1.2 s; peak memory 508 MiB.
2026-10-06T11:35:43Z INFO [809/3688] 6ae26070-c558-4abb-a004-10ca5a3ad1b5: 17 internal nodes; 1.0 s; peak memory 508 MiB.
2026-10-06T11:35:44Z INFO [810/3688] 6ae29965-ed8a-43fc-9baa-6858954c8ac0: 27 internal nodes; 1.1 s; peak memory 508 MiB.
2026-10-06T11:35:46Z INFO [811/3688] 6ae2b1d4-f704-4171-ba53-2a93f73bf555: 13 internal nodes; 1.2 s; peak memory 508 MiB.
2026-10-06T11:35:47Z INFO [812/3688] 6ae2c727-fad7-415f-a0f3-7814030026a5: 19 internal nodes; 1.2 s; peak memory 508 MiB.
2026-10-06T11:35:48Z INFO [813/3688] 6ae3505d-b0b1-4bea-932a-a09d844236ef: 27 internal nodes; 1.2 s; peak memory 508 MiB.
2026-10-06T11:35:49Z INFO [814/3688] 6ae4b4a0-5afa-4094-922f-9aae40720e41: 27 internal nodes; 1.5 s; peak memory 508 MiB.
2026-10-06T11:35:51Z INFO [815/3688] 6ae4b926-06b1-423c-88d2-83c827844450: 17 internal nodes; 1.2 s; peak memory 508 MiB.
2026-10-06T11:35:52Z INFO [816/3688] 6ae4fa3d-49b3-459b-9106-d162e8e6f99a: 17 internal nodes; 0.9 s; peak memory 508 MiB.
2026-10-06T11:35:53Z INFO [817/3688] 6ae545bd-0c24-41be-a20d-a471622bba98: 65 internal nodes; 1.8 s; peak memory 508 MiB.
2026-10-06T11:36:02Z INFO [818/3688] 6ae77a67-4209-45c6-b0c0-746765eab109: 60 internal nodes; 8.9 s; peak memory 508 MiB.
2026-10-06T11:36:05Z INFO [819/3688] 6ae7e659-dc70-4e57-95e3-ebca599988fa: 44 internal nodes; 2.7 s; peak memory 508 MiB.
2026-10-06T11:36:06Z INFO [820/3688] 6ae7e6e7-f841-48f0-b569-e04b3b96323c: 17 internal nodes; 1.1 s; peak memory 508 MiB.
2026-10-06T11:36:07Z INFO [821/3688] 6ae82587-88dc-4791-9c08-8977989309af: 17 internal nodes; 1.1 s; peak memory 508 MiB.
2026-10-06T11:36:09Z INFO [822/3688] 6ae86523-d434-40b0-82ab-b72b7b30f26a: 29 internal nodes; 1.7 s; peak memory 508 MiB.
2026-10-06T11:36:10Z INFO [823/3688] 6ae8b421-abee-4359-9ccb-41d806da19e4: 17 internal nodes; 1.1 s; peak memory 508 MiB.
2026-10-06T11:36:11Z INFO [824/3688] 6ae8e7e6-a2e9-446d-880a-aa7e9d11befb: 17 internal nodes; 1.1 s; peak memory 508 MiB.
2026-10-06T11:36:12Z INFO [825/3688] 6ae91359-57eb-4f02-9412-b69d15ec10a9: 18 internal nodes; 0.9 s; peak memory 508 MiB.
2026-10-06T11:36:14Z INFO [826/3688] 6aea0675-8771-4674-ba3e-05dbad5436c5: 17 internal nodes; 1.7 s; peak memory 508 MiB.
2026-10-06T11:36:15Z INFO [827/3688] 6aea73c1-03dc-4ce0-9c04-fb9a4b0d2c7b: 31 internal nodes; 1.5 s; peak memory 508 MiB.
2026-10-06T11:36:17Z INFO [828/3688] 6aea99e3-225a-411c-8842-a2c64d4d339c: 56 internal nodes; 2.1 s; peak memory 508 MiB.
2026-10-06T11:36:18Z INFO [829/3688] 6aeba2ec-be37-4a90-8c5e-6e969afcf3d2: 27 internal nodes; 1.1 s; peak memory 508 MiB.
2026-10-06T11:36:20Z INFO [830/3688] 6aebbeee-6915-493b-9b81-2f7ccbc8c721: 29 internal nodes; 1.7 s; peak memory 508 MiB.
2026-10-06T11:36:22Z INFO [831/3688] 6aebcb44-00cc-42c1-ba0f-a5f3ea7542e8: 31 internal nodes; 1.5 s; peak memory 508 MiB.
2026-10-06T11:36:27Z INFO [832/3688] 6aed0f3d-9d56-4c39-8eff-0e131c4ffaba: 73 internal nodes; 5.8 s; peak memory 508 MiB.
2026-10-06T11:36:29Z INFO [833/3688] 6aed68f2-d0da-4cfd-8a1e-871618afd592: 27 internal nodes; 1.4 s; peak memory 508 MiB.
2026-10-06T11:36:31Z INFO [834/3688] 6aefa992-b346-40a8-b92a-cd363c24c1d3: 26 internal nodes; 1.8 s; peak memory 508 MiB.
2026-10-06T11:36:48Z INFO [835/3688] 6aefae66-6516-4705-bd7d-4f737cab484d: 137 internal nodes; 17.3 s; peak memory 508 MiB.
2026-10-06T11:36:54Z INFO [836/3688] 6af2422c-1f7f-4f7c-8fa8-d9fd7456b90a: 54 internal nodes; 6.2 s; peak memory 508 MiB.
2026-10-06T11:36:56Z INFO [837/3688] 6af24315-47f1-4606-82f1-7a1eb0e93072: 31 internal nodes; 1.7 s; peak memory 508 MiB.
2026-10-06T11:36:57Z INFO [838/3688] 6af2701d-e7c2-4373-969c-c10eca1091c2: 115 internal nodes; 1.2 s; peak memory 508 MiB.
2026-10-06T11:36:58Z INFO [839/3688] 6af2c580-21e8-4385-9715-140c4c00ab32: 17 internal nodes; 1.0 s; peak memory 508 MiB.
2026-10-06T11:37:01Z INFO [840/3688] 6af3a96b-627d-46a6-80f8-c0c979172054: 44 internal nodes; 3.0 s; peak memory 508 MiB.
2026-10-06T11:37:09Z INFO [841/3688] 6af47a8d-2cfe-4039-a3aa-74c8e18686c5: 191 internal nodes; 7.7 s; peak memory 508 MiB.
2026-10-06T11:37:10Z INFO [842/3688] 6af48a8b-e09c-4e4c-8cb8-765399484343: 27 internal nodes; 1.5 s; peak memory 508 MiB.
2026-10-06T11:37:16Z INFO [843/3688] 6af48f90-147f-48d2-b6d5-8c626bc46aa2: 73 internal nodes; 5.8 s; peak memory 508 MiB.
2026-10-06T11:37:17Z INFO [844/3688] 6af4c30a-e23b-495c-bf7d-45eaf1f15e8d: 17 internal nodes; 1.1 s; peak memory 508 MiB.
2026-10-06T11:37:27Z INFO [845/3688] 6af55ab5-2025-4f1c-8051-6730d72b155c: 182 internal nodes; 9.9 s; peak memory 508 MiB.
2026-10-06T11:37:29Z INFO [846/3688] 6af59f99-da47-483c-b47f-1815f36085de: 55 internal nodes; 1.5 s; peak memory 508 MiB.
2026-10-06T11:37:30Z INFO [847/3688] 6af6f402-1119-4797-a38d-8fde98e5738b: 17 internal nodes; 1.1 s; peak memory 508 MiB.
2026-10-06T11:37:31Z INFO [848/3688] 6af745d1-7219-4f2b-83f7-b18a1a746dc1: 27 internal nodes; 1.3 s; peak memory 508 MiB.
2026-10-06T11:37:33Z INFO [849/3688] 6af7d5c7-1de3-49b0-8c65-30c2fd360c0b: 56 internal nodes; 2.2 s; peak memory 508 MiB.
2026-10-06T11:37:35Z INFO [850/3688] 6af94eef-2381-48e7-9f0b-fe77dbad7c99: 115 internal nodes; 1.4 s; peak memory 508 MiB.
2026-10-06T11:37:35Z INFO [850/3688] 6af94eef-2381-48e7-9f0b-fe77dbad7c99: checkpointed 98294 records.
2026-10-06T11:37:36Z INFO [851/3688] 6af9c4b7-ce45-4287-9760-8b6b64361529: 27 internal nodes; 1.3 s; peak memory 508 MiB.
2026-10-06T11:37:38Z INFO [852/3688] 6afa1bfe-1237-44cf-9c12-17c04ad33290: 27 internal nodes; 1.5 s; peak memory 508 MiB.
2026-10-06T11:37:46Z INFO [853/3688] 6afa5e42-b821-4330-8b88-5b9ada9b5d72: 44 internal nodes; 8.8 s; peak memory 508 MiB.
2026-10-06T11:37:48Z INFO [854/3688] 6afa63af-3baf-47ef-bb67-6b3a966a644b: 29 internal nodes; 1.2 s; peak memory 508 MiB.
2026-10-06T11:37:49Z INFO [855/3688] 6afb571e-e0d9-4b95-be6a-840912b41ddc: 27 internal nodes; 1.5 s; peak memory 508 MiB.
2026-10-06T11:37:50Z INFO [856/3688] 6afca364-f00c-4a8d-aa27-9b1326f2ee8d: 27 internal nodes; 1.2 s; peak memory 508 MiB.
2026-10-06T11:38:05Z INFO [857/3688] 6afd158c-6d26-4a1f-9e8c-e7a478a2b6f3: 88 internal nodes; 14.5 s; peak memory 508 MiB.
2026-10-06T11:38:06Z INFO [858/3688] 6afd417b-9f80-427d-b26d-290a34196a1a: 17 internal nodes; 1.1 s; peak memory 508 MiB.
2026-10-06T11:38:07Z INFO [859/3688] 6afd5230-fc70-47bb-ae42-608b0835a22a: 17 internal nodes; 1.1 s; peak memory 508 MiB.
2026-10-06T11:38:08Z INFO [860/3688] 6afd8a66-724a-462c-88b8-fae5b7cb028c: 27 internal nodes; 1.5 s; peak memory 508 MiB.
2026-10-06T11:38:11Z INFO [861/3688] 6afe2168-911b-4b66-bc46-312ec618b4cd: 44 internal nodes; 2.6 s; peak memory 508 MiB.
2026-10-06T11:38:13Z INFO [862/3688] 6afea254-ebe4-48e7-a0c0-398d22a482af: 29 internal nodes; 1.8 s; peak memory 508 MiB.
2026-10-06T11:38:14Z INFO [863/3688] 6afecd5f-c815-4df7-b6ed-15007131bb65: 17 internal nodes; 1.1 s; peak memory 508 MiB.
2026-10-06T11:38:15Z INFO [864/3688] 6b00b5d5-dd59-4041-aead-9c4ea872fefd: 17 internal nodes; 1.2 s; peak memory 508 MiB.
2026-10-06T11:38:16Z INFO [865/3688] 6b01f9eb-2456-43a5-8951-f8f506cb7343: 19 internal nodes; 0.9 s; peak memory 508 MiB.
2026-10-06T11:38:23Z INFO [866/3688] 6b023df1-aa0f-476c-ab21-1a9e58c49f51: 59 internal nodes; 7.1 s; peak memory 508 MiB.
2026-10-06T11:38:24Z INFO [867/3688] 6b03a18c-2622-46e4-9e26-a4d2983ab563: 115 internal nodes; 1.3 s; peak memory 508 MiB.
2026-10-06T11:38:31Z INFO [868/3688] 6b042a8f-09de-4d54-a8fb-9a66eb80e5de: 68 internal nodes; 6.3 s; peak memory 508 MiB.
2026-10-06T11:38:34Z INFO [869/3688] 6b06e80d-3ed6-4b71-8a1c-e5a0f90bf461: 112 internal nodes; 3.0 s; peak memory 508 MiB.
2026-10-06T11:38:40Z INFO [870/3688] 6b073be2-87a9-44a8-977f-27360d47f434: 110 internal nodes; 6.0 s; peak memory 508 MiB.
2026-10-06T11:38:41Z INFO [871/3688] 6b0744ee-720c-47a5-a82b-c4ca5289f8ad: 19 internal nodes; 1.4 s; peak memory 508 MiB.
2026-10-06T11:38:42Z INFO [872/3688] 6b07cedc-fcf1-4451-886a-e319947124fe: 27 internal nodes; 1.4 s; peak memory 508 MiB.
2026-10-06T11:38:43Z INFO [873/3688] 6b0829f7-e214-4d54-b197-b1c1a2fa929b: 6 internal nodes; 0.8 s; peak memory 508 MiB.
2026-10-06T11:38:44Z INFO [874/3688] 6b09a040-8193-43db-93c1-110cc40b3ed1: 17 internal nodes; 1.0 s; peak memory 508 MiB.
2026-10-06T11:38:45Z INFO [875/3688] 6b09d389-5021-4352-8712-c7f756117077: 17 internal nodes; 1.1 s; peak memory 508 MiB.
2026-10-06T11:38:46Z INFO [876/3688] 6b0ae72f-16e4-4965-97e4-11b599d60a2d: 17 internal nodes; 1.1 s; peak memory 508 MiB.
2026-10-06T11:38:48Z INFO [877/3688] 6b0b66eb-e7fc-4b22-a891-d7ff814e94ad: 27 internal nodes; 1.3 s; peak memory 508 MiB.
2026-10-06T11:38:49Z INFO [878/3688] 6b0c5db4-15b9-4cbd-b4e4-5acfeb5e20f3: 27 internal nodes; 1.4 s; peak memory 508 MiB.
2026-10-06T11:38:50Z INFO [879/3688] 6b0d1968-8dd9-4d1a-b21b-a5e42d47c295: 25 internal nodes; 1.3 s; peak memory 508 MiB.
2026-10-06T11:38:51Z INFO [880/3688] 6b0d8f2d-ea63-4c1a-ab87-b78b0f4be799: 27 internal nodes; 0.8 s; peak memory 508 MiB.
2026-10-06T11:38:53Z INFO [881/3688] 6b0df919-5829-4dfe-9f73-6f90a00471e6: 29 internal nodes; 1.7 s; peak memory 508 MiB.
2026-10-06T11:38:54Z INFO [882/3688] 6b0e7fc4-5b43-425c-a227-86e1e1f725ef: 27 internal nodes; 1.5 s; peak memory 508 MiB.
2026-10-06T11:39:00Z INFO [883/3688] 6b0e9aad-0c0c-452f-9b4a-79920c086d2a: 73 internal nodes; 5.3 s; peak memory 508 MiB.
2026-10-06T11:39:08Z INFO [884/3688] 6b0f2314-e6ab-40f3-af48-f22bdf90661c: 60 internal nodes; 8.0 s; peak memory 508 MiB.
2026-10-06T11:39:09Z INFO [885/3688] 6b100e2c-5d7d-4ec8-8e5c-6adf20926b03: 25 internal nodes; 0.9 s; peak memory 508 MiB.
2026-10-06T11:39:11Z INFO [886/3688] 6b103be9-3877-45be-91f4-250bd799c87a: 30 internal nodes; 2.2 s; peak memory 508 MiB.
2026-10-06T11:39:12Z INFO [887/3688] 6b10f8f7-9be7-4b81-b1a3-30a9f556132c: 27 internal nodes; 1.4 s; peak memory 508 MiB.
2026-10-06T11:39:13Z INFO [888/3688] 6b115ebd-068e-40ee-904e-e0286f992a6e: 17 internal nodes; 1.0 s; peak memory 508 MiB.
2026-10-06T11:39:23Z INFO [889/3688] 6b11ea29-deb4-413e-a480-afc5caa88ce9: 40 internal nodes; 9.8 s; peak memory 508 MiB.
2026-10-06T11:39:24Z INFO [890/3688] 6b130d08-6fde-42e0-b722-b4ad03213f9a: 11 internal nodes; 0.9 s; peak memory 508 MiB.
2026-10-06T11:39:25Z INFO [891/3688] 6b1327e5-449b-4b5a-9fcf-21670e4511e5: 27 internal nodes; 1.5 s; peak memory 508 MiB.
2026-10-06T11:39:38Z INFO [892/3688] 6b13a3d9-5bb9-4d34-98fd-6e08fb2f3120: 262 internal nodes; 12.4 s; peak memory 508 MiB.
2026-10-06T11:39:44Z INFO [893/3688] 6b13b853-6e33-4370-8ead-8baaabac2332: 54 internal nodes; 5.9 s; peak memory 508 MiB.
2026-10-06T11:39:45Z INFO [894/3688] 6b13bed0-0b0c-4b9e-8d31-ff33e6838be5: 27 internal nodes; 1.3 s; peak memory 508 MiB.
2026-10-06T11:39:46Z INFO [895/3688] 6b145350-a401-4d56-a417-f26a34645a3f: 17 internal nodes; 1.0 s; peak memory 508 MiB.
2026-10-06T11:39:49Z INFO [896/3688] 6b1463df-caf8-46a0-96e6-2c4821a85650: 42 internal nodes; 2.7 s; peak memory 508 MiB.
2026-10-06T11:39:50Z INFO [897/3688] 6b14e4e3-9f78-456f-9466-621993efba9a: 19 internal nodes; 1.0 s; peak memory 508 MiB.
2026-10-06T11:40:01Z INFO [898/3688] 6b1604db-f2ff-4d59-a897-ad27b744f1ec: 637 internal nodes; 11.0 s; peak memory 508 MiB.
2026-10-06T11:40:09Z INFO [899/3688] 6b16bc6b-e20e-45c6-8a42-93dfb9909433: 169 internal nodes; 8.2 s; peak memory 508 MiB.
2026-10-06T11:40:11Z INFO [900/3688] 6b171663-0c46-465a-9857-e344f09c889e: 59 internal nodes; 1.8 s; peak memory 508 MiB.
2026-10-06T11:40:11Z INFO [900/3688] 6b171663-0c46-465a-9857-e344f09c889e: checkpointed 98344 records.
2026-10-06T11:40:12Z INFO [901/3688] 6b175d86-fbfd-4d3f-ba37-b3f4d9f4165b: 29 internal nodes; 1.2 s; peak memory 508 MiB.
2026-10-06T11:40:24Z INFO [902/3688] 6b18621f-cc50-4c42-98e8-b8a8f57db9fb: 309 internal nodes; 11.7 s; peak memory 508 MiB.
2026-10-06T11:40:25Z INFO [903/3688] 6b18b9cb-aeac-495a-ad35-ea81cd2561cc: 17 internal nodes; 1.0 s; peak memory 508 MiB.
2026-10-06T11:40:26Z INFO [904/3688] 6b194db0-fe55-441d-a3ef-736c0a2370b7: 23 internal nodes; 0.8 s; peak memory 508 MiB.
2026-10-06T11:40:27Z INFO [905/3688] 6b1a42e7-53ec-445c-ac7b-5a1ff0c4c635: 17 internal nodes; 0.9 s; peak memory 508 MiB.
2026-10-06T11:40:29Z INFO [906/3688] 6b1a532f-411e-4ab3-99bb-db1cef68f4e3: 58 internal nodes; 2.1 s; peak memory 508 MiB.
2026-10-06T11:40:45Z INFO [907/3688] 6b1add40-a6ae-4143-bacb-84f3ed9f5dec: 236 internal nodes; 15.5 s; peak memory 508 MiB.
2026-10-06T11:40:46Z INFO [908/3688] 6b1afebc-677f-4c39-8c4e-7087daa90754: 29 internal nodes; 1.6 s; peak memory 508 MiB.
2026-10-06T11:40:48Z INFO [909/3688] 6b1b7389-c6d7-4421-bb0c-d59ec1411c63: 31 internal nodes; 1.6 s; peak memory 508 MiB.
2026-10-06T11:40:49Z INFO [910/3688] 6b1b8904-2abb-4c25-b5fa-dd2495138028: 27 internal nodes; 1.3 s; peak memory 508 MiB.
2026-10-06T11:40:52Z INFO [911/3688] 6b1ce9ce-6ab8-4c01-afe5-42ec292e8eaf: 42 internal nodes; 2.9 s; peak memory 508 MiB.
2026-10-06T11:40:53Z INFO [912/3688] 6b1d150b-6256-4553-b055-eaa0c0fb26d4: 17 internal nodes; 1.1 s; peak memory 508 MiB.
2026-10-06T11:40:54Z INFO [913/3688] 6b1ec896-cacf-4d30-80da-41b88d9098c9: 27 internal nodes; 1.3 s; peak memory 508 MiB.
2026-10-06T11:40:55Z INFO [914/3688] 6b200d3e-4d52-4680-be94-90ffb2470e2e: 17 internal nodes; 1.1 s; peak memory 508 MiB.
2026-10-06T11:40:57Z INFO [915/3688] 6b20b0d2-ebc8-46c2-a5ef-bba75021b9eb: 63 internal nodes; 1.6 s; peak memory 508 MiB.
2026-10-06T11:40:58Z INFO [916/3688] 6b2125fb-2c47-43af-9715-bd4911ce776b: 27 internal nodes; 1.4 s; peak memory 508 MiB.
2026-10-06T11:40:59Z INFO [917/3688] 6b213f8b-30f9-4d8e-9b6a-d6afa013222a: 17 internal nodes; 1.1 s; peak memory 508 MiB.
2026-10-06T11:41:00Z INFO [918/3688] 6b22a717-0b8f-4901-b89b-28366afb4725: 18 internal nodes; 0.9 s; peak memory 508 MiB.
2026-10-06T11:41:02Z INFO [919/3688] 6b22c618-7c1e-445b-acb5-59b8dd21feab: 22 internal nodes; 1.3 s; peak memory 508 MiB.
2026-10-06T11:41:09Z INFO [920/3688] 6b22dba8-bc11-401d-a638-76dfb5e1f78a: 192 internal nodes; 7.7 s; peak memory 508 MiB.
2026-10-06T11:41:13Z INFO [921/3688] 6b233824-c87c-4f65-b3ad-c7901bb54da7: 46 internal nodes; 3.2 s; peak memory 508 MiB.
2026-10-06T11:41:13Z INFO [922/3688] 6b234fc0-cb86-4108-891d-dec8c4421f75: 26 internal nodes; 0.8 s; peak memory 508 MiB.
2026-10-06T11:41:15Z INFO [923/3688] 6b238a83-f98c-4013-97d4-2d9357d0725d: 27 internal nodes; 1.3 s; peak memory 508 MiB.
2026-10-06T11:41:16Z INFO [924/3688] 6b23e454-210a-41c2-b622-6c1f4f56c1b6: 29 internal nodes; 1.6 s; peak memory 508 MiB.
2026-10-06T11:41:17Z INFO [925/3688] 6b23fb22-0453-412d-baa1-6080cf57c5b6: 17 internal nodes; 1.1 s; peak memory 508 MiB.
2026-10-06T11:41:18Z INFO [926/3688] 6b258c43-b7d6-40de-872f-c609f59fb442: 17 internal nodes; 1.0 s; peak memory 508 MiB.
2026-10-06T11:41:26Z INFO [927/3688] 6b25eda2-2739-46df-9364-dbbcd73ba7f6: 59 internal nodes; 7.2 s; peak memory 508 MiB.
2026-10-06T11:41:27Z INFO [928/3688] 6b26bb1e-e915-44be-8d0c-afd1b9659163: 27 internal nodes; 1.3 s; peak memory 508 MiB.
2026-10-06T11:41:30Z INFO [929/3688] 6b275de7-ad8f-477f-b8f3-1ecc0684ac68: 44 internal nodes; 2.8 s; peak memory 508 MiB.
2026-10-06T11:41:31Z INFO [930/3688] 6b278d2c-8e76-4498-92fe-98444ff9b51d: 66 internal nodes; 1.7 s; peak memory 508 MiB.
2026-10-06T11:41:33Z INFO [931/3688] 6b27ea7a-8e17-4bc1-bacf-0d23aa412cf3: 56 internal nodes; 1.5 s; peak memory 508 MiB.
2026-10-06T11:41:35Z INFO [932/3688] 6b29186b-753e-476b-b231-9daa97544788: 29 internal nodes; 1.6 s; peak memory 508 MiB.
2026-10-06T11:41:36Z INFO [933/3688] 6b2b003d-503f-436c-97e2-31b717ff58ce: 17 internal nodes; 1.1 s; peak memory 508 MiB.
2026-10-06T11:41:37Z INFO [934/3688] 6b2b357e-87bc-423b-a240-f80133ee3800: 17 internal nodes; 1.0 s; peak memory 508 MiB.
2026-10-06T11:41:39Z INFO [935/3688] 6b2c54cb-ab8a-489c-a825-ed29783cc8a8: 67 internal nodes; 1.8 s; peak memory 508 MiB.
2026-10-06T11:41:43Z INFO [936/3688] 6b2ca30f-4554-4795-80fd-35eb976c8b49: 93 internal nodes; 4.3 s; peak memory 508 MiB.
2026-10-06T11:41:44Z INFO [937/3688] 6b2d7d9b-e08a-4559-b902-4f5cab666566: 13 internal nodes; 1.2 s; peak memory 508 MiB.
2026-10-06T11:41:45Z INFO [938/3688] 6b2ef159-5e41-4af4-ab66-c79e20c4a277: 11 internal nodes; 0.9 s; peak memory 508 MiB.
2026-10-06T11:41:47Z INFO [939/3688] 6b2f9940-089b-4801-9cfd-a2a1e119694f: 66 internal nodes; 2.2 s; peak memory 508 MiB.
2026-10-06T11:41:48Z INFO [940/3688] 6b303803-6e0a-481e-a2f8-d0b151c06d78: 27 internal nodes; 1.4 s; peak memory 508 MiB.
2026-10-06T11:41:50Z INFO [941/3688] 6b31508b-0879-47c8-a095-43e83c17af5a: 27 internal nodes; 1.2 s; peak memory 508 MiB.
2026-10-06T11:41:55Z INFO [942/3688] 6b332af2-2786-4ae3-a9f7-531f0c51a240: 65 internal nodes; 5.5 s; peak memory 508 MiB.
2026-10-06T11:41:57Z INFO [943/3688] 6b3334c8-30b3-46fa-a90e-a515d1875450: 27 internal nodes; 1.4 s; peak memory 508 MiB.
2026-10-06T11:41:58Z INFO [944/3688] 6b3395cf-32b0-4cc3-98a5-b1fce5c34508: 31 internal nodes; 1.3 s; peak memory 508 MiB.
2026-10-06T11:41:59Z INFO [945/3688] 6b33aa67-b345-49e6-b4e8-b309b7e414cb: 27 internal nodes; 1.4 s; peak memory 508 MiB.
2026-10-06T11:42:22Z INFO [946/3688] 6b353512-f41e-429a-b44d-19cd1d7492fa: 185 internal nodes; 22.3 s; peak memory 508 MiB.
2026-10-06T11:42:22Z INFO [947/3688] 6b3621c4-c1c1-4d40-b26a-f88a417babed: 22 internal nodes; 0.9 s; peak memory 508 MiB.
2026-10-06T11:42:32Z INFO [948/3688] 6b36a510-4252-48a3-b86d-c499893ac4f2: 44 internal nodes; 9.0 s; peak memory 508 MiB.
2026-10-06T11:42:32Z INFO [949/3688] 6b36c9b4-b7ab-41c6-97f3-178182b5d783: 11 internal nodes; 0.8 s; peak memory 508 MiB.
2026-10-06T11:42:34Z INFO [950/3688] 6b370cba-a0e2-46a0-a76c-b6e1599a6bed: 27 internal nodes; 1.4 s; peak memory 508 MiB.
2026-10-06T11:42:34Z INFO [950/3688] 6b370cba-a0e2-46a0-a76c-b6e1599a6bed: checkpointed 98394 records.
2026-10-06T11:42:37Z INFO [951/3688] 6b389973-660a-408f-8c68-1dc71f5a3b8e: 44 internal nodes; 2.6 s; peak memory 508 MiB.
2026-10-06T11:42:44Z INFO [952/3688] 6b39b5e5-eba6-40f3-bdd4-6c050066b0ae: 177 internal nodes; 7.7 s; peak memory 508 MiB.
2026-10-06T11:42:58Z INFO [953/3688] 6b3a61cd-3ea6-49fd-9e36-e80a1b9bce43: 240 internal nodes; 13.8 s; peak memory 508 MiB.
2026-10-06T11:42:59Z INFO [954/3688] 6b3a8ec3-691c-4fe9-991e-5a82b6564fc0: 17 internal nodes; 1.1 s; peak memory 508 MiB.
2026-10-06T11:43:01Z INFO [955/3688] 6b3a9c4b-fb8f-49ba-8daa-e459ccf19655: 60 internal nodes; 1.7 s; peak memory 508 MiB.
2026-10-06T11:43:02Z INFO [956/3688] 6b3ae75c-e6bc-402e-a76a-b571796502fb: 31 internal nodes; 1.1 s; peak memory 508 MiB.
2026-10-06T11:43:03Z INFO [957/3688] 6b3b0e01-4325-474f-9553-08b0f190f486: 17 internal nodes; 1.1 s; peak memory 508 MiB.
2026-10-06T11:43:05Z INFO [958/3688] 6b3b32aa-8d67-49b9-a9eb-59bef64261e5: 31 internal nodes; 1.9 s; peak memory 508 MiB.
2026-10-06T11:43:11Z INFO [959/3688] 6b3b5380-21f2-4671-b1fc-0a20cf979ce9: 144 internal nodes; 5.9 s; peak memory 508 MiB.
2026-10-06T11:43:13Z INFO [960/3688] 6b3c8ba5-2217-40d5-b8bf-2da19f9ec89e: 28 internal nodes; 2.0 s; peak memory 508 MiB.
2026-10-06T11:43:14Z INFO [961/3688] 6b3c9610-e486-479c-9608-e83c80c35e8f: 11 internal nodes; 0.8 s; peak memory 508 MiB.
2026-10-06T11:43:15Z INFO [962/3688] 6b3ca086-41d0-428a-8dc6-7de4fc5170bb: 27 internal nodes; 1.3 s; peak memory 508 MiB.
2026-10-06T11:43:16Z INFO [963/3688] 6b3cd3b1-c169-4ef1-a26a-2cf293e1631e: 27 internal nodes; 1.2 s; peak memory 508 MiB.
2026-10-06T11:43:17Z INFO [964/3688] 6b3dabeb-da68-45dd-9b3f-b7a88c1bcde0: 17 internal nodes; 1.1 s; peak memory 508 MiB.
2026-10-06T11:43:19Z INFO [965/3688] 6b3e2858-4611-43f5-9723-44900d91a8e9: 17 internal nodes; 1.2 s; peak memory 508 MiB.
2026-10-06T11:43:20Z INFO [966/3688] 6b3e5c66-c62c-4940-bcbe-55cc82d2ae12: 25 internal nodes; 1.3 s; peak memory 508 MiB.
2026-10-06T11:43:21Z INFO [967/3688] 6b3eed8b-71ef-4b7a-ad08-e70a38b0c956: 27 internal nodes; 0.8 s; peak memory 508 MiB.
2026-10-06T11:43:22Z INFO [968/3688] 6b3f914d-4e1a-4efa-9c09-1799a65a12a7: 116 internal nodes; 1.3 s; peak memory 508 MiB.
2026-10-06T11:43:28Z INFO [969/3688] 6b3fd65f-b126-4010-8c6b-e1afadf2db87: 41 internal nodes; 5.7 s; peak memory 508 MiB.
2026-10-06T11:43:29Z INFO [970/3688] 6b405934-b9cd-4551-8ffe-a814aa9d038e: 31 internal nodes; 1.6 s; peak memory 508 MiB.
2026-10-06T11:43:41Z INFO [971/3688] 6b405af9-48d7-4b7e-8a4c-1a0a93f37d76: 134 internal nodes; 11.4 s; peak memory 508 MiB.
2026-10-06T11:43:42Z INFO [972/3688] 6b407447-69ac-459f-bb77-142a87d8d11a: 56 internal nodes; 1.6 s; peak memory 508 MiB.
2026-10-06T11:43:43Z INFO [973/3688] 6b4170b9-cbca-45b8-9672-03c1b1cf6465: 17 internal nodes; 1.0 s; peak memory 508 MiB.
2026-10-06T11:43:45Z INFO [974/3688] 6b432286-8c4e-4b1b-be9c-fb5c8b657ed8: 95 internal nodes; 1.8 s; peak memory 508 MiB.
2026-10-06T11:43:53Z INFO [975/3688] 6b43868a-4276-49cc-bbe6-7d7dcde6755c: 177 internal nodes; 7.5 s; peak memory 508 MiB.
2026-10-06T11:43:54Z INFO [976/3688] 6b43a2b3-3ae5-4cce-a2a5-4fa35354412a: 17 internal nodes; 1.0 s; peak memory 508 MiB.
2026-10-06T11:44:01Z INFO [977/3688] 6b43dbc6-52c1-4149-94c5-3c15186c7e43: 167 internal nodes; 7.1 s; peak memory 508 MiB.
2026-10-06T11:44:02Z INFO [978/3688] 6b440cc1-4a1b-4a1f-8254-e89ed4d9429e: 17 internal nodes; 1.1 s; peak memory 508 MiB.
2026-10-06T11:44:03Z INFO [979/3688] 6b44a5de-5e9c-476f-9dab-735b7f82d973: 17 internal nodes; 1.1 s; peak memory 508 MiB.
2026-10-06T11:44:04Z INFO [980/3688] 6b4513bb-e221-464b-80b3-2335254ae96e: 11 internal nodes; 0.8 s; peak memory 508 MiB.
2026-10-06T11:44:05Z INFO [981/3688] 6b45cb86-e8f8-420d-9c81-fb87484e62f0: 25 internal nodes; 1.5 s; peak memory 508 MiB.
2026-10-06T11:44:07Z INFO [982/3688] 6b45d431-011b-42ae-8d55-26b28c54585c: 116 internal nodes; 1.7 s; peak memory 508 MiB.
2026-10-06T11:44:09Z INFO [983/3688] 6b463cda-95d7-4e93-85b9-9291eafe9cde: 31 internal nodes; 1.6 s; peak memory 508 MiB.
2026-10-06T11:44:10Z INFO [984/3688] 6b464bde-85ac-4375-8b6f-a3d880fe3c5c: 25 internal nodes; 1.0 s; peak memory 508 MiB.
2026-10-06T11:44:11Z INFO [985/3688] 6b4706ee-f7f1-49ae-a2f0-21724ee47aaa: 17 internal nodes; 1.0 s; peak memory 508 MiB.
2026-10-06T11:44:13Z INFO [986/3688] 6b4712f6-1587-4915-9642-74ef217285fb: 37 internal nodes; 1.9 s; peak memory 508 MiB.
2026-10-06T11:44:27Z INFO [987/3688] 6b47185d-14c4-4520-9360-1ee4650a6854: 267 internal nodes; 14.5 s; peak memory 508 MiB.
2026-10-06T11:44:28Z INFO [988/3688] 6b4797f9-484d-4794-87fb-da7c6acdd6ee: 115 internal nodes; 1.3 s; peak memory 508 MiB.
2026-10-06T11:44:30Z INFO [989/3688] 6b47d8df-8195-43f8-9afa-c2498ba9ff5b: 17 internal nodes; 1.3 s; peak memory 508 MiB.
2026-10-06T11:44:31Z INFO [990/3688] 6b482904-dc05-4052-9c87-21e196cf8b55: 17 internal nodes; 1.1 s; peak memory 508 MiB.
2026-10-06T11:44:32Z INFO [991/3688] 6b489b15-bdb3-4210-a3dd-d98950387e82: 17 internal nodes; 1.0 s; peak memory 508 MiB.
2026-10-06T11:44:33Z INFO [992/3688] 6b48abf4-8ce0-4287-a592-19ca8bc7e532: 13 internal nodes; 1.0 s; peak memory 508 MiB.
2026-10-06T11:44:34Z INFO [993/3688] 6b48c5fd-0408-4ddb-947f-4c8ddabfb337: 13 internal nodes; 0.9 s; peak memory 508 MiB.
2026-10-06T11:44:35Z INFO [994/3688] 6b49b768-d293-48d6-a4a9-061440b0cf8a: 17 internal nodes; 1.1 s; peak memory 508 MiB.
2026-10-06T11:44:36Z INFO [995/3688] 6b4aad39-3a27-4eaa-9312-c4710d181bf0: 27 internal nodes; 1.3 s; peak memory 508 MiB.
2026-10-06T11:44:38Z INFO [996/3688] 6b4afc65-9bcc-4172-86c9-05c97ba689d4: 38 internal nodes; 1.8 s; peak memory 508 MiB.
2026-10-06T11:44:39Z INFO [997/3688] 6b4b7763-4d15-4372-b035-42c7c9e4a44a: 17 internal nodes; 1.1 s; peak memory 508 MiB.
2026-10-06T11:44:46Z INFO [998/3688] 6b4bec42-1eb5-4238-8669-2a45c42bd5d4: 181 internal nodes; 7.5 s; peak memory 508 MiB.
2026-10-06T11:44:47Z INFO [999/3688] 6b4c056d-d695-4cdf-9f2c-0efea0da92f0: 17 internal nodes; 1.1 s; peak memory 508 MiB.
2026-10-06T11:44:48Z INFO [1000/3688] 6b4d1b23-d93c-4553-9a4f-5f6980f194a6: 28 internal nodes; 1.1 s; peak memory 508 MiB.
2026-10-06T11:44:49Z INFO [1000/3688] 6b4d1b23-d93c-4553-9a4f-5f6980f194a6: checkpointed 98444 records.
2026-10-06T11:44:51Z INFO [1001/3688] 6b4d3e19-4878-4be0-8468-5a231a7e97bb: 95 internal nodes; 1.7 s; peak memory 508 MiB.
2026-10-06T11:44:52Z INFO [1002/3688] 6b4d44f0-8442-428d-976b-e05736b7da9e: 27 internal nodes; 1.3 s; peak memory 508 MiB.
2026-10-06T11:44:53Z INFO [1003/3688] 6b4e7bf2-897b-45c1-b90b-ba7017e9e580: 27 internal nodes; 1.3 s; peak memory 508 MiB.
2026-10-06T11:44:55Z INFO [1004/3688] 6b4f5cc5-8c24-4322-84c0-50ee03a71b5f: 32 internal nodes; 2.3 s; peak memory 508 MiB.
2026-10-06T11:45:01Z INFO [1005/3688] 6b4fe683-51f4-4d9e-807d-a56c6a4e1150: 73 internal nodes; 5.2 s; peak memory 508 MiB.
2026-10-06T11:45:02Z INFO [1006/3688] 6b505b74-1468-4794-bdbb-e6a205a02806: 17 internal nodes; 1.0 s; peak memory 508 MiB.
2026-10-06T11:45:08Z INFO [1007/3688] 6b5194a9-b75d-42fd-8b18-bda4ad367bd4: 123 internal nodes; 6.6 s; peak memory 508 MiB.
2026-10-06T11:45:09Z INFO [1008/3688] 6b51bb68-e9fe-4c18-9fd6-ee6839177098: 27 internal nodes; 1.2 s; peak memory 508 MiB.
2026-10-06T11:45:11Z INFO [1009/3688] 6b51bffc-17b4-496a-b8a8-66477d95fb2b: 54 internal nodes; 1.7 s; peak memory 508 MiB.
2026-10-06T11:45:13Z INFO [1010/3688] 6b52e4ab-27e0-4636-8e8a-1197b260ee79: 44 internal nodes; 2.1 s; peak memory 508 MiB.
2026-10-06T11:45:15Z INFO [1011/3688] 6b539367-20b9-4d5b-812f-dfa087c9e10c: 31 internal nodes; 1.5 s; peak memory 508 MiB.
2026-10-06T11:45:16Z INFO [1012/3688] 6b53bc60-33b2-42b9-81c4-d92272c3baa0: 17 internal nodes; 1.2 s; peak memory 508 MiB.
2026-10-06T11:45:17Z INFO [1013/3688] 6b5589b4-d378-4874-8b41-73160ce0224a: 27 internal nodes; 1.4 s; peak memory 508 MiB.
2026-10-06T11:45:18Z INFO [1014/3688] 6b5797e7-5374-4cfc-bbaa-bbf14f992a5b: 17 internal nodes; 1.0 s; peak memory 508 MiB.
2026-10-06T11:45:20Z INFO [1015/3688] 6b57dd62-7751-458b-b3cf-87c654b76a42: 115 internal nodes; 1.4 s; peak memory 508 MiB.
2026-10-06T11:45:31Z INFO [1016/3688] 6b582373-fb08-474f-a2d5-47b415e89286: 71 internal nodes; 11.5 s; peak memory 508 MiB.
2026-10-06T11:45:35Z INFO [1017/3688] 6b5895a7-f2d8-406d-a143-f3a05769726f: 46 internal nodes; 3.2 s; peak memory 508 MiB.
2026-10-06T11:45:35Z INFO [1018/3688] 6b58df7d-916e-4862-9f37-66f58cc9f931: 11 internal nodes; 0.7 s; peak memory 508 MiB.
2026-10-06T11:45:37Z INFO [1019/3688] 6b591f60-564c-40da-b631-b8571af47cf8: 90 internal nodes; 1.3 s; peak memory 508 MiB.
2026-10-06T11:45:38Z INFO [1020/3688] 6b5960a0-7f7e-4c8e-b9cb-9c0755d1b9ed: 17 internal nodes; 1.1 s; peak memory 508 MiB.
2026-10-06T11:45:40Z INFO [1021/3688] 6b59eeb0-5326-406a-baf4-b9abb550bc8e: 29 internal nodes; 2.1 s; peak memory 508 MiB.
2026-10-06T11:45:41Z INFO [1022/3688] 6b5ae1be-d066-4ec4-b3b8-686631f90fab: 24 internal nodes; 1.3 s; peak memory 508 MiB.
2026-10-06T11:45:42Z INFO [1023/3688] 6b5b005e-f6e4-4347-b221-6aa54962916d: 24 internal nodes; 1.3 s; peak memory 508 MiB.
2026-10-06T11:45:45Z INFO [1024/3688] 6b5be40a-9a3d-47e7-9150-70686f85fd5d: 31 internal nodes; 2.2 s; peak memory 508 MiB.
2026-10-06T11:45:47Z INFO [1025/3688] 6b5befdb-fff5-47c5-b419-41eed1318251: 65 internal nodes; 2.3 s; peak memory 508 MiB.
2026-10-06T11:45:54Z INFO [1026/3688] 6b5bf411-4675-4309-81e2-d9c03884271a: 41 internal nodes; 6.9 s; peak memory 508 MiB.
2026-10-06T11:45:55Z INFO [1027/3688] 6b5c2bb7-db21-4dda-ab15-f1a73d16febf: 27 internal nodes; 1.3 s; peak memory 508 MiB.
2026-10-06T11:45:56Z INFO [1028/3688] 6b5ceb38-bd9f-428f-8450-b421ad20ee2f: 17 internal nodes; 1.1 s; peak memory 508 MiB.
2026-10-06T11:45:58Z INFO [1029/3688] 6b5cf9d7-6b84-4258-bac4-74d22889bbb2: 22 internal nodes; 1.3 s; peak memory 508 MiB.
2026-10-06T11:46:03Z INFO [1030/3688] 6b5d4cd9-2276-431d-bd87-ef4c2d0647fd: 67 internal nodes; 5.8 s; peak memory 508 MiB.
2026-10-06T11:46:05Z INFO [1031/3688] 6b5d898e-7168-4f80-a32d-c3d287bb5f31: 31 internal nodes; 1.5 s; peak memory 508 MiB.
2026-10-06T11:46:06Z INFO [1032/3688] 6b5db24a-eb00-4ed4-b50e-5a6e4352006f: 27 internal nodes; 1.3 s; peak memory 508 MiB.
2026-10-06T11:46:07Z INFO [1033/3688] 6b5ddfc7-0223-416c-99b4-c1d16a476612: 11 internal nodes; 0.8 s; peak memory 508 MiB.
2026-10-06T11:46:08Z INFO [1034/3688] 6b5e4e67-04f9-4db4-a613-069743a1bb2c: 29 internal nodes; 1.4 s; peak memory 508 MiB.
2026-10-06T11:46:10Z INFO [1035/3688] 6b5e540b-ffd1-4429-8b83-9f5de2d2d7c1: 31 internal nodes; 1.9 s; peak memory 508 MiB.
2026-10-06T11:46:11Z INFO [1036/3688] 6b5e7034-1312-4192-8c49-fca5516f71e8: 27 internal nodes; 1.3 s; peak memory 508 MiB.
2026-10-06T11:46:13Z INFO [1037/3688] 6b5ee055-6d01-4c76-935a-e1b33ff5df6b: 19 internal nodes; 1.3 s; peak memory 508 MiB.
2026-10-06T11:46:14Z INFO [1038/3688] 6b5ff914-3181-4679-9972-c6e433883d90: 27 internal nodes; 1.3 s; peak memory 508 MiB.
2026-10-06T11:46:15Z INFO [1039/3688] 6b60a00c-e3b7-4b79-a1ea-e2cc23739ed4: 17 internal nodes; 1.1 s; peak memory 508 MiB.
2026-10-06T11:46:27Z INFO [1040/3688] 6b60b812-004a-4d4f-8348-b744519aa318: 236 internal nodes; 12.0 s; peak memory 508 MiB.
2026-10-06T11:46:28Z INFO [1041/3688] 6b61132f-0a38-48c8-b654-1ddbc90c8ee9: 27 internal nodes; 1.3 s; peak memory 508 MiB.
2026-10-06T11:46:30Z INFO [1042/3688] 6b6114da-2fdd-4bb5-8328-bb8230a243f9: 18 internal nodes; 1.6 s; peak memory 508 MiB.
2026-10-06T11:46:31Z INFO [1043/3688] 6b61a459-3a2d-4afd-adb5-6994c740fe64: 27 internal nodes; 1.3 s; peak memory 508 MiB.
2026-10-06T11:46:32Z INFO [1044/3688] 6b61ac1a-73ed-4b4b-ae9d-4845b2f9417a: 13 internal nodes; 1.0 s; peak memory 508 MiB.
2026-10-06T11:46:34Z INFO [1045/3688] 6b61d4bb-e129-4288-9ba7-51cbb465863e: 17 internal nodes; 1.2 s; peak memory 508 MiB.
2026-10-06T11:46:41Z INFO [1046/3688] 6b62e2e4-d253-4f56-818f-37cfcbe3dba1: 177 internal nodes; 7.5 s; peak memory 508 MiB.
2026-10-06T11:46:47Z INFO [1047/3688] 6b63513a-43dd-4f29-87e0-9a99db62910c: 136 internal nodes; 5.9 s; peak memory 508 MiB.
2026-10-06T11:46:48Z INFO [1048/3688] 6b63d61d-77bf-43b1-b778-e6f2ece8cc48: 17 internal nodes; 1.2 s; peak memory 508 MiB.
2026-10-06T11:46:51Z INFO [1049/3688] 6b63f90d-6056-4d6a-bb1f-b1eaf3545a3d: 63 internal nodes; 2.5 s; peak memory 508 MiB.
2026-10-06T11:46:52Z INFO [1050/3688] 6b63f9aa-ca74-47d5-8728-c9e36bd6d07c: 54 internal nodes; 1.3 s; peak memory 508 MiB.
2026-10-06T11:46:52Z INFO [1050/3688] 6b63f9aa-ca74-47d5-8728-c9e36bd6d07c: checkpointed 98494 records.
2026-10-06T11:46:54Z INFO [1051/3688] 6b6420e1-5d34-453c-b2f1-98802dc0f744: 31 internal nodes; 1.5 s; peak memory 508 MiB.
2026-10-06T11:46:56Z INFO [1052/3688] 6b6496b4-20e5-484c-b366-bf0d37097328: 31 internal nodes; 1.8 s; peak memory 508 MiB.
2026-10-06T11:47:11Z INFO [1053/3688] 6b65dc8e-7467-4f7a-aab4-091215e8d0b5: 23 internal nodes; 15.5 s; peak memory 508 MiB.
2026-10-06T11:47:12Z INFO [1054/3688] 6b6671b0-2826-4a77-bd48-d17f5c0e2eae: 27 internal nodes; 1.4 s; peak memory 508 MiB.
2026-10-06T11:47:16Z INFO [1055/3688] 6b676738-297a-4be2-8462-8ac0621507f2: 46 internal nodes; 3.3 s; peak memory 508 MiB.
2026-10-06T11:47:17Z INFO [1056/3688] 6b68480a-de8a-4d6f-abba-643f8922ac7b: 17 internal nodes; 0.9 s; peak memory 508 MiB.
2026-10-06T11:47:18Z INFO [1057/3688] 6b69bb91-4173-4e83-9771-3cd37a2a26c6: 17 internal nodes; 1.2 s; peak memory 508 MiB.
2026-10-06T11:47:19Z INFO [1058/3688] 6b6b1657-0eee-43bc-9a52-ea084797c86d: 27 internal nodes; 1.3 s; peak memory 508 MiB.
2026-10-06T11:47:20Z INFO [1059/3688] 6b6b2100-d751-4adc-bedd-b03bb5791427: 15 internal nodes; 1.0 s; peak memory 508 MiB.
2026-10-06T11:47:21Z INFO [1060/3688] 6b6c492f-b19a-40d5-a703-02422bef8896: 17 internal nodes; 1.2 s; peak memory 508 MiB.
2026-10-06T11:47:35Z INFO [1061/3688] 6b6c5335-807c-4acc-9cbe-92529ae0381a: 291 internal nodes; 14.0 s; peak memory 508 MiB.
2026-10-06T11:47:36Z INFO [1062/3688] 6b6cbb12-2da6-4ffe-9386-7ed039152695: 11 internal nodes; 0.9 s; peak memory 508 MiB.
2026-10-06T11:47:37Z INFO [1063/3688] 6b6d2e3b-0e53-4470-b4d7-b8c15182cf92: 17 internal nodes; 1.1 s; peak memory 508 MiB.
2026-10-06T11:47:39Z INFO [1064/3688] 6b6e2591-4395-4aca-884a-005df67524b6: 27 internal nodes; 1.4 s; peak memory 508 MiB.
2026-10-06T11:47:40Z INFO [1065/3688] 6b6f49bb-f1d2-4d17-bdcf-53e796c1e34d: 26 internal nodes; 0.9 s; peak memory 508 MiB.
2026-10-06T11:47:41Z INFO [1066/3688] 6b709994-52e3-4f8c-898b-7813fd971607: 22 internal nodes; 1.3 s; peak memory 508 MiB.
2026-10-06T11:47:42Z INFO [1067/3688] 6b70c49c-6df6-4f86-8f1d-08f87af826dc: 30 internal nodes; 1.5 s; peak memory 508 MiB.
2026-10-06T11:47:44Z INFO [1068/3688] 6b70fb59-b311-4deb-b746-16cd4fb9b839: 29 internal nodes; 1.5 s; peak memory 508 MiB.
2026-10-06T11:47:45Z INFO [1069/3688] 6b722c84-6b4a-4dc1-9974-8265097afcbe: 22 internal nodes; 1.3 s; peak memory 508 MiB.
2026-10-06T11:47:46Z INFO [1070/3688] 6b7231de-e0c5-4a69-8644-e795c12b6567: 17 internal nodes; 1.1 s; peak memory 508 MiB.
2026-10-06T11:47:47Z INFO [1071/3688] 6b730503-1b6a-4cfb-8047-1d23213e7887: 11 internal nodes; 1.1 s; peak memory 508 MiB.
2026-10-06T11:47:48Z INFO [1072/3688] 6b730942-ddad-47c7-ae5e-17c8ddeadc01: 17 internal nodes; 1.0 s; peak memory 508 MiB.
2026-10-06T11:47:49Z INFO [1073/3688] 6b73ae82-05dd-45c5-a83a-2d015c2c2fc0: 17 internal nodes; 1.1 s; peak memory 508 MiB.
2026-10-06T11:47:51Z INFO [1074/3688] 6b741504-0cb0-435e-b96d-36f021c96433: 31 internal nodes; 1.9 s; peak memory 508 MiB.
2026-10-06T11:47:54Z INFO [1075/3688] 6b7482d9-7dd2-471a-9170-63b16080c6d9: 42 internal nodes; 2.4 s; peak memory 508 MiB.
2026-10-06T11:47:55Z INFO [1076/3688] 6b7502c9-9f6c-4d54-9148-c8d2a783a3c9: 31 internal nodes; 1.3 s; peak memory 508 MiB.
2026-10-06T11:47:56Z INFO [1077/3688] 6b75c83b-305d-4607-bb0f-bf09185801e2: 17 internal nodes; 1.1 s; peak memory 508 MiB.
2026-10-06T11:47:57Z INFO [1078/3688] 6b7643e8-838b-432c-b040-a3bb23583974: 17 internal nodes; 1.0 s; peak memory 508 MiB.
2026-10-06T11:47:58Z INFO [1079/3688] 6b766d44-192e-46b0-9a29-53ebc2bf835d: 27 internal nodes; 1.3 s; peak memory 508 MiB.
2026-10-06T11:48:02Z INFO [1080/3688] 6b77bbf4-778f-48b6-a0b0-18b728a90e3a: 46 internal nodes; 3.3 s; peak memory 508 MiB.
2026-10-06T11:48:04Z INFO [1081/3688] 6b77fce6-c413-4562-946b-d823417d4f20: 30 internal nodes; 2.2 s; peak memory 508 MiB.
2026-10-06T11:48:05Z INFO [1082/3688] 6b786e35-aecf-4e02-a216-d4d592798bf7: 17 internal nodes; 1.0 s; peak memory 508 MiB.
2026-10-06T11:48:06Z INFO [1083/3688] 6b7aa5e8-2878-426f-a738-9da32379d47f: 13 internal nodes; 1.2 s; peak memory 508 MiB.
2026-10-06T11:48:07Z INFO [1084/3688] 6b7af0cb-1497-4a9f-91ed-8b727a56248b: 32 internal nodes; 1.0 s; peak memory 508 MiB.
2026-10-06T11:48:08Z INFO [1085/3688] 6b7bc28e-bf53-45b2-bee1-f207d49c4388: 17 internal nodes; 1.1 s; peak memory 508 MiB.
2026-10-06T11:48:10Z INFO [1086/3688] 6b7bd41e-e443-48a3-9d19-934e150f1970: 31 internal nodes; 1.4 s; peak memory 508 MiB.
2026-10-06T11:48:13Z INFO [1087/3688] 6b7cae28-884d-4737-bdcf-6540200795de: 44 internal nodes; 3.0 s; peak memory 508 MiB.
2026-10-06T11:48:14Z INFO [1088/3688] 6b7cb179-e7f4-4324-8c84-2e064996a985: 90 internal nodes; 1.5 s; peak memory 508 MiB.
2026-10-06T11:48:17Z INFO [1089/3688] 6b7d1a9e-d3e1-491e-8a92-053fd665e091: 44 internal nodes; 3.0 s; peak memory 508 MiB.
2026-10-06T11:48:20Z INFO [1090/3688] 6b7d4e48-9ff9-4ca6-b9f8-eb4346f73fc5: 41 internal nodes; 3.4 s; peak memory 508 MiB.
2026-10-06T11:48:22Z INFO [1091/3688] 6b7de3e0-1dcd-4533-b3d9-c71ce87ac9c3: 27 internal nodes; 1.4 s; peak memory 508 MiB.
2026-10-06T11:48:23Z INFO [1092/3688] 6b7debac-3a72-4c49-8fc5-a50061600b1c: 18 internal nodes; 1.0 s; peak memory 508 MiB.
2026-10-06T11:48:24Z INFO [1093/3688] 6b7e090b-5226-4c15-b9ff-9d7e6b73295f: 17 internal nodes; 1.1 s; peak memory 508 MiB.
2026-10-06T11:48:25Z INFO [1094/3688] 6b7e76d4-5599-4644-b258-2d2aa8ff2f62: 19 internal nodes; 1.1 s; peak memory 508 MiB.
2026-10-06T11:48:26Z INFO [1095/3688] 6b7febc7-1380-4468-b25a-d0d2f2ca7667: 27 internal nodes; 1.3 s; peak memory 508 MiB.
2026-10-06T11:48:28Z INFO [1096/3688] 6b8206bd-2829-48d9-95fc-e713cb3d363a: 39 internal nodes; 1.3 s; peak memory 508 MiB.
2026-10-06T11:48:29Z INFO [1097/3688] 6b820739-6955-4ea0-80ea-0cad36269e92: 17 internal nodes; 1.1 s; peak memory 508 MiB.
2026-10-06T11:48:31Z INFO [1098/3688] 6b8483aa-7076-4489-95c2-2d86a85d1fa0: 66 internal nodes; 2.0 s; peak memory 508 MiB.
2026-10-06T11:48:41Z INFO [1099/3688] 6b84e62a-c6e1-4d74-8546-84656e3e6bf8: 250 internal nodes; 10.6 s; peak memory 508 MiB.
2026-10-06T11:48:43Z INFO [1100/3688] 6b860524-1054-4e45-88b2-d7e0748d828a: 22 internal nodes; 1.3 s; peak memory 508 MiB.
2026-10-06T11:48:43Z INFO [1100/3688] 6b860524-1054-4e45-88b2-d7e0748d828a: checkpointed 98544 records.
2026-10-06T11:48:44Z INFO [1101/3688] 6b86309d-58a2-461b-97ed-bc4671a94379: 23 internal nodes; 1.1 s; peak memory 508 MiB.
2026-10-06T11:48:46Z INFO [1102/3688] 6b8666f9-1096-46c8-8359-b565729fcb72: 31 internal nodes; 1.6 s; peak memory 508 MiB.
2026-10-06T11:48:47Z INFO [1103/3688] 6b86825e-7b75-49c8-ad7f-ebdf19e08827: 18 internal nodes; 0.9 s; peak memory 508 MiB.
2026-10-06T11:48:48Z INFO [1104/3688] 6b869de8-73f1-4261-ae79-12b47e290013: 20 internal nodes; 1.2 s; peak memory 508 MiB.
2026-10-06T11:48:51Z INFO [1105/3688] 6b86a1f1-d1b2-4a54-9360-71195fbc5796: 45 internal nodes; 3.1 s; peak memory 508 MiB.
2026-10-06T11:48:52Z INFO [1106/3688] 6b86b978-af7a-400e-803f-d0d8330198ea: 17 internal nodes; 1.1 s; peak memory 508 MiB.
2026-10-06T11:48:53Z INFO [1107/3688] 6b86c5a2-bc64-416a-ab32-0795ef56298d: 17 internal nodes; 1.0 s; peak memory 508 MiB.
2026-10-06T11:48:57Z INFO [1108/3688] 6b86d9f2-151e-435f-8d89-30ae93fc15b5: 73 internal nodes; 3.6 s; peak memory 508 MiB.
2026-10-06T11:49:01Z INFO [1109/3688] 6b877e72-275d-4ca5-b1db-d178ce4c044d: 57 internal nodes; 4.3 s; peak memory 508 MiB.
2026-10-06T11:49:08Z INFO [1110/3688] 6b885355-f306-4572-99dd-15ad6e316325: 177 internal nodes; 7.2 s; peak memory 508 MiB.
2026-10-06T11:49:10Z INFO [1111/3688] 6b88705b-ef85-4732-8a24-7473cf1877d4: 31 internal nodes; 1.9 s; peak memory 508 MiB.
2026-10-06T11:49:12Z INFO [1112/3688] 6b88b0a3-70b8-499c-a860-01dc65391768: 25 internal nodes; 1.7 s; peak memory 508 MiB.
2026-10-06T11:49:13Z INFO [1113/3688] 6b88e80e-4745-4164-8a0b-e806b85139dc: 118 internal nodes; 1.3 s; peak memory 508 MiB.
2026-10-06T11:49:16Z INFO [1114/3688] 6b8948ba-6744-4797-a757-afc2bc140385: 63 internal nodes; 2.8 s; peak memory 508 MiB.
2026-10-06T11:49:17Z INFO [1115/3688] 6b89ee4a-1312-4a1f-aa77-46771ff14de5: 31 internal nodes; 1.6 s; peak memory 508 MiB.
2026-10-06T11:49:29Z INFO [1116/3688] 6b8a0d60-7207-4ed1-aeee-1f9dba76d9eb: 135 internal nodes; 11.6 s; peak memory 508 MiB.
2026-10-06T11:49:31Z INFO [1117/3688] 6b8aca98-e773-4e30-b38f-c464caa150dd: 34 internal nodes; 2.0 s; peak memory 508 MiB.
2026-10-06T11:49:32Z INFO [1118/3688] 6b8ad16f-ea6d-4318-b1e7-9a190d06438a: 17 internal nodes; 1.2 s; peak memory 508 MiB.
2026-10-06T11:49:33Z INFO [1119/3688] 6b8b5fd2-25b5-4d74-9be4-b55d62c88d9e: 11 internal nodes; 1.0 s; peak memory 508 MiB.
2026-10-06T11:49:34Z INFO [1120/3688] 6b8c0387-8015-41b0-a89d-1cb7c9fbccdc: 18 internal nodes; 1.3 s; peak memory 508 MiB.
2026-10-06T11:49:45Z INFO [1121/3688] 6b8c0a56-6f04-42ee-9254-0d4eb11b2e65: 280 internal nodes; 10.3 s; peak memory 508 MiB.
2026-10-06T11:49:46Z INFO [1122/3688] 6b8cb62a-950f-49e8-94ec-20cdc9c6db91: 27 internal nodes; 1.4 s; peak memory 508 MiB.
2026-10-06T11:49:47Z INFO [1123/3688] 6b8d37dc-6dc0-460c-a5e8-e981c866d02c: 17 internal nodes; 1.0 s; peak memory 508 MiB.
2026-10-06T11:49:48Z INFO [1124/3688] 6b8e2d52-b621-4db6-aa3b-ce2f16d478d4: 29 internal nodes; 1.1 s; peak memory 508 MiB.
2026-10-06T11:49:50Z INFO [1125/3688] 6b8f3ac1-f116-48f3-9a33-e1ac8d8ed81e: 27 internal nodes; 1.3 s; peak memory 508 MiB.
2026-10-06T11:49:51Z INFO [1126/3688] 6b8f8fca-0c4f-464a-8c45-eeca748909c9: 29 internal nodes; 1.2 s; peak memory 508 MiB.
2026-10-06T11:49:53Z INFO [1127/3688] 6b8fa281-2683-44b4-9a76-3b63033bfbe1: 69 internal nodes; 2.0 s; peak memory 508 MiB.
2026-10-06T11:49:54Z INFO [1128/3688] 6b8fddf3-611b-4d7f-aaf1-2335b8ae9a24: 18 internal nodes; 1.5 s; peak memory 508 MiB.
2026-10-06T11:49:56Z INFO [1129/3688] 6b918f93-3a75-4edc-a28a-f2bbba5827ba: 25 internal nodes; 1.3 s; peak memory 508 MiB.
2026-10-06T11:49:56Z INFO [1130/3688] 6b919321-e64b-41cc-b381-f4cfdf8ca590: 22 internal nodes; 1.0 s; peak memory 508 MiB.
2026-10-06T11:49:58Z INFO [1131/3688] 6b922757-2db6-4275-b1ee-d3e33c768d33: 27 internal nodes; 1.2 s; peak memory 508 MiB.
2026-10-06T11:49:59Z INFO [1132/3688] 6b923b2e-426f-4be1-83e1-93db25849c2b: 17 internal nodes; 1.1 s; peak memory 508 MiB.
2026-10-06T11:50:02Z INFO [1133/3688] 6b9248ec-f0c6-4c1d-b220-6e55d6eaa842: 44 internal nodes; 2.8 s; peak memory 508 MiB.
2026-10-06T11:50:04Z INFO [1134/3688] 6b928ab8-5e28-4e5f-ad47-39ae0f4f5cd5: 30 internal nodes; 2.1 s; peak memory 508 MiB.
2026-10-06T11:50:05Z INFO [1135/3688] 6b933fdc-7db3-45d2-994f-29f8af0ebc4b: 23 internal nodes; 1.8 s; peak memory 508 MiB.
2026-10-06T11:50:12Z INFO [1136/3688] 6b935144-2456-4849-88fb-3707941250c8: 100 internal nodes; 6.6 s; peak memory 508 MiB.
2026-10-06T11:50:14Z INFO [1137/3688] 6b940410-9954-45f1-a64b-bbb11c3a7037: 18 internal nodes; 1.6 s; peak memory 508 MiB.
2026-10-06T11:50:19Z INFO [1138/3688] 6b941cc0-eb71-490a-acb0-07e4e4bd95bc: 73 internal nodes; 5.2 s; peak memory 508 MiB.
2026-10-06T11:50:20Z INFO [1139/3688] 6b946181-3387-48eb-ba31-b7057f626b66: 18 internal nodes; 1.2 s; peak memory 508 MiB.
2026-10-06T11:50:22Z INFO [1140/3688] 6b946a10-48ac-40e1-a4c7-c882f0dc4261: 72 internal nodes; 2.4 s; peak memory 508 MiB.
2026-10-06T11:50:24Z INFO [1141/3688] 6b94c304-c2ef-4ebd-bd70-6a5093ec3968: 27 internal nodes; 1.5 s; peak memory 508 MiB.
2026-10-06T11:50:25Z INFO [1142/3688] 6b951585-6efc-4b58-a717-018ae4ac9d7e: 17 internal nodes; 1.1 s; peak memory 508 MiB.
2026-10-06T11:50:33Z INFO [1143/3688] 6b96c86b-c07d-4bb0-8c8f-ea43d179dabf: 233 internal nodes; 8.2 s; peak memory 508 MiB.
2026-10-06T11:50:38Z INFO [1144/3688] 6b97af46-11aa-4e03-bfc0-e92d05b61cc6: 86 internal nodes; 4.7 s; peak memory 508 MiB.
2026-10-06T11:50:41Z INFO [1145/3688] 6b97cc4e-8204-4eb3-ad34-c02e057342e9: 57 internal nodes; 2.6 s; peak memory 508 MiB.
2026-10-06T11:50:42Z INFO [1146/3688] 6b981312-b003-487d-be1c-79fd1205432b: 53 internal nodes; 1.4 s; peak memory 508 MiB.
2026-10-06T11:50:43Z INFO [1147/3688] 6b987d87-9e40-421d-9452-150e1eec7ebb: 17 internal nodes; 1.2 s; peak memory 508 MiB.
2026-10-06T11:50:45Z INFO [1148/3688] 6b99aaa8-8a9d-4a07-82a0-d4547df4d650: 62 internal nodes; 1.6 s; peak memory 508 MiB.
2026-10-06T11:52:11Z INFO [1149/3688] 6b9a9fb5-6b1c-4790-9430-07c5fb4c178b: 730 internal nodes; 85.9 s; peak memory 508 MiB.
2026-10-06T11:52:12Z INFO [1150/3688] 6b9ad49f-d0e0-4155-a24d-e20c584726e3: 17 internal nodes; 1.2 s; peak memory 508 MiB.
2026-10-06T11:52:12Z INFO [1150/3688] 6b9ad49f-d0e0-4155-a24d-e20c584726e3: checkpointed 98594 records.
2026-10-06T11:52:13Z INFO [1151/3688] 6b9b956d-6066-420f-bc0d-d354e2b8f1e3: 27 internal nodes; 1.3 s; peak memory 508 MiB.
2026-10-06T11:52:15Z INFO [1152/3688] 6b9c24dd-72b6-4df1-a3c1-66d1dd0c7fbf: 27 internal nodes; 1.4 s; peak memory 508 MiB.
2026-10-06T11:52:16Z INFO [1153/3688] 6b9c42bc-584b-4bfe-9d95-6249e5ca07d2: 27 internal nodes; 1.4 s; peak memory 508 MiB.
2026-10-06T11:52:17Z INFO [1154/3688] 6b9def6a-b491-48a4-98fc-bc6b977427cd: 11 internal nodes; 0.9 s; peak memory 508 MiB.
2026-10-06T11:52:25Z INFO [1155/3688] 6b9f5781-3626-44a8-83c6-f6b4789f1110: 195 internal nodes; 7.6 s; peak memory 508 MiB.
2026-10-06T11:52:27Z INFO [1156/3688] 6b9fa861-6ecc-476d-ae0f-823dff2e5f0c: 46 internal nodes; 2.4 s; peak memory 508 MiB.
2026-10-06T11:52:29Z INFO [1157/3688] 6ba03fb2-7f54-4c91-885e-42d00f2df6c4: 58 internal nodes; 2.0 s; peak memory 508 MiB.
2026-10-06T11:52:42Z INFO [1158/3688] 6ba048e4-6c75-4953-b307-bb674f142e1d: 1989 internal nodes; 12.5 s; peak memory 508 MiB.
2026-10-06T11:52:43Z INFO [1159/3688] 6ba15dd9-aeba-4558-ae27-5f37e7b76e53: 17 internal nodes; 1.1 s; peak memory 508 MiB.
2026-10-06T11:52:44Z INFO [1160/3688] 6ba2d8cb-e2d9-4ea1-a13a-fb85ea25157e: 19 internal nodes; 0.9 s; peak memory 508 MiB.
2026-10-06T11:52:50Z INFO [1161/3688] 6ba3659d-b64a-4aee-a628-d716df437e99: 177 internal nodes; 6.3 s; peak memory 508 MiB.
2026-10-06T11:52:51Z INFO [1162/3688] 6ba49a88-6369-40f5-ac09-ed8c0ca3c6a5: 31 internal nodes; 1.4 s; peak memory 508 MiB.
2026-10-06T11:52:52Z INFO [1163/3688] 6ba4ab2e-4635-4e40-ba71-87abce7001f3: 11 internal nodes; 1.0 s; peak memory 508 MiB.
2026-10-06T11:52:54Z INFO [1164/3688] 6ba50b60-1f72-4473-af8e-9f4829941ed0: 31 internal nodes; 1.8 s; peak memory 508 MiB.
2026-10-06T11:52:55Z INFO [1165/3688] 6ba5bb8d-ced4-4495-beb4-b6c69e3373df: 29 internal nodes; 1.3 s; peak memory 508 MiB.
2026-10-06T11:52:58Z INFO [1166/3688] 6ba5f98a-811d-44df-8ad1-c01b053c4e5e: 55 internal nodes; 3.0 s; peak memory 508 MiB.
2026-10-06T11:53:05Z INFO [1167/3688] 6ba6793c-bb02-42ce-859c-a37084ebf334: 177 internal nodes; 6.9 s; peak memory 508 MiB.
2026-10-06T11:53:06Z INFO [1168/3688] 6ba6a959-d252-4654-bb85-f5410f9221c4: 17 internal nodes; 1.1 s; peak memory 508 MiB.
2026-10-06T11:53:13Z INFO [1169/3688] 6ba8712f-bbc9-43a7-946f-50fb14c08ee7: 135 internal nodes; 6.9 s; peak memory 508 MiB.
2026-10-06T11:53:15Z INFO [1170/3688] 6ba89308-9ae5-4d84-8356-c86370650403: 91 internal nodes; 1.6 s; peak memory 508 MiB.
2026-10-06T11:53:18Z INFO [1171/3688] 6ba8ee4a-d19c-48b0-be15-a2059875e863: 31 internal nodes; 3.2 s; peak memory 508 MiB.
2026-10-06T11:53:19Z INFO [1172/3688] 6ba98d8b-7f2b-4a3c-8abc-53600d35b242: 13 internal nodes; 0.8 s; peak memory 508 MiB.
2026-10-06T11:53:20Z INFO [1173/3688] 6baa42de-e7b1-49e2-b243-1dfa29b7d505: 60 internal nodes; 1.4 s; peak memory 508 MiB.
2026-10-06T11:53:53Z INFO [1174/3688] 6baa5384-00c2-491e-b74d-7dd08d77d73d: 2787 internal nodes; 32.5 s; peak memory 508 MiB.
2026-10-06T11:54:03Z INFO [1175/3688] 6bab9a47-0c63-40d5-ba63-3dc6e81fe4e3: 190 internal nodes; 9.9 s; peak memory 508 MiB.
2026-10-06T11:54:04Z INFO [1176/3688] 6babd29d-d25c-4d93-b408-b5f01b7ada27: 55 internal nodes; 1.6 s; peak memory 508 MiB.
2026-10-06T11:54:05Z INFO [1177/3688] 6babe22f-67f5-4e89-b217-75d03b343967: 17 internal nodes; 1.0 s; peak memory 508 MiB.
2026-10-06T11:54:08Z INFO [1178/3688] 6bacefce-8c83-4e2d-841e-c6d43d7eb499: 22 internal nodes; 2.2 s; peak memory 508 MiB.
2026-10-06T11:54:14Z INFO [1179/3688] 6bad2517-cf24-47b5-9ab6-2b9152c6df2f: 191 internal nodes; 6.7 s; peak memory 508 MiB.
2026-10-06T11:54:15Z INFO [1180/3688] 6bad6a46-6b74-420c-9687-d257d5af0212: 17 internal nodes; 1.1 s; peak memory 508 MiB.
2026-10-06T11:54:17Z INFO [1181/3688] 6bae1d76-8888-492b-84e3-00bc03688b32: 20 internal nodes; 1.2 s; peak memory 508 MiB.
2026-10-06T11:54:18Z INFO [1182/3688] 6baf02d6-96f9-4abb-90fc-34499f99298f: 17 internal nodes; 1.0 s; peak memory 508 MiB.
2026-10-06T11:54:19Z INFO [1183/3688] 6baf2151-2601-4933-81dd-9437e0b34a41: 55 internal nodes; 1.7 s; peak memory 508 MiB.
2026-10-06T11:54:29Z INFO [1184/3688] 6baf2808-f9f1-46d3-8e0e-02b1fe9fc9c3: 115 internal nodes; 9.6 s; peak memory 508 MiB.
2026-10-06T11:54:32Z INFO [1185/3688] 6bafd69e-e5ca-4979-9236-ac3bb203ce3d: 31 internal nodes; 3.2 s; peak memory 508 MiB.
2026-10-06T11:54:33Z INFO [1186/3688] 6bb3ce54-b614-45a6-ae63-5f58c2b7eed0: 30 internal nodes; 1.4 s; peak memory 508 MiB.
2026-10-06T11:54:35Z INFO [1187/3688] 6bb3facd-458b-4226-a20a-ae242e0708a8: 31 internal nodes; 1.8 s; peak memory 508 MiB.
2026-10-06T11:54:36Z INFO [1188/3688] 6bb4c92d-1f42-42a1-9a6c-eec95601255d: 11 internal nodes; 0.8 s; peak memory 508 MiB.
2026-10-06T11:54:48Z INFO [1189/3688] 6bb4cfbf-6d1a-4b4d-ab16-30f70fd9c513: 200 internal nodes; 12.0 s; peak memory 508 MiB.
2026-10-06T11:54:49Z INFO [1190/3688] 6bb5dc16-4047-44f4-91ef-6bdaaa0565e9: 19 internal nodes; 1.2 s; peak memory 508 MiB.
2026-10-06T11:54:51Z INFO [1191/3688] 6bb6d913-f32b-4429-b56d-ad0c7c0417c8: 31 internal nodes; 2.0 s; peak memory 508 MiB.
2026-10-06T11:54:52Z INFO [1192/3688] 6bb6eea7-00ab-42ac-bbe2-07787dae4447: 19 internal nodes; 1.3 s; peak memory 508 MiB.
2026-10-06T11:54:53Z INFO [1193/3688] 6bb83b31-2c44-4cd4-b478-2725266e4158: 17 internal nodes; 1.1 s; peak memory 508 MiB.
2026-10-06T11:54:55Z INFO [1194/3688] 6bb86225-1620-4338-878f-ae66400eb494: 27 internal nodes; 1.3 s; peak memory 508 MiB.
2026-10-06T11:54:57Z INFO [1195/3688] 6bb8a07a-1928-498e-9a8d-28b64145156d: 53 internal nodes; 2.0 s; peak memory 508 MiB.
2026-10-06T11:54:58Z INFO [1196/3688] 6bb95f58-e9c6-448e-ad8b-290684ebbbfd: 31 internal nodes; 1.7 s; peak memory 508 MiB.
2026-10-06T11:55:02Z INFO [1197/3688] 6bb99b90-35a9-498b-8b1a-e9e56cf8ee8d: 46 internal nodes; 3.2 s; peak memory 508 MiB.
2026-10-06T11:55:02Z INFO [1198/3688] 6bb9d079-ff84-4797-9549-d36b2c21ccf8: 11 internal nodes; 0.7 s; peak memory 508 MiB.
2026-10-06T11:55:04Z INFO [1199/3688] 6bba248a-05f9-49f9-b487-5ced5ee075e6: 31 internal nodes; 1.5 s; peak memory 508 MiB.
2026-10-06T11:55:06Z INFO [1200/3688] 6bbb2a7b-1ed1-4cc3-8683-6efc946e1c3e: 26 internal nodes; 1.9 s; peak memory 508 MiB.
2026-10-06T11:55:06Z INFO [1200/3688] 6bbb2a7b-1ed1-4cc3-8683-6efc946e1c3e: checkpointed 98644 records.
2026-10-06T11:55:07Z INFO [1201/3688] 6bbb74c5-1825-440d-a2f0-bd122ab290f4: 27 internal nodes; 1.3 s; peak memory 508 MiB.
2026-10-06T11:57:09Z INFO [1202/3688] 6bbc1017-97ce-4a82-abf6-b1625fbef736: 661 internal nodes; 122.0 s; peak memory 508 MiB.
2026-10-06T11:57:11Z INFO [1203/3688] 6bbcae98-c422-4088-87e1-c212fe640ac1: 30 internal nodes; 1.4 s; peak memory 508 MiB.
2026-10-06T11:57:12Z INFO [1204/3688] 6bbcb043-0afe-421d-8f98-de99c40c880e: 18 internal nodes; 1.2 s; peak memory 508 MiB.
2026-10-06T11:57:13Z INFO [1205/3688] 6bbdcb6f-6109-4de3-8a5c-e8ec033090b6: 11 internal nodes; 0.9 s; peak memory 508 MiB.
2026-10-06T11:57:16Z INFO [1206/3688] 6bbe7f4f-feb7-45dc-bf54-bd05ef39cd49: 30 internal nodes; 2.5 s; peak memory 508 MiB.
2026-10-06T11:57:17Z INFO [1207/3688] 6bbf9ac8-1fba-491c-87bf-4f54bf20ac3f: 19 internal nodes; 1.2 s; peak memory 508 MiB.
2026-10-06T11:57:18Z INFO [1208/3688] 6bc08d74-14ed-49b7-9a3d-1ae37cb1a8ea: 22 internal nodes; 1.4 s; peak memory 508 MiB.
2026-10-06T11:57:19Z INFO [1209/3688] 6bc09710-8eb0-4a01-90c8-19a5f378bf06: 17 internal nodes; 1.2 s; peak memory 508 MiB.
2026-10-06T11:57:21Z INFO [1210/3688] 6bc15a67-5882-4643-9de4-fa63b659b177: 31 internal nodes; 1.5 s; peak memory 508 MiB.
2026-10-06T11:57:22Z INFO [1211/3688] 6bc1b766-7ff1-4cab-b121-ff58ce46b12f: 55 internal nodes; 1.5 s; peak memory 508 MiB.
2026-10-06T11:57:24Z INFO [1212/3688] 6bc249f5-76b4-440d-b695-fd88b581ac67: 27 internal nodes; 1.2 s; peak memory 508 MiB.
2026-10-06T11:57:25Z INFO [1213/3688] 6bc28a48-fa07-484a-b9d4-1f75cac9df1b: 27 internal nodes; 1.3 s; peak memory 508 MiB.
2026-10-06T11:57:36Z INFO [1214/3688] 6bc2e0a3-ba6e-4670-9d58-4e4af41b1fd4: 259 internal nodes; 10.6 s; peak memory 508 MiB.
2026-10-06T11:57:37Z INFO [1215/3688] 6bc36aa7-64dd-45a5-a4bb-67195fc13ae0: 33 internal nodes; 1.9 s; peak memory 508 MiB.
2026-10-06T11:57:38Z INFO [1216/3688] 6bc3f768-341a-49e8-a834-31f0e91674e4: 6 internal nodes; 0.8 s; peak memory 508 MiB.
2026-10-06T11:57:39Z INFO [1217/3688] 6bc410b7-1125-49dc-ad45-f6e2441da111: 17 internal nodes; 1.2 s; peak memory 508 MiB.
2026-10-06T11:57:40Z INFO [1218/3688] 6bc4d27a-96d0-45ca-8ad9-d69037ac13a3: 13 internal nodes; 1.1 s; peak memory 508 MiB.
2026-10-06T11:57:41Z INFO [1219/3688] 6bc5726e-9e24-4a65-bd2e-d6f289b4a895: 21 internal nodes; 0.9 s; peak memory 508 MiB.
2026-10-06T11:57:46Z INFO [1220/3688] 6bc68651-4218-42bb-a779-19a04d58d266: 57 internal nodes; 4.5 s; peak memory 508 MiB.
2026-10-06T11:57:47Z INFO [1221/3688] 6bc74c0d-d75c-4174-8d61-7bce5b47b6ae: 27 internal nodes; 1.4 s; peak memory 508 MiB.
2026-10-06T11:57:57Z INFO [1222/3688] 6bc87301-7731-437a-ba27-66b7f4d1ea27: 83 internal nodes; 10.0 s; peak memory 508 MiB.
2026-10-06T11:57:59Z INFO [1223/3688] 6bc95c24-a6c6-4be4-8297-f3bc32c8141f: 53 internal nodes; 1.6 s; peak memory 508 MiB.
2026-10-06T11:58:00Z INFO [1224/3688] 6bc97691-871f-4f5b-85a3-d6363d2400b4: 27 internal nodes; 1.2 s; peak memory 508 MiB.
2026-10-06T11:58:09Z INFO [1225/3688] 6bc9d39c-daff-4cfe-9399-35c9f33e4302: 230 internal nodes; 8.9 s; peak memory 508 MiB.
2026-10-06T11:58:10Z INFO [1226/3688] 6bc9e01d-bfea-4268-83cc-d6059350e0f3: 23 internal nodes; 1.3 s; peak memory 508 MiB.
2026-10-06T11:58:11Z INFO [1227/3688] 6bc9f75d-3a0e-49f6-860e-159adf4ec918: 11 internal nodes; 0.8 s; peak memory 508 MiB.
2026-10-06T11:58:13Z INFO [1228/3688] 6bcabdd1-090d-4b1d-8e54-ad3ccad0975b: 59 internal nodes; 1.8 s; peak memory 508 MiB.
2026-10-06T11:58:14Z INFO [1229/3688] 6bcb78b8-ac9d-4ac4-98e2-0a8d3a217b19: 27 internal nodes; 1.3 s; peak memory 508 MiB.
2026-10-06T11:58:15Z INFO [1230/3688] 6bcba4fb-9899-43ec-8b72-f53f7dabb63c: 27 internal nodes; 1.2 s; peak memory 508 MiB.
2026-10-06T11:58:17Z INFO [1231/3688] 6bcc9274-3ab6-4147-b762-67ff3cf7ff5a: 115 internal nodes; 1.3 s; peak memory 508 MiB.
2026-10-06T11:58:18Z INFO [1232/3688] 6bcd5bf7-020b-47ab-bb7c-d0d6302e9213: 19 internal nodes; 1.0 s; peak memory 508 MiB.
2026-10-06T11:58:20Z INFO [1233/3688] 6bcd7b81-f11b-4549-aa45-2ededb11e1b3: 27 internal nodes; 2.0 s; peak memory 508 MiB.
2026-10-06T11:58:21Z INFO [1234/3688] 6bce3236-ba26-4af5-af04-ad0112adc92f: 17 internal nodes; 1.1 s; peak memory 508 MiB.
2026-10-06T11:58:22Z INFO [1235/3688] 6bce4db4-44fc-4c7a-b508-c4fd8c583f68: 17 internal nodes; 1.1 s; peak memory 508 MiB.
2026-10-06T11:58:24Z INFO [1236/3688] 6bceeb16-34b9-4ab5-ad86-c10a22ab0cb6: 37 internal nodes; 1.7 s; peak memory 508 MiB.
2026-10-06T11:58:26Z INFO [1237/3688] 6bcf024b-f7b6-453b-8cff-a86bb4809775: 72 internal nodes; 1.9 s; peak memory 508 MiB.
2026-10-06T11:58:48Z INFO [1238/3688] 6bcf4f82-d53f-4814-af86-6fd8ced3419d: 136 internal nodes; 22.2 s; peak memory 508 MiB.
2026-10-06T11:58:49Z INFO [1239/3688] 6bcf69cd-64b0-4c0d-bc77-2d20e2772d39: 22 internal nodes; 1.1 s; peak memory 508 MiB.
2026-10-06T11:58:50Z INFO [1240/3688] 6bcf736d-0e7d-4056-8585-d8675f8f652f: 18 internal nodes; 1.4 s; peak memory 508 MiB.
2026-10-06T11:58:52Z INFO [1241/3688] 6bcf9b4b-1c96-436f-9534-5dc12e465248: 90 internal nodes; 1.4 s; peak memory 508 MiB.
2026-10-06T11:58:53Z INFO [1242/3688] 6bd03a23-cc69-411b-9016-3dbab13f864d: 17 internal nodes; 1.2 s; peak memory 508 MiB.
2026-10-06T11:58:55Z INFO [1243/3688] 6bd17ebb-7e10-443f-a7aa-50e3c3034e1a: 31 internal nodes; 1.9 s; peak memory 508 MiB.
2026-10-06T11:58:56Z INFO [1244/3688] 6bd1a457-eadb-40a3-804a-cb5c976be0b7: 17 internal nodes; 1.1 s; peak memory 508 MiB.
2026-10-06T11:58:58Z INFO [1245/3688] 6bd26ca8-1edf-4a24-86e1-50a4911a0dfa: 25 internal nodes; 1.8 s; peak memory 508 MiB.
2026-10-06T11:58:59Z INFO [1246/3688] 6bd33851-fa7b-447e-843d-d81429d921cc: 19 internal nodes; 1.3 s; peak memory 508 MiB.
2026-10-06T11:59:02Z INFO [1247/3688] 6bd3994b-4471-4a3b-9268-8ea7ba614fc5: 46 internal nodes; 3.4 s; peak memory 508 MiB.
2026-10-06T11:59:10Z INFO [1248/3688] 6bd4a24b-7386-4750-b234-acfa77c80aaf: 182 internal nodes; 8.0 s; peak memory 508 MiB.
2026-10-06T11:59:12Z INFO [1249/3688] 6bd4c309-6c54-4b45-bf93-75816b158725: 17 internal nodes; 1.1 s; peak memory 508 MiB.
2026-10-06T11:59:13Z INFO [1250/3688] 6bd4d41e-bc94-4a0d-a7c3-4d64961e2da7: 27 internal nodes; 1.4 s; peak memory 508 MiB.
2026-10-06T11:59:13Z INFO [1250/3688] 6bd4d41e-bc94-4a0d-a7c3-4d64961e2da7: checkpointed 98694 records.
2026-10-06T11:59:15Z INFO [1251/3688] 6bd57257-7f1b-42cb-a942-04ed050bc999: 27 internal nodes; 1.4 s; peak memory 508 MiB.
2026-10-06T11:59:16Z INFO [1252/3688] 6bd65f5b-bbeb-44a3-b523-d5237454751a: 17 internal nodes; 1.2 s; peak memory 508 MiB.
2026-10-06T11:59:17Z INFO [1253/3688] 6bd6f364-85ef-46cb-aa00-24e68b582c4f: 20 internal nodes; 0.9 s; peak memory 508 MiB.
2026-10-06T11:59:28Z INFO [1254/3688] 6bd6f570-8142-4baa-b2db-fecddf399a96: 228 internal nodes; 10.6 s; peak memory 508 MiB.
2026-10-06T11:59:29Z INFO [1255/3688] 6bd83e47-0ef4-46dd-a0cc-dbd4b42200d9: 31 internal nodes; 1.7 s; peak memory 508 MiB.
2026-10-06T11:59:30Z INFO [1256/3688] 6bd93426-d53f-44ad-8ff3-e81e0fa071b0: 26 internal nodes; 0.9 s; peak memory 508 MiB.
2026-10-06T11:59:31Z INFO [1257/3688] 6bd93f71-5ad8-4182-90a4-d17160212e74: 17 internal nodes; 1.0 s; peak memory 508 MiB.
2026-10-06T11:59:32Z INFO [1258/3688] 6bd9c34a-578c-4c1b-8391-7eeacc987579: 13 internal nodes; 0.9 s; peak memory 508 MiB.
2026-10-06T11:59:34Z INFO [1259/3688] 6bd9d052-a83b-4fdb-a7ce-9112a9e0093f: 44 internal nodes; 2.2 s; peak memory 508 MiB.
2026-10-06T11:59:36Z INFO [1260/3688] 6bd9eef8-0c35-4d61-8712-1975e61e7d85: 23 internal nodes; 2.0 s; peak memory 508 MiB.
2026-10-06T11:59:37Z INFO [1261/3688] 6bd9f555-b4d8-443d-9a37-04f711b5bcba: 18 internal nodes; 1.1 s; peak memory 508 MiB.
2026-10-06T11:59:39Z INFO [1262/3688] 6bdb8cbc-21c2-420a-8e41-546c231e64bb: 30 internal nodes; 1.5 s; peak memory 508 MiB.
2026-10-06T11:59:40Z INFO [1263/3688] 6bdbf84f-df7d-4f0f-8098-79a0dd0e31fe: 27 internal nodes; 1.1 s; peak memory 508 MiB.
2026-10-06T11:59:42Z INFO [1264/3688] 6bdc4ee6-0baf-4ecb-8b1c-a43f47ccb55b: 28 internal nodes; 1.7 s; peak memory 508 MiB.
2026-10-06T11:59:43Z INFO [1265/3688] 6bdf154e-2f93-4dde-968d-aba59b3b5909: 55 internal nodes; 1.5 s; peak memory 508 MiB.
2026-10-06T11:59:44Z INFO [1266/3688] 6bdf4d87-dbe2-489c-9bbb-ebfef8691ab8: 22 internal nodes; 1.3 s; peak memory 508 MiB.
2026-10-06T11:59:46Z INFO [1267/3688] 6bdf6738-1d6f-4b40-b1e8-7effdec4b9c6: 27 internal nodes; 1.2 s; peak memory 508 MiB.
2026-10-06T11:59:47Z INFO [1268/3688] 6bdfb82b-3411-4ed8-8aff-53d1b1927a7a: 30 internal nodes; 1.5 s; peak memory 508 MiB.
2026-10-06T11:59:48Z INFO [1269/3688] 6bdfbdc8-85fb-4d0f-adc4-a4925ab5e587: 27 internal nodes; 1.2 s; peak memory 508 MiB.
2026-10-06T11:59:50Z INFO [1270/3688] 6bdff057-4284-46a1-afff-dfcd07ffedb6: 31 internal nodes; 1.5 s; peak memory 508 MiB.
2026-10-06T12:00:03Z INFO [1271/3688] 6bdff742-2091-4412-b478-983c6dfb9dd8: 74 internal nodes; 12.7 s; peak memory 508 MiB.
2026-10-06T12:00:04Z INFO [1272/3688] 6bdffb44-d50f-4253-8016-05d183dc6946: 17 internal nodes; 1.2 s; peak memory 508 MiB.
2026-10-06T12:00:05Z INFO [1273/3688] 6be1633c-838c-4aa8-83c5-c8be779333a7: 17 internal nodes; 1.1 s; peak memory 508 MiB.
2026-10-06T12:00:06Z INFO [1274/3688] 6be19a99-6c6e-4a58-871a-b6fdb40182d6: 17 internal nodes; 1.1 s; peak memory 508 MiB.
2026-10-06T12:00:11Z INFO [1275/3688] 6be1d6be-4343-4cf3-8bd4-c43afb4defc9: 114 internal nodes; 4.7 s; peak memory 508 MiB.
2026-10-06T12:00:12Z INFO [1276/3688] 6be248d5-ec85-40ce-b55a-6c76e1239109: 115 internal nodes; 1.1 s; peak memory 508 MiB.
2026-10-06T12:00:13Z INFO [1277/3688] 6be29164-c4f8-4cc6-a6ab-c3f1808eed60: 17 internal nodes; 1.1 s; peak memory 508 MiB.
2026-10-06T12:00:14Z INFO [1278/3688] 6be339ab-ca70-42aa-b60d-7f1147dbc924: 90 internal nodes; 1.3 s; peak memory 508 MiB.
2026-10-06T12:00:15Z INFO [1279/3688] 6be49809-3664-4280-865b-87a03e62d9a1: 17 internal nodes; 1.0 s; peak memory 508 MiB.
2026-10-06T12:00:17Z INFO [1280/3688] 6be513cb-2cab-4644-86a9-d90b576de3eb: 31 internal nodes; 1.9 s; peak memory 508 MiB.
2026-10-06T12:00:23Z INFO [1281/3688] 6be534fe-2bd0-443c-88db-8a3a07a316ef: 113 internal nodes; 6.4 s; peak memory 508 MiB.
2026-10-06T12:00:25Z INFO [1282/3688] 6be59879-fffc-4187-b279-7897a64dc82c: 23 internal nodes; 1.4 s; peak memory 508 MiB.
2026-10-06T12:00:26Z INFO [1283/3688] 6be5f668-e265-4f39-9438-d50a4a823549: 27 internal nodes; 1.3 s; peak memory 508 MiB.
2026-10-06T12:00:27Z INFO [1284/3688] 6be67ec2-4762-4fa1-92d1-d1739896b3b6: 26 internal nodes; 0.8 s; peak memory 508 MiB.
2026-10-06T12:00:28Z INFO [1285/3688] 6be68c6b-72ba-40ef-87a4-5af60d9606f5: 27 internal nodes; 1.2 s; peak memory 508 MiB.
2026-10-06T12:00:29Z INFO [1286/3688] 6be6df0e-27d2-4ede-9cdd-61281f32f859: 17 internal nodes; 1.1 s; peak memory 508 MiB.
2026-10-06T12:00:31Z INFO [1287/3688] 6be91a72-4b41-4fd0-8b56-8b12ce46b4f8: 17 internal nodes; 1.2 s; peak memory 508 MiB.
2026-10-06T12:00:48Z INFO [1288/3688] 6be96433-e14a-42cb-8fd5-0dae29e17ccf: 450 internal nodes; 17.0 s; peak memory 508 MiB.
2026-10-06T12:00:50Z INFO [1289/3688] 6bea1bf9-f7ee-4f3d-8a07-f8bce9860d8a: 44 internal nodes; 2.9 s; peak memory 508 MiB.
2026-10-06T12:00:52Z INFO [1290/3688] 6beae538-faab-4e2f-8854-07842369eb09: 29 internal nodes; 1.5 s; peak memory 508 MiB.
2026-10-06T12:00:53Z INFO [1291/3688] 6beb1637-2bf6-4baf-b8d1-cf83d80a33b3: 11 internal nodes; 0.9 s; peak memory 508 MiB.
2026-10-06T12:00:55Z INFO [1292/3688] 6bed4bf7-9591-4eb9-93ca-cc972d63890c: 31 internal nodes; 1.9 s; peak memory 508 MiB.
2026-10-06T12:00:56Z INFO [1293/3688] 6beda88c-48c5-4200-8024-8b0638fd7233: 31 internal nodes; 1.4 s; peak memory 508 MiB.
2026-10-06T12:00:57Z INFO [1294/3688] 6bedadc8-a653-4558-952c-da3af7502c31: 19 internal nodes; 1.2 s; peak memory 508 MiB.
2026-10-06T12:00:58Z INFO [1295/3688] 6bee1bd9-c652-4aa1-a51f-93d95df7e9e0: 11 internal nodes; 1.1 s; peak memory 508 MiB.
2026-10-06T12:00:59Z INFO [1296/3688] 6beee11c-d18a-4f82-9c65-87f4aa8daae1: 19 internal nodes; 0.9 s; peak memory 508 MiB.
2026-10-06T12:01:01Z INFO [1297/3688] 6beee930-9181-4321-a47d-ee2824fe4ec6: 59 internal nodes; 1.6 s; peak memory 508 MiB.
2026-10-06T12:01:02Z INFO [1298/3688] 6bef7130-b18a-4841-a6ac-e04e50860600: 17 internal nodes; 1.3 s; peak memory 508 MiB.
2026-10-06T12:01:04Z INFO [1299/3688] 6bf024a6-8809-492c-8d90-885e00231fd7: 24 internal nodes; 1.6 s; peak memory 508 MiB.
2026-10-06T12:01:05Z INFO [1300/3688] 6bf23b39-2194-4868-b6b7-3aff7e23f1e3: 26 internal nodes; 1.5 s; peak memory 508 MiB.
2026-10-06T12:01:06Z INFO [1300/3688] 6bf23b39-2194-4868-b6b7-3aff7e23f1e3: checkpointed 98744 records.
2026-10-06T12:01:07Z INFO [1301/3688] 6bf2f26e-d896-4f90-9306-904c3e904787: 17 internal nodes; 1.2 s; peak memory 508 MiB.
2026-10-06T12:01:13Z INFO [1302/3688] 6bf4bfb4-7d3e-4f2f-846b-6f57f3b927c1: 73 internal nodes; 6.2 s; peak memory 508 MiB.
2026-10-06T12:01:15Z INFO [1303/3688] 6bf560a0-9f85-4171-84ee-57dd85bf55de: 35 internal nodes; 1.8 s; peak memory 508 MiB.
2026-10-06T12:01:26Z INFO [1304/3688] 6bf57f9d-85ee-403e-ad6a-3e4471193ff9: 187 internal nodes; 11.1 s; peak memory 508 MiB.
2026-10-06T12:01:28Z INFO [1305/3688] 6bf62c73-ac1e-4f18-88be-2873909ee413: 31 internal nodes; 1.5 s; peak memory 508 MiB.
2026-10-06T12:01:29Z INFO [1306/3688] 6bf6f409-4cea-4554-aeff-597c7ba5f375: 24 internal nodes; 1.5 s; peak memory 508 MiB.
2026-10-06T12:01:30Z INFO [1307/3688] 6bf7c1af-bf47-45aa-ac31-f6fb07f309d6: 27 internal nodes; 1.3 s; peak memory 508 MiB.
2026-10-06T12:01:42Z INFO [1308/3688] 6bf87925-beb0-4e26-9f79-72bad1834ef6: 220 internal nodes; 11.1 s; peak memory 508 MiB.
2026-10-06T12:01:45Z INFO [1309/3688] 6bf8a45e-1ac2-4092-b0cb-6f4c1d70ad28: 44 internal nodes; 3.1 s; peak memory 508 MiB.
2026-10-06T12:01:46Z INFO [1310/3688] 6bf8dced-d430-46a8-82b3-c3c785a8bf9b: 25 internal nodes; 1.5 s; peak memory 508 MiB.
2026-10-06T12:01:47Z INFO [1311/3688] 6bf94511-35a0-49e7-9de9-a204ad304301: 27 internal nodes; 1.3 s; peak memory 508 MiB.
2026-10-06T12:01:48Z INFO [1312/3688] 6bf99c9a-af3a-4436-b896-8e139933b4a1: 27 internal nodes; 0.8 s; peak memory 508 MiB.
2026-10-06T12:01:57Z INFO [1313/3688] 6bfa0b57-3b5a-4683-ad75-e4f5ccf27369: 177 internal nodes; 8.3 s; peak memory 508 MiB.
2026-10-06T12:01:58Z INFO [1314/3688] 6bfa81fe-752a-464b-9777-fe2e78c19efe: 13 internal nodes; 1.1 s; peak memory 508 MiB.
2026-10-06T12:01:59Z INFO [1315/3688] 6bfa8de7-2265-47cd-a3a2-c01051f528c7: 27 internal nodes; 1.5 s; peak memory 508 MiB.
2026-10-06T12:02:03Z INFO [1316/3688] 6bfab6ef-6a48-4c67-ae08-06c6a41dc687: 25 internal nodes; 3.7 s; peak memory 508 MiB.
2026-10-06T12:02:04Z INFO [1317/3688] 6bfb10f6-eea8-4839-9d0a-0aa5a588d21b: 27 internal nodes; 1.2 s; peak memory 508 MiB.
2026-10-06T12:02:06Z INFO [1318/3688] 6bfd17e9-a455-48e0-8b30-ca9297f51e05: 27 internal nodes; 1.5 s; peak memory 508 MiB.
2026-10-06T12:02:09Z INFO [1319/3688] 6bfd3255-1373-4de8-afc7-5f03aafe0a54: 34 internal nodes; 3.4 s; peak memory 508 MiB.
2026-10-06T12:02:10Z INFO [1320/3688] 6bfd6d23-c917-49a2-94aa-3a6c797f9865: 18 internal nodes; 0.9 s; peak memory 508 MiB.
2026-10-06T12:02:11Z INFO [1321/3688] 6bfd7ba8-788e-4d61-b695-e63e4697e34c: 27 internal nodes; 1.2 s; peak memory 508 MiB.
2026-10-06T12:02:13Z INFO [1322/3688] 6bfddb76-ea3a-447f-9d76-b3c812cdf2ec: 90 internal nodes; 1.5 s; peak memory 508 MiB.
2026-10-06T12:02:13Z INFO [1323/3688] 6bfe58be-f2ed-42ef-b133-72b9859c485b: 11 internal nodes; 0.8 s; peak memory 508 MiB.
2026-10-06T12:02:19Z INFO [1324/3688] 6bff14cb-f829-4295-9509-2648f6b6b417: 177 internal nodes; 5.6 s; peak memory 508 MiB.
2026-10-06T12:02:20Z INFO [1325/3688] 6bff38e9-9ffa-4f06-9cd9-234a3f1d525a: 18 internal nodes; 1.4 s; peak memory 508 MiB.
2026-10-06T12:02:22Z INFO [1326/3688] 6c0084c2-e2b7-4e88-8631-ee17d76fcc70: 26 internal nodes; 1.1 s; peak memory 508 MiB.
2026-10-06T12:02:29Z INFO [1327/3688] 6c00c3a5-b495-4cfa-88c0-a56b180a743b: 61 internal nodes; 7.5 s; peak memory 508 MiB.
2026-10-06T12:02:31Z INFO [1328/3688] 6c00d7b1-7f08-475f-ba0d-40083f1286f7: 29 internal nodes; 1.6 s; peak memory 508 MiB.
2026-10-06T12:02:40Z INFO [1329/3688] 6c0130fb-5d67-437a-b027-fb4bc6086c72: 280 internal nodes; 9.3 s; peak memory 508 MiB.
2026-10-06T12:02:41Z INFO [1330/3688] 6c01a9e8-9927-42ec-8927-e641c88da307: 17 internal nodes; 1.2 s; peak memory 508 MiB.
2026-10-06T12:02:42Z INFO [1331/3688] 6c02a72f-6440-44b5-90cc-85bad6aae894: 17 internal nodes; 1.0 s; peak memory 508 MiB.
2026-10-06T12:02:44Z INFO [1332/3688] 6c02cd5c-7911-46e7-8641-25396a50edf5: 29 internal nodes; 1.5 s; peak memory 508 MiB.
2026-10-06T12:02:50Z INFO [1333/3688] 6c02f4e7-6a37-49a2-b25c-17c47f857b16: 153 internal nodes; 6.1 s; peak memory 508 MiB.
2026-10-06T12:03:06Z INFO [1334/3688] 6c032261-6cef-4ce0-a2b8-1a3662535718: 107 internal nodes; 16.4 s; peak memory 508 MiB.
2026-10-06T12:03:07Z INFO [1335/3688] 6c0394d9-072b-4f2e-9b89-3ff502aeebf5: 17 internal nodes; 1.2 s; peak memory 508 MiB.
2026-10-06T12:03:08Z INFO [1336/3688] 6c03c6fe-9c7a-4a3b-8d2f-46edf8239387: 27 internal nodes; 0.9 s; peak memory 508 MiB.
2026-10-06T12:03:13Z INFO [1337/3688] 6c043ee1-13ff-4f7a-8fa0-d77ab9520695: 103 internal nodes; 4.8 s; peak memory 508 MiB.
2026-10-06T12:03:16Z INFO [1338/3688] 6c06d8d7-ba63-4e62-a333-51e1c4d879d0: 66 internal nodes; 2.5 s; peak memory 508 MiB.
2026-10-06T12:03:17Z INFO [1339/3688] 6c0b0d22-d302-4aa2-a818-f27f12e2b0b5: 17 internal nodes; 1.1 s; peak memory 508 MiB.
2026-10-06T12:03:18Z INFO [1340/3688] 6c0b2de9-b30b-4101-b070-a990e94f1b8f: 24 internal nodes; 1.1 s; peak memory 508 MiB.
2026-10-06T12:03:19Z INFO [1341/3688] 6c0b4ac9-1dde-47c8-9b54-dbb033f474ff: 35 internal nodes; 1.3 s; peak memory 508 MiB.
2026-10-06T12:03:20Z INFO [1342/3688] 6c0b4d68-4dae-48bc-ad13-77934c0a36ad: 116 internal nodes; 1.4 s; peak memory 508 MiB.
2026-10-06T12:03:21Z INFO [1343/3688] 6c0b5216-6c00-4e45-a062-8d9e7da3b7fb: 11 internal nodes; 0.7 s; peak memory 508 MiB.
2026-10-06T12:03:22Z INFO [1344/3688] 6c0b61f2-0143-425e-ac22-2dac2428e929: 18 internal nodes; 1.0 s; peak memory 508 MiB.
2026-10-06T12:03:23Z INFO [1345/3688] 6c0c7d05-f067-42d1-9bd9-d2b9197f6ff5: 17 internal nodes; 1.0 s; peak memory 508 MiB.
2026-10-06T12:03:31Z INFO [1346/3688] 6c0c8528-1eb8-465e-942c-e4f46fe7def7: 177 internal nodes; 8.0 s; peak memory 508 MiB.
2026-10-06T12:03:33Z INFO [1347/3688] 6c0e09d4-5b00-4803-a143-e01a3dc5d530: 27 internal nodes; 1.4 s; peak memory 508 MiB.
2026-10-06T12:03:34Z INFO [1348/3688] 6c0eba01-6471-4c4b-a256-0be48d8e7d3b: 13 internal nodes; 1.0 s; peak memory 508 MiB.
2026-10-06T12:03:35Z INFO [1349/3688] 6c0ed951-9b98-476e-9e7a-23dadb297870: 17 internal nodes; 1.1 s; peak memory 508 MiB.
2026-10-06T12:03:36Z INFO [1350/3688] 6c0f3901-01c8-4314-82eb-d4de3f753688: 27 internal nodes; 1.3 s; peak memory 508 MiB.
2026-10-06T12:03:36Z INFO [1350/3688] 6c0f3901-01c8-4314-82eb-d4de3f753688: checkpointed 98794 records.
2026-10-06T12:03:38Z INFO [1351/3688] 6c0f4e64-d978-4141-8656-d3b132eb9d2c: 24 internal nodes; 1.5 s; peak memory 508 MiB.
2026-10-06T12:03:39Z INFO [1352/3688] 6c0f81fe-e785-468a-b84b-6ad1c893851e: 17 internal nodes; 1.0 s; peak memory 508 MiB.
2026-10-06T12:03:40Z INFO [1353/3688] 6c0fef0b-c9a1-4f2c-93b3-6f7d4262fe9b: 17 internal nodes; 1.2 s; peak memory 508 MiB.
2026-10-06T12:03:48Z INFO [1354/3688] 6c10bdff-992f-44d7-abbc-5378a1f33f2b: 177 internal nodes; 7.9 s; peak memory 508 MiB.
2026-10-06T12:03:50Z INFO [1355/3688] 6c10ec29-339a-4966-b02e-682864c95e12: 103 internal nodes; 1.6 s; peak memory 508 MiB.
2026-10-06T12:03:51Z INFO [1356/3688] 6c113b16-061b-4b1e-a114-f18144cca839: 17 internal nodes; 1.1 s; peak memory 508 MiB.
2026-10-06T12:03:52Z INFO [1357/3688] 6c11a5ed-d0c7-4ff4-b99a-9ba9644ed85c: 24 internal nodes; 1.2 s; peak memory 508 MiB.
2026-10-06T12:03:53Z INFO [1358/3688] 6c121d9c-416c-4add-bf81-c012a6192407: 21 internal nodes; 1.4 s; peak memory 508 MiB.
2026-10-06T12:03:54Z INFO [1359/3688] 6c130112-0625-498d-807a-992c1f857c5e: 28 internal nodes; 1.1 s; peak memory 508 MiB.
2026-10-06T12:03:56Z INFO [1360/3688] 6c13afbd-3055-42bd-a984-89c7d5521570: 53 internal nodes; 1.5 s; peak memory 508 MiB.
2026-10-06T12:04:03Z INFO [1361/3688] 6c13fe28-3510-4fe3-a9dc-b41e7d2812b5: 59 internal nodes; 7.6 s; peak memory 508 MiB.
2026-10-06T12:04:05Z INFO [1362/3688] 6c140b74-8521-4a65-b91f-73be0cdcb135: 17 internal nodes; 1.1 s; peak memory 508 MiB.
2026-10-06T12:04:06Z INFO [1363/3688] 6c1413c4-418b-423a-9625-6b59f9c81845: 17 internal nodes; 1.1 s; peak memory 508 MiB.
2026-10-06T12:04:30Z INFO [1364/3688] 6c1425c4-0d47-41a2-be7f-8f9824d3f31c: 1246 internal nodes; 24.6 s; peak memory 508 MiB.
2026-10-06T12:04:32Z INFO [1365/3688] 6c144627-4bc8-4190-91e8-6fab97b364ff: 17 internal nodes; 1.2 s; peak memory 508 MiB.
2026-10-06T12:04:33Z INFO [1366/3688] 6c14776e-a21a-4924-804b-df8dba1564e4: 31 internal nodes; 1.6 s; peak memory 508 MiB.
2026-10-06T12:04:34Z INFO [1367/3688] 6c14b597-b940-4823-b3f4-a1e5d76bb7d1: 12 internal nodes; 1.0 s; peak memory 508 MiB.
2026-10-06T12:04:45Z INFO [1368/3688] 6c153ee3-867a-40f1-97c7-2d8e9594995a: 61 internal nodes; 10.9 s; peak memory 508 MiB.
2026-10-06T12:04:46Z INFO [1369/3688] 6c15894b-3d17-4e21-b36e-388f4f8bbbaf: 27 internal nodes; 1.4 s; peak memory 508 MiB.
2026-10-06T12:04:47Z INFO [1370/3688] 6c15dccd-3073-48c7-8489-acc7114ac8fc: 17 internal nodes; 1.0 s; peak memory 508 MiB.
2026-10-06T12:05:36Z INFO [1371/3688] 6c173ffa-79c9-4768-b977-aed0d6f515d4: 354 internal nodes; 49.0 s; peak memory 508 MiB.
2026-10-06T12:05:41Z INFO [1372/3688] 6c1928ae-cc0d-4e92-a3a8-9313fb68b13f: 111 internal nodes; 4.3 s; peak memory 508 MiB.
2026-10-06T12:05:42Z INFO [1373/3688] 6c19295e-c580-4004-ba37-7a85b2b4a8a8: 26 internal nodes; 0.8 s; peak memory 508 MiB.
2026-10-06T12:05:43Z INFO [1374/3688] 6c195317-d55a-4888-a64d-08a345757b7b: 27 internal nodes; 1.6 s; peak memory 508 MiB.
2026-10-06T12:05:44Z INFO [1375/3688] 6c196b39-59b1-4c2b-bdf7-995bf9128221: 17 internal nodes; 1.1 s; peak memory 508 MiB.
2026-10-06T12:05:45Z INFO [1376/3688] 6c1a14a8-6e44-4ac0-8faa-4d112710fae7: 19 internal nodes; 1.2 s; peak memory 508 MiB.
2026-10-06T12:05:47Z INFO [1377/3688] 6c1a285f-36cb-4bfa-baa4-c243e7eda415: 31 internal nodes; 1.4 s; peak memory 508 MiB.
2026-10-06T12:05:49Z INFO [1378/3688] 6c1abd58-8965-4f42-927f-f1c804a5d162: 44 internal nodes; 2.6 s; peak memory 508 MiB.
2026-10-06T12:05:51Z INFO [1379/3688] 6c1c5ad6-9e07-4d77-9ee1-037ffa2c002c: 29 internal nodes; 1.8 s; peak memory 508 MiB.
2026-10-06T12:05:52Z INFO [1380/3688] 6c1c6fe3-c1c9-42d2-a15e-44b771ad10c0: 17 internal nodes; 1.1 s; peak memory 508 MiB.
2026-10-06T12:05:54Z INFO [1381/3688] 6c1c8f32-2312-4662-be78-ff5671942e0a: 22 internal nodes; 1.2 s; peak memory 508 MiB.
2026-10-06T12:06:00Z INFO [1382/3688] 6c1db4e9-3eb3-4002-a308-427cfe49bf97: 41 internal nodes; 6.4 s; peak memory 508 MiB.
2026-10-06T12:06:01Z INFO [1383/3688] 6c1dd9e7-e62f-44cd-a954-9a7168ab26df: 31 internal nodes; 1.5 s; peak memory 508 MiB.
2026-10-06T12:06:03Z INFO [1384/3688] 6c1e570b-5db6-46a2-850c-341fec71efe0: 17 internal nodes; 1.1 s; peak memory 508 MiB.
2026-10-06T12:06:04Z INFO [1385/3688] 6c1ec14c-94ca-40f7-8584-d3f75f3653d7: 26 internal nodes; 1.5 s; peak memory 508 MiB.
2026-10-06T12:06:07Z INFO [1386/3688] 6c1f6698-00c1-4d9f-a7b2-a434a21321f3: 44 internal nodes; 2.7 s; peak memory 508 MiB.
2026-10-06T12:06:17Z INFO [1387/3688] 6c1f94d4-7eaf-41b2-a801-9fc924a1cc9b: 83 internal nodes; 10.7 s; peak memory 508 MiB.
2026-10-06T12:06:19Z INFO [1388/3688] 6c1fee2d-bdf1-45a6-ac8a-ccecdce6cf1d: 27 internal nodes; 1.3 s; peak memory 508 MiB.
2026-10-06T12:06:20Z INFO [1389/3688] 6c1ff262-1181-4606-a62f-ec8081f6e2ac: 23 internal nodes; 1.2 s; peak memory 508 MiB.
2026-10-06T12:06:21Z INFO [1390/3688] 6c209c4c-d934-431f-8eeb-dc0cb44216d9: 29 internal nodes; 1.5 s; peak memory 508 MiB.
2026-10-06T12:06:28Z INFO [1391/3688] 6c218c80-e32b-4c7e-b474-a39d0d5b542b: 70 internal nodes; 6.2 s; peak memory 508 MiB.
2026-10-06T12:06:33Z INFO [1392/3688] 6c21a70b-9cf8-403b-8994-6bc415a7cb38: 117 internal nodes; 5.0 s; peak memory 508 MiB.
2026-10-06T12:06:34Z INFO [1393/3688] 6c21b9dd-c39e-426d-a151-abaf8d546ea4: 39 internal nodes; 1.6 s; peak memory 508 MiB.
2026-10-06T12:06:36Z INFO [1394/3688] 6c2216a0-0470-43ac-bc5a-343fdd02ff6d: 63 internal nodes; 1.6 s; peak memory 508 MiB.
2026-10-06T12:08:30Z INFO [1395/3688] 6c2335e2-5ffd-48f6-b5c3-af3849b2591b: 6439 internal nodes; 114.6 s; peak memory 521 MiB.
2026-10-06T12:08:32Z INFO [1396/3688] 6c23e641-34b3-461b-8b1f-2dce1a7511d0: 19 internal nodes; 1.4 s; peak memory 521 MiB.
2026-10-06T12:08:35Z INFO [1397/3688] 6c244c7e-3e6f-47cb-b3be-1fed99be9112: 50 internal nodes; 3.0 s; peak memory 521 MiB.
2026-10-06T12:08:43Z INFO [1398/3688] 6c244f03-a9d9-4b70-875c-870c21f530b4: 66 internal nodes; 8.1 s; peak memory 521 MiB.
2026-10-06T12:08:44Z INFO [1399/3688] 6c245239-5476-4743-aada-53e25023b548: 56 internal nodes; 1.4 s; peak memory 521 MiB.
2026-10-06T12:08:48Z INFO [1400/3688] 6c2457cf-6ebe-4849-8941-25b258848761: 56 internal nodes; 3.5 s; peak memory 521 MiB.
2026-10-06T12:08:48Z INFO [1400/3688] 6c2457cf-6ebe-4849-8941-25b258848761: checkpointed 98844 records.
2026-10-06T12:08:50Z INFO [1401/3688] 6c2490f9-410c-4057-acc2-7c3566562246: 27 internal nodes; 1.5 s; peak memory 521 MiB.
2026-10-06T12:08:51Z INFO [1402/3688] 6c253b58-530f-443c-9f3e-87e2669c4066: 31 internal nodes; 1.7 s; peak memory 521 MiB.
2026-10-06T12:08:53Z INFO [1403/3688] 6c2545b0-3d85-4d5c-9e32-8e5333e36b9f: 27 internal nodes; 1.4 s; peak memory 521 MiB.
2026-10-06T12:08:54Z INFO [1404/3688] 6c25690c-0947-4751-bbc3-29a1b7d15f22: 17 internal nodes; 1.1 s; peak memory 521 MiB.
2026-10-06T12:09:04Z INFO [1405/3688] 6c25d390-a3bb-431a-b641-0452510bd132: 222 internal nodes; 9.7 s; peak memory 521 MiB.
2026-10-06T12:09:07Z INFO [1406/3688] 6c261c15-dc5d-4b8f-98dc-b4e3ce3825bd: 45 internal nodes; 3.1 s; peak memory 521 MiB.
2026-10-06T12:09:13Z INFO [1407/3688] 6c268d5c-cd1c-4a90-88af-bce290a928d6: 177 internal nodes; 6.0 s; peak memory 521 MiB.
2026-10-06T12:09:14Z INFO [1408/3688] 6c274a98-f51f-4a41-85ae-e9a1c13b8cf7: 13 internal nodes; 0.9 s; peak memory 521 MiB.
2026-10-06T12:09:15Z INFO [1409/3688] 6c281b27-7f82-4388-965f-54d71eea3c02: 17 internal nodes; 1.0 s; peak memory 521 MiB.
2026-10-06T12:09:16Z INFO [1410/3688] 6c28ca2d-7ad7-4a8d-8248-3af50a5ee8b7: 27 internal nodes; 1.2 s; peak memory 521 MiB.
2026-10-06T12:09:22Z INFO [1411/3688] 6c2909ba-b15e-4c9d-ab5d-30155c56ed78: 73 internal nodes; 6.5 s; peak memory 521 MiB.
2026-10-06T12:09:24Z INFO [1412/3688] 6c29112a-3a90-40cf-a33a-1485825999ea: 17 internal nodes; 1.2 s; peak memory 521 MiB.
2026-10-06T12:09:25Z INFO [1413/3688] 6c29403f-7412-4103-8881-5a565197c979: 27 internal nodes; 1.4 s; peak memory 521 MiB.
2026-10-06T12:09:26Z INFO [1414/3688] 6c2bf42b-ea41-4362-b12f-1445c545ea7d: 17 internal nodes; 1.3 s; peak memory 521 MiB.
2026-10-06T12:09:36Z INFO [1415/3688] 6c2c9f9c-fc2a-4e71-9c1a-3917d8127594: 63 internal nodes; 10.1 s; peak memory 521 MiB.
2026-10-06T12:09:43Z INFO [1416/3688] 6c2d21a5-1bfc-4c9c-8149-217cc61374d6: 61 internal nodes; 7.1 s; peak memory 521 MiB.
2026-10-06T12:09:46Z INFO [1417/3688] 6c2d9ffa-4a6a-429a-846e-10856c32549e: 44 internal nodes; 2.9 s; peak memory 521 MiB.
2026-10-06T12:09:48Z INFO [1418/3688] 6c2e1cda-5136-40f9-b7c5-f902b6d05709: 27 internal nodes; 1.2 s; peak memory 521 MiB.
2026-10-06T12:09:49Z INFO [1419/3688] 6c2e8d7f-8e4a-4d09-8d76-8680daaefd68: 13 internal nodes; 1.1 s; peak memory 521 MiB.
2026-10-06T12:09:49Z INFO [1420/3688] 6c2ef304-6dc8-424f-8ec8-15a9c752aa34: 11 internal nodes; 0.8 s; peak memory 521 MiB.
2026-10-06T12:09:51Z INFO [1421/3688] 6c2f1dee-03e1-4f19-8f8e-338ffd6e1950: 17 internal nodes; 1.1 s; peak memory 521 MiB.
2026-10-06T12:09:53Z INFO [1422/3688] 6c2f8547-c2b2-406e-a9ed-6f30de8fb9e5: 28 internal nodes; 2.0 s; peak memory 521 MiB.
2026-10-06T12:09:55Z INFO [1423/3688] 6c2f8793-2922-464e-a218-00011a62f5dc: 65 internal nodes; 2.4 s; peak memory 521 MiB.
2026-10-06T12:09:56Z INFO [1424/3688] 6c2fa7a1-18f1-4a2d-b844-5386271273dd: 17 internal nodes; 1.2 s; peak memory 521 MiB.
2026-10-06T12:10:05Z INFO [1425/3688] 6c2fafe7-cc57-4d57-872f-63894d830e46: 70 internal nodes; 9.1 s; peak memory 521 MiB.
2026-10-06T12:10:07Z INFO [1426/3688] 6c3095fa-44cb-4ba3-9e69-2b6000662a32: 27 internal nodes; 1.5 s; peak memory 521 MiB.
2026-10-06T12:10:08Z INFO [1427/3688] 6c310162-6d67-4f65-bfa4-c28b9a1cb576: 17 internal nodes; 1.2 s; peak memory 521 MiB.
2026-10-06T12:10:09Z INFO [1428/3688] 6c3144c3-b0ce-48e0-aad6-17b3d9ed47fb: 22 internal nodes; 1.3 s; peak memory 521 MiB.
2026-10-06T12:11:42Z INFO [1429/3688] 6c31763e-fc07-43f8-ba87-ebd4ac738f7b: 1786 internal nodes; 93.2 s; peak memory 521 MiB.
2026-10-06T12:11:48Z INFO [1430/3688] 6c31cd0d-e731-43a8-9f25-18b013b395a6: 73 internal nodes; 6.1 s; peak memory 521 MiB.
2026-10-06T12:12:03Z INFO [1431/3688] 6c32cc47-c6f5-4792-986d-ded49d2692e4: 323 internal nodes; 14.9 s; peak memory 521 MiB.
2026-10-06T12:12:05Z INFO [1432/3688] 6c32d9d5-270b-4c25-a1c8-b667d6a9b401: 119 internal nodes; 1.5 s; peak memory 521 MiB.
2026-10-06T12:12:06Z INFO [1433/3688] 6c32e1a0-6980-4fcf-8c9f-6c3ad6098ca6: 17 internal nodes; 1.1 s; peak memory 521 MiB.
2026-10-06T12:12:07Z INFO [1434/3688] 6c332644-29a9-4c03-8bf2-29b1870258cb: 11 internal nodes; 0.8 s; peak memory 521 MiB.
2026-10-06T12:12:08Z INFO [1435/3688] 6c33c765-22ed-4cb5-9acf-b7e11d49c00f: 30 internal nodes; 1.6 s; peak memory 521 MiB.
2026-10-06T12:12:09Z INFO [1436/3688] 6c33df59-2233-4d68-ad71-ce06122d6061: 19 internal nodes; 1.0 s; peak memory 521 MiB.
2026-10-06T12:12:10Z INFO [1437/3688] 6c340746-2a3f-49d4-a7e9-83b3f6ec61b4: 17 internal nodes; 1.1 s; peak memory 521 MiB.
2026-10-06T12:12:12Z INFO [1438/3688] 6c342996-a8e3-46f7-8937-aba2705ddec4: 22 internal nodes; 1.6 s; peak memory 521 MiB.
2026-10-06T12:12:14Z INFO [1439/3688] 6c342e05-9bcc-4d05-bd06-6d542b21a611: 38 internal nodes; 1.6 s; peak memory 521 MiB.
2026-10-06T12:12:14Z INFO [1440/3688] 6c351369-7940-49ba-8a34-e2dcf5b99da8: 11 internal nodes; 0.9 s; peak memory 521 MiB.
2026-10-06T12:12:22Z INFO [1441/3688] 6c352085-67ef-4eb9-b2ad-adef3824d1af: 177 internal nodes; 7.1 s; peak memory 521 MiB.
2026-10-06T12:12:23Z INFO [1442/3688] 6c355d9f-1f06-4087-844b-e0bd5404ee8d: 27 internal nodes; 1.4 s; peak memory 521 MiB.
2026-10-06T12:12:26Z INFO [1443/3688] 6c373fb5-bab8-4d04-bf2e-d1a8ce069561: 72 internal nodes; 2.6 s; peak memory 521 MiB.
2026-10-06T12:12:36Z INFO [1444/3688] 6c376c71-4f6f-471c-aaca-49011e5ce1e8: 44 internal nodes; 10.1 s; peak memory 521 MiB.
2026-10-06T12:12:37Z INFO [1445/3688] 6c37b24e-0a4f-45a1-92e3-0c7de48da5bb: 60 internal nodes; 1.6 s; peak memory 521 MiB.
2026-10-06T12:12:44Z INFO [1446/3688] 6c386ada-825e-4118-9c03-c47380c07022: 125 internal nodes; 7.0 s; peak memory 521 MiB.
2026-10-06T12:12:45Z INFO [1447/3688] 6c3a11f8-5042-4e1c-a2d1-5fb1e3db7728: 26 internal nodes; 0.8 s; peak memory 521 MiB.
2026-10-06T12:12:53Z INFO [1448/3688] 6c3a1849-e3ee-46cb-a605-d5060b17a72b: 186 internal nodes; 7.8 s; peak memory 521 MiB.
2026-10-06T12:12:54Z INFO [1449/3688] 6c3aff41-5680-4ebd-9e94-2956d4c02f7b: 28 internal nodes; 1.1 s; peak memory 521 MiB.
2026-10-06T12:12:57Z INFO [1450/3688] 6c3b6cba-8eab-435e-a195-5c332a19ccc0: 46 internal nodes; 3.4 s; peak memory 521 MiB.
2026-10-06T12:12:58Z INFO [1450/3688] 6c3b6cba-8eab-435e-a195-5c332a19ccc0: checkpointed 98894 records.
2026-10-06T12:12:59Z INFO [1451/3688] 6c3b9e69-ea6c-44a4-8581-35e2cdad97ad: 27 internal nodes; 1.3 s; peak memory 521 MiB.
2026-10-06T12:13:00Z INFO [1452/3688] 6c3c606d-7b43-46ed-be9a-b831df6e9dd8: 31 internal nodes; 1.5 s; peak memory 521 MiB.
2026-10-06T12:13:02Z INFO [1453/3688] 6c3e175b-1b18-4a2d-ae97-9c788a8cbe8b: 72 internal nodes; 1.9 s; peak memory 521 MiB.
2026-10-06T12:13:04Z INFO [1454/3688] 6c3e2d01-ff7e-4bf1-99af-7f66a228bc07: 90 internal nodes; 1.4 s; peak memory 521 MiB.
2026-10-06T12:13:10Z INFO [1455/3688] 6c3e4384-0d9e-4de5-984d-c9cff5a12664: 73 internal nodes; 5.9 s; peak memory 521 MiB.
2026-10-06T12:13:11Z INFO [1456/3688] 6c3e4537-003e-474b-bcaa-7df18ff32b8f: 11 internal nodes; 0.9 s; peak memory 521 MiB.
2026-10-06T12:13:13Z INFO [1457/3688] 6c3ec8de-d7c0-4623-b62f-601fe146fc86: 72 internal nodes; 2.0 s; peak memory 521 MiB.
2026-10-06T12:13:14Z INFO [1458/3688] 6c3ed090-cad4-42f5-b388-542c22bcdd00: 17 internal nodes; 1.1 s; peak memory 521 MiB.
2026-10-06T12:13:21Z INFO [1459/3688] 6c3ed96c-f447-43a0-b0c3-f6784d6c6774: 177 internal nodes; 7.2 s; peak memory 521 MiB.
2026-10-06T12:13:22Z INFO [1460/3688] 6c3f9dbc-dd7e-445f-adea-156272488733: 17 internal nodes; 1.2 s; peak memory 521 MiB.
2026-10-06T12:13:24Z INFO [1461/3688] 6c3fd227-6a58-4901-83f3-7cf4dbee592c: 29 internal nodes; 1.6 s; peak memory 521 MiB.
2026-10-06T12:13:25Z INFO [1462/3688] 6c40874e-1bbf-490d-94e7-32a2b8605928: 17 internal nodes; 0.9 s; peak memory 521 MiB.
2026-10-06T12:13:26Z INFO [1463/3688] 6c409603-606f-4d43-ab5b-0c504fcdf045: 67 internal nodes; 1.8 s; peak memory 521 MiB.
2026-10-06T12:13:28Z INFO [1464/3688] 6c40b047-e900-4bea-b74e-e671f373cd39: 27 internal nodes; 1.5 s; peak memory 521 MiB.
2026-10-06T12:13:30Z INFO [1465/3688] 6c40c783-f206-47e8-b1a9-251ba79ed8a9: 25 internal nodes; 2.0 s; peak memory 521 MiB.
2026-10-06T12:13:33Z INFO [1466/3688] 6c4219e8-2b3a-4c4e-bd40-c1a4ba92eeb3: 31 internal nodes; 2.7 s; peak memory 521 MiB.
2026-10-06T12:13:34Z INFO [1467/3688] 6c424dba-ccb2-422d-8339-660ccd6538aa: 27 internal nodes; 1.3 s; peak memory 521 MiB.
2026-10-06T12:13:35Z INFO [1468/3688] 6c42d0e0-d3ef-4462-8d56-34ed566bd9b6: 27 internal nodes; 1.3 s; peak memory 521 MiB.
2026-10-06T12:13:37Z INFO [1469/3688] 6c433fac-dae6-4fa0-a9c7-0532730295ec: 27 internal nodes; 1.3 s; peak memory 521 MiB.
2026-10-06T12:13:37Z INFO [1470/3688] 6c441b64-dfd4-4e55-ba38-ee9ad58fe980: 11 internal nodes; 0.8 s; peak memory 521 MiB.
2026-10-06T12:13:38Z INFO [1471/3688] 6c44235f-9274-44b5-be1d-1772c5181302: 17 internal nodes; 1.0 s; peak memory 521 MiB.
2026-10-06T12:13:39Z INFO [1472/3688] 6c448aae-2a50-4abd-9e00-2470cf96938f: 17 internal nodes; 1.1 s; peak memory 521 MiB.
2026-10-06T12:13:41Z INFO [1473/3688] 6c450ab2-e023-4fd6-b562-070220af6263: 18 internal nodes; 1.2 s; peak memory 521 MiB.
2026-10-06T12:13:42Z INFO [1474/3688] 6c45d0e9-5d02-4372-be4b-99802f671a37: 27 internal nodes; 1.2 s; peak memory 521 MiB.
2026-10-06T12:13:43Z INFO [1475/3688] 6c45e167-e644-40fe-83f2-1cef45562711: 27 internal nodes; 1.4 s; peak memory 521 MiB.
2026-10-06T12:13:44Z INFO [1476/3688] 6c461cea-ffd5-4e82-9ff0-89a0715abc9f: 13 internal nodes; 1.1 s; peak memory 521 MiB.
2026-10-06T12:13:46Z INFO [1477/3688] 6c4712bc-a9f7-4ff3-9529-3f7678bc3ab5: 27 internal nodes; 2.2 s; peak memory 521 MiB.
2026-10-06T12:13:47Z INFO [1478/3688] 6c47cf8b-60b6-4207-a166-2b0930f9338d: 17 internal nodes; 1.0 s; peak memory 521 MiB.
2026-10-06T12:14:01Z INFO [1479/3688] 6c47cfaa-68f5-4ae4-85b6-af73b1a1eea9: 232 internal nodes; 13.1 s; peak memory 521 MiB.
2026-10-06T12:14:07Z INFO [1480/3688] 6c47ecb6-e16f-4a0f-b595-875b7fdc2b3e: 54 internal nodes; 6.1 s; peak memory 521 MiB.
2026-10-06T12:14:08Z INFO [1481/3688] 6c495b5e-36fd-4e9d-9b82-48a97c56cad9: 18 internal nodes; 1.0 s; peak memory 521 MiB.
2026-10-06T12:14:09Z INFO [1482/3688] 6c49cd9f-8ef9-44d8-a937-883d79c78d37: 58 internal nodes; 1.7 s; peak memory 521 MiB.
2026-10-06T12:14:11Z INFO [1483/3688] 6c49d4f4-b027-4800-99e2-1db73053fe3b: 18 internal nodes; 1.3 s; peak memory 521 MiB.
2026-10-06T12:14:12Z INFO [1484/3688] 6c4a60b1-99b4-4181-975c-f9fb53777f7e: 31 internal nodes; 1.7 s; peak memory 521 MiB.
2026-10-06T12:14:23Z INFO [1485/3688] 6c4b5cd1-d2b4-4628-ad4c-b61f1898ab45: 50 internal nodes; 10.3 s; peak memory 521 MiB.
2026-10-06T12:14:24Z INFO [1486/3688] 6c4b8570-be71-470e-b2b7-770ebfceb440: 17 internal nodes; 1.3 s; peak memory 521 MiB.
2026-10-06T12:14:25Z INFO [1487/3688] 6c4b97a9-40e1-42e1-87e1-3f5c4497941b: 27 internal nodes; 1.3 s; peak memory 521 MiB.
2026-10-06T12:14:26Z INFO [1488/3688] 6c4cf650-94c5-4230-9d36-0b0516f5bb67: 17 internal nodes; 1.1 s; peak memory 521 MiB.
2026-10-06T12:14:28Z INFO [1489/3688] 6c4d1996-a484-415e-8553-7be2e056431b: 15 internal nodes; 1.2 s; peak memory 521 MiB.
2026-10-06T12:14:34Z INFO [1490/3688] 6c4d78df-7fa7-4b71-9de4-65b9a7842288: 160 internal nodes; 6.6 s; peak memory 521 MiB.
2026-10-06T12:14:35Z INFO [1491/3688] 6c4d88e7-4f8a-48db-8d71-1e518c34cbb9: 115 internal nodes; 1.3 s; peak memory 521 MiB.
2026-10-06T12:14:37Z INFO [1492/3688] 6c4e14c2-828a-4d7e-adc5-8c0ac5ecc125: 17 internal nodes; 1.1 s; peak memory 521 MiB.
2026-10-06T12:14:43Z INFO [1493/3688] 6c4e7cf8-19f0-4f1b-aadd-4d2b8c068aec: 67 internal nodes; 6.2 s; peak memory 521 MiB.
2026-10-06T12:14:44Z INFO [1494/3688] 6c508ad6-2e13-4062-a586-d1f65d7e0493: 26 internal nodes; 0.9 s; peak memory 521 MiB.
2026-10-06T12:14:45Z INFO [1495/3688] 6c51fc93-850a-4a00-bd33-4b3e9876f732: 27 internal nodes; 1.5 s; peak memory 521 MiB.
2026-10-06T12:14:47Z INFO [1496/3688] 6c520348-a451-4160-8b9a-88b88477ad1b: 58 internal nodes; 1.5 s; peak memory 521 MiB.
2026-10-06T12:14:48Z INFO [1497/3688] 6c5382b8-4b95-479f-b83d-857de2ca9ce8: 17 internal nodes; 1.2 s; peak memory 521 MiB.
2026-10-06T12:14:49Z INFO [1498/3688] 6c53cdf4-4efc-45ae-be70-f7176aef9067: 17 internal nodes; 1.0 s; peak memory 521 MiB.
2026-10-06T12:14:51Z INFO [1499/3688] 6c53d968-b5e3-4f93-bd52-231a73bd71e9: 25 internal nodes; 2.1 s; peak memory 521 MiB.
2026-10-06T12:14:52Z INFO [1500/3688] 6c53ddf4-ff24-4a8e-83fb-e24b2ef9b8d5: 17 internal nodes; 1.1 s; peak memory 521 MiB.
2026-10-06T12:14:52Z INFO [1500/3688] 6c53ddf4-ff24-4a8e-83fb-e24b2ef9b8d5: checkpointed 98944 records.
2026-10-06T12:14:59Z INFO [1501/3688] 6c550193-03c7-456e-830d-deaa224956c3: 73 internal nodes; 7.1 s; peak memory 521 MiB.
2026-10-06T12:15:01Z INFO [1502/3688] 6c5572c3-102b-41e5-8a78-a6e673dd8bd3: 13 internal nodes; 1.3 s; peak memory 521 MiB.
2026-10-06T12:15:02Z INFO [1503/3688] 6c55bdc3-7040-43ae-8c34-0a7776b0522b: 23 internal nodes; 0.9 s; peak memory 521 MiB.
2026-10-06T12:15:04Z INFO [1504/3688] 6c563e90-dd08-4a96-8460-a0d5e676abb4: 31 internal nodes; 2.1 s; peak memory 521 MiB.
2026-10-06T12:15:22Z INFO [1505/3688] 6c576649-b057-4e4d-9fb0-2de85f07bc9e: 420 internal nodes; 18.1 s; peak memory 521 MiB.
2026-10-06T12:15:23Z INFO [1506/3688] 6c57bb25-f2fb-4647-9978-33291e2e4e9d: 22 internal nodes; 1.3 s; peak memory 521 MiB.
2026-10-06T12:15:35Z INFO [1507/3688] 6c5893ea-f492-4f43-b8f9-ba4eaab7bbee: 51 internal nodes; 12.4 s; peak memory 521 MiB.
2026-10-06T12:15:37Z INFO [1508/3688] 6c58e65e-520d-4e96-85e8-5cbb654b7550: 38 internal nodes; 1.7 s; peak memory 521 MiB.
2026-10-06T12:15:39Z INFO [1509/3688] 6c5a7cdb-cf8c-4053-b2b9-71d1f35716bd: 31 internal nodes; 1.5 s; peak memory 521 MiB.
2026-10-06T12:15:42Z INFO [1510/3688] 6c5b9646-64c7-4a16-b8a4-e29fd4c033e2: 44 internal nodes; 2.8 s; peak memory 521 MiB.
2026-10-06T12:15:42Z INFO [1511/3688] 6c5cc044-ae9a-42cf-9076-5bb6cd0cb269: 11 internal nodes; 0.9 s; peak memory 521 MiB.
2026-10-06T12:15:43Z INFO [1512/3688] 6c5d3f1f-40f0-46c9-a05b-119536c3546b: 13 internal nodes; 0.9 s; peak memory 521 MiB.
2026-10-06T12:15:44Z INFO [1513/3688] 6c5daa07-f0a3-497d-81ca-56be1afdcab8: 17 internal nodes; 1.1 s; peak memory 521 MiB.
2026-10-06T12:15:46Z INFO [1514/3688] 6c5dea8d-0d24-4dd4-9d7c-827d6ae56d4d: 17 internal nodes; 1.1 s; peak memory 521 MiB.
2026-10-06T12:15:47Z INFO [1515/3688] 6c60e2b2-0bea-418c-a622-9711da4a9021: 86 internal nodes; 1.5 s; peak memory 521 MiB.
2026-10-06T12:15:48Z INFO [1516/3688] 6c61d302-13c7-40cc-9d69-4500636e3095: 27 internal nodes; 1.3 s; peak memory 521 MiB.
2026-10-06T12:15:52Z INFO [1517/3688] 6c624c8a-4800-4c47-ae3c-a7d741ec797e: 46 internal nodes; 3.6 s; peak memory 521 MiB.
2026-10-06T12:15:53Z INFO [1518/3688] 6c62566a-6b4a-4537-80f3-a9785e5ccdf8: 27 internal nodes; 1.4 s; peak memory 521 MiB.
2026-10-06T12:15:55Z INFO [1519/3688] 6c626f97-492a-4242-b560-0a3c3e1bb47a: 23 internal nodes; 1.5 s; peak memory 521 MiB.
2026-10-06T12:15:57Z INFO [1520/3688] 6c628223-77a6-4719-a030-de24acaea77e: 53 internal nodes; 1.9 s; peak memory 521 MiB.
2026-10-06T12:15:58Z INFO [1521/3688] 6c647d47-d2a1-4c4f-9cf5-470550118e6f: 53 internal nodes; 1.4 s; peak memory 521 MiB.
2026-10-06T12:16:00Z INFO [1522/3688] 6c65596d-7a3f-4642-b56c-180a6f30e9f8: 24 internal nodes; 1.6 s; peak memory 521 MiB.
2026-10-06T12:16:13Z INFO [1523/3688] 6c658106-d5d3-47f1-94ce-8c20bd2b68cf: 75 internal nodes; 13.3 s; peak memory 521 MiB.
2026-10-06T12:16:14Z INFO [1524/3688] 6c67619d-2e48-4171-8b16-f34c1f7ae547: 17 internal nodes; 1.1 s; peak memory 521 MiB.
2026-10-06T12:16:15Z INFO [1525/3688] 6c682132-d008-473e-b795-b961a4b825b2: 11 internal nodes; 0.9 s; peak memory 521 MiB.
2026-10-06T12:16:17Z INFO [1526/3688] 6c692d1c-27a7-4fad-909e-4fffdb0d1c9d: 61 internal nodes; 1.3 s; peak memory 521 MiB.
2026-10-06T12:16:21Z INFO [1527/3688] 6c6a2aa9-5326-456b-b4b6-2e665b9ed04b: 83 internal nodes; 4.3 s; peak memory 521 MiB.
2026-10-06T12:16:22Z INFO [1528/3688] 6c6a32b2-0e2e-45e8-ae76-40ea9c69ab2f: 19 internal nodes; 1.0 s; peak memory 521 MiB.
2026-10-06T12:16:24Z INFO [1529/3688] 6c6a8d45-2afa-41dd-83d2-a6ba2045d34c: 66 internal nodes; 2.0 s; peak memory 521 MiB.
2026-10-06T12:16:25Z INFO [1530/3688] 6c6cef5c-6631-4885-8668-6e2092a4a0ea: 17 internal nodes; 1.1 s; peak memory 521 MiB.
2026-10-06T12:16:26Z INFO [1531/3688] 6c6d2921-7b4e-4e52-8a37-659df3acd8da: 17 internal nodes; 1.2 s; peak memory 521 MiB.
2026-10-06T12:16:28Z INFO [1532/3688] 6c6db1a4-3c4e-4dc4-a38f-27667cd148d0: 63 internal nodes; 1.6 s; peak memory 521 MiB.
2026-10-06T12:16:36Z INFO [1533/3688] 6c6e94b0-2249-49b8-b660-4d086742805c: 207 internal nodes; 8.8 s; peak memory 521 MiB.
2026-10-06T12:16:38Z INFO [1534/3688] 6c6ec1e2-8398-447e-b032-641ce008608b: 22 internal nodes; 1.2 s; peak memory 521 MiB.
2026-10-06T12:16:39Z INFO [1535/3688] 6c6f38e2-90d5-4b4c-bac6-7b751acf4262: 17 internal nodes; 1.2 s; peak memory 521 MiB.
2026-10-06T12:16:40Z INFO [1536/3688] 6c6ff775-3615-4190-8f67-00cb4183d2cb: 27 internal nodes; 1.7 s; peak memory 521 MiB.
2026-10-06T12:16:46Z INFO [1537/3688] 6c70715e-0881-4301-b4a1-2654d6cc6403: 182 internal nodes; 6.0 s; peak memory 521 MiB.
2026-10-06T12:16:47Z INFO [1538/3688] 6c70d10d-2938-4e54-9c05-8ca19612f22b: 26 internal nodes; 0.8 s; peak memory 521 MiB.
2026-10-06T12:16:49Z INFO [1539/3688] 6c711398-206e-4c59-ae7d-304453b810a9: 27 internal nodes; 1.3 s; peak memory 521 MiB.
2026-10-06T12:16:50Z INFO [1540/3688] 6c716b84-6f71-44cd-85ac-163790be1f83: 31 internal nodes; 1.6 s; peak memory 521 MiB.
2026-10-06T12:16:54Z INFO [1541/3688] 6c718cbd-aea7-42ff-811d-cc232e702a3a: 53 internal nodes; 4.2 s; peak memory 521 MiB.
2026-10-06T12:16:56Z INFO [1542/3688] 6c719daf-a99c-4c06-9921-2c014579211f: 20 internal nodes; 1.7 s; peak memory 521 MiB.
2026-10-06T12:16:58Z INFO [1543/3688] 6c71f7d8-d4d5-442b-a911-ce67be9c7d79: 27 internal nodes; 1.5 s; peak memory 521 MiB.
2026-10-06T12:16:58Z INFO [1544/3688] 6c73360d-871c-4a9b-bf71-d61ba6f56290: 13 internal nodes; 0.8 s; peak memory 521 MiB.
2026-10-06T12:16:59Z INFO [1545/3688] 6c7353e3-b829-4f80-b637-adb49b589caf: 15 internal nodes; 0.9 s; peak memory 521 MiB.
2026-10-06T12:17:01Z INFO [1546/3688] 6c73570e-14f1-469f-8c1a-1fe7040adf3f: 27 internal nodes; 1.3 s; peak memory 521 MiB.
2026-10-06T12:17:03Z INFO [1547/3688] 6c73ce6e-b397-4dca-9b4c-339119cc7c47: 61 internal nodes; 2.3 s; peak memory 521 MiB.
2026-10-06T12:17:07Z INFO [1548/3688] 6c744de6-3a58-478a-9feb-6bb5eb7653c7: 47 internal nodes; 4.0 s; peak memory 521 MiB.
2026-10-06T12:17:09Z INFO [1549/3688] 6c74826a-111e-4610-a42a-dcec9cee4b40: 61 internal nodes; 1.7 s; peak memory 521 MiB.
2026-10-06T12:17:12Z INFO [1550/3688] 6c74a7c3-d24e-4fc4-bb5a-eae48c856794: 50 internal nodes; 3.1 s; peak memory 521 MiB.
2026-10-06T12:17:12Z INFO [1550/3688] 6c74a7c3-d24e-4fc4-bb5a-eae48c856794: checkpointed 98994 records.
2026-10-06T12:17:18Z INFO [1551/3688] 6c74fc95-c4df-4105-9f96-11d9bc17f30a: 73 internal nodes; 6.2 s; peak memory 521 MiB.
2026-10-06T12:17:22Z INFO [1552/3688] 6c75266b-593a-48b6-8dc2-acb290e14070: 46 internal nodes; 3.4 s; peak memory 521 MiB.
2026-10-06T12:17:23Z INFO [1553/3688] 6c755401-40b6-4892-9dd0-58b3f34c6fa0: 27 internal nodes; 1.4 s; peak memory 521 MiB.
2026-10-06T12:17:24Z INFO [1554/3688] 6c7581d6-19d8-4663-935a-f4e913aac98b: 13 internal nodes; 0.9 s; peak memory 521 MiB.
2026-10-06T12:17:25Z INFO [1555/3688] 6c75a0e6-d25c-4488-bcc8-ac03f0a5f7f9: 27 internal nodes; 1.3 s; peak memory 521 MiB.
2026-10-06T12:17:26Z INFO [1556/3688] 6c76382d-f4ca-4d36-a841-ef5a20e6bdd9: 13 internal nodes; 0.8 s; peak memory 521 MiB.
2026-10-06T12:17:29Z INFO [1557/3688] 6c764f9f-6f59-4456-8516-835e49beae5e: 30 internal nodes; 2.5 s; peak memory 521 MiB.
2026-10-06T12:17:33Z INFO [1558/3688] 6c782318-5b07-4328-94ef-3ae36857e04e: 122 internal nodes; 4.8 s; peak memory 521 MiB.
2026-10-06T12:17:35Z INFO [1559/3688] 6c792fb0-9020-45f5-a721-a05ea91a2211: 31 internal nodes; 1.8 s; peak memory 521 MiB.
2026-10-06T12:17:37Z INFO [1560/3688] 6c794cbd-a1a8-4413-b119-44e2fec8cd58: 58 internal nodes; 1.8 s; peak memory 521 MiB.
2026-10-06T12:17:39Z INFO [1561/3688] 6c79edca-3109-4fb8-ba60-77a5bc9ef3e3: 28 internal nodes; 2.0 s; peak memory 521 MiB.
2026-10-06T12:17:45Z INFO [1562/3688] 6c7a2158-14ae-4ca2-a0f4-3cdd0bd4ff98: 41 internal nodes; 6.5 s; peak memory 521 MiB.
2026-10-06T12:17:47Z INFO [1563/3688] 6c7ac000-5cf2-4ef0-9f07-d9cd8b25f3b8: 27 internal nodes; 1.3 s; peak memory 521 MiB.
2026-10-06T12:17:48Z INFO [1564/3688] 6c7b42c5-122d-4ef9-917f-8217729e72ff: 17 internal nodes; 1.2 s; peak memory 521 MiB.
2026-10-06T12:17:50Z INFO [1565/3688] 6c7b8503-3dff-4abf-b8ea-70fe6ad11a30: 27 internal nodes; 2.3 s; peak memory 521 MiB.
2026-10-06T12:17:57Z INFO [1566/3688] 6c7c7467-c6b3-4df4-af25-64fb64f79dfa: 73 internal nodes; 7.3 s; peak memory 521 MiB.
2026-10-06T12:17:59Z INFO [1567/3688] 6c7cedbe-36c0-4d1b-977d-c00a7f733516: 115 internal nodes; 1.3 s; peak memory 521 MiB.
2026-10-06T12:18:06Z INFO [1568/3688] 6c7cffce-e967-4444-a84f-048541c018a5: 177 internal nodes; 7.4 s; peak memory 521 MiB.
2026-10-06T12:18:08Z INFO [1569/3688] 6c7d16d2-3894-4005-af82-a849b865c5f2: 90 internal nodes; 1.5 s; peak memory 521 MiB.
2026-10-06T12:18:10Z INFO [1570/3688] 6c7d45d9-7a13-4ee7-8757-9efef2e0ffd0: 60 internal nodes; 2.7 s; peak memory 521 MiB.
2026-10-06T12:18:11Z INFO [1571/3688] 6c7e7467-b421-46bf-b11c-118cfaf414c4: 11 internal nodes; 0.8 s; peak memory 521 MiB.
2026-10-06T12:18:12Z INFO [1572/3688] 6c7e93bb-5eec-4f49-bde2-0a1c092e56ac: 24 internal nodes; 0.9 s; peak memory 521 MiB.
2026-10-06T12:18:13Z INFO [1573/3688] 6c7f276a-394d-4853-b306-f8b58b2fdeef: 17 internal nodes; 1.1 s; peak memory 521 MiB.
2026-10-06T12:18:14Z INFO [1574/3688] 6c7f6cb0-5dcd-471d-b227-34c0f75e550a: 11 internal nodes; 0.8 s; peak memory 521 MiB.
2026-10-06T12:18:15Z INFO [1575/3688] 6c807931-522b-4da4-9b62-c899e72bb400: 22 internal nodes; 1.0 s; peak memory 521 MiB.
2026-10-06T12:18:16Z INFO [1576/3688] 6c80ba9d-a103-4e48-a155-d425d972328c: 27 internal nodes; 1.1 s; peak memory 521 MiB.
2026-10-06T12:18:17Z INFO [1577/3688] 6c81d49c-a39f-438c-9d22-f8d284bf8fe7: 17 internal nodes; 1.1 s; peak memory 521 MiB.
2026-10-06T12:18:20Z INFO [1578/3688] 6c81d6e9-3449-4be6-91b0-d5ac07b6f818: 44 internal nodes; 2.8 s; peak memory 521 MiB.
2026-10-06T12:18:23Z INFO [1579/3688] 6c82afac-426c-4db1-bd41-72063af863c3: 41 internal nodes; 2.9 s; peak memory 521 MiB.
2026-10-06T12:18:24Z INFO [1580/3688] 6c839a00-ee2a-4d53-a71a-e9b112077550: 26 internal nodes; 1.4 s; peak memory 521 MiB.
2026-10-06T12:18:25Z INFO [1581/3688] 6c83bb73-40d3-4f18-b7e9-dbd9b82167ff: 19 internal nodes; 1.0 s; peak memory 521 MiB.
2026-10-06T12:18:26Z INFO [1582/3688] 6c852787-83f4-4fb2-9af0-7537fbfd0449: 17 internal nodes; 1.0 s; peak memory 521 MiB.
2026-10-06T12:18:28Z INFO [1583/3688] 6c852d81-bcd4-4c71-9f91-650b87767792: 27 internal nodes; 1.4 s; peak memory 521 MiB.
2026-10-06T12:18:34Z INFO [1584/3688] 6c85a61c-2bbe-4fef-84cf-555e75c704bb: 70 internal nodes; 6.1 s; peak memory 521 MiB.
2026-10-06T12:18:35Z INFO [1585/3688] 6c85c370-640b-4f96-be2e-a4664d3139dc: 17 internal nodes; 1.1 s; peak memory 521 MiB.
2026-10-06T12:18:36Z INFO [1586/3688] 6c8676d2-1114-4a3b-8051-161412c47f8a: 17 internal nodes; 1.1 s; peak memory 521 MiB.
2026-10-06T12:18:37Z INFO [1587/3688] 6c8693ec-79a9-4a1a-b63b-f9cbf39fec00: 17 internal nodes; 1.2 s; peak memory 521 MiB.
2026-10-06T12:18:39Z INFO [1588/3688] 6c869bf9-b618-4396-bbea-e3ba11ea56c6: 58 internal nodes; 1.9 s; peak memory 521 MiB.
2026-10-06T12:18:40Z INFO [1589/3688] 6c87a7af-fc89-4587-9935-7afc8d2837a1: 27 internal nodes; 1.4 s; peak memory 521 MiB.
2026-10-06T12:18:46Z INFO [1590/3688] 6c8826a6-1752-49a3-b457-d59b79346f28: 136 internal nodes; 5.2 s; peak memory 521 MiB.
2026-10-06T12:18:48Z INFO [1591/3688] 6c89af0c-fea5-483c-881a-f02af064a019: 37 internal nodes; 2.0 s; peak memory 521 MiB.
2026-10-06T12:18:49Z INFO [1592/3688] 6c8a8281-5292-497b-ba0a-57e73ebe4dec: 60 internal nodes; 1.8 s; peak memory 521 MiB.
2026-10-06T12:19:01Z INFO [1593/3688] 6c8ac2a6-8470-46c0-be37-f1b93caa28e1: 134 internal nodes; 11.7 s; peak memory 521 MiB.
2026-10-06T12:19:05Z INFO [1594/3688] 6c8ac8ac-5b9f-43d2-95ae-6c04ffd36c7a: 47 internal nodes; 3.8 s; peak memory 521 MiB.
2026-10-06T12:19:06Z INFO [1595/3688] 6c8c23a7-5822-4912-9b4c-8cd337a791a1: 17 internal nodes; 1.2 s; peak memory 521 MiB.
2026-10-06T12:19:07Z INFO [1596/3688] 6c8c4b05-0267-46c1-b540-8e021ab68d32: 11 internal nodes; 0.9 s; peak memory 521 MiB.
2026-10-06T12:19:09Z INFO [1597/3688] 6c8d168e-1eb7-4517-b400-409999719d4e: 59 internal nodes; 2.4 s; peak memory 521 MiB.
2026-10-06T12:19:16Z INFO [1598/3688] 6c8d4008-1923-43d5-846c-1414cc94e84a: 141 internal nodes; 6.1 s; peak memory 521 MiB.
2026-10-06T12:19:17Z INFO [1599/3688] 6c8dcbe9-8160-4c4a-9ef1-766a7b6b4286: 31 internal nodes; 1.9 s; peak memory 521 MiB.
2026-10-06T12:19:22Z INFO [1600/3688] 6c8dd716-de3b-4d73-8d5a-82aa40dabb44: 91 internal nodes; 4.6 s; peak memory 521 MiB.
2026-10-06T12:19:22Z INFO [1600/3688] 6c8dd716-de3b-4d73-8d5a-82aa40dabb44: checkpointed 99044 records.
2026-10-06T12:19:24Z INFO [1601/3688] 6c8ef482-add2-47aa-85aa-36d069bfe85a: 17 internal nodes; 1.2 s; peak memory 521 MiB.
2026-10-06T12:19:32Z INFO [1602/3688] 6c8f272f-8932-44a2-8889-defb3c6fd343: 220 internal nodes; 8.7 s; peak memory 521 MiB.
2026-10-06T12:19:33Z INFO [1603/3688] 6c90a27c-d01d-42f6-a5b3-01edb488bc1b: 17 internal nodes; 1.0 s; peak memory 521 MiB.
2026-10-06T12:19:34Z INFO [1604/3688] 6c90a5a4-b928-44ed-9979-8c24c7d9f3c4: 18 internal nodes; 1.0 s; peak memory 521 MiB.
2026-10-06T12:20:20Z INFO [1605/3688] 6c934e64-5133-4e4b-9513-93e46fd20c20: 414 internal nodes; 45.8 s; peak memory 521 MiB.
2026-10-06T12:20:21Z INFO [1606/3688] 6c93918e-5014-40b0-95b3-47be8678763f: 18 internal nodes; 1.0 s; peak memory 521 MiB.
2026-10-06T12:20:33Z INFO [1607/3688] 6c93ce2e-7afa-4d50-b742-6e2af2df2675: 70 internal nodes; 11.6 s; peak memory 521 MiB.
2026-10-06T12:20:34Z INFO [1608/3688] 6c93f6bb-a5ae-4ee7-a363-10f9c28a0c7d: 31 internal nodes; 1.8 s; peak memory 521 MiB.
2026-10-06T12:20:41Z INFO [1609/3688] 6c9556fc-0c11-4a16-a252-951646a412b4: 132 internal nodes; 6.5 s; peak memory 521 MiB.
2026-10-06T12:20:44Z INFO [1610/3688] 6c95b5ed-550a-4373-b13b-34d276de81d2: 44 internal nodes; 3.0 s; peak memory 521 MiB.
2026-10-06T12:20:45Z INFO [1611/3688] 6c95ed0f-bc70-486c-97e2-f9ac9f5f4d12: 17 internal nodes; 1.1 s; peak memory 521 MiB.
2026-10-06T12:20:46Z INFO [1612/3688] 6c97924a-82c9-45e9-ac62-253e2a23c218: 27 internal nodes; 1.3 s; peak memory 521 MiB.
2026-10-06T12:21:00Z INFO [1613/3688] 6c994c85-ec4d-4ab2-a12e-ddb61fc0ca53: 84 internal nodes; 14.0 s; peak memory 521 MiB.
2026-10-06T12:21:02Z INFO [1614/3688] 6c995192-5084-44b4-8eab-36713916efbc: 31 internal nodes; 1.5 s; peak memory 521 MiB.
2026-10-06T12:21:04Z INFO [1615/3688] 6c99b010-580f-4781-ad10-6e9a7694f272: 31 internal nodes; 1.7 s; peak memory 521 MiB.
2026-10-06T12:21:05Z INFO [1616/3688] 6c99ba63-af25-460d-8dc2-5860fbc867c5: 31 internal nodes; 1.8 s; peak memory 521 MiB.
2026-10-06T12:21:06Z INFO [1617/3688] 6c9a0f3d-52d6-4ec8-9412-893543e94448: 18 internal nodes; 0.9 s; peak memory 521 MiB.
2026-10-06T12:21:10Z INFO [1618/3688] 6c9a18dc-e678-4de1-a163-691afb02a0b4: 46 internal nodes; 3.2 s; peak memory 521 MiB.
2026-10-06T12:21:11Z INFO [1619/3688] 6c9b7ef6-ec72-4049-aad2-995e4cd304b9: 31 internal nodes; 1.6 s; peak memory 521 MiB.
2026-10-06T12:21:12Z INFO [1620/3688] 6c9b8000-8632-4f93-b740-b3e92a3a83b3: 11 internal nodes; 0.9 s; peak memory 521 MiB.
2026-10-06T12:21:14Z INFO [1621/3688] 6c9b982f-eff8-444f-955d-f6309f9729ab: 31 internal nodes; 1.8 s; peak memory 521 MiB.
2026-10-06T12:21:15Z INFO [1622/3688] 6c9c2fab-7137-4f18-b605-94588bd78548: 27 internal nodes; 1.5 s; peak memory 521 MiB.
2026-10-06T12:21:17Z INFO [1623/3688] 6c9ca6c5-8672-4d95-8c5e-7624d6063caa: 27 internal nodes; 1.3 s; peak memory 521 MiB.
2026-10-06T12:21:18Z INFO [1624/3688] 6c9da112-8c0c-4766-b2e8-407183321c05: 27 internal nodes; 1.2 s; peak memory 521 MiB.
2026-10-06T12:21:20Z INFO [1625/3688] 6c9e1561-f557-45e0-b630-517f6587c9a8: 60 internal nodes; 1.7 s; peak memory 521 MiB.
2026-10-06T12:21:21Z INFO [1626/3688] 6c9e84b2-5fc3-42aa-a7d5-b335855b04d0: 17 internal nodes; 1.2 s; peak memory 521 MiB.
2026-10-06T12:21:28Z INFO [1627/3688] 6c9ee7b4-1e19-4c26-8577-cb401ce64b1d: 177 internal nodes; 7.1 s; peak memory 521 MiB.
2026-10-06T12:21:30Z INFO [1628/3688] 6c9f0e60-d561-4c77-b164-842b12bc5cf1: 31 internal nodes; 1.6 s; peak memory 521 MiB.
2026-10-06T12:21:31Z INFO [1629/3688] 6c9f34aa-d879-4b36-8a42-dd161cd2c47f: 27 internal nodes; 1.5 s; peak memory 521 MiB.
2026-10-06T12:21:32Z INFO [1630/3688] 6c9f49b0-f474-4fb1-a833-b78f159604c7: 18 internal nodes; 1.3 s; peak memory 521 MiB.
2026-10-06T12:21:33Z INFO [1631/3688] 6ca056b8-5050-4629-989c-74a839d2aa9d: 11 internal nodes; 0.7 s; peak memory 521 MiB.
2026-10-06T12:21:34Z INFO [1632/3688] 6ca0b4b4-29a6-471e-8e2a-081b5be3e856: 17 internal nodes; 1.0 s; peak memory 521 MiB.
2026-10-06T12:21:35Z INFO [1633/3688] 6ca13701-e0af-4ebd-b911-9d63f26f2acf: 90 internal nodes; 1.2 s; peak memory 521 MiB.
2026-10-06T12:21:36Z INFO [1634/3688] 6ca175d9-98a3-4f11-8b6b-1299c29c62f7: 17 internal nodes; 1.0 s; peak memory 521 MiB.
2026-10-06T12:21:38Z INFO [1635/3688] 6ca2d542-0518-4b9a-a936-b0c50a7d749b: 17 internal nodes; 1.4 s; peak memory 521 MiB.
2026-10-06T12:21:39Z INFO [1636/3688] 6ca36bd3-7e71-4465-83e5-d4dfffe78d33: 17 internal nodes; 0.9 s; peak memory 521 MiB.
2026-10-06T12:21:44Z INFO [1637/3688] 6ca3d044-a1cf-4329-b984-bfccb79329e1: 73 internal nodes; 5.6 s; peak memory 521 MiB.
2026-10-06T12:21:46Z INFO [1638/3688] 6ca4ce55-5c85-484a-b201-af093a31f762: 31 internal nodes; 1.6 s; peak memory 521 MiB.
2026-10-06T12:21:53Z INFO [1639/3688] 6ca4e33f-f698-4861-a34f-e7f769d71b5b: 126 internal nodes; 6.8 s; peak memory 521 MiB.
2026-10-06T12:21:56Z INFO [1640/3688] 6ca5985e-c4fc-4d92-a066-e6887af4304f: 46 internal nodes; 3.5 s; peak memory 521 MiB.
2026-10-06T12:21:57Z INFO [1641/3688] 6ca5e31e-0df1-4e8b-bebe-b62f0eab9e1b: 17 internal nodes; 1.2 s; peak memory 521 MiB.
2026-10-06T12:22:04Z INFO [1642/3688] 6ca698eb-f7df-4b4b-abf7-87719a95da61: 55 internal nodes; 6.9 s; peak memory 521 MiB.
2026-10-06T12:22:06Z INFO [1643/3688] 6ca6dc45-a5dc-472d-87f3-1db5d6d976ff: 66 internal nodes; 2.2 s; peak memory 521 MiB.
2026-10-06T12:22:08Z INFO [1644/3688] 6ca71e82-11ce-4de8-8006-ad273a0bafc8: 27 internal nodes; 1.5 s; peak memory 521 MiB.
2026-10-06T12:22:09Z INFO [1645/3688] 6ca76acc-7a72-412f-9f09-b56a85fe3443: 25 internal nodes; 1.3 s; peak memory 521 MiB.
2026-10-06T12:22:12Z INFO [1646/3688] 6ca82700-a0d9-4cb4-b909-199c1cd56470: 44 internal nodes; 2.9 s; peak memory 521 MiB.
2026-10-06T12:22:25Z INFO [1647/3688] 6ca82965-fc33-4e25-a6e8-feaeb9d6f329: 313 internal nodes; 13.2 s; peak memory 521 MiB.
2026-10-06T12:22:27Z INFO [1648/3688] 6ca82a18-d592-485b-afc0-4bb32285f2c0: 17 internal nodes; 1.2 s; peak memory 521 MiB.
2026-10-06T12:22:38Z INFO [1649/3688] 6ca83c06-7644-4e67-b1c8-aa12e7365be8: 71 internal nodes; 11.6 s; peak memory 521 MiB.
2026-10-06T12:22:40Z INFO [1650/3688] 6ca84889-5cb3-4224-883f-c516b14e62b5: 27 internal nodes; 1.4 s; peak memory 521 MiB.
2026-10-06T12:22:40Z INFO [1650/3688] 6ca84889-5cb3-4224-883f-c516b14e62b5: checkpointed 99094 records.
2026-10-06T12:22:42Z INFO [1651/3688] 6ca853c2-c0c1-4483-a4b1-ba51d1814dca: 53 internal nodes; 1.9 s; peak memory 521 MiB.
2026-10-06T12:22:43Z INFO [1652/3688] 6ca889ba-f8bd-4470-a7f8-48c649cd8a4b: 116 internal nodes; 1.5 s; peak memory 521 MiB.
2026-10-06T12:22:44Z INFO [1653/3688] 6ca94dae-ebac-4d12-822a-32deab1e20a2: 17 internal nodes; 1.1 s; peak memory 521 MiB.
2026-10-06T12:22:46Z INFO [1654/3688] 6caada87-a3a6-47dc-944a-89de3eaa262d: 95 internal nodes; 1.6 s; peak memory 521 MiB.
2026-10-06T12:22:48Z INFO [1655/3688] 6cabb1f7-34f8-4183-ad92-07c02794ac24: 28 internal nodes; 1.7 s; peak memory 521 MiB.
2026-10-06T12:22:49Z INFO [1656/3688] 6cae6985-a8ec-4930-b365-184bbe4b7e66: 54 internal nodes; 1.6 s; peak memory 521 MiB.
2026-10-06T12:22:50Z INFO [1657/3688] 6caf5520-99db-4be9-9b6f-782d733689c7: 25 internal nodes; 1.2 s; peak memory 521 MiB.
2026-10-06T12:22:51Z INFO [1658/3688] 6cb0735b-0def-4eb9-a47e-384592163d64: 11 internal nodes; 0.8 s; peak memory 521 MiB.
2026-10-06T12:23:03Z INFO [1659/3688] 6cb09e11-75ea-4cbd-b260-cbccaab92eed: 255 internal nodes; 11.3 s; peak memory 521 MiB.
2026-10-06T12:23:04Z INFO [1660/3688] 6cb0db7c-0df2-4bb2-921d-7e3b7498208b: 17 internal nodes; 1.2 s; peak memory 521 MiB.
2026-10-06T12:23:05Z INFO [1661/3688] 6cb13fba-686d-452a-9dfa-b5642c9a3654: 30 internal nodes; 1.4 s; peak memory 521 MiB.
2026-10-06T12:23:06Z INFO [1662/3688] 6cb152af-63e3-4b05-99ca-d9f104d4fb59: 17 internal nodes; 1.2 s; peak memory 521 MiB.
2026-10-06T12:23:12Z INFO [1663/3688] 6cb29158-7c64-43a8-a380-e6b6b98e9346: 73 internal nodes; 6.1 s; peak memory 521 MiB.
2026-10-06T12:23:22Z INFO [1664/3688] 6cb29b0b-71f0-42d2-a70f-e5e603e14f0b: 182 internal nodes; 9.2 s; peak memory 521 MiB.
2026-10-06T12:23:23Z INFO [1665/3688] 6cb310a7-f0ce-43c2-9b08-b359f7f3bd17: 27 internal nodes; 1.3 s; peak memory 521 MiB.
2026-10-06T12:23:30Z INFO [1666/3688] 6cb3b591-be6c-4b33-a614-d06dfaad8d2c: 126 internal nodes; 6.7 s; peak memory 521 MiB.
2026-10-06T12:23:31Z INFO [1667/3688] 6cb3d7dc-7a0c-43d8-becc-75c2284dcf9b: 27 internal nodes; 1.3 s; peak memory 521 MiB.
2026-10-06T12:23:32Z INFO [1668/3688] 6cb400c7-09bd-4357-99f3-a39eb7d45b83: 18 internal nodes; 1.4 s; peak memory 521 MiB.
2026-10-06T12:23:33Z INFO [1669/3688] 6cb41e7d-cad9-4707-9a55-b53b874a4dee: 17 internal nodes; 1.0 s; peak memory 521 MiB.
2026-10-06T12:23:35Z INFO [1670/3688] 6cb45a60-06ce-4cc6-bf3c-2a55ef7ee67b: 31 internal nodes; 1.7 s; peak memory 521 MiB.
2026-10-06T12:23:49Z INFO [1671/3688] 6cb48330-7470-467d-bf3b-301e89674eec: 237 internal nodes; 13.5 s; peak memory 521 MiB.
2026-10-06T12:23:50Z INFO [1672/3688] 6cb543c7-a0f2-4840-b2fe-ea68a24f0ccc: 28 internal nodes; 1.5 s; peak memory 521 MiB.
2026-10-06T12:23:51Z INFO [1673/3688] 6cb5d860-e317-4fbe-a0fe-7af77d480bf7: 23 internal nodes; 1.1 s; peak memory 521 MiB.
2026-10-06T12:23:52Z INFO [1674/3688] 6cb6a022-5fb5-42d8-9be6-8b0644e0101c: 17 internal nodes; 1.2 s; peak memory 521 MiB.
2026-10-06T12:23:53Z INFO [1675/3688] 6cb705b6-56e8-4718-9a72-920bb10c863f: 17 internal nodes; 1.1 s; peak memory 521 MiB.
2026-10-06T12:23:55Z INFO [1676/3688] 6cb78ba9-932e-48ba-8efe-2d670206bde8: 17 internal nodes; 1.2 s; peak memory 521 MiB.
2026-10-06T12:23:56Z INFO [1677/3688] 6cb86a7e-ef09-4a94-ad29-15f3af6ebcb2: 17 internal nodes; 1.2 s; peak memory 521 MiB.
2026-10-06T12:23:57Z INFO [1678/3688] 6cb95151-dc9b-47eb-a6ca-ecccb787ec36: 17 internal nodes; 1.1 s; peak memory 521 MiB.
2026-10-06T12:24:04Z INFO [1679/3688] 6cb9a673-da56-4283-84ea-9771dfc3b181: 90 internal nodes; 7.1 s; peak memory 521 MiB.
2026-10-06T12:24:05Z INFO [1680/3688] 6cb9bb92-e30e-465c-927b-68ddb3743269: 19 internal nodes; 1.0 s; peak memory 521 MiB.
2026-10-06T12:24:08Z INFO [1681/3688] 6cba2fe2-a61d-472a-8857-384374c8e2ef: 44 internal nodes; 2.8 s; peak memory 521 MiB.
2026-10-06T12:24:09Z INFO [1682/3688] 6cba5198-06c2-4b1e-b034-e11580afc851: 27 internal nodes; 1.5 s; peak memory 521 MiB.
2026-10-06T12:24:11Z INFO [1683/3688] 6cbc18ed-4abf-43c3-bf97-d188459e8aa8: 31 internal nodes; 1.5 s; peak memory 521 MiB.
2026-10-06T12:24:14Z INFO [1684/3688] 6cbc5728-0cf8-4f7f-8147-eb9ba04ecb1f: 44 internal nodes; 2.9 s; peak memory 521 MiB.
2026-10-06T12:24:17Z INFO [1685/3688] 6cbd5bec-73ab-4426-8305-4ef6be2ba96b: 46 internal nodes; 3.0 s; peak memory 521 MiB.
2026-10-06T12:24:28Z INFO [1686/3688] 6cbd5f01-8195-491c-a1a9-f517ee91ad4a: 57 internal nodes; 11.0 s; peak memory 521 MiB.
2026-10-06T12:24:29Z INFO [1687/3688] 6cbd6533-72b4-4392-8e4a-4fb59cde5833: 22 internal nodes; 0.8 s; peak memory 521 MiB.
2026-10-06T12:24:31Z INFO [1688/3688] 6cbef589-9558-4f92-a089-334a7818159d: 39 internal nodes; 2.1 s; peak memory 521 MiB.
2026-10-06T12:24:38Z INFO [1689/3688] 6cbfbe58-73ac-4a51-b4d2-2c950d328ceb: 129 internal nodes; 7.3 s; peak memory 521 MiB.
2026-10-06T12:24:39Z INFO [1690/3688] 6cbff0fc-fac0-4676-a296-36bc635ef3cb: 90 internal nodes; 1.5 s; peak memory 521 MiB.
2026-10-06T12:24:41Z INFO [1691/3688] 6cc04e8f-00e9-41c5-84d5-6948f116f67f: 27 internal nodes; 1.5 s; peak memory 521 MiB.
2026-10-06T12:24:42Z INFO [1692/3688] 6cc08054-9797-420d-94fa-cba42d02c486: 24 internal nodes; 1.5 s; peak memory 521 MiB.
2026-10-06T12:24:48Z INFO [1693/3688] 6cc09cfb-2a46-4397-a580-28eeaa407c38: 73 internal nodes; 5.5 s; peak memory 521 MiB.
2026-10-06T12:24:50Z INFO [1694/3688] 6cc0f65a-aed3-4ac8-9c22-1ce7ae2ec5a0: 26 internal nodes; 1.6 s; peak memory 521 MiB.
2026-10-06T12:24:51Z INFO [1695/3688] 6cc10061-efc5-4489-9060-db91d27793d8: 19 internal nodes; 1.2 s; peak memory 521 MiB.
2026-10-06T12:24:53Z INFO [1696/3688] 6cc1011b-ee98-4c94-a89e-02fc2fbbddd4: 37 internal nodes; 2.2 s; peak memory 521 MiB.
2026-10-06T12:24:55Z INFO [1697/3688] 6cc1b2dc-0d2f-48d4-8008-a93454d1d975: 60 internal nodes; 1.8 s; peak memory 521 MiB.
2026-10-06T12:24:56Z INFO [1698/3688] 6cc229d3-da88-4fea-87c6-4f4fc562e228: 19 internal nodes; 1.1 s; peak memory 521 MiB.
2026-10-06T12:24:58Z INFO [1699/3688] 6cc25518-983b-4cb8-95f9-180c5154773a: 65 internal nodes; 2.4 s; peak memory 521 MiB.
2026-10-06T12:24:59Z INFO [1700/3688] 6cc31808-d64b-4abd-9c1b-6eacb315524f: 17 internal nodes; 1.1 s; peak memory 521 MiB.
2026-10-06T12:25:00Z INFO [1700/3688] 6cc31808-d64b-4abd-9c1b-6eacb315524f: checkpointed 99144 records.
2026-10-06T12:25:01Z INFO [1701/3688] 6cc36d6e-1556-45ee-9a14-0a8a8c18c2ae: 17 internal nodes; 1.2 s; peak memory 521 MiB.
2026-10-06T12:25:03Z INFO [1702/3688] 6cc3fdec-d957-4669-82ff-0ee0ed81046e: 31 internal nodes; 1.8 s; peak memory 521 MiB.
2026-10-06T12:25:04Z INFO [1703/3688] 6cc5ac30-dfbf-469e-8911-0995fc7c975b: 38 internal nodes; 1.6 s; peak memory 521 MiB.
2026-10-06T12:25:05Z INFO [1704/3688] 6cc6e836-3d18-40b3-a7c5-9ee6e3c6d33b: 11 internal nodes; 0.8 s; peak memory 521 MiB.
2026-10-06T12:25:06Z INFO [1705/3688] 6cc786ce-e5ab-49a6-a018-07f74c879e58: 17 internal nodes; 1.2 s; peak memory 521 MiB.
2026-10-06T12:25:08Z INFO [1706/3688] 6cc809a0-8ac9-4444-a37b-ff3420f4d8ef: 31 internal nodes; 1.8 s; peak memory 521 MiB.
2026-10-06T12:25:25Z INFO [1707/3688] 6cc82103-2722-4ceb-81f9-047dc6d665e2: 493 internal nodes; 17.4 s; peak memory 521 MiB.
2026-10-06T12:25:27Z INFO [1708/3688] 6cc8564c-c213-46b6-add8-32827c71af62: 17 internal nodes; 1.1 s; peak memory 521 MiB.
2026-10-06T12:25:28Z INFO [1709/3688] 6cc972af-ddb4-4be8-9f04-bc4c15b8f616: 19 internal nodes; 1.1 s; peak memory 521 MiB.
2026-10-06T12:25:34Z INFO [1710/3688] 6cca8a62-1baa-40e0-8a8b-8226d0c02433: 73 internal nodes; 6.0 s; peak memory 521 MiB.
2026-10-06T12:25:35Z INFO [1711/3688] 6ccafac2-0b26-49a4-b564-e531be1d110c: 27 internal nodes; 1.3 s; peak memory 521 MiB.
2026-10-06T12:25:36Z INFO [1712/3688] 6ccb2c19-0a16-42eb-a210-aa0327084c0c: 29 internal nodes; 1.5 s; peak memory 521 MiB.
2026-10-06T12:25:38Z INFO [1713/3688] 6ccbe41f-81ea-4538-8deb-942cf3c65555: 11 internal nodes; 1.1 s; peak memory 521 MiB.
2026-10-06T12:25:39Z INFO [1714/3688] 6ccd2634-83f8-45b0-a4e6-33ae89c60c62: 18 internal nodes; 1.3 s; peak memory 521 MiB.
2026-10-06T12:25:40Z INFO [1715/3688] 6cce1e3e-5010-4cef-96c2-6ef608ca7dd9: 17 internal nodes; 1.2 s; peak memory 521 MiB.
2026-10-06T12:25:41Z INFO [1716/3688] 6cce2be3-9ca8-4969-955d-2001c6288f7b: 19 internal nodes; 1.1 s; peak memory 521 MiB.
2026-10-06T12:25:42Z INFO [1717/3688] 6ccfb1f7-40fc-44b5-8df1-3831d7659ce2: 27 internal nodes; 0.9 s; peak memory 521 MiB.
2026-10-06T12:25:50Z INFO [1718/3688] 6cd051af-1113-4301-b2e5-4b3556f34318: 184 internal nodes; 7.9 s; peak memory 521 MiB.
2026-10-06T12:25:51Z INFO [1719/3688] 6cd06980-4e27-4488-bddb-675e00003be4: 27 internal nodes; 1.5 s; peak memory 521 MiB.
2026-10-06T12:25:53Z INFO [1720/3688] 6cd1229e-833e-4539-860d-e73c3b5a6d11: 27 internal nodes; 1.4 s; peak memory 521 MiB.
2026-10-06T12:25:55Z INFO [1721/3688] 6cd16efc-a727-4917-b877-f52cb363c50f: 31 internal nodes; 2.0 s; peak memory 521 MiB.
2026-10-06T12:26:09Z INFO [1722/3688] 6cd1c57a-04b6-4d12-b055-a5782f87d344: 318 internal nodes; 13.8 s; peak memory 521 MiB.
2026-10-06T12:26:10Z INFO [1723/3688] 6cd2017a-ec16-4fc9-9fec-7c87107df389: 19 internal nodes; 1.0 s; peak memory 521 MiB.
2026-10-06T12:26:11Z INFO [1724/3688] 6cd20d72-4817-46cf-a710-43895e3772f3: 116 internal nodes; 1.6 s; peak memory 521 MiB.
2026-10-06T12:26:12Z INFO [1725/3688] 6cd27349-1f0c-4f37-8b3a-9825cb9db4af: 29 internal nodes; 1.1 s; peak memory 521 MiB.
2026-10-06T12:26:14Z INFO [1726/3688] 6cd2c295-aa02-43d5-97ef-a2b42dfb0cbf: 29 internal nodes; 1.4 s; peak memory 521 MiB.
2026-10-06T12:26:20Z INFO [1727/3688] 6cd2da31-af4d-4eaa-8250-e6e381b13d27: 73 internal nodes; 6.1 s; peak memory 521 MiB.
2026-10-06T12:26:21Z INFO [1728/3688] 6cd32d78-7a21-4ac1-a250-d8eda9eef4c7: 17 internal nodes; 1.1 s; peak memory 521 MiB.
2026-10-06T12:26:27Z INFO [1729/3688] 6cd39996-3f7d-40f1-8510-913ce00f8f02: 100 internal nodes; 6.4 s; peak memory 521 MiB.
2026-10-06T12:26:29Z INFO [1730/3688] 6cd4237d-85f8-4058-9c39-f553e32a61c9: 23 internal nodes; 1.4 s; peak memory 521 MiB.
2026-10-06T12:26:45Z INFO [1731/3688] 6cd48859-7206-4600-880d-8f6d284b0b8a: 342 internal nodes; 16.2 s; peak memory 521 MiB.
2026-10-06T12:26:51Z INFO [1732/3688] 6cd5d517-d90a-4eae-8e73-33dbb54110d8: 177 internal nodes; 6.4 s; peak memory 521 MiB.
2026-10-06T12:26:52Z INFO [1733/3688] 6cd5d7b0-e5ae-4da8-97c7-ae1c44ca7f37: 17 internal nodes; 0.9 s; peak memory 521 MiB.
2026-10-06T12:26:59Z INFO [1734/3688] 6cd5feb5-24ba-4cca-89ec-dcafb9612124: 177 internal nodes; 6.6 s; peak memory 521 MiB.
2026-10-06T12:27:00Z INFO [1735/3688] 6cd6db5d-1a8a-481f-bb48-6bc0314b4cf3: 28 internal nodes; 1.1 s; peak memory 521 MiB.
2026-10-06T12:27:01Z INFO [1736/3688] 6cd7c6c2-9e72-4df3-82d1-5fd0743db43f: 18 internal nodes; 1.4 s; peak memory 521 MiB.
2026-10-06T12:27:03Z INFO [1737/3688] 6cd81c1e-adcd-4844-a9b4-1fb7f095efec: 18 internal nodes; 1.3 s; peak memory 521 MiB.
2026-10-06T12:27:04Z INFO [1738/3688] 6cd85948-baf2-47d1-a7c9-3d816282517b: 11 internal nodes; 0.8 s; peak memory 521 MiB.
2026-10-06T12:27:11Z INFO [1739/3688] 6cd93d7c-d837-45f2-a15f-8db7fff69f96: 84 internal nodes; 7.2 s; peak memory 521 MiB.
2026-10-06T12:27:13Z INFO [1740/3688] 6cd95eaa-34f9-4305-b462-f822c4c47dae: 44 internal nodes; 2.7 s; peak memory 521 MiB.
2026-10-06T12:27:15Z INFO [1741/3688] 6cd960e2-3fa4-41c6-8488-4751424b88bf: 27 internal nodes; 1.2 s; peak memory 521 MiB.
2026-10-06T12:27:17Z INFO [1742/3688] 6cda0bb1-1528-426a-8628-ea6ed330c9cc: 27 internal nodes; 2.2 s; peak memory 521 MiB.
2026-10-06T12:27:18Z INFO [1743/3688] 6cdb5a38-8d43-4bab-9db0-071bdc896569: 17 internal nodes; 1.2 s; peak memory 521 MiB.
2026-10-06T12:27:20Z INFO [1744/3688] 6cdbedcd-0bda-4ad0-88d6-694c8cf2ad4d: 27 internal nodes; 2.3 s; peak memory 521 MiB.
2026-10-06T12:27:22Z INFO [1745/3688] 6cdc5fda-4a73-47d9-965b-a4b914caea9e: 19 internal nodes; 1.2 s; peak memory 521 MiB.
2026-10-06T12:27:32Z INFO [1746/3688] 6cdcbf8c-a6b0-4103-a325-736e3a038335: 114 internal nodes; 10.7 s; peak memory 521 MiB.
2026-10-06T12:27:40Z INFO [1747/3688] 6cdcca97-fbf5-4dd4-9b4e-2623ca412e3c: 66 internal nodes; 7.9 s; peak memory 521 MiB.
2026-10-06T12:27:47Z INFO [1748/3688] 6cdd1560-3fdd-4f1f-82f1-9399be2b5b00: 73 internal nodes; 6.5 s; peak memory 521 MiB.
2026-10-06T12:27:48Z INFO [1749/3688] 6cdd7369-f402-456a-bc1a-0af6e1051d47: 41 internal nodes; 1.6 s; peak memory 521 MiB.
2026-10-06T12:27:49Z INFO [1750/3688] 6cde33d3-a200-4230-8d34-66e4d9375b1a: 27 internal nodes; 1.2 s; peak memory 521 MiB.
2026-10-06T12:27:50Z INFO [1750/3688] 6cde33d3-a200-4230-8d34-66e4d9375b1a: checkpointed 99194 records.
2026-10-06T12:27:51Z INFO [1751/3688] 6cdecfa3-c8e7-4473-89f2-d17b0ff5738e: 27 internal nodes; 1.4 s; peak memory 521 MiB.
2026-10-06T12:27:53Z INFO [1752/3688] 6cdf7775-f558-4d85-a47b-ae529f1d4e5b: 58 internal nodes; 2.0 s; peak memory 521 MiB.
2026-10-06T12:27:54Z INFO [1753/3688] 6ce13eaa-f20c-4671-a2db-55df228584bb: 17 internal nodes; 1.1 s; peak memory 521 MiB.
2026-10-06T12:27:55Z INFO [1754/3688] 6ce1c2da-a77e-4559-9fc4-fdbf2e3364d4: 17 internal nodes; 1.1 s; peak memory 521 MiB.
2026-10-06T12:27:57Z INFO [1755/3688] 6ce24b2a-dd8c-4ef6-b8ed-7b2ba27cc726: 26 internal nodes; 1.1 s; peak memory 521 MiB.
2026-10-06T12:27:58Z INFO [1756/3688] 6ce31656-c347-46b0-90f0-a78564fbc809: 27 internal nodes; 1.3 s; peak memory 521 MiB.
2026-10-06T12:27:59Z INFO [1757/3688] 6ce3b1ff-0606-4293-aea0-af5927cb5d82: 17 internal nodes; 1.0 s; peak memory 521 MiB.
2026-10-06T12:28:01Z INFO [1758/3688] 6ce3be33-6441-49e6-b8df-b9769c954dc2: 58 internal nodes; 2.0 s; peak memory 521 MiB.
2026-10-06T12:28:02Z INFO [1759/3688] 6ce44aea-1d97-4d56-95eb-360685ccd94a: 17 internal nodes; 1.2 s; peak memory 521 MiB.
2026-10-06T12:28:03Z INFO [1760/3688] 6ce4992d-cedc-4cea-b1f5-e11e9d32236f: 17 internal nodes; 1.0 s; peak memory 521 MiB.
2026-10-06T12:28:04Z INFO [1761/3688] 6ce4bd0e-c35f-4122-9e6c-183401049c3c: 17 internal nodes; 1.1 s; peak memory 521 MiB.
2026-10-06T12:28:09Z INFO [1762/3688] 6ce4e342-b871-484d-9514-a04c11f727f2: 43 internal nodes; 4.4 s; peak memory 521 MiB.
2026-10-06T12:28:17Z INFO [1763/3688] 6ce4ed85-d712-421d-8c42-7eda9009e063: 203 internal nodes; 8.8 s; peak memory 521 MiB.
2026-10-06T12:28:19Z INFO [1764/3688] 6ce4f678-cfdb-46e2-84af-421516aca104: 17 internal nodes; 1.2 s; peak memory 521 MiB.
2026-10-06T12:28:21Z INFO [1765/3688] 6ce68233-4e28-4001-9ea7-bad1beb4e0c3: 30 internal nodes; 2.6 s; peak memory 521 MiB.
2026-10-06T12:28:29Z INFO [1766/3688] 6ce7ab65-9382-4aaa-8736-a8040ab345f7: 61 internal nodes; 7.4 s; peak memory 521 MiB.
2026-10-06T12:28:30Z INFO [1767/3688] 6ce7fa80-ef80-4ecd-93b1-6fb44ac3c7d0: 30 internal nodes; 1.4 s; peak memory 521 MiB.
2026-10-06T12:28:36Z INFO [1768/3688] 6ce8abcd-b4ca-4103-8534-67b82735c48f: 71 internal nodes; 5.7 s; peak memory 521 MiB.
2026-10-06T12:28:37Z INFO [1769/3688] 6ce8b608-846d-4415-9463-4ce685680a73: 27 internal nodes; 1.3 s; peak memory 521 MiB.
2026-10-06T12:28:38Z INFO [1770/3688] 6ce94adc-f926-4c09-bb0d-e25251d52120: 17 internal nodes; 0.8 s; peak memory 521 MiB.
2026-10-06T12:28:40Z INFO [1771/3688] 6ce9afb1-afe3-4427-b80b-4a9240d58148: 31 internal nodes; 1.8 s; peak memory 521 MiB.
2026-10-06T12:28:41Z INFO [1772/3688] 6ce9b21b-fe55-4c87-8225-56088f28d1e8: 17 internal nodes; 1.1 s; peak memory 521 MiB.
2026-10-06T12:28:47Z INFO [1773/3688] 6cea597f-e4b1-4775-8929-00486a94feb5: 41 internal nodes; 6.2 s; peak memory 521 MiB.
2026-10-06T12:28:48Z INFO [1774/3688] 6cea8db7-bcf2-4b50-a965-0f88ce03c2a3: 31 internal nodes; 1.4 s; peak memory 521 MiB.
2026-10-06T12:28:50Z INFO [1775/3688] 6ceaddf9-0a5b-411e-86e8-3d211e853128: 31 internal nodes; 1.8 s; peak memory 521 MiB.
2026-10-06T12:28:53Z INFO [1776/3688] 6ceb4891-1235-4f2b-9c5d-2e35f01cff12: 66 internal nodes; 2.2 s; peak memory 521 MiB.
2026-10-06T12:28:55Z INFO [1777/3688] 6cebbc62-49cb-4cba-92c1-90b25640baae: 21 internal nodes; 2.3 s; peak memory 521 MiB.
2026-10-06T12:28:56Z INFO [1778/3688] 6cec29bd-875d-468b-9b3e-e462a6c31b83: 17 internal nodes; 1.1 s; peak memory 521 MiB.
2026-10-06T12:28:57Z INFO [1779/3688] 6cecad26-1325-43d1-b048-6b1ce1666bf9: 26 internal nodes; 0.8 s; peak memory 521 MiB.
2026-10-06T12:28:58Z INFO [1780/3688] 6cece0a5-4893-46d8-89c7-6402b797e210: 27 internal nodes; 1.3 s; peak memory 521 MiB.
2026-10-06T12:29:01Z INFO [1781/3688] 6ced9ab2-497b-4e75-99a7-52894221dcee: 44 internal nodes; 2.7 s; peak memory 521 MiB.
2026-10-06T12:29:02Z INFO [1782/3688] 6cef9f40-06c5-4531-b648-8155a9e5afb0: 17 internal nodes; 1.2 s; peak memory 521 MiB.
2026-10-06T12:29:03Z INFO [1783/3688] 6cefb374-ce39-4028-a7cd-8ad4bbbc9f38: 17 internal nodes; 1.1 s; peak memory 521 MiB.
2026-10-06T12:29:05Z INFO [1784/3688] 6cf00f1b-4cf1-4321-8b83-2151e6482425: 26 internal nodes; 2.1 s; peak memory 521 MiB.
2026-10-06T12:29:06Z INFO [1785/3688] 6cf045b7-680e-4bc7-bb7d-fab42a3473df: 17 internal nodes; 1.1 s; peak memory 521 MiB.
2026-10-06T12:29:07Z INFO [1786/3688] 6cf11af7-3f6a-46cb-8b52-154375d1c398: 19 internal nodes; 1.2 s; peak memory 521 MiB.
2026-10-06T12:29:09Z INFO [1787/3688] 6cf1667f-218d-4ca6-8a7a-2e6dc0ad1b7d: 31 internal nodes; 1.5 s; peak memory 521 MiB.
2026-10-06T12:29:10Z INFO [1788/3688] 6cf21a67-1e02-4eee-977d-9c51c4cb49f5: 19 internal nodes; 1.3 s; peak memory 521 MiB.
2026-10-06T12:29:11Z INFO [1789/3688] 6cf23b83-8b03-4786-8636-d072556e7da2: 17 internal nodes; 1.2 s; peak memory 521 MiB.
2026-10-06T12:29:12Z INFO [1790/3688] 6cf242d9-1efa-40d8-bc05-b5e62ef4eb79: 13 internal nodes; 1.1 s; peak memory 521 MiB.
2026-10-06T12:29:32Z INFO [1791/3688] 6cf41644-d8b4-4711-b9a3-62292250dc3c: 409 internal nodes; 19.8 s; peak memory 521 MiB.
2026-10-06T12:29:34Z INFO [1792/3688] 6cf4dbe3-bca7-4451-95af-d48f15d8d601: 31 internal nodes; 1.9 s; peak memory 521 MiB.
2026-10-06T12:29:35Z INFO [1793/3688] 6cf65ce5-8820-4778-99c9-d59a84175baf: 18 internal nodes; 1.0 s; peak memory 521 MiB.
2026-10-06T12:29:36Z INFO [1794/3688] 6cf6cdae-3701-4648-8a17-7e27ef32731e: 17 internal nodes; 1.3 s; peak memory 521 MiB.
2026-10-06T12:29:38Z INFO [1795/3688] 6cf8fdee-f28f-42be-8fb0-f6ed49775bf5: 31 internal nodes; 2.0 s; peak memory 521 MiB.
2026-10-06T12:29:40Z INFO [1796/3688] 6cf93f66-9b26-4051-b574-255ca93f6daa: 11 internal nodes; 1.0 s; peak memory 521 MiB.
2026-10-06T12:29:40Z INFO [1797/3688] 6cf997f7-d7e3-492b-806b-094dd10fdc56: 11 internal nodes; 0.9 s; peak memory 521 MiB.
2026-10-06T12:29:42Z INFO [1798/3688] 6cf9991a-f146-4ba6-8437-92f8572b4b94: 60 internal nodes; 1.8 s; peak memory 521 MiB.
2026-10-06T12:29:54Z INFO [1799/3688] 6cfb3ed2-d17d-45b8-a8e1-4ac593e44540: 1702 internal nodes; 11.9 s; peak memory 521 MiB.
2026-10-06T12:30:02Z INFO [1800/3688] 6cfb3f54-65f9-44c8-997b-265b8f39cdcf: 177 internal nodes; 7.4 s; peak memory 521 MiB.
2026-10-06T12:30:02Z INFO [1800/3688] 6cfb3f54-65f9-44c8-997b-265b8f39cdcf: checkpointed 99244 records.
2026-10-06T12:30:03Z INFO [1801/3688] 6cfb49d9-3015-4ce5-98b5-7d599d213c2f: 23 internal nodes; 1.5 s; peak memory 521 MiB.
2026-10-06T12:30:04Z INFO [1802/3688] 6cfc4de1-ff8a-4da6-bf62-8d51512acffd: 26 internal nodes; 0.8 s; peak memory 521 MiB.
2026-10-06T12:30:12Z INFO [1803/3688] 6cfcea5a-296d-4a39-9a69-ea16744c2e65: 177 internal nodes; 7.2 s; peak memory 521 MiB.
2026-10-06T12:30:19Z INFO [1804/3688] 6cfe6914-8b5c-4f6e-921f-b90079a5e87d: 139 internal nodes; 7.8 s; peak memory 521 MiB.
2026-10-06T12:30:21Z INFO [1805/3688] 6cff0bd0-8ebc-4607-b819-348eed1ce4cb: 31 internal nodes; 1.6 s; peak memory 521 MiB.
2026-10-06T12:30:24Z INFO [1806/3688] 6cff1576-2914-4472-8e88-2ecfa089507d: 47 internal nodes; 3.5 s; peak memory 521 MiB.
2026-10-06T12:30:26Z INFO [1807/3688] 6cff8216-47b2-4d2a-91a2-61d1d88e9b12: 27 internal nodes; 1.5 s; peak memory 521 MiB.
2026-10-06T12:30:27Z INFO [1808/3688] 6d002c8e-3b7a-480c-98c8-32a8601659ae: 16 internal nodes; 1.5 s; peak memory 521 MiB.
2026-10-06T12:30:41Z INFO [1809/3688] 6d01301d-ba19-45a3-aa16-2c3f8c25f13c: 77 internal nodes; 14.0 s; peak memory 521 MiB.
2026-10-06T12:30:43Z INFO [1810/3688] 6d018577-3fa2-49ef-bb40-35cf4ab4c4a0: 63 internal nodes; 1.5 s; peak memory 521 MiB.
2026-10-06T12:30:45Z INFO [1811/3688] 6d019436-68a8-49ca-a427-3f9b49cef4f5: 29 internal nodes; 1.8 s; peak memory 521 MiB.
2026-10-06T12:30:46Z INFO [1812/3688] 6d01adb5-86a3-4922-afd8-badabb7bee89: 27 internal nodes; 1.6 s; peak memory 521 MiB.
2026-10-06T12:30:50Z INFO [1813/3688] 6d01b610-daaf-442b-bbae-34c6fa7c3b8d: 46 internal nodes; 3.5 s; peak memory 521 MiB.
2026-10-06T12:30:51Z INFO [1814/3688] 6d01c7ac-b4cb-411f-a138-199d13ff0561: 19 internal nodes; 1.3 s; peak memory 521 MiB.
2026-10-06T12:30:53Z INFO [1815/3688] 6d01e239-0c12-477c-a48f-106c02f0d315: 36 internal nodes; 1.6 s; peak memory 521 MiB.
2026-10-06T12:31:03Z INFO [1816/3688] 6d028f2f-369b-4ca1-a171-16db1218adc4: 50 internal nodes; 9.9 s; peak memory 521 MiB.
2026-10-06T12:31:04Z INFO [1817/3688] 6d02cea5-a8e4-4533-89ac-d90c575ab836: 29 internal nodes; 1.9 s; peak memory 521 MiB.
2026-10-06T12:31:11Z INFO [1818/3688] 6d040958-2e1a-454f-8acd-81650bb6eec1: 159 internal nodes; 6.4 s; peak memory 521 MiB.
2026-10-06T12:31:14Z INFO [1819/3688] 6d041567-2e28-48f3-ba30-05623ba94b04: 28 internal nodes; 2.6 s; peak memory 521 MiB.
2026-10-06T12:31:15Z INFO [1820/3688] 6d058565-d934-499b-827d-3bd48531f970: 17 internal nodes; 1.1 s; peak memory 521 MiB.
2026-10-06T12:31:16Z INFO [1821/3688] 6d05e74d-e535-4f3a-b2d0-2b4985c36a48: 31 internal nodes; 1.6 s; peak memory 521 MiB.
2026-10-06T12:31:24Z INFO [1822/3688] 6d06967c-50d5-4005-9f54-7f628cee1fde: 219 internal nodes; 7.3 s; peak memory 521 MiB.
2026-10-06T12:31:25Z INFO [1823/3688] 6d069f28-ed16-4a7c-8991-667fb46c4412: 27 internal nodes; 1.6 s; peak memory 521 MiB.
2026-10-06T12:31:26Z INFO [1824/3688] 6d06c8fd-b87d-456a-b3d9-abfb172abe8a: 13 internal nodes; 0.8 s; peak memory 521 MiB.
2026-10-06T12:31:32Z INFO [1825/3688] 6d0729b6-75d9-4edb-8f4e-b3f57d48e55e: 126 internal nodes; 6.1 s; peak memory 521 MiB.
2026-10-06T12:31:34Z INFO [1826/3688] 6d086b02-cad3-4c8d-acfa-cadae01acef9: 69 internal nodes; 1.8 s; peak memory 521 MiB.
2026-10-06T12:31:35Z INFO [1827/3688] 6d091364-6ce0-4130-8845-06e75501e34e: 17 internal nodes; 1.1 s; peak memory 521 MiB.
2026-10-06T12:31:36Z INFO [1828/3688] 6d09ae35-40c1-4197-9ac0-0ad6074276ea: 19 internal nodes; 1.1 s; peak memory 521 MiB.
2026-10-06T12:31:37Z INFO [1829/3688] 6d0a325e-531a-45a2-9187-7b36aa63c896: 27 internal nodes; 1.4 s; peak memory 521 MiB.
2026-10-06T12:31:39Z INFO [1830/3688] 6d0c57b7-621d-4e29-87df-30da27d2eb5b: 31 internal nodes; 1.7 s; peak memory 521 MiB.
2026-10-06T12:31:42Z INFO [1831/3688] 6d0cca8b-8180-46f8-9bd5-ea24997e7908: 65 internal nodes; 2.4 s; peak memory 521 MiB.
2026-10-06T12:31:44Z INFO [1832/3688] 6d0d2f42-a275-4b74-a659-ed69fd100b80: 72 internal nodes; 2.0 s; peak memory 521 MiB.
2026-10-06T12:31:47Z INFO [1833/3688] 6d0d6d75-72af-448e-81bc-c8f0fb14dd2a: 46 internal nodes; 3.2 s; peak memory 521 MiB.
2026-10-06T12:31:48Z INFO [1834/3688] 6d0dbdef-5010-465a-8cba-0613d3216c3a: 27 internal nodes; 0.9 s; peak memory 521 MiB.
2026-10-06T12:31:49Z INFO [1835/3688] 6d0ecdc2-7d8e-4c60-b258-d4d692a8bf0f: 17 internal nodes; 1.2 s; peak memory 521 MiB.
2026-10-06T12:31:50Z INFO [1836/3688] 6d0ef552-dd1f-4d8c-955a-befd1e3521db: 115 internal nodes; 1.6 s; peak memory 521 MiB.
2026-10-06T12:31:53Z INFO [1837/3688] 6d0f9192-d4ae-4c39-a94a-3ab3fd32cd58: 52 internal nodes; 2.4 s; peak memory 521 MiB.
2026-10-06T12:31:54Z INFO [1838/3688] 6d0fe415-d8bf-46c0-83c6-abdc375f955a: 24 internal nodes; 1.3 s; peak memory 521 MiB.
2026-10-06T12:31:56Z INFO [1839/3688] 6d103323-b3b0-44b2-a4b4-c270aa593977: 69 internal nodes; 2.3 s; peak memory 521 MiB.
2026-10-06T12:31:58Z INFO [1840/3688] 6d106098-dbba-42d7-90d5-8d4a0ab9a2ef: 65 internal nodes; 1.8 s; peak memory 521 MiB.
2026-10-06T12:32:00Z INFO [1841/3688] 6d108a10-6989-42a5-bc9f-fbfae14a2279: 23 internal nodes; 1.4 s; peak memory 521 MiB.
2026-10-06T12:32:02Z INFO [1842/3688] 6d10aa78-07c2-4e93-99ad-e40bdaaea300: 58 internal nodes; 1.9 s; peak memory 521 MiB.
2026-10-06T12:32:10Z INFO [1843/3688] 6d1252be-e119-4917-afd9-18d0e0367771: 66 internal nodes; 8.1 s; peak memory 521 MiB.
2026-10-06T12:32:12Z INFO [1844/3688] 6d12bdd6-5b14-4259-946e-6597af121d71: 31 internal nodes; 1.8 s; peak memory 521 MiB.
2026-10-06T12:32:13Z INFO [1845/3688] 6d1302f1-a4fa-4ad9-bef4-bff3a5a667eb: 17 internal nodes; 1.2 s; peak memory 521 MiB.
2026-10-06T12:32:14Z INFO [1846/3688] 6d133dcb-39ba-4533-abf3-d12878946f00: 19 internal nodes; 1.2 s; peak memory 521 MiB.
2026-10-06T12:32:16Z INFO [1847/3688] 6d13afb5-4233-4117-893b-45a9b280085e: 67 internal nodes; 1.8 s; peak memory 521 MiB.
2026-10-06T12:32:17Z INFO [1848/3688] 6d145b23-2c2f-430e-b31f-efc85767bf18: 90 internal nodes; 1.6 s; peak memory 521 MiB.
2026-10-06T12:32:18Z INFO [1849/3688] 6d146929-5097-44a8-9b43-4ebfcb729800: 20 internal nodes; 1.1 s; peak memory 521 MiB.
2026-10-06T12:32:20Z INFO [1850/3688] 6d14774c-36eb-489b-a9db-882845887643: 31 internal nodes; 1.8 s; peak memory 521 MiB.
2026-10-06T12:32:21Z INFO [1850/3688] 6d14774c-36eb-489b-a9db-882845887643: checkpointed 99294 records.
2026-10-06T12:32:23Z INFO [1851/3688] 6d151332-9393-4051-94ff-0deb585c848d: 29 internal nodes; 2.1 s; peak memory 521 MiB.
2026-10-06T12:32:24Z INFO [1852/3688] 6d15984b-878b-45fd-8766-0b8e766735b2: 27 internal nodes; 1.4 s; peak memory 521 MiB.
2026-10-06T12:32:25Z INFO [1853/3688] 6d15f984-957b-4dd3-8fe1-0a26515d3500: 27 internal nodes; 0.9 s; peak memory 521 MiB.
2026-10-06T12:32:28Z INFO [1854/3688] 6d161345-a82a-481e-92e5-f69dee46a2c1: 46 internal nodes; 3.6 s; peak memory 521 MiB.
2026-10-06T12:32:31Z INFO [1855/3688] 6d164d80-1596-4a32-8333-f515f1a56002: 53 internal nodes; 2.6 s; peak memory 521 MiB.
2026-10-06T12:32:33Z INFO [1856/3688] 6d164efd-7ee6-40cb-be2c-e5d08e698b69: 27 internal nodes; 1.5 s; peak memory 521 MiB.
2026-10-06T12:32:34Z INFO [1857/3688] 6d175f4a-c93c-4c9d-a417-5e0950502115: 37 internal nodes; 1.7 s; peak memory 521 MiB.
2026-10-06T12:32:36Z INFO [1858/3688] 6d189dc7-aa29-4e40-a190-08435a8e4aa3: 27 internal nodes; 1.4 s; peak memory 521 MiB.
2026-10-06T12:32:37Z INFO [1859/3688] 6d18a420-7e1b-43f1-bb1a-3f790384fbef: 31 internal nodes; 1.4 s; peak memory 521 MiB.
2026-10-06T12:32:38Z INFO [1860/3688] 6d18af04-a092-4e8f-b138-ffa979170041: 20 internal nodes; 1.2 s; peak memory 521 MiB.
2026-10-06T12:32:42Z INFO [1861/3688] 6d19ed0d-86e5-4a6e-91c7-91cb40d60cff: 46 internal nodes; 3.5 s; peak memory 521 MiB.
2026-10-06T12:32:49Z INFO [1862/3688] 6d1a0bd1-7145-4d10-a311-39327b40dce8: 55 internal nodes; 7.1 s; peak memory 521 MiB.
2026-10-06T12:32:58Z INFO [1863/3688] 6d1a1c4e-9fc5-41bd-8f9a-c63911ed1c28: 61 internal nodes; 8.6 s; peak memory 521 MiB.
2026-10-06T12:32:59Z INFO [1864/3688] 6d1acf50-edff-40d9-8d0d-6cb7c34760db: 17 internal nodes; 1.1 s; peak memory 521 MiB.
2026-10-06T12:33:01Z INFO [1865/3688] 6d1b0ce8-4599-4b72-bf67-6eb66249a337: 25 internal nodes; 2.1 s; peak memory 521 MiB.
2026-10-06T12:33:02Z INFO [1866/3688] 6d1b2dcd-c458-492b-8d76-8586434d5c49: 11 internal nodes; 1.1 s; peak memory 521 MiB.
2026-10-06T12:33:03Z INFO [1867/3688] 6d1d1729-bc59-45a3-880b-29f6cf3bcf83: 11 internal nodes; 0.7 s; peak memory 521 MiB.
2026-10-06T12:33:04Z INFO [1868/3688] 6d1d3d3e-475e-4938-8aa0-d08dc2b9b8bf: 27 internal nodes; 1.5 s; peak memory 521 MiB.
2026-10-06T12:33:06Z INFO [1869/3688] 6d1d5b31-3961-414e-8f80-23a00ce7baff: 26 internal nodes; 1.4 s; peak memory 521 MiB.
2026-10-06T12:33:07Z INFO [1870/3688] 6d1dacaa-acae-43c7-b69a-479b5de588b2: 31 internal nodes; 1.8 s; peak memory 521 MiB.
2026-10-06T12:33:09Z INFO [1871/3688] 6d1dfec0-974f-4ffb-b288-2231a1bd9c2b: 19 internal nodes; 1.5 s; peak memory 521 MiB.
2026-10-06T12:33:23Z INFO [1872/3688] 6d1f7abd-24a5-434d-a90a-71f606c49fb3: 343 internal nodes; 14.1 s; peak memory 521 MiB.
2026-10-06T12:33:24Z INFO [1873/3688] 6d1f9fd1-bab3-45e1-b609-f6683cc75a47: 63 internal nodes; 1.6 s; peak memory 521 MiB.
2026-10-06T12:33:25Z INFO [1874/3688] 6d210523-37fe-4147-9059-f04aa4bc1565: 17 internal nodes; 1.1 s; peak memory 521 MiB.
2026-10-06T12:33:27Z INFO [1875/3688] 6d211a63-7f4c-4ee5-83ee-54fab84e25b9: 18 internal nodes; 1.1 s; peak memory 521 MiB.
2026-10-06T12:33:28Z INFO [1876/3688] 6d2128fc-1e53-4966-ba4c-7d1689a0e83b: 60 internal nodes; 1.6 s; peak memory 521 MiB.
2026-10-06T12:33:30Z INFO [1877/3688] 6d2276db-d0c2-4d27-8f8d-b2b91cbdfad8: 59 internal nodes; 2.3 s; peak memory 521 MiB.
2026-10-06T12:33:38Z INFO [1878/3688] 6d233dd2-4655-4cdd-9646-f4a792c07926: 157 internal nodes; 7.2 s; peak memory 521 MiB.
2026-10-06T12:33:39Z INFO [1879/3688] 6d236d17-970c-42f1-a699-2cae2838532d: 17 internal nodes; 1.1 s; peak memory 521 MiB.
2026-10-06T12:33:40Z INFO [1880/3688] 6d2421e0-2ecd-4fed-ab7b-80cf22f91583: 27 internal nodes; 1.4 s; peak memory 521 MiB.
2026-10-06T12:33:42Z INFO [1881/3688] 6d2614f3-6e89-43b8-b7cc-3ad911ba47c5: 54 internal nodes; 2.1 s; peak memory 521 MiB.
2026-10-06T12:33:44Z INFO [1882/3688] 6d263b98-6453-4029-a0a2-8d99f8e282f7: 27 internal nodes; 1.2 s; peak memory 521 MiB.
2026-10-06T12:33:45Z INFO [1883/3688] 6d2658c1-6231-48fb-8c0e-2c992a5bfcb9: 24 internal nodes; 1.9 s; peak memory 521 MiB.
2026-10-06T12:33:48Z INFO [1884/3688] 6d26d7bc-cc32-4122-b18b-33eaae4472e7: 30 internal nodes; 2.3 s; peak memory 521 MiB.
2026-10-06T12:33:49Z INFO [1885/3688] 6d27141e-013c-4fe7-848d-b96b42e84d10: 22 internal nodes; 1.4 s; peak memory 521 MiB.
2026-10-06T12:33:53Z INFO [1886/3688] 6d2743fc-5bb3-4cf7-a323-ca7b6cc6a008: 63 internal nodes; 3.6 s; peak memory 521 MiB.
2026-10-06T12:33:55Z INFO [1887/3688] 6d275098-271d-45d4-af70-1c9dbc008baf: 31 internal nodes; 1.9 s; peak memory 521 MiB.
2026-10-06T12:33:56Z INFO [1888/3688] 6d2750bb-ad82-4d27-b23a-25d0981c9c1b: 17 internal nodes; 1.0 s; peak memory 521 MiB.
2026-10-06T12:33:57Z INFO [1889/3688] 6d27d1e8-8ade-422e-a596-86900459dc4f: 31 internal nodes; 1.5 s; peak memory 521 MiB.
2026-10-06T12:34:03Z INFO [1890/3688] 6d2858e3-d6f0-4d37-9534-212f1a2d4597: 73 internal nodes; 6.0 s; peak memory 521 MiB.
2026-10-06T12:34:10Z INFO [1891/3688] 6d29862c-6e66-43c6-90b3-79b4996ce2e5: 61 internal nodes; 7.1 s; peak memory 521 MiB.
2026-10-06T12:34:11Z INFO [1892/3688] 6d29f155-085e-42e7-b769-4cab35f3a752: 17 internal nodes; 1.1 s; peak memory 521 MiB.
2026-10-06T12:34:12Z INFO [1893/3688] 6d2a1816-3267-4f77-9925-47afbfbe3053: 25 internal nodes; 1.1 s; peak memory 521 MiB.
2026-10-06T12:34:14Z INFO [1894/3688] 6d2a3ac9-c060-4a08-ae94-f6b444d04149: 29 internal nodes; 1.7 s; peak memory 521 MiB.
2026-10-06T12:34:15Z INFO [1895/3688] 6d2a63d8-0ef4-42b4-94a7-5c27dbdda077: 17 internal nodes; 1.1 s; peak memory 521 MiB.
2026-10-06T12:34:21Z INFO [1896/3688] 6d2ae9e2-071a-4d7d-ba24-bfaa2b5f31ea: 119 internal nodes; 5.9 s; peak memory 521 MiB.
2026-10-06T12:34:23Z INFO [1897/3688] 6d2bfb77-d77f-4119-8416-ae4119ff4989: 31 internal nodes; 1.7 s; peak memory 521 MiB.
2026-10-06T12:34:25Z INFO [1898/3688] 6d2d0d20-d423-4bc4-857a-5db32520fdd1: 69 internal nodes; 1.9 s; peak memory 521 MiB.
2026-10-06T12:34:26Z INFO [1899/3688] 6d2d73d1-94f4-4d01-ba24-23977615da1b: 17 internal nodes; 1.2 s; peak memory 521 MiB.
2026-10-06T12:34:39Z INFO [1900/3688] 6d2df180-5c88-46dd-ba7c-d31fcd5c35cf: 304 internal nodes; 13.2 s; peak memory 521 MiB.
2026-10-06T12:34:40Z INFO [1900/3688] 6d2df180-5c88-46dd-ba7c-d31fcd5c35cf: checkpointed 99344 records.
2026-10-06T12:34:41Z INFO [1901/3688] 6d2e8f07-b2c9-4dfa-b45a-1d4712fabf46: 29 internal nodes; 1.7 s; peak memory 521 MiB.
2026-10-06T12:34:43Z INFO [1902/3688] 6d2f5cfc-86d7-4f73-a982-e21d83f42332: 54 internal nodes; 1.6 s; peak memory 521 MiB.
2026-10-06T12:34:44Z INFO [1903/3688] 6d2f6754-fb99-439e-9715-087f5a1ea2ff: 27 internal nodes; 1.2 s; peak memory 521 MiB.
2026-10-06T12:34:45Z INFO [1904/3688] 6d2fb54a-a85b-4f86-b0dd-79fb4913bcac: 27 internal nodes; 1.3 s; peak memory 521 MiB.
2026-10-06T12:34:46Z INFO [1905/3688] 6d2fd2b6-4375-493b-a0d6-1885a592ab81: 13 internal nodes; 0.9 s; peak memory 521 MiB.
2026-10-06T12:34:47Z INFO [1906/3688] 6d303be1-6650-4d88-9284-456c986ec11a: 17 internal nodes; 1.1 s; peak memory 521 MiB.
2026-10-06T12:34:49Z INFO [1907/3688] 6d30ca6e-abe0-4695-a4e1-dfef9ee07a27: 30 internal nodes; 1.5 s; peak memory 521 MiB.
2026-10-06T12:34:50Z INFO [1908/3688] 6d30cbd5-0a11-4dcc-bcfd-0acbc2a3c6e5: 17 internal nodes; 1.1 s; peak memory 521 MiB.
2026-10-06T12:34:51Z INFO [1909/3688] 6d310ab8-2e00-4a7b-8832-c58e6e7d0b6f: 19 internal nodes; 1.1 s; peak memory 521 MiB.
2026-10-06T12:35:02Z INFO [1910/3688] 6d317086-f986-4714-9d2f-a59f7319cb46: 216 internal nodes; 11.4 s; peak memory 521 MiB.
2026-10-06T12:35:04Z INFO [1911/3688] 6d320cf6-e0a2-4906-94c4-a4b4dc64eb31: 29 internal nodes; 1.5 s; peak memory 521 MiB.
2026-10-06T12:35:11Z INFO [1912/3688] 6d320e99-57c4-46d0-90c8-07cfa889e1c2: 677 internal nodes; 6.7 s; peak memory 521 MiB.
2026-10-06T12:35:12Z INFO [1913/3688] 6d334085-0698-4501-a382-be254d3dfdee: 120 internal nodes; 1.5 s; peak memory 521 MiB.
2026-10-06T12:35:13Z INFO [1914/3688] 6d36771d-9b3d-458e-abd6-ac1eb17b2334: 27 internal nodes; 0.9 s; peak memory 521 MiB.
2026-10-06T12:35:15Z INFO [1915/3688] 6d36d733-c8c7-421f-89b7-ccd0779f4c4d: 67 internal nodes; 2.0 s; peak memory 521 MiB.
2026-10-06T12:35:17Z INFO [1916/3688] 6d3806dd-c063-4d0a-9542-1dea3c09e4ef: 56 internal nodes; 1.6 s; peak memory 521 MiB.
2026-10-06T12:35:26Z INFO [1917/3688] 6d38af12-f114-4d8d-8808-81183448c2a2: 201 internal nodes; 9.1 s; peak memory 521 MiB.
2026-10-06T12:35:27Z INFO [1918/3688] 6d39a0db-4e7f-450e-808a-e26a2e0f0608: 63 internal nodes; 1.6 s; peak memory 521 MiB.
2026-10-06T12:35:28Z INFO [1919/3688] 6d39be01-e73d-4f20-b2a6-2a931e74694e: 13 internal nodes; 0.9 s; peak memory 521 MiB.
2026-10-06T12:35:34Z INFO [1920/3688] 6d3a3a19-f050-4ffa-a78c-dac3dcb8cf56: 73 internal nodes; 5.9 s; peak memory 521 MiB.
2026-10-06T12:35:36Z INFO [1921/3688] 6d3aeccc-17d0-4899-b3e3-c1b006d42d86: 72 internal nodes; 2.2 s; peak memory 521 MiB.
2026-10-06T12:35:37Z INFO [1922/3688] 6d3b0de8-06af-409f-8610-35825fd12bd9: 17 internal nodes; 1.2 s; peak memory 521 MiB.
2026-10-06T12:36:01Z INFO [1923/3688] 6d3bfee8-7b41-4cd2-a39f-6a1be2ab6e6e: 113 internal nodes; 23.7 s; peak memory 521 MiB.
2026-10-06T12:36:07Z INFO [1924/3688] 6d3c31da-981a-4e26-856b-3ed1747114d3: 135 internal nodes; 5.6 s; peak memory 521 MiB.
2026-10-06T12:36:08Z INFO [1925/3688] 6d3c3568-f8d2-48c5-816c-5f47008dc79d: 23 internal nodes; 1.2 s; peak memory 521 MiB.
2026-10-06T12:36:10Z INFO [1926/3688] 6d3c408c-f306-480f-a5b6-4e7bc00ba697: 26 internal nodes; 2.1 s; peak memory 521 MiB.
2026-10-06T12:36:11Z INFO [1927/3688] 6d3e316e-15c3-4e00-a504-ef8d55c95478: 27 internal nodes; 1.3 s; peak memory 521 MiB.
2026-10-06T12:36:12Z INFO [1928/3688] 6d3e8342-528a-4b61-ad60-7bd6c76a99aa: 17 internal nodes; 1.1 s; peak memory 521 MiB.
2026-10-06T12:36:14Z INFO [1929/3688] 6d3ea48c-c21e-4acc-a496-622394d32c15: 21 internal nodes; 1.3 s; peak memory 521 MiB.
2026-10-06T12:36:15Z INFO [1930/3688] 6d3f0879-3881-4173-8612-7c2289ddd8e0: 17 internal nodes; 1.1 s; peak memory 521 MiB.
2026-10-06T12:36:16Z INFO [1931/3688] 6d3fb49d-fd1a-4c9b-997d-77d67fa60aa1: 27 internal nodes; 1.3 s; peak memory 521 MiB.
2026-10-06T12:36:17Z INFO [1932/3688] 6d40945d-62d9-4589-8b44-c93528a66617: 13 internal nodes; 1.3 s; peak memory 521 MiB.
2026-10-06T12:36:18Z INFO [1933/3688] 6d40b697-05c5-41b7-bd43-077a62e0d3be: 13 internal nodes; 0.8 s; peak memory 521 MiB.
2026-10-06T12:36:19Z INFO [1934/3688] 6d415e21-6db7-47bc-959b-781a02edbcbd: 19 internal nodes; 1.1 s; peak memory 521 MiB.
2026-10-06T12:36:20Z INFO [1935/3688] 6d417569-ab7e-454f-8f45-3beaef8c76be: 15 internal nodes; 0.9 s; peak memory 521 MiB.
2026-10-06T12:36:22Z INFO [1936/3688] 6d41e2de-06a1-473e-a18e-2efd39f5310a: 31 internal nodes; 1.8 s; peak memory 521 MiB.
2026-10-06T12:36:23Z INFO [1937/3688] 6d4209e2-43ec-47a8-97f4-58d76708e2db: 11 internal nodes; 0.8 s; peak memory 521 MiB.
2026-10-06T12:36:24Z WARNING 6d423b55-67f8-42c9-9dee-caa73708d896: failed while reading the NWB file (KeyError: 'Unable to synchronously open object (component not found)')
2026-10-06T12:36:24Z WARNING [1938/3688] 6d423b55-67f8-42c9-9dee-caa73708d896: leaving unrecorded for a later run to retry.
2026-10-06T12:36:25Z INFO [1939/3688] 6d439714-c9cd-47cd-9f90-5ef4f507b485: 17 internal nodes; 1.0 s; peak memory 521 MiB.
2026-10-06T12:36:26Z INFO [1940/3688] 6d43b7f0-92ea-48ff-bacc-0fe2ef848bf2: 17 internal nodes; 1.1 s; peak memory 521 MiB.
2026-10-06T12:36:28Z INFO [1941/3688] 6d441a8e-f956-4f36-a685-cfe7301ad924: 23 internal nodes; 1.2 s; peak memory 521 MiB.
2026-10-06T12:36:40Z INFO [1942/3688] 6d444a85-d2a3-4596-8dbb-3ee331fa281a: 238 internal nodes; 12.6 s; peak memory 521 MiB.
2026-10-06T12:36:42Z INFO [1943/3688] 6d457e63-9444-40a7-86d4-70918bf313e4: 27 internal nodes; 1.3 s; peak memory 521 MiB.
2026-10-06T12:36:43Z INFO [1944/3688] 6d458ee4-3559-4700-895b-25a577a69624: 29 internal nodes; 1.7 s; peak memory 521 MiB.
2026-10-06T12:36:45Z INFO [1945/3688] 6d45e635-67d9-466d-a057-c1839abeb260: 27 internal nodes; 1.4 s; peak memory 521 MiB.
2026-10-06T12:36:45Z INFO [1946/3688] 6d45ee3a-dda1-4e43-83e2-01deb9fe4c87: 11 internal nodes; 0.7 s; peak memory 521 MiB.
2026-10-06T12:36:52Z INFO [1947/3688] 6d461de1-3fb5-4233-900a-74cebb9a4803: 180 internal nodes; 6.8 s; peak memory 521 MiB.
2026-10-06T12:36:53Z INFO [1948/3688] 6d469412-e1fd-442a-91cc-79240d43ce12: 31 internal nodes; 1.2 s; peak memory 521 MiB.
2026-10-06T12:36:57Z INFO [1949/3688] 6d46cdee-c09c-4a8d-afbd-b62fb8ca192f: 46 internal nodes; 3.4 s; peak memory 521 MiB.
2026-10-06T12:36:58Z INFO [1950/3688] 6d478856-4c0b-4acb-bf03-51f7d52ec419: 17 internal nodes; 1.1 s; peak memory 521 MiB.
2026-10-06T12:36:58Z INFO [1950/3688] 6d478856-4c0b-4acb-bf03-51f7d52ec419: checkpointed 99393 records.
2026-10-06T12:37:00Z INFO [1951/3688] 6d47b78d-e7db-493b-a0e3-75fa6c22c178: 27 internal nodes; 1.4 s; peak memory 521 MiB.
2026-10-06T12:37:01Z INFO [1952/3688] 6d47befc-5331-492e-bdd0-ea0fc876d6f2: 21 internal nodes; 1.0 s; peak memory 521 MiB.
2026-10-06T12:37:02Z INFO [1953/3688] 6d480851-ad82-45c7-a9af-177e5b1546c9: 17 internal nodes; 1.0 s; peak memory 521 MiB.
2026-10-06T12:37:03Z INFO [1954/3688] 6d489eaf-b49c-4930-be64-48977b65a5e6: 22 internal nodes; 1.3 s; peak memory 521 MiB.
2026-10-06T12:37:04Z INFO [1955/3688] 6d4905eb-07ff-4282-94e5-b8f211d8d206: 27 internal nodes; 1.5 s; peak memory 521 MiB.
2026-10-06T12:37:10Z INFO [1956/3688] 6d49439c-8058-4503-91f5-7e7d8ff6197d: 122 internal nodes; 5.6 s; peak memory 521 MiB.
2026-10-06T12:37:21Z INFO [1957/3688] 6d49aebf-7d1a-4d3b-94df-a9764c251957: 259 internal nodes; 10.8 s; peak memory 521 MiB.
2026-10-06T12:37:22Z INFO [1958/3688] 6d4aedb1-49af-494d-b1c1-b8739fc16e9e: 31 internal nodes; 1.5 s; peak memory 521 MiB.
2026-10-06T12:37:23Z INFO [1959/3688] 6d4c5e19-ba60-4f3a-95f5-be128ece8cb2: 11 internal nodes; 0.8 s; peak memory 521 MiB.
2026-10-06T12:37:24Z INFO [1960/3688] 6d4c7771-76b8-4ebc-a4b9-661b5d197599: 20 internal nodes; 0.9 s; peak memory 521 MiB.
2026-10-06T12:37:25Z INFO [1961/3688] 6d4c9a98-dd3e-4c31-af66-7ac8f3a6d03b: 22 internal nodes; 1.5 s; peak memory 521 MiB.
2026-10-06T12:37:27Z INFO [1962/3688] 6d4d0d07-b28e-4155-958d-e2c72f6ad8f4: 19 internal nodes; 1.1 s; peak memory 521 MiB.
2026-10-06T12:37:28Z INFO [1963/3688] 6d4d3b91-1464-4648-a82f-5471dbb68639: 17 internal nodes; 1.0 s; peak memory 521 MiB.
2026-10-06T12:37:28Z INFO [1964/3688] 6d4e342d-c886-4239-abda-8605dd48992e: 11 internal nodes; 0.8 s; peak memory 521 MiB.
2026-10-06T12:37:29Z INFO [1965/3688] 6d4ffd1b-9b5e-40f6-b72c-77a69e364f54: 26 internal nodes; 0.9 s; peak memory 521 MiB.
2026-10-06T12:37:41Z INFO [1966/3688] 6d50a037-e0cb-410d-9a07-d9abf21b73b2: 70 internal nodes; 11.4 s; peak memory 521 MiB.
2026-10-06T12:37:45Z INFO [1967/3688] 6d511a15-ea95-4aa2-8679-4530be2e9f4a: 41 internal nodes; 3.9 s; peak memory 521 MiB.
2026-10-06T12:37:48Z INFO [1968/3688] 6d5185fb-efeb-47b7-b8f4-e2578d165c23: 136 internal nodes; 3.1 s; peak memory 521 MiB.
2026-10-06T12:37:48Z INFO [1969/3688] 6d525a6e-2246-4fbc-8503-a0a5d7e7016d: 11 internal nodes; 0.7 s; peak memory 521 MiB.
2026-10-06T12:37:50Z INFO [1970/3688] 6d525a96-1105-456b-b3e9-9ea4f5ef34dc: 63 internal nodes; 1.6 s; peak memory 521 MiB.
2026-10-06T12:37:51Z INFO [1971/3688] 6d527dbe-0c94-4ae4-8a1d-c847dce5a677: 17 internal nodes; 1.0 s; peak memory 521 MiB.
2026-10-06T12:37:57Z INFO [1972/3688] 6d530b98-2910-464a-b60b-eb4ee7c9ffc7: 73 internal nodes; 6.1 s; peak memory 521 MiB.
2026-10-06T12:37:58Z INFO [1973/3688] 6d5436e0-4081-42f7-a88a-fac5179664d6: 17 internal nodes; 1.3 s; peak memory 521 MiB.
2026-10-06T12:38:00Z INFO [1974/3688] 6d54e472-6cac-49a2-b8e5-116dd1ce9099: 31 internal nodes; 1.9 s; peak memory 521 MiB.
2026-10-06T12:38:07Z INFO [1975/3688] 6d550a58-ecfc-4bc1-a62a-a0de3d19084e: 41 internal nodes; 6.9 s; peak memory 521 MiB.
2026-10-06T12:38:08Z INFO [1976/3688] 6d5541b7-5df1-4249-86c8-262febd9223a: 17 internal nodes; 1.1 s; peak memory 521 MiB.
2026-10-06T12:38:14Z INFO [1977/3688] 6d5577aa-2137-47a7-89cb-eb814c9c9157: 68 internal nodes; 5.5 s; peak memory 521 MiB.
2026-10-06T12:38:15Z INFO [1978/3688] 6d5582cb-3fae-4f7a-86e8-7a0ce64a75d8: 23 internal nodes; 0.9 s; peak memory 521 MiB.
2026-10-06T12:38:16Z INFO [1979/3688] 6d55b18b-1661-49fb-9900-0ac360c542bb: 31 internal nodes; 1.7 s; peak memory 521 MiB.
2026-10-06T12:38:17Z INFO [1980/3688] 6d55bbcb-b718-4c7f-9843-226655abebbb: 11 internal nodes; 0.8 s; peak memory 521 MiB.
2026-10-06T12:38:18Z INFO [1981/3688] 6d55f72e-a396-4c81-9559-3c0deff3aea1: 17 internal nodes; 1.1 s; peak memory 521 MiB.
2026-10-06T12:38:27Z INFO [1982/3688] 6d5614c0-2590-47ad-98a5-50c5c0a742dc: 202 internal nodes; 8.5 s; peak memory 521 MiB.
2026-10-06T12:38:28Z INFO [1983/3688] 6d569326-eaa7-4f41-b95b-cf178810d346: 16 internal nodes; 1.0 s; peak memory 521 MiB.
2026-10-06T12:38:32Z INFO [1984/3688] 6d580703-13d1-408c-8256-48a8dc4996f9: 51 internal nodes; 4.0 s; peak memory 521 MiB.
2026-10-06T12:38:33Z INFO [1985/3688] 6d59a8c2-30f5-4501-9556-1633907c5d93: 27 internal nodes; 1.4 s; peak memory 521 MiB.
2026-10-06T12:38:34Z INFO [1986/3688] 6d5aa3f5-c24e-4c10-bf50-ffc01190cabf: 27 internal nodes; 1.4 s; peak memory 521 MiB.
2026-10-06T12:38:36Z INFO [1987/3688] 6d5b36db-0c1f-4a49-90be-827879e63481: 24 internal nodes; 2.0 s; peak memory 521 MiB.
2026-10-06T12:38:38Z INFO [1988/3688] 6d5b6428-1e5c-4e62-8908-01b262b3ac90: 31 internal nodes; 1.8 s; peak memory 521 MiB.
2026-10-06T12:38:40Z INFO [1989/3688] 6d5b886a-1d4d-47a1-b7da-5b1667d3f242: 27 internal nodes; 1.4 s; peak memory 521 MiB.
2026-10-06T12:39:04Z INFO [1990/3688] 6d5bf60b-75ef-4c92-ba1c-d406866220be: 136 internal nodes; 24.4 s; peak memory 521 MiB.
2026-10-06T12:39:05Z INFO [1991/3688] 6d5cacb4-feec-48e8-be47-9387eb106722: 17 internal nodes; 1.3 s; peak memory 521 MiB.
2026-10-06T12:39:06Z INFO [1992/3688] 6d5d5c8c-aaa5-4ef8-83b7-f232963a4e7e: 18 internal nodes; 1.0 s; peak memory 521 MiB.
2026-10-06T12:39:08Z INFO [1993/3688] 6d5d81a1-ae82-4bc4-8645-20a75729c09c: 31 internal nodes; 1.6 s; peak memory 521 MiB.
2026-10-06T12:39:25Z INFO [1994/3688] 6d5e5198-cc29-46bf-abdc-15949693ab12: 115 internal nodes; 16.7 s; peak memory 521 MiB.
2026-10-06T12:39:26Z INFO [1995/3688] 6d5fe7ca-c258-408a-b448-b0c6f568b4d0: 11 internal nodes; 0.9 s; peak memory 521 MiB.
2026-10-06T12:39:27Z INFO [1996/3688] 6d60b290-c983-4b2d-8959-d90eea476015: 17 internal nodes; 1.3 s; peak memory 521 MiB.
2026-10-06T12:39:29Z INFO [1997/3688] 6d60d707-36a4-4511-b476-33d259acd827: 31 internal nodes; 2.3 s; peak memory 521 MiB.
2026-10-06T12:39:30Z INFO [1998/3688] 6d614877-2db7-46b7-b373-a4637ecc149d: 17 internal nodes; 1.3 s; peak memory 521 MiB.
2026-10-06T12:39:32Z INFO [1999/3688] 6d6165e4-a1ef-4449-8a62-7482b2552165: 90 internal nodes; 1.4 s; peak memory 521 MiB.
2026-10-06T12:39:42Z INFO [2000/3688] 6d619f85-d3ea-4514-bb86-2c77c53be074: 63 internal nodes; 9.9 s; peak memory 521 MiB.
2026-10-06T12:39:42Z INFO [2000/3688] 6d619f85-d3ea-4514-bb86-2c77c53be074: checkpointed 99443 records.
2026-10-06T12:39:43Z INFO [2001/3688] 6d6220cd-c1fb-4fef-84cd-3c03facadedd: 17 internal nodes; 1.1 s; peak memory 521 MiB.
2026-10-06T12:39:50Z INFO [2002/3688] 6d62e1c1-bab8-4b58-9bfb-02d45720a2e4: 177 internal nodes; 7.2 s; peak memory 521 MiB.
2026-10-06T12:39:52Z INFO [2003/3688] 6d6332e2-69c4-465a-9c95-54335e4beb65: 17 internal nodes; 1.2 s; peak memory 521 MiB.
2026-10-06T12:39:58Z INFO [2004/3688] 6d63a948-a4b3-4a4f-8e73-c7bdf6e8d904: 73 internal nodes; 6.4 s; peak memory 521 MiB.
2026-10-06T12:39:59Z INFO [2005/3688] 6d656d6e-867f-4a33-97a7-6de5764b7b7c: 26 internal nodes; 0.8 s; peak memory 521 MiB.
2026-10-06T12:40:00Z INFO [2006/3688] 6d660b37-4751-471a-952b-4670969b75a2: 31 internal nodes; 1.7 s; peak memory 521 MiB.
2026-10-06T12:40:01Z INFO [2007/3688] 6d660d44-ace7-487c-a959-aac784316b3e: 17 internal nodes; 1.1 s; peak memory 521 MiB.
2026-10-06T12:40:13Z INFO [2008/3688] 6d676889-8509-45e5-b60f-6d7ba68058ad: 134 internal nodes; 11.9 s; peak memory 521 MiB.
2026-10-06T12:40:15Z INFO [2009/3688] 6d679837-b6ed-463d-b409-b983807eb89e: 27 internal nodes; 1.3 s; peak memory 521 MiB.
2026-10-06T12:40:16Z INFO [2010/3688] 6d67e60e-d646-4a3f-8209-945fa6866f88: 25 internal nodes; 0.8 s; peak memory 521 MiB.
2026-10-06T12:40:17Z INFO [2011/3688] 6d68677e-b68a-43ef-a1dc-ba5e7bde9bb8: 27 internal nodes; 1.3 s; peak memory 521 MiB.
2026-10-06T12:40:18Z INFO [2012/3688] 6d6942df-cd17-4c98-abfb-3b9e616111da: 18 internal nodes; 1.4 s; peak memory 521 MiB.
2026-10-06T12:40:20Z INFO [2013/3688] 6d69b262-5d27-4c3d-9804-7b90b78804ae: 31 internal nodes; 1.5 s; peak memory 521 MiB.
2026-10-06T12:40:21Z INFO [2014/3688] 6d6a6c55-1f58-4490-8ba0-21f591547e42: 27 internal nodes; 1.2 s; peak memory 521 MiB.
2026-10-06T12:40:22Z INFO [2015/3688] 6d6adc76-5ce2-492c-902a-eec24d00b90b: 27 internal nodes; 1.2 s; peak memory 521 MiB.
2026-10-06T12:40:26Z INFO [2016/3688] 6d6ae6eb-8c25-41aa-a767-449aa98b7403: 44 internal nodes; 3.3 s; peak memory 521 MiB.
2026-10-06T12:40:28Z INFO [2017/3688] 6d6c313b-03e3-4055-9d7a-7d97bb68b3ec: 72 internal nodes; 2.2 s; peak memory 521 MiB.
2026-10-06T12:40:34Z INFO [2018/3688] 6d6c5281-9b8e-457b-81c7-c051996386e0: 73 internal nodes; 6.0 s; peak memory 521 MiB.
2026-10-06T12:40:35Z INFO [2019/3688] 6d6c6cc7-f058-4ca0-8538-644fad16138c: 23 internal nodes; 1.4 s; peak memory 521 MiB.
2026-10-06T12:40:37Z INFO [2020/3688] 6d6ccae1-c9f1-4f46-914b-dd4e814a3602: 27 internal nodes; 1.5 s; peak memory 521 MiB.
2026-10-06T12:40:37Z INFO [2021/3688] 6d6ceb11-d4e4-481e-ad2b-9072312ad30c: 11 internal nodes; 0.7 s; peak memory 521 MiB.
2026-10-06T12:40:39Z INFO [2022/3688] 6d6e1692-4f6c-4e11-a34b-42cef073acf0: 27 internal nodes; 1.6 s; peak memory 521 MiB.
2026-10-06T12:40:40Z INFO [2023/3688] 6d6eb37e-2789-4485-8b00-3edb4ccdcac5: 27 internal nodes; 1.5 s; peak memory 521 MiB.
2026-10-06T12:40:43Z INFO [2024/3688] 6d6efd96-9f32-4c31-b25e-d99684c3bbc9: 42 internal nodes; 2.7 s; peak memory 521 MiB.
2026-10-06T12:40:45Z INFO [2025/3688] 6d6f75f9-904c-4e1e-add4-bbc4dfba6e47: 31 internal nodes; 1.5 s; peak memory 521 MiB.
2026-10-06T12:40:46Z INFO [2026/3688] 6d6fb29e-7648-4fd4-a61b-76bcc6a5b540: 13 internal nodes; 1.2 s; peak memory 521 MiB.
2026-10-06T12:40:47Z INFO [2027/3688] 6d72d41e-d659-4b30-a5b2-3e163df52223: 17 internal nodes; 1.2 s; peak memory 521 MiB.
2026-10-06T12:40:48Z INFO [2028/3688] 6d73a8c0-6bb3-478d-943d-82e1b7f5553b: 29 internal nodes; 1.3 s; peak memory 521 MiB.
2026-10-06T12:40:50Z INFO [2029/3688] 6d740831-c1ff-4004-8231-106759537c17: 18 internal nodes; 1.2 s; peak memory 521 MiB.
2026-10-06T12:40:51Z INFO [2030/3688] 6d750dc3-31c2-40cf-9f33-4c25abb5f7b2: 90 internal nodes; 1.6 s; peak memory 521 MiB.
2026-10-06T12:40:53Z INFO [2031/3688] 6d752804-b3ff-4df3-9b66-9935cff24c17: 31 internal nodes; 1.8 s; peak memory 521 MiB.
2026-10-06T12:40:54Z INFO [2032/3688] 6d75e4b6-8443-4f27-8c39-38c737eca9a1: 27 internal nodes; 1.5 s; peak memory 521 MiB.
2026-10-06T12:40:56Z INFO [2033/3688] 6d767966-c3f1-465c-ad6d-1e06987fc37d: 30 internal nodes; 1.4 s; peak memory 521 MiB.
2026-10-06T12:40:57Z INFO [2034/3688] 6d76f52f-238e-44de-ac28-e86d13fd8563: 21 internal nodes; 1.6 s; peak memory 521 MiB.
2026-10-06T12:40:59Z INFO [2035/3688] 6d770ef1-fc6d-4b20-998d-fa46125cd428: 65 internal nodes; 1.9 s; peak memory 521 MiB.
2026-10-06T12:41:00Z INFO [2036/3688] 6d785d15-1b79-456f-9495-4efb11f0114b: 13 internal nodes; 1.0 s; peak memory 521 MiB.
2026-10-06T12:41:03Z INFO [2037/3688] 6d7936c3-0422-4159-a522-b2fc73ad2bc1: 18 internal nodes; 2.4 s; peak memory 521 MiB.
2026-10-06T12:41:04Z INFO [2038/3688] 6d7a05b9-3a19-4d19-b0c7-dc4b0404e25c: 27 internal nodes; 1.4 s; peak memory 521 MiB.
2026-10-06T12:41:06Z INFO [2039/3688] 6d7ad93e-4286-4034-a684-2e84f3e4d1a2: 27 internal nodes; 1.5 s; peak memory 521 MiB.
2026-10-06T12:41:06Z INFO [2040/3688] 6d7d1312-3152-4c34-a151-bc3705556816: 26 internal nodes; 0.8 s; peak memory 521 MiB.
2026-10-06T12:41:12Z INFO [2041/3688] 6d7dce09-ec72-4123-84ab-0ec868dd70fa: 67 internal nodes; 5.8 s; peak memory 521 MiB.
2026-10-06T12:41:13Z INFO [2042/3688] 6d7e0934-1df4-44a6-be3b-56d50cc98fe2: 11 internal nodes; 0.8 s; peak memory 521 MiB.
2026-10-06T12:41:20Z INFO [2043/3688] 6d7e3df9-56ff-432a-8a70-0536f44959e6: 177 internal nodes; 6.8 s; peak memory 521 MiB.
2026-10-06T12:41:21Z INFO [2044/3688] 6d7e6149-7574-49cf-9cf1-ae6a211e0f1d: 11 internal nodes; 0.9 s; peak memory 521 MiB.
2026-10-06T12:41:22Z INFO [2045/3688] 6d7f1b33-a961-49a3-b2f5-51649b6a94c8: 27 internal nodes; 1.6 s; peak memory 521 MiB.
2026-10-06T12:41:24Z INFO [2046/3688] 6d7f6d50-68e2-4ab7-9c76-c3e330578917: 116 internal nodes; 1.4 s; peak memory 521 MiB.
2026-10-06T12:41:35Z INFO [2047/3688] 6d810408-2e75-4756-be76-876d5818d5d0: 227 internal nodes; 11.4 s; peak memory 521 MiB.
2026-10-06T12:41:36Z INFO [2048/3688] 6d810741-101c-4b6f-aeb9-1c4767d77210: 22 internal nodes; 0.9 s; peak memory 521 MiB.
2026-10-06T12:41:37Z INFO [2049/3688] 6d81c135-9f0d-4441-a330-b34291262993: 31 internal nodes; 1.6 s; peak memory 521 MiB.
2026-10-06T12:41:39Z INFO [2050/3688] 6d822aa2-be1c-48c4-9e13-e9aa9d3f8dde: 17 internal nodes; 1.2 s; peak memory 521 MiB.
2026-10-06T12:41:39Z INFO [2050/3688] 6d822aa2-be1c-48c4-9e13-e9aa9d3f8dde: checkpointed 99493 records.
2026-10-06T12:41:40Z INFO [2051/3688] 6d83f9a6-dbfd-465c-9b65-5a540f177f4d: 17 internal nodes; 1.1 s; peak memory 521 MiB.
2026-10-06T12:41:41Z INFO [2052/3688] 6d841c59-fa6e-4991-82c6-e674ab1743ef: 17 internal nodes; 1.1 s; peak memory 521 MiB.
2026-10-06T12:41:43Z INFO [2053/3688] 6d855605-0be6-4bb1-acf1-fcec56a0befd: 61 internal nodes; 1.6 s; peak memory 521 MiB.
2026-10-06T12:41:44Z INFO [2054/3688] 6d85ea47-ee3b-46e3-b517-ba65b2679481: 27 internal nodes; 1.3 s; peak memory 521 MiB.
2026-10-06T12:41:50Z INFO [2055/3688] 6d860f87-cab7-4887-81fd-d6cb47822c41: 68 internal nodes; 6.0 s; peak memory 521 MiB.
2026-10-06T12:41:51Z INFO [2056/3688] 6d86499d-aa63-4587-b30b-03a6383ba651: 26 internal nodes; 1.2 s; peak memory 521 MiB.
2026-10-06T12:42:02Z INFO [2057/3688] 6d868d49-4d61-48a9-adb3-71d68e485c4b: 44 internal nodes; 10.5 s; peak memory 521 MiB.
2026-10-06T12:42:03Z INFO [2058/3688] 6d874ceb-4e29-4afb-84fd-b3c8987314d7: 31 internal nodes; 1.6 s; peak memory 521 MiB.
2026-10-06T12:42:04Z INFO [2059/3688] 6d87515b-4811-4804-bf79-750e39bb56fa: 26 internal nodes; 0.9 s; peak memory 521 MiB.
2026-10-06T12:42:06Z INFO [2060/3688] 6d880b0a-a0ff-4d77-959a-c34fc73210c6: 30 internal nodes; 1.5 s; peak memory 521 MiB.
2026-10-06T12:42:07Z INFO [2061/3688] 6d882521-9359-45e8-840b-5135abf6fc60: 27 internal nodes; 1.6 s; peak memory 521 MiB.
2026-10-06T12:42:08Z INFO [2062/3688] 6d88ce5d-d5f7-46c2-abac-9001c111bc31: 19 internal nodes; 1.1 s; peak memory 521 MiB.
2026-10-06T12:42:11Z INFO [2063/3688] 6d8934e7-8609-42ee-af0b-78f929d3e51f: 45 internal nodes; 2.9 s; peak memory 521 MiB.
2026-10-06T12:42:13Z INFO [2064/3688] 6d8948f9-0294-49b2-b0d9-5d6d0ee076cb: 24 internal nodes; 1.7 s; peak memory 521 MiB.
2026-10-06T12:42:14Z INFO [2065/3688] 6d89a8ba-29d8-4746-8f98-6232ab5d94d2: 17 internal nodes; 1.1 s; peak memory 521 MiB.
2026-10-06T12:42:16Z INFO [2066/3688] 6d8cff31-31f3-4c9c-9b90-a39e5a258cf3: 31 internal nodes; 1.3 s; peak memory 521 MiB.
2026-10-06T12:42:18Z INFO [2067/3688] 6d8d98fc-02c9-4316-a763-2ea327266d8e: 65 internal nodes; 2.0 s; peak memory 521 MiB.
2026-10-06T12:42:19Z INFO [2068/3688] 6d8da112-1af1-4928-b46e-31c9a4381298: 27 internal nodes; 1.3 s; peak memory 521 MiB.
2026-10-06T12:42:23Z INFO [2069/3688] 6d8e167e-21bb-4f89-8d05-8989d62ce138: 133 internal nodes; 4.2 s; peak memory 521 MiB.
2026-10-06T12:42:24Z INFO [2070/3688] 6d8e41ee-e965-45ca-9594-338cfca3fa35: 17 internal nodes; 1.1 s; peak memory 521 MiB.
2026-10-06T12:42:37Z INFO [2071/3688] 6d8e4d3f-9e8e-4fc9-8519-d106ac9d33f6: 75 internal nodes; 12.6 s; peak memory 521 MiB.
2026-10-06T12:42:38Z INFO [2072/3688] 6d8fe330-5129-408b-b1d7-8a1380c506fa: 27 internal nodes; 1.5 s; peak memory 521 MiB.
2026-10-06T12:42:40Z INFO [2073/3688] 6d90d0de-fd4b-433a-a288-1ef1560f924d: 30 internal nodes; 1.8 s; peak memory 521 MiB.
2026-10-06T12:42:41Z INFO [2074/3688] 6d912dde-1aea-4811-bdd8-48e7141c9f1a: 11 internal nodes; 0.9 s; peak memory 521 MiB.
2026-10-06T12:42:43Z INFO [2075/3688] 6d92182b-d68a-4eae-98c9-95972399a56f: 22 internal nodes; 1.7 s; peak memory 521 MiB.
2026-10-06T12:42:44Z INFO [2076/3688] 6d922701-654a-4fc2-a100-125e28d338cb: 72 internal nodes; 1.9 s; peak memory 521 MiB.
2026-10-06T12:42:46Z INFO [2077/3688] 6d92d12d-203c-493d-a448-b7384e9d0ddd: 19 internal nodes; 1.0 s; peak memory 521 MiB.
2026-10-06T12:42:47Z INFO [2078/3688] 6d9329e1-6e36-4c57-838c-6a135d351c59: 17 internal nodes; 1.0 s; peak memory 521 MiB.
2026-10-06T12:42:48Z INFO [2079/3688] 6d9371d6-c6d1-4aa5-8406-2463532df5b9: 17 internal nodes; 1.3 s; peak memory 521 MiB.
2026-10-06T12:42:55Z INFO [2080/3688] 6d948688-4972-4f3c-8872-ed4fa413000b: 41 internal nodes; 6.7 s; peak memory 521 MiB.
2026-10-06T12:42:55Z INFO [2081/3688] 6d953774-208f-429a-8c39-99f6202abb8c: 6 internal nodes; 0.8 s; peak memory 521 MiB.
2026-10-06T12:42:58Z INFO [2082/3688] 6d960996-936e-44c6-a83b-b6aac8504291: 60 internal nodes; 3.0 s; peak memory 521 MiB.
2026-10-06T12:42:59Z INFO [2083/3688] 6d960beb-e72e-4ffe-bbee-04e0e53e0f91: 19 internal nodes; 1.1 s; peak memory 521 MiB.
2026-10-06T12:43:00Z INFO [2084/3688] 6d96201b-29e4-4522-b7b8-9663c05ffd70: 17 internal nodes; 1.1 s; peak memory 521 MiB.
2026-10-06T12:43:02Z INFO [2085/3688] 6d963f2f-3b8c-437c-9187-cd760a5ed4e3: 54 internal nodes; 1.7 s; peak memory 521 MiB.
2026-10-06T12:43:04Z INFO [2086/3688] 6d968d0c-0e8c-4e35-97f9-fa24cc5be9bf: 31 internal nodes; 1.5 s; peak memory 521 MiB.
2026-10-06T12:43:05Z INFO [2087/3688] 6d96c53c-fdf6-4419-8e0b-8c0aa913e30d: 27 internal nodes; 1.3 s; peak memory 521 MiB.
2026-10-06T12:43:11Z INFO [2088/3688] 6d974328-70b2-438e-bab9-bfab59fb76ca: 70 internal nodes; 5.9 s; peak memory 521 MiB.
2026-10-06T12:43:17Z INFO [2089/3688] 6d98a3ab-da8e-4b69-add0-5abd0a481efd: 52 internal nodes; 6.6 s; peak memory 521 MiB.
2026-10-06T12:43:19Z INFO [2090/3688] 6d98d70e-b6e8-4310-b867-8492c9f67be2: 66 internal nodes; 2.0 s; peak memory 521 MiB.
2026-10-06T12:43:21Z INFO [2091/3688] 6d99f93a-205a-4e1a-87e7-2a2b2b2dd06b: 63 internal nodes; 1.7 s; peak memory 521 MiB.
2026-10-06T12:43:23Z INFO [2092/3688] 6d9a7df8-6bc6-4626-af8d-a56c8cecf6ea: 27 internal nodes; 1.4 s; peak memory 521 MiB.
2026-10-06T12:43:24Z INFO [2093/3688] 6d9b0e89-1331-4596-ab42-a1093b9f0d7c: 27 internal nodes; 1.4 s; peak memory 521 MiB.
2026-10-06T12:43:29Z INFO [2094/3688] 6d9c48a1-ec15-47a9-8931-584832837643: 102 internal nodes; 4.6 s; peak memory 521 MiB.
2026-10-06T12:43:40Z INFO [2095/3688] 6d9c4afe-7bd8-46c1-aa0c-a7b7bff9e076: 114 internal nodes; 11.0 s; peak memory 521 MiB.
2026-10-06T12:43:47Z INFO [2096/3688] 6d9d38a0-5d61-4d46-89d7-6d964e9290ba: 177 internal nodes; 7.7 s; peak memory 521 MiB.
2026-10-06T12:43:58Z INFO [2097/3688] 6d9f2bb9-a644-45f3-b8e7-7ad0979a3860: 246 internal nodes; 10.3 s; peak memory 521 MiB.
2026-10-06T12:43:59Z INFO [2098/3688] 6d9f2ff7-8077-4dd2-9488-490feeb1d83c: 29 internal nodes; 1.6 s; peak memory 521 MiB.
2026-10-06T12:44:01Z INFO [2099/3688] 6d9f4725-3272-4118-b841-0fb30e9a7ea2: 27 internal nodes; 1.4 s; peak memory 521 MiB.
2026-10-06T12:44:02Z INFO [2100/3688] 6d9fee2e-bc48-48f7-9787-a9e3a898ca5e: 19 internal nodes; 1.4 s; peak memory 521 MiB.
2026-10-06T12:44:02Z INFO [2100/3688] 6d9fee2e-bc48-48f7-9787-a9e3a898ca5e: checkpointed 99543 records.
2026-10-06T12:44:04Z INFO [2101/3688] 6da071ee-14db-4631-ad4a-8033a3d1de3f: 29 internal nodes; 1.8 s; peak memory 521 MiB.
2026-10-06T12:44:05Z INFO [2102/3688] 6da1589f-9b1c-46f8-9f75-4fa253c39794: 13 internal nodes; 1.1 s; peak memory 521 MiB.
2026-10-06T12:44:12Z INFO [2103/3688] 6da22511-4a2e-45a1-a932-91ff88d6dd26: 61 internal nodes; 7.1 s; peak memory 521 MiB.
2026-10-06T12:44:14Z INFO [2104/3688] 6da36e22-9444-4008-9ade-572242a59470: 59 internal nodes; 1.6 s; peak memory 521 MiB.
2026-10-06T12:44:17Z INFO [2105/3688] 6da38ccd-0b7a-449a-9b9f-82bec4e7b665: 44 internal nodes; 2.8 s; peak memory 521 MiB.
2026-10-06T12:44:19Z INFO [2106/3688] 6da3c9a8-b311-495f-8716-fe924349deb4: 37 internal nodes; 1.7 s; peak memory 521 MiB.
2026-10-06T12:44:20Z INFO [2107/3688] 6da44fa9-091e-429d-b034-c0bab7becf45: 14 internal nodes; 1.0 s; peak memory 521 MiB.
2026-10-06T12:44:24Z INFO [2108/3688] 6da462e2-6d91-468c-84ff-3d1896d71a60: 51 internal nodes; 4.0 s; peak memory 521 MiB.
2026-10-06T12:44:25Z INFO [2109/3688] 6da48dcb-84c0-4f97-9f8f-f5a63d18eb5e: 17 internal nodes; 1.1 s; peak memory 521 MiB.
2026-10-06T12:44:26Z INFO [2110/3688] 6da48e5b-3ebd-4637-9b36-44da414aaf8a: 27 internal nodes; 1.2 s; peak memory 521 MiB.
2026-10-06T12:44:27Z INFO [2111/3688] 6da4fcce-54a5-461d-9bdd-eebe16b8f4f2: 41 internal nodes; 1.2 s; peak memory 521 MiB.
2026-10-06T12:44:35Z INFO [2112/3688] 6da5c62d-1366-4563-a994-72709092d236: 154 internal nodes; 7.8 s; peak memory 521 MiB.
2026-10-06T12:44:36Z INFO [2113/3688] 6da95eb7-69a5-4869-85c7-203ee3758288: 17 internal nodes; 1.1 s; peak memory 521 MiB.
2026-10-06T12:44:38Z INFO [2114/3688] 6da96506-9157-4136-a26b-4754248305ba: 119 internal nodes; 1.6 s; peak memory 521 MiB.
2026-10-06T12:44:39Z INFO [2115/3688] 6da9d047-3824-401b-8d25-e224627cd096: 18 internal nodes; 1.0 s; peak memory 521 MiB.
2026-10-06T12:44:40Z INFO [2116/3688] 6daa1719-39e7-4e20-9c78-8a75a32c4c64: 18 internal nodes; 1.0 s; peak memory 521 MiB.
2026-10-06T12:44:41Z INFO [2117/3688] 6daae7b4-26c0-4d19-895b-2ec54b07342a: 95 internal nodes; 1.8 s; peak memory 521 MiB.
2026-10-06T12:44:45Z INFO [2118/3688] 6dabf373-bfac-4e5d-8a72-30225bd9c5c1: 44 internal nodes; 3.2 s; peak memory 521 MiB.
2026-10-06T12:44:45Z INFO [2119/3688] 6dae09d7-0b0e-4ab7-a047-a7baba8ef732: 27 internal nodes; 0.9 s; peak memory 521 MiB.
2026-10-06T12:44:46Z INFO [2120/3688] 6dae3b4c-997c-4bed-b1b9-3e9c22d39a7d: 13 internal nodes; 1.0 s; peak memory 521 MiB.
2026-10-06T12:44:48Z INFO [2121/3688] 6daf2610-caff-4070-8633-1a76c62332ef: 29 internal nodes; 1.6 s; peak memory 521 MiB.
2026-10-06T12:44:49Z INFO [2122/3688] 6daf3952-1c3a-41c8-9114-d3c5010c81ed: 31 internal nodes; 1.2 s; peak memory 521 MiB.
2026-10-06T12:44:50Z INFO [2123/3688] 6db0e5c4-a2ec-460f-a491-5ffd53c7a047: 13 internal nodes; 1.2 s; peak memory 521 MiB.
2026-10-06T12:44:52Z INFO [2124/3688] 6db10c90-cf45-40cd-8cea-a63080839134: 27 internal nodes; 1.4 s; peak memory 521 MiB.
2026-10-06T12:45:03Z INFO [2125/3688] 6db1de18-8436-493b-8c8b-a5dd92c26e79: 317 internal nodes; 11.2 s; peak memory 521 MiB.
2026-10-06T12:45:05Z INFO [2126/3688] 6db262b8-f932-4a01-b90a-265ef1a4d5d5: 31 internal nodes; 1.7 s; peak memory 521 MiB.
2026-10-06T12:45:06Z INFO [2127/3688] 6db3bec5-6bdf-4f36-9194-085a41293227: 17 internal nodes; 1.2 s; peak memory 521 MiB.
2026-10-06T12:45:08Z INFO [2128/3688] 6db3d147-b286-4797-99a5-c5673434f5d0: 31 internal nodes; 1.6 s; peak memory 521 MiB.
2026-10-06T12:45:09Z INFO [2129/3688] 6db427c8-44e1-48a2-8b67-2ad97ac61dc6: 30 internal nodes; 1.8 s; peak memory 521 MiB.
2026-10-06T12:45:11Z INFO [2130/3688] 6db4b7fa-cfba-43b3-a483-ffb98dda7cac: 27 internal nodes; 1.5 s; peak memory 521 MiB.
2026-10-06T12:45:12Z INFO [2131/3688] 6db4c10c-89fb-45cb-8b50-479b6145fa0d: 17 internal nodes; 0.9 s; peak memory 521 MiB.
2026-10-06T12:45:13Z INFO [2132/3688] 6db63f51-6906-4b40-ba57-99c627ab368d: 13 internal nodes; 1.3 s; peak memory 521 MiB.
2026-10-06T12:45:14Z INFO [2133/3688] 6db6eb29-7ade-4104-98bf-5084a7f577ca: 23 internal nodes; 1.4 s; peak memory 521 MiB.
2026-10-06T12:45:15Z INFO [2134/3688] 6db78d31-5ff6-4b72-81d2-1171e816deb0: 25 internal nodes; 0.8 s; peak memory 521 MiB.
2026-10-06T12:45:18Z INFO [2135/3688] 6db7ecbd-2d5e-40f9-b32c-fa579acb9be3: 46 internal nodes; 3.2 s; peak memory 521 MiB.
2026-10-06T12:45:30Z INFO [2136/3688] 6db84e0e-23bf-49b3-a805-b632afde8b94: 89 internal nodes; 11.9 s; peak memory 521 MiB.
2026-10-06T12:45:32Z INFO [2137/3688] 6db94233-a37a-4756-b2a8-4e8e8f48ca4c: 27 internal nodes; 1.3 s; peak memory 521 MiB.
2026-10-06T12:45:33Z INFO [2138/3688] 6db9a959-0298-4d6a-8ac8-3149a967d958: 17 internal nodes; 1.1 s; peak memory 521 MiB.
2026-10-06T12:45:34Z INFO [2139/3688] 6dbab340-bf9a-45fd-a903-03bdab1bb4d0: 27 internal nodes; 1.3 s; peak memory 521 MiB.
2026-10-06T12:45:36Z INFO [2140/3688] 6dbab511-a76f-4b5c-8b1b-963d6466bdb3: 50 internal nodes; 2.3 s; peak memory 521 MiB.
2026-10-06T12:45:38Z INFO [2141/3688] 6dbabb4d-39b3-4256-a730-fc06a9a38b89: 31 internal nodes; 2.0 s; peak memory 521 MiB.
2026-10-06T12:45:40Z INFO [2142/3688] 6dbc4b3d-101c-4dca-8c0d-4a5d07830ac2: 27 internal nodes; 1.4 s; peak memory 521 MiB.
2026-10-06T12:45:41Z INFO [2143/3688] 6dbcc3ef-b77d-4f3c-919d-77fe4d0341b1: 17 internal nodes; 1.2 s; peak memory 521 MiB.
2026-10-06T12:45:42Z INFO [2144/3688] 6dbd0a61-d583-419b-967e-8a4751298618: 17 internal nodes; 1.3 s; peak memory 521 MiB.
2026-10-06T12:45:52Z INFO [2145/3688] 6dbd90be-2bcd-4052-abc1-448ae9048501: 219 internal nodes; 9.8 s; peak memory 521 MiB.
2026-10-06T12:46:04Z INFO [2146/3688] 6dbd9231-720e-4759-b1f4-0ad4a8f7d4a3: 89 internal nodes; 11.5 s; peak memory 521 MiB.
2026-10-06T12:46:13Z INFO [2147/3688] 6dbdac8e-2348-4b94-9079-29aaa3d13d9f: 218 internal nodes; 9.1 s; peak memory 521 MiB.
2026-10-06T12:46:14Z INFO [2148/3688] 6dbe30b8-443f-43be-939d-1671fd0c6a53: 18 internal nodes; 1.0 s; peak memory 521 MiB.
2026-10-06T12:46:16Z INFO [2149/3688] 6dbf0420-480c-4a09-b6d0-2adbb294db25: 61 internal nodes; 2.1 s; peak memory 521 MiB.
2026-10-06T12:46:18Z INFO [2150/3688] 6dbfdbad-6113-4f50-82e4-e0559f277457: 27 internal nodes; 2.1 s; peak memory 521 MiB.
2026-10-06T12:46:18Z INFO [2150/3688] 6dbfdbad-6113-4f50-82e4-e0559f277457: checkpointed 99593 records.
2026-10-06T12:46:25Z INFO [2151/3688] 6dc02b6c-acef-4a39-b362-89a4843a1a4e: 73 internal nodes; 7.0 s; peak memory 521 MiB.
2026-10-06T12:46:27Z INFO [2152/3688] 6dc09359-b5d8-49ed-9269-e2a439442639: 17 internal nodes; 1.4 s; peak memory 521 MiB.
2026-10-06T12:46:28Z INFO [2153/3688] 6dc0bb2c-068f-4753-9119-6c87c2c127bb: 27 internal nodes; 1.5 s; peak memory 521 MiB.
2026-10-06T12:46:31Z INFO [2154/3688] 6dc0d98e-6152-4dbf-a378-eedf09be8e68: 56 internal nodes; 3.3 s; peak memory 521 MiB.
2026-10-06T12:46:33Z INFO [2155/3688] 6dc0ddbb-06c1-44e7-95fb-0eec72f134aa: 27 internal nodes; 1.3 s; peak memory 521 MiB.
2026-10-06T12:46:43Z INFO [2156/3688] 6dc16b0e-9c0d-4aa6-87cf-d719be77a270: 114 internal nodes; 10.3 s; peak memory 521 MiB.
2026-10-06T12:46:45Z INFO [2157/3688] 6dc23197-23ae-42b4-8bab-b3aef0710cb7: 44 internal nodes; 2.3 s; peak memory 521 MiB.
2026-10-06T12:46:48Z INFO [2158/3688] 6dc2848b-384d-4d43-a138-eec1749de26f: 44 internal nodes; 2.3 s; peak memory 521 MiB.
2026-10-06T12:46:49Z INFO [2159/3688] 6dc391dd-bc38-4d2f-ad22-23f078640a2f: 31 internal nodes; 1.3 s; peak memory 521 MiB.
2026-10-06T12:46:50Z INFO [2160/3688] 6dc4f003-9478-4d05-af71-52d597fbd285: 11 internal nodes; 0.8 s; peak memory 521 MiB.
2026-10-06T12:46:51Z INFO [2161/3688] 6dc5acb4-9e11-48e5-87fc-72e05fe509e1: 17 internal nodes; 1.1 s; peak memory 521 MiB.
2026-10-06T12:46:57Z INFO [2162/3688] 6dc618b6-7c88-4a93-bc4a-9144e1fba177: 151 internal nodes; 6.0 s; peak memory 521 MiB.
2026-10-06T12:46:58Z INFO [2163/3688] 6dc6e26a-c109-4d35-81cb-feffa4290371: 18 internal nodes; 1.3 s; peak memory 521 MiB.
2026-10-06T12:47:00Z INFO [2164/3688] 6dc7b77b-8a25-4140-a37b-bcbd08d5dade: 24 internal nodes; 1.9 s; peak memory 521 MiB.
2026-10-06T12:47:01Z INFO [2165/3688] 6dc801f7-21a2-4080-a8c7-f8d5c1ee4415: 17 internal nodes; 1.2 s; peak memory 521 MiB.
2026-10-06T12:47:03Z INFO [2166/3688] 6dc9296c-7344-4d27-a788-e9e8087a2884: 27 internal nodes; 1.4 s; peak memory 521 MiB.
2026-10-06T12:47:04Z INFO [2167/3688] 6dca4162-6818-4fb3-b127-7660ba459100: 27 internal nodes; 1.3 s; peak memory 521 MiB.
2026-10-06T12:47:15Z INFO [2168/3688] 6dca626c-0ba4-464b-ac74-afdab0183bb0: 219 internal nodes; 11.4 s; peak memory 521 MiB.
2026-10-06T12:47:22Z INFO [2169/3688] 6dca80f1-36ba-4127-8ad0-e07a927c5ca4: 61 internal nodes; 7.1 s; peak memory 521 MiB.
2026-10-06T12:47:24Z INFO [2170/3688] 6dcc1dbd-2d93-4357-8edd-ace337ee44e0: 13 internal nodes; 1.2 s; peak memory 521 MiB.
2026-10-06T12:47:24Z INFO [2171/3688] 6dcc77c4-e7b9-451d-86c3-9f3fb49d02e8: 11 internal nodes; 0.8 s; peak memory 521 MiB.
2026-10-06T12:47:25Z INFO [2172/3688] 6dccdcb2-bf41-4ce6-a56e-d745fc64784e: 13 internal nodes; 1.2 s; peak memory 521 MiB.
2026-10-06T12:47:27Z INFO [2173/3688] 6dceffb2-353a-4fc6-9e48-a4c7cf1fe9d6: 31 internal nodes; 1.8 s; peak memory 521 MiB.
2026-10-06T12:47:29Z INFO [2174/3688] 6dcf8f36-c7ae-4759-9ce2-b895312e2cab: 90 internal nodes; 1.5 s; peak memory 521 MiB.
2026-10-06T12:47:30Z INFO [2175/3688] 6dcfee55-dfd2-4253-892c-fcaba0c8f44d: 17 internal nodes; 1.3 s; peak memory 521 MiB.
2026-10-06T12:47:32Z INFO [2176/3688] 6dd00c45-1a99-49ef-9bc4-5323b0ce09bf: 60 internal nodes; 1.7 s; peak memory 521 MiB.
2026-10-06T12:47:33Z INFO [2177/3688] 6dd0a6f5-7b90-4979-ac3e-a3698df49c31: 17 internal nodes; 1.2 s; peak memory 521 MiB.
2026-10-06T12:47:34Z INFO [2178/3688] 6dd0ae71-00f0-478a-8501-d45f3d3189e0: 18 internal nodes; 0.9 s; peak memory 521 MiB.
2026-10-06T12:47:35Z INFO [2179/3688] 6dd1334d-29f2-401c-bc50-dad925a375d1: 6 internal nodes; 0.8 s; peak memory 521 MiB.
2026-10-06T12:47:36Z INFO [2180/3688] 6dd1d565-4da5-4055-bca4-ac6370bca0ea: 17 internal nodes; 1.0 s; peak memory 521 MiB.
2026-10-06T12:47:47Z INFO [2181/3688] 6dd22bb7-d50b-4a85-809b-2186e77c5863: 324 internal nodes; 10.8 s; peak memory 521 MiB.
2026-10-06T12:47:49Z INFO [2182/3688] 6dd3f95c-8761-4d60-9040-31d202c0f302: 69 internal nodes; 2.0 s; peak memory 521 MiB.
2026-10-06T12:47:50Z INFO [2183/3688] 6dd5613f-9347-4a9b-b9bf-e78c87268a9c: 60 internal nodes; 2.0 s; peak memory 521 MiB.
2026-10-06T12:47:52Z INFO [2184/3688] 6dd67acf-3448-467f-8d65-a9045d6c687e: 19 internal nodes; 1.2 s; peak memory 521 MiB.
2026-10-06T12:47:53Z INFO [2185/3688] 6dd6b514-fde7-40e2-bd38-42e6dad5cb88: 27 internal nodes; 1.5 s; peak memory 521 MiB.
2026-10-06T12:47:55Z INFO [2186/3688] 6dd72d91-ff44-4419-ae2f-588f9fd7f15b: 27 internal nodes; 1.4 s; peak memory 521 MiB.
2026-10-06T12:47:56Z INFO [2187/3688] 6dd77c98-1661-46ae-8eb5-173ea01334ce: 17 internal nodes; 1.2 s; peak memory 521 MiB.
2026-10-06T12:47:57Z INFO [2188/3688] 6dda1654-1d7a-44a1-9bbe-616159f55ef2: 31 internal nodes; 1.6 s; peak memory 521 MiB.
2026-10-06T12:47:59Z INFO [2189/3688] 6ddab64a-fbf9-4ae0-9709-21b08a842e18: 29 internal nodes; 1.3 s; peak memory 521 MiB.
2026-10-06T12:48:05Z INFO [2190/3688] 6ddbbfea-15b3-46a6-835d-c344e9210cec: 100 internal nodes; 6.5 s; peak memory 521 MiB.
2026-10-06T12:48:06Z INFO [2191/3688] 6ddbc816-2cb3-4b25-85db-1087f97740ac: 17 internal nodes; 1.2 s; peak memory 521 MiB.
2026-10-06T12:48:08Z INFO [2192/3688] 6ddbf3f5-248d-4790-963c-b85b2406edd4: 17 internal nodes; 1.2 s; peak memory 521 MiB.
2026-10-06T12:48:10Z INFO [2193/3688] 6ddc282d-51dd-4817-8cf1-4411f3684965: 54 internal nodes; 2.8 s; peak memory 521 MiB.
2026-10-06T12:48:12Z INFO [2194/3688] 6ddd4b02-c9c1-4e59-bd6f-a987f6c9c35c: 31 internal nodes; 1.5 s; peak memory 521 MiB.
2026-10-06T12:48:14Z INFO [2195/3688] 6ddd8408-b941-4ce2-9115-8790b0825111: 41 internal nodes; 1.8 s; peak memory 521 MiB.
2026-10-06T12:48:15Z INFO [2196/3688] 6dddec29-cc7e-44ae-9d7d-eda719daa3e4: 27 internal nodes; 1.3 s; peak memory 521 MiB.
2026-10-06T12:48:22Z INFO [2197/3688] 6dde60e7-2a9a-49f0-82a1-686df0cd3756: 61 internal nodes; 7.5 s; peak memory 521 MiB.
2026-10-06T12:48:32Z INFO [2198/3688] 6dde8618-6c06-4a00-b65e-e2898c7a6cc3: 63 internal nodes; 9.8 s; peak memory 521 MiB.
2026-10-06T12:48:33Z INFO [2199/3688] 6ddf4031-e05f-43c5-9f2b-a77fa970b2c5: 17 internal nodes; 1.1 s; peak memory 521 MiB.
2026-10-06T12:48:37Z INFO [2200/3688] 6ddfdbf8-c84e-4573-9733-0363481df408: 46 internal nodes; 3.7 s; peak memory 521 MiB.
2026-10-06T12:48:37Z INFO [2200/3688] 6ddfdbf8-c84e-4573-9733-0363481df408: checkpointed 99643 records.
2026-10-06T12:48:39Z INFO [2201/3688] 6ddfe7f1-5447-4345-a141-225361a5b9c2: 25 internal nodes; 1.4 s; peak memory 521 MiB.
2026-10-06T12:48:40Z INFO [2202/3688] 6de0a1e6-a005-4d57-8fd8-d3c4bab11a76: 52 internal nodes; 1.4 s; peak memory 521 MiB.
2026-10-06T12:48:41Z INFO [2203/3688] 6de0a9d3-1ad0-42fb-8748-3e571128330d: 27 internal nodes; 0.9 s; peak memory 521 MiB.
2026-10-06T12:48:42Z INFO [2204/3688] 6de21b79-3ec4-4efd-a81d-909b34ba0f5f: 24 internal nodes; 1.1 s; peak memory 521 MiB.
2026-10-06T12:48:52Z INFO [2205/3688] 6de25a0a-2e44-4e13-98b8-27a0e41881c7: 185 internal nodes; 9.6 s; peak memory 521 MiB.
2026-10-06T12:48:53Z INFO [2206/3688] 6de298a7-bd1e-4c9c-9c8b-c3b406adf5eb: 31 internal nodes; 1.6 s; peak memory 521 MiB.
2026-10-06T12:48:54Z INFO [2207/3688] 6de33402-eaf7-4adb-8545-49bafa1534b7: 17 internal nodes; 1.1 s; peak memory 521 MiB.
2026-10-06T12:49:02Z INFO [2208/3688] 6de42ed0-c180-4c7b-af1a-3f6dcd97690b: 168 internal nodes; 7.4 s; peak memory 521 MiB.
2026-10-06T12:49:03Z INFO [2209/3688] 6de4881a-4eaf-4d36-9060-d2874c3b9d88: 27 internal nodes; 1.4 s; peak memory 521 MiB.
2026-10-06T12:49:07Z INFO [2210/3688] 6de4948e-bcda-4f00-b535-67d1ba4d0dba: 45 internal nodes; 3.3 s; peak memory 521 MiB.
2026-10-06T12:49:08Z INFO [2211/3688] 6de4d3cf-8f27-4a92-9ef6-3d7a22fb6834: 27 internal nodes; 1.3 s; peak memory 521 MiB.
2026-10-06T12:49:11Z INFO [2212/3688] 6de54a95-93f7-49ea-95c2-6ff7f416646b: 46 internal nodes; 3.1 s; peak memory 521 MiB.
2026-10-06T12:49:12Z INFO [2213/3688] 6de55b97-37c7-4c79-b0b4-e4f85e15bfd3: 23 internal nodes; 1.5 s; peak memory 521 MiB.
2026-10-06T12:49:15Z INFO [2214/3688] 6de58f92-821e-4661-9654-5a8adc46716a: 44 internal nodes; 2.3 s; peak memory 521 MiB.
2026-10-06T12:49:18Z INFO [2215/3688] 6de5a0f1-c905-418a-82e3-a1a9c26c56af: 41 internal nodes; 3.0 s; peak memory 521 MiB.
2026-10-06T12:49:19Z INFO [2216/3688] 6de6731d-dd55-4f60-bddb-b7d5db5644d2: 19 internal nodes; 1.2 s; peak memory 521 MiB.
2026-10-06T12:49:20Z INFO [2217/3688] 6de6895b-8372-4507-83de-c345b3ebc223: 11 internal nodes; 0.7 s; peak memory 521 MiB.
2026-10-06T12:49:21Z INFO [2218/3688] 6de72c1a-bd64-4c79-a036-596186f7e9cb: 27 internal nodes; 1.3 s; peak memory 521 MiB.
2026-10-06T12:49:29Z INFO [2219/3688] 6de8b4ff-fa25-433b-87db-c2985696140b: 177 internal nodes; 7.8 s; peak memory 521 MiB.
2026-10-06T12:49:30Z INFO [2220/3688] 6de8e4e1-86b5-4023-b841-fc80c769330a: 21 internal nodes; 1.3 s; peak memory 521 MiB.
2026-10-06T12:49:31Z INFO [2221/3688] 6de8e5e3-c37e-4cac-ad96-a322edbdc62a: 27 internal nodes; 1.3 s; peak memory 521 MiB.
2026-10-06T12:49:33Z INFO [2222/3688] 6de968ea-ecfd-47db-9f54-5d322fe0c8a7: 17 internal nodes; 1.1 s; peak memory 521 MiB.
2026-10-06T12:49:33Z INFO [2223/3688] 6de9b6c2-f15b-41b5-961d-fec23ae6e8ab: 11 internal nodes; 0.8 s; peak memory 521 MiB.
2026-10-06T12:49:35Z INFO [2224/3688] 6dea059c-849b-4d2b-86fc-e64aaef157d3: 31 internal nodes; 1.5 s; peak memory 521 MiB.
2026-10-06T12:49:36Z INFO [2225/3688] 6dea9927-ac2b-40a9-8a57-c82ca33e3900: 27 internal nodes; 1.3 s; peak memory 521 MiB.
2026-10-06T12:49:37Z INFO [2226/3688] 6deb5916-f452-4144-ae1a-3d3f98ca3795: 13 internal nodes; 1.1 s; peak memory 521 MiB.
2026-10-06T12:49:39Z INFO [2227/3688] 6debb1fe-574e-42c4-9e33-5260b12ace30: 44 internal nodes; 2.0 s; peak memory 521 MiB.
2026-10-06T12:49:41Z INFO [2228/3688] 6dee9b89-50d9-4c7b-9e7b-721d0fa489c2: 31 internal nodes; 2.2 s; peak memory 521 MiB.
2026-10-06T12:49:42Z INFO [2229/3688] 6deefb9f-a856-4c7b-9c4a-0b9be7f5fcdb: 22 internal nodes; 0.8 s; peak memory 521 MiB.
2026-10-06T12:49:43Z INFO [2230/3688] 6def05ae-fc9f-4802-917f-90ce3df4bebd: 13 internal nodes; 1.0 s; peak memory 521 MiB.
2026-10-06T12:49:44Z INFO [2231/3688] 6defa041-b2c1-4165-9f75-249f89203553: 17 internal nodes; 1.1 s; peak memory 521 MiB.
2026-10-06T12:49:46Z INFO [2232/3688] 6df024e3-4068-4d8d-b765-a445a776085a: 38 internal nodes; 1.6 s; peak memory 521 MiB.
2026-10-06T12:49:47Z INFO [2233/3688] 6df042a2-6210-437f-a6a2-1222908d782d: 26 internal nodes; 1.1 s; peak memory 521 MiB.
2026-10-06T12:49:49Z INFO [2234/3688] 6df0cb61-0454-4fe2-8578-da7bca0923af: 27 internal nodes; 1.4 s; peak memory 521 MiB.
2026-10-06T12:49:50Z INFO [2235/3688] 6df0fc8f-70d8-470d-a9f1-f3c5e36420f5: 19 internal nodes; 1.2 s; peak memory 521 MiB.
2026-10-06T12:49:51Z INFO [2236/3688] 6df1d776-749b-44d5-a05a-b829bb474ea0: 86 internal nodes; 1.3 s; peak memory 521 MiB.
2026-10-06T12:49:52Z INFO [2237/3688] 6df22cee-24b3-4d52-b7d1-6ff9658147b4: 17 internal nodes; 1.0 s; peak memory 521 MiB.
2026-10-06T12:49:53Z INFO [2238/3688] 6df2bdf3-2ec6-413c-bbb1-f4efaaa70105: 27 internal nodes; 0.9 s; peak memory 521 MiB.
2026-10-06T12:49:56Z INFO [2239/3688] 6df31b85-6f80-429a-a68c-f29ca0a494e2: 41 internal nodes; 3.5 s; peak memory 521 MiB.
2026-10-06T12:49:57Z INFO [2240/3688] 6df45055-fb4b-47b4-a9e1-e16e45a44305: 17 internal nodes; 1.0 s; peak memory 521 MiB.
2026-10-06T12:50:11Z INFO [2241/3688] 6df4a332-df72-4f92-9579-086634f27618: 379 internal nodes; 13.5 s; peak memory 521 MiB.
2026-10-06T12:50:17Z INFO [2242/3688] 6df4e5e9-de71-4e5b-b6e3-86ba50a6c27a: 41 internal nodes; 6.5 s; peak memory 521 MiB.
2026-10-06T12:50:18Z INFO [2243/3688] 6df4f671-6fd9-488b-a3ca-7606e4720ea7: 17 internal nodes; 1.0 s; peak memory 521 MiB.
2026-10-06T12:50:19Z INFO [2244/3688] 6df55e0b-ac5c-4fc2-a0af-7699508b5734: 11 internal nodes; 0.8 s; peak memory 521 MiB.
2026-10-06T12:50:21Z INFO [2245/3688] 6df5d8f9-b99d-43bd-be88-20eb912328d6: 27 internal nodes; 1.4 s; peak memory 521 MiB.
2026-10-06T12:50:22Z INFO [2246/3688] 6df6607e-817d-46d1-91c0-0995d266af6d: 17 internal nodes; 1.1 s; peak memory 521 MiB.
2026-10-06T12:50:22Z INFO [2247/3688] 6df67087-6df4-4c1d-b971-56ddc3e7cebc: 11 internal nodes; 0.9 s; peak memory 521 MiB.
2026-10-06T12:50:25Z INFO [2248/3688] 6df6bf69-5ada-4cce-ae4f-dbb59aa37aac: 58 internal nodes; 2.2 s; peak memory 521 MiB.
2026-10-06T12:50:26Z INFO [2249/3688] 6df7a018-819c-4e60-b8ed-f4e25990f5c9: 23 internal nodes; 1.0 s; peak memory 521 MiB.
2026-10-06T12:50:26Z INFO [2250/3688] 6df802e8-0f9d-4fe4-ae14-33fdcf6bf989: 11 internal nodes; 0.8 s; peak memory 521 MiB.
2026-10-06T12:50:27Z INFO [2250/3688] 6df802e8-0f9d-4fe4-ae14-33fdcf6bf989: checkpointed 99693 records.
2026-10-06T12:50:28Z INFO [2251/3688] 6df80327-dc75-445a-99f2-629c397eed8f: 15 internal nodes; 1.0 s; peak memory 521 MiB.
2026-10-06T12:50:29Z INFO [2252/3688] 6df835eb-3b74-4eef-a995-2add722e94ca: 22 internal nodes; 1.3 s; peak memory 521 MiB.
2026-10-06T12:50:31Z INFO [2253/3688] 6df912bc-1307-4031-8074-293bba9c2895: 31 internal nodes; 1.6 s; peak memory 521 MiB.
2026-10-06T12:50:32Z INFO [2254/3688] 6df9cbd5-00dd-471b-a363-f5516770832d: 17 internal nodes; 0.9 s; peak memory 521 MiB.
2026-10-06T12:50:34Z INFO [2255/3688] 6dfa8808-0832-4051-a105-cbf38eb6ce07: 36 internal nodes; 2.2 s; peak memory 521 MiB.
2026-10-06T12:50:35Z INFO [2256/3688] 6dfaa796-04d1-40d8-9ef8-4b689a9bb326: 17 internal nodes; 1.0 s; peak memory 521 MiB.
2026-10-06T12:50:46Z INFO [2257/3688] 6dfb0a36-e418-4eb1-b449-276bbb42bb11: 57 internal nodes; 10.8 s; peak memory 521 MiB.
2026-10-06T12:50:51Z INFO [2258/3688] 6dfcbaf7-36df-4fc1-b422-753cc8e65157: 112 internal nodes; 5.1 s; peak memory 521 MiB.
2026-10-06T12:50:53Z INFO [2259/3688] 6dfcc558-8f79-40b2-be3a-c378c8fdf038: 27 internal nodes; 2.2 s; peak memory 521 MiB.
2026-10-06T12:51:18Z INFO [2260/3688] 6dfcfbf1-873a-494f-8220-171f7a23fad1: 3453 internal nodes; 24.9 s; peak memory 521 MiB.
2026-10-06T12:51:19Z INFO [2261/3688] 6dfd1dba-aece-4bb4-9dcc-4f86d09b8317: 24 internal nodes; 1.4 s; peak memory 521 MiB.
2026-10-06T12:51:20Z INFO [2262/3688] 6dfd2c09-65b8-4919-9493-2dd793622792: 18 internal nodes; 1.1 s; peak memory 521 MiB.
2026-10-06T12:51:21Z INFO [2263/3688] 6dfddfb4-59bc-4d58-b0f0-a5d5707ed7f1: 17 internal nodes; 1.1 s; peak memory 521 MiB.
2026-10-06T12:51:24Z INFO [2264/3688] 6dfe264a-81dc-4b51-8b1e-0dac4c3c90da: 42 internal nodes; 2.4 s; peak memory 521 MiB.
2026-10-06T12:51:26Z INFO [2265/3688] 6e00ca57-0e7e-4495-b2c7-01ac53c976d9: 31 internal nodes; 1.7 s; peak memory 521 MiB.
2026-10-06T12:51:27Z INFO [2266/3688] 6e00e9fc-c677-41da-9f88-62dcffdf3c35: 19 internal nodes; 1.2 s; peak memory 521 MiB.
2026-10-06T12:51:28Z INFO [2267/3688] 6e019ffc-ba82-476d-a080-97c6f18b0739: 27 internal nodes; 1.4 s; peak memory 521 MiB.
2026-10-06T12:51:30Z INFO [2268/3688] 6e01ceaa-e497-46f4-a4f1-911e37eff09f: 63 internal nodes; 1.6 s; peak memory 521 MiB.
2026-10-06T12:51:37Z INFO [2269/3688] 6e026457-71da-4d42-8852-58ad326a270e: 176 internal nodes; 7.5 s; peak memory 521 MiB.
2026-10-06T12:51:40Z INFO [2270/3688] 6e02b3cf-c7e0-45f9-8720-d52e04cd8765: 72 internal nodes; 2.5 s; peak memory 521 MiB.
2026-10-06T12:51:41Z INFO [2271/3688] 6e02b508-757e-4152-ad85-07d09533f1d9: 31 internal nodes; 1.5 s; peak memory 521 MiB.
2026-10-06T12:51:43Z INFO [2272/3688] 6e02d56e-1816-4420-83ae-8d2a1af4d2c5: 18 internal nodes; 1.4 s; peak memory 521 MiB.
2026-10-06T12:51:44Z INFO [2273/3688] 6e02e4d6-3fc3-4c1f-8d5e-ff48a03ed08f: 13 internal nodes; 1.4 s; peak memory 521 MiB.
2026-10-06T12:51:45Z INFO [2274/3688] 6e0314a4-5394-4464-b761-1a9d65920e6c: 25 internal nodes; 0.9 s; peak memory 521 MiB.
2026-10-06T12:51:46Z INFO [2275/3688] 6e038afc-8ec9-4984-8895-072cc2dc6c41: 17 internal nodes; 1.1 s; peak memory 521 MiB.
2026-10-06T12:51:48Z INFO [2276/3688] 6e03b23d-71f3-41c2-b43a-c7d24730cfe0: 52 internal nodes; 2.4 s; peak memory 521 MiB.
2026-10-06T12:51:49Z INFO [2277/3688] 6e0427f3-eda7-4b6b-a386-2fe1a5ed30c1: 17 internal nodes; 1.1 s; peak memory 521 MiB.
2026-10-06T12:51:50Z INFO [2278/3688] 6e044645-9646-43cf-a83d-d947c74ff0a8: 17 internal nodes; 1.0 s; peak memory 521 MiB.
2026-10-06T12:51:52Z INFO [2279/3688] 6e047d09-48a6-49a7-b1f5-5a84e3873799: 27 internal nodes; 1.5 s; peak memory 521 MiB.
2026-10-06T12:51:55Z INFO [2280/3688] 6e06016c-fbba-42b9-93e3-48bf18000830: 44 internal nodes; 3.1 s; peak memory 521 MiB.
2026-10-06T12:51:58Z INFO [2281/3688] 6e06f8ca-be18-4de2-9ab7-c1dc594d7a2b: 42 internal nodes; 2.6 s; peak memory 521 MiB.
2026-10-06T12:51:59Z INFO [2282/3688] 6e07e623-be9f-415b-85e7-67336046bf42: 31 internal nodes; 1.7 s; peak memory 521 MiB.
2026-10-06T12:52:03Z INFO [2283/3688] 6e07f35a-01a0-4cc2-9abc-2fba9eecf115: 46 internal nodes; 3.4 s; peak memory 521 MiB.
2026-10-06T12:52:04Z INFO [2284/3688] 6e0855b4-704a-4518-969a-a9ddc80e1951: 11 internal nodes; 0.8 s; peak memory 521 MiB.
2026-10-06T12:52:06Z INFO [2285/3688] 6e09ceae-a882-4e5e-8d60-a72e4fd65f7c: 44 internal nodes; 2.9 s; peak memory 521 MiB.
2026-10-06T12:52:08Z INFO [2286/3688] 6e09cf6f-84e6-4ed8-a226-ce157bb232e3: 27 internal nodes; 1.3 s; peak memory 521 MiB.
2026-10-06T12:52:16Z INFO [2287/3688] 6e0a5c10-ff4a-4805-b82f-fdb007207111: 200 internal nodes; 8.3 s; peak memory 521 MiB.
2026-10-06T12:52:17Z INFO [2288/3688] 6e0a67de-8258-4314-98e8-998129b5b70f: 17 internal nodes; 1.2 s; peak memory 521 MiB.
2026-10-06T12:52:18Z INFO [2289/3688] 6e0ae9c4-2f81-494e-b37a-0b3bedc16a93: 17 internal nodes; 1.1 s; peak memory 521 MiB.
2026-10-06T12:52:20Z INFO [2290/3688] 6e0b1e1a-62e9-41ce-a6ee-da54754f598f: 22 internal nodes; 1.5 s; peak memory 521 MiB.
2026-10-06T12:52:23Z INFO [2291/3688] 6e0b93f1-1371-41a2-ba85-cc50b46fe4b1: 40 internal nodes; 3.1 s; peak memory 521 MiB.
2026-10-06T12:52:24Z INFO [2292/3688] 6e0b9844-dbf9-4615-aa53-a455d1cba2ed: 17 internal nodes; 1.1 s; peak memory 521 MiB.
2026-10-06T12:52:25Z INFO [2293/3688] 6e0c0c9c-ca53-4cb3-86c7-98e734186117: 27 internal nodes; 1.4 s; peak memory 521 MiB.
2026-10-06T12:52:26Z INFO [2294/3688] 6e0c9ffe-953e-482e-8200-724c034e3008: 29 internal nodes; 1.0 s; peak memory 521 MiB.
2026-10-06T12:52:28Z INFO [2295/3688] 6e0db060-c3ad-42b1-a0d8-53b5a8b80672: 18 internal nodes; 1.3 s; peak memory 521 MiB.
2026-10-06T12:52:29Z INFO [2296/3688] 6e0dc1d1-953f-4404-b8b5-03075262806d: 11 internal nodes; 1.1 s; peak memory 521 MiB.
2026-10-06T12:52:41Z INFO [2297/3688] 6e0f1032-9c0f-41ff-8f0a-6830c667ae25: 58 internal nodes; 12.5 s; peak memory 521 MiB.
2026-10-06T12:52:43Z INFO [2298/3688] 6e10247b-332d-45bb-a0f8-9a2ec66e6380: 27 internal nodes; 1.4 s; peak memory 521 MiB.
2026-10-06T12:52:44Z INFO [2299/3688] 6e107218-41be-42f8-b1fc-d6e90212cb1b: 17 internal nodes; 1.1 s; peak memory 521 MiB.
2026-10-06T12:52:57Z INFO [2300/3688] 6e10ed34-8dad-4ed9-8fc8-dc76c562d4df: 250 internal nodes; 13.6 s; peak memory 521 MiB.
2026-10-06T12:52:58Z INFO [2300/3688] 6e10ed34-8dad-4ed9-8fc8-dc76c562d4df: checkpointed 99743 records.
2026-10-06T12:53:14Z INFO [2301/3688] 6e114319-7503-4b26-a4a5-7532015a8629: 262 internal nodes; 16.4 s; peak memory 521 MiB.
2026-10-06T12:53:16Z INFO [2302/3688] 6e118917-c51c-4ce7-aea3-c61718175d8b: 31 internal nodes; 1.8 s; peak memory 521 MiB.
2026-10-06T12:53:17Z INFO [2303/3688] 6e11eed2-540b-44ea-8a5b-ca1f844130a3: 27 internal nodes; 1.5 s; peak memory 521 MiB.
2026-10-06T12:53:19Z INFO [2304/3688] 6e124711-4da9-4998-b883-8af369fa2e3d: 27 internal nodes; 1.4 s; peak memory 521 MiB.
2026-10-06T12:53:21Z INFO [2305/3688] 6e15410a-3407-4161-a3b5-c6c0ddb78fab: 31 internal nodes; 1.9 s; peak memory 521 MiB.
2026-10-06T12:53:23Z INFO [2306/3688] 6e1605b3-def9-4f90-a47e-29c85173f778: 37 internal nodes; 2.5 s; peak memory 521 MiB.
2026-10-06T12:53:24Z INFO [2307/3688] 6e160c28-3871-49ac-af4d-3d16a1fa5135: 27 internal nodes; 1.3 s; peak memory 521 MiB.
2026-10-06T12:53:27Z INFO [2308/3688] 6e1654cb-4367-4c95-8554-78e43f0fa4d2: 45 internal nodes; 2.5 s; peak memory 521 MiB.
2026-10-06T12:53:37Z INFO [2309/3688] 6e16c82d-94ff-47c4-8e3f-64ca394982c0: 174 internal nodes; 9.9 s; peak memory 521 MiB.
2026-10-06T12:53:37Z INFO [2310/3688] 6e16e60d-26ee-46e1-af34-9ea3a7cd5b17: 11 internal nodes; 0.8 s; peak memory 521 MiB.
2026-10-06T12:53:39Z INFO [2311/3688] 6e173dd5-5976-482f-803e-94c64a98cc53: 17 internal nodes; 1.1 s; peak memory 521 MiB.
2026-10-06T12:53:46Z INFO [2312/3688] 6e173e8a-6b1b-4961-b58a-9315a62be5a0: 73 internal nodes; 7.1 s; peak memory 521 MiB.
2026-10-06T12:53:47Z INFO [2313/3688] 6e193824-e2e7-49ae-a5ff-eb92cc07da94: 56 internal nodes; 1.6 s; peak memory 521 MiB.
2026-10-06T12:53:48Z INFO [2314/3688] 6e194dbc-a52d-4bfa-b89f-2ff1b8d3f900: 17 internal nodes; 1.1 s; peak memory 521 MiB.
2026-10-06T12:53:51Z INFO [2315/3688] 6e198508-4bed-46d3-ac57-6f96d09e07b7: 44 internal nodes; 2.3 s; peak memory 521 MiB.
2026-10-06T12:53:53Z INFO [2316/3688] 6e1a62d0-7b84-4dd2-9bc7-df205824af0c: 44 internal nodes; 2.8 s; peak memory 521 MiB.
2026-10-06T12:53:55Z INFO [2317/3688] 6e1b3c93-123b-43f0-b591-3ead2bfb6cf1: 17 internal nodes; 1.0 s; peak memory 521 MiB.
2026-10-06T12:54:05Z INFO [2318/3688] 6e1b7a9c-3e02-49c7-8fcb-66c5cc3914ff: 115 internal nodes; 10.1 s; peak memory 521 MiB.
2026-10-06T12:54:06Z INFO [2319/3688] 6e1b98f1-e969-47fe-a633-ad02214bb5a4: 27 internal nodes; 1.6 s; peak memory 521 MiB.
2026-10-06T12:54:08Z INFO [2320/3688] 6e1bdc46-7d00-4b4b-a1f1-a2bc2a71f20b: 63 internal nodes; 2.1 s; peak memory 521 MiB.
2026-10-06T12:54:10Z INFO [2321/3688] 6e1cee76-dc69-469a-94bf-d187391e57f5: 27 internal nodes; 1.3 s; peak memory 521 MiB.
2026-10-06T12:54:11Z INFO [2322/3688] 6e1e0964-f747-4d4c-b9b4-1f851f9b0950: 27 internal nodes; 1.3 s; peak memory 521 MiB.
2026-10-06T12:54:12Z INFO [2323/3688] 6e1e5a1e-4141-47ab-ba74-d0e3128befc3: 27 internal nodes; 1.4 s; peak memory 521 MiB.
2026-10-06T12:54:13Z INFO [2324/3688] 6e1e9466-9561-447c-a640-a7350d4a90e1: 13 internal nodes; 1.0 s; peak memory 521 MiB.
2026-10-06T12:54:25Z INFO [2325/3688] 6e1e9469-6645-46eb-8335-ca0d77cad522: 273 internal nodes; 11.5 s; peak memory 521 MiB.
2026-10-06T12:54:26Z INFO [2326/3688] 6e1e970b-5aeb-490c-be25-9ce1d3dfd47d: 31 internal nodes; 1.7 s; peak memory 521 MiB.
2026-10-06T12:54:28Z INFO [2327/3688] 6e1ef096-0b99-4e84-8422-142f7ee4f5d0: 51 internal nodes; 1.9 s; peak memory 521 MiB.
2026-10-06T12:54:37Z INFO [2328/3688] 6e1f28bd-d001-4c14-a567-8fd9becbb787: 106 internal nodes; 8.6 s; peak memory 521 MiB.
2026-10-06T12:54:38Z INFO [2329/3688] 6e204a79-a44a-4477-b281-999a035aca71: 31 internal nodes; 1.6 s; peak memory 521 MiB.
2026-10-06T12:54:40Z INFO [2330/3688] 6e2164c6-d6e2-490f-ada7-8acdb40cca42: 31 internal nodes; 1.5 s; peak memory 521 MiB.
2026-10-06T12:54:41Z INFO [2331/3688] 6e22c9b2-ef00-48e8-af48-3fcebab844ae: 61 internal nodes; 1.5 s; peak memory 521 MiB.
2026-10-06T12:54:44Z INFO [2332/3688] 6e22cea5-e1b4-4a5d-ac08-0ce892874e6e: 72 internal nodes; 2.1 s; peak memory 521 MiB.
2026-10-06T12:54:45Z INFO [2333/3688] 6e239dad-5595-4e90-a9b4-5e77256fb91e: 27 internal nodes; 1.4 s; peak memory 521 MiB.
2026-10-06T12:54:46Z INFO [2334/3688] 6e244689-9568-4538-8793-79ecba477463: 23 internal nodes; 1.5 s; peak memory 521 MiB.
2026-10-06T12:54:47Z INFO [2335/3688] 6e24a3d5-e3a5-463c-9965-4d660b554a54: 17 internal nodes; 0.8 s; peak memory 521 MiB.
2026-10-06T12:54:49Z INFO [2336/3688] 6e254d91-6470-4509-b5e9-4829136474e2: 27 internal nodes; 1.5 s; peak memory 521 MiB.
2026-10-06T12:54:50Z INFO [2337/3688] 6e258656-cd2d-457c-9824-69a00685e3ad: 27 internal nodes; 1.5 s; peak memory 521 MiB.
2026-10-06T12:54:51Z INFO [2338/3688] 6e26e949-4e38-41ef-b93b-38883ac5a333: 17 internal nodes; 1.1 s; peak memory 521 MiB.
2026-10-06T12:54:52Z INFO [2339/3688] 6e2782ec-32d7-4e02-860c-be43b0aa54c8: 18 internal nodes; 1.0 s; peak memory 521 MiB.
2026-10-06T12:54:53Z INFO [2340/3688] 6e27ce22-afd5-48e0-885b-b0c2b03e64f0: 13 internal nodes; 1.1 s; peak memory 521 MiB.
2026-10-06T12:55:02Z INFO [2341/3688] 6e27e126-c486-47da-87fd-70f39afff679: 44 internal nodes; 8.6 s; peak memory 521 MiB.
2026-10-06T12:55:11Z INFO [2342/3688] 6e27e2ca-e05d-4195-8db6-24e639d17aba: 62 internal nodes; 8.6 s; peak memory 521 MiB.
2026-10-06T12:55:12Z INFO [2343/3688] 6e2847e8-95e5-4691-9297-f10a5153c591: 19 internal nodes; 1.2 s; peak memory 521 MiB.
2026-10-06T12:55:13Z INFO [2344/3688] 6e28ca48-9812-49a7-bde7-1bd9e133de5d: 38 internal nodes; 1.6 s; peak memory 521 MiB.
2026-10-06T12:55:15Z INFO [2345/3688] 6e295e08-ae44-464d-95b6-dde27db43c81: 17 internal nodes; 1.1 s; peak memory 521 MiB.
2026-10-06T12:55:25Z INFO [2346/3688] 6e2984b4-2a49-4edc-8845-a8174bfe82b3: 114 internal nodes; 10.3 s; peak memory 521 MiB.
2026-10-06T12:55:33Z INFO [2347/3688] 6e2a3444-e627-43d1-a521-a60e8e5eca98: 262 internal nodes; 8.0 s; peak memory 521 MiB.
2026-10-06T12:55:34Z INFO [2348/3688] 6e2a9bfd-38d7-4a9e-9b7c-f83c005e8f6f: 17 internal nodes; 1.1 s; peak memory 521 MiB.
2026-10-06T12:55:35Z INFO [2349/3688] 6e2b6352-6c19-4eea-9b8b-6377ae19af8a: 23 internal nodes; 1.4 s; peak memory 521 MiB.
2026-10-06T12:55:37Z INFO [2350/3688] 6e2b8588-989e-4eff-af7e-5330e5ccdaec: 19 internal nodes; 1.2 s; peak memory 521 MiB.
2026-10-06T12:55:37Z INFO [2350/3688] 6e2b8588-989e-4eff-af7e-5330e5ccdaec: checkpointed 99793 records.
2026-10-06T12:55:38Z INFO [2351/3688] 6e2ba0be-0978-4e3a-a598-a00dbc4ab309: 27 internal nodes; 1.3 s; peak memory 521 MiB.
2026-10-06T12:55:40Z INFO [2352/3688] 6e2e1988-ee48-493c-a2e7-fa179113fda5: 13 internal nodes; 1.3 s; peak memory 521 MiB.
2026-10-06T12:55:41Z INFO [2353/3688] 6e2e4f83-163a-4821-8eb0-abfe8a8bd914: 17 internal nodes; 1.2 s; peak memory 521 MiB.
2026-10-06T12:55:42Z INFO [2354/3688] 6e2e98c2-08a7-47e3-83ca-6e0633f6fc25: 15 internal nodes; 1.1 s; peak memory 521 MiB.
2026-10-06T12:55:43Z INFO [2355/3688] 6e2edbc8-d8dd-44c9-8f72-faf139cc3d0e: 27 internal nodes; 1.3 s; peak memory 521 MiB.
2026-10-06T12:55:45Z INFO [2356/3688] 6e2eddf5-34a2-4203-ae1b-5bb4b5d5f1d4: 90 internal nodes; 1.5 s; peak memory 521 MiB.
2026-10-06T12:55:46Z INFO [2357/3688] 6e2f9fc6-e4d1-499c-b1b4-a646df3428dd: 17 internal nodes; 1.1 s; peak memory 521 MiB.
2026-10-06T12:55:57Z INFO [2358/3688] 6e3000d4-a892-46c0-9f51-98ee97a9f050: 216 internal nodes; 10.9 s; peak memory 521 MiB.
2026-10-06T12:55:58Z INFO [2359/3688] 6e309837-eaa5-4b85-917c-f22476f53f04: 17 internal nodes; 1.2 s; peak memory 521 MiB.
2026-10-06T12:55:59Z INFO [2360/3688] 6e30a9bb-e287-4311-982d-c39a1277e553: 17 internal nodes; 1.3 s; peak memory 521 MiB.
2026-10-06T12:56:00Z INFO [2361/3688] 6e31571a-43f9-4fc9-bf95-81a4e0827018: 114 internal nodes; 1.2 s; peak memory 521 MiB.
2026-10-06T12:56:01Z INFO [2362/3688] 6e31a991-5938-4f5f-9d27-dcb2b64184fb: 27 internal nodes; 1.2 s; peak memory 521 MiB.
2026-10-06T12:56:02Z INFO [2363/3688] 6e3238b2-fcb4-43ad-ac78-abcdc816dd75: 17 internal nodes; 1.2 s; peak memory 521 MiB.
2026-10-06T12:56:04Z INFO [2364/3688] 6e347025-b5f2-444b-832d-6ef6407e3633: 13 internal nodes; 1.3 s; peak memory 521 MiB.
2026-10-06T12:56:06Z INFO [2365/3688] 6e3676ea-f8f4-4f99-85f1-9f3ee4def8d3: 66 internal nodes; 2.6 s; peak memory 521 MiB.
2026-10-06T12:56:26Z INFO [2366/3688] 6e3746ec-0572-4d4a-837c-fb57fb126b45: 1177 internal nodes; 19.2 s; peak memory 521 MiB.
2026-10-06T12:56:28Z INFO [2367/3688] 6e38f312-9b0b-4b57-a67a-5eb932f41e8a: 31 internal nodes; 1.9 s; peak memory 521 MiB.
2026-10-06T12:56:29Z INFO [2368/3688] 6e392abf-4eb1-4fe8-88f4-0abccd7a4f45: 41 internal nodes; 1.6 s; peak memory 521 MiB.
2026-10-06T12:56:31Z INFO [2369/3688] 6e393187-f077-44c0-bc62-0156835159d1: 115 internal nodes; 1.4 s; peak memory 521 MiB.
2026-10-06T12:56:32Z INFO [2370/3688] 6e3a72c3-1ca4-4620-a612-2ded891d60df: 27 internal nodes; 1.4 s; peak memory 521 MiB.
2026-10-06T12:56:35Z INFO [2371/3688] 6e3a8894-7d46-4da1-88da-3c15546d9c7f: 60 internal nodes; 2.8 s; peak memory 521 MiB.
2026-10-06T12:56:36Z INFO [2372/3688] 6e3aa6fb-6ed1-4fc5-9256-c610f0f5424b: 31 internal nodes; 1.7 s; peak memory 521 MiB.
2026-10-06T12:56:38Z INFO [2373/3688] 6e3b5f04-cf74-4e1b-ad43-b498b110fc42: 17 internal nodes; 1.2 s; peak memory 521 MiB.
2026-10-06T12:56:39Z INFO [2374/3688] 6e3cd1fb-cf7e-4d81-90bd-cf16da12e9b8: 17 internal nodes; 1.1 s; peak memory 521 MiB.
2026-10-06T12:56:40Z INFO [2375/3688] 6e3d8e91-c88f-4c3a-bbdf-e86ba615c895: 27 internal nodes; 1.5 s; peak memory 521 MiB.
2026-10-06T12:56:41Z INFO [2376/3688] 6e3ea8ee-6b62-4c1e-a6da-26daaba606a8: 27 internal nodes; 0.8 s; peak memory 521 MiB.
2026-10-06T12:56:43Z INFO [2377/3688] 6e3f30f4-1a91-40dc-b8b4-89fae927f756: 27 internal nodes; 1.4 s; peak memory 521 MiB.
2026-10-06T12:56:44Z INFO [2378/3688] 6e3fb83a-9872-4d68-8102-f3ca2530cf36: 17 internal nodes; 1.1 s; peak memory 521 MiB.
2026-10-06T12:56:45Z INFO [2379/3688] 6e406b06-2e3b-4b21-a15d-bb1206783567: 31 internal nodes; 1.7 s; peak memory 521 MiB.
2026-10-06T12:56:56Z INFO [2380/3688] 6e416dba-547e-406a-b272-548195ebe710: 297 internal nodes; 10.6 s; peak memory 521 MiB.
2026-10-06T12:56:57Z INFO [2381/3688] 6e419b3d-26b0-47e9-a92c-260e6d3a64f2: 17 internal nodes; 1.3 s; peak memory 521 MiB.
2026-10-06T12:56:59Z INFO [2382/3688] 6e419d7a-2e80-4963-95c9-8a26cb9dd7ed: 27 internal nodes; 1.3 s; peak memory 521 MiB.
2026-10-06T12:57:00Z INFO [2383/3688] 6e41eebd-3ba4-4b54-8ba4-6324c93a766e: 27 internal nodes; 1.3 s; peak memory 521 MiB.
2026-10-06T12:57:01Z INFO [2384/3688] 6e4204e1-7c3c-47f7-95c8-a5942d825703: 17 internal nodes; 1.3 s; peak memory 521 MiB.
2026-10-06T12:57:02Z INFO [2385/3688] 6e422170-0d54-41c2-bccb-595f9cb5b07f: 17 internal nodes; 1.1 s; peak memory 521 MiB.
2026-10-06T12:57:09Z INFO [2386/3688] 6e4244f0-8580-4bdb-8d5a-0018b2872aa5: 177 internal nodes; 7.0 s; peak memory 521 MiB.
2026-10-06T12:57:10Z INFO [2387/3688] 6e426555-839b-4cab-81b8-c5abbc57dbf0: 17 internal nodes; 0.8 s; peak memory 521 MiB.
2026-10-06T12:57:12Z INFO [2388/3688] 6e43e306-6041-4ff9-ab9e-c7be6a650dbd: 24 internal nodes; 2.2 s; peak memory 521 MiB.
2026-10-06T12:57:14Z INFO [2389/3688] 6e448071-921d-4d9c-9fcd-9823c14fe0e0: 19 internal nodes; 1.3 s; peak memory 521 MiB.
2026-10-06T12:57:15Z INFO [2390/3688] 6e44f9fa-99d8-4ff7-9a03-b7cd6aaeb598: 24 internal nodes; 1.5 s; peak memory 521 MiB.
2026-10-06T12:57:16Z INFO [2391/3688] 6e450447-bb19-4aaa-8e37-ed5ffc9367c1: 17 internal nodes; 1.1 s; peak memory 521 MiB.
2026-10-06T12:57:17Z INFO [2392/3688] 6e456c20-4a94-4672-bb03-d7ad1f2b271f: 11 internal nodes; 0.8 s; peak memory 521 MiB.
2026-10-06T12:57:18Z INFO [2393/3688] 6e470092-13ed-4186-a6bb-31260983a539: 23 internal nodes; 1.2 s; peak memory 521 MiB.
2026-10-06T12:57:30Z INFO [2394/3688] 6e47f732-90d0-4389-8dd7-523224381300: 70 internal nodes; 11.7 s; peak memory 521 MiB.
2026-10-06T12:57:33Z INFO [2395/3688] 6e4924cd-7e9c-4adf-846f-387b3ac2146a: 44 internal nodes; 2.6 s; peak memory 521 MiB.
2026-10-06T12:57:34Z INFO [2396/3688] 6e497ae4-26a7-49ad-b8ec-ddd1750f05b5: 22 internal nodes; 1.4 s; peak memory 521 MiB.
2026-10-06T12:57:35Z INFO [2397/3688] 6e49c0a1-9b7b-46b9-acf7-1556aa709bdd: 19 internal nodes; 1.0 s; peak memory 521 MiB.
2026-10-06T12:57:36Z INFO [2398/3688] 6e4ab86b-7074-4d20-aa09-dab43da32c6d: 28 internal nodes; 1.5 s; peak memory 521 MiB.
2026-10-06T12:57:38Z INFO [2399/3688] 6e4ad0ce-3ec1-4605-8dee-ac48d6c5e3e7: 17 internal nodes; 1.2 s; peak memory 521 MiB.
2026-10-06T12:57:40Z INFO [2400/3688] 6e4ae8ed-00f6-4356-b4ce-f8a7c5471b9f: 44 internal nodes; 2.4 s; peak memory 521 MiB.
2026-10-06T12:57:40Z INFO [2400/3688] 6e4ae8ed-00f6-4356-b4ce-f8a7c5471b9f: checkpointed 99843 records.
2026-10-06T12:57:41Z INFO [2401/3688] 6e4af69b-a474-4d36-868f-bea3bfd8a82a: 19 internal nodes; 1.0 s; peak memory 521 MiB.
2026-10-06T12:57:44Z INFO [2402/3688] 6e4bcc7d-6ca4-488b-bf0d-3a4cb2e91dfe: 26 internal nodes; 2.1 s; peak memory 521 MiB.
2026-10-06T12:57:46Z INFO [2403/3688] 6e4c8c68-edf2-4fdd-a5c6-902f5e5e30d8: 56 internal nodes; 2.4 s; peak memory 521 MiB.
2026-10-06T12:57:47Z INFO [2404/3688] 6e4cbadf-9508-4e36-8c56-3b67b5e1457b: 27 internal nodes; 1.4 s; peak memory 521 MiB.
2026-10-06T12:57:49Z INFO [2405/3688] 6e4d8621-b826-4221-b181-cb3d1e4ae4ef: 116 internal nodes; 1.7 s; peak memory 521 MiB.
2026-10-06T12:57:51Z INFO [2406/3688] 6e4dc338-8963-47e6-a74b-11d110f22a0b: 19 internal nodes; 1.5 s; peak memory 521 MiB.
2026-10-06T12:57:52Z INFO [2407/3688] 6e4e3c14-1d11-4e9d-b65d-e19a6a7f0901: 17 internal nodes; 1.1 s; peak memory 521 MiB.
2026-10-06T12:57:54Z INFO [2408/3688] 6e4f1911-27b2-4529-bc79-92ab26196f48: 44 internal nodes; 2.8 s; peak memory 521 MiB.
2026-10-06T12:57:56Z INFO [2409/3688] 6e4fdcbd-9933-4b17-be2b-b6cd833f584d: 27 internal nodes; 1.4 s; peak memory 521 MiB.
2026-10-06T12:57:58Z INFO [2410/3688] 6e511617-d316-4418-8fa4-670aeb26735b: 44 internal nodes; 2.3 s; peak memory 521 MiB.
2026-10-06T12:57:59Z INFO [2411/3688] 6e51a07d-7cef-4033-bf84-47d4caacfe2d: 17 internal nodes; 1.1 s; peak memory 521 MiB.
2026-10-06T12:58:01Z INFO [2412/3688] 6e520257-a717-4ff8-9fcc-120131fb5cf8: 31 internal nodes; 1.9 s; peak memory 521 MiB.
2026-10-06T12:58:02Z INFO [2413/3688] 6e52bf86-e002-46b0-a507-d9ff1f20ec88: 17 internal nodes; 1.1 s; peak memory 521 MiB.
2026-10-06T12:58:11Z INFO [2414/3688] 6e52e5e6-aadb-455f-8056-ff196d617d9d: 207 internal nodes; 8.4 s; peak memory 521 MiB.
2026-10-06T12:58:12Z INFO [2415/3688] 6e532953-90d1-403a-bc4f-693bae4584a0: 19 internal nodes; 1.2 s; peak memory 521 MiB.
2026-10-06T12:58:14Z INFO [2416/3688] 6e5330ff-17d3-4e87-8343-28ad615d7a61: 60 internal nodes; 1.7 s; peak memory 521 MiB.
2026-10-06T12:58:16Z INFO [2417/3688] 6e534e75-367e-46f0-9e2c-328ea1596b12: 44 internal nodes; 2.7 s; peak memory 521 MiB.
2026-10-06T12:58:18Z INFO [2418/3688] 6e539fd3-debe-4154-895d-0fdca9faaf76: 27 internal nodes; 1.4 s; peak memory 521 MiB.
2026-10-06T12:58:19Z INFO [2419/3688] 6e53b7a7-1b53-402e-9cef-4b2a5c55b70a: 11 internal nodes; 0.8 s; peak memory 521 MiB.
2026-10-06T12:58:20Z INFO [2420/3688] 6e543ad7-e5cb-4b43-a1ff-e03b610ec337: 17 internal nodes; 1.1 s; peak memory 521 MiB.
2026-10-06T12:58:20Z INFO [2421/3688] 6e556421-10a3-4531-9c30-c6e44d23ae07: 11 internal nodes; 0.8 s; peak memory 521 MiB.
2026-10-06T12:58:22Z INFO [2422/3688] 6e558434-fb3e-45d5-82c5-2a5309226e2f: 17 internal nodes; 1.2 s; peak memory 521 MiB.
2026-10-06T12:58:23Z INFO [2423/3688] 6e576473-a805-4b63-a523-c254716a4be6: 17 internal nodes; 1.1 s; peak memory 521 MiB.
2026-10-06T12:58:24Z INFO [2424/3688] 6e57a628-1ba9-48ff-89a6-731362c10b68: 31 internal nodes; 1.7 s; peak memory 521 MiB.
2026-10-06T12:58:26Z INFO [2425/3688] 6e5804c4-1ba0-40a8-9fe0-a8b8afbe6680: 55 internal nodes; 1.4 s; peak memory 521 MiB.
2026-10-06T12:58:33Z INFO [2426/3688] 6e5873bc-bfc3-41da-94e6-9968aeec4ceb: 41 internal nodes; 7.7 s; peak memory 521 MiB.
2026-10-06T12:58:35Z INFO [2427/3688] 6e58d8fb-1a3e-4335-b079-9a07af662cfb: 30 internal nodes; 1.6 s; peak memory 521 MiB.
2026-10-06T12:58:36Z INFO [2428/3688] 6e59ca48-5ba1-4eec-9633-9cfed907e265: 17 internal nodes; 1.1 s; peak memory 521 MiB.
2026-10-06T12:58:42Z INFO [2429/3688] 6e5a3b81-1664-4ef8-92cc-8aa350061e32: 73 internal nodes; 6.1 s; peak memory 521 MiB.
2026-10-06T12:58:44Z INFO [2430/3688] 6e5a3d4f-1dbd-4ec1-b36a-b4b33847bb2a: 31 internal nodes; 1.8 s; peak memory 521 MiB.
2026-10-06T12:58:53Z INFO [2431/3688] 6e5a9f9c-c098-4ac6-8c18-317cd4bed134: 206 internal nodes; 9.1 s; peak memory 521 MiB.
2026-10-06T12:58:55Z INFO [2432/3688] 6e5adfb2-d992-4b8b-a977-761d5b287da1: 116 internal nodes; 1.4 s; peak memory 521 MiB.
2026-10-06T12:59:03Z INFO [2433/3688] 6e5ae26b-850d-4edb-88be-9971812494cd: 73 internal nodes; 8.1 s; peak memory 521 MiB.
2026-10-06T12:59:04Z INFO [2434/3688] 6e5b802e-ebb9-4a2d-8160-64e60d8909e6: 63 internal nodes; 1.6 s; peak memory 521 MiB.
2026-10-06T12:59:17Z INFO [2435/3688] 6e5ef164-0ed2-44f9-8c39-9e28df72cdcc: 245 internal nodes; 12.9 s; peak memory 521 MiB.
2026-10-06T12:59:18Z INFO [2436/3688] 6e5f5fe1-8453-4299-be7e-7697b32af4c5: 17 internal nodes; 1.1 s; peak memory 521 MiB.
2026-10-06T12:59:20Z INFO [2437/3688] 6e5fb396-e3c8-490f-a045-269a42625368: 17 internal nodes; 1.3 s; peak memory 521 MiB.
2026-10-06T12:59:22Z INFO [2438/3688] 6e601574-05ce-42fa-9ef6-1ed109ff59bb: 56 internal nodes; 2.6 s; peak memory 521 MiB.
2026-10-06T12:59:23Z INFO [2439/3688] 6e601af7-8e72-4dc4-9bb8-2c16beb493fa: 17 internal nodes; 1.1 s; peak memory 521 MiB.
2026-10-06T12:59:25Z INFO [2440/3688] 6e60a69f-dc76-40e5-bf08-c9e793d1c5df: 17 internal nodes; 1.1 s; peak memory 521 MiB.
2026-10-06T12:59:25Z INFO [2441/3688] 6e60a822-a173-4b9d-95a1-7ab9b683ce6f: 11 internal nodes; 0.7 s; peak memory 521 MiB.
2026-10-06T12:59:32Z INFO [2442/3688] 6e623146-0a1d-4718-8c87-ed26f7b7905f: 41 internal nodes; 6.8 s; peak memory 521 MiB.
2026-10-06T12:59:34Z INFO [2443/3688] 6e627f51-56bd-4679-9c1f-509f3cf00790: 31 internal nodes; 1.8 s; peak memory 521 MiB.
2026-10-06T12:59:35Z INFO [2444/3688] 6e634a0b-811b-44be-8857-715b0039af40: 31 internal nodes; 1.6 s; peak memory 521 MiB.
2026-10-06T12:59:36Z INFO [2445/3688] 6e639767-1329-48b7-8343-10cc8651704b: 11 internal nodes; 0.8 s; peak memory 521 MiB.
2026-10-06T12:59:37Z INFO [2446/3688] 6e63b3a3-ad0f-40f5-b54e-b0b80d50e504: 17 internal nodes; 1.2 s; peak memory 521 MiB.
2026-10-06T12:59:38Z INFO [2447/3688] 6e66d293-5a87-4b92-8233-ef54f0034fef: 19 internal nodes; 1.0 s; peak memory 521 MiB.
2026-10-06T12:59:39Z INFO [2448/3688] 6e672ba7-9207-47d0-84ef-60b48322e54c: 26 internal nodes; 0.8 s; peak memory 521 MiB.
2026-10-06T12:59:50Z INFO [2449/3688] 6e6825fe-a41d-4ba0-b000-5afa5ef1ef98: 44 internal nodes; 10.4 s; peak memory 521 MiB.
2026-10-06T12:59:51Z INFO [2450/3688] 6e68ebb7-edb9-485d-a373-e41448bd79c6: 31 internal nodes; 1.6 s; peak memory 521 MiB.
2026-10-06T12:59:52Z INFO [2450/3688] 6e68ebb7-edb9-485d-a373-e41448bd79c6: checkpointed 99893 records.
2026-10-06T12:59:54Z INFO [2451/3688] 6e69ab9c-c8e0-40c1-bc84-1e5cdbb662a1: 59 internal nodes; 2.3 s; peak memory 521 MiB.
2026-10-06T13:00:04Z INFO [2452/3688] 6e6a3081-5c95-457a-a921-5a10612d2a8d: 228 internal nodes; 9.7 s; peak memory 521 MiB.
2026-10-06T13:00:05Z INFO [2453/3688] 6e6a62d4-017b-4efb-9055-bfd5346744fb: 17 internal nodes; 1.2 s; peak memory 521 MiB.
2026-10-06T13:00:07Z INFO [2454/3688] 6e6a9933-309a-40a2-ad2b-45858dfa7086: 67 internal nodes; 2.0 s; peak memory 521 MiB.
2026-10-06T13:00:08Z INFO [2455/3688] 6e6bfa80-6673-4b8b-9ec7-7180ccf0f1f7: 13 internal nodes; 1.0 s; peak memory 521 MiB.
2026-10-06T13:00:09Z INFO [2456/3688] 6e6c73ac-ec95-472e-987b-dbe2d575a80f: 27 internal nodes; 1.5 s; peak memory 521 MiB.
2026-10-06T13:00:11Z INFO [2457/3688] 6e6c849b-98f3-46a7-905a-02305e469dfc: 31 internal nodes; 1.8 s; peak memory 521 MiB.
2026-10-06T13:00:14Z INFO [2458/3688] 6e6c8c12-52f1-414a-b92e-c1c5becf7556: 44 internal nodes; 2.7 s; peak memory 521 MiB.
2026-10-06T13:00:16Z INFO [2459/3688] 6e6c9ece-4c49-4c71-a4da-caac21ae9f1a: 65 internal nodes; 2.4 s; peak memory 521 MiB.
2026-10-06T13:00:18Z INFO [2460/3688] 6e6d139b-0ac4-46c1-a722-d7e26d21461a: 27 internal nodes; 1.3 s; peak memory 521 MiB.
2026-10-06T13:00:34Z INFO [2461/3688] 6e6eaa16-f435-4a07-873c-b662ed77d6eb: 38 internal nodes; 16.8 s; peak memory 521 MiB.
2026-10-06T13:00:35Z INFO [2462/3688] 6e6f2dad-43ed-4adb-9a6b-830bd2cce2df: 26 internal nodes; 0.9 s; peak memory 521 MiB.
2026-10-06T13:00:38Z INFO [2463/3688] 6e703269-576b-4931-828b-582654906581: 44 internal nodes; 3.1 s; peak memory 521 MiB.
2026-10-06T13:00:40Z INFO [2464/3688] 6e71108c-3807-4388-b9b6-4af9aca17540: 11 internal nodes; 1.2 s; peak memory 521 MiB.
2026-10-06T13:00:41Z INFO [2465/3688] 6e7206bf-9623-461d-91b7-3646864e50c1: 17 internal nodes; 1.2 s; peak memory 521 MiB.
2026-10-06T13:00:43Z INFO [2466/3688] 6e728e87-1a2a-4eef-a085-9f546255f414: 31 internal nodes; 1.9 s; peak memory 521 MiB.
2026-10-06T13:00:43Z INFO [2467/3688] 6e729aff-e02c-41e7-8fe7-41e3434d574a: 13 internal nodes; 0.8 s; peak memory 521 MiB.
2026-10-06T13:00:45Z INFO [2468/3688] 6e72af83-1e86-4dcc-bf78-b3ff7cf9f6d1: 29 internal nodes; 1.6 s; peak memory 521 MiB.
2026-10-06T13:00:46Z INFO [2469/3688] 6e72d031-e396-4624-b380-4d1bb5a4e16a: 22 internal nodes; 0.9 s; peak memory 521 MiB.
2026-10-06T13:00:47Z INFO [2470/3688] 6e7368bf-354e-4c5c-89a7-2a1efd949acf: 17 internal nodes; 1.1 s; peak memory 521 MiB.
2026-10-06T13:00:49Z INFO [2471/3688] 6e768e23-c702-4edc-8fc5-39b50d0a859a: 31 internal nodes; 1.8 s; peak memory 521 MiB.
2026-10-06T13:00:52Z INFO [2472/3688] 6e76e9a6-4b56-40a8-93cb-6b03600a8576: 38 internal nodes; 2.9 s; peak memory 521 MiB.
2026-10-06T13:00:54Z INFO [2473/3688] 6e77c77f-63a1-4d72-8115-c3e29625c844: 29 internal nodes; 2.0 s; peak memory 521 MiB.
2026-10-06T13:00:57Z INFO [2474/3688] 6e77d731-9009-47be-9e7b-161a630fe775: 50 internal nodes; 3.1 s; peak memory 521 MiB.
2026-10-06T13:00:58Z INFO [2475/3688] 6e784428-5889-4f9c-9bf8-3af0be26b3ba: 27 internal nodes; 1.6 s; peak memory 521 MiB.
2026-10-06T13:01:00Z INFO [2476/3688] 6e79d432-b745-47e4-874c-de858dfd3b7d: 17 internal nodes; 1.1 s; peak memory 521 MiB.
2026-10-06T13:01:09Z INFO [2477/3688] 6e79f378-5c75-4fc2-81e9-20b274865446: 204 internal nodes; 9.9 s; peak memory 521 MiB.
2026-10-06T13:01:11Z INFO [2478/3688] 6e7a0e7e-fdf8-4f8c-ad21-7e3a9d35f476: 13 internal nodes; 1.1 s; peak memory 521 MiB.
2026-10-06T13:01:13Z INFO [2479/3688] 6e7a28c0-75ae-44e7-b20d-4723b0a116b8: 31 internal nodes; 1.9 s; peak memory 521 MiB.
2026-10-06T13:01:14Z INFO [2480/3688] 6e7a37e1-1167-4335-b905-ecdb03bfea50: 27 internal nodes; 1.6 s; peak memory 521 MiB.
2026-10-06T13:01:22Z INFO [2481/3688] 6e7aa9c8-aafa-466c-b1b6-3c1e2932d941: 92 internal nodes; 8.3 s; peak memory 521 MiB.
2026-10-06T13:01:24Z INFO [2482/3688] 6e7b15bb-5e90-464f-a3ac-72b18532e5c1: 17 internal nodes; 1.2 s; peak memory 521 MiB.
2026-10-06T13:01:25Z INFO [2483/3688] 6e7bb12c-e9d8-4b6e-ac0b-74ce3423ef15: 11 internal nodes; 1.1 s; peak memory 521 MiB.
2026-10-06T13:01:26Z INFO [2484/3688] 6e7bd812-1273-4a99-b4c8-0a3a99642df9: 17 internal nodes; 1.2 s; peak memory 521 MiB.
2026-10-06T13:01:27Z INFO [2485/3688] 6e7c5525-8832-4db4-af3f-e0650b788119: 53 internal nodes; 1.4 s; peak memory 521 MiB.
2026-10-06T13:01:30Z INFO [2486/3688] 6e7d2097-7890-442d-a57b-3334a79ca075: 30 internal nodes; 2.2 s; peak memory 521 MiB.
2026-10-06T13:01:31Z INFO [2487/3688] 6e7d6d20-3b66-4ed7-8643-52fbbd336693: 69 internal nodes; 2.0 s; peak memory 521 MiB.
2026-10-06T13:01:33Z INFO [2488/3688] 6e7dda69-3b39-42d3-8c2a-6a7da142f1e7: 17 internal nodes; 1.2 s; peak memory 521 MiB.
2026-10-06T13:01:36Z INFO [2489/3688] 6e7dfa64-1fc0-42da-9a3c-5208f83f06bc: 46 internal nodes; 3.6 s; peak memory 521 MiB.
2026-10-06T13:01:37Z INFO [2490/3688] 6e7dfd7a-b09a-462b-a742-1c242ae00758: 17 internal nodes; 1.1 s; peak memory 521 MiB.
2026-10-06T13:01:41Z INFO [2491/3688] 6e7e4a7c-ab83-4f72-ae30-b5a8d2fa1672: 44 internal nodes; 3.1 s; peak memory 521 MiB.
2026-10-06T13:01:42Z INFO [2492/3688] 6e7e8264-1e12-47a8-828f-89a956b2aec6: 23 internal nodes; 1.5 s; peak memory 521 MiB.
2026-10-06T13:01:51Z INFO [2493/3688] 6e7eb166-d60c-4642-a976-1c10ac46ec02: 313 internal nodes; 8.7 s; peak memory 521 MiB.
2026-10-06T13:01:52Z INFO [2494/3688] 6e7f1b8a-e109-4780-9aef-2c842f5c7ead: 27 internal nodes; 1.4 s; peak memory 521 MiB.
2026-10-06T13:01:53Z INFO [2495/3688] 6e7ff9d2-747a-4b93-ad9f-efb75bbd8411: 22 internal nodes; 1.2 s; peak memory 521 MiB.
2026-10-06T13:01:56Z INFO [2496/3688] 6e804c4c-3d1d-412e-9441-a610ec52c7c3: 32 internal nodes; 2.2 s; peak memory 521 MiB.
2026-10-06T13:01:57Z INFO [2497/3688] 6e80b17d-8791-468a-a663-f2d394d7e35a: 26 internal nodes; 1.4 s; peak memory 521 MiB.
2026-10-06T13:01:59Z INFO [2498/3688] 6e812fc0-5c28-4ab7-9603-62f2d1d223a7: 31 internal nodes; 1.7 s; peak memory 521 MiB.
2026-10-06T13:02:00Z INFO [2499/3688] 6e816197-403d-4886-a1fa-e21a8f0f06a1: 17 internal nodes; 1.2 s; peak memory 521 MiB.
2026-10-06T13:02:01Z INFO [2500/3688] 6e81bb34-0e38-4d74-8c80-fb042f09e801: 17 internal nodes; 1.0 s; peak memory 521 MiB.
2026-10-06T13:02:01Z INFO [2500/3688] 6e81bb34-0e38-4d74-8c80-fb042f09e801: checkpointed 99943 records.
2026-10-06T13:02:02Z INFO [2501/3688] 6e81f946-f196-41dd-9119-9062076dd65b: 17 internal nodes; 1.3 s; peak memory 521 MiB.
2026-10-06T13:02:15Z INFO [2502/3688] 6e81faee-2c00-4394-bf52-9a0b05793422: 445 internal nodes; 12.3 s; peak memory 521 MiB.
2026-10-06T13:02:16Z INFO [2503/3688] 6e82876d-acd2-4cd1-ae77-665a8816ddae: 27 internal nodes; 1.3 s; peak memory 521 MiB.
2026-10-06T13:02:19Z INFO [2504/3688] 6e834cb1-c0bc-4cf2-9c6f-a362ff4c45d7: 56 internal nodes; 2.9 s; peak memory 521 MiB.
2026-10-06T13:02:29Z INFO [2505/3688] 6e838508-da92-4d48-b318-6bf0d2746596: 263 internal nodes; 9.8 s; peak memory 521 MiB.
2026-10-06T13:02:33Z INFO [2506/3688] 6e83c8d9-4c2b-4c70-87e7-57cb810d3a71: 53 internal nodes; 4.5 s; peak memory 521 MiB.
2026-10-06T13:02:35Z INFO [2507/3688] 6e8434ad-c86f-48be-8e3b-6242a0883118: 17 internal nodes; 1.4 s; peak memory 521 MiB.
2026-10-06T13:02:36Z INFO [2508/3688] 6e8434cf-f96c-4b81-939c-e311c699f4dd: 13 internal nodes; 1.4 s; peak memory 521 MiB.
2026-10-06T13:02:37Z INFO [2509/3688] 6e850c19-c237-4b64-a44f-d9814c8d5ed5: 17 internal nodes; 1.3 s; peak memory 521 MiB.
2026-10-06T13:02:39Z INFO [2510/3688] 6e854b50-c3ec-422d-b7c8-0bd553187cf5: 67 internal nodes; 2.0 s; peak memory 521 MiB.
2026-10-06T13:02:41Z INFO [2511/3688] 6e854bf1-2bbd-431f-9e84-daf2e071885b: 27 internal nodes; 1.4 s; peak memory 521 MiB.
2026-10-06T13:02:43Z INFO [2512/3688] 6e8599a5-71ae-4045-b17f-912744660795: 28 internal nodes; 2.0 s; peak memory 521 MiB.
2026-10-06T13:02:54Z INFO [2513/3688] 6e85ac34-c82f-4e2d-9d9e-0c4dfd3fe694: 70 internal nodes; 11.0 s; peak memory 521 MiB.
2026-10-06T13:02:55Z INFO [2514/3688] 6e85ec9b-a73b-4498-880e-51aef021ad19: 90 internal nodes; 1.5 s; peak memory 521 MiB.
2026-10-06T13:02:56Z INFO [2515/3688] 6e863251-2298-46bb-ad77-7d549555ee90: 17 internal nodes; 1.1 s; peak memory 521 MiB.
2026-10-06T13:02:58Z INFO [2516/3688] 6e86e77f-0778-4cae-9578-e2bfbafa14f0: 27 internal nodes; 1.4 s; peak memory 521 MiB.
2026-10-06T13:03:09Z INFO [2517/3688] 6e87725a-2da0-4f0c-88b6-1cd7cfc26fb3: 85 internal nodes; 11.5 s; peak memory 521 MiB.
2026-10-06T13:03:11Z INFO [2518/3688] 6e881da9-0f4b-449c-8988-2a1fbdc2ab27: 17 internal nodes; 1.3 s; peak memory 521 MiB.
2026-10-06T13:03:12Z INFO [2519/3688] 6e892372-79e8-47fd-a498-cebb9e512f9b: 19 internal nodes; 1.2 s; peak memory 521 MiB.
2026-10-06T13:03:13Z INFO [2520/3688] 6e8942ce-9f44-4924-bfa5-05f705903053: 17 internal nodes; 1.5 s; peak memory 521 MiB.
2026-10-06T13:03:14Z INFO [2521/3688] 6e89598b-23a7-43a1-9894-2972f4bbb0fb: 17 internal nodes; 1.1 s; peak memory 521 MiB.
2026-10-06T13:03:16Z INFO [2522/3688] 6e8b36c6-7a14-48b1-b615-11c377697402: 27 internal nodes; 1.3 s; peak memory 521 MiB.
2026-10-06T13:03:18Z INFO [2523/3688] 6e8c1971-3a50-4681-82d9-6381c7e86ff1: 95 internal nodes; 1.9 s; peak memory 521 MiB.
2026-10-06T13:03:20Z INFO [2524/3688] 6e8c5048-8062-427c-9994-a8052392c9b5: 32 internal nodes; 2.0 s; peak memory 521 MiB.
2026-10-06T13:03:21Z INFO [2525/3688] 6e8c8ce1-f9ec-4f6a-8cd4-7ea153b0e894: 17 internal nodes; 1.2 s; peak memory 521 MiB.
2026-10-06T13:03:41Z INFO [2526/3688] 6e8ec65a-5313-49df-a361-30847d81ce0d: 189 internal nodes; 19.8 s; peak memory 521 MiB.
2026-10-06T13:04:43Z INFO [2527/3688] 6e8fa659-971a-4281-8577-859b3e792d26: 93 internal nodes; 62.8 s; peak memory 521 MiB.
2026-10-06T13:04:45Z INFO [2528/3688] 6e8febd5-0ed3-4f80-8cd7-e046de15e865: 53 internal nodes; 1.6 s; peak memory 521 MiB.
2026-10-06T13:04:46Z INFO [2529/3688] 6e909ebf-f34b-4d12-a750-8b5aeedc17f8: 27 internal nodes; 1.3 s; peak memory 521 MiB.
2026-10-06T13:04:48Z INFO [2530/3688] 6e90b156-3db5-411f-800a-e0383036d143: 18 internal nodes; 1.4 s; peak memory 521 MiB.
2026-10-06T13:04:49Z INFO [2531/3688] 6e916806-bb5a-4a85-8d0e-13129412583d: 90 internal nodes; 1.3 s; peak memory 521 MiB.
2026-10-06T13:04:51Z INFO [2532/3688] 6e91e791-6e37-4f0f-9a34-66ef829f3718: 31 internal nodes; 1.5 s; peak memory 521 MiB.
2026-10-06T13:04:52Z INFO [2533/3688] 6e91f4e0-d984-49cc-8ee6-e48d707d293f: 27 internal nodes; 1.5 s; peak memory 521 MiB.
2026-10-06T13:04:53Z INFO [2534/3688] 6e93a28a-f422-498b-868c-0678068aa9ea: 27 internal nodes; 1.4 s; peak memory 521 MiB.
2026-10-06T13:04:55Z INFO [2535/3688] 6e93bba9-bc66-465c-8e57-ec45083ebc36: 18 internal nodes; 1.3 s; peak memory 521 MiB.
2026-10-06T13:04:56Z INFO [2536/3688] 6e944275-326f-40af-846a-e5b39aef2ec0: 116 internal nodes; 1.4 s; peak memory 521 MiB.
2026-10-06T13:04:57Z INFO [2537/3688] 6e9487c7-3e83-4456-b38d-20045314c643: 18 internal nodes; 1.0 s; peak memory 521 MiB.
2026-10-06T13:04:58Z INFO [2538/3688] 6e948cb1-1b2b-410d-9207-e910d0038b8d: 17 internal nodes; 1.3 s; peak memory 521 MiB.
2026-10-06T13:05:00Z INFO [2539/3688] 6e94a331-401b-4715-85f9-12c8cdeb1eba: 17 internal nodes; 1.3 s; peak memory 521 MiB.
2026-10-06T13:05:04Z INFO [2540/3688] 6e94cfa7-99ad-45b1-b1b1-d17c08732019: 89 internal nodes; 3.8 s; peak memory 521 MiB.
2026-10-06T13:05:05Z INFO [2541/3688] 6e950af1-23ed-40f4-b569-15e1a349aa7e: 61 internal nodes; 1.3 s; peak memory 521 MiB.
2026-10-06T13:05:06Z INFO [2542/3688] 6e952c47-1df7-4acb-9624-745f0ef3e223: 17 internal nodes; 1.2 s; peak memory 521 MiB.
2026-10-06T13:05:09Z INFO [2543/3688] 6e954d26-3c14-4a74-8742-6107960c1860: 44 internal nodes; 2.8 s; peak memory 521 MiB.
2026-10-06T13:05:10Z INFO [2544/3688] 6e960e4d-b5c7-49a0-8da0-f90adfb798d3: 61 internal nodes; 1.6 s; peak memory 521 MiB.
2026-10-06T13:05:12Z INFO [2545/3688] 6e967a7c-aadd-4d77-82ee-e8cf8fd00019: 17 internal nodes; 1.3 s; peak memory 521 MiB.
2026-10-06T13:05:13Z INFO [2546/3688] 6e96fc5f-9224-4251-a00b-519d8f17a1f7: 17 internal nodes; 1.1 s; peak memory 521 MiB.
2026-10-06T13:05:14Z INFO [2547/3688] 6e982fe3-a2e7-4af8-8bbe-85eeadbf78bc: 18 internal nodes; 1.5 s; peak memory 521 MiB.
2026-10-06T13:05:16Z INFO [2548/3688] 6e9874a0-7d87-410a-9a8f-bfecfee4cf08: 22 internal nodes; 1.4 s; peak memory 521 MiB.
2026-10-06T13:05:20Z INFO [2549/3688] 6e9891ac-3b61-4b1a-b811-b0834d37b11e: 56 internal nodes; 4.6 s; peak memory 521 MiB.
2026-10-06T13:05:22Z INFO [2550/3688] 6e98fe59-a460-45bb-b298-aa2cffa5bf4b: 17 internal nodes; 1.2 s; peak memory 521 MiB.
2026-10-06T13:05:22Z INFO [2550/3688] 6e98fe59-a460-45bb-b298-aa2cffa5bf4b: checkpointed 99993 records.
2026-10-06T13:05:24Z INFO [2551/3688] 6e9a30ce-5a14-4f1c-a66e-b985cedea7c0: 39 internal nodes; 2.0 s; peak memory 521 MiB.
2026-10-06T13:05:26Z INFO [2552/3688] 6e9ab1d5-e6f5-4d00-bd80-fa91408cf17e: 61 internal nodes; 1.7 s; peak memory 521 MiB.
2026-10-06T13:05:27Z INFO [2553/3688] 6e9acb49-9711-4275-865a-2eabff6d271b: 17 internal nodes; 0.9 s; peak memory 521 MiB.
2026-10-06T13:05:30Z INFO [2554/3688] 6e9b3f16-547d-44b2-98d6-9af213ec0ea7: 47 internal nodes; 3.1 s; peak memory 521 MiB.
2026-10-06T13:05:33Z INFO [2555/3688] 6e9be01b-31dd-46aa-9c77-56a1856d2315: 44 internal nodes; 3.1 s; peak memory 521 MiB.
2026-10-06T13:05:38Z INFO [2556/3688] 6e9be296-8307-4437-b7a4-56dbf73a4e13: 117 internal nodes; 5.5 s; peak memory 521 MiB.
2026-10-06T13:05:40Z INFO [2557/3688] 6e9c9eb9-977e-4040-8dde-0819ae86d5b7: 34 internal nodes; 1.7 s; peak memory 521 MiB.
2026-10-06T13:05:42Z INFO [2558/3688] 6e9cc1bb-0d4f-4ad5-9f90-490cbdc1f955: 24 internal nodes; 2.0 s; peak memory 521 MiB.
2026-10-06T13:05:49Z INFO [2559/3688] 6e9d851a-102a-41b5-8db0-cc1f6b7dfe3d: 118 internal nodes; 7.0 s; peak memory 521 MiB.
2026-10-06T13:05:50Z INFO [2560/3688] 6e9eab9b-3169-418c-8e17-5e3479888df2: 17 internal nodes; 1.3 s; peak memory 521 MiB.
2026-10-06T13:05:52Z INFO [2561/3688] 6e9f409c-f348-41af-b146-837606ccc00f: 69 internal nodes; 2.0 s; peak memory 521 MiB.
2026-10-06T13:05:58Z INFO [2562/3688] 6e9f77c9-bdd4-4ef6-ace8-a5138985adcd: 73 internal nodes; 6.3 s; peak memory 521 MiB.
2026-10-06T13:06:00Z INFO [2563/3688] 6e9f7c86-cac6-48c4-821b-fb04fd85edcc: 59 internal nodes; 1.8 s; peak memory 521 MiB.
2026-10-06T13:06:01Z INFO [2564/3688] 6ea079d0-99e8-4411-80bf-0f0d4f02ce15: 17 internal nodes; 1.2 s; peak memory 521 MiB.
2026-10-06T13:06:09Z INFO [2565/3688] 6ea08c47-f477-494c-9ea8-bdb28438385d: 65 internal nodes; 8.1 s; peak memory 521 MiB.
2026-10-06T13:06:10Z INFO [2566/3688] 6ea11e74-b687-4ffe-92de-7963e70c6e99: 27 internal nodes; 1.1 s; peak memory 521 MiB.
2026-10-06T13:06:12Z INFO [2567/3688] 6ea13ba0-fc15-4b19-85c5-b6a128a0d72f: 27 internal nodes; 1.6 s; peak memory 521 MiB.
2026-10-06T13:06:14Z INFO [2568/3688] 6ea204b2-8596-43be-af23-cacd048f00f9: 37 internal nodes; 1.6 s; peak memory 521 MiB.
2026-10-06T13:06:15Z INFO [2569/3688] 6ea23d4e-eb4b-4b56-9d60-e91c2ba1fde9: 17 internal nodes; 1.2 s; peak memory 521 MiB.
2026-10-06T13:06:17Z INFO [2570/3688] 6ea2d93b-937c-41b4-8011-f6d4049009a0: 69 internal nodes; 2.0 s; peak memory 521 MiB.
2026-10-06T13:06:18Z INFO [2571/3688] 6ea2f232-26d9-4dfe-b1bb-586d038ebcdb: 17 internal nodes; 1.2 s; peak memory 521 MiB.
2026-10-06T13:06:26Z INFO [2572/3688] 6ea3df4a-0f99-4315-b261-2a1154dcd446: 61 internal nodes; 7.4 s; peak memory 521 MiB.
2026-10-06T13:06:28Z INFO [2573/3688] 6ea40548-a174-4e73-a432-b8459118885b: 59 internal nodes; 2.3 s; peak memory 521 MiB.
2026-10-06T13:06:29Z INFO [2574/3688] 6ea44fb3-8a37-4b96-a3d3-882ce71f0aa0: 30 internal nodes; 1.6 s; peak memory 521 MiB.
2026-10-06T13:06:31Z INFO [2575/3688] 6ea51b28-cabf-4732-97a0-2ded71fe92a0: 26 internal nodes; 1.2 s; peak memory 521 MiB.
2026-10-06T13:06:32Z INFO [2576/3688] 6ea76d49-13ae-4006-bffb-dd93e414ce97: 19 internal nodes; 1.2 s; peak memory 521 MiB.
2026-10-06T13:06:33Z INFO [2577/3688] 6ea8698c-0b17-4817-9dd5-6ee898c6de02: 90 internal nodes; 1.5 s; peak memory 521 MiB.
2026-10-06T13:06:34Z INFO [2578/3688] 6ea89b5a-cb5f-4818-9490-17ab9f2c1006: 17 internal nodes; 1.2 s; peak memory 521 MiB.
2026-10-06T13:06:35Z INFO [2579/3688] 6ea8ca19-afcd-4042-8ef4-1eeb741d0ef1: 21 internal nodes; 0.9 s; peak memory 521 MiB.
2026-10-06T13:06:37Z INFO [2580/3688] 6ea8d452-863c-47bd-be29-0c69dd660671: 95 internal nodes; 2.0 s; peak memory 521 MiB.
2026-10-06T13:06:38Z INFO [2581/3688] 6ea94bd2-12d3-4a53-a81b-1a0dab94fa48: 23 internal nodes; 1.1 s; peak memory 521 MiB.
2026-10-06T13:06:40Z INFO [2582/3688] 6ea97e7c-2fb3-4617-904d-e5ec001329a2: 19 internal nodes; 1.4 s; peak memory 521 MiB.
2026-10-06T13:06:41Z INFO [2583/3688] 6eaa0e21-5a17-431d-a072-9431d2da1bd9: 27 internal nodes; 1.5 s; peak memory 521 MiB.
2026-10-06T13:06:43Z INFO [2584/3688] 6eaa4de0-4f30-431a-88c5-cd619b42c2ae: 17 internal nodes; 1.3 s; peak memory 521 MiB.
2026-10-06T13:06:44Z INFO [2585/3688] 6eaa7017-47ca-4367-ad03-92df880e21db: 63 internal nodes; 1.8 s; peak memory 521 MiB.
2026-10-06T13:06:45Z INFO [2586/3688] 6eaab5e6-eb62-402a-b816-49dc35edf81c: 58 internal nodes; 1.0 s; peak memory 521 MiB.
2026-10-06T13:06:47Z INFO [2587/3688] 6eaae734-a6b2-4418-8b81-61583de59f1c: 27 internal nodes; 1.2 s; peak memory 521 MiB.
2026-10-06T13:06:48Z INFO [2588/3688] 6eab5bb2-5dfa-42ac-a923-6c90a4af0060: 19 internal nodes; 1.4 s; peak memory 521 MiB.
2026-10-06T13:08:29Z INFO [2589/3688] 6eab64e5-ab21-4eaf-a2c5-e6db0f066d58: 2253 internal nodes; 100.7 s; peak memory 521 MiB.
2026-10-06T13:08:32Z INFO [2590/3688] 6eab6aed-a5bf-4633-a3e4-bf9afa9a00ee: 44 internal nodes; 3.1 s; peak memory 521 MiB.
2026-10-06T13:08:33Z INFO [2591/3688] 6eabfeea-722c-4cd0-9a49-a76886a9606a: 27 internal nodes; 1.6 s; peak memory 521 MiB.
2026-10-06T13:08:35Z INFO [2592/3688] 6eac3a90-626e-4e05-982f-14501ce214a0: 27 internal nodes; 1.4 s; peak memory 521 MiB.
2026-10-06T13:08:36Z INFO [2593/3688] 6eac5ae5-df53-4ad6-9ce7-e0fabbe95163: 27 internal nodes; 1.4 s; peak memory 521 MiB.
2026-10-06T13:08:38Z INFO [2594/3688] 6ead22e8-0089-4813-a59a-13c16e131632: 61 internal nodes; 2.0 s; peak memory 521 MiB.
2026-10-06T13:08:41Z INFO [2595/3688] 6eadc74f-46b6-41ab-ad87-d40c7d5c3458: 44 internal nodes; 2.7 s; peak memory 521 MiB.
2026-10-06T13:08:50Z INFO [2596/3688] 6eae174d-fc59-4c45-8db5-4b3a2e0caa74: 134 internal nodes; 9.2 s; peak memory 521 MiB.
2026-10-06T13:08:52Z INFO [2597/3688] 6eae429a-0669-4a2f-bcfa-9c96c684b2b9: 58 internal nodes; 1.6 s; peak memory 521 MiB.
2026-10-06T13:08:53Z INFO [2598/3688] 6eafab94-9c47-4571-834d-d209db61aab7: 11 internal nodes; 1.2 s; peak memory 521 MiB.
2026-10-06T13:08:54Z INFO [2599/3688] 6eafd36a-52f1-4e7e-ad58-9589ae37da5c: 17 internal nodes; 1.2 s; peak memory 521 MiB.
2026-10-06T13:08:55Z INFO [2600/3688] 6eb0a915-e05a-4596-a8c9-74c7e03dc4b7: 27 internal nodes; 1.3 s; peak memory 521 MiB.
2026-10-06T13:08:56Z INFO [2600/3688] 6eb0a915-e05a-4596-a8c9-74c7e03dc4b7: checkpointed 100043 records.
2026-10-06T13:08:57Z INFO [2601/3688] 6eb0c13a-ea66-4960-bb9b-47e7cf19ed23: 31 internal nodes; 1.6 s; peak memory 521 MiB.
2026-10-06T13:09:04Z INFO [2602/3688] 6eb0d6b1-ec66-4317-abbf-b1d29e4ea73e: 177 internal nodes; 7.2 s; peak memory 521 MiB.
2026-10-06T13:09:06Z INFO [2603/3688] 6eb121e8-6426-4287-ba6b-b990756391bd: 17 internal nodes; 1.2 s; peak memory 521 MiB.
2026-10-06T13:09:07Z INFO [2604/3688] 6eb1269d-be47-4495-9c80-24843817b3b9: 23 internal nodes; 0.9 s; peak memory 521 MiB.
2026-10-06T13:09:08Z INFO [2605/3688] 6eb13808-e45b-47b6-b4ad-12ecd7a39add: 17 internal nodes; 1.1 s; peak memory 521 MiB.
2026-10-06T13:09:11Z INFO [2606/3688] 6eb1fdbc-ed2d-4356-aa35-995ad34c5b1d: 44 internal nodes; 3.1 s; peak memory 521 MiB.
2026-10-06T13:09:12Z INFO [2607/3688] 6eb24640-8abb-4cf1-a935-ed6a20851ac6: 17 internal nodes; 1.1 s; peak memory 521 MiB.
2026-10-06T13:09:13Z INFO [2608/3688] 6eb42c28-f060-469a-914e-8830e1fe24db: 17 internal nodes; 1.1 s; peak memory 521 MiB.
2026-10-06T13:09:27Z INFO [2609/3688] 6eb55e6d-6833-4b85-9af1-1b92f2283c61: 694 internal nodes; 14.3 s; peak memory 521 MiB.
2026-10-06T13:09:28Z INFO [2610/3688] 6eb56bdc-1cef-4866-a4ba-0d852d120d5a: 18 internal nodes; 0.9 s; peak memory 521 MiB.
2026-10-06T13:09:29Z INFO [2611/3688] 6eb59476-910b-4f8a-9277-613e83e6f1b4: 19 internal nodes; 1.2 s; peak memory 521 MiB.
2026-10-06T13:09:30Z INFO [2612/3688] 6eb601ea-c67d-4a1e-a328-62cd1358fc74: 22 internal nodes; 0.9 s; peak memory 521 MiB.
2026-10-06T13:09:33Z INFO [2613/3688] 6eb6218f-db09-4f13-90d0-d424dbfdea68: 44 internal nodes; 3.0 s; peak memory 521 MiB.
2026-10-06T13:09:39Z INFO [2614/3688] 6eb7146b-364d-4b28-913a-8f1e067677c9: 127 internal nodes; 5.6 s; peak memory 521 MiB.
2026-10-06T13:09:48Z INFO [2615/3688] 6eb78584-f910-4a03-920b-e5f70cb8cb15: 182 internal nodes; 9.4 s; peak memory 521 MiB.
2026-10-06T13:09:50Z INFO [2616/3688] 6eb787ee-afb8-4c07-8b4c-c17acacf1446: 28 internal nodes; 1.8 s; peak memory 521 MiB.
2026-10-06T13:09:57Z INFO [2617/3688] 6eb81465-f1ad-48a3-a1eb-5961669a36c7: 177 internal nodes; 7.2 s; peak memory 521 MiB.
2026-10-06T13:09:59Z INFO [2618/3688] 6eb8416f-e8bd-4434-a9e3-80ecc87ba4e0: 55 internal nodes; 2.3 s; peak memory 521 MiB.
2026-10-06T13:10:00Z INFO [2619/3688] 6eb852ee-2e6c-4a72-9a3b-0d5250b2ffd5: 18 internal nodes; 1.1 s; peak memory 521 MiB.
2026-10-06T13:10:02Z INFO [2620/3688] 6eb9b091-f41e-493d-8c0b-ee71c1ddcc06: 27 internal nodes; 1.4 s; peak memory 521 MiB.
2026-10-06T13:10:04Z INFO [2621/3688] 6eb9cf21-f80b-46b5-909b-987952646317: 116 internal nodes; 1.8 s; peak memory 521 MiB.
2026-10-06T13:10:05Z INFO [2622/3688] 6eb9fc8b-5219-4ede-a0f5-9ff4a6f7a869: 17 internal nodes; 1.0 s; peak memory 521 MiB.
2026-10-06T13:10:07Z INFO [2623/3688] 6eba4122-dc9f-45c8-82f5-d4284491bae4: 37 internal nodes; 1.9 s; peak memory 521 MiB.
2026-10-06T13:10:08Z INFO [2624/3688] 6eba4324-1751-4395-bbd6-fe47c1b50641: 19 internal nodes; 1.2 s; peak memory 521 MiB.
2026-10-06T13:10:09Z INFO [2625/3688] 6ebb5168-2b28-45b8-bc96-e919f5494958: 17 internal nodes; 1.3 s; peak memory 521 MiB.
2026-10-06T13:10:10Z INFO [2626/3688] 6ebb5e6f-8aef-43c0-a293-7f53d612bb21: 18 internal nodes; 1.1 s; peak memory 521 MiB.
2026-10-06T13:10:12Z INFO [2627/3688] 6ebbce4b-7e28-4abe-b3df-abbd73c57410: 31 internal nodes; 1.9 s; peak memory 521 MiB.
2026-10-06T13:10:13Z INFO [2628/3688] 6ebcafb6-67cf-4c18-8187-3fe2a70aa7c8: 27 internal nodes; 1.4 s; peak memory 521 MiB.
2026-10-06T13:10:15Z INFO [2629/3688] 6ebd786c-d350-45fe-b834-639495b625fa: 27 internal nodes; 1.6 s; peak memory 521 MiB.
2026-10-06T13:10:18Z INFO [2630/3688] 6ebd8862-874c-4e1a-a1ad-0c20e44fb3e1: 44 internal nodes; 3.3 s; peak memory 521 MiB.
2026-10-06T13:10:31Z INFO [2631/3688] 6ebe9a9f-017d-4e14-a520-9f748fbd8d80: 74 internal nodes; 12.6 s; peak memory 521 MiB.
2026-10-06T13:10:32Z INFO [2632/3688] 6ebe9f86-7395-424d-8190-58dfb1ffc944: 30 internal nodes; 1.6 s; peak memory 521 MiB.
2026-10-06T13:10:35Z INFO [2633/3688] 6ebee8ce-c24d-4bc4-87ed-709894f4ba3b: 43 internal nodes; 2.6 s; peak memory 521 MiB.
2026-10-06T13:10:36Z INFO [2634/3688] 6ebfc935-4fe6-457b-baca-dff0ea4d03ea: 27 internal nodes; 1.3 s; peak memory 521 MiB.
2026-10-06T13:10:40Z INFO [2635/3688] 6ec0485f-cb4e-4641-84f9-fb58b80f466a: 46 internal nodes; 3.6 s; peak memory 521 MiB.
2026-10-06T13:10:42Z INFO [2636/3688] 6ec0c8a0-3af9-4113-8e97-a0946ab2ba9e: 31 internal nodes; 1.7 s; peak memory 521 MiB.
2026-10-06T13:10:43Z INFO [2637/3688] 6ec15c17-3a2a-4256-9a51-88689e927caa: 27 internal nodes; 1.3 s; peak memory 521 MiB.
2026-10-06T13:10:45Z INFO [2638/3688] 6ec1773e-f61f-4d4a-99c7-07bc879b17cf: 66 internal nodes; 2.2 s; peak memory 521 MiB.
2026-10-06T13:10:47Z INFO [2639/3688] 6ec2093b-37a0-4c9b-adee-548e55de272f: 27 internal nodes; 1.4 s; peak memory 521 MiB.
2026-10-06T13:10:49Z INFO [2640/3688] 6ec2282c-9b16-4695-9c18-4715a48959de: 36 internal nodes; 2.0 s; peak memory 521 MiB.
2026-10-06T13:10:51Z INFO [2641/3688] 6ec22ff9-7a14-477d-a552-8feefc78b56e: 63 internal nodes; 2.5 s; peak memory 521 MiB.
2026-10-06T13:10:53Z INFO [2642/3688] 6ec34530-776e-45fb-8d27-7dd7a2c8d9c9: 31 internal nodes; 1.5 s; peak memory 521 MiB.
2026-10-06T13:11:08Z INFO [2643/3688] 6ec3984a-1106-4721-bf06-68fd19b4abff: 2366 internal nodes; 15.0 s; peak memory 521 MiB.
2026-10-06T13:11:09Z INFO [2644/3688] 6ec45ae9-427c-4284-83de-cb25f2168d03: 31 internal nodes; 1.8 s; peak memory 521 MiB.
2026-10-06T13:11:22Z INFO [2645/3688] 6ec5b062-21fd-48d2-a56b-9c8ba2b56f7c: 258 internal nodes; 12.8 s; peak memory 521 MiB.
2026-10-06T13:11:23Z INFO [2646/3688] 6ec630dc-7e47-4f93-826d-10467885dfbc: 17 internal nodes; 1.1 s; peak memory 521 MiB.
2026-10-06T13:11:24Z INFO [2647/3688] 6ec65eb2-cab4-48e8-8f49-ce1b21ca4ecd: 11 internal nodes; 0.8 s; peak memory 521 MiB.
2026-10-06T13:11:28Z INFO [2648/3688] 6ec799fa-ae85-497a-995e-ec28a8d33ba9: 46 internal nodes; 3.4 s; peak memory 521 MiB.
2026-10-06T13:11:29Z INFO [2649/3688] 6ec7a875-f35e-4172-ab73-4ad666955a89: 13 internal nodes; 1.0 s; peak memory 521 MiB.
2026-10-06T13:11:29Z INFO [2650/3688] 6ec89978-bca2-434b-b123-18327a96119f: 26 internal nodes; 0.9 s; peak memory 521 MiB.
2026-10-06T13:11:30Z INFO [2650/3688] 6ec89978-bca2-434b-b123-18327a96119f: checkpointed 100093 records.
2026-10-06T13:11:31Z INFO [2651/3688] 6ec89f79-6adb-4f1e-a65b-393deea583ea: 31 internal nodes; 1.5 s; peak memory 521 MiB.
2026-10-06T13:11:33Z INFO [2652/3688] 6ec8c253-b347-4576-8015-c7fba375a8c4: 17 internal nodes; 1.2 s; peak memory 521 MiB.
2026-10-06T13:11:34Z INFO [2653/3688] 6ec923a8-0961-4427-b79a-65cd8aef6d74: 27 internal nodes; 1.2 s; peak memory 521 MiB.
2026-10-06T13:11:35Z INFO [2654/3688] 6ec9d350-0a14-4e37-a049-58a0070ad009: 119 internal nodes; 1.4 s; peak memory 521 MiB.
2026-10-06T13:11:37Z INFO [2655/3688] 6eca0716-a24c-4dff-83d1-d5a16b04f6c0: 29 internal nodes; 1.6 s; peak memory 521 MiB.
2026-10-06T13:11:39Z INFO [2656/3688] 6eca32cb-32c8-42e1-abd9-fa982c618a90: 29 internal nodes; 1.8 s; peak memory 521 MiB.
2026-10-06T13:11:40Z INFO [2657/3688] 6eca6155-86a7-4ebe-ac19-a32dd15ab9d0: 27 internal nodes; 1.3 s; peak memory 521 MiB.
2026-10-06T13:11:41Z INFO [2658/3688] 6ecb0a3e-c740-4593-bfc1-803d97da9c3e: 17 internal nodes; 1.1 s; peak memory 521 MiB.
2026-10-06T13:11:42Z INFO [2659/3688] 6ecc2b0c-d1b0-479f-b5d2-71e9390b79d6: 17 internal nodes; 1.2 s; peak memory 521 MiB.
2026-10-06T13:11:43Z INFO [2660/3688] 6ecca3a7-ee7c-4cd6-8a58-3af5ea8f3022: 26 internal nodes; 0.8 s; peak memory 521 MiB.
2026-10-06T13:11:44Z INFO [2661/3688] 6eccb4c2-3f70-41a9-84ee-2603eb4d8d0e: 13 internal nodes; 1.3 s; peak memory 521 MiB.
2026-10-06T13:11:46Z INFO [2662/3688] 6eccf6db-457c-48ad-bc2f-e58f8051c0a0: 27 internal nodes; 1.4 s; peak memory 521 MiB.
2026-10-06T13:11:47Z INFO [2663/3688] 6ecd537a-cd4b-4289-96ec-db6501498638: 55 internal nodes; 1.7 s; peak memory 521 MiB.
2026-10-06T13:11:49Z INFO [2664/3688] 6ecd5707-8682-432d-af4f-8e8060fee529: 17 internal nodes; 1.3 s; peak memory 521 MiB.
2026-10-06T13:11:51Z INFO [2665/3688] 6ecf54e7-2674-42f9-a3c4-4dbe468041ac: 42 internal nodes; 2.5 s; peak memory 521 MiB.
2026-10-06T13:11:52Z INFO [2666/3688] 6ecff7b9-c758-466f-9643-b79df1174e9e: 15 internal nodes; 1.0 s; peak memory 521 MiB.
2026-10-06T13:11:55Z INFO [2667/3688] 6ed00717-f907-4c99-b7df-a130cc9578e3: 44 internal nodes; 2.8 s; peak memory 521 MiB.
2026-10-06T13:11:56Z INFO [2668/3688] 6ed02dce-a1a9-40c9-a8f6-15ebeb39922e: 27 internal nodes; 1.3 s; peak memory 521 MiB.
2026-10-06T13:11:57Z INFO [2669/3688] 6ed1da7b-7175-4f89-addb-077721a612a2: 19 internal nodes; 1.0 s; peak memory 521 MiB.
2026-10-06T13:11:58Z INFO [2670/3688] 6ed2f22c-0351-4fd4-9319-e530700ec08f: 17 internal nodes; 1.2 s; peak memory 521 MiB.
2026-10-06T13:12:00Z INFO [2671/3688] 6ed3c61c-cd5d-4155-815f-0a573bf9fc27: 17 internal nodes; 1.3 s; peak memory 521 MiB.
2026-10-06T13:12:01Z INFO [2672/3688] 6ed4e35b-2575-4080-bd9e-ea7d70dda3df: 66 internal nodes; 1.7 s; peak memory 521 MiB.
2026-10-06T13:12:03Z INFO [2673/3688] 6ed6e453-f8d0-4ac3-b431-6910d2e0f777: 53 internal nodes; 1.4 s; peak memory 521 MiB.
2026-10-06T13:12:04Z INFO [2674/3688] 6ed70316-0be2-4a68-9756-e7b33a087339: 31 internal nodes; 1.4 s; peak memory 521 MiB.
2026-10-06T13:12:05Z INFO [2675/3688] 6ed71cad-cdfe-4686-b981-e0f575816374: 27 internal nodes; 1.1 s; peak memory 521 MiB.
2026-10-06T13:12:06Z INFO [2676/3688] 6ed7f042-4dd1-4e61-a63e-309846869e0a: 13 internal nodes; 1.0 s; peak memory 521 MiB.
2026-10-06T13:12:08Z INFO [2677/3688] 6edab0af-0c96-4f64-98e1-f5bc2896bb83: 31 internal nodes; 1.5 s; peak memory 521 MiB.
2026-10-06T13:12:10Z INFO [2678/3688] 6edac16f-357e-41a9-9701-379f1bdd99c6: 72 internal nodes; 1.9 s; peak memory 521 MiB.
2026-10-06T13:12:11Z INFO [2679/3688] 6edb66f7-f3bc-4022-b7c6-1e0eddf8270d: 16 internal nodes; 1.0 s; peak memory 521 MiB.
2026-10-06T13:12:13Z INFO [2680/3688] 6edc0e0c-0c4d-4bd5-9eb9-682c69d238c3: 27 internal nodes; 1.9 s; peak memory 521 MiB.
2026-10-06T13:12:14Z INFO [2681/3688] 6edd0b37-5de1-48f2-95c3-280ddeddc584: 17 internal nodes; 1.1 s; peak memory 521 MiB.
2026-10-06T13:12:21Z INFO [2682/3688] 6eded16d-fe68-42fa-8afc-38b36cd046e2: 55 internal nodes; 6.9 s; peak memory 521 MiB.
2026-10-06T13:12:22Z INFO [2683/3688] 6edf45a6-82cc-4af1-8deb-8e910b0ec7c4: 13 internal nodes; 1.2 s; peak memory 521 MiB.
2026-10-06T13:12:23Z INFO [2684/3688] 6edf47c5-8fa0-42e6-83a9-48717407adf4: 17 internal nodes; 1.1 s; peak memory 521 MiB.
2026-10-06T13:12:24Z INFO [2685/3688] 6edf9ce7-e5e3-4a78-858a-1d8c110f9ba0: 27 internal nodes; 1.4 s; peak memory 521 MiB.
2026-10-06T13:12:26Z INFO [2686/3688] 6ee05869-0e9e-4b20-b0c2-05552cb9e908: 29 internal nodes; 1.5 s; peak memory 521 MiB.
2026-10-06T13:12:27Z INFO [2687/3688] 6ee075a5-1f96-49a7-b5c4-49721ef24f0a: 20 internal nodes; 0.8 s; peak memory 521 MiB.
2026-10-06T13:12:32Z INFO [2688/3688] 6ee0fad1-d75a-421e-abd7-23f72ffc6bb0: 73 internal nodes; 5.7 s; peak memory 521 MiB.
2026-10-06T13:12:33Z INFO [2689/3688] 6ee14b2e-c6f1-4e60-bb6d-6d72c78f4382: 17 internal nodes; 1.1 s; peak memory 521 MiB.
2026-10-06T13:12:35Z INFO [2690/3688] 6ee20fc9-743d-45aa-8650-7e869b0f628d: 31 internal nodes; 1.5 s; peak memory 521 MiB.
2026-10-06T13:12:36Z INFO [2691/3688] 6ee2c870-9d80-4720-843d-2296d073c879: 19 internal nodes; 1.1 s; peak memory 521 MiB.
2026-10-06T13:12:37Z INFO [2692/3688] 6ee30086-2acf-4587-97d0-1432b6571706: 24 internal nodes; 1.6 s; peak memory 521 MiB.
2026-10-06T13:12:39Z INFO [2693/3688] 6ee3206f-4c0f-40f3-b302-98af00f81d41: 17 internal nodes; 1.2 s; peak memory 521 MiB.
2026-10-06T13:12:40Z INFO [2694/3688] 6ee3493f-b156-425d-89df-399b322ae1f2: 17 internal nodes; 1.2 s; peak memory 521 MiB.
2026-10-06T13:12:51Z INFO [2695/3688] 6ee3c03a-2d9b-4c62-8165-c7ce3655ae45: 281 internal nodes; 11.5 s; peak memory 521 MiB.
2026-10-06T13:12:52Z INFO [2696/3688] 6ee48cdf-1c8b-469c-8b07-78db6764af32: 11 internal nodes; 0.8 s; peak memory 521 MiB.
2026-10-06T13:13:27Z INFO [2697/3688] 6ee64f55-2156-47d7-9606-b3e0511aaf73: 3640 internal nodes; 34.8 s; peak memory 521 MiB.
2026-10-06T13:13:29Z INFO [2698/3688] 6ee6861e-c9b1-42b5-8287-b7c8961c8774: 31 internal nodes; 1.8 s; peak memory 521 MiB.
2026-10-06T13:13:40Z INFO [2699/3688] 6ee76c47-d07b-4f80-ae1c-37badbcbf42a: 241 internal nodes; 10.9 s; peak memory 521 MiB.
2026-10-06T13:13:41Z INFO [2700/3688] 6ee79f76-e9e8-40d3-b35e-18290766a504: 19 internal nodes; 1.3 s; peak memory 521 MiB.
2026-10-06T13:13:41Z INFO [2700/3688] 6ee79f76-e9e8-40d3-b35e-18290766a504: checkpointed 100143 records.
2026-10-06T13:13:54Z INFO [2701/3688] 6ee86eed-b171-412f-8ebe-262177b4a04b: 70 internal nodes; 12.5 s; peak memory 521 MiB.
2026-10-06T13:13:56Z INFO [2702/3688] 6ee8821e-85dd-4cf0-981e-edcf13625168: 27 internal nodes; 1.9 s; peak memory 521 MiB.
2026-10-06T13:13:58Z INFO [2703/3688] 6ee88f61-7aff-4a3d-bf5e-a1565af97675: 25 internal nodes; 1.7 s; peak memory 521 MiB.
2026-10-06T13:14:07Z INFO [2704/3688] 6ee95d2d-5fd6-4a8e-ac41-4716c77ec0f2: 222 internal nodes; 9.2 s; peak memory 521 MiB.
2026-10-06T13:14:08Z INFO [2705/3688] 6eeaab79-7780-4379-adc8-7815ac9f640d: 27 internal nodes; 1.5 s; peak memory 521 MiB.
2026-10-06T13:14:09Z INFO [2706/3688] 6eead875-0749-4015-856f-a42dc4853260: 17 internal nodes; 1.2 s; peak memory 521 MiB.
2026-10-06T13:14:11Z INFO [2707/3688] 6eed57e8-bc0e-4ed9-b712-5f35f432fc74: 23 internal nodes; 1.3 s; peak memory 521 MiB.
2026-10-06T13:14:12Z INFO [2708/3688] 6eed695f-3227-45af-a285-31466d831140: 18 internal nodes; 1.0 s; peak memory 521 MiB.
2026-10-06T13:14:13Z INFO [2709/3688] 6eed75fd-12d0-472d-85dc-a5a15cc5e38e: 27 internal nodes; 1.5 s; peak memory 521 MiB.
2026-10-06T13:14:14Z INFO [2710/3688] 6eef3f7b-f566-4e8e-a310-0f4da386ff3b: 23 internal nodes; 1.1 s; peak memory 521 MiB.
2026-10-06T13:14:16Z INFO [2711/3688] 6eef4c3d-822f-4945-838f-03c4bb05dde0: 28 internal nodes; 1.9 s; peak memory 521 MiB.
2026-10-06T13:14:18Z INFO [2712/3688] 6eef4e37-f278-4b7c-aea4-2de35801d206: 27 internal nodes; 1.4 s; peak memory 521 MiB.
2026-10-06T13:14:19Z INFO [2713/3688] 6eefba11-a2f9-4b97-87bc-711e6f7b269e: 13 internal nodes; 1.0 s; peak memory 521 MiB.
2026-10-06T13:14:20Z INFO [2714/3688] 6ef03645-09bc-4987-8491-2b6394b60896: 115 internal nodes; 1.3 s; peak memory 521 MiB.
2026-10-06T13:14:21Z INFO [2715/3688] 6ef05ea6-3bf6-490a-be48-c9780a59ec5b: 17 internal nodes; 1.2 s; peak memory 521 MiB.
2026-10-06T13:14:22Z INFO [2716/3688] 6ef14ef4-f43e-4ed2-9d59-206260b5e0e7: 17 internal nodes; 1.2 s; peak memory 521 MiB.
2026-10-06T13:14:39Z INFO [2717/3688] 6ef19c07-1ffc-4c6f-b133-286237cbaa0d: 22 internal nodes; 16.7 s; peak memory 521 MiB.
2026-10-06T13:15:06Z INFO [2718/3688] 6ef213a4-4009-49af-8fea-28cc8b68a61e: 136 internal nodes; 27.0 s; peak memory 521 MiB.
2026-10-06T13:15:07Z INFO [2719/3688] 6ef336d6-ec97-4946-b3d1-0648da967f17: 17 internal nodes; 1.2 s; peak memory 521 MiB.
2026-10-06T13:15:08Z INFO [2720/3688] 6ef3a213-c106-4e5a-b3e8-f8164a1fb601: 31 internal nodes; 1.1 s; peak memory 521 MiB.
2026-10-06T13:15:10Z INFO [2721/3688] 6ef3eeaa-9512-469b-ac36-dda9d8628a3a: 24 internal nodes; 2.0 s; peak memory 521 MiB.
2026-10-06T13:15:11Z INFO [2722/3688] 6ef40164-0003-4e91-9fcf-5c7bacfb0332: 19 internal nodes; 1.0 s; peak memory 521 MiB.
2026-10-06T13:15:13Z INFO [2723/3688] 6ef43e90-8a8d-447b-b619-a1a35794c42e: 27 internal nodes; 1.4 s; peak memory 521 MiB.
2026-10-06T13:15:14Z INFO [2724/3688] 6ef51239-d056-4126-9ac2-707720a336b9: 116 internal nodes; 1.6 s; peak memory 521 MiB.
2026-10-06T13:15:16Z INFO [2725/3688] 6ef54036-1b68-4580-9e0a-ffd58ccb2d3f: 25 internal nodes; 1.3 s; peak memory 521 MiB.
2026-10-06T13:15:17Z INFO [2726/3688] 6ef61049-827f-4940-8f97-6d2020103167: 90 internal nodes; 1.5 s; peak memory 521 MiB.
2026-10-06T13:15:18Z INFO [2727/3688] 6ef6b593-1c9b-4c29-a0ed-d8997b4baf69: 27 internal nodes; 0.9 s; peak memory 521 MiB.
2026-10-06T13:15:19Z INFO [2728/3688] 6ef75801-a19f-47e2-b7b1-7ee89b7d980d: 17 internal nodes; 1.3 s; peak memory 521 MiB.
2026-10-06T13:15:22Z INFO [2729/3688] 6ef86917-4c05-4f68-bce4-cf1e067fec05: 31 internal nodes; 2.3 s; peak memory 521 MiB.
2026-10-06T13:15:23Z INFO [2730/3688] 6ef93922-26c7-488d-b034-4abc43ae3d5e: 26 internal nodes; 1.2 s; peak memory 521 MiB.
2026-10-06T13:15:24Z INFO [2731/3688] 6ef939b9-4846-4dc6-9ff8-128f8483a995: 17 internal nodes; 0.9 s; peak memory 521 MiB.
2026-10-06T13:15:25Z INFO [2732/3688] 6ef9992d-c415-488b-812f-f4ca074a2dec: 22 internal nodes; 1.6 s; peak memory 521 MiB.
2026-10-06T13:15:33Z INFO [2733/3688] 6ef99c9b-dc16-43e6-9430-f590a1e68ce7: 209 internal nodes; 7.5 s; peak memory 521 MiB.
2026-10-06T13:15:34Z INFO [2734/3688] 6efa7798-9a32-4c18-94f4-17330446a278: 11 internal nodes; 0.9 s; peak memory 521 MiB.
2026-10-06T13:15:35Z INFO [2735/3688] 6efa8a88-0ed9-49cd-a104-57b742543b7b: 54 internal nodes; 1.7 s; peak memory 521 MiB.
2026-10-06T13:15:42Z INFO [2736/3688] 6efb6ea9-7a72-43df-a183-b9609ced74af: 136 internal nodes; 6.4 s; peak memory 521 MiB.
2026-10-06T13:15:44Z INFO [2737/3688] 6efb9b09-3b8f-4b2b-a303-5d387cbb740c: 44 internal nodes; 2.3 s; peak memory 521 MiB.
2026-10-06T13:15:47Z INFO [2738/3688] 6efbcffa-9f17-4a1a-9a11-b1da2abe7c0e: 44 internal nodes; 3.0 s; peak memory 521 MiB.
2026-10-06T13:15:52Z INFO [2739/3688] 6efbe6b8-24f5-42d0-97ad-8f15e7c9609b: 53 internal nodes; 4.5 s; peak memory 521 MiB.
2026-10-06T13:15:55Z INFO [2740/3688] 6efca6ea-c7e3-4c03-ba25-d6cb0eb328e2: 47 internal nodes; 3.6 s; peak memory 521 MiB.
2026-10-06T13:15:57Z INFO [2741/3688] 6efcedf5-c83d-4529-b076-a13fd32fb1e9: 31 internal nodes; 1.7 s; peak memory 521 MiB.
2026-10-06T13:15:58Z INFO [2742/3688] 6efda9e8-cda3-4e67-8b8d-e5cd5bd13683: 27 internal nodes; 1.4 s; peak memory 521 MiB.
2026-10-06T13:16:01Z INFO [2743/3688] 6efe6e5a-157e-40b4-817c-5cba2d7d01c0: 59 internal nodes; 2.8 s; peak memory 521 MiB.
2026-10-06T13:16:03Z INFO [2744/3688] 6efebbfc-4a34-4891-8f21-24271c525e65: 22 internal nodes; 1.2 s; peak memory 521 MiB.
2026-10-06T13:16:04Z INFO [2745/3688] 6eff16e5-5013-4c17-8d75-1ce951bdc630: 17 internal nodes; 1.2 s; peak memory 521 MiB.
2026-10-06T13:16:11Z INFO [2746/3688] 6effcf43-38d6-4a5c-8dbc-f01185bee478: 61 internal nodes; 7.6 s; peak memory 521 MiB.
2026-10-06T13:16:12Z INFO [2747/3688] 6f005b5a-3833-4f22-b618-28bc38436a72: 17 internal nodes; 1.2 s; peak memory 521 MiB.
2026-10-06T13:16:14Z INFO [2748/3688] 6f00aceb-7bc5-4930-a28c-1e64930f08df: 17 internal nodes; 1.3 s; peak memory 521 MiB.
2026-10-06T13:16:21Z INFO [2749/3688] 6f019d2c-9d97-4f4b-a23b-e4689923caa6: 147 internal nodes; 7.1 s; peak memory 521 MiB.
2026-10-06T13:16:22Z INFO [2750/3688] 6f021006-1807-4ca3-a498-ed1826aa2882: 27 internal nodes; 1.4 s; peak memory 521 MiB.
2026-10-06T13:16:23Z INFO [2750/3688] 6f021006-1807-4ca3-a498-ed1826aa2882: checkpointed 100193 records.
2026-10-06T13:16:24Z INFO [2751/3688] 6f02a2d3-bf23-47ba-8c6b-c406856402e3: 31 internal nodes; 1.7 s; peak memory 521 MiB.
2026-10-06T13:16:25Z INFO [2752/3688] 6f03d90c-d797-4c33-a0ed-6638fe9d6fec: 18 internal nodes; 1.1 s; peak memory 521 MiB.
2026-10-06T13:16:26Z INFO [2753/3688] 6f03e5bf-a8ab-40c8-a094-9ea05b47d050: 22 internal nodes; 0.9 s; peak memory 521 MiB.
2026-10-06T13:16:30Z INFO [2754/3688] 6f04930a-f48d-43ac-83e8-c0ddec3d0f80: 46 internal nodes; 3.6 s; peak memory 521 MiB.
2026-10-06T13:16:31Z INFO [2755/3688] 6f0585bb-0549-4056-91ee-f882698d697b: 26 internal nodes; 1.1 s; peak memory 521 MiB.
2026-10-06T13:16:32Z INFO [2756/3688] 6f05f4f1-be1e-490b-9876-3f2833ff19c1: 115 internal nodes; 1.4 s; peak memory 521 MiB.
2026-10-06T13:16:35Z INFO [2757/3688] 6f0684b6-9b37-42e5-ae3a-0167658bd6fb: 27 internal nodes; 2.6 s; peak memory 521 MiB.
2026-10-06T13:16:41Z INFO [2758/3688] 6f06c376-d3be-4d26-96ba-cfa0167e8dd4: 73 internal nodes; 6.0 s; peak memory 521 MiB.
2026-10-06T13:16:42Z INFO [2759/3688] 6f073ee3-1959-4edd-8340-adaa1406cc54: 17 internal nodes; 1.4 s; peak memory 521 MiB.
2026-10-06T13:16:44Z INFO [2760/3688] 6f07b7b0-0f3b-4926-a1f4-87539b5b8873: 31 internal nodes; 1.5 s; peak memory 521 MiB.
2026-10-06T13:16:46Z INFO [2761/3688] 6f07dbe4-0186-4918-9797-09b8210a36ef: 23 internal nodes; 1.8 s; peak memory 521 MiB.
2026-10-06T13:16:53Z INFO [2762/3688] 6f080f96-a5b8-4ac2-a019-666374e606c9: 202 internal nodes; 7.3 s; peak memory 521 MiB.
2026-10-06T13:16:54Z INFO [2763/3688] 6f09ea0a-3538-4444-88a9-1dde77dceca3: 17 internal nodes; 1.2 s; peak memory 521 MiB.
2026-10-06T13:16:55Z INFO [2764/3688] 6f0a3a7d-bbc9-4c72-8caf-8e42a3c70e0f: 17 internal nodes; 1.1 s; peak memory 521 MiB.
2026-10-06T13:16:56Z INFO [2765/3688] 6f0b19ac-e435-4090-ac1f-d73d99ce3add: 17 internal nodes; 1.2 s; peak memory 521 MiB.
2026-10-06T13:16:57Z INFO [2766/3688] 6f0b9cab-156d-47c1-89b6-0984c43689f5: 22 internal nodes; 0.9 s; peak memory 521 MiB.
2026-10-06T13:16:58Z INFO [2767/3688] 6f0bd43e-25ae-4b76-a679-a3287c66a810: 17 internal nodes; 0.9 s; peak memory 521 MiB.
2026-10-06T13:16:59Z INFO [2768/3688] 6f0d1391-7548-4f5a-9307-57f76f21f936: 14 internal nodes; 1.1 s; peak memory 521 MiB.
2026-10-06T13:17:01Z INFO [2769/3688] 6f0d44e0-408a-4326-8859-b652471912fb: 27 internal nodes; 1.6 s; peak memory 521 MiB.
2026-10-06T13:17:02Z INFO [2770/3688] 6f0de6b0-e4c6-4437-bc74-80599be1b8d4: 16 internal nodes; 1.1 s; peak memory 521 MiB.
2026-10-06T13:17:03Z INFO [2771/3688] 6f0e2dfa-4fd1-455f-b872-2b9b1ae82a85: 62 internal nodes; 1.5 s; peak memory 521 MiB.
2026-10-06T13:17:05Z INFO [2772/3688] 6f0e5403-fd11-4848-9e07-c62def9b1c8a: 17 internal nodes; 1.1 s; peak memory 521 MiB.
2026-10-06T13:17:06Z INFO [2773/3688] 6f10eb79-c38f-421b-a3a8-b1e3eddd5c19: 27 internal nodes; 1.3 s; peak memory 521 MiB.
2026-10-06T13:17:07Z INFO [2774/3688] 6f119f51-0c58-4749-b6b7-8f9972eb9b54: 27 internal nodes; 1.3 s; peak memory 521 MiB.
2026-10-06T13:17:20Z INFO [2775/3688] 6f11dca1-4264-45b4-b468-fe5049f8c3a9: 225 internal nodes; 12.6 s; peak memory 521 MiB.
2026-10-06T13:17:21Z INFO [2776/3688] 6f12a605-a05b-4cf7-a6d8-86973a5b23a2: 115 internal nodes; 1.4 s; peak memory 521 MiB.
2026-10-06T13:17:24Z INFO [2777/3688] 6f12f79f-900c-4c8e-964c-43acc62f4a53: 21 internal nodes; 2.7 s; peak memory 521 MiB.
2026-10-06T13:17:25Z INFO [2778/3688] 6f1331b5-4ff4-4d39-96fb-e66406a7d9d4: 23 internal nodes; 1.5 s; peak memory 521 MiB.
2026-10-06T13:17:26Z INFO [2779/3688] 6f141f6a-2709-4d21-b539-aba03d24edeb: 13 internal nodes; 0.9 s; peak memory 521 MiB.
2026-10-06T13:17:27Z INFO [2780/3688] 6f146437-44ee-4415-84d4-cf53a8684be1: 17 internal nodes; 1.2 s; peak memory 521 MiB.
2026-10-06T13:17:29Z INFO [2781/3688] 6f1482ab-8a82-40e0-aa60-0d39a85c04ac: 31 internal nodes; 1.7 s; peak memory 521 MiB.
2026-10-06T13:17:38Z INFO [2782/3688] 6f14f78c-9758-46d9-b97f-89559106904c: 66 internal nodes; 8.8 s; peak memory 521 MiB.
2026-10-06T13:17:39Z INFO [2783/3688] 6f1587ce-7cae-46fe-b050-b449a157114e: 17 internal nodes; 1.1 s; peak memory 521 MiB.
2026-10-06T13:17:51Z INFO [2784/3688] 6f159309-1305-4064-b12a-05430255dee6: 83 internal nodes; 11.7 s; peak memory 521 MiB.
2026-10-06T13:17:57Z INFO [2785/3688] 6f15cb90-2ec1-4e6e-b5d0-a5202291058c: 100 internal nodes; 6.5 s; peak memory 521 MiB.
2026-10-06T13:17:59Z INFO [2786/3688] 6f1615e3-6dae-4bec-9eca-34857e78242b: 60 internal nodes; 1.3 s; peak memory 521 MiB.
2026-10-06T13:18:08Z INFO [2787/3688] 6f164e63-6aa3-4b42-a81b-ee35e927945c: 213 internal nodes; 9.8 s; peak memory 521 MiB.
2026-10-06T13:18:17Z INFO [2788/3688] 6f166b62-5885-40f4-bb5a-77769a4e12a2: 204 internal nodes; 8.5 s; peak memory 521 MiB.
2026-10-06T13:18:18Z INFO [2789/3688] 6f178bb0-bb95-4071-8c36-b99bd94d8344: 56 internal nodes; 1.6 s; peak memory 521 MiB.
2026-10-06T13:18:21Z INFO [2790/3688] 6f17ed5c-bba0-4f77-ac6e-05339118420b: 44 internal nodes; 2.5 s; peak memory 521 MiB.
2026-10-06T13:18:28Z INFO [2791/3688] 6f186050-d1e1-4806-8f70-616418b67d8e: 176 internal nodes; 7.4 s; peak memory 521 MiB.
2026-10-06T13:18:31Z INFO [2792/3688] 6f19543b-dcb8-40f4-b977-ebe3b5fefc76: 67 internal nodes; 2.5 s; peak memory 521 MiB.
2026-10-06T13:18:32Z INFO [2793/3688] 6f19585b-8af6-470c-be9f-f546f5dac9a3: 11 internal nodes; 0.9 s; peak memory 521 MiB.
2026-10-06T13:18:33Z INFO [2794/3688] 6f196d25-6c0a-4377-a196-893a5581a270: 27 internal nodes; 1.4 s; peak memory 521 MiB.
2026-10-06T13:19:12Z INFO [2795/3688] 6f1aa38e-6555-402d-99d5-771171b96a94: 923 internal nodes; 38.5 s; peak memory 521 MiB.
2026-10-06T13:19:22Z INFO [2796/3688] 6f1b0e8f-7891-4066-b451-4004bb2373c5: 292 internal nodes; 10.8 s; peak memory 521 MiB.
2026-10-06T13:19:24Z INFO [2797/3688] 6f1b8f25-8eab-4078-aaeb-bf152cb12978: 27 internal nodes; 1.3 s; peak memory 521 MiB.
2026-10-06T13:19:30Z INFO [2798/3688] 6f1c11e7-db0a-4c8d-8116-8e75a173dcc9: 73 internal nodes; 6.0 s; peak memory 521 MiB.
2026-10-06T13:19:40Z INFO [2799/3688] 6f1c7e4c-d379-4637-980d-f15934e6b140: 115 internal nodes; 10.6 s; peak memory 521 MiB.
2026-10-06T13:19:41Z INFO [2800/3688] 6f1c9c75-c580-4886-85b3-4d4dc03d0092: 17 internal nodes; 1.1 s; peak memory 521 MiB.
2026-10-06T13:19:42Z INFO [2800/3688] 6f1c9c75-c580-4886-85b3-4d4dc03d0092: checkpointed 100243 records.
2026-10-06T13:19:44Z INFO [2801/3688] 6f1d5770-d337-47f1-8a20-98162b22c816: 54 internal nodes; 1.8 s; peak memory 521 MiB.
2026-10-06T13:19:45Z INFO [2802/3688] 6f1d6fa5-bbe8-4a54-9637-0241976e7f16: 31 internal nodes; 1.8 s; peak memory 521 MiB.
2026-10-06T13:19:46Z INFO [2803/3688] 6f1ed2b0-e1df-408b-bcaf-1c83f52745d2: 17 internal nodes; 1.1 s; peak memory 521 MiB.
2026-10-06T13:19:48Z INFO [2804/3688] 6f204045-a89e-497c-82e5-c71fa23dce53: 27 internal nodes; 1.4 s; peak memory 521 MiB.
2026-10-06T13:19:49Z INFO [2805/3688] 6f206bb7-ac6d-4b38-be55-9d3d621d3455: 31 internal nodes; 1.7 s; peak memory 521 MiB.
2026-10-06T13:19:52Z INFO [2806/3688] 6f21025a-8ae7-47d1-bd91-571a48b604fe: 63 internal nodes; 2.6 s; peak memory 521 MiB.
2026-10-06T13:19:53Z INFO [2807/3688] 6f2300e0-06da-4a8d-8c46-9720bf481638: 11 internal nodes; 0.9 s; peak memory 521 MiB.
2026-10-06T13:20:00Z INFO [2808/3688] 6f2346cb-39fb-45f8-9c1a-3cc1bbc0ca3c: 61 internal nodes; 7.4 s; peak memory 521 MiB.
2026-10-06T13:20:02Z INFO [2809/3688] 6f2359fd-eb0f-49eb-9542-f0acb1b8d8e9: 67 internal nodes; 2.1 s; peak memory 521 MiB.
2026-10-06T13:20:04Z INFO [2810/3688] 6f243a12-6886-4ea5-b917-be63fe369468: 17 internal nodes; 1.2 s; peak memory 521 MiB.
2026-10-06T13:20:05Z INFO [2811/3688] 6f25fae9-0539-458c-a228-380766a44ebf: 31 internal nodes; 1.7 s; peak memory 521 MiB.
2026-10-06T13:20:07Z INFO [2812/3688] 6f265b5a-c048-4a30-b052-aa69e439be90: 56 internal nodes; 1.7 s; peak memory 521 MiB.
2026-10-06T13:20:08Z INFO [2813/3688] 6f274da6-4d9d-402b-9045-ba2cd969ba99: 17 internal nodes; 1.1 s; peak memory 521 MiB.
2026-10-06T13:20:41Z INFO [2814/3688] 6f2757ee-e4dd-4258-89bc-60b6ae462a2b: 1577 internal nodes; 32.3 s; peak memory 521 MiB.
2026-10-06T13:20:42Z INFO [2815/3688] 6f281cc0-02c1-4a22-8bf8-e21720b01c26: 17 internal nodes; 1.1 s; peak memory 521 MiB.
2026-10-06T13:20:43Z INFO [2816/3688] 6f2855d4-2f07-46de-b194-b23e5dacf825: 29 internal nodes; 1.7 s; peak memory 521 MiB.
2026-10-06T13:20:45Z INFO [2817/3688] 6f292c6e-28f5-4f77-b698-ab4c7068f6fe: 27 internal nodes; 1.3 s; peak memory 521 MiB.
2026-10-06T13:20:46Z INFO [2818/3688] 6f295f38-311a-4846-9c52-e92964023183: 27 internal nodes; 1.3 s; peak memory 521 MiB.
2026-10-06T13:20:48Z INFO [2819/3688] 6f29841f-9e91-413e-b9a9-ac9e73c3fe56: 46 internal nodes; 2.3 s; peak memory 521 MiB.
2026-10-06T13:20:59Z INFO [2820/3688] 6f2b6d1e-57e3-47d7-a9f4-4e22e23cd6b1: 256 internal nodes; 11.2 s; peak memory 521 MiB.
2026-10-06T13:21:08Z INFO [2821/3688] 6f2b9cd1-cf86-4930-b6b2-f0fa18a3faa8: 197 internal nodes; 9.0 s; peak memory 521 MiB.
2026-10-06T13:21:10Z INFO [2822/3688] 6f2bab22-2137-4d95-a25b-1b70cc205569: 17 internal nodes; 1.1 s; peak memory 521 MiB.
2026-10-06T13:21:15Z INFO [2823/3688] 6f2cdcd0-2010-4ef3-93dd-13306e6d3000: 125 internal nodes; 5.5 s; peak memory 521 MiB.
2026-10-06T13:21:17Z INFO [2824/3688] 6f2ce4b6-e1a3-450e-ab17-616c61192c7a: 54 internal nodes; 1.6 s; peak memory 521 MiB.
2026-10-06T13:21:18Z INFO [2825/3688] 6f2d410d-1487-472c-a519-b869bd19bb74: 27 internal nodes; 1.4 s; peak memory 521 MiB.
2026-10-06T13:21:20Z INFO [2826/3688] 6f2ec316-55e0-4430-abb8-3031d43a899e: 58 internal nodes; 1.8 s; peak memory 521 MiB.
2026-10-06T13:21:21Z INFO [2827/3688] 6f2ec60e-9c48-4485-b186-fcabe4c6b1f8: 28 internal nodes; 1.3 s; peak memory 521 MiB.
2026-10-06T13:21:23Z INFO [2828/3688] 6f2ed948-78b4-424d-94a2-bbd154a90eda: 53 internal nodes; 1.6 s; peak memory 521 MiB.
2026-10-06T13:21:30Z INFO [2829/3688] 6f2effc6-8c67-445e-8d9b-d3d340de789a: 183 internal nodes; 7.6 s; peak memory 521 MiB.
2026-10-06T13:21:36Z INFO [2830/3688] 6f2f5fca-3c8c-4f67-a101-418e49c0c156: 177 internal nodes; 5.7 s; peak memory 521 MiB.
2026-10-06T13:21:37Z INFO [2831/3688] 6f2faef8-343f-42ef-b28b-fdfc8d0dbfca: 17 internal nodes; 1.1 s; peak memory 521 MiB.
2026-10-06T13:21:38Z INFO [2832/3688] 6f313be1-511e-4128-8869-10697d8ffe6b: 17 internal nodes; 1.1 s; peak memory 521 MiB.
2026-10-06T13:21:55Z INFO [2833/3688] 6f315f9f-ad5c-460e-a840-046ef918fbbc: 135 internal nodes; 16.6 s; peak memory 521 MiB.
2026-10-06T13:21:57Z INFO [2834/3688] 6f31b84d-31d4-470a-a9c5-e190fe7fbd45: 44 internal nodes; 2.8 s; peak memory 521 MiB.
2026-10-06T13:22:00Z INFO [2835/3688] 6f325274-7e0a-47da-b40c-47a4c96fe459: 44 internal nodes; 2.2 s; peak memory 521 MiB.
2026-10-06T13:22:01Z INFO [2836/3688] 6f325cb4-7eb1-401a-a1bf-f5db0329f0bc: 29 internal nodes; 1.4 s; peak memory 521 MiB.
2026-10-06T13:22:03Z INFO [2837/3688] 6f32a37f-76ad-4c0e-b6c3-084ddb27388a: 95 internal nodes; 2.1 s; peak memory 521 MiB.
2026-10-06T13:22:05Z INFO [2838/3688] 6f32f0e9-f347-43b9-aa15-109dc4c08209: 29 internal nodes; 1.8 s; peak memory 521 MiB.
2026-10-06T13:22:11Z INFO [2839/3688] 6f33003d-2dc8-499c-984e-62fe41ec09f8: 122 internal nodes; 6.2 s; peak memory 521 MiB.
2026-10-06T13:22:12Z INFO [2840/3688] 6f3345b4-2d53-42d4-b9bc-8f904a824f66: 27 internal nodes; 1.2 s; peak memory 521 MiB.
2026-10-06T13:22:13Z INFO [2841/3688] 6f346d2f-d96a-4abf-adbf-1bb1b42edd1e: 17 internal nodes; 0.9 s; peak memory 521 MiB.
2026-10-06T13:22:14Z INFO [2842/3688] 6f3516fb-de82-4a45-8454-5d4985e37db7: 17 internal nodes; 1.0 s; peak memory 521 MiB.
2026-10-06T13:22:26Z INFO [2843/3688] 6f359084-b7df-4158-9b5b-4e6f9909cbb7: 231 internal nodes; 11.7 s; peak memory 521 MiB.
2026-10-06T13:22:30Z INFO [2844/3688] 6f359d76-3bb7-44bd-8410-f0397aa6c00d: 26 internal nodes; 4.3 s; peak memory 521 MiB.
2026-10-06T13:22:31Z INFO [2845/3688] 6f36f8e1-1ed6-46d1-a1a4-42044bab55c0: 27 internal nodes; 1.2 s; peak memory 521 MiB.
2026-10-06T13:22:33Z INFO [2846/3688] 6f37a5fc-0af8-4280-9f2b-3466176e467f: 31 internal nodes; 1.3 s; peak memory 521 MiB.
2026-10-06T13:22:34Z INFO [2847/3688] 6f380417-02b6-4581-b4e6-6b5ff5da2ace: 17 internal nodes; 1.1 s; peak memory 521 MiB.
2026-10-06T13:22:35Z INFO [2848/3688] 6f387745-b955-44e0-a9eb-92fce226cc01: 17 internal nodes; 1.1 s; peak memory 521 MiB.
2026-10-06T13:22:36Z INFO [2849/3688] 6f3899bf-9024-499b-974c-a06a9a43366e: 17 internal nodes; 1.2 s; peak memory 521 MiB.
2026-10-06T13:22:42Z INFO [2850/3688] 6f3acb6c-781f-47e6-ac6f-46c5f1eef70f: 177 internal nodes; 6.1 s; peak memory 521 MiB.
2026-10-06T13:22:43Z INFO [2850/3688] 6f3acb6c-781f-47e6-ac6f-46c5f1eef70f: checkpointed 100293 records.
2026-10-06T13:22:44Z INFO [2851/3688] 6f3b23c7-758b-4267-b592-9ddefd1f9f97: 23 internal nodes; 1.6 s; peak memory 521 MiB.
2026-10-06T13:22:47Z INFO [2852/3688] 6f3b4396-b871-4d0c-818a-890650e2fa9f: 40 internal nodes; 3.3 s; peak memory 521 MiB.
2026-10-06T13:22:50Z INFO [2853/3688] 6f3bb939-6dd6-4807-b892-7a7416ee0ec6: 58 internal nodes; 2.2 s; peak memory 521 MiB.
2026-10-06T13:22:51Z INFO [2854/3688] 6f3c04dd-3478-4d32-9cb1-9327edf0988c: 23 internal nodes; 1.2 s; peak memory 521 MiB.
2026-10-06T13:22:52Z INFO [2855/3688] 6f3c8ced-eb32-443d-b243-4c372bfd303e: 17 internal nodes; 1.2 s; peak memory 521 MiB.
2026-10-06T13:22:53Z INFO [2856/3688] 6f3cbe3f-bc98-48a1-9a9c-bf7e1ac22758: 17 internal nodes; 1.1 s; peak memory 521 MiB.
2026-10-06T13:22:55Z INFO [2857/3688] 6f3d023d-9a45-4e41-90dd-a51a2964c9a8: 33 internal nodes; 1.9 s; peak memory 521 MiB.
2026-10-06T13:22:56Z INFO [2858/3688] 6f3d5907-a6ec-41f5-b451-170c9aee1ea8: 19 internal nodes; 0.9 s; peak memory 521 MiB.
2026-10-06T13:22:57Z INFO [2859/3688] 6f3d6729-45a6-4250-9767-5561874b6020: 18 internal nodes; 1.0 s; peak memory 521 MiB.
2026-10-06T13:22:58Z INFO [2860/3688] 6f3d9bff-a1e4-4a2c-b8fb-30ab190580be: 17 internal nodes; 1.1 s; peak memory 521 MiB.
2026-10-06T13:22:59Z INFO [2861/3688] 6f3f5b60-3537-4172-a6e9-abdc04f54021: 22 internal nodes; 1.3 s; peak memory 521 MiB.
2026-10-06T13:23:01Z INFO [2862/3688] 6f3f8b74-7ac4-4b06-a6b8-4c68b1192209: 60 internal nodes; 1.6 s; peak memory 521 MiB.
2026-10-06T13:23:02Z INFO [2863/3688] 6f3fdf6f-da31-4fc1-8058-0815b51be3db: 17 internal nodes; 1.2 s; peak memory 521 MiB.
2026-10-06T13:23:03Z INFO [2864/3688] 6f416a49-5f3b-49a8-93db-7b71db6de41c: 17 internal nodes; 1.2 s; peak memory 521 MiB.
2026-10-06T13:23:07Z INFO [2865/3688] 6f4225c6-2515-401c-99e2-3678beb877bb: 46 internal nodes; 3.3 s; peak memory 521 MiB.
2026-10-06T13:23:08Z INFO [2866/3688] 6f4339ed-97b9-4cc5-9d4a-c052f330a279: 26 internal nodes; 1.3 s; peak memory 521 MiB.
2026-10-06T13:23:09Z INFO [2867/3688] 6f4344f5-61b7-4217-9073-2dadcd8b50bf: 18 internal nodes; 0.9 s; peak memory 521 MiB.
2026-10-06T13:23:24Z INFO [2868/3688] 6f43d0d0-91ea-48e6-ab61-8f724b8db0fb: 81 internal nodes; 15.1 s; peak memory 521 MiB.
2026-10-06T13:23:25Z INFO [2869/3688] 6f441f47-f086-4d0c-aff1-99bb385a6551: 31 internal nodes; 1.5 s; peak memory 521 MiB.
2026-10-06T13:23:27Z INFO [2870/3688] 6f443dec-1ff9-49a8-a772-c92413164c89: 17 internal nodes; 1.1 s; peak memory 521 MiB.
2026-10-06T13:23:32Z INFO [2871/3688] 6f44ab8d-daef-498f-b0ce-018574b7dfac: 70 internal nodes; 5.5 s; peak memory 521 MiB.
2026-10-06T13:23:33Z INFO [2872/3688] 6f4557b1-2b90-4194-9149-26044154d5ce: 17 internal nodes; 1.1 s; peak memory 521 MiB.
2026-10-06T13:23:34Z INFO [2873/3688] 6f45cf98-1be1-4bb9-bf07-fdd2d1f17702: 17 internal nodes; 1.1 s; peak memory 521 MiB.
2026-10-06T13:23:35Z INFO [2874/3688] 6f45d592-6001-433e-b255-f2afcaa896c8: 17 internal nodes; 1.1 s; peak memory 521 MiB.
2026-10-06T13:23:37Z INFO [2875/3688] 6f45dbe4-41aa-4747-b127-1bba586c2f2d: 31 internal nodes; 2.0 s; peak memory 521 MiB.
2026-10-06T13:23:39Z INFO [2876/3688] 6f45e2e5-d56e-48d6-ae4d-8f6d137ff3d4: 58 internal nodes; 1.5 s; peak memory 521 MiB.
2026-10-06T13:24:01Z INFO [2877/3688] 6f461a7e-2089-4c3e-bb5f-668373fe33ac: 207 internal nodes; 22.1 s; peak memory 521 MiB.
2026-10-06T13:24:02Z INFO [2878/3688] 6f46222f-9d2c-4d57-9a7d-67be4f455bed: 27 internal nodes; 1.4 s; peak memory 521 MiB.
2026-10-06T13:24:05Z INFO [2879/3688] 6f46aae2-4fbd-4be3-b3c7-dd2a798e5c75: 72 internal nodes; 3.0 s; peak memory 521 MiB.
2026-10-06T13:24:06Z INFO [2880/3688] 6f47cbf7-62a2-4a4b-8604-1b5ad5a9c513: 17 internal nodes; 1.1 s; peak memory 521 MiB.
2026-10-06T13:24:08Z INFO [2881/3688] 6f486754-d2a6-4a06-929b-1503a9ff462c: 17 internal nodes; 1.2 s; peak memory 521 MiB.
2026-10-06T13:24:09Z INFO [2882/3688] 6f4884e5-3c5e-4a2b-a3e9-e586e661a35f: 17 internal nodes; 1.1 s; peak memory 521 MiB.
2026-10-06T13:24:12Z INFO [2883/3688] 6f4a3032-a999-499f-8a66-b0abe50232b6: 44 internal nodes; 2.8 s; peak memory 521 MiB.
2026-10-06T13:24:13Z INFO [2884/3688] 6f4af435-0cc2-41c5-99bf-f5cfc8825255: 21 internal nodes; 1.4 s; peak memory 521 MiB.
2026-10-06T13:24:14Z INFO [2885/3688] 6f4b7cac-9b7c-4328-866c-b558a7f21c73: 11 internal nodes; 0.7 s; peak memory 521 MiB.
2026-10-06T13:24:15Z INFO [2886/3688] 6f4bac6d-c320-40f1-b1e9-2ad32f398983: 30 internal nodes; 1.4 s; peak memory 521 MiB.
2026-10-06T13:24:16Z INFO [2887/3688] 6f4be5c6-39b2-4fc6-b829-7e7586a41aa4: 27 internal nodes; 1.3 s; peak memory 521 MiB.
2026-10-06T13:24:18Z INFO [2888/3688] 6f4be826-a2f9-4139-bf21-d11bf88a28c3: 23 internal nodes; 1.2 s; peak memory 521 MiB.
2026-10-06T13:24:19Z INFO [2889/3688] 6f4c10a3-ed2d-4b47-b298-03bebf77ea2d: 115 internal nodes; 1.5 s; peak memory 521 MiB.
2026-10-06T13:24:20Z INFO [2890/3688] 6f4c213f-f0a3-401e-a18c-ad2e2dc373c3: 17 internal nodes; 1.1 s; peak memory 521 MiB.
2026-10-06T13:24:22Z INFO [2891/3688] 6f4c34b1-6e70-4e55-bed7-c649bf4fa434: 56 internal nodes; 1.8 s; peak memory 521 MiB.
2026-10-06T13:24:23Z INFO [2892/3688] 6f4c3b46-871f-48e7-9f66-0d616000db27: 11 internal nodes; 0.8 s; peak memory 521 MiB.
2026-10-06T13:24:24Z INFO [2893/3688] 6f4de55e-16c1-470b-ba30-e3705633856a: 90 internal nodes; 1.3 s; peak memory 521 MiB.
2026-10-06T13:24:27Z INFO [2894/3688] 6f4dfc9c-b71e-43b7-a91b-584a62ede84f: 72 internal nodes; 2.5 s; peak memory 521 MiB.
2026-10-06T13:24:35Z INFO [2895/3688] 6f4e60b4-7755-4e98-affc-86d6f5ec2356: 61 internal nodes; 8.2 s; peak memory 521 MiB.
2026-10-06T13:24:36Z INFO [2896/3688] 6f4ea0d2-61c5-4cb1-a185-64a2451f1e17: 115 internal nodes; 1.3 s; peak memory 521 MiB.
2026-10-06T13:24:37Z INFO [2897/3688] 6f4ed908-4035-4cb8-8feb-4a6f10ea6546: 27 internal nodes; 1.3 s; peak memory 521 MiB.
2026-10-06T13:24:39Z INFO [2898/3688] 6f4f20ff-4a8f-454a-9041-8d3edb105306: 19 internal nodes; 1.2 s; peak memory 521 MiB.
2026-10-06T13:24:42Z INFO [2899/3688] 6f4f6ecc-2727-4f78-a3e3-df62bef9ad05: 44 internal nodes; 3.5 s; peak memory 521 MiB.
2026-10-06T13:24:49Z INFO [2900/3688] 6f4ff83c-61c0-40e4-ad47-b8d6accd23a5: 54 internal nodes; 6.4 s; peak memory 521 MiB.
2026-10-06T13:24:49Z INFO [2900/3688] 6f4ff83c-61c0-40e4-ad47-b8d6accd23a5: checkpointed 100343 records.
2026-10-06T13:24:52Z INFO [2901/3688] 6f50e28a-1626-470e-b2d5-e34ff976af33: 53 internal nodes; 3.0 s; peak memory 521 MiB.
2026-10-06T13:24:53Z INFO [2902/3688] 6f51c116-cdad-4298-858e-5f6b071e6b98: 53 internal nodes; 1.5 s; peak memory 521 MiB.
2026-10-06T13:24:55Z INFO [2903/3688] 6f51e9a4-3e55-4175-9810-5f66fdb494f2: 31 internal nodes; 1.8 s; peak memory 521 MiB.
2026-10-06T13:24:57Z INFO [2904/3688] 6f51ff73-5730-48f5-a20c-d5fad4a6cdc9: 54 internal nodes; 2.1 s; peak memory 521 MiB.
2026-10-06T13:24:59Z INFO [2905/3688] 6f522bf3-6d01-4249-b650-38dea4afecc4: 31 internal nodes; 1.8 s; peak memory 521 MiB.
2026-10-06T13:25:01Z INFO [2906/3688] 6f522f1e-c037-4b49-93b6-4aeb20aef117: 31 internal nodes; 1.6 s; peak memory 521 MiB.
2026-10-06T13:25:03Z INFO [2907/3688] 6f527e4e-2d65-4598-8785-ca61cea234e3: 72 internal nodes; 2.1 s; peak memory 521 MiB.
2026-10-06T13:25:06Z INFO [2908/3688] 6f52997b-484d-4359-860e-c008e71de9d3: 45 internal nodes; 2.9 s; peak memory 521 MiB.
2026-10-06T13:25:07Z INFO [2909/3688] 6f52d979-80cb-4ddf-9f5c-ae40234fe182: 17 internal nodes; 1.3 s; peak memory 521 MiB.
2026-10-06T13:25:08Z INFO [2910/3688] 6f5324f0-a76d-47a2-b22b-d5df87e4c1c3: 27 internal nodes; 1.4 s; peak memory 521 MiB.
2026-10-06T13:25:09Z INFO [2911/3688] 6f536c12-76be-4039-9c83-8acc7e0a599e: 26 internal nodes; 0.9 s; peak memory 521 MiB.
2026-10-06T13:25:11Z INFO [2912/3688] 6f537ac6-6451-4441-8e8f-ebdf565ec223: 31 internal nodes; 1.5 s; peak memory 521 MiB.
2026-10-06T13:25:28Z INFO [2913/3688] 6f53fa2b-b173-4d61-bcb2-fec4206aeb95: 517 internal nodes; 17.3 s; peak memory 521 MiB.
2026-10-06T13:25:32Z INFO [2914/3688] 6f542b28-915a-40ce-b8ac-cde086777e12: 46 internal nodes; 3.6 s; peak memory 521 MiB.
2026-10-06T13:25:33Z INFO [2915/3688] 6f54ff4d-2cbd-454f-b849-bd39c8401742: 95 internal nodes; 1.5 s; peak memory 521 MiB.
2026-10-06T13:25:35Z INFO [2916/3688] 6f5541e4-3a12-440b-9bb5-077b758f0ac1: 23 internal nodes; 1.5 s; peak memory 521 MiB.
2026-10-06T13:25:36Z INFO [2917/3688] 6f569e27-920d-46ae-8028-f9164d45b714: 18 internal nodes; 1.6 s; peak memory 521 MiB.
2026-10-06T13:25:38Z INFO [2918/3688] 6f5766ed-bd2e-4537-89da-9114fee8b033: 27 internal nodes; 1.4 s; peak memory 521 MiB.
2026-10-06T13:25:39Z INFO [2919/3688] 6f577b4c-031e-475d-ba2c-8c06f49a5c70: 13 internal nodes; 1.2 s; peak memory 521 MiB.
2026-10-06T13:25:40Z INFO [2920/3688] 6f577f97-8bf2-46ff-b195-d77260d59245: 13 internal nodes; 1.1 s; peak memory 521 MiB.
2026-10-06T13:25:41Z INFO [2921/3688] 6f57a8a3-2075-49c7-aef1-d80ac3c668d2: 18 internal nodes; 1.2 s; peak memory 521 MiB.
2026-10-06T13:25:43Z INFO [2922/3688] 6f57b22f-975f-4b99-91d3-de5a21c3cfd8: 27 internal nodes; 1.3 s; peak memory 521 MiB.
2026-10-06T13:25:45Z INFO [2923/3688] 6f57e2b3-6189-436b-aaed-58e9c7cd3145: 44 internal nodes; 2.3 s; peak memory 521 MiB.
2026-10-06T13:25:46Z INFO [2924/3688] 6f586b9c-3ee4-48a3-aa89-bbb9dc2b53b8: 17 internal nodes; 1.1 s; peak memory 521 MiB.
2026-10-06T13:25:47Z INFO [2925/3688] 6f58d5ba-9fab-4318-8fc2-363ab7a1f36f: 23 internal nodes; 1.2 s; peak memory 521 MiB.
2026-10-06T13:25:48Z INFO [2926/3688] 6f591431-22b4-4de3-b052-ddc472d0e038: 14 internal nodes; 1.2 s; peak memory 521 MiB.
2026-10-06T13:25:50Z INFO [2927/3688] 6f59fd89-a663-406b-84fe-cdde58343beb: 28 internal nodes; 2.0 s; peak memory 521 MiB.
2026-10-06T13:25:52Z INFO [2928/3688] 6f5a9677-9622-467c-9111-12fc5eedbd06: 30 internal nodes; 1.5 s; peak memory 521 MiB.
2026-10-06T13:25:58Z INFO [2929/3688] 6f5ad0cf-5b5d-4e4a-932c-cbc06c6124cb: 116 internal nodes; 5.7 s; peak memory 521 MiB.
2026-10-06T13:26:04Z INFO [2930/3688] 6f5b887f-0b7e-4290-aa8f-e869ed23f7aa: 135 internal nodes; 6.8 s; peak memory 521 MiB.
2026-10-06T13:26:06Z INFO [2931/3688] 6f5ba768-3d7b-48ca-ac7a-bbb41cfbfb5b: 17 internal nodes; 1.1 s; peak memory 521 MiB.
2026-10-06T13:26:07Z INFO [2932/3688] 6f5bee20-a4e0-4009-bfb8-83c6414388ba: 17 internal nodes; 1.1 s; peak memory 521 MiB.
2026-10-06T13:26:13Z INFO [2933/3688] 6f5d6422-3978-4fe6-aabe-84cbac7781b1: 41 internal nodes; 6.0 s; peak memory 521 MiB.
2026-10-06T13:26:14Z INFO [2934/3688] 6f5dadd0-8a49-4ff8-ab3a-6818289c6685: 17 internal nodes; 1.2 s; peak memory 521 MiB.
2026-10-06T13:26:17Z INFO [2935/3688] 6f5e893b-be76-4154-b053-f6a749920a56: 46 internal nodes; 3.4 s; peak memory 521 MiB.
2026-10-06T13:26:18Z INFO [2936/3688] 6f60a9be-35f5-4d7d-8478-0298bd13a53c: 11 internal nodes; 1.0 s; peak memory 521 MiB.
2026-10-06T13:26:20Z INFO [2937/3688] 6f61bfcc-3c19-4a94-926c-dab650d368a8: 72 internal nodes; 2.1 s; peak memory 521 MiB.
2026-10-06T13:26:24Z INFO [2938/3688] 6f62af11-09ae-4982-986e-8833f7add2d0: 46 internal nodes; 3.4 s; peak memory 521 MiB.
2026-10-06T13:26:25Z INFO [2939/3688] 6f62ca3d-a901-433b-bb93-5d07ec521d15: 22 internal nodes; 1.3 s; peak memory 521 MiB.
2026-10-06T13:26:27Z INFO [2940/3688] 6f63bd3e-2dc0-42df-8080-ed48026835ec: 97 internal nodes; 1.7 s; peak memory 521 MiB.
2026-10-06T13:26:37Z INFO [2941/3688] 6f642e88-135f-438f-8392-23eca9283eb9: 205 internal nodes; 10.5 s; peak memory 521 MiB.
2026-10-06T13:26:39Z INFO [2942/3688] 6f645b48-d8d7-414a-84f4-246a094c88d5: 27 internal nodes; 1.4 s; peak memory 521 MiB.
2026-10-06T13:26:40Z INFO [2943/3688] 6f65014f-20a1-4002-a1c9-f427f8216ea2: 17 internal nodes; 1.2 s; peak memory 521 MiB.
2026-10-06T13:26:41Z INFO [2944/3688] 6f655fb6-9d1d-4d0d-84fd-d6f1f7a52808: 17 internal nodes; 1.2 s; peak memory 521 MiB.
2026-10-06T13:26:42Z INFO [2945/3688] 6f66ec7d-9cd7-4807-aa40-1dd6301437bc: 17 internal nodes; 1.1 s; peak memory 521 MiB.
2026-10-06T13:26:48Z INFO [2946/3688] 6f66f9ee-63bb-4899-9e70-e669dd507d8d: 41 internal nodes; 6.3 s; peak memory 521 MiB.
2026-10-06T13:26:52Z INFO [2947/3688] 6f682f4e-ff35-4724-9787-c2f19f90fc09: 43 internal nodes; 3.1 s; peak memory 521 MiB.
2026-10-06T13:26:53Z INFO [2948/3688] 6f68a27c-a7bf-4ff2-9ca8-0a885fdf812f: 17 internal nodes; 1.2 s; peak memory 521 MiB.
2026-10-06T13:26:54Z INFO [2949/3688] 6f69e363-5d83-4f1c-8f3b-4501a450c49f: 17 internal nodes; 1.2 s; peak memory 521 MiB.
2026-10-06T13:26:55Z INFO [2950/3688] 6f6a45ee-c58c-4721-9e21-96cc2400ae68: 17 internal nodes; 1.1 s; peak memory 521 MiB.
2026-10-06T13:26:55Z INFO [2950/3688] 6f6a45ee-c58c-4721-9e21-96cc2400ae68: checkpointed 100393 records.
2026-10-06T13:26:57Z INFO [2951/3688] 6f6a53dc-a766-481b-9cbf-9d46879366b9: 27 internal nodes; 1.2 s; peak memory 521 MiB.
2026-10-06T13:26:57Z INFO [2952/3688] 6f6b52f0-247d-47fa-b6e3-24d41451f8bd: 11 internal nodes; 0.7 s; peak memory 521 MiB.
2026-10-06T13:26:59Z INFO [2953/3688] 6f6c2916-c97e-433e-8c7d-b308da5200ef: 27 internal nodes; 1.3 s; peak memory 521 MiB.
2026-10-06T13:27:00Z INFO [2954/3688] 6f6d854e-9237-476b-b763-94f5589e1652: 18 internal nodes; 1.0 s; peak memory 521 MiB.
2026-10-06T13:27:01Z INFO [2955/3688] 6f6db766-3cc9-4bc0-a1a6-9e2920f5840a: 27 internal nodes; 1.2 s; peak memory 521 MiB.
2026-10-06T13:27:02Z INFO [2956/3688] 6f6dc791-b876-4143-b30d-89879c91831f: 11 internal nodes; 1.0 s; peak memory 521 MiB.
2026-10-06T13:27:03Z INFO [2957/3688] 6f6e2fd4-459b-4732-bcf6-79d98b9f98ac: 17 internal nodes; 1.2 s; peak memory 521 MiB.
2026-10-06T13:27:04Z INFO [2958/3688] 6f70f500-218d-4021-b2fd-a49b76a04796: 27 internal nodes; 1.4 s; peak memory 521 MiB.
2026-10-06T13:27:05Z INFO [2959/3688] 6f71e00b-68c6-456b-9ff8-09c3f450c727: 11 internal nodes; 0.8 s; peak memory 521 MiB.
2026-10-06T13:27:07Z INFO [2960/3688] 6f72d3ca-028e-4d9a-8f07-6cd0e11a55c5: 54 internal nodes; 1.5 s; peak memory 521 MiB.
2026-10-06T13:27:07Z INFO [2961/3688] 6f73b4f1-4379-43c8-ba92-526aab69019f: 11 internal nodes; 0.7 s; peak memory 521 MiB.
2026-10-06T13:27:08Z INFO [2962/3688] 6f73d3c4-597f-4bf7-b9e9-150f2474ebc7: 17 internal nodes; 1.0 s; peak memory 521 MiB.
2026-10-06T13:27:10Z INFO [2963/3688] 6f744747-438b-44d0-86cc-4e9e613b0c90: 31 internal nodes; 1.6 s; peak memory 521 MiB.
2026-10-06T13:27:25Z INFO [2964/3688] 6f74668d-20af-4e5a-a451-c584eee5463d: 84 internal nodes; 14.6 s; peak memory 521 MiB.
2026-10-06T13:27:30Z INFO [2965/3688] 6f787add-2d03-477d-ae3f-ce5a1d7c3788: 115 internal nodes; 5.6 s; peak memory 521 MiB.
2026-10-06T13:27:32Z INFO [2966/3688] 6f788791-7c4e-480e-a392-189ee8dbe3cf: 18 internal nodes; 1.9 s; peak memory 521 MiB.
2026-10-06T13:27:33Z INFO [2967/3688] 6f7897a4-23a0-4ac9-81fd-5c57a4bd663f: 11 internal nodes; 0.9 s; peak memory 521 MiB.
2026-10-06T13:27:34Z INFO [2968/3688] 6f7a08ed-c58e-4de7-b300-83915d5e8577: 17 internal nodes; 0.8 s; peak memory 521 MiB.
2026-10-06T13:28:17Z INFO [2969/3688] 6f7a37f7-c96c-48fe-a78f-d78022d19b1b: 977 internal nodes; 43.1 s; peak memory 521 MiB.
2026-10-06T13:28:18Z INFO [2970/3688] 6f7ad704-1997-493b-9f1b-29089ed7d3a8: 63 internal nodes; 1.8 s; peak memory 521 MiB.
2026-10-06T13:28:20Z INFO [2971/3688] 6f7b4c48-6303-421d-afbf-ccf571b4d56a: 17 internal nodes; 1.0 s; peak memory 521 MiB.
2026-10-06T13:29:40Z INFO [2972/3688] 6f7b69a7-67af-476f-bfe3-b925061a3975: 1129 internal nodes; 80.7 s; peak memory 521 MiB.
2026-10-06T13:29:41Z INFO [2973/3688] 6f7dd3e9-d61c-4a60-854e-b52e621e696e: 17 internal nodes; 1.2 s; peak memory 521 MiB.
2026-10-06T13:29:44Z INFO [2974/3688] 6f7e2dcd-0cdf-4ff0-aace-57c35d057d10: 42 internal nodes; 2.7 s; peak memory 521 MiB.
2026-10-06T13:29:50Z INFO [2975/3688] 6f7e7c92-1ecf-432b-a4c6-4274482dd3ce: 67 internal nodes; 5.8 s; peak memory 521 MiB.
2026-10-06T13:29:52Z INFO [2976/3688] 6f7eb47b-828b-49d3-ad5a-037aee997867: 39 internal nodes; 1.7 s; peak memory 521 MiB.
2026-10-06T13:29:53Z INFO [2977/3688] 6f7f3aed-e251-4c49-9d08-5fafc5525e9c: 17 internal nodes; 1.1 s; peak memory 521 MiB.
2026-10-06T13:29:55Z INFO [2978/3688] 6f7fcaa2-0a96-45df-9ffb-30d268fa2dc2: 46 internal nodes; 2.4 s; peak memory 521 MiB.
2026-10-06T13:30:31Z INFO [2979/3688] 6f7fe214-6393-40b3-a0be-0261b585cf18: 1017 internal nodes; 36.2 s; peak memory 521 MiB.
2026-10-06T13:30:34Z INFO [2980/3688] 6f802954-0d09-431d-ab74-e375a2763392: 44 internal nodes; 2.9 s; peak memory 521 MiB.
2026-10-06T13:30:38Z INFO [2981/3688] 6f8036e2-66fe-4e45-92a6-b372a64d6466: 46 internal nodes; 3.6 s; peak memory 521 MiB.
2026-10-06T13:30:39Z INFO [2982/3688] 6f8062cf-f1f9-448a-b267-d06fd4b24281: 27 internal nodes; 1.3 s; peak memory 521 MiB.
2026-10-06T13:30:49Z INFO [2983/3688] 6f80f174-1c7a-4d48-b0d8-bf4fd117ed71: 115 internal nodes; 10.1 s; peak memory 521 MiB.
2026-10-06T13:30:51Z INFO [2984/3688] 6f83135d-e892-41be-a2c0-c094685a1b02: 31 internal nodes; 1.7 s; peak memory 521 MiB.
2026-10-06T13:30:52Z INFO [2985/3688] 6f838702-c83d-4622-aa9e-18eb45eeacfe: 27 internal nodes; 1.3 s; peak memory 521 MiB.
2026-10-06T13:30:53Z INFO [2986/3688] 6f83e996-92b8-4fc7-ab0f-a207bc1c6a98: 17 internal nodes; 1.1 s; peak memory 521 MiB.
2026-10-06T13:31:01Z INFO [2987/3688] 6f8437ae-0210-475f-a080-ec0d48c54992: 177 internal nodes; 7.9 s; peak memory 521 MiB.
2026-10-06T13:31:02Z INFO [2988/3688] 6f848586-54f9-45a3-a742-e433f9820075: 11 internal nodes; 0.8 s; peak memory 521 MiB.
2026-10-06T13:31:03Z INFO [2989/3688] 6f849a36-f4ad-45ce-9951-44be0fc23623: 31 internal nodes; 1.5 s; peak memory 521 MiB.
2026-10-06T13:31:05Z INFO [2990/3688] 6f851712-2cd8-4898-bb43-9a4bc62d0385: 17 internal nodes; 1.1 s; peak memory 521 MiB.
2026-10-06T13:31:06Z INFO [2991/3688] 6f856b78-1327-4a1b-8676-35ca7444f313: 24 internal nodes; 1.4 s; peak memory 521 MiB.
2026-10-06T13:31:07Z INFO [2992/3688] 6f85779f-a917-4959-a8e1-7d324f9b96ea: 11 internal nodes; 0.7 s; peak memory 521 MiB.
2026-10-06T13:31:08Z INFO [2993/3688] 6f858f37-2192-4277-a280-ce01fe3cd08a: 13 internal nodes; 1.2 s; peak memory 521 MiB.
2026-10-06T13:31:09Z INFO [2994/3688] 6f876cfb-0aed-4453-af51-626b508b030d: 17 internal nodes; 1.1 s; peak memory 521 MiB.
2026-10-06T13:31:11Z INFO [2995/3688] 6f88c892-50f4-4b16-ae45-fe8e206a0e9b: 23 internal nodes; 1.6 s; peak memory 521 MiB.
2026-10-06T13:31:12Z INFO [2996/3688] 6f8a015d-1934-4317-9e8c-32cc3a01dd50: 58 internal nodes; 1.6 s; peak memory 521 MiB.
2026-10-06T13:31:13Z INFO [2997/3688] 6f8a5bce-4d00-415b-87a8-b09ad64d33f6: 27 internal nodes; 1.3 s; peak memory 521 MiB.
2026-10-06T13:31:16Z INFO [2998/3688] 6f8b0301-cb17-4966-8af8-9e1e00234dd1: 44 internal nodes; 2.9 s; peak memory 521 MiB.
2026-10-06T13:31:22Z INFO [2999/3688] 6f8b7226-e8fa-4394-9990-4eb40800bd3b: 73 internal nodes; 5.8 s; peak memory 521 MiB.
2026-10-06T13:31:24Z INFO [3000/3688] 6f8c6e6f-15ec-4486-a793-d3fc79d47216: 31 internal nodes; 1.7 s; peak memory 521 MiB.
2026-10-06T13:31:24Z INFO [3000/3688] 6f8c6e6f-15ec-4486-a793-d3fc79d47216: checkpointed 100443 records.
2026-10-06T13:31:31Z INFO [3001/3688] 6f8d4be7-35fb-442a-a572-1e545d68f2ee: 177 internal nodes; 7.2 s; peak memory 521 MiB.
2026-10-06T13:31:33Z INFO [3002/3688] 6f8e78dd-e183-4a6a-a551-da8e42d1acb9: 27 internal nodes; 1.5 s; peak memory 521 MiB.
2026-10-06T13:31:34Z INFO [3003/3688] 6f8ea59c-2675-46b8-a202-bcfbe9181bd9: 27 internal nodes; 1.4 s; peak memory 521 MiB.
2026-10-06T13:31:36Z INFO [3004/3688] 6f8eadd8-5cf0-46b4-863e-bd20920d1f39: 27 internal nodes; 1.4 s; peak memory 521 MiB.
2026-10-06T13:31:37Z INFO [3005/3688] 6f9064e6-e4bc-4f92-9774-993ea604914f: 31 internal nodes; 1.6 s; peak memory 521 MiB.
2026-10-06T13:31:39Z INFO [3006/3688] 6f9078a1-5cfb-491c-a179-d895907b95ab: 30 internal nodes; 1.6 s; peak memory 521 MiB.
2026-10-06T13:31:40Z INFO [3007/3688] 6f909fb0-8cec-4da2-bc6e-b5c817f975e2: 26 internal nodes; 0.9 s; peak memory 521 MiB.
2026-10-06T13:31:42Z INFO [3008/3688] 6f90d605-b86a-4d9b-b4c5-5c5b350fc08b: 37 internal nodes; 2.7 s; peak memory 521 MiB.
2026-10-06T13:31:45Z INFO [3009/3688] 6f9146d2-dbeb-419b-8b50-9204b7181f8d: 44 internal nodes; 2.9 s; peak memory 521 MiB.
2026-10-06T13:31:46Z INFO [3010/3688] 6f9176eb-fda0-4c47-adc4-08e7ea0f7c2a: 17 internal nodes; 1.1 s; peak memory 521 MiB.
2026-10-06T13:31:49Z INFO [3011/3688] 6f92f6f8-78a6-40df-918d-65a07a3d57ce: 26 internal nodes; 2.5 s; peak memory 521 MiB.
2026-10-06T13:31:50Z INFO [3012/3688] 6f92faf3-d6f8-4baf-bf40-e1551a61750c: 13 internal nodes; 0.8 s; peak memory 521 MiB.
2026-10-06T13:31:51Z INFO [3013/3688] 6f931ea9-89fd-44cd-8bc5-247df16eaaeb: 13 internal nodes; 1.4 s; peak memory 521 MiB.
2026-10-06T13:31:53Z INFO [3014/3688] 6f9487d0-4d62-4972-b942-aa5cc71584a2: 116 internal nodes; 1.7 s; peak memory 521 MiB.
2026-10-06T13:31:54Z INFO [3015/3688] 6f94f734-1ba0-4e05-ba31-d588a68c2506: 13 internal nodes; 1.2 s; peak memory 521 MiB.
2026-10-06T13:31:55Z INFO [3016/3688] 6f952d94-f02a-4103-834f-49c729e339f4: 21 internal nodes; 1.3 s; peak memory 521 MiB.
2026-10-06T13:31:58Z INFO [3017/3688] 6f9677af-52c5-41d0-bcd4-a94f25e0b6c6: 63 internal nodes; 2.3 s; peak memory 521 MiB.
2026-10-06T13:31:59Z INFO [3018/3688] 6f9703d4-c844-43aa-b2a0-db5ad62d622f: 118 internal nodes; 1.6 s; peak memory 521 MiB.
2026-10-06T13:32:02Z INFO [3019/3688] 6f975223-8d2a-4ecb-a8cf-bcf4b3258e16: 44 internal nodes; 2.9 s; peak memory 521 MiB.
2026-10-06T13:32:04Z INFO [3020/3688] 6f97b6f3-c0f3-4c7b-9e60-c8ac24a86788: 29 internal nodes; 1.8 s; peak memory 521 MiB.
2026-10-06T13:32:05Z INFO [3021/3688] 6f986501-6abe-4718-a032-104c47c43fc9: 17 internal nodes; 1.1 s; peak memory 521 MiB.
2026-10-06T13:32:06Z INFO [3022/3688] 6f9a0af0-06ea-4a46-9020-5e387b547715: 25 internal nodes; 0.8 s; peak memory 521 MiB.
2026-10-06T13:32:08Z INFO [3023/3688] 6f9a9d27-8b00-43c2-8a66-b509d14e56ed: 67 internal nodes; 2.2 s; peak memory 521 MiB.
2026-10-06T13:32:09Z INFO [3024/3688] 6f9aaf64-49e0-494e-a809-237e5ce224cf: 20 internal nodes; 0.9 s; peak memory 521 MiB.
2026-10-06T13:32:11Z INFO [3025/3688] 6f9be99f-0dde-4edd-8cee-06335b5618ef: 32 internal nodes; 2.4 s; peak memory 521 MiB.
2026-10-06T13:33:03Z INFO [3026/3688] 6f9c5cfd-e542-41b2-ba96-7a8b1ae474b7: 93 internal nodes; 51.6 s; peak memory 521 MiB.
2026-10-06T13:33:04Z INFO [3027/3688] 6f9cee43-8c77-4410-97fe-22cdee3c3686: 30 internal nodes; 1.6 s; peak memory 521 MiB.
2026-10-06T13:33:06Z INFO [3028/3688] 6f9cf1f4-86fc-4bd1-84ba-d764e2bb80a7: 17 internal nodes; 1.2 s; peak memory 521 MiB.
2026-10-06T13:33:07Z INFO [3029/3688] 6f9d1c67-e058-4515-9dfe-e509dbd85708: 86 internal nodes; 1.7 s; peak memory 521 MiB.
2026-10-06T13:33:08Z INFO [3030/3688] 6f9dc762-be18-459a-94b9-215d181600d7: 11 internal nodes; 0.9 s; peak memory 521 MiB.
2026-10-06T13:33:10Z INFO [3031/3688] 6f9e6bed-6d21-4fdd-9aea-2530c2f72d79: 67 internal nodes; 2.3 s; peak memory 521 MiB.
2026-10-06T13:33:12Z INFO [3032/3688] 6fa0607b-1633-4f56-817a-20288d6db1d2: 115 internal nodes; 1.6 s; peak memory 521 MiB.
2026-10-06T13:33:14Z INFO [3033/3688] 6fa0f8e0-dc49-48de-87da-8b894c6909e4: 55 internal nodes; 1.8 s; peak memory 521 MiB.
2026-10-06T13:33:15Z INFO [3034/3688] 6fa18b34-4e8f-4cfe-bff5-6eb433801c3c: 63 internal nodes; 1.5 s; peak memory 521 MiB.
2026-10-06T13:33:19Z INFO [3035/3688] 6fa1c9f8-b08a-4ff5-a876-5487406eaccc: 45 internal nodes; 3.3 s; peak memory 521 MiB.
2026-10-06T13:33:29Z INFO [3036/3688] 6fa355c8-539d-43c0-bd8f-9a84cca7ecde: 60 internal nodes; 10.7 s; peak memory 521 MiB.
2026-10-06T13:33:32Z INFO [3037/3688] 6fa427c1-83bd-411a-84c1-7326eedb4099: 44 internal nodes; 3.1 s; peak memory 521 MiB.
2026-10-06T13:33:34Z INFO [3038/3688] 6fa42e02-1cf5-473d-a04f-fd4ea8065362: 19 internal nodes; 1.2 s; peak memory 521 MiB.
2026-10-06T13:33:35Z INFO [3039/3688] 6fa57398-81be-46f2-a64b-c98ab3e1333d: 31 internal nodes; 1.7 s; peak memory 521 MiB.
2026-10-06T13:33:37Z INFO [3040/3688] 6fa59fb8-b7cd-491d-93d3-e4579313a897: 90 internal nodes; 1.9 s; peak memory 521 MiB.
2026-10-06T13:33:38Z INFO [3041/3688] 6fa6be32-7ab7-417d-8904-1d3e7656472f: 19 internal nodes; 1.4 s; peak memory 521 MiB.
2026-10-06T13:33:40Z INFO [3042/3688] 6fa6d1c3-b326-4fd2-bbfb-2f5b01986655: 17 internal nodes; 1.2 s; peak memory 521 MiB.
2026-10-06T13:33:41Z INFO [3043/3688] 6fa6e0e9-9173-4843-9c9e-291dc5df7a8d: 27 internal nodes; 1.3 s; peak memory 521 MiB.
2026-10-06T13:33:42Z INFO [3044/3688] 6fa6e485-4dd0-4a6a-b4df-beb5fbbba100: 27 internal nodes; 1.3 s; peak memory 521 MiB.
2026-10-06T13:33:44Z INFO [3045/3688] 6fa76fe2-ecd7-4fa9-b56d-197a736c0e60: 17 internal nodes; 1.2 s; peak memory 521 MiB.
2026-10-06T13:33:45Z INFO [3046/3688] 6fa8cf1a-9348-41b3-83bf-9fe92ff817f5: 30 internal nodes; 1.8 s; peak memory 521 MiB.
2026-10-06T13:33:47Z INFO [3047/3688] 6fa8eaa2-1c86-4efa-908e-e6eb58ddf498: 31 internal nodes; 1.6 s; peak memory 521 MiB.
2026-10-06T13:33:49Z INFO [3048/3688] 6fa90456-a012-42fe-b69d-1749dbf14d04: 26 internal nodes; 1.6 s; peak memory 521 MiB.
2026-10-06T13:33:50Z INFO [3049/3688] 6fa90615-5aa1-438c-add7-38b169885c86: 37 internal nodes; 1.5 s; peak memory 521 MiB.
2026-10-06T13:33:51Z INFO [3050/3688] 6fa960a1-1acf-411e-b49d-e97a89c49dcf: 90 internal nodes; 1.2 s; peak memory 521 MiB.
2026-10-06T13:33:52Z INFO [3050/3688] 6fa960a1-1acf-411e-b49d-e97a89c49dcf: checkpointed 100493 records.
2026-10-06T13:33:53Z INFO [3051/3688] 6fa9c144-49e2-4ec8-83f7-b8bcb5836a4c: 13 internal nodes; 0.8 s; peak memory 521 MiB.
2026-10-06T13:33:54Z INFO [3052/3688] 6fa9ee9c-1484-4c94-adf6-8f79d2d17cdd: 27 internal nodes; 1.5 s; peak memory 521 MiB.
2026-10-06T13:33:55Z INFO [3053/3688] 6faa0a8b-39a4-49b2-bab6-9c12c3dce1bd: 29 internal nodes; 1.2 s; peak memory 521 MiB.
2026-10-06T13:33:57Z INFO [3054/3688] 6fac5a29-62e1-4527-8273-8680048859bf: 17 internal nodes; 1.5 s; peak memory 521 MiB.
2026-10-06T13:33:58Z INFO [3055/3688] 6fac8df7-0585-4752-bcce-4a0077ffe37c: 17 internal nodes; 1.2 s; peak memory 521 MiB.
2026-10-06T13:33:59Z INFO [3056/3688] 6fac8f44-8fb4-472b-bcec-9c337472f9ba: 17 internal nodes; 1.1 s; peak memory 521 MiB.
2026-10-06T13:34:01Z INFO [3057/3688] 6fad7833-1e1c-43b6-8284-af7e8671dad6: 143 internal nodes; 1.6 s; peak memory 521 MiB.
2026-10-06T13:34:14Z INFO [3058/3688] 6fae6ecb-7e86-4b67-aff9-5b43e16bb92e: 250 internal nodes; 12.9 s; peak memory 521 MiB.
2026-10-06T13:34:15Z INFO [3059/3688] 6faf23a7-215e-4f9a-a5f0-6454f8dc3780: 17 internal nodes; 1.2 s; peak memory 521 MiB.
2026-10-06T13:34:16Z INFO [3060/3688] 6faf5e36-9637-44ab-988e-e297c8f25c8e: 17 internal nodes; 1.1 s; peak memory 521 MiB.
2026-10-06T13:34:20Z INFO [3061/3688] 6faff647-afc4-467a-b604-39d5b257ff7f: 83 internal nodes; 4.1 s; peak memory 521 MiB.
2026-10-06T13:34:26Z INFO [3062/3688] 6fb08b3c-763f-4946-a45e-74487b152111: 117 internal nodes; 6.2 s; peak memory 521 MiB.
2026-10-06T13:34:38Z INFO [3063/3688] 6fb0d233-2ae6-44e5-befd-43cc8bed936f: 89 internal nodes; 12.1 s; peak memory 521 MiB.
2026-10-06T13:34:39Z INFO [3064/3688] 6fb0efe5-2501-4fbb-a967-64faecda9d3e: 17 internal nodes; 1.1 s; peak memory 521 MiB.
2026-10-06T13:34:47Z INFO [3065/3688] 6fb0f946-014b-4d2d-9103-bdb8f6870f35: 181 internal nodes; 7.8 s; peak memory 521 MiB.
2026-10-06T13:35:05Z INFO [3066/3688] 6fb13667-29e7-47ee-8e5d-3513da7051d2: 450 internal nodes; 17.3 s; peak memory 521 MiB.
2026-10-06T13:35:06Z INFO [3067/3688] 6fb1637f-a4ac-4d53-aea0-bfb09a1b4365: 86 internal nodes; 1.8 s; peak memory 521 MiB.
2026-10-06T13:35:08Z INFO [3068/3688] 6fb23e16-2b03-42e6-9fc3-1c3b9ae86c9a: 17 internal nodes; 1.2 s; peak memory 521 MiB.
2026-10-06T13:35:09Z INFO [3069/3688] 6fb347a1-030a-41e7-91a5-35577b7c0e30: 31 internal nodes; 1.8 s; peak memory 521 MiB.
2026-10-06T13:35:11Z INFO [3070/3688] 6fb3d7aa-1389-4c54-b18e-4debe28565a8: 19 internal nodes; 1.2 s; peak memory 521 MiB.
2026-10-06T13:35:14Z INFO [3071/3688] 6fb4b1ff-c6d5-4c5b-96fc-107a0c77182e: 78 internal nodes; 3.8 s; peak memory 521 MiB.
2026-10-06T13:35:19Z INFO [3072/3688] 6fb4f09f-1157-4cda-a864-bf130fab5154: 50 internal nodes; 4.4 s; peak memory 521 MiB.
2026-10-06T13:35:22Z INFO [3073/3688] 6fb575d0-e304-4bd6-9a27-cc30fa083477: 38 internal nodes; 2.8 s; peak memory 521 MiB.
2026-10-06T13:35:23Z INFO [3074/3688] 6fb71242-b04c-48f2-a34f-98fbe41beeef: 17 internal nodes; 1.1 s; peak memory 521 MiB.
2026-10-06T13:35:24Z INFO [3075/3688] 6fb7d8d6-68fa-4f20-8fef-b02506f85808: 11 internal nodes; 1.1 s; peak memory 521 MiB.
2026-10-06T13:35:25Z INFO [3076/3688] 6fb99166-825d-4455-8066-295b755265e2: 17 internal nodes; 1.0 s; peak memory 521 MiB.
2026-10-06T13:35:26Z INFO [3077/3688] 6fb9af97-dd40-4904-a936-81f6c572a66b: 17 internal nodes; 1.4 s; peak memory 521 MiB.
2026-10-06T13:35:32Z INFO [3078/3688] 6fb9b880-9cdf-4ae2-aed1-5c98806d7875: 73 internal nodes; 5.5 s; peak memory 521 MiB.
2026-10-06T13:35:33Z INFO [3079/3688] 6fba1c61-d308-4eed-ad6d-b1e8532a5ab0: 31 internal nodes; 1.7 s; peak memory 521 MiB.
2026-10-06T13:35:35Z INFO [3080/3688] 6fbb629d-c668-428a-9b38-c0f6d675c22c: 27 internal nodes; 1.3 s; peak memory 521 MiB.
2026-10-06T13:35:36Z INFO [3081/3688] 6fbd8984-8b88-4ee3-8caf-adc910e6f743: 31 internal nodes; 1.5 s; peak memory 521 MiB.
2026-10-06T13:35:38Z INFO [3082/3688] 6fbdcd3a-7b24-4abf-af0b-85bdd3a61b2b: 26 internal nodes; 2.1 s; peak memory 521 MiB.
2026-10-06T13:35:40Z INFO [3083/3688] 6fbe3ea6-1bd4-45fe-ab56-3b936170045a: 27 internal nodes; 1.5 s; peak memory 521 MiB.
2026-10-06T13:35:42Z INFO [3084/3688] 6fbea951-87a1-483a-8b75-07d3aba8a2fa: 37 internal nodes; 2.2 s; peak memory 521 MiB.
2026-10-06T13:35:43Z INFO [3085/3688] 6fbf7659-b99b-4df9-b860-979c6c3c9f56: 27 internal nodes; 1.3 s; peak memory 521 MiB.
2026-10-06T13:35:45Z INFO [3086/3688] 6fc01327-38ef-48b0-b180-30372d45e61f: 69 internal nodes; 1.7 s; peak memory 521 MiB.
2026-10-06T13:35:47Z INFO [3087/3688] 6fc04e66-d284-47a2-a66c-ef7f89ebb9cf: 31 internal nodes; 1.6 s; peak memory 521 MiB.
2026-10-06T13:35:48Z INFO [3088/3688] 6fc0c22c-ee63-48be-9538-63b4e3169556: 17 internal nodes; 1.2 s; peak memory 521 MiB.
2026-10-06T13:35:49Z INFO [3089/3688] 6fc0cee6-0261-4950-919b-5fab25488514: 21 internal nodes; 0.9 s; peak memory 521 MiB.
2026-10-06T13:35:51Z INFO [3090/3688] 6fc2e8af-4ca8-4400-b011-3dca55a06a2f: 31 internal nodes; 2.0 s; peak memory 521 MiB.
2026-10-06T13:35:53Z INFO [3091/3688] 6fc2fa92-3bdd-4c06-8362-308d33abb506: 31 internal nodes; 1.8 s; peak memory 521 MiB.
2026-10-06T13:36:07Z INFO [3092/3688] 6fc5e97a-8530-4fe4-879c-71d96fdce2c7: 64 internal nodes; 14.7 s; peak memory 521 MiB.
2026-10-06T13:36:09Z INFO [3093/3688] 6fc5e99f-ce1e-43e4-936f-1185b5ab2451: 27 internal nodes; 1.4 s; peak memory 521 MiB.
2026-10-06T13:36:11Z INFO [3094/3688] 6fc659f4-6519-49f5-9617-2f267712ff82: 67 internal nodes; 2.0 s; peak memory 521 MiB.
2026-10-06T13:36:16Z INFO [3095/3688] 6fc79361-70aa-4681-b0ac-2c783d424f16: 73 internal nodes; 5.6 s; peak memory 521 MiB.
2026-10-06T13:36:25Z INFO [3096/3688] 6fc7dd0a-2adb-4d56-b83d-14d7e16da0f6: 208 internal nodes; 9.0 s; peak memory 521 MiB.
2026-10-06T13:36:51Z INFO [3097/3688] 6fc7f898-0839-4924-a134-86832da35023: 136 internal nodes; 25.3 s; peak memory 521 MiB.
2026-10-06T13:36:52Z INFO [3098/3688] 6fc89b78-e27e-448b-9e26-1d23fc64957b: 60 internal nodes; 1.7 s; peak memory 521 MiB.
2026-10-06T13:36:55Z INFO [3099/3688] 6fc976dc-63ff-4b8b-84fa-c113800e4351: 32 internal nodes; 2.3 s; peak memory 521 MiB.
2026-10-06T13:37:03Z INFO [3100/3688] 6fcac978-3164-498d-b67c-f0dd672c3363: 185 internal nodes; 8.0 s; peak memory 521 MiB.
2026-10-06T13:37:03Z INFO [3100/3688] 6fcac978-3164-498d-b67c-f0dd672c3363: checkpointed 100543 records.
2026-10-06T13:37:04Z INFO [3101/3688] 6fcc31e6-eca6-474e-9173-884257cc49cf: 17 internal nodes; 1.3 s; peak memory 521 MiB.
2026-10-06T13:37:06Z INFO [3102/3688] 6fcc33e4-c8ec-48d4-bc2e-eab41b360fe8: 21 internal nodes; 1.4 s; peak memory 521 MiB.
2026-10-06T13:37:08Z INFO [3103/3688] 6fcc910c-1583-4792-b240-307ac59a631b: 44 internal nodes; 2.5 s; peak memory 521 MiB.
2026-10-06T13:37:17Z INFO [3104/3688] 6fcce9fd-4273-405b-b582-7f505a302504: 1529 internal nodes; 8.9 s; peak memory 521 MiB.
2026-10-06T13:37:18Z INFO [3105/3688] 6fcddce6-3fcf-4f27-80d7-2c02fe6e9917: 27 internal nodes; 1.3 s; peak memory 521 MiB.
2026-10-06T13:37:21Z INFO [3106/3688] 6fcde5fc-342a-4ca6-aebe-7b2eb862e32d: 61 internal nodes; 2.8 s; peak memory 521 MiB.
2026-10-06T13:37:23Z INFO [3107/3688] 6fcdf6cd-0604-4e31-a709-e448ff2af7d4: 31 internal nodes; 1.7 s; peak memory 521 MiB.
2026-10-06T13:37:25Z INFO [3108/3688] 6fce1768-23c9-42ec-b6ba-71e285e6ae72: 33 internal nodes; 1.8 s; peak memory 521 MiB.
2026-10-06T13:37:26Z INFO [3109/3688] 6fce972e-b08c-4a16-aab2-cf2141b8ddf0: 27 internal nodes; 1.4 s; peak memory 521 MiB.
2026-10-06T13:37:28Z INFO [3110/3688] 6fcecbe6-d61f-498f-b5cc-562bc9421f7d: 59 internal nodes; 2.3 s; peak memory 521 MiB.
2026-10-06T13:37:31Z INFO [3111/3688] 6fcfabee-5cd7-4946-bb96-ba7e84f9e247: 44 internal nodes; 3.1 s; peak memory 521 MiB.
2026-10-06T13:37:33Z INFO [3112/3688] 6fcff83b-5503-4c8b-9eb7-d673c0538dcf: 17 internal nodes; 1.2 s; peak memory 521 MiB.
2026-10-06T13:37:34Z INFO [3113/3688] 6fd036ba-f9fd-40ec-b18f-a8247fc08931: 27 internal nodes; 1.2 s; peak memory 521 MiB.
2026-10-06T13:37:35Z INFO [3114/3688] 6fd14358-90c2-44e8-8821-303634c8fad7: 25 internal nodes; 1.3 s; peak memory 521 MiB.
2026-10-06T13:38:08Z INFO [3115/3688] 6fd16ae7-10f0-4b08-a510-7734715a43df: 3530 internal nodes; 33.2 s; peak memory 521 MiB.
2026-10-06T13:38:10Z INFO [3116/3688] 6fd1701a-5d7a-4daf-adcb-3afde8a29351: 17 internal nodes; 1.2 s; peak memory 521 MiB.
2026-10-06T13:38:11Z INFO [3117/3688] 6fd313c4-5653-460b-b02c-815e748f7ee9: 17 internal nodes; 1.0 s; peak memory 521 MiB.
2026-10-06T13:38:12Z INFO [3118/3688] 6fd3e1f1-2124-4ce0-8592-04aa1eb4124d: 13 internal nodes; 1.1 s; peak memory 521 MiB.
2026-10-06T13:38:13Z INFO [3119/3688] 6fd3e2ee-9cd6-4faf-9687-e60a43a13684: 27 internal nodes; 1.4 s; peak memory 521 MiB.
2026-10-06T13:38:15Z INFO [3120/3688] 6fd4e1ef-effd-4f34-bf47-1afdb2e090ac: 31 internal nodes; 1.7 s; peak memory 521 MiB.
2026-10-06T13:38:16Z INFO [3121/3688] 6fd4e3a3-6663-4891-8a8f-1825a9f19536: 13 internal nodes; 1.0 s; peak memory 521 MiB.
2026-10-06T13:38:30Z INFO [3122/3688] 6fd57938-1de3-4adb-9e53-f1167923af1c: 249 internal nodes; 14.5 s; peak memory 521 MiB.
2026-10-06T13:38:32Z INFO [3123/3688] 6fd58b53-22d7-4579-a637-d8f1e1ebc67f: 22 internal nodes; 1.3 s; peak memory 521 MiB.
2026-10-06T13:38:57Z INFO [3124/3688] 6fd641e6-c519-464d-aa58-790fc2375b9d: 3136 internal nodes; 25.8 s; peak memory 521 MiB.
2026-10-06T13:38:59Z INFO [3125/3688] 6fd670c3-3501-46d4-a061-5d571fa37eda: 17 internal nodes; 1.2 s; peak memory 521 MiB.
2026-10-06T13:39:00Z INFO [3126/3688] 6fd8cd65-3af3-484f-b82b-64840c0187d4: 22 internal nodes; 1.0 s; peak memory 521 MiB.
2026-10-06T13:39:01Z INFO [3127/3688] 6fd977f2-21fe-4bed-8a49-413e6c010fa6: 17 internal nodes; 1.1 s; peak memory 521 MiB.
2026-10-06T13:39:02Z INFO [3128/3688] 6fda3fa0-ac11-4235-b24a-e04470b518ff: 17 internal nodes; 1.1 s; peak memory 521 MiB.
2026-10-06T13:39:08Z INFO [3129/3688] 6fda84e8-d11f-4aba-8d4b-f94929b131b9: 177 internal nodes; 5.7 s; peak memory 521 MiB.
2026-10-06T13:39:09Z INFO [3130/3688] 6fdb9cca-27f6-4b00-b654-a554c3c3ac8c: 13 internal nodes; 1.3 s; peak memory 521 MiB.
2026-10-06T13:39:11Z INFO [3131/3688] 6fdbc7a2-1d7d-4590-abed-3ef42bec3a66: 122 internal nodes; 2.0 s; peak memory 521 MiB.
2026-10-06T13:39:12Z INFO [3132/3688] 6fdd8e2b-f96f-4f04-a33b-52f621a3dc3c: 27 internal nodes; 1.5 s; peak memory 521 MiB.
2026-10-06T13:39:14Z INFO [3133/3688] 6fdd9ccf-4e44-4535-9c05-6aab0d39c197: 29 internal nodes; 1.7 s; peak memory 521 MiB.
2026-10-06T13:39:15Z INFO [3134/3688] 6fde50a3-9247-447e-ab1b-ecd9d5673315: 18 internal nodes; 1.5 s; peak memory 521 MiB.
2026-10-06T13:39:17Z INFO [3135/3688] 6fdeba90-92fb-48e7-be0b-64178f0aa726: 31 internal nodes; 1.6 s; peak memory 521 MiB.
2026-10-06T13:39:20Z INFO [3136/3688] 6fdec22f-ddd8-46a2-a7b7-a57253490a1f: 60 internal nodes; 3.2 s; peak memory 521 MiB.
2026-10-06T13:39:21Z INFO [3137/3688] 6fdff2b4-c17c-4de3-a5f2-6ae36b49feef: 22 internal nodes; 1.3 s; peak memory 521 MiB.
2026-10-06T13:39:24Z INFO [3138/3688] 6fe0e3bc-7910-406f-b39f-3117e14eeb0d: 44 internal nodes; 2.4 s; peak memory 521 MiB.
2026-10-06T13:39:26Z INFO [3139/3688] 6fe1b033-81a2-41cf-8e55-d24af761bdf3: 37 internal nodes; 2.3 s; peak memory 521 MiB.
2026-10-06T13:39:43Z INFO [3140/3688] 6fe2030a-c0ce-473a-913f-19bbc78a33f7: 107 internal nodes; 16.5 s; peak memory 521 MiB.
2026-10-06T13:39:49Z INFO [3141/3688] 6fe230e3-d632-4106-8d0e-a8ff028f2f1d: 52 internal nodes; 6.6 s; peak memory 521 MiB.
2026-10-06T13:39:51Z INFO [3142/3688] 6fe36830-b8c5-40f5-9dbb-0cda83b04c98: 36 internal nodes; 2.0 s; peak memory 521 MiB.
2026-10-06T13:39:53Z INFO [3143/3688] 6fe5034e-e5ca-4f18-b882-d3b53fe2d9de: 27 internal nodes; 1.5 s; peak memory 521 MiB.
2026-10-06T13:39:55Z INFO [3144/3688] 6fe51afc-c827-4c00-b973-4b2852367641: 34 internal nodes; 2.2 s; peak memory 521 MiB.
2026-10-06T13:39:56Z INFO [3145/3688] 6fe5bf16-0ecc-490b-a879-9ac8cd9e11f5: 18 internal nodes; 0.9 s; peak memory 521 MiB.
2026-10-06T13:39:57Z INFO [3146/3688] 6fe60bfc-660f-4044-b96f-cdd7264a22e5: 27 internal nodes; 1.6 s; peak memory 521 MiB.
2026-10-06T13:39:58Z INFO [3147/3688] 6fe6b769-737b-4f6b-b397-ebb4fa4fa8df: 16 internal nodes; 1.1 s; peak memory 521 MiB.
2026-10-06T13:40:02Z INFO [3148/3688] 6fe72fc3-8cf9-42a6-982a-fd087a73d258: 42 internal nodes; 3.5 s; peak memory 521 MiB.
2026-10-06T13:40:16Z INFO [3149/3688] 6fe740ae-4909-445c-8e37-3b0267b88064: 322 internal nodes; 13.7 s; peak memory 521 MiB.
2026-10-06T13:40:18Z INFO [3150/3688] 6fe85b3b-1ed3-4041-b934-11f07ddad408: 20 internal nodes; 1.8 s; peak memory 521 MiB.
2026-10-06T13:40:18Z INFO [3150/3688] 6fe85b3b-1ed3-4041-b934-11f07ddad408: checkpointed 100593 records.
2026-10-06T13:40:21Z INFO [3151/3688] 6fe99c4a-e55a-446c-aaef-e162e3df681d: 42 internal nodes; 3.0 s; peak memory 521 MiB.
2026-10-06T13:40:22Z INFO [3152/3688] 6fe9da22-179b-4b25-8dcf-ebb205a5c7ea: 27 internal nodes; 1.4 s; peak memory 521 MiB.
2026-10-06T13:40:26Z INFO [3153/3688] 6fe9f52d-af51-4b91-9c28-08f8cc0a4d72: 46 internal nodes; 3.4 s; peak memory 521 MiB.
2026-10-06T13:40:27Z INFO [3154/3688] 6fe9f7ae-387b-4ebf-bfe4-80f61c39e3eb: 27 internal nodes; 1.4 s; peak memory 521 MiB.
2026-10-06T13:40:29Z INFO [3155/3688] 6fea45a1-4df0-4ba4-95db-14b2fc0c35fe: 63 internal nodes; 1.9 s; peak memory 521 MiB.
2026-10-06T13:40:30Z INFO [3156/3688] 6fec7080-c1f1-4ece-9ce9-988e66270a15: 22 internal nodes; 0.9 s; peak memory 521 MiB.
2026-10-06T13:42:36Z INFO [3157/3688] 6fecd619-905a-4d3c-a998-89fa92d00d0a: 2227 internal nodes; 125.8 s; peak memory 521 MiB.
2026-10-06T13:42:37Z INFO [3158/3688] 6fecddb4-3c13-4c25-b466-d7d504f4b718: 25 internal nodes; 1.3 s; peak memory 521 MiB.
2026-10-06T13:42:39Z INFO [3159/3688] 6fedc994-7660-480e-9b98-8e71ef8ab0b4: 59 internal nodes; 2.3 s; peak memory 521 MiB.
2026-10-06T13:42:43Z INFO [3160/3688] 6fee0df0-4013-496c-882f-43e5fe25fb79: 46 internal nodes; 3.4 s; peak memory 521 MiB.
2026-10-06T13:42:44Z INFO [3161/3688] 6fee634d-51a0-42df-9569-64b0a9418746: 31 internal nodes; 1.7 s; peak memory 521 MiB.
2026-10-06T13:42:47Z INFO [3162/3688] 6fee8f91-0a08-4283-b49a-15b77e1d657f: 72 internal nodes; 2.1 s; peak memory 521 MiB.
2026-10-06T13:42:48Z INFO [3163/3688] 6feeb336-16d1-44b2-8039-0a48bbf2bbdb: 61 internal nodes; 1.7 s; peak memory 521 MiB.
2026-10-06T13:42:54Z INFO [3164/3688] 6feee7e7-3ae7-4071-a194-785fcaf77df2: 123 internal nodes; 6.0 s; peak memory 521 MiB.
2026-10-06T13:42:56Z INFO [3165/3688] 6fef0588-443f-43ff-b1a2-f2d1af99c02f: 114 internal nodes; 1.2 s; peak memory 521 MiB.
2026-10-06T13:42:57Z INFO [3166/3688] 6fef421c-4795-4950-bfe6-161408866c1d: 17 internal nodes; 1.4 s; peak memory 521 MiB.
2026-10-06T13:43:09Z INFO [3167/3688] 6fefaaa9-4012-478e-9133-a8df7525cf08: 85 internal nodes; 12.2 s; peak memory 521 MiB.
2026-10-06T13:43:12Z INFO [3168/3688] 6fefcec7-625c-4afd-9f6d-d197ee05662c: 41 internal nodes; 3.2 s; peak memory 521 MiB.
2026-10-06T13:43:13Z INFO [3169/3688] 6fefed41-4d23-40ff-9693-17630cadc154: 17 internal nodes; 1.1 s; peak memory 521 MiB.
2026-10-06T13:43:15Z INFO [3170/3688] 6ff011ac-dc49-406c-adab-1c5fbd391712: 116 internal nodes; 1.6 s; peak memory 521 MiB.
2026-10-06T13:43:17Z INFO [3171/3688] 6ff1a971-b4f3-459e-a0fc-b147acf0c716: 53 internal nodes; 1.8 s; peak memory 521 MiB.
2026-10-06T13:43:18Z INFO [3172/3688] 6ff234ec-0e10-4be4-a28f-cb58ca6caf5f: 27 internal nodes; 1.2 s; peak memory 521 MiB.
2026-10-06T13:43:19Z INFO [3173/3688] 6ff291fa-93bf-4fae-9a99-eb39cc2a4c64: 17 internal nodes; 1.1 s; peak memory 521 MiB.
2026-10-06T13:43:21Z INFO [3174/3688] 6ff297b5-9c7d-4916-8f41-61174aa12f4a: 118 internal nodes; 1.4 s; peak memory 521 MiB.
2026-10-06T13:43:23Z INFO [3175/3688] 6ff2e695-3a9b-4966-a865-4a9a60452da6: 39 internal nodes; 2.0 s; peak memory 521 MiB.
2026-10-06T13:43:25Z INFO [3176/3688] 6ff35204-00ba-4f52-8b42-6a7a2fb25662: 31 internal nodes; 2.3 s; peak memory 521 MiB.
2026-10-06T13:43:27Z INFO [3177/3688] 6ff35717-0565-4643-818f-a520fa010cec: 31 internal nodes; 1.7 s; peak memory 521 MiB.
2026-10-06T13:43:28Z INFO [3178/3688] 6ff3ff58-79b9-473a-a8cc-00588dfc9ade: 90 internal nodes; 1.6 s; peak memory 521 MiB.
2026-10-06T13:43:30Z INFO [3179/3688] 6ff415d5-7e67-45b4-b1de-54d3f91b82a2: 13 internal nodes; 1.3 s; peak memory 521 MiB.
2026-10-06T13:43:31Z INFO [3180/3688] 6ff47305-e0d0-4061-bb4a-640e178d73d5: 69 internal nodes; 1.8 s; peak memory 521 MiB.
2026-10-06T13:43:33Z INFO [3181/3688] 6ff4ce05-8a43-4c22-8fb7-c30e0826ae02: 53 internal nodes; 1.5 s; peak memory 521 MiB.
2026-10-06T13:43:36Z INFO [3182/3688] 6ff58d5c-6434-430a-81f4-dbd60e543133: 53 internal nodes; 2.8 s; peak memory 521 MiB.
2026-10-06T13:43:38Z INFO [3183/3688] 6ff6a76b-9e7b-4afb-adc8-7976408b64e9: 39 internal nodes; 2.2 s; peak memory 521 MiB.
2026-10-06T13:43:40Z INFO [3184/3688] 6ff78c42-7c1c-492d-ac48-cf39f5a3870f: 42 internal nodes; 2.4 s; peak memory 521 MiB.
2026-10-06T13:43:42Z INFO [3185/3688] 6ff7a1a6-27ab-423a-95e8-01b7f8c696f8: 27 internal nodes; 1.4 s; peak memory 521 MiB.
2026-10-06T13:43:56Z INFO [3186/3688] 6ff7f8c4-b154-498e-a999-514a2ab3ada8: 263 internal nodes; 14.1 s; peak memory 521 MiB.
2026-10-06T13:43:57Z INFO [3187/3688] 6ff8835c-d2d7-4980-806a-7cc88c84e35f: 26 internal nodes; 0.8 s; peak memory 521 MiB.
2026-10-06T13:43:58Z INFO [3188/3688] 6ff8ae02-b46b-43e9-8f6c-6f2319e2881f: 27 internal nodes; 1.4 s; peak memory 521 MiB.
2026-10-06T13:43:59Z INFO [3189/3688] 6ff94d12-4dea-4a77-8a5c-ed328739f718: 18 internal nodes; 0.9 s; peak memory 521 MiB.
2026-10-06T13:44:00Z INFO [3190/3688] 6ff9af95-68e4-435c-90df-2cf55f767420: 27 internal nodes; 1.3 s; peak memory 521 MiB.
2026-10-06T13:44:01Z INFO [3191/3688] 6ffa3f2c-ceef-4706-a3a4-4fdb15704bbc: 18 internal nodes; 1.1 s; peak memory 521 MiB.
2026-10-06T13:44:03Z INFO [3192/3688] 6ffa5071-2d6a-4e22-93df-f554b3deca74: 27 internal nodes; 1.3 s; peak memory 521 MiB.
2026-10-06T13:44:19Z INFO [3193/3688] 6ffa6641-d133-49ad-bf80-b6a698db8b47: 270 internal nodes; 16.6 s; peak memory 521 MiB.
2026-10-06T13:44:21Z INFO [3194/3688] 6ffa668f-ac12-4365-b7c8-b2baf6ac4187: 27 internal nodes; 1.4 s; peak memory 521 MiB.
2026-10-06T13:44:23Z INFO [3195/3688] 6ffabede-e45f-4ce9-89c5-a4d6f17db58f: 27 internal nodes; 2.4 s; peak memory 521 MiB.
2026-10-06T13:44:24Z INFO [3196/3688] 6ffb5106-230d-43e5-a2c3-6999c861cf1e: 29 internal nodes; 1.3 s; peak memory 521 MiB.
2026-10-06T13:44:26Z INFO [3197/3688] 6ffb584c-ac5d-467e-9765-3172347029ec: 17 internal nodes; 1.2 s; peak memory 521 MiB.
2026-10-06T13:44:27Z INFO [3198/3688] 6ffc080a-a9a8-4bff-87a9-fa2f9f2c5b8b: 27 internal nodes; 1.4 s; peak memory 521 MiB.
2026-10-06T13:44:29Z INFO [3199/3688] 6ffcb039-fb42-4dd9-9518-d2f99b2155e2: 67 internal nodes; 2.2 s; peak memory 521 MiB.
2026-10-06T13:44:35Z INFO [3200/3688] 6ffd5f2b-160a-4381-8e70-12d800ef7c82: 73 internal nodes; 5.9 s; peak memory 521 MiB.
2026-10-06T13:44:35Z INFO [3200/3688] 6ffd5f2b-160a-4381-8e70-12d800ef7c82: checkpointed 100643 records.
2026-10-06T13:44:38Z INFO [3201/3688] 6ffd6563-e380-4fb1-91f6-1b7846184c58: 53 internal nodes; 2.4 s; peak memory 521 MiB.
2026-10-06T13:44:39Z INFO [3202/3688] 6ffd8184-c57f-49ab-9642-df2221d2cf2b: 31 internal nodes; 1.5 s; peak memory 521 MiB.
2026-10-06T13:44:41Z INFO [3203/3688] 6ffeff10-2a6e-4e21-8418-622c68a1e723: 17 internal nodes; 1.2 s; peak memory 521 MiB.
2026-10-06T13:44:47Z INFO [3204/3688] 6fff52ed-b7ac-499b-b4ba-46fc661690f8: 41 internal nodes; 6.9 s; peak memory 521 MiB.
2026-10-06T13:44:56Z INFO [3205/3688] 70002eb4-c502-44cd-ba5c-fb32ef82ce66: 155 internal nodes; 8.8 s; peak memory 521 MiB.
2026-10-06T13:44:57Z INFO [3206/3688] 70005e16-4fa7-4286-8789-19e04c1b7af0: 17 internal nodes; 1.2 s; peak memory 521 MiB.
2026-10-06T13:44:59Z INFO [3207/3688] 700074f5-e872-4720-8b66-d8119f2de73e: 17 internal nodes; 1.2 s; peak memory 521 MiB.
2026-10-06T13:45:04Z INFO [3208/3688] 7000e6fa-d41a-46d1-890a-42c170155314: 136 internal nodes; 5.5 s; peak memory 521 MiB.
2026-10-06T13:45:06Z INFO [3209/3688] 7001107e-ba22-42a4-b54a-f09023fe9a47: 30 internal nodes; 1.5 s; peak memory 521 MiB.
2026-10-06T13:45:07Z INFO [3210/3688] 70014141-dfc8-4d13-956f-afe2fe20395c: 17 internal nodes; 1.5 s; peak memory 521 MiB.
2026-10-06T13:45:08Z INFO [3211/3688] 70018972-5e6e-472a-a4ce-c55f66eb93e9: 27 internal nodes; 1.3 s; peak memory 521 MiB.
2026-10-06T13:45:09Z INFO [3212/3688] 70022345-77a9-41a6-ad19-c169a3be7a46: 11 internal nodes; 0.8 s; peak memory 521 MiB.
2026-10-06T13:45:11Z INFO [3213/3688] 700229cf-1a3e-4725-8ab1-e7f119ca9636: 27 internal nodes; 1.4 s; peak memory 521 MiB.
2026-10-06T13:45:12Z INFO [3214/3688] 70026cfc-c108-40cb-99d9-a99304dac1cf: 27 internal nodes; 1.6 s; peak memory 521 MiB.
2026-10-06T13:45:13Z INFO [3215/3688] 70028e76-2a08-417a-8881-b8801fe83534: 17 internal nodes; 1.2 s; peak memory 521 MiB.
2026-10-06T13:45:15Z INFO [3216/3688] 7002be2f-173f-4b5d-bced-83866d81d533: 19 internal nodes; 1.3 s; peak memory 521 MiB.
2026-10-06T13:45:16Z INFO [3217/3688] 7002e937-1e6f-4833-b938-54358922ac95: 19 internal nodes; 1.2 s; peak memory 521 MiB.
2026-10-06T13:45:18Z INFO [3218/3688] 700303dd-55e6-4248-8968-8d979994ad36: 67 internal nodes; 1.9 s; peak memory 521 MiB.
2026-10-06T13:45:19Z INFO [3219/3688] 7003306f-59fc-4be5-932f-101a83d42deb: 116 internal nodes; 1.2 s; peak memory 521 MiB.
2026-10-06T13:45:20Z INFO [3220/3688] 7003343f-7ed9-4476-a10d-bb505c89bc67: 11 internal nodes; 0.9 s; peak memory 521 MiB.
2026-10-06T13:45:22Z INFO [3221/3688] 700414f3-c28b-4d5b-bbd2-3586a39c1e57: 42 internal nodes; 2.4 s; peak memory 521 MiB.
2026-10-06T13:45:24Z INFO [3222/3688] 70054e08-7b12-4ef6-baac-2363a5609b9f: 17 internal nodes; 1.3 s; peak memory 521 MiB.
2026-10-06T13:45:26Z INFO [3223/3688] 70074e0e-636a-4628-8392-19dbc489acb4: 31 internal nodes; 2.2 s; peak memory 521 MiB.
2026-10-06T13:45:27Z INFO [3224/3688] 700750a1-f4db-4985-91a4-6de3e7b9a6d3: 27 internal nodes; 1.4 s; peak memory 521 MiB.
2026-10-06T13:45:29Z INFO [3225/3688] 7007ed9e-5c14-4982-a7d8-c8b093beb5c0: 38 internal nodes; 1.7 s; peak memory 521 MiB.
2026-10-06T13:45:31Z INFO [3226/3688] 70094106-ab62-4180-b0e4-6ab418ae4097: 31 internal nodes; 1.6 s; peak memory 521 MiB.
2026-10-06T13:45:43Z INFO [3227/3688] 70095b4e-f73a-4378-a546-f030b0045865: 269 internal nodes; 12.3 s; peak memory 521 MiB.
2026-10-06T13:45:54Z INFO [3228/3688] 70097638-bde6-417e-80e9-e4db3c9d6b2c: 114 internal nodes; 11.2 s; peak memory 521 MiB.
2026-10-06T13:45:57Z INFO [3229/3688] 700991b8-861c-4b95-a550-eb1ef7629431: 65 internal nodes; 2.8 s; peak memory 521 MiB.
2026-10-06T13:46:00Z INFO [3230/3688] 700bf7b2-363c-48d0-9355-2fb4c0ac2522: 38 internal nodes; 3.2 s; peak memory 521 MiB.
2026-10-06T13:46:16Z INFO [3231/3688] 700c821f-4cca-4aa1-a742-582260a8ef3e: 128 internal nodes; 16.4 s; peak memory 521 MiB.
2026-10-06T13:46:19Z INFO [3232/3688] 700cd4f2-2d9c-478b-abf6-8cc7ee5fb0a8: 27 internal nodes; 2.2 s; peak memory 521 MiB.
2026-10-06T13:46:25Z INFO [3233/3688] 700d89a8-57f8-4a24-aed1-b5665ca73abc: 177 internal nodes; 6.8 s; peak memory 521 MiB.
2026-10-06T13:46:33Z INFO [3234/3688] 700e5935-9a18-4358-9fc8-0fb84a2216b1: 61 internal nodes; 7.6 s; peak memory 521 MiB.
2026-10-06T13:46:34Z INFO [3235/3688] 700ebd19-6eec-4b97-ac12-dc1335a148bc: 17 internal nodes; 1.2 s; peak memory 521 MiB.
2026-10-06T13:46:46Z INFO [3236/3688] 700f6367-c66d-4b95-b46f-9bec561566bd: 240 internal nodes; 11.6 s; peak memory 521 MiB.
2026-10-06T13:46:47Z INFO [3237/3688] 700f843d-9375-416c-9aaf-de54d0e5d85e: 17 internal nodes; 1.2 s; peak memory 521 MiB.
2026-10-06T13:46:48Z INFO [3238/3688] 700fbe29-442c-41e9-aad4-d53ff783930e: 17 internal nodes; 1.2 s; peak memory 521 MiB.
2026-10-06T13:46:50Z INFO [3239/3688] 700fcd79-1aa0-421c-8b6f-790aeb5a43bd: 29 internal nodes; 1.5 s; peak memory 521 MiB.
2026-10-06T13:46:56Z INFO [3240/3688] 7010161f-d488-425b-89b7-2db70a083517: 41 internal nodes; 6.6 s; peak memory 521 MiB.
2026-10-06T13:46:58Z INFO [3241/3688] 70104e71-9ddd-4012-a746-398c1de96785: 27 internal nodes; 1.5 s; peak memory 521 MiB.
2026-10-06T13:47:00Z INFO [3242/3688] 7010f6fd-6efc-4ae3-80c3-df899677f7ae: 31 internal nodes; 2.0 s; peak memory 521 MiB.
2026-10-06T13:47:12Z INFO [3243/3688] 7010fd50-9574-4731-ae3a-bf66c29ca587: 220 internal nodes; 12.8 s; peak memory 521 MiB.
2026-10-06T13:47:14Z INFO [3244/3688] 70115ef0-5eee-4dc1-bb62-7a77b46d2fae: 27 internal nodes; 1.3 s; peak memory 521 MiB.
2026-10-06T13:47:15Z INFO [3245/3688] 70120b34-c385-46f2-9b93-1845625b4631: 55 internal nodes; 1.5 s; peak memory 521 MiB.
2026-10-06T13:47:17Z INFO [3246/3688] 7013ecc0-e112-4930-b4d6-43981fd1210b: 17 internal nodes; 1.2 s; peak memory 521 MiB.
2026-10-06T13:47:18Z INFO [3247/3688] 7014616d-ea86-4548-9647-093c52407b29: 27 internal nodes; 1.5 s; peak memory 521 MiB.
2026-10-06T13:47:19Z INFO [3248/3688] 7014a66e-15cb-480f-a972-0e2941e8afaf: 17 internal nodes; 1.1 s; peak memory 521 MiB.
2026-10-06T13:47:20Z INFO [3249/3688] 70160974-8a76-4b2b-819d-0e91ca07b37c: 17 internal nodes; 1.1 s; peak memory 521 MiB.
2026-10-06T13:47:22Z INFO [3250/3688] 70163500-e4fd-4a6e-994f-f1edcf1413fa: 28 internal nodes; 1.9 s; peak memory 521 MiB.
2026-10-06T13:47:22Z INFO [3250/3688] 70163500-e4fd-4a6e-994f-f1edcf1413fa: checkpointed 100693 records.
2026-10-06T13:47:24Z INFO [3251/3688] 70170746-a7e1-439f-9e36-f46b238f41d5: 17 internal nodes; 1.1 s; peak memory 521 MiB.
2026-10-06T13:47:25Z INFO [3252/3688] 7017f52c-3b31-4ad5-94b9-c25c4a628c53: 21 internal nodes; 1.5 s; peak memory 521 MiB.
2026-10-06T13:47:26Z INFO [3253/3688] 7018a5d1-57cb-40a4-a071-efa957321424: 17 internal nodes; 1.1 s; peak memory 521 MiB.
2026-10-06T13:47:28Z INFO [3254/3688] 7018db80-ec8b-4fe3-915d-c5597a57e4e9: 31 internal nodes; 1.7 s; peak memory 521 MiB.
2026-10-06T13:47:29Z INFO [3255/3688] 701a11b7-44e5-4c74-9d78-93117b62671b: 11 internal nodes; 0.7 s; peak memory 521 MiB.
2026-10-06T13:47:30Z INFO [3256/3688] 701a2cfb-6ea7-48a5-a268-90f895d2751a: 90 internal nodes; 1.2 s; peak memory 521 MiB.
2026-10-06T13:47:41Z INFO [3257/3688] 701b4320-27cf-45f4-94ff-89809d9f3ab6: 63 internal nodes; 11.2 s; peak memory 521 MiB.
2026-10-06T13:47:43Z INFO [3258/3688] 701bb747-b79b-4000-a76b-8c1b3a94ba3c: 23 internal nodes; 1.6 s; peak memory 521 MiB.
2026-10-06T13:47:44Z INFO [3259/3688] 701c652b-7e18-40b2-9a5e-4c58c53c44b8: 30 internal nodes; 1.7 s; peak memory 521 MiB.
2026-10-06T13:47:46Z INFO [3260/3688] 701c6ad8-5498-4796-bdf3-e1b57c064429: 27 internal nodes; 1.4 s; peak memory 521 MiB.
2026-10-06T13:47:48Z INFO [3261/3688] 701c7cf4-ad1c-451c-9398-426aa645b07d: 37 internal nodes; 2.0 s; peak memory 521 MiB.
2026-10-06T13:47:58Z INFO [3262/3688] 701daf2d-7647-4b18-a4ce-7d22399ac8b3: 211 internal nodes; 9.8 s; peak memory 521 MiB.
2026-10-06T13:48:04Z INFO [3263/3688] 701dd2be-6aea-44c4-b9f4-cc034f4f69e2: 146 internal nodes; 6.5 s; peak memory 521 MiB.
2026-10-06T13:48:07Z INFO [3264/3688] 701e1475-cb2c-49f8-90dc-b37fbdefaa94: 59 internal nodes; 2.5 s; peak memory 521 MiB.
2026-10-06T13:48:08Z INFO [3265/3688] 701e2ddc-6b33-423d-9d18-3c355d4e7e4d: 27 internal nodes; 1.2 s; peak memory 521 MiB.
2026-10-06T13:48:09Z INFO [3266/3688] 701e384d-7423-4491-a072-eb07a9daa9c7: 26 internal nodes; 1.5 s; peak memory 521 MiB.
2026-10-06T13:48:10Z INFO [3267/3688] 701f2907-6006-4bd2-97b3-701fca8d56c6: 13 internal nodes; 1.0 s; peak memory 521 MiB.
2026-10-06T13:48:12Z INFO [3268/3688] 701f968a-3178-4f56-a57c-2b4f220b67b0: 25 internal nodes; 1.2 s; peak memory 521 MiB.
2026-10-06T13:48:14Z INFO [3269/3688] 7020944a-fad2-4ca3-a21a-7fb3ebed4cde: 69 internal nodes; 1.9 s; peak memory 521 MiB.
2026-10-06T13:48:15Z INFO [3270/3688] 70220c83-9aed-4f6d-9070-ef09e63f8e21: 30 internal nodes; 1.6 s; peak memory 521 MiB.
2026-10-06T13:48:17Z INFO [3271/3688] 7022e298-7094-431c-a0b6-45a985554777: 26 internal nodes; 1.6 s; peak memory 521 MiB.
2026-10-06T13:48:19Z INFO [3272/3688] 7023302e-1949-45af-b788-b205037181bb: 72 internal nodes; 2.5 s; peak memory 521 MiB.
2026-10-06T13:48:20Z INFO [3273/3688] 7023ca7b-27dd-4000-b884-8983886a974f: 27 internal nodes; 0.9 s; peak memory 521 MiB.
2026-10-06T13:48:21Z INFO [3274/3688] 7025de32-bca8-4821-b8c6-a4cbe589fb91: 17 internal nodes; 1.2 s; peak memory 521 MiB.
2026-10-06T13:48:23Z INFO [3275/3688] 7025e1ad-3165-48b6-a374-852515e5dd0b: 29 internal nodes; 1.7 s; peak memory 521 MiB.
2026-10-06T13:48:25Z INFO [3276/3688] 70261ab8-b491-4c4e-90bc-64382f426d03: 67 internal nodes; 1.9 s; peak memory 521 MiB.
2026-10-06T13:48:26Z INFO [3277/3688] 70265e71-4d5c-4a5f-968b-705a33b5d448: 13 internal nodes; 0.9 s; peak memory 521 MiB.
2026-10-06T13:48:27Z INFO [3278/3688] 7026c92c-ae3c-488b-b7cc-71d90de53abc: 19 internal nodes; 1.3 s; peak memory 521 MiB.
2026-10-06T13:48:29Z INFO [3279/3688] 7026d928-0fdd-4214-ba0b-647ef3d197b9: 20 internal nodes; 1.8 s; peak memory 521 MiB.
2026-10-06T13:48:36Z INFO [3280/3688] 70273ed1-a9f9-41e3-a243-bd8da89f4c63: 109 internal nodes; 7.1 s; peak memory 521 MiB.
2026-10-06T13:48:37Z INFO [3281/3688] 702857a5-eb5f-49ee-8fa0-292c2cfbe8f9: 14 internal nodes; 1.3 s; peak memory 521 MiB.
2026-10-06T13:48:49Z INFO [3282/3688] 702904b1-63fb-48be-a291-ab7f099a9164: 247 internal nodes; 11.2 s; peak memory 521 MiB.
2026-10-06T13:48:50Z INFO [3283/3688] 7029562f-486a-4a0e-9efc-4e2bb017ecef: 28 internal nodes; 1.2 s; peak memory 521 MiB.
2026-10-06T13:48:51Z INFO [3284/3688] 70299ce5-039b-4de0-95a0-f1ac2a23287d: 29 internal nodes; 1.4 s; peak memory 521 MiB.
2026-10-06T13:48:53Z INFO [3285/3688] 7029eb59-f1a4-48e2-abb1-c3c6c063fbd7: 27 internal nodes; 1.4 s; peak memory 521 MiB.
2026-10-06T13:48:54Z INFO [3286/3688] 702ba38f-03d4-4436-9968-5f5964790abb: 31 internal nodes; 1.6 s; peak memory 521 MiB.
2026-10-06T13:48:55Z INFO [3287/3688] 702c1f15-4426-4b67-8ff3-a20980058727: 27 internal nodes; 1.3 s; peak memory 521 MiB.
2026-10-06T13:48:57Z INFO [3288/3688] 702c3a86-17ca-4c1d-a0bd-7c58bbf4a3d8: 31 internal nodes; 1.9 s; peak memory 521 MiB.
2026-10-06T13:48:59Z INFO [3289/3688] 702ce84d-f255-4e5a-b426-a2ddef82a227: 17 internal nodes; 1.2 s; peak memory 521 MiB.
2026-10-06T13:49:00Z INFO [3290/3688] 702d7fd8-ae96-4e5d-a8c4-30a2e678eb0e: 31 internal nodes; 1.5 s; peak memory 521 MiB.
2026-10-06T13:49:01Z INFO [3291/3688] 702df033-e419-4e79-8b6b-96da670f82a4: 17 internal nodes; 1.1 s; peak memory 521 MiB.
2026-10-06T13:49:11Z INFO [3292/3688] 702e17af-673f-4027-9a29-4d3a5a67f952: 83 internal nodes; 10.2 s; peak memory 521 MiB.
2026-10-06T13:49:13Z INFO [3293/3688] 702e232b-c8e2-4fee-bac9-d98d2520c422: 31 internal nodes; 1.6 s; peak memory 521 MiB.
2026-10-06T13:49:22Z INFO [3294/3688] 702e6cc1-94f8-4ece-9008-e39182f90c69: 182 internal nodes; 9.3 s; peak memory 521 MiB.
2026-10-06T13:49:24Z INFO [3295/3688] 702ec1df-c2e2-4498-bd6c-098b12fba9e6: 19 internal nodes; 1.2 s; peak memory 521 MiB.
2026-10-06T13:49:25Z INFO [3296/3688] 702ee306-8cd6-49eb-a743-e8b177d9edbe: 27 internal nodes; 1.3 s; peak memory 521 MiB.
2026-10-06T13:49:27Z INFO [3297/3688] 702f6b46-f910-45d7-adf8-fad65e1290f7: 65 internal nodes; 2.1 s; peak memory 521 MiB.
2026-10-06T13:49:37Z INFO [3298/3688] 7030a3e2-d85f-4125-a921-5e6cf26f727b: 53 internal nodes; 10.1 s; peak memory 521 MiB.
2026-10-06T13:49:39Z INFO [3299/3688] 7031572d-e5c4-4f57-a0a9-7c0f375b0a8d: 30 internal nodes; 1.5 s; peak memory 521 MiB.
2026-10-06T13:49:40Z INFO [3300/3688] 70316e12-2a7d-4020-9983-d43c68ae7543: 26 internal nodes; 1.6 s; peak memory 521 MiB.
2026-10-06T13:49:41Z INFO [3300/3688] 70316e12-2a7d-4020-9983-d43c68ae7543: checkpointed 100743 records.
2026-10-06T13:49:42Z INFO [3301/3688] 7031bced-a30d-42fb-8a63-a1f46cd309a7: 17 internal nodes; 1.1 s; peak memory 521 MiB.
2026-10-06T13:49:43Z INFO [3302/3688] 7032f29c-19f4-4def-a90f-d5d6821d01df: 27 internal nodes; 1.4 s; peak memory 521 MiB.
2026-10-06T13:49:44Z INFO [3303/3688] 70348ffc-f1bd-4698-b134-ca97b26f8e5d: 17 internal nodes; 1.2 s; peak memory 521 MiB.
2026-10-06T13:49:51Z INFO [3304/3688] 70359e3f-5597-40ec-a939-4d72fbc5f2df: 160 internal nodes; 7.0 s; peak memory 521 MiB.
2026-10-06T13:49:53Z INFO [3305/3688] 70364b0f-0dc9-4dd3-805c-3d3c645407ce: 17 internal nodes; 1.2 s; peak memory 521 MiB.
2026-10-06T13:49:54Z INFO [3306/3688] 7036b003-674b-4e7b-afc9-fccd7abb53d1: 17 internal nodes; 1.2 s; peak memory 521 MiB.
2026-10-06T13:49:55Z INFO [3307/3688] 7036e77b-94e1-44d9-93b6-0ba919203e36: 17 internal nodes; 1.3 s; peak memory 521 MiB.
2026-10-06T13:50:03Z INFO [3308/3688] 7037f39c-45ff-4b34-9748-c12054e70642: 65 internal nodes; 8.1 s; peak memory 521 MiB.
2026-10-06T13:50:04Z INFO [3309/3688] 7038344a-31cd-4e2c-9369-d1732dc00025: 19 internal nodes; 1.2 s; peak memory 521 MiB.
2026-10-06T13:50:13Z INFO [3310/3688] 703856fd-f0c5-49eb-8a73-8034d96e3add: 190 internal nodes; 9.2 s; peak memory 521 MiB.
2026-10-06T13:50:14Z INFO [3311/3688] 703911a1-dba2-491a-a9b6-7e509e2fc843: 25 internal nodes; 0.9 s; peak memory 521 MiB.
2026-10-06T13:50:21Z INFO [3312/3688] 703a634c-bae0-486a-8f61-be6eb13ac7b9: 412 internal nodes; 6.4 s; peak memory 521 MiB.
2026-10-06T13:50:22Z INFO [3313/3688] 703a80f5-1ca5-40bc-8c6d-1dd15a60cd98: 27 internal nodes; 1.5 s; peak memory 521 MiB.
2026-10-06T13:50:24Z INFO [3314/3688] 703ad94f-d0f2-4962-8e24-bd66f2be8d69: 31 internal nodes; 1.7 s; peak memory 521 MiB.
2026-10-06T13:50:30Z INFO [3315/3688] 703af902-1bcb-4389-9e5d-d5d77b7c3b94: 177 internal nodes; 6.3 s; peak memory 521 MiB.
2026-10-06T13:50:45Z INFO [3316/3688] 703c6f68-d293-4a25-baa8-97f32a378b0e: 308 internal nodes; 15.2 s; peak memory 521 MiB.
2026-10-06T13:51:23Z INFO [3317/3688] 703c7052-dcf7-4aea-b966-02361f3f74a5: 2905 internal nodes; 38.0 s; peak memory 521 MiB.
2026-10-06T13:51:25Z INFO [3318/3688] 703d0da0-813a-4d67-96d5-58b32df4784e: 27 internal nodes; 1.2 s; peak memory 521 MiB.
2026-10-06T13:51:26Z INFO [3319/3688] 703d2b5a-7dad-46b6-9212-04002d69a4b0: 17 internal nodes; 1.2 s; peak memory 521 MiB.
2026-10-06T13:51:27Z INFO [3320/3688] 703d9c5e-e816-4b09-bc92-6d9b90730fe4: 17 internal nodes; 1.1 s; peak memory 521 MiB.
2026-10-06T13:51:28Z INFO [3321/3688] 703da1f9-31b8-47b8-b3b5-4ac1bbaf1a10: 27 internal nodes; 1.3 s; peak memory 521 MiB.
2026-10-06T13:51:29Z INFO [3322/3688] 703e9254-b194-4679-9c3a-4a3423ce01d9: 17 internal nodes; 1.2 s; peak memory 521 MiB.
2026-10-06T13:51:30Z INFO [3323/3688] 703f41c0-cb15-4ba6-8d59-a1cd416c606d: 13 internal nodes; 1.0 s; peak memory 521 MiB.
2026-10-06T13:51:32Z INFO [3324/3688] 703fb9dc-ab6c-47f9-b121-e58bbfc66fb0: 54 internal nodes; 1.7 s; peak memory 521 MiB.
2026-10-06T13:51:33Z INFO [3325/3688] 70409325-2e3c-4fb3-a360-e718f515d443: 24 internal nodes; 1.3 s; peak memory 521 MiB.
2026-10-06T13:51:40Z INFO [3326/3688] 7040a805-f825-4c04-b556-aa33325afaef: 100 internal nodes; 6.4 s; peak memory 521 MiB.
2026-10-06T13:51:41Z INFO [3327/3688] 7040d6c9-52cd-443e-8618-46f6136062ce: 19 internal nodes; 1.2 s; peak memory 521 MiB.
2026-10-06T13:51:42Z INFO [3328/3688] 70414a1a-22d7-4a2e-8467-40471935ec0b: 17 internal nodes; 1.2 s; peak memory 521 MiB.
2026-10-06T13:51:44Z INFO [3329/3688] 70417f31-a9e0-423a-afc7-11e8a7992852: 27 internal nodes; 1.4 s; peak memory 521 MiB.
2026-10-06T13:51:46Z INFO [3330/3688] 70426159-48ca-4a35-8fde-258244f33d6d: 44 internal nodes; 2.4 s; peak memory 521 MiB.
2026-10-06T13:51:52Z INFO [3331/3688] 7042a51a-15bd-43c9-941a-fb9a59686463: 123 internal nodes; 6.1 s; peak memory 521 MiB.
2026-10-06T13:51:54Z INFO [3332/3688] 7042b536-ef2b-4116-877c-be55145e5a6e: 27 internal nodes; 1.4 s; peak memory 521 MiB.
2026-10-06T13:51:55Z INFO [3333/3688] 7042ef77-6c2f-4f51-823e-8e93491d3ea3: 24 internal nodes; 1.7 s; peak memory 521 MiB.
2026-10-06T13:51:58Z INFO [3334/3688] 7043b1db-bc30-410e-82b1-0bedce9b81b7: 56 internal nodes; 3.0 s; peak memory 521 MiB.
2026-10-06T13:52:01Z INFO [3335/3688] 70459371-8b95-4ce0-8a7c-d10636fc32f6: 72 internal nodes; 2.3 s; peak memory 521 MiB.
2026-10-06T13:52:03Z INFO [3336/3688] 7045a163-808e-4e1c-96dd-7b26513130ff: 61 internal nodes; 2.2 s; peak memory 521 MiB.
2026-10-06T13:52:04Z INFO [3337/3688] 7045abaa-b8ec-4470-84f5-7ed05d4a1c92: 27 internal nodes; 1.2 s; peak memory 521 MiB.
2026-10-06T13:52:05Z INFO [3338/3688] 7045e0a1-35f3-4239-abce-cc8563e7adbb: 27 internal nodes; 1.2 s; peak memory 521 MiB.
2026-10-06T13:52:06Z INFO [3339/3688] 70463b3c-bf5d-46cd-9438-ac55d09fb0cc: 27 internal nodes; 1.2 s; peak memory 521 MiB.
2026-10-06T13:52:08Z INFO [3340/3688] 70465bff-8769-480d-ac11-41ecc56685c0: 19 internal nodes; 1.2 s; peak memory 521 MiB.
2026-10-06T13:52:08Z INFO [3341/3688] 704692d8-d73c-4543-b6a5-8034ab90ec21: 17 internal nodes; 0.7 s; peak memory 521 MiB.
2026-10-06T13:52:14Z INFO [3342/3688] 70475271-f698-4c4a-acca-88b2f6c16d26: 73 internal nodes; 5.5 s; peak memory 521 MiB.
2026-10-06T13:52:15Z INFO [3343/3688] 7048276b-d04e-4392-af2a-4e23323ad45d: 21 internal nodes; 1.3 s; peak memory 521 MiB.
2026-10-06T13:52:27Z INFO [3344/3688] 70483547-a6bf-43be-87ae-a26ec6e42d8c: 70 internal nodes; 11.6 s; peak memory 521 MiB.
2026-10-06T13:52:28Z INFO [3345/3688] 70493165-c158-4111-9b48-30f3c58da538: 30 internal nodes; 1.5 s; peak memory 521 MiB.
2026-10-06T13:52:29Z INFO [3346/3688] 70495ca4-b636-48d7-ba8a-2ce18beb79b4: 17 internal nodes; 1.2 s; peak memory 521 MiB.
2026-10-06T13:52:31Z INFO [3347/3688] 704a0f54-98f0-4560-a7ce-ca034c431977: 31 internal nodes; 1.8 s; peak memory 521 MiB.
2026-10-06T13:52:33Z INFO [3348/3688] 704a3d1d-165b-44f4-af0e-06188b17b7c0: 27 internal nodes; 1.3 s; peak memory 521 MiB.
2026-10-06T13:52:34Z INFO [3349/3688] 704a4766-ab58-4bb5-9f90-cc106e57ecdc: 17 internal nodes; 1.1 s; peak memory 521 MiB.
2026-10-06T13:52:35Z INFO [3350/3688] 704ac206-de38-4135-b56c-170f92d3a92e: 23 internal nodes; 1.8 s; peak memory 521 MiB.
2026-10-06T13:52:36Z INFO [3350/3688] 704ac206-de38-4135-b56c-170f92d3a92e: checkpointed 100793 records.
2026-10-06T13:52:37Z INFO [3351/3688] 704ad2e0-b3e4-47ba-8d42-a79e47012c5b: 27 internal nodes; 1.4 s; peak memory 521 MiB.
2026-10-06T13:52:38Z INFO [3352/3688] 704d0e26-c259-40e6-8dc4-112a926afce8: 17 internal nodes; 1.1 s; peak memory 521 MiB.
2026-10-06T13:52:40Z INFO [3353/3688] 704d9b4c-6a6a-4bc1-b7b7-002413850408: 24 internal nodes; 2.2 s; peak memory 521 MiB.
2026-10-06T13:52:41Z INFO [3354/3688] 704dd469-95f0-438a-964f-c508891c97c3: 13 internal nodes; 0.8 s; peak memory 521 MiB.
2026-10-06T13:52:43Z INFO [3355/3688] 704e032b-7674-4c20-8a69-8af98d1f24e7: 27 internal nodes; 1.4 s; peak memory 521 MiB.
2026-10-06T13:52:44Z INFO [3356/3688] 704e8dd3-d64a-4f60-9843-9f1d468f23c7: 61 internal nodes; 1.7 s; peak memory 521 MiB.
2026-10-06T13:52:45Z INFO [3357/3688] 704fc708-2b98-4759-be72-3b3268d02d5f: 17 internal nodes; 1.1 s; peak memory 521 MiB.
2026-10-06T13:52:46Z INFO [3358/3688] 70506012-eda6-43f7-8bd7-4b280f95cbf1: 13 internal nodes; 1.0 s; peak memory 521 MiB.
2026-10-06T13:52:47Z INFO [3359/3688] 705134cb-ec34-4b10-8dd2-2cefbcba6d60: 17 internal nodes; 1.0 s; peak memory 521 MiB.
2026-10-06T13:52:49Z INFO [3360/3688] 705241a6-56f8-4b93-bf4a-6528acf3833a: 27 internal nodes; 1.3 s; peak memory 521 MiB.
2026-10-06T13:52:50Z INFO [3361/3688] 7052c0e3-f176-4333-8486-2dd18c1bf5bf: 27 internal nodes; 0.8 s; peak memory 521 MiB.
2026-10-06T13:52:50Z INFO [3362/3688] 7052f13f-5695-41ec-9b9f-ecaf3ac23492: 11 internal nodes; 0.8 s; peak memory 521 MiB.
2026-10-06T13:52:51Z INFO [3363/3688] 7053fffa-a0d2-4189-92e9-a1ec56608b0e: 13 internal nodes; 1.0 s; peak memory 521 MiB.
2026-10-06T13:52:53Z INFO [3364/3688] 70541325-5f5c-45b6-9fcf-a7901f9013cd: 37 internal nodes; 2.0 s; peak memory 521 MiB.
2026-10-06T13:53:00Z INFO [3365/3688] 70550672-beb4-41e8-a5f7-b0234f8b790f: 78 internal nodes; 6.9 s; peak memory 521 MiB.
2026-10-06T13:53:02Z INFO [3366/3688] 7055eb8c-4c11-43aa-b193-ec25a85da4eb: 95 internal nodes; 1.7 s; peak memory 521 MiB.
2026-10-06T13:53:03Z INFO [3367/3688] 7056c439-0925-496f-b133-ba622fbeb626: 17 internal nodes; 1.1 s; peak memory 521 MiB.
2026-10-06T13:53:05Z INFO [3368/3688] 7056c564-6d78-4dc2-84aa-52e40b0a29ee: 91 internal nodes; 1.7 s; peak memory 521 MiB.
2026-10-06T13:53:07Z INFO [3369/3688] 7057f809-a976-479b-96e0-2af9c854e294: 53 internal nodes; 1.7 s; peak memory 521 MiB.
2026-10-06T13:53:08Z INFO [3370/3688] 70584c83-0840-44ee-a29b-1e91f085070c: 17 internal nodes; 1.2 s; peak memory 521 MiB.
2026-10-06T13:53:09Z INFO [3371/3688] 70588303-a1c1-458b-9b95-34e5880ec3f4: 60 internal nodes; 1.7 s; peak memory 521 MiB.
2026-10-06T13:53:11Z INFO [3372/3688] 70588b92-3058-4c5f-85b5-2233675d904b: 17 internal nodes; 1.2 s; peak memory 521 MiB.
2026-10-06T13:53:13Z INFO [3373/3688] 7058d494-c1fd-42d9-92cf-cee7a62ded0a: 61 internal nodes; 2.5 s; peak memory 521 MiB.
2026-10-06T13:54:24Z INFO [3374/3688] 7059142c-b922-415e-b797-055a8214a6db: 1519 internal nodes; 71.0 s; peak memory 521 MiB.
2026-10-06T13:54:31Z INFO [3375/3688] 7059c0dc-1ead-4a7e-83b8-a193f49eb50c: 52 internal nodes; 6.9 s; peak memory 521 MiB.
2026-10-06T13:54:37Z INFO [3376/3688] 705a59ed-2595-4596-bd37-70e6b26bff67: 54 internal nodes; 6.2 s; peak memory 521 MiB.
2026-10-06T13:54:39Z INFO [3377/3688] 705ad904-ab5e-41dd-adc6-bc3431b47736: 31 internal nodes; 1.7 s; peak memory 521 MiB.
2026-10-06T13:54:40Z INFO [3378/3688] 705afb66-e717-48ed-836d-1542399e334c: 17 internal nodes; 1.2 s; peak memory 521 MiB.
2026-10-06T13:54:41Z INFO [3379/3688] 705bf3a6-0a08-4425-8bbc-08c1e118c17f: 11 internal nodes; 0.9 s; peak memory 521 MiB.
2026-10-06T13:54:43Z INFO [3380/3688] 705bfc76-0c3c-4252-925c-afa1a7cc4c87: 31 internal nodes; 1.8 s; peak memory 521 MiB.
2026-10-06T13:54:45Z INFO [3381/3688] 705c47df-5a88-445a-b8ac-29f1fa71da7f: 63 internal nodes; 2.2 s; peak memory 521 MiB.
2026-10-06T13:54:48Z INFO [3382/3688] 705e028e-2706-4d08-85c6-29f9401cf5ec: 44 internal nodes; 3.0 s; peak memory 521 MiB.
2026-10-06T13:54:49Z INFO [3383/3688] 705e6331-ddc8-4364-81f4-76bd7b1bc19b: 27 internal nodes; 1.6 s; peak memory 521 MiB.
2026-10-06T13:54:51Z INFO [3384/3688] 705eaae1-04cc-499a-92b1-98c7deda7438: 29 internal nodes; 1.8 s; peak memory 521 MiB.
2026-10-06T13:54:52Z INFO [3385/3688] 705ec373-bcaa-4d75-9bf1-6b9204bf95c9: 17 internal nodes; 1.1 s; peak memory 521 MiB.
2026-10-06T13:54:54Z INFO [3386/3688] 705eea3e-0951-4632-a656-150f1da11e2e: 27 internal nodes; 1.2 s; peak memory 521 MiB.
2026-10-06T13:54:55Z INFO [3387/3688] 705f5bbe-7fa4-4f9d-8f85-62e1dd55c9a2: 58 internal nodes; 1.9 s; peak memory 521 MiB.
2026-10-06T13:54:57Z INFO [3388/3688] 7060007f-8bf1-488b-bc6b-e5028c4d4050: 28 internal nodes; 1.6 s; peak memory 521 MiB.
2026-10-06T13:55:02Z INFO [3389/3688] 706031e7-5493-4d5a-8932-0a00c357f9f2: 115 internal nodes; 5.2 s; peak memory 521 MiB.
2026-10-06T13:55:04Z INFO [3390/3688] 70604020-3008-40ba-9335-e8989ad179b3: 31 internal nodes; 1.6 s; peak memory 521 MiB.
2026-10-06T13:55:05Z INFO [3391/3688] 7060d7c8-9aae-47bd-b7f4-76c31c8585a0: 17 internal nodes; 1.1 s; peak memory 521 MiB.
2026-10-06T13:55:06Z INFO [3392/3688] 706203a5-a140-4415-aba7-3c588cd3a609: 17 internal nodes; 1.2 s; peak memory 521 MiB.
2026-10-06T13:55:08Z INFO [3393/3688] 706215de-cf4f-45e2-9857-b6af9960f288: 31 internal nodes; 2.0 s; peak memory 521 MiB.
2026-10-06T13:55:10Z INFO [3394/3688] 706244eb-b52d-4951-9735-7998c519f5cc: 38 internal nodes; 1.6 s; peak memory 521 MiB.
2026-10-06T13:55:11Z INFO [3395/3688] 70626875-805b-4d65-9530-cf721c6f4ef9: 24 internal nodes; 1.1 s; peak memory 521 MiB.
2026-10-06T13:55:12Z INFO [3396/3688] 70627160-22d5-460a-99ee-3bae86750e86: 20 internal nodes; 0.9 s; peak memory 521 MiB.
2026-10-06T13:55:13Z INFO [3397/3688] 70627bf9-2213-4e35-bb7b-04221e4bc236: 25 internal nodes; 0.9 s; peak memory 521 MiB.
2026-10-06T13:55:14Z INFO [3398/3688] 70629c43-0ad2-40a3-bc8e-b6c9ac6a8980: 17 internal nodes; 1.0 s; peak memory 521 MiB.
2026-10-06T13:55:15Z INFO [3399/3688] 7062d021-23fa-4da7-9bc0-a18687e41239: 17 internal nodes; 1.0 s; peak memory 521 MiB.
2026-10-06T13:55:17Z INFO [3400/3688] 7063c7c4-134c-45a8-b13d-7ec3b4acc971: 66 internal nodes; 2.0 s; peak memory 521 MiB.
2026-10-06T13:55:17Z INFO [3400/3688] 7063c7c4-134c-45a8-b13d-7ec3b4acc971: checkpointed 100843 records.
2026-10-06T13:55:19Z INFO [3401/3688] 7063d753-b41c-4a32-995e-c077c45bd733: 56 internal nodes; 1.5 s; peak memory 521 MiB.
2026-10-06T13:55:20Z INFO [3402/3688] 70648346-3fae-44e9-9688-b5089065e5e3: 27 internal nodes; 1.4 s; peak memory 521 MiB.
2026-10-06T13:55:29Z INFO [3403/3688] 7064af98-25bf-43e1-b7a2-2961a6cb800a: 205 internal nodes; 8.9 s; peak memory 521 MiB.
2026-10-06T13:55:30Z INFO [3404/3688] 7064d047-b1d2-454a-80a5-653da8d15910: 27 internal nodes; 1.3 s; peak memory 521 MiB.
2026-10-06T13:55:40Z INFO [3405/3688] 70657b77-40bc-41c4-b5cb-ba11573bbef8: 63 internal nodes; 9.6 s; peak memory 521 MiB.
2026-10-06T13:55:41Z INFO [3406/3688] 7065b494-1114-44d6-98fc-dc0189b2e558: 19 internal nodes; 1.0 s; peak memory 521 MiB.
2026-10-06T13:55:42Z INFO [3407/3688] 70661066-88ca-444e-8a63-0a9acac653e0: 17 internal nodes; 1.2 s; peak memory 521 MiB.
2026-10-06T13:55:51Z INFO [3408/3688] 706669b6-bf10-4af1-ad66-6df178a36f3b: 48 internal nodes; 8.7 s; peak memory 521 MiB.
2026-10-06T13:55:52Z INFO [3409/3688] 70682620-621f-40be-990e-b2a1b0f2cdae: 17 internal nodes; 1.1 s; peak memory 521 MiB.
2026-10-06T13:55:53Z INFO [3410/3688] 70689b71-b368-4d87-8f54-e672719dc6a6: 27 internal nodes; 1.3 s; peak memory 521 MiB.
2026-10-06T13:55:55Z INFO [3411/3688] 70689f7a-27a5-4fe6-8425-4311feceb82e: 91 internal nodes; 1.6 s; peak memory 521 MiB.
2026-10-06T13:55:56Z INFO [3412/3688] 70698a73-3e53-42d5-bfb5-adf11912a15f: 54 internal nodes; 1.5 s; peak memory 521 MiB.
2026-10-06T13:56:00Z INFO [3413/3688] 7069b42c-a57f-4984-b0dc-4f8cbe5f284e: 46 internal nodes; 3.4 s; peak memory 521 MiB.
2026-10-06T13:56:01Z INFO [3414/3688] 706a016f-0159-46ed-88f8-b0da50cb15e5: 22 internal nodes; 1.6 s; peak memory 521 MiB.
2026-10-06T13:56:03Z INFO [3415/3688] 706a6d04-8f26-4328-9a02-b72de139e54d: 31 internal nodes; 1.4 s; peak memory 521 MiB.
2026-10-06T13:56:05Z INFO [3416/3688] 706a721c-5297-4fed-abce-dd787775d6eb: 44 internal nodes; 2.6 s; peak memory 521 MiB.
2026-10-06T13:56:07Z INFO [3417/3688] 706ab56e-b652-4860-a40b-6fffb30e046b: 31 internal nodes; 1.7 s; peak memory 521 MiB.
2026-10-06T13:56:08Z INFO [3418/3688] 706abcdb-30d1-4729-bc7a-f41a80cc0426: 38 internal nodes; 1.7 s; peak memory 521 MiB.
2026-10-06T13:56:16Z INFO [3419/3688] 706adebe-4543-4a6c-903f-f3542720243f: 177 internal nodes; 7.5 s; peak memory 521 MiB.
2026-10-06T13:56:24Z INFO [3420/3688] 706b0090-a898-4804-aafd-3a52c4ce2a02: 141 internal nodes; 8.0 s; peak memory 521 MiB.
2026-10-06T13:56:26Z INFO [3421/3688] 706b3bea-7c89-40dd-aa60-d822a5b49ddf: 31 internal nodes; 1.6 s; peak memory 521 MiB.
2026-10-06T13:56:27Z INFO [3422/3688] 706be1e1-6675-4de2-bc46-533a9f1a74e8: 13 internal nodes; 1.2 s; peak memory 521 MiB.
2026-10-06T13:56:30Z INFO [3423/3688] 706ce21a-4360-4a2c-886f-695665b095d6: 60 internal nodes; 2.9 s; peak memory 521 MiB.
2026-10-06T13:56:32Z INFO [3424/3688] 706de2c6-dda7-4d58-b3d4-a3a2359ebacb: 39 internal nodes; 2.3 s; peak memory 521 MiB.
2026-10-06T13:56:33Z INFO [3425/3688] 70703423-3429-4f33-851e-339e96a7167b: 27 internal nodes; 1.4 s; peak memory 521 MiB.
2026-10-06T13:56:39Z INFO [3426/3688] 70706abd-9740-4ec1-88ac-192f8655e274: 68 internal nodes; 5.6 s; peak memory 521 MiB.
2026-10-06T13:56:40Z INFO [3427/3688] 70710396-4c1d-477b-866f-69d47b0e1b2a: 17 internal nodes; 1.1 s; peak memory 521 MiB.
2026-10-06T13:56:42Z INFO [3428/3688] 707242d8-a367-4300-ae72-cc2c82f25edc: 42 internal nodes; 2.1 s; peak memory 521 MiB.
2026-10-06T13:56:44Z INFO [3429/3688] 7072e3bf-891d-4fd9-aa8f-19129ea6faec: 65 internal nodes; 1.9 s; peak memory 521 MiB.
2026-10-06T13:56:45Z INFO [3430/3688] 707354fd-11b1-4212-b704-c5c07755314d: 17 internal nodes; 1.2 s; peak memory 521 MiB.
2026-10-06T13:56:47Z INFO [3431/3688] 70736440-ab13-4135-9d67-8e67166dad96: 27 internal nodes; 1.5 s; peak memory 521 MiB.
2026-10-06T13:56:48Z INFO [3432/3688] 7073d242-3866-4ac7-9049-5f51867ac057: 54 internal nodes; 1.6 s; peak memory 521 MiB.
2026-10-06T13:56:49Z INFO [3433/3688] 7073db48-1589-4d94-98f4-e546a7502053: 31 internal nodes; 1.1 s; peak memory 521 MiB.
2026-10-06T13:56:52Z INFO [3434/3688] 7075152a-3920-41d3-8e3a-7a2bb4656c05: 72 internal nodes; 2.6 s; peak memory 521 MiB.
2026-10-06T13:57:04Z INFO [3435/3688] 707538e7-8673-416b-905f-0ef2c6ff9467: 343 internal nodes; 12.3 s; peak memory 521 MiB.
2026-10-06T13:57:06Z INFO [3436/3688] 70753ef3-12d4-47b2-ac92-3aae313b4efa: 31 internal nodes; 1.6 s; peak memory 521 MiB.
2026-10-06T13:57:13Z INFO [3437/3688] 70759420-dc26-4758-a0c2-4ca64c133fe8: 21 internal nodes; 7.2 s; peak memory 521 MiB.
2026-10-06T13:57:15Z INFO [3438/3688] 7075c06e-507f-4b8e-b260-1fb4c2bb4744: 27 internal nodes; 1.4 s; peak memory 521 MiB.
2026-10-06T13:57:16Z INFO [3439/3688] 7075d32a-3469-497b-bc1c-967d741a524d: 17 internal nodes; 1.2 s; peak memory 521 MiB.
2026-10-06T13:57:18Z INFO [3440/3688] 7075ffbf-be35-4eaf-9b63-15d8c3644137: 31 internal nodes; 1.8 s; peak memory 521 MiB.
2026-10-06T13:57:19Z INFO [3441/3688] 70773226-e666-42f4-9d82-2a04731e9ea7: 31 internal nodes; 1.7 s; peak memory 521 MiB.
2026-10-06T13:57:21Z INFO [3442/3688] 7078ad3e-e83f-4d61-8acb-43ffd98dce5c: 21 internal nodes; 1.4 s; peak memory 521 MiB.
2026-10-06T13:57:22Z INFO [3443/3688] 70791532-915a-4034-b2a2-6c07471de661: 27 internal nodes; 1.5 s; peak memory 521 MiB.
2026-10-06T13:57:25Z INFO [3444/3688] 707a36cd-c33e-4cef-9e0b-3e8b3d7929d3: 49 internal nodes; 2.5 s; peak memory 521 MiB.
2026-10-06T13:57:26Z INFO [3445/3688] 707bafe3-be21-4332-a397-1d97ab438735: 17 internal nodes; 1.0 s; peak memory 521 MiB.
2026-10-06T13:57:27Z INFO [3446/3688] 707bf51e-630b-4e82-9dba-7c619de1c393: 22 internal nodes; 1.4 s; peak memory 521 MiB.
2026-10-06T13:57:46Z INFO [3447/3688] 707c0720-5a16-4e15-a417-d8d5ce621e69: 2909 internal nodes; 18.9 s; peak memory 521 MiB.
2026-10-06T13:57:47Z INFO [3448/3688] 707c0a97-1e8e-4fcb-b249-5a9cf43c4ddf: 31 internal nodes; 1.5 s; peak memory 521 MiB.
2026-10-06T13:58:01Z INFO [3449/3688] 707cd3d0-f48e-4fab-9688-6ae5ba294171: 83 internal nodes; 13.8 s; peak memory 521 MiB.
2026-10-06T13:58:09Z INFO [3450/3688] 707cf6c3-db01-470e-8c8a-5a21deb2ad99: 61 internal nodes; 7.4 s; peak memory 521 MiB.
2026-10-06T13:58:09Z INFO [3450/3688] 707cf6c3-db01-470e-8c8a-5a21deb2ad99: checkpointed 100893 records.
2026-10-06T13:58:10Z INFO [3451/3688] 707d4a1d-42d5-4358-b123-101febff3560: 17 internal nodes; 1.3 s; peak memory 521 MiB.
2026-10-06T13:58:13Z INFO [3452/3688] 707e3e84-4f5f-4cac-9b3b-a2b607d29c05: 18 internal nodes; 2.9 s; peak memory 521 MiB.
2026-10-06T13:58:25Z INFO [3453/3688] 707ff494-8b9d-411c-b45a-62a6f08a2f6d: 221 internal nodes; 11.5 s; peak memory 521 MiB.
2026-10-06T13:58:26Z INFO [3454/3688] 708079a2-439a-4424-bcb1-574cc4c90efa: 31 internal nodes; 1.7 s; peak memory 521 MiB.
2026-10-06T13:58:27Z INFO [3455/3688] 70807abb-64bb-4ff8-9343-4f33e9f52739: 11 internal nodes; 0.8 s; peak memory 521 MiB.
2026-10-06T13:58:28Z INFO [3456/3688] 708186a3-5f12-4ffc-ae1e-6f61b30fdc1e: 17 internal nodes; 1.1 s; peak memory 521 MiB.
2026-10-06T13:58:30Z INFO [3457/3688] 7081de4f-90ce-4848-b618-dc47e8a5a5dd: 19 internal nodes; 1.3 s; peak memory 521 MiB.
2026-10-06T13:58:31Z INFO [3458/3688] 70823518-350f-4929-840c-ba2122bcbcce: 69 internal nodes; 1.8 s; peak memory 521 MiB.
2026-10-06T13:58:43Z INFO [3459/3688] 7082546f-3aa4-4c90-8f71-15d8b79a955b: 301 internal nodes; 11.6 s; peak memory 521 MiB.
2026-10-06T13:58:44Z INFO [3460/3688] 70831a2f-be94-4aed-837b-970b444f6e88: 17 internal nodes; 1.3 s; peak memory 521 MiB.
2026-10-06T13:58:52Z INFO [3461/3688] 70846e1e-abc0-4ad8-9d7a-959cafef526f: 177 internal nodes; 7.6 s; peak memory 521 MiB.
2026-10-06T13:58:53Z INFO [3462/3688] 70847f6d-1be5-4fc3-8f68-088a0c64e0ba: 31 internal nodes; 1.6 s; peak memory 521 MiB.
2026-10-06T13:58:55Z INFO [3463/3688] 7084e793-26ad-4147-9701-62717df4e1cb: 31 internal nodes; 1.6 s; peak memory 521 MiB.
2026-10-06T13:59:00Z INFO [3464/3688] 70856cbf-5d08-413a-b4b8-92e04d0f4834: 97 internal nodes; 4.5 s; peak memory 521 MiB.
2026-10-06T13:59:05Z INFO [3465/3688] 7085d3f4-f4b5-4524-aae6-6110d6843a88: 73 internal nodes; 5.6 s; peak memory 521 MiB.
2026-10-06T13:59:06Z INFO [3466/3688] 7086a4f7-00fd-4112-afa7-fe5b55a8b175: 17 internal nodes; 1.2 s; peak memory 521 MiB.
2026-10-06T13:59:16Z INFO [3467/3688] 708719ec-47fd-4d10-878e-5d1df2d96434: 226 internal nodes; 9.3 s; peak memory 521 MiB.
2026-10-06T13:59:17Z INFO [3468/3688] 708785b5-2a73-4a6e-a117-9b3e619cd1db: 27 internal nodes; 1.3 s; peak memory 521 MiB.
2026-10-06T13:59:18Z INFO [3469/3688] 7087fcde-bbfe-4348-8858-3d3dbef8503b: 17 internal nodes; 1.4 s; peak memory 521 MiB.
2026-10-06T13:59:20Z INFO [3470/3688] 70882b80-11f6-4f04-821b-e3fbf166f60d: 17 internal nodes; 1.2 s; peak memory 521 MiB.
2026-10-06T13:59:23Z INFO [3471/3688] 708839fa-18aa-4ced-ae9c-eba6bdb0d7fe: 53 internal nodes; 3.0 s; peak memory 521 MiB.
2026-10-06T13:59:24Z INFO [3472/3688] 70889cf1-381c-409a-b980-4cb683195899: 31 internal nodes; 1.7 s; peak memory 521 MiB.
2026-10-06T13:59:26Z INFO [3473/3688] 7088e582-3e1d-419a-9817-dc2e2f8e6bb5: 30 internal nodes; 1.6 s; peak memory 521 MiB.
2026-10-06T13:59:27Z INFO [3474/3688] 708a0d91-b330-4db0-9b4a-febdf034e610: 19 internal nodes; 1.2 s; peak memory 521 MiB.
2026-10-06T13:59:28Z INFO [3475/3688] 708a5d65-b8e3-4847-8881-47edb4d605f0: 17 internal nodes; 1.1 s; peak memory 521 MiB.
2026-10-06T13:59:41Z INFO [3476/3688] 708a74d2-7e42-427d-b17c-04be0bdf2efc: 167 internal nodes; 12.5 s; peak memory 521 MiB.
2026-10-06T13:59:42Z INFO [3477/3688] 708af02a-a021-4278-a0f0-fd1b3d3be615: 13 internal nodes; 1.2 s; peak memory 521 MiB.
2026-10-06T13:59:43Z INFO [3478/3688] 708b8828-92ff-4970-ae3f-9c5c48fce0d2: 27 internal nodes; 1.3 s; peak memory 521 MiB.
2026-10-06T13:59:45Z INFO [3479/3688] 708cd296-6ff2-46e1-ba6d-3ad5c3cea0d4: 27 internal nodes; 1.3 s; peak memory 521 MiB.
2026-10-06T13:59:46Z INFO [3480/3688] 708cddf5-de83-4739-a479-5968fd01cb5e: 27 internal nodes; 1.3 s; peak memory 521 MiB.
2026-10-06T13:59:49Z INFO [3481/3688] 708d05d7-7ec2-4b26-a9e4-e7402b22657a: 27 internal nodes; 2.6 s; peak memory 521 MiB.
2026-10-06T13:59:50Z INFO [3482/3688] 708d719c-5264-44e5-96f4-34e3f4925af0: 27 internal nodes; 1.2 s; peak memory 521 MiB.
2026-10-06T13:59:51Z INFO [3483/3688] 708e644c-3ad4-4020-aeb5-7d21a046d54f: 17 internal nodes; 1.2 s; peak memory 521 MiB.
2026-10-06T13:59:52Z INFO [3484/3688] 70902ee5-cafa-4250-aad4-163482bfc3b6: 17 internal nodes; 1.0 s; peak memory 521 MiB.
2026-10-06T13:59:54Z INFO [3485/3688] 7090b075-4741-4b90-a43a-d05bc4c1f360: 55 internal nodes; 1.7 s; peak memory 521 MiB.
2026-10-06T13:59:55Z INFO [3486/3688] 70912252-fe73-44f1-9046-a03d90c9892a: 31 internal nodes; 1.7 s; peak memory 521 MiB.
2026-10-06T13:59:58Z INFO [3487/3688] 70916613-405c-4f26-8728-a5b1a30ea039: 55 internal nodes; 3.1 s; peak memory 521 MiB.
2026-10-06T14:00:00Z INFO [3488/3688] 7091bbe9-8716-4324-8e64-442056c9d5fb: 31 internal nodes; 1.8 s; peak memory 521 MiB.
2026-10-06T14:00:02Z INFO [3489/3688] 7091d934-24f4-4509-a409-cc50af224fcd: 27 internal nodes; 1.5 s; peak memory 521 MiB.
2026-10-06T14:00:03Z INFO [3490/3688] 7091dba7-e788-4c50-b03b-6a148b7bc8ff: 19 internal nodes; 1.2 s; peak memory 521 MiB.
2026-10-06T14:00:04Z INFO [3491/3688] 709215a2-294f-4a7b-a95f-e43522a411f9: 27 internal nodes; 1.3 s; peak memory 521 MiB.
2026-10-06T14:00:06Z INFO [3492/3688] 709338a4-a7a0-4c04-b17f-9d874b10f488: 36 internal nodes; 2.3 s; peak memory 521 MiB.
2026-10-06T14:00:08Z INFO [3493/3688] 7093b928-c2fb-4cd3-be83-850ddc9a8955: 41 internal nodes; 1.6 s; peak memory 521 MiB.
2026-10-06T14:00:09Z INFO [3494/3688] 7094d6ed-7adb-4b75-bfc2-7e1a4404c222: 17 internal nodes; 1.3 s; peak memory 521 MiB.
2026-10-06T14:00:11Z INFO [3495/3688] 70953697-4106-4d28-91f2-035a87bb78dc: 27 internal nodes; 1.4 s; peak memory 521 MiB.
2026-10-06T14:00:13Z INFO [3496/3688] 7095cfbc-fc37-4dda-8ff5-828b2c407973: 95 internal nodes; 2.3 s; peak memory 521 MiB.
2026-10-06T14:00:14Z INFO [3497/3688] 70967274-8e54-419f-a743-3fa0a5968c2f: 17 internal nodes; 1.3 s; peak memory 521 MiB.
2026-10-06T14:00:16Z INFO [3498/3688] 7096ae63-e71a-4f25-a681-756e495e268c: 27 internal nodes; 1.3 s; peak memory 521 MiB.
2026-10-06T14:00:17Z INFO [3499/3688] 7096b42b-dada-400d-a9c8-2749d23dc70f: 31 internal nodes; 1.5 s; peak memory 521 MiB.
2026-10-06T14:00:18Z INFO [3500/3688] 70972f2c-c658-42cd-9235-2c78548a67f8: 13 internal nodes; 1.0 s; peak memory 521 MiB.
2026-10-06T14:00:19Z INFO [3500/3688] 70972f2c-c658-42cd-9235-2c78548a67f8: checkpointed 100943 records.
2026-10-06T14:00:28Z INFO [3501/3688] 7097cd41-c237-4d99-9e94-6e67c0c0154f: 208 internal nodes; 9.2 s; peak memory 521 MiB.
2026-10-06T14:00:30Z INFO [3502/3688] 7098b019-e2ee-4b5c-a515-90bf7a1484f1: 26 internal nodes; 2.3 s; peak memory 521 MiB.
2026-10-06T14:00:33Z INFO [3503/3688] 7099854a-8840-4c3a-bed4-82931e63c854: 72 internal nodes; 2.6 s; peak memory 521 MiB.
2026-10-06T14:00:35Z INFO [3504/3688] 7099a40e-4f82-4c11-90c9-5eb64a6bc82b: 45 internal nodes; 2.7 s; peak memory 521 MiB.
2026-10-06T14:00:36Z INFO [3505/3688] 7099edce-5ec3-4bdc-a1fc-16493bb33789: 11 internal nodes; 0.8 s; peak memory 521 MiB.
2026-10-06T14:00:38Z INFO [3506/3688] 709af380-833c-460b-9d68-1f46be5e39e1: 53 internal nodes; 1.7 s; peak memory 521 MiB.
2026-10-06T14:00:52Z INFO [3507/3688] 709baad9-f46e-4135-ad81-9017c0d047e5: 322 internal nodes; 13.9 s; peak memory 521 MiB.
2026-10-06T14:00:59Z INFO [3508/3688] 709c1caa-b753-482b-9654-f0d765a261c9: 73 internal nodes; 6.8 s; peak memory 521 MiB.
2026-10-06T14:01:03Z INFO [3509/3688] 709ca0d9-d988-4349-8c84-9cdd2ed7f493: 39 internal nodes; 4.0 s; peak memory 521 MiB.
2026-10-06T14:01:04Z INFO [3510/3688] 709db00d-f120-4242-bad6-1a5c1e716653: 27 internal nodes; 1.3 s; peak memory 521 MiB.
2026-10-06T14:01:05Z INFO [3511/3688] 709dc419-be32-4fae-90eb-97c953a53e9d: 17 internal nodes; 1.2 s; peak memory 521 MiB.
2026-10-06T14:01:13Z INFO [3512/3688] 709e3da8-eeb1-40b4-ab66-6acf92a7c3bd: 66 internal nodes; 8.3 s; peak memory 521 MiB.
2026-10-06T14:01:15Z INFO [3513/3688] 709f3e0b-e9a6-46d6-a045-d6896a3dc280: 90 internal nodes; 1.2 s; peak memory 521 MiB.
2026-10-06T14:01:15Z INFO [3514/3688] 70a02f41-ada0-440a-b215-f05e6ffbf8e9: 13 internal nodes; 0.8 s; peak memory 521 MiB.
2026-10-06T14:01:26Z INFO [3515/3688] 70a078d2-ea3f-4ba7-8a9c-9a6a5005fe78: 229 internal nodes; 11.2 s; peak memory 521 MiB.
2026-10-06T14:01:28Z INFO [3516/3688] 70a15c04-fe6e-4400-855a-690f1f625b45: 17 internal nodes; 1.2 s; peak memory 521 MiB.
2026-10-06T14:01:35Z INFO [3517/3688] 70a2616a-e01f-4ef9-bc6c-83af7b9ffe65: 159 internal nodes; 7.6 s; peak memory 521 MiB.
2026-10-06T14:01:53Z INFO [3518/3688] 70a2ae24-b1d6-425c-bc52-88845ada4b33: 570 internal nodes; 17.8 s; peak memory 521 MiB.
2026-10-06T14:01:56Z INFO [3519/3688] 70a36f13-b7c1-4888-804f-06ad097f0d6b: 44 internal nodes; 3.1 s; peak memory 521 MiB.
2026-10-06T14:01:57Z INFO [3520/3688] 70a39927-1090-4bd9-bfad-6dea37da28e7: 15 internal nodes; 1.1 s; peak memory 521 MiB.
2026-10-06T14:02:10Z INFO [3521/3688] 70a43d92-8111-4bb8-bc60-e777700f7c52: 311 internal nodes; 13.0 s; peak memory 521 MiB.
2026-10-06T14:02:12Z INFO [3522/3688] 70a6e6c0-24bd-44c5-bde0-c6f1dc57235a: 29 internal nodes; 1.6 s; peak memory 521 MiB.
2026-10-06T14:02:13Z INFO [3523/3688] 70a73a41-08da-494a-9556-c284a43fd62d: 27 internal nodes; 1.4 s; peak memory 521 MiB.
2026-10-06T14:02:14Z INFO [3524/3688] 70a74cd1-5d70-41ca-8a7b-64368a4478e8: 21 internal nodes; 1.2 s; peak memory 521 MiB.
2026-10-06T14:02:16Z INFO [3525/3688] 70a8687b-bcb4-495c-8cac-b9b3753e44ba: 60 internal nodes; 1.8 s; peak memory 521 MiB.
2026-10-06T14:02:17Z INFO [3526/3688] 70a9eb1e-fe09-4047-8125-647f782bd9e7: 11 internal nodes; 0.7 s; peak memory 521 MiB.
2026-10-06T14:02:25Z INFO [3527/3688] 70aa05a8-e69c-4793-98f2-7c25b8274d3e: 63 internal nodes; 8.4 s; peak memory 521 MiB.
2026-10-06T14:02:27Z INFO [3528/3688] 70aa46b0-62e1-4d93-aae2-7e4ef6172962: 27 internal nodes; 1.4 s; peak memory 521 MiB.
2026-10-06T14:02:39Z INFO [3529/3688] 70aa8234-0cd7-4f27-a791-f49fbce3322f: 57 internal nodes; 11.8 s; peak memory 521 MiB.
2026-10-06T14:02:40Z INFO [3530/3688] 70aaa60f-4a4e-4109-a48d-4872b8bfd782: 27 internal nodes; 1.4 s; peak memory 521 MiB.
2026-10-06T14:02:41Z INFO [3531/3688] 70aabeea-3372-4b0c-8f84-700d070ad005: 17 internal nodes; 1.3 s; peak memory 521 MiB.
2026-10-06T14:02:43Z INFO [3532/3688] 70aae0fa-162f-441e-8fb4-b964d16ac42f: 90 internal nodes; 1.3 s; peak memory 521 MiB.
2026-10-06T14:02:44Z INFO [3533/3688] 70ab2bbd-6e46-4901-9525-4d703c8a6cf8: 17 internal nodes; 1.2 s; peak memory 521 MiB.
2026-10-06T14:02:45Z INFO [3534/3688] 70ac67c7-d0b8-4c4f-b5e4-6048f47e6e8f: 116 internal nodes; 1.3 s; peak memory 521 MiB.
2026-10-06T14:02:47Z INFO [3535/3688] 70ac8459-a5a0-4fdb-aee1-a814efd0db5c: 31 internal nodes; 1.6 s; peak memory 521 MiB.
2026-10-06T14:02:48Z INFO [3536/3688] 70accc4b-fcc6-4229-b80a-2fed5358019b: 24 internal nodes; 1.4 s; peak memory 521 MiB.
2026-10-06T14:02:51Z INFO [3537/3688] 70ad990d-cf5a-4e4c-8047-5e87bb0d9b19: 44 internal nodes; 2.4 s; peak memory 521 MiB.
2026-10-06T14:02:54Z INFO [3538/3688] 70adcf7f-b3f3-4e66-b9cb-efd79b253cdb: 46 internal nodes; 3.6 s; peak memory 521 MiB.
2026-10-06T14:02:56Z INFO [3539/3688] 70af15af-fee8-40a8-b8af-69719ad5f981: 27 internal nodes; 1.6 s; peak memory 521 MiB.
2026-10-06T14:02:57Z INFO [3540/3688] 70af4406-2dad-4b4d-8b03-03cc0a74f37a: 17 internal nodes; 1.2 s; peak memory 521 MiB.
2026-10-06T14:02:58Z INFO [3541/3688] 70afc695-8f15-4203-8964-6d8f1ee13de7: 31 internal nodes; 1.5 s; peak memory 521 MiB.
2026-10-06T14:03:00Z INFO [3542/3688] 70b11157-d4ef-46d6-b5cc-431630c2e491: 27 internal nodes; 1.4 s; peak memory 521 MiB.
2026-10-06T14:03:01Z INFO [3543/3688] 70b16fcb-bfa6-4ae0-8a4b-6a70a9c4c37d: 22 internal nodes; 1.7 s; peak memory 521 MiB.
2026-10-06T14:03:03Z INFO [3544/3688] 70b1e6e3-550e-4873-8146-b8c313ab3e28: 27 internal nodes; 1.3 s; peak memory 521 MiB.
2026-10-06T14:03:21Z INFO [3545/3688] 70b25e5d-39f6-4a86-ba99-05284159bbb0: 88 internal nodes; 18.6 s; peak memory 521 MiB.
2026-10-06T14:03:24Z INFO [3546/3688] 70b266dc-e984-4297-981a-80d85c929405: 51 internal nodes; 2.1 s; peak memory 521 MiB.
2026-10-06T14:03:25Z INFO [3547/3688] 70b2ec93-7776-420f-b5ce-66789fd3eb88: 31 internal nodes; 1.7 s; peak memory 521 MiB.
2026-10-06T14:03:26Z INFO [3548/3688] 70b2fb58-e69c-42b6-9d3d-7509df527ab2: 22 internal nodes; 0.9 s; peak memory 521 MiB.
2026-10-06T14:03:28Z INFO [3549/3688] 70b4cd26-4661-4a21-9f5b-4ff652a2abd7: 28 internal nodes; 2.1 s; peak memory 521 MiB.
2026-10-06T14:03:29Z INFO [3550/3688] 70b4eccf-9ceb-4de2-94d4-fb7004df1d7c: 17 internal nodes; 1.1 s; peak memory 521 MiB.
2026-10-06T14:03:30Z INFO [3550/3688] 70b4eccf-9ceb-4de2-94d4-fb7004df1d7c: checkpointed 100993 records.
2026-10-06T14:03:34Z INFO [3551/3688] 70b5ae12-104c-44b2-8dc9-ef7a31f20cd4: 46 internal nodes; 4.1 s; peak memory 521 MiB.
2026-10-06T14:03:35Z INFO [3552/3688] 70b5e747-123b-4da9-a9b9-5115d3b3f3f1: 11 internal nodes; 0.7 s; peak memory 521 MiB.
2026-10-06T14:03:36Z INFO [3553/3688] 70b65952-e6fc-4fcb-b046-f3596526b264: 61 internal nodes; 1.9 s; peak memory 521 MiB.
2026-10-06T14:03:38Z INFO [3554/3688] 70b68aca-a66b-45de-8ab4-052aa50ccd9c: 17 internal nodes; 1.1 s; peak memory 521 MiB.
2026-10-06T14:04:10Z INFO [3555/3688] 70b76087-9db2-47e0-aad3-0a3aa0f8886d: 3291 internal nodes; 32.1 s; peak memory 521 MiB.
2026-10-06T14:04:12Z INFO [3556/3688] 70b781fa-cf5e-4c00-8841-e2fe3abb0b08: 31 internal nodes; 2.0 s; peak memory 521 MiB.
2026-10-06T14:04:13Z INFO [3557/3688] 70b8b579-311d-48b6-8462-4a3598eb14a3: 22 internal nodes; 1.5 s; peak memory 521 MiB.
2026-10-06T14:04:15Z INFO [3558/3688] 70b8eeb2-bc4b-478f-86ad-c9a0345fb36f: 116 internal nodes; 1.4 s; peak memory 521 MiB.
2026-10-06T14:04:18Z INFO [3559/3688] 70b91668-7a86-41ed-af49-8b16273e9f22: 55 internal nodes; 3.1 s; peak memory 521 MiB.
2026-10-06T14:04:19Z INFO [3560/3688] 70b97d25-66ee-428b-a648-9ddbed02e03f: 62 internal nodes; 1.7 s; peak memory 521 MiB.
2026-10-06T14:04:21Z INFO [3561/3688] 70b9894c-0cb5-4534-9b2a-f9fd2d7d0143: 17 internal nodes; 1.2 s; peak memory 521 MiB.
2026-10-06T14:04:27Z INFO [3562/3688] 70b9ac7c-d5d7-49ba-be5d-2be0848a8c56: 68 internal nodes; 6.1 s; peak memory 521 MiB.
2026-10-06T14:04:51Z INFO [3563/3688] 70bab17b-60b8-4f9a-9d03-91e03762424c: 136 internal nodes; 24.7 s; peak memory 521 MiB.
2026-10-06T14:04:52Z INFO [3564/3688] 70bb3472-a33c-48c3-8910-c88fe734fa2e: 19 internal nodes; 1.1 s; peak memory 521 MiB.
2026-10-06T14:04:54Z INFO [3565/3688] 70bb3ba9-73d8-4241-91ef-e872d3a79103: 17 internal nodes; 1.3 s; peak memory 521 MiB.
2026-10-06T14:04:55Z INFO [3566/3688] 70bb4b6d-13b0-4f11-adbf-b1cdca590073: 17 internal nodes; 1.2 s; peak memory 521 MiB.
2026-10-06T14:05:08Z INFO [3567/3688] 70bbb19c-67c6-42bc-a1c8-a77d51d42b0d: 74 internal nodes; 12.5 s; peak memory 521 MiB.
2026-10-06T14:05:10Z INFO [3568/3688] 70bc8514-bd81-4fd9-ae99-b0ae72494f6c: 69 internal nodes; 2.4 s; peak memory 521 MiB.
2026-10-06T14:05:11Z INFO [3569/3688] 70bcbe8d-72e0-4f4e-b1cd-1c87ca46d79b: 17 internal nodes; 1.2 s; peak memory 521 MiB.
2026-10-06T14:05:13Z INFO [3570/3688] 70bd6e96-40b3-4bc5-8697-0d20ab37c87c: 24 internal nodes; 1.5 s; peak memory 521 MiB.
2026-10-06T14:05:14Z INFO [3571/3688] 70bd714f-759f-483e-89da-4d9e7cc11571: 23 internal nodes; 1.4 s; peak memory 521 MiB.
2026-10-06T14:05:17Z INFO [3572/3688] 70bd9686-2d31-46a1-8104-07fe10b15a7f: 47 internal nodes; 2.9 s; peak memory 521 MiB.
2026-10-06T14:05:28Z INFO [3573/3688] 70be16ad-9a8b-4665-85fd-202972de21cc: 282 internal nodes; 11.3 s; peak memory 521 MiB.
2026-10-06T14:05:30Z INFO [3574/3688] 70be19d0-d833-4e21-9bab-cce47c7a7693: 27 internal nodes; 1.5 s; peak memory 521 MiB.
2026-10-06T14:05:32Z INFO [3575/3688] 70bfc3e7-2dc2-45e3-b441-ab20df7041e0: 67 internal nodes; 2.1 s; peak memory 521 MiB.
2026-10-06T14:05:33Z INFO [3576/3688] 70c07197-1afc-4328-b866-58efd7c94342: 17 internal nodes; 1.2 s; peak memory 521 MiB.
2026-10-06T14:05:35Z INFO [3577/3688] 70c103e6-b718-4c8e-a47d-2be5a0db1065: 119 internal nodes; 1.5 s; peak memory 521 MiB.
2026-10-06T14:05:36Z INFO [3578/3688] 70c16046-2f7b-4e44-917c-b04a62044b84: 26 internal nodes; 0.9 s; peak memory 521 MiB.
2026-10-06T14:05:37Z INFO [3579/3688] 70c1987c-b848-4536-9553-4e975700ac7e: 31 internal nodes; 2.0 s; peak memory 521 MiB.
2026-10-06T14:05:39Z INFO [3580/3688] 70c26bd6-74d2-487e-898f-9949ea638072: 17 internal nodes; 1.1 s; peak memory 521 MiB.
2026-10-06T14:05:57Z INFO [3581/3688] 70c2852b-2dc0-4fc8-99b2-c452847942ea: 430 internal nodes; 18.5 s; peak memory 521 MiB.
2026-10-06T14:05:58Z INFO [3582/3688] 70c2a56f-dfbe-42f6-8158-c37eaf281668: 23 internal nodes; 1.3 s; peak memory 521 MiB.
2026-10-06T14:06:00Z INFO [3583/3688] 70c30b38-6ad9-40a3-b7e3-114618af5af1: 27 internal nodes; 1.4 s; peak memory 521 MiB.
2026-10-06T14:06:01Z INFO [3584/3688] 70c3301d-ea4a-4be1-b163-bdbbceac61fb: 29 internal nodes; 1.2 s; peak memory 521 MiB.
2026-10-06T14:06:02Z INFO [3585/3688] 70c37191-4c7c-4e2a-86d0-fd9713cce604: 31 internal nodes; 1.4 s; peak memory 521 MiB.
2026-10-06T14:06:04Z INFO [3586/3688] 70c3811a-12b3-43d9-bef1-3964a1884a64: 31 internal nodes; 1.4 s; peak memory 521 MiB.
2026-10-06T14:06:13Z INFO [3587/3688] 70c3c774-627f-4b8a-9df0-72edd1564cd7: 163 internal nodes; 8.7 s; peak memory 521 MiB.
2026-10-06T14:06:14Z INFO [3588/3688] 70c3cda1-d9c8-48ab-9062-81f11c8a43f5: 27 internal nodes; 1.4 s; peak memory 521 MiB.
2026-10-06T14:06:16Z INFO [3589/3688] 70c3e62a-c95d-4fc1-a8eb-f5170aa8b4bf: 61 internal nodes; 1.9 s; peak memory 521 MiB.
2026-10-06T14:06:17Z INFO [3590/3688] 70c4977c-bc32-4010-a6ef-d8870c3a4cf2: 13 internal nodes; 1.1 s; peak memory 521 MiB.
2026-10-06T14:06:19Z INFO [3591/3688] 70c5a66d-5ec6-4b46-a2db-44148da29a55: 24 internal nodes; 1.7 s; peak memory 521 MiB.
2026-10-06T14:06:20Z INFO [3592/3688] 70c6430c-5bf3-4faf-adeb-d992b977ab75: 31 internal nodes; 1.7 s; peak memory 521 MiB.
2026-10-06T14:06:21Z INFO [3593/3688] 70c71252-4dc4-4f1f-8dc0-09e50df05004: 11 internal nodes; 0.8 s; peak memory 521 MiB.
2026-10-06T14:06:24Z INFO [3594/3688] 70c7f552-5df8-4c34-8027-90eb63de4fd6: 44 internal nodes; 2.9 s; peak memory 521 MiB.
2026-10-06T14:06:26Z INFO [3595/3688] 70c842dd-5ea9-448e-a6c7-532a7bdab4a6: 27 internal nodes; 1.5 s; peak memory 521 MiB.
2026-10-06T14:06:27Z INFO [3596/3688] 70c8e73a-805d-412d-8564-99052233b4a6: 13 internal nodes; 1.9 s; peak memory 521 MiB.
2026-10-06T14:06:29Z INFO [3597/3688] 70c9822f-3900-425f-b757-1ab22670dc0b: 17 internal nodes; 1.3 s; peak memory 521 MiB.
2026-10-06T14:06:30Z INFO [3598/3688] 70cac9c5-c46d-45e0-9c8c-4454e24c7d7d: 115 internal nodes; 1.3 s; peak memory 521 MiB.
2026-10-06T14:06:54Z INFO [3599/3688] 70cacce2-6d77-4340-864a-93cd8c1f2d0c: 137 internal nodes; 24.3 s; peak memory 521 MiB.
2026-10-06T14:06:56Z INFO [3600/3688] 70cad502-a73a-4636-976c-2a6b31979d49: 27 internal nodes; 1.4 s; peak memory 521 MiB.
2026-10-06T14:06:56Z INFO [3600/3688] 70cad502-a73a-4636-976c-2a6b31979d49: checkpointed 101043 records.
2026-10-06T14:06:57Z INFO [3601/3688] 70cb63b3-7a20-4765-bdb6-54ccabd9f3b4: 13 internal nodes; 1.4 s; peak memory 521 MiB.
2026-10-06T14:06:58Z INFO [3602/3688] 70cbe5ff-75f0-49ea-b568-1957b7b9ed1c: 11 internal nodes; 0.8 s; peak memory 521 MiB.
2026-10-06T14:07:02Z INFO [3603/3688] 70cbf240-0976-4a9a-8d56-c5a4ab6f6de7: 46 internal nodes; 3.6 s; peak memory 521 MiB.
2026-10-06T14:07:03Z INFO [3604/3688] 70cbff64-c3e4-4235-ad8c-506a6c9c28ce: 17 internal nodes; 1.2 s; peak memory 521 MiB.
2026-10-06T14:07:05Z INFO [3605/3688] 70cc51d9-ff5f-4120-8b7f-6220e9e6aa21: 35 internal nodes; 1.7 s; peak memory 521 MiB.
2026-10-06T14:07:06Z INFO [3606/3688] 70cd87bc-8e61-4ef7-bf0a-0260212be8fa: 21 internal nodes; 1.2 s; peak memory 521 MiB.
2026-10-06T14:07:07Z INFO [3607/3688] 70cd9305-cbf3-4b47-afab-60efda538773: 17 internal nodes; 1.3 s; peak memory 521 MiB.
2026-10-06T14:07:08Z INFO [3608/3688] 70ce2181-52c2-4eec-a912-cfc638be9c41: 17 internal nodes; 1.0 s; peak memory 521 MiB.
2026-10-06T14:07:11Z INFO [3609/3688] 70cec5dd-abdc-49d9-9ca7-33a7baf78359: 42 internal nodes; 2.7 s; peak memory 521 MiB.
2026-10-06T14:07:12Z INFO [3610/3688] 70cf2225-3ade-4fa4-a4f1-110d8cda1a8f: 11 internal nodes; 0.8 s; peak memory 521 MiB.
2026-10-06T14:07:13Z INFO [3611/3688] 70cfad6a-8a95-48ea-b221-0157d843353d: 26 internal nodes; 1.1 s; peak memory 521 MiB.
2026-10-06T14:07:14Z INFO [3612/3688] 70cfb348-b7d9-4912-b75c-36e93516a58f: 11 internal nodes; 0.7 s; peak memory 521 MiB.
2026-10-06T14:07:15Z INFO [3613/3688] 70d365ad-1172-4a76-8e99-d510e97b8728: 90 internal nodes; 1.5 s; peak memory 521 MiB.
2026-10-06T14:07:16Z INFO [3614/3688] 70d3696b-2310-4caf-9d38-ed2205ecb303: 31 internal nodes; 1.2 s; peak memory 521 MiB.
2026-10-06T14:07:17Z INFO [3615/3688] 70d3b0cb-041d-4d3f-ba6e-752aecb51124: 26 internal nodes; 0.9 s; peak memory 521 MiB.
2026-10-06T14:07:18Z INFO [3616/3688] 70d41309-aa1d-47b7-8911-88f14a1c40fa: 17 internal nodes; 1.2 s; peak memory 521 MiB.
2026-10-06T14:07:20Z INFO [3617/3688] 70d4728a-d912-420a-b64e-c168a9a9c9c7: 60 internal nodes; 1.8 s; peak memory 521 MiB.
2026-10-06T14:07:29Z INFO [3618/3688] 70d53442-7aa0-4f27-9415-8a8ce1306e80: 63 internal nodes; 9.4 s; peak memory 521 MiB.
2026-10-06T14:07:31Z INFO [3619/3688] 70d57289-ba9b-41cd-91af-8a8ac0d4a208: 27 internal nodes; 1.4 s; peak memory 521 MiB.
2026-10-06T14:07:33Z INFO [3620/3688] 70d60a9f-201e-4523-92f3-de4ace4f27e2: 61 internal nodes; 1.7 s; peak memory 521 MiB.
2026-10-06T14:07:39Z INFO [3621/3688] 70d6c5c2-6721-4fec-a221-713fa2f63de2: 118 internal nodes; 6.3 s; peak memory 521 MiB.
2026-10-06T14:07:42Z INFO [3622/3688] 70d6cb8a-c0dc-4fb2-ac66-27c7f5545cb0: 37 internal nodes; 2.7 s; peak memory 521 MiB.
2026-10-06T14:07:44Z INFO [3623/3688] 70d76709-79df-41ea-8927-03bd841b1568: 22 internal nodes; 2.0 s; peak memory 521 MiB.
2026-10-06T14:07:45Z INFO [3624/3688] 70d7a92d-cc3d-490b-847c-2145321ad54f: 38 internal nodes; 1.7 s; peak memory 521 MiB.
2026-10-06T14:07:47Z INFO [3625/3688] 70d7ad07-ff1d-4cb1-ba20-6b460ff136f0: 27 internal nodes; 1.4 s; peak memory 521 MiB.
2026-10-06T14:07:53Z INFO [3626/3688] 70d7b642-dff5-4253-bc59-42c716c2e0b5: 68 internal nodes; 6.5 s; peak memory 521 MiB.
2026-10-06T14:07:56Z INFO [3627/3688] 70d7e50a-6258-4a2a-8c56-dcda5dbb539c: 44 internal nodes; 2.8 s; peak memory 521 MiB.
2026-10-06T14:07:57Z INFO [3628/3688] 70d82773-5777-47cd-bc67-835cf6080e3d: 19 internal nodes; 1.0 s; peak memory 521 MiB.
2026-10-06T14:07:58Z INFO [3629/3688] 70d8ca51-874f-4012-81d7-09d02edfac9f: 116 internal nodes; 1.2 s; peak memory 521 MiB.
2026-10-06T14:08:00Z INFO [3630/3688] 70d90233-5cb8-4e7f-89f5-3419cade170d: 27 internal nodes; 1.4 s; peak memory 521 MiB.
2026-10-06T14:08:05Z INFO [3631/3688] 70d94d63-bd75-4bb6-af19-4cd4f541d7e8: 67 internal nodes; 5.5 s; peak memory 521 MiB.
2026-10-06T14:08:06Z INFO [3632/3688] 70d9cdb6-e62d-4380-a592-f0487a6c3cb4: 27 internal nodes; 1.4 s; peak memory 521 MiB.
2026-10-06T14:08:10Z INFO [3633/3688] 70dabb9d-18b7-4006-b956-0020abc8b12c: 45 internal nodes; 3.7 s; peak memory 521 MiB.
2026-10-06T14:08:13Z INFO [3634/3688] 70db7390-21d4-47eb-b8c0-1f2bd8165c8d: 30 internal nodes; 2.3 s; peak memory 521 MiB.
2026-10-06T14:08:14Z INFO [3635/3688] 70dc4e9a-dcc8-4642-a2fd-08716d062bde: 27 internal nodes; 1.4 s; peak memory 521 MiB.
2026-10-06T14:08:15Z INFO [3636/3688] 70dce266-f5a0-4dde-96a0-85c655a6d4d7: 11 internal nodes; 1.0 s; peak memory 521 MiB.
2026-10-06T14:08:23Z INFO [3637/3688] 70dd0a5b-87b9-4698-8fce-9983ffc7f45e: 177 internal nodes; 7.7 s; peak memory 521 MiB.
2026-10-06T14:08:24Z INFO [3638/3688] 70dde784-b52d-4a87-bace-accff0e52712: 27 internal nodes; 1.6 s; peak memory 521 MiB.
2026-10-06T14:08:26Z INFO [3639/3688] 70ded1a7-dd83-4b76-b977-53c272dd474c: 29 internal nodes; 1.9 s; peak memory 521 MiB.
2026-10-06T14:08:31Z INFO [3640/3688] 70dfaecc-4ca9-44cc-89cb-b0709f8e6726: 73 internal nodes; 5.3 s; peak memory 521 MiB.
2026-10-06T14:08:33Z INFO [3641/3688] 70dfd581-373c-47f2-9475-48ba91ae778b: 31 internal nodes; 1.7 s; peak memory 521 MiB.
2026-10-06T14:08:34Z INFO [3642/3688] 70e0b234-b1b7-4309-82ad-8ba795fa51b3: 14 internal nodes; 1.1 s; peak memory 521 MiB.
2026-10-06T14:08:41Z INFO [3643/3688] 70e1e3c4-606c-47be-856a-2fc6e88eeea7: 177 internal nodes; 6.8 s; peak memory 521 MiB.
2026-10-06T14:08:42Z INFO [3644/3688] 70e1e759-d711-4a75-96ed-c7449244ad26: 23 internal nodes; 1.3 s; peak memory 521 MiB.
2026-10-06T14:08:43Z INFO [3645/3688] 70e1f819-2c67-4603-a3e8-bfc19506c94c: 17 internal nodes; 1.2 s; peak memory 521 MiB.
2026-10-06T14:08:44Z INFO [3646/3688] 70e1fc9c-0f2d-4d56-ba0c-79a11beab707: 15 internal nodes; 1.1 s; peak memory 521 MiB.
2026-10-06T14:08:46Z INFO [3647/3688] 70e20744-65f5-456c-ad99-c6e2cd0e3d4d: 18 internal nodes; 1.2 s; peak memory 521 MiB.
2026-10-06T14:08:47Z INFO [3648/3688] 70e24aa9-a918-4467-a41b-08b1f363329a: 17 internal nodes; 1.2 s; peak memory 521 MiB.
2026-10-06T14:08:49Z INFO [3649/3688] 70e46d56-1563-4f14-aa05-5741014f8886: 31 internal nodes; 2.1 s; peak memory 521 MiB.
2026-10-06T14:08:51Z INFO [3650/3688] 70e4757b-e7cb-48db-8677-a12cb8ffc607: 72 internal nodes; 2.3 s; peak memory 521 MiB.
2026-10-06T14:08:52Z INFO [3650/3688] 70e4757b-e7cb-48db-8677-a12cb8ffc607: checkpointed 101093 records.
2026-10-06T14:08:54Z INFO [3651/3688] 70e530e7-d508-49f3-b45a-aa9f92ef3755: 31 internal nodes; 1.9 s; peak memory 521 MiB.
2026-10-06T14:08:55Z INFO [3652/3688] 70e5ed97-aeb5-49c3-a8c1-833b65c7d861: 17 internal nodes; 1.3 s; peak memory 521 MiB.
2026-10-06T14:08:56Z INFO [3653/3688] 70e5fc92-f7c9-4daa-9d40-dd74efe1ff42: 17 internal nodes; 1.3 s; peak memory 521 MiB.
2026-10-06T14:09:00Z INFO [3654/3688] 70e61f3a-3213-47ba-82c4-9c3f1e153b1d: 46 internal nodes; 3.6 s; peak memory 521 MiB.
2026-10-06T14:09:01Z INFO [3655/3688] 70e65efc-5493-4f47-85a4-2c30b330f603: 17 internal nodes; 1.2 s; peak memory 521 MiB.
2026-10-06T14:09:03Z INFO [3656/3688] 70e6c609-b3d4-4569-858a-b0fc1b90e270: 26 internal nodes; 1.8 s; peak memory 521 MiB.
2026-10-06T14:09:11Z INFO [3657/3688] 70e6f130-de3f-4c79-9cf2-7314153a3514: 55 internal nodes; 8.0 s; peak memory 521 MiB.
2026-10-06T14:09:20Z INFO [3658/3688] 70e7055d-420e-4658-bf97-8fc29a32aac8: 203 internal nodes; 8.9 s; peak memory 521 MiB.
2026-10-06T14:09:21Z INFO [3659/3688] 70e7056a-8718-4e28-a7e9-dd1809921ec0: 27 internal nodes; 1.6 s; peak memory 521 MiB.
2026-10-06T14:09:23Z INFO [3660/3688] 70e7f244-45c0-48dd-b014-63ebdbdf0239: 65 internal nodes; 2.0 s; peak memory 521 MiB.
2026-10-06T14:09:24Z INFO [3661/3688] 70e822c8-30a9-4e01-a3d2-5cb5cf9e8d22: 17 internal nodes; 1.1 s; peak memory 521 MiB.
2026-10-06T14:09:26Z INFO [3662/3688] 70e8af4d-09bf-453d-9802-1cc3efda407c: 24 internal nodes; 1.5 s; peak memory 521 MiB.
2026-10-06T14:09:27Z INFO [3663/3688] 70e8f250-799b-46a7-ae9d-ff134d9236d0: 18 internal nodes; 1.0 s; peak memory 521 MiB.
2026-10-06T14:09:32Z INFO [3664/3688] 70e9304c-da1f-4e40-b3b2-b183eb95b547: 144 internal nodes; 5.7 s; peak memory 521 MiB.
2026-10-06T14:09:34Z INFO [3665/3688] 70e9373f-7a4d-434d-bdb2-ae93f541cf44: 29 internal nodes; 1.3 s; peak memory 521 MiB.
2026-10-06T14:09:35Z INFO [3666/3688] 70e9760b-79e7-4800-9edd-ff98501f556d: 17 internal nodes; 1.2 s; peak memory 521 MiB.
2026-10-06T14:09:36Z INFO [3667/3688] 70e98f8f-665a-4dbd-ba0f-f2ab57f22f52: 22 internal nodes; 1.2 s; peak memory 521 MiB.
2026-10-06T14:09:38Z INFO [3668/3688] 70ea5257-bfcc-4454-af14-b348d130fe06: 20 internal nodes; 1.4 s; peak memory 521 MiB.
2026-10-06T14:09:44Z INFO [3669/3688] 70ea54b0-47d7-4479-8905-6eaa19f38371: 115 internal nodes; 6.5 s; peak memory 521 MiB.
2026-10-06T14:09:46Z INFO [3670/3688] 70ead5b2-ce45-4e91-bb90-2e14a5358b01: 29 internal nodes; 1.5 s; peak memory 521 MiB.
2026-10-06T14:09:47Z INFO [3671/3688] 70ec24e2-b05b-4940-a023-f7ad119df3b3: 27 internal nodes; 1.4 s; peak memory 521 MiB.
2026-10-06T14:09:48Z INFO [3672/3688] 70ec3b09-b1d3-4c21-9d4c-6a47bb6c0849: 27 internal nodes; 1.2 s; peak memory 521 MiB.
2026-10-06T14:09:50Z INFO [3673/3688] 70ec6cd0-b112-4278-a02e-160c8f74324d: 65 internal nodes; 2.3 s; peak memory 521 MiB.
2026-10-06T14:09:52Z INFO [3674/3688] 70ec7047-eee9-46d2-8bb0-f25f9fed26cb: 26 internal nodes; 1.4 s; peak memory 521 MiB.
2026-10-06T14:09:52Z INFO [3675/3688] 70ed50c3-f83d-4b94-86c6-ecbe2550d801: 12 internal nodes; 0.7 s; peak memory 521 MiB.
2026-10-06T14:09:54Z INFO [3676/3688] 70ed9ae1-b1d5-4f47-bfdb-b57d606c56fa: 17 internal nodes; 1.3 s; peak memory 521 MiB.
2026-10-06T14:09:56Z INFO [3677/3688] 70ee7795-e373-4c23-8f2c-0348c9f2cb48: 72 internal nodes; 2.0 s; peak memory 521 MiB.
2026-10-06T14:09:57Z INFO [3678/3688] 70efd990-32e1-44d5-aa8b-2d2029acbca1: 17 internal nodes; 1.3 s; peak memory 521 MiB.
2026-10-06T14:09:59Z INFO [3679/3688] 70f0167f-4173-434e-8fe4-9564b1608d86: 31 internal nodes; 1.5 s; peak memory 521 MiB.
2026-10-06T14:10:00Z INFO [3680/3688] 70f06170-a7fe-41c0-a58d-28fd89c59de5: 25 internal nodes; 1.3 s; peak memory 521 MiB.
2026-10-06T14:10:01Z WARNING 735c7449-7e23-44fa-8990-d5c55f725aa2: failed while reading the NWB file (KeyError: 'Unable to synchronously open object (component not found)')
2026-10-06T14:10:01Z WARNING [3681/3688] 735c7449-7e23-44fa-8990-d5c55f725aa2: leaving unrecorded for a later run to retry.
2026-10-06T14:10:03Z WARNING 75dc9b6e-40d1-4c10-8d75-71e6d60a1109: failed while reading the NWB file (KeyError: 'Unable to synchronously open object (component not found)')
2026-10-06T14:10:03Z WARNING [3682/3688] 75dc9b6e-40d1-4c10-8d75-71e6d60a1109: leaving unrecorded for a later run to retry.
2026-10-06T14:10:05Z WARNING 8f0183a2-f90f-4b15-8fac-1ca3a404a100: failed while reading the NWB file (KeyError: 'Unable to synchronously open object (component not found)')
2026-10-06T14:10:05Z WARNING [3683/3688] 8f0183a2-f90f-4b15-8fac-1ca3a404a100: leaving unrecorded for a later run to retry.
2026-10-06T14:10:06Z WARNING 91d0f104-6918-47ae-8959-2116c86ee157: failed while reading the NWB file (KeyError: 'Unable to synchronously open object (component not found)')
2026-10-06T14:10:06Z WARNING [3684/3688] 91d0f104-6918-47ae-8959-2116c86ee157: leaving unrecorded for a later run to retry.
2026-10-06T14:10:08Z WARNING 969e4747-5a03-4948-bad1-05be9db18f9a: failed while reading the NWB file (KeyError: 'Unable to synchronously open object (component not found)')
2026-10-06T14:10:08Z WARNING [3685/3688] 969e4747-5a03-4948-bad1-05be9db18f9a: leaving unrecorded for a later run to retry.
2026-10-06T14:10:10Z WARNING 9f0feaa9-adb3-4487-afb9-d4f49f1acdc6: failed while reading the NWB file (KeyError: 'Unable to synchronously open object (component not found)')
2026-10-06T14:10:10Z WARNING [3686/3688] 9f0feaa9-adb3-4487-afb9-d4f49f1acdc6: leaving unrecorded for a later run to retry.
2026-10-06T14:10:11Z WARNING ad5b0970-92ee-45ed-9ade-ec72ab7c0c43: failed while reading the NWB file (KeyError: 'Unable to synchronously open object (component not found)')
2026-10-06T14:10:11Z WARNING [3687/3688] ad5b0970-92ee-45ed-9ade-ec72ab7c0c43: leaving unrecorded for a later run to retry.
2026-10-06T14:10:13Z WARNING d73cb2c7-2e04-4c75-ba50-9b634dc8e8fb: failed while reading the NWB file (KeyError: 'Unable to synchronously open object (component not found)')
2026-10-06T14:10:13Z WARNING [3688/3688] d73cb2c7-2e04-4c75-ba50-9b634dc8e8fb: leaving unrecorded for a later run to retry.
2026-10-06T14:10:13Z INFO Wrote 101123 records to /tmp/derivatives/valid_nwb_file_to_out_degrees.jsonl (3655 new, 33 failed) in 200.0 min (peak memory 521 MiB).
