2026-10-03T05:51:21Z INFO Logging to /tmp/logs/update_2026-10-03T05-51-21Z.log.
2026-10-03T05:51:21Z INFO Update valid-nwb-file-to-out-degrees (base directory /tmp).
2026-10-03T05:51:22Z INFO Processing 1893 items (68013 already recorded).
2026-10-03T05:51:23Z WARNING 024ef50f-ac6f-49ea-806b-93ef4b5e8644: failed while reading the NWB file (KeyError: 'Unable to synchronously open object (component not found)')
2026-10-03T05:51:23Z WARNING [1/1893] 024ef50f-ac6f-49ea-806b-93ef4b5e8644: leaving unrecorded for a later run to retry.
2026-10-03T05:51:25Z INFO [2/1893] 08b2cd01-16c0-4986-af8e-ba3b217bf9de: 22 internal nodes; 1.1 s; peak memory 127 MiB.
2026-10-03T05:51:26Z WARNING 09073220-fbea-45d2-9a39-2cc61fcdc2a1: failed while reading the NWB file (KeyError: 'Unable to synchronously open object (component not found)')
2026-10-03T05:51:26Z WARNING [3/1893] 09073220-fbea-45d2-9a39-2cc61fcdc2a1: leaving unrecorded for a later run to retry.
2026-10-03T05:51:27Z INFO [4/1893] 0b145ea2-9ef2-491e-8a4d-5d6c9174f5dd: 22 internal nodes; 1.3 s; peak memory 130 MiB.
2026-10-03T05:51:29Z INFO [5/1893] 0b3928b9-fcaf-4785-b1a7-b05d5f0dd12a: 22 internal nodes; 1.3 s; peak memory 130 MiB.
2026-10-03T05:51:30Z INFO [6/1893] 0c2c9ea2-55a4-45f4-b80a-60df61c1e3c7: 22 internal nodes; 1.3 s; peak memory 130 MiB.
2026-10-03T05:51:31Z WARNING 0dec427d-4db4-44c3-988a-c37959ceaff3: failed while reading the NWB file (KeyError: 'Unable to synchronously open object (component not found)')
2026-10-03T05:51:31Z WARNING [7/1893] 0dec427d-4db4-44c3-988a-c37959ceaff3: leaving unrecorded for a later run to retry.
2026-10-03T05:51:33Z WARNING 0f7396ad-67ec-468a-b6a6-5599cb507f54: failed while reading the NWB file (KeyError: 'Unable to synchronously open object (component not found)')
2026-10-03T05:51:33Z WARNING [8/1893] 0f7396ad-67ec-468a-b6a6-5599cb507f54: leaving unrecorded for a later run to retry.
2026-10-03T05:51:34Z INFO [9/1893] 0f98167d-a4d8-46a4-8bd4-5d79a06e975d: 22 internal nodes; 1.2 s; peak memory 134 MiB.
2026-10-03T05:51:35Z INFO [10/1893] 0fd844ef-329b-475c-96ee-9e3bb8bc2856: 22 internal nodes; 1.2 s; peak memory 134 MiB.
2026-10-03T05:51:37Z WARNING 1066b3ba-83d9-4cb3-bfe3-ecf8539e2334: failed while reading the NWB file (KeyError: 'Unable to synchronously open object (component not found)')
2026-10-03T05:51:37Z WARNING [11/1893] 1066b3ba-83d9-4cb3-bfe3-ecf8539e2334: leaving unrecorded for a later run to retry.
2026-10-03T05:51:38Z INFO [12/1893] 1788cbc1-51e2-4426-9d3c-ac68a8acca8b: 22 internal nodes; 1.2 s; peak memory 136 MiB.
2026-10-03T05:51:40Z WARNING 17a546c4-6425-4c56-a43e-9f9f272d299c: failed while reading the NWB file (KeyError: 'Unable to synchronously open object (component not found)')
2026-10-03T05:51:40Z WARNING [13/1893] 17a546c4-6425-4c56-a43e-9f9f272d299c: leaving unrecorded for a later run to retry.
2026-10-03T05:51:41Z WARNING 19998990-d06f-40db-8d07-c5121b317b6a: failed while reading the NWB file (KeyError: 'Unable to synchronously open object (component not found)')
2026-10-03T05:51:41Z WARNING [14/1893] 19998990-d06f-40db-8d07-c5121b317b6a: leaving unrecorded for a later run to retry.
2026-10-03T05:51:43Z WARNING 1a18ed31-9155-4512-919f-b6875d14b9f3: failed while reading the NWB file (KeyError: 'Unable to synchronously open object (component not found)')
2026-10-03T05:51:43Z WARNING [15/1893] 1a18ed31-9155-4512-919f-b6875d14b9f3: leaving unrecorded for a later run to retry.
2026-10-03T05:51:44Z INFO [16/1893] 1a9c402b-03b2-44ea-868b-145f3116bfe8: 22 internal nodes; 1.2 s; peak memory 140 MiB.
2026-10-03T05:51:45Z INFO [17/1893] 1b09d602-db38-4928-8923-dfae6141122e: 22 internal nodes; 1.1 s; peak memory 140 MiB.
2026-10-03T05:51:47Z WARNING 1c2fff6f-f3a7-43fb-b7e2-a33218d41614: failed while reading the NWB file (KeyError: 'Unable to synchronously open object (component not found)')
2026-10-03T05:51:47Z WARNING [18/1893] 1c2fff6f-f3a7-43fb-b7e2-a33218d41614: leaving unrecorded for a later run to retry.
2026-10-03T05:51:48Z INFO [19/1893] 1e31a6b1-f917-4399-b9df-1a2b03344e96: 15 internal nodes; 1.1 s; peak memory 140 MiB.
2026-10-03T05:51:49Z WARNING 20b5d243-5a61-4246-a5d5-ac9d9068183d: failed while reading the NWB file (KeyError: 'Unable to synchronously open object (component not found)')
2026-10-03T05:51:49Z WARNING [20/1893] 20b5d243-5a61-4246-a5d5-ac9d9068183d: leaving unrecorded for a later run to retry.
2026-10-03T05:51:51Z WARNING 20e4b649-b593-4ee3-bd02-f0645aad7021: failed while reading the NWB file (KeyError: 'Unable to synchronously open object (component not found)')
2026-10-03T05:51:51Z WARNING [21/1893] 20e4b649-b593-4ee3-bd02-f0645aad7021: leaving unrecorded for a later run to retry.
2026-10-03T05:51:52Z INFO [22/1893] 21767d51-c480-47d7-8cc8-76b36b323288: 22 internal nodes; 1.2 s; peak memory 140 MiB.
2026-10-03T05:51:53Z INFO [23/1893] 21d7f690-9811-471a-afd5-b7ade1355987: 22 internal nodes; 1.3 s; peak memory 140 MiB.
2026-10-03T05:51:55Z WARNING 2420003b-b350-4a69-b1aa-b27f68179823: failed while reading the NWB file (KeyError: 'Unable to synchronously open object (component not found)')
2026-10-03T05:51:55Z WARNING [24/1893] 2420003b-b350-4a69-b1aa-b27f68179823: leaving unrecorded for a later run to retry.
2026-10-03T05:51:56Z INFO [25/1893] 279d185a-de58-444b-a88e-79fd14f2a0ee: 22 internal nodes; 1.3 s; peak memory 140 MiB.
2026-10-03T05:51:58Z INFO [26/1893] 29de6856-8db7-4047-a80b-f81d86b35afc: 22 internal nodes; 1.3 s; peak memory 140 MiB.
2026-10-03T05:51:59Z INFO [27/1893] 2a6da3c2-c9eb-4027-a279-93f8fff863c7: 22 internal nodes; 1.4 s; peak memory 140 MiB.
2026-10-03T05:52:01Z WARNING 2a76c0ae-11ba-4712-bfc9-5a1534c26aeb: failed while reading the NWB file (KeyError: 'Unable to synchronously open object (component not found)')
2026-10-03T05:52:01Z WARNING [28/1893] 2a76c0ae-11ba-4712-bfc9-5a1534c26aeb: leaving unrecorded for a later run to retry.
2026-10-03T05:52:02Z INFO [29/1893] 2bb75f1f-ab03-4038-88c2-1593cdc5e99a: 61 internal nodes; 1.5 s; peak memory 140 MiB.
2026-10-03T05:52:03Z INFO [30/1893] 2bb7cbc2-cd84-4f8a-8379-b3d6dfb894a1: 17 internal nodes; 1.1 s; peak memory 140 MiB.
2026-10-03T05:52:04Z INFO [31/1893] 2bb7d4b2-e484-4643-8747-65ef41210772: 17 internal nodes; 1.1 s; peak memory 140 MiB.
2026-10-03T05:52:06Z INFO [32/1893] 2bb82419-80b4-4162-b81b-8f1bd9ee2e6c: 27 internal nodes; 1.3 s; peak memory 142 MiB.
2026-10-03T05:52:07Z INFO [33/1893] 2bb8a5db-c31b-4ea2-9a39-9ea6c755e58b: 17 internal nodes; 1.2 s; peak memory 142 MiB.
2026-10-03T05:52:10Z INFO [34/1893] 2bb8a660-0033-48e2-93a4-3f536e0de286: 44 internal nodes; 3.1 s; peak memory 142 MiB.
2026-10-03T05:52:11Z INFO [35/1893] 2bb9481d-1d5b-4d30-bcf5-fab4ece137dd: 23 internal nodes; 1.6 s; peak memory 142 MiB.
2026-10-03T05:52:16Z INFO [36/1893] 2bbc0dc8-c989-4e6c-9240-fcff5672407b: 130 internal nodes; 4.3 s; peak memory 149 MiB.
2026-10-03T05:52:17Z INFO [37/1893] 2bbc208a-709c-445b-90ab-ca9f35a98ab9: 18 internal nodes; 0.8 s; peak memory 149 MiB.
2026-10-03T05:52:19Z INFO [38/1893] 2bbc3cf7-b1b3-4ad4-884c-47b2523c0c92: 72 internal nodes; 2.1 s; peak memory 149 MiB.
2026-10-03T05:52:20Z INFO [39/1893] 2bbd671a-2b2d-48e2-85bc-ce79acce2cb8: 18 internal nodes; 1.2 s; peak memory 149 MiB.
2026-10-03T05:52:21Z INFO [40/1893] 2bbe2884-ab3b-49d7-9eea-a6c48e0b5d3f: 25 internal nodes; 1.2 s; peak memory 149 MiB.
2026-10-03T05:52:25Z INFO [41/1893] 2bbe43bd-f13a-4b8c-ba7a-d9f70f99dc3f: 46 internal nodes; 3.9 s; peak memory 149 MiB.
2026-10-03T05:52:26Z INFO [42/1893] 2bbea460-15d8-4090-a48e-7aa0910cbcd3: 17 internal nodes; 1.1 s; peak memory 149 MiB.
2026-10-03T05:52:27Z INFO [43/1893] 2bbefcb3-7b52-4c81-abd4-b005aedc32d0: 23 internal nodes; 1.3 s; peak memory 149 MiB.
2026-10-03T05:52:38Z INFO [44/1893] 2bbf085e-654a-488d-b949-bf56708b6c57: 114 internal nodes; 10.2 s; peak memory 150 MiB.
2026-10-03T05:52:39Z INFO [45/1893] 2bc050a7-adf2-45d8-8926-01d9631e37a3: 17 internal nodes; 1.2 s; peak memory 150 MiB.
2026-10-03T05:52:40Z INFO [46/1893] 2bc0a25f-92f4-4387-897e-554303c7a3a5: 17 internal nodes; 1.1 s; peak memory 150 MiB.
2026-10-03T05:52:42Z INFO [47/1893] 2bc0cb7a-2b96-4c05-99d9-5cc1222892b3: 31 internal nodes; 1.6 s; peak memory 150 MiB.
2026-10-03T05:52:43Z INFO [48/1893] 2bc10d70-e1bb-4888-a07d-2f2bc2fbd5ee: 31 internal nodes; 1.8 s; peak memory 150 MiB.
2026-10-03T05:52:45Z INFO [49/1893] 2bc18fec-d017-471e-be11-bdcb52995f6b: 27 internal nodes; 1.2 s; peak memory 150 MiB.
2026-10-03T05:52:46Z INFO [50/1893] 2bc27884-bb3e-469e-8316-d01f24ed095f: 17 internal nodes; 1.0 s; peak memory 150 MiB.
2026-10-03T05:52:46Z INFO [50/1893] 2bc27884-bb3e-469e-8316-d01f24ed095f: checkpointed 68050 records.
2026-10-03T05:52:51Z INFO [51/1893] 2bc376b3-79ad-4225-a305-60871df1d6fb: 422 internal nodes; 5.2 s; peak memory 154 MiB.
2026-10-03T05:52:52Z INFO [52/1893] 2bc38341-2c49-46e0-b5bf-fe6dc6acb1db: 11 internal nodes; 0.7 s; peak memory 154 MiB.
2026-10-03T05:52:54Z INFO [53/1893] 2bc455ee-e7a7-46a1-92bd-4b241be1714e: 27 internal nodes; 2.2 s; peak memory 154 MiB.
2026-10-03T05:52:55Z INFO [54/1893] 2bc64b59-5980-411c-8761-44f92feb1728: 17 internal nodes; 1.0 s; peak memory 154 MiB.
2026-10-03T05:52:56Z INFO [55/1893] 2bc64cca-6132-47ea-8437-0de8e10147ad: 27 internal nodes; 1.2 s; peak memory 154 MiB.
2026-10-03T05:52:59Z INFO [56/1893] 2bc66598-2faf-4e6d-9501-c4a3d99bcc00: 44 internal nodes; 2.5 s; peak memory 154 MiB.
2026-10-03T05:53:00Z INFO [57/1893] 2bc74f8c-7558-46ec-9cdf-cd43a564f5fa: 18 internal nodes; 1.0 s; peak memory 154 MiB.
2026-10-03T05:53:01Z INFO [58/1893] 2bc772ad-b808-4f45-9a0e-b9a7cd4f21ed: 29 internal nodes; 1.4 s; peak memory 154 MiB.
2026-10-03T05:53:04Z INFO [59/1893] 2bc82603-3b9e-41a1-a5ef-71967f71d600: 46 internal nodes; 3.1 s; peak memory 154 MiB.
2026-10-03T05:53:17Z INFO [60/1893] 2bc83420-d1ac-4b75-b38c-9b4c678154d3: 77 internal nodes; 12.8 s; peak memory 154 MiB.
2026-10-03T05:53:18Z INFO [61/1893] 2bc8489f-643a-42d8-8e27-6b8601370eb5: 17 internal nodes; 1.0 s; peak memory 154 MiB.
2026-10-03T05:53:21Z INFO [62/1893] 2bc87985-4557-4fd0-b497-bdc960bc11b5: 44 internal nodes; 2.9 s; peak memory 154 MiB.
2026-10-03T05:53:22Z INFO [63/1893] 2bc93694-99dc-4f51-991d-9b16765c06a8: 26 internal nodes; 1.4 s; peak memory 154 MiB.
2026-10-03T05:53:23Z INFO [64/1893] 2bc95cdf-5903-4512-83e5-26beb6b7cd79: 17 internal nodes; 0.8 s; peak memory 154 MiB.
2026-10-03T05:53:24Z INFO [65/1893] 2bc9a494-068a-413e-b8c1-30c2ba63ec3b: 17 internal nodes; 1.1 s; peak memory 154 MiB.
2026-10-03T05:53:25Z INFO [66/1893] 2bc9fba3-519f-4b83-826e-ab6020515511: 26 internal nodes; 0.8 s; peak memory 154 MiB.
2026-10-03T05:53:28Z INFO [67/1893] 2bca3b50-34a1-4952-9da6-cad4f21673fc: 52 internal nodes; 3.6 s; peak memory 154 MiB.
2026-10-03T05:53:30Z INFO [68/1893] 2bca547a-8fcf-4fa3-be82-b51d0b261393: 86 internal nodes; 1.4 s; peak memory 154 MiB.
2026-10-03T05:53:32Z INFO [69/1893] 2bca764d-6fe1-4c20-bd09-82a76fc681a2: 52 internal nodes; 2.1 s; peak memory 154 MiB.
2026-10-03T05:53:33Z INFO [70/1893] 2bcaba44-9ac5-4719-b979-450c849e899a: 27 internal nodes; 1.3 s; peak memory 154 MiB.
2026-10-03T05:53:34Z INFO [71/1893] 2bcc52b2-de34-4239-ac17-7b5ec4436171: 17 internal nodes; 1.1 s; peak memory 154 MiB.
2026-10-03T05:53:36Z INFO [72/1893] 2bccb1c0-75eb-498d-90e1-29c72a629f4b: 44 internal nodes; 2.2 s; peak memory 154 MiB.
2026-10-03T05:53:38Z INFO [73/1893] 2bcdee47-d420-428b-a5a1-ef1e67012e90: 27 internal nodes; 1.2 s; peak memory 154 MiB.
2026-10-03T05:53:39Z INFO [74/1893] 2bce6d87-5de0-4e78-a6f0-ef11df959cb2: 27 internal nodes; 1.4 s; peak memory 154 MiB.
2026-10-03T05:53:40Z INFO [75/1893] 2bce7796-5258-458c-a159-9839b5250073: 17 internal nodes; 1.1 s; peak memory 154 MiB.
2026-10-03T05:53:42Z INFO [76/1893] 2bcfb4fe-8a30-44fb-b9a0-007968e28595: 38 internal nodes; 1.6 s; peak memory 154 MiB.
2026-10-03T05:53:43Z INFO [77/1893] 2bd07aa8-a9e9-42bf-ad3b-67171900366a: 20 internal nodes; 1.2 s; peak memory 154 MiB.
2026-10-03T05:53:44Z INFO [78/1893] 2bd0a799-5fad-474f-812e-bffe03bdd353: 19 internal nodes; 1.0 s; peak memory 154 MiB.
2026-10-03T05:53:45Z INFO [79/1893] 2bd1a843-98dd-473f-99a1-16a9e7105c54: 17 internal nodes; 0.9 s; peak memory 154 MiB.
2026-10-03T05:53:46Z INFO [80/1893] 2bd1e2a3-89af-4c50-982f-567402aebd2f: 11 internal nodes; 0.7 s; peak memory 154 MiB.
2026-10-03T05:53:48Z INFO [81/1893] 2bd26136-730f-4609-a497-4505294fe1fa: 61 internal nodes; 2.8 s; peak memory 154 MiB.
2026-10-03T05:53:49Z INFO [82/1893] 2bd37b50-eeda-447d-a6a6-1c88a27fb12f: 17 internal nodes; 1.0 s; peak memory 154 MiB.
2026-10-03T05:53:50Z INFO [83/1893] 2bd37f4c-d354-4dfa-981c-648bd71ed473: 17 internal nodes; 1.0 s; peak memory 154 MiB.
2026-10-03T05:53:58Z INFO [84/1893] 2bd3ad1c-e93d-4095-a2b4-8b18d839218b: 191 internal nodes; 8.1 s; peak memory 156 MiB.
2026-10-03T05:54:03Z INFO [85/1893] 2bd4cc40-b324-45fd-9442-d99b5173d392: 60 internal nodes; 4.5 s; peak memory 156 MiB.
2026-10-03T05:54:04Z INFO [86/1893] 2bd5088c-b486-4071-9dcb-44dbe9e47b5e: 17 internal nodes; 1.0 s; peak memory 156 MiB.
2026-10-03T05:54:08Z INFO [87/1893] 2bd68d7f-af11-4853-bebf-0082a1665514: 106 internal nodes; 3.9 s; peak memory 156 MiB.
2026-10-03T05:54:09Z INFO [88/1893] 2bd73888-75ea-429b-bbbe-9469d3dd87ff: 17 internal nodes; 1.0 s; peak memory 156 MiB.
2026-10-03T05:54:10Z INFO [89/1893] 2bd7cefd-7326-4963-bd79-fdd5230e1017: 26 internal nodes; 1.6 s; peak memory 157 MiB.
2026-10-03T05:54:11Z INFO [90/1893] 2bd81c73-21bd-48b0-9a3b-77992c73e647: 17 internal nodes; 1.0 s; peak memory 157 MiB.
2026-10-03T05:54:13Z INFO [91/1893] 2bd91a4e-1494-4be1-9e8e-c5cc3664d5ac: 31 internal nodes; 1.6 s; peak memory 157 MiB.
2026-10-03T05:54:15Z INFO [92/1893] 2bd95c21-2c49-4a45-9842-5aa32d95861e: 72 internal nodes; 2.0 s; peak memory 157 MiB.
2026-10-03T05:54:17Z INFO [93/1893] 2bda3aac-ecfa-43b8-9cce-1fd8c46c5f65: 29 internal nodes; 1.7 s; peak memory 157 MiB.
2026-10-03T05:54:29Z INFO [94/1893] 2bdb07af-3de6-4eae-987e-4dd3df0d37e2: 59 internal nodes; 11.8 s; peak memory 157 MiB.
2026-10-03T05:54:29Z INFO [95/1893] 2bdb2202-dbdb-46f4-b949-6eac142de844: 13 internal nodes; 0.7 s; peak memory 157 MiB.
2026-10-03T05:54:30Z INFO [96/1893] 2bdb3434-6d70-4e96-af9b-c14acc8f0a51: 17 internal nodes; 0.8 s; peak memory 157 MiB.
2026-10-03T05:54:32Z INFO [97/1893] 2bdbb420-a3e8-48e0-9998-9ee3728578ff: 27 internal nodes; 1.5 s; peak memory 157 MiB.
2026-10-03T05:54:40Z INFO [98/1893] 2bdd6fc6-90df-40b2-8c82-7fe5b1cebefd: 184 internal nodes; 8.5 s; peak memory 157 MiB.
2026-10-03T05:54:41Z INFO [99/1893] 2bdda4b9-42f8-427d-a466-34f2936f7bfe: 27 internal nodes; 1.2 s; peak memory 158 MiB.
2026-10-03T05:54:43Z INFO [100/1893] 2bde3f67-420c-45b1-971d-68dd79612f30: 27 internal nodes; 1.3 s; peak memory 158 MiB.
2026-10-03T05:54:43Z INFO [100/1893] 2bde3f67-420c-45b1-971d-68dd79612f30: checkpointed 68100 records.
2026-10-03T05:54:44Z INFO [101/1893] 2bdecf42-6935-4f4e-8362-99f4eecaddce: 17 internal nodes; 1.1 s; peak memory 158 MiB.
2026-10-03T05:54:45Z INFO [102/1893] 2bdf6d21-34ee-4e89-87ae-c0cc8ddb98bf: 54 internal nodes; 1.4 s; peak memory 158 MiB.
2026-10-03T05:54:48Z INFO [103/1893] 2be0f1bc-7e73-403c-83c2-c7ed9ef8581d: 44 internal nodes; 2.9 s; peak memory 158 MiB.
2026-10-03T05:54:49Z INFO [104/1893] 2be1700a-a0ca-44f7-ad3c-14e902964ceb: 17 internal nodes; 1.1 s; peak memory 158 MiB.
2026-10-03T05:54:50Z INFO [105/1893] 2be24d69-23eb-45cd-81e1-21413b23cecb: 27 internal nodes; 1.2 s; peak memory 158 MiB.
2026-10-03T05:54:52Z INFO [106/1893] 2be251ef-29de-4b35-a841-8f1dac93ee7b: 27 internal nodes; 1.2 s; peak memory 158 MiB.
2026-10-03T05:54:53Z INFO [107/1893] 2be27c5f-3ddb-453d-b3b9-6eb4e4b18cf2: 17 internal nodes; 1.0 s; peak memory 158 MiB.
2026-10-03T05:55:00Z INFO [108/1893] 2be293a5-f874-465a-a410-8a3acb91412d: 1094 internal nodes; 7.5 s; peak memory 187 MiB.
2026-10-03T05:55:01Z INFO [109/1893] 2be2a505-15a0-4cbd-91b1-da72889228f5: 21 internal nodes; 0.8 s; peak memory 187 MiB.
2026-10-03T05:55:02Z INFO [110/1893] 2be2c31b-5cac-4983-b3ff-26dd6b87206e: 17 internal nodes; 1.1 s; peak memory 187 MiB.
2026-10-03T05:55:03Z INFO [111/1893] 2be2ed00-2e88-47c1-ad96-7551f6210004: 27 internal nodes; 1.3 s; peak memory 187 MiB.
2026-10-03T05:55:04Z INFO [112/1893] 2be37968-900d-403c-8a67-961a575d45f9: 26 internal nodes; 0.8 s; peak memory 187 MiB.
2026-10-03T05:55:06Z INFO [113/1893] 2be49675-1beb-4a37-9865-910d4fab5a7b: 38 internal nodes; 1.5 s; peak memory 187 MiB.
2026-10-03T05:55:17Z INFO [114/1893] 2be50342-2ca6-4178-ac0c-71ee7dad891d: 89 internal nodes; 11.4 s; peak memory 187 MiB.
2026-10-03T05:55:20Z INFO [115/1893] 2be577f9-c463-4c3a-b715-f06dade0f7b4: 44 internal nodes; 3.0 s; peak memory 187 MiB.
2026-10-03T05:55:25Z INFO [116/1893] 2be58a7c-1fa0-4a7b-ab84-97c030e0aa15: 110 internal nodes; 4.9 s; peak memory 187 MiB.
2026-10-03T05:55:26Z INFO [117/1893] 2be5c729-a123-41dd-bd18-4fe83e122d7f: 27 internal nodes; 1.2 s; peak memory 187 MiB.
2026-10-03T05:55:28Z INFO [118/1893] 2be642d6-7d8f-486a-acda-cb7733f44eac: 116 internal nodes; 1.4 s; peak memory 187 MiB.
2026-10-03T05:55:29Z INFO [119/1893] 2be6b404-8bc6-4f4b-9048-2694e3fc66ad: 17 internal nodes; 1.0 s; peak memory 187 MiB.
2026-10-03T05:55:30Z INFO [120/1893] 2be6e9aa-1ebf-4ac9-8d48-13a9c7f96770: 27 internal nodes; 1.2 s; peak memory 187 MiB.
2026-10-03T05:55:31Z INFO [121/1893] 2be772bb-d634-4312-9b43-e71bb47a1141: 11 internal nodes; 0.8 s; peak memory 187 MiB.
2026-10-03T05:55:32Z INFO [122/1893] 2be7905f-93cf-4862-9aff-323df0bf7992: 31 internal nodes; 1.9 s; peak memory 187 MiB.
2026-10-03T05:55:35Z INFO [123/1893] 2be7ab76-fd6c-42d2-83e1-a407aab9419f: 27 internal nodes; 2.0 s; peak memory 187 MiB.
2026-10-03T05:55:36Z INFO [124/1893] 2be7c59c-7668-4606-afa4-8a0a6fdb24cc: 27 internal nodes; 1.4 s; peak memory 187 MiB.
2026-10-03T05:55:37Z INFO [125/1893] 2be8939f-19de-4d94-b6da-66a3e3372a1f: 17 internal nodes; 0.8 s; peak memory 187 MiB.
2026-10-03T05:55:38Z INFO [126/1893] 2be97537-fc7d-4175-8fb9-153ac5d7639a: 17 internal nodes; 1.0 s; peak memory 187 MiB.
2026-10-03T05:55:39Z INFO [127/1893] 2be9e151-b63f-4f8d-8bfb-228801c68c20: 13 internal nodes; 0.9 s; peak memory 187 MiB.
2026-10-03T05:55:39Z INFO [128/1893] 2bea9b39-a78f-44b0-8160-5bf99d6187a6: 26 internal nodes; 0.8 s; peak memory 187 MiB.
2026-10-03T05:55:41Z INFO [129/1893] 2beaab58-42c0-4730-a568-bf18d0927b42: 95 internal nodes; 2.0 s; peak memory 187 MiB.
2026-10-03T05:55:42Z INFO [130/1893] 2beaef83-69ac-46cb-8646-58d43ef1940f: 17 internal nodes; 1.0 s; peak memory 187 MiB.
2026-10-03T05:55:44Z INFO [131/1893] 2beb09fc-ae77-44cf-b8a3-e524b7167bbc: 27 internal nodes; 1.5 s; peak memory 187 MiB.
2026-10-03T05:55:49Z INFO [132/1893] 2beb34cb-36ae-4d17-8620-10157afe92e1: 67 internal nodes; 5.6 s; peak memory 187 MiB.
2026-10-03T05:55:51Z INFO [133/1893] 2beb6a07-e7fa-472e-bac3-b9f956501268: 25 internal nodes; 1.3 s; peak memory 187 MiB.
2026-10-03T05:55:52Z INFO [134/1893] 2bec8fe7-ed1d-4e5c-b1e3-a712f7e81c26: 27 internal nodes; 1.5 s; peak memory 187 MiB.
2026-10-03T05:55:53Z INFO [135/1893] 2becc1f1-831f-414d-a1a8-7aa770d1e264: 15 internal nodes; 0.9 s; peak memory 187 MiB.
2026-10-03T05:55:55Z INFO [136/1893] 2bed4faa-2245-4ff5-a77d-464cae417273: 28 internal nodes; 2.3 s; peak memory 187 MiB.
2026-10-03T05:56:01Z INFO [137/1893] 2bed5044-e555-4754-a9c4-7259f3906612: 127 internal nodes; 5.5 s; peak memory 187 MiB.
2026-10-03T05:56:15Z INFO [138/1893] 2bee444d-af30-4e0e-9ce2-e6babf4feb53: 262 internal nodes; 14.2 s; peak memory 187 MiB.
2026-10-03T05:56:24Z INFO [139/1893] 2bee9209-755d-4984-a4d4-79ac2ee7d4e7: 78 internal nodes; 9.2 s; peak memory 187 MiB.
2026-10-03T05:56:25Z INFO [140/1893] 2beecf27-6db4-4ba0-b466-803e3dc5d068: 17 internal nodes; 1.0 s; peak memory 187 MiB.
2026-10-03T05:56:26Z INFO [141/1893] 2bef78ac-84a9-485b-9afd-854fb8c5f5d4: 17 internal nodes; 1.0 s; peak memory 187 MiB.
2026-10-03T05:56:27Z INFO [142/1893] 2bf0b85b-8f4d-41ed-a5a0-067af87b8a87: 13 internal nodes; 0.8 s; peak memory 187 MiB.
2026-10-03T05:56:29Z INFO [143/1893] 2bf0da9b-c62f-441a-bd81-2bd5fcfbb25b: 23 internal nodes; 1.6 s; peak memory 187 MiB.
2026-10-03T05:56:30Z INFO [144/1893] 2bf11704-6191-41c1-9792-7b32070ea7ff: 13 internal nodes; 0.9 s; peak memory 187 MiB.
2026-10-03T05:56:31Z INFO [145/1893] 2bf1a8f5-16b2-4dce-b5bd-f0cba57d7bab: 31 internal nodes; 1.7 s; peak memory 187 MiB.
2026-10-03T05:56:32Z INFO [146/1893] 2bf1e051-7b2b-4521-8257-e5141b12e4e7: 28 internal nodes; 1.1 s; peak memory 187 MiB.
2026-10-03T05:56:34Z INFO [147/1893] 2bf2afe1-daf9-434c-88cb-5e38b02f4c51: 31 internal nodes; 1.3 s; peak memory 187 MiB.
2026-10-03T05:56:35Z INFO [148/1893] 2bf2baeb-2151-4c36-bbe7-f89b7ef85a9a: 27 internal nodes; 1.2 s; peak memory 187 MiB.
2026-10-03T05:56:37Z INFO [149/1893] 2bf2f49c-c949-489b-8d26-fec016b68924: 37 internal nodes; 1.8 s; peak memory 187 MiB.
2026-10-03T05:56:38Z INFO [150/1893] 2bf39bce-0919-46a2-8f04-cdb39c066fd0: 18 internal nodes; 0.9 s; peak memory 187 MiB.
2026-10-03T05:56:38Z INFO [150/1893] 2bf39bce-0919-46a2-8f04-cdb39c066fd0: checkpointed 68150 records.
2026-10-03T05:56:39Z INFO [151/1893] 2bf49ee9-735e-42b0-8562-abc1304a04a4: 18 internal nodes; 1.2 s; peak memory 187 MiB.
2026-10-03T05:56:40Z INFO [152/1893] 2bf4fa09-6d0c-45f4-94cb-ec1929db0233: 27 internal nodes; 1.4 s; peak memory 187 MiB.
2026-10-03T05:56:47Z INFO [153/1893] 2bf5d067-a56d-426c-85b5-a2495441c01c: 59 internal nodes; 6.7 s; peak memory 187 MiB.
2026-10-03T05:56:48Z INFO [154/1893] 2bf67f03-0d3c-4c68-b2d8-80799597bbbf: 17 internal nodes; 1.0 s; peak memory 187 MiB.
2026-10-03T05:56:49Z INFO [155/1893] 2bf73228-114c-45e6-9c04-86af6dbb41ff: 17 internal nodes; 1.0 s; peak memory 187 MiB.
2026-10-03T05:56:50Z INFO [156/1893] 2bf7e578-354e-453c-acce-8da73e4354dc: 56 internal nodes; 1.3 s; peak memory 187 MiB.
2026-10-03T05:56:52Z INFO [157/1893] 2bf834a2-7b32-4f49-968e-1dac4bcf4fd8: 27 internal nodes; 1.3 s; peak memory 187 MiB.
2026-10-03T05:56:53Z INFO [158/1893] 2bf8fd72-85f2-453b-92d0-a2c7b2979b8a: 31 internal nodes; 1.5 s; peak memory 187 MiB.
2026-10-03T05:57:08Z INFO [159/1893] 2bfa9852-a47a-4483-8252-a4c1ed45ef7d: 361 internal nodes; 14.6 s; peak memory 187 MiB.
2026-10-03T05:57:16Z INFO [160/1893] 2bfb51d0-1496-4082-b88a-275bf223e274: 190 internal nodes; 8.1 s; peak memory 187 MiB.
2026-10-03T05:57:17Z INFO [161/1893] 2bfbc0fd-d969-4663-a758-27dbaf258480: 31 internal nodes; 1.6 s; peak memory 187 MiB.
2026-10-03T05:57:55Z INFO [162/1893] 2bfc8cda-b968-4e53-9b57-54bcfb578c5a: 2921 internal nodes; 37.6 s; peak memory 265 MiB.
2026-10-03T05:57:56Z INFO [163/1893] 2bfc9112-1552-43c7-be2e-35fa0fc9e0ae: 19 internal nodes; 1.2 s; peak memory 265 MiB.
2026-10-03T05:57:57Z INFO [164/1893] 2bfc99e6-cc47-4b0d-85f3-05cd6194379f: 28 internal nodes; 1.1 s; peak memory 265 MiB.
2026-10-03T05:57:58Z INFO [165/1893] 2bfcc756-902f-465a-a3b0-949c3509b71d: 23 internal nodes; 1.1 s; peak memory 265 MiB.
2026-10-03T05:57:59Z INFO [166/1893] 2bfcdc3e-68a2-44eb-a183-16430b35b550: 18 internal nodes; 1.0 s; peak memory 265 MiB.
2026-10-03T05:58:01Z INFO [167/1893] 2bfd0324-e2ca-4d71-a5c4-c8d7b213d00f: 30 internal nodes; 1.3 s; peak memory 265 MiB.
2026-10-03T05:58:03Z INFO [168/1893] 2bfd9541-3124-4077-a64f-682fbecb6ade: 122 internal nodes; 2.1 s; peak memory 265 MiB.
2026-10-03T05:58:04Z INFO [169/1893] 2bfdce51-1412-4d0e-8b3b-f4e5bc04a54a: 11 internal nodes; 0.8 s; peak memory 265 MiB.
2026-10-03T05:58:04Z INFO [170/1893] 2bfe15d0-3f80-4bac-9706-53e121c8f71e: 11 internal nodes; 0.7 s; peak memory 265 MiB.
2026-10-03T05:58:10Z INFO [171/1893] 2bfe2d94-bba5-4f4b-82ed-2412ef17acfd: 177 internal nodes; 6.1 s; peak memory 265 MiB.
2026-10-03T05:58:13Z INFO [172/1893] 2bfeedf1-6d46-40b1-9019-d3053867f2b8: 34 internal nodes; 2.9 s; peak memory 265 MiB.
2026-10-03T05:58:25Z INFO [173/1893] 2bff5949-f836-4090-b87a-220c15526acd: 50 internal nodes; 11.5 s; peak memory 268 MiB.
2026-10-03T05:58:26Z INFO [174/1893] 2bffa58d-da9f-4121-82e2-0517e18e12c9: 11 internal nodes; 0.7 s; peak memory 268 MiB.
2026-10-03T05:58:27Z INFO [175/1893] 2c054aa9-38a4-4e75-b937-c67b62b18d43: 17 internal nodes; 1.0 s; peak memory 268 MiB.
2026-10-03T05:58:28Z INFO [176/1893] 2c05e01e-d40f-413b-a76b-43459b449593: 15 internal nodes; 0.9 s; peak memory 268 MiB.
2026-10-03T05:58:29Z INFO [177/1893] 2c067cba-5369-47a6-bc57-4d220d57f9c6: 31 internal nodes; 1.7 s; peak memory 268 MiB.
2026-10-03T05:58:52Z INFO [178/1893] 2c0888c3-1d70-4dd7-9fc3-04d08c849ebb: 593 internal nodes; 22.3 s; peak memory 282 MiB.
2026-10-03T05:58:54Z INFO [179/1893] 2c09060f-c48c-4d32-bc13-23950ae04b10: 72 internal nodes; 2.4 s; peak memory 282 MiB.
2026-10-03T05:58:57Z INFO [180/1893] 2c0a9392-6801-4e5c-882a-f74f14b3a1db: 46 internal nodes; 3.4 s; peak memory 282 MiB.
2026-10-03T05:58:58Z INFO [181/1893] 2c0acd2f-13bf-4d11-82b2-488e5cc50afe: 17 internal nodes; 1.1 s; peak memory 282 MiB.
2026-10-03T05:58:59Z INFO [182/1893] 2c0b6ad5-c9f9-4263-90af-6ed208a3aa8e: 11 internal nodes; 0.7 s; peak memory 282 MiB.
2026-10-03T05:59:00Z INFO [183/1893] 2c0c1430-6a4f-45f1-8cfc-5f30bee7a830: 22 internal nodes; 1.3 s; peak memory 282 MiB.
2026-10-03T05:59:06Z INFO [184/1893] 2c0c48c7-28bc-4d93-aa9f-93c6b5c75405: 139 internal nodes; 5.4 s; peak memory 282 MiB.
2026-10-03T05:59:07Z INFO [185/1893] 2c0d1ff3-6e9a-4b1d-8f14-bbdad485453e: 18 internal nodes; 0.9 s; peak memory 282 MiB.
2026-10-03T05:59:08Z INFO [186/1893] 2c0dab7d-1a24-4ba5-876c-b594e9975322: 31 internal nodes; 1.7 s; peak memory 282 MiB.
2026-10-03T05:59:11Z INFO [187/1893] 2c0dd670-a596-4b2b-a689-f7f7fe50fafa: 27 internal nodes; 2.7 s; peak memory 282 MiB.
2026-10-03T05:59:14Z INFO [188/1893] 2c0f22e2-aaf8-4f4f-bc6d-a7dffade6ce1: 46 internal nodes; 3.4 s; peak memory 282 MiB.
2026-10-03T05:59:22Z INFO [189/1893] 2c0f9970-953e-415f-837c-e3d79254353f: 65 internal nodes; 7.4 s; peak memory 282 MiB.
2026-10-03T05:59:23Z INFO [190/1893] 2c0fe0b1-c98e-47b5-9170-e61a185a55b8: 27 internal nodes; 1.4 s; peak memory 282 MiB.
2026-10-03T05:59:25Z INFO [191/1893] 2c105262-fc9b-42f9-b2a4-f307828fbd7a: 60 internal nodes; 1.5 s; peak memory 282 MiB.
2026-10-03T05:59:27Z INFO [192/1893] 2c105641-fa55-4aa2-8296-d178774d51ae: 30 internal nodes; 2.1 s; peak memory 282 MiB.
2026-10-03T05:59:32Z INFO [193/1893] 2c105b23-53d9-40bf-829d-0049b68e470a: 73 internal nodes; 5.1 s; peak memory 282 MiB.
2026-10-03T05:59:33Z INFO [194/1893] 2c10817c-6496-4326-acd6-ff6320167ef2: 17 internal nodes; 1.0 s; peak memory 282 MiB.
2026-10-03T05:59:34Z INFO [195/1893] 2c10f8b3-0e99-4e5c-80a8-23ac142938b9: 27 internal nodes; 1.4 s; peak memory 282 MiB.
2026-10-03T05:59:36Z INFO [196/1893] 2c1122b6-7a8d-4844-984e-9db141c491d3: 27 internal nodes; 1.2 s; peak memory 282 MiB.
2026-10-03T05:59:38Z INFO [197/1893] 2c11fa38-8bff-488e-ad62-df6cffde320b: 31 internal nodes; 2.0 s; peak memory 282 MiB.
2026-10-03T05:59:39Z INFO [198/1893] 2c123277-6bd8-4f63-a41c-b47681ce632e: 17 internal nodes; 1.1 s; peak memory 282 MiB.
2026-10-03T05:59:40Z INFO [199/1893] 2c12507b-8f61-4b79-bc63-0eb9f6db2ebe: 17 internal nodes; 1.1 s; peak memory 282 MiB.
2026-10-03T05:59:41Z INFO [200/1893] 2c1311ac-7870-442c-a12f-0430753833eb: 31 internal nodes; 1.4 s; peak memory 282 MiB.
2026-10-03T05:59:42Z INFO [200/1893] 2c1311ac-7870-442c-a12f-0430753833eb: checkpointed 68200 records.
2026-10-03T05:59:44Z INFO [201/1893] 2c1390a5-515d-4ffa-a155-9e719b757dc9: 44 internal nodes; 2.2 s; peak memory 282 MiB.
2026-10-03T05:59:45Z INFO [202/1893] 2c13a847-a889-4b16-9121-aa9e51bb65fb: 122 internal nodes; 1.7 s; peak memory 282 MiB.
2026-10-03T05:59:49Z INFO [203/1893] 2c13b660-c3b8-4741-8c70-f94cc293cebe: 47 internal nodes; 3.8 s; peak memory 282 MiB.
2026-10-03T05:59:51Z INFO [204/1893] 2c140a45-b116-4ec5-927c-5990fb233199: 91 internal nodes; 1.8 s; peak memory 282 MiB.
2026-10-03T05:59:59Z INFO [205/1893] 2c14a83e-dc58-4eb0-a4c4-42fa45523148: 169 internal nodes; 7.6 s; peak memory 282 MiB.
2026-10-03T06:00:00Z INFO [206/1893] 2c14da3c-4718-4c32-abfe-4d031378138a: 39 internal nodes; 1.7 s; peak memory 282 MiB.
2026-10-03T06:00:08Z INFO [207/1893] 2c151398-0a0f-4960-ab26-92f723cd7be6: 187 internal nodes; 7.3 s; peak memory 282 MiB.
2026-10-03T06:00:09Z INFO [208/1893] 2c159da4-1138-4fdc-b330-cf433c132f9e: 17 internal nodes; 1.0 s; peak memory 282 MiB.
2026-10-03T06:00:15Z INFO [209/1893] 2c169051-4bdd-4900-b9a9-9586fe3327cb: 168 internal nodes; 6.1 s; peak memory 282 MiB.
2026-10-03T06:00:17Z INFO [210/1893] 2c171f59-978a-49ad-9f81-410281d66a60: 65 internal nodes; 1.8 s; peak memory 282 MiB.
2026-10-03T06:00:18Z INFO [211/1893] 2c18a41c-a960-4c80-89f1-97b92ec68140: 27 internal nodes; 1.3 s; peak memory 282 MiB.
2026-10-03T06:00:19Z INFO [212/1893] 2c18db9a-0d87-43fa-948a-ab3d04eb1112: 31 internal nodes; 1.5 s; peak memory 282 MiB.
2026-10-03T06:00:21Z INFO [213/1893] 2c1a0ec1-8c0f-4638-a0a5-7fcc3467d052: 18 internal nodes; 1.2 s; peak memory 282 MiB.
2026-10-03T06:00:22Z INFO [214/1893] 2c1a2943-7992-4b51-aaa7-2ae80a8fcfe6: 27 internal nodes; 1.3 s; peak memory 282 MiB.
2026-10-03T06:00:23Z INFO [215/1893] 2c1b08d9-7426-494e-863f-e47b53b4d765: 27 internal nodes; 1.4 s; peak memory 282 MiB.
2026-10-03T06:00:31Z INFO [216/1893] 2c1b623e-bd3a-4d90-ade7-affed136dfa8: 133 internal nodes; 7.6 s; peak memory 282 MiB.
2026-10-03T06:00:34Z INFO [217/1893] 2c1b716a-a32c-452e-8d9f-c51660e8c02c: 42 internal nodes; 2.8 s; peak memory 282 MiB.
2026-10-03T06:00:35Z INFO [218/1893] 2c1be066-8e7a-4622-b5b3-532d455108a4: 83 internal nodes; 1.4 s; peak memory 282 MiB.
2026-10-03T06:00:39Z INFO [219/1893] 2c1c8ca9-66a7-4ed7-b607-c85ab923f32f: 102 internal nodes; 4.2 s; peak memory 282 MiB.
2026-10-03T06:00:40Z INFO [220/1893] 2c1d6186-847a-4bd4-b9f6-a8e89e5629f0: 27 internal nodes; 1.2 s; peak memory 282 MiB.
2026-10-03T06:00:42Z INFO [221/1893] 2c1d6292-6151-4d9c-9310-da9fb2c5007d: 26 internal nodes; 1.4 s; peak memory 282 MiB.
2026-10-03T06:00:53Z INFO [222/1893] 2c1e61d3-9e29-4bb5-8e9c-96c11d18a65c: 183 internal nodes; 11.4 s; peak memory 282 MiB.
2026-10-03T06:00:54Z INFO [223/1893] 2c1edc25-bffd-4b6d-ab01-f1e85600f0cf: 17 internal nodes; 1.0 s; peak memory 282 MiB.
2026-10-03T06:00:56Z INFO [224/1893] 2c1ee58c-8894-4b59-bb94-3c31e673b0d0: 27 internal nodes; 1.5 s; peak memory 282 MiB.
2026-10-03T06:00:57Z INFO [225/1893] 2c236dd8-892b-444a-bf15-4bf523f06df0: 31 internal nodes; 1.5 s; peak memory 282 MiB.
2026-10-03T06:01:01Z INFO [226/1893] 2c24083a-38f4-4a1a-8109-60abd9023a0d: 46 internal nodes; 3.4 s; peak memory 282 MiB.
2026-10-03T06:01:02Z INFO [227/1893] 2c258102-a2a0-4705-9039-9e94a224e2a8: 61 internal nodes; 1.5 s; peak memory 282 MiB.
2026-10-03T06:01:09Z INFO [228/1893] 2c25bfa9-8141-4b89-8053-b2b6b4013183: 177 internal nodes; 7.2 s; peak memory 282 MiB.
2026-10-03T06:01:22Z INFO [229/1893] 2c25cf2b-0f5e-443d-88e6-e14256b59213: 227 internal nodes; 13.0 s; peak memory 282 MiB.
2026-10-03T06:01:23Z INFO [230/1893] 2c25e2ce-aeef-4ab3-b2dd-5f9f51da0750: 17 internal nodes; 1.1 s; peak memory 282 MiB.
2026-10-03T06:01:24Z INFO [231/1893] 2c2654bc-356b-4f5c-8ac1-3b45003bef99: 19 internal nodes; 1.1 s; peak memory 282 MiB.
2026-10-03T06:01:33Z INFO [232/1893] 2c2743e2-f9bb-4a12-88a9-4b23080d03e5: 71 internal nodes; 8.1 s; peak memory 282 MiB.
2026-10-03T06:01:34Z INFO [233/1893] 2c278417-949c-4c27-857e-ff932dc1fff6: 17 internal nodes; 1.1 s; peak memory 282 MiB.
2026-10-03T06:01:35Z INFO [234/1893] 2c27c2e3-e8cb-4ee5-8f81-7a181b0fd58f: 27 internal nodes; 1.2 s; peak memory 282 MiB.
2026-10-03T06:01:36Z INFO [235/1893] 2c280d77-6226-4635-8de4-7bceb89904ac: 15 internal nodes; 1.0 s; peak memory 282 MiB.
2026-10-03T06:01:37Z INFO [236/1893] 2c282585-42ad-4344-b2c6-86dddd74a281: 22 internal nodes; 1.2 s; peak memory 282 MiB.
2026-10-03T06:01:39Z INFO [237/1893] 2c28971e-2b9c-45ec-a171-8b8b311c69aa: 60 internal nodes; 1.6 s; peak memory 282 MiB.
2026-10-03T06:01:40Z INFO [238/1893] 2c290f3e-e1f1-4023-9322-c5b429333bec: 29 internal nodes; 1.3 s; peak memory 282 MiB.
2026-10-03T06:01:41Z INFO [239/1893] 2c2a5fd0-80dc-41e2-8810-4ff47379ef78: 17 internal nodes; 1.1 s; peak memory 282 MiB.
2026-10-03T06:01:42Z INFO [240/1893] 2c2a8634-e73e-45ca-b1a2-9660965e9757: 21 internal nodes; 1.1 s; peak memory 282 MiB.
2026-10-03T06:01:46Z INFO [241/1893] 2c2ad145-cecf-4ae9-a27a-a04058181c79: 73 internal nodes; 4.0 s; peak memory 282 MiB.
2026-10-03T06:01:47Z INFO [242/1893] 2c2bc943-1968-4253-8235-cbf649cb3e14: 17 internal nodes; 1.0 s; peak memory 282 MiB.
2026-10-03T06:02:00Z INFO [243/1893] 2c2bd112-7752-4970-8739-d59aa24b144f: 284 internal nodes; 13.1 s; peak memory 282 MiB.
2026-10-03T06:02:01Z INFO [244/1893] 2c2bd5be-9104-4d26-8216-40929257bebc: 27 internal nodes; 1.2 s; peak memory 282 MiB.
2026-10-03T06:02:02Z INFO [245/1893] 2c2d3c96-ba04-4d0e-8cba-cffcfa49803d: 13 internal nodes; 0.9 s; peak memory 282 MiB.
2026-10-03T06:02:03Z INFO [246/1893] 2c2d8ef4-2225-4032-a57d-ad1c429f8224: 17 internal nodes; 1.0 s; peak memory 282 MiB.
2026-10-03T06:02:14Z INFO [247/1893] 2c2da062-a40e-48af-af28-e9163b7e3f83: 80 internal nodes; 11.0 s; peak memory 282 MiB.
2026-10-03T06:02:16Z INFO [248/1893] 2c2db6c2-fcde-4335-8574-ac7b6f262793: 27 internal nodes; 1.3 s; peak memory 282 MiB.
2026-10-03T06:02:17Z INFO [249/1893] 2c2e4acb-1ce8-4c63-ae32-af3a73a46f4d: 13 internal nodes; 1.1 s; peak memory 282 MiB.
2026-10-03T06:02:18Z INFO [250/1893] 2c2f4765-65c9-4961-a3f0-f697828c0c0d: 25 internal nodes; 1.2 s; peak memory 282 MiB.
2026-10-03T06:02:18Z INFO [250/1893] 2c2f4765-65c9-4961-a3f0-f697828c0c0d: checkpointed 68250 records.
2026-10-03T06:02:19Z INFO [251/1893] 2c2fbf2b-35ab-4aac-8622-fb41913d29a5: 11 internal nodes; 0.9 s; peak memory 282 MiB.
2026-10-03T06:03:16Z INFO [252/1893] 2c2ffd5c-1702-4071-882e-c8d089c03b49: 6318 internal nodes; 56.9 s; peak memory 494 MiB.
2026-10-03T06:03:17Z INFO [253/1893] 2c300631-79ea-4ea0-ba67-84b04f38a950: 13 internal nodes; 0.8 s; peak memory 494 MiB.
2026-10-03T06:03:18Z INFO [254/1893] 2c303878-5b4c-4414-a907-81ce10b57d36: 11 internal nodes; 0.7 s; peak memory 494 MiB.
2026-10-03T06:03:19Z INFO [255/1893] 2c319fd6-3215-4623-af9d-02a90abeb708: 28 internal nodes; 1.8 s; peak memory 494 MiB.
2026-10-03T06:03:26Z INFO [256/1893] 2c31b64a-572d-457a-b9d3-4771fe8ad487: 177 internal nodes; 7.0 s; peak memory 494 MiB.
2026-10-03T06:03:27Z INFO [257/1893] 2c328927-be59-4fc3-b60a-64a15444b239: 18 internal nodes; 1.1 s; peak memory 494 MiB.
2026-10-03T06:03:29Z INFO [258/1893] 2c32b60c-314f-44f2-944d-00e509e0f5ca: 27 internal nodes; 1.3 s; peak memory 494 MiB.
2026-10-03T06:03:30Z INFO [259/1893] 2c33c05e-3a6b-472a-b35b-3fd42e92de0c: 13 internal nodes; 0.8 s; peak memory 494 MiB.
2026-10-03T06:03:31Z INFO [260/1893] 2c34656d-6f4d-4b7c-8d2e-90cb67f79009: 27 internal nodes; 1.2 s; peak memory 494 MiB.
2026-10-03T06:03:32Z INFO [261/1893] 2c34d430-f2aa-4cbe-a7cd-ce7126204be6: 21 internal nodes; 1.3 s; peak memory 494 MiB.
2026-10-03T06:03:34Z INFO [262/1893] 2c34e541-37ae-419e-99f2-9a70ad504277: 31 internal nodes; 1.5 s; peak memory 494 MiB.
2026-10-03T06:03:36Z INFO [263/1893] 2c35cb54-5706-4256-9e00-55d50a7b27f5: 66 internal nodes; 1.9 s; peak memory 494 MiB.
2026-10-03T06:03:37Z INFO [264/1893] 2c35debf-38b6-4e4f-af97-63968217d268: 27 internal nodes; 1.6 s; peak memory 494 MiB.
2026-10-03T06:03:43Z INFO [265/1893] 2c35f9d5-8eed-465f-b039-b9e3b3dfa1d6: 138 internal nodes; 5.7 s; peak memory 494 MiB.
2026-10-03T06:03:44Z INFO [266/1893] 2c36180b-cc4d-46e3-b781-d86c4208242f: 24 internal nodes; 1.1 s; peak memory 494 MiB.
2026-10-03T06:03:45Z INFO [267/1893] 2c36b426-e0fd-4e83-b147-12e03664cb26: 17 internal nodes; 1.0 s; peak memory 494 MiB.
2026-10-03T06:03:47Z INFO [268/1893] 2c37e0f7-16ec-49b8-b73b-ae9b1640f818: 31 internal nodes; 1.9 s; peak memory 494 MiB.
2026-10-03T06:03:48Z INFO [269/1893] 2c37efd7-9cea-4992-a64a-9331a4df15b6: 19 internal nodes; 1.1 s; peak memory 494 MiB.
2026-10-03T06:03:50Z INFO [270/1893] 2c383bb5-db85-4dab-898a-0629a1137100: 30 internal nodes; 2.3 s; peak memory 494 MiB.
2026-10-03T06:03:52Z INFO [271/1893] 2c398142-4581-497f-a301-45ec8ca2b627: 27 internal nodes; 1.5 s; peak memory 494 MiB.
2026-10-03T06:03:53Z INFO [272/1893] 2c3a8da2-938d-4805-b187-0483654b558c: 17 internal nodes; 1.0 s; peak memory 494 MiB.
2026-10-03T06:03:54Z INFO [273/1893] 2c3ba635-f8bd-4200-9d48-281fae5a86ff: 17 internal nodes; 1.2 s; peak memory 494 MiB.
2026-10-03T06:03:56Z INFO [274/1893] 2c3c7fdd-535b-47b7-80c3-400a03a7c669: 31 internal nodes; 1.6 s; peak memory 494 MiB.
2026-10-03T06:03:57Z INFO [275/1893] 2c3e7db3-9f2a-46b4-93a8-1b5f74be0df8: 27 internal nodes; 1.1 s; peak memory 494 MiB.
2026-10-03T06:04:04Z INFO [276/1893] 2c3e8a87-afb4-417a-ac03-0f7e5d35617e: 138 internal nodes; 6.8 s; peak memory 494 MiB.
2026-10-03T06:04:14Z INFO [277/1893] 2c3e9ed9-b996-4c0f-ba64-080d8b16680f: 252 internal nodes; 10.1 s; peak memory 494 MiB.
2026-10-03T06:04:17Z INFO [278/1893] 2c3ee816-6db8-4a4c-a18e-6e44343806c3: 46 internal nodes; 3.3 s; peak memory 494 MiB.
2026-10-03T06:04:18Z INFO [279/1893] 2c3f3828-80a4-4494-be41-77af6cf80ee1: 27 internal nodes; 1.3 s; peak memory 494 MiB.
2026-10-03T06:04:21Z INFO [280/1893] 2c3fadbc-a556-421e-96b0-644978a45b4a: 63 internal nodes; 2.6 s; peak memory 494 MiB.
2026-10-03T06:04:22Z INFO [281/1893] 2c40168a-4371-4c40-8b9d-796ca1d7ea81: 31 internal nodes; 1.6 s; peak memory 494 MiB.
2026-10-03T06:04:24Z INFO [282/1893] 2c40f8a5-1fc5-451f-9724-1a429b362bde: 39 internal nodes; 1.5 s; peak memory 494 MiB.
2026-10-03T06:04:25Z INFO [283/1893] 2c4119ab-ca0a-40db-87db-1aca95ad68e9: 26 internal nodes; 0.9 s; peak memory 494 MiB.
2026-10-03T06:04:26Z INFO [284/1893] 2c4201a7-ea3b-4d00-ac15-3d96fb5147ac: 27 internal nodes; 1.4 s; peak memory 494 MiB.
2026-10-03T06:04:28Z INFO [285/1893] 2c4266a0-22f8-448f-9c20-baf05fdcedee: 54 internal nodes; 1.4 s; peak memory 494 MiB.
2026-10-03T06:04:47Z INFO [286/1893] 2c4267b1-e221-4a29-aa03-3da0ae6bfc89: 371 internal nodes; 19.6 s; peak memory 494 MiB.
2026-10-03T06:04:48Z INFO [287/1893] 2c439c8f-b6b2-4964-9fea-ddf95556779a: 17 internal nodes; 1.1 s; peak memory 494 MiB.
2026-10-03T06:04:49Z INFO [288/1893] 2c43fc66-41e8-4939-9695-957cc95f3d2e: 13 internal nodes; 0.9 s; peak memory 494 MiB.
2026-10-03T06:04:50Z INFO [289/1893] 2c4529a5-54d4-4137-a203-0234da6e8b72: 17 internal nodes; 1.1 s; peak memory 494 MiB.
2026-10-03T06:04:52Z INFO [290/1893] 2c45890a-1d25-4571-8eae-ae35f7e59fd0: 56 internal nodes; 1.5 s; peak memory 494 MiB.
2026-10-03T06:04:54Z INFO [291/1893] 2c45f7f6-4385-4674-b286-7136c27a6cff: 40 internal nodes; 1.6 s; peak memory 494 MiB.
2026-10-03T06:04:57Z INFO [292/1893] 2c4623d0-7eeb-4ccc-b67b-40dd89cd5861: 44 internal nodes; 3.1 s; peak memory 494 MiB.
2026-10-03T06:05:00Z INFO [293/1893] 2c468648-ec02-4735-bf64-3d43fcf7ef4f: 97 internal nodes; 3.8 s; peak memory 494 MiB.
2026-10-03T06:05:01Z INFO [294/1893] 2c479f9a-e2e6-4b3b-9f25-de6aa179b849: 22 internal nodes; 1.0 s; peak memory 494 MiB.
2026-10-03T06:05:02Z INFO [295/1893] 2c47b898-6e96-4090-8b5b-0af5335bbe68: 17 internal nodes; 1.0 s; peak memory 494 MiB.
2026-10-03T06:05:11Z INFO [296/1893] 2c4807cb-2668-4be8-bf2b-f8a586885a03: 193 internal nodes; 8.8 s; peak memory 494 MiB.
2026-10-03T06:05:13Z INFO [297/1893] 2c487df3-a7e7-46f7-acc6-c85839a66ee3: 27 internal nodes; 1.6 s; peak memory 494 MiB.
2026-10-03T06:05:18Z INFO [298/1893] 2c4958e7-dc43-4acd-82cd-7a6755eaf9d7: 123 internal nodes; 5.6 s; peak memory 494 MiB.
2026-10-03T06:05:19Z INFO [299/1893] 2c496555-5ca8-434a-94a3-94b4f15900d6: 13 internal nodes; 0.9 s; peak memory 494 MiB.
2026-10-03T06:05:22Z INFO [300/1893] 2c497f3f-c0f5-4559-92c0-401ab1945008: 44 internal nodes; 2.7 s; peak memory 494 MiB.
2026-10-03T06:05:22Z INFO [300/1893] 2c497f3f-c0f5-4559-92c0-401ab1945008: checkpointed 68300 records.
2026-10-03T06:05:23Z INFO [301/1893] 2c49a6ff-f8e8-4031-9108-cf85b53198b9: 17 internal nodes; 1.1 s; peak memory 494 MiB.
2026-10-03T06:05:24Z INFO [302/1893] 2c4a1787-9e0c-4136-9db4-0c4c5f019664: 27 internal nodes; 1.1 s; peak memory 494 MiB.
2026-10-03T06:05:26Z INFO [303/1893] 2c4a2416-0501-4f2f-9d43-0560fa30d389: 27 internal nodes; 1.3 s; peak memory 494 MiB.
2026-10-03T06:05:34Z INFO [304/1893] 2c4a4038-285f-4048-978b-6c66af186d10: 196 internal nodes; 8.0 s; peak memory 494 MiB.
2026-10-03T06:05:41Z INFO [305/1893] 2c4ce994-bf58-45a8-8979-a976041f1648: 73 internal nodes; 7.1 s; peak memory 494 MiB.
2026-10-03T06:05:42Z INFO [306/1893] 2c4cf9cd-5ed0-4904-8533-f2a70ddccf11: 61 internal nodes; 1.7 s; peak memory 494 MiB.
2026-10-03T06:05:50Z INFO [307/1893] 2c4d3b92-e022-47d7-b752-1c2a2462f144: 201 internal nodes; 7.9 s; peak memory 494 MiB.
2026-10-03T06:05:55Z INFO [308/1893] 2c4dae78-e7f0-4b49-a2a0-40ced2e9ea2f: 101 internal nodes; 4.3 s; peak memory 494 MiB.
2026-10-03T06:06:16Z INFO [309/1893] 2c4db669-7eec-4cff-bb61-60cbe44d7e0e: 142 internal nodes; 21.1 s; peak memory 494 MiB.
2026-10-03T06:06:17Z INFO [310/1893] 2c4ee85f-10f6-4d0c-b0fc-baff56b8730c: 27 internal nodes; 1.3 s; peak memory 494 MiB.
2026-10-03T06:06:23Z INFO [311/1893] 2c4f28f7-0a5e-4ef7-b57c-e55704609254: 73 internal nodes; 5.7 s; peak memory 494 MiB.
2026-10-03T06:06:24Z INFO [312/1893] 2c4f50e2-102d-44ba-a8b7-490db84b3eb3: 114 internal nodes; 1.1 s; peak memory 494 MiB.
2026-10-03T06:06:25Z INFO [313/1893] 2c4f5e99-5c3e-44bc-a16d-eb22b6c88850: 27 internal nodes; 1.3 s; peak memory 494 MiB.
2026-10-03T06:06:26Z INFO [314/1893] 2c4f9861-aec9-4ecd-96a4-a7832eec48fb: 54 internal nodes; 1.2 s; peak memory 494 MiB.
2026-10-03T06:06:28Z INFO [315/1893] 2c4fd32c-2ba9-4ea1-a706-786c27f5ff28: 27 internal nodes; 1.2 s; peak memory 494 MiB.
2026-10-03T06:06:39Z INFO [316/1893] 2c503fda-512d-4ccf-b341-1ae50ea7a5e4: 242 internal nodes; 11.2 s; peak memory 494 MiB.
2026-10-03T06:06:40Z INFO [317/1893] 2c510cba-c832-476b-8e8a-8c8b96d4d7fa: 17 internal nodes; 1.1 s; peak memory 494 MiB.
2026-10-03T06:06:41Z INFO [318/1893] 2c51d993-8c2c-4521-9806-eee7c7d1ed42: 17 internal nodes; 1.1 s; peak memory 494 MiB.
2026-10-03T06:06:42Z INFO [319/1893] 2c53bde3-80c9-44ff-916f-a984565e9ecd: 17 internal nodes; 1.1 s; peak memory 494 MiB.
2026-10-03T06:06:43Z INFO [320/1893] 2c5557d4-5d6f-47c6-b713-1e79c3b29a64: 27 internal nodes; 1.2 s; peak memory 494 MiB.
2026-10-03T06:06:45Z INFO [321/1893] 2c559b03-ddcd-4b63-87bf-fe61b3702036: 27 internal nodes; 1.3 s; peak memory 494 MiB.
2026-10-03T06:06:46Z INFO [322/1893] 2c55ab43-6fe7-4ae5-9b2c-0e1379ecb78b: 17 internal nodes; 1.0 s; peak memory 494 MiB.
2026-10-03T06:06:47Z INFO [323/1893] 2c55efb8-39e1-49a7-a00a-42e97e53b059: 31 internal nodes; 1.5 s; peak memory 494 MiB.
2026-10-03T06:06:53Z INFO [324/1893] 2c564087-d900-4805-9c05-f01ffb62653e: 134 internal nodes; 6.0 s; peak memory 494 MiB.
2026-10-03T06:06:54Z INFO [325/1893] 2c5756f4-e138-48f3-910c-964a4db3dacb: 27 internal nodes; 1.2 s; peak memory 494 MiB.
2026-10-03T06:06:56Z INFO [326/1893] 2c577719-1298-4452-84ef-bfed6f49715d: 24 internal nodes; 1.6 s; peak memory 494 MiB.
2026-10-03T06:06:57Z INFO [327/1893] 2c5786e1-b163-45d9-be85-6606ea2b7b05: 11 internal nodes; 0.8 s; peak memory 494 MiB.
2026-10-03T06:06:58Z INFO [328/1893] 2c57916e-c950-469b-928a-e787b389fc34: 53 internal nodes; 1.6 s; peak memory 494 MiB.
2026-10-03T06:06:59Z INFO [329/1893] 2c57b035-34c4-42a5-8b00-fa34c848142a: 17 internal nodes; 1.1 s; peak memory 494 MiB.
2026-10-03T06:07:01Z INFO [330/1893] 2c57e7af-705f-47b5-af21-8f3b68611622: 115 internal nodes; 1.4 s; peak memory 494 MiB.
2026-10-03T06:07:02Z INFO [331/1893] 2c583fd7-a69b-4d92-bb22-fadd691329fa: 27 internal nodes; 1.3 s; peak memory 494 MiB.
2026-10-03T06:07:03Z INFO [332/1893] 2c584ac1-36cc-4c87-a2ee-754a2c774e48: 22 internal nodes; 0.9 s; peak memory 494 MiB.
2026-10-03T06:07:04Z INFO [333/1893] 2c5856b6-31fd-464d-a5c6-02b87e3999ab: 21 internal nodes; 1.3 s; peak memory 494 MiB.
2026-10-03T06:07:05Z INFO [334/1893] 2c586315-e000-4c47-8c7e-a250bd9691ca: 26 internal nodes; 0.7 s; peak memory 494 MiB.
2026-10-03T06:07:07Z INFO [335/1893] 2c59611e-7619-438d-80d0-2bd26f4ec763: 44 internal nodes; 2.2 s; peak memory 494 MiB.
2026-10-03T06:07:09Z INFO [336/1893] 2c5997bd-d6e5-4e88-8862-f65e0df88cca: 31 internal nodes; 1.8 s; peak memory 494 MiB.
2026-10-03T06:07:10Z INFO [337/1893] 2c5a1ee3-97b4-4ac0-8d73-db26ef37864a: 17 internal nodes; 1.0 s; peak memory 494 MiB.
2026-10-03T06:07:21Z INFO [338/1893] 2c5abe7b-0807-4416-8b11-ea24cbd1fa03: 89 internal nodes; 10.6 s; peak memory 494 MiB.
2026-10-03T06:07:22Z INFO [339/1893] 2c5b5d4c-1035-46e7-ae14-236a7067e933: 17 internal nodes; 1.0 s; peak memory 494 MiB.
2026-10-03T06:07:23Z INFO [340/1893] 2c5b80a3-d01a-40ad-80e1-cb66f4d89d29: 19 internal nodes; 1.0 s; peak memory 494 MiB.
2026-10-03T06:07:23Z INFO [341/1893] 2c5c2f13-18bf-4aa0-b049-6437ee099f64: 11 internal nodes; 0.8 s; peak memory 494 MiB.
2026-10-03T06:07:25Z INFO [342/1893] 2c5ca2d0-b484-41e6-a771-98b488b9317f: 55 internal nodes; 1.4 s; peak memory 494 MiB.
2026-10-03T06:07:31Z INFO [343/1893] 2c5f197e-fa49-4b8d-888d-4f7963851076: 54 internal nodes; 6.2 s; peak memory 494 MiB.
2026-10-03T06:07:32Z INFO [344/1893] 2c5f3fa3-b1cb-4168-b7d3-ae3286ffd1e4: 17 internal nodes; 1.1 s; peak memory 494 MiB.
2026-10-03T06:07:40Z INFO [345/1893] 2c600517-e3a6-4cba-b025-c83195fa4f5d: 215 internal nodes; 7.9 s; peak memory 494 MiB.
2026-10-03T06:07:43Z INFO [346/1893] 2c61d415-f073-473a-850d-af1bc821ff39: 46 internal nodes; 3.2 s; peak memory 494 MiB.
2026-10-03T06:07:44Z INFO [347/1893] 2c6420e9-35da-4c31-a56e-958c116fc7cf: 17 internal nodes; 1.1 s; peak memory 494 MiB.
2026-10-03T06:07:45Z INFO [348/1893] 2c656a8e-3e90-46e0-a008-088d53654b97: 17 internal nodes; 1.0 s; peak memory 494 MiB.
2026-10-03T06:07:50Z INFO [349/1893] 2c65795f-d24f-4694-9052-3c4622b5f5c9: 88 internal nodes; 4.4 s; peak memory 494 MiB.
2026-10-03T06:08:01Z INFO [350/1893] 2c672913-9493-4c89-a5c5-17323917de4b: 209 internal nodes; 11.0 s; peak memory 494 MiB.
2026-10-03T06:08:01Z INFO [350/1893] 2c672913-9493-4c89-a5c5-17323917de4b: checkpointed 68350 records.
2026-10-03T06:08:03Z INFO [351/1893] 2c6789b6-56a2-4a23-b09a-644d8db90e85: 66 internal nodes; 1.7 s; peak memory 494 MiB.
2026-10-03T06:08:04Z INFO [352/1893] 2c679df8-bec8-4f95-9234-dc35dd9323e2: 26 internal nodes; 1.5 s; peak memory 494 MiB.
2026-10-03T06:08:09Z INFO [353/1893] 2c684549-fbfa-4019-bca8-f5a7f22311b8: 57 internal nodes; 4.6 s; peak memory 494 MiB.
2026-10-03T06:08:10Z INFO [354/1893] 2c689e83-c7ae-4dd5-aeaa-fbc5dc1c62b8: 27 internal nodes; 1.2 s; peak memory 494 MiB.
2026-10-03T06:08:12Z INFO [355/1893] 2c68affe-ace4-4a60-aedc-fbfec7ed6c73: 53 internal nodes; 1.6 s; peak memory 494 MiB.
2026-10-03T06:08:13Z INFO [356/1893] 2c694f92-7254-4491-9ecf-9f6e7f41e5ea: 29 internal nodes; 1.3 s; peak memory 494 MiB.
2026-10-03T06:08:14Z INFO [357/1893] 2c69c533-9bcb-4a61-8192-e004c246cbea: 27 internal nodes; 1.3 s; peak memory 494 MiB.
2026-10-03T06:08:15Z INFO [358/1893] 2c6a7ed1-22df-46d0-9764-351cf02f1b4a: 18 internal nodes; 0.9 s; peak memory 494 MiB.
2026-10-03T06:08:17Z INFO [359/1893] 2c6b3e5c-1314-49ff-99eb-686a35aa25d5: 29 internal nodes; 1.6 s; peak memory 494 MiB.
2026-10-03T06:08:18Z INFO [360/1893] 2c6c7eba-db73-41a9-be3a-434539905571: 17 internal nodes; 1.0 s; peak memory 494 MiB.
2026-10-03T06:08:20Z INFO [361/1893] 2c6cee21-6cad-44e2-8548-758d8a7afc87: 72 internal nodes; 2.3 s; peak memory 494 MiB.
2026-10-03T06:08:22Z INFO [362/1893] 2c6d4c6c-06de-478d-be66-2492d94e7c1b: 29 internal nodes; 2.2 s; peak memory 494 MiB.
2026-10-03T06:08:23Z INFO [363/1893] 2c6d6389-1097-4bb8-b443-4189f9d9e002: 17 internal nodes; 1.2 s; peak memory 494 MiB.
2026-10-03T06:08:25Z INFO [364/1893] 2c6d85f8-b6ba-4481-bb1d-fd001519de59: 22 internal nodes; 1.4 s; peak memory 494 MiB.
2026-10-03T06:08:27Z INFO [365/1893] 2c6dca28-8ffb-481c-90f0-d36b68fe6ec2: 44 internal nodes; 2.8 s; peak memory 494 MiB.
2026-10-03T06:08:29Z INFO [366/1893] 2c6df0c8-aded-4daf-a440-c562ec743539: 31 internal nodes; 1.3 s; peak memory 494 MiB.
2026-10-03T06:08:30Z INFO [367/1893] 2c6f028c-30b1-4b59-aec9-dc244d22561d: 17 internal nodes; 1.1 s; peak memory 494 MiB.
2026-10-03T06:08:32Z INFO [368/1893] 2c6f16c9-14e8-4989-9337-9271802814e5: 44 internal nodes; 2.5 s; peak memory 494 MiB.
2026-10-03T06:08:34Z INFO [369/1893] 2c6f9304-29bc-4516-a7d7-c52f6ccef2c9: 31 internal nodes; 1.2 s; peak memory 494 MiB.
2026-10-03T06:08:36Z INFO [370/1893] 2c70255a-d24e-4695-bf49-905c9d1a3766: 60 internal nodes; 2.8 s; peak memory 494 MiB.
2026-10-03T06:08:37Z INFO [371/1893] 2c702687-2fb1-42e9-9d09-537031745464: 17 internal nodes; 1.1 s; peak memory 494 MiB.
2026-10-03T06:08:47Z INFO [372/1893] 2c706aeb-193e-4b5c-ac49-7982ada1eb47: 321 internal nodes; 9.8 s; peak memory 494 MiB.
2026-10-03T06:08:49Z INFO [373/1893] 2c70debc-8cd2-4e8f-8e21-d50de2bdc54b: 27 internal nodes; 1.3 s; peak memory 494 MiB.
2026-10-03T06:08:50Z INFO [374/1893] 2c711963-f50e-4489-9a36-f7f3e2d2290d: 27 internal nodes; 1.3 s; peak memory 494 MiB.
2026-10-03T06:08:52Z INFO [375/1893] 2c72c310-4eef-4cf0-a07f-3c3cff8742e9: 35 internal nodes; 2.1 s; peak memory 494 MiB.
2026-10-03T06:08:53Z INFO [376/1893] 2c73465d-67b4-44df-b701-c8a217b7bcc2: 22 internal nodes; 1.3 s; peak memory 494 MiB.
2026-10-03T06:08:55Z INFO [377/1893] 2c739b94-076a-484a-8fcc-9d15e490f603: 29 internal nodes; 1.6 s; peak memory 494 MiB.
2026-10-03T06:08:56Z INFO [378/1893] 2c757500-0a38-4e7c-a340-5d1679f90a9d: 24 internal nodes; 1.4 s; peak memory 494 MiB.
2026-10-03T06:08:57Z INFO [379/1893] 2c766f80-75d6-4a55-b8b7-c3b61293b26d: 17 internal nodes; 0.9 s; peak memory 494 MiB.
2026-10-03T06:08:58Z INFO [380/1893] 2c76ea51-f0ee-4661-9585-bd7c5ed6fd47: 17 internal nodes; 0.8 s; peak memory 494 MiB.
2026-10-03T06:08:59Z INFO [381/1893] 2c76f0fb-f1c6-4254-a987-e6781e4d0411: 13 internal nodes; 1.1 s; peak memory 494 MiB.
2026-10-03T06:09:00Z INFO [382/1893] 2c772f75-a25a-4952-9171-e1e0a9522ca8: 17 internal nodes; 1.0 s; peak memory 494 MiB.
2026-10-03T06:09:02Z INFO [383/1893] 2c7739c1-345c-47fa-b17c-cf7f45cceedd: 27 internal nodes; 1.3 s; peak memory 494 MiB.
2026-10-03T06:09:04Z INFO [384/1893] 2c77f392-da64-462f-99a9-7d58b10702be: 39 internal nodes; 2.9 s; peak memory 494 MiB.
2026-10-03T06:09:06Z INFO [385/1893] 2c77fac9-ebcf-4078-a82b-2260bf8ed2fa: 27 internal nodes; 1.3 s; peak memory 494 MiB.
2026-10-03T06:10:52Z INFO [386/1893] 2c788c06-6bcf-4e03-913b-2230f1ff55bf: 2639 internal nodes; 106.2 s; peak memory 494 MiB.
2026-10-03T06:10:53Z INFO [387/1893] 2c790782-ab38-4ea9-bba0-e654955f5953: 19 internal nodes; 1.4 s; peak memory 494 MiB.
2026-10-03T06:10:55Z INFO [388/1893] 2c79de34-8dbf-42b5-8a59-e2ed64d89ca0: 63 internal nodes; 1.5 s; peak memory 494 MiB.
2026-10-03T06:10:56Z INFO [389/1893] 2c7a3608-478c-41ea-b9e9-451702d41cc4: 17 internal nodes; 1.1 s; peak memory 494 MiB.
2026-10-03T06:10:57Z INFO [390/1893] 2c7afe41-30ff-4ced-b3c5-f29df5897e8b: 27 internal nodes; 1.3 s; peak memory 494 MiB.
2026-10-03T06:10:59Z INFO [391/1893] 2c7b00e6-5cc2-48b2-b6d3-c3d6b39baf07: 58 internal nodes; 2.1 s; peak memory 494 MiB.
2026-10-03T06:11:01Z INFO [392/1893] 2c7b853b-5f2b-4ab6-9137-8771c1371de8: 31 internal nodes; 1.6 s; peak memory 494 MiB.
2026-10-03T06:11:02Z INFO [393/1893] 2c7b88e7-4d37-4b26-b531-6efb48435fc6: 11 internal nodes; 0.8 s; peak memory 494 MiB.
2026-10-03T06:11:03Z INFO [394/1893] 2c7c3b12-0fdc-482c-b93b-f7df0e0caffb: 31 internal nodes; 1.6 s; peak memory 494 MiB.
2026-10-03T06:11:09Z INFO [395/1893] 2c7c6b2a-1660-4068-ac7b-a6409d7bcccd: 120 internal nodes; 5.3 s; peak memory 494 MiB.
2026-10-03T06:11:10Z INFO [396/1893] 2c7cd48a-4471-415d-8cea-bd129f1bdd35: 27 internal nodes; 1.5 s; peak memory 494 MiB.
2026-10-03T06:11:14Z INFO [397/1893] 2c7def6b-2f60-4f6e-ab81-8ea8a774eb87: 53 internal nodes; 4.0 s; peak memory 494 MiB.
2026-10-03T06:11:15Z INFO [398/1893] 2c7eb346-550a-4fe0-a823-814f29f92d26: 17 internal nodes; 1.2 s; peak memory 494 MiB.
2026-10-03T06:11:17Z INFO [399/1893] 2c80310c-015e-4caa-ae25-842264d1811a: 28 internal nodes; 1.7 s; peak memory 494 MiB.
2026-10-03T06:13:10Z INFO [400/1893] 2c80601b-30d3-451c-a121-b192b7699a3a: 4045 internal nodes; 113.1 s; peak memory 494 MiB.
2026-10-03T06:13:10Z INFO [400/1893] 2c80601b-30d3-451c-a121-b192b7699a3a: checkpointed 68400 records.
2026-10-03T06:13:16Z INFO [401/1893] 2c80a4ca-71f2-4354-91a6-c2dde16e34e9: 126 internal nodes; 5.9 s; peak memory 494 MiB.
2026-10-03T06:13:18Z INFO [402/1893] 2c8156a4-0aa6-4600-a7c4-d870067c4bc2: 31 internal nodes; 1.6 s; peak memory 494 MiB.
2026-10-03T06:13:19Z INFO [403/1893] 2c815d50-088a-410f-a241-9946aa22e637: 17 internal nodes; 1.0 s; peak memory 494 MiB.
2026-10-03T06:13:26Z INFO [404/1893] 2c82b9e5-ec4d-4c30-a534-9d6397341085: 58 internal nodes; 7.3 s; peak memory 494 MiB.
2026-10-03T06:13:30Z INFO [405/1893] 2c839593-d391-4018-9939-9e973e35d02b: 36 internal nodes; 3.3 s; peak memory 494 MiB.
2026-10-03T06:13:31Z INFO [406/1893] 2c83fcc1-9fda-4b43-a560-43a5032ae7b9: 27 internal nodes; 1.3 s; peak memory 494 MiB.
2026-10-03T06:13:32Z INFO [407/1893] 2c8424e4-a263-4233-b032-eeaf65459a43: 11 internal nodes; 1.0 s; peak memory 494 MiB.
2026-10-03T06:13:33Z INFO [408/1893] 2c843e6f-2f60-45ff-8f9c-400a300b0132: 17 internal nodes; 1.4 s; peak memory 494 MiB.
2026-10-03T06:13:34Z INFO [409/1893] 2c845952-4a5d-47a9-949e-8beb47600507: 27 internal nodes; 1.3 s; peak memory 494 MiB.
2026-10-03T06:13:37Z INFO [410/1893] 2c8467e4-6747-42f5-8726-16927969b626: 69 internal nodes; 2.2 s; peak memory 494 MiB.
2026-10-03T06:13:38Z INFO [411/1893] 2c849f66-0e21-44df-a43e-f31c4c040c0e: 18 internal nodes; 0.9 s; peak memory 494 MiB.
2026-10-03T06:13:38Z INFO [412/1893] 2c851bd5-be25-4a68-8e7a-8d63d9991888: 11 internal nodes; 0.7 s; peak memory 494 MiB.
2026-10-03T06:13:39Z INFO [413/1893] 2c856987-602e-44f2-86ff-508645507481: 18 internal nodes; 1.2 s; peak memory 494 MiB.
2026-10-03T06:13:41Z INFO [414/1893] 2c863ed5-872c-4971-bde6-7f2f6b2a7d6a: 17 internal nodes; 1.1 s; peak memory 494 MiB.
2026-10-03T06:13:58Z INFO [415/1893] 2c877525-75a5-4037-ae85-6747d7a6df8c: 133 internal nodes; 17.2 s; peak memory 494 MiB.
2026-10-03T06:13:59Z INFO [416/1893] 2c87aa6a-6be9-4a95-ac44-1d1c95088c7e: 69 internal nodes; 1.7 s; peak memory 494 MiB.
2026-10-03T06:14:01Z INFO [417/1893] 2c886487-5379-4f9a-b863-1aaa1825b728: 25 internal nodes; 1.2 s; peak memory 494 MiB.
2026-10-03T06:14:01Z INFO [418/1893] 2c88a833-8319-4baa-98e9-c4f24607bb94: 26 internal nodes; 0.8 s; peak memory 494 MiB.
2026-10-03T06:14:02Z INFO [419/1893] 2c88ea8d-a8c7-4137-be1a-2def3238cc18: 26 internal nodes; 0.7 s; peak memory 494 MiB.
2026-10-03T06:14:04Z INFO [420/1893] 2c891ac8-1b0f-4ca1-9b2b-71ba7df75bb0: 27 internal nodes; 1.5 s; peak memory 494 MiB.
2026-10-03T06:14:05Z INFO [421/1893] 2c89ea36-c27c-4cca-bd25-919bae42e7f9: 25 internal nodes; 0.8 s; peak memory 494 MiB.
2026-10-03T06:14:06Z INFO [422/1893] 2c8a221f-8dc1-45ec-8765-b3e09f9656eb: 114 internal nodes; 1.2 s; peak memory 494 MiB.
2026-10-03T06:14:12Z INFO [423/1893] 2c8a72ee-16d1-4ec1-b461-bf6257cd76b4: 73 internal nodes; 6.1 s; peak memory 494 MiB.
2026-10-03T06:14:13Z INFO [424/1893] 2c8ae61b-161c-4ee7-b629-a3be981f1674: 29 internal nodes; 1.3 s; peak memory 494 MiB.
2026-10-03T06:14:14Z INFO [425/1893] 2c8bae2c-0237-4188-8ab8-43a829645173: 27 internal nodes; 1.3 s; peak memory 494 MiB.
2026-10-03T06:14:20Z INFO [426/1893] 2c8ce069-3326-43af-b155-fb63a8b7ce85: 73 internal nodes; 5.6 s; peak memory 494 MiB.
2026-10-03T06:14:21Z INFO [427/1893] 2c8d1a67-bf74-49ba-92e7-2c510d039555: 27 internal nodes; 1.2 s; peak memory 494 MiB.
2026-10-03T06:14:22Z INFO [428/1893] 2c8d731b-62cc-4988-af73-0174e9f41daf: 11 internal nodes; 0.8 s; peak memory 494 MiB.
2026-10-03T06:14:25Z INFO [429/1893] 2c8e339f-2410-403e-8dfc-ff79547f8483: 50 internal nodes; 2.9 s; peak memory 494 MiB.
2026-10-03T06:14:35Z INFO [430/1893] 2c8e5476-42aa-4c7b-b58f-a44ff83cad45: 87 internal nodes; 10.5 s; peak memory 494 MiB.
2026-10-03T06:14:36Z INFO [431/1893] 2c8ed00e-902f-4551-b71b-3151f41e0ecc: 29 internal nodes; 1.0 s; peak memory 494 MiB.
2026-10-03T06:14:38Z INFO [432/1893] 2c8f1056-6d20-480f-ac11-f6c195286d51: 13 internal nodes; 1.1 s; peak memory 494 MiB.
2026-10-03T06:14:40Z INFO [433/1893] 2c8f130f-8fcf-4323-993a-210ccdc1608e: 35 internal nodes; 2.2 s; peak memory 494 MiB.
2026-10-03T06:14:42Z INFO [434/1893] 2c8fad95-eda6-462b-b948-120fb22d941c: 69 internal nodes; 2.5 s; peak memory 494 MiB.
2026-10-03T06:14:44Z INFO [435/1893] 2c8fc688-62e6-42e9-b254-132d89dd8567: 55 internal nodes; 2.1 s; peak memory 494 MiB.
2026-10-03T06:14:46Z INFO [436/1893] 2c8fc860-3e75-4d05-b056-53f04c82abac: 19 internal nodes; 1.1 s; peak memory 494 MiB.
2026-10-03T06:14:47Z INFO [437/1893] 2c903d95-1635-4e47-8e36-2fd996008b36: 17 internal nodes; 1.0 s; peak memory 494 MiB.
2026-10-03T06:14:48Z INFO [438/1893] 2c908520-a000-4d96-a9e2-df4c8bb41e58: 29 internal nodes; 1.8 s; peak memory 494 MiB.
2026-10-03T06:14:54Z INFO [439/1893] 2c9114bf-27fd-4dc8-bfbb-5b9ac2235b55: 73 internal nodes; 5.9 s; peak memory 494 MiB.
2026-10-03T06:14:56Z INFO [440/1893] 2c912f19-aaa4-473c-a70a-538a11355f04: 17 internal nodes; 1.3 s; peak memory 494 MiB.
2026-10-03T06:14:57Z INFO [441/1893] 2c918cd5-7829-411b-91bb-da00bcadb078: 17 internal nodes; 1.0 s; peak memory 494 MiB.
2026-10-03T06:14:58Z INFO [442/1893] 2c918ea9-a715-48d9-9776-7405bcc939d4: 62 internal nodes; 1.7 s; peak memory 494 MiB.
2026-10-03T06:15:01Z INFO [443/1893] 2c91f812-875e-4c1c-b0e0-3183aeeef886: 21 internal nodes; 2.7 s; peak memory 494 MiB.
2026-10-03T06:15:02Z INFO [444/1893] 2c92d4e0-a90f-4635-a1d4-614fea2d3dca: 17 internal nodes; 1.1 s; peak memory 494 MiB.
2026-10-03T06:15:03Z INFO [445/1893] 2c92f227-4ffd-4e42-b681-d616f5e244e8: 56 internal nodes; 1.5 s; peak memory 494 MiB.
2026-10-03T06:15:05Z INFO [446/1893] 2c93c63a-9775-4a2b-bb84-0a9e92b9b6ca: 36 internal nodes; 1.8 s; peak memory 494 MiB.
2026-10-03T06:15:07Z INFO [447/1893] 2c948f31-78ed-43b1-81e3-a6d0e7ec6e36: 27 internal nodes; 1.3 s; peak memory 494 MiB.
2026-10-03T06:15:08Z INFO [448/1893] 2c95981e-397e-46d8-b23c-2fdddbbe2a00: 31 internal nodes; 1.5 s; peak memory 494 MiB.
2026-10-03T06:15:17Z INFO [449/1893] 2c95c693-3ac7-4c52-96c7-43ee0663841c: 236 internal nodes; 8.5 s; peak memory 494 MiB.
2026-10-03T06:15:31Z INFO [450/1893] 2c96b564-7216-4dfe-aea3-ddd9a4f7bc76: 385 internal nodes; 14.0 s; peak memory 494 MiB.
2026-10-03T06:15:31Z INFO [450/1893] 2c96b564-7216-4dfe-aea3-ddd9a4f7bc76: checkpointed 68450 records.
2026-10-03T06:15:32Z INFO [451/1893] 2c96d7f1-cd53-4b8a-9a8a-5fbbc5b67606: 17 internal nodes; 1.1 s; peak memory 494 MiB.
2026-10-03T06:15:33Z INFO [452/1893] 2c96e527-01f8-48e8-bcf7-567fcd7331e7: 13 internal nodes; 0.9 s; peak memory 494 MiB.
2026-10-03T06:15:36Z INFO [453/1893] 2c975c9a-98ba-49cc-a157-f96036dfabbf: 45 internal nodes; 3.6 s; peak memory 494 MiB.
2026-10-03T06:15:38Z INFO [454/1893] 2c976d13-e78d-4bda-9c07-b4ef1c803ce7: 31 internal nodes; 1.8 s; peak memory 494 MiB.
2026-10-03T06:15:40Z INFO [455/1893] 2c978186-9255-4ba2-b4ba-5eca52cd592b: 31 internal nodes; 1.6 s; peak memory 494 MiB.
2026-10-03T06:15:41Z INFO [456/1893] 2c98c191-a1aa-4e68-be54-61de28d3b7e9: 17 internal nodes; 1.1 s; peak memory 494 MiB.
2026-10-03T06:15:42Z INFO [457/1893] 2c997c12-0948-4d22-bcf1-e8f44f30b25c: 27 internal nodes; 1.5 s; peak memory 494 MiB.
2026-10-03T06:15:44Z INFO [458/1893] 2c9a5355-a76a-48c8-9706-c6ad9337881e: 17 internal nodes; 1.1 s; peak memory 494 MiB.
2026-10-03T06:15:45Z INFO [459/1893] 2c9acf82-1fbd-48f8-baeb-ed304cedce4c: 15 internal nodes; 1.0 s; peak memory 494 MiB.
2026-10-03T06:15:46Z INFO [460/1893] 2c9add55-45b6-4e04-87ba-42cc01af4428: 16 internal nodes; 1.0 s; peak memory 494 MiB.
2026-10-03T06:15:47Z INFO [461/1893] 2c9bc67b-6ba0-4639-83ff-621f34f8d3f8: 67 internal nodes; 1.9 s; peak memory 494 MiB.
2026-10-03T06:15:49Z INFO [462/1893] 2c9ce6f8-3507-412b-83e8-85a9a4a25e65: 62 internal nodes; 1.5 s; peak memory 494 MiB.
2026-10-03T06:15:51Z INFO [463/1893] 2c9eaef3-2959-4f4f-8a5f-ba7cdabe0515: 59 internal nodes; 2.2 s; peak memory 494 MiB.
2026-10-03T06:16:00Z INFO [464/1893] 2c9eeb82-cf57-452a-8b2e-64397f94886d: 181 internal nodes; 9.0 s; peak memory 494 MiB.
2026-10-03T06:16:01Z INFO [465/1893] 2c9f0d18-4ec4-444a-890b-32f9a258d9e7: 17 internal nodes; 1.0 s; peak memory 494 MiB.
2026-10-03T06:16:03Z INFO [466/1893] 2c9f2c9c-b353-465c-bf01-0c5e2ab33ca4: 37 internal nodes; 2.0 s; peak memory 494 MiB.
2026-10-03T06:16:07Z INFO [467/1893] 2c9f7486-3595-4792-a5c3-7e98b1249cde: 25 internal nodes; 3.4 s; peak memory 494 MiB.
2026-10-03T06:16:07Z INFO [468/1893] 2ca0d224-0550-49eb-9e76-009d4e11bbc2: 21 internal nodes; 0.8 s; peak memory 494 MiB.
2026-10-03T06:16:09Z INFO [469/1893] 2ca1b550-5143-4572-be18-15d0bdfa454a: 13 internal nodes; 1.4 s; peak memory 494 MiB.
2026-10-03T06:16:10Z INFO [470/1893] 2ca1f8fb-e6b9-49c3-a8c6-866d92912551: 27 internal nodes; 1.3 s; peak memory 494 MiB.
2026-10-03T06:16:12Z INFO [471/1893] 2ca20535-efd3-462a-9ee5-a69ae302ffb0: 29 internal nodes; 1.5 s; peak memory 494 MiB.
2026-10-03T06:16:13Z INFO [472/1893] 2ca24d5e-fa4b-4af9-a6cc-225237426e95: 29 internal nodes; 1.6 s; peak memory 494 MiB.
2026-10-03T06:16:15Z INFO [473/1893] 2ca2a97d-2f1b-41c2-a35b-7ba2fd2d0dd4: 72 internal nodes; 2.1 s; peak memory 494 MiB.
2026-10-03T06:16:16Z INFO [474/1893] 2ca337ca-ec87-42c0-a775-fe6a805af894: 27 internal nodes; 1.1 s; peak memory 494 MiB.
2026-10-03T06:16:18Z INFO [475/1893] 2ca3df3d-e736-413f-9839-3e49b73433dc: 95 internal nodes; 1.6 s; peak memory 494 MiB.
2026-10-03T06:16:40Z INFO [476/1893] 2ca44aef-f9cc-469b-97ce-55ef61a28720: 2946 internal nodes; 22.4 s; peak memory 494 MiB.
2026-10-03T06:16:47Z INFO [477/1893] 2ca47f59-c04f-46cc-8163-213a21c7b61b: 1584 internal nodes; 6.8 s; peak memory 494 MiB.
2026-10-03T06:16:51Z INFO [478/1893] 2ca59b40-12bd-40ba-a84f-559ac96c249c: 46 internal nodes; 3.5 s; peak memory 494 MiB.
2026-10-03T06:16:52Z INFO [479/1893] 2ca5d7f1-6fae-455a-bfee-04e49cabe7fe: 17 internal nodes; 1.0 s; peak memory 494 MiB.
2026-10-03T06:16:53Z INFO [480/1893] 2ca83a4c-ac43-4980-976a-f59961bf5108: 27 internal nodes; 1.2 s; peak memory 494 MiB.
2026-10-03T06:16:55Z INFO [481/1893] 2caae102-382d-4b7b-a492-2c336a978687: 30 internal nodes; 1.9 s; peak memory 494 MiB.
2026-10-03T06:16:56Z INFO [482/1893] 2cab5f4a-0798-4c4a-80ac-3d0202677b07: 18 internal nodes; 0.9 s; peak memory 494 MiB.
2026-10-03T06:16:57Z INFO [483/1893] 2cac8599-062b-4d0d-968e-84299659d00b: 29 internal nodes; 1.1 s; peak memory 494 MiB.
2026-10-03T06:16:58Z INFO [484/1893] 2cadbf40-dc9d-4e90-a81e-f3f3a9af2e64: 27 internal nodes; 1.3 s; peak memory 494 MiB.
2026-10-03T06:16:59Z INFO [485/1893] 2cae1bcb-c332-464a-a482-ba16d03e5f1a: 23 internal nodes; 1.4 s; peak memory 494 MiB.
2026-10-03T06:17:02Z INFO [486/1893] 2caebafe-379a-40f8-9e04-dafbaf01554c: 45 internal nodes; 3.0 s; peak memory 494 MiB.
2026-10-03T06:17:09Z INFO [487/1893] 2cafc8a5-e897-4609-acb6-bb58e78b0868: 73 internal nodes; 6.5 s; peak memory 494 MiB.
2026-10-03T06:17:10Z INFO [488/1893] 2cb044cb-bbaa-4a82-90b7-6e13803b52dd: 26 internal nodes; 0.8 s; peak memory 494 MiB.
2026-10-03T06:17:12Z INFO [489/1893] 2cb067bd-6874-4abb-8b10-448ff43e14aa: 72 internal nodes; 2.2 s; peak memory 494 MiB.
2026-10-03T06:17:14Z INFO [490/1893] 2cb08da0-3a43-4e11-ba7b-9c4b2b451621: 61 internal nodes; 1.7 s; peak memory 494 MiB.
2026-10-03T06:17:16Z INFO [491/1893] 2cb0a196-75a5-4aca-b9e6-0a72591d38d4: 72 internal nodes; 2.1 s; peak memory 494 MiB.
2026-10-03T06:17:22Z INFO [492/1893] 2cb1fa9a-4aad-4cc2-bbb0-be72f145198b: 73 internal nodes; 6.7 s; peak memory 494 MiB.
2026-10-03T06:17:24Z INFO [493/1893] 2cb3abd4-6f40-4eee-b16a-b3485784958c: 116 internal nodes; 1.3 s; peak memory 494 MiB.
2026-10-03T06:17:24Z INFO [494/1893] 2cb417d8-6d9a-4ee6-8bf2-9f6f9e1a9f62: 17 internal nodes; 0.7 s; peak memory 494 MiB.
2026-10-03T06:17:25Z INFO [495/1893] 2cb49390-a4b2-4ff0-9790-789ffed5e2b9: 13 internal nodes; 0.9 s; peak memory 494 MiB.
2026-10-03T06:17:27Z INFO [496/1893] 2cb4e092-dee3-44a5-9544-d1b3054c5558: 32 internal nodes; 2.1 s; peak memory 494 MiB.
2026-10-03T06:17:29Z INFO [497/1893] 2cb621f6-156d-4ea9-96e9-80d207947423: 27 internal nodes; 1.2 s; peak memory 494 MiB.
2026-10-03T06:17:32Z INFO [498/1893] 2cb65944-ead6-4ec5-a1ae-decec17918b7: 46 internal nodes; 3.1 s; peak memory 494 MiB.
2026-10-03T06:17:33Z INFO [499/1893] 2cb75ecc-8e4d-46e0-9845-5aa83a614489: 27 internal nodes; 1.5 s; peak memory 494 MiB.
2026-10-03T06:17:34Z INFO [500/1893] 2cb82625-bf14-4e8c-98ba-2a8aef9ce3dd: 17 internal nodes; 1.0 s; peak memory 494 MiB.
2026-10-03T06:17:35Z INFO [500/1893] 2cb82625-bf14-4e8c-98ba-2a8aef9ce3dd: checkpointed 68500 records.
2026-10-03T06:17:36Z INFO [501/1893] 2cb89f68-8597-4b6e-ad74-4f08426e578d: 25 internal nodes; 1.2 s; peak memory 494 MiB.
2026-10-03T06:17:37Z INFO [502/1893] 2cb8cdbe-7fe1-4f19-bc13-8c9bc3a6fcc1: 23 internal nodes; 1.0 s; peak memory 494 MiB.
2026-10-03T06:17:49Z INFO [503/1893] 2cb90397-d53f-451d-897e-d059fb8e5775: 244 internal nodes; 11.9 s; peak memory 494 MiB.
2026-10-03T06:17:50Z INFO [504/1893] 2cba6976-c875-4c7f-8bad-326afb27562e: 53 internal nodes; 1.6 s; peak memory 494 MiB.
2026-10-03T06:17:53Z INFO [505/1893] 2cbb1eb6-64bc-428d-825a-74ed06888d52: 31 internal nodes; 2.3 s; peak memory 494 MiB.
2026-10-03T06:18:04Z INFO [506/1893] 2cbb84a7-2eaf-47c9-8778-d37eda7bf61f: 147 internal nodes; 11.0 s; peak memory 494 MiB.
2026-10-03T06:18:04Z INFO [507/1893] 2cbc5d09-445d-4f5e-9c03-521e729d9437: 13 internal nodes; 0.9 s; peak memory 494 MiB.
2026-10-03T06:18:05Z INFO [508/1893] 2cbc6001-da97-4b6f-b55b-4dd2394ef613: 6 internal nodes; 0.7 s; peak memory 494 MiB.
2026-10-03T06:18:15Z INFO [509/1893] 2cbd1a83-09b1-40d4-b2e8-2861f39d219e: 209 internal nodes; 10.3 s; peak memory 494 MiB.
2026-10-03T06:18:17Z INFO [510/1893] 2cbd9453-019c-40fd-844b-67ca7faf187e: 17 internal nodes; 1.1 s; peak memory 494 MiB.
2026-10-03T06:18:18Z INFO [511/1893] 2cbdc28a-5d33-40a8-b4ff-453d9439360e: 16 internal nodes; 1.0 s; peak memory 494 MiB.
2026-10-03T06:18:19Z INFO [512/1893] 2cbf5663-7f94-4979-a644-699f7ee326cc: 35 internal nodes; 1.6 s; peak memory 494 MiB.
2026-10-03T06:18:23Z INFO [513/1893] 2cbf7c3b-c83c-49e7-bce5-61199282ad70: 46 internal nodes; 3.4 s; peak memory 494 MiB.
2026-10-03T06:18:26Z INFO [514/1893] 2cbf86c9-2a5d-4be2-a2fe-27708effd578: 71 internal nodes; 3.4 s; peak memory 494 MiB.
2026-10-03T06:18:28Z INFO [515/1893] 2cc04658-9b58-474f-9b5b-0a1e41e9c96b: 31 internal nodes; 1.7 s; peak memory 494 MiB.
2026-10-03T06:18:30Z INFO [516/1893] 2cc189b6-33e1-4c90-b399-e37977c478c7: 41 internal nodes; 1.8 s; peak memory 494 MiB.
2026-10-03T06:18:31Z INFO [517/1893] 2cc2f5d5-0371-4237-957c-fed3ea3f2fc6: 17 internal nodes; 1.1 s; peak memory 494 MiB.
2026-10-03T06:18:32Z INFO [518/1893] 2cc3dc8f-f4a6-4ed5-aa5f-81b52561be3f: 25 internal nodes; 1.2 s; peak memory 494 MiB.
2026-10-03T06:18:33Z INFO [519/1893] 2cc3eae0-b88c-4529-9d95-549c002781fd: 17 internal nodes; 1.0 s; peak memory 494 MiB.
2026-10-03T06:18:34Z INFO [520/1893] 2cc44d60-75b8-4e1a-ab85-2965416f7e06: 20 internal nodes; 1.1 s; peak memory 494 MiB.
2026-10-03T06:18:35Z INFO [521/1893] 2cc4b8cc-340a-4ce5-95c7-dfb2fb6a6986: 114 internal nodes; 1.2 s; peak memory 494 MiB.
2026-10-03T06:18:38Z INFO [522/1893] 2cc5a632-dcae-4b7a-bd0b-0229b912c946: 44 internal nodes; 2.5 s; peak memory 494 MiB.
2026-10-03T06:18:39Z INFO [523/1893] 2cc5dcf8-823f-473b-916f-8cc517a6f54b: 31 internal nodes; 1.3 s; peak memory 494 MiB.
2026-10-03T06:18:40Z INFO [524/1893] 2cc6fe6a-77cb-4af6-9a46-42eeb334c318: 13 internal nodes; 1.2 s; peak memory 494 MiB.
2026-10-03T06:18:41Z INFO [525/1893] 2cc7062f-5717-4c63-b075-54cda811bcdd: 17 internal nodes; 0.9 s; peak memory 494 MiB.
2026-10-03T06:18:52Z INFO [526/1893] 2cc78c70-029d-4ea5-8e19-06c2f58e675f: 70 internal nodes; 10.5 s; peak memory 494 MiB.
2026-10-03T06:18:54Z INFO [527/1893] 2cc7e655-562c-49d8-b6aa-de6dc863cbd4: 67 internal nodes; 1.8 s; peak memory 494 MiB.
2026-10-03T06:19:05Z INFO [528/1893] 2cc81e9c-c0c1-4ff0-9fd4-a9c04ae0480d: 667 internal nodes; 11.4 s; peak memory 494 MiB.
2026-10-03T06:19:06Z INFO [529/1893] 2cc84b41-3a2a-4aae-9326-6669b773db7b: 58 internal nodes; 1.0 s; peak memory 494 MiB.
2026-10-03T06:19:09Z INFO [530/1893] 2cc8a0f9-5313-4032-af15-70de09467845: 50 internal nodes; 2.9 s; peak memory 494 MiB.
2026-10-03T06:19:10Z INFO [531/1893] 2cc8e902-ef28-45ce-82b8-d7249e0b8d7b: 11 internal nodes; 0.9 s; peak memory 494 MiB.
2026-10-03T06:19:12Z INFO [532/1893] 2cc9b71c-7828-4a65-8202-340cd77fff4b: 29 internal nodes; 1.9 s; peak memory 494 MiB.
2026-10-03T06:19:13Z INFO [533/1893] 2cca1067-d7f9-4d36-81d2-f819cf48a428: 27 internal nodes; 1.2 s; peak memory 494 MiB.
2026-10-03T06:19:14Z INFO [534/1893] 2cca1e54-dd71-4d39-a046-c93c0b07ed7c: 26 internal nodes; 1.5 s; peak memory 494 MiB.
2026-10-03T06:19:16Z INFO [535/1893] 2cca9e55-e949-4d62-9ea2-febf83bb7083: 27 internal nodes; 1.2 s; peak memory 494 MiB.
2026-10-03T06:19:17Z INFO [536/1893] 2ccb17c8-294e-4fd6-a945-8f54040358b7: 27 internal nodes; 1.6 s; peak memory 494 MiB.
2026-10-03T06:19:19Z INFO [537/1893] 2ccb22e7-ee24-48d1-9d3b-7c223a5af4c8: 30 internal nodes; 1.5 s; peak memory 494 MiB.
2026-10-03T06:19:21Z INFO [538/1893] 2ccb9d42-8e13-4442-ae56-5f229eedef8e: 53 internal nodes; 1.7 s; peak memory 494 MiB.
2026-10-03T06:19:22Z INFO [539/1893] 2ccbafab-77fe-44c3-a032-4b586616d8d9: 29 internal nodes; 1.9 s; peak memory 494 MiB.
2026-10-03T06:19:23Z INFO [540/1893] 2ccc40bd-1104-441f-9f85-d9579bd30e0c: 20 internal nodes; 0.9 s; peak memory 494 MiB.
2026-10-03T06:19:28Z INFO [541/1893] 2ccc6247-eb44-409f-b185-6f69b1730e50: 61 internal nodes; 4.7 s; peak memory 494 MiB.
2026-10-03T06:19:30Z INFO [542/1893] 2ccd0f50-6d02-44ac-91f0-1d06d8a3540f: 23 internal nodes; 1.6 s; peak memory 494 MiB.
2026-10-03T06:19:31Z INFO [543/1893] 2ccdb6d0-74ef-45e4-9efa-99d78eb96671: 27 internal nodes; 1.4 s; peak memory 494 MiB.
2026-10-03T06:19:34Z INFO [544/1893] 2ccdc7cd-b575-43e7-bf28-3bd19e511972: 50 internal nodes; 2.5 s; peak memory 494 MiB.
2026-10-03T06:19:41Z INFO [545/1893] 2cce6631-ff0b-4619-bbde-ee01b98f4711: 58 internal nodes; 7.3 s; peak memory 494 MiB.
2026-10-03T06:19:45Z INFO [546/1893] 2cce9a29-6e79-4e5b-9de7-7e7d4879e6b5: 53 internal nodes; 4.5 s; peak memory 494 MiB.
2026-10-03T06:20:01Z INFO [547/1893] 2ccf1061-0ac0-4a80-8266-9768b466d7f6: 1197 internal nodes; 15.2 s; peak memory 494 MiB.
2026-10-03T06:20:01Z INFO [548/1893] 2cd0bf9f-e1fd-4035-b344-2ddef403e52c: 27 internal nodes; 0.8 s; peak memory 494 MiB.
2026-10-03T06:20:03Z INFO [549/1893] 2cd14d92-2263-4955-86ca-8dea3e72c36c: 27 internal nodes; 1.3 s; peak memory 494 MiB.
2026-10-03T06:20:04Z INFO [550/1893] 2cd160ef-0f4e-490f-aed0-306f768f6685: 19 internal nodes; 1.2 s; peak memory 494 MiB.
2026-10-03T06:20:04Z INFO [550/1893] 2cd160ef-0f4e-490f-aed0-306f768f6685: checkpointed 68550 records.
2026-10-03T06:20:12Z INFO [551/1893] 2cd2dead-bde5-48fb-8d6c-08d8369b2bc0: 143 internal nodes; 7.4 s; peak memory 494 MiB.
2026-10-03T06:20:12Z INFO [552/1893] 2cd51bc0-7231-408e-9088-0fa7af777311: 11 internal nodes; 0.9 s; peak memory 494 MiB.
2026-10-03T06:20:14Z INFO [553/1893] 2cd54794-c6f9-4a37-9c46-f402bd720c81: 24 internal nodes; 1.1 s; peak memory 494 MiB.
2026-10-03T06:20:15Z INFO [554/1893] 2cd58836-58a8-414d-9880-8ecc41173a94: 27 internal nodes; 1.3 s; peak memory 494 MiB.
2026-10-03T06:20:16Z INFO [555/1893] 2cd5da1f-95a1-4ba6-a2b6-8f2eebd352e0: 11 internal nodes; 0.7 s; peak memory 494 MiB.
2026-10-03T06:20:16Z INFO [556/1893] 2cd655b8-004d-4baf-ab17-89c63d2ab4d3: 21 internal nodes; 0.9 s; peak memory 494 MiB.
2026-10-03T06:20:18Z INFO [557/1893] 2cd6d834-a6d6-47d3-b9a5-c2e627df8ca5: 27 internal nodes; 1.2 s; peak memory 494 MiB.
2026-10-03T06:20:19Z INFO [558/1893] 2cd6e2fa-29eb-4cdb-8305-531d0bb64a69: 19 internal nodes; 1.3 s; peak memory 494 MiB.
2026-10-03T06:20:24Z INFO [559/1893] 2cd7298d-6cf4-4b18-a50e-1b34d7b35674: 116 internal nodes; 5.4 s; peak memory 494 MiB.
2026-10-03T06:20:26Z INFO [560/1893] 2cd7a123-b9af-414d-b806-c1cbd6db6049: 29 internal nodes; 1.5 s; peak memory 494 MiB.
2026-10-03T06:20:28Z INFO [561/1893] 2cd85331-31c1-488a-b90f-45ceedc1d476: 55 internal nodes; 2.3 s; peak memory 494 MiB.
2026-10-03T06:20:29Z INFO [562/1893] 2cd8e361-0489-4f11-9f64-b7723b1efe9e: 13 internal nodes; 1.0 s; peak memory 494 MiB.
2026-10-03T06:20:30Z INFO [563/1893] 2cd8e8ee-db9f-4ae6-aa64-042feefb9318: 13 internal nodes; 0.9 s; peak memory 494 MiB.
2026-10-03T06:20:33Z INFO [564/1893] 2cd8f4c0-104f-4019-b783-2c6969be1607: 50 internal nodes; 3.0 s; peak memory 494 MiB.
2026-10-03T06:20:34Z INFO [565/1893] 2cd9778b-6944-46af-8c67-a590a97551df: 33 internal nodes; 1.0 s; peak memory 494 MiB.
2026-10-03T06:20:35Z INFO [566/1893] 2cdac48f-2330-4dc2-a213-02a143dae649: 27 internal nodes; 1.2 s; peak memory 494 MiB.
2026-10-03T06:20:45Z INFO [567/1893] 2cdb2bb7-e7d1-4a2a-9c52-147f02eaf05c: 236 internal nodes; 9.9 s; peak memory 494 MiB.
2026-10-03T06:20:53Z INFO [568/1893] 2cdb4c6a-7bd6-4999-a1e4-c760607e47e6: 70 internal nodes; 8.0 s; peak memory 494 MiB.
2026-10-03T06:20:56Z INFO [569/1893] 2cdbc12f-f863-4afe-bef8-cc253dde2267: 44 internal nodes; 2.4 s; peak memory 494 MiB.
2026-10-03T06:20:58Z INFO [570/1893] 2cdc0a8e-314c-4571-8030-2993ff5f7daf: 44 internal nodes; 2.8 s; peak memory 494 MiB.
2026-10-03T06:21:08Z INFO [571/1893] 2cdce245-a653-4c04-84e6-3f632579d3a0: 115 internal nodes; 9.7 s; peak memory 494 MiB.
2026-10-03T06:21:09Z INFO [572/1893] 2cdce400-7e18-4819-b7a7-f16959080b23: 17 internal nodes; 1.0 s; peak memory 494 MiB.
2026-10-03T06:21:11Z INFO [573/1893] 2cdd8e3b-a85e-47ef-890d-6363844f99ba: 31 internal nodes; 1.9 s; peak memory 494 MiB.
2026-10-03T06:21:12Z INFO [574/1893] 2cdda551-6b5d-41b8-a4f7-335dca4b6771: 17 internal nodes; 0.9 s; peak memory 494 MiB.
2026-10-03T06:21:14Z INFO [575/1893] 2cde5e00-910f-454f-8152-b3fa022214a6: 37 internal nodes; 2.2 s; peak memory 494 MiB.
2026-10-03T06:21:16Z INFO [576/1893] 2cde89b5-4aac-4b43-b3ef-60c01ca242ca: 25 internal nodes; 1.4 s; peak memory 494 MiB.
2026-10-03T06:21:17Z INFO [577/1893] 2cdf2e9a-1b3c-42c3-adde-0af9e35ad2d0: 17 internal nodes; 1.0 s; peak memory 494 MiB.
2026-10-03T06:21:29Z INFO [578/1893] 2cdf6497-ccd6-4100-a379-9257deb0b443: 329 internal nodes; 12.2 s; peak memory 494 MiB.
2026-10-03T06:21:33Z INFO [579/1893] 2cdf7e18-16d5-46a1-a503-6eaec426fbcf: 57 internal nodes; 4.2 s; peak memory 494 MiB.
2026-10-03T06:21:34Z INFO [580/1893] 2cdfe01f-69a8-4a53-ae38-415921896c1d: 17 internal nodes; 1.0 s; peak memory 494 MiB.
2026-10-03T06:21:35Z INFO [581/1893] 2cdfedd6-148d-44fb-8dfe-2274ada68598: 19 internal nodes; 1.2 s; peak memory 494 MiB.
2026-10-03T06:21:37Z INFO [582/1893] 2ce15091-ce4e-46ed-8285-56edc6faff26: 31 internal nodes; 1.4 s; peak memory 494 MiB.
2026-10-03T06:21:49Z INFO [583/1893] 2ce1a58e-360b-4d8b-bfa0-7eabd08b2b0a: 321 internal nodes; 12.0 s; peak memory 494 MiB.
2026-10-03T06:21:49Z INFO [584/1893] 2ce20afb-a5a5-423a-9839-6086875434f8: 13 internal nodes; 0.8 s; peak memory 494 MiB.
2026-10-03T06:21:50Z INFO [585/1893] 2ce26199-50ae-403c-8eb7-ab0c9f92c4fb: 13 internal nodes; 1.1 s; peak memory 494 MiB.
2026-10-03T06:21:58Z INFO [586/1893] 2ce3bfde-eb3e-4749-bc03-7a38df008075: 140 internal nodes; 7.1 s; peak memory 494 MiB.
2026-10-03T06:21:59Z INFO [587/1893] 2ce40829-f246-45de-9131-5afdd111698f: 115 internal nodes; 1.3 s; peak memory 494 MiB.
2026-10-03T06:22:01Z INFO [588/1893] 2ce63ab3-2533-4411-9778-f30fe40deaf4: 27 internal nodes; 1.8 s; peak memory 494 MiB.
2026-10-03T06:22:02Z INFO [589/1893] 2ce6f140-447d-4ab2-8f87-2ef9da32740e: 65 internal nodes; 1.7 s; peak memory 494 MiB.
2026-10-03T06:22:04Z INFO [590/1893] 2ce92ea2-0e6a-419b-9ede-9cdb825465a6: 31 internal nodes; 1.8 s; peak memory 494 MiB.
2026-10-03T06:22:05Z INFO [591/1893] 2ce96097-2822-4e52-b4a6-b8984d71f854: 13 internal nodes; 1.1 s; peak memory 494 MiB.
2026-10-03T06:22:07Z INFO [592/1893] 2cea6229-8ae3-4301-83b7-5596ab14c468: 27 internal nodes; 1.3 s; peak memory 494 MiB.
2026-10-03T06:22:14Z INFO [593/1893] 2cea7726-2703-4aa1-ab74-166e9c7f2c72: 133 internal nodes; 7.7 s; peak memory 494 MiB.
2026-10-03T06:22:24Z INFO [594/1893] 2ceae34a-d322-4485-ae8b-095e7bd1f4cb: 176 internal nodes; 9.5 s; peak memory 494 MiB.
2026-10-03T06:22:25Z INFO [595/1893] 2ceaf06a-af7d-4e5a-8246-8dc5a68a2911: 27 internal nodes; 1.2 s; peak memory 494 MiB.
2026-10-03T06:22:26Z INFO [596/1893] 2ceb2bce-48ba-41e1-846e-156263968510: 19 internal nodes; 1.1 s; peak memory 494 MiB.
2026-10-03T06:22:29Z INFO [597/1893] 2ceb3a4d-624f-4c92-8415-d720f2e3f6c2: 44 internal nodes; 2.8 s; peak memory 494 MiB.
2026-10-03T06:22:31Z INFO [598/1893] 2ceb9bd4-dcc5-4663-bd24-22d3056187f0: 66 internal nodes; 1.7 s; peak memory 494 MiB.
2026-10-03T06:22:32Z INFO [599/1893] 2cebb51b-5b2b-4655-b23a-caa5e13a250a: 17 internal nodes; 1.0 s; peak memory 494 MiB.
2026-10-03T06:22:33Z INFO [600/1893] 2cec0752-da10-48ee-bcae-0e47e4e65eac: 27 internal nodes; 1.5 s; peak memory 494 MiB.
2026-10-03T06:22:33Z INFO [600/1893] 2cec0752-da10-48ee-bcae-0e47e4e65eac: checkpointed 68600 records.
2026-10-03T06:22:37Z INFO [601/1893] 2cec307c-d814-430b-b0ca-8163107d485c: 45 internal nodes; 3.5 s; peak memory 494 MiB.
2026-10-03T06:22:38Z INFO [602/1893] 2cecc776-ba17-417f-8cb9-8c6621c57f38: 27 internal nodes; 1.6 s; peak memory 494 MiB.
2026-10-03T06:22:41Z INFO [603/1893] 2cece7d4-28dd-48d6-8fa4-d8e3f1800b73: 44 internal nodes; 2.9 s; peak memory 494 MiB.
2026-10-03T06:22:44Z INFO [604/1893] 2cecefb7-fd74-416c-bb78-ce17e3eb52fa: 41 internal nodes; 2.5 s; peak memory 494 MiB.
2026-10-03T06:22:45Z INFO [605/1893] 2cecf042-0c5f-4a02-92da-ada6b45d81b2: 13 internal nodes; 1.0 s; peak memory 494 MiB.
2026-10-03T06:22:46Z INFO [606/1893] 2ced41d1-b187-477c-9050-b8843509bc9f: 31 internal nodes; 1.4 s; peak memory 494 MiB.
2026-10-03T06:22:54Z INFO [607/1893] 2ced6e25-0882-425d-bfa2-f516379fd0c9: 48 internal nodes; 7.8 s; peak memory 496 MiB.
2026-10-03T06:22:58Z INFO [608/1893] 2cee3d78-b490-4801-a6fe-ccbb46acb0bb: 165 internal nodes; 3.6 s; peak memory 496 MiB.
2026-10-03T06:22:59Z INFO [609/1893] 2cee8c3d-04fc-453a-a06b-4825dc7acac9: 17 internal nodes; 1.1 s; peak memory 496 MiB.
2026-10-03T06:23:00Z INFO [610/1893] 2ceefb7e-fdb8-4f3c-8b41-3155db17bf89: 17 internal nodes; 1.1 s; peak memory 496 MiB.
2026-10-03T06:23:01Z INFO [611/1893] 2cef7ac0-3c03-4e5e-8025-f01a90a656c5: 17 internal nodes; 0.9 s; peak memory 496 MiB.
2026-10-03T06:23:02Z INFO [612/1893] 2cefb839-2085-4fc5-aa8d-74c3975f763e: 13 internal nodes; 1.1 s; peak memory 496 MiB.
2026-10-03T06:23:03Z INFO [613/1893] 2cf021aa-b8ef-4b9a-a31e-c7c0d14749e2: 17 internal nodes; 1.1 s; peak memory 496 MiB.
2026-10-03T06:23:04Z INFO [614/1893] 2cf1de10-9575-4d50-821b-6c4f0539da3c: 27 internal nodes; 1.3 s; peak memory 496 MiB.
2026-10-03T06:23:06Z INFO [615/1893] 2cf2364f-98d2-4998-8c5c-6f499c1dca21: 31 internal nodes; 1.6 s; peak memory 496 MiB.
2026-10-03T06:23:08Z INFO [616/1893] 2cf2d3eb-c27c-4f44-b7d4-f669e38b6aeb: 52 internal nodes; 2.4 s; peak memory 496 MiB.
2026-10-03T06:23:11Z INFO [617/1893] 2cf30a33-7625-4689-abcc-9782c13af508: 45 internal nodes; 2.5 s; peak memory 496 MiB.
2026-10-03T06:23:18Z INFO [618/1893] 2cf32440-86d1-49e9-ad93-cf738aad5814: 141 internal nodes; 7.2 s; peak memory 496 MiB.
2026-10-03T06:23:19Z INFO [619/1893] 2cf36d66-3b60-47b1-a6fa-eb4fedbd1628: 31 internal nodes; 1.4 s; peak memory 496 MiB.
2026-10-03T06:23:20Z INFO [620/1893] 2cf3920d-f611-4381-966b-5f508ecb0c9b: 17 internal nodes; 1.1 s; peak memory 496 MiB.
2026-10-03T06:23:22Z INFO [621/1893] 2cf3d653-a0fd-4123-8e48-a478a62ebd2c: 27 internal nodes; 1.2 s; peak memory 496 MiB.
2026-10-03T06:23:22Z INFO [622/1893] 2cf3d6e4-97aa-4707-aa1c-a6aff79c605b: 26 internal nodes; 0.9 s; peak memory 496 MiB.
2026-10-03T06:23:25Z INFO [623/1893] 2cf445bd-6ba2-49f1-ac73-f1bdf7b5407a: 19 internal nodes; 2.2 s; peak memory 496 MiB.
2026-10-03T06:23:26Z INFO [624/1893] 2cf4758c-dc85-4f42-8295-683f3547cb53: 31 internal nodes; 1.6 s; peak memory 496 MiB.
2026-10-03T06:23:30Z INFO [625/1893] 2cf4fcf7-98bb-4f3c-8b1f-017652cb5653: 46 internal nodes; 3.7 s; peak memory 496 MiB.
2026-10-03T06:23:31Z INFO [626/1893] 2cf5b78c-7215-465e-9ec7-731638cc357f: 17 internal nodes; 1.2 s; peak memory 496 MiB.
2026-10-03T06:23:39Z INFO [627/1893] 2cf5e7ff-acd0-46bd-ae4b-782982573354: 73 internal nodes; 8.1 s; peak memory 496 MiB.
2026-10-03T06:23:41Z INFO [628/1893] 2cf6da45-f2b4-4b78-abb5-673b327bb5db: 72 internal nodes; 2.1 s; peak memory 496 MiB.
2026-10-03T06:23:44Z INFO [629/1893] 2cf74a7c-e97b-4882-a8ec-c6c296ece1c4: 44 internal nodes; 2.7 s; peak memory 496 MiB.
2026-10-03T06:23:54Z INFO [630/1893] 2cf76396-bb9f-4125-9fef-caa8ff198074: 44 internal nodes; 10.1 s; peak memory 496 MiB.
2026-10-03T06:23:55Z INFO [631/1893] 2cf9fcad-953f-4580-839a-1a40a28c7d62: 18 internal nodes; 1.0 s; peak memory 496 MiB.
2026-10-03T06:23:56Z INFO [632/1893] 2cfa14e2-6b7c-4d81-80a2-55422cfd354f: 27 internal nodes; 1.3 s; peak memory 496 MiB.
2026-10-03T06:23:57Z INFO [633/1893] 2cfa339a-8273-4cfc-adcd-aea831df7f56: 11 internal nodes; 0.7 s; peak memory 496 MiB.
2026-10-03T06:23:59Z INFO [634/1893] 2cfa4afc-9694-44aa-bc54-8eca64ecac59: 37 internal nodes; 2.3 s; peak memory 496 MiB.
2026-10-03T06:24:01Z INFO [635/1893] 2cfa55a9-1a5d-4218-97db-50e2f1a48029: 24 internal nodes; 2.0 s; peak memory 496 MiB.
2026-10-03T06:24:03Z INFO [636/1893] 2cfa62f9-944b-41e9-816b-0971118c61b0: 17 internal nodes; 1.3 s; peak memory 496 MiB.
2026-10-03T06:24:04Z INFO [637/1893] 2cfb936e-2632-4268-8bf6-cc8c2f75f65f: 17 internal nodes; 1.1 s; peak memory 496 MiB.
2026-10-03T06:24:05Z INFO [638/1893] 2cfbd8d7-6b3a-4db1-9fbe-7b4a3b193e05: 31 internal nodes; 1.4 s; peak memory 496 MiB.
2026-10-03T06:24:07Z INFO [639/1893] 2cfbe34d-60c4-46ff-b7c4-99cd0e3bdab3: 25 internal nodes; 1.3 s; peak memory 496 MiB.
2026-10-03T06:24:13Z INFO [640/1893] 2cfd4491-5652-424e-9046-ac9eda9b3a1e: 134 internal nodes; 6.4 s; peak memory 496 MiB.
2026-10-03T06:24:15Z INFO [641/1893] 2cfd9780-dc37-4289-a469-b927dfcb6007: 31 internal nodes; 1.9 s; peak memory 496 MiB.
2026-10-03T06:24:18Z INFO [642/1893] 2cfdd52b-f1cf-4b4d-be01-e03953fe44d0: 31 internal nodes; 3.0 s; peak memory 496 MiB.
2026-10-03T06:24:21Z INFO [643/1893] 2cfe05e3-534c-441e-bd06-4e07d4577c5f: 47 internal nodes; 3.3 s; peak memory 496 MiB.
2026-10-03T06:24:22Z INFO [644/1893] 2cfe201b-76a5-4c87-acdd-873bf3946fb0: 17 internal nodes; 0.8 s; peak memory 496 MiB.
2026-10-03T06:24:28Z INFO [645/1893] 2cfe23f9-12a8-4c16-9471-bca75cfe49d7: 73 internal nodes; 6.1 s; peak memory 496 MiB.
2026-10-03T06:24:29Z INFO [646/1893] 2cff1b07-848c-4bd8-b3ba-dcd19eacad93: 26 internal nodes; 0.8 s; peak memory 496 MiB.
2026-10-03T06:24:32Z INFO [647/1893] 2cff9384-7985-4252-b988-b02948a894bb: 45 internal nodes; 3.5 s; peak memory 496 MiB.
2026-10-03T06:24:35Z INFO [648/1893] 2cffb9e5-c687-4b4a-8fc3-03e18f64b1c3: 41 internal nodes; 2.9 s; peak memory 496 MiB.
2026-10-03T06:24:36Z INFO [649/1893] 2d017446-76d8-4ae0-9adc-485966aa0052: 19 internal nodes; 1.0 s; peak memory 496 MiB.
2026-10-03T06:24:38Z INFO [650/1893] 2d02a755-fa51-44b1-9a14-5a667415d4f5: 27 internal nodes; 1.3 s; peak memory 496 MiB.
2026-10-03T06:24:38Z INFO [650/1893] 2d02a755-fa51-44b1-9a14-5a667415d4f5: checkpointed 68650 records.
2026-10-03T06:24:39Z INFO [651/1893] 2d031813-bb67-4d3f-8207-39220b2df67e: 17 internal nodes; 1.0 s; peak memory 496 MiB.
2026-10-03T06:24:40Z INFO [652/1893] 2d03235c-1ace-4e7e-aa67-adad632270d6: 27 internal nodes; 1.3 s; peak memory 496 MiB.
2026-10-03T06:24:42Z INFO [653/1893] 2d035bb4-95e7-4553-aee0-f099bd775619: 27 internal nodes; 1.3 s; peak memory 496 MiB.
2026-10-03T06:24:43Z INFO [654/1893] 2d045971-e132-4457-a650-3e842c68f700: 31 internal nodes; 1.8 s; peak memory 496 MiB.
2026-10-03T06:24:52Z INFO [655/1893] 2d04612e-30bc-4779-9301-54d9767e340b: 200 internal nodes; 8.3 s; peak memory 496 MiB.
2026-10-03T06:24:53Z INFO [656/1893] 2d0517e0-6c09-4068-91c3-0788b60af21e: 17 internal nodes; 1.0 s; peak memory 496 MiB.
2026-10-03T06:24:54Z INFO [657/1893] 2d05b461-5f4b-4b3a-8f49-30cc26bf44f7: 27 internal nodes; 1.3 s; peak memory 496 MiB.
2026-10-03T06:24:56Z INFO [658/1893] 2d06c2ca-9da3-4f73-9cb4-77b4c5907223: 27 internal nodes; 1.6 s; peak memory 496 MiB.
2026-10-03T06:25:02Z INFO [659/1893] 2d07097b-a192-4450-8e61-2b1ece405b4c: 125 internal nodes; 6.4 s; peak memory 496 MiB.
2026-10-03T06:25:04Z INFO [660/1893] 2d078f92-6e76-4216-8aa7-28a5782f0505: 29 internal nodes; 1.9 s; peak memory 496 MiB.
2026-10-03T06:25:10Z INFO [661/1893] 2d0885e5-608c-44b9-900e-ba1be0c8256b: 56 internal nodes; 6.5 s; peak memory 496 MiB.
2026-10-03T06:25:12Z INFO [662/1893] 2d091757-9736-4d01-b828-e656063a661a: 22 internal nodes; 1.5 s; peak memory 496 MiB.
2026-10-03T06:25:13Z INFO [663/1893] 2d09d017-ae69-4b17-9cda-c48e4ec13ff0: 17 internal nodes; 1.1 s; peak memory 496 MiB.
2026-10-03T06:25:15Z INFO [664/1893] 2d0aa1d9-df6a-42cb-b626-4aa93f3fdeb5: 61 internal nodes; 1.7 s; peak memory 496 MiB.
2026-10-03T06:25:16Z INFO [665/1893] 2d0ad800-6141-49e8-8b92-7b0bc7f5a52d: 17 internal nodes; 1.0 s; peak memory 496 MiB.
2026-10-03T06:25:17Z INFO [666/1893] 2d0aee44-efbd-40f7-8820-4681ece3f83f: 19 internal nodes; 1.0 s; peak memory 496 MiB.
2026-10-03T06:25:26Z INFO [667/1893] 2d0b25aa-d0f1-4e4a-af70-6c7c7aafb42f: 60 internal nodes; 9.2 s; peak memory 496 MiB.
2026-10-03T06:25:27Z INFO [668/1893] 2d0bbc68-9cd1-402d-b392-19efd7ed64df: 17 internal nodes; 1.0 s; peak memory 496 MiB.
2026-10-03T06:25:28Z INFO [669/1893] 2d0bf6be-222c-48a5-8184-901699404896: 11 internal nodes; 0.8 s; peak memory 496 MiB.
2026-10-03T06:25:29Z INFO [670/1893] 2d0c98d0-1e1e-4c02-af42-66bf4686cc00: 17 internal nodes; 1.0 s; peak memory 496 MiB.
2026-10-03T06:25:45Z INFO [671/1893] 2d0d301e-d97e-4e7b-b61d-1f2ff7dc75aa: 3060 internal nodes; 16.0 s; peak memory 496 MiB.
2026-10-03T06:25:46Z INFO [672/1893] 2d0e6ecf-d7ea-4740-9e1d-548a8363149c: 31 internal nodes; 1.8 s; peak memory 496 MiB.
2026-10-03T06:25:48Z INFO [673/1893] 2d0e80ff-437e-4af9-a96e-01129e0b19df: 13 internal nodes; 1.1 s; peak memory 496 MiB.
2026-10-03T06:25:55Z INFO [674/1893] 2d0eac77-1c1f-47f7-b555-0a05ce549183: 177 internal nodes; 7.2 s; peak memory 496 MiB.
2026-10-03T06:25:56Z INFO [675/1893] 2d0efc46-ac9b-4fb8-8319-cf67e46e6625: 21 internal nodes; 1.3 s; peak memory 496 MiB.
2026-10-03T06:25:57Z INFO [676/1893] 2d0f2e09-49e8-4827-8f5d-a3e395c22d29: 17 internal nodes; 1.1 s; peak memory 496 MiB.
2026-10-03T06:25:58Z INFO [677/1893] 2d0f4158-5b8c-4291-bef3-6533394baf9c: 26 internal nodes; 1.4 s; peak memory 496 MiB.
2026-10-03T06:26:00Z INFO [678/1893] 2d0fa663-d1f6-4cac-80d1-8fec5b3590fd: 17 internal nodes; 1.1 s; peak memory 496 MiB.
2026-10-03T06:26:01Z INFO [679/1893] 2d0fdf92-a790-4faf-ae23-7b612421cbab: 27 internal nodes; 1.4 s; peak memory 496 MiB.
2026-10-03T06:26:02Z INFO [680/1893] 2d102473-fb55-4edd-bd53-bd4f7ee012ff: 31 internal nodes; 1.2 s; peak memory 496 MiB.
2026-10-03T06:26:09Z INFO [681/1893] 2d10ede2-db79-4324-8b37-1cd541286927: 84 internal nodes; 7.2 s; peak memory 496 MiB.
2026-10-03T06:26:17Z INFO [682/1893] 2d1100a2-937f-49cc-8606-6aef76218ee2: 177 internal nodes; 7.0 s; peak memory 496 MiB.
2026-10-03T06:26:18Z INFO [683/1893] 2d11266f-b942-4f33-a88d-f212aa0e15e1: 31 internal nodes; 1.6 s; peak memory 496 MiB.
2026-10-03T06:26:19Z INFO [684/1893] 2d11d39d-69b2-419f-820b-491f63d82241: 27 internal nodes; 1.2 s; peak memory 496 MiB.
2026-10-03T06:26:20Z INFO [685/1893] 2d11ddff-84eb-4041-b0c5-1d67f301c08b: 17 internal nodes; 1.1 s; peak memory 496 MiB.
2026-10-03T06:26:22Z INFO [686/1893] 2d1206cb-8cc0-4ac5-a518-d001e3af4fcf: 31 internal nodes; 2.1 s; peak memory 496 MiB.
2026-10-03T06:26:23Z INFO [687/1893] 2d13a622-da35-451a-a87f-b4d17506bb24: 18 internal nodes; 0.9 s; peak memory 496 MiB.
2026-10-03T06:26:33Z INFO [688/1893] 2d13e5fe-efe3-4021-94f1-3deab337b407: 42 internal nodes; 9.5 s; peak memory 496 MiB.
2026-10-03T06:26:34Z INFO [689/1893] 2d13f667-0a4c-4236-994d-4580cfc6fb19: 27 internal nodes; 1.2 s; peak memory 496 MiB.
2026-10-03T06:26:36Z INFO [690/1893] 2d145360-da34-4895-99a7-ef6947412b66: 25 internal nodes; 1.5 s; peak memory 496 MiB.
2026-10-03T06:26:37Z INFO [691/1893] 2d14cd7a-25c0-43e0-a832-82737a9fdbfa: 17 internal nodes; 1.1 s; peak memory 496 MiB.
2026-10-03T06:26:38Z INFO [692/1893] 2d14e0a5-699d-43fc-a1be-59a7dcbf3e40: 17 internal nodes; 1.1 s; peak memory 496 MiB.
2026-10-03T06:26:41Z INFO [693/1893] 2d14ee4f-7ae1-4de3-b7e6-0df4c02fe7a7: 46 internal nodes; 3.5 s; peak memory 496 MiB.
2026-10-03T06:26:43Z INFO [694/1893] 2d14fb87-a7d1-4fc5-8733-7d4814c5271c: 29 internal nodes; 1.4 s; peak memory 496 MiB.
2026-10-03T06:26:53Z INFO [695/1893] 2d14fdcf-1ad8-47a6-8a8b-5e5e98baff95: 44 internal nodes; 10.2 s; peak memory 496 MiB.
2026-10-03T06:26:56Z INFO [696/1893] 2d181d1d-58ef-44c5-9c57-84fb10f79d35: 53 internal nodes; 2.7 s; peak memory 496 MiB.
2026-10-03T06:26:57Z INFO [697/1893] 2d186bc8-fd9c-473d-868d-c44a4d7cc34c: 31 internal nodes; 1.5 s; peak memory 496 MiB.
2026-10-03T06:27:01Z INFO [698/1893] 2d1871cf-ff58-4383-864a-36f4fa3d0191: 46 internal nodes; 3.6 s; peak memory 496 MiB.
2026-10-03T06:27:02Z INFO [699/1893] 2d198425-db66-4af9-9d13-0e81a97ebedc: 27 internal nodes; 1.3 s; peak memory 496 MiB.
2026-10-03T06:27:05Z INFO [700/1893] 2d1a10b6-c55b-4ca3-8d17-e462b8613ab7: 72 internal nodes; 2.6 s; peak memory 496 MiB.
2026-10-03T06:27:05Z INFO [700/1893] 2d1a10b6-c55b-4ca3-8d17-e462b8613ab7: checkpointed 68700 records.
2026-10-03T06:27:07Z INFO [701/1893] 2d1bcf0a-11c6-4873-8745-5a1fc956d939: 55 internal nodes; 1.8 s; peak memory 496 MiB.
2026-10-03T06:27:08Z INFO [702/1893] 2d1c663f-a3fb-43d8-a97c-952d43591ee3: 31 internal nodes; 1.4 s; peak memory 496 MiB.
2026-10-03T06:27:10Z INFO [703/1893] 2d1cb80a-f678-4921-aa20-c0cc926943fb: 44 internal nodes; 2.3 s; peak memory 496 MiB.
2026-10-03T06:27:12Z INFO [704/1893] 2d1cf7fb-e8f3-4047-bb1f-054337653174: 115 internal nodes; 1.2 s; peak memory 496 MiB.
2026-10-03T06:27:13Z INFO [705/1893] 2d1d1235-9bf9-4748-9fef-ec7700bba716: 27 internal nodes; 1.5 s; peak memory 496 MiB.
2026-10-03T06:27:14Z INFO [706/1893] 2d1db673-443e-46f8-aceb-6dc7dc4d1842: 41 internal nodes; 1.3 s; peak memory 496 MiB.
2026-10-03T06:27:16Z INFO [707/1893] 2d1dda1c-dec0-40d8-a04f-95441109866e: 17 internal nodes; 1.2 s; peak memory 496 MiB.
2026-10-03T06:27:18Z INFO [708/1893] 2d1e94c9-6403-4c46-9e4f-262ce369b739: 27 internal nodes; 2.4 s; peak memory 496 MiB.
2026-10-03T06:27:19Z INFO [709/1893] 2d1ec365-b793-4ffc-b074-a417f57857dc: 22 internal nodes; 1.5 s; peak memory 496 MiB.
2026-10-03T06:27:21Z INFO [710/1893] 2d1ed250-2f70-4143-91a9-41284b23d573: 17 internal nodes; 1.0 s; peak memory 496 MiB.
2026-10-03T06:27:29Z INFO [711/1893] 2d1f1f0e-9748-45ac-a65d-31eca86be44e: 44 internal nodes; 8.3 s; peak memory 496 MiB.
2026-10-03T06:27:30Z INFO [712/1893] 2d1f4659-618c-408b-b699-d0ff5eed5234: 20 internal nodes; 0.9 s; peak memory 496 MiB.
2026-10-03T06:27:31Z INFO [713/1893] 2d1fcd60-dfcf-452c-ac26-a846cdedf6e7: 19 internal nodes; 1.1 s; peak memory 496 MiB.
2026-10-03T06:27:32Z INFO [714/1893] 2d1febda-de85-455c-b005-4a3e931c1dfd: 27 internal nodes; 1.3 s; peak memory 496 MiB.
2026-10-03T06:27:34Z INFO [715/1893] 2d20af1c-ccf6-4dc8-a775-3cb15aa2caac: 36 internal nodes; 1.9 s; peak memory 496 MiB.
2026-10-03T06:27:35Z INFO [716/1893] 2d20b5fc-c327-4f9c-90d9-266390cff4a0: 17 internal nodes; 0.9 s; peak memory 496 MiB.
2026-10-03T06:27:36Z INFO [717/1893] 2d20b933-d4b9-4371-8e21-574c5a7ad43d: 24 internal nodes; 1.5 s; peak memory 496 MiB.
2026-10-03T06:27:38Z INFO [718/1893] 2d20c3df-592e-434c-a28b-18bd5bacc3c7: 31 internal nodes; 1.5 s; peak memory 496 MiB.
2026-10-03T06:27:39Z INFO [719/1893] 2d218208-f03a-4c75-b3a5-f19d90f10374: 11 internal nodes; 0.7 s; peak memory 496 MiB.
2026-10-03T06:27:40Z INFO [720/1893] 2d21afad-5d96-4f83-b9df-e4c2df73cc9b: 28 internal nodes; 1.7 s; peak memory 496 MiB.
2026-10-03T06:27:42Z INFO [721/1893] 2d22cd8a-0603-4621-9e6d-a3516188d391: 39 internal nodes; 1.8 s; peak memory 496 MiB.
2026-10-03T06:27:43Z INFO [722/1893] 2d23098c-8dc1-4295-9491-e2e9320f4d69: 17 internal nodes; 1.1 s; peak memory 496 MiB.
2026-10-03T06:27:44Z INFO [723/1893] 2d23a9c3-5446-4424-b9db-b7254ab10233: 17 internal nodes; 1.2 s; peak memory 496 MiB.
2026-10-03T06:27:46Z INFO [724/1893] 2d23ca9b-77c1-4d0b-982d-5b3f2b573a2b: 17 internal nodes; 1.3 s; peak memory 496 MiB.
2026-10-03T06:27:53Z INFO [725/1893] 2d23e484-a649-4651-9e25-973ac7a0904d: 61 internal nodes; 6.9 s; peak memory 496 MiB.
2026-10-03T06:27:54Z INFO [726/1893] 2d240ec9-da73-4c0b-8071-7afa7bb254a2: 27 internal nodes; 1.2 s; peak memory 496 MiB.
2026-10-03T06:27:55Z INFO [727/1893] 2d241f10-6e9c-4354-b6f5-110cee25edb0: 17 internal nodes; 1.2 s; peak memory 496 MiB.
2026-10-03T06:27:56Z INFO [728/1893] 2d250964-4518-4443-883c-127c25297ed4: 17 internal nodes; 0.9 s; peak memory 496 MiB.
2026-10-03T06:27:57Z INFO [729/1893] 2d251980-6ae4-4ba1-aca9-f4123ba464d9: 27 internal nodes; 1.4 s; peak memory 496 MiB.
2026-10-03T06:27:58Z INFO [730/1893] 2d25419d-0a91-40a0-829a-730b1d2015a5: 11 internal nodes; 1.2 s; peak memory 496 MiB.
2026-10-03T06:27:59Z INFO [731/1893] 2d2549a1-eb65-48c7-9286-d66c827279b6: 13 internal nodes; 0.8 s; peak memory 496 MiB.
2026-10-03T06:28:00Z INFO [732/1893] 2d25757a-f80d-42f1-9a87-c4f2ef17e116: 17 internal nodes; 1.0 s; peak memory 496 MiB.
2026-10-03T06:28:01Z INFO [733/1893] 2d263388-5ead-47ca-ac7e-847481629c2e: 17 internal nodes; 1.1 s; peak memory 496 MiB.
2026-10-03T06:28:02Z INFO [734/1893] 2d268291-6f71-499a-9749-2aadb65351ad: 115 internal nodes; 1.2 s; peak memory 496 MiB.
2026-10-03T06:28:03Z INFO [735/1893] 2d26d224-a9e9-4b42-a9a2-4c3a6bb0864a: 13 internal nodes; 0.9 s; peak memory 496 MiB.
2026-10-03T06:28:05Z INFO [736/1893] 2d2752ab-4cdc-4a1e-bcc0-2e113af8683e: 31 internal nodes; 1.9 s; peak memory 496 MiB.
2026-10-03T06:28:06Z INFO [737/1893] 2d276556-0eb6-43d2-ab03-2106edacdc25: 15 internal nodes; 1.1 s; peak memory 496 MiB.
2026-10-03T06:28:08Z INFO [738/1893] 2d28479f-7ef3-4c44-8279-4568120f6cb2: 27 internal nodes; 1.3 s; peak memory 496 MiB.
2026-10-03T06:28:17Z INFO [739/1893] 2d28a621-c898-4211-b680-24b4d9872d85: 222 internal nodes; 9.2 s; peak memory 496 MiB.
2026-10-03T06:28:18Z INFO [740/1893] 2d28d49e-63d5-4402-9cd2-6f783e4e6193: 31 internal nodes; 1.5 s; peak memory 496 MiB.
2026-10-03T06:28:21Z INFO [741/1893] 2d28fad8-1300-44d0-a48e-65233f770852: 38 internal nodes; 2.5 s; peak memory 496 MiB.
2026-10-03T06:28:22Z INFO [742/1893] 2d29464a-5005-4f3c-b506-c9a2e8cdb3da: 31 internal nodes; 1.2 s; peak memory 496 MiB.
2026-10-03T06:28:23Z INFO [743/1893] 2d29683f-1bbe-4188-b716-dae98600fc71: 27 internal nodes; 1.2 s; peak memory 496 MiB.
2026-10-03T06:28:29Z INFO [744/1893] 2d298808-6dde-4ebb-bedd-fa2de1e683d2: 62 internal nodes; 5.8 s; peak memory 496 MiB.
2026-10-03T06:28:31Z INFO [745/1893] 2d2a71e5-4c1f-4f87-99db-405a35412b99: 17 internal nodes; 1.6 s; peak memory 496 MiB.
2026-10-03T06:28:32Z INFO [746/1893] 2d2c9cb5-3cd2-4578-a6c6-4c795fe3212c: 17 internal nodes; 1.0 s; peak memory 496 MiB.
2026-10-03T06:28:33Z INFO [747/1893] 2d2e0e63-4aea-4b54-9a57-60d6ef734cb0: 11 internal nodes; 1.1 s; peak memory 496 MiB.
2026-10-03T06:28:35Z INFO [748/1893] 2d2e1324-205f-4cae-b2d9-f6c1e75c5eb8: 27 internal nodes; 2.2 s; peak memory 496 MiB.
2026-10-03T06:28:36Z INFO [749/1893] 2d3035f5-79fd-416c-9b70-bcf2c3d69ac4: 17 internal nodes; 1.2 s; peak memory 496 MiB.
2026-10-03T06:28:49Z INFO [750/1893] 2d30c534-a1bf-46b1-aa4b-5d11e26c65ac: 337 internal nodes; 13.2 s; peak memory 496 MiB.
2026-10-03T06:28:50Z INFO [750/1893] 2d30c534-a1bf-46b1-aa4b-5d11e26c65ac: checkpointed 68750 records.
2026-10-03T06:28:51Z INFO [751/1893] 2d31360f-43c0-481a-bfd9-4656ac806579: 18 internal nodes; 1.3 s; peak memory 496 MiB.
2026-10-03T06:28:59Z INFO [752/1893] 2d31ad07-8a25-4e2c-8668-8d06d9cbefd6: 166 internal nodes; 7.8 s; peak memory 496 MiB.
2026-10-03T06:29:00Z INFO [753/1893] 2d3336b3-32ac-48de-9c21-633f9fd1688d: 27 internal nodes; 1.4 s; peak memory 496 MiB.
2026-10-03T06:29:01Z INFO [754/1893] 2d346445-2eb5-4ace-a04b-e33ba453ff78: 26 internal nodes; 1.1 s; peak memory 496 MiB.
2026-10-03T06:29:02Z INFO [755/1893] 2d346c88-2967-4343-a5f1-0c5ae76aab0d: 17 internal nodes; 1.2 s; peak memory 496 MiB.
2026-10-03T06:29:04Z INFO [756/1893] 2d34fd3e-7dc0-4988-97d9-e4f60dc24c2d: 17 internal nodes; 1.0 s; peak memory 496 MiB.
2026-10-03T06:29:05Z INFO [757/1893] 2d35f9d2-7088-4515-93a7-ea2506dbbd47: 31 internal nodes; 1.4 s; peak memory 496 MiB.
2026-10-03T06:29:10Z INFO [758/1893] 2d361fb3-d3d1-46e1-af46-7a8468f6904b: 96 internal nodes; 5.0 s; peak memory 496 MiB.
2026-10-03T06:29:12Z INFO [759/1893] 2d365534-aac6-4948-92fa-05b545a18d67: 91 internal nodes; 1.8 s; peak memory 496 MiB.
2026-10-03T06:29:14Z INFO [760/1893] 2d3796e3-5288-4c5a-9ae3-1ad16d448d97: 44 internal nodes; 2.4 s; peak memory 496 MiB.
2026-10-03T06:29:15Z INFO [761/1893] 2d3842cd-40d9-4928-9198-740bccded438: 17 internal nodes; 1.0 s; peak memory 496 MiB.
2026-10-03T06:29:16Z INFO [762/1893] 2d39b1c1-7753-4351-9f08-276c0e587001: 18 internal nodes; 1.3 s; peak memory 496 MiB.
2026-10-03T06:29:22Z INFO [763/1893] 2d3adb33-afd2-4c07-9557-25d0c4fd01da: 54 internal nodes; 6.0 s; peak memory 496 MiB.
2026-10-03T06:29:23Z INFO [764/1893] 2d3b6d30-ec07-42b0-b637-d06bf509bffa: 17 internal nodes; 0.9 s; peak memory 496 MiB.
2026-10-03T06:29:25Z INFO [765/1893] 2d3b6d7a-a32f-4aba-ae4d-ede571c223e2: 69 internal nodes; 1.8 s; peak memory 496 MiB.
2026-10-03T06:29:27Z INFO [766/1893] 2d3cd9ad-eb71-4613-90d1-e735c4767e01: 26 internal nodes; 1.4 s; peak memory 496 MiB.
2026-10-03T06:29:28Z INFO [767/1893] 2d3f6914-ed6c-42c2-a504-e71c3e459e4d: 27 internal nodes; 1.3 s; peak memory 496 MiB.
2026-10-03T06:29:38Z INFO [768/1893] 2d3fba8f-989e-411a-a749-aa5c8b14adea: 114 internal nodes; 10.1 s; peak memory 496 MiB.
2026-10-03T06:29:39Z INFO [769/1893] 2d40be17-d764-4e28-b497-fcc15e404007: 27 internal nodes; 1.3 s; peak memory 496 MiB.
2026-10-03T06:29:40Z INFO [770/1893] 2d4106f1-72ee-496d-b091-67b96842b768: 17 internal nodes; 1.0 s; peak memory 496 MiB.
2026-10-03T06:29:41Z INFO [771/1893] 2d416a91-7fd3-4054-a6b8-1c6c74e06b66: 13 internal nodes; 1.1 s; peak memory 496 MiB.
2026-10-03T06:29:42Z INFO [772/1893] 2d4277e6-6a01-4c1e-a223-df636f41628e: 22 internal nodes; 0.8 s; peak memory 496 MiB.
2026-10-03T06:29:48Z INFO [773/1893] 2d44a93c-3ba2-4e7f-831b-3d6048886f09: 205 internal nodes; 5.9 s; peak memory 496 MiB.
2026-10-03T06:29:50Z INFO [774/1893] 2d450970-d49d-424c-9e1b-068c5e62aeef: 31 internal nodes; 1.5 s; peak memory 496 MiB.
2026-10-03T06:29:51Z INFO [775/1893] 2d4521d1-24d8-4aa2-a40c-f1ab7dd9b6d1: 27 internal nodes; 1.3 s; peak memory 496 MiB.
2026-10-03T06:29:53Z INFO [776/1893] 2d45334e-b009-4429-86ab-fabed0f72553: 90 internal nodes; 1.7 s; peak memory 496 MiB.
2026-10-03T06:29:53Z INFO [777/1893] 2d4545d5-515f-48d7-ab2c-0354e6538486: 11 internal nodes; 0.9 s; peak memory 496 MiB.
2026-10-03T06:29:54Z INFO [778/1893] 2d4648fd-f493-43ac-a74b-310bb0a48b25: 17 internal nodes; 1.0 s; peak memory 496 MiB.
2026-10-03T06:30:06Z INFO [779/1893] 2d475d56-f520-432c-8336-f06db95a1801: 201 internal nodes; 11.2 s; peak memory 496 MiB.
2026-10-03T06:30:07Z INFO [780/1893] 2d47e09a-2542-49b7-aab0-d12510c9cf01: 18 internal nodes; 1.3 s; peak memory 496 MiB.
2026-10-03T06:30:14Z INFO [781/1893] 2d48584b-6c2a-4852-8007-a163c687d4c3: 177 internal nodes; 6.6 s; peak memory 496 MiB.
2026-10-03T06:30:15Z INFO [782/1893] 2d48681b-61ae-48e9-8474-8e98bd529350: 17 internal nodes; 1.0 s; peak memory 496 MiB.
2026-10-03T06:30:16Z INFO [783/1893] 2d48e2de-458c-4c7a-871f-d53c67058b90: 20 internal nodes; 1.1 s; peak memory 496 MiB.
2026-10-03T06:30:17Z INFO [784/1893] 2d4947b1-b809-4208-84ee-b0171a68aa79: 26 internal nodes; 1.5 s; peak memory 496 MiB.
2026-10-03T06:30:20Z INFO [785/1893] 2d495798-c695-4923-a0a4-f3f86c15fbb4: 50 internal nodes; 3.0 s; peak memory 496 MiB.
2026-10-03T06:30:21Z INFO [786/1893] 2d4a1c59-3d63-496d-922e-62d49a8858f6: 115 internal nodes; 1.3 s; peak memory 496 MiB.
2026-10-03T06:30:28Z INFO [787/1893] 2d4ce5f9-f2a2-4f15-a1ef-0898314d8072: 1185 internal nodes; 6.7 s; peak memory 496 MiB.
2026-10-03T06:30:30Z INFO [788/1893] 2d4d050a-4d9f-4085-85ba-2c16dbe181c1: 42 internal nodes; 2.2 s; peak memory 496 MiB.
2026-10-03T06:30:31Z INFO [789/1893] 2d4d052e-1148-41ca-96dc-6ae487120ee5: 17 internal nodes; 1.1 s; peak memory 496 MiB.
2026-10-03T06:30:33Z INFO [790/1893] 2d4ea120-f3a0-41f7-8d7b-1124846b1c35: 17 internal nodes; 1.3 s; peak memory 496 MiB.
2026-10-03T06:30:42Z INFO [791/1893] 2d4eecaa-118e-410d-b07e-2fc13cb033e4: 42 internal nodes; 8.9 s; peak memory 496 MiB.
2026-10-03T06:30:45Z INFO [792/1893] 2d4f590d-9c89-41da-a3f9-9c60076f5a61: 44 internal nodes; 3.0 s; peak memory 496 MiB.
2026-10-03T06:30:46Z INFO [793/1893] 2d50ac27-e720-4516-ab79-7f063e6a3707: 31 internal nodes; 1.3 s; peak memory 496 MiB.
2026-10-03T06:30:55Z INFO [794/1893] 2d513b09-b4e2-4af0-9f28-a40d0b0a1b81: 191 internal nodes; 8.7 s; peak memory 496 MiB.
2026-10-03T06:30:56Z INFO [795/1893] 2d519f45-db0e-4684-bdef-6d003140d588: 37 internal nodes; 1.7 s; peak memory 496 MiB.
2026-10-03T06:30:57Z INFO [796/1893] 2d51ddc9-17f2-4e95-9b5f-388c8efb9fcc: 27 internal nodes; 0.8 s; peak memory 496 MiB.
2026-10-03T06:31:03Z INFO [797/1893] 2d51ef85-d77e-473c-94fa-8ec4e7eed499: 64 internal nodes; 5.5 s; peak memory 496 MiB.
2026-10-03T06:31:19Z INFO [798/1893] 2d52fe9c-bffe-4b54-95c9-b2f6089f9b5e: 137 internal nodes; 16.7 s; peak memory 496 MiB.
2026-10-03T06:31:20Z INFO [799/1893] 2d5342d4-6546-4088-b355-18a52be3f177: 26 internal nodes; 0.8 s; peak memory 496 MiB.
2026-10-03T06:31:22Z INFO [800/1893] 2d5381d7-1613-4638-911f-32556eef86f3: 59 internal nodes; 1.7 s; peak memory 496 MiB.
2026-10-03T06:31:22Z INFO [800/1893] 2d5381d7-1613-4638-911f-32556eef86f3: checkpointed 68800 records.
2026-10-03T06:31:23Z INFO [801/1893] 2d53efc5-5dd6-4b03-b9f4-63106c66d4b9: 17 internal nodes; 1.1 s; peak memory 496 MiB.
2026-10-03T06:31:24Z INFO [802/1893] 2d547f30-5d58-4441-bbd6-ed7fd2e02767: 17 internal nodes; 1.1 s; peak memory 496 MiB.
2026-10-03T06:31:25Z INFO [803/1893] 2d548063-4aa9-4696-a6b4-869a75d9152a: 27 internal nodes; 1.2 s; peak memory 496 MiB.
2026-10-03T06:31:33Z INFO [804/1893] 2d5528cd-1ca0-4ccc-af10-81f55c5442aa: 98 internal nodes; 7.6 s; peak memory 496 MiB.
2026-10-03T06:31:34Z INFO [805/1893] 2d567626-b91d-456c-944f-08a46e5b8c2e: 53 internal nodes; 1.2 s; peak memory 496 MiB.
2026-10-03T06:31:36Z INFO [806/1893] 2d583444-df7f-4ef9-94a8-f29dab577ee8: 26 internal nodes; 2.1 s; peak memory 496 MiB.
2026-10-03T06:31:38Z INFO [807/1893] 2d5858b1-09a7-42e0-92d2-6ff27a996f25: 31 internal nodes; 1.8 s; peak memory 496 MiB.
2026-10-03T06:31:41Z INFO [808/1893] 2d58dd86-1773-46e6-9f8f-90e18b9815b0: 55 internal nodes; 2.7 s; peak memory 496 MiB.
2026-10-03T06:31:42Z INFO [809/1893] 2d594445-ce60-4558-9845-477bca097f29: 31 internal nodes; 1.5 s; peak memory 496 MiB.
2026-10-03T06:31:44Z INFO [810/1893] 2d59ed9d-4c21-4835-a29a-e37523575f36: 28 internal nodes; 1.8 s; peak memory 496 MiB.
2026-10-03T06:31:45Z INFO [811/1893] 2d5a31b3-fed5-4dda-ae22-3f183fb96699: 17 internal nodes; 1.2 s; peak memory 496 MiB.
2026-10-03T06:31:51Z INFO [812/1893] 2d5a56a5-72aa-4c9e-9d16-667a532d9064: 68 internal nodes; 5.7 s; peak memory 496 MiB.
2026-10-03T06:31:52Z INFO [813/1893] 2d5b78aa-3036-4aef-998d-fd6be941363d: 18 internal nodes; 1.0 s; peak memory 496 MiB.
2026-10-03T06:31:54Z INFO [814/1893] 2d5bbb15-a728-46f5-9166-b38d9a872c88: 61 internal nodes; 1.5 s; peak memory 496 MiB.
2026-10-03T06:32:00Z INFO [815/1893] 2d5be0db-6482-4c3f-9107-49d7d4e41fe1: 41 internal nodes; 6.8 s; peak memory 496 MiB.
2026-10-03T06:32:01Z INFO [816/1893] 2d5be3c5-5dd4-4336-87e2-ecca3b245f70: 17 internal nodes; 1.0 s; peak memory 496 MiB.
2026-10-03T06:32:03Z INFO [817/1893] 2d5bec55-d5cb-4cb7-bf93-ecbc5cb0b079: 30 internal nodes; 1.7 s; peak memory 496 MiB.
2026-10-03T06:32:04Z INFO [818/1893] 2d5c9474-7b18-484d-a2d2-eba4bc7fe9a2: 19 internal nodes; 1.2 s; peak memory 496 MiB.
2026-10-03T06:32:06Z INFO [819/1893] 2d5cbf19-f41c-4bb5-a1f7-7d78e5a821a2: 27 internal nodes; 1.4 s; peak memory 496 MiB.
2026-10-03T06:32:06Z INFO [820/1893] 2d5d05ad-223c-4d62-a40e-28920f3ef800: 26 internal nodes; 0.8 s; peak memory 496 MiB.
2026-10-03T06:32:08Z INFO [821/1893] 2d5d70b2-4068-423e-a260-ded338b73f5f: 69 internal nodes; 1.8 s; peak memory 496 MiB.
2026-10-03T06:32:10Z INFO [822/1893] 2d5d7a3d-48d7-4671-bf72-a4f4895ca92d: 60 internal nodes; 1.6 s; peak memory 496 MiB.
2026-10-03T06:32:11Z INFO [823/1893] 2d5dc2e7-fc72-49da-9e09-51541d389c4f: 24 internal nodes; 1.2 s; peak memory 496 MiB.
2026-10-03T06:32:15Z INFO [824/1893] 2d5dea5c-d9ce-4f10-990b-8b5b6bec5b46: 46 internal nodes; 3.6 s; peak memory 496 MiB.
2026-10-03T06:32:16Z INFO [825/1893] 2d5e248c-bdf0-40e8-9a19-143e7bd89c0b: 25 internal nodes; 1.5 s; peak memory 496 MiB.
2026-10-03T06:32:17Z INFO [826/1893] 2d5ef1f9-66fd-4ba4-a8de-b7dec514b45f: 12 internal nodes; 0.9 s; peak memory 496 MiB.
2026-10-03T06:32:18Z INFO [827/1893] 2d5f6044-fa38-4800-b1ca-c49b1a81b5b6: 17 internal nodes; 1.1 s; peak memory 496 MiB.
2026-10-03T06:32:21Z INFO [828/1893] 2d5fa894-8b00-4607-9623-60e05ed0980a: 44 internal nodes; 3.0 s; peak memory 496 MiB.
2026-10-03T06:32:35Z INFO [829/1893] 2d5fec56-acf7-42b2-b6c6-76e3c196791f: 299 internal nodes; 14.4 s; peak memory 496 MiB.
2026-10-03T06:32:37Z INFO [830/1893] 2d5ffddf-6596-4111-ae47-2b3d6fb5c61e: 31 internal nodes; 1.7 s; peak memory 496 MiB.
2026-10-03T06:32:39Z INFO [831/1893] 2d601214-d5ca-4f7e-8c31-aca0288c6d98: 27 internal nodes; 1.5 s; peak memory 496 MiB.
2026-10-03T06:32:40Z INFO [832/1893] 2d609599-6cfa-4dd1-b323-443aa14a65bd: 27 internal nodes; 1.2 s; peak memory 496 MiB.
2026-10-03T06:32:41Z INFO [833/1893] 2d63beee-689c-4528-8b4c-4ca7a7db6bf4: 29 internal nodes; 1.1 s; peak memory 496 MiB.
2026-10-03T06:32:50Z INFO [834/1893] 2d64531b-b6fb-46c5-973f-f371468a5c87: 181 internal nodes; 8.7 s; peak memory 496 MiB.
2026-10-03T06:32:51Z INFO [835/1893] 2d645d00-0cd3-4161-be9c-ea20e66c4858: 86 internal nodes; 1.3 s; peak memory 496 MiB.
2026-10-03T06:32:54Z INFO [836/1893] 2d659dae-e8bf-4175-adba-d2367da0727f: 55 internal nodes; 3.3 s; peak memory 496 MiB.
2026-10-03T06:33:04Z INFO [837/1893] 2d65f764-7601-4655-94e0-171fde0cc244: 185 internal nodes; 9.6 s; peak memory 496 MiB.
2026-10-03T06:33:05Z INFO [838/1893] 2d664dce-daa5-4f44-98ff-a2b096796e1d: 115 internal nodes; 1.1 s; peak memory 496 MiB.
2026-10-03T06:33:06Z INFO [839/1893] 2d66d572-258c-4d16-8572-c200975a6dda: 31 internal nodes; 1.6 s; peak memory 496 MiB.
2026-10-03T06:33:12Z INFO [840/1893] 2d66ece4-424a-4979-af62-6e595e19b2a0: 128 internal nodes; 5.3 s; peak memory 496 MiB.
2026-10-03T06:33:19Z INFO [841/1893] 2d6766ab-bcec-4bdd-8e09-106c07d4b3cd: 61 internal nodes; 7.1 s; peak memory 496 MiB.
2026-10-03T06:33:20Z INFO [842/1893] 2d68059c-a30f-4b9c-9cd9-13e079517430: 38 internal nodes; 1.6 s; peak memory 496 MiB.
2026-10-03T06:33:22Z INFO [843/1893] 2d6839cf-d00f-497a-9663-b695a50ab524: 29 internal nodes; 1.6 s; peak memory 496 MiB.
2026-10-03T06:33:23Z INFO [844/1893] 2d688875-e51d-49cb-bfb1-106247700df8: 17 internal nodes; 1.0 s; peak memory 496 MiB.
2026-10-03T06:33:24Z INFO [845/1893] 2d688e7f-e930-4b85-a31e-b978c1843193: 17 internal nodes; 1.1 s; peak memory 496 MiB.
2026-10-03T06:33:25Z INFO [846/1893] 2d6940ef-a4a3-473d-9ca7-b12a2a8e24bc: 13 internal nodes; 1.1 s; peak memory 496 MiB.
2026-10-03T06:33:26Z INFO [847/1893] 2d69a65d-2d3d-4d6c-85f6-5dcf18a9f4e1: 27 internal nodes; 1.2 s; peak memory 496 MiB.
2026-10-03T06:33:28Z INFO [848/1893] 2d69ee7e-ecca-41b9-a49c-691c5a4bbcde: 120 internal nodes; 1.4 s; peak memory 496 MiB.
2026-10-03T06:33:29Z INFO [849/1893] 2d6a37be-b386-4d5f-86c3-5c79223d9a30: 18 internal nodes; 0.9 s; peak memory 496 MiB.
2026-10-03T06:33:30Z INFO [850/1893] 2d6ac79d-9f28-480b-a316-fe2a95c6110b: 17 internal nodes; 0.9 s; peak memory 496 MiB.
2026-10-03T06:33:30Z INFO [850/1893] 2d6ac79d-9f28-480b-a316-fe2a95c6110b: checkpointed 68850 records.
2026-10-03T06:33:36Z INFO [851/1893] 2d6b384a-ecaa-4fd6-addd-300a10b2e471: 177 internal nodes; 6.2 s; peak memory 496 MiB.
2026-10-03T06:33:37Z INFO [852/1893] 2d6b8b17-1c51-4fc9-80b5-8ce8d18347e0: 17 internal nodes; 1.0 s; peak memory 496 MiB.
2026-10-03T06:33:38Z INFO [853/1893] 2d6bb749-355f-4db1-99fa-30dfc641aede: 27 internal nodes; 1.2 s; peak memory 496 MiB.
2026-10-03T06:33:39Z INFO [854/1893] 2d6c4d52-d602-4164-a0e5-b435b19d2739: 17 internal nodes; 1.0 s; peak memory 496 MiB.
2026-10-03T06:33:41Z INFO [855/1893] 2d6d3e0b-0de1-4195-8ce3-6c69714cfe07: 63 internal nodes; 1.6 s; peak memory 496 MiB.
2026-10-03T06:33:42Z INFO [856/1893] 2d6d8ea7-016f-41cb-9705-794db91a8628: 17 internal nodes; 1.0 s; peak memory 496 MiB.
2026-10-03T06:33:43Z INFO [857/1893] 2d6edabf-27b2-4dbe-99c8-8a41ab6398ca: 17 internal nodes; 1.0 s; peak memory 496 MiB.
2026-10-03T06:33:44Z INFO [858/1893] 2d6edf30-f66a-4676-aa6e-ef0dc2c6491d: 13 internal nodes; 1.0 s; peak memory 496 MiB.
2026-10-03T06:33:45Z INFO [859/1893] 2d6f8934-1a02-4025-8d6c-b8168b6ff4b4: 16 internal nodes; 0.9 s; peak memory 496 MiB.
2026-10-03T06:33:46Z INFO [860/1893] 2d703e03-0290-4f0c-b280-c1f9a7e0a5b8: 17 internal nodes; 1.0 s; peak memory 496 MiB.
2026-10-03T06:33:47Z INFO [861/1893] 2d70ddd1-d328-4057-a0c7-e8ab7560003c: 17 internal nodes; 1.1 s; peak memory 496 MiB.
2026-10-03T06:33:48Z INFO [862/1893] 2d71126a-07bb-4201-9a9a-8cb5e0c743a3: 17 internal nodes; 1.0 s; peak memory 496 MiB.
2026-10-03T06:33:49Z INFO [863/1893] 2d711d79-eed1-404b-8399-073a2e997404: 90 internal nodes; 1.3 s; peak memory 496 MiB.
2026-10-03T06:33:50Z INFO [864/1893] 2d71f9e1-3476-4947-895a-851fb8b75555: 11 internal nodes; 0.6 s; peak memory 496 MiB.
2026-10-03T06:33:51Z INFO [865/1893] 2d720e80-f091-463b-afd8-7c68e5bc7d16: 17 internal nodes; 1.0 s; peak memory 496 MiB.
2026-10-03T06:33:57Z INFO [866/1893] 2d7219cc-5dcc-4e0b-9b2a-ae370e377816: 100 internal nodes; 6.3 s; peak memory 496 MiB.
2026-10-03T06:33:58Z INFO [867/1893] 2d72712d-9150-4c88-9824-3dcca387961b: 17 internal nodes; 0.9 s; peak memory 496 MiB.
2026-10-03T06:33:59Z INFO [868/1893] 2d72cdd8-9759-49da-9784-c832ce4aec03: 13 internal nodes; 1.1 s; peak memory 496 MiB.
2026-10-03T06:34:00Z INFO [869/1893] 2d73cdb0-b963-4e08-b9f6-006f06e5fde1: 23 internal nodes; 1.0 s; peak memory 496 MiB.
2026-10-03T06:34:01Z INFO [870/1893] 2d73ecc1-ff7a-4dd7-b3f8-47575d33fe0d: 13 internal nodes; 1.0 s; peak memory 496 MiB.
2026-10-03T06:34:03Z INFO [871/1893] 2d745019-235a-41b7-a8f4-bedc9054a0ff: 58 internal nodes; 2.0 s; peak memory 496 MiB.
2026-10-03T06:34:05Z INFO [872/1893] 2d7656b8-247f-4baf-83f3-8bffa14b2be8: 67 internal nodes; 1.7 s; peak memory 496 MiB.
2026-10-03T06:34:06Z INFO [873/1893] 2d76c9ca-8940-4c3d-986f-fa6e783525c6: 27 internal nodes; 1.3 s; peak memory 496 MiB.
2026-10-03T06:34:07Z INFO [874/1893] 2d77211d-d936-4b93-8273-7ba6d9f6fe65: 17 internal nodes; 1.1 s; peak memory 496 MiB.
2026-10-03T06:34:08Z INFO [875/1893] 2d7761d1-430c-4676-92cc-7b696330f26b: 17 internal nodes; 1.0 s; peak memory 496 MiB.
2026-10-03T06:34:09Z INFO [876/1893] 2d776de4-e068-4a98-a209-5a8dfcfb3c5a: 17 internal nodes; 1.0 s; peak memory 496 MiB.
2026-10-03T06:34:12Z INFO [877/1893] 2d77b3a7-7183-4b1e-a7ba-6c8d24c6ffcd: 55 internal nodes; 2.8 s; peak memory 496 MiB.
2026-10-03T06:34:18Z INFO [878/1893] 2d786e57-d959-4ffd-8a9f-504302092a23: 68 internal nodes; 6.1 s; peak memory 496 MiB.
2026-10-03T06:34:19Z INFO [879/1893] 2d787bbb-6a7d-4c43-97b4-047bf501c732: 17 internal nodes; 1.1 s; peak memory 496 MiB.
2026-10-03T06:34:21Z INFO [880/1893] 2d79f9e7-a060-4da0-80f2-950b5673f974: 24 internal nodes; 1.4 s; peak memory 496 MiB.
2026-10-03T06:34:22Z INFO [881/1893] 2d7b1450-8795-437d-9f52-350b308d0c5d: 17 internal nodes; 0.8 s; peak memory 496 MiB.
2026-10-03T06:34:23Z INFO [882/1893] 2d7b7dd4-7cc1-4dc0-8840-49ffc2bd5dc6: 27 internal nodes; 1.3 s; peak memory 496 MiB.
2026-10-03T06:34:24Z INFO [883/1893] 2d7cdf59-7b1c-4164-b929-a2543338dc29: 17 internal nodes; 1.1 s; peak memory 496 MiB.
2026-10-03T06:34:25Z INFO [884/1893] 2d7d76e8-6a3e-4dc6-9626-8b3bc6b87784: 17 internal nodes; 0.9 s; peak memory 496 MiB.
2026-10-03T06:34:26Z INFO [885/1893] 2d7d9eb2-cd84-4830-956e-790edfca9149: 17 internal nodes; 1.1 s; peak memory 496 MiB.
2026-10-03T06:34:27Z INFO [886/1893] 2d7e5001-8040-47a7-b3ef-f781a5e87987: 91 internal nodes; 1.5 s; peak memory 496 MiB.
2026-10-03T06:34:31Z INFO [887/1893] 2d7ead8c-a47a-4e9b-b5d7-fe251b13249f: 78 internal nodes; 3.9 s; peak memory 496 MiB.
2026-10-03T06:34:34Z INFO [888/1893] 2d7f7d48-cf9c-43a8-ad4c-9b871d4966c1: 46 internal nodes; 3.1 s; peak memory 496 MiB.
2026-10-03T06:34:35Z INFO [889/1893] 2d7fcf45-6b8e-4af5-823a-2e43a962795c: 11 internal nodes; 0.7 s; peak memory 496 MiB.
2026-10-03T06:34:36Z INFO [890/1893] 2d801315-5bca-4af2-9c61-b879b9de34d4: 27 internal nodes; 1.2 s; peak memory 496 MiB.
2026-10-03T06:34:38Z INFO [891/1893] 2d801bd6-dd45-4928-be1c-014238afaef7: 30 internal nodes; 1.7 s; peak memory 496 MiB.
2026-10-03T06:34:39Z INFO [892/1893] 2d803bfc-2308-43f6-a2f2-28551e27b75b: 27 internal nodes; 1.2 s; peak memory 496 MiB.
2026-10-03T06:34:41Z INFO [893/1893] 2d812477-4ed6-4927-b4a8-bacf4bd2da27: 29 internal nodes; 1.5 s; peak memory 496 MiB.
2026-10-03T06:34:41Z INFO [894/1893] 2d8124c7-9b4a-458c-8d1e-4077fffea7a3: 20 internal nodes; 0.8 s; peak memory 496 MiB.
2026-10-03T06:34:43Z INFO [895/1893] 2d81289d-9fe5-4f10-bfa3-872e1733cdae: 22 internal nodes; 1.4 s; peak memory 496 MiB.
2026-10-03T06:34:44Z INFO [896/1893] 2d81296d-6ca2-4148-be87-de9d5853db22: 17 internal nodes; 1.0 s; peak memory 496 MiB.
2026-10-03T06:34:46Z INFO [897/1893] 2d819acd-eb0f-447b-826b-6715d1238a15: 31 internal nodes; 1.8 s; peak memory 496 MiB.
2026-10-03T06:34:47Z INFO [898/1893] 2d821d2e-38b7-405a-af54-d880013b6278: 19 internal nodes; 1.0 s; peak memory 496 MiB.
2026-10-03T06:34:48Z INFO [899/1893] 2d821f46-b9ad-4bad-a4d2-bc6946518651: 27 internal nodes; 1.4 s; peak memory 496 MiB.
2026-10-03T06:34:49Z INFO [900/1893] 2d82398d-33c6-442b-a93b-c09d1f106a42: 27 internal nodes; 1.4 s; peak memory 496 MiB.
2026-10-03T06:34:50Z INFO [900/1893] 2d82398d-33c6-442b-a93b-c09d1f106a42: checkpointed 68900 records.
2026-10-03T06:34:51Z INFO [901/1893] 2d825e43-b4c3-43a9-9cdb-8eb877170ef6: 17 internal nodes; 1.1 s; peak memory 496 MiB.
2026-10-03T06:34:52Z INFO [902/1893] 2d8307dc-40ea-46cf-8bf6-5d1294cf9db5: 31 internal nodes; 1.8 s; peak memory 496 MiB.
2026-10-03T06:34:53Z INFO [903/1893] 2d835ddd-52a9-4f9c-ac18-f85452fff2e0: 11 internal nodes; 0.6 s; peak memory 496 MiB.
2026-10-03T06:34:54Z INFO [904/1893] 2d83629c-2713-4687-9eed-eff4a719b876: 27 internal nodes; 1.2 s; peak memory 496 MiB.
2026-10-03T06:34:57Z INFO [905/1893] 2d84c2f9-d6ef-4041-9367-57fc18d3b2f6: 50 internal nodes; 3.0 s; peak memory 496 MiB.
2026-10-03T06:34:59Z INFO [906/1893] 2d851eae-fe05-42b0-a0f0-459e8988b07d: 55 internal nodes; 1.4 s; peak memory 496 MiB.
2026-10-03T06:35:00Z INFO [907/1893] 2d858195-78de-4fb4-9a8b-b6eaacf87220: 17 internal nodes; 1.0 s; peak memory 496 MiB.
2026-10-03T06:35:01Z INFO [908/1893] 2d86138b-4da6-40b1-921a-cc9e5f95470a: 15 internal nodes; 1.0 s; peak memory 496 MiB.
2026-10-03T06:35:02Z INFO [909/1893] 2d862663-9b68-4d4c-97f7-25944e363fbf: 29 internal nodes; 1.6 s; peak memory 496 MiB.
2026-10-03T06:35:04Z INFO [910/1893] 2d864cde-05c5-4417-92b7-5b8d611aa174: 31 internal nodes; 1.6 s; peak memory 496 MiB.
2026-10-03T06:35:05Z INFO [911/1893] 2d866c1d-6905-4214-ab82-81cda409a79d: 19 internal nodes; 0.9 s; peak memory 496 MiB.
2026-10-03T06:35:14Z INFO [912/1893] 2d86c2d0-48d5-4cb9-9f6e-2eb4260bd450: 259 internal nodes; 9.2 s; peak memory 496 MiB.
2026-10-03T06:35:26Z INFO [913/1893] 2d86e08b-d81f-432d-9b0e-67e5e0452d3f: 274 internal nodes; 12.1 s; peak memory 496 MiB.
2026-10-03T06:35:27Z INFO [914/1893] 2d880099-a3db-41a6-9795-2b1f1e33799e: 115 internal nodes; 1.2 s; peak memory 496 MiB.
2026-10-03T06:35:28Z INFO [915/1893] 2d8868d9-9412-430f-819a-cd0ba513aa5b: 13 internal nodes; 1.1 s; peak memory 496 MiB.
2026-10-03T06:35:44Z INFO [916/1893] 2d89720b-f51a-4b42-a19e-686596ed4d4c: 399 internal nodes; 15.4 s; peak memory 496 MiB.
2026-10-03T06:35:45Z INFO [917/1893] 2d899c3d-20c8-4972-84be-e4d62ea3ab57: 27 internal nodes; 1.2 s; peak memory 496 MiB.
2026-10-03T06:35:52Z INFO [918/1893] 2d8b0de0-d977-4c47-9e78-d98ac012a05e: 173 internal nodes; 7.1 s; peak memory 496 MiB.
2026-10-03T06:35:54Z INFO [919/1893] 2d8b33d1-beff-4c91-9bca-ab02a3e3747d: 27 internal nodes; 1.4 s; peak memory 496 MiB.
2026-10-03T06:35:54Z INFO [920/1893] 2d8be6f0-996f-431a-83f2-bdd22267803d: 18 internal nodes; 1.0 s; peak memory 496 MiB.
2026-10-03T06:35:59Z INFO [921/1893] 2d8c3fbe-9158-4e64-b2e4-6c2c3c5e8271: 93 internal nodes; 4.6 s; peak memory 496 MiB.
2026-10-03T06:36:01Z INFO [922/1893] 2d8cb2e6-ec89-483b-bf8e-92a3003f8e66: 22 internal nodes; 1.4 s; peak memory 496 MiB.
2026-10-03T06:36:02Z INFO [923/1893] 2d8ccc0c-8ae8-45b0-bec7-7606f97c04dc: 17 internal nodes; 1.1 s; peak memory 496 MiB.
2026-10-03T06:36:03Z INFO [924/1893] 2d8d6cec-b7b7-4efc-ac1c-124b7222e511: 17 internal nodes; 1.1 s; peak memory 496 MiB.
2026-10-03T06:36:04Z INFO [925/1893] 2d8dda09-bc2d-4be7-b544-84796128b4f7: 17 internal nodes; 1.1 s; peak memory 496 MiB.
2026-10-03T06:36:05Z INFO [926/1893] 2d8e8445-6728-4773-9611-c3c495deeb00: 17 internal nodes; 1.0 s; peak memory 496 MiB.
2026-10-03T06:36:06Z INFO [927/1893] 2d8ed670-a809-4aa4-a231-acc2ed11226b: 24 internal nodes; 1.4 s; peak memory 496 MiB.
2026-10-03T06:36:09Z INFO [928/1893] 2d8f43ba-c5f0-4ec8-8cb9-2e8efe04d03a: 61 internal nodes; 2.4 s; peak memory 496 MiB.
2026-10-03T06:36:17Z INFO [929/1893] 2d8fab9b-e5ac-460a-bc4b-ea69f8ec7394: 65 internal nodes; 8.4 s; peak memory 496 MiB.
2026-10-03T06:36:19Z INFO [930/1893] 2d900eed-733d-49a2-850f-e0d865f903d9: 27 internal nodes; 1.5 s; peak memory 496 MiB.
2026-10-03T06:36:24Z INFO [931/1893] 2d903ebf-062f-45c0-81d8-a28b493262e6: 132 internal nodes; 5.8 s; peak memory 496 MiB.
2026-10-03T06:36:26Z INFO [932/1893] 2d904e3b-773c-4f4e-bce7-b6ba7cc87a06: 31 internal nodes; 1.5 s; peak memory 496 MiB.
2026-10-03T06:36:27Z INFO [933/1893] 2d90706c-8723-41b5-b094-2a65b3d653ba: 17 internal nodes; 1.0 s; peak memory 496 MiB.
2026-10-03T06:36:28Z INFO [934/1893] 2d907e7a-a52d-499a-8342-df134b5570bd: 17 internal nodes; 1.1 s; peak memory 496 MiB.
2026-10-03T06:36:29Z INFO [935/1893] 2d908c8c-2ddf-4216-be1d-0d73ce2d4de2: 31 internal nodes; 1.3 s; peak memory 496 MiB.
2026-10-03T06:36:31Z INFO [936/1893] 2d90f423-41a0-4e8d-8bf9-56056fbe97bf: 27 internal nodes; 1.5 s; peak memory 496 MiB.
2026-10-03T06:36:32Z INFO [937/1893] 2d92257c-80f8-45fc-96ac-798d79f5e530: 31 internal nodes; 1.6 s; peak memory 496 MiB.
2026-10-03T06:36:35Z INFO [938/1893] 2d94ae97-5b9b-437a-a5fa-5ae18e69bad9: 44 internal nodes; 2.9 s; peak memory 496 MiB.
2026-10-03T06:36:36Z INFO [939/1893] 2d95c506-14a1-4c27-a046-66d87fe1ecca: 27 internal nodes; 1.2 s; peak memory 496 MiB.
2026-10-03T06:36:38Z INFO [940/1893] 2d95e45f-4bd7-4d34-9634-a2c8c393bbf3: 63 internal nodes; 1.5 s; peak memory 496 MiB.
2026-10-03T06:36:41Z INFO [941/1893] 2d966913-dbd0-49b4-aa22-b781cd055974: 44 internal nodes; 3.0 s; peak memory 496 MiB.
2026-10-03T06:36:47Z INFO [942/1893] 2d968ac8-477d-4e9d-9a56-f539304553b2: 135 internal nodes; 6.5 s; peak memory 496 MiB.
2026-10-03T06:36:48Z INFO [943/1893] 2d97b37b-ed3c-4284-ae2a-9f47f09f3778: 24 internal nodes; 0.8 s; peak memory 496 MiB.
2026-10-03T06:36:49Z INFO [944/1893] 2d99636d-6d7d-4d5a-a5ab-099cc1af4896: 27 internal nodes; 1.4 s; peak memory 496 MiB.
2026-10-03T06:36:51Z INFO [945/1893] 2d998d06-8809-4a40-9561-e63bc3153a5e: 27 internal nodes; 1.1 s; peak memory 496 MiB.
2026-10-03T06:36:52Z INFO [946/1893] 2d99f1f6-cf9c-49a1-ae05-14ae8d90cd54: 17 internal nodes; 1.0 s; peak memory 496 MiB.
2026-10-03T06:36:55Z INFO [947/1893] 2d9a71eb-88b2-40f7-a749-0979cc516d22: 46 internal nodes; 3.2 s; peak memory 496 MiB.
2026-10-03T06:36:56Z INFO [948/1893] 2d9ab11a-7360-4ebe-8867-2a83fc79785a: 63 internal nodes; 1.5 s; peak memory 496 MiB.
2026-10-03T06:36:59Z INFO [949/1893] 2d9b20f7-5b0e-44f4-b039-be7a8dc5ace7: 44 internal nodes; 2.6 s; peak memory 496 MiB.
2026-10-03T06:37:00Z INFO [950/1893] 2d9b43a0-4724-40ef-aa93-e2e361db4820: 13 internal nodes; 1.1 s; peak memory 496 MiB.
2026-10-03T06:37:00Z INFO [950/1893] 2d9b43a0-4724-40ef-aa93-e2e361db4820: checkpointed 68950 records.
2026-10-03T06:37:01Z INFO [951/1893] 2d9c516b-f7f2-4c9c-94fa-c7be388198d6: 17 internal nodes; 0.9 s; peak memory 496 MiB.
2026-10-03T06:37:02Z INFO [952/1893] 2d9d1e07-e36e-42ac-9e33-7d79b144f90f: 27 internal nodes; 1.2 s; peak memory 496 MiB.
2026-10-03T06:37:04Z INFO [953/1893] 2d9f7585-247d-449f-9098-f58526b68bd3: 18 internal nodes; 1.2 s; peak memory 496 MiB.
2026-10-03T06:37:05Z INFO [954/1893] 2d9fe19d-438f-4faf-aa96-99d7593568fc: 31 internal nodes; 1.4 s; peak memory 496 MiB.
2026-10-03T06:37:06Z INFO [955/1893] 2da0a687-008e-44ae-8038-bd9ed81b8556: 17 internal nodes; 0.9 s; peak memory 496 MiB.
2026-10-03T06:37:54Z INFO [956/1893] 2da0c6f5-ab27-413a-ab14-20f5fbe7a014: 4839 internal nodes; 48.6 s; peak memory 496 MiB.
2026-10-03T06:38:02Z INFO [957/1893] 2da0e9ac-845b-44f0-bc4b-b4a51669586f: 61 internal nodes; 7.5 s; peak memory 496 MiB.
2026-10-03T06:38:03Z INFO [958/1893] 2da200df-a879-4220-9a64-b95c2164d4b0: 53 internal nodes; 1.4 s; peak memory 496 MiB.
2026-10-03T06:38:05Z INFO [959/1893] 2da22a9c-f6b1-430c-a4d4-bfa7d3c643a6: 22 internal nodes; 1.3 s; peak memory 496 MiB.
2026-10-03T06:38:06Z INFO [960/1893] 2da28bcf-aad8-47a9-ad91-547d6f590a5d: 17 internal nodes; 1.1 s; peak memory 496 MiB.
2026-10-03T06:39:38Z INFO [961/1893] 2da2bc28-f73f-4eb9-bf9b-b8ddcf7b41af: 479 internal nodes; 92.1 s; peak memory 496 MiB.
2026-10-03T06:39:39Z INFO [962/1893] 2da31023-c60a-49af-bd79-90d56a26aa00: 19 internal nodes; 1.0 s; peak memory 496 MiB.
2026-10-03T06:39:40Z INFO [963/1893] 2da364cd-e4fb-4065-acd5-dd5a5a876209: 17 internal nodes; 1.0 s; peak memory 496 MiB.
2026-10-03T06:39:41Z INFO [964/1893] 2da3c07f-5fe5-4814-ad98-6ca00f99ad44: 27 internal nodes; 1.4 s; peak memory 496 MiB.
2026-10-03T06:39:45Z INFO [965/1893] 2da3c3f2-a095-4d2e-ad83-69313ddca13f: 50 internal nodes; 3.2 s; peak memory 496 MiB.
2026-10-03T06:39:48Z INFO [966/1893] 2da3ca71-7099-4725-a20d-47ba3155d39a: 45 internal nodes; 3.3 s; peak memory 496 MiB.
2026-10-03T06:39:50Z INFO [967/1893] 2da3e092-52d5-40f3-83d2-5d3891e86b9e: 31 internal nodes; 1.8 s; peak memory 496 MiB.
2026-10-03T06:39:51Z INFO [968/1893] 2da435f6-9399-41de-ab58-482808dd4bc7: 119 internal nodes; 1.3 s; peak memory 496 MiB.
2026-10-03T06:40:34Z INFO [969/1893] 2da4b342-e815-4ab5-94de-2301714cf0c9: 93 internal nodes; 43.2 s; peak memory 496 MiB.
2026-10-03T06:40:46Z INFO [970/1893] 2da55030-711c-4951-8081-fab3a79d8288: 223 internal nodes; 12.2 s; peak memory 496 MiB.
2026-10-03T06:40:48Z INFO [971/1893] 2da6d3f9-4a66-42c3-91a8-f4f0a739b554: 18 internal nodes; 1.2 s; peak memory 496 MiB.
2026-10-03T06:40:48Z INFO [972/1893] 2da79ec7-5559-403a-86c8-ab395ca7f755: 27 internal nodes; 0.9 s; peak memory 496 MiB.
2026-10-03T06:40:49Z INFO [973/1893] 2da7bfbd-8d9d-4be9-be88-280b1411cd59: 17 internal nodes; 1.0 s; peak memory 496 MiB.
2026-10-03T06:40:50Z INFO [974/1893] 2daa620c-49b0-4431-a722-060b829ada1c: 27 internal nodes; 0.8 s; peak memory 496 MiB.
2026-10-03T06:40:52Z INFO [975/1893] 2daaf56d-023b-41a6-8ae2-c7e8bdc7734a: 19 internal nodes; 1.4 s; peak memory 496 MiB.
2026-10-03T06:40:53Z INFO [976/1893] 2dab033a-32e5-492f-b66d-32e2c8c61756: 13 internal nodes; 0.9 s; peak memory 496 MiB.
2026-10-03T06:40:54Z INFO [977/1893] 2dab515d-c42e-4208-b622-13d2ff73e277: 17 internal nodes; 1.0 s; peak memory 496 MiB.
2026-10-03T06:40:55Z INFO [978/1893] 2dab8829-9af9-457e-84c2-c76c288420f6: 17 internal nodes; 1.0 s; peak memory 496 MiB.
2026-10-03T06:41:13Z INFO [979/1893] 2dabbc3e-fbf3-4bc3-a858-b9447c698cbf: 137 internal nodes; 18.1 s; peak memory 496 MiB.
2026-10-03T06:41:14Z INFO [980/1893] 2dac1615-eed1-4847-a69a-c6bb7b38985c: 29 internal nodes; 1.6 s; peak memory 496 MiB.
2026-10-03T06:41:16Z INFO [981/1893] 2dac4c4e-5791-4eb4-b6a9-372541e892e6: 53 internal nodes; 1.3 s; peak memory 496 MiB.
2026-10-03T06:41:17Z INFO [982/1893] 2dacc3b2-7dd4-4693-be96-b21a9ad61491: 17 internal nodes; 1.2 s; peak memory 496 MiB.
2026-10-03T06:41:18Z INFO [983/1893] 2dace050-ccc2-4e2e-bc18-c57feead7a4f: 17 internal nodes; 1.1 s; peak memory 496 MiB.
2026-10-03T06:41:19Z INFO [984/1893] 2dade966-133f-47b0-949a-835bac239578: 17 internal nodes; 1.1 s; peak memory 496 MiB.
2026-10-03T06:41:33Z INFO [985/1893] 2dadf05a-6499-4aef-948f-88f265619071: 421 internal nodes; 14.1 s; peak memory 496 MiB.
2026-10-03T06:41:34Z INFO [986/1893] 2dae577c-f938-4641-a644-fb0b085fa674: 18 internal nodes; 0.9 s; peak memory 496 MiB.
2026-10-03T06:41:36Z INFO [987/1893] 2daf0627-a174-4222-99ff-22b4f7473572: 31 internal nodes; 1.7 s; peak memory 496 MiB.
2026-10-03T06:41:49Z INFO [988/1893] 2daf16aa-bdc9-4f7a-8fed-d0825029e37b: 214 internal nodes; 13.0 s; peak memory 496 MiB.
2026-10-03T06:41:52Z INFO [989/1893] 2db043c7-64fb-47ca-8c6f-f4c18eaf9b3a: 90 internal nodes; 3.7 s; peak memory 496 MiB.
2026-10-03T06:41:54Z INFO [990/1893] 2db0f509-24eb-408f-9104-28df2cec67ff: 20 internal nodes; 1.4 s; peak memory 496 MiB.
2026-10-03T06:42:09Z INFO [991/1893] 2db15ad2-9dd3-4a53-b5b5-adedebbbc860: 570 internal nodes; 15.3 s; peak memory 496 MiB.
2026-10-03T06:42:10Z INFO [992/1893] 2db1ecb6-6c22-43a3-989a-464f34c310c5: 18 internal nodes; 1.0 s; peak memory 496 MiB.
2026-10-03T06:42:12Z INFO [993/1893] 2db2f006-a622-44a4-9043-2921e146ef48: 26 internal nodes; 1.7 s; peak memory 496 MiB.
2026-10-03T06:42:13Z INFO [994/1893] 2db3a2c0-59f0-491c-9ab2-5a2a8ca5b96c: 17 internal nodes; 1.1 s; peak memory 496 MiB.
2026-10-03T06:42:14Z INFO [995/1893] 2db3a733-fbba-4787-91a0-85d7b7962d22: 17 internal nodes; 1.2 s; peak memory 496 MiB.
2026-10-03T06:42:22Z INFO [996/1893] 2db45377-3231-4f5d-818c-3b29f8956db3: 188 internal nodes; 8.0 s; peak memory 496 MiB.
2026-10-03T06:42:24Z INFO [997/1893] 2db45da6-0d3f-4784-810b-afd56bbaf2c6: 37 internal nodes; 2.2 s; peak memory 496 MiB.
2026-10-03T06:42:26Z INFO [998/1893] 2db46a65-157d-4bc7-9179-9b3bf8d7a5c6: 90 internal nodes; 1.2 s; peak memory 496 MiB.
2026-10-03T06:42:27Z INFO [999/1893] 2db51501-9606-4e3b-a975-ebecc5bf992d: 22 internal nodes; 1.3 s; peak memory 496 MiB.
2026-10-03T06:42:28Z INFO [1000/1893] 2db54bbe-457d-4e8c-ba21-6cb9ca73ef30: 11 internal nodes; 0.7 s; peak memory 496 MiB.
2026-10-03T06:42:28Z INFO [1000/1893] 2db54bbe-457d-4e8c-ba21-6cb9ca73ef30: checkpointed 69000 records.
2026-10-03T06:42:29Z INFO [1001/1893] 2db5bfc0-2865-400b-abca-6280178c3d38: 37 internal nodes; 1.6 s; peak memory 496 MiB.
2026-10-03T06:42:33Z INFO [1002/1893] 2db5c0f0-32e8-4284-acc4-f9c0614f813f: 46 internal nodes; 3.2 s; peak memory 496 MiB.
2026-10-03T06:42:34Z INFO [1003/1893] 2db6cccf-d3d4-41e8-8372-b777ddcbf318: 17 internal nodes; 1.0 s; peak memory 496 MiB.
2026-10-03T06:42:35Z INFO [1004/1893] 2db6eef4-62f5-43d9-98bd-a92ca88877c3: 31 internal nodes; 1.7 s; peak memory 496 MiB.
2026-10-03T06:42:36Z INFO [1005/1893] 2db74fa3-01c5-466a-ad7e-5c5308282c45: 11 internal nodes; 0.8 s; peak memory 496 MiB.
2026-10-03T06:42:38Z INFO [1006/1893] 2db7d399-77fb-4760-bfb7-9c763aee2be6: 31 internal nodes; 1.4 s; peak memory 496 MiB.
2026-10-03T06:42:39Z INFO [1007/1893] 2db8ac0e-050e-4e64-9a65-5d1a0d8a66b6: 17 internal nodes; 1.1 s; peak memory 496 MiB.
2026-10-03T06:42:40Z INFO [1008/1893] 2db9d0af-8972-48a3-ae85-6dc6cf6e7424: 116 internal nodes; 1.6 s; peak memory 496 MiB.
2026-10-03T06:42:42Z INFO [1009/1893] 2dba1be1-efea-41c6-86c7-171b898bccba: 29 internal nodes; 2.0 s; peak memory 496 MiB.
2026-10-03T06:42:43Z INFO [1010/1893] 2dbbc577-3a04-4448-b911-14221d45bc33: 17 internal nodes; 1.1 s; peak memory 496 MiB.
2026-10-03T06:42:45Z INFO [1011/1893] 2dbbec5a-41bb-4bb6-8b2a-33f9cafabb0c: 35 internal nodes; 1.5 s; peak memory 496 MiB.
2026-10-03T06:42:47Z INFO [1012/1893] 2dbbfd55-f58d-4fef-8cab-ccdbcafaec3b: 31 internal nodes; 1.6 s; peak memory 496 MiB.
2026-10-03T06:42:49Z INFO [1013/1893] 2dbc4a42-f0ca-42e1-8bdf-162025e665df: 54 internal nodes; 2.5 s; peak memory 496 MiB.
2026-10-03T06:42:50Z INFO [1014/1893] 2dbe0d10-1b1f-467f-a623-ac41f74d945d: 19 internal nodes; 1.3 s; peak memory 496 MiB.
2026-10-03T06:42:56Z INFO [1015/1893] 2dbe17dc-33e0-4e5c-a801-4393b4c95bee: 70 internal nodes; 5.9 s; peak memory 496 MiB.
2026-10-03T06:42:57Z INFO [1016/1893] 2dbeddc8-9b09-4767-b273-a2719b881d19: 17 internal nodes; 0.9 s; peak memory 496 MiB.
2026-10-03T06:42:58Z INFO [1017/1893] 2dbf26cb-446d-48c5-b0e6-fa7f9b113785: 17 internal nodes; 1.1 s; peak memory 496 MiB.
2026-10-03T06:42:59Z INFO [1018/1893] 2dc01ab7-1cf8-4f9a-923d-671742050c2d: 27 internal nodes; 1.2 s; peak memory 496 MiB.
2026-10-03T06:43:01Z INFO [1019/1893] 2dc02af9-29e3-4876-b3cb-6a8db10dac63: 17 internal nodes; 1.1 s; peak memory 496 MiB.
2026-10-03T06:43:02Z INFO [1020/1893] 2dc0c194-e613-4387-8982-04c86eb97364: 17 internal nodes; 1.0 s; peak memory 496 MiB.
2026-10-03T06:43:03Z INFO [1021/1893] 2dc0fa3d-0aae-440a-8cc7-c562d71329ad: 15 internal nodes; 1.1 s; peak memory 496 MiB.
2026-10-03T06:43:05Z INFO [1022/1893] 2dc131c4-5f14-48e1-ad4f-40a038d29726: 31 internal nodes; 1.9 s; peak memory 496 MiB.
2026-10-03T06:43:06Z INFO [1023/1893] 2dc15ad2-1761-4289-b493-94f271a78e68: 27 internal nodes; 1.3 s; peak memory 496 MiB.
2026-10-03T06:43:07Z INFO [1024/1893] 2dc15cb8-df55-4edb-9042-e7669d12aceb: 27 internal nodes; 1.3 s; peak memory 496 MiB.
2026-10-03T06:43:08Z INFO [1025/1893] 2dc18fcf-8814-4661-8c3a-3d47d328711d: 11 internal nodes; 0.9 s; peak memory 496 MiB.
2026-10-03T06:43:09Z INFO [1026/1893] 2dc314ba-00ca-4a5f-a394-2e7551576a16: 115 internal nodes; 1.3 s; peak memory 496 MiB.
2026-10-03T06:43:10Z INFO [1027/1893] 2dc35968-890e-4a83-98b2-18e67dcbb411: 11 internal nodes; 0.8 s; peak memory 496 MiB.
2026-10-03T06:43:11Z INFO [1028/1893] 2dc3b51d-108a-402f-86cb-f59c785f18a9: 17 internal nodes; 1.0 s; peak memory 496 MiB.
2026-10-03T06:43:29Z INFO [1029/1893] 2dc569b4-9756-44b9-a333-1cdc3c7a17bd: 142 internal nodes; 18.0 s; peak memory 496 MiB.
2026-10-03T06:43:30Z INFO [1030/1893] 2dc5713a-947c-49bf-aa04-149d28e60430: 27 internal nodes; 1.3 s; peak memory 496 MiB.
2026-10-03T06:43:33Z INFO [1031/1893] 2dc57ca5-cfe2-4217-a752-ba36e789807d: 42 internal nodes; 2.2 s; peak memory 496 MiB.
2026-10-03T06:43:34Z INFO [1032/1893] 2dc6031e-83d8-410e-a020-fc74bd86a895: 66 internal nodes; 1.9 s; peak memory 496 MiB.
2026-10-03T06:43:43Z INFO [1033/1893] 2dc60966-af06-4755-8ab9-654fe9f85097: 44 internal nodes; 9.0 s; peak memory 496 MiB.
2026-10-03T06:43:45Z INFO [1034/1893] 2dc62090-9f71-493b-9ad2-bcb4e545ceb6: 27 internal nodes; 1.3 s; peak memory 496 MiB.
2026-10-03T06:43:46Z INFO [1035/1893] 2dc6ca58-2936-4043-91e7-c4a15f58f20a: 19 internal nodes; 1.1 s; peak memory 496 MiB.
2026-10-03T06:43:47Z INFO [1036/1893] 2dc7a10a-bd80-4c83-b1c8-a4dc59fae5cd: 17 internal nodes; 1.1 s; peak memory 496 MiB.
2026-10-03T06:43:48Z INFO [1037/1893] 2dc96e97-1d9a-499e-9496-d313ae175779: 17 internal nodes; 1.0 s; peak memory 496 MiB.
2026-10-03T06:43:50Z INFO [1038/1893] 2dca0a1a-f2a4-4fc7-836b-130884a9260c: 29 internal nodes; 1.6 s; peak memory 496 MiB.
2026-10-03T06:43:50Z INFO [1039/1893] 2dca44d6-b5d9-4af3-9be3-fe3c71b75db4: 17 internal nodes; 0.9 s; peak memory 496 MiB.
2026-10-03T06:43:52Z INFO [1040/1893] 2dca53fd-81a1-49a3-9978-2148cfb3c207: 27 internal nodes; 1.2 s; peak memory 496 MiB.
2026-10-03T06:43:53Z INFO [1041/1893] 2dcb57a4-cbbf-4773-8285-74600cbd45ef: 17 internal nodes; 1.0 s; peak memory 496 MiB.
2026-10-03T06:43:54Z INFO [1042/1893] 2dcc18ff-6b69-4022-8368-f0a20d58fa75: 13 internal nodes; 1.0 s; peak memory 496 MiB.
2026-10-03T06:43:55Z INFO [1043/1893] 2dcc7097-130d-4079-a98d-5be344e56f37: 27 internal nodes; 1.5 s; peak memory 496 MiB.
2026-10-03T06:43:56Z INFO [1044/1893] 2dcd4fcc-1a05-476d-8565-f98ef230a5b1: 17 internal nodes; 0.9 s; peak memory 496 MiB.
2026-10-03T06:43:57Z INFO [1045/1893] 2dce38a5-d072-474b-bb99-263b3fb53321: 27 internal nodes; 1.2 s; peak memory 496 MiB.
2026-10-03T06:43:58Z INFO [1046/1893] 2dcfaa32-204a-43da-b1a7-b13b959592c0: 11 internal nodes; 0.7 s; peak memory 496 MiB.
2026-10-03T06:43:59Z INFO [1047/1893] 2dd06c9e-2523-4e0a-92b6-a3c37ca8671e: 17 internal nodes; 0.9 s; peak memory 496 MiB.
2026-10-03T06:44:46Z INFO [1048/1893] 2dd0c971-1dac-4992-959c-2eb681240b21: 2320 internal nodes; 47.2 s; peak memory 496 MiB.
2026-10-03T06:44:48Z INFO [1049/1893] 2dd38b35-bd2b-4494-a1af-0176710ad914: 58 internal nodes; 1.6 s; peak memory 496 MiB.
2026-10-03T06:44:53Z INFO [1050/1893] 2dd3f198-bf3a-4aad-9c30-e5b9c3369380: 177 internal nodes; 5.7 s; peak memory 496 MiB.
2026-10-03T06:44:54Z INFO [1050/1893] 2dd3f198-bf3a-4aad-9c30-e5b9c3369380: checkpointed 69050 records.
2026-10-03T06:44:56Z INFO [1051/1893] 2dd58899-a670-4068-b594-584be94f8e82: 50 internal nodes; 2.5 s; peak memory 496 MiB.
2026-10-03T06:44:57Z INFO [1052/1893] 2dd5a227-2679-4b7b-bb8b-7b6e95485285: 17 internal nodes; 1.0 s; peak memory 496 MiB.
2026-10-03T06:44:59Z INFO [1053/1893] 2dd611a3-cf79-4325-b289-2b159de42982: 30 internal nodes; 2.2 s; peak memory 496 MiB.
2026-10-03T06:45:14Z INFO [1054/1893] 2dd6c625-7d38-44a8-b254-74b029f05019: 300 internal nodes; 15.0 s; peak memory 496 MiB.
2026-10-03T06:45:16Z INFO [1055/1893] 2dd6e229-9621-4203-b759-150a237725b0: 18 internal nodes; 1.2 s; peak memory 496 MiB.
2026-10-03T06:45:17Z INFO [1056/1893] 2dd6f83f-62f4-4bc2-bc1d-f3968f5354e4: 17 internal nodes; 1.0 s; peak memory 496 MiB.
2026-10-03T06:45:19Z INFO [1057/1893] 2dd7249f-89b5-455c-be11-6c777d91cf29: 52 internal nodes; 2.4 s; peak memory 496 MiB.
2026-10-03T06:45:35Z INFO [1058/1893] 2dd75f9a-d0b1-4aa0-a50e-2417d3cca23b: 277 internal nodes; 16.3 s; peak memory 496 MiB.
2026-10-03T06:45:36Z INFO [1059/1893] 2dd76583-8867-4a0c-a806-8dc251cc7061: 11 internal nodes; 0.7 s; peak memory 496 MiB.
2026-10-03T06:45:37Z INFO [1060/1893] 2dd76c3c-47f9-4080-bfbc-d30904bd310b: 13 internal nodes; 1.1 s; peak memory 496 MiB.
2026-10-03T06:45:39Z INFO [1061/1893] 2dd77ca6-d78c-4407-8236-337f12f1b5ad: 54 internal nodes; 1.6 s; peak memory 496 MiB.
2026-10-03T06:45:40Z INFO [1062/1893] 2dd7e595-2b1f-4b58-a84e-fdab596049b5: 13 internal nodes; 1.0 s; peak memory 496 MiB.
2026-10-03T06:45:41Z INFO [1063/1893] 2dd9441f-f834-4b77-8458-d289f8af3389: 27 internal nodes; 1.2 s; peak memory 496 MiB.
2026-10-03T06:45:42Z INFO [1064/1893] 2dd9e92a-cdcb-485f-91df-027319a55779: 17 internal nodes; 1.0 s; peak memory 496 MiB.
2026-10-03T06:45:43Z INFO [1065/1893] 2dda5590-0f49-4e2b-9305-9c451ca711da: 37 internal nodes; 1.6 s; peak memory 496 MiB.
2026-10-03T06:45:54Z INFO [1066/1893] 2ddac752-807c-4fa0-8953-fa958b7e48aa: 237 internal nodes; 10.8 s; peak memory 496 MiB.
2026-10-03T06:45:55Z INFO [1067/1893] 2ddacbc4-4578-4618-b0b2-42dc24f10f43: 13 internal nodes; 1.0 s; peak memory 496 MiB.
2026-10-03T06:45:57Z INFO [1068/1893] 2ddb3cc7-6c4a-4fa3-93fe-babbb52c3f77: 35 internal nodes; 1.6 s; peak memory 496 MiB.
2026-10-03T06:45:58Z INFO [1069/1893] 2ddc46cb-2172-4408-beb8-79e4d3680c19: 27 internal nodes; 1.2 s; peak memory 496 MiB.
2026-10-03T06:45:59Z INFO [1070/1893] 2ddd19df-7f5d-4fcd-bc2a-cbb4c06e2621: 27 internal nodes; 1.3 s; peak memory 496 MiB.
2026-10-03T06:46:01Z INFO [1071/1893] 2dddfe3c-5b46-46b6-af60-4c006100bef1: 30 internal nodes; 1.5 s; peak memory 496 MiB.
2026-10-03T06:46:02Z INFO [1072/1893] 2dde18e7-513c-4427-add2-2a63de7d6502: 31 internal nodes; 1.6 s; peak memory 496 MiB.
2026-10-03T06:46:04Z INFO [1073/1893] 2dde5526-e2c8-4374-a51a-ac263297bdd6: 27 internal nodes; 1.4 s; peak memory 496 MiB.
2026-10-03T06:46:06Z INFO [1074/1893] 2dde6aa3-c5ac-47bc-b2ac-b0744bb8030f: 27 internal nodes; 1.9 s; peak memory 496 MiB.
2026-10-03T06:46:07Z INFO [1075/1893] 2ddf1982-b5a9-409f-931d-e55ad555c5d3: 86 internal nodes; 1.2 s; peak memory 496 MiB.
2026-10-03T06:46:10Z INFO [1076/1893] 2ddf9bbf-0cf2-4c71-8411-61877428b882: 63 internal nodes; 2.9 s; peak memory 496 MiB.
2026-10-03T06:46:11Z INFO [1077/1893] 2ddffdf7-7c46-4e2f-a997-b46a5def081f: 18 internal nodes; 0.9 s; peak memory 496 MiB.
2026-10-03T06:46:12Z INFO [1078/1893] 2de0b125-3c6c-42d6-b090-af70e1d235f5: 31 internal nodes; 1.7 s; peak memory 496 MiB.
2026-10-03T06:46:14Z INFO [1079/1893] 2de0e6d5-4059-44d8-8ff7-fd43ac6995e9: 31 internal nodes; 1.6 s; peak memory 496 MiB.
2026-10-03T06:46:16Z INFO [1080/1893] 2de1ebcb-0b0f-4a40-ac38-4b23d4d2a399: 56 internal nodes; 1.6 s; peak memory 496 MiB.
2026-10-03T06:46:17Z INFO [1081/1893] 2de1ef31-c03a-4f5c-b575-275851e421bd: 31 internal nodes; 1.5 s; peak memory 496 MiB.
2026-10-03T06:46:18Z INFO [1082/1893] 2de3f7a6-708e-4c56-b1a9-d48b0f97feb2: 17 internal nodes; 1.0 s; peak memory 496 MiB.
2026-10-03T06:46:19Z INFO [1083/1893] 2de44f77-8855-434a-b5a3-8d1ed04edf85: 22 internal nodes; 1.4 s; peak memory 496 MiB.
2026-10-03T06:46:20Z INFO [1084/1893] 2de45a94-d306-48da-a7e4-892461a52227: 18 internal nodes; 0.8 s; peak memory 496 MiB.
2026-10-03T06:46:23Z INFO [1085/1893] 2de47296-7bdd-4cd6-83c7-dedd1e9a0002: 44 internal nodes; 2.6 s; peak memory 496 MiB.
2026-10-03T06:46:30Z INFO [1086/1893] 2de4f212-8538-4040-b68d-245e8d3bb784: 41 internal nodes; 6.7 s; peak memory 496 MiB.
2026-10-03T06:46:31Z INFO [1087/1893] 2de5acaa-dfa4-4262-b352-a3a89677ad15: 29 internal nodes; 1.4 s; peak memory 496 MiB.
2026-10-03T06:46:38Z INFO [1088/1893] 2de5ba74-7611-4c2b-9835-aca6d0280baa: 41 internal nodes; 6.9 s; peak memory 496 MiB.
2026-10-03T06:46:40Z INFO [1089/1893] 2de600c5-4cad-4802-8220-153920c6a5c9: 61 internal nodes; 2.0 s; peak memory 496 MiB.
2026-10-03T06:46:41Z INFO [1090/1893] 2de6269e-7769-48b0-a0a6-e989fb7d2073: 29 internal nodes; 1.2 s; peak memory 496 MiB.
2026-10-03T06:46:42Z INFO [1091/1893] 2de805bb-f412-4708-bba4-7aa7c1643ae7: 13 internal nodes; 0.8 s; peak memory 496 MiB.
2026-10-03T06:46:44Z INFO [1092/1893] 2de89c01-15f7-4697-ba9c-87f9bf4adf78: 24 internal nodes; 1.9 s; peak memory 496 MiB.
2026-10-03T06:46:46Z INFO [1093/1893] 2de95263-383b-4518-bc4c-41d187af84b0: 31 internal nodes; 1.8 s; peak memory 496 MiB.
2026-10-03T06:46:46Z INFO [1094/1893] 2de955e7-e6ca-45bb-924a-e6de0a813830: 19 internal nodes; 0.9 s; peak memory 496 MiB.
2026-10-03T06:46:53Z INFO [1095/1893] 2de9aacf-58c4-456e-84f1-94c8dc3ca810: 139 internal nodes; 6.5 s; peak memory 496 MiB.
2026-10-03T06:46:54Z INFO [1096/1893] 2de9d421-619e-47d3-8296-12679febcd97: 27 internal nodes; 1.4 s; peak memory 496 MiB.
2026-10-03T06:47:00Z INFO [1097/1893] 2dea3cba-d973-4005-a374-867988b35768: 71 internal nodes; 5.4 s; peak memory 496 MiB.
2026-10-03T06:47:08Z INFO [1098/1893] 2dea6670-dc25-4125-9133-7a00e4cb82ff: 181 internal nodes; 8.7 s; peak memory 496 MiB.
2026-10-03T06:47:10Z INFO [1099/1893] 2debc9f0-fddc-4361-8245-4c6fae917b00: 17 internal nodes; 1.0 s; peak memory 496 MiB.
2026-10-03T06:47:10Z INFO [1100/1893] 2dee6c46-06a4-4872-b620-ef5edf4d7e93: 11 internal nodes; 0.7 s; peak memory 496 MiB.
2026-10-03T06:47:10Z INFO [1100/1893] 2dee6c46-06a4-4872-b620-ef5edf4d7e93: checkpointed 69100 records.
2026-10-03T06:47:11Z INFO [1101/1893] 2dee8bec-d7e6-4f63-9039-4faf4d2d01da: 17 internal nodes; 1.0 s; peak memory 496 MiB.
2026-10-03T06:47:13Z INFO [1102/1893] 2deed165-0066-4c7d-8d63-b43429774eff: 55 internal nodes; 1.6 s; peak memory 496 MiB.
2026-10-03T06:47:21Z INFO [1103/1893] 2deedea2-45b8-493a-afca-858e03659c32: 177 internal nodes; 7.7 s; peak memory 496 MiB.
2026-10-03T06:47:22Z INFO [1104/1893] 2def788d-b835-4015-a346-1508ea438a0d: 19 internal nodes; 1.1 s; peak memory 496 MiB.
2026-10-03T06:47:23Z INFO [1105/1893] 2defb8ce-0561-4a83-a4d6-0f39a489b275: 17 internal nodes; 1.0 s; peak memory 496 MiB.
2026-10-03T06:47:24Z INFO [1106/1893] 2defc912-dde2-4f93-8d14-25c127e58701: 27 internal nodes; 1.2 s; peak memory 496 MiB.
2026-10-03T06:47:26Z INFO [1107/1893] 2df0c517-e3ee-400e-a077-260e90eb8438: 69 internal nodes; 1.7 s; peak memory 496 MiB.
2026-10-03T06:47:27Z INFO [1108/1893] 2df10db4-75c9-46ab-aa52-3783f98ecb42: 61 internal nodes; 1.5 s; peak memory 496 MiB.
2026-10-03T06:47:30Z INFO [1109/1893] 2df25fa8-e3fb-49c0-a0a2-912e37108310: 42 internal nodes; 2.5 s; peak memory 496 MiB.
2026-10-03T06:47:31Z INFO [1110/1893] 2df29dd5-854a-469b-b636-3782c5b44287: 38 internal nodes; 1.5 s; peak memory 496 MiB.
2026-10-03T06:47:34Z INFO [1111/1893] 2df39f87-f9b8-40e5-8de8-0fe2b8a3c2b1: 40 internal nodes; 2.8 s; peak memory 496 MiB.
2026-10-03T06:47:36Z INFO [1112/1893] 2df45f18-cda0-48f9-a118-7b05c30f8249: 27 internal nodes; 1.4 s; peak memory 496 MiB.
2026-10-03T06:47:37Z INFO [1113/1893] 2df4682c-0719-4bc2-913b-aeed15b21e18: 27 internal nodes; 1.4 s; peak memory 496 MiB.
2026-10-03T06:47:45Z INFO [1114/1893] 2df47082-e673-46fc-88d1-e5ae8d674270: 189 internal nodes; 7.5 s; peak memory 496 MiB.
2026-10-03T06:47:51Z INFO [1115/1893] 2df48652-6c04-4972-8f39-c945708cf671: 61 internal nodes; 6.8 s; peak memory 496 MiB.
2026-10-03T06:47:53Z INFO [1116/1893] 2df4ceb0-48ae-49a6-8edf-5e33c9b7a9ea: 29 internal nodes; 1.2 s; peak memory 496 MiB.
2026-10-03T06:47:54Z INFO [1117/1893] 2df74844-10f8-4537-b224-947b9751ed32: 17 internal nodes; 1.1 s; peak memory 496 MiB.
2026-10-03T06:47:55Z INFO [1118/1893] 2df85cc8-a4d2-43a8-9f29-d9364b214d89: 27 internal nodes; 1.9 s; peak memory 496 MiB.
2026-10-03T06:48:03Z INFO [1119/1893] 2df910df-929a-4bb3-8982-03d3bedf05e5: 61 internal nodes; 7.2 s; peak memory 496 MiB.
2026-10-03T06:48:15Z INFO [1120/1893] 2df92f84-b78f-4448-bbcf-530219eb8f9a: 59 internal nodes; 11.9 s; peak memory 496 MiB.
2026-10-03T06:48:16Z INFO [1121/1893] 2df93e94-0d72-4eb9-8e3e-f271a018b0e7: 17 internal nodes; 1.1 s; peak memory 496 MiB.
2026-10-03T06:48:17Z INFO [1122/1893] 2df9774a-944d-4212-821b-95c5d428abca: 17 internal nodes; 1.1 s; peak memory 496 MiB.
2026-10-03T06:48:18Z INFO [1123/1893] 2df9972c-b16b-41e1-9a14-89c994072cf7: 30 internal nodes; 1.6 s; peak memory 496 MiB.
2026-10-03T06:48:22Z INFO [1124/1893] 2dfa1607-d19d-4b76-8635-285e4329a015: 49 internal nodes; 3.7 s; peak memory 496 MiB.
2026-10-03T06:48:24Z INFO [1125/1893] 2dfbca23-e524-40c7-8fec-094cb7deb8a7: 61 internal nodes; 1.6 s; peak memory 496 MiB.
2026-10-03T06:48:25Z INFO [1126/1893] 2dfbe920-e96a-4521-b66f-9b91a0128f19: 31 internal nodes; 1.5 s; peak memory 496 MiB.
2026-10-03T06:48:51Z INFO [1127/1893] 2dfbeeea-e910-408e-b36e-5c67c3d630fa: 283 internal nodes; 26.2 s; peak memory 496 MiB.
2026-10-03T06:48:53Z INFO [1128/1893] 2dfc2e18-1f9d-4c0f-9b30-ae202a8d0c52: 19 internal nodes; 1.7 s; peak memory 496 MiB.
2026-10-03T06:48:54Z INFO [1129/1893] 2dfce66a-27b8-4162-81b4-4d7670d7baf2: 32 internal nodes; 1.3 s; peak memory 496 MiB.
2026-10-03T06:49:00Z INFO [1130/1893] 2dfd0550-792d-4766-9b50-cf878ed37a37: 41 internal nodes; 5.5 s; peak memory 496 MiB.
2026-10-03T06:49:01Z INFO [1131/1893] 2dfd16e2-3dcb-4134-a6ea-53412e0da955: 31 internal nodes; 1.6 s; peak memory 496 MiB.
2026-10-03T06:49:07Z INFO [1132/1893] 2dfd849c-88aa-46eb-9d11-61f97701d41a: 73 internal nodes; 5.3 s; peak memory 496 MiB.
2026-10-03T06:49:14Z INFO [1133/1893] 2dfd86c7-744b-4a6e-8ad6-b8442fa01862: 153 internal nodes; 7.2 s; peak memory 496 MiB.
2026-10-03T06:49:15Z INFO [1134/1893] 2dfe2812-2b24-4cd7-91da-42ac5d2a9b9b: 18 internal nodes; 0.9 s; peak memory 496 MiB.
2026-10-03T06:49:16Z INFO [1135/1893] 2dfec1ce-aa6a-4b6b-8ba9-e4b6219f2fba: 55 internal nodes; 1.5 s; peak memory 496 MiB.
2026-10-03T06:49:23Z INFO [1136/1893] 2dfec93e-afc1-49f0-b936-2c42122dfbd2: 61 internal nodes; 7.0 s; peak memory 496 MiB.
2026-10-03T06:49:24Z INFO [1137/1893] 2dff0d13-2e8f-4ab8-81c2-28ac743acb6a: 11 internal nodes; 0.8 s; peak memory 496 MiB.
2026-10-03T06:49:25Z INFO [1138/1893] 2dff6802-4f7d-4dc5-9c81-82e44ff8e0f0: 11 internal nodes; 0.9 s; peak memory 496 MiB.
2026-10-03T06:49:39Z INFO [1139/1893] 2e0078c8-8e3b-4ea2-a43b-65c5a39093e4: 137 internal nodes; 14.0 s; peak memory 496 MiB.
2026-10-03T06:49:40Z INFO [1140/1893] 2e01cb21-1d6a-4a9c-90c0-95aec3252b4d: 17 internal nodes; 1.0 s; peak memory 496 MiB.
2026-10-03T06:49:41Z INFO [1141/1893] 2e02333d-ba65-4b97-b0bd-1965601eacc8: 17 internal nodes; 1.1 s; peak memory 496 MiB.
2026-10-03T06:49:42Z INFO [1142/1893] 2e02e7e3-6a32-461f-b89d-0af83b6dd2b5: 17 internal nodes; 1.0 s; peak memory 496 MiB.
2026-10-03T06:49:43Z INFO [1143/1893] 2e030e3f-dfd0-4558-bc15-651c25cee431: 17 internal nodes; 1.1 s; peak memory 496 MiB.
2026-10-03T06:49:50Z INFO [1144/1893] 2e03f6dd-eb6f-4792-987f-7ef51b2616f3: 233 internal nodes; 7.3 s; peak memory 496 MiB.
2026-10-03T06:49:52Z INFO [1145/1893] 2e040bac-baa9-4604-a844-fd44361be07a: 22 internal nodes; 1.5 s; peak memory 496 MiB.
2026-10-03T06:49:53Z INFO [1146/1893] 2e04cdf5-63c8-405b-a57e-4907b588b632: 27 internal nodes; 1.2 s; peak memory 496 MiB.
2026-10-03T06:49:54Z INFO [1147/1893] 2e054d31-56cb-4f7b-9972-22f877521c3c: 19 internal nodes; 1.1 s; peak memory 496 MiB.
2026-10-03T06:49:56Z INFO [1148/1893] 2e059246-0d9a-499f-8bca-1e68ed789ad2: 31 internal nodes; 1.7 s; peak memory 496 MiB.
2026-10-03T06:50:05Z INFO [1149/1893] 2e05da34-46d8-461f-9226-1406dd9fad5c: 192 internal nodes; 8.6 s; peak memory 496 MiB.
2026-10-03T06:50:23Z INFO [1150/1893] 2e06bcfb-04e6-4383-bd70-8ae534f1419c: 262 internal nodes; 18.8 s; peak memory 496 MiB.
2026-10-03T06:50:24Z INFO [1150/1893] 2e06bcfb-04e6-4383-bd70-8ae534f1419c: checkpointed 69150 records.
2026-10-03T06:50:32Z INFO [1151/1893] 2e06db81-29a2-43ab-91e8-eeb32309d183: 211 internal nodes; 8.3 s; peak memory 496 MiB.
2026-10-03T06:50:33Z INFO [1152/1893] 2e070306-fa0a-402a-bcfc-88b0fcab7a8a: 65 internal nodes; 1.6 s; peak memory 496 MiB.
2026-10-03T06:50:35Z INFO [1153/1893] 2e072f21-68de-40af-a8da-0cc30d4eadc9: 31 internal nodes; 1.6 s; peak memory 496 MiB.
2026-10-03T06:50:36Z INFO [1154/1893] 2e076ed6-15db-4ca1-9c12-ea3a448a5e1e: 27 internal nodes; 1.3 s; peak memory 496 MiB.
2026-10-03T06:50:37Z INFO [1155/1893] 2e07b5fc-3973-49ba-a5f0-992922405d63: 13 internal nodes; 1.0 s; peak memory 496 MiB.
2026-10-03T06:50:39Z INFO [1156/1893] 2e07bb2e-683b-46f9-99ea-8d9fd7d42baf: 25 internal nodes; 1.2 s; peak memory 496 MiB.
2026-10-03T06:50:45Z INFO [1157/1893] 2e07ed4b-5f94-4f6e-9266-209ab153bd82: 131 internal nodes; 6.1 s; peak memory 496 MiB.
2026-10-03T06:50:54Z INFO [1158/1893] 2e0866c9-e7ca-4e3b-8a9b-2a6cfca9065a: 183 internal nodes; 9.3 s; peak memory 496 MiB.
2026-10-03T06:50:55Z INFO [1159/1893] 2e08d15a-bab4-40eb-86b7-a5cfa16c2e70: 28 internal nodes; 1.0 s; peak memory 496 MiB.
2026-10-03T06:50:56Z INFO [1160/1893] 2e0908be-dc65-46ad-9037-54621c06ee81: 17 internal nodes; 1.1 s; peak memory 496 MiB.
2026-10-03T06:50:58Z INFO [1161/1893] 2e09258f-0ce8-43b9-b997-b0d20abf04db: 55 internal nodes; 1.5 s; peak memory 496 MiB.
2026-10-03T06:51:05Z INFO [1162/1893] 2e09805a-b16e-4b0a-8e64-1297d5dee006: 57 internal nodes; 7.2 s; peak memory 496 MiB.
2026-10-03T06:51:06Z INFO [1163/1893] 2e099510-d818-4645-9809-f1e2ca0aab4d: 63 internal nodes; 1.5 s; peak memory 496 MiB.
2026-10-03T06:51:07Z INFO [1164/1893] 2e0a3b62-9ad4-4893-91f6-4c4525e6dca2: 17 internal nodes; 1.1 s; peak memory 496 MiB.
2026-10-03T06:51:08Z INFO [1165/1893] 2e0a6bf1-f90c-40eb-8222-6320f58ffb72: 11 internal nodes; 0.7 s; peak memory 496 MiB.
2026-10-03T06:51:09Z INFO [1166/1893] 2e0aca9e-c502-4763-a1ac-cff33903e476: 17 internal nodes; 1.2 s; peak memory 496 MiB.
2026-10-03T06:51:10Z INFO [1167/1893] 2e0c4369-c5dd-4977-bada-dfa2b1528563: 58 internal nodes; 1.0 s; peak memory 496 MiB.
2026-10-03T06:51:11Z INFO [1168/1893] 2e0c5b6a-d670-4e15-b491-cff7bfb939c1: 17 internal nodes; 1.0 s; peak memory 496 MiB.
2026-10-03T06:51:13Z INFO [1169/1893] 2e0c8eaa-f081-4489-84d7-15cd07263e09: 63 internal nodes; 1.3 s; peak memory 496 MiB.
2026-10-03T06:51:16Z INFO [1170/1893] 2e0d546b-494d-47c4-87dc-b6fdb8adc566: 46 internal nodes; 3.3 s; peak memory 496 MiB.
2026-10-03T06:51:17Z INFO [1171/1893] 2e0d8047-d8a8-4cbd-8686-2130aa03e991: 13 internal nodes; 1.2 s; peak memory 496 MiB.
2026-10-03T06:51:19Z INFO [1172/1893] 2e0d95e9-4325-4779-b087-88bde72e6799: 28 internal nodes; 1.9 s; peak memory 496 MiB.
2026-10-03T06:51:21Z INFO [1173/1893] 2e0ec76c-5c76-406b-bd34-6cd307b0629f: 31 internal nodes; 2.2 s; peak memory 496 MiB.
2026-10-03T06:51:22Z INFO [1174/1893] 2e0fab25-6b4d-4755-adcd-451c2f3d87b7: 27 internal nodes; 1.2 s; peak memory 496 MiB.
2026-10-03T06:51:23Z INFO [1175/1893] 2e0fc50e-40de-4f69-8171-022d801faf66: 25 internal nodes; 0.8 s; peak memory 496 MiB.
2026-10-03T06:51:25Z INFO [1176/1893] 2e0fcf64-a65c-4510-b514-e4b40e2729da: 27 internal nodes; 1.4 s; peak memory 496 MiB.
2026-10-03T06:51:26Z INFO [1177/1893] 2e0fdac4-0b99-4b67-8370-b22e8b1f8fd4: 27 internal nodes; 1.1 s; peak memory 496 MiB.
2026-10-03T06:51:27Z INFO [1178/1893] 2e100b05-ffd3-4609-ba10-d1cd03280ce1: 21 internal nodes; 1.1 s; peak memory 496 MiB.
2026-10-03T06:51:28Z INFO [1179/1893] 2e10349e-018b-47a6-85db-31498586d0cf: 27 internal nodes; 1.3 s; peak memory 496 MiB.
2026-10-03T06:51:46Z INFO [1180/1893] 2e104c09-1f62-4af1-993e-71797a4803ba: 323 internal nodes; 18.1 s; peak memory 496 MiB.
2026-10-03T06:51:48Z INFO [1181/1893] 2e111f45-7523-4b90-9849-cde45b78ae9a: 31 internal nodes; 1.8 s; peak memory 496 MiB.
2026-10-03T06:51:49Z INFO [1182/1893] 2e115bb5-9f15-40cd-8580-de1509d29034: 17 internal nodes; 1.1 s; peak memory 496 MiB.
2026-10-03T06:51:50Z INFO [1183/1893] 2e11d926-7ea3-4331-9f02-d5b6378d769a: 11 internal nodes; 0.8 s; peak memory 496 MiB.
2026-10-03T06:51:51Z INFO [1184/1893] 2e1369c9-250c-4d68-b46f-7728e08a3ba3: 17 internal nodes; 1.0 s; peak memory 496 MiB.
2026-10-03T06:51:52Z INFO [1185/1893] 2e1387e8-b8b4-4da7-9bbf-27ec098bc136: 13 internal nodes; 1.0 s; peak memory 496 MiB.
2026-10-03T06:51:53Z INFO [1186/1893] 2e13991c-0bab-473e-91eb-eaf52679d784: 17 internal nodes; 1.0 s; peak memory 496 MiB.
2026-10-03T06:51:54Z INFO [1187/1893] 2e13a06e-5441-4bd8-b63e-afcf9f9bc90f: 29 internal nodes; 1.4 s; peak memory 496 MiB.
2026-10-03T06:51:55Z INFO [1188/1893] 2e1455c2-f456-416f-a4ed-65f3414170cf: 13 internal nodes; 0.7 s; peak memory 496 MiB.
2026-10-03T06:51:57Z INFO [1189/1893] 2e1497b7-4113-4813-afde-efa4c8dd8a87: 31 internal nodes; 1.5 s; peak memory 496 MiB.
2026-10-03T06:51:57Z INFO [1190/1893] 2e14faaa-ac89-460c-95e8-26d9ea67c780: 17 internal nodes; 1.0 s; peak memory 496 MiB.
2026-10-03T06:51:59Z INFO [1191/1893] 2e156863-e1c1-4fe9-9268-cef50213649d: 31 internal nodes; 1.5 s; peak memory 496 MiB.
2026-10-03T06:52:01Z INFO [1192/1893] 2e16a2ef-46e8-4a1d-b7b3-83b53a3799bb: 116 internal nodes; 1.6 s; peak memory 496 MiB.
2026-10-03T06:52:01Z INFO [1193/1893] 2e1729ad-b013-4138-bf34-c69e10e7cdad: 13 internal nodes; 0.9 s; peak memory 496 MiB.
2026-10-03T06:52:02Z INFO [1194/1893] 2e178b05-a1ed-4bdb-9de5-a83054e7453f: 17 internal nodes; 1.0 s; peak memory 496 MiB.
2026-10-03T06:52:04Z INFO [1195/1893] 2e17ab7b-489c-44d4-bbfc-2ae594b72b0e: 27 internal nodes; 1.3 s; peak memory 496 MiB.
2026-10-03T06:52:05Z INFO [1196/1893] 2e17c051-3edf-44cd-aaf0-d59e08abe11f: 17 internal nodes; 1.0 s; peak memory 496 MiB.
2026-10-03T06:52:08Z INFO [1197/1893] 2e18344b-bdb6-472c-ad2f-842e57fb9e12: 45 internal nodes; 3.0 s; peak memory 496 MiB.
2026-10-03T06:52:09Z INFO [1198/1893] 2e18f026-7612-458d-a4b3-1761dcd59f93: 29 internal nodes; 1.4 s; peak memory 496 MiB.
2026-10-03T06:52:10Z INFO [1199/1893] 2e1a80d2-63c0-49d3-84f7-76afd6f70b44: 20 internal nodes; 1.0 s; peak memory 496 MiB.
2026-10-03T06:52:11Z INFO [1200/1893] 2e1a8359-fc5a-4826-b757-2a29f4c78221: 26 internal nodes; 0.9 s; peak memory 496 MiB.
2026-10-03T06:52:11Z INFO [1200/1893] 2e1a8359-fc5a-4826-b757-2a29f4c78221: checkpointed 69200 records.
2026-10-03T06:52:14Z INFO [1201/1893] 2e1ac357-7656-4229-a525-80f7fb5e9bf2: 60 internal nodes; 2.8 s; peak memory 496 MiB.
2026-10-03T06:52:15Z INFO [1202/1893] 2e1b3a37-3654-454d-9430-8d0eb0c302cd: 19 internal nodes; 1.0 s; peak memory 496 MiB.
2026-10-03T06:52:16Z INFO [1203/1893] 2e1bfb78-a104-4836-8abe-3a9372555c67: 17 internal nodes; 1.1 s; peak memory 496 MiB.
2026-10-03T06:52:27Z INFO [1204/1893] 2e1c4617-8850-434b-a92d-58bf7fbe7159: 155 internal nodes; 10.6 s; peak memory 496 MiB.
2026-10-03T06:52:28Z INFO [1205/1893] 2e1ca66f-475b-47ee-bcdc-a20e69208a9f: 17 internal nodes; 1.2 s; peak memory 496 MiB.
2026-10-03T06:52:29Z INFO [1206/1893] 2e1cca30-0abe-4afd-90b7-4f53daaa5088: 17 internal nodes; 1.1 s; peak memory 496 MiB.
2026-10-03T06:52:31Z INFO [1207/1893] 2e1d5451-cfe6-4f13-b1f0-29c1e8fcebb9: 27 internal nodes; 1.3 s; peak memory 496 MiB.
2026-10-03T06:52:32Z INFO [1208/1893] 2e1d9734-75f0-4540-8d03-69471dc44c9e: 31 internal nodes; 1.4 s; peak memory 496 MiB.
2026-10-03T06:52:41Z INFO [1209/1893] 2e1dc6e6-f2e2-4676-b207-1aad85c28d76: 198 internal nodes; 8.7 s; peak memory 496 MiB.
2026-10-03T06:52:46Z INFO [1210/1893] 2e1e36bd-b570-42e1-b907-fbe047e84da7: 100 internal nodes; 5.8 s; peak memory 496 MiB.
2026-10-03T06:52:48Z INFO [1211/1893] 2e1e95e0-f41e-4361-8ac9-9f5a866ac53e: 27 internal nodes; 1.3 s; peak memory 496 MiB.
2026-10-03T06:52:49Z INFO [1212/1893] 2e231d70-c8f5-47f3-968c-43ec5a02fe07: 16 internal nodes; 1.0 s; peak memory 496 MiB.
2026-10-03T06:52:50Z INFO [1213/1893] 2e232431-5298-4220-b8f4-ab62b928aab7: 27 internal nodes; 1.2 s; peak memory 496 MiB.
2026-10-03T06:52:51Z INFO [1214/1893] 2e23c9f6-077c-4af6-a6f2-991cc7cefcbc: 27 internal nodes; 1.1 s; peak memory 496 MiB.
2026-10-03T06:52:52Z INFO [1215/1893] 2e240147-1e30-415d-bb02-cbbefc8eb012: 19 internal nodes; 1.1 s; peak memory 496 MiB.
2026-10-03T06:52:54Z INFO [1216/1893] 2e24fb4b-e38c-4516-abff-7d7ab995e1eb: 31 internal nodes; 2.0 s; peak memory 496 MiB.
2026-10-03T06:52:55Z INFO [1217/1893] 2e26188e-bc02-4df3-bf98-4e0039e9da35: 17 internal nodes; 1.1 s; peak memory 496 MiB.
2026-10-03T06:52:57Z INFO [1218/1893] 2e2753ed-5006-4aeb-a3b5-2b0424a62b7e: 115 internal nodes; 1.3 s; peak memory 496 MiB.
2026-10-03T06:53:07Z INFO [1219/1893] 2e275ff7-db88-474b-9d76-57984d7144f1: 203 internal nodes; 10.8 s; peak memory 496 MiB.
2026-10-03T06:53:08Z INFO [1220/1893] 2e27d8b0-4ac4-4d55-b1ef-f90235de7bf0: 26 internal nodes; 0.8 s; peak memory 496 MiB.
2026-10-03T06:53:10Z INFO [1221/1893] 2e299633-9047-4453-a5f8-bb2fe8442af9: 115 internal nodes; 1.3 s; peak memory 496 MiB.
2026-10-03T06:53:11Z INFO [1222/1893] 2e2a71ac-d80f-42b6-8438-b37e0e70acb8: 27 internal nodes; 1.2 s; peak memory 496 MiB.
2026-10-03T06:53:12Z INFO [1223/1893] 2e2a7365-463d-40e8-a96e-ca6425615c58: 19 internal nodes; 1.2 s; peak memory 496 MiB.
2026-10-03T06:53:13Z INFO [1224/1893] 2e2ad275-c90c-4d55-96b8-10558e5e126d: 17 internal nodes; 1.1 s; peak memory 496 MiB.
2026-10-03T06:53:17Z INFO [1225/1893] 2e2b0b74-c71f-4cff-b78b-5adf5c0d761d: 41 internal nodes; 3.7 s; peak memory 496 MiB.
2026-10-03T06:53:19Z INFO [1226/1893] 2e2b2948-dbf4-4925-85b5-40e3e53b9783: 31 internal nodes; 1.9 s; peak memory 496 MiB.
2026-10-03T06:53:22Z INFO [1227/1893] 2e2bc681-c1ee-4280-a063-1495d14c0ead: 46 internal nodes; 3.3 s; peak memory 496 MiB.
2026-10-03T06:53:23Z INFO [1228/1893] 2e2bc987-2f57-4568-820a-e2ffd00c6d35: 55 internal nodes; 1.5 s; peak memory 496 MiB.
2026-10-03T06:53:25Z INFO [1229/1893] 2e2c0579-2836-4b9c-a64d-d5a6656b59a9: 27 internal nodes; 1.3 s; peak memory 496 MiB.
2026-10-03T06:53:28Z INFO [1230/1893] 2e2cd824-39a4-4c4b-858a-79cbbd60c17c: 46 internal nodes; 3.2 s; peak memory 496 MiB.
2026-10-03T06:53:29Z INFO [1231/1893] 2e2d1e7c-e5e3-45a7-95c1-7abbba010664: 17 internal nodes; 0.8 s; peak memory 496 MiB.
2026-10-03T06:53:31Z INFO [1232/1893] 2e2e0357-44ce-46c8-aee3-c2d3301fef55: 31 internal nodes; 1.9 s; peak memory 496 MiB.
2026-10-03T06:53:37Z INFO [1233/1893] 2e2e2b2e-a960-4931-bc83-5aeaaaa9f980: 54 internal nodes; 5.8 s; peak memory 496 MiB.
2026-10-03T06:53:38Z INFO [1234/1893] 2e2e3e49-c503-46c4-ae21-10cebe98509d: 17 internal nodes; 1.0 s; peak memory 496 MiB.
2026-10-03T06:53:38Z INFO [1235/1893] 2e2edc26-c9e0-46ff-89b3-cfda43dc15c8: 13 internal nodes; 0.7 s; peak memory 496 MiB.
2026-10-03T06:53:39Z INFO [1236/1893] 2e2ee20f-6cab-421c-a202-e5949c4d97e4: 115 internal nodes; 1.2 s; peak memory 496 MiB.
2026-10-03T06:53:46Z INFO [1237/1893] 2e2f3690-7590-470d-847e-fb3296441755: 177 internal nodes; 6.5 s; peak memory 496 MiB.
2026-10-03T06:54:02Z INFO [1238/1893] 2e2fb8e5-d9c4-4173-a43a-92d321003af0: 3025 internal nodes; 16.1 s; peak memory 496 MiB.
2026-10-03T06:54:03Z INFO [1239/1893] 2e3043aa-68d7-4d6c-9f92-7c4bd26681c3: 27 internal nodes; 1.5 s; peak memory 496 MiB.
2026-10-03T06:54:05Z INFO [1240/1893] 2e3159f4-ed05-4dd1-8ee3-0bb6673aa8d7: 90 internal nodes; 1.3 s; peak memory 496 MiB.
2026-10-03T06:54:07Z INFO [1241/1893] 2e3214a8-810c-4351-a960-128d2c5cd3e5: 69 internal nodes; 1.9 s; peak memory 496 MiB.
2026-10-03T06:54:09Z INFO [1242/1893] 2e326e40-7b40-47d1-ada5-8c4d03360065: 45 internal nodes; 2.5 s; peak memory 496 MiB.
2026-10-03T06:54:10Z INFO [1243/1893] 2e3286bb-f18d-4c71-a5c1-4724393730d5: 15 internal nodes; 0.9 s; peak memory 496 MiB.
2026-10-03T06:54:11Z INFO [1244/1893] 2e328caa-a0c2-4878-84cb-a069c5e7642d: 11 internal nodes; 0.9 s; peak memory 496 MiB.
2026-10-03T06:54:12Z INFO [1245/1893] 2e32e3bc-138c-4ec8-badb-ca3ee2d7247b: 119 internal nodes; 1.4 s; peak memory 496 MiB.
2026-10-03T06:54:14Z INFO [1246/1893] 2e3331ce-8b5d-4bd9-a4aa-d33e56ded4d4: 27 internal nodes; 1.8 s; peak memory 496 MiB.
2026-10-03T06:54:16Z INFO [1247/1893] 2e336128-2672-45e1-93d8-19e4928d9d78: 27 internal nodes; 1.3 s; peak memory 496 MiB.
2026-10-03T06:54:19Z INFO [1248/1893] 2e33d6be-78cc-4cc0-ac46-083d5174bc5e: 48 internal nodes; 3.3 s; peak memory 496 MiB.
2026-10-03T06:54:28Z INFO [1249/1893] 2e351c9f-6237-425e-aed8-ed8899c474eb: 191 internal nodes; 9.2 s; peak memory 496 MiB.
2026-10-03T06:54:29Z INFO [1250/1893] 2e356abc-f0fb-4dc0-b361-f2a4ce4dd3e5: 27 internal nodes; 1.2 s; peak memory 496 MiB.
2026-10-03T06:54:30Z INFO [1250/1893] 2e356abc-f0fb-4dc0-b361-f2a4ce4dd3e5: checkpointed 69250 records.
2026-10-03T06:54:30Z INFO [1251/1893] 2e35cf74-cd0a-455a-b5df-8290d7353ad6: 17 internal nodes; 0.9 s; peak memory 496 MiB.
2026-10-03T06:54:32Z INFO [1252/1893] 2e367311-f735-429b-bdb5-7c464b789305: 17 internal nodes; 1.2 s; peak memory 496 MiB.
2026-10-03T06:54:33Z INFO [1253/1893] 2e368520-8ef4-4136-a303-083caea21e0c: 28 internal nodes; 1.5 s; peak memory 496 MiB.
2026-10-03T06:54:34Z INFO [1254/1893] 2e36d41f-4f8e-49dc-888d-019e9fc31b12: 19 internal nodes; 1.1 s; peak memory 496 MiB.
2026-10-03T06:54:36Z INFO [1255/1893] 2e3786eb-9adb-4e93-a687-0f7f1ada0cbb: 115 internal nodes; 1.3 s; peak memory 496 MiB.
2026-10-03T06:54:37Z INFO [1256/1893] 2e379e03-8677-4165-b4bd-a2267e719171: 17 internal nodes; 1.2 s; peak memory 496 MiB.
2026-10-03T06:54:38Z INFO [1257/1893] 2e37edaa-d7a4-404d-bdad-b6a6e5015ecb: 11 internal nodes; 1.0 s; peak memory 496 MiB.
2026-10-03T06:54:48Z INFO [1258/1893] 2e389f8b-6b54-4ebb-9b8b-f65a2bb88143: 297 internal nodes; 9.9 s; peak memory 496 MiB.
2026-10-03T06:54:49Z INFO [1259/1893] 2e38a2a4-52d1-4436-b046-32b23286090c: 31 internal nodes; 1.6 s; peak memory 496 MiB.
2026-10-03T06:54:53Z INFO [1260/1893] 2e38af32-2720-4791-8cd6-224ff9137a2a: 41 internal nodes; 3.5 s; peak memory 496 MiB.
2026-10-03T06:54:56Z INFO [1261/1893] 2e39478d-9c18-4b84-b30f-a81054f3a5dd: 56 internal nodes; 3.2 s; peak memory 496 MiB.
2026-10-03T06:54:58Z INFO [1262/1893] 2e39b510-4669-4cbf-b42b-7d563edd30e1: 69 internal nodes; 1.8 s; peak memory 496 MiB.
2026-10-03T06:54:59Z INFO [1263/1893] 2e3a036e-e1ea-41b2-aedb-624979809367: 27 internal nodes; 1.3 s; peak memory 496 MiB.
2026-10-03T06:55:05Z INFO [1264/1893] 2e3a8283-aa85-4caf-8e58-846f0bc209e3: 119 internal nodes; 6.0 s; peak memory 496 MiB.
2026-10-03T06:55:07Z INFO [1265/1893] 2e3acb2a-4996-4a81-8bae-4ec7fdca29f7: 31 internal nodes; 1.9 s; peak memory 496 MiB.
2026-10-03T06:55:10Z INFO [1266/1893] 2e3afd14-9b1f-42d3-b7e0-257daabd3689: 43 internal nodes; 3.2 s; peak memory 496 MiB.
2026-10-03T06:55:12Z INFO [1267/1893] 2e3b3d34-93a9-47fd-bef0-b6fb3647561e: 44 internal nodes; 2.2 s; peak memory 496 MiB.
2026-10-03T06:55:13Z INFO [1268/1893] 2e3b7adc-a532-4c69-a24c-9cd9ad933fbb: 19 internal nodes; 1.0 s; peak memory 496 MiB.
2026-10-03T06:55:15Z INFO [1269/1893] 2e3ba004-c720-484b-87f6-15721fb370c3: 59 internal nodes; 1.8 s; peak memory 496 MiB.
2026-10-03T06:55:24Z INFO [1270/1893] 2e3bffae-b214-4dde-acb8-d95a3ead1b8b: 59 internal nodes; 8.7 s; peak memory 496 MiB.
2026-10-03T06:55:33Z INFO [1271/1893] 2e3caa19-1c9a-4075-95b1-872edc65eb21: 195 internal nodes; 9.6 s; peak memory 496 MiB.
2026-10-03T06:55:35Z INFO [1272/1893] 2e3d222b-af53-4234-a682-0d8981a1b109: 29 internal nodes; 1.2 s; peak memory 496 MiB.
2026-10-03T06:55:36Z INFO [1273/1893] 2e3d6ce8-bafc-4b9a-85f6-05bbd92ac0ed: 116 internal nodes; 1.3 s; peak memory 496 MiB.
2026-10-03T06:56:23Z INFO [1274/1893] 2e3dd82f-46d6-4b3c-b4b3-b3b70dfea1ad: 385 internal nodes; 47.5 s; peak memory 496 MiB.
2026-10-03T06:56:24Z INFO [1275/1893] 2e3dde68-f0ea-4bba-b4f3-efd3ab7a497c: 18 internal nodes; 1.0 s; peak memory 496 MiB.
2026-10-03T06:56:34Z INFO [1276/1893] 2e3e1d01-3b7e-44a2-8026-5d3fe1a01694: 300 internal nodes; 9.5 s; peak memory 496 MiB.
2026-10-03T06:56:35Z INFO [1277/1893] 2e3e3f41-ca58-458e-a4ae-7fbd5a51864c: 13 internal nodes; 1.1 s; peak memory 496 MiB.
2026-10-03T06:56:38Z INFO [1278/1893] 2e40b448-5712-46ba-b94d-5e8a17441083: 46 internal nodes; 3.4 s; peak memory 496 MiB.
2026-10-03T06:56:40Z INFO [1279/1893] 2e41c5b2-1ab9-452e-9961-3053f059670f: 31 internal nodes; 1.8 s; peak memory 496 MiB.
2026-10-03T06:56:51Z INFO [1280/1893] 2e42bcdd-22ff-4014-8247-d9dd60d76952: 59 internal nodes; 10.7 s; peak memory 496 MiB.
2026-10-03T06:56:52Z INFO [1281/1893] 2e42fea1-c4be-418a-9c44-53416419ed49: 13 internal nodes; 1.0 s; peak memory 496 MiB.
2026-10-03T06:56:53Z INFO [1282/1893] 2e430666-fedc-413e-9f86-6abf3240d48a: 27 internal nodes; 1.4 s; peak memory 496 MiB.
2026-10-03T06:56:54Z INFO [1283/1893] 2e4361dc-ca2d-42e9-9b89-dd90c2c49a0d: 17 internal nodes; 1.0 s; peak memory 496 MiB.
2026-10-03T06:56:55Z INFO [1284/1893] 2e4368b4-2481-455f-8777-d34268cac1b1: 19 internal nodes; 0.9 s; peak memory 496 MiB.
2026-10-03T06:56:56Z INFO [1285/1893] 2e4425b3-518b-460a-a049-b09321321da7: 22 internal nodes; 0.7 s; peak memory 496 MiB.
2026-10-03T06:56:59Z INFO [1286/1893] 2e44dbbb-5f9c-40ac-87e9-a9c1da073c7b: 44 internal nodes; 2.6 s; peak memory 496 MiB.
2026-10-03T06:57:00Z INFO [1287/1893] 2e452d66-f7ee-4320-855a-16f3f1b1d8b9: 25 internal nodes; 1.8 s; peak memory 496 MiB.
2026-10-03T06:57:02Z INFO [1288/1893] 2e45840d-87e6-4df2-a1c9-3adfc6c6b83b: 17 internal nodes; 1.2 s; peak memory 496 MiB.
2026-10-03T06:57:02Z INFO [1289/1893] 2e46065c-a321-404e-aa2a-378501fca630: 13 internal nodes; 0.8 s; peak memory 496 MiB.
2026-10-03T06:57:05Z INFO [1290/1893] 2e462b8f-5e7d-441b-be44-da6bc91299d5: 66 internal nodes; 2.3 s; peak memory 496 MiB.
2026-10-03T06:57:06Z INFO [1291/1893] 2e472577-d60e-4e6b-990f-48febb160d93: 27 internal nodes; 1.4 s; peak memory 496 MiB.
2026-10-03T06:57:13Z INFO [1292/1893] 2e4749b0-1f1f-4229-bda5-834a337a3438: 182 internal nodes; 7.3 s; peak memory 496 MiB.
2026-10-03T06:57:14Z INFO [1293/1893] 2e4813aa-5ddd-4aa0-9a44-6320212bc182: 17 internal nodes; 1.0 s; peak memory 496 MiB.
2026-10-03T06:57:22Z INFO [1294/1893] 2e485b43-8907-4577-be66-e1a0bc5ca06e: 186 internal nodes; 7.8 s; peak memory 496 MiB.
2026-10-03T06:57:23Z INFO [1295/1893] 2e486f35-e657-42e8-8f3c-2d4265cff6e5: 23 internal nodes; 1.1 s; peak memory 496 MiB.
2026-10-03T06:57:25Z INFO [1296/1893] 2e48f0e5-eed4-4a02-a2c1-67afb63e6ac9: 22 internal nodes; 1.6 s; peak memory 496 MiB.
2026-10-03T06:57:28Z INFO [1297/1893] 2e49bb31-6a24-4898-b933-7dabcf444ea3: 45 internal nodes; 3.2 s; peak memory 496 MiB.
2026-10-03T06:57:29Z INFO [1298/1893] 2e4a8b3d-c80c-45f2-9367-41d82777d4f1: 17 internal nodes; 0.9 s; peak memory 496 MiB.
2026-10-03T06:57:31Z INFO [1299/1893] 2e4b3afa-5e04-488f-93a1-336561dc5b04: 29 internal nodes; 2.1 s; peak memory 496 MiB.
2026-10-03T06:57:34Z INFO [1300/1893] 2e4c2cae-76a7-4052-8d97-a53f695d5a7d: 44 internal nodes; 2.9 s; peak memory 496 MiB.
2026-10-03T06:57:34Z INFO [1300/1893] 2e4c2cae-76a7-4052-8d97-a53f695d5a7d: checkpointed 69300 records.
2026-10-03T06:57:35Z INFO [1301/1893] 2e4c30bb-7113-4b3c-a385-1b3428f457a0: 26 internal nodes; 1.1 s; peak memory 496 MiB.
2026-10-03T06:57:37Z INFO [1302/1893] 2e4d49b7-37f4-4769-bb4f-43b5f0a850ac: 31 internal nodes; 1.6 s; peak memory 496 MiB.
2026-10-03T06:57:38Z INFO [1303/1893] 2e4d5052-3512-4584-8fe5-981c8679af6a: 27 internal nodes; 1.5 s; peak memory 496 MiB.
2026-10-03T06:57:44Z INFO [1304/1893] 2e4d56a7-3d33-4666-90ac-6006780e3f7c: 125 internal nodes; 5.7 s; peak memory 496 MiB.
2026-10-03T06:57:46Z INFO [1305/1893] 2e4dbde3-efb4-45ba-a95f-a42f9827236b: 58 internal nodes; 2.0 s; peak memory 496 MiB.
2026-10-03T06:57:47Z INFO [1306/1893] 2e4e4b63-1668-457c-baaf-2e8e0877e7b2: 61 internal nodes; 1.5 s; peak memory 496 MiB.
2026-10-03T06:57:49Z INFO [1307/1893] 2e4e630f-a4b8-42d5-8bf0-74c9a5522f14: 31 internal nodes; 1.8 s; peak memory 496 MiB.
2026-10-03T06:57:58Z INFO [1308/1893] 2e4ecb7b-1285-4ed5-8ba3-d63614443383: 225 internal nodes; 8.6 s; peak memory 496 MiB.
2026-10-03T06:58:10Z INFO [1309/1893] 2e4ef71f-7ee0-496f-aebd-9d0349f25773: 279 internal nodes; 11.9 s; peak memory 496 MiB.
2026-10-03T06:58:11Z INFO [1310/1893] 2e4f3e2b-b8cd-47b8-8a01-2ab9be4a82b4: 17 internal nodes; 1.1 s; peak memory 496 MiB.
2026-10-03T06:58:12Z INFO [1311/1893] 2e4fd5de-052e-4915-b848-b247828e5235: 17 internal nodes; 1.1 s; peak memory 496 MiB.
2026-10-03T06:58:13Z INFO [1312/1893] 2e5125a2-68f7-45a7-b726-1ce4e9820125: 17 internal nodes; 1.1 s; peak memory 496 MiB.
2026-10-03T06:58:16Z INFO [1313/1893] 2e51ffa0-dcff-49b5-a1fb-670bffaabd38: 42 internal nodes; 2.8 s; peak memory 496 MiB.
2026-10-03T06:58:18Z INFO [1314/1893] 2e52af8b-2ac4-4e91-b0f9-045c7e600d9a: 31 internal nodes; 1.6 s; peak memory 496 MiB.
2026-10-03T06:58:19Z INFO [1315/1893] 2e530650-b5da-4a22-b002-dca68f625e03: 27 internal nodes; 1.2 s; peak memory 496 MiB.
2026-10-03T06:58:20Z INFO [1316/1893] 2e53f018-6392-4770-8d42-819eebc7465b: 17 internal nodes; 1.0 s; peak memory 496 MiB.
2026-10-03T06:58:21Z INFO [1317/1893] 2e540e30-44cc-4b7a-8fd4-16f94e9e7095: 18 internal nodes; 1.0 s; peak memory 496 MiB.
2026-10-03T06:58:22Z INFO [1318/1893] 2e550cd3-430e-4dea-968a-656db1615d9b: 27 internal nodes; 1.3 s; peak memory 496 MiB.
2026-10-03T06:58:23Z INFO [1319/1893] 2e556b53-65f9-45e5-9ac7-2f6a97792a54: 27 internal nodes; 1.2 s; peak memory 496 MiB.
2026-10-03T06:58:26Z INFO [1320/1893] 2e55aa77-fca6-4688-b4a4-611dd7517663: 42 internal nodes; 2.7 s; peak memory 496 MiB.
2026-10-03T06:58:27Z INFO [1321/1893] 2e56aeeb-5391-4215-ac83-6b91dca6635b: 27 internal nodes; 1.1 s; peak memory 496 MiB.
2026-10-03T06:58:28Z INFO [1322/1893] 2e56d6ef-4a14-4ce0-9fb2-b80d457d8a63: 17 internal nodes; 1.0 s; peak memory 496 MiB.
2026-10-03T06:58:30Z INFO [1323/1893] 2e57262e-3a94-43a9-ab0a-cb191c834199: 53 internal nodes; 1.4 s; peak memory 496 MiB.
2026-10-03T06:58:48Z INFO [1324/1893] 2e575160-d97f-45c9-a818-b20282304c75: 23 internal nodes; 18.0 s; peak memory 496 MiB.
2026-10-03T06:58:50Z INFO [1325/1893] 2e578935-c6d3-43ac-b44c-e92c6153a8fd: 59 internal nodes; 1.9 s; peak memory 496 MiB.
2026-10-03T06:58:51Z INFO [1326/1893] 2e57d241-972d-4d2a-b604-b0f3e4be1c63: 17 internal nodes; 1.0 s; peak memory 496 MiB.
2026-10-03T06:58:55Z INFO [1327/1893] 2e57df75-dd57-4e71-8cc7-4c52c951d3c8: 57 internal nodes; 4.5 s; peak memory 496 MiB.
2026-10-03T06:58:56Z INFO [1328/1893] 2e584aff-fd05-45ad-b064-24f5c28a2e2d: 13 internal nodes; 0.9 s; peak memory 496 MiB.
2026-10-03T06:59:04Z INFO [1329/1893] 2e585a84-a685-493c-8b67-0b9630b8b7fe: 177 internal nodes; 8.3 s; peak memory 496 MiB.
2026-10-03T06:59:05Z INFO [1330/1893] 2e5868e0-2db6-4d30-8ec2-926dbc7a41e3: 11 internal nodes; 0.8 s; peak memory 496 MiB.
2026-10-03T06:59:07Z INFO [1331/1893] 2e59064a-b8de-4f7e-8af6-6e8710deda08: 27 internal nodes; 1.5 s; peak memory 496 MiB.
2026-10-03T06:59:08Z INFO [1332/1893] 2e593463-581d-418e-a90b-266ca129b917: 31 internal nodes; 1.3 s; peak memory 496 MiB.
2026-10-03T06:59:11Z INFO [1333/1893] 2e5a7355-29f3-4dbb-80e2-231ce2546f12: 43 internal nodes; 2.9 s; peak memory 496 MiB.
2026-10-03T06:59:12Z INFO [1334/1893] 2e5aaab5-96e4-4732-8cca-32cf4dc4728c: 17 internal nodes; 1.1 s; peak memory 496 MiB.
2026-10-03T06:59:13Z INFO [1335/1893] 2e5bd84c-5577-4ca1-8043-a1048b08a70b: 26 internal nodes; 0.8 s; peak memory 496 MiB.
2026-10-03T06:59:14Z INFO [1336/1893] 2e5ce688-05f6-4af3-8cd6-2ed5728968e7: 17 internal nodes; 1.1 s; peak memory 496 MiB.
2026-10-03T06:59:15Z INFO [1337/1893] 2e5d0cbc-80ec-4fd0-88d8-e5f36bedadd2: 17 internal nodes; 0.9 s; peak memory 496 MiB.
2026-10-03T06:59:20Z INFO [1338/1893] 2e5e07f2-c498-4243-bb40-ceb9aded5135: 73 internal nodes; 5.5 s; peak memory 496 MiB.
2026-10-03T06:59:22Z INFO [1339/1893] 2e5e521a-aaf2-475c-ac4d-ec550d70079c: 29 internal nodes; 1.5 s; peak memory 496 MiB.
2026-10-03T06:59:23Z INFO [1340/1893] 2e5e7058-4880-46d3-90c4-23be7328ac94: 27 internal nodes; 1.5 s; peak memory 496 MiB.
2026-10-03T06:59:25Z INFO [1341/1893] 2e5f2613-ac72-4ce2-8d51-12622c8b36c5: 31 internal nodes; 1.5 s; peak memory 496 MiB.
2026-10-03T06:59:26Z INFO [1342/1893] 2e60dc16-9c3b-4a2b-951e-b1d5ec7f0c92: 41 internal nodes; 1.3 s; peak memory 496 MiB.
2026-10-03T06:59:28Z INFO [1343/1893] 2e60f720-ba3a-45dc-a501-757f167a8539: 66 internal nodes; 1.7 s; peak memory 496 MiB.
2026-10-03T06:59:29Z INFO [1344/1893] 2e61b278-bf88-42ed-98b0-d95102b0a0bb: 17 internal nodes; 0.9 s; peak memory 496 MiB.
2026-10-03T06:59:30Z INFO [1345/1893] 2e61e89e-1cf5-4c4d-a917-32a96292b97b: 67 internal nodes; 1.8 s; peak memory 496 MiB.
2026-10-03T06:59:31Z INFO [1346/1893] 2e62640a-0092-4dd6-844e-a3abaedd692c: 27 internal nodes; 1.1 s; peak memory 496 MiB.
2026-10-03T06:59:32Z INFO [1347/1893] 2e62c8cc-10b7-40e2-82c5-e6ce26083664: 17 internal nodes; 1.0 s; peak memory 496 MiB.
2026-10-03T06:59:35Z INFO [1348/1893] 2e63ddca-31ef-42c0-b3d6-0f1a0a023f18: 72 internal nodes; 2.2 s; peak memory 496 MiB.
2026-10-03T06:59:36Z INFO [1349/1893] 2e63ecf7-bf0b-407d-bffd-e0d2146d73d4: 27 internal nodes; 1.3 s; peak memory 496 MiB.
2026-10-03T06:59:39Z INFO [1350/1893] 2e65e938-ed36-48c6-90f6-c069396aa742: 34 internal nodes; 2.9 s; peak memory 496 MiB.
2026-10-03T06:59:39Z INFO [1350/1893] 2e65e938-ed36-48c6-90f6-c069396aa742: checkpointed 69350 records.
2026-10-03T06:59:40Z INFO [1351/1893] 2e65fffa-2770-4108-8662-1a883544dcb5: 19 internal nodes; 1.1 s; peak memory 496 MiB.
2026-10-03T06:59:42Z INFO [1352/1893] 2e66b7e3-5311-45cf-ae36-b349ca7f9510: 24 internal nodes; 1.6 s; peak memory 496 MiB.
2026-10-03T06:59:43Z INFO [1353/1893] 2e671e82-52af-4960-8df7-5bd4c64676e0: 17 internal nodes; 1.0 s; peak memory 496 MiB.
2026-10-03T06:59:48Z INFO [1354/1893] 2e672612-01dd-46db-a045-31fcc3ee7106: 68 internal nodes; 5.4 s; peak memory 496 MiB.
2026-10-03T06:59:49Z INFO [1355/1893] 2e67831a-7897-4fab-a143-8c8ab9b6caec: 17 internal nodes; 1.1 s; peak memory 496 MiB.
2026-10-03T06:59:50Z INFO [1356/1893] 2e6788f2-9670-490d-ba97-ff856192a3a9: 24 internal nodes; 0.8 s; peak memory 496 MiB.
2026-10-03T07:00:00Z INFO [1357/1893] 2e67afd0-b0a7-4678-90dc-2fbf1f10db96: 134 internal nodes; 10.5 s; peak memory 496 MiB.
2026-10-03T07:00:03Z INFO [1358/1893] 2e67bc77-f265-4a44-957d-41684d7f0bf8: 72 internal nodes; 2.1 s; peak memory 496 MiB.
2026-10-03T07:00:04Z INFO [1359/1893] 2e680bbc-1827-4389-8385-090b6cc5b5e7: 17 internal nodes; 1.0 s; peak memory 496 MiB.
2026-10-03T07:00:05Z INFO [1360/1893] 2e68295f-c1d7-4932-8077-3e7fc461c130: 17 internal nodes; 1.2 s; peak memory 496 MiB.
2026-10-03T07:00:06Z INFO [1361/1893] 2e68b0ca-22a6-47c7-b6b8-3d512365e256: 23 internal nodes; 1.2 s; peak memory 496 MiB.
2026-10-03T07:00:07Z INFO [1362/1893] 2e68c1c0-c117-4f77-86b6-e9e0026b73ba: 13 internal nodes; 1.1 s; peak memory 496 MiB.
2026-10-03T07:00:08Z INFO [1363/1893] 2e6a4ac9-8ae5-4543-bbb1-5d445da7d515: 27 internal nodes; 1.3 s; peak memory 496 MiB.
2026-10-03T07:00:10Z INFO [1364/1893] 2e6ac94a-3144-44c1-a1b8-c6799f39bf16: 30 internal nodes; 1.3 s; peak memory 496 MiB.
2026-10-03T07:00:11Z INFO [1365/1893] 2e6cd9c2-ec7e-4d95-95be-bedb242b9377: 17 internal nodes; 0.9 s; peak memory 496 MiB.
2026-10-03T07:00:12Z INFO [1366/1893] 2e6d250e-b1dc-4ac9-90a0-6a5e96efe96d: 17 internal nodes; 1.0 s; peak memory 496 MiB.
2026-10-03T07:00:12Z INFO [1367/1893] 2e6d541b-225d-4c4c-b9cf-72eec742f893: 11 internal nodes; 0.7 s; peak memory 496 MiB.
2026-10-03T07:00:13Z INFO [1368/1893] 2e6d6177-42ff-48de-b973-67f2eb335ef4: 17 internal nodes; 1.0 s; peak memory 496 MiB.
2026-10-03T07:00:14Z INFO [1369/1893] 2e6d6a3e-fba7-4c4b-8497-cbc5299f6742: 17 internal nodes; 1.0 s; peak memory 496 MiB.
2026-10-03T07:00:26Z INFO [1370/1893] 2e6d92f8-6572-41e2-bd8f-263fd970945a: 64 internal nodes; 11.9 s; peak memory 496 MiB.
2026-10-03T07:00:27Z INFO [1371/1893] 2e6df8fb-25c8-4b14-aad3-49974e6b5f59: 23 internal nodes; 1.3 s; peak memory 496 MiB.
2026-10-03T07:00:29Z INFO [1372/1893] 2e6f46e5-1b53-4245-992c-4e94f0412ceb: 26 internal nodes; 1.6 s; peak memory 496 MiB.
2026-10-03T07:00:34Z INFO [1373/1893] 2e6fb19a-51ab-4df4-81d2-64a44ebbd14e: 177 internal nodes; 5.2 s; peak memory 496 MiB.
2026-10-03T07:00:35Z INFO [1374/1893] 2e70b656-d448-4048-851f-a9b74bc681b6: 17 internal nodes; 1.1 s; peak memory 496 MiB.
2026-10-03T07:00:42Z INFO [1375/1893] 2e737762-ceef-4c1c-ae60-08232eea14de: 61 internal nodes; 6.4 s; peak memory 496 MiB.
2026-10-03T07:00:43Z INFO [1376/1893] 2e743e50-984e-4207-b7d4-38c4df92697c: 19 internal nodes; 1.1 s; peak memory 496 MiB.
2026-10-03T07:00:44Z INFO [1377/1893] 2e748eca-2b4c-4a79-b5e8-15ededebbca7: 17 internal nodes; 0.9 s; peak memory 496 MiB.
2026-10-03T07:00:45Z INFO [1378/1893] 2e7495cf-d92c-45b1-8461-f1afd9abc6c1: 55 internal nodes; 1.5 s; peak memory 496 MiB.
2026-10-03T07:00:47Z INFO [1379/1893] 2e75146b-4b6b-44df-8ce5-97aeb8a353bc: 31 internal nodes; 1.4 s; peak memory 496 MiB.
2026-10-03T07:00:48Z INFO [1380/1893] 2e75842e-dc12-44cc-8306-637d5d7ecdae: 86 internal nodes; 1.2 s; peak memory 496 MiB.
2026-10-03T07:00:55Z INFO [1381/1893] 2e75c58e-7cf9-4a82-8a19-e0ffd2d69a32: 177 internal nodes; 6.9 s; peak memory 496 MiB.
2026-10-03T07:00:56Z INFO [1382/1893] 2e7631aa-5ba6-43fd-9cdd-2278cd577bbf: 13 internal nodes; 1.4 s; peak memory 496 MiB.
2026-10-03T07:00:57Z INFO [1383/1893] 2e763db7-8aee-47b0-aea8-029383ecdc8c: 17 internal nodes; 1.0 s; peak memory 496 MiB.
2026-10-03T07:01:03Z INFO [1384/1893] 2e769656-f1ab-4247-b7ef-d6ee9adbea29: 67 internal nodes; 5.9 s; peak memory 496 MiB.
2026-10-03T07:01:05Z INFO [1385/1893] 2e786842-1400-407b-ad5f-3f02cc9de480: 44 internal nodes; 2.3 s; peak memory 496 MiB.
2026-10-03T07:01:06Z INFO [1386/1893] 2e787832-ca0d-4c56-a9a9-ae102a1e847e: 17 internal nodes; 1.1 s; peak memory 496 MiB.
2026-10-03T07:01:08Z INFO [1387/1893] 2e789f68-f799-49fd-af33-480e8a400872: 17 internal nodes; 1.2 s; peak memory 496 MiB.
2026-10-03T07:01:21Z INFO [1388/1893] 2e78a8bc-0bec-4e9e-ae40-a27bc9ec1a87: 285 internal nodes; 13.7 s; peak memory 496 MiB.
2026-10-03T07:01:23Z INFO [1389/1893] 2e794671-0cac-4c86-a459-de6ecefbbc99: 31 internal nodes; 1.9 s; peak memory 496 MiB.
2026-10-03T07:01:32Z INFO [1390/1893] 2e79db74-ea3f-426d-a55c-acda3b2b9b83: 255 internal nodes; 9.0 s; peak memory 496 MiB.
2026-10-03T07:01:34Z INFO [1391/1893] 2e7a520e-7656-4147-b5f5-8658b9380317: 27 internal nodes; 1.3 s; peak memory 496 MiB.
2026-10-03T07:01:35Z INFO [1392/1893] 2e7a87ff-b81f-45d3-a176-3f6bbc69fcf2: 17 internal nodes; 1.2 s; peak memory 496 MiB.
2026-10-03T07:01:39Z INFO [1393/1893] 2e7c39f6-77eb-4ac1-9a11-21e24d77ebb0: 124 internal nodes; 4.6 s; peak memory 496 MiB.
2026-10-03T07:01:40Z INFO [1394/1893] 2e7ceb05-26e3-4c22-a090-87b758598fcd: 17 internal nodes; 0.8 s; peak memory 496 MiB.
2026-10-03T07:01:41Z INFO [1395/1893] 2e7d10e3-7068-4a0c-b367-49376711c94e: 17 internal nodes; 1.1 s; peak memory 496 MiB.
2026-10-03T07:01:48Z INFO [1396/1893] 2e7d2e7b-8cc9-479c-8116-2a125177f9a3: 100 internal nodes; 6.3 s; peak memory 496 MiB.
2026-10-03T07:01:49Z INFO [1397/1893] 2e7d84de-1bf0-4ed3-ac15-19ac4151185c: 27 internal nodes; 1.9 s; peak memory 496 MiB.
2026-10-03T07:01:51Z INFO [1398/1893] 2e7e2b8a-fea3-40e9-b956-e8450b31716c: 17 internal nodes; 1.2 s; peak memory 496 MiB.
2026-10-03T07:01:52Z INFO [1399/1893] 2e7e6419-ba3d-46cc-ab61-4b827aca3e89: 19 internal nodes; 1.2 s; peak memory 496 MiB.
2026-10-03T07:01:56Z INFO [1400/1893] 2e7ea814-6c42-4fb9-b4e5-b280ec80958d: 56 internal nodes; 3.7 s; peak memory 496 MiB.
2026-10-03T07:01:56Z INFO [1400/1893] 2e7ea814-6c42-4fb9-b4e5-b280ec80958d: checkpointed 69400 records.
2026-10-03T07:01:57Z INFO [1401/1893] 2e7ef0c9-2973-4b01-9e4f-dc0d46b26d06: 17 internal nodes; 1.0 s; peak memory 496 MiB.
2026-10-03T07:01:58Z INFO [1402/1893] 2e802496-fa3c-495d-a5e0-debff46c8c01: 17 internal nodes; 1.0 s; peak memory 496 MiB.
2026-10-03T07:01:59Z INFO [1403/1893] 2e8080b0-3ba3-4a98-b17c-5c8e5674f4e9: 27 internal nodes; 1.3 s; peak memory 496 MiB.
2026-10-03T07:02:06Z INFO [1404/1893] 2e81091d-38cc-43fa-9470-8e5889968c11: 62 internal nodes; 6.9 s; peak memory 496 MiB.
2026-10-03T07:02:08Z INFO [1405/1893] 2e816774-0eac-4a58-8eb9-efede45f97c6: 66 internal nodes; 2.2 s; peak memory 496 MiB.
2026-10-03T07:02:11Z INFO [1406/1893] 2e8266d1-c340-4cd9-8dc4-5882abc46fcc: 44 internal nodes; 2.8 s; peak memory 496 MiB.
2026-10-03T07:02:20Z INFO [1407/1893] 2e8268c3-a03c-468c-941c-dd3ca5703fbb: 194 internal nodes; 8.8 s; peak memory 496 MiB.
2026-10-03T07:02:21Z INFO [1408/1893] 2e850d48-18f3-4471-aeac-5d9b9d89017e: 17 internal nodes; 1.0 s; peak memory 496 MiB.
2026-10-03T07:02:22Z INFO [1409/1893] 2e851380-8679-44c2-810e-e5cc79f68741: 27 internal nodes; 1.2 s; peak memory 496 MiB.
2026-10-03T07:02:23Z INFO [1410/1893] 2e85ceb1-50b7-409d-8ec0-71994d23468e: 27 internal nodes; 1.2 s; peak memory 496 MiB.
2026-10-03T07:02:24Z INFO [1411/1893] 2e85fb6b-3571-4fd6-abb9-d505f36825f0: 17 internal nodes; 1.0 s; peak memory 496 MiB.
2026-10-03T07:02:25Z INFO [1412/1893] 2e86c494-953f-4b40-88bd-473d58f1bd4a: 17 internal nodes; 0.8 s; peak memory 496 MiB.
2026-10-03T07:02:26Z INFO [1413/1893] 2e86e9e2-111e-4fc7-b0fc-7dadf844b61d: 60 internal nodes; 1.4 s; peak memory 496 MiB.
2026-10-03T07:02:29Z INFO [1414/1893] 2e8975bf-6b2b-4f42-90c9-9fcae4d63316: 42 internal nodes; 2.7 s; peak memory 496 MiB.
2026-10-03T07:02:32Z INFO [1415/1893] 2e8a0ed9-8c78-47e2-afaf-4fa8057783f3: 46 internal nodes; 3.3 s; peak memory 496 MiB.
2026-10-03T07:02:33Z INFO [1416/1893] 2e8a937d-b303-4da9-9c8e-2873206de443: 17 internal nodes; 1.0 s; peak memory 496 MiB.
2026-10-03T07:02:34Z INFO [1417/1893] 2e8b142c-b96b-4e0b-9e43-b7cb016d4b75: 11 internal nodes; 1.0 s; peak memory 496 MiB.
2026-10-03T07:02:36Z INFO [1418/1893] 2e8c02d3-10aa-4664-b820-d5ef6366c6ab: 58 internal nodes; 1.7 s; peak memory 496 MiB.
2026-10-03T07:02:38Z INFO [1419/1893] 2e8c2e17-434b-4b20-8e59-081982c59681: 28 internal nodes; 1.5 s; peak memory 496 MiB.
2026-10-03T07:02:38Z INFO [1420/1893] 2e8d0432-c85c-4c2d-9d1e-2440604af5b0: 20 internal nodes; 0.8 s; peak memory 496 MiB.
2026-10-03T07:02:45Z INFO [1421/1893] 2e8f4a28-d720-4445-bc2a-cfe5ede375e7: 73 internal nodes; 6.2 s; peak memory 496 MiB.
2026-10-03T07:02:46Z INFO [1422/1893] 2e8f915c-33e4-4359-8673-d39f19fa55f4: 17 internal nodes; 1.1 s; peak memory 496 MiB.
2026-10-03T07:02:47Z INFO [1423/1893] 2e8fe785-2e3b-4bf9-8308-dd61a40792f8: 17 internal nodes; 1.1 s; peak memory 496 MiB.
2026-10-03T07:02:54Z INFO [1424/1893] 2e901c79-48cb-4987-bbef-50057ff774be: 189 internal nodes; 7.2 s; peak memory 496 MiB.
2026-10-03T07:02:56Z INFO [1425/1893] 2e906c76-ebe4-4b9d-83e5-00baf1647aaa: 44 internal nodes; 2.2 s; peak memory 496 MiB.
2026-10-03T07:02:57Z INFO [1426/1893] 2e90ac13-60ee-49b0-b3ee-ca184891537a: 17 internal nodes; 1.0 s; peak memory 496 MiB.
2026-10-03T07:02:59Z INFO [1427/1893] 2e90bc80-3511-44aa-a51f-f21824cf50ff: 31 internal nodes; 1.5 s; peak memory 496 MiB.
2026-10-03T07:03:08Z INFO [1428/1893] 2e90e6d1-7b53-4490-a83d-065868ef813a: 44 internal nodes; 9.6 s; peak memory 496 MiB.
2026-10-03T07:03:09Z INFO [1429/1893] 2e9163ee-8598-4513-8e6d-44176bec7dd5: 17 internal nodes; 1.1 s; peak memory 496 MiB.
2026-10-03T07:03:11Z INFO [1430/1893] 2e91fab9-6541-476c-b6b0-b6da407a54e8: 27 internal nodes; 1.2 s; peak memory 496 MiB.
2026-10-03T07:03:13Z INFO [1431/1893] 2e922c24-e676-432a-bead-3b9c87204a06: 60 internal nodes; 2.6 s; peak memory 496 MiB.
2026-10-03T07:03:22Z INFO [1432/1893] 2e922ee3-3e31-4889-8bae-c187410fba1d: 61 internal nodes; 8.4 s; peak memory 496 MiB.
2026-10-03T07:03:27Z INFO [1433/1893] 2e92bf93-9696-4645-8ace-b6eb2e6d6718: 79 internal nodes; 5.3 s; peak memory 496 MiB.
2026-10-03T07:03:28Z INFO [1434/1893] 2e94a6b2-b676-4b5d-891a-0d30f17b5978: 27 internal nodes; 1.3 s; peak memory 496 MiB.
2026-10-03T07:03:30Z INFO [1435/1893] 2e95acdf-4fde-42d8-9d64-ea92f29e36ff: 31 internal nodes; 1.7 s; peak memory 496 MiB.
2026-10-03T07:03:36Z INFO [1436/1893] 2e96746e-b803-4a3e-8aff-05a520da443c: 73 internal nodes; 5.8 s; peak memory 496 MiB.
2026-10-03T07:03:37Z INFO [1437/1893] 2e96d3c8-6fc4-492a-9a5c-e3c0fb8b7d1b: 116 internal nodes; 1.3 s; peak memory 496 MiB.
2026-10-03T07:03:39Z INFO [1438/1893] 2e9903f5-9dd0-4820-b29a-dafe3f95d3c2: 30 internal nodes; 1.6 s; peak memory 496 MiB.
2026-10-03T07:03:40Z INFO [1439/1893] 2e99c279-b5e5-4c6b-b93c-c56ce30202a9: 17 internal nodes; 1.0 s; peak memory 496 MiB.
2026-10-03T07:03:49Z INFO [1440/1893] 2e9aad8a-aa68-4478-a3c5-d4d6e47b1780: 50 internal nodes; 9.4 s; peak memory 496 MiB.
2026-10-03T07:03:50Z INFO [1441/1893] 2e9b5f0e-8a1b-4205-b4ea-f688175f62d9: 20 internal nodes; 0.8 s; peak memory 496 MiB.
2026-10-03T07:03:51Z INFO [1442/1893] 2e9bf43e-20c5-4342-a0f9-2f620d6ed02c: 17 internal nodes; 1.1 s; peak memory 496 MiB.
2026-10-03T07:03:53Z INFO [1443/1893] 2e9d7646-df3e-44fe-a776-5ccb7ae01bd0: 23 internal nodes; 1.5 s; peak memory 496 MiB.
2026-10-03T07:03:54Z INFO [1444/1893] 2e9dd198-55d0-4b0a-9a59-088648660cdc: 54 internal nodes; 1.6 s; peak memory 496 MiB.
2026-10-03T07:03:55Z INFO [1445/1893] 2e9dd254-6575-4fe3-a0d7-45e9b89ff6d5: 27 internal nodes; 0.8 s; peak memory 496 MiB.
2026-10-03T07:03:58Z INFO [1446/1893] 2e9ddea6-b8d0-4cea-a180-40de57076366: 40 internal nodes; 2.7 s; peak memory 496 MiB.
2026-10-03T07:03:59Z INFO [1447/1893] 2e9eead4-7e78-4c61-84b3-ff501eb92ebc: 28 internal nodes; 1.7 s; peak memory 496 MiB.
2026-10-03T07:04:02Z INFO [1448/1893] 2e9fd3d6-688f-4c30-b321-7abb7bf18c2b: 42 internal nodes; 2.4 s; peak memory 496 MiB.
2026-10-03T07:04:04Z INFO [1449/1893] 2e9fec99-925f-4343-b742-8560b9eb5aeb: 44 internal nodes; 2.3 s; peak memory 496 MiB.
2026-10-03T07:04:05Z INFO [1450/1893] 2ea03fab-87ab-4695-8d91-69858c6b64e3: 11 internal nodes; 0.7 s; peak memory 496 MiB.
2026-10-03T07:04:05Z INFO [1450/1893] 2ea03fab-87ab-4695-8d91-69858c6b64e3: checkpointed 69450 records.
2026-10-03T07:04:07Z INFO [1451/1893] 2ea07369-dee9-4627-a79d-8d6470676d41: 27 internal nodes; 2.3 s; peak memory 496 MiB.
2026-10-03T07:04:08Z INFO [1452/1893] 2ea0cf47-1211-4e62-a64a-027fe9d0bf4b: 55 internal nodes; 1.2 s; peak memory 496 MiB.
2026-10-03T07:04:10Z INFO [1453/1893] 2ea181c3-c560-469a-b679-235ca52131b0: 27 internal nodes; 1.3 s; peak memory 496 MiB.
2026-10-03T07:04:11Z INFO [1454/1893] 2ea2224c-2cfc-462f-804e-5f4f79775e45: 28 internal nodes; 1.0 s; peak memory 496 MiB.
2026-10-03T07:04:16Z INFO [1455/1893] 2ea25daf-de2a-4ce4-96cd-43220b31409f: 113 internal nodes; 5.7 s; peak memory 496 MiB.
2026-10-03T07:04:17Z INFO [1456/1893] 2ea26252-2997-4707-9a4c-8203f1aa14f5: 17 internal nodes; 1.1 s; peak memory 496 MiB.
2026-10-03T07:04:19Z INFO [1457/1893] 2ea2c3d2-6c18-41b5-9b8a-841855dd9b8a: 19 internal nodes; 1.1 s; peak memory 496 MiB.
2026-10-03T07:04:20Z INFO [1458/1893] 2ea37cd3-96a0-46db-ba39-91128694b359: 17 internal nodes; 1.2 s; peak memory 496 MiB.
2026-10-03T07:04:21Z INFO [1459/1893] 2ea3eaab-be69-495a-9f09-9b5ec260633a: 19 internal nodes; 0.9 s; peak memory 496 MiB.
2026-10-03T07:04:28Z INFO [1460/1893] 2ea571ae-1bfc-4790-afe8-275b3ae401f8: 58 internal nodes; 7.6 s; peak memory 496 MiB.
2026-10-03T07:04:43Z INFO [1461/1893] 2ea67021-7dfb-4b26-8adf-4a9a6c2b2682: 84 internal nodes; 14.6 s; peak memory 496 MiB.
2026-10-03T07:04:53Z INFO [1462/1893] 2ea6f5b6-e724-42f6-9677-30f6cac155df: 63 internal nodes; 10.1 s; peak memory 496 MiB.
2026-10-03T07:04:54Z INFO [1463/1893] 2ea6fd18-2218-46e0-9259-e43d6edd4cea: 38 internal nodes; 1.5 s; peak memory 496 MiB.
2026-10-03T07:05:01Z INFO [1464/1893] 2ea771b0-dc65-4269-8dd1-9c52c8823d7e: 41 internal nodes; 7.0 s; peak memory 496 MiB.
2026-10-03T07:05:03Z INFO [1465/1893] 2ea804a2-33bc-4e41-83a7-9c0710fc0ddf: 119 internal nodes; 1.6 s; peak memory 496 MiB.
2026-10-03T07:05:05Z INFO [1466/1893] 2ea8b013-6a36-4921-bbd4-86fa2d511036: 65 internal nodes; 2.0 s; peak memory 496 MiB.
2026-10-03T07:05:06Z INFO [1467/1893] 2ea8f65f-ebff-44e6-a94d-ec905092b21d: 17 internal nodes; 0.9 s; peak memory 496 MiB.
2026-10-03T07:05:07Z INFO [1468/1893] 2ea94c9c-8012-47ad-a7bf-b268984b658c: 29 internal nodes; 1.1 s; peak memory 496 MiB.
2026-10-03T07:05:09Z INFO [1469/1893] 2ea9b8a4-7148-4674-9ffc-d605b0ad423b: 37 internal nodes; 1.8 s; peak memory 496 MiB.
2026-10-03T07:05:10Z INFO [1470/1893] 2eaa696e-204c-48bb-9d41-815f1a0559a2: 31 internal nodes; 1.6 s; peak memory 496 MiB.
2026-10-03T07:05:12Z INFO [1471/1893] 2eaa75b0-d01a-4770-94e2-d939f6ac548c: 115 internal nodes; 1.3 s; peak memory 496 MiB.
2026-10-03T07:05:14Z INFO [1472/1893] 2eaa8478-acf2-4644-b3ad-7eb509dba44f: 66 internal nodes; 1.9 s; peak memory 496 MiB.
2026-10-03T07:05:15Z INFO [1473/1893] 2eab4860-f591-47b1-abfd-54630a481b97: 29 internal nodes; 1.5 s; peak memory 496 MiB.
2026-10-03T07:05:16Z INFO [1474/1893] 2eac2228-2ed9-4193-9f11-4aa76786b6c3: 17 internal nodes; 1.1 s; peak memory 496 MiB.
2026-10-03T07:05:18Z INFO [1475/1893] 2ead4642-2918-4c2d-83a3-bd3bc33bfa1b: 27 internal nodes; 1.2 s; peak memory 496 MiB.
2026-10-03T07:05:19Z INFO [1476/1893] 2eae9dc2-599e-438b-964c-7ae7f24aea9e: 17 internal nodes; 1.0 s; peak memory 496 MiB.
2026-10-03T07:05:19Z INFO [1477/1893] 2eaec42c-5eb8-476d-8365-12b0901d4e57: 17 internal nodes; 0.8 s; peak memory 496 MiB.
2026-10-03T07:05:20Z INFO [1478/1893] 2eaf2058-9ec6-4f95-96b1-00aee5649440: 11 internal nodes; 0.7 s; peak memory 496 MiB.
2026-10-03T07:05:21Z INFO [1479/1893] 2eb00d42-1c3e-4f58-81ad-5d7e8b09efaa: 116 internal nodes; 1.2 s; peak memory 496 MiB.
2026-10-03T07:05:24Z INFO [1480/1893] 2eb05a6b-73b6-4689-a824-fc6f3d916719: 44 internal nodes; 2.9 s; peak memory 496 MiB.
2026-10-03T07:05:33Z INFO [1481/1893] 2eb11d36-532f-4aad-b2c5-145a3009f32e: 1684 internal nodes; 9.2 s; peak memory 496 MiB.
2026-10-03T07:05:34Z INFO [1482/1893] 2eb1942f-d3c1-4f38-8bcc-d58d270d23c7: 11 internal nodes; 0.9 s; peak memory 496 MiB.
2026-10-03T07:05:36Z INFO [1483/1893] 2eb211e8-b5a7-4ea8-9245-3321c7993ce1: 18 internal nodes; 1.4 s; peak memory 496 MiB.
2026-10-03T07:05:37Z INFO [1484/1893] 2eb2301b-699b-46c7-a5fa-67d54d0206a7: 34 internal nodes; 1.2 s; peak memory 496 MiB.
2026-10-03T07:05:38Z INFO [1485/1893] 2eb30919-9ce4-41cf-bf83-cb26695e6020: 116 internal nodes; 1.2 s; peak memory 496 MiB.
2026-10-03T07:05:40Z INFO [1486/1893] 2eb30ea5-8cc5-4f51-be76-023013118617: 44 internal nodes; 2.2 s; peak memory 496 MiB.
2026-10-03T07:05:42Z INFO [1487/1893] 2eb395bd-2528-45ef-a2e7-92ca7db61dc0: 27 internal nodes; 1.5 s; peak memory 496 MiB.
2026-10-03T07:05:43Z INFO [1488/1893] 2eb3fc4b-df12-4e8d-b745-44d6ffd73675: 30 internal nodes; 1.4 s; peak memory 496 MiB.
2026-10-03T07:05:49Z INFO [1489/1893] 2eb40a77-3c81-4ac2-896a-abf560dfcd5a: 61 internal nodes; 6.2 s; peak memory 496 MiB.
2026-10-03T07:05:52Z INFO [1490/1893] 2eb46225-13f0-48d5-86ff-434bffc66005: 67 internal nodes; 2.3 s; peak memory 496 MiB.
2026-10-03T07:05:59Z INFO [1491/1893] 2eb59def-5f29-4380-83a3-70e4085b0eaf: 206 internal nodes; 7.8 s; peak memory 496 MiB.
2026-10-03T07:06:00Z INFO [1492/1893] 2eb7e965-3ab5-4ed6-8293-0095d88db98b: 17 internal nodes; 1.0 s; peak memory 496 MiB.
2026-10-03T07:06:02Z INFO [1493/1893] 2eb94bbe-4f9b-4962-8f2e-60eb227b64f4: 59 internal nodes; 2.0 s; peak memory 496 MiB.
2026-10-03T07:06:04Z INFO [1494/1893] 2eb98413-4050-40a6-ae93-b4970f925d39: 31 internal nodes; 1.9 s; peak memory 496 MiB.
2026-10-03T07:06:11Z INFO [1495/1893] 2eb98789-3f3a-4579-9737-c528aed9e323: 175 internal nodes; 7.1 s; peak memory 496 MiB.
2026-10-03T07:06:12Z INFO [1496/1893] 2eba6bd5-52ee-42af-8777-1d165b736518: 13 internal nodes; 1.0 s; peak memory 496 MiB.
2026-10-03T07:06:13Z INFO [1497/1893] 2ebad590-0556-4c8f-88ec-3226f489239c: 24 internal nodes; 1.1 s; peak memory 496 MiB.
2026-10-03T07:06:20Z INFO [1498/1893] 2ebaf47f-3287-40fe-9613-46eb75ff0837: 41 internal nodes; 6.9 s; peak memory 496 MiB.
2026-10-03T07:06:21Z INFO [1499/1893] 2ebb03f7-2994-4f6c-b70d-9c8d53f711c2: 18 internal nodes; 0.9 s; peak memory 496 MiB.
2026-10-03T07:06:22Z INFO [1500/1893] 2ebb054a-52fb-4139-b148-ba5264595b36: 19 internal nodes; 1.0 s; peak memory 496 MiB.
2026-10-03T07:06:23Z INFO [1500/1893] 2ebb054a-52fb-4139-b148-ba5264595b36: checkpointed 69500 records.
2026-10-03T07:06:24Z INFO [1501/1893] 2ebc6efa-0eba-4e0a-a9b6-c91f5ddcae20: 27 internal nodes; 1.2 s; peak memory 496 MiB.
2026-10-03T07:06:25Z INFO [1502/1893] 2ebc825a-a723-4f23-96b8-d6bbe7844e32: 27 internal nodes; 1.4 s; peak memory 496 MiB.
2026-10-03T07:06:34Z INFO [1503/1893] 2ebd7006-dcbd-4cce-ae7c-05686cbe35dd: 286 internal nodes; 9.1 s; peak memory 496 MiB.
2026-10-03T07:06:41Z INFO [1504/1893] 2ebd9aab-247b-4e9b-b971-f275549792b1: 177 internal nodes; 6.8 s; peak memory 496 MiB.
2026-10-03T07:06:42Z INFO [1505/1893] 2ebe05b6-80f9-44b4-9692-0d8f3adeaa95: 17 internal nodes; 1.1 s; peak memory 496 MiB.
2026-10-03T07:06:44Z INFO [1506/1893] 2ebe19fa-0e9b-451e-8e21-5006c08bd040: 23 internal nodes; 1.7 s; peak memory 496 MiB.
2026-10-03T07:06:45Z INFO [1507/1893] 2ebee549-44f5-4df3-abfc-f483df8e69fd: 17 internal nodes; 1.1 s; peak memory 496 MiB.
2026-10-03T07:06:50Z INFO [1508/1893] 2ebee7dd-5b25-48d9-a1d1-5bb954cbb11a: 73 internal nodes; 5.3 s; peak memory 496 MiB.
2026-10-03T07:06:52Z INFO [1509/1893] 2ebf481c-0e5b-420e-af69-e53c1285b239: 27 internal nodes; 1.4 s; peak memory 496 MiB.
2026-10-03T07:06:53Z INFO [1510/1893] 2ec0d019-0a1f-4570-908b-f709775e1ac9: 23 internal nodes; 1.2 s; peak memory 496 MiB.
2026-10-03T07:06:55Z INFO [1511/1893] 2ec0ec38-f026-4b07-9d0a-7496c35da831: 30 internal nodes; 2.1 s; peak memory 496 MiB.
2026-10-03T07:06:56Z INFO [1512/1893] 2ec0fcfe-0e7b-49cf-987e-362d16d9b0bc: 27 internal nodes; 1.4 s; peak memory 496 MiB.
2026-10-03T07:07:00Z INFO [1513/1893] 2ec20fb3-dbe3-4d2d-b1d9-4e351bb37890: 44 internal nodes; 3.1 s; peak memory 496 MiB.
2026-10-03T07:07:02Z INFO [1514/1893] 2ec4449c-3371-4bc7-8399-6f19f426c59a: 44 internal nodes; 2.6 s; peak memory 496 MiB.
2026-10-03T07:07:06Z INFO [1515/1893] 2ec66f44-db65-4a98-bf42-217c483f147b: 53 internal nodes; 4.2 s; peak memory 496 MiB.
2026-10-03T07:07:08Z INFO [1516/1893] 2ec742af-e8b0-4137-a592-2a1cc1e7f1c6: 17 internal nodes; 1.2 s; peak memory 496 MiB.
2026-10-03T07:07:09Z INFO [1517/1893] 2ec7f135-cde7-423c-986c-5a9fe746e985: 61 internal nodes; 1.5 s; peak memory 496 MiB.
2026-10-03T07:07:10Z INFO [1518/1893] 2ec85010-c08e-4388-bb90-1bed9b88ade6: 13 internal nodes; 1.1 s; peak memory 496 MiB.
2026-10-03T07:07:16Z INFO [1519/1893] 2ec85658-b25c-4eeb-96de-c9af8330822a: 67 internal nodes; 5.6 s; peak memory 496 MiB.
2026-10-03T07:07:17Z INFO [1520/1893] 2ec8c26b-fcd8-4a1b-9b5a-7a399850bb62: 38 internal nodes; 1.6 s; peak memory 496 MiB.
2026-10-03T07:07:19Z INFO [1521/1893] 2ec8f592-9a1f-43ab-ae04-d6737570a80a: 37 internal nodes; 1.6 s; peak memory 496 MiB.
2026-10-03T07:07:29Z INFO [1522/1893] 2ec989d3-b6a0-41a5-bce1-f7ca9e1a23c8: 291 internal nodes; 10.5 s; peak memory 496 MiB.
2026-10-03T07:07:31Z INFO [1523/1893] 2ec9c020-3e6d-433a-9120-8749101be3cf: 27 internal nodes; 1.2 s; peak memory 496 MiB.
2026-10-03T07:07:32Z INFO [1524/1893] 2eca04b6-f056-4aea-a310-b3b07f313566: 27 internal nodes; 1.0 s; peak memory 496 MiB.
2026-10-03T07:07:33Z INFO [1525/1893] 2ecac856-697e-463b-b5da-8c8b061104eb: 24 internal nodes; 1.0 s; peak memory 496 MiB.
2026-10-03T07:07:39Z INFO [1526/1893] 2ecaec3c-5333-42ef-a383-81c9719ce586: 61 internal nodes; 6.3 s; peak memory 496 MiB.
2026-10-03T07:07:40Z INFO [1527/1893] 2eccc862-dfe9-4b16-ac47-49039bfa7888: 29 internal nodes; 1.3 s; peak memory 496 MiB.
2026-10-03T07:07:41Z INFO [1528/1893] 2ece73cd-d2b5-4e3d-a285-2796635f4714: 27 internal nodes; 1.1 s; peak memory 496 MiB.
2026-10-03T07:07:42Z INFO [1529/1893] 2ece8e62-b83d-4dae-b637-707367e6c320: 17 internal nodes; 1.0 s; peak memory 496 MiB.
2026-10-03T07:08:05Z INFO [1530/1893] 2ed06f36-517a-4847-975c-281b4ec97671: 1101 internal nodes; 22.3 s; peak memory 496 MiB.
2026-10-03T07:08:06Z INFO [1531/1893] 2ed0ee8e-2011-4646-9d01-fa165ef97c83: 31 internal nodes; 1.6 s; peak memory 496 MiB.
2026-10-03T07:08:07Z INFO [1532/1893] 2ed13956-fc78-4409-b123-d9f561e1a2cd: 17 internal nodes; 1.0 s; peak memory 496 MiB.
2026-10-03T07:08:11Z INFO [1533/1893] 2ed14e18-fc15-472f-a8bf-3cd7c69db8ad: 41 internal nodes; 4.0 s; peak memory 496 MiB.
2026-10-03T07:08:14Z INFO [1534/1893] 2ed2b1ca-5547-4cb3-b4f3-17434a71f90a: 31 internal nodes; 2.4 s; peak memory 496 MiB.
2026-10-03T07:08:16Z INFO [1535/1893] 2ed2e554-a350-448a-baeb-2a2fd2f0983f: 60 internal nodes; 1.9 s; peak memory 496 MiB.
2026-10-03T07:08:16Z INFO [1536/1893] 2ed37b79-f2b7-4e2b-aeeb-48856df4934c: 11 internal nodes; 0.8 s; peak memory 496 MiB.
2026-10-03T07:08:18Z INFO [1537/1893] 2ed3ed60-b07b-4f9d-8153-16963cec172d: 31 internal nodes; 1.5 s; peak memory 496 MiB.
2026-10-03T07:08:19Z INFO [1538/1893] 2ed53bc7-245d-4e25-a016-4598c17630f1: 17 internal nodes; 0.8 s; peak memory 496 MiB.
2026-10-03T07:08:20Z INFO [1539/1893] 2ed5c456-2614-4ca8-b091-68aaae4b9da6: 18 internal nodes; 1.2 s; peak memory 496 MiB.
2026-10-03T07:08:21Z INFO [1540/1893] 2ed5f227-cb1a-41b2-bc0b-6591f4758cc9: 13 internal nodes; 1.0 s; peak memory 496 MiB.
2026-10-03T07:08:22Z INFO [1541/1893] 2ed63fa0-0e1e-410d-b96d-eeac8ddf513a: 17 internal nodes; 1.1 s; peak memory 496 MiB.
2026-10-03T07:08:27Z INFO [1542/1893] 2ed64b20-dcbd-4179-a6f4-ed804a831e83: 58 internal nodes; 4.8 s; peak memory 496 MiB.
2026-10-03T07:08:30Z INFO [1543/1893] 2ed6938e-b7f0-4741-82ff-e24db9407138: 46 internal nodes; 3.3 s; peak memory 496 MiB.
2026-10-03T07:08:32Z INFO [1544/1893] 2ed6db19-fadd-4262-a1a4-c6398c0fca08: 29 internal nodes; 1.5 s; peak memory 496 MiB.
2026-10-03T07:08:33Z INFO [1545/1893] 2ed6e6bd-6020-4bfb-b786-bc8b6e39f742: 17 internal nodes; 0.9 s; peak memory 496 MiB.
2026-10-03T07:08:34Z INFO [1546/1893] 2ed76e4a-59b2-4183-b636-e490e3dc3f21: 29 internal nodes; 1.7 s; peak memory 496 MiB.
2026-10-03T07:08:36Z INFO [1547/1893] 2ed80fa9-06d0-47ae-be0d-834ba1124369: 24 internal nodes; 1.6 s; peak memory 496 MiB.
2026-10-03T07:08:37Z INFO [1548/1893] 2ed84c75-1921-484c-bea9-90637ca35632: 17 internal nodes; 1.0 s; peak memory 496 MiB.
2026-10-03T07:08:51Z INFO [1549/1893] 2ed9ca5e-f95c-4caa-8db8-26183e5e7971: 305 internal nodes; 14.1 s; peak memory 496 MiB.
2026-10-03T07:08:55Z INFO [1550/1893] 2ed9cf2d-626d-4248-bf1b-70e2f1610c8a: 46 internal nodes; 3.8 s; peak memory 496 MiB.
2026-10-03T07:08:55Z INFO [1550/1893] 2ed9cf2d-626d-4248-bf1b-70e2f1610c8a: checkpointed 69550 records.
2026-10-03T07:08:57Z INFO [1551/1893] 2edaa27c-2ede-4f7e-a2b2-c2d5ac7e5040: 44 internal nodes; 2.1 s; peak memory 496 MiB.
2026-10-03T07:09:06Z INFO [1552/1893] 2edabbe6-2ab7-4122-8be3-4c481a5e0a6d: 171 internal nodes; 8.9 s; peak memory 496 MiB.
2026-10-03T07:09:08Z INFO [1553/1893] 2edae55b-2505-4288-b9bd-aab705c06978: 44 internal nodes; 2.5 s; peak memory 496 MiB.
2026-10-03T07:09:09Z INFO [1554/1893] 2edb257c-7405-403f-894e-ace9397bce95: 13 internal nodes; 0.7 s; peak memory 496 MiB.
2026-10-03T07:09:11Z INFO [1555/1893] 2edb8306-0e0a-48f6-94d7-21df4dbb89ba: 58 internal nodes; 2.0 s; peak memory 496 MiB.
2026-10-03T07:09:13Z INFO [1556/1893] 2edd4604-d521-48c7-bd26-fa7a51707ca6: 31 internal nodes; 1.4 s; peak memory 496 MiB.
2026-10-03T07:09:14Z INFO [1557/1893] 2edf5ed2-f43c-4513-9eab-2430ceb82f99: 52 internal nodes; 1.2 s; peak memory 496 MiB.
2026-10-03T07:09:15Z INFO [1558/1893] 2ee09467-dfcf-43f6-be4b-dc888a298a52: 58 internal nodes; 1.5 s; peak memory 496 MiB.
2026-10-03T07:09:16Z INFO [1559/1893] 2ee120e9-f09d-4bd7-b749-f9c10ab1d191: 27 internal nodes; 1.2 s; peak memory 496 MiB.
2026-10-03T07:09:18Z INFO [1560/1893] 2ee1932f-9fe8-48cc-8565-da6da232576c: 19 internal nodes; 1.3 s; peak memory 496 MiB.
2026-10-03T07:09:21Z INFO [1561/1893] 2ee24369-1e20-495f-a6e4-fe5887e963d1: 40 internal nodes; 3.4 s; peak memory 496 MiB.
2026-10-03T07:09:22Z INFO [1562/1893] 2ee2d759-1a2c-45fc-97be-686a60595818: 11 internal nodes; 0.7 s; peak memory 496 MiB.
2026-10-03T07:09:28Z INFO [1563/1893] 2ee30cd0-7f75-4909-8db4-78f4d42f73bd: 177 internal nodes; 6.4 s; peak memory 496 MiB.
2026-10-03T07:09:29Z INFO [1564/1893] 2ee38cf0-fcc4-4cda-9314-9bd1f77369b8: 27 internal nodes; 1.2 s; peak memory 496 MiB.
2026-10-03T07:09:31Z INFO [1565/1893] 2ee4903b-5d0b-45c2-9280-9e194341ac07: 23 internal nodes; 1.4 s; peak memory 496 MiB.
2026-10-03T07:09:32Z INFO [1566/1893] 2ee53456-51b7-4b9e-8b60-c8f0df35f20f: 27 internal nodes; 1.3 s; peak memory 496 MiB.
2026-10-03T07:09:33Z INFO [1567/1893] 2ee648bd-dfa4-425c-88c6-4a052a2fefad: 29 internal nodes; 1.2 s; peak memory 496 MiB.
2026-10-03T07:09:34Z INFO [1568/1893] 2ee6b8e6-71aa-443a-a83c-545809b7fcea: 20 internal nodes; 1.1 s; peak memory 496 MiB.
2026-10-03T07:09:36Z INFO [1569/1893] 2ee79991-e5a7-4970-9eac-1e13834330c1: 31 internal nodes; 1.1 s; peak memory 496 MiB.
2026-10-03T07:09:43Z INFO [1570/1893] 2ee8aa72-42e7-46bd-a42a-665de469b881: 201 internal nodes; 7.5 s; peak memory 496 MiB.
2026-10-03T07:09:44Z INFO [1571/1893] 2ee8e247-9d70-42a9-86d7-8a523dda3639: 11 internal nodes; 0.7 s; peak memory 496 MiB.
2026-10-03T07:09:45Z INFO [1572/1893] 2ee93e85-8ad3-4315-a906-3fb2743638b5: 27 internal nodes; 1.2 s; peak memory 496 MiB.
2026-10-03T07:09:46Z INFO [1573/1893] 2eea6576-a1d9-4de4-87c4-80546046049a: 119 internal nodes; 1.4 s; peak memory 496 MiB.
2026-10-03T07:09:47Z INFO [1574/1893] 2eea7a2e-2740-4f6f-9792-e2da8bde5e9d: 11 internal nodes; 0.6 s; peak memory 496 MiB.
2026-10-03T07:09:49Z INFO [1575/1893] 2eed09c1-a146-4839-bcc1-2fc7244f4ecc: 44 internal nodes; 2.5 s; peak memory 496 MiB.
2026-10-03T07:09:50Z INFO [1576/1893] 2eeda87a-279a-4420-a1e7-baba89adb9b9: 17 internal nodes; 1.0 s; peak memory 496 MiB.
2026-10-03T07:09:52Z INFO [1577/1893] 2eee6129-82df-4b27-83f8-886b2fddba9a: 19 internal nodes; 1.3 s; peak memory 496 MiB.
2026-10-03T07:09:53Z INFO [1578/1893] 2eee84d2-a95a-4b8c-b50f-5416ceb7d3d9: 31 internal nodes; 1.8 s; peak memory 496 MiB.
2026-10-03T07:10:01Z INFO [1579/1893] 2eeed210-de35-4060-b3e6-891d6c8bce9e: 151 internal nodes; 7.6 s; peak memory 496 MiB.
2026-10-03T07:10:02Z INFO [1580/1893] 2eef123f-44f1-445a-b24c-55ada0216da6: 22 internal nodes; 1.4 s; peak memory 496 MiB.
2026-10-03T07:10:04Z INFO [1581/1893] 2eefad35-7b19-44ab-b506-13f26d88f624: 17 internal nodes; 1.0 s; peak memory 496 MiB.
2026-10-03T07:10:05Z INFO [1582/1893] 2eeff729-66fd-4e2c-bf26-17de3ff47535: 27 internal nodes; 1.1 s; peak memory 496 MiB.
2026-10-03T07:10:06Z INFO [1583/1893] 2ef06b36-0eef-4f86-8b66-7ca08af6f27d: 29 internal nodes; 1.2 s; peak memory 496 MiB.
2026-10-03T07:10:09Z INFO [1584/1893] 2ef0eebe-a557-46d3-a2b7-2f94ba748322: 46 internal nodes; 3.2 s; peak memory 496 MiB.
2026-10-03T07:10:11Z INFO [1585/1893] 2ef125fa-e305-46ad-9c0b-797449ad5d70: 59 internal nodes; 2.3 s; peak memory 496 MiB.
2026-10-03T07:10:12Z INFO [1586/1893] 2ef15f0f-268f-4320-b056-bfe74fd725ea: 19 internal nodes; 1.0 s; peak memory 496 MiB.
2026-10-03T07:10:13Z INFO [1587/1893] 2ef1ab24-ab0b-4354-a35a-9c5495b48ac1: 17 internal nodes; 0.8 s; peak memory 496 MiB.
2026-10-03T07:10:16Z INFO [1588/1893] 2ef1d92b-ab96-46b9-b650-f156078d9020: 43 internal nodes; 3.1 s; peak memory 496 MiB.
2026-10-03T07:10:17Z INFO [1589/1893] 2ef1ff5c-fcf1-4fcc-99d3-d9d03a422a04: 17 internal nodes; 0.8 s; peak memory 496 MiB.
2026-10-03T07:10:18Z INFO [1590/1893] 2ef219bd-63f0-4b2f-b9fe-54ef375ccd3c: 11 internal nodes; 0.8 s; peak memory 496 MiB.
2026-10-03T07:10:19Z INFO [1591/1893] 2ef2a144-42d2-4ea3-b86b-bf58185c2d71: 27 internal nodes; 1.2 s; peak memory 496 MiB.
2026-10-03T07:10:31Z INFO [1592/1893] 2ef317c9-379c-4c8d-9006-b52c18fa5f3c: 1476 internal nodes; 11.9 s; peak memory 496 MiB.
2026-10-03T07:10:32Z INFO [1593/1893] 2ef418b9-5817-43d7-b794-0e3513411c14: 17 internal nodes; 1.1 s; peak memory 496 MiB.
2026-10-03T07:10:33Z INFO [1594/1893] 2ef47d83-be07-43de-a057-18925447e9fd: 60 internal nodes; 1.6 s; peak memory 496 MiB.
2026-10-03T07:10:35Z INFO [1595/1893] 2ef4db1e-5f66-4281-a7b3-1a953544a502: 17 internal nodes; 1.0 s; peak memory 496 MiB.
2026-10-03T07:10:36Z INFO [1596/1893] 2ef4e170-4376-4a61-b1a7-b19fa14d5274: 26 internal nodes; 1.4 s; peak memory 496 MiB.
2026-10-03T07:10:37Z INFO [1597/1893] 2ef4e825-9a04-4e20-88e0-75cacd273bcf: 23 internal nodes; 1.0 s; peak memory 496 MiB.
2026-10-03T07:10:38Z INFO [1598/1893] 2ef5f290-6326-4194-82b9-5076e945e9e8: 16 internal nodes; 1.0 s; peak memory 496 MiB.
2026-10-03T07:10:45Z INFO [1599/1893] 2ef65201-d1c7-49bf-a4f9-63cb3e08b8d0: 41 internal nodes; 7.2 s; peak memory 496 MiB.
2026-10-03T07:10:46Z INFO [1600/1893] 2ef67774-c22c-4cc5-a0f6-d5b2bcdc45a3: 17 internal nodes; 0.7 s; peak memory 496 MiB.
2026-10-03T07:10:46Z INFO [1600/1893] 2ef67774-c22c-4cc5-a0f6-d5b2bcdc45a3: checkpointed 69600 records.
2026-10-03T07:10:48Z INFO [1601/1893] 2ef71d23-9d5c-4b74-a3e8-18f57674e31d: 91 internal nodes; 1.5 s; peak memory 496 MiB.
2026-10-03T07:10:59Z INFO [1602/1893] 2ef807d6-c9da-4c51-ab7b-a90ff1215fb7: 57 internal nodes; 11.6 s; peak memory 496 MiB.
2026-10-03T07:11:00Z INFO [1603/1893] 2ef83cbc-e9a1-4092-81a7-49a8e0eebf18: 27 internal nodes; 1.3 s; peak memory 496 MiB.
2026-10-03T07:11:02Z INFO [1604/1893] 2ef8638d-0a0e-4cc8-83bb-e1b7664eff08: 115 internal nodes; 1.3 s; peak memory 496 MiB.
2026-10-03T07:11:03Z INFO [1605/1893] 2ef8a834-89f7-40e4-ade6-039454fe2a94: 27 internal nodes; 1.3 s; peak memory 496 MiB.
2026-10-03T07:11:09Z INFO [1606/1893] 2ef8acb3-9b6d-4b67-947d-44ee49be6c35: 73 internal nodes; 6.4 s; peak memory 496 MiB.
2026-10-03T07:11:11Z INFO [1607/1893] 2ef8c825-9a74-490c-ae98-04530afaa14b: 19 internal nodes; 1.1 s; peak memory 496 MiB.
2026-10-03T07:11:12Z INFO [1608/1893] 2ef9051c-60cb-467a-a315-211df286b14b: 17 internal nodes; 1.0 s; peak memory 496 MiB.
2026-10-03T07:11:14Z INFO [1609/1893] 2ef94fca-8c24-48fd-a616-8be858329f86: 27 internal nodes; 2.0 s; peak memory 496 MiB.
2026-10-03T07:11:15Z INFO [1610/1893] 2ef9a03a-465c-45b0-b87d-96d2574d1978: 115 internal nodes; 1.3 s; peak memory 496 MiB.
2026-10-03T07:11:18Z INFO [1611/1893] 2ef9ba17-b167-4f11-b512-9ab557c2e3f7: 46 internal nodes; 3.3 s; peak memory 496 MiB.
2026-10-03T07:11:19Z INFO [1612/1893] 2efb7453-e0ba-413e-a338-84b3b055fe87: 17 internal nodes; 1.0 s; peak memory 496 MiB.
2026-10-03T07:11:24Z INFO [1613/1893] 2efc991e-9808-4351-b00d-cb6e24bd0414: 61 internal nodes; 4.3 s; peak memory 496 MiB.
2026-10-03T07:11:25Z INFO [1614/1893] 2efdc7e4-32c5-48bb-bff6-b836212b248a: 17 internal nodes; 1.0 s; peak memory 496 MiB.
2026-10-03T07:11:26Z INFO [1615/1893] 2efe14fb-67ab-411e-92dd-4d9ab550b380: 17 internal nodes; 1.0 s; peak memory 496 MiB.
2026-10-03T07:11:27Z INFO [1616/1893] 2efe6984-bc0d-49c2-817c-2b4c513e6c19: 13 internal nodes; 1.1 s; peak memory 496 MiB.
2026-10-03T07:11:28Z INFO [1617/1893] 2efe9ddb-e5c7-4878-9a98-2f4042021917: 31 internal nodes; 1.4 s; peak memory 496 MiB.
2026-10-03T07:11:37Z INFO [1618/1893] 2efedac7-6d78-47ec-8d8c-6a9b5a696b85: 202 internal nodes; 8.5 s; peak memory 496 MiB.
2026-10-03T07:11:37Z INFO [1619/1893] 2effbcab-c546-4d40-ac01-174ac1147a07: 11 internal nodes; 0.7 s; peak memory 496 MiB.
2026-10-03T07:11:39Z INFO [1620/1893] 2effce63-4d61-449b-92c7-b3e19543442c: 27 internal nodes; 1.5 s; peak memory 496 MiB.
2026-10-03T07:11:40Z INFO [1621/1893] 2f003714-d1a9-4de4-88da-4d437c79cc5c: 27 internal nodes; 1.3 s; peak memory 496 MiB.
2026-10-03T07:11:41Z INFO [1622/1893] 2f016891-10c6-45d3-ab4b-a1169dbbebf9: 27 internal nodes; 1.3 s; peak memory 496 MiB.
2026-10-03T07:11:43Z INFO [1623/1893] 2f01ac46-89d3-43f3-af9a-50fbd1145088: 67 internal nodes; 1.7 s; peak memory 496 MiB.
2026-10-03T07:11:44Z INFO [1624/1893] 2f031faa-b3d1-40f7-addd-b516e88be1e7: 22 internal nodes; 1.3 s; peak memory 496 MiB.
2026-10-03T07:11:59Z INFO [1625/1893] 2f0390f1-43e2-4acb-8152-696ca94b75d5: 570 internal nodes; 14.3 s; peak memory 496 MiB.
2026-10-03T07:12:00Z INFO [1626/1893] 2f03b127-dd59-4670-b76e-12565891c021: 27 internal nodes; 1.4 s; peak memory 496 MiB.
2026-10-03T07:12:11Z INFO [1627/1893] 2f04d4f6-58fa-4046-913d-baee9b69d4e5: 114 internal nodes; 10.6 s; peak memory 496 MiB.
2026-10-03T07:12:12Z INFO [1628/1893] 2f0515eb-8794-4d20-b49a-09b301864277: 27 internal nodes; 1.3 s; peak memory 496 MiB.
2026-10-03T07:12:20Z INFO [1629/1893] 2f06aa88-d5ba-48fa-a339-7a85eef304e8: 175 internal nodes; 7.6 s; peak memory 496 MiB.
2026-10-03T07:12:21Z INFO [1630/1893] 2f074d5d-05b2-41ff-bb33-1f1bd18525d8: 17 internal nodes; 1.0 s; peak memory 496 MiB.
2026-10-03T07:12:22Z INFO [1631/1893] 2f0803fc-18fe-4ed0-9193-6e589a6c71c4: 27 internal nodes; 1.4 s; peak memory 496 MiB.
2026-10-03T07:12:23Z INFO [1632/1893] 2f085c16-a050-438e-9736-ea9ec2a1e09a: 27 internal nodes; 1.2 s; peak memory 496 MiB.
2026-10-03T07:12:24Z INFO [1633/1893] 2f088ca8-deab-4a4f-81ff-e25d3f41c09c: 27 internal nodes; 1.3 s; peak memory 496 MiB.
2026-10-03T07:12:25Z INFO [1634/1893] 2f08f971-d9a0-4301-b2f4-6f9b04b57403: 17 internal nodes; 1.0 s; peak memory 496 MiB.
2026-10-03T07:12:28Z INFO [1635/1893] 2f0a19e1-f645-45ad-a966-a0af5c964944: 18 internal nodes; 2.3 s; peak memory 496 MiB.
2026-10-03T07:12:29Z INFO [1636/1893] 2f0ac10d-5db0-41e3-95ad-08eb5994511e: 61 internal nodes; 1.7 s; peak memory 496 MiB.
2026-10-03T07:12:31Z INFO [1637/1893] 2f0b38ba-3787-49cc-807f-b345d1e45652: 55 internal nodes; 1.6 s; peak memory 496 MiB.
2026-10-03T07:12:33Z INFO [1638/1893] 2f0bf0ee-50e9-4351-a436-66e0decaed0e: 37 internal nodes; 1.4 s; peak memory 496 MiB.
2026-10-03T07:12:34Z INFO [1639/1893] 2f0ca2df-2971-473f-9566-7af916a37335: 17 internal nodes; 1.0 s; peak memory 496 MiB.
2026-10-03T07:12:35Z INFO [1640/1893] 2f0d6163-fba5-4c65-a835-22bfcee7331d: 63 internal nodes; 1.4 s; peak memory 496 MiB.
2026-10-03T07:12:36Z INFO [1641/1893] 2f0eb560-be7d-4719-a6ca-17ecfdfbf7cf: 26 internal nodes; 0.9 s; peak memory 496 MiB.
2026-10-03T07:12:37Z INFO [1642/1893] 2f0ee4f5-5cfe-49d9-9ef1-f42ee86c422b: 27 internal nodes; 1.4 s; peak memory 496 MiB.
2026-10-03T07:12:38Z INFO [1643/1893] 2f0f097b-224f-49b0-b3d3-13c251bb47e2: 27 internal nodes; 1.2 s; peak memory 496 MiB.
2026-10-03T07:12:40Z INFO [1644/1893] 2f0fa340-ba3a-4aa0-97d3-2c2715733331: 27 internal nodes; 1.3 s; peak memory 496 MiB.
2026-10-03T07:12:42Z INFO [1645/1893] 2f0fc706-150e-4387-a353-8e550739b551: 44 internal nodes; 2.7 s; peak memory 496 MiB.
2026-10-03T07:12:43Z INFO [1646/1893] 2f10566b-01b4-43e3-b649-576a112372c8: 17 internal nodes; 0.9 s; peak memory 496 MiB.
2026-10-03T07:12:45Z INFO [1647/1893] 2f1232d1-53f5-463b-a3a4-591147af5bfb: 59 internal nodes; 1.7 s; peak memory 496 MiB.
2026-10-03T07:12:46Z INFO [1648/1893] 2f1268b0-c611-4b5f-abb1-fcd26c81d46b: 17 internal nodes; 1.0 s; peak memory 496 MiB.
2026-10-03T07:12:49Z INFO [1649/1893] 2f12acf6-cf49-4237-a46b-30734d645736: 44 internal nodes; 2.7 s; peak memory 496 MiB.
2026-10-03T07:12:50Z INFO [1650/1893] 2f13035d-3f7d-4bb5-b9bc-199911960753: 53 internal nodes; 1.4 s; peak memory 496 MiB.
2026-10-03T07:12:50Z INFO [1650/1893] 2f13035d-3f7d-4bb5-b9bc-199911960753: checkpointed 69650 records.
2026-10-03T07:12:52Z INFO [1651/1893] 2f13520c-c278-4d8f-9f6c-65bbbcd31cb3: 27 internal nodes; 1.2 s; peak memory 496 MiB.
2026-10-03T07:12:53Z INFO [1652/1893] 2f136a20-6155-4017-9cdd-b57d1e8b712d: 56 internal nodes; 1.5 s; peak memory 496 MiB.
2026-10-03T07:12:54Z INFO [1653/1893] 2f13feb7-1453-4e56-9ad0-a2b0a073cc67: 17 internal nodes; 0.9 s; peak memory 496 MiB.
2026-10-03T07:12:55Z INFO [1654/1893] 2f14e82e-b3a8-496a-9966-46ff8c7cae4b: 17 internal nodes; 1.1 s; peak memory 496 MiB.
2026-10-03T07:12:56Z INFO [1655/1893] 2f158352-5324-4fca-859d-26422d2bd95c: 27 internal nodes; 1.2 s; peak memory 496 MiB.
2026-10-03T07:12:57Z INFO [1656/1893] 2f15a7c2-634f-4a24-bf1a-52ebbd51606f: 29 internal nodes; 1.1 s; peak memory 496 MiB.
2026-10-03T07:12:59Z INFO [1657/1893] 2f15e7db-face-4b0f-961d-61066f4b0db7: 31 internal nodes; 1.4 s; peak memory 496 MiB.
2026-10-03T07:13:10Z INFO [1658/1893] 2f1616db-d713-4e1b-be99-38af4f79e2af: 226 internal nodes; 11.4 s; peak memory 496 MiB.
2026-10-03T07:13:11Z INFO [1659/1893] 2f16189e-233d-4cb6-890f-ccc0d0780afa: 17 internal nodes; 1.1 s; peak memory 496 MiB.
2026-10-03T07:13:13Z INFO [1660/1893] 2f16301d-5731-440e-b34a-14fa75f370c5: 31 internal nodes; 1.4 s; peak memory 496 MiB.
2026-10-03T07:13:13Z INFO [1661/1893] 2f16672e-488b-42ea-99d1-2de71cdbb2e6: 11 internal nodes; 0.7 s; peak memory 496 MiB.
2026-10-03T07:13:16Z INFO [1662/1893] 2f16c3d0-8cd3-4813-aa62-1130f576226c: 25 internal nodes; 2.7 s; peak memory 496 MiB.
2026-10-03T07:13:19Z INFO [1663/1893] 2f16dc99-08a2-43e9-bd09-5db48e7827bf: 44 internal nodes; 2.8 s; peak memory 496 MiB.
2026-10-03T07:13:21Z INFO [1664/1893] 2f176441-6b66-4a7c-b96a-a0400b346eba: 19 internal nodes; 1.9 s; peak memory 496 MiB.
2026-10-03T07:13:27Z INFO [1665/1893] 2f179647-0796-4661-8b05-c2d81511643c: 119 internal nodes; 6.7 s; peak memory 496 MiB.
2026-10-03T07:13:29Z INFO [1666/1893] 2f18a413-ed23-4a6d-a0e8-63045c2e2b9f: 54 internal nodes; 1.8 s; peak memory 496 MiB.
2026-10-03T07:13:32Z INFO [1667/1893] 2f18dee6-6a39-43ee-b63c-3271528281f0: 67 internal nodes; 3.0 s; peak memory 496 MiB.
2026-10-03T07:13:33Z INFO [1668/1893] 2f190b69-44e3-477d-9f97-9f22d2f06607: 17 internal nodes; 1.1 s; peak memory 496 MiB.
2026-10-03T07:13:34Z INFO [1669/1893] 2f1936b9-1127-4f85-81d5-326fc5d788ff: 26 internal nodes; 0.9 s; peak memory 496 MiB.
2026-10-03T07:13:36Z INFO [1670/1893] 2f1953f5-728c-4339-900c-e13e56a36aa7: 27 internal nodes; 1.3 s; peak memory 496 MiB.
2026-10-03T07:13:37Z INFO [1671/1893] 2f1a51e2-8253-4f4b-a474-2e9699c9aa7b: 18 internal nodes; 1.0 s; peak memory 496 MiB.
2026-10-03T07:13:38Z INFO [1672/1893] 2f1b2424-37d3-48b7-a020-9860e9712e9b: 19 internal nodes; 1.1 s; peak memory 496 MiB.
2026-10-03T07:13:38Z INFO [1673/1893] 2f1b6026-9af7-4b57-a92f-83b7c0856285: 21 internal nodes; 0.7 s; peak memory 496 MiB.
2026-10-03T07:13:40Z INFO [1674/1893] 2f1ba3b3-275a-4d52-a4b6-c63e53ae4a9d: 17 internal nodes; 1.1 s; peak memory 496 MiB.
2026-10-03T07:13:47Z INFO [1675/1893] 2f1bcbee-fbec-4ec3-95f3-3683febe983e: 61 internal nodes; 7.0 s; peak memory 496 MiB.
2026-10-03T07:13:48Z INFO [1676/1893] 2f1d5218-c3eb-4480-ba99-0ed7ce918577: 17 internal nodes; 1.1 s; peak memory 496 MiB.
2026-10-03T07:13:49Z INFO [1677/1893] 2f1d77e3-a168-46ec-8e6f-8c01f49b151f: 17 internal nodes; 1.0 s; peak memory 496 MiB.
2026-10-03T07:13:50Z INFO [1678/1893] 2f1d7e9c-572b-495c-8ecb-07663e98fe75: 116 internal nodes; 1.5 s; peak memory 496 MiB.
2026-10-03T07:13:51Z INFO [1679/1893] 2f1e0058-f43f-4101-bad5-00f79b0509ed: 17 internal nodes; 1.1 s; peak memory 496 MiB.
2026-10-03T07:13:58Z INFO [1680/1893] 2f20467a-b2be-4153-880e-5b1f1655e1cb: 177 internal nodes; 7.0 s; peak memory 496 MiB.
2026-10-03T07:13:59Z INFO [1681/1893] 2f20742b-748a-40c3-9f2a-becc7d2e3667: 17 internal nodes; 1.0 s; peak memory 496 MiB.
2026-10-03T07:14:01Z INFO [1682/1893] 2f20c1d1-053d-4491-b5bd-d6d324793a21: 27 internal nodes; 1.3 s; peak memory 496 MiB.
2026-10-03T07:14:02Z INFO [1683/1893] 2f211eb8-c5eb-4727-9e1e-cb46772ee21c: 67 internal nodes; 1.7 s; peak memory 496 MiB.
2026-10-03T07:14:04Z INFO [1684/1893] 2f221172-73ef-4a3f-b20e-48ea541227e8: 31 internal nodes; 1.4 s; peak memory 496 MiB.
2026-10-03T07:14:06Z INFO [1685/1893] 2f22b11a-7d81-4f10-a64d-94b6cbe7b3d4: 31 internal nodes; 1.9 s; peak memory 496 MiB.
2026-10-03T07:14:07Z INFO [1686/1893] 2f23df11-1a36-4034-b78d-daddd956ab05: 17 internal nodes; 1.2 s; peak memory 496 MiB.
2026-10-03T07:14:08Z INFO [1687/1893] 2f23f470-b3d5-4c90-8212-3951c219a838: 115 internal nodes; 1.3 s; peak memory 496 MiB.
2026-10-03T07:14:09Z INFO [1688/1893] 2f244a7a-5906-4ad6-b4fc-e710a37d6151: 17 internal nodes; 1.1 s; peak memory 496 MiB.
2026-10-03T07:14:11Z INFO [1689/1893] 2f24d0c2-48c7-4f53-bb44-0797590cabd9: 28 internal nodes; 1.7 s; peak memory 496 MiB.
2026-10-03T07:14:12Z INFO [1690/1893] 2f25baa4-bbdf-4686-ad70-298d76321b23: 17 internal nodes; 1.1 s; peak memory 496 MiB.
2026-10-03T07:14:13Z INFO [1691/1893] 2f266b7d-99c9-404a-a82d-159fb2139fcd: 17 internal nodes; 1.1 s; peak memory 496 MiB.
2026-10-03T07:14:15Z INFO [1692/1893] 2f2676be-9d81-4cce-9894-978e96f39643: 44 internal nodes; 2.0 s; peak memory 496 MiB.
2026-10-03T07:14:17Z INFO [1693/1893] 2f26a526-f4bc-4e3d-a2c1-630557050cf7: 62 internal nodes; 1.6 s; peak memory 496 MiB.
2026-10-03T07:14:18Z INFO [1694/1893] 2f2786ed-583c-4b67-a516-2c89c6fb3b41: 56 internal nodes; 1.5 s; peak memory 496 MiB.
2026-10-03T07:14:19Z INFO [1695/1893] 2f27ef6e-b794-4955-8a19-677e8b9c35bd: 17 internal nodes; 1.0 s; peak memory 496 MiB.
2026-10-03T07:14:20Z INFO [1696/1893] 2f2805e1-3ad7-48f8-bc8b-dfd831bf0412: 29 internal nodes; 1.0 s; peak memory 496 MiB.
2026-10-03T07:14:22Z INFO [1697/1893] 2f2885d5-17e3-4d62-9fbd-e445554ec718: 31 internal nodes; 1.7 s; peak memory 496 MiB.
2026-10-03T07:14:23Z INFO [1698/1893] 2f2916dc-f965-4fad-8e6a-0b33166a1f8c: 26 internal nodes; 0.8 s; peak memory 496 MiB.
2026-10-03T07:14:24Z INFO [1699/1893] 2f292d59-b718-414e-9ffd-17e0e0a1aa56: 13 internal nodes; 1.0 s; peak memory 496 MiB.
2026-10-03T07:14:25Z INFO [1700/1893] 2f2943d4-ff93-45af-8431-d0a49b02d279: 90 internal nodes; 1.2 s; peak memory 496 MiB.
2026-10-03T07:14:25Z INFO [1700/1893] 2f2943d4-ff93-45af-8431-d0a49b02d279: checkpointed 69700 records.
2026-10-03T07:14:27Z INFO [1701/1893] 2f294ba7-16d8-4816-98b5-f83787d49255: 27 internal nodes; 1.4 s; peak memory 496 MiB.
2026-10-03T07:14:30Z INFO [1702/1893] 2f2982da-72ce-4979-8bab-a7cf1c526c36: 45 internal nodes; 3.6 s; peak memory 496 MiB.
2026-10-03T07:14:31Z INFO [1703/1893] 2f2a60a6-52d3-4a7f-914d-708fba4ef31a: 17 internal nodes; 1.0 s; peak memory 496 MiB.
2026-10-03T07:14:33Z INFO [1704/1893] 2f2aa467-3bae-4460-8c43-b95507355343: 31 internal nodes; 1.5 s; peak memory 496 MiB.
2026-10-03T07:14:34Z INFO [1705/1893] 2f2b70ee-5e50-4528-9977-01a96449cb1c: 61 internal nodes; 1.6 s; peak memory 496 MiB.
2026-10-03T07:14:41Z INFO [1706/1893] 2f2c4bc1-8be2-4ffe-9dc8-8b6cbf8d0981: 177 internal nodes; 6.9 s; peak memory 496 MiB.
2026-10-03T07:14:44Z INFO [1707/1893] 2f2c4db9-614d-479f-bade-21152e1fa222: 55 internal nodes; 2.9 s; peak memory 496 MiB.
2026-10-03T07:14:45Z INFO [1708/1893] 2f2c7649-ad03-4191-9517-c2f865d51246: 27 internal nodes; 1.3 s; peak memory 496 MiB.
2026-10-03T07:14:47Z INFO [1709/1893] 2f2d971b-c8ae-4370-9525-a1c983f4e633: 31 internal nodes; 1.4 s; peak memory 496 MiB.
2026-10-03T07:14:49Z INFO [1710/1893] 2f2de172-cb8f-442d-865b-4aa49e586e40: 65 internal nodes; 1.9 s; peak memory 496 MiB.
2026-10-03T07:14:50Z INFO [1711/1893] 2f2deeb8-5988-45c2-a9a6-0230be3765e6: 58 internal nodes; 1.3 s; peak memory 496 MiB.
2026-10-03T07:14:51Z INFO [1712/1893] 2f2e30b0-d039-4328-9fdc-db06710a2435: 17 internal nodes; 1.0 s; peak memory 496 MiB.
2026-10-03T07:14:52Z INFO [1713/1893] 2f2f2439-941f-4014-93f7-469fdfc4b9da: 27 internal nodes; 1.5 s; peak memory 496 MiB.
2026-10-03T07:14:53Z INFO [1714/1893] 2f2f3816-e613-4adc-be68-0f96f784d872: 15 internal nodes; 0.9 s; peak memory 496 MiB.
2026-10-03T07:14:56Z INFO [1715/1893] 2f2f4320-0483-4ef2-86c5-9a3ebc2c520d: 44 internal nodes; 2.9 s; peak memory 496 MiB.
2026-10-03T07:14:58Z INFO [1716/1893] 2f2f9a1c-b729-4233-b5e6-28be79ba0cf2: 66 internal nodes; 2.2 s; peak memory 496 MiB.
2026-10-03T07:15:05Z INFO [1717/1893] 2f2fce73-a53e-4b37-9d39-07656dc52785: 218 internal nodes; 7.1 s; peak memory 496 MiB.
2026-10-03T07:15:07Z INFO [1718/1893] 2f302ddd-7709-4cff-b4de-48bc083588a0: 17 internal nodes; 1.1 s; peak memory 496 MiB.
2026-10-03T07:15:17Z INFO [1719/1893] 2f30ffe6-1e5e-42b2-8587-41f303bc6748: 180 internal nodes; 10.5 s; peak memory 496 MiB.
2026-10-03T07:15:18Z INFO [1720/1893] 2f311ea6-7156-4412-bc59-38eaf02a36b5: 90 internal nodes; 1.2 s; peak memory 496 MiB.
2026-10-03T07:15:20Z INFO [1721/1893] 2f31707b-f5e2-4802-b844-ffbc723b0122: 27 internal nodes; 1.3 s; peak memory 496 MiB.
2026-10-03T07:15:23Z INFO [1722/1893] 2f31e928-bdfa-44d9-bcd6-7337c75c5021: 50 internal nodes; 3.0 s; peak memory 496 MiB.
2026-10-03T07:15:24Z INFO [1723/1893] 2f31ecff-6f8d-4de5-9da3-7bd3b9102938: 26 internal nodes; 1.5 s; peak memory 496 MiB.
2026-10-03T07:15:25Z INFO [1724/1893] 2f3223bb-b495-44e8-bb33-d904e01383b2: 28 internal nodes; 1.0 s; peak memory 496 MiB.
2026-10-03T07:15:26Z INFO [1725/1893] 2f324ab6-c03c-446b-8b4c-f72e11260b55: 13 internal nodes; 1.3 s; peak memory 496 MiB.
2026-10-03T07:15:27Z INFO [1726/1893] 2f329e56-abac-403b-9d89-baa7cdf87c67: 17 internal nodes; 1.0 s; peak memory 496 MiB.
2026-10-03T07:15:29Z INFO [1727/1893] 2f32f476-dab4-472b-869a-728a677034a6: 17 internal nodes; 1.2 s; peak memory 496 MiB.
2026-10-03T07:15:30Z INFO [1728/1893] 2f33edc7-66cf-4a80-9908-a26f180da285: 28 internal nodes; 1.4 s; peak memory 496 MiB.
2026-10-03T07:15:32Z INFO [1729/1893] 2f35501f-2b61-40a4-acd8-2e52b4f59daf: 55 internal nodes; 1.7 s; peak memory 496 MiB.
2026-10-03T07:15:43Z INFO [1730/1893] 2f35731e-0b41-461a-8515-68155997b2b0: 215 internal nodes; 11.9 s; peak memory 496 MiB.
2026-10-03T07:15:46Z INFO [1731/1893] 2f359ec0-df33-489b-bc58-3357f09b841d: 21 internal nodes; 2.5 s; peak memory 496 MiB.
2026-10-03T07:15:48Z INFO [1732/1893] 2f36565d-964d-4321-868f-c309f62172df: 67 internal nodes; 1.9 s; peak memory 496 MiB.
2026-10-03T07:15:49Z INFO [1733/1893] 2f3678c7-06e0-4910-a6d8-0f09d93dd58a: 17 internal nodes; 1.1 s; peak memory 496 MiB.
2026-10-03T07:15:51Z INFO [1734/1893] 2f380983-0971-47a7-ac0a-a0e477315934: 66 internal nodes; 2.3 s; peak memory 496 MiB.
2026-10-03T07:15:52Z INFO [1735/1893] 2f383eb8-a2e6-4cd6-a8bb-edd3f8efcc48: 17 internal nodes; 1.1 s; peak memory 496 MiB.
2026-10-03T07:15:54Z INFO [1736/1893] 2f39b413-b43d-4152-a6ee-a178e0700ea6: 29 internal nodes; 1.4 s; peak memory 496 MiB.
2026-10-03T07:15:56Z INFO [1737/1893] 2f3a47de-85f1-4b68-9247-c3a450fe59b8: 65 internal nodes; 1.9 s; peak memory 496 MiB.
2026-10-03T07:15:57Z INFO [1738/1893] 2f3ad8b5-c584-461d-be5d-73ba0b7bdabf: 27 internal nodes; 1.3 s; peak memory 496 MiB.
2026-10-03T07:15:59Z INFO [1739/1893] 2f3ad9b4-540e-4da0-bebb-1c454678ece2: 31 internal nodes; 1.6 s; peak memory 496 MiB.
2026-10-03T07:16:00Z INFO [1740/1893] 2f3b94bc-78fa-4039-94f5-14fc93aeb66b: 27 internal nodes; 1.4 s; peak memory 496 MiB.
2026-10-03T07:16:01Z INFO [1741/1893] 2f3bf754-7cf7-447a-811c-a579a17c6f5b: 31 internal nodes; 1.5 s; peak memory 496 MiB.
2026-10-03T07:16:04Z INFO [1742/1893] 2f3c7629-a283-4e42-ac3e-a36585c00fb3: 44 internal nodes; 2.8 s; peak memory 496 MiB.
2026-10-03T07:16:05Z INFO [1743/1893] 2f3cb872-9491-46e5-a2b6-c1547641f1f2: 17 internal nodes; 1.1 s; peak memory 496 MiB.
2026-10-03T07:16:06Z INFO [1744/1893] 2f3d5d19-defc-4d62-b927-0034efbd8baa: 13 internal nodes; 1.1 s; peak memory 496 MiB.
2026-10-03T07:16:08Z INFO [1745/1893] 2f3e16b0-394a-4535-bb3b-db3fe38376ed: 63 internal nodes; 1.3 s; peak memory 496 MiB.
2026-10-03T07:16:09Z INFO [1746/1893] 2f3e469b-5b31-47d6-b2be-8ff162affb1b: 27 internal nodes; 1.2 s; peak memory 496 MiB.
2026-10-03T07:16:15Z INFO [1747/1893] 2f3e630d-2a88-4aee-b900-60968ce94d84: 73 internal nodes; 6.3 s; peak memory 496 MiB.
2026-10-03T07:16:16Z INFO [1748/1893] 2f3e656c-d3ba-40ea-93fa-2b6308053323: 11 internal nodes; 0.9 s; peak memory 496 MiB.
2026-10-03T07:16:17Z INFO [1749/1893] 2f3edc58-b09e-4571-bb1c-1ffb2f768b57: 18 internal nodes; 1.1 s; peak memory 496 MiB.
2026-10-03T07:16:18Z INFO [1750/1893] 2f3f0436-ba08-4d4c-802d-1d4cebf6dd4d: 17 internal nodes; 1.0 s; peak memory 496 MiB.
2026-10-03T07:16:19Z INFO [1750/1893] 2f3f0436-ba08-4d4c-802d-1d4cebf6dd4d: checkpointed 69750 records.
2026-10-03T07:16:20Z INFO [1751/1893] 2f40523a-a115-4971-b790-65f5da538c5c: 27 internal nodes; 1.3 s; peak memory 496 MiB.
2026-10-03T07:16:21Z INFO [1752/1893] 2f407657-f57c-4399-b16a-f9bb5fc12a0a: 17 internal nodes; 1.0 s; peak memory 496 MiB.
2026-10-03T07:16:22Z INFO [1753/1893] 2f40b757-ba60-4c63-befc-ad15994531c2: 17 internal nodes; 1.0 s; peak memory 496 MiB.
2026-10-03T07:16:23Z INFO [1754/1893] 2f40f7ba-b960-4106-9ac8-6d364b4759d3: 12 internal nodes; 1.0 s; peak memory 496 MiB.
2026-10-03T07:16:31Z INFO [1755/1893] 2f41a04a-9ffe-49a2-8110-e966e1094e7e: 62 internal nodes; 8.0 s; peak memory 496 MiB.
2026-10-03T07:16:32Z INFO [1756/1893] 2f4234cf-8bae-4dee-9500-ecf366c39f3f: 17 internal nodes; 1.1 s; peak memory 496 MiB.
2026-10-03T07:16:33Z INFO [1757/1893] 2f4280da-01b9-4e02-ae78-825172a0a57a: 18 internal nodes; 1.1 s; peak memory 496 MiB.
2026-10-03T07:16:34Z INFO [1758/1893] 2f42ac2d-a024-4d37-a230-fd74bcf02942: 17 internal nodes; 1.2 s; peak memory 496 MiB.
2026-10-03T07:16:35Z INFO [1759/1893] 2f4308f1-a0ce-4479-8d1e-c2170fe841d7: 11 internal nodes; 0.9 s; peak memory 496 MiB.
2026-10-03T07:16:37Z INFO [1760/1893] 2f44728c-9c3f-4a3c-8700-9a27eacd0d01: 24 internal nodes; 1.8 s; peak memory 496 MiB.
2026-10-03T07:16:39Z INFO [1761/1893] 2f4563b7-bb1b-482d-bed1-ddb81e66eda9: 31 internal nodes; 1.5 s; peak memory 496 MiB.
2026-10-03T07:16:40Z INFO [1762/1893] 2f46689c-1ccc-4f44-b33a-8b14cf16366a: 25 internal nodes; 1.3 s; peak memory 496 MiB.
2026-10-03T07:16:41Z INFO [1763/1893] 2f46eaff-dede-4e8d-927d-fc23505179fd: 27 internal nodes; 1.4 s; peak memory 496 MiB.
2026-10-03T07:16:42Z INFO [1764/1893] 2f471eee-918f-41cf-8772-d74ac3d34d4d: 20 internal nodes; 0.9 s; peak memory 496 MiB.
2026-10-03T07:16:49Z INFO [1765/1893] 2f47bc82-abec-4d3c-9f34-409540312ec9: 73 internal nodes; 7.1 s; peak memory 496 MiB.
2026-10-03T07:16:50Z INFO [1766/1893] 2f484be6-9818-4a27-b859-f68b6995e619: 17 internal nodes; 0.8 s; peak memory 496 MiB.
2026-10-03T07:16:52Z INFO [1767/1893] 2f4a6a12-fb68-45dc-b699-c3944c5446f8: 59 internal nodes; 1.7 s; peak memory 496 MiB.
2026-10-03T07:16:54Z INFO [1768/1893] 2f4ada86-2ada-427f-9e7d-c39e421d2ed7: 31 internal nodes; 1.8 s; peak memory 496 MiB.
2026-10-03T07:16:55Z INFO [1769/1893] 2f4ae043-37f5-4179-bf94-e0ec5c0a123c: 31 internal nodes; 1.4 s; peak memory 496 MiB.
2026-10-03T07:16:57Z INFO [1770/1893] 2f4b9350-f9e6-48d6-86a4-7057940949c3: 58 internal nodes; 2.0 s; peak memory 496 MiB.
2026-10-03T07:16:59Z INFO [1771/1893] 2f4db86c-6c5d-41ae-af6b-154ded83bdcd: 27 internal nodes; 2.0 s; peak memory 496 MiB.
2026-10-03T07:17:01Z INFO [1772/1893] 2f4f25f4-e41c-49fd-be50-8012893ec3c2: 30 internal nodes; 1.5 s; peak memory 496 MiB.
2026-10-03T07:17:02Z INFO [1773/1893] 2f506bdd-82f8-41c8-a1e4-3ebc69288de9: 26 internal nodes; 1.5 s; peak memory 496 MiB.
2026-10-03T07:17:03Z INFO [1774/1893] 2f508d4e-d3d2-4466-b6bc-61099fd6353c: 31 internal nodes; 1.4 s; peak memory 496 MiB.
2026-10-03T07:17:05Z INFO [1775/1893] 2f50ad5f-b0aa-40af-ad2f-3b634d6a9eda: 31 internal nodes; 1.4 s; peak memory 496 MiB.
2026-10-03T07:17:06Z INFO [1776/1893] 2f50b2a6-dca0-456f-97a7-37dd9cfd0050: 31 internal nodes; 1.3 s; peak memory 496 MiB.
2026-10-03T07:17:07Z INFO [1777/1893] 2f5145b0-2e1f-42b5-bf01-a17b1ee8ec7c: 13 internal nodes; 0.9 s; peak memory 496 MiB.
2026-10-03T07:17:09Z INFO [1778/1893] 2f517be1-e40b-4dde-a28e-a7c2fe200bad: 31 internal nodes; 1.7 s; peak memory 496 MiB.
2026-10-03T07:17:10Z INFO [1779/1893] 2f522ed8-6a29-4afd-a401-78b813164d75: 23 internal nodes; 1.0 s; peak memory 496 MiB.
2026-10-03T07:17:11Z INFO [1780/1893] 2f52302e-542a-43e1-967d-5fbdc4a50cba: 54 internal nodes; 1.6 s; peak memory 496 MiB.
2026-10-03T07:17:13Z INFO [1781/1893] 2f52747b-2875-4a83-bca2-6a24b4b07873: 17 internal nodes; 1.1 s; peak memory 496 MiB.
2026-10-03T07:17:14Z INFO [1782/1893] 2f52ec14-783f-4722-9460-88b4cc0dbbca: 58 internal nodes; 1.8 s; peak memory 496 MiB.
2026-10-03T07:17:15Z INFO [1783/1893] 2f53bcc7-cfab-4c11-a116-ba5b4fb38184: 17 internal nodes; 0.9 s; peak memory 496 MiB.
2026-10-03T07:17:16Z INFO [1784/1893] 2f546f45-43c1-4f23-9f1f-3713d1571d13: 17 internal nodes; 0.8 s; peak memory 496 MiB.
2026-10-03T07:17:17Z INFO [1785/1893] 2f54f291-7ce6-424f-bb3e-7b0edccfc8f6: 27 internal nodes; 1.2 s; peak memory 496 MiB.
2026-10-03T07:17:19Z INFO [1786/1893] 2f552b89-84da-4b7e-96e3-12730a55ac69: 90 internal nodes; 1.2 s; peak memory 496 MiB.
2026-10-03T07:17:19Z INFO [1787/1893] 2f56eea3-745d-46cb-9c65-51df6e0ec81e: 11 internal nodes; 0.8 s; peak memory 496 MiB.
2026-10-03T07:17:23Z INFO [1788/1893] 2f56fa3a-bceb-4b0b-9bc9-1fb415a08a43: 25 internal nodes; 3.5 s; peak memory 496 MiB.
2026-10-03T07:17:24Z INFO [1789/1893] 2f57d455-2cff-453f-9d31-ce8d427be8d3: 16 internal nodes; 1.0 s; peak memory 496 MiB.
2026-10-03T07:17:25Z INFO [1790/1893] 2f5888f3-20fc-496c-9821-dc7897584404: 29 internal nodes; 1.6 s; peak memory 496 MiB.
2026-10-03T07:17:27Z INFO [1791/1893] 2f58e290-05f3-41a5-8f22-ca83cf6c1d54: 29 internal nodes; 1.8 s; peak memory 496 MiB.
2026-10-03T07:17:28Z INFO [1792/1893] 2f5ac776-cada-43cf-9b27-8665fa497763: 17 internal nodes; 0.9 s; peak memory 496 MiB.
2026-10-03T07:17:30Z INFO [1793/1893] 2f5d6166-bc2a-4f0b-8306-2822e49ec3a0: 66 internal nodes; 1.8 s; peak memory 496 MiB.
2026-10-03T07:17:45Z INFO [1794/1893] 2f5dafc7-d22d-40db-8193-d3ed24f1ff33: 142 internal nodes; 15.4 s; peak memory 496 MiB.
2026-10-03T07:17:47Z INFO [1795/1893] 2f5dc5a3-31f4-4224-b742-3ba41b576803: 27 internal nodes; 1.2 s; peak memory 496 MiB.
2026-10-03T07:17:47Z INFO [1796/1893] 2f5dd9d7-4d06-4562-b283-db520cf6c353: 15 internal nodes; 0.8 s; peak memory 496 MiB.
2026-10-03T07:17:50Z INFO [1797/1893] 2f5ea876-3687-4908-b01c-815207b3e1a9: 44 internal nodes; 2.2 s; peak memory 496 MiB.
2026-10-03T07:17:51Z INFO [1798/1893] 2f5ead23-ed11-4481-8979-78af0e43b3d3: 17 internal nodes; 1.0 s; peak memory 496 MiB.
2026-10-03T07:17:52Z INFO [1799/1893] 2f5edc0e-8c59-4b01-a5f6-7b24e8309e0b: 27 internal nodes; 1.3 s; peak memory 496 MiB.
2026-10-03T07:17:53Z INFO [1800/1893] 2f5f03f8-9781-4ed5-8ffb-aba769c2f51b: 63 internal nodes; 1.4 s; peak memory 496 MiB.
2026-10-03T07:17:54Z INFO [1800/1893] 2f5f03f8-9781-4ed5-8ffb-aba769c2f51b: checkpointed 69800 records.
2026-10-03T07:17:55Z INFO [1801/1893] 2f5f4714-bf20-409a-9244-c8b16a39dfaa: 55 internal nodes; 1.5 s; peak memory 496 MiB.
2026-10-03T07:17:57Z INFO [1802/1893] 2f604e8f-3cc0-498d-8421-d7161d4e45fa: 19 internal nodes; 1.5 s; peak memory 496 MiB.
2026-10-03T07:17:58Z INFO [1803/1893] 2f6080b0-2604-4ef9-b0ed-c0c964a03735: 27 internal nodes; 1.2 s; peak memory 496 MiB.
2026-10-03T07:17:59Z INFO [1804/1893] 2f60a392-097a-4150-8aaa-8a7d07f23734: 17 internal nodes; 1.2 s; peak memory 496 MiB.
2026-10-03T07:18:00Z INFO [1805/1893] 2f60b471-b26e-4464-84fc-75fd44d11794: 27 internal nodes; 1.3 s; peak memory 496 MiB.
2026-10-03T07:18:07Z INFO [1806/1893] 2f60b944-4fa3-4394-9d8c-c7bb1e9a3624: 41 internal nodes; 6.7 s; peak memory 496 MiB.
2026-10-03T07:18:13Z INFO [1807/1893] 2f60fb0e-7456-4186-8e05-3c5ef186f31f: 141 internal nodes; 5.8 s; peak memory 496 MiB.
2026-10-03T07:18:15Z INFO [1808/1893] 2f61c227-fafd-4bef-9ed9-b1d8041498c9: 37 internal nodes; 2.1 s; peak memory 496 MiB.
2026-10-03T07:18:16Z INFO [1809/1893] 2f626ce3-7e1b-4108-afc4-7c2773ca972b: 17 internal nodes; 1.0 s; peak memory 496 MiB.
2026-10-03T07:18:19Z INFO [1810/1893] 2f639bfe-ea94-4f33-9854-79d294a57cc3: 44 internal nodes; 2.7 s; peak memory 496 MiB.
2026-10-03T07:18:22Z INFO [1811/1893] 2f63c6fd-6f26-4b4c-8303-19491f5e46f3: 46 internal nodes; 3.3 s; peak memory 496 MiB.
2026-10-03T07:18:23Z INFO [1812/1893] 2f648507-c96c-4afc-993c-84fb9d730f97: 17 internal nodes; 1.0 s; peak memory 496 MiB.
2026-10-03T07:18:24Z INFO [1813/1893] 2f6507ec-7839-48c5-b6de-b5770fb04f8e: 27 internal nodes; 1.3 s; peak memory 496 MiB.
2026-10-03T07:18:26Z INFO [1814/1893] 2f65b0ed-f05c-48e3-b2e3-e73716e5a6da: 65 internal nodes; 1.8 s; peak memory 496 MiB.
2026-10-03T07:18:27Z INFO [1815/1893] 2f65d2d8-f87f-4f9f-a3da-1eddaa8ee689: 17 internal nodes; 1.1 s; peak memory 496 MiB.
2026-10-03T07:18:28Z INFO [1816/1893] 2f65e128-38f9-4e25-a3c8-05a3c14a2613: 24 internal nodes; 1.3 s; peak memory 496 MiB.
2026-10-03T07:18:29Z INFO [1817/1893] 2f65f371-9711-48b6-868a-48db55a94b83: 11 internal nodes; 0.7 s; peak memory 496 MiB.
2026-10-03T07:18:30Z INFO [1818/1893] 2f666b30-3d1e-4244-88e8-7bb22f8368d1: 27 internal nodes; 1.2 s; peak memory 496 MiB.
2026-10-03T07:18:31Z INFO [1819/1893] 2f66a25b-88ec-45e7-afdb-2394713b4184: 17 internal nodes; 0.9 s; peak memory 496 MiB.
2026-10-03T07:18:44Z INFO [1820/1893] 2f67bfcd-9a73-4743-9e53-ae099fd950cb: 304 internal nodes; 12.6 s; peak memory 496 MiB.
2026-10-03T07:18:45Z INFO [1821/1893] 2f67e413-47a7-42f0-983a-c14173f990f8: 31 internal nodes; 1.3 s; peak memory 496 MiB.
2026-10-03T07:18:46Z INFO [1822/1893] 2f680d03-d06c-42eb-a2ee-5ffa7b73df1d: 24 internal nodes; 1.2 s; peak memory 496 MiB.
2026-10-03T07:18:47Z INFO [1823/1893] 2f686d7e-5c95-4d30-b452-9ef1b0dd8f66: 27 internal nodes; 1.0 s; peak memory 496 MiB.
2026-10-03T07:18:58Z INFO [1824/1893] 2f68ae90-0afa-4959-b03b-f46e582ebe52: 278 internal nodes; 10.4 s; peak memory 496 MiB.
2026-10-03T07:18:59Z INFO [1825/1893] 2f68de4e-9790-4a79-a1b1-797677e0cb6c: 17 internal nodes; 1.1 s; peak memory 496 MiB.
2026-10-03T07:19:01Z INFO [1826/1893] 2f6961bc-8281-4a90-ba9c-a7fdb49f3f41: 40 internal nodes; 2.6 s; peak memory 496 MiB.
2026-10-03T07:19:05Z INFO [1827/1893] 2f698c2d-71ef-4773-b09e-56f6c26da48e: 42 internal nodes; 3.0 s; peak memory 496 MiB.
2026-10-03T07:19:06Z INFO [1828/1893] 2f6a0b81-64bc-4d99-a97d-f83efe0a6b87: 17 internal nodes; 1.1 s; peak memory 496 MiB.
2026-10-03T07:19:17Z INFO [1829/1893] 2f6a2388-0509-4380-886a-649dc45fb01a: 292 internal nodes; 11.0 s; peak memory 496 MiB.
2026-10-03T07:19:18Z INFO [1830/1893] 2f6a2ee7-dd13-4c79-b047-65ff385255b8: 17 internal nodes; 1.1 s; peak memory 496 MiB.
2026-10-03T07:19:19Z INFO [1831/1893] 2f6a76d5-6f39-4c68-8dfa-715d6d3945ef: 17 internal nodes; 1.0 s; peak memory 496 MiB.
2026-10-03T07:19:20Z INFO [1832/1893] 2f6a89f9-4389-40ae-89b9-f69d9e9ef373: 117 internal nodes; 1.2 s; peak memory 496 MiB.
2026-10-03T07:19:21Z INFO [1833/1893] 2f6ac43a-8536-433e-93e7-18174c29c571: 27 internal nodes; 1.3 s; peak memory 496 MiB.
2026-10-03T07:19:23Z INFO [1834/1893] 2f6ad8e1-f635-4343-bc35-6f2a3059cfa7: 63 internal nodes; 2.2 s; peak memory 496 MiB.
2026-10-03T07:20:24Z INFO [1835/1893] 2f6b7ef7-4f59-4b82-b040-d4d6f633a61e: 4697 internal nodes; 61.0 s; peak memory 496 MiB.
2026-10-03T07:20:25Z INFO [1836/1893] 2f6bec2c-6758-468e-9624-07f2a6f24d95: 17 internal nodes; 1.0 s; peak memory 496 MiB.
2026-10-03T07:20:38Z INFO [1837/1893] 2f6c63bb-a725-4dde-bebd-a187878ac111: 364 internal nodes; 13.1 s; peak memory 496 MiB.
2026-10-03T07:20:39Z INFO [1838/1893] 2f6c9905-87d2-4a46-8852-49b2f0f75d0f: 22 internal nodes; 0.8 s; peak memory 496 MiB.
2026-10-03T07:20:45Z INFO [1839/1893] 2f6d8e13-4659-42d8-b0fd-dd62c531bdc2: 73 internal nodes; 5.3 s; peak memory 496 MiB.
2026-10-03T07:20:46Z INFO [1840/1893] 2f6dd27b-3bb7-4acd-9d3d-c8f2cc3ac2a8: 27 internal nodes; 1.3 s; peak memory 496 MiB.
2026-10-03T07:20:47Z INFO [1841/1893] 2f6dfc9f-9084-49e2-a7bf-de0ea6d90954: 17 internal nodes; 1.0 s; peak memory 496 MiB.
2026-10-03T07:20:48Z INFO [1842/1893] 2f6e2052-c69e-4b63-8671-eacb55670c30: 13 internal nodes; 0.9 s; peak memory 496 MiB.
2026-10-03T07:20:49Z INFO [1843/1893] 2f6e635a-1c6d-43af-b941-a0a31d59f29e: 27 internal nodes; 1.5 s; peak memory 496 MiB.
2026-10-03T07:20:50Z INFO [1844/1893] 2f6ec102-f4bf-4d47-b713-c9af4c142429: 27 internal nodes; 1.2 s; peak memory 496 MiB.
2026-10-03T07:20:52Z INFO [1845/1893] 2f70dc87-87f0-45b4-a744-05445ff54ca4: 18 internal nodes; 1.1 s; peak memory 496 MiB.
2026-10-03T07:20:53Z INFO [1846/1893] 2f714f61-80c0-4d8a-b6aa-fa397a15664a: 17 internal nodes; 1.1 s; peak memory 496 MiB.
2026-10-03T07:20:54Z INFO [1847/1893] 2f71a7cc-2e83-4727-bb21-d302ddfdf9c2: 17 internal nodes; 1.0 s; peak memory 496 MiB.
2026-10-03T07:20:55Z INFO [1848/1893] 2f7250fe-1fd2-465e-b5bf-f2aabccecfff: 29 internal nodes; 1.7 s; peak memory 496 MiB.
2026-10-03T07:20:56Z INFO [1849/1893] 2f728b44-038a-4251-aadb-4a75d580b614: 16 internal nodes; 1.1 s; peak memory 496 MiB.
2026-10-03T07:20:58Z INFO [1850/1893] 2f72fc05-08b1-4cb6-97ed-41ff12b86e78: 17 internal nodes; 1.0 s; peak memory 496 MiB.
2026-10-03T07:20:58Z INFO [1850/1893] 2f72fc05-08b1-4cb6-97ed-41ff12b86e78: checkpointed 69850 records.
2026-10-03T07:20:59Z INFO [1851/1893] 2f735588-1f18-4f01-982d-c8a632ca4244: 27 internal nodes; 1.3 s; peak memory 496 MiB.
2026-10-03T07:21:00Z INFO [1852/1893] 2f739173-c54d-46a7-a2a5-4b9871a21f7c: 26 internal nodes; 0.8 s; peak memory 496 MiB.
2026-10-03T07:21:01Z INFO [1853/1893] 2f749bc0-8103-4720-89d0-aa8cf3d9eab6: 17 internal nodes; 1.0 s; peak memory 496 MiB.
2026-10-03T07:21:19Z INFO [1854/1893] 2f74e972-6ab7-4ea9-b744-f8af52767210: 1649 internal nodes; 18.0 s; peak memory 496 MiB.
2026-10-03T07:21:20Z INFO [1855/1893] 2f763288-ed47-4a0f-b56e-7b62d5a78db7: 31 internal nodes; 1.5 s; peak memory 496 MiB.
2026-10-03T07:21:21Z INFO [1856/1893] 2f766420-0167-41e7-b019-9cd5bacaef95: 17 internal nodes; 1.0 s; peak memory 496 MiB.
2026-10-03T07:21:22Z INFO [1857/1893] 2f775b9c-a40c-403b-b0f5-d901129d393a: 17 internal nodes; 1.1 s; peak memory 496 MiB.
2026-10-03T07:21:23Z INFO [1858/1893] 2f776771-36bb-4934-a5f8-0a48c62599c1: 18 internal nodes; 0.9 s; peak memory 496 MiB.
2026-10-03T07:21:34Z INFO [1859/1893] 2f779fa1-098b-49d4-a198-8b601d94cf7e: 63 internal nodes; 10.2 s; peak memory 496 MiB.
2026-10-03T07:21:35Z INFO [1860/1893] 2f77c022-4377-4f15-a127-c68e2ae0d10a: 27 internal nodes; 1.2 s; peak memory 496 MiB.
2026-10-03T07:21:43Z INFO [1861/1893] 2f79b51f-3e94-431c-a0ae-27c9aa2e4287: 63 internal nodes; 8.7 s; peak memory 496 MiB.
2026-10-03T07:21:52Z INFO [1862/1893] 2f79fdce-a1f4-4b7c-9c45-3335f5a2af85: 99 internal nodes; 8.4 s; peak memory 496 MiB.
2026-10-03T07:22:00Z INFO [1863/1893] 2f7aaf88-0eb7-4a43-b346-7436bd7b63db: 201 internal nodes; 8.0 s; peak memory 496 MiB.
2026-10-03T07:22:06Z INFO [1864/1893] 2f7affbe-4d89-474a-8d48-40c082d90110: 67 internal nodes; 5.9 s; peak memory 496 MiB.
2026-10-03T07:22:06Z INFO [1865/1893] 2f7b690a-fab4-4f91-a866-9ae50e39214b: 17 internal nodes; 0.7 s; peak memory 496 MiB.
2026-10-03T07:22:10Z INFO [1866/1893] 2f7b788b-77f1-48a7-a71f-af0a0c4bec24: 50 internal nodes; 3.3 s; peak memory 496 MiB.
2026-10-03T07:22:11Z INFO [1867/1893] 2f7bab07-7c82-4ccc-ac2a-5765353ac243: 17 internal nodes; 1.0 s; peak memory 496 MiB.
2026-10-03T07:22:19Z INFO [1868/1893] 2f7c5524-deb5-4412-adbd-4dae87f81616: 197 internal nodes; 7.9 s; peak memory 496 MiB.
2026-10-03T07:22:20Z INFO [1869/1893] 2f7c6920-bb8f-45b4-97f6-244ad89e348c: 17 internal nodes; 1.1 s; peak memory 496 MiB.
2026-10-03T07:22:21Z INFO [1870/1893] 2f7ced24-6469-4e6d-a6f3-562708987d46: 27 internal nodes; 1.3 s; peak memory 496 MiB.
2026-10-03T07:22:32Z INFO [1871/1893] 2f7d9b01-1830-4964-84d9-9e22159ec015: 71 internal nodes; 10.9 s; peak memory 496 MiB.
2026-10-03T07:22:35Z INFO [1872/1893] 2f7feabf-d44e-4d01-9e43-814cbe3bc929: 46 internal nodes; 3.3 s; peak memory 496 MiB.
2026-10-03T07:22:36Z INFO [1873/1893] 2f806b20-aadf-4f81-b3e8-811fb028f137: 23 internal nodes; 1.3 s; peak memory 496 MiB.
2026-10-03T07:22:38Z INFO [1874/1893] 2f8105f7-ad14-4d77-a5c9-79759e21c17c: 27 internal nodes; 1.3 s; peak memory 496 MiB.
2026-10-03T07:22:39Z INFO [1875/1893] 2f817def-d0be-451a-b0b6-0e6a47ba44af: 17 internal nodes; 1.1 s; peak memory 496 MiB.
2026-10-03T07:22:40Z INFO [1876/1893] 2f819ab8-aa3d-4b79-91dd-fd7572ec910c: 21 internal nodes; 1.0 s; peak memory 496 MiB.
2026-10-03T07:22:41Z INFO [1877/1893] 2f82382d-be23-4d37-a70f-a9f4fadf53ce: 17 internal nodes; 1.1 s; peak memory 496 MiB.
2026-10-03T07:22:42Z INFO [1878/1893] 2f829c85-555b-449c-a715-79e61da5e062: 17 internal nodes; 1.0 s; peak memory 496 MiB.
2026-10-03T07:22:43Z INFO [1879/1893] 2f8405bb-e072-42e1-b447-6ce2e5a2c8db: 27 internal nodes; 1.3 s; peak memory 496 MiB.
2026-10-03T07:22:45Z INFO [1880/1893] 2f85d9e1-f59c-4536-834b-5185a8229501: 61 internal nodes; 1.5 s; peak memory 496 MiB.
2026-10-03T07:22:46Z INFO [1881/1893] 2f85fcb7-2313-4fc6-83a7-36d66544fc3e: 19 internal nodes; 1.2 s; peak memory 496 MiB.
2026-10-03T07:22:47Z INFO [1882/1893] 2f86302a-5664-4af3-8c4b-a3d04ccc7aff: 17 internal nodes; 1.0 s; peak memory 496 MiB.
2026-10-03T07:22:53Z INFO [1883/1893] 2f865c0a-baa6-4b29-b834-2fac69f5f701: 118 internal nodes; 5.7 s; peak memory 496 MiB.
2026-10-03T07:22:54Z WARNING 3b2672c0-01e2-4e2a-a6fd-09535b8afd67: failed while reading the NWB file (KeyError: 'Unable to synchronously open object (component not found)')
2026-10-03T07:22:54Z WARNING [1884/1893] 3b2672c0-01e2-4e2a-a6fd-09535b8afd67: leaving unrecorded for a later run to retry.
2026-10-03T07:22:56Z WARNING 59beae01-8c63-4353-a90b-e97078f0ecde: failed while reading the NWB file (KeyError: 'Unable to synchronously open object (component not found)')
2026-10-03T07:22:56Z WARNING [1885/1893] 59beae01-8c63-4353-a90b-e97078f0ecde: leaving unrecorded for a later run to retry.
2026-10-03T07:22:57Z WARNING 735c7449-7e23-44fa-8990-d5c55f725aa2: failed while reading the NWB file (KeyError: 'Unable to synchronously open object (component not found)')
2026-10-03T07:22:57Z WARNING [1886/1893] 735c7449-7e23-44fa-8990-d5c55f725aa2: leaving unrecorded for a later run to retry.
2026-10-03T07:22:59Z WARNING 75dc9b6e-40d1-4c10-8d75-71e6d60a1109: failed while reading the NWB file (KeyError: 'Unable to synchronously open object (component not found)')
2026-10-03T07:22:59Z WARNING [1887/1893] 75dc9b6e-40d1-4c10-8d75-71e6d60a1109: leaving unrecorded for a later run to retry.
2026-10-03T07:23:00Z WARNING 8f0183a2-f90f-4b15-8fac-1ca3a404a100: failed while reading the NWB file (KeyError: 'Unable to synchronously open object (component not found)')
2026-10-03T07:23:00Z WARNING [1888/1893] 8f0183a2-f90f-4b15-8fac-1ca3a404a100: leaving unrecorded for a later run to retry.
2026-10-03T07:23:02Z WARNING 91d0f104-6918-47ae-8959-2116c86ee157: failed while reading the NWB file (KeyError: 'Unable to synchronously open object (component not found)')
2026-10-03T07:23:02Z WARNING [1889/1893] 91d0f104-6918-47ae-8959-2116c86ee157: leaving unrecorded for a later run to retry.
2026-10-03T07:23:04Z WARNING 969e4747-5a03-4948-bad1-05be9db18f9a: failed while reading the NWB file (KeyError: 'Unable to synchronously open object (component not found)')
2026-10-03T07:23:04Z WARNING [1890/1893] 969e4747-5a03-4948-bad1-05be9db18f9a: leaving unrecorded for a later run to retry.
2026-10-03T07:23:05Z WARNING 9f0feaa9-adb3-4487-afb9-d4f49f1acdc6: failed while reading the NWB file (KeyError: 'Unable to synchronously open object (component not found)')
2026-10-03T07:23:05Z WARNING [1891/1893] 9f0feaa9-adb3-4487-afb9-d4f49f1acdc6: leaving unrecorded for a later run to retry.
2026-10-03T07:23:07Z WARNING ad5b0970-92ee-45ed-9ade-ec72ab7c0c43: failed while reading the NWB file (KeyError: 'Unable to synchronously open object (component not found)')
2026-10-03T07:23:07Z WARNING [1892/1893] ad5b0970-92ee-45ed-9ade-ec72ab7c0c43: leaving unrecorded for a later run to retry.
2026-10-03T07:23:08Z WARNING d73cb2c7-2e04-4c75-ba50-9b634dc8e8fb: failed while reading the NWB file (KeyError: 'Unable to synchronously open object (component not found)')
2026-10-03T07:23:08Z WARNING [1893/1893] d73cb2c7-2e04-4c75-ba50-9b634dc8e8fb: leaving unrecorded for a later run to retry.
2026-10-03T07:23:08Z INFO Wrote 69883 records to /tmp/derivatives/valid_nwb_file_to_out_degrees.jsonl (1870 new, 23 failed) in 91.8 min (peak memory 496 MiB).
