2026-10-05T01:20:43Z INFO Logging to /tmp/logs/update_2026-10-05T01-20-43Z.log.
2026-10-05T01:20:43Z INFO Update valid-nwb-file-to-out-degrees (base directory /tmp).
2026-10-05T01:20:43Z INFO Processing 1872 items (80902 already recorded).
2026-10-05T01:20:44Z WARNING 024ef50f-ac6f-49ea-806b-93ef4b5e8644: failed while reading the NWB file (KeyError: 'Unable to synchronously open object (component not found)')
2026-10-05T01:20:44Z WARNING [1/1872] 024ef50f-ac6f-49ea-806b-93ef4b5e8644: leaving unrecorded for a later run to retry.
2026-10-05T01:20:45Z WARNING 09073220-fbea-45d2-9a39-2cc61fcdc2a1: failed while reading the NWB file (KeyError: 'Unable to synchronously open object (component not found)')
2026-10-05T01:20:45Z WARNING [2/1872] 09073220-fbea-45d2-9a39-2cc61fcdc2a1: leaving unrecorded for a later run to retry.
2026-10-05T01:20:46Z WARNING 0dec427d-4db4-44c3-988a-c37959ceaff3: failed while reading the NWB file (KeyError: 'Unable to synchronously open object (component not found)')
2026-10-05T01:20:46Z WARNING [3/1872] 0dec427d-4db4-44c3-988a-c37959ceaff3: leaving unrecorded for a later run to retry.
2026-10-05T01:20:47Z WARNING 0f7396ad-67ec-468a-b6a6-5599cb507f54: failed while reading the NWB file (KeyError: 'Unable to synchronously open object (component not found)')
2026-10-05T01:20:47Z WARNING [4/1872] 0f7396ad-67ec-468a-b6a6-5599cb507f54: leaving unrecorded for a later run to retry.
2026-10-05T01:20:48Z WARNING 1066b3ba-83d9-4cb3-bfe3-ecf8539e2334: failed while reading the NWB file (KeyError: 'Unable to synchronously open object (component not found)')
2026-10-05T01:20:48Z WARNING [5/1872] 1066b3ba-83d9-4cb3-bfe3-ecf8539e2334: leaving unrecorded for a later run to retry.
2026-10-05T01:20:49Z WARNING 17a546c4-6425-4c56-a43e-9f9f272d299c: failed while reading the NWB file (KeyError: 'Unable to synchronously open object (component not found)')
2026-10-05T01:20:49Z WARNING [6/1872] 17a546c4-6425-4c56-a43e-9f9f272d299c: leaving unrecorded for a later run to retry.
2026-10-05T01:20:50Z WARNING 19998990-d06f-40db-8d07-c5121b317b6a: failed while reading the NWB file (KeyError: 'Unable to synchronously open object (component not found)')
2026-10-05T01:20:50Z WARNING [7/1872] 19998990-d06f-40db-8d07-c5121b317b6a: leaving unrecorded for a later run to retry.
2026-10-05T01:20:51Z WARNING 1a18ed31-9155-4512-919f-b6875d14b9f3: failed while reading the NWB file (KeyError: 'Unable to synchronously open object (component not found)')
2026-10-05T01:20:51Z WARNING [8/1872] 1a18ed31-9155-4512-919f-b6875d14b9f3: leaving unrecorded for a later run to retry.
2026-10-05T01:20:52Z WARNING 1c2fff6f-f3a7-43fb-b7e2-a33218d41614: failed while reading the NWB file (KeyError: 'Unable to synchronously open object (component not found)')
2026-10-05T01:20:52Z WARNING [9/1872] 1c2fff6f-f3a7-43fb-b7e2-a33218d41614: leaving unrecorded for a later run to retry.
2026-10-05T01:20:52Z WARNING 20b5d243-5a61-4246-a5d5-ac9d9068183d: failed while reading the NWB file (KeyError: 'Unable to synchronously open object (component not found)')
2026-10-05T01:20:52Z WARNING [10/1872] 20b5d243-5a61-4246-a5d5-ac9d9068183d: leaving unrecorded for a later run to retry.
2026-10-05T01:20:53Z WARNING 20e4b649-b593-4ee3-bd02-f0645aad7021: failed while reading the NWB file (KeyError: 'Unable to synchronously open object (component not found)')
2026-10-05T01:20:53Z WARNING [11/1872] 20e4b649-b593-4ee3-bd02-f0645aad7021: leaving unrecorded for a later run to retry.
2026-10-05T01:20:54Z WARNING 2420003b-b350-4a69-b1aa-b27f68179823: failed while reading the NWB file (KeyError: 'Unable to synchronously open object (component not found)')
2026-10-05T01:20:54Z WARNING [12/1872] 2420003b-b350-4a69-b1aa-b27f68179823: leaving unrecorded for a later run to retry.
2026-10-05T01:20:55Z WARNING 2a76c0ae-11ba-4712-bfc9-5a1534c26aeb: failed while reading the NWB file (KeyError: 'Unable to synchronously open object (component not found)')
2026-10-05T01:20:55Z WARNING [13/1872] 2a76c0ae-11ba-4712-bfc9-5a1534c26aeb: leaving unrecorded for a later run to retry.
2026-10-05T01:20:56Z WARNING 319d22c8-6c6e-41bb-9bf9-9c6773d2b2ad: failed while reading the NWB file (KeyError: 'Unable to synchronously open object (component not found)')
2026-10-05T01:20:56Z WARNING [14/1872] 319d22c8-6c6e-41bb-9bf9-9c6773d2b2ad: leaving unrecorded for a later run to retry.
2026-10-05T01:20:56Z WARNING 324ccb4d-b81e-4dbb-a29d-ef474eef0d50: failed while reading the NWB file (KeyError: 'Unable to synchronously open object (component not found)')
2026-10-05T01:20:56Z WARNING [15/1872] 324ccb4d-b81e-4dbb-a29d-ef474eef0d50: leaving unrecorded for a later run to retry.
2026-10-05T01:20:57Z WARNING 3b2672c0-01e2-4e2a-a6fd-09535b8afd67: failed while reading the NWB file (KeyError: 'Unable to synchronously open object (component not found)')
2026-10-05T01:20:57Z WARNING [16/1872] 3b2672c0-01e2-4e2a-a6fd-09535b8afd67: leaving unrecorded for a later run to retry.
2026-10-05T01:20:58Z WARNING 3dec1e5e-7a4c-4aaa-95eb-7a953aa18d59: failed while reading the NWB file (KeyError: 'Unable to synchronously open object (component not found)')
2026-10-05T01:20:58Z WARNING [17/1872] 3dec1e5e-7a4c-4aaa-95eb-7a953aa18d59: leaving unrecorded for a later run to retry.
2026-10-05T01:20:59Z WARNING 40d7f442-8923-4dd5-87cb-af432218c083: failed while reading the NWB file (KeyError: 'Unable to synchronously open object (component not found)')
2026-10-05T01:20:59Z WARNING [18/1872] 40d7f442-8923-4dd5-87cb-af432218c083: leaving unrecorded for a later run to retry.
2026-10-05T01:20:59Z WARNING 4255c687-2c9c-4ffc-83b6-08157b521931: failed while reading the NWB file (KeyError: 'Unable to synchronously open object (component not found)')
2026-10-05T01:20:59Z WARNING [19/1872] 4255c687-2c9c-4ffc-83b6-08157b521931: leaving unrecorded for a later run to retry.
2026-10-05T01:21:00Z WARNING 43addd0b-0674-4137-8eaa-9df790dee1ce: failed while reading the NWB file (KeyError: 'Unable to synchronously open object (component not found)')
2026-10-05T01:21:00Z WARNING [20/1872] 43addd0b-0674-4137-8eaa-9df790dee1ce: leaving unrecorded for a later run to retry.
2026-10-05T01:21:01Z INFO [21/1872] 46904f22-3924-4d00-a7e4-4e354657caf3: 17 internal nodes; 0.7 s; peak memory 153 MiB.
2026-10-05T01:21:02Z INFO [22/1872] 4690930d-dda2-426d-92f7-c763ff6f070e: 31 internal nodes; 0.9 s; peak memory 153 MiB.
2026-10-05T01:21:03Z INFO [23/1872] 469220e5-d30e-413b-beb1-8141f143dcbe: 29 internal nodes; 0.9 s; peak memory 153 MiB.
2026-10-05T01:21:04Z INFO [24/1872] 46922baf-a181-4cc3-a516-e150f599ce1e: 69 internal nodes; 1.7 s; peak memory 153 MiB.
2026-10-05T01:21:09Z INFO [25/1872] 46925db1-deb1-467b-9db1-65eb8e40bba0: 54 internal nodes; 4.4 s; peak memory 154 MiB.
2026-10-05T01:21:09Z INFO [26/1872] 46928587-2013-4bf3-b245-facc662e71e4: 13 internal nodes; 0.4 s; peak memory 154 MiB.
2026-10-05T01:21:11Z INFO [27/1872] 469418c4-240e-4cbe-a0fb-1c2784c41dbf: 44 internal nodes; 1.5 s; peak memory 154 MiB.
2026-10-05T01:21:11Z INFO [28/1872] 46947c7a-49f7-4c32-847f-fa7b0ae7f9ed: 114 internal nodes; 0.6 s; peak memory 154 MiB.
2026-10-05T01:21:17Z INFO [29/1872] 46948910-c01e-494f-acf2-bcf3533fba25: 47 internal nodes; 5.5 s; peak memory 315 MiB.
2026-10-05T01:21:18Z INFO [30/1872] 4694b42d-d3d8-4788-9dbf-6853b96926e1: 31 internal nodes; 0.8 s; peak memory 315 MiB.
2026-10-05T01:21:19Z INFO [31/1872] 4694cac1-92ba-41f6-9c05-e99b8c256a29: 55 internal nodes; 1.6 s; peak memory 315 MiB.
2026-10-05T01:21:20Z INFO [32/1872] 4694e044-d838-4826-b6ea-9ac6f794ea8e: 17 internal nodes; 0.6 s; peak memory 315 MiB.
2026-10-05T01:21:20Z INFO [33/1872] 4695025c-0c59-45b1-a144-f3f3bc89e394: 27 internal nodes; 0.6 s; peak memory 315 MiB.
2026-10-05T01:21:21Z INFO [34/1872] 469505ff-f5ce-4721-9d95-969aff239ce6: 36 internal nodes; 0.9 s; peak memory 315 MiB.
2026-10-05T01:21:22Z INFO [35/1872] 46963d94-b69a-4176-8c6c-f4081186c1e2: 29 internal nodes; 0.7 s; peak memory 315 MiB.
2026-10-05T01:21:22Z INFO [36/1872] 46979187-25a8-4795-ba0c-d7cfc9788e93: 21 internal nodes; 0.5 s; peak memory 315 MiB.
2026-10-05T01:21:23Z INFO [37/1872] 46980788-d7af-417b-ab2a-16be9e82dcee: 13 internal nodes; 0.7 s; peak memory 315 MiB.
2026-10-05T01:21:24Z INFO [38/1872] 4698a39a-00f5-42af-b91c-30acad7e746d: 26 internal nodes; 0.4 s; peak memory 315 MiB.
2026-10-05T01:21:27Z INFO [39/1872] 46991963-133d-4cf9-9a92-f0e4862d24be: 154 internal nodes; 3.4 s; peak memory 315 MiB.
2026-10-05T01:21:28Z INFO [40/1872] 469928aa-e4d9-449c-bbbc-52cca332b095: 31 internal nodes; 0.8 s; peak memory 315 MiB.
2026-10-05T01:21:32Z INFO [41/1872] 46995319-5b91-4419-99ca-1f41844c121a: 61 internal nodes; 4.2 s; peak memory 315 MiB.
2026-10-05T01:21:36Z INFO [42/1872] 469a53c2-0d64-4055-8503-36d0d75b6746: 70 internal nodes; 3.8 s; peak memory 315 MiB.
2026-10-05T01:21:37Z INFO [43/1872] 469aa04c-d254-45db-a30e-939256274662: 45 internal nodes; 1.7 s; peak memory 315 MiB.
2026-10-05T01:21:38Z INFO [44/1872] 469af2cd-4e35-4046-89f6-e795926f472f: 17 internal nodes; 0.5 s; peak memory 315 MiB.
2026-10-05T01:21:39Z INFO [45/1872] 469b7aa5-5189-4108-b6fe-116ec213bd7e: 116 internal nodes; 0.7 s; peak memory 315 MiB.
2026-10-05T01:21:39Z INFO [46/1872] 469bc4bd-6abe-47ea-8d7d-8e6d2f15a7df: 11 internal nodes; 0.3 s; peak memory 315 MiB.
2026-10-05T01:21:40Z INFO [47/1872] 469c42a5-8456-4cf9-9820-853807a51da1: 22 internal nodes; 0.8 s; peak memory 315 MiB.
2026-10-05T01:21:41Z INFO [48/1872] 469c5f98-dcda-447e-9474-5028bb492a48: 22 internal nodes; 0.7 s; peak memory 315 MiB.
2026-10-05T01:21:41Z INFO [49/1872] 469cf1ca-c94b-4f24-a7bd-12c6dd55ae51: 11 internal nodes; 0.4 s; peak memory 315 MiB.
2026-10-05T01:21:42Z INFO [50/1872] 469d7db9-e0f0-4562-9125-9801ff0339b6: 26 internal nodes; 1.1 s; peak memory 315 MiB.
2026-10-05T01:21:42Z INFO [50/1872] 469d7db9-e0f0-4562-9125-9801ff0339b6: checkpointed 80932 records.
2026-10-05T01:21:43Z INFO [51/1872] 46a03d54-22c0-43b3-bb16-3809c6597a12: 17 internal nodes; 0.7 s; peak memory 315 MiB.
2026-10-05T01:21:44Z INFO [52/1872] 46a0715f-7609-495b-a293-e22ae40bf34a: 17 internal nodes; 0.6 s; peak memory 315 MiB.
2026-10-05T01:21:44Z INFO [53/1872] 46a0f908-78a4-47e9-bf83-8a0008f52ae5: 27 internal nodes; 0.6 s; peak memory 315 MiB.
2026-10-05T01:21:46Z INFO [54/1872] 46a12529-22b9-4642-b6ad-13a6d32686b7: 41 internal nodes; 2.1 s; peak memory 315 MiB.
2026-10-05T01:21:47Z INFO [55/1872] 46a1a0d9-77c5-41e8-90f0-333df8b0d3e2: 29 internal nodes; 0.4 s; peak memory 315 MiB.
2026-10-05T01:21:48Z INFO [56/1872] 46a1ddea-2ae9-4407-ad17-a26968835bfc: 31 internal nodes; 0.8 s; peak memory 315 MiB.
2026-10-05T01:21:48Z INFO [57/1872] 46a2a25a-a643-45fb-ada8-8c80f0fc99b3: 19 internal nodes; 0.7 s; peak memory 315 MiB.
2026-10-05T01:21:54Z INFO [58/1872] 46a32c4a-473c-4db8-be60-30b0f176607f: 194 internal nodes; 5.6 s; peak memory 315 MiB.
2026-10-05T01:21:58Z INFO [59/1872] 46a3b578-03bd-4fb1-ba6e-1e4adeeac8ed: 61 internal nodes; 4.3 s; peak memory 315 MiB.
2026-10-05T01:21:59Z INFO [60/1872] 46a3e5c7-d7c7-4100-b1b2-532e391c86a9: 37 internal nodes; 1.0 s; peak memory 315 MiB.
2026-10-05T01:22:00Z INFO [61/1872] 46a67229-615d-4e1f-858c-4bbd3c4ca919: 86 internal nodes; 0.8 s; peak memory 315 MiB.
2026-10-05T01:22:00Z INFO [62/1872] 46a6cf93-1bac-477d-bd15-65d73297e163: 11 internal nodes; 0.3 s; peak memory 315 MiB.
2026-10-05T01:22:01Z INFO [63/1872] 46a6fb04-8720-458b-acac-d6a51adce813: 13 internal nodes; 0.5 s; peak memory 315 MiB.
2026-10-05T01:22:02Z INFO [64/1872] 46a72d48-d4e1-43a5-91d3-7155e5bea561: 55 internal nodes; 0.8 s; peak memory 315 MiB.
2026-10-05T01:22:05Z INFO [65/1872] 46a73c8c-838a-4ced-9eac-069e7e5aa9d4: 141 internal nodes; 3.4 s; peak memory 315 MiB.
2026-10-05T01:22:06Z INFO [66/1872] 46a74538-b8db-49ef-a29b-49c8ca2d6c32: 31 internal nodes; 0.8 s; peak memory 315 MiB.
2026-10-05T01:22:07Z INFO [67/1872] 46a798a8-e652-4631-b3e3-8b6d53b71a03: 26 internal nodes; 0.9 s; peak memory 315 MiB.
2026-10-05T01:22:07Z INFO [68/1872] 46a7bd5e-066d-4b0a-929e-9fa75f101346: 17 internal nodes; 0.6 s; peak memory 315 MiB.
2026-10-05T01:22:12Z INFO [69/1872] 46a87cf4-1459-4584-85ba-d9c444220e30: 66 internal nodes; 4.9 s; peak memory 315 MiB.
2026-10-05T01:22:13Z INFO [70/1872] 46a99eed-4ec8-4fcf-9f17-16bd21681f6b: 17 internal nodes; 0.8 s; peak memory 315 MiB.
2026-10-05T01:22:14Z INFO [71/1872] 46a9dd3e-b89e-4591-8986-0bb81ec5b922: 28 internal nodes; 1.1 s; peak memory 315 MiB.
2026-10-05T01:22:15Z INFO [72/1872] 46a9fb13-b2e3-4da5-a951-e3eb95a6c0e3: 31 internal nodes; 0.9 s; peak memory 315 MiB.
2026-10-05T01:22:16Z INFO [73/1872] 46aa4933-7b28-47ba-a19f-81d9941ffe6a: 69 internal nodes; 1.0 s; peak memory 315 MiB.
2026-10-05T01:22:17Z INFO [74/1872] 46aab66e-2da9-4845-af08-e09a5b957cec: 17 internal nodes; 0.8 s; peak memory 315 MiB.
2026-10-05T01:22:17Z INFO [75/1872] 46ace690-348e-443e-9d95-aa3331ef2aec: 11 internal nodes; 0.3 s; peak memory 315 MiB.
2026-10-05T01:22:18Z INFO [76/1872] 46ad0297-4846-4eca-b52b-494d4097f94c: 26 internal nodes; 1.2 s; peak memory 315 MiB.
2026-10-05T01:22:19Z INFO [77/1872] 46ad5778-e4ea-4620-b87c-baaddc5e259d: 17 internal nodes; 0.5 s; peak memory 315 MiB.
2026-10-05T01:22:22Z INFO [78/1872] 46ae58d7-d648-4c37-a11a-5ac744f7bf49: 161 internal nodes; 3.6 s; peak memory 315 MiB.
2026-10-05T01:22:23Z INFO [79/1872] 46aed21c-af78-4032-8dd1-f73f5e0906ee: 65 internal nodes; 1.0 s; peak memory 315 MiB.
2026-10-05T01:22:38Z INFO [80/1872] 46b032fd-75c4-4beb-867b-a4529a1b199e: 136 internal nodes; 14.8 s; peak memory 315 MiB.
2026-10-05T01:22:39Z INFO [81/1872] 46b04030-8eb9-4bdb-909e-98f22eba9228: 60 internal nodes; 0.8 s; peak memory 315 MiB.
2026-10-05T01:22:40Z INFO [82/1872] 46b05f5b-3ac8-4c9a-b515-fce1d84d54af: 23 internal nodes; 0.6 s; peak memory 315 MiB.
2026-10-05T01:22:40Z INFO [83/1872] 46b0dfc9-9c2c-47fa-9472-224d39ad7743: 17 internal nodes; 0.7 s; peak memory 315 MiB.
2026-10-05T01:22:41Z INFO [84/1872] 46b0ffbe-4af8-4401-b518-f22b1380e2e8: 31 internal nodes; 1.0 s; peak memory 315 MiB.
2026-10-05T01:22:42Z INFO [85/1872] 46b13cb8-888d-4e88-8921-325253c942c2: 15 internal nodes; 0.6 s; peak memory 315 MiB.
2026-10-05T01:22:43Z INFO [86/1872] 46b1b11c-dc1e-4a3d-a115-000c9fd1a1b5: 30 internal nodes; 1.5 s; peak memory 315 MiB.
2026-10-05T01:22:45Z INFO [87/1872] 46b1fb1c-225c-4115-9fb8-edc489c80cd1: 44 internal nodes; 1.4 s; peak memory 315 MiB.
2026-10-05T01:22:51Z INFO [88/1872] 46b22e8a-8d8f-40f8-95a2-55ec265f1ba2: 75 internal nodes; 6.6 s; peak memory 315 MiB.
2026-10-05T01:22:55Z INFO [89/1872] 46b46195-6527-4c9d-86bf-8945a7575556: 85 internal nodes; 3.6 s; peak memory 315 MiB.
2026-10-05T01:22:56Z INFO [90/1872] 46b6bcbf-0d5a-4616-a386-67cdc46507d7: 26 internal nodes; 1.3 s; peak memory 315 MiB.
2026-10-05T01:22:57Z INFO [91/1872] 46b73e1c-1f9a-4039-9a48-246601fd9268: 13 internal nodes; 0.4 s; peak memory 315 MiB.
2026-10-05T01:22:58Z INFO [92/1872] 46b74c22-a738-45ba-9b9e-7ea89bdb9d2c: 54 internal nodes; 0.9 s; peak memory 315 MiB.
2026-10-05T01:22:58Z INFO [93/1872] 46b79a1d-2cf7-46c4-9ccd-57a46691ab87: 18 internal nodes; 0.8 s; peak memory 315 MiB.
2026-10-05T01:22:59Z INFO [94/1872] 46b84b93-3b7b-424a-80c4-83394f008a12: 17 internal nodes; 0.7 s; peak memory 315 MiB.
2026-10-05T01:23:00Z INFO [95/1872] 46b9d3b5-0f13-4b18-9b50-13e64a3c157c: 24 internal nodes; 1.2 s; peak memory 315 MiB.
2026-10-05T01:24:24Z INFO [96/1872] 46ba777a-36e5-4ffb-a336-841ec7a94a5e: 564 internal nodes; 83.7 s; peak memory 388 MiB.
2026-10-05T01:24:25Z INFO [97/1872] 46babf90-74ce-4184-8403-cace5db14db9: 19 internal nodes; 0.7 s; peak memory 388 MiB.
2026-10-05T01:24:25Z INFO [98/1872] 46bafc09-f478-4c7c-96b9-e4f6ab1b395b: 27 internal nodes; 0.6 s; peak memory 388 MiB.
2026-10-05T01:24:26Z INFO [99/1872] 46bb65aa-37a4-4c7f-b806-b475ab38fea7: 17 internal nodes; 0.6 s; peak memory 388 MiB.
2026-10-05T01:24:41Z INFO [100/1872] 46bc3a44-ff74-4860-bbd3-646e2e5e2d64: 136 internal nodes; 15.3 s; peak memory 388 MiB.
2026-10-05T01:24:41Z INFO [100/1872] 46bc3a44-ff74-4860-bbd3-646e2e5e2d64: checkpointed 80982 records.
2026-10-05T01:24:42Z INFO [101/1872] 46bc4866-f642-4af4-9881-95bb41f6236e: 90 internal nodes; 0.8 s; peak memory 388 MiB.
2026-10-05T01:24:43Z INFO [102/1872] 46bcb2e6-a789-44d8-9565-62d7c39e46b8: 29 internal nodes; 0.7 s; peak memory 388 MiB.
2026-10-05T01:24:43Z INFO [103/1872] 46bcbe0c-2f76-48bb-886a-98eb07bec4d9: 17 internal nodes; 0.6 s; peak memory 388 MiB.
2026-10-05T01:24:44Z INFO [104/1872] 46bd25f3-b52c-4261-b690-c0b07b4d6844: 22 internal nodes; 0.3 s; peak memory 388 MiB.
2026-10-05T01:24:45Z INFO [105/1872] 46bdb1c2-efb5-41e9-b0e8-2e4c6e6ad84b: 29 internal nodes; 0.8 s; peak memory 388 MiB.
2026-10-05T01:24:45Z INFO [106/1872] 46be57db-b07e-49f4-879a-7d58757c8211: 27 internal nodes; 0.7 s; peak memory 388 MiB.
2026-10-05T01:24:46Z INFO [107/1872] 46be5fda-9434-4fec-a4d3-f6a7d061ac4c: 27 internal nodes; 0.7 s; peak memory 388 MiB.
2026-10-05T01:24:47Z INFO [108/1872] 46beb57a-c1ac-4f59-9f37-6dfa3e2bf1f5: 17 internal nodes; 0.6 s; peak memory 388 MiB.
2026-10-05T01:24:47Z INFO [109/1872] 46bf420f-9680-4864-b3ac-78642b7e767c: 29 internal nodes; 0.7 s; peak memory 388 MiB.
2026-10-05T01:24:48Z INFO [110/1872] 46c00e78-d815-4611-b474-0866cc68c2e5: 27 internal nodes; 0.6 s; peak memory 388 MiB.
2026-10-05T01:24:49Z INFO [111/1872] 46c089c8-db0c-48d0-bd22-c3ce6d326093: 44 internal nodes; 1.4 s; peak memory 388 MiB.
2026-10-05T01:24:50Z INFO [112/1872] 46c0d266-26b3-4082-8363-e6452e475619: 28 internal nodes; 0.3 s; peak memory 388 MiB.
2026-10-05T01:24:53Z INFO [113/1872] 46c0d548-fafa-4a7f-a56b-7c0720fcfc8e: 62 internal nodes; 3.5 s; peak memory 388 MiB.
2026-10-05T01:24:54Z INFO [114/1872] 46c12015-0bab-4d36-8daf-63e91464ba69: 31 internal nodes; 0.8 s; peak memory 388 MiB.
2026-10-05T01:24:55Z INFO [115/1872] 46c19959-7a36-4cf0-a614-15a739606042: 17 internal nodes; 0.6 s; peak memory 388 MiB.
2026-10-05T01:24:55Z INFO [116/1872] 46c31ab3-1027-4869-9ec4-544f7a9c49f5: 27 internal nodes; 0.6 s; peak memory 388 MiB.
2026-10-05T01:24:56Z INFO [117/1872] 46c35ee2-8343-4017-9e37-4749be722d5f: 44 internal nodes; 1.4 s; peak memory 388 MiB.
2026-10-05T01:24:57Z INFO [118/1872] 46c39673-1703-497e-bba1-afe9def0ea50: 17 internal nodes; 0.4 s; peak memory 388 MiB.
2026-10-05T01:24:57Z INFO [119/1872] 46c3e98a-9891-40e2-99ce-bb9893a397a7: 13 internal nodes; 0.4 s; peak memory 388 MiB.
2026-10-05T01:25:04Z INFO [120/1872] 46c420e5-56ef-497c-97b7-71d960d0ed79: 117 internal nodes; 7.0 s; peak memory 388 MiB.
2026-10-05T01:25:05Z INFO [121/1872] 46c47d7b-40ca-494f-9955-0e6fcf1a1cf6: 21 internal nodes; 0.8 s; peak memory 388 MiB.
2026-10-05T01:25:05Z INFO [122/1872] 46c4a882-66dc-4a3a-bc0d-e91cd387e192: 11 internal nodes; 0.3 s; peak memory 388 MiB.
2026-10-05T01:25:06Z INFO [123/1872] 46c63016-26ba-4560-b853-72a732e2d80c: 17 internal nodes; 0.6 s; peak memory 388 MiB.
2026-10-05T01:25:07Z INFO [124/1872] 46c86dc1-6e9d-43df-8b1c-6dc5b83143c1: 17 internal nodes; 0.6 s; peak memory 388 MiB.
2026-10-05T01:25:07Z INFO [125/1872] 46c88894-9537-409f-ad55-4e244e439653: 17 internal nodes; 0.7 s; peak memory 388 MiB.
2026-10-05T01:25:14Z INFO [126/1872] 46c8966d-6ab5-49f6-b044-960125f7b514: 197 internal nodes; 6.7 s; peak memory 388 MiB.
2026-10-05T01:25:16Z INFO [127/1872] 46c8fbc7-1aae-4b92-a09d-db77b80a37ac: 46 internal nodes; 2.0 s; peak memory 388 MiB.
2026-10-05T01:25:17Z INFO [128/1872] 46c9b968-433a-46a1-b06c-ee70f8beb1ae: 13 internal nodes; 0.6 s; peak memory 388 MiB.
2026-10-05T01:25:17Z INFO [129/1872] 46ca8222-2e1b-49d3-9d9c-7b5793a3943c: 22 internal nodes; 0.4 s; peak memory 388 MiB.
2026-10-05T01:25:18Z INFO [130/1872] 46cb55e1-8226-4a8a-baf3-0cbc62bc7237: 67 internal nodes; 1.0 s; peak memory 388 MiB.
2026-10-05T01:25:21Z INFO [131/1872] 46cba098-485e-4d55-bf38-80159d241973: 159 internal nodes; 3.2 s; peak memory 388 MiB.
2026-10-05T01:25:22Z INFO [132/1872] 46cbd727-35c6-4a03-b751-e01a7b0f29a9: 22 internal nodes; 0.4 s; peak memory 388 MiB.
2026-10-05T01:25:22Z INFO [133/1872] 46cca8df-5408-4857-b78b-83206f7f5410: 17 internal nodes; 0.8 s; peak memory 388 MiB.
2026-10-05T01:25:23Z INFO [134/1872] 46ccb636-1d83-461d-ac59-6ad9390644a0: 17 internal nodes; 0.6 s; peak memory 388 MiB.
2026-10-05T01:25:24Z INFO [135/1872] 46cd96c9-5099-41f2-9472-b7db8d5abef2: 17 internal nodes; 0.7 s; peak memory 388 MiB.
2026-10-05T01:25:24Z INFO [136/1872] 46cda730-8e48-4366-a702-dda39e60a94e: 19 internal nodes; 0.6 s; peak memory 388 MiB.
2026-10-05T01:25:28Z INFO [137/1872] 46cdc412-72cc-4a48-ad8f-ef08b5cda1a4: 129 internal nodes; 3.8 s; peak memory 388 MiB.
2026-10-05T01:25:30Z INFO [138/1872] 46ce1bce-575a-4601-b0ff-84083d7e8f28: 44 internal nodes; 1.8 s; peak memory 388 MiB.
2026-10-05T01:25:31Z INFO [139/1872] 46cf472d-97f7-4e7e-a96e-33fd7d070ef6: 17 internal nodes; 0.7 s; peak memory 388 MiB.
2026-10-05T01:25:31Z INFO [140/1872] 46d006eb-c6fe-479e-8011-10b74a811dd9: 17 internal nodes; 0.6 s; peak memory 388 MiB.
2026-10-05T01:25:32Z INFO [141/1872] 46d01f74-aedd-415e-ac02-a1b22dfd83fd: 22 internal nodes; 0.5 s; peak memory 388 MiB.
2026-10-05T01:25:32Z INFO [142/1872] 46d0db40-7444-4d29-b87d-854ad1af8d76: 27 internal nodes; 0.3 s; peak memory 388 MiB.
2026-10-05T01:25:33Z INFO [143/1872] 46d0eaac-6f10-4b89-bf9e-13d198473478: 27 internal nodes; 0.6 s; peak memory 388 MiB.
2026-10-05T01:25:33Z INFO [144/1872] 46d23a25-3672-479e-9f36-868a854dd295: 17 internal nodes; 0.7 s; peak memory 388 MiB.
2026-10-05T01:25:34Z INFO [145/1872] 46d2e166-e27f-48b9-9e25-cfd5dbcbe62c: 31 internal nodes; 0.9 s; peak memory 388 MiB.
2026-10-05T01:25:35Z INFO [146/1872] 46d2e375-4720-4b60-8601-2870af1e4a1a: 67 internal nodes; 1.1 s; peak memory 388 MiB.
2026-10-05T01:25:36Z INFO [147/1872] 46d33db8-8f21-4ae9-b82b-fe93c727ca1e: 31 internal nodes; 0.8 s; peak memory 388 MiB.
2026-10-05T01:25:37Z INFO [148/1872] 46d3e2a6-260a-43ac-92d0-3a5313fb2d91: 17 internal nodes; 0.7 s; peak memory 388 MiB.
2026-10-05T01:25:38Z INFO [149/1872] 46d49e02-677c-436a-8ed8-bfc61368f1b5: 38 internal nodes; 1.5 s; peak memory 388 MiB.
2026-10-05T01:25:39Z INFO [150/1872] 46d4e2cb-7a28-49e3-b963-59c42cd240e9: 27 internal nodes; 0.8 s; peak memory 388 MiB.
2026-10-05T01:25:39Z INFO [150/1872] 46d4e2cb-7a28-49e3-b963-59c42cd240e9: checkpointed 81032 records.
2026-10-05T01:25:44Z INFO [151/1872] 46d622a5-234e-4e33-be61-0998dbca61a6: 199 internal nodes; 4.8 s; peak memory 388 MiB.
2026-10-05T01:25:51Z INFO [152/1872] 46d68fb6-1b60-4acc-8ff1-7b9152845215: 240 internal nodes; 6.6 s; peak memory 388 MiB.
2026-10-05T01:25:52Z INFO [153/1872] 46d6f483-144b-4360-81b4-ed263f13061f: 17 internal nodes; 0.9 s; peak memory 388 MiB.
2026-10-05T01:25:52Z INFO [154/1872] 46d6f517-5156-48ee-8f75-87a67955d1f5: 17 internal nodes; 0.6 s; peak memory 388 MiB.
2026-10-05T01:25:53Z INFO [155/1872] 46d7a807-9eff-4386-9b02-c37e271e1453: 30 internal nodes; 1.0 s; peak memory 388 MiB.
2026-10-05T01:25:54Z INFO [156/1872] 46d87340-5a72-4bd9-b7ee-bffb8aedfcc7: 17 internal nodes; 0.5 s; peak memory 388 MiB.
2026-10-05T01:25:54Z INFO [157/1872] 46d8a526-cf2a-4eb8-a50c-8f22630c0287: 17 internal nodes; 0.7 s; peak memory 388 MiB.
2026-10-05T01:25:55Z INFO [158/1872] 46d920ea-ae45-46d5-a5f6-319328e8c4af: 63 internal nodes; 0.9 s; peak memory 388 MiB.
2026-10-05T01:25:57Z INFO [159/1872] 46d9c8c8-40fc-4716-8255-0cbc884f535d: 61 internal nodes; 1.7 s; peak memory 388 MiB.
2026-10-05T01:25:58Z INFO [160/1872] 46da2a11-814c-428d-95b8-c419ce6316f4: 22 internal nodes; 0.7 s; peak memory 388 MiB.
2026-10-05T01:25:58Z INFO [161/1872] 46db5af3-b61d-4715-a6bc-fabdb1f74b38: 27 internal nodes; 0.6 s; peak memory 388 MiB.
2026-10-05T01:26:02Z INFO [162/1872] 46dbf978-db28-4b21-a54a-3c95583d9d99: 54 internal nodes; 3.8 s; peak memory 388 MiB.
2026-10-05T01:26:03Z INFO [163/1872] 46dc947b-6382-44b2-abf1-efc5033d5983: 13 internal nodes; 0.5 s; peak memory 388 MiB.
2026-10-05T01:26:09Z INFO [164/1872] 46dd74e3-18ed-4bdf-8742-bb8234c8b1a9: 296 internal nodes; 5.9 s; peak memory 388 MiB.
2026-10-05T01:26:09Z INFO [165/1872] 46dd9327-5467-4d68-8190-7bed9d44b4e7: 31 internal nodes; 0.8 s; peak memory 388 MiB.
2026-10-05T01:26:10Z INFO [166/1872] 46ddd2f8-35ec-48b6-ac17-41296a343180: 11 internal nodes; 0.3 s; peak memory 388 MiB.
2026-10-05T01:26:11Z INFO [167/1872] 46df58ae-9373-48ca-b313-4ea89af257e5: 27 internal nodes; 1.0 s; peak memory 388 MiB.
2026-10-05T01:26:12Z INFO [168/1872] 46df5ee1-c0c4-4315-a55c-7ae10a48cef2: 62 internal nodes; 1.0 s; peak memory 388 MiB.
2026-10-05T01:26:12Z INFO [169/1872] 46e03202-d6cf-4085-b78a-12982115e922: 17 internal nodes; 0.7 s; peak memory 388 MiB.
2026-10-05T01:26:14Z INFO [170/1872] 46e0dce7-fc25-44a3-9e62-d594fbfecb15: 42 internal nodes; 1.4 s; peak memory 388 MiB.
2026-10-05T01:26:14Z INFO [171/1872] 46e17945-0e15-4d5a-8cc6-c9ebc689d6c6: 11 internal nodes; 0.3 s; peak memory 388 MiB.
2026-10-05T01:26:16Z INFO [172/1872] 46e1f3c8-dd0b-4b5e-be80-f59ff90863f5: 44 internal nodes; 1.6 s; peak memory 388 MiB.
2026-10-05T01:26:16Z INFO [173/1872] 46e26b96-af66-47e9-95ea-9f838bedf262: 17 internal nodes; 0.5 s; peak memory 388 MiB.
2026-10-05T01:26:17Z INFO [174/1872] 46e39d01-dd30-4869-93fc-44a3a5e99b7a: 29 internal nodes; 0.7 s; peak memory 388 MiB.
2026-10-05T01:26:20Z INFO [175/1872] 46e42969-ce54-4b8a-8b4f-95d95022f8e9: 68 internal nodes; 3.5 s; peak memory 388 MiB.
2026-10-05T01:26:21Z INFO [176/1872] 46e44258-6502-42fd-a559-5d0a4b33363b: 27 internal nodes; 0.6 s; peak memory 388 MiB.
2026-10-05T01:26:25Z INFO [177/1872] 46e45663-66d3-4742-8a10-d286df83f9a7: 61 internal nodes; 3.9 s; peak memory 388 MiB.
2026-10-05T01:26:26Z INFO [178/1872] 46e50454-17ab-4b26-8404-5d906da6fe87: 36 internal nodes; 0.8 s; peak memory 388 MiB.
2026-10-05T01:26:26Z INFO [179/1872] 46e51ba3-233f-4f56-9f87-c2ea271599d8: 19 internal nodes; 0.6 s; peak memory 388 MiB.
2026-10-05T01:26:27Z INFO [180/1872] 46e52958-6a9e-4a58-b880-05ba2efb952b: 31 internal nodes; 0.6 s; peak memory 388 MiB.
2026-10-05T01:26:29Z INFO [181/1872] 46e59940-7c6c-4569-bd22-bf36a8e6a456: 110 internal nodes; 2.3 s; peak memory 388 MiB.
2026-10-05T01:26:31Z INFO [182/1872] 46e69923-53d0-466d-86bf-b771bdf33d41: 66 internal nodes; 1.4 s; peak memory 388 MiB.
2026-10-05T01:26:35Z INFO [183/1872] 46e6f04a-3b37-4762-9446-e37ab6cc8bfa: 47 internal nodes; 4.3 s; peak memory 388 MiB.
2026-10-05T01:26:41Z INFO [184/1872] 46e7c4df-979b-4147-a5ac-c9a78380f0f6: 64 internal nodes; 6.1 s; peak memory 388 MiB.
2026-10-05T01:26:46Z INFO [185/1872] 46e7d3d2-a1f9-4a7b-a804-007d2f7a7611: 61 internal nodes; 4.7 s; peak memory 388 MiB.
2026-10-05T01:26:47Z INFO [186/1872] 46e80972-47af-4be9-924c-824b9402dce2: 24 internal nodes; 1.3 s; peak memory 388 MiB.
2026-10-05T01:26:48Z INFO [187/1872] 46e9e960-45a1-4f62-9138-90056daa4767: 55 internal nodes; 0.8 s; peak memory 388 MiB.
2026-10-05T01:26:49Z INFO [188/1872] 46ea2039-d8aa-4a9a-a4a4-3faa0daa436e: 31 internal nodes; 0.6 s; peak memory 388 MiB.
2026-10-05T01:26:53Z INFO [189/1872] 46eab65c-79c2-4921-a549-d7a31508d3c3: 155 internal nodes; 4.1 s; peak memory 388 MiB.
2026-10-05T01:26:56Z INFO [190/1872] 46eb24fb-743b-4c12-a43b-65f46744289e: 177 internal nodes; 3.0 s; peak memory 388 MiB.
2026-10-05T01:26:56Z INFO [191/1872] 46ecaad4-d5ac-4a7b-92f4-46e9ee0e904d: 26 internal nodes; 0.5 s; peak memory 388 MiB.
2026-10-05T01:27:05Z INFO [192/1872] 46ed1fbf-e88f-4757-910a-ebed2b340967: 2857 internal nodes; 9.0 s; peak memory 388 MiB.
2026-10-05T01:27:06Z INFO [193/1872] 46ee611e-a50d-4a59-baa1-2022b416f01f: 17 internal nodes; 0.7 s; peak memory 388 MiB.
2026-10-05T01:27:10Z INFO [194/1872] 46ef8593-349e-4733-904d-091374248f41: 65 internal nodes; 3.9 s; peak memory 388 MiB.
2026-10-05T01:27:10Z INFO [195/1872] 46ef9bb4-005d-46d8-a5b1-7608fe87c17d: 17 internal nodes; 0.6 s; peak memory 388 MiB.
2026-10-05T01:27:11Z INFO [196/1872] 46f03469-4dae-4258-9192-fae2ef68a214: 24 internal nodes; 0.5 s; peak memory 388 MiB.
2026-10-05T01:27:11Z INFO [197/1872] 46f15a98-3493-42bf-a978-880e09c75694: 17 internal nodes; 0.6 s; peak memory 388 MiB.
2026-10-05T01:27:12Z INFO [198/1872] 46f2efc6-791e-411a-b840-8791ad9e422d: 11 internal nodes; 0.3 s; peak memory 388 MiB.
2026-10-05T01:27:13Z INFO [199/1872] 46f336d6-3641-4ec1-b2d3-533318eb24b1: 69 internal nodes; 1.3 s; peak memory 388 MiB.
2026-10-05T01:27:18Z INFO [200/1872] 46f387c6-3b74-4713-a0ed-82946d1ab4d8: 266 internal nodes; 5.0 s; peak memory 388 MiB.
2026-10-05T01:27:18Z INFO [200/1872] 46f387c6-3b74-4713-a0ed-82946d1ab4d8: checkpointed 81082 records.
2026-10-05T01:27:19Z INFO [201/1872] 46f413c1-bf86-4ad3-9780-edfad46b1f87: 21 internal nodes; 0.4 s; peak memory 388 MiB.
2026-10-05T01:27:19Z INFO [202/1872] 46f4bb5e-feda-48a9-aa03-b390f929e52a: 17 internal nodes; 0.7 s; peak memory 388 MiB.
2026-10-05T01:27:21Z INFO [203/1872] 46f5374a-d8db-4659-8655-8831d2466c05: 69 internal nodes; 1.1 s; peak memory 388 MiB.
2026-10-05T01:27:21Z INFO [204/1872] 46f553ed-111d-4e5e-b4ba-ffeb31eeda5b: 15 internal nodes; 0.6 s; peak memory 388 MiB.
2026-10-05T01:27:22Z INFO [205/1872] 46f57797-ae0b-4220-ac57-89e9984445f5: 116 internal nodes; 0.8 s; peak memory 388 MiB.
2026-10-05T01:27:23Z INFO [206/1872] 46f5dbbd-8685-48c2-ac73-28341d4a61f4: 17 internal nodes; 0.6 s; peak memory 388 MiB.
2026-10-05T01:27:23Z INFO [207/1872] 46f6528d-9a74-40b1-a359-502e2e4bc81e: 27 internal nodes; 0.6 s; peak memory 388 MiB.
2026-10-05T01:27:24Z INFO [208/1872] 46f78bda-146d-456b-9b7d-7ecb126c65a8: 17 internal nodes; 0.6 s; peak memory 388 MiB.
2026-10-05T01:27:27Z INFO [209/1872] 46f80c1a-8c84-42eb-8abd-f029449bdb47: 227 internal nodes; 3.4 s; peak memory 388 MiB.
2026-10-05T01:27:33Z INFO [210/1872] 46f83d4e-3af6-4159-b2a1-c70081cdfbe8: 115 internal nodes; 5.3 s; peak memory 388 MiB.
2026-10-05T01:27:33Z INFO [211/1872] 46f90c74-81b2-4e9f-9919-094254023219: 17 internal nodes; 0.6 s; peak memory 388 MiB.
2026-10-05T01:27:37Z INFO [212/1872] 46f9546e-d861-46e1-a535-dc68ec50ea4e: 54 internal nodes; 4.0 s; peak memory 388 MiB.
2026-10-05T01:27:38Z INFO [213/1872] 46f979f8-e239-4053-987a-acd85c44a167: 23 internal nodes; 0.9 s; peak memory 388 MiB.
2026-10-05T01:27:42Z INFO [214/1872] 46fa1456-4ad2-440a-be28-b798d8b6798b: 61 internal nodes; 4.4 s; peak memory 388 MiB.
2026-10-05T01:27:47Z INFO [215/1872] 46fb0f00-920d-4216-963a-12d4e6c613cd: 187 internal nodes; 4.2 s; peak memory 388 MiB.
2026-10-05T01:27:47Z INFO [216/1872] 46fbaa93-18ad-4c4d-8f76-2e7ff4dff3d4: 17 internal nodes; 0.6 s; peak memory 388 MiB.
2026-10-05T01:27:48Z INFO [217/1872] 46fbb68e-c841-4725-878c-0be7fec974e8: 27 internal nodes; 0.8 s; peak memory 388 MiB.
2026-10-05T01:27:49Z INFO [218/1872] 46fbe652-09c5-4fec-aceb-382e1d0f061d: 17 internal nodes; 0.5 s; peak memory 388 MiB.
2026-10-05T01:27:49Z INFO [219/1872] 46fcd95b-8897-4e91-8afa-ae78f70c17d3: 90 internal nodes; 0.7 s; peak memory 388 MiB.
2026-10-05T01:27:50Z INFO [220/1872] 46fd1fee-5327-4996-81bd-6f91f589cb83: 17 internal nodes; 0.7 s; peak memory 388 MiB.
2026-10-05T01:27:51Z INFO [221/1872] 46fd961a-f4cf-4cad-a3c0-230b9e491e29: 27 internal nodes; 0.7 s; peak memory 388 MiB.
2026-10-05T01:27:51Z INFO [222/1872] 46fedc79-9af5-4775-b5be-e8d22efca61c: 116 internal nodes; 0.6 s; peak memory 388 MiB.
2026-10-05T01:27:52Z INFO [223/1872] 46fedef6-1f7f-4f21-8feb-d44cdc07e851: 27 internal nodes; 0.7 s; peak memory 388 MiB.
2026-10-05T01:27:53Z INFO [224/1872] 46fee66f-8d17-4f97-ae91-8bab18d5a98f: 25 internal nodes; 0.7 s; peak memory 388 MiB.
2026-10-05T01:27:53Z INFO [225/1872] 46feff2a-8c15-4a2a-a125-03fc206e1dcd: 17 internal nodes; 0.6 s; peak memory 388 MiB.
2026-10-05T01:27:54Z INFO [226/1872] 46ff0f4c-6546-4dc0-b1a6-08813c78adc0: 27 internal nodes; 0.6 s; peak memory 388 MiB.
2026-10-05T01:27:54Z INFO [227/1872] 47011612-bb7f-4beb-9193-eb974da299aa: 17 internal nodes; 0.7 s; peak memory 388 MiB.
2026-10-05T01:27:56Z INFO [228/1872] 4701a563-00c5-4f81-ae2c-3286551f10c7: 21 internal nodes; 1.1 s; peak memory 388 MiB.
2026-10-05T01:27:59Z INFO [229/1872] 4701a6d0-9bf2-461a-9752-8f800c1845cb: 67 internal nodes; 3.3 s; peak memory 388 MiB.
2026-10-05T01:28:05Z INFO [230/1872] 470214f1-7c46-43bd-b083-168f89b614cb: 64 internal nodes; 6.1 s; peak memory 388 MiB.
2026-10-05T01:28:06Z INFO [231/1872] 47024dad-1f65-4565-b9fa-0912c1061b33: 17 internal nodes; 0.8 s; peak memory 388 MiB.
2026-10-05T01:28:06Z INFO [232/1872] 47029ba5-c160-458f-8a8c-e3d5911ab814: 17 internal nodes; 0.7 s; peak memory 388 MiB.
2026-10-05T01:28:07Z INFO [233/1872] 4702c2ee-fb95-428d-94d0-2604a05a2ef3: 27 internal nodes; 0.7 s; peak memory 388 MiB.
2026-10-05T01:28:08Z INFO [234/1872] 4702dbc0-bea6-40a1-b866-4e5f012b26d8: 17 internal nodes; 0.6 s; peak memory 388 MiB.
2026-10-05T01:28:08Z INFO [235/1872] 47038e63-4dcd-4794-b194-699ffd40c880: 11 internal nodes; 0.4 s; peak memory 388 MiB.
2026-10-05T01:28:09Z INFO [236/1872] 4703db5c-df94-432b-b38f-30c110233b3f: 62 internal nodes; 0.9 s; peak memory 388 MiB.
2026-10-05T01:28:09Z INFO [237/1872] 47041fc7-73b1-451d-9989-c093163980dc: 13 internal nodes; 0.5 s; peak memory 388 MiB.
2026-10-05T01:28:10Z INFO [238/1872] 47045940-b7e0-469b-bc33-fef5286ad5c8: 11 internal nodes; 0.3 s; peak memory 388 MiB.
2026-10-05T01:28:10Z INFO [239/1872] 47048199-6066-4e9e-a086-7e8af80931d8: 28 internal nodes; 0.8 s; peak memory 388 MiB.
2026-10-05T01:28:12Z INFO [240/1872] 47049da1-371c-41b8-aae2-90cfbea4aa8e: 44 internal nodes; 1.7 s; peak memory 388 MiB.
2026-10-05T01:28:13Z INFO [241/1872] 4705e67d-097f-49cd-a777-231612c7b5a2: 19 internal nodes; 0.6 s; peak memory 388 MiB.
2026-10-05T01:28:13Z INFO [242/1872] 4705fe33-2ce9-4788-ac9d-5a104b831fe0: 19 internal nodes; 0.5 s; peak memory 388 MiB.
2026-10-05T01:28:14Z INFO [243/1872] 47064aa5-4f13-40ed-90ba-293b50c0537c: 17 internal nodes; 0.6 s; peak memory 388 MiB.
2026-10-05T01:28:15Z INFO [244/1872] 4708c36b-d7db-4070-afda-324e8c437a7e: 44 internal nodes; 1.5 s; peak memory 388 MiB.
2026-10-05T01:28:16Z INFO [245/1872] 47096357-46f6-4c69-a42e-b1efd37be26c: 30 internal nodes; 0.7 s; peak memory 388 MiB.
2026-10-05T01:28:17Z INFO [246/1872] 47098884-bea9-48ac-be4b-ac92439e42bd: 11 internal nodes; 0.4 s; peak memory 388 MiB.
2026-10-05T01:28:21Z INFO [247/1872] 47098951-30e8-495b-a976-f6bd92b3950d: 221 internal nodes; 4.6 s; peak memory 388 MiB.
2026-10-05T01:28:26Z INFO [248/1872] 47099ffe-0c64-4cbe-9906-596f3575854e: 77 internal nodes; 5.2 s; peak memory 388 MiB.
2026-10-05T01:28:32Z INFO [249/1872] 4709eed3-6f0f-4873-9976-387c980e914e: 304 internal nodes; 5.2 s; peak memory 388 MiB.
2026-10-05T01:28:32Z INFO [250/1872] 470a2976-07f7-495e-838e-f644faa7d5d2: 27 internal nodes; 0.6 s; peak memory 388 MiB.
2026-10-05T01:28:32Z INFO [250/1872] 470a2976-07f7-495e-838e-f644faa7d5d2: checkpointed 81132 records.
2026-10-05T01:28:33Z INFO [251/1872] 470a7fc4-6314-48d3-abe0-549ed679d2b5: 31 internal nodes; 0.7 s; peak memory 388 MiB.
2026-10-05T01:28:34Z INFO [252/1872] 470ae834-0594-4c8d-ae1d-01b8a6073940: 27 internal nodes; 0.6 s; peak memory 388 MiB.
2026-10-05T01:28:39Z INFO [253/1872] 470bf1fb-81dd-4bb9-a068-fcd9dc620b05: 210 internal nodes; 5.1 s; peak memory 388 MiB.
2026-10-05T01:28:41Z INFO [254/1872] 470c0015-b688-4e80-ac15-46340921c84d: 57 internal nodes; 2.3 s; peak memory 388 MiB.
2026-10-05T01:29:37Z INFO [255/1872] 470d28b4-4181-488b-ac0e-ca3d1bfee678: 2707 internal nodes; 55.8 s; peak memory 496 MiB.
2026-10-05T01:29:38Z INFO [256/1872] 470d9bb6-5858-4e6b-94f6-bf956254d2a8: 17 internal nodes; 0.6 s; peak memory 496 MiB.
2026-10-05T01:29:38Z INFO [257/1872] 470e9600-fd3d-4ee8-8e76-b8c4d2551815: 27 internal nodes; 0.6 s; peak memory 496 MiB.
2026-10-05T01:29:38Z INFO [258/1872] 470ed460-86ee-4cb8-97c1-de98d3680138: 27 internal nodes; 0.3 s; peak memory 496 MiB.
2026-10-05T01:29:42Z INFO [259/1872] 4712543d-e747-44e6-8eb7-f3fd06b6c10d: 161 internal nodes; 3.1 s; peak memory 496 MiB.
2026-10-05T01:29:45Z INFO [260/1872] 4713aa21-5be0-48ef-8d9d-5a366edf96c4: 204 internal nodes; 3.8 s; peak memory 496 MiB.
2026-10-05T01:29:47Z INFO [261/1872] 47140115-47d2-4522-bfb8-25bcd6dd857c: 69 internal nodes; 1.2 s; peak memory 496 MiB.
2026-10-05T01:29:48Z INFO [262/1872] 47140e5d-9a0f-4223-9f3c-918a8f642740: 32 internal nodes; 1.4 s; peak memory 496 MiB.
2026-10-05T01:29:57Z INFO [263/1872] 47146522-e54c-4d4f-b02e-613b4e4b0825: 1161 internal nodes; 9.1 s; peak memory 496 MiB.
2026-10-05T01:29:58Z INFO [264/1872] 4714a5b3-c5b3-4c3b-90cf-6a578cb83a92: 19 internal nodes; 0.6 s; peak memory 496 MiB.
2026-10-05T01:29:58Z INFO [265/1872] 4714c7b8-3d1d-44eb-a4cd-6f1115b0903d: 27 internal nodes; 0.5 s; peak memory 496 MiB.
2026-10-05T01:29:59Z INFO [266/1872] 4714d612-f371-4110-8965-682a60ac26e3: 26 internal nodes; 0.9 s; peak memory 496 MiB.
2026-10-05T01:30:00Z INFO [267/1872] 47158121-dab3-405d-a880-148530138ace: 18 internal nodes; 0.5 s; peak memory 496 MiB.
2026-10-05T01:30:00Z INFO [268/1872] 4715cca8-7545-4f79-98d9-c39237ba4384: 18 internal nodes; 0.4 s; peak memory 496 MiB.
2026-10-05T01:30:01Z INFO [269/1872] 4715e403-3560-4bef-bc01-d04379ffa1e1: 31 internal nodes; 0.7 s; peak memory 496 MiB.
2026-10-05T01:30:02Z INFO [270/1872] 4715eee3-b8c7-4523-9818-66e11427518f: 24 internal nodes; 1.1 s; peak memory 496 MiB.
2026-10-05T01:30:02Z INFO [271/1872] 47164be9-4552-4976-92a9-1142025d83d8: 27 internal nodes; 0.6 s; peak memory 496 MiB.
2026-10-05T01:30:03Z INFO [272/1872] 47180910-692a-42f0-ba33-b20fea184e70: 17 internal nodes; 0.5 s; peak memory 496 MiB.
2026-10-05T01:30:04Z INFO [273/1872] 471955e8-0d8e-4cb8-a602-4b9b9049f749: 17 internal nodes; 0.5 s; peak memory 496 MiB.
2026-10-05T01:30:04Z INFO [274/1872] 471a4577-1bf4-461d-a95a-9ef1072d340f: 17 internal nodes; 0.6 s; peak memory 496 MiB.
2026-10-05T01:30:05Z INFO [275/1872] 471a4aa4-3700-42e5-be12-27ad39847976: 17 internal nodes; 0.6 s; peak memory 496 MiB.
2026-10-05T01:30:05Z INFO [276/1872] 471a5d63-b6f9-4ce0-85d3-30633e835d45: 27 internal nodes; 0.5 s; peak memory 496 MiB.
2026-10-05T01:30:06Z INFO [277/1872] 471a8e07-3023-441b-a556-7e619aab603c: 31 internal nodes; 0.9 s; peak memory 496 MiB.
2026-10-05T01:30:07Z INFO [278/1872] 471aec1d-fdeb-46cb-a3c7-1e36c8eb84de: 27 internal nodes; 0.6 s; peak memory 496 MiB.
2026-10-05T01:30:07Z INFO [279/1872] 471b4bb7-aa60-499f-8168-ddb96f63c005: 17 internal nodes; 0.6 s; peak memory 496 MiB.
2026-10-05T01:30:14Z INFO [280/1872] 471db47f-fd6a-482b-aa0e-e0d55483b482: 285 internal nodes; 6.7 s; peak memory 496 MiB.
2026-10-05T01:30:15Z INFO [281/1872] 471dd600-ea7d-43dc-a0a2-bea6738551e9: 90 internal nodes; 0.7 s; peak memory 496 MiB.
2026-10-05T01:30:16Z INFO [282/1872] 471ddeba-3feb-4859-ac64-f09e395cfeed: 62 internal nodes; 1.0 s; peak memory 496 MiB.
2026-10-05T01:30:16Z INFO [283/1872] 471e616d-8d6d-484d-a3b4-ca73387ff110: 31 internal nodes; 0.7 s; peak memory 496 MiB.
2026-10-05T01:30:17Z INFO [284/1872] 471ea708-2692-47ea-acc3-83dfc8bc5430: 30 internal nodes; 0.8 s; peak memory 496 MiB.
2026-10-05T01:30:18Z INFO [285/1872] 471ec2d1-99c8-437a-b711-d35ed26aa24f: 29 internal nodes; 0.7 s; peak memory 496 MiB.
2026-10-05T01:30:18Z INFO [286/1872] 471ed6f6-d090-47c3-934a-1a017754136f: 17 internal nodes; 0.6 s; peak memory 496 MiB.
2026-10-05T01:30:19Z INFO [287/1872] 471f527a-a46b-4798-826f-19c65a30fa38: 20 internal nodes; 0.6 s; peak memory 496 MiB.
2026-10-05T01:30:19Z INFO [288/1872] 471f590e-7e39-433f-a8bc-6f58c37d3929: 19 internal nodes; 0.5 s; peak memory 496 MiB.
2026-10-05T01:30:20Z INFO [289/1872] 471fd805-e9cd-452b-a0ec-d366e5067714: 27 internal nodes; 0.6 s; peak memory 496 MiB.
2026-10-05T01:30:26Z INFO [290/1872] 4720c8d4-682f-4a47-bc28-fa894428d565: 377 internal nodes; 5.6 s; peak memory 496 MiB.
2026-10-05T01:30:26Z INFO [291/1872] 472141ad-fb10-46e3-a10c-afb609aae386: 17 internal nodes; 0.6 s; peak memory 496 MiB.
2026-10-05T01:30:27Z INFO [292/1872] 4721f8bf-559c-4707-b237-7cc7ef6f6456: 17 internal nodes; 0.6 s; peak memory 496 MiB.
2026-10-05T01:30:27Z INFO [293/1872] 47225603-fae1-49ae-a4db-0339791edb56: 26 internal nodes; 0.4 s; peak memory 496 MiB.
2026-10-05T01:30:28Z INFO [294/1872] 4722666a-d583-4780-9248-c2791e883723: 17 internal nodes; 0.6 s; peak memory 496 MiB.
2026-10-05T01:30:29Z INFO [295/1872] 4722b57d-4e09-4c24-8071-a87f76575f34: 62 internal nodes; 1.0 s; peak memory 496 MiB.
2026-10-05T01:30:30Z INFO [296/1872] 47235d69-181d-409d-89ba-b2ce2ba16450: 31 internal nodes; 0.8 s; peak memory 496 MiB.
2026-10-05T01:30:31Z INFO [297/1872] 472370cc-0919-4b2f-9f4e-9ff244029f72: 66 internal nodes; 1.3 s; peak memory 496 MiB.
2026-10-05T01:30:31Z INFO [298/1872] 47239cbf-5d39-42cc-9bff-9ac5089b2a16: 27 internal nodes; 0.5 s; peak memory 496 MiB.
2026-10-05T01:30:34Z INFO [299/1872] 4723a17b-0393-43ed-b25f-5f815e9c249a: 135 internal nodes; 2.8 s; peak memory 496 MiB.
2026-10-05T01:30:35Z INFO [300/1872] 4723be02-70a4-4df2-9748-0d2aca842d4f: 27 internal nodes; 0.6 s; peak memory 496 MiB.
2026-10-05T01:30:35Z INFO [300/1872] 4723be02-70a4-4df2-9748-0d2aca842d4f: checkpointed 81182 records.
2026-10-05T01:30:36Z INFO [301/1872] 4725ea4d-a89d-4f0c-9211-174c1c92f15b: 27 internal nodes; 0.6 s; peak memory 496 MiB.
2026-10-05T01:30:37Z INFO [302/1872] 47264946-9bb3-491f-9a31-5704d7929c94: 23 internal nodes; 0.7 s; peak memory 496 MiB.
2026-10-05T01:30:38Z INFO [303/1872] 47265d50-f24c-4fbb-aa28-d4e2f47d6005: 44 internal nodes; 1.7 s; peak memory 496 MiB.
2026-10-05T01:30:39Z INFO [304/1872] 4726d7fe-4f63-48cb-b551-5a3698fce11d: 13 internal nodes; 0.4 s; peak memory 496 MiB.
2026-10-05T01:30:39Z INFO [305/1872] 4728d5b9-41d8-43a5-bca1-bf3850b20155: 17 internal nodes; 0.6 s; peak memory 496 MiB.
2026-10-05T01:30:40Z INFO [306/1872] 4728dce4-772e-4078-9541-48ea58c1b113: 17 internal nodes; 0.7 s; peak memory 496 MiB.
2026-10-05T01:30:40Z INFO [307/1872] 47293cdb-28eb-4a3b-a291-6e83f88fca46: 17 internal nodes; 0.6 s; peak memory 496 MiB.
2026-10-05T01:30:45Z INFO [308/1872] 4729422b-bf1f-40a0-aee5-45f54f8d84d2: 172 internal nodes; 4.3 s; peak memory 496 MiB.
2026-10-05T01:30:45Z INFO [309/1872] 4729b9cb-416a-4214-a6d1-ec6739d178ae: 90 internal nodes; 0.5 s; peak memory 496 MiB.
2026-10-05T01:30:46Z INFO [310/1872] 4729bf6c-e130-4fda-8d4f-bf909fc38866: 31 internal nodes; 0.6 s; peak memory 496 MiB.
2026-10-05T01:30:47Z INFO [311/1872] 472a7992-fdad-429d-842c-634d33e09f8c: 60 internal nodes; 1.4 s; peak memory 496 MiB.
2026-10-05T01:30:48Z INFO [312/1872] 472af150-9f68-4bf0-aafc-8bfde6180abb: 56 internal nodes; 0.9 s; peak memory 496 MiB.
2026-10-05T01:30:50Z INFO [313/1872] 472b65f5-91d0-43ef-8936-fcec30ac9121: 36 internal nodes; 2.3 s; peak memory 496 MiB.
2026-10-05T01:30:51Z INFO [314/1872] 472b8e84-9ad3-415c-8701-9a9fb4a40cb4: 19 internal nodes; 0.6 s; peak memory 496 MiB.
2026-10-05T01:30:54Z INFO [315/1872] 472c3061-4123-4fa3-aae3-9e612b213826: 121 internal nodes; 3.3 s; peak memory 496 MiB.
2026-10-05T01:30:59Z INFO [316/1872] 472c6efc-5964-441f-8e38-3af50d727518: 42 internal nodes; 4.5 s; peak memory 496 MiB.
2026-10-05T01:30:59Z INFO [317/1872] 472cceed-e429-439a-909c-faa1a09b98d6: 27 internal nodes; 0.6 s; peak memory 496 MiB.
2026-10-05T01:31:01Z INFO [318/1872] 472d3d5d-8631-4244-99db-496a8aec6902: 44 internal nodes; 1.5 s; peak memory 496 MiB.
2026-10-05T01:31:02Z INFO [319/1872] 472de65e-80b9-42bd-97cc-ca4a6bf48e56: 17 internal nodes; 0.6 s; peak memory 496 MiB.
2026-10-05T01:31:03Z INFO [320/1872] 472f44f7-d276-4ddb-ae99-333aa965f4f2: 44 internal nodes; 1.5 s; peak memory 496 MiB.
2026-10-05T01:31:10Z INFO [321/1872] 472f7c43-cde1-4a55-9884-ec205623622e: 294 internal nodes; 6.9 s; peak memory 496 MiB.
2026-10-05T01:31:11Z INFO [322/1872] 47301bac-dec7-46a9-a258-d096bc0e75a6: 55 internal nodes; 1.0 s; peak memory 496 MiB.
2026-10-05T01:31:14Z INFO [323/1872] 4730ff8e-ce52-45db-bdf3-15ed39992ec0: 121 internal nodes; 2.9 s; peak memory 496 MiB.
2026-10-05T01:31:14Z INFO [324/1872] 47312967-da05-4989-9d23-abc3da807144: 19 internal nodes; 0.5 s; peak memory 496 MiB.
2026-10-05T01:31:15Z INFO [325/1872] 47334721-b108-4c9a-a59d-f128f71da36d: 27 internal nodes; 0.7 s; peak memory 496 MiB.
2026-10-05T01:31:17Z INFO [326/1872] 4733567a-4165-4572-95be-d744a7658121: 39 internal nodes; 1.9 s; peak memory 496 MiB.
2026-10-05T01:31:18Z INFO [327/1872] 47339ed4-441a-4a98-a516-dd5f20e4a85a: 27 internal nodes; 0.6 s; peak memory 496 MiB.
2026-10-05T01:31:18Z INFO [328/1872] 4733e34b-8b89-4b71-86e3-5ea9dbddbd29: 27 internal nodes; 0.6 s; peak memory 496 MiB.
2026-10-05T01:31:19Z INFO [329/1872] 47341d83-6f4a-4528-82df-de87d0ad7f3e: 28 internal nodes; 1.2 s; peak memory 496 MiB.
2026-10-05T01:31:20Z INFO [330/1872] 473584ef-fe8f-4a39-87e1-ac2630b6ff6a: 39 internal nodes; 1.2 s; peak memory 496 MiB.
2026-10-05T01:31:25Z INFO [331/1872] 4735b89a-6507-480b-96df-41055f3bbe91: 44 internal nodes; 4.9 s; peak memory 496 MiB.
2026-10-05T01:31:26Z INFO [332/1872] 473647d7-a75a-4b5a-b0fe-ca86ccad6bab: 11 internal nodes; 0.4 s; peak memory 496 MiB.
2026-10-05T01:31:31Z INFO [333/1872] 4736c270-4d6f-45e2-8ce2-5a999dc5c24b: 201 internal nodes; 5.3 s; peak memory 496 MiB.
2026-10-05T01:31:32Z INFO [334/1872] 47377049-88d2-4107-b9f9-40d22cc2286b: 27 internal nodes; 0.6 s; peak memory 496 MiB.
2026-10-05T01:31:32Z INFO [335/1872] 47388693-9d52-4949-904f-e52cbd4be067: 6 internal nodes; 0.4 s; peak memory 496 MiB.
2026-10-05T01:31:33Z INFO [336/1872] 473889e8-3de2-45d5-8e85-6316109ea6dc: 37 internal nodes; 1.1 s; peak memory 496 MiB.
2026-10-05T01:31:35Z INFO [337/1872] 473893f6-7a1e-4cb5-abf1-2893cb91ba4d: 53 internal nodes; 1.6 s; peak memory 496 MiB.
2026-10-05T01:31:35Z INFO [338/1872] 47391bc9-82c2-4ddc-a6f3-ca867a677f85: 17 internal nodes; 0.6 s; peak memory 496 MiB.
2026-10-05T01:31:36Z INFO [339/1872] 4739bbf7-314a-49e0-b7ba-ea9f4379e64b: 31 internal nodes; 1.1 s; peak memory 496 MiB.
2026-10-05T01:31:37Z INFO [340/1872] 4739cfd7-eddd-4e3f-9689-e68b9114fe84: 27 internal nodes; 0.6 s; peak memory 496 MiB.
2026-10-05T01:31:38Z INFO [341/1872] 4739f000-7f51-4fb7-b161-9b469b01ad32: 58 internal nodes; 1.1 s; peak memory 496 MiB.
2026-10-05T01:31:39Z INFO [342/1872] 473a2e36-7b6d-48e0-8350-086d900caf6c: 66 internal nodes; 0.9 s; peak memory 496 MiB.
2026-10-05T01:31:40Z INFO [343/1872] 473a9ce7-8834-46db-aa10-479618328cd6: 122 internal nodes; 1.2 s; peak memory 496 MiB.
2026-10-05T01:31:42Z INFO [344/1872] 473acb11-aa54-4897-8a45-556e38abb57b: 66 internal nodes; 1.4 s; peak memory 496 MiB.
2026-10-05T01:31:42Z INFO [345/1872] 473b199d-1f30-4e04-9e8e-e91aec3442ea: 17 internal nodes; 0.6 s; peak memory 496 MiB.
2026-10-05T01:31:47Z INFO [346/1872] 473b34db-9c43-496f-be5a-f53ca79f7d91: 196 internal nodes; 5.3 s; peak memory 496 MiB.
2026-10-05T01:31:48Z INFO [347/1872] 473b6d66-0da7-4e0a-a72f-258519e91464: 17 internal nodes; 0.7 s; peak memory 496 MiB.
2026-10-05T01:31:50Z INFO [348/1872] 473b9a68-bc4f-44ea-81b0-8f36304449e6: 45 internal nodes; 2.0 s; peak memory 496 MiB.
2026-10-05T01:31:51Z INFO [349/1872] 473bdbc2-ce76-498f-ac77-fd34da6362b6: 27 internal nodes; 0.6 s; peak memory 496 MiB.
2026-10-05T01:31:51Z INFO [350/1872] 473c17d4-354c-474f-ae5a-6b741942c5b8: 15 internal nodes; 0.5 s; peak memory 496 MiB.
2026-10-05T01:31:52Z INFO [350/1872] 473c17d4-354c-474f-ae5a-6b741942c5b8: checkpointed 81232 records.
2026-10-05T01:31:53Z INFO [351/1872] 473ca9b6-b5ba-4ca3-90dd-2ce625e0448b: 67 internal nodes; 1.2 s; peak memory 496 MiB.
2026-10-05T01:31:53Z INFO [352/1872] 473d16b2-0ee6-497b-9aaf-f047f03ce07b: 27 internal nodes; 0.5 s; peak memory 496 MiB.
2026-10-05T01:31:54Z INFO [353/1872] 473eef64-fd77-4c64-ad50-c9439335167a: 52 internal nodes; 1.1 s; peak memory 496 MiB.
2026-10-05T01:31:55Z INFO [354/1872] 473efae8-4e93-4495-b0f9-ceecb270f544: 28 internal nodes; 0.6 s; peak memory 496 MiB.
2026-10-05T01:31:56Z INFO [355/1872] 4740ef06-9da1-44ed-ae0b-14324be62eee: 17 internal nodes; 0.6 s; peak memory 496 MiB.
2026-10-05T01:31:58Z INFO [356/1872] 4741d395-d308-456b-8475-5e4ff4dffda3: 110 internal nodes; 2.3 s; peak memory 496 MiB.
2026-10-05T01:31:59Z INFO [357/1872] 47422c3c-1a7a-4fdc-af2f-47a759c07546: 17 internal nodes; 0.7 s; peak memory 496 MiB.
2026-10-05T01:31:59Z INFO [358/1872] 47427e2e-5cd3-41ec-ac44-42adcd148de0: 15 internal nodes; 0.5 s; peak memory 496 MiB.
2026-10-05T01:32:01Z INFO [359/1872] 47427ef8-7d72-4e86-94b3-b2d6dd2ea520: 44 internal nodes; 1.5 s; peak memory 496 MiB.
2026-10-05T01:32:02Z INFO [360/1872] 474316fa-3bbd-4e5c-8571-45f1901f8179: 44 internal nodes; 1.7 s; peak memory 496 MiB.
2026-10-05T01:32:03Z INFO [361/1872] 4743dfd6-765c-4e82-b036-bb7b7cfa5420: 27 internal nodes; 0.7 s; peak memory 496 MiB.
2026-10-05T01:32:04Z INFO [362/1872] 474567ef-d760-46a9-a550-3c6ece58269d: 27 internal nodes; 0.5 s; peak memory 496 MiB.
2026-10-05T01:32:04Z INFO [363/1872] 47457052-fbc8-42a2-a3ad-7fbbd28e1c80: 27 internal nodes; 0.5 s; peak memory 496 MiB.
2026-10-05T01:32:06Z INFO [364/1872] 4745abfb-b296-409b-a986-eaf576c5f9ff: 44 internal nodes; 1.5 s; peak memory 496 MiB.
2026-10-05T01:32:11Z INFO [365/1872] 4746b695-168d-41ca-aa1b-1de034379d55: 182 internal nodes; 4.9 s; peak memory 496 MiB.
2026-10-05T01:32:11Z INFO [366/1872] 4746ce1f-9daf-4c79-aedb-395ac21ab11f: 17 internal nodes; 0.7 s; peak memory 496 MiB.
2026-10-05T01:32:12Z INFO [367/1872] 4747bc1d-8eee-4e0c-af3a-07bcc52ec962: 31 internal nodes; 0.8 s; peak memory 496 MiB.
2026-10-05T01:32:14Z INFO [368/1872] 474a2748-82b8-4588-b56d-0da270b3d40b: 46 internal nodes; 1.8 s; peak memory 496 MiB.
2026-10-05T01:32:31Z INFO [369/1872] 474b8547-3eff-42d9-9b97-e1c1191c2ad1: 3591 internal nodes; 17.5 s; peak memory 496 MiB.
2026-10-05T01:32:37Z INFO [370/1872] 474c73e3-04a4-43c0-a8da-64e60fad9f29: 64 internal nodes; 5.7 s; peak memory 496 MiB.
2026-10-05T01:32:37Z INFO [371/1872] 474cb693-5e6f-4948-80b0-f5fff9d0d3c5: 17 internal nodes; 0.6 s; peak memory 496 MiB.
2026-10-05T01:32:38Z INFO [372/1872] 474cf175-3daf-4845-bbb4-a4763acaf3f0: 19 internal nodes; 0.9 s; peak memory 496 MiB.
2026-10-05T01:32:39Z INFO [373/1872] 474d352f-37e0-4ce2-89a3-8ef88f5fafa5: 27 internal nodes; 0.8 s; peak memory 496 MiB.
2026-10-05T01:32:40Z INFO [374/1872] 474d8c8c-ade1-4f14-9164-9deb368f84db: 31 internal nodes; 0.7 s; peak memory 496 MiB.
2026-10-05T01:32:41Z INFO [375/1872] 474dd6ed-1c9d-473c-be6b-ae4856768371: 31 internal nodes; 0.9 s; peak memory 496 MiB.
2026-10-05T01:32:45Z INFO [376/1872] 474e1435-dccb-47be-8e56-3495164579dc: 129 internal nodes; 3.8 s; peak memory 496 MiB.
2026-10-05T01:32:45Z INFO [377/1872] 474e3250-c31f-4892-aa72-6bcee2be41ce: 17 internal nodes; 0.6 s; peak memory 496 MiB.
2026-10-05T01:32:46Z INFO [378/1872] 474fe87f-cca2-4aed-bcbb-0634d47bc323: 17 internal nodes; 0.5 s; peak memory 496 MiB.
2026-10-05T01:32:46Z INFO [379/1872] 4750b4df-dd7c-40f1-9861-17738a13ecfb: 17 internal nodes; 0.5 s; peak memory 496 MiB.
2026-10-05T01:32:47Z INFO [380/1872] 47511e6d-045b-4b0f-9c55-2fc7dba2c658: 11 internal nodes; 0.3 s; peak memory 496 MiB.
2026-10-05T01:32:47Z INFO [381/1872] 4751f7ce-3529-4567-a32b-4b6df6c4d005: 15 internal nodes; 0.5 s; peak memory 496 MiB.
2026-10-05T01:32:48Z INFO [382/1872] 475230cd-5e23-4244-98dc-fe821cc75bbf: 32 internal nodes; 1.2 s; peak memory 496 MiB.
2026-10-05T01:32:48Z INFO [383/1872] 475261c0-0e8c-413e-8cb3-e82d4240a2bd: 11 internal nodes; 0.3 s; peak memory 496 MiB.
2026-10-05T01:32:49Z INFO [384/1872] 475280f1-9bf3-4dda-8d68-06266b2448cc: 39 internal nodes; 0.9 s; peak memory 496 MiB.
2026-10-05T01:32:50Z INFO [385/1872] 47542bd0-33cf-4003-a955-482fbd59f808: 31 internal nodes; 0.8 s; peak memory 496 MiB.
2026-10-05T01:32:52Z INFO [386/1872] 47548519-10dc-48ce-89f7-d816caaed2f7: 78 internal nodes; 2.3 s; peak memory 496 MiB.
2026-10-05T01:32:53Z INFO [387/1872] 47549ffa-4c17-4bed-8ac4-9f330d7bd215: 31 internal nodes; 0.7 s; peak memory 496 MiB.
2026-10-05T01:32:54Z INFO [388/1872] 4754e8b6-0f6c-4845-96f2-7a9c01522fa8: 31 internal nodes; 0.8 s; peak memory 496 MiB.
2026-10-05T01:32:54Z INFO [389/1872] 47558301-9f7f-47e7-bb38-216056cd1bef: 90 internal nodes; 0.5 s; peak memory 496 MiB.
2026-10-05T01:32:55Z INFO [390/1872] 4755ebc9-0382-4d4b-a4f1-57985b7fcc75: 27 internal nodes; 0.6 s; peak memory 496 MiB.
2026-10-05T01:32:55Z INFO [391/1872] 47569584-8dd8-472e-8f7a-05cc0aefa4af: 11 internal nodes; 0.3 s; peak memory 496 MiB.
2026-10-05T01:32:56Z INFO [392/1872] 47588b42-7c76-4213-8c95-ac30a312fd6d: 27 internal nodes; 0.4 s; peak memory 496 MiB.
2026-10-05T01:32:57Z INFO [393/1872] 475925d4-14d3-494b-8635-6a199e16be2e: 31 internal nodes; 0.9 s; peak memory 496 MiB.
2026-10-05T01:32:57Z INFO [394/1872] 475992d4-c0c2-4d90-9d6e-1a4768347767: 114 internal nodes; 0.5 s; peak memory 496 MiB.
2026-10-05T01:32:58Z INFO [395/1872] 4759f6f2-ddd4-4da0-9b63-dbc021d31838: 28 internal nodes; 0.8 s; peak memory 496 MiB.
2026-10-05T01:32:59Z INFO [396/1872] 475a37b1-ce38-4c4c-8353-e93d8b9ceed2: 22 internal nodes; 0.8 s; peak memory 496 MiB.
2026-10-05T01:32:59Z INFO [397/1872] 475abd63-127c-4b5a-ae63-59a0977cf654: 19 internal nodes; 0.7 s; peak memory 496 MiB.
2026-10-05T01:33:00Z INFO [398/1872] 475b45d5-b289-4ef4-8e42-0ab3499f9f79: 17 internal nodes; 0.6 s; peak memory 496 MiB.
2026-10-05T01:33:02Z INFO [399/1872] 475bb3b1-5060-4d00-8cb4-6024875d8ad6: 44 internal nodes; 1.6 s; peak memory 496 MiB.
2026-10-05T01:33:04Z INFO [400/1872] 475c9bec-6839-4d60-8c3b-877e57340743: 50 internal nodes; 2.0 s; peak memory 496 MiB.
2026-10-05T01:33:04Z INFO [400/1872] 475c9bec-6839-4d60-8c3b-877e57340743: checkpointed 81282 records.
2026-10-05T01:33:09Z INFO [401/1872] 475d6cce-17ee-45b4-906b-ab243eb28d59: 182 internal nodes; 5.1 s; peak memory 496 MiB.
2026-10-05T01:33:11Z INFO [402/1872] 475fc644-9303-4fdd-9ede-8d2c3ccc2c5e: 83 internal nodes; 1.8 s; peak memory 496 MiB.
2026-10-05T01:33:12Z INFO [403/1872] 47600f2f-7c00-4bde-93c8-6fe8556a6903: 17 internal nodes; 0.7 s; peak memory 496 MiB.
2026-10-05T01:33:20Z INFO [404/1872] 4760960f-deb4-4d5f-a2c6-ea3eb1f4cd6b: 171 internal nodes; 8.7 s; peak memory 496 MiB.
2026-10-05T01:33:22Z INFO [405/1872] 4760bb06-c5c2-48a7-9ac5-60c7b4a235a5: 31 internal nodes; 1.4 s; peak memory 496 MiB.
2026-10-05T01:33:25Z INFO [406/1872] 4761054d-2a7a-465c-810d-231d38124922: 125 internal nodes; 3.3 s; peak memory 496 MiB.
2026-10-05T01:33:26Z INFO [407/1872] 4761e048-42d3-4d43-ba30-3e876b85ad6a: 17 internal nodes; 0.6 s; peak memory 496 MiB.
2026-10-05T01:33:26Z INFO [408/1872] 4761fab4-5423-405c-8424-b239f922a386: 17 internal nodes; 0.7 s; peak memory 496 MiB.
2026-10-05T01:33:27Z INFO [409/1872] 476388be-108c-455f-9f1e-5e96b6a1362b: 27 internal nodes; 0.7 s; peak memory 496 MiB.
2026-10-05T01:33:27Z INFO [410/1872] 47650194-d57e-406e-9b36-9a62e7b68a3e: 17 internal nodes; 0.6 s; peak memory 496 MiB.
2026-10-05T01:33:28Z INFO [411/1872] 47653e00-6e3c-45f3-94cb-78724beb42b4: 17 internal nodes; 0.6 s; peak memory 496 MiB.
2026-10-05T01:33:31Z INFO [412/1872] 476541ff-335b-4e68-83a4-67e922a6cc68: 113 internal nodes; 2.4 s; peak memory 496 MiB.
2026-10-05T01:33:37Z INFO [413/1872] 4765833a-08a0-485c-bd5b-3eda26cfa11f: 169 internal nodes; 6.0 s; peak memory 496 MiB.
2026-10-05T01:33:37Z INFO [414/1872] 4765ac65-75cd-40f8-92cd-2b43f4109b4f: 17 internal nodes; 0.5 s; peak memory 496 MiB.
2026-10-05T01:33:38Z INFO [415/1872] 47666158-f8b7-44af-8c54-521a89812de5: 28 internal nodes; 0.5 s; peak memory 496 MiB.
2026-10-05T01:33:38Z INFO [416/1872] 47676745-fa89-4743-b9d5-6d750a0dd159: 17 internal nodes; 0.6 s; peak memory 496 MiB.
2026-10-05T01:33:38Z INFO [417/1872] 47682013-eb72-4c73-bd0f-a57cfbaa49ce: 11 internal nodes; 0.3 s; peak memory 496 MiB.
2026-10-05T01:33:40Z INFO [418/1872] 476899c7-cfe2-4683-a80a-1909e2e51e61: 66 internal nodes; 1.4 s; peak memory 496 MiB.
2026-10-05T01:33:41Z INFO [419/1872] 476914a6-3200-42a9-8434-1655146ae35c: 13 internal nodes; 0.8 s; peak memory 496 MiB.
2026-10-05T01:33:41Z INFO [420/1872] 47698cbc-91be-40a4-915c-47d44bd4f0bb: 18 internal nodes; 0.4 s; peak memory 496 MiB.
2026-10-05T01:33:42Z INFO [421/1872] 476ac601-2a97-4b20-aed6-683183370580: 19 internal nodes; 1.0 s; peak memory 496 MiB.
2026-10-05T01:33:42Z INFO [422/1872] 476b28bf-8204-4ae0-89eb-c7bf0b550da8: 11 internal nodes; 0.3 s; peak memory 496 MiB.
2026-10-05T01:33:43Z INFO [423/1872] 476b75ef-9331-410e-a56d-8bb294aaf4b3: 27 internal nodes; 0.5 s; peak memory 496 MiB.
2026-10-05T01:33:44Z INFO [424/1872] 476bacf6-7d24-44c7-9f28-3884bd585789: 61 internal nodes; 0.9 s; peak memory 496 MiB.
2026-10-05T01:33:48Z INFO [425/1872] 476c12c4-c3ec-4fc6-81ea-5c04290fb417: 41 internal nodes; 4.0 s; peak memory 496 MiB.
2026-10-05T01:33:48Z INFO [426/1872] 476c8980-18a2-4ae9-96e5-19056bceae66: 15 internal nodes; 0.6 s; peak memory 496 MiB.
2026-10-05T01:33:49Z INFO [427/1872] 476d31fd-446c-47f0-81d6-f0cbd4eb7d5e: 26 internal nodes; 0.8 s; peak memory 496 MiB.
2026-10-05T01:33:50Z INFO [428/1872] 476dcfc8-2034-4e77-a0f6-ed209b75583e: 11 internal nodes; 0.4 s; peak memory 496 MiB.
2026-10-05T01:33:51Z INFO [429/1872] 476f7942-30a1-46a3-9c65-914ae32e882e: 31 internal nodes; 1.4 s; peak memory 496 MiB.
2026-10-05T01:33:52Z INFO [430/1872] 476f9e1b-6e2a-43c3-a8ca-97e214fd530a: 18 internal nodes; 0.8 s; peak memory 496 MiB.
2026-10-05T01:33:52Z INFO [431/1872] 476fcd9d-80cb-4238-9de8-b141666efeee: 31 internal nodes; 0.5 s; peak memory 496 MiB.
2026-10-05T01:33:54Z INFO [432/1872] 477104d3-30e1-4a7b-a44c-b47c1d719cda: 42 internal nodes; 1.7 s; peak memory 496 MiB.
2026-10-05T01:33:54Z INFO [433/1872] 477163da-9d5e-4797-81a7-f3008e63d125: 27 internal nodes; 0.5 s; peak memory 496 MiB.
2026-10-05T01:33:56Z INFO [434/1872] 47718fda-7e9d-49ce-871a-e0bcc24dbdbc: 45 internal nodes; 1.9 s; peak memory 496 MiB.
2026-10-05T01:33:57Z INFO [435/1872] 4772169c-e689-4fd9-a1c2-a6cfe37b126b: 63 internal nodes; 1.1 s; peak memory 496 MiB.
2026-10-05T01:33:58Z INFO [436/1872] 47728718-0d15-410e-a1f5-706a3d1e8c79: 27 internal nodes; 0.6 s; peak memory 496 MiB.
2026-10-05T01:34:00Z INFO [437/1872] 4772c270-d60a-4a60-8677-65e6c78b9c5d: 86 internal nodes; 2.3 s; peak memory 496 MiB.
2026-10-05T01:34:01Z INFO [438/1872] 4772d0a7-9391-4ab3-9cfd-804e04f32527: 17 internal nodes; 0.6 s; peak memory 496 MiB.
2026-10-05T01:34:02Z INFO [439/1872] 47744e66-1d9d-48a4-a173-0d32787abcb3: 17 internal nodes; 0.6 s; peak memory 496 MiB.
2026-10-05T01:34:03Z INFO [440/1872] 477499e4-dc59-45a4-8b20-de72e47711bd: 44 internal nodes; 1.4 s; peak memory 496 MiB.
2026-10-05T01:34:04Z INFO [441/1872] 4774a885-8bf9-4268-bc60-b2e2d7b6e7a8: 31 internal nodes; 0.7 s; peak memory 496 MiB.
2026-10-05T01:34:04Z INFO [442/1872] 47766140-595d-46c4-883c-f12ee1e3c42c: 18 internal nodes; 0.7 s; peak memory 496 MiB.
2026-10-05T01:34:05Z INFO [443/1872] 477701e2-dee8-4f80-9a2e-bf6f646e9692: 27 internal nodes; 0.6 s; peak memory 496 MiB.
2026-10-05T01:34:06Z INFO [444/1872] 4779c813-fae3-411c-8e3a-fd087f88ce72: 31 internal nodes; 0.8 s; peak memory 496 MiB.
2026-10-05T01:34:07Z INFO [445/1872] 4779da63-36b5-4d98-805e-de690d2809cd: 26 internal nodes; 0.9 s; peak memory 496 MiB.
2026-10-05T01:34:08Z INFO [446/1872] 477b7cc4-e847-4c61-9c0c-f98cfabedf50: 30 internal nodes; 1.3 s; peak memory 496 MiB.
2026-10-05T01:34:16Z INFO [447/1872] 477bb390-535c-43a0-84b1-e2db92b74f53: 287 internal nodes; 7.6 s; peak memory 496 MiB.
2026-10-05T01:34:16Z INFO [448/1872] 477ca414-6ea7-4f8d-aa98-27d094caa359: 17 internal nodes; 0.7 s; peak memory 496 MiB.
2026-10-05T01:34:18Z INFO [449/1872] 477cceeb-b564-4ae9-9fef-d73e79aca8be: 18 internal nodes; 1.5 s; peak memory 496 MiB.
2026-10-05T01:34:20Z INFO [450/1872] 477db5dc-043b-41a6-8784-3e0021cb03ac: 79 internal nodes; 2.4 s; peak memory 496 MiB.
2026-10-05T01:34:20Z INFO [450/1872] 477db5dc-043b-41a6-8784-3e0021cb03ac: checkpointed 81332 records.
2026-10-05T01:34:25Z INFO [451/1872] 477df2ce-aa34-4775-8a4d-9e42a88f2b7d: 230 internal nodes; 4.8 s; peak memory 496 MiB.
2026-10-05T01:34:26Z INFO [452/1872] 477e2f65-296e-4b4c-95e4-e82a30e14c42: 27 internal nodes; 0.6 s; peak memory 496 MiB.
2026-10-05T01:34:27Z INFO [453/1872] 477e6009-64f1-4d22-b756-cb5fd4f6739a: 19 internal nodes; 0.6 s; peak memory 496 MiB.
2026-10-05T01:34:27Z INFO [454/1872] 477ef3c5-8548-4f37-a468-0556f7d28246: 54 internal nodes; 0.9 s; peak memory 496 MiB.
2026-10-05T01:34:28Z INFO [455/1872] 477f1f55-5c74-4849-ab61-7f65c616261e: 17 internal nodes; 0.6 s; peak memory 496 MiB.
2026-10-05T01:34:33Z INFO [456/1872] 477faa3a-3e54-4e22-9ade-2e3e433d32b7: 41 internal nodes; 4.4 s; peak memory 496 MiB.
2026-10-05T01:34:33Z INFO [457/1872] 478050f6-856b-49b5-9a66-777a4789c658: 26 internal nodes; 0.8 s; peak memory 496 MiB.
2026-10-05T01:34:34Z INFO [458/1872] 4780921b-cde3-4020-9347-5aea1e0b093b: 27 internal nodes; 0.6 s; peak memory 496 MiB.
2026-10-05T01:34:35Z INFO [459/1872] 4780ab01-449a-4ec4-a56c-7f38310f7691: 31 internal nodes; 0.8 s; peak memory 496 MiB.
2026-10-05T01:34:35Z INFO [460/1872] 4780d460-d348-4d76-9d5b-43cfaa657a0e: 11 internal nodes; 0.4 s; peak memory 496 MiB.
2026-10-05T01:34:37Z INFO [461/1872] 47816ac0-012b-4c3a-a55d-df55b5bbee7d: 45 internal nodes; 1.9 s; peak memory 496 MiB.
2026-10-05T01:34:38Z INFO [462/1872] 4781c0d9-7b50-4138-a750-3cef764a738e: 20 internal nodes; 1.1 s; peak memory 496 MiB.
2026-10-05T01:34:39Z INFO [463/1872] 4781e0ed-1038-403f-83b2-5928aa55fad3: 17 internal nodes; 0.6 s; peak memory 496 MiB.
2026-10-05T01:34:39Z INFO [464/1872] 47820b8a-c7f5-4402-878a-a0656298ed9f: 27 internal nodes; 0.6 s; peak memory 496 MiB.
2026-10-05T01:34:40Z INFO [465/1872] 47823cd6-79d1-4f05-926d-c3b35565f500: 29 internal nodes; 1.0 s; peak memory 496 MiB.
2026-10-05T01:34:51Z INFO [466/1872] 4782617c-e1cd-40f4-afb6-a0962c0048d0: 137 internal nodes; 10.5 s; peak memory 496 MiB.
2026-10-05T01:34:55Z INFO [467/1872] 47826343-355c-435d-9e16-925d4339cce0: 73 internal nodes; 3.8 s; peak memory 496 MiB.
2026-10-05T01:34:55Z INFO [468/1872] 47829ab4-491e-4d52-b9ee-492f2691b9d4: 17 internal nodes; 0.6 s; peak memory 496 MiB.
2026-10-05T01:34:56Z INFO [469/1872] 4782bbd0-5338-4038-bc62-3d69c3c5a107: 31 internal nodes; 0.8 s; peak memory 496 MiB.
2026-10-05T01:34:57Z INFO [470/1872] 47832e20-0163-45f4-aef2-da3ab99c47e7: 25 internal nodes; 0.8 s; peak memory 496 MiB.
2026-10-05T01:34:57Z INFO [471/1872] 47832ea9-5b96-4713-aab2-80305f613da5: 31 internal nodes; 0.6 s; peak memory 496 MiB.
2026-10-05T01:34:58Z INFO [472/1872] 47842fd4-fa88-4f14-96dd-eb7ec8b1345f: 27 internal nodes; 0.6 s; peak memory 496 MiB.
2026-10-05T01:34:59Z INFO [473/1872] 478455ce-f6b1-4cc8-95ae-1ee0e298ddde: 27 internal nodes; 0.6 s; peak memory 496 MiB.
2026-10-05T01:34:59Z INFO [474/1872] 47847628-8357-4e1b-bf72-011fe64ea404: 17 internal nodes; 0.7 s; peak memory 496 MiB.
2026-10-05T01:35:00Z INFO [475/1872] 4785dda7-7dcf-433d-b2b1-265c6b4aa3bf: 11 internal nodes; 0.4 s; peak memory 496 MiB.
2026-10-05T01:35:12Z INFO [476/1872] 47867cf0-74c8-4f25-93b0-18321d73e53e: 135 internal nodes; 11.9 s; peak memory 496 MiB.
2026-10-05T01:35:12Z INFO [477/1872] 47868605-540a-47e1-969f-cad4eab69bde: 31 internal nodes; 0.9 s; peak memory 496 MiB.
2026-10-05T01:35:14Z INFO [478/1872] 4786b90c-26bd-45eb-b92f-24f4d320a06e: 26 internal nodes; 1.3 s; peak memory 496 MiB.
2026-10-05T01:35:14Z INFO [479/1872] 4786e769-4811-435c-b002-fa114f12d833: 23 internal nodes; 0.5 s; peak memory 496 MiB.
2026-10-05T01:35:22Z INFO [480/1872] 478847ba-9f28-4ce4-88f8-f6dec14626cf: 262 internal nodes; 7.5 s; peak memory 496 MiB.
2026-10-05T01:35:30Z INFO [481/1872] 478b00f4-643c-4a0d-a468-e6298e3ae36f: 1355 internal nodes; 7.8 s; peak memory 496 MiB.
2026-10-05T01:35:37Z INFO [482/1872] 478b2393-8e21-405c-975f-dad7f08fdb09: 305 internal nodes; 7.1 s; peak memory 496 MiB.
2026-10-05T01:35:38Z INFO [483/1872] 478bbe73-d73c-4637-822c-40fb8c33ed79: 59 internal nodes; 0.9 s; peak memory 496 MiB.
2026-10-05T01:35:38Z INFO [484/1872] 478c14ea-fe9c-44b6-94f6-d19ac42488ea: 17 internal nodes; 0.6 s; peak memory 496 MiB.
2026-10-05T01:35:42Z INFO [485/1872] 478c8129-89e0-4c1d-932a-a8911f0a80a0: 73 internal nodes; 3.2 s; peak memory 496 MiB.
2026-10-05T01:35:43Z INFO [486/1872] 478cb842-461b-4437-a2ca-1a738db450a0: 58 internal nodes; 1.1 s; peak memory 496 MiB.
2026-10-05T01:35:43Z INFO [487/1872] 478cb902-7692-4765-97c4-53bde4b6ac4a: 27 internal nodes; 0.6 s; peak memory 496 MiB.
2026-10-05T01:35:50Z INFO [488/1872] 478cca4a-8dff-4716-b56a-f054e59c6871: 2311 internal nodes; 6.7 s; peak memory 496 MiB.
2026-10-05T01:35:52Z INFO [489/1872] 478d01f7-ab1e-4d8c-96b8-421ebab41a9b: 44 internal nodes; 1.7 s; peak memory 496 MiB.
2026-10-05T01:35:52Z INFO [490/1872] 478d6eb4-732a-4bd7-915f-84db2ed9b3db: 27 internal nodes; 0.7 s; peak memory 496 MiB.
2026-10-05T01:35:56Z INFO [491/1872] 478da05e-5686-42bf-9318-e665e12623d6: 70 internal nodes; 3.4 s; peak memory 496 MiB.
2026-10-05T01:35:57Z INFO [492/1872] 478da626-2762-4fed-a56d-70a988ba8781: 31 internal nodes; 0.9 s; peak memory 496 MiB.
2026-10-05T01:35:57Z INFO [493/1872] 478dbf8b-dc75-4555-956c-0849ee01fc37: 17 internal nodes; 0.7 s; peak memory 496 MiB.
2026-10-05T01:35:58Z INFO [494/1872] 478e56d8-bb8f-43a0-a322-a5c1a9a4ff9d: 17 internal nodes; 0.6 s; peak memory 496 MiB.
2026-10-05T01:35:59Z INFO [495/1872] 478fadc5-32b3-478a-899e-d1e5ac5ec110: 17 internal nodes; 0.6 s; peak memory 496 MiB.
2026-10-05T01:36:00Z INFO [496/1872] 478fc615-2c16-4373-a16c-1b663b33e418: 56 internal nodes; 1.6 s; peak memory 496 MiB.
2026-10-05T01:36:01Z INFO [497/1872] 47915263-3970-4b2d-9be3-21e1b9a6e553: 27 internal nodes; 0.5 s; peak memory 496 MiB.
2026-10-05T01:36:01Z INFO [498/1872] 4791584f-909c-4558-8825-3bac38773d83: 27 internal nodes; 0.6 s; peak memory 496 MiB.
2026-10-05T01:36:02Z INFO [499/1872] 4791c2de-f207-4ea6-9aac-27fadd4a9906: 17 internal nodes; 0.6 s; peak memory 496 MiB.
2026-10-05T01:36:05Z INFO [500/1872] 47925bd8-0688-4167-aa4a-1abe1e6ed99d: 68 internal nodes; 3.4 s; peak memory 496 MiB.
2026-10-05T01:36:06Z INFO [500/1872] 47925bd8-0688-4167-aa4a-1abe1e6ed99d: checkpointed 81382 records.
2026-10-05T01:36:06Z INFO [501/1872] 479275ac-f657-49b4-996c-a486379805ff: 17 internal nodes; 0.7 s; peak memory 496 MiB.
2026-10-05T01:36:07Z INFO [502/1872] 47927966-e169-4cfb-b3bf-1d6d73ac71a2: 116 internal nodes; 0.9 s; peak memory 496 MiB.
2026-10-05T01:36:08Z INFO [503/1872] 4792a2fa-bb71-4f45-b53a-1f4da96d9639: 90 internal nodes; 0.5 s; peak memory 496 MiB.
2026-10-05T01:36:08Z INFO [504/1872] 47930f8a-d913-4eee-8738-dd3b8f3bc609: 17 internal nodes; 0.5 s; peak memory 496 MiB.
2026-10-05T01:36:09Z INFO [505/1872] 479349f6-0e8c-4165-b178-444f928d1d06: 39 internal nodes; 1.2 s; peak memory 496 MiB.
2026-10-05T01:36:17Z INFO [506/1872] 47938a87-9d79-4ef3-9314-e1a73221e72e: 487 internal nodes; 7.2 s; peak memory 496 MiB.
2026-10-05T01:36:17Z INFO [507/1872] 4793bcc7-fbe1-4339-8c74-683d43fc5a77: 31 internal nodes; 0.7 s; peak memory 496 MiB.
2026-10-05T01:36:30Z INFO [508/1872] 4793d94a-1a48-47f8-a4f7-0ca82e9d1f13: 1014 internal nodes; 12.7 s; peak memory 496 MiB.
2026-10-05T01:36:31Z INFO [509/1872] 4794c8ab-9fd2-455d-ac27-dc3d82b4e5b4: 17 internal nodes; 0.6 s; peak memory 496 MiB.
2026-10-05T01:36:31Z INFO [510/1872] 4795798c-d57d-45d9-9f49-c9a93c6dcaee: 27 internal nodes; 0.4 s; peak memory 496 MiB.
2026-10-05T01:36:32Z INFO [511/1872] 4795917e-3245-4eba-9dfe-2d37df22cbe4: 27 internal nodes; 0.7 s; peak memory 496 MiB.
2026-10-05T01:36:32Z INFO [512/1872] 4795c6ca-3a7a-4930-b275-d9682510dddb: 17 internal nodes; 0.6 s; peak memory 496 MiB.
2026-10-05T01:36:37Z INFO [513/1872] 47964522-2190-4fb5-9bde-7f6a8613839d: 263 internal nodes; 4.7 s; peak memory 496 MiB.
2026-10-05T01:36:47Z INFO [514/1872] 4796d33e-884d-4fa4-9b9e-dcf4eea33038: 516 internal nodes; 10.5 s; peak memory 496 MiB.
2026-10-05T01:36:49Z INFO [515/1872] 4797dbab-5573-4320-9391-f44f40ab3383: 32 internal nodes; 1.6 s; peak memory 496 MiB.
2026-10-05T01:36:49Z INFO [516/1872] 4797e6ed-d20d-48de-a9a4-dcba59faf246: 25 internal nodes; 0.3 s; peak memory 496 MiB.
2026-10-05T01:36:50Z INFO [517/1872] 47981312-51a2-43b0-99f6-74f37c221b99: 17 internal nodes; 0.6 s; peak memory 496 MiB.
2026-10-05T01:36:51Z INFO [518/1872] 4799a9a9-bed4-4502-bd29-941a23129df8: 62 internal nodes; 0.8 s; peak memory 496 MiB.
2026-10-05T01:36:52Z INFO [519/1872] 479a5d97-a315-4026-941b-52dd3a08a0a9: 66 internal nodes; 1.2 s; peak memory 496 MiB.
2026-10-05T01:36:53Z INFO [520/1872] 479a8816-de69-4f0b-9c61-1c8a9a6fb323: 22 internal nodes; 0.7 s; peak memory 496 MiB.
2026-10-05T01:36:56Z INFO [521/1872] 479c0c3c-b0d6-4867-b1a7-cdda20b0a493: 177 internal nodes; 3.8 s; peak memory 496 MiB.
2026-10-05T01:36:57Z INFO [522/1872] 479c56f6-cf8d-4014-95e8-fbbb15de547e: 30 internal nodes; 1.1 s; peak memory 496 MiB.
2026-10-05T01:36:58Z INFO [523/1872] 479e2401-c63c-48c1-a0ef-2b743519f740: 11 internal nodes; 0.3 s; peak memory 496 MiB.
2026-10-05T01:36:59Z INFO [524/1872] 479ec858-6cc7-4e63-a748-2578207d90f2: 17 internal nodes; 0.7 s; peak memory 496 MiB.
2026-10-05T01:36:59Z INFO [525/1872] 479f24b6-3d89-497b-908b-785a753d17ab: 17 internal nodes; 0.6 s; peak memory 496 MiB.
2026-10-05T01:37:00Z INFO [526/1872] 479f51aa-7b80-4d02-93ca-1c7566002c5d: 25 internal nodes; 1.0 s; peak memory 496 MiB.
2026-10-05T01:37:01Z INFO [527/1872] 47a02d68-ae22-470b-aece-3d71fb700121: 17 internal nodes; 0.6 s; peak memory 496 MiB.
2026-10-05T01:37:01Z INFO [528/1872] 47a04549-b0ca-42d5-a4d6-56199587afc9: 27 internal nodes; 0.6 s; peak memory 496 MiB.
2026-10-05T01:37:06Z INFO [529/1872] 47a084a3-7e6f-4c33-8b9e-2d7692cdb6fa: 240 internal nodes; 5.0 s; peak memory 496 MiB.
2026-10-05T01:37:08Z INFO [530/1872] 47a08c71-455c-4663-8c96-1da4103e3085: 46 internal nodes; 1.8 s; peak memory 496 MiB.
2026-10-05T01:37:08Z INFO [531/1872] 47a0a636-fd71-4ff7-91f5-0e44e6c3b398: 11 internal nodes; 0.4 s; peak memory 496 MiB.
2026-10-05T01:39:23Z INFO [532/1872] 47a0e2af-912b-4ff8-b4f4-13b59663163e: 15645 internal nodes; 134.4 s; peak memory 915 MiB.
2026-10-05T01:39:24Z INFO [533/1872] 47a10415-1af3-46cd-b6e6-40e06531bc31: 41 internal nodes; 0.9 s; peak memory 915 MiB.
2026-10-05T01:39:25Z INFO [534/1872] 47a1530d-e7ef-403c-8230-7a02966dea8f: 44 internal nodes; 1.4 s; peak memory 915 MiB.
2026-10-05T01:39:26Z INFO [535/1872] 47a2561b-65aa-4934-b6fe-4057e3ce6b6e: 36 internal nodes; 0.9 s; peak memory 915 MiB.
2026-10-05T01:39:27Z INFO [536/1872] 47a29d17-a98d-4729-b355-23b95ebc1257: 31 internal nodes; 0.8 s; peak memory 915 MiB.
2026-10-05T01:39:28Z INFO [537/1872] 47a2ee4c-91bc-4df3-8615-e1768b145dce: 55 internal nodes; 1.0 s; peak memory 915 MiB.
2026-10-05T01:39:29Z INFO [538/1872] 47a34110-bb1b-4e2a-ae2c-8b11f56b106e: 60 internal nodes; 0.9 s; peak memory 915 MiB.
2026-10-05T01:39:29Z INFO [539/1872] 47a3702b-f389-4599-b8cf-ed4aca154f2a: 27 internal nodes; 0.7 s; peak memory 915 MiB.
2026-10-05T01:39:30Z INFO [540/1872] 47a3bf6a-36a3-440e-9e03-9b88789250ed: 27 internal nodes; 0.6 s; peak memory 915 MiB.
2026-10-05T01:39:31Z INFO [541/1872] 47a44de2-82bc-4478-b5c3-e702db8d1d62: 29 internal nodes; 1.2 s; peak memory 915 MiB.
2026-10-05T01:39:32Z INFO [542/1872] 47a4ac38-60e3-473c-962c-80058c8bdc70: 31 internal nodes; 0.9 s; peak memory 915 MiB.
2026-10-05T01:39:33Z INFO [543/1872] 47a52ce9-d829-4933-8d42-ee1aad9de62b: 23 internal nodes; 0.8 s; peak memory 915 MiB.
2026-10-05T01:39:34Z INFO [544/1872] 47a61540-d739-4980-9476-c30c6b2559b4: 18 internal nodes; 0.7 s; peak memory 915 MiB.
2026-10-05T01:39:34Z INFO [545/1872] 47a69d43-e5f1-491b-aca3-ce867cd5aff8: 19 internal nodes; 0.6 s; peak memory 915 MiB.
2026-10-05T01:39:42Z INFO [546/1872] 47a8e36c-35db-4975-85a7-bef20a27b841: 87 internal nodes; 7.1 s; peak memory 915 MiB.
2026-10-05T01:39:43Z INFO [547/1872] 47a9a74c-d442-44b1-9df9-fe6ba9e607e3: 44 internal nodes; 1.4 s; peak memory 915 MiB.
2026-10-05T01:39:44Z INFO [548/1872] 47aaf059-b8f3-4c30-9db3-5541552c265b: 17 internal nodes; 0.6 s; peak memory 915 MiB.
2026-10-05T01:39:44Z INFO [549/1872] 47ac8716-6f12-47c9-b0fe-ad92e3194825: 115 internal nodes; 0.6 s; peak memory 915 MiB.
2026-10-05T01:39:50Z INFO [550/1872] 47ace3d7-3b2f-4495-b9cd-320bf3e1b5e2: 229 internal nodes; 5.6 s; peak memory 915 MiB.
2026-10-05T01:39:50Z INFO [550/1872] 47ace3d7-3b2f-4495-b9cd-320bf3e1b5e2: checkpointed 81432 records.
2026-10-05T01:39:51Z INFO [551/1872] 47ad1a1c-e576-4193-ae26-fc0b87efab4e: 30 internal nodes; 1.4 s; peak memory 915 MiB.
2026-10-05T01:39:53Z INFO [552/1872] 47ae53da-c235-4471-bef8-1b8c6ad8574a: 30 internal nodes; 1.2 s; peak memory 915 MiB.
2026-10-05T01:39:59Z INFO [553/1872] 47aeaa09-a36b-4859-ba95-fd0dcd233f93: 71 internal nodes; 6.6 s; peak memory 915 MiB.
2026-10-05T01:40:00Z INFO [554/1872] 47b125c8-c70b-4405-a1cb-82b627d28f72: 27 internal nodes; 0.6 s; peak memory 915 MiB.
2026-10-05T01:40:01Z INFO [555/1872] 47b190fd-c7a4-44ef-90cd-14a88e4bdef0: 44 internal nodes; 1.4 s; peak memory 915 MiB.
2026-10-05T01:40:03Z INFO [556/1872] 47b2cb86-1967-4b91-a9f9-a542909ba624: 60 internal nodes; 1.4 s; peak memory 915 MiB.
2026-10-05T01:40:03Z INFO [557/1872] 47b2f993-d4da-4885-a32e-fb3a1cf5dff8: 17 internal nodes; 0.6 s; peak memory 915 MiB.
2026-10-05T01:40:05Z INFO [558/1872] 47b34df5-04a0-4a41-91ef-cae2bbcb0e10: 30 internal nodes; 1.3 s; peak memory 915 MiB.
2026-10-05T01:40:05Z INFO [559/1872] 47b3c2f8-71b9-4234-91f9-b41c643d6d29: 27 internal nodes; 0.6 s; peak memory 915 MiB.
2026-10-05T01:40:06Z INFO [560/1872] 47b45539-d45b-41dc-b5be-7d9c2958cf37: 21 internal nodes; 0.6 s; peak memory 915 MiB.
2026-10-05T01:40:07Z INFO [561/1872] 47b47b93-4984-4392-8033-90cb8153754d: 27 internal nodes; 0.6 s; peak memory 915 MiB.
2026-10-05T01:40:08Z INFO [562/1872] 47b4c7dc-df0e-4e8c-8266-4fc11172fc25: 44 internal nodes; 1.4 s; peak memory 915 MiB.
2026-10-05T01:40:09Z INFO [563/1872] 47b4ee33-b8f3-4e71-860f-0d9a0a469296: 17 internal nodes; 0.6 s; peak memory 915 MiB.
2026-10-05T01:40:09Z INFO [564/1872] 47b6bdd1-8189-4e6d-9c79-a0f2631eabf4: 19 internal nodes; 0.6 s; peak memory 915 MiB.
2026-10-05T01:40:14Z INFO [565/1872] 47b768d6-b7ea-48d5-b404-ab75bf5d16a4: 193 internal nodes; 5.3 s; peak memory 915 MiB.
2026-10-05T01:40:15Z INFO [566/1872] 47b7c553-5769-4a4e-baa9-776fb7b8d1e8: 27 internal nodes; 0.6 s; peak memory 915 MiB.
2026-10-05T01:40:16Z INFO [567/1872] 47b8c9f1-6c2e-4090-8bcf-5793523b2b3b: 17 internal nodes; 0.7 s; peak memory 915 MiB.
2026-10-05T01:40:16Z INFO [568/1872] 47b8cb3d-816b-4fce-972a-2f6f6ec8eaba: 27 internal nodes; 0.6 s; peak memory 915 MiB.
2026-10-05T01:40:17Z INFO [569/1872] 47b8d757-8ee1-4aa7-897b-d6cf7b1b8249: 22 internal nodes; 0.5 s; peak memory 915 MiB.
2026-10-05T01:40:18Z INFO [570/1872] 47b91afc-a228-4671-bc55-3a0331678606: 31 internal nodes; 0.8 s; peak memory 915 MiB.
2026-10-05T01:40:18Z INFO [571/1872] 47bcc937-3907-42b7-a848-58ea9dec5fdf: 31 internal nodes; 0.7 s; peak memory 915 MiB.
2026-10-05T01:40:19Z INFO [572/1872] 47be3773-cc67-43b9-ba7f-08aec54997a0: 63 internal nodes; 1.0 s; peak memory 915 MiB.
2026-10-05T01:40:21Z INFO [573/1872] 47beaad4-3d51-4404-9c9f-2e11af4e3c05: 26 internal nodes; 1.2 s; peak memory 915 MiB.
2026-10-05T01:40:22Z INFO [574/1872] 47c172c9-a9a6-43c3-a0ee-eb67ee4b3902: 55 internal nodes; 1.5 s; peak memory 915 MiB.
2026-10-05T01:40:24Z INFO [575/1872] 47c19728-6cdf-4c53-afeb-d5d41e2c87ed: 31 internal nodes; 1.8 s; peak memory 915 MiB.
2026-10-05T01:40:24Z INFO [576/1872] 47c1e7c1-537e-4348-b92b-ebf2a4d5d3ea: 17 internal nodes; 0.6 s; peak memory 915 MiB.
2026-10-05T01:40:25Z INFO [577/1872] 47c23e78-2256-4f5e-ae05-5f937575156b: 17 internal nodes; 0.6 s; peak memory 915 MiB.
2026-10-05T01:40:25Z INFO [578/1872] 47c4a96c-5add-4ba7-ae1a-915e6e053d22: 23 internal nodes; 0.3 s; peak memory 915 MiB.
2026-10-05T01:40:26Z INFO [579/1872] 47c4f74a-6364-4c1f-a480-5bc4bd43af35: 61 internal nodes; 1.0 s; peak memory 915 MiB.
2026-10-05T01:40:29Z INFO [580/1872] 47c593f5-189b-4b00-8187-626f4fe7515e: 177 internal nodes; 2.8 s; peak memory 915 MiB.
2026-10-05T01:40:30Z INFO [581/1872] 47c5b590-26c6-4de6-ac95-2db6d39171e1: 44 internal nodes; 1.3 s; peak memory 915 MiB.
2026-10-05T01:40:31Z INFO [582/1872] 47c64e5b-fdd1-4dee-8aa7-a5db6304748f: 19 internal nodes; 0.6 s; peak memory 915 MiB.
2026-10-05T01:40:32Z INFO [583/1872] 47c6b4ca-6dbf-4b2d-9310-fed860b44dcd: 17 internal nodes; 0.6 s; peak memory 915 MiB.
2026-10-05T01:40:36Z INFO [584/1872] 47c6d40f-cf1a-4cc4-976b-e23c5d7637c2: 61 internal nodes; 4.6 s; peak memory 915 MiB.
2026-10-05T01:40:37Z INFO [585/1872] 47c6f6c9-12ae-4c86-8616-d4fa0c3c347e: 17 internal nodes; 0.6 s; peak memory 915 MiB.
2026-10-05T01:40:38Z INFO [586/1872] 47c78f66-9795-4363-ae96-8ff4f1a752a0: 37 internal nodes; 1.4 s; peak memory 915 MiB.
2026-10-05T01:40:39Z INFO [587/1872] 47c87497-1533-4476-81ae-5ea49ce99477: 29 internal nodes; 0.7 s; peak memory 915 MiB.
2026-10-05T01:40:40Z INFO [588/1872] 47c88e9c-b270-4f68-982d-18a551cc745f: 16 internal nodes; 0.7 s; peak memory 915 MiB.
2026-10-05T01:40:40Z INFO [589/1872] 47c8aa8e-035b-4c88-b294-8da9a1366673: 17 internal nodes; 0.5 s; peak memory 915 MiB.
2026-10-05T01:40:40Z INFO [590/1872] 47c91918-e1cc-4234-974f-68940de0f12c: 27 internal nodes; 0.4 s; peak memory 915 MiB.
2026-10-05T01:40:41Z INFO [591/1872] 47c99775-5e6b-429f-8010-bf860bfad760: 31 internal nodes; 0.8 s; peak memory 915 MiB.
2026-10-05T01:40:42Z INFO [592/1872] 47cb68d5-6ba0-4a8e-be35-fc11c19736ba: 17 internal nodes; 0.7 s; peak memory 915 MiB.
2026-10-05T01:40:42Z INFO [593/1872] 47cb9c1c-6073-4e72-b4b5-f6c9118b27e4: 17 internal nodes; 0.6 s; peak memory 915 MiB.
2026-10-05T01:40:43Z INFO [594/1872] 47cc1b88-33da-4853-a5dd-1dc5c4346213: 27 internal nodes; 0.5 s; peak memory 915 MiB.
2026-10-05T01:40:43Z INFO [595/1872] 47cc93b0-1af5-4c1c-b36f-4a521cf407a4: 18 internal nodes; 0.5 s; peak memory 915 MiB.
2026-10-05T01:40:52Z INFO [596/1872] 47ccc1ff-cbe1-40a2-8793-c700629ddfab: 1014 internal nodes; 8.3 s; peak memory 915 MiB.
2026-10-05T01:40:53Z INFO [597/1872] 47cd2a58-00af-4a25-9094-b686693c3a83: 44 internal nodes; 1.1 s; peak memory 915 MiB.
2026-10-05T01:40:53Z INFO [598/1872] 47cd7b88-dcc5-4a28-bc86-476ada772dec: 11 internal nodes; 0.3 s; peak memory 915 MiB.
2026-10-05T01:40:54Z INFO [599/1872] 47ce2e29-bc3a-40af-9380-477d7ebc77ed: 11 internal nodes; 0.4 s; peak memory 915 MiB.
2026-10-05T01:40:54Z INFO [600/1872] 47ceeff9-55f0-4fd5-84df-20f1216bf9fc: 69 internal nodes; 0.9 s; peak memory 915 MiB.
2026-10-05T01:40:55Z INFO [600/1872] 47ceeff9-55f0-4fd5-84df-20f1216bf9fc: checkpointed 81482 records.
2026-10-05T01:40:55Z INFO [601/1872] 47cfdcd8-6bed-4cd5-985f-3bfaf06924cd: 27 internal nodes; 0.3 s; peak memory 915 MiB.
2026-10-05T01:40:56Z INFO [602/1872] 47cfe670-d0e8-4360-96c7-99fda35d25ff: 27 internal nodes; 0.6 s; peak memory 915 MiB.
2026-10-05T01:40:57Z INFO [603/1872] 47d0172e-2144-4b28-a729-09beed035667: 95 internal nodes; 1.1 s; peak memory 915 MiB.
2026-10-05T01:40:57Z INFO [604/1872] 47d020f9-013b-428f-91c6-ab4a6ad49fa2: 17 internal nodes; 0.6 s; peak memory 915 MiB.
2026-10-05T01:40:58Z INFO [605/1872] 47d11ea3-3c0a-40fb-8cfe-a97164607e57: 11 internal nodes; 0.4 s; peak memory 915 MiB.
2026-10-05T01:40:58Z INFO [606/1872] 47d12345-3d85-4af6-b083-1ab61e2b3f93: 17 internal nodes; 0.6 s; peak memory 915 MiB.
2026-10-05T01:40:59Z INFO [607/1872] 47d1d9de-d6be-4d5f-8895-89e4f48f9bc0: 19 internal nodes; 0.6 s; peak memory 915 MiB.
2026-10-05T01:40:59Z INFO [608/1872] 47d276af-9370-4d86-a924-30dc91a789cd: 27 internal nodes; 0.6 s; peak memory 915 MiB.
2026-10-05T01:41:00Z INFO [609/1872] 47d3a4d6-4a43-4ec6-b4cf-e2cef16d3328: 27 internal nodes; 0.6 s; peak memory 915 MiB.
2026-10-05T01:41:01Z INFO [610/1872] 47d44736-4062-461d-8c2a-3789e6d84b9a: 17 internal nodes; 0.6 s; peak memory 915 MiB.
2026-10-05T01:41:01Z INFO [611/1872] 47d48234-d0b5-4ddb-a611-451a0030b104: 27 internal nodes; 0.5 s; peak memory 915 MiB.
2026-10-05T01:41:03Z INFO [612/1872] 47d54272-d250-4505-add6-5a12409f4ba8: 41 internal nodes; 1.5 s; peak memory 915 MiB.
2026-10-05T01:41:03Z INFO [613/1872] 47d549f0-0c0f-4964-9912-ea40b4efd277: 18 internal nodes; 0.7 s; peak memory 915 MiB.
2026-10-05T01:41:04Z INFO [614/1872] 47d55afc-2886-491b-9558-88f9311cdb05: 36 internal nodes; 0.8 s; peak memory 915 MiB.
2026-10-05T01:41:06Z INFO [615/1872] 47d57b06-2755-40ef-a292-e7b7d6a82f11: 31 internal nodes; 1.3 s; peak memory 915 MiB.
2026-10-05T01:41:06Z INFO [616/1872] 47d638e0-bb22-4729-863a-90a92230052e: 25 internal nodes; 0.6 s; peak memory 915 MiB.
2026-10-05T01:41:12Z INFO [617/1872] 47d6a588-826c-4c71-839a-a71abee36a47: 63 internal nodes; 5.6 s; peak memory 915 MiB.
2026-10-05T01:41:12Z INFO [618/1872] 47d780bb-8f84-48df-8f31-f293066da28d: 11 internal nodes; 0.4 s; peak memory 915 MiB.
2026-10-05T01:41:13Z INFO [619/1872] 47d87791-920d-4bf6-8e34-87e156c97d4d: 49 internal nodes; 1.1 s; peak memory 915 MiB.
2026-10-05T01:41:14Z INFO [620/1872] 47d8a01b-4cb1-4bd1-a74b-7af6a9c0f3f0: 17 internal nodes; 0.7 s; peak memory 915 MiB.
2026-10-05T01:41:19Z INFO [621/1872] 47d8a84c-8ac1-4b5b-9556-ba34caae8a87: 63 internal nodes; 5.2 s; peak memory 915 MiB.
2026-10-05T01:41:20Z INFO [622/1872] 47d90186-5572-403f-a6f8-84c4544d8196: 13 internal nodes; 0.5 s; peak memory 915 MiB.
2026-10-05T01:41:21Z INFO [623/1872] 47d94f83-df06-40db-9e6b-b5929c19f2d5: 31 internal nodes; 1.3 s; peak memory 915 MiB.
2026-10-05T01:41:22Z INFO [624/1872] 47daf593-7b92-40ce-9614-570a11618363: 17 internal nodes; 0.6 s; peak memory 915 MiB.
2026-10-05T01:41:22Z INFO [625/1872] 47db65f7-54da-4821-8204-d674ab2c4bca: 17 internal nodes; 0.6 s; peak memory 915 MiB.
2026-10-05T01:41:23Z INFO [626/1872] 47db931c-6440-428e-92bf-8f7cc310c2bf: 27 internal nodes; 0.6 s; peak memory 915 MiB.
2026-10-05T01:41:25Z INFO [627/1872] 47dcb43c-6d88-4970-ac48-6a32f0f31a58: 44 internal nodes; 1.8 s; peak memory 915 MiB.
2026-10-05T01:41:25Z INFO [628/1872] 47de98a2-fa4a-4441-9d10-18f42b9e9fa0: 15 internal nodes; 0.4 s; peak memory 915 MiB.
2026-10-05T01:41:28Z INFO [629/1872] 47def2fe-f40e-4c8e-9eff-63ac9ae938f5: 133 internal nodes; 3.1 s; peak memory 915 MiB.
2026-10-05T01:41:30Z INFO [630/1872] 47dfdcfb-a565-4aaa-89af-391125ce73dd: 47 internal nodes; 1.5 s; peak memory 915 MiB.
2026-10-05T01:41:30Z INFO [631/1872] 47e04dfd-24bc-4178-bb8b-61f9f99bdb55: 27 internal nodes; 0.6 s; peak memory 915 MiB.
2026-10-05T01:41:31Z INFO [632/1872] 47e070a4-14c3-4cbc-9183-396a99d72a2e: 55 internal nodes; 1.0 s; peak memory 915 MiB.
2026-10-05T01:41:32Z INFO [633/1872] 47e0aec4-e5d8-4141-9ea8-ee430936014f: 31 internal nodes; 0.7 s; peak memory 915 MiB.
2026-10-05T01:41:36Z INFO [634/1872] 47e15d24-defb-4d8d-b362-563af0fbd06b: 162 internal nodes; 3.8 s; peak memory 915 MiB.
2026-10-05T01:41:36Z INFO [635/1872] 47e328cc-5836-4aee-acef-dc83814de7b5: 31 internal nodes; 0.6 s; peak memory 915 MiB.
2026-10-05T01:41:37Z INFO [636/1872] 47e37fcb-357e-486a-a77f-ff12781f59e2: 58 internal nodes; 0.4 s; peak memory 915 MiB.
2026-10-05T01:41:37Z INFO [637/1872] 47e471ce-df04-43a4-b609-36e94035c568: 17 internal nodes; 0.3 s; peak memory 915 MiB.
2026-10-05T01:41:38Z INFO [638/1872] 47e47a24-6eb0-46d4-aad2-0b2a8208e347: 17 internal nodes; 0.6 s; peak memory 915 MiB.
2026-10-05T01:41:39Z INFO [639/1872] 47e620b1-df40-4fdd-a9d5-0026dad46125: 46 internal nodes; 1.7 s; peak memory 915 MiB.
2026-10-05T01:41:40Z INFO [640/1872] 47e6b19e-80ea-46a9-9f73-8b18a5586e28: 115 internal nodes; 0.5 s; peak memory 915 MiB.
2026-10-05T01:41:40Z INFO [641/1872] 47e6c3ae-96b6-4d2d-9663-441dff92a215: 27 internal nodes; 0.6 s; peak memory 915 MiB.
2026-10-05T01:41:41Z INFO [642/1872] 47e7827f-3e93-4eaf-a207-639d97a850d4: 21 internal nodes; 0.7 s; peak memory 915 MiB.
2026-10-05T01:41:49Z INFO [643/1872] 47e7c28b-9e44-4564-8070-dde7d26d44c7: 88 internal nodes; 8.0 s; peak memory 915 MiB.
2026-10-05T01:41:50Z INFO [644/1872] 47e8215f-a467-402e-9223-dd1a3c21614a: 26 internal nodes; 0.8 s; peak memory 915 MiB.
2026-10-05T01:41:51Z INFO [645/1872] 47e8de23-a24c-44a6-9b6a-3da71e05345c: 90 internal nodes; 1.0 s; peak memory 915 MiB.
2026-10-05T01:41:52Z INFO [646/1872] 47e8de7d-c09d-4ba1-89a2-b917cd3a1203: 44 internal nodes; 1.5 s; peak memory 915 MiB.
2026-10-05T01:41:53Z INFO [647/1872] 47e91479-061c-4586-ba18-758fd68f7a14: 58 internal nodes; 0.7 s; peak memory 915 MiB.
2026-10-05T01:41:55Z INFO [648/1872] 47e97510-dbfa-449d-9905-3e78d14d686b: 30 internal nodes; 1.4 s; peak memory 915 MiB.
2026-10-05T01:41:56Z INFO [649/1872] 47e9ffae-6f2b-4f42-a605-80b04405794f: 44 internal nodes; 1.5 s; peak memory 915 MiB.
2026-10-05T01:41:56Z INFO [650/1872] 47ead5d5-c0a7-48d6-a981-243efc1ebcb6: 13 internal nodes; 0.4 s; peak memory 915 MiB.
2026-10-05T01:41:57Z INFO [650/1872] 47ead5d5-c0a7-48d6-a981-243efc1ebcb6: checkpointed 81532 records.
2026-10-05T01:41:58Z INFO [651/1872] 47ebbb5d-eeba-4e75-838a-84c687885e93: 39 internal nodes; 1.1 s; peak memory 915 MiB.
2026-10-05T01:41:59Z INFO [652/1872] 47ebcfdf-0304-4ccd-aaab-bdcdab63c374: 31 internal nodes; 0.7 s; peak memory 915 MiB.
2026-10-05T01:42:01Z INFO [653/1872] 47ec0f4c-c2a9-4412-ac58-bc5fe64cb60a: 41 internal nodes; 2.2 s; peak memory 915 MiB.
2026-10-05T01:42:01Z INFO [654/1872] 47ec5817-f548-44d5-87a1-0d362adc1fd3: 17 internal nodes; 0.7 s; peak memory 915 MiB.
2026-10-05T01:42:02Z INFO [655/1872] 47eca576-ebd9-478d-892a-07df8daf6df4: 55 internal nodes; 1.0 s; peak memory 915 MiB.
2026-10-05T01:42:03Z INFO [656/1872] 47ed8907-e072-4f61-b417-671d36303290: 17 internal nodes; 0.6 s; peak memory 915 MiB.
2026-10-05T01:42:04Z INFO [657/1872] 47ed9177-1ec1-496c-b315-cad0811b8af7: 24 internal nodes; 1.1 s; peak memory 915 MiB.
2026-10-05T01:42:05Z INFO [658/1872] 47edbac2-7776-4602-a960-f52ef45d3284: 119 internal nodes; 0.6 s; peak memory 915 MiB.
2026-10-05T01:42:05Z INFO [659/1872] 47ee0757-5ffe-42d6-a534-391d1bf21de2: 27 internal nodes; 0.5 s; peak memory 915 MiB.
2026-10-05T01:42:06Z INFO [660/1872] 47ee940c-a157-4d6e-a2d8-6730a7f0f49a: 17 internal nodes; 0.6 s; peak memory 915 MiB.
2026-10-05T01:42:07Z INFO [661/1872] 47eeed54-dcfd-4564-b99b-7806164b36da: 18 internal nodes; 0.7 s; peak memory 915 MiB.
2026-10-05T01:42:07Z INFO [662/1872] 47ef4b1c-84cf-4dd3-8923-350e37260219: 27 internal nodes; 0.6 s; peak memory 915 MiB.
2026-10-05T01:42:08Z INFO [663/1872] 47f136a6-40b1-4bfd-8e20-d6a77f0c401d: 17 internal nodes; 0.6 s; peak memory 915 MiB.
2026-10-05T01:42:09Z INFO [664/1872] 47f13ecb-f881-468d-a2eb-caebf47e698d: 29 internal nodes; 0.8 s; peak memory 915 MiB.
2026-10-05T01:42:09Z INFO [665/1872] 47f1f946-064b-4d9f-aaa6-34ff8b4df6da: 13 internal nodes; 0.7 s; peak memory 915 MiB.
2026-10-05T01:42:10Z INFO [666/1872] 47f255ac-8e05-4141-a2fd-0a1bcc3f9402: 17 internal nodes; 0.5 s; peak memory 915 MiB.
2026-10-05T01:42:10Z INFO [667/1872] 47f2d71f-0535-4a75-a587-5ac2461bdb1b: 27 internal nodes; 0.3 s; peak memory 915 MiB.
2026-10-05T01:42:11Z INFO [668/1872] 47f373aa-6f44-4ece-bd54-d7a1edd4bbd2: 41 internal nodes; 1.2 s; peak memory 915 MiB.
2026-10-05T01:42:18Z INFO [669/1872] 47f39de1-e736-4513-8eea-e93fd99ce70d: 342 internal nodes; 7.1 s; peak memory 915 MiB.
2026-10-05T01:42:19Z INFO [670/1872] 47f4992c-1b0c-453e-a589-a48629ea6d41: 27 internal nodes; 0.7 s; peak memory 915 MiB.
2026-10-05T01:42:24Z INFO [671/1872] 47f550c9-1e04-401f-a37a-c765e5f5085c: 62 internal nodes; 4.9 s; peak memory 915 MiB.
2026-10-05T01:42:25Z INFO [672/1872] 47f5602f-6c2b-4dcd-b278-02057f1b07ef: 17 internal nodes; 0.6 s; peak memory 915 MiB.
2026-10-05T01:42:25Z INFO [673/1872] 47f5acea-ba84-44df-9e56-4fddaca9327a: 31 internal nodes; 0.7 s; peak memory 915 MiB.
2026-10-05T01:42:26Z INFO [674/1872] 47f623d1-3882-44d0-b2ea-2b23d2ea6d2e: 29 internal nodes; 1.0 s; peak memory 915 MiB.
2026-10-05T01:42:27Z INFO [675/1872] 47f68f31-e8a0-4def-9744-87b2725e7abe: 31 internal nodes; 0.8 s; peak memory 915 MiB.
2026-10-05T01:42:28Z INFO [676/1872] 47f85bd0-e9a3-4614-b685-5e7f41fd40d7: 44 internal nodes; 1.5 s; peak memory 915 MiB.
2026-10-05T01:42:29Z INFO [677/1872] 47f868ef-893d-4b6f-98d8-fb8934ca246e: 17 internal nodes; 0.6 s; peak memory 915 MiB.
2026-10-05T01:42:30Z INFO [678/1872] 47f87e27-b732-4fff-8c23-6a9245b4b6e9: 17 internal nodes; 0.6 s; peak memory 915 MiB.
2026-10-05T01:42:31Z INFO [679/1872] 47f8edae-9167-4886-b5fe-713f6b3fcfe6: 26 internal nodes; 0.9 s; peak memory 915 MiB.
2026-10-05T01:42:31Z INFO [680/1872] 47f952f6-ae86-49dc-b485-1fa2c3b51113: 17 internal nodes; 0.5 s; peak memory 915 MiB.
2026-10-05T01:42:33Z INFO [681/1872] 47f9dfec-d909-4eb6-bcf4-b8c7054e734d: 44 internal nodes; 1.5 s; peak memory 915 MiB.
2026-10-05T01:42:33Z INFO [682/1872] 47fa2eb9-3f18-4fc5-93f7-fedf2adda39d: 11 internal nodes; 0.3 s; peak memory 915 MiB.
2026-10-05T01:42:34Z INFO [683/1872] 47fa4d87-3ca8-4ffa-b51b-10f2e05ab383: 17 internal nodes; 0.6 s; peak memory 915 MiB.
2026-10-05T01:42:34Z INFO [684/1872] 47fa57d2-bf48-4725-ae23-c5b4e66c0335: 19 internal nodes; 0.7 s; peak memory 915 MiB.
2026-10-05T01:42:39Z INFO [685/1872] 47fa632a-57c6-4691-8b8d-41b2d462dd64: 179 internal nodes; 4.5 s; peak memory 915 MiB.
2026-10-05T01:42:39Z INFO [686/1872] 47fb60ec-1563-43ca-9bb5-008797e4fdca: 17 internal nodes; 0.6 s; peak memory 915 MiB.
2026-10-05T01:42:40Z INFO [687/1872] 47fbb0dc-a5db-4713-962e-4bc174ec53ba: 17 internal nodes; 0.7 s; peak memory 915 MiB.
2026-10-05T01:42:41Z INFO [688/1872] 47fbf936-1eb1-423f-bac7-01455dc9c6bb: 17 internal nodes; 0.6 s; peak memory 915 MiB.
2026-10-05T01:42:41Z INFO [689/1872] 47fc208f-bda0-4d7f-9c96-9f4ad0039eda: 17 internal nodes; 0.6 s; peak memory 915 MiB.
2026-10-05T01:42:42Z INFO [690/1872] 47fc8f0a-5e5e-483d-b5b4-6c4041f5cbbd: 31 internal nodes; 0.6 s; peak memory 915 MiB.
2026-10-05T01:42:42Z INFO [691/1872] 47fcdc80-bbe8-4840-bd21-6ddef46907bc: 19 internal nodes; 0.6 s; peak memory 915 MiB.
2026-10-05T01:42:43Z INFO [692/1872] 47fedc0b-b9be-451b-95bc-e378c7613896: 27 internal nodes; 0.5 s; peak memory 915 MiB.
2026-10-05T01:42:44Z INFO [693/1872] 47feead4-bf9a-4223-8707-7fadc9c5eeb6: 90 internal nodes; 0.8 s; peak memory 915 MiB.
2026-10-05T01:42:44Z INFO [694/1872] 47ffb049-b545-4f63-84da-76dc4bfbb292: 17 internal nodes; 0.6 s; peak memory 915 MiB.
2026-10-05T01:42:45Z INFO [695/1872] 4800ad1d-18b3-45f0-9abf-e0f0a72aeeb5: 17 internal nodes; 0.5 s; peak memory 915 MiB.
2026-10-05T01:42:46Z INFO [696/1872] 4800c3ca-b177-4dd8-b907-4dac27f4c289: 30 internal nodes; 0.8 s; peak memory 915 MiB.
2026-10-05T01:42:46Z INFO [697/1872] 48011fdb-820b-4c53-ba25-c22f0454c519: 31 internal nodes; 0.7 s; peak memory 915 MiB.
2026-10-05T01:42:47Z INFO [698/1872] 480199b6-ec26-4de3-aa64-81256f87593b: 27 internal nodes; 0.5 s; peak memory 915 MiB.
2026-10-05T01:42:48Z INFO [699/1872] 4801bf98-84f5-46e2-9d33-080c953f42da: 27 internal nodes; 0.6 s; peak memory 915 MiB.
2026-10-05T01:42:48Z INFO [700/1872] 4801d416-f98a-4349-9cac-9e3266db1164: 116 internal nodes; 0.5 s; peak memory 915 MiB.
2026-10-05T01:42:48Z INFO [700/1872] 4801d416-f98a-4349-9cac-9e3266db1164: checkpointed 81582 records.
2026-10-05T01:42:49Z INFO [701/1872] 48024d4a-3bb6-408e-a709-d1df9f27403e: 13 internal nodes; 0.4 s; peak memory 915 MiB.
2026-10-05T01:42:49Z INFO [702/1872] 4802bc77-4cd7-406a-b488-ea8411be0913: 31 internal nodes; 0.5 s; peak memory 915 MiB.
2026-10-05T01:42:50Z INFO [703/1872] 4802e92e-7350-480f-9d07-080aa4027506: 27 internal nodes; 0.6 s; peak memory 915 MiB.
2026-10-05T01:42:51Z INFO [704/1872] 4804290f-1135-4248-83e8-2dd6c8c9a12a: 27 internal nodes; 0.6 s; peak memory 915 MiB.
2026-10-05T01:42:51Z INFO [705/1872] 480537ab-3403-466c-bdbd-1522fb262d5b: 27 internal nodes; 0.5 s; peak memory 915 MiB.
2026-10-05T01:42:52Z INFO [706/1872] 48054296-c53c-4b32-94c4-e026edc08874: 44 internal nodes; 1.2 s; peak memory 915 MiB.
2026-10-05T01:42:53Z INFO [707/1872] 48062e82-fbcc-4722-9e59-304fd3666d5a: 31 internal nodes; 0.7 s; peak memory 915 MiB.
2026-10-05T01:42:54Z INFO [708/1872] 4806b019-7ae1-4139-8049-ca4fb828b619: 60 internal nodes; 1.4 s; peak memory 915 MiB.
2026-10-05T01:42:55Z INFO [709/1872] 4807037e-7a98-4380-8ec0-81b2dfd636c4: 27 internal nodes; 0.4 s; peak memory 915 MiB.
2026-10-05T01:42:56Z INFO [710/1872] 48098329-6069-4fba-8092-f369ce49af7a: 122 internal nodes; 1.1 s; peak memory 915 MiB.
2026-10-05T01:42:56Z INFO [711/1872] 4809a35a-4c12-41e0-8398-3916172681c1: 27 internal nodes; 0.6 s; peak memory 915 MiB.
2026-10-05T01:43:01Z INFO [712/1872] 480aba96-4c2c-4c25-be5a-9b46cde8a26e: 61 internal nodes; 4.3 s; peak memory 915 MiB.
2026-10-05T01:43:11Z INFO [713/1872] 480b1d8d-dbe3-44e5-a4a9-c81fa8ee10bd: 99 internal nodes; 10.6 s; peak memory 915 MiB.
2026-10-05T01:43:12Z INFO [714/1872] 480b8897-1c3b-427f-9af0-728ecaf038a6: 31 internal nodes; 0.9 s; peak memory 915 MiB.
2026-10-05T01:43:13Z INFO [715/1872] 480c065c-882c-4a72-bcba-642879e50d4f: 13 internal nodes; 0.8 s; peak memory 915 MiB.
2026-10-05T01:43:13Z INFO [716/1872] 480c3c3f-aac4-44a1-b271-1a0e35ad67a7: 20 internal nodes; 0.3 s; peak memory 915 MiB.
2026-10-05T01:43:14Z INFO [717/1872] 480cedef-877e-48a9-8b0d-b778d591934b: 27 internal nodes; 0.4 s; peak memory 915 MiB.
2026-10-05T01:43:14Z INFO [718/1872] 480d26c0-e371-4e2a-aabf-7a6eec5bc494: 27 internal nodes; 0.7 s; peak memory 915 MiB.
2026-10-05T01:43:15Z INFO [719/1872] 480d82fa-988a-4344-a81b-3d1604f90508: 17 internal nodes; 0.7 s; peak memory 915 MiB.
2026-10-05T01:43:16Z INFO [720/1872] 480ddae8-f9c1-4b81-8dbd-5458fd4739d8: 17 internal nodes; 0.6 s; peak memory 915 MiB.
2026-10-05T01:43:16Z INFO [721/1872] 480e48d4-9615-4028-a590-83ecb6c0777e: 29 internal nodes; 0.7 s; peak memory 915 MiB.
2026-10-05T01:43:17Z INFO [722/1872] 480e764b-f164-42be-a6bb-546de5e3162f: 31 internal nodes; 0.8 s; peak memory 915 MiB.
2026-10-05T01:43:17Z INFO [723/1872] 480ebc76-f530-4e10-8c47-1fe3a0bda755: 11 internal nodes; 0.3 s; peak memory 915 MiB.
2026-10-05T01:43:18Z INFO [724/1872] 480fd26b-8d09-4b46-aa5d-4b6f02b63c59: 11 internal nodes; 0.4 s; peak memory 915 MiB.
2026-10-05T01:43:18Z INFO [725/1872] 4810053e-5b34-4dd9-901c-d3be8ff55aa4: 17 internal nodes; 0.5 s; peak memory 915 MiB.
2026-10-05T01:43:26Z INFO [726/1872] 48101bad-357f-40fe-be00-64ea3f035db8: 258 internal nodes; 7.7 s; peak memory 915 MiB.
2026-10-05T01:43:26Z INFO [727/1872] 4810795a-66ef-4c14-adc5-b15fae0a4d1f: 13 internal nodes; 0.3 s; peak memory 915 MiB.
2026-10-05T01:43:27Z INFO [728/1872] 4810fdf7-4877-430a-8781-1203a760f57c: 31 internal nodes; 0.9 s; peak memory 915 MiB.
2026-10-05T01:43:28Z INFO [729/1872] 4811855c-a088-497e-ac78-38180e2d5354: 27 internal nodes; 0.6 s; peak memory 915 MiB.
2026-10-05T01:43:28Z INFO [730/1872] 48118a67-910b-4b8f-ace8-49e18cd03ab6: 115 internal nodes; 0.5 s; peak memory 915 MiB.
2026-10-05T01:43:29Z INFO [731/1872] 48124a56-1024-47da-b066-64e9c0104f5f: 16 internal nodes; 0.5 s; peak memory 915 MiB.
2026-10-05T01:43:29Z INFO [732/1872] 48133d87-c742-4f86-b57a-f5e19a06bc50: 19 internal nodes; 0.6 s; peak memory 915 MiB.
2026-10-05T01:43:30Z INFO [733/1872] 4813518f-73d9-4bf8-b9c6-c5d92c0dcb29: 17 internal nodes; 0.7 s; peak memory 915 MiB.
2026-10-05T01:43:34Z INFO [734/1872] 48149282-39d4-41c1-87ee-a7d147a94757: 54 internal nodes; 3.7 s; peak memory 915 MiB.
2026-10-05T01:43:37Z INFO [735/1872] 481528eb-4e40-4ba9-a233-6cbce5b2f095: 177 internal nodes; 3.1 s; peak memory 915 MiB.
2026-10-05T01:43:37Z INFO [736/1872] 48155d0d-255a-4a13-863a-dc7873205b7f: 17 internal nodes; 0.5 s; peak memory 915 MiB.
2026-10-05T01:43:38Z INFO [737/1872] 48155f87-0652-4176-98e0-96b1be9c568d: 17 internal nodes; 0.6 s; peak memory 915 MiB.
2026-10-05T01:43:39Z INFO [738/1872] 4815c341-bb70-4c80-8f30-7aa8c9b43309: 67 internal nodes; 1.1 s; peak memory 915 MiB.
2026-10-05T01:43:40Z INFO [739/1872] 4817227c-dc8e-46d2-93f6-659711c3cab5: 27 internal nodes; 0.6 s; peak memory 915 MiB.
2026-10-05T01:43:40Z INFO [740/1872] 48173291-ce95-439b-9dc1-f1df88b553c1: 58 internal nodes; 0.8 s; peak memory 915 MiB.
2026-10-05T01:43:41Z INFO [741/1872] 481989e4-f888-411c-8bf3-ba10d6cae0e0: 31 internal nodes; 0.7 s; peak memory 915 MiB.
2026-10-05T01:43:42Z INFO [742/1872] 4819c26e-daac-44d7-ac83-ea43ce510c4c: 56 internal nodes; 0.8 s; peak memory 915 MiB.
2026-10-05T01:43:43Z INFO [743/1872] 481a1147-7a4d-4268-a047-6b6a1b994933: 45 internal nodes; 1.4 s; peak memory 915 MiB.
2026-10-05T01:43:48Z INFO [744/1872] 481a4c9f-34fd-4ab6-bedb-4be043881833: 1499 internal nodes; 4.6 s; peak memory 915 MiB.
2026-10-05T01:43:49Z INFO [745/1872] 481a7af9-5595-4bc2-a648-f40d743176e2: 32 internal nodes; 1.1 s; peak memory 915 MiB.
2026-10-05T01:43:50Z INFO [746/1872] 481aa8b4-22b1-4991-a0cd-6712eceefa92: 17 internal nodes; 0.7 s; peak memory 915 MiB.
2026-10-05T01:43:50Z INFO [747/1872] 481af612-a840-437a-817f-063388a63913: 11 internal nodes; 0.3 s; peak memory 915 MiB.
2026-10-05T01:43:53Z INFO [748/1872] 481b352a-f315-47f3-837f-a55ed6d0b851: 73 internal nodes; 3.3 s; peak memory 915 MiB.
2026-10-05T01:43:54Z INFO [749/1872] 481b3c28-13c7-4676-937d-79807af478e9: 63 internal nodes; 0.8 s; peak memory 915 MiB.
2026-10-05T01:43:55Z INFO [750/1872] 481c10d5-9585-426e-b7ea-1bbfb5bddac1: 27 internal nodes; 0.7 s; peak memory 915 MiB.
2026-10-05T01:43:55Z INFO [750/1872] 481c10d5-9585-426e-b7ea-1bbfb5bddac1: checkpointed 81632 records.
2026-10-05T01:43:56Z INFO [751/1872] 481d435b-dac6-419a-8d96-5c79bcf47628: 18 internal nodes; 0.5 s; peak memory 915 MiB.
2026-10-05T01:43:56Z INFO [752/1872] 481ddaab-38a8-49e0-84fd-5506afca603f: 17 internal nodes; 0.6 s; peak memory 915 MiB.
2026-10-05T01:44:03Z INFO [753/1872] 481e136c-6eb7-4743-9d83-346f7d1a445a: 322 internal nodes; 6.4 s; peak memory 915 MiB.
2026-10-05T01:44:07Z INFO [754/1872] 481e58c4-3ed6-4e00-9275-791a2bb8b0e1: 189 internal nodes; 4.3 s; peak memory 915 MiB.
2026-10-05T01:44:07Z INFO [755/1872] 481f1519-735f-44ac-96ea-0de1ada3374d: 17 internal nodes; 0.5 s; peak memory 915 MiB.
2026-10-05T01:44:08Z INFO [756/1872] 481f5523-fd70-494f-b5d1-143cd596af74: 13 internal nodes; 0.6 s; peak memory 915 MiB.
2026-10-05T01:44:10Z INFO [757/1872] 48208811-cf0d-4d48-9ea8-9d2377ca3973: 118 internal nodes; 2.1 s; peak memory 915 MiB.
2026-10-05T01:44:14Z INFO [758/1872] 4821db61-2720-4d61-8556-182eba14b1fe: 100 internal nodes; 3.4 s; peak memory 915 MiB.
2026-10-05T01:44:15Z INFO [759/1872] 48233332-db53-42c8-9592-4605e4a26ff9: 72 internal nodes; 1.2 s; peak memory 915 MiB.
2026-10-05T01:44:16Z INFO [760/1872] 48246ca9-c7f7-4cfa-81e7-81ef272eb3b6: 42 internal nodes; 1.1 s; peak memory 915 MiB.
2026-10-05T01:44:18Z INFO [761/1872] 4825bce4-ef80-4a89-abb1-fbb1e1b82e25: 44 internal nodes; 1.6 s; peak memory 915 MiB.
2026-10-05T01:44:18Z INFO [762/1872] 4825cfd1-bc75-4dd2-b4b7-77995ab57e0a: 21 internal nodes; 0.7 s; peak memory 915 MiB.
2026-10-05T01:44:19Z INFO [763/1872] 48271717-f698-425a-95c5-9a3990003a13: 61 internal nodes; 1.1 s; peak memory 915 MiB.
2026-10-05T01:44:20Z INFO [764/1872] 482731d2-fdc8-4ca6-ad6b-e421c5847940: 29 internal nodes; 0.8 s; peak memory 915 MiB.
2026-10-05T01:44:21Z INFO [765/1872] 48278361-1ed4-4faa-8989-65bac5d5e035: 29 internal nodes; 0.9 s; peak memory 915 MiB.
2026-10-05T01:44:23Z INFO [766/1872] 48283f65-bb2e-4bcc-8234-a7ddce6b5dd3: 106 internal nodes; 2.3 s; peak memory 915 MiB.
2026-10-05T01:44:24Z INFO [767/1872] 48284166-949c-46cf-ac19-1b7323cea941: 23 internal nodes; 0.8 s; peak memory 915 MiB.
2026-10-05T01:44:25Z INFO [768/1872] 4829251f-f36a-449a-a65c-a6b24dc1d8c6: 17 internal nodes; 0.6 s; peak memory 915 MiB.
2026-10-05T01:44:25Z INFO [769/1872] 482926d2-05b8-4a75-a9e8-37180a096a0c: 17 internal nodes; 0.6 s; peak memory 915 MiB.
2026-10-05T01:44:32Z INFO [770/1872] 48297b1a-d72d-4c30-8988-0cb1444c9c20: 227 internal nodes; 7.0 s; peak memory 915 MiB.
2026-10-05T01:44:33Z INFO [771/1872] 482a8ac2-38cf-4f1f-ad5f-93ac51afe1e7: 27 internal nodes; 0.6 s; peak memory 915 MiB.
2026-10-05T01:44:33Z INFO [772/1872] 482b71ef-e556-4631-ba34-34257c553b31: 17 internal nodes; 0.6 s; peak memory 915 MiB.
2026-10-05T01:44:35Z INFO [773/1872] 482b81c6-70c5-4e20-9827-85812a9ec6e6: 56 internal nodes; 1.1 s; peak memory 915 MiB.
2026-10-05T01:44:35Z INFO [774/1872] 482c36dc-d83b-41ef-9636-d0863eeb5767: 19 internal nodes; 0.5 s; peak memory 915 MiB.
2026-10-05T01:44:36Z INFO [775/1872] 482cdafc-4f51-4e9c-8387-77e02b0515e9: 17 internal nodes; 0.7 s; peak memory 915 MiB.
2026-10-05T01:44:36Z INFO [776/1872] 482e4b82-6853-48e0-b61c-bf8dd0ce84dc: 17 internal nodes; 0.7 s; peak memory 915 MiB.
2026-10-05T01:44:37Z INFO [777/1872] 482e9752-da88-4b2f-926a-a2c43a347879: 15 internal nodes; 0.5 s; peak memory 915 MiB.
2026-10-05T01:44:45Z INFO [778/1872] 482ea313-0fd1-43b5-8bdd-bebc46ad1f72: 35 internal nodes; 8.4 s; peak memory 915 MiB.
2026-10-05T01:44:46Z INFO [779/1872] 482ecc17-8c6e-44e3-a9df-27703a809746: 27 internal nodes; 0.6 s; peak memory 915 MiB.
2026-10-05T01:44:46Z INFO [780/1872] 482f4034-8ee5-44f5-97b9-7454886c4eb1: 13 internal nodes; 0.3 s; peak memory 915 MiB.
2026-10-05T01:44:55Z INFO [781/1872] 483001f5-184a-45fb-8bd0-6ba51a846742: 149 internal nodes; 9.0 s; peak memory 915 MiB.
2026-10-05T01:44:57Z INFO [782/1872] 48301c45-e502-4296-b2c0-a224a0c68d73: 44 internal nodes; 1.6 s; peak memory 915 MiB.
2026-10-05T01:44:57Z INFO [783/1872] 48305aed-be31-43c7-ab25-894fa29b98a9: 17 internal nodes; 0.6 s; peak memory 915 MiB.
2026-10-05T01:44:58Z INFO [784/1872] 4830e251-24cb-478b-bbb1-f6ae68a3a533: 17 internal nodes; 0.4 s; peak memory 915 MiB.
2026-10-05T01:44:58Z INFO [785/1872] 48313b9c-63d3-443b-acd8-8b08c062fe2d: 21 internal nodes; 0.3 s; peak memory 915 MiB.
2026-10-05T01:45:00Z INFO [786/1872] 48314297-a0b8-4642-93c6-11e465fb742b: 44 internal nodes; 1.6 s; peak memory 915 MiB.
2026-10-05T01:45:04Z INFO [787/1872] 483149c2-bff8-456a-ad70-3b2516925899: 143 internal nodes; 3.8 s; peak memory 915 MiB.
2026-10-05T01:45:04Z INFO [788/1872] 4832e79f-44d7-4833-9ecf-93d9b2f35352: 23 internal nodes; 0.5 s; peak memory 915 MiB.
2026-10-05T01:45:08Z INFO [789/1872] 483320a2-4294-41d2-9821-986ea6964e6e: 175 internal nodes; 3.5 s; peak memory 915 MiB.
2026-10-05T01:45:10Z INFO [790/1872] 483447ea-9dfc-4444-b921-81454dab3b9b: 41 internal nodes; 2.3 s; peak memory 915 MiB.
2026-10-05T01:45:10Z INFO [791/1872] 483447f1-e204-4a8f-aa19-5d7ce3031d7c: 27 internal nodes; 0.5 s; peak memory 915 MiB.
2026-10-05T01:45:24Z INFO [792/1872] 4835a0f8-96dd-49b7-9770-f0e3356e97b6: 269 internal nodes; 13.3 s; peak memory 915 MiB.
2026-10-05T01:45:24Z INFO [793/1872] 4835ce67-601d-4fc3-be25-6ffca1483218: 29 internal nodes; 0.7 s; peak memory 915 MiB.
2026-10-05T01:45:25Z INFO [794/1872] 483654df-b101-40d8-874b-c7132726c917: 58 internal nodes; 1.1 s; peak memory 915 MiB.
2026-10-05T01:45:26Z INFO [795/1872] 48366d31-e5e7-4e52-aa26-aa916679effb: 31 internal nodes; 0.8 s; peak memory 915 MiB.
2026-10-05T01:45:27Z INFO [796/1872] 4836e978-018c-4e45-8266-77c4a580119b: 119 internal nodes; 0.7 s; peak memory 915 MiB.
2026-10-05T01:45:27Z INFO [797/1872] 4837bf2a-ef60-4088-abe1-04349ce64745: 11 internal nodes; 0.4 s; peak memory 915 MiB.
2026-10-05T01:45:28Z INFO [798/1872] 483804ac-bc75-400b-89a3-ee9f10b3a5e3: 17 internal nodes; 0.6 s; peak memory 915 MiB.
2026-10-05T01:45:29Z INFO [799/1872] 48381bc7-4080-4eb8-ae9c-a3338f2dd1ae: 61 internal nodes; 0.8 s; peak memory 915 MiB.
2026-10-05T01:45:30Z INFO [800/1872] 48383bdd-a4a6-473e-89f6-672923c861bd: 24 internal nodes; 0.9 s; peak memory 915 MiB.
2026-10-05T01:45:30Z INFO [800/1872] 48383bdd-a4a6-473e-89f6-672923c861bd: checkpointed 81682 records.
2026-10-05T01:45:31Z INFO [801/1872] 48389b58-6195-4b3b-9ad2-8bc2e740f8d0: 55 internal nodes; 1.5 s; peak memory 915 MiB.
2026-10-05T01:45:36Z INFO [802/1872] 4838a474-4b42-4a1e-b4be-e79a738fbd79: 42 internal nodes; 4.7 s; peak memory 917 MiB.
2026-10-05T01:45:37Z INFO [803/1872] 483ad172-731b-4166-8a07-6052dec7d57a: 17 internal nodes; 0.6 s; peak memory 917 MiB.
2026-10-05T01:45:38Z INFO [804/1872] 483dfa9c-deb0-41de-afeb-41ead83d0691: 42 internal nodes; 1.3 s; peak memory 917 MiB.
2026-10-05T01:45:39Z INFO [805/1872] 483e3d31-3237-4d94-9e4b-de91211763c2: 17 internal nodes; 0.6 s; peak memory 917 MiB.
2026-10-05T01:45:40Z INFO [806/1872] 483e61b9-7d03-4078-bf23-5fca860a976b: 44 internal nodes; 1.7 s; peak memory 917 MiB.
2026-10-05T01:45:47Z INFO [807/1872] 48408e0d-4231-42e7-9571-e777891cef6f: 59 internal nodes; 6.6 s; peak memory 917 MiB.
2026-10-05T01:45:48Z INFO [808/1872] 4840c964-f9f9-4e2a-945e-55368b9f389a: 27 internal nodes; 0.7 s; peak memory 917 MiB.
2026-10-05T01:45:48Z INFO [809/1872] 484192b5-e650-4b21-ab82-b74dfc1b4b17: 17 internal nodes; 0.6 s; peak memory 917 MiB.
2026-10-05T01:45:49Z INFO [810/1872] 48421a74-9083-4221-90c2-d0e2beae4483: 86 internal nodes; 0.6 s; peak memory 917 MiB.
2026-10-05T01:45:50Z INFO [811/1872] 4842428c-8c0d-4ea0-b267-a96db291f0d7: 31 internal nodes; 0.7 s; peak memory 917 MiB.
2026-10-05T01:45:50Z INFO [812/1872] 48439149-f611-47bf-b9f3-1f5dcc9bad3c: 13 internal nodes; 0.7 s; peak memory 917 MiB.
2026-10-05T01:45:52Z INFO [813/1872] 4843a943-ccf8-48a1-8184-0ed00d217756: 77 internal nodes; 2.0 s; peak memory 917 MiB.
2026-10-05T01:45:53Z INFO [814/1872] 4844156b-0757-4177-a5f5-68b64df474cf: 13 internal nodes; 0.9 s; peak memory 917 MiB.
2026-10-05T01:45:54Z INFO [815/1872] 4844e68f-41b3-405e-b0bb-ebc72be706d4: 17 internal nodes; 0.6 s; peak memory 917 MiB.
2026-10-05T01:45:55Z INFO [816/1872] 48450056-ba51-459e-9d3d-e4a8546f22cf: 31 internal nodes; 0.8 s; peak memory 917 MiB.
2026-10-05T01:45:55Z INFO [817/1872] 4845531f-44ff-46db-8aa7-32ff8cbd487d: 27 internal nodes; 0.6 s; peak memory 917 MiB.
2026-10-05T01:45:56Z INFO [818/1872] 4845768d-426a-4aa1-93d3-2bc37e3244ab: 91 internal nodes; 0.9 s; peak memory 917 MiB.
2026-10-05T01:45:57Z INFO [819/1872] 484719e8-f59e-4a29-baf6-7e050b2fb730: 38 internal nodes; 1.1 s; peak memory 917 MiB.
2026-10-05T01:45:58Z INFO [820/1872] 4847a9a0-456f-40df-8bc2-4c9500200498: 17 internal nodes; 0.6 s; peak memory 917 MiB.
2026-10-05T01:45:59Z INFO [821/1872] 484891c9-7c8c-47e8-b6ec-b999204cd902: 58 internal nodes; 1.3 s; peak memory 917 MiB.
2026-10-05T01:46:00Z INFO [822/1872] 48489643-cf60-4536-95e4-8a3750c2a9d7: 27 internal nodes; 0.6 s; peak memory 917 MiB.
2026-10-05T01:46:00Z INFO [823/1872] 484a1467-2a5b-4538-ad95-98439745bd52: 29 internal nodes; 0.5 s; peak memory 917 MiB.
2026-10-05T01:46:01Z INFO [824/1872] 484a3b83-477d-4078-ba0d-34754ad431fa: 31 internal nodes; 0.7 s; peak memory 917 MiB.
2026-10-05T01:46:01Z INFO [825/1872] 484c4c7d-7a34-456b-83bc-7f7d8a44e7f0: 27 internal nodes; 0.6 s; peak memory 917 MiB.
2026-10-05T01:46:04Z INFO [826/1872] 484dd744-b70c-4433-9a3e-562e84a8d7f7: 115 internal nodes; 2.8 s; peak memory 917 MiB.
2026-10-05T01:46:08Z INFO [827/1872] 484e639c-c36f-4769-9019-0eb2d182d4d6: 150 internal nodes; 3.2 s; peak memory 917 MiB.
2026-10-05T01:46:14Z INFO [828/1872] 484ea802-781b-4507-87ab-dc347ba2e5c5: 346 internal nodes; 6.6 s; peak memory 917 MiB.
2026-10-05T01:46:15Z INFO [829/1872] 484ebd76-0206-4915-83b1-99a95cd55e5f: 12 internal nodes; 0.6 s; peak memory 917 MiB.
2026-10-05T01:46:21Z INFO [830/1872] 484ee6e9-d6e3-4086-b734-7e23c912d36b: 252 internal nodes; 6.4 s; peak memory 917 MiB.
2026-10-05T01:46:21Z INFO [831/1872] 484f0706-fdde-4eea-93d2-656c8e16c6c2: 26 internal nodes; 0.3 s; peak memory 917 MiB.
2026-10-05T01:46:23Z INFO [832/1872] 484f3909-e642-4b59-b95d-d200a220b7b4: 37 internal nodes; 1.3 s; peak memory 917 MiB.
2026-10-05T01:46:23Z INFO [833/1872] 48503176-5dc3-412a-b0cb-142bb408f520: 28 internal nodes; 0.5 s; peak memory 917 MiB.
2026-10-05T01:46:24Z INFO [834/1872] 48504d56-cf67-4ba2-b48e-30693ec2860c: 18 internal nodes; 0.7 s; peak memory 917 MiB.
2026-10-05T01:46:25Z INFO [835/1872] 4850a688-dddc-4621-acd8-1f71c62bb071: 37 internal nodes; 1.0 s; peak memory 917 MiB.
2026-10-05T01:46:25Z INFO [836/1872] 4850ec2e-a666-4613-b8c0-fd3abc2fffe8: 11 internal nodes; 0.3 s; peak memory 917 MiB.
2026-10-05T01:46:26Z INFO [837/1872] 48515cda-21d4-4fb8-b7e9-f4de6af66065: 27 internal nodes; 0.6 s; peak memory 917 MiB.
2026-10-05T01:46:26Z INFO [838/1872] 48516d62-f131-47bf-b085-3b6130de0e0c: 63 internal nodes; 0.8 s; peak memory 917 MiB.
2026-10-05T01:46:28Z INFO [839/1872] 48525a19-68f0-4708-964d-eecf8ae9eb44: 67 internal nodes; 1.1 s; peak memory 917 MiB.
2026-10-05T01:46:28Z INFO [840/1872] 4852828d-cf6f-439a-8402-443274dd599f: 27 internal nodes; 0.6 s; peak memory 917 MiB.
2026-10-05T01:46:29Z INFO [841/1872] 4852d74f-265a-474f-8daa-45826deb0910: 27 internal nodes; 0.6 s; peak memory 917 MiB.
2026-10-05T01:46:30Z INFO [842/1872] 4854323b-ce94-48ff-af3e-48ae0e6791ce: 42 internal nodes; 1.5 s; peak memory 917 MiB.
2026-10-05T01:46:31Z INFO [843/1872] 48548e08-fc90-4985-b54a-0804026fe8e1: 11 internal nodes; 0.4 s; peak memory 917 MiB.
2026-10-05T01:46:32Z INFO [844/1872] 48561a2a-919d-40b9-8eab-ece2779b6706: 46 internal nodes; 1.8 s; peak memory 917 MiB.
2026-10-05T01:46:33Z INFO [845/1872] 48561fa9-74a2-4dab-a421-ea7db75ec4ea: 31 internal nodes; 0.9 s; peak memory 917 MiB.
2026-10-05T01:46:35Z INFO [846/1872] 48564205-f711-449a-848b-bb53b578d59b: 44 internal nodes; 1.5 s; peak memory 917 MiB.
2026-10-05T01:46:35Z INFO [847/1872] 48566ed1-01c1-40ea-a241-479df53327a1: 17 internal nodes; 0.6 s; peak memory 917 MiB.
2026-10-05T01:46:36Z INFO [848/1872] 4856b5d0-601b-4a5d-a748-ba918264ddc4: 27 internal nodes; 0.6 s; peak memory 917 MiB.
2026-10-05T01:46:39Z INFO [849/1872] 4856eb98-57fd-4b1f-9358-e8dd463fb572: 67 internal nodes; 3.0 s; peak memory 917 MiB.
2026-10-05T01:46:40Z INFO [850/1872] 48576136-2aed-47cb-bddf-f0a72c659b4e: 27 internal nodes; 0.6 s; peak memory 917 MiB.
2026-10-05T01:46:40Z INFO [850/1872] 48576136-2aed-47cb-bddf-f0a72c659b4e: checkpointed 81732 records.
2026-10-05T01:46:40Z INFO [851/1872] 48579d85-51ee-45ee-80f6-b5a17e2a9b95: 31 internal nodes; 0.5 s; peak memory 917 MiB.
2026-10-05T01:46:41Z INFO [852/1872] 4857a148-0e41-481a-902d-84104b84768a: 17 internal nodes; 0.5 s; peak memory 917 MiB.
2026-10-05T01:46:42Z INFO [853/1872] 48582575-7824-4d58-b44a-6a0b7831eda8: 27 internal nodes; 0.8 s; peak memory 917 MiB.
2026-10-05T01:46:43Z INFO [854/1872] 48593a2f-bc08-4e09-8861-13ee051b80a0: 18 internal nodes; 0.8 s; peak memory 917 MiB.
2026-10-05T01:46:43Z INFO [855/1872] 4859d729-ff61-42a0-a37a-895e06d20ab3: 11 internal nodes; 0.3 s; peak memory 917 MiB.
2026-10-05T01:46:44Z INFO [856/1872] 485ac78d-6f8d-4ff1-b419-3e810677c40a: 27 internal nodes; 0.6 s; peak memory 917 MiB.
2026-10-05T01:46:45Z INFO [857/1872] 485b62b3-9d1f-49ed-8028-7c621c2f5a73: 44 internal nodes; 1.6 s; peak memory 917 MiB.
2026-10-05T01:47:00Z INFO [858/1872] 485babce-3963-40e5-ab96-54e1e5b7f710: 2905 internal nodes; 14.5 s; peak memory 917 MiB.
2026-10-05T01:47:14Z INFO [859/1872] 485c47b6-f5ec-4266-8251-307b3d559e3c: 2638 internal nodes; 14.3 s; peak memory 917 MiB.
2026-10-05T01:47:15Z INFO [860/1872] 485cc178-4d78-489c-bb8a-fc4456bcb9a9: 53 internal nodes; 0.9 s; peak memory 917 MiB.
2026-10-05T01:47:15Z INFO [861/1872] 485d2efe-2c8a-49ef-b07a-187928fe563e: 17 internal nodes; 0.6 s; peak memory 917 MiB.
2026-10-05T01:47:16Z INFO [862/1872] 485d88bf-203c-4ec2-92a6-a6e2be2baed7: 58 internal nodes; 0.8 s; peak memory 917 MiB.
2026-10-05T01:47:17Z INFO [863/1872] 485db5fe-fb68-4ad9-ba32-704b2fc6079c: 17 internal nodes; 0.7 s; peak memory 917 MiB.
2026-10-05T01:47:17Z INFO [864/1872] 485dc9d3-5ea2-4fd6-ae4a-30fa49168881: 27 internal nodes; 0.6 s; peak memory 917 MiB.
2026-10-05T01:47:24Z INFO [865/1872] 485e5c89-e2b6-4ad0-8b83-842c02e1c7eb: 267 internal nodes; 6.6 s; peak memory 917 MiB.
2026-10-05T01:47:25Z INFO [866/1872] 485e62b1-7f71-4594-b00f-847f9edc2158: 31 internal nodes; 0.9 s; peak memory 917 MiB.
2026-10-05T01:47:26Z INFO [867/1872] 485f3f17-c6c5-40d3-9746-69c30a73377c: 17 internal nodes; 0.6 s; peak memory 917 MiB.
2026-10-05T01:47:26Z INFO [868/1872] 485fc3b4-9d00-4924-a0db-a7850889d192: 58 internal nodes; 0.8 s; peak memory 917 MiB.
2026-10-05T01:47:31Z INFO [869/1872] 4860d74c-4acf-4a4e-b200-6f32cfe22759: 73 internal nodes; 4.4 s; peak memory 917 MiB.
2026-10-05T01:47:31Z INFO [870/1872] 4860e964-897b-4f6f-a678-406acec6df61: 17 internal nodes; 0.5 s; peak memory 917 MiB.
2026-10-05T01:47:32Z INFO [871/1872] 48615625-c827-48b7-b833-5f916b4ea541: 17 internal nodes; 0.6 s; peak memory 917 MiB.
2026-10-05T01:47:33Z INFO [872/1872] 4862a574-bf86-44bd-aaef-f59035857ee6: 19 internal nodes; 0.8 s; peak memory 917 MiB.
2026-10-05T01:47:33Z INFO [873/1872] 4862aad8-091c-4c3f-a758-90698b2bb540: 27 internal nodes; 0.6 s; peak memory 917 MiB.
2026-10-05T01:47:34Z INFO [874/1872] 4862c0e6-2bb7-4111-a740-d66c96602869: 31 internal nodes; 0.7 s; peak memory 917 MiB.
2026-10-05T01:47:36Z INFO [875/1872] 4862c346-c028-4519-94bb-416b0fbed2ee: 44 internal nodes; 1.6 s; peak memory 917 MiB.
2026-10-05T01:47:36Z INFO [876/1872] 4863357c-7f0b-4dfb-acff-712249b816cb: 27 internal nodes; 0.5 s; peak memory 917 MiB.
2026-10-05T01:47:37Z INFO [877/1872] 48635bb8-b8ae-4245-96fb-905057012e02: 17 internal nodes; 0.7 s; peak memory 917 MiB.
2026-10-05T01:47:37Z INFO [878/1872] 48636984-0635-471b-b884-21d17c86320b: 27 internal nodes; 0.6 s; peak memory 917 MiB.
2026-10-05T01:47:38Z INFO [879/1872] 48637765-bed6-4aef-9a4b-3b43d9c4ac03: 15 internal nodes; 0.4 s; peak memory 917 MiB.
2026-10-05T01:47:39Z INFO [880/1872] 4864cb05-8133-4569-943e-01eb5705f149: 62 internal nodes; 0.9 s; peak memory 917 MiB.
2026-10-05T01:47:39Z INFO [881/1872] 48650480-2d7b-4993-91d6-e07fe91e8ec2: 17 internal nodes; 0.7 s; peak memory 917 MiB.
2026-10-05T01:47:40Z INFO [882/1872] 486527a2-02de-4b5f-bedf-9953c1b3fc1b: 17 internal nodes; 0.7 s; peak memory 917 MiB.
2026-10-05T01:47:41Z INFO [883/1872] 4865299f-d70e-4d06-ab85-2654d69d2261: 28 internal nodes; 0.5 s; peak memory 917 MiB.
2026-10-05T01:47:41Z INFO [884/1872] 48664385-470f-4e15-9f1e-b5920ad1de27: 27 internal nodes; 0.7 s; peak memory 917 MiB.
2026-10-05T01:47:42Z INFO [885/1872] 48668463-180c-4e5e-b639-8c8499f36919: 17 internal nodes; 0.6 s; peak memory 917 MiB.
2026-10-05T01:47:44Z INFO [886/1872] 486711fb-7572-494e-aee4-fe4de3b4d409: 215 internal nodes; 1.6 s; peak memory 917 MiB.
2026-10-05T01:47:44Z INFO [887/1872] 4867f1ca-ab39-4326-a0cc-7852c48a1180: 17 internal nodes; 0.5 s; peak memory 917 MiB.
2026-10-05T01:47:45Z INFO [888/1872] 48696c92-9ce1-4ff6-af55-08eb3f29bb24: 17 internal nodes; 0.7 s; peak memory 917 MiB.
2026-10-05T01:47:45Z INFO [889/1872] 4869e0d0-f67f-4f5b-8926-2d5b2150a6aa: 13 internal nodes; 0.5 s; peak memory 917 MiB.
2026-10-05T01:47:47Z INFO [890/1872] 486a4550-5421-44ef-ad5d-f26fc45598c2: 44 internal nodes; 1.6 s; peak memory 917 MiB.
2026-10-05T01:47:47Z INFO [891/1872] 486b3a79-fcd5-46bb-b454-acc0b4046eaa: 27 internal nodes; 0.6 s; peak memory 917 MiB.
2026-10-05T01:47:49Z INFO [892/1872] 486c5be4-8de3-4794-a0f3-c9821028d9e5: 44 internal nodes; 1.5 s; peak memory 917 MiB.
2026-10-05T01:47:50Z INFO [893/1872] 486c75c0-0023-4839-8fb5-8947b2f601bf: 31 internal nodes; 0.6 s; peak memory 917 MiB.
2026-10-05T01:47:50Z INFO [894/1872] 486c7a2f-98ff-41d0-b8ae-db53c04413c6: 27 internal nodes; 0.7 s; peak memory 917 MiB.
2026-10-05T01:47:56Z INFO [895/1872] 486caf5e-6382-46cd-a5ab-6a4cd23c9510: 284 internal nodes; 5.8 s; peak memory 917 MiB.
2026-10-05T01:47:57Z INFO [896/1872] 486cb5db-6dbc-4929-81d1-f1bf35e78729: 27 internal nodes; 0.5 s; peak memory 917 MiB.
2026-10-05T01:47:57Z INFO [897/1872] 486cd2aa-83b7-477a-bbcf-24593edba326: 63 internal nodes; 0.6 s; peak memory 917 MiB.
2026-10-05T01:47:58Z INFO [898/1872] 486d7fa1-b5d3-4501-afea-5f034dc6da1d: 67 internal nodes; 1.0 s; peak memory 917 MiB.
2026-10-05T01:47:59Z INFO [899/1872] 486dcc32-a7e6-49d5-b410-db09ddd038fc: 27 internal nodes; 0.6 s; peak memory 917 MiB.
2026-10-05T01:47:59Z INFO [900/1872] 486ddd30-7d6c-4b1c-a76c-7f694a872b46: 17 internal nodes; 0.6 s; peak memory 917 MiB.
2026-10-05T01:48:00Z INFO [900/1872] 486ddd30-7d6c-4b1c-a76c-7f694a872b46: checkpointed 81782 records.
2026-10-05T01:48:00Z INFO [901/1872] 486e171b-7b37-464d-8429-b23c5abd117c: 17 internal nodes; 0.6 s; peak memory 917 MiB.
2026-10-05T01:48:02Z INFO [902/1872] 486f3230-eac1-469f-a175-af32677f3ee8: 46 internal nodes; 1.9 s; peak memory 917 MiB.
2026-10-05T01:48:03Z INFO [903/1872] 486f84b8-160a-409a-b89a-ed6683a065a5: 17 internal nodes; 0.7 s; peak memory 917 MiB.
2026-10-05T01:48:04Z INFO [904/1872] 48709592-4d5b-48d0-809d-8a05c145cd08: 29 internal nodes; 0.6 s; peak memory 917 MiB.
2026-10-05T01:48:04Z INFO [905/1872] 48709e4f-2025-4f2a-9ba4-3bf63d18ee51: 22 internal nodes; 0.8 s; peak memory 917 MiB.
2026-10-05T01:48:05Z INFO [906/1872] 4870e10a-e369-40e1-9b64-7764232c7238: 23 internal nodes; 0.8 s; peak memory 917 MiB.
2026-10-05T01:48:05Z INFO [907/1872] 48713f07-bebd-4448-8ac2-374ae9d0bb20: 26 internal nodes; 0.3 s; peak memory 917 MiB.
2026-10-05T01:48:06Z INFO [908/1872] 48718438-0cba-4787-979e-b78d649c24dc: 27 internal nodes; 0.6 s; peak memory 917 MiB.
2026-10-05T01:48:07Z INFO [909/1872] 4871e123-d8b4-4203-bce0-d06a6ce31cd4: 27 internal nodes; 0.6 s; peak memory 917 MiB.
2026-10-05T01:48:07Z INFO [910/1872] 4872019c-6375-4049-95d2-31ca6e73eb68: 27 internal nodes; 0.7 s; peak memory 917 MiB.
2026-10-05T01:48:08Z INFO [911/1872] 487231bf-09de-4e8c-a355-745c2525377b: 15 internal nodes; 0.5 s; peak memory 917 MiB.
2026-10-05T01:48:08Z INFO [912/1872] 487296c0-b968-4993-bda6-6c7c8d30d97a: 11 internal nodes; 0.3 s; peak memory 917 MiB.
2026-10-05T01:48:09Z INFO [913/1872] 4872f49e-4ac8-4db4-b1b6-d1637b6c7ddb: 31 internal nodes; 0.7 s; peak memory 917 MiB.
2026-10-05T01:48:15Z INFO [914/1872] 48734b9b-ce7a-4c52-9d2c-1c618afaab4a: 64 internal nodes; 6.0 s; peak memory 917 MiB.
2026-10-05T01:48:18Z INFO [915/1872] 48738472-61d1-4554-9fd4-715e205cbdd9: 52 internal nodes; 3.3 s; peak memory 917 MiB.
2026-10-05T01:48:20Z INFO [916/1872] 487482a9-70aa-43c5-9f1a-06262c6774b0: 94 internal nodes; 1.7 s; peak memory 917 MiB.
2026-10-05T01:48:21Z INFO [917/1872] 4877a0be-68d8-46a4-aecc-a0015c6b0510: 90 internal nodes; 0.8 s; peak memory 917 MiB.
2026-10-05T01:48:21Z INFO [918/1872] 4877e17d-1ab4-4070-8ddd-456b690ae417: 17 internal nodes; 0.6 s; peak memory 917 MiB.
2026-10-05T01:48:22Z INFO [919/1872] 48791d48-2e56-421a-a191-107dfa23b555: 22 internal nodes; 0.4 s; peak memory 917 MiB.
2026-10-05T01:48:22Z INFO [920/1872] 487b9b37-6ea3-4c4d-9fe6-303f5ac562ec: 31 internal nodes; 0.7 s; peak memory 917 MiB.
2026-10-05T01:48:23Z INFO [921/1872] 487c34b9-8647-47cf-8ed0-78b5ed7b0eda: 17 internal nodes; 0.3 s; peak memory 917 MiB.
2026-10-05T01:48:23Z INFO [922/1872] 487c6f3e-47ff-4da5-a71a-6d9996c6c880: 20 internal nodes; 0.8 s; peak memory 917 MiB.
2026-10-05T01:48:24Z INFO [923/1872] 487dd169-a8ce-40ca-bdcb-30acd97c8822: 115 internal nodes; 0.6 s; peak memory 917 MiB.
2026-10-05T01:48:27Z INFO [924/1872] 487f2653-39b3-44c4-b5b7-f8d2f4b63eba: 65 internal nodes; 2.7 s; peak memory 917 MiB.
2026-10-05T01:48:31Z INFO [925/1872] 4880fc98-cc3e-427c-a667-26a3d4ceedf7: 212 internal nodes; 4.7 s; peak memory 917 MiB.
2026-10-05T01:48:32Z INFO [926/1872] 4881486d-3d1a-4097-ab66-950848032b8e: 90 internal nodes; 0.6 s; peak memory 917 MiB.
2026-10-05T01:48:32Z INFO [927/1872] 4882a156-1e02-4b8d-bd38-6bdf8e61eef9: 13 internal nodes; 0.4 s; peak memory 917 MiB.
2026-10-05T01:48:33Z INFO [928/1872] 4882c79a-2dc5-45ce-81ee-89552ebeedbf: 13 internal nodes; 0.7 s; peak memory 917 MiB.
2026-10-05T01:48:34Z INFO [929/1872] 4882d0db-3659-4d04-804a-4f312752ba90: 24 internal nodes; 0.6 s; peak memory 917 MiB.
2026-10-05T01:48:34Z INFO [930/1872] 48831421-d9fa-491f-8b09-ed75fd758313: 27 internal nodes; 0.6 s; peak memory 917 MiB.
2026-10-05T01:48:35Z INFO [931/1872] 48846714-04e2-45d6-a68d-7f58e55d7aad: 18 internal nodes; 0.5 s; peak memory 917 MiB.
2026-10-05T01:48:38Z INFO [932/1872] 4884749d-bfef-4a2e-8ae1-fe7acac092fd: 310 internal nodes; 2.6 s; peak memory 917 MiB.
2026-10-05T01:48:38Z INFO [933/1872] 4884cbc8-2eb2-4597-8caa-bb66fab279b9: 17 internal nodes; 0.5 s; peak memory 917 MiB.
2026-10-05T01:48:41Z INFO [934/1872] 48856f4f-cd5b-4e0e-83af-27025370eaff: 73 internal nodes; 3.0 s; peak memory 917 MiB.
2026-10-05T01:48:43Z INFO [935/1872] 4885a7fc-1be5-4d38-bf3f-390bc98d36d2: 44 internal nodes; 1.7 s; peak memory 917 MiB.
2026-10-05T01:48:43Z INFO [936/1872] 4885c135-1de5-4085-91a5-512ad31a7a30: 17 internal nodes; 0.5 s; peak memory 917 MiB.
2026-10-05T01:48:53Z INFO [937/1872] 48868a88-e99b-4e76-9698-8070f5215532: 322 internal nodes; 10.2 s; peak memory 917 MiB.
2026-10-05T01:48:54Z INFO [938/1872] 48869fee-1571-4e2a-a403-4b88d4120dca: 13 internal nodes; 0.3 s; peak memory 917 MiB.
2026-10-05T01:48:54Z INFO [939/1872] 4886a114-35f7-49cb-9e7b-d9052e49ec48: 17 internal nodes; 0.7 s; peak memory 917 MiB.
2026-10-05T01:48:55Z INFO [940/1872] 48875f20-2dc7-4958-baeb-b6f9d6336b90: 17 internal nodes; 0.6 s; peak memory 917 MiB.
2026-10-05T01:48:56Z INFO [941/1872] 48881407-e14a-4130-a3f8-78a4d4eecefb: 27 internal nodes; 0.6 s; peak memory 917 MiB.
2026-10-05T01:48:56Z INFO [942/1872] 4888373d-acc5-459c-9a25-b591236ce5f2: 11 internal nodes; 0.4 s; peak memory 917 MiB.
2026-10-05T01:48:57Z INFO [943/1872] 488845cf-8750-47a9-a154-60a230c31a8d: 27 internal nodes; 0.6 s; peak memory 917 MiB.
2026-10-05T01:48:58Z INFO [944/1872] 4888f1cb-bfbc-4b30-b5b9-eb76bcc8379a: 66 internal nodes; 1.0 s; peak memory 917 MiB.
2026-10-05T01:48:58Z INFO [945/1872] 488a67c8-2345-45e2-a028-0ef09cd3b96d: 27 internal nodes; 0.6 s; peak memory 917 MiB.
2026-10-05T01:49:00Z INFO [946/1872] 488ab60f-9a06-49d6-b95d-cda10adf3d0c: 44 internal nodes; 1.5 s; peak memory 917 MiB.
2026-10-05T01:49:00Z INFO [947/1872] 488aef14-a33a-47ae-a40d-5e905235e4e0: 17 internal nodes; 0.6 s; peak memory 917 MiB.
2026-10-05T01:49:01Z INFO [948/1872] 488b48bd-7a77-4bd0-86bf-50a67660c19b: 17 internal nodes; 0.5 s; peak memory 917 MiB.
2026-10-05T01:49:05Z INFO [949/1872] 488ca38e-5f86-4b98-ac60-c191a1a2dd82: 58 internal nodes; 3.9 s; peak memory 917 MiB.
2026-10-05T01:49:09Z INFO [950/1872] 488d4e6c-a307-4e21-9f22-0c3d78d65885: 66 internal nodes; 4.8 s; peak memory 917 MiB.
2026-10-05T01:49:10Z INFO [950/1872] 488d4e6c-a307-4e21-9f22-0c3d78d65885: checkpointed 81832 records.
2026-10-05T01:49:10Z INFO [951/1872] 488d94ca-6b98-4b24-9ad1-8c274e77497e: 26 internal nodes; 0.5 s; peak memory 917 MiB.
2026-10-05T01:49:11Z INFO [952/1872] 488e2641-9762-4616-b19e-50c042a38c75: 17 internal nodes; 0.6 s; peak memory 917 MiB.
2026-10-05T01:49:12Z INFO [953/1872] 488e538e-1da5-473d-a93d-58dfe64c2c19: 65 internal nodes; 1.3 s; peak memory 917 MiB.
2026-10-05T01:49:13Z INFO [954/1872] 488ecb1d-93be-4c1c-a3c4-22b0db75e382: 23 internal nodes; 0.3 s; peak memory 917 MiB.
2026-10-05T01:49:13Z INFO [955/1872] 488ffc8d-3e68-4385-ad45-6da74446cb5f: 17 internal nodes; 0.6 s; peak memory 917 MiB.
2026-10-05T01:49:14Z INFO [956/1872] 4890c6b2-499f-4061-986f-4fd8817b8ac9: 27 internal nodes; 0.6 s; peak memory 917 MiB.
2026-10-05T01:49:14Z INFO [957/1872] 4891bbce-8a7a-40e9-897b-47997922be99: 27 internal nodes; 0.7 s; peak memory 917 MiB.
2026-10-05T01:49:15Z INFO [958/1872] 4892486b-b151-4cac-a10c-df684649ce88: 27 internal nodes; 0.6 s; peak memory 917 MiB.
2026-10-05T01:49:16Z INFO [959/1872] 48926a0a-9454-4b5e-af74-6c6a4d497493: 27 internal nodes; 0.6 s; peak memory 917 MiB.
2026-10-05T01:49:16Z INFO [960/1872] 48926df9-922f-46e2-9a92-3e654dd8ff47: 29 internal nodes; 0.6 s; peak memory 917 MiB.
2026-10-05T01:49:17Z INFO [961/1872] 4892d4c8-02f2-4648-8b7e-15a4f7510ce2: 22 internal nodes; 0.4 s; peak memory 917 MiB.
2026-10-05T01:49:18Z INFO [962/1872] 4893259f-c4dd-4804-8952-21561384e0f5: 67 internal nodes; 0.8 s; peak memory 917 MiB.
2026-10-05T01:49:18Z INFO [963/1872] 48932c63-f330-4e85-9504-7c27f4582414: 17 internal nodes; 0.6 s; peak memory 917 MiB.
2026-10-05T01:49:20Z INFO [964/1872] 489452c6-c4d2-48af-926e-3fe34dfe2f74: 56 internal nodes; 1.7 s; peak memory 917 MiB.
2026-10-05T01:49:21Z INFO [965/1872] 48949510-c7f1-4b54-960c-500c37d131a3: 29 internal nodes; 0.9 s; peak memory 917 MiB.
2026-10-05T01:49:22Z INFO [966/1872] 48950b28-3708-428b-ac51-0166dd313e85: 27 internal nodes; 1.4 s; peak memory 917 MiB.
2026-10-05T01:49:23Z INFO [967/1872] 4895f2c7-2487-4d95-8257-558fab2c2227: 17 internal nodes; 0.7 s; peak memory 917 MiB.
2026-10-05T01:49:24Z INFO [968/1872] 48960965-5073-48bc-8527-3cb65f66ef87: 59 internal nodes; 1.4 s; peak memory 917 MiB.
2026-10-05T01:49:26Z INFO [969/1872] 489629e3-1d15-4dce-a82d-70d396de1e26: 40 internal nodes; 1.6 s; peak memory 917 MiB.
2026-10-05T01:49:26Z INFO [970/1872] 48974aff-ef86-4a09-ab0d-156e795d997d: 17 internal nodes; 0.6 s; peak memory 917 MiB.
2026-10-05T01:49:27Z INFO [971/1872] 4897bd18-04d1-4bc2-bfed-4a1beb0743d2: 116 internal nodes; 0.8 s; peak memory 917 MiB.
2026-10-05T01:49:28Z INFO [972/1872] 48985891-ae4b-4527-ae11-dafea1fa2530: 17 internal nodes; 0.5 s; peak memory 917 MiB.
2026-10-05T01:49:29Z INFO [973/1872] 4898eb82-4605-46a8-bd3b-0390c4b7c80f: 69 internal nodes; 0.9 s; peak memory 917 MiB.
2026-10-05T01:49:29Z INFO [974/1872] 489935f8-a412-471c-83f7-a28d21b5777c: 17 internal nodes; 0.5 s; peak memory 917 MiB.
2026-10-05T01:49:30Z INFO [975/1872] 489a2365-3003-473b-808b-497b9877e8a6: 17 internal nodes; 0.7 s; peak memory 917 MiB.
2026-10-05T01:49:33Z INFO [976/1872] 489ace25-8c9b-4470-b2e8-200936301b00: 141 internal nodes; 3.2 s; peak memory 917 MiB.
2026-10-05T01:49:34Z INFO [977/1872] 489ae5ce-8120-4b14-ac23-34de5183a0f5: 11 internal nodes; 0.5 s; peak memory 917 MiB.
2026-10-05T01:49:38Z INFO [978/1872] 489b1b87-088a-4701-9bcc-a85ed480e1b5: 173 internal nodes; 4.1 s; peak memory 917 MiB.
2026-10-05T01:49:41Z INFO [979/1872] 489b7cac-7938-408f-b2e5-e6e64807ec33: 73 internal nodes; 3.0 s; peak memory 917 MiB.
2026-10-05T01:49:44Z INFO [980/1872] 489bc610-fb0d-4d4d-8d62-9b3c4eec92ff: 177 internal nodes; 3.0 s; peak memory 917 MiB.
2026-10-05T01:49:44Z INFO [981/1872] 489c0e85-01ad-4ddf-b9e1-239a082a5f42: 38 internal nodes; 0.8 s; peak memory 917 MiB.
2026-10-05T01:49:51Z INFO [982/1872] 489c8d4f-db75-4dcd-a8ba-cad04ec7e342: 71 internal nodes; 6.5 s; peak memory 917 MiB.
2026-10-05T01:49:54Z INFO [983/1872] 489e8f29-91d5-4d7b-b420-71100e265048: 54 internal nodes; 3.5 s; peak memory 917 MiB.
2026-10-05T01:49:55Z INFO [984/1872] 489f57ed-666b-42d9-acf2-e6374393db8b: 23 internal nodes; 0.7 s; peak memory 917 MiB.
2026-10-05T01:50:03Z INFO [985/1872] 489fb73d-c35a-4312-b9b3-c1f004d5c223: 23 internal nodes; 8.1 s; peak memory 917 MiB.
2026-10-05T01:50:04Z INFO [986/1872] 48a0b985-24d5-4606-a874-6471b2f66013: 27 internal nodes; 0.5 s; peak memory 917 MiB.
2026-10-05T01:50:09Z INFO [987/1872] 48a118b2-6106-4945-8d9e-5b590e18f7d5: 171 internal nodes; 5.1 s; peak memory 917 MiB.
2026-10-05T01:50:09Z INFO [988/1872] 48a21d99-7643-4134-9bc6-d1b1b583e0d2: 29 internal nodes; 0.6 s; peak memory 917 MiB.
2026-10-05T01:50:14Z INFO [989/1872] 48a251c7-4c10-4a66-9ca8-be421b27e390: 219 internal nodes; 5.1 s; peak memory 917 MiB.
2026-10-05T01:50:15Z INFO [990/1872] 48a26679-9655-4ba8-9052-dc0539faddb3: 19 internal nodes; 0.6 s; peak memory 917 MiB.
2026-10-05T01:50:18Z INFO [991/1872] 48a2e2dc-aba6-401c-bd5a-adb160089af5: 957 internal nodes; 2.9 s; peak memory 917 MiB.
2026-10-05T01:50:19Z INFO [992/1872] 48a37a09-a136-4f3b-84ea-2de287c75a43: 17 internal nodes; 0.7 s; peak memory 917 MiB.
2026-10-05T01:50:19Z INFO [993/1872] 48a44be5-3fe3-4a21-b5b4-adafee647e0a: 19 internal nodes; 0.7 s; peak memory 917 MiB.
2026-10-05T01:50:25Z INFO [994/1872] 48a46681-dfd7-4e58-b779-e7ebaebbd105: 70 internal nodes; 6.1 s; peak memory 917 MiB.
2026-10-05T01:50:26Z INFO [995/1872] 48a496fb-1cf6-4fb1-9e7d-1c4f18c9ca8d: 27 internal nodes; 0.7 s; peak memory 917 MiB.
2026-10-05T01:50:27Z INFO [996/1872] 48a527f8-d8a6-4393-8b78-7e70b6865b3e: 17 internal nodes; 0.6 s; peak memory 917 MiB.
2026-10-05T01:50:27Z INFO [997/1872] 48a52b26-7381-4961-8f42-0de80b8601da: 17 internal nodes; 0.5 s; peak memory 917 MiB.
2026-10-05T01:50:28Z INFO [998/1872] 48a603a5-4a17-45c1-8a4a-0a9c8dc38496: 17 internal nodes; 0.6 s; peak memory 917 MiB.
2026-10-05T01:50:28Z INFO [999/1872] 48a6c129-3146-4242-9b14-f886232a7b3b: 22 internal nodes; 0.4 s; peak memory 917 MiB.
2026-10-05T01:50:29Z INFO [1000/1872] 48a9486f-de91-44c6-8afe-a3d07e6ef23a: 27 internal nodes; 0.6 s; peak memory 917 MiB.
2026-10-05T01:50:29Z INFO [1000/1872] 48a9486f-de91-44c6-8afe-a3d07e6ef23a: checkpointed 81882 records.
2026-10-05T01:50:30Z INFO [1001/1872] 48a9a8b4-f1d9-4c46-b697-c6680cda709f: 59 internal nodes; 0.9 s; peak memory 917 MiB.
2026-10-05T01:50:31Z INFO [1002/1872] 48aaade6-e4bb-4a6b-b97e-16a80ff1b86c: 12 internal nodes; 0.5 s; peak memory 917 MiB.
2026-10-05T01:50:31Z INFO [1003/1872] 48ab53e0-04a8-434f-af8c-57730e6b29d5: 17 internal nodes; 0.6 s; peak memory 917 MiB.
2026-10-05T01:50:33Z INFO [1004/1872] 48ac3674-c894-410a-be76-490eecad7311: 56 internal nodes; 1.7 s; peak memory 917 MiB.
2026-10-05T01:50:33Z INFO [1005/1872] 48ac3862-f425-4054-b28c-7d98504be8c0: 17 internal nodes; 0.6 s; peak memory 917 MiB.
2026-10-05T01:50:34Z INFO [1006/1872] 48ac4eae-51b0-4476-99b7-830a56069ae4: 31 internal nodes; 0.8 s; peak memory 917 MiB.
2026-10-05T01:50:35Z INFO [1007/1872] 48ad2d92-1135-44f0-baf8-fc4f6aea21bb: 18 internal nodes; 0.8 s; peak memory 917 MiB.
2026-10-05T01:50:36Z INFO [1008/1872] 48ad3bbf-edae-4344-8d01-39644f6d1409: 122 internal nodes; 1.0 s; peak memory 917 MiB.
2026-10-05T01:50:37Z INFO [1009/1872] 48adf6ad-43c5-4cf2-992e-7b6857f8fa63: 17 internal nodes; 0.7 s; peak memory 917 MiB.
2026-10-05T01:50:38Z INFO [1010/1872] 48ae5458-b6f4-44d3-ad87-90b09be8c19c: 17 internal nodes; 0.8 s; peak memory 917 MiB.
2026-10-05T01:50:39Z INFO [1011/1872] 48ae66d2-1278-4382-93ec-a70f5b21e111: 44 internal nodes; 1.6 s; peak memory 917 MiB.
2026-10-05T01:50:40Z INFO [1012/1872] 48aee5ef-95b5-4917-9946-c0cade04a5a6: 13 internal nodes; 0.9 s; peak memory 917 MiB.
2026-10-05T01:50:44Z INFO [1013/1872] 48afcbf5-df67-430e-8fc2-eb83e2fd0356: 170 internal nodes; 4.1 s; peak memory 917 MiB.
2026-10-05T01:50:45Z INFO [1014/1872] 48b05e23-8e5e-443b-b9f8-68129193a01d: 29 internal nodes; 0.7 s; peak memory 917 MiB.
2026-10-05T01:50:53Z INFO [1015/1872] 48b12712-5ab1-4544-a26b-3c02f8f58ac8: 341 internal nodes; 8.3 s; peak memory 917 MiB.
2026-10-05T01:50:54Z INFO [1016/1872] 48b1c580-d8f6-4200-9016-e0ee82f85167: 17 internal nodes; 0.7 s; peak memory 917 MiB.
2026-10-05T01:50:54Z INFO [1017/1872] 48b1f3ef-9dae-43ad-80fc-d60a7362ad03: 11 internal nodes; 0.3 s; peak memory 917 MiB.
2026-10-05T01:50:59Z INFO [1018/1872] 48b2041d-6ffd-41ca-89d2-b6eaf5778bd9: 166 internal nodes; 4.4 s; peak memory 917 MiB.
2026-10-05T01:50:59Z INFO [1019/1872] 48b24a2f-19c1-4ab1-a965-d60713b36758: 27 internal nodes; 0.6 s; peak memory 917 MiB.
2026-10-05T01:51:00Z INFO [1020/1872] 48b25762-7da6-4839-b604-429fd252228e: 17 internal nodes; 0.7 s; peak memory 917 MiB.
2026-10-05T01:51:00Z INFO [1021/1872] 48b3e578-a942-437a-be05-104669afaa81: 15 internal nodes; 0.4 s; peak memory 917 MiB.
2026-10-05T01:51:02Z INFO [1022/1872] 48b3e772-4151-4a43-8ec7-faa562484594: 59 internal nodes; 1.4 s; peak memory 917 MiB.
2026-10-05T01:51:03Z INFO [1023/1872] 48b40a76-6fe4-41d8-9c91-d4fe40c5c51f: 69 internal nodes; 1.1 s; peak memory 917 MiB.
2026-10-05T01:51:04Z INFO [1024/1872] 48b46719-f94b-4117-b62c-981c5ffbf2d5: 45 internal nodes; 1.3 s; peak memory 917 MiB.
2026-10-05T01:51:05Z INFO [1025/1872] 48b4f631-879a-43b0-94bf-49fe48e14d55: 54 internal nodes; 0.8 s; peak memory 917 MiB.
2026-10-05T01:51:06Z INFO [1026/1872] 48b575a6-acfa-46ee-b17d-2ed97fe26381: 21 internal nodes; 0.7 s; peak memory 917 MiB.
2026-10-05T01:51:06Z INFO [1027/1872] 48b6751c-59b9-454e-ac09-a8f986d94333: 19 internal nodes; 0.4 s; peak memory 917 MiB.
2026-10-05T01:51:07Z INFO [1028/1872] 48b691f9-e33c-49c3-bf0a-d562f1be37f7: 55 internal nodes; 0.9 s; peak memory 917 MiB.
2026-10-05T01:51:09Z INFO [1029/1872] 48b6f51c-fa7c-4c72-8f60-d70c1bd3b94b: 33 internal nodes; 1.5 s; peak memory 917 MiB.
2026-10-05T01:51:09Z INFO [1030/1872] 48b78461-623c-4f3b-bb8e-b79a65a583f8: 27 internal nodes; 0.6 s; peak memory 917 MiB.
2026-10-05T01:51:11Z INFO [1031/1872] 48b869b8-9171-4436-afc0-b79411ae0fa3: 41 internal nodes; 1.6 s; peak memory 917 MiB.
2026-10-05T01:51:16Z INFO [1032/1872] 48b90443-a685-4aa5-890d-b01291f40bdc: 44 internal nodes; 5.4 s; peak memory 917 MiB.
2026-10-05T01:51:17Z INFO [1033/1872] 48b9ae19-2b2d-45eb-9f9c-0688de6c5b75: 21 internal nodes; 0.6 s; peak memory 917 MiB.
2026-10-05T01:51:17Z INFO [1034/1872] 48ba4e5c-f88f-468d-8d3a-9f13674e6180: 17 internal nodes; 0.6 s; peak memory 917 MiB.
2026-10-05T01:51:18Z INFO [1035/1872] 48ba87ad-051e-41ad-af5b-98b650005ad3: 19 internal nodes; 0.7 s; peak memory 917 MiB.
2026-10-05T01:51:22Z INFO [1036/1872] 48ba92da-b401-497b-be1d-19d78cdfe865: 172 internal nodes; 4.2 s; peak memory 917 MiB.
2026-10-05T01:51:23Z INFO [1037/1872] 48ba9949-6a69-4e52-93e5-7929de2ad5ec: 21 internal nodes; 0.3 s; peak memory 917 MiB.
2026-10-05T01:51:23Z INFO [1038/1872] 48bad1de-ff55-453c-87b3-cc4a03964f7a: 13 internal nodes; 0.6 s; peak memory 917 MiB.
2026-10-05T01:51:24Z INFO [1039/1872] 48bb6143-c9be-4ccd-b629-543ec972d1cc: 19 internal nodes; 0.5 s; peak memory 917 MiB.
2026-10-05T01:51:25Z INFO [1040/1872] 48bbc4e9-d39e-4841-a3e0-3d282107866b: 55 internal nodes; 0.8 s; peak memory 917 MiB.
2026-10-05T01:51:25Z INFO [1041/1872] 48bbd58c-da01-4865-8a94-43a62ac282a4: 27 internal nodes; 0.6 s; peak memory 917 MiB.
2026-10-05T01:52:33Z INFO [1042/1872] 48bc44d3-6579-46e1-b19e-758617952f19: 93 internal nodes; 67.7 s; peak memory 917 MiB.
2026-10-05T01:52:34Z INFO [1043/1872] 48bd8642-2cc2-4ca8-8e3b-1c762c7c0de9: 60 internal nodes; 1.4 s; peak memory 917 MiB.
2026-10-05T01:52:35Z INFO [1044/1872] 48bdad65-17e9-4647-80bc-a3128dd99da7: 23 internal nodes; 0.9 s; peak memory 917 MiB.
2026-10-05T01:52:41Z INFO [1045/1872] 48beb139-623a-41f0-ad5d-5fd93c2d4cf8: 246 internal nodes; 6.3 s; peak memory 917 MiB.
2026-10-05T01:52:42Z INFO [1046/1872] 48becd30-fa0f-4b46-a27b-ba85f88080e6: 17 internal nodes; 0.6 s; peak memory 917 MiB.
2026-10-05T01:52:43Z INFO [1047/1872] 48bf3379-15d3-404c-8b38-be12cde36aed: 31 internal nodes; 1.0 s; peak memory 917 MiB.
2026-10-05T01:52:47Z INFO [1048/1872] 48c0a308-fb2d-4a89-b4e9-172358e7e140: 61 internal nodes; 4.3 s; peak memory 917 MiB.
2026-10-05T01:52:48Z INFO [1049/1872] 48c0c2d8-8048-4929-9e32-995bcb49c1cd: 31 internal nodes; 1.0 s; peak memory 917 MiB.
2026-10-05T01:52:49Z INFO [1050/1872] 48c0e32c-78d0-4b0c-b877-4cfc9c03c9cb: 31 internal nodes; 0.7 s; peak memory 917 MiB.
2026-10-05T01:52:49Z INFO [1050/1872] 48c0e32c-78d0-4b0c-b877-4cfc9c03c9cb: checkpointed 81932 records.
2026-10-05T01:52:50Z INFO [1051/1872] 48c0ea84-54f0-451b-a7cc-9251602c3727: 31 internal nodes; 0.8 s; peak memory 917 MiB.
2026-10-05T01:52:50Z INFO [1052/1872] 48c121f4-b3cd-42b0-bba2-a3d26acc8432: 26 internal nodes; 0.3 s; peak memory 917 MiB.
2026-10-05T01:52:51Z INFO [1053/1872] 48c1787d-e9aa-4779-b14b-5f762acf36a8: 17 internal nodes; 0.6 s; peak memory 917 MiB.
2026-10-05T01:52:53Z INFO [1054/1872] 48c1da81-51cd-494b-b66b-9547e60feccb: 44 internal nodes; 1.6 s; peak memory 917 MiB.
2026-10-05T01:52:53Z INFO [1055/1872] 48c26549-f467-4704-b2ed-c3d7bd44a0ff: 13 internal nodes; 0.4 s; peak memory 917 MiB.
2026-10-05T01:52:53Z INFO [1056/1872] 48c376f3-977f-45a6-a36d-11060ddcdb69: 16 internal nodes; 0.5 s; peak memory 917 MiB.
2026-10-05T01:52:54Z INFO [1057/1872] 48c391e3-a208-443f-9acb-183be42195d5: 27 internal nodes; 0.5 s; peak memory 917 MiB.
2026-10-05T01:52:55Z INFO [1058/1872] 48c3aaeb-4c18-487d-851a-ef3510fdbd25: 17 internal nodes; 0.6 s; peak memory 917 MiB.
2026-10-05T01:52:55Z INFO [1059/1872] 48c44bfa-df30-4406-8e57-74625a64f1ac: 17 internal nodes; 0.6 s; peak memory 917 MiB.
2026-10-05T01:52:56Z INFO [1060/1872] 48c50639-9e03-4ebc-bc7c-11df1c8ebe10: 31 internal nodes; 0.8 s; peak memory 917 MiB.
2026-10-05T01:52:56Z INFO [1061/1872] 48c53d8a-6d58-494b-a42f-f03b08c3e7f6: 22 internal nodes; 0.3 s; peak memory 917 MiB.
2026-10-05T01:52:57Z INFO [1062/1872] 48c56675-041f-476a-8d89-355ba5c15690: 17 internal nodes; 0.5 s; peak memory 917 MiB.
2026-10-05T01:53:05Z INFO [1063/1872] 48c5db07-c3e0-4c01-880d-d647a623e6b7: 88 internal nodes; 8.7 s; peak memory 917 MiB.
2026-10-05T01:53:12Z INFO [1064/1872] 48c67850-60b5-464c-978f-63b0410f9415: 208 internal nodes; 6.8 s; peak memory 917 MiB.
2026-10-05T01:53:14Z INFO [1065/1872] 48c6f2cc-4c42-44bd-970f-3078cb7cbd76: 44 internal nodes; 1.5 s; peak memory 917 MiB.
2026-10-05T01:53:15Z INFO [1066/1872] 48c7fce9-57b7-4eba-9691-c1ec35dd8721: 67 internal nodes; 1.2 s; peak memory 917 MiB.
2026-10-05T01:53:16Z INFO [1067/1872] 48c809ce-4709-440a-b934-39edd35411c7: 61 internal nodes; 0.9 s; peak memory 917 MiB.
2026-10-05T01:53:17Z INFO [1068/1872] 48c883be-edfd-40c1-8a0d-776ce0507b91: 31 internal nodes; 0.9 s; peak memory 917 MiB.
2026-10-05T01:53:17Z INFO [1069/1872] 48c88f8d-6b2c-4478-b5ad-6edb8480faba: 17 internal nodes; 0.7 s; peak memory 917 MiB.
2026-10-05T01:53:18Z INFO [1070/1872] 48c946c0-2df7-4b81-afcd-15ecf70b0d24: 27 internal nodes; 0.7 s; peak memory 917 MiB.
2026-10-05T01:53:19Z INFO [1071/1872] 48c988cb-0d04-4493-87c8-2d3a774e7696: 31 internal nodes; 1.2 s; peak memory 917 MiB.
2026-10-05T01:53:20Z INFO [1072/1872] 48c99f96-7389-4250-9c0c-736b3fe94202: 19 internal nodes; 0.5 s; peak memory 917 MiB.
2026-10-05T01:53:25Z INFO [1073/1872] 48cbe3e4-3973-40e8-865c-619c2c07adae: 218 internal nodes; 5.2 s; peak memory 917 MiB.
2026-10-05T01:53:30Z INFO [1074/1872] 48cbec55-b89c-41d9-a9a7-485f950dbd46: 114 internal nodes; 5.2 s; peak memory 917 MiB.
2026-10-05T01:53:31Z INFO [1075/1872] 48cc67f4-c64f-4976-b8ae-707f2ed01051: 31 internal nodes; 0.7 s; peak memory 917 MiB.
2026-10-05T01:53:32Z INFO [1076/1872] 48ccd02e-eb2a-4ae8-bccc-4fe6e5f08b4f: 19 internal nodes; 0.6 s; peak memory 917 MiB.
2026-10-05T01:53:32Z INFO [1077/1872] 48cced09-5338-418e-a681-8ea371438e16: 19 internal nodes; 0.5 s; peak memory 917 MiB.
2026-10-05T01:53:33Z INFO [1078/1872] 48cd3481-9147-4f42-a731-db6ed9155cdb: 91 internal nodes; 0.9 s; peak memory 917 MiB.
2026-10-05T01:53:34Z INFO [1079/1872] 48cd5706-baaa-4b46-8ecd-2cb4cf470bc6: 116 internal nodes; 0.9 s; peak memory 917 MiB.
2026-10-05T01:53:40Z INFO [1080/1872] 48ce6a0f-9429-4444-87e8-30cbd65f7547: 57 internal nodes; 5.9 s; peak memory 917 MiB.
2026-10-05T01:53:41Z INFO [1081/1872] 48cf756c-873b-4f75-ba71-365d545cff36: 45 internal nodes; 1.7 s; peak memory 917 MiB.
2026-10-05T01:53:42Z INFO [1082/1872] 48cf7612-c522-47b2-8969-f0edc36b5cc3: 19 internal nodes; 0.5 s; peak memory 917 MiB.
2026-10-05T01:53:43Z INFO [1083/1872] 48d05d7a-7949-4851-bbcd-5c22de9383e1: 55 internal nodes; 1.2 s; peak memory 917 MiB.
2026-10-05T01:53:44Z INFO [1084/1872] 48d08be1-6387-4cbd-8b92-952a7d63bb3a: 27 internal nodes; 0.3 s; peak memory 917 MiB.
2026-10-05T01:53:44Z INFO [1085/1872] 48d12e5b-a828-4a15-8caa-f7ea23128671: 30 internal nodes; 0.8 s; peak memory 917 MiB.
2026-10-05T01:53:45Z INFO [1086/1872] 48d14609-f425-4c25-a5fd-b4fdf9ea3319: 23 internal nodes; 0.6 s; peak memory 917 MiB.
2026-10-05T01:53:46Z INFO [1087/1872] 48d1ff93-b8a2-4cda-95be-9144446750d9: 27 internal nodes; 0.7 s; peak memory 917 MiB.
2026-10-05T01:53:47Z INFO [1088/1872] 48d27f17-7fb2-4d5f-ace5-d614228e7d08: 44 internal nodes; 1.3 s; peak memory 917 MiB.
2026-10-05T01:53:48Z INFO [1089/1872] 48d32972-b789-440a-8b63-f81f12da935a: 53 internal nodes; 0.9 s; peak memory 917 MiB.
2026-10-05T01:53:48Z INFO [1090/1872] 48d35172-f71c-4125-a899-7e9125266c45: 17 internal nodes; 0.6 s; peak memory 917 MiB.
2026-10-05T01:53:49Z INFO [1091/1872] 48d37f8c-3bd3-46aa-aa17-4d6d835b0cb5: 27 internal nodes; 0.5 s; peak memory 917 MiB.
2026-10-05T01:53:49Z INFO [1092/1872] 48d4ba97-e701-4531-baba-b21e4678f1e0: 27 internal nodes; 0.5 s; peak memory 917 MiB.
2026-10-05T01:53:51Z INFO [1093/1872] 48d52071-744b-4c0c-afe6-fd7494b4458d: 59 internal nodes; 1.2 s; peak memory 917 MiB.
2026-10-05T01:53:51Z INFO [1094/1872] 48d675a4-d985-47b8-a21f-330a3859e22f: 27 internal nodes; 0.6 s; peak memory 917 MiB.
2026-10-05T01:53:53Z INFO [1095/1872] 48d6eb1d-1cb0-49fb-8cae-abbf622dc6ec: 45 internal nodes; 1.6 s; peak memory 917 MiB.
2026-10-05T01:53:53Z INFO [1096/1872] 48d7b786-e291-46ca-8b56-871297dc365b: 17 internal nodes; 0.7 s; peak memory 917 MiB.
2026-10-05T01:53:54Z INFO [1097/1872] 48d81449-65c1-45da-82f2-66b7399442ac: 11 internal nodes; 0.3 s; peak memory 917 MiB.
2026-10-05T01:53:54Z INFO [1098/1872] 48d9637d-2a64-47cc-8e2e-37c4d974fe74: 29 internal nodes; 0.6 s; peak memory 917 MiB.
2026-10-05T01:53:55Z INFO [1099/1872] 48d967ea-392c-4129-8562-d19df304f62d: 11 internal nodes; 0.3 s; peak memory 917 MiB.
2026-10-05T01:53:55Z INFO [1100/1872] 48d968f8-2e08-426e-90fb-811ca11abf06: 120 internal nodes; 0.7 s; peak memory 917 MiB.
2026-10-05T01:53:56Z INFO [1100/1872] 48d968f8-2e08-426e-90fb-811ca11abf06: checkpointed 81982 records.
2026-10-05T01:53:56Z INFO [1101/1872] 48d9782a-1473-4b63-b9f6-b6a51cf84c30: 17 internal nodes; 0.7 s; peak memory 917 MiB.
2026-10-05T01:53:57Z INFO [1102/1872] 48d9dfcf-8aae-4f77-b70e-5e122717c4fa: 27 internal nodes; 0.5 s; peak memory 917 MiB.
2026-10-05T01:54:01Z INFO [1103/1872] 48da4e45-5708-4ab6-953e-111248693bf2: 58 internal nodes; 3.8 s; peak memory 917 MiB.
2026-10-05T01:54:01Z INFO [1104/1872] 48dafe71-1e6d-4482-a5bb-a0b0d89e1814: 23 internal nodes; 0.6 s; peak memory 917 MiB.
2026-10-05T01:54:02Z INFO [1105/1872] 48db96e6-2171-4b9b-ab86-270ee2b020c4: 22 internal nodes; 0.4 s; peak memory 917 MiB.
2026-10-05T01:54:03Z INFO [1106/1872] 48db9a5d-debf-4ebb-88e0-886ab218eeba: 53 internal nodes; 1.4 s; peak memory 917 MiB.
2026-10-05T01:54:04Z INFO [1107/1872] 48dc395a-55df-4382-9e08-f2ba646bfd65: 31 internal nodes; 0.7 s; peak memory 917 MiB.
2026-10-05T01:54:04Z INFO [1108/1872] 48dca33a-97c3-43b7-8f2c-d7dc24038746: 18 internal nodes; 0.6 s; peak memory 917 MiB.
2026-10-05T01:54:05Z INFO [1109/1872] 48dd6120-0cb1-471d-9cfa-20b86b78fa37: 24 internal nodes; 0.7 s; peak memory 917 MiB.
2026-10-05T01:54:08Z INFO [1110/1872] 48dda10d-0723-4ed6-a98b-8eb094cba59d: 115 internal nodes; 2.7 s; peak memory 917 MiB.
2026-10-05T01:54:08Z INFO [1111/1872] 48df5844-578a-45bd-940b-c36d2054f020: 31 internal nodes; 0.7 s; peak memory 917 MiB.
2026-10-05T01:54:09Z INFO [1112/1872] 48df8985-4891-4c95-93d6-1b68a4b1fb48: 31 internal nodes; 0.5 s; peak memory 917 MiB.
2026-10-05T01:54:13Z INFO [1113/1872] 48e01dac-2f91-4a82-84cc-2d1a174772ef: 61 internal nodes; 3.9 s; peak memory 917 MiB.
2026-10-05T01:54:14Z INFO [1114/1872] 48e07b32-49ed-4db8-8929-bdfe6864f186: 28 internal nodes; 1.0 s; peak memory 917 MiB.
2026-10-05T01:54:15Z INFO [1115/1872] 48e10ba3-64ba-4d26-9c56-7549fb97e2d0: 39 internal nodes; 1.0 s; peak memory 917 MiB.
2026-10-05T01:54:15Z INFO [1116/1872] 48e16028-fcee-45e9-9356-af9a0d876604: 27 internal nodes; 0.6 s; peak memory 917 MiB.
2026-10-05T01:54:16Z INFO [1117/1872] 48e22280-af90-4053-8b03-78aea639cb3b: 17 internal nodes; 0.6 s; peak memory 917 MiB.
2026-10-05T01:54:17Z INFO [1118/1872] 48e29546-67a5-4521-83b9-df79d572bd22: 27 internal nodes; 0.5 s; peak memory 917 MiB.
2026-10-05T01:54:17Z INFO [1119/1872] 48e297fb-84ae-4dfb-87f1-228371c14d8e: 31 internal nodes; 0.7 s; peak memory 917 MiB.
2026-10-05T01:54:23Z INFO [1120/1872] 48e34aa8-8171-43eb-aecd-7bede85e4e85: 63 internal nodes; 5.6 s; peak memory 917 MiB.
2026-10-05T01:54:24Z INFO [1121/1872] 48e39173-c402-464c-bb18-a9bb0a384dfd: 17 internal nodes; 0.6 s; peak memory 917 MiB.
2026-10-05T01:54:24Z INFO [1122/1872] 48e3c788-ff9a-4c54-9918-083f1523d457: 17 internal nodes; 0.6 s; peak memory 917 MiB.
2026-10-05T01:54:25Z INFO [1123/1872] 48e3fc8e-4fce-4c3d-9e9a-795b544b47e9: 17 internal nodes; 0.6 s; peak memory 917 MiB.
2026-10-05T01:54:31Z INFO [1124/1872] 48e40d2b-45e5-4949-9e8d-cc6866d4f861: 55 internal nodes; 6.2 s; peak memory 917 MiB.
2026-10-05T01:54:32Z INFO [1125/1872] 48e458f6-e8ea-4053-b4f1-024ad1bfe152: 27 internal nodes; 0.6 s; peak memory 917 MiB.
2026-10-05T01:54:32Z INFO [1126/1872] 48e4e5a4-51d0-4901-acc7-0fcbf9c414c3: 31 internal nodes; 0.8 s; peak memory 917 MiB.
2026-10-05T01:54:33Z INFO [1127/1872] 48e6586f-d8e7-43ef-b6d3-b5dfe45ff658: 22 internal nodes; 0.5 s; peak memory 917 MiB.
2026-10-05T01:54:33Z INFO [1128/1872] 48e666b7-c119-4911-ac38-9a966d898196: 29 internal nodes; 0.5 s; peak memory 917 MiB.
2026-10-05T01:54:34Z INFO [1129/1872] 48e6faa6-c14e-4bb1-b61b-60ed725c75c2: 18 internal nodes; 0.7 s; peak memory 917 MiB.
2026-10-05T01:54:35Z INFO [1130/1872] 48e795af-37b4-4f68-8324-0dc221354edd: 27 internal nodes; 0.6 s; peak memory 917 MiB.
2026-10-05T01:54:35Z INFO [1131/1872] 48e79fa0-2ef1-4f6e-963f-87a1439ab735: 13 internal nodes; 0.3 s; peak memory 917 MiB.
2026-10-05T01:54:36Z INFO [1132/1872] 48e7a3ec-f39a-45a2-85ba-612d3df9243a: 27 internal nodes; 0.6 s; peak memory 917 MiB.
2026-10-05T01:54:37Z INFO [1133/1872] 48e7ac4c-b528-4d53-919f-cb0f2a78807d: 37 internal nodes; 1.1 s; peak memory 917 MiB.
2026-10-05T01:54:37Z INFO [1134/1872] 48e831ee-ef8b-4337-a050-13085bd08329: 17 internal nodes; 0.4 s; peak memory 917 MiB.
2026-10-05T01:54:38Z INFO [1135/1872] 48e91531-ace5-45df-84d7-45e82694da50: 29 internal nodes; 1.0 s; peak memory 917 MiB.
2026-10-05T01:54:39Z INFO [1136/1872] 48e94c72-868c-4a4f-ab2e-3049f7968c85: 17 internal nodes; 0.6 s; peak memory 917 MiB.
2026-10-05T01:54:42Z INFO [1137/1872] 48e9d80d-24cf-4267-964c-74659964b368: 177 internal nodes; 3.1 s; peak memory 917 MiB.
2026-10-05T01:54:42Z INFO [1138/1872] 48ea50e9-b525-450a-858e-787e8e7c8d4f: 17 internal nodes; 0.5 s; peak memory 917 MiB.
2026-10-05T01:54:46Z INFO [1139/1872] 48eaa6e1-9989-4e78-8031-fafade2e0d21: 52 internal nodes; 3.3 s; peak memory 917 MiB.
2026-10-05T01:54:46Z INFO [1140/1872] 48ec9402-15c8-416a-b00e-2c1ac7c06205: 17 internal nodes; 0.6 s; peak memory 917 MiB.
2026-10-05T01:54:47Z INFO [1141/1872] 48ed0db6-a54c-4ce1-a792-7f33ea4230f0: 11 internal nodes; 0.3 s; peak memory 917 MiB.
2026-10-05T01:54:48Z INFO [1142/1872] 48edb6fd-b3a7-4799-a63f-4490994c054f: 29 internal nodes; 0.8 s; peak memory 917 MiB.
2026-10-05T01:54:48Z INFO [1143/1872] 48edcb16-37ac-46c5-9bed-cf1a297ce3f4: 17 internal nodes; 0.5 s; peak memory 917 MiB.
2026-10-05T01:54:49Z INFO [1144/1872] 48ede4f8-10a2-4069-ab0e-57e43646c2f8: 17 internal nodes; 0.6 s; peak memory 917 MiB.
2026-10-05T01:54:50Z INFO [1145/1872] 48ef1db4-796f-45c2-9739-d46fa85c708b: 39 internal nodes; 1.1 s; peak memory 917 MiB.
2026-10-05T01:54:51Z INFO [1146/1872] 48ef7159-7469-4ca7-b377-338ae1074975: 24 internal nodes; 0.9 s; peak memory 917 MiB.
2026-10-05T01:54:51Z INFO [1147/1872] 48ef91e0-ff56-42e3-9b0a-75e4c1fda38e: 55 internal nodes; 0.8 s; peak memory 917 MiB.
2026-10-05T01:54:52Z INFO [1148/1872] 48f00182-925f-4834-9697-19775069aa58: 11 internal nodes; 0.3 s; peak memory 917 MiB.
2026-10-05T01:54:53Z INFO [1149/1872] 48f0bd76-8f54-417c-8e75-f50d1d1e5585: 29 internal nodes; 0.8 s; peak memory 917 MiB.
2026-10-05T01:54:53Z INFO [1150/1872] 48f16157-61df-4817-a3b6-bb204df766ac: 22 internal nodes; 0.6 s; peak memory 917 MiB.
2026-10-05T01:54:53Z INFO [1150/1872] 48f16157-61df-4817-a3b6-bb204df766ac: checkpointed 82032 records.
2026-10-05T01:54:54Z INFO [1151/1872] 48f2c0aa-628e-4fdd-a6ee-8c3845e251b1: 19 internal nodes; 0.5 s; peak memory 917 MiB.
2026-10-05T01:54:55Z INFO [1152/1872] 48f332b6-f4e3-44d9-a04a-71bf6d933574: 27 internal nodes; 0.5 s; peak memory 917 MiB.
2026-10-05T01:54:55Z INFO [1153/1872] 48f33d1b-75b7-4845-abcc-dd5fc345e7bc: 17 internal nodes; 0.5 s; peak memory 917 MiB.
2026-10-05T01:54:56Z INFO [1154/1872] 48f3421c-bb7a-4d55-989d-7d83f5401e66: 27 internal nodes; 0.5 s; peak memory 917 MiB.
2026-10-05T01:54:56Z INFO [1155/1872] 48f37560-1294-4ed6-8869-8a512835f831: 22 internal nodes; 0.5 s; peak memory 917 MiB.
2026-10-05T01:55:00Z INFO [1156/1872] 48f3f465-b3ff-4e32-9568-64fd4c579bd1: 150 internal nodes; 3.5 s; peak memory 917 MiB.
2026-10-05T01:55:01Z INFO [1157/1872] 48f484cd-a3f8-4c0a-9c72-caedc89d42e8: 65 internal nodes; 1.3 s; peak memory 917 MiB.
2026-10-05T01:55:02Z INFO [1158/1872] 48f4c412-7c74-4456-8a14-73bd74540a56: 28 internal nodes; 1.0 s; peak memory 917 MiB.
2026-10-05T01:55:02Z INFO [1159/1872] 48f4f709-986f-452e-bf39-5442ddb26947: 17 internal nodes; 0.4 s; peak memory 917 MiB.
2026-10-05T01:55:03Z INFO [1160/1872] 48f51b76-7c94-431a-b819-a1ff1bd545fa: 13 internal nodes; 0.4 s; peak memory 917 MiB.
2026-10-05T01:56:30Z INFO [1161/1872] 48f5521e-4cfb-44b7-8a0c-157cc10940e8: 3917 internal nodes; 87.5 s; peak memory 917 MiB.
2026-10-05T01:56:32Z INFO [1162/1872] 48f60c53-0d47-43b3-876f-12dd97856c64: 22 internal nodes; 1.8 s; peak memory 917 MiB.
2026-10-05T01:56:32Z INFO [1163/1872] 48f87086-51ca-4858-8f3c-8ef600786a0d: 26 internal nodes; 0.4 s; peak memory 917 MiB.
2026-10-05T01:56:33Z INFO [1164/1872] 48fa397c-8b04-4e2b-ad5e-fa2c193216ef: 19 internal nodes; 0.7 s; peak memory 917 MiB.
2026-10-05T01:56:34Z INFO [1165/1872] 48fa4fd2-9650-4332-b63b-9be0526d64af: 23 internal nodes; 0.5 s; peak memory 917 MiB.
2026-10-05T01:56:34Z INFO [1166/1872] 48fa94de-74b0-417e-95e6-ede24f7ed2f3: 31 internal nodes; 0.8 s; peak memory 917 MiB.
2026-10-05T01:56:35Z INFO [1167/1872] 48fd64fb-03b5-4a51-98e4-a174445a2f1e: 17 internal nodes; 0.6 s; peak memory 917 MiB.
2026-10-05T01:56:35Z INFO [1168/1872] 48fd6ed3-fff0-4eb1-9664-cfa8366bf35d: 22 internal nodes; 0.4 s; peak memory 917 MiB.
2026-10-05T01:56:40Z INFO [1169/1872] 48fdbcf9-9aea-4c97-8000-d082dd9c2ded: 197 internal nodes; 4.3 s; peak memory 917 MiB.
2026-10-05T01:56:40Z INFO [1170/1872] 48fde149-eec9-4620-9074-23594b4fd843: 21 internal nodes; 0.8 s; peak memory 917 MiB.
2026-10-05T01:56:45Z INFO [1171/1872] 48fe4ae2-5b35-42c1-b6ae-4826c790b710: 66 internal nodes; 4.7 s; peak memory 917 MiB.
2026-10-05T01:56:46Z INFO [1172/1872] 48feaa4b-eb51-4d07-9916-0aa24d74acff: 28 internal nodes; 1.0 s; peak memory 917 MiB.
2026-10-05T01:56:47Z INFO [1173/1872] 48ff1cac-4412-4c62-a8c9-444e3b456c51: 27 internal nodes; 0.7 s; peak memory 917 MiB.
2026-10-05T01:56:48Z INFO [1174/1872] 48ff4bc4-ef6a-46d2-9e4c-b64a8952c9c8: 31 internal nodes; 0.8 s; peak memory 917 MiB.
2026-10-05T01:56:48Z INFO [1175/1872] 4900a11a-9bf1-4225-8624-c404074008bd: 17 internal nodes; 0.6 s; peak memory 917 MiB.
2026-10-05T01:56:50Z INFO [1176/1872] 4900d7aa-86ef-433e-bde3-933160eaabc5: 45 internal nodes; 1.6 s; peak memory 917 MiB.
2026-10-05T01:56:51Z INFO [1177/1872] 4901596e-b5ac-4dbb-a417-1a35d5d63c07: 31 internal nodes; 0.9 s; peak memory 917 MiB.
2026-10-05T01:56:56Z INFO [1178/1872] 4901a17e-82ea-47a9-a4e0-725347c13c70: 47 internal nodes; 5.1 s; peak memory 917 MiB.
2026-10-05T01:56:56Z INFO [1179/1872] 49020637-9e6f-4aa8-8c91-9a79428f437b: 11 internal nodes; 0.5 s; peak memory 917 MiB.
2026-10-05T01:56:57Z INFO [1180/1872] 4903147c-a5cf-48a7-b8c3-e46cb7e39ae4: 24 internal nodes; 0.9 s; peak memory 917 MiB.
2026-10-05T01:56:58Z INFO [1181/1872] 49034de3-418a-4e4a-a887-0f9f29f2917c: 17 internal nodes; 0.6 s; peak memory 917 MiB.
2026-10-05T01:57:01Z INFO [1182/1872] 4903552c-5a42-46e8-83d1-7e70b1bcf4c4: 75 internal nodes; 3.0 s; peak memory 917 MiB.
2026-10-05T01:57:02Z INFO [1183/1872] 49044ee0-ed6b-43a1-b2a6-7688bf58ff8e: 17 internal nodes; 0.7 s; peak memory 917 MiB.
2026-10-05T01:57:02Z INFO [1184/1872] 49055ce1-7d21-426c-9c48-de34a9b02ef0: 6 internal nodes; 0.4 s; peak memory 917 MiB.
2026-10-05T01:57:02Z INFO [1185/1872] 4905be07-0650-4227-be7c-8cda69e03391: 17 internal nodes; 0.6 s; peak memory 917 MiB.
2026-10-05T01:57:03Z INFO [1186/1872] 4905c1aa-5b9d-4f7f-8528-aa2ef195cd2e: 27 internal nodes; 0.6 s; peak memory 917 MiB.
2026-10-05T01:57:03Z INFO [1187/1872] 4905e0bb-54f3-4e01-8df1-5e3aa4baa455: 26 internal nodes; 0.4 s; peak memory 917 MiB.
2026-10-05T01:57:04Z INFO [1188/1872] 49061664-27cf-49fc-8950-548bfc0c085f: 11 internal nodes; 0.3 s; peak memory 917 MiB.
2026-10-05T01:57:04Z INFO [1189/1872] 49064af5-dde5-43b9-84ee-6044c83bc7ac: 17 internal nodes; 0.7 s; peak memory 917 MiB.
2026-10-05T01:57:07Z INFO [1190/1872] 49067f30-4493-4d09-bac6-c38074c3883e: 45 internal nodes; 2.0 s; peak memory 917 MiB.
2026-10-05T01:57:08Z INFO [1191/1872] 4906e510-7c8d-4814-acf4-870dc517d935: 30 internal nodes; 1.1 s; peak memory 917 MiB.
2026-10-05T01:57:08Z INFO [1192/1872] 49073be5-2542-48bb-9c03-0ae8e4a3ab5d: 31 internal nodes; 0.8 s; peak memory 917 MiB.
2026-10-05T01:57:09Z INFO [1193/1872] 4907d80c-c9e0-46ac-b0b9-1cf223ad358d: 18 internal nodes; 0.4 s; peak memory 917 MiB.
2026-10-05T01:57:10Z INFO [1194/1872] 490829b4-92bb-45bd-8799-94b74e307b4c: 44 internal nodes; 1.5 s; peak memory 917 MiB.
2026-10-05T01:57:15Z INFO [1195/1872] 4908abef-5a3c-464a-b061-92906666147c: 189 internal nodes; 4.5 s; peak memory 917 MiB.
2026-10-05T01:57:16Z INFO [1196/1872] 4908aee1-918e-438d-a6d5-cd9bf924e236: 69 internal nodes; 1.0 s; peak memory 917 MiB.
2026-10-05T01:57:19Z INFO [1197/1872] 4908fa09-d1ac-4a7c-88bb-f08316b469bd: 73 internal nodes; 3.1 s; peak memory 917 MiB.
2026-10-05T01:57:20Z INFO [1198/1872] 490a22ba-8f36-4cf1-a576-afdb84d09faf: 27 internal nodes; 0.6 s; peak memory 917 MiB.
2026-10-05T01:57:20Z INFO [1199/1872] 490a77fa-37c7-4080-85ca-06441a93071f: 31 internal nodes; 0.6 s; peak memory 917 MiB.
2026-10-05T01:57:21Z INFO [1200/1872] 490c5b8f-70a6-4b31-87a2-7828e029db0c: 20 internal nodes; 1.0 s; peak memory 917 MiB.
2026-10-05T01:57:21Z INFO [1200/1872] 490c5b8f-70a6-4b31-87a2-7828e029db0c: checkpointed 82082 records.
2026-10-05T01:57:22Z INFO [1201/1872] 490d78e3-db2d-40f9-9603-c5951e676f68: 27 internal nodes; 0.6 s; peak memory 917 MiB.
2026-10-05T01:57:22Z INFO [1202/1872] 490e3533-2b6c-4d65-b4a6-aa880c6afeea: 11 internal nodes; 0.3 s; peak memory 917 MiB.
2026-10-05T01:57:23Z INFO [1203/1872] 490e8788-859c-4eac-a204-5f12de34aa8f: 26 internal nodes; 1.0 s; peak memory 917 MiB.
2026-10-05T01:57:25Z INFO [1204/1872] 49102a84-b1a0-40cd-9079-3e98e75dea67: 44 internal nodes; 1.4 s; peak memory 917 MiB.
2026-10-05T01:57:25Z INFO [1205/1872] 49105eda-a5b5-41c5-abe5-ed4094737228: 18 internal nodes; 0.5 s; peak memory 917 MiB.
2026-10-05T01:57:28Z INFO [1206/1872] 49115005-400b-4a51-a46e-c5dc8c8e7c80: 126 internal nodes; 3.0 s; peak memory 917 MiB.
2026-10-05T01:57:29Z INFO [1207/1872] 49115ec5-4792-46e6-989f-51a3dd8c3f00: 17 internal nodes; 0.5 s; peak memory 917 MiB.
2026-10-05T01:57:29Z INFO [1208/1872] 4913361d-f1ad-41a4-9211-8b855a5e8095: 22 internal nodes; 0.3 s; peak memory 917 MiB.
2026-10-05T01:57:30Z INFO [1209/1872] 49133b28-4c3b-4537-a36c-486e2e32e680: 52 internal nodes; 1.3 s; peak memory 917 MiB.
2026-10-05T01:57:31Z INFO [1210/1872] 49135a5b-1f0b-4d52-9db5-29c24c4ab42c: 17 internal nodes; 0.6 s; peak memory 917 MiB.
2026-10-05T01:57:32Z INFO [1211/1872] 49146429-648b-4658-bd1e-59ccbe02d203: 55 internal nodes; 0.8 s; peak memory 917 MiB.
2026-10-05T01:57:34Z INFO [1212/1872] 491479ca-96d8-4fad-88e4-a02bb25281f2: 47 internal nodes; 2.1 s; peak memory 917 MiB.
2026-10-05T01:57:35Z INFO [1213/1872] 4914c0e4-d936-4764-999d-fef59943256d: 31 internal nodes; 0.9 s; peak memory 917 MiB.
2026-10-05T01:57:35Z INFO [1214/1872] 4914c166-191e-4352-bc2d-2a92b7d690ef: 17 internal nodes; 0.6 s; peak memory 917 MiB.
2026-10-05T01:57:36Z INFO [1215/1872] 49154b75-51b7-4a16-b84a-658761fd3b6c: 26 internal nodes; 0.4 s; peak memory 917 MiB.
2026-10-05T01:57:36Z INFO [1216/1872] 49167ddf-fd33-456a-9fde-26feccd44355: 16 internal nodes; 0.4 s; peak memory 917 MiB.
2026-10-05T01:57:37Z INFO [1217/1872] 4916d125-f4af-49fc-b8df-a76344275d77: 27 internal nodes; 0.7 s; peak memory 917 MiB.
2026-10-05T01:57:37Z INFO [1218/1872] 4916e98f-3edf-4af7-94d7-07252bb42a70: 19 internal nodes; 0.5 s; peak memory 917 MiB.
2026-10-05T01:57:38Z INFO [1219/1872] 49173b8c-360e-4ed2-9118-7b60ad91e731: 17 internal nodes; 0.6 s; peak memory 917 MiB.
2026-10-05T01:57:39Z INFO [1220/1872] 4917eb03-49e4-4ea6-a252-c85ed006d1fd: 17 internal nodes; 0.7 s; peak memory 917 MiB.
2026-10-05T01:57:40Z INFO [1221/1872] 491843d0-73c6-413e-bd53-dde2d158d0a8: 77 internal nodes; 1.4 s; peak memory 917 MiB.
2026-10-05T01:57:41Z INFO [1222/1872] 491864b0-3ac9-403b-8d2f-76bb195a5740: 17 internal nodes; 0.7 s; peak memory 917 MiB.
2026-10-05T01:57:41Z INFO [1223/1872] 49187fab-ed3c-4c30-a268-9e74edd9f62b: 28 internal nodes; 0.5 s; peak memory 917 MiB.
2026-10-05T01:57:42Z INFO [1224/1872] 49191b56-e552-43ed-993f-9a4d70f55ec1: 30 internal nodes; 1.2 s; peak memory 917 MiB.
2026-10-05T01:57:43Z INFO [1225/1872] 4919a016-bb92-4601-828b-77b23f4ff0e6: 95 internal nodes; 0.8 s; peak memory 917 MiB.
2026-10-05T01:57:44Z INFO [1226/1872] 491b408d-41d6-462c-aac7-7535defd335f: 61 internal nodes; 0.7 s; peak memory 917 MiB.
2026-10-05T01:57:45Z INFO [1227/1872] 491b60c6-ab44-41b7-8a18-c6ff1959e4dd: 27 internal nodes; 0.6 s; peak memory 917 MiB.
2026-10-05T01:57:45Z INFO [1228/1872] 491ce7f0-450b-4c7f-b5fe-605d10d8861c: 17 internal nodes; 0.6 s; peak memory 917 MiB.
2026-10-05T01:57:46Z INFO [1229/1872] 491dd6c5-908d-45dc-b396-12183d4926ae: 66 internal nodes; 0.9 s; peak memory 917 MiB.
2026-10-05T01:57:47Z INFO [1230/1872] 491e4583-367c-4069-84ea-03371a0f4a9c: 28 internal nodes; 1.2 s; peak memory 917 MiB.
2026-10-05T01:57:48Z INFO [1231/1872] 491f055b-be41-4369-b619-300c518ad3e2: 17 internal nodes; 0.7 s; peak memory 917 MiB.
2026-10-05T01:57:48Z INFO [1232/1872] 49210a6b-5f5c-4f03-803e-d895fec54800: 53 internal nodes; 0.7 s; peak memory 917 MiB.
2026-10-05T01:57:49Z INFO [1233/1872] 49214376-8e60-4fad-b60e-1925526b378e: 31 internal nodes; 0.7 s; peak memory 917 MiB.
2026-10-05T01:57:50Z INFO [1234/1872] 49214d20-15bb-4350-8d5b-066647ee6e91: 72 internal nodes; 1.3 s; peak memory 917 MiB.
2026-10-05T01:57:52Z INFO [1235/1872] 49229fc5-96cb-42cc-a6df-224629105905: 32 internal nodes; 1.1 s; peak memory 917 MiB.
2026-10-05T01:57:52Z INFO [1236/1872] 49244483-c7ba-40cd-8c98-8c04500785c9: 17 internal nodes; 0.7 s; peak memory 917 MiB.
2026-10-05T01:57:53Z INFO [1237/1872] 49257421-29df-4391-b9de-14e394896be9: 17 internal nodes; 0.6 s; peak memory 917 MiB.
2026-10-05T01:57:53Z INFO [1238/1872] 4925a91c-43ac-4734-8d3a-e1f68ed4cb79: 18 internal nodes; 0.4 s; peak memory 917 MiB.
2026-10-05T01:57:54Z INFO [1239/1872] 49260f1d-dd8e-4c76-8059-29b9c131e980: 17 internal nodes; 0.5 s; peak memory 917 MiB.
2026-10-05T01:57:54Z INFO [1240/1872] 49286512-9182-4068-b3b3-e461e8e8f50b: 17 internal nodes; 0.6 s; peak memory 917 MiB.
2026-10-05T01:57:56Z INFO [1241/1872] 49287818-fd13-4241-a4c2-045b066c6c1e: 41 internal nodes; 1.4 s; peak memory 917 MiB.
2026-10-05T01:57:57Z INFO [1242/1872] 4928a465-13a3-42d8-83e0-366050359772: 31 internal nodes; 0.8 s; peak memory 917 MiB.
2026-10-05T01:57:57Z INFO [1243/1872] 4928ab31-bd08-453a-9914-b90469e7c652: 17 internal nodes; 0.6 s; peak memory 917 MiB.
2026-10-05T01:58:22Z INFO [1244/1872] 492937bc-a0b9-4c58-9513-dadb17702b3e: 4869 internal nodes; 25.1 s; peak memory 917 MiB.
2026-10-05T01:58:23Z INFO [1245/1872] 492a7efc-feec-40ff-9591-2ee39d7a013b: 17 internal nodes; 0.7 s; peak memory 917 MiB.
2026-10-05T01:58:31Z INFO [1246/1872] 492b0998-b102-4000-9b52-e856ca4ac634: 2591 internal nodes; 7.6 s; peak memory 917 MiB.
2026-10-05T01:58:31Z INFO [1247/1872] 492b2b7f-e991-41bb-8b46-e431c6708b1b: 17 internal nodes; 0.6 s; peak memory 917 MiB.
2026-10-05T01:58:34Z INFO [1248/1872] 492b60fe-db31-42f9-9414-0ebe6d7c08eb: 157 internal nodes; 2.9 s; peak memory 917 MiB.
2026-10-05T01:58:35Z INFO [1249/1872] 492c4e6c-fc4a-4ccb-9bda-17369dd6b7c5: 17 internal nodes; 0.6 s; peak memory 917 MiB.
2026-10-05T01:58:40Z INFO [1250/1872] 492c529c-88a7-4118-9e9d-75895d75aff0: 114 internal nodes; 5.3 s; peak memory 917 MiB.
2026-10-05T01:58:40Z INFO [1250/1872] 492c529c-88a7-4118-9e9d-75895d75aff0: checkpointed 82132 records.
2026-10-05T01:58:41Z INFO [1251/1872] 492c7fa1-d176-43bf-b4d9-cf6cfe010ad9: 19 internal nodes; 0.6 s; peak memory 917 MiB.
2026-10-05T01:59:05Z INFO [1252/1872] 492cba18-afd7-40d9-b755-4f128143a1db: 5007 internal nodes; 24.4 s; peak memory 917 MiB.
2026-10-05T01:59:06Z INFO [1253/1872] 492d13f8-2866-4365-b2c7-e66cd9548df2: 27 internal nodes; 0.6 s; peak memory 917 MiB.
2026-10-05T01:59:06Z INFO [1254/1872] 492d7a07-7255-4b10-8c6f-7f92ec41134a: 27 internal nodes; 0.6 s; peak memory 917 MiB.
2026-10-05T01:59:07Z INFO [1255/1872] 49300c0d-8f67-4f47-86f9-2db75b26869b: 17 internal nodes; 0.6 s; peak memory 917 MiB.
2026-10-05T01:59:08Z INFO [1256/1872] 49302305-eb94-4fa2-a071-6a897357126b: 17 internal nodes; 0.6 s; peak memory 917 MiB.
2026-10-05T01:59:08Z INFO [1257/1872] 49309178-b117-41ef-b641-97e2539e0db1: 21 internal nodes; 0.6 s; peak memory 917 MiB.
2026-10-05T01:59:15Z INFO [1258/1872] 4930f403-c6fa-4710-af3f-21eba3dc5bfa: 322 internal nodes; 6.3 s; peak memory 917 MiB.
2026-10-05T01:59:15Z INFO [1259/1872] 49313b61-7e6e-48d3-82bf-110509acd3cb: 17 internal nodes; 0.6 s; peak memory 917 MiB.
2026-10-05T01:59:16Z INFO [1260/1872] 4931b9b4-48fd-4f83-9cc5-11f0261c07ab: 17 internal nodes; 0.6 s; peak memory 917 MiB.
2026-10-05T01:59:16Z INFO [1261/1872] 4932ba0b-85bb-4465-9aa4-b5d70f4af562: 31 internal nodes; 0.5 s; peak memory 917 MiB.
2026-10-05T01:59:17Z INFO [1262/1872] 49331679-c6d4-444a-9e60-84d03c30c74b: 17 internal nodes; 0.6 s; peak memory 917 MiB.
2026-10-05T01:59:17Z INFO [1263/1872] 4933aad7-0b7b-4b10-a2af-fc3046b92ea9: 27 internal nodes; 0.5 s; peak memory 917 MiB.
2026-10-05T01:59:18Z INFO [1264/1872] 4934b650-eb3a-44fb-898d-9f3f4732f58c: 23 internal nodes; 0.7 s; peak memory 917 MiB.
2026-10-05T01:59:30Z INFO [1265/1872] 493566ec-76fb-4beb-ae6b-0559170ab441: 186 internal nodes; 11.6 s; peak memory 917 MiB.
2026-10-05T01:59:30Z INFO [1266/1872] 4935b928-c953-434f-9f06-75b3c9a15348: 11 internal nodes; 0.4 s; peak memory 917 MiB.
2026-10-05T01:59:31Z INFO [1267/1872] 4935c96b-a9e6-485b-8b86-d118d2fcc7fa: 27 internal nodes; 0.6 s; peak memory 917 MiB.
2026-10-05T01:59:32Z INFO [1268/1872] 49365e14-9cb2-4c99-b8eb-a5b9ac5b4d48: 53 internal nodes; 1.6 s; peak memory 917 MiB.
2026-10-05T01:59:38Z INFO [1269/1872] 49377ac4-f43a-40d9-9e16-f7833019b4dd: 124 internal nodes; 5.5 s; peak memory 917 MiB.
2026-10-05T01:59:43Z INFO [1270/1872] 4939469c-7fa6-440f-88da-135f6afe12d2: 198 internal nodes; 5.7 s; peak memory 917 MiB.
2026-10-05T01:59:44Z INFO [1271/1872] 493a1fa2-aebe-42be-a655-a65d475a40fb: 54 internal nodes; 0.7 s; peak memory 917 MiB.
2026-10-05T01:59:48Z INFO [1272/1872] 493a3aca-bf97-498a-aef5-742460ce3207: 210 internal nodes; 4.1 s; peak memory 917 MiB.
2026-10-05T01:59:50Z INFO [1273/1872] 493a8f6d-889c-4620-9fbe-43bd89599d95: 46 internal nodes; 1.8 s; peak memory 917 MiB.
2026-10-05T01:59:55Z INFO [1274/1872] 493b7b29-1d28-4696-97a1-f92dadf416f3: 44 internal nodes; 4.8 s; peak memory 917 MiB.
2026-10-05T01:59:56Z INFO [1275/1872] 493baedb-a1a6-4894-a9d3-2ffd911d4c0e: 42 internal nodes; 1.3 s; peak memory 917 MiB.
2026-10-05T02:00:01Z INFO [1276/1872] 493bb4d3-2e6f-4e0e-8f00-dfbe5598a9d2: 234 internal nodes; 4.4 s; peak memory 917 MiB.
2026-10-05T02:00:02Z INFO [1277/1872] 493cab46-86a9-44c3-8d1c-6981335824d1: 37 internal nodes; 1.0 s; peak memory 917 MiB.
2026-10-05T02:00:02Z INFO [1278/1872] 493dac91-1d40-40e4-97af-fc2c252b43bd: 17 internal nodes; 0.6 s; peak memory 917 MiB.
2026-10-05T02:00:10Z INFO [1279/1872] 493db69c-fee7-4af0-bdcd-784d1ff0f0a0: 271 internal nodes; 7.6 s; peak memory 917 MiB.
2026-10-05T02:00:10Z INFO [1280/1872] 493ea3d3-6e20-43c1-8367-e2bb62a25c1f: 27 internal nodes; 0.7 s; peak memory 917 MiB.
2026-10-05T02:00:11Z INFO [1281/1872] 4940011a-6017-4ed5-a701-ee6f3626d003: 23 internal nodes; 0.6 s; peak memory 917 MiB.
2026-10-05T02:00:14Z INFO [1282/1872] 49404e3c-0b4f-4074-a653-12b9992102ba: 150 internal nodes; 3.2 s; peak memory 917 MiB.
2026-10-05T02:00:15Z INFO [1283/1872] 49406a87-1c60-480c-bf38-446619836231: 26 internal nodes; 0.4 s; peak memory 917 MiB.
2026-10-05T02:00:16Z INFO [1284/1872] 4940ce92-f722-457c-938a-e383bebcc69e: 14 internal nodes; 1.4 s; peak memory 917 MiB.
2026-10-05T02:00:17Z INFO [1285/1872] 49424ee5-416d-499c-8076-e83cfc9e3c3e: 29 internal nodes; 0.7 s; peak memory 917 MiB.
2026-10-05T02:00:17Z INFO [1286/1872] 4942888f-0351-4cec-bedd-6e384f008975: 25 internal nodes; 0.6 s; peak memory 917 MiB.
2026-10-05T02:00:18Z INFO [1287/1872] 4943b9f3-2d3e-4728-8593-a5adad591dae: 27 internal nodes; 0.6 s; peak memory 917 MiB.
2026-10-05T02:00:19Z INFO [1288/1872] 4944698f-af63-4718-8700-c163f54a6a17: 66 internal nodes; 0.8 s; peak memory 917 MiB.
2026-10-05T02:00:19Z INFO [1289/1872] 49450b4c-a931-40a2-8bc3-1616eac154b9: 115 internal nodes; 0.6 s; peak memory 917 MiB.
2026-10-05T02:00:20Z INFO [1290/1872] 49457868-6121-4b96-b08e-6c52e55eb2d0: 19 internal nodes; 0.5 s; peak memory 917 MiB.
2026-10-05T02:00:20Z INFO [1291/1872] 49477462-60b0-41a2-8563-dd6a2f6b3f66: 17 internal nodes; 0.6 s; peak memory 917 MiB.
2026-10-05T02:00:21Z INFO [1292/1872] 4947dac3-42a6-4634-b30c-5d39fac2ba2d: 17 internal nodes; 0.6 s; peak memory 917 MiB.
2026-10-05T02:00:22Z INFO [1293/1872] 49480d4a-b506-4575-baac-d35d7fe4b09d: 27 internal nodes; 0.6 s; peak memory 917 MiB.
2026-10-05T02:00:26Z INFO [1294/1872] 494836a6-9660-43ec-80bc-dbc899457444: 202 internal nodes; 4.3 s; peak memory 917 MiB.
2026-10-05T02:00:27Z INFO [1295/1872] 49485ac2-2925-4810-8261-157f05e26d32: 17 internal nodes; 0.6 s; peak memory 917 MiB.
2026-10-05T02:00:29Z INFO [1296/1872] 49492f0c-be73-4d08-bc99-0a03d60c6b86: 40 internal nodes; 2.0 s; peak memory 917 MiB.
2026-10-05T02:00:29Z INFO [1297/1872] 49498aec-f009-4600-9f16-384a7aab1c7b: 27 internal nodes; 0.6 s; peak memory 917 MiB.
2026-10-05T02:00:31Z INFO [1298/1872] 4949907d-bbc9-494b-89fb-0f28b0ca4669: 56 internal nodes; 2.4 s; peak memory 917 MiB.
2026-10-05T02:00:32Z INFO [1299/1872] 4949bec7-8b9c-43d6-bbc3-a5f9581b6e9e: 31 internal nodes; 0.8 s; peak memory 917 MiB.
2026-10-05T02:00:33Z INFO [1300/1872] 4949c6d6-1d48-4108-87e3-13b250f2a88e: 27 internal nodes; 1.0 s; peak memory 917 MiB.
2026-10-05T02:00:34Z INFO [1300/1872] 4949c6d6-1d48-4108-87e3-13b250f2a88e: checkpointed 82182 records.
2026-10-05T02:00:34Z INFO [1301/1872] 494a80cd-3c26-4e84-a5ab-e5a89d4843d9: 19 internal nodes; 0.5 s; peak memory 917 MiB.
2026-10-05T02:00:38Z INFO [1302/1872] 494a95d4-ccdf-4ac0-8deb-c3db5d8a39b3: 61 internal nodes; 4.3 s; peak memory 917 MiB.
2026-10-05T02:00:41Z INFO [1303/1872] 494b2bab-b431-42e4-8e08-e1bb38033398: 120 internal nodes; 2.6 s; peak memory 917 MiB.
2026-10-05T02:00:42Z INFO [1304/1872] 494bb140-6794-49d8-a01a-ff611d83b42e: 27 internal nodes; 0.5 s; peak memory 917 MiB.
2026-10-05T02:00:42Z INFO [1305/1872] 494c9aae-bdd1-43d8-9495-3f5b7c9cefda: 27 internal nodes; 0.6 s; peak memory 917 MiB.
2026-10-05T02:00:49Z INFO [1306/1872] 494dbd26-48c0-4fe8-b1be-7b306d3aeb68: 252 internal nodes; 7.1 s; peak memory 917 MiB.
2026-10-05T02:00:50Z INFO [1307/1872] 494f43b6-1b40-4070-a489-b9a19be70d79: 27 internal nodes; 0.6 s; peak memory 917 MiB.
2026-10-05T02:00:51Z INFO [1308/1872] 494f7cf7-714d-4ccd-896c-48c6a8fdd249: 17 internal nodes; 0.7 s; peak memory 917 MiB.
2026-10-05T02:00:51Z INFO [1309/1872] 494f919c-bd6d-4615-97ed-3da91df70d86: 17 internal nodes; 0.7 s; peak memory 917 MiB.
2026-10-05T02:00:52Z INFO [1310/1872] 4951463f-e426-444f-b1dd-1680eab12839: 27 internal nodes; 0.6 s; peak memory 917 MiB.
2026-10-05T02:00:53Z INFO [1311/1872] 4951cb60-6bff-483e-900d-d6f9bc44bb20: 31 internal nodes; 0.9 s; peak memory 917 MiB.
2026-10-05T02:00:54Z INFO [1312/1872] 495268c7-33ef-4169-862d-9fb8df78bb68: 44 internal nodes; 1.6 s; peak memory 917 MiB.
2026-10-05T02:00:55Z INFO [1313/1872] 49530e38-51c6-4ee3-892f-d92b2bae5180: 11 internal nodes; 0.3 s; peak memory 917 MiB.
2026-10-05T02:01:03Z INFO [1314/1872] 4953cf38-9791-46ae-b622-08590cd7aa6b: 292 internal nodes; 8.1 s; peak memory 917 MiB.
2026-10-05T02:01:06Z INFO [1315/1872] 4953fdee-6bb9-4050-821e-1ee043943ef7: 119 internal nodes; 3.1 s; peak memory 917 MiB.
2026-10-05T02:01:06Z INFO [1316/1872] 49557943-a3d7-4bf6-b04c-48a465bb85b7: 17 internal nodes; 0.6 s; peak memory 917 MiB.
2026-10-05T02:01:12Z INFO [1317/1872] 49563a29-0f40-4ca6-8195-1bbe6310fba0: 42 internal nodes; 5.1 s; peak memory 917 MiB.
2026-10-05T02:01:12Z INFO [1318/1872] 49572d66-fe34-49da-b9f2-7db0d9fed27e: 27 internal nodes; 0.6 s; peak memory 917 MiB.
2026-10-05T02:01:14Z INFO [1319/1872] 4957b936-1777-4a5b-a44c-591c200b3b2c: 46 internal nodes; 1.8 s; peak memory 917 MiB.
2026-10-05T02:01:15Z INFO [1320/1872] 4957ec3a-45b2-4ab5-8602-e991c6f940d0: 17 internal nodes; 0.6 s; peak memory 917 MiB.
2026-10-05T02:01:16Z INFO [1321/1872] 4957ed4c-7ae2-4cde-8044-684c866ddcaa: 30 internal nodes; 1.0 s; peak memory 917 MiB.
2026-10-05T02:01:16Z INFO [1322/1872] 4957faa4-e47c-4c27-8137-2880396c3091: 27 internal nodes; 0.6 s; peak memory 917 MiB.
2026-10-05T02:01:17Z INFO [1323/1872] 4959e740-ce28-4de4-91c2-8c12cc3a9c0d: 17 internal nodes; 0.6 s; peak memory 917 MiB.
2026-10-05T02:01:18Z INFO [1324/1872] 495ab4b2-3d50-4a71-917b-da75d37c1f3f: 56 internal nodes; 1.6 s; peak memory 917 MiB.
2026-10-05T02:01:19Z INFO [1325/1872] 495df6e1-ebc6-4638-aaa7-5d9468028c8f: 56 internal nodes; 1.0 s; peak memory 917 MiB.
2026-10-05T02:01:20Z INFO [1326/1872] 495e1336-8456-4298-ae54-b331934a26b6: 21 internal nodes; 0.4 s; peak memory 917 MiB.
2026-10-05T02:01:21Z INFO [1327/1872] 495e317f-5275-4f7a-97b0-ccaaf67a9ca1: 13 internal nodes; 0.7 s; peak memory 917 MiB.
2026-10-05T02:01:21Z INFO [1328/1872] 495e4326-0f73-4d9b-a7d2-8cacd5bd524b: 27 internal nodes; 0.5 s; peak memory 917 MiB.
2026-10-05T02:01:22Z INFO [1329/1872] 495e591f-19a5-4cf6-aeca-8d6439dde3e1: 17 internal nodes; 0.6 s; peak memory 917 MiB.
2026-10-05T02:01:22Z INFO [1330/1872] 495f222d-4330-44f8-879c-06e0b389d1cd: 27 internal nodes; 0.7 s; peak memory 917 MiB.
2026-10-05T02:01:23Z INFO [1331/1872] 495f2d4c-86ab-433b-b8e6-17e5dd42bc7a: 27 internal nodes; 0.7 s; peak memory 917 MiB.
2026-10-05T02:01:27Z INFO [1332/1872] 49609a03-df45-4261-b6e0-65abf426bdf7: 62 internal nodes; 3.6 s; peak memory 917 MiB.
2026-10-05T02:01:27Z INFO [1333/1872] 4960a2a0-5793-4895-bb01-93b648f8a351: 31 internal nodes; 0.7 s; peak memory 917 MiB.
2026-10-05T02:01:28Z INFO [1334/1872] 4960ce38-a85e-496a-81ef-d81555da0179: 17 internal nodes; 0.5 s; peak memory 917 MiB.
2026-10-05T02:01:29Z INFO [1335/1872] 49619179-78d3-4ba9-8d31-c3eddd44ea15: 42 internal nodes; 1.3 s; peak memory 917 MiB.
2026-10-05T02:01:30Z INFO [1336/1872] 4963dbac-eaa7-4cb2-8755-6d9d014cd546: 31 internal nodes; 0.6 s; peak memory 917 MiB.
2026-10-05T02:01:31Z INFO [1337/1872] 49647153-5b14-4c21-9243-01dfa9e80d11: 31 internal nodes; 1.2 s; peak memory 917 MiB.
2026-10-05T02:01:31Z INFO [1338/1872] 49653ca9-6eba-414e-865b-bc661328498e: 14 internal nodes; 0.5 s; peak memory 917 MiB.
2026-10-05T02:01:39Z INFO [1339/1872] 4965a1ba-4dba-410e-87fb-b03852a7cf20: 443 internal nodes; 7.4 s; peak memory 917 MiB.
2026-10-05T02:01:40Z INFO [1340/1872] 4965bf57-b31a-4a26-8119-709a0b458fc7: 17 internal nodes; 0.6 s; peak memory 917 MiB.
2026-10-05T02:01:40Z INFO [1341/1872] 4965db68-8042-4e69-b4d2-7fdfc0f87275: 18 internal nodes; 0.5 s; peak memory 917 MiB.
2026-10-05T02:01:42Z INFO [1342/1872] 4965f497-2272-42a5-8e32-8df660e577a3: 59 internal nodes; 1.6 s; peak memory 917 MiB.
2026-10-05T02:01:43Z INFO [1343/1872] 4966720e-2062-4dda-af44-54c9217abffc: 44 internal nodes; 1.5 s; peak memory 917 MiB.
2026-10-05T02:01:48Z INFO [1344/1872] 49667903-188f-4d07-bc88-a80a0dcf939f: 290 internal nodes; 5.2 s; peak memory 917 MiB.
2026-10-05T02:01:49Z INFO [1345/1872] 4966ce83-1a05-4cb7-a5f1-d64e8ba5ac35: 17 internal nodes; 0.6 s; peak memory 917 MiB.
2026-10-05T02:01:50Z INFO [1346/1872] 4966d1cd-366b-493d-b933-2c2526ceb517: 27 internal nodes; 0.7 s; peak memory 917 MiB.
2026-10-05T02:01:51Z INFO [1347/1872] 496768fa-53e1-4d71-b525-f8c0020afb22: 31 internal nodes; 0.8 s; peak memory 917 MiB.
2026-10-05T02:01:54Z INFO [1348/1872] 4967ad51-e4bb-4023-8b3f-df8f3c5e51d2: 177 internal nodes; 3.7 s; peak memory 917 MiB.
2026-10-05T02:01:55Z INFO [1349/1872] 49683470-e42a-4a57-82f8-41a5dbc9b13c: 17 internal nodes; 0.7 s; peak memory 917 MiB.
2026-10-05T02:01:56Z INFO [1350/1872] 4968861e-549b-4a6e-aedb-360453d41cd0: 17 internal nodes; 0.7 s; peak memory 917 MiB.
2026-10-05T02:01:56Z INFO [1350/1872] 4968861e-549b-4a6e-aedb-360453d41cd0: checkpointed 82232 records.
2026-10-05T02:01:56Z INFO [1351/1872] 4969e639-7934-4965-a131-6427438e94d2: 116 internal nodes; 0.6 s; peak memory 917 MiB.
2026-10-05T02:01:57Z INFO [1352/1872] 496aa412-773c-4391-8c93-a1bf7be157b1: 27 internal nodes; 0.6 s; peak memory 917 MiB.
2026-10-05T02:02:01Z INFO [1353/1872] 496acd2d-4a53-4c58-9b8c-b1a6ffa41908: 55 internal nodes; 3.8 s; peak memory 917 MiB.
2026-10-05T02:02:01Z INFO [1354/1872] 496cd6cc-2e12-4388-bf58-30e18022c6eb: 11 internal nodes; 0.4 s; peak memory 917 MiB.
2026-10-05T02:02:02Z INFO [1355/1872] 496d631d-4e79-4fc1-8acb-ffad91eb0cc8: 17 internal nodes; 0.5 s; peak memory 917 MiB.
2026-10-05T02:02:03Z INFO [1356/1872] 496dd069-d657-4ca3-b17e-b3617d2e3102: 31 internal nodes; 0.9 s; peak memory 917 MiB.
2026-10-05T02:02:06Z INFO [1357/1872] 496de790-fe05-47c6-9a87-028735c1157d: 100 internal nodes; 3.5 s; peak memory 917 MiB.
2026-10-05T02:02:07Z INFO [1358/1872] 496e0526-919b-4dcd-801e-48075180bd86: 31 internal nodes; 0.8 s; peak memory 917 MiB.
2026-10-05T02:02:12Z INFO [1359/1872] 496e2506-958c-407e-bafb-e338b09dca45: 182 internal nodes; 5.1 s; peak memory 917 MiB.
2026-10-05T02:02:13Z INFO [1360/1872] 496ea5de-9c02-4f69-9ba1-1ea803172c0c: 13 internal nodes; 0.6 s; peak memory 917 MiB.
2026-10-05T02:02:17Z INFO [1361/1872] 496efe0d-ad28-42b4-9660-64dfcf7de610: 199 internal nodes; 4.5 s; peak memory 917 MiB.
2026-10-05T02:02:18Z INFO [1362/1872] 496f8fbf-583e-454e-9454-037d564ac5dc: 31 internal nodes; 0.8 s; peak memory 917 MiB.
2026-10-05T02:02:19Z INFO [1363/1872] 49704b68-47da-4d4c-9af9-f935cc7b018e: 27 internal nodes; 0.7 s; peak memory 917 MiB.
2026-10-05T02:02:19Z INFO [1364/1872] 49705177-b429-40dc-9c9d-95baac0e2b75: 16 internal nodes; 0.5 s; peak memory 917 MiB.
2026-10-05T02:02:20Z INFO [1365/1872] 4970f7f6-0109-4402-bddc-e1212bc9facb: 27 internal nodes; 0.6 s; peak memory 917 MiB.
2026-10-05T02:02:21Z INFO [1366/1872] 49722c4f-70b2-4cec-b44c-68bbcfe59294: 29 internal nodes; 0.7 s; peak memory 917 MiB.
2026-10-05T02:02:21Z INFO [1367/1872] 4972c411-a5f7-4722-aabc-b9fb54832c54: 11 internal nodes; 0.4 s; peak memory 917 MiB.
2026-10-05T02:02:22Z INFO [1368/1872] 4974d523-4ace-4a22-8d7e-b68280962881: 39 internal nodes; 1.1 s; peak memory 917 MiB.
2026-10-05T02:02:24Z INFO [1369/1872] 49757438-325e-4225-a3a1-6c51c6ebb11e: 38 internal nodes; 1.5 s; peak memory 917 MiB.
2026-10-05T02:02:24Z INFO [1370/1872] 49760915-9ae9-4674-b33f-904b154df23b: 27 internal nodes; 0.6 s; peak memory 917 MiB.
2026-10-05T02:02:25Z INFO [1371/1872] 4976832c-c34f-47b5-a4b6-b0e5b74e343e: 27 internal nodes; 0.6 s; peak memory 917 MiB.
2026-10-05T02:02:26Z INFO [1372/1872] 49769bc8-5f44-4ff3-8f29-7befd0b90293: 55 internal nodes; 1.4 s; peak memory 917 MiB.
2026-10-05T02:02:27Z INFO [1373/1872] 4976b44e-003f-4f81-bc3c-9f7440b64048: 31 internal nodes; 0.7 s; peak memory 917 MiB.
2026-10-05T02:02:27Z INFO [1374/1872] 4976f7a1-7d2b-4e43-bfba-07cb33148f0c: 13 internal nodes; 0.4 s; peak memory 917 MiB.
2026-10-05T02:02:28Z INFO [1375/1872] 49772e39-f13a-40cd-9782-1784e6947a4c: 27 internal nodes; 0.6 s; peak memory 917 MiB.
2026-10-05T02:02:34Z INFO [1376/1872] 497788b0-6fbd-42a9-9119-c314060b8c7c: 67 internal nodes; 6.3 s; peak memory 917 MiB.
2026-10-05T02:02:35Z INFO [1377/1872] 4978c591-05a0-4280-aa1c-e752833fae79: 21 internal nodes; 0.9 s; peak memory 917 MiB.
2026-10-05T02:02:36Z INFO [1378/1872] 4978c9d4-4bc9-4a56-99e7-fac658d7bc8d: 28 internal nodes; 1.2 s; peak memory 917 MiB.
2026-10-05T02:02:38Z INFO [1379/1872] 4979b9e6-6f1b-4f8a-94bc-41dd7e6a8e18: 44 internal nodes; 1.5 s; peak memory 917 MiB.
2026-10-05T02:02:38Z INFO [1380/1872] 4979fe3d-b92f-4bef-8d73-fd2517a721a3: 18 internal nodes; 0.5 s; peak memory 917 MiB.
2026-10-05T02:02:44Z INFO [1381/1872] 497a11c4-b2cd-4e87-a173-fde39c3216f2: 179 internal nodes; 5.9 s; peak memory 917 MiB.
2026-10-05T02:02:45Z INFO [1382/1872] 497a3c4d-6564-4568-8d78-5dc3a38d9546: 17 internal nodes; 0.6 s; peak memory 917 MiB.
2026-10-05T02:02:45Z INFO [1383/1872] 497b6de6-6b5a-4179-9f51-0628f43831c0: 17 internal nodes; 0.4 s; peak memory 917 MiB.
2026-10-05T02:02:46Z INFO [1384/1872] 497bcf12-cc3e-4bca-ae5f-e18089b94a06: 17 internal nodes; 0.6 s; peak memory 917 MiB.
2026-10-05T02:02:47Z INFO [1385/1872] 497bf778-7918-4d29-83bd-5f8d5d334ddb: 18 internal nodes; 0.8 s; peak memory 917 MiB.
2026-10-05T02:02:47Z INFO [1386/1872] 497c0f3e-53ff-4fd5-a157-d0acc5a4bead: 27 internal nodes; 0.7 s; peak memory 917 MiB.
2026-10-05T02:02:51Z INFO [1387/1872] 497d00ec-c360-4e70-b1a4-d3bb0bca194d: 54 internal nodes; 3.6 s; peak memory 917 MiB.
2026-10-05T02:02:53Z INFO [1388/1872] 497d8272-60c0-4bab-a935-e9f0581dedd7: 41 internal nodes; 2.5 s; peak memory 917 MiB.
2026-10-05T02:02:58Z INFO [1389/1872] 497e68a0-01f7-4fce-8dec-b4bfd364db0b: 135 internal nodes; 4.5 s; peak memory 917 MiB.
2026-10-05T02:02:58Z INFO [1390/1872] 497f9e8e-d51b-4654-a309-0c45a9e426cd: 17 internal nodes; 0.6 s; peak memory 917 MiB.
2026-10-05T02:03:00Z INFO [1391/1872] 49804ae8-f90a-4140-b1c7-51ba86bd565b: 45 internal nodes; 1.7 s; peak memory 917 MiB.
2026-10-05T02:03:01Z INFO [1392/1872] 49804e6e-4dcf-4423-bb3f-64d70edf5414: 17 internal nodes; 0.5 s; peak memory 917 MiB.
2026-10-05T02:03:01Z INFO [1393/1872] 49818a13-c736-47ac-8345-1483c2464b3b: 6 internal nodes; 0.3 s; peak memory 917 MiB.
2026-10-05T02:03:01Z INFO [1394/1872] 49818b1a-bad7-440f-a83c-ba16fe6f5a26: 17 internal nodes; 0.3 s; peak memory 917 MiB.
2026-10-05T02:04:26Z INFO [1395/1872] 49825cf6-8a2b-408d-8798-3c48205e0a81: 567 internal nodes; 84.8 s; peak memory 917 MiB.
2026-10-05T02:04:27Z INFO [1396/1872] 49839026-70dd-4e65-867d-5199b353902d: 17 internal nodes; 0.7 s; peak memory 917 MiB.
2026-10-05T02:04:28Z INFO [1397/1872] 4983c02c-2f44-4478-8e36-0c348ef7a1d0: 27 internal nodes; 0.8 s; peak memory 917 MiB.
2026-10-05T02:04:28Z INFO [1398/1872] 4983cae4-8a57-4eea-9e75-667bfb77aa14: 30 internal nodes; 0.8 s; peak memory 917 MiB.
2026-10-05T02:04:32Z INFO [1399/1872] 4983cbc1-bff0-4ac5-a3a4-b35cc41e7ac9: 167 internal nodes; 3.9 s; peak memory 917 MiB.
2026-10-05T02:04:33Z INFO [1400/1872] 4983e550-6600-413a-9be1-aebc0255c242: 24 internal nodes; 0.9 s; peak memory 917 MiB.
2026-10-05T02:04:34Z INFO [1400/1872] 4983e550-6600-413a-9be1-aebc0255c242: checkpointed 82282 records.
2026-10-05T02:04:34Z INFO [1401/1872] 49851b62-b75e-48ac-a732-cba2991916d6: 17 internal nodes; 0.7 s; peak memory 917 MiB.
2026-10-05T02:04:35Z INFO [1402/1872] 498555c3-5644-4c22-84b7-ee4e3e9f05f8: 20 internal nodes; 0.7 s; peak memory 917 MiB.
2026-10-05T02:04:35Z INFO [1403/1872] 498580ec-532a-4b39-b834-452535d31680: 13 internal nodes; 0.4 s; peak memory 917 MiB.
2026-10-05T02:04:40Z INFO [1404/1872] 49858a8d-ff5a-430a-880c-b0b5a5308d91: 213 internal nodes; 4.6 s; peak memory 917 MiB.
2026-10-05T02:04:41Z INFO [1405/1872] 49863231-0828-49db-b5d1-ae1ba013fd69: 65 internal nodes; 1.4 s; peak memory 917 MiB.
2026-10-05T02:04:42Z INFO [1406/1872] 4986c73f-55fd-4813-9c86-11886bb8bd4c: 95 internal nodes; 0.9 s; peak memory 917 MiB.
2026-10-05T02:04:46Z INFO [1407/1872] 49873c4c-36bd-4c28-b652-c046e67d1017: 41 internal nodes; 3.9 s; peak memory 917 MiB.
2026-10-05T02:04:47Z INFO [1408/1872] 4988917d-8182-4bd8-9e38-dd38c94c08fa: 13 internal nodes; 0.6 s; peak memory 917 MiB.
2026-10-05T02:04:47Z INFO [1409/1872] 4988b6c4-a7ef-4d81-b465-f4cc83ff62fd: 95 internal nodes; 0.8 s; peak memory 917 MiB.
2026-10-05T02:04:48Z INFO [1410/1872] 4988c86a-0d38-4d75-9244-6515f0cc0cab: 31 internal nodes; 0.7 s; peak memory 917 MiB.
2026-10-05T02:04:49Z INFO [1411/1872] 4988f865-8ecd-4bd7-a211-8d5071f45e5a: 27 internal nodes; 0.6 s; peak memory 917 MiB.
2026-10-05T02:04:50Z INFO [1412/1872] 498b2f6a-1027-4fcc-a82d-82fb405c4978: 53 internal nodes; 0.9 s; peak memory 917 MiB.
2026-10-05T02:04:50Z INFO [1413/1872] 498be83f-e170-44da-96b9-73f7b872234b: 17 internal nodes; 0.8 s; peak memory 917 MiB.
2026-10-05T02:04:51Z INFO [1414/1872] 498cc0fe-890f-4014-8da6-faa0c8dd4d25: 17 internal nodes; 0.6 s; peak memory 917 MiB.
2026-10-05T02:04:52Z INFO [1415/1872] 498d279c-c11a-46c8-8e6e-d29f311195d0: 27 internal nodes; 0.7 s; peak memory 917 MiB.
2026-10-05T02:04:52Z INFO [1416/1872] 498f65fc-a5dd-4450-a783-aac926493c8e: 25 internal nodes; 0.4 s; peak memory 917 MiB.
2026-10-05T02:04:53Z INFO [1417/1872] 498f7502-a60b-4344-97e1-47396abaae9c: 17 internal nodes; 0.6 s; peak memory 917 MiB.
2026-10-05T02:04:53Z INFO [1418/1872] 498f7f6a-84e7-4f8a-b849-3c0f2b8308ab: 28 internal nodes; 0.5 s; peak memory 917 MiB.
2026-10-05T02:04:57Z INFO [1419/1872] 498f8c00-2b5e-4d5d-a3b5-79c97ae6f600: 145 internal nodes; 3.8 s; peak memory 917 MiB.
2026-10-05T02:04:58Z INFO [1420/1872] 4990a74b-3855-439e-8df6-4a955edb38cd: 37 internal nodes; 0.9 s; peak memory 917 MiB.
2026-10-05T02:04:59Z INFO [1421/1872] 49931cd3-617f-4ca1-a284-8532cd478620: 71 internal nodes; 0.7 s; peak memory 917 MiB.
2026-10-05T02:05:03Z INFO [1422/1872] 4994123a-aada-45ed-a754-67ae7389b312: 223 internal nodes; 4.8 s; peak memory 917 MiB.
2026-10-05T02:05:04Z INFO [1423/1872] 49941fcb-b9f3-4e49-aa2e-1424f4c17c63: 17 internal nodes; 0.5 s; peak memory 917 MiB.
2026-10-05T02:05:05Z INFO [1424/1872] 49943cc4-5e98-4971-bb8e-0a8a42328059: 17 internal nodes; 0.5 s; peak memory 917 MiB.
2026-10-05T02:05:05Z INFO [1425/1872] 49944c1c-ff35-487f-8577-13168afd924f: 17 internal nodes; 0.7 s; peak memory 917 MiB.
2026-10-05T02:05:06Z INFO [1426/1872] 4994c6ae-7348-4ad4-bb7f-399a0628a017: 17 internal nodes; 0.6 s; peak memory 917 MiB.
2026-10-05T02:05:07Z INFO [1427/1872] 4994e4d1-73c4-481d-9f80-ccd95be8efdc: 67 internal nodes; 1.1 s; peak memory 917 MiB.
2026-10-05T02:05:07Z INFO [1428/1872] 4994f2a8-7e74-4872-92be-37a14da73b7e: 11 internal nodes; 0.3 s; peak memory 917 MiB.
2026-10-05T02:05:08Z INFO [1429/1872] 499536ea-43d2-4fb2-9b7a-685cced0dc08: 13 internal nodes; 0.7 s; peak memory 917 MiB.
2026-10-05T02:05:09Z INFO [1430/1872] 4995f5ad-2527-45a0-bb93-066e2bd2e83f: 23 internal nodes; 1.0 s; peak memory 917 MiB.
2026-10-05T02:05:09Z INFO [1431/1872] 49973d9a-0617-4e6f-845a-59ff76ef83d9: 58 internal nodes; 0.4 s; peak memory 917 MiB.
2026-10-05T02:05:10Z INFO [1432/1872] 4997c090-8c38-4978-b7d8-334d708be7f8: 31 internal nodes; 0.7 s; peak memory 917 MiB.
2026-10-05T02:05:12Z INFO [1433/1872] 4997d065-0918-4483-9821-5120cdafa88b: 46 internal nodes; 1.7 s; peak memory 917 MiB.
2026-10-05T02:05:12Z INFO [1434/1872] 4998b475-7b8f-4d22-9b82-08b94146ac08: 13 internal nodes; 0.3 s; peak memory 917 MiB.
2026-10-05T02:05:13Z INFO [1435/1872] 49990a5e-deb6-46ab-a2b5-2b93ba635091: 26 internal nodes; 0.3 s; peak memory 917 MiB.
2026-10-05T02:05:13Z INFO [1436/1872] 49992a60-dd89-4fb6-8870-9517f60fdf5f: 19 internal nodes; 0.7 s; peak memory 917 MiB.
2026-10-05T02:05:14Z INFO [1437/1872] 49996258-ca38-4e8f-be54-00b9fe2a0eab: 31 internal nodes; 1.0 s; peak memory 917 MiB.
2026-10-05T02:05:17Z INFO [1438/1872] 499a0d06-811f-4309-802d-44929a6bb9fe: 115 internal nodes; 2.9 s; peak memory 917 MiB.
2026-10-05T02:05:18Z INFO [1439/1872] 499a33f6-5118-498a-824e-06f9a21a099c: 31 internal nodes; 0.9 s; peak memory 917 MiB.
2026-10-05T02:05:19Z INFO [1440/1872] 499aa11b-ef9d-4288-a8a4-e4be93beea0a: 53 internal nodes; 0.9 s; peak memory 917 MiB.
2026-10-05T02:05:19Z INFO [1441/1872] 499b7c19-77ff-48d4-83b6-502b1ca6b388: 26 internal nodes; 0.4 s; peak memory 917 MiB.
2026-10-05T02:05:20Z INFO [1442/1872] 499cc39e-c8f3-49d5-83aa-ed55830aeb62: 11 internal nodes; 0.3 s; peak memory 917 MiB.
2026-10-05T02:05:20Z INFO [1443/1872] 499cee4d-a2db-4198-be86-d8b260837e32: 27 internal nodes; 0.6 s; peak memory 917 MiB.
2026-10-05T02:05:21Z INFO [1444/1872] 499eac63-6635-4fc9-a360-b46a750bad5b: 19 internal nodes; 0.6 s; peak memory 917 MiB.
2026-10-05T02:05:22Z INFO [1445/1872] 499ed41a-1d40-42ff-8efe-07364d4d80e9: 90 internal nodes; 0.7 s; peak memory 917 MiB.
2026-10-05T02:05:22Z INFO [1446/1872] 499edc1f-1d07-4b53-b52a-89759e50b1ba: 31 internal nodes; 0.8 s; peak memory 917 MiB.
2026-10-05T02:05:23Z INFO [1447/1872] 499fb4d7-0dce-4004-94e0-eabbf28ad8cb: 17 internal nodes; 0.7 s; peak memory 917 MiB.
2026-10-05T02:05:23Z INFO [1448/1872] 49a0e988-6521-4bff-9d53-cfa33669a1c5: 17 internal nodes; 0.3 s; peak memory 917 MiB.
2026-10-05T02:05:24Z INFO [1449/1872] 49a0fbaf-e121-4f49-ae6e-4fc5c857a0d6: 17 internal nodes; 0.6 s; peak memory 917 MiB.
2026-10-05T02:05:25Z INFO [1450/1872] 49a32a95-140b-4679-9605-6b36210ad386: 17 internal nodes; 0.5 s; peak memory 917 MiB.
2026-10-05T02:05:25Z INFO [1450/1872] 49a32a95-140b-4679-9605-6b36210ad386: checkpointed 82332 records.
2026-10-05T02:05:26Z INFO [1451/1872] 49a39a2a-384b-4d3b-be60-dfa2503af47e: 29 internal nodes; 0.7 s; peak memory 917 MiB.
2026-10-05T02:05:26Z INFO [1452/1872] 49a406f3-7822-4e31-ae80-a22690bb3185: 17 internal nodes; 0.7 s; peak memory 917 MiB.
2026-10-05T02:05:30Z INFO [1453/1872] 49a46f4d-0fca-45c6-bcdc-2843b1d6ed31: 141 internal nodes; 4.0 s; peak memory 917 MiB.
2026-10-05T02:05:32Z INFO [1454/1872] 49a4b660-afbe-4cbb-89bf-8b3f2007379d: 44 internal nodes; 1.9 s; peak memory 917 MiB.
2026-10-05T02:05:33Z INFO [1455/1872] 49a4cf5b-2f7c-4689-817e-f3bd49d69669: 27 internal nodes; 0.6 s; peak memory 917 MiB.
2026-10-05T02:05:34Z INFO [1456/1872] 49a4eee2-8049-45c7-8a74-e0fd2d936e56: 62 internal nodes; 0.9 s; peak memory 917 MiB.
2026-10-05T02:05:34Z INFO [1457/1872] 49a5213c-3422-4d22-9862-9e5ade06e952: 17 internal nodes; 0.5 s; peak memory 917 MiB.
2026-10-05T02:05:35Z INFO [1458/1872] 49a53839-b851-4d25-a772-01400d5de7ef: 16 internal nodes; 0.4 s; peak memory 917 MiB.
2026-10-05T02:05:35Z INFO [1459/1872] 49a54fba-e1d9-4f1c-9422-afc24f8640d1: 17 internal nodes; 0.6 s; peak memory 917 MiB.
2026-10-05T02:05:36Z INFO [1460/1872] 49a56a64-f12d-412c-be71-40339d59c043: 27 internal nodes; 0.5 s; peak memory 917 MiB.
2026-10-05T02:05:36Z INFO [1461/1872] 49a616c4-5550-44ac-9391-34daa1b3d62e: 17 internal nodes; 0.7 s; peak memory 917 MiB.
2026-10-05T02:05:38Z INFO [1462/1872] 49a62ae8-00dc-4dfd-aa78-84f76dfb4404: 48 internal nodes; 1.7 s; peak memory 917 MiB.
2026-10-05T02:05:39Z INFO [1463/1872] 49a64729-a52f-42ca-8ec6-028d3af82f02: 31 internal nodes; 0.8 s; peak memory 917 MiB.
2026-10-05T02:05:40Z INFO [1464/1872] 49a674eb-e96a-4290-ab68-c44946b1c44a: 17 internal nodes; 1.0 s; peak memory 917 MiB.
2026-10-05T02:05:47Z INFO [1465/1872] 49a72fae-440b-494c-a1f4-6beaa68b3c37: 300 internal nodes; 6.8 s; peak memory 917 MiB.
2026-10-05T02:05:47Z INFO [1466/1872] 49a77ec3-21d5-47e2-a7bd-bde5cf4e1f0d: 29 internal nodes; 0.7 s; peak memory 917 MiB.
2026-10-05T02:05:48Z INFO [1467/1872] 49a79400-7cd0-4096-8545-ac9587b5e24f: 31 internal nodes; 0.9 s; peak memory 917 MiB.
2026-10-05T02:05:55Z INFO [1468/1872] 49a7cd6a-9ac5-40ac-be95-c49b739504ac: 44 internal nodes; 7.0 s; peak memory 917 MiB.
2026-10-05T02:05:56Z INFO [1469/1872] 49a7e4d2-961f-427a-bece-d09febe35358: 24 internal nodes; 0.8 s; peak memory 917 MiB.
2026-10-05T02:05:57Z INFO [1470/1872] 49a7f38b-a444-40be-b02f-8dcd0265147d: 17 internal nodes; 0.6 s; peak memory 917 MiB.
2026-10-05T02:05:57Z INFO [1471/1872] 49a8027b-b609-4745-93b2-df521e498e6d: 63 internal nodes; 0.7 s; peak memory 917 MiB.
2026-10-05T02:05:58Z INFO [1472/1872] 49a9bd41-4238-44c9-92ee-8804d16bf7f0: 13 internal nodes; 0.3 s; peak memory 917 MiB.
2026-10-05T02:05:58Z INFO [1473/1872] 49a9ca08-aebe-428f-9833-1db4660c01d8: 27 internal nodes; 0.6 s; peak memory 917 MiB.
2026-10-05T02:05:59Z INFO [1474/1872] 49aac4c0-94f8-4056-9161-4de451884216: 83 internal nodes; 0.7 s; peak memory 917 MiB.
2026-10-05T02:05:59Z INFO [1475/1872] 49ab33b1-e353-47a8-86aa-0c363e20e0fa: 23 internal nodes; 0.3 s; peak memory 917 MiB.
2026-10-05T02:06:07Z INFO [1476/1872] 49ac2812-8e7b-4a3a-b36e-af4e86282d0f: 273 internal nodes; 7.9 s; peak memory 917 MiB.
2026-10-05T02:06:08Z INFO [1477/1872] 49adbabd-19b1-4c6b-9cb9-7ee33e3187e5: 17 internal nodes; 0.7 s; peak memory 917 MiB.
2026-10-05T02:06:09Z INFO [1478/1872] 49ae8fd9-ecae-4942-8fc4-8e1d8dc06391: 65 internal nodes; 0.9 s; peak memory 917 MiB.
2026-10-05T02:06:09Z INFO [1479/1872] 49aeafa4-13fd-4ce9-9596-59d15c3a86b1: 21 internal nodes; 0.3 s; peak memory 917 MiB.
2026-10-05T02:06:10Z INFO [1480/1872] 49aef526-3f97-4d85-8578-2a3487232312: 44 internal nodes; 1.2 s; peak memory 917 MiB.
2026-10-05T02:06:11Z INFO [1481/1872] 49af1bdb-1790-4a42-86be-0602dbb0a268: 17 internal nodes; 0.6 s; peak memory 917 MiB.
2026-10-05T02:06:12Z INFO [1482/1872] 49b0aacf-fa50-4d49-9b92-1c1c0d89755a: 17 internal nodes; 0.6 s; peak memory 917 MiB.
2026-10-05T02:06:13Z INFO [1483/1872] 49b117ab-f921-431b-9cfd-e67ed509e5ff: 13 internal nodes; 1.1 s; peak memory 917 MiB.
2026-10-05T02:06:13Z INFO [1484/1872] 49b16d26-e16b-45b0-8cde-77a25ea7eb38: 19 internal nodes; 0.6 s; peak memory 917 MiB.
2026-10-05T02:06:14Z INFO [1485/1872] 49b1730d-df83-4301-a3e6-26526752daa1: 31 internal nodes; 0.7 s; peak memory 917 MiB.
2026-10-05T02:06:15Z INFO [1486/1872] 49b24e26-40bc-4e2e-8803-b0cc1346b778: 34 internal nodes; 0.6 s; peak memory 917 MiB.
2026-10-05T02:06:15Z INFO [1487/1872] 49b2fcea-20dd-48da-beec-462c544baa24: 17 internal nodes; 0.6 s; peak memory 917 MiB.
2026-10-05T02:06:16Z INFO [1488/1872] 49b3259e-5e3f-41db-b3f8-863126dd2fa4: 23 internal nodes; 0.7 s; peak memory 917 MiB.
2026-10-05T02:06:20Z INFO [1489/1872] 49b3b56a-7bd3-48cc-954c-3c4eef6e2c9f: 198 internal nodes; 4.3 s; peak memory 917 MiB.
2026-10-05T02:06:23Z INFO [1490/1872] 49b3e4c6-bfa3-40a0-9563-3a7936907915: 59 internal nodes; 3.2 s; peak memory 917 MiB.
2026-10-05T02:06:30Z INFO [1491/1872] 49b3f268-3ee4-4af3-ad88-79ed314979f2: 270 internal nodes; 6.1 s; peak memory 917 MiB.
2026-10-05T02:06:31Z INFO [1492/1872] 49b4e1a7-4f01-4924-97e8-2c2fc4069437: 59 internal nodes; 1.1 s; peak memory 917 MiB.
2026-10-05T02:06:32Z INFO [1493/1872] 49b5a8f5-7649-4627-8637-26a43815439c: 30 internal nodes; 0.9 s; peak memory 917 MiB.
2026-10-05T02:06:32Z INFO [1494/1872] 49b5aa67-e901-48d4-891d-3072615667e7: 17 internal nodes; 0.8 s; peak memory 917 MiB.
2026-10-05T02:06:37Z INFO [1495/1872] 49b61f4c-51ad-4c99-bdb7-7e89dd81633b: 25 internal nodes; 4.4 s; peak memory 917 MiB.
2026-10-05T02:06:38Z INFO [1496/1872] 49b6a49b-13c6-4a62-a4f1-3ba9efff41d2: 17 internal nodes; 0.8 s; peak memory 917 MiB.
2026-10-05T02:06:38Z INFO [1497/1872] 49b6ef4b-6e94-4037-ade5-6d9f7b7faa5e: 17 internal nodes; 0.7 s; peak memory 917 MiB.
2026-10-05T02:06:39Z INFO [1498/1872] 49b70416-8033-4310-866e-0b8618279106: 17 internal nodes; 0.6 s; peak memory 917 MiB.
2026-10-05T02:06:39Z INFO [1499/1872] 49b86514-0037-4f01-afc5-437ce749403f: 31 internal nodes; 0.7 s; peak memory 917 MiB.
2026-10-05T02:06:40Z INFO [1500/1872] 49b8de71-26f8-4eaf-855c-b76f90f0e356: 27 internal nodes; 0.6 s; peak memory 917 MiB.
2026-10-05T02:06:40Z INFO [1500/1872] 49b8de71-26f8-4eaf-855c-b76f90f0e356: checkpointed 82382 records.
2026-10-05T02:06:41Z INFO [1501/1872] 49b9ae91-03d2-4916-9c61-b5f46ff0f0ef: 41 internal nodes; 0.5 s; peak memory 917 MiB.
2026-10-05T02:06:42Z INFO [1502/1872] 49ba36b6-d061-4853-901a-8b16157194f6: 25 internal nodes; 0.8 s; peak memory 917 MiB.
2026-10-05T02:06:42Z INFO [1503/1872] 49babcd8-2ca9-4c97-afb8-eb269f0883ae: 31 internal nodes; 0.6 s; peak memory 917 MiB.
2026-10-05T02:06:43Z INFO [1504/1872] 49bb6713-7db2-4513-bf91-06a9aa474615: 11 internal nodes; 0.4 s; peak memory 917 MiB.
2026-10-05T02:06:43Z INFO [1505/1872] 49bc111f-0862-4847-8d5f-9939a75b0d64: 27 internal nodes; 0.7 s; peak memory 917 MiB.
2026-10-05T02:06:44Z INFO [1506/1872] 49bcbce7-3c64-4a9a-b162-001b2a162d85: 27 internal nodes; 0.6 s; peak memory 917 MiB.
2026-10-05T02:06:48Z INFO [1507/1872] 49bccf2b-9354-40f2-82f4-a3ae69192ec7: 363 internal nodes; 3.9 s; peak memory 917 MiB.
2026-10-05T02:06:49Z INFO [1508/1872] 49bd5bda-8a07-42d9-9051-602569ecfb3a: 17 internal nodes; 0.7 s; peak memory 917 MiB.
2026-10-05T02:06:49Z INFO [1509/1872] 49bf2bbc-b764-4d58-bae9-6a5f27d4e43a: 17 internal nodes; 0.7 s; peak memory 917 MiB.
2026-10-05T02:06:50Z INFO [1510/1872] 49c12d3d-b67f-4bbd-89a5-4a65c70a9e38: 19 internal nodes; 0.6 s; peak memory 917 MiB.
2026-10-05T02:06:50Z INFO [1511/1872] 49c1836d-8306-4c6f-ad12-1bb5f1cfa59c: 13 internal nodes; 0.3 s; peak memory 917 MiB.
2026-10-05T02:06:51Z INFO [1512/1872] 49c24ff3-5d45-4835-a51a-38b6e97c9cae: 17 internal nodes; 0.8 s; peak memory 917 MiB.
2026-10-05T02:06:55Z INFO [1513/1872] 49c29c7b-62f5-4f6b-af53-ae242f36f0cb: 54 internal nodes; 4.1 s; peak memory 917 MiB.
2026-10-05T02:06:56Z INFO [1514/1872] 49c2f0a3-bb52-48f7-9bb0-4e7f06b102cc: 24 internal nodes; 0.8 s; peak memory 917 MiB.
2026-10-05T02:07:06Z INFO [1515/1872] 49c36c51-4a7e-4c15-b2a4-329260a5c5be: 367 internal nodes; 9.8 s; peak memory 917 MiB.
2026-10-05T02:07:06Z INFO [1516/1872] 49c573e6-baa5-48af-b483-3aa58fa259f2: 31 internal nodes; 0.7 s; peak memory 917 MiB.
2026-10-05T02:07:08Z INFO [1517/1872] 49c5754b-a638-4924-8022-b4f999755ad9: 59 internal nodes; 1.2 s; peak memory 917 MiB.
2026-10-05T02:07:08Z INFO [1518/1872] 49c579d0-c3f1-4aa3-b9af-72daebafa96e: 26 internal nodes; 0.4 s; peak memory 917 MiB.
2026-10-05T02:07:09Z INFO [1519/1872] 49c6109b-bb6f-47dd-b0d9-f1db662e229f: 17 internal nodes; 0.6 s; peak memory 917 MiB.
2026-10-05T02:07:09Z INFO [1520/1872] 49c6362a-1fea-4314-b80f-9018dc24ffc4: 17 internal nodes; 0.7 s; peak memory 917 MiB.
2026-10-05T02:07:10Z INFO [1521/1872] 49c889f1-58d3-43ce-8f71-1c21ed35f9dd: 119 internal nodes; 0.7 s; peak memory 917 MiB.
2026-10-05T02:07:12Z INFO [1522/1872] 49c940c4-ca5d-4338-8685-33a9e2d04b13: 45 internal nodes; 2.3 s; peak memory 917 MiB.
2026-10-05T02:07:13Z INFO [1523/1872] 49ca1516-839e-4a20-8a9e-b41d6034a4c6: 24 internal nodes; 0.9 s; peak memory 917 MiB.
2026-10-05T02:07:22Z INFO [1524/1872] 49ca20ae-4668-4aa6-b46e-66dc6eb23a2d: 198 internal nodes; 9.3 s; peak memory 917 MiB.
2026-10-05T02:07:23Z INFO [1525/1872] 49ca6850-961c-4d5a-9c76-3b4f85bcc8f0: 31 internal nodes; 0.8 s; peak memory 917 MiB.
2026-10-05T02:07:24Z INFO [1526/1872] 49cacf82-395d-408f-944b-4ba85cfabae0: 31 internal nodes; 0.9 s; peak memory 917 MiB.
2026-10-05T02:07:25Z INFO [1527/1872] 49cbdbea-5a4e-40fb-9b46-99cb1b8c554a: 17 internal nodes; 0.7 s; peak memory 917 MiB.
2026-10-05T02:07:25Z INFO [1528/1872] 49cced88-02ff-43e5-9462-f9bccf2637df: 31 internal nodes; 0.7 s; peak memory 917 MiB.
2026-10-05T02:07:26Z INFO [1529/1872] 49cd406d-b497-45fd-97fb-b0317d8716c9: 27 internal nodes; 0.6 s; peak memory 917 MiB.
2026-10-05T02:07:31Z INFO [1530/1872] 49ce6246-5116-46be-bf95-c51dc3ba470e: 42 internal nodes; 5.1 s; peak memory 917 MiB.
2026-10-05T02:07:32Z INFO [1531/1872] 49d00a51-ca32-4fd3-a493-f73572f31114: 55 internal nodes; 0.6 s; peak memory 917 MiB.
2026-10-05T02:07:32Z INFO [1532/1872] 49d0e2de-78eb-4705-bc17-b4fb8e5c2631: 31 internal nodes; 0.8 s; peak memory 917 MiB.
2026-10-05T02:07:33Z INFO [1533/1872] 49d0eed7-35b9-41ce-9fe9-75c5c2cd666a: 28 internal nodes; 1.0 s; peak memory 917 MiB.
2026-10-05T02:07:34Z INFO [1534/1872] 49d167ac-4942-49d5-a74c-b24b21a9663c: 24 internal nodes; 0.8 s; peak memory 917 MiB.
2026-10-05T02:07:35Z INFO [1535/1872] 49d38443-fa5c-400d-bf4d-b1b09df6d876: 29 internal nodes; 0.5 s; peak memory 917 MiB.
2026-10-05T02:07:36Z INFO [1536/1872] 49d3b24e-8c0a-4585-8f99-b64fbc4c9857: 31 internal nodes; 0.8 s; peak memory 917 MiB.
2026-10-05T02:07:36Z INFO [1537/1872] 49d51c46-5826-4cc6-8bb1-1d2fe134456c: 17 internal nodes; 0.6 s; peak memory 917 MiB.
2026-10-05T02:07:37Z INFO [1538/1872] 49d60c06-44a6-45bd-a37d-6e7911b1f9fe: 27 internal nodes; 0.5 s; peak memory 917 MiB.
2026-10-05T02:07:38Z INFO [1539/1872] 49d638c3-44c5-4443-9abc-fc278ff6b591: 31 internal nodes; 0.8 s; peak memory 917 MiB.
2026-10-05T02:07:38Z INFO [1540/1872] 49d6449f-d9df-4c30-a2bb-ab1a327b0fab: 31 internal nodes; 0.7 s; peak memory 917 MiB.
2026-10-05T02:07:39Z INFO [1541/1872] 49d67c26-6501-420f-b041-d7d0fbf34feb: 17 internal nodes; 0.7 s; peak memory 917 MiB.
2026-10-05T02:07:39Z INFO [1542/1872] 49d736c9-210e-48e9-974f-2f5298125db2: 29 internal nodes; 0.5 s; peak memory 917 MiB.
2026-10-05T02:07:40Z INFO [1543/1872] 49d7ae71-c219-4793-bd4a-dbde5fa001f7: 17 internal nodes; 0.6 s; peak memory 917 MiB.
2026-10-05T02:07:41Z INFO [1544/1872] 49d7bc03-5132-4bff-b881-e87077996436: 17 internal nodes; 0.6 s; peak memory 917 MiB.
2026-10-05T02:07:41Z INFO [1545/1872] 49d7f6a7-c74b-4ddc-bc56-331b3cf9eba7: 17 internal nodes; 0.5 s; peak memory 917 MiB.
2026-10-05T02:07:42Z INFO [1546/1872] 49d825d5-e44f-48d2-a763-2a489eac9f4d: 116 internal nodes; 0.7 s; peak memory 917 MiB.
2026-10-05T02:07:42Z INFO [1547/1872] 49d83986-eb42-481f-8d71-f1cab2768237: 13 internal nodes; 0.3 s; peak memory 917 MiB.
2026-10-05T02:07:43Z INFO [1548/1872] 49d8aa5b-df93-4525-a244-fa6febb7cb62: 17 internal nodes; 0.5 s; peak memory 917 MiB.
2026-10-05T02:07:44Z INFO [1549/1872] 49d8ca8f-6296-4b2e-8cf9-efbdb65d8df6: 30 internal nodes; 1.3 s; peak memory 917 MiB.
2026-10-05T02:07:45Z INFO [1550/1872] 49d8da4b-f4a5-4d07-9785-45051528bddc: 95 internal nodes; 0.9 s; peak memory 917 MiB.
2026-10-05T02:07:45Z INFO [1550/1872] 49d8da4b-f4a5-4d07-9785-45051528bddc: checkpointed 82432 records.
2026-10-05T02:07:46Z INFO [1551/1872] 49d944cd-d6cc-447f-ba7f-b619de764da7: 31 internal nodes; 0.9 s; peak memory 917 MiB.
2026-10-05T02:07:47Z INFO [1552/1872] 49d98732-dfb0-48b6-b00a-9add56a5174d: 30 internal nodes; 1.1 s; peak memory 917 MiB.
2026-10-05T02:07:48Z INFO [1553/1872] 49d9a4de-04bd-4d06-b159-460a23400696: 23 internal nodes; 0.8 s; peak memory 917 MiB.
2026-10-05T02:07:48Z INFO [1554/1872] 49da67c0-6e0d-4603-9469-40d87e859ab4: 17 internal nodes; 0.6 s; peak memory 917 MiB.
2026-10-05T02:07:49Z INFO [1555/1872] 49da6e6e-0eed-4841-915d-8e4cd2fc2ef3: 27 internal nodes; 0.6 s; peak memory 917 MiB.
2026-10-05T02:07:50Z INFO [1556/1872] 49db8feb-0b9a-40f6-8cfb-a84846a57f03: 27 internal nodes; 0.6 s; peak memory 917 MiB.
2026-10-05T02:07:50Z INFO [1557/1872] 49dc1e39-b7f8-4108-96eb-870613708124: 31 internal nodes; 0.7 s; peak memory 917 MiB.
2026-10-05T02:07:52Z INFO [1558/1872] 49dc5362-f06c-456a-a8e8-36115f48d710: 65 internal nodes; 1.4 s; peak memory 917 MiB.
2026-10-05T02:07:59Z INFO [1559/1872] 49dd3ddf-8fa3-4fb5-8995-4c48fd4625c5: 242 internal nodes; 6.9 s; peak memory 917 MiB.
2026-10-05T02:08:00Z INFO [1560/1872] 49dde529-bb8f-46cf-b2df-0d4dab3e4fc0: 24 internal nodes; 0.8 s; peak memory 917 MiB.
2026-10-05T02:08:00Z INFO [1561/1872] 49de076c-ef14-4b12-aaac-377d567af33f: 27 internal nodes; 0.7 s; peak memory 917 MiB.
2026-10-05T02:08:01Z INFO [1562/1872] 49dfdbc2-cb07-460e-90e6-3bb49b684947: 31 internal nodes; 0.7 s; peak memory 917 MiB.
2026-10-05T02:08:02Z INFO [1563/1872] 49e01ed4-b0d3-4e16-b5ae-52da140c93f6: 17 internal nodes; 0.6 s; peak memory 917 MiB.
2026-10-05T02:08:06Z INFO [1564/1872] 49e04c9c-43ad-499e-8f15-c2d929aef73a: 278 internal nodes; 4.4 s; peak memory 917 MiB.
2026-10-05T02:08:23Z INFO [1565/1872] 49e0ee2f-1245-4422-a70e-8564693b49e2: 66 internal nodes; 17.3 s; peak memory 917 MiB.
2026-10-05T02:08:24Z INFO [1566/1872] 49e18e40-48b4-4443-923f-d21f9dbe9202: 27 internal nodes; 0.6 s; peak memory 917 MiB.
2026-10-05T02:08:25Z INFO [1567/1872] 49e22e7a-8996-491f-b821-c044986c4dcf: 17 internal nodes; 0.7 s; peak memory 917 MiB.
2026-10-05T02:08:25Z INFO [1568/1872] 49e27878-2a12-454d-9f7c-7f4b3da45ba6: 17 internal nodes; 0.7 s; peak memory 917 MiB.
2026-10-05T02:08:26Z INFO [1569/1872] 49e2a547-1821-412a-878d-8794d8e939e6: 37 internal nodes; 0.9 s; peak memory 917 MiB.
2026-10-05T02:08:27Z INFO [1570/1872] 49e2b04c-4843-4241-b337-9a8b418c75e7: 31 internal nodes; 0.9 s; peak memory 917 MiB.
2026-10-05T02:08:28Z INFO [1571/1872] 49e2fcff-eee7-4dac-8e4e-31f1d3f23ed7: 119 internal nodes; 0.7 s; peak memory 917 MiB.
2026-10-05T02:08:28Z INFO [1572/1872] 49e3e323-0953-4ff7-93f2-7e143468a1f8: 19 internal nodes; 0.8 s; peak memory 917 MiB.
2026-10-05T02:08:29Z INFO [1573/1872] 49e42ae7-43eb-4031-956c-83ab54d4b4f7: 31 internal nodes; 0.8 s; peak memory 917 MiB.
2026-10-05T02:08:30Z INFO [1574/1872] 49e46bc3-6731-444e-a777-165741347ba3: 115 internal nodes; 0.6 s; peak memory 917 MiB.
2026-10-05T02:08:30Z INFO [1575/1872] 49e4bd49-af7b-4400-89cb-029097e6327a: 20 internal nodes; 0.4 s; peak memory 917 MiB.
2026-10-05T02:08:31Z INFO [1576/1872] 49e518bf-ac11-4dff-a81b-3088fa5c5d88: 17 internal nodes; 0.7 s; peak memory 917 MiB.
2026-10-05T02:08:31Z INFO [1577/1872] 49e56c61-187f-4518-8a80-e4e448b2fa12: 17 internal nodes; 0.6 s; peak memory 917 MiB.
2026-10-05T02:08:35Z INFO [1578/1872] 49e59c7b-fcbc-4c03-a269-067a8d32e001: 177 internal nodes; 3.9 s; peak memory 917 MiB.
2026-10-05T02:08:36Z INFO [1579/1872] 49e5f284-d087-4f55-bf56-82a914d10cfa: 17 internal nodes; 0.7 s; peak memory 917 MiB.
2026-10-05T02:08:38Z INFO [1580/1872] 49e80ef0-b1eb-4873-aacc-d9647a22bb0a: 50 internal nodes; 2.2 s; peak memory 917 MiB.
2026-10-05T02:08:39Z INFO [1581/1872] 49e821c5-1ae1-440e-9fb1-1059f9e117c8: 31 internal nodes; 1.0 s; peak memory 917 MiB.
2026-10-05T02:08:40Z INFO [1582/1872] 49e85f1f-57bc-4697-bdfc-95f0940b3690: 36 internal nodes; 0.9 s; peak memory 917 MiB.
2026-10-05T02:08:41Z INFO [1583/1872] 49e87c7e-cea9-478b-a677-067a4970bea4: 29 internal nodes; 0.9 s; peak memory 917 MiB.
2026-10-05T02:08:42Z INFO [1584/1872] 49e992d4-fbc1-4212-a15a-e45d0c535bcf: 53 internal nodes; 1.0 s; peak memory 917 MiB.
2026-10-05T02:08:43Z INFO [1585/1872] 49ea1ca5-39ee-4c58-adec-ac9c815206a6: 66 internal nodes; 1.5 s; peak memory 917 MiB.
2026-10-05T02:08:44Z INFO [1586/1872] 49ea489c-f513-40c8-8950-58418ad09a73: 115 internal nodes; 0.5 s; peak memory 917 MiB.
2026-10-05T02:08:44Z INFO [1587/1872] 49ea7ec6-e8c3-410b-9a64-aa786c54f93a: 20 internal nodes; 0.4 s; peak memory 917 MiB.
2026-10-05T02:08:45Z INFO [1588/1872] 49eabc54-54c4-4391-8412-da10f41df139: 58 internal nodes; 0.8 s; peak memory 917 MiB.
2026-10-05T02:08:46Z INFO [1589/1872] 49ebc5dc-4ddd-4b38-95fb-c9160d451ea4: 90 internal nodes; 0.7 s; peak memory 917 MiB.
2026-10-05T02:08:46Z INFO [1590/1872] 49ed8e49-640a-49ce-bd9f-288dd396a665: 13 internal nodes; 0.3 s; peak memory 917 MiB.
2026-10-05T02:08:48Z INFO [1591/1872] 49eda484-bb14-4faa-a80e-4856438d30dc: 44 internal nodes; 1.4 s; peak memory 917 MiB.
2026-10-05T02:08:49Z INFO [1592/1872] 49ee5189-6402-443f-a2ef-f7e18cdae899: 37 internal nodes; 0.9 s; peak memory 917 MiB.
2026-10-05T02:08:49Z INFO [1593/1872] 49eedf72-6eb4-4379-8d1f-ea22b47446e6: 19 internal nodes; 0.5 s; peak memory 917 MiB.
2026-10-05T02:08:50Z INFO [1594/1872] 49eefe0f-dda0-4a13-9bc6-26f82441321c: 17 internal nodes; 0.6 s; peak memory 917 MiB.
2026-10-05T02:08:53Z INFO [1595/1872] 49ef7337-8ca6-4ced-b95f-f703710854a7: 73 internal nodes; 3.5 s; peak memory 917 MiB.
2026-10-05T02:08:54Z INFO [1596/1872] 49efc8bc-ed68-4f74-a551-365b8e7b303b: 17 internal nodes; 0.7 s; peak memory 917 MiB.
2026-10-05T02:08:55Z INFO [1597/1872] 49efd8d1-0adc-48fd-a954-ee91f626f690: 31 internal nodes; 0.7 s; peak memory 917 MiB.
2026-10-05T02:08:55Z INFO [1598/1872] 49f2165f-b2e7-4f59-bbc4-e630b0c5178f: 13 internal nodes; 0.4 s; peak memory 917 MiB.
2026-10-05T02:08:56Z INFO [1599/1872] 49f4417a-f1dd-49b1-8c02-1898af810636: 17 internal nodes; 0.6 s; peak memory 917 MiB.
2026-10-05T02:09:05Z INFO [1600/1872] 49f55193-e3a3-4047-8767-4f2255fa6460: 401 internal nodes; 9.1 s; peak memory 917 MiB.
2026-10-05T02:09:05Z INFO [1600/1872] 49f55193-e3a3-4047-8767-4f2255fa6460: checkpointed 82482 records.
2026-10-05T02:09:06Z INFO [1601/1872] 49f58947-6910-42ae-a962-cd70e412b9d2: 61 internal nodes; 0.9 s; peak memory 917 MiB.
2026-10-05T02:09:06Z INFO [1602/1872] 49f6766f-6837-4e6f-bd96-16f90c7ee4ab: 11 internal nodes; 0.5 s; peak memory 917 MiB.
2026-10-05T02:09:08Z INFO [1603/1872] 49f75805-1fa4-44e8-960b-a3379aa4b549: 72 internal nodes; 1.5 s; peak memory 917 MiB.
2026-10-05T02:09:09Z INFO [1604/1872] 49f80b48-2f78-433d-b07b-6bbebbda691d: 27 internal nodes; 0.6 s; peak memory 917 MiB.
2026-10-05T02:09:15Z INFO [1605/1872] 49f961af-1409-43ae-93a3-bc78b110180a: 2164 internal nodes; 6.6 s; peak memory 917 MiB.
2026-10-05T02:09:16Z INFO [1606/1872] 49f968f6-e2c9-464d-a438-5818157f99fa: 27 internal nodes; 0.7 s; peak memory 917 MiB.
2026-10-05T02:09:17Z INFO [1607/1872] 49f97895-16ee-45be-8305-074501421f82: 38 internal nodes; 1.5 s; peak memory 917 MiB.
2026-10-05T02:09:19Z INFO [1608/1872] 49f9e13f-1be8-4f49-a27e-008accd9fc5b: 44 internal nodes; 1.5 s; peak memory 917 MiB.
2026-10-05T02:09:20Z INFO [1609/1872] 49fa56f4-2370-42b3-aa2f-0ed25b53e317: 72 internal nodes; 1.5 s; peak memory 917 MiB.
2026-10-05T02:09:21Z INFO [1610/1872] 49faa6f8-7ce8-4024-b066-0449fab3b942: 39 internal nodes; 1.2 s; peak memory 917 MiB.
2026-10-05T02:09:22Z INFO [1611/1872] 49fc136b-56d0-4bd6-8b1e-78ce6e5a21d9: 17 internal nodes; 0.6 s; peak memory 917 MiB.
2026-10-05T02:09:33Z INFO [1612/1872] 49fcaa5f-755e-405e-a6d5-499599575f04: 570 internal nodes; 10.6 s; peak memory 917 MiB.
2026-10-05T02:09:33Z INFO [1613/1872] 49fcba70-f983-4734-a152-9df4b99f5cf1: 27 internal nodes; 0.5 s; peak memory 917 MiB.
2026-10-05T02:09:33Z INFO [1614/1872] 49fcdbc0-7e8e-45d9-bb3d-34ec9834bdfe: 11 internal nodes; 0.4 s; peak memory 917 MiB.
2026-10-05T02:09:34Z INFO [1615/1872] 49fcdff4-07bc-4e37-bad1-e78f18f5ee39: 27 internal nodes; 0.6 s; peak memory 917 MiB.
2026-10-05T02:09:35Z INFO [1616/1872] 49fd4bbe-5ced-4bff-8a1d-6b150fb4171d: 19 internal nodes; 0.6 s; peak memory 917 MiB.
2026-10-05T02:09:35Z INFO [1617/1872] 49fe5156-b801-4e3f-9cf0-0309cafde85b: 15 internal nodes; 0.5 s; peak memory 917 MiB.
2026-10-05T02:09:36Z INFO [1618/1872] 49ff1d0a-ea6a-4bfd-8959-4b88b856db96: 11 internal nodes; 0.3 s; peak memory 917 MiB.
2026-10-05T02:09:36Z INFO [1619/1872] 4a000342-8273-434f-af8e-225e2f78e28b: 116 internal nodes; 0.9 s; peak memory 917 MiB.
2026-10-05T02:09:38Z INFO [1620/1872] 4a0036c7-3db8-4949-abb8-b876cbd34068: 31 internal nodes; 1.5 s; peak memory 917 MiB.
2026-10-05T02:09:39Z INFO [1621/1872] 4a004322-461a-410a-8f55-ed15ec6cce74: 17 internal nodes; 0.6 s; peak memory 917 MiB.
2026-10-05T02:09:39Z INFO [1622/1872] 4a00a3d7-a744-4f8b-829d-b7713b4fb6c7: 31 internal nodes; 0.7 s; peak memory 917 MiB.
2026-10-05T02:09:40Z INFO [1623/1872] 4a00f288-5cc3-408a-84c8-38fbcdcf5530: 27 internal nodes; 0.5 s; peak memory 917 MiB.
2026-10-05T02:09:40Z INFO [1624/1872] 4a013658-aa16-422b-976e-5846feb5b730: 31 internal nodes; 0.7 s; peak memory 917 MiB.
2026-10-05T02:09:41Z INFO [1625/1872] 4a0194cc-ff03-4b4f-90d2-b5752c3f7f8d: 11 internal nodes; 0.4 s; peak memory 917 MiB.
2026-10-05T02:09:42Z INFO [1626/1872] 4a019a01-46b2-4543-9acc-2c5681b7faf4: 61 internal nodes; 0.7 s; peak memory 917 MiB.
2026-10-05T02:09:42Z INFO [1627/1872] 4a0240ff-58ec-4adc-ba00-fc310819a9e0: 38 internal nodes; 0.8 s; peak memory 917 MiB.
2026-10-05T02:09:43Z INFO [1628/1872] 4a033083-c8bf-415f-a373-b5572bb3c0dc: 17 internal nodes; 0.7 s; peak memory 917 MiB.
2026-10-05T02:09:44Z INFO [1629/1872] 4a035c35-cc94-4407-9566-e1c91a605534: 27 internal nodes; 0.6 s; peak memory 917 MiB.
2026-10-05T02:09:44Z INFO [1630/1872] 4a036e01-92c5-4794-a099-a18fcb8580e6: 17 internal nodes; 0.6 s; peak memory 917 MiB.
2026-10-05T02:09:45Z INFO [1631/1872] 4a037a0c-363e-465a-8824-bc2fcee046f2: 17 internal nodes; 0.7 s; peak memory 917 MiB.
2026-10-05T02:09:46Z INFO [1632/1872] 4a03a610-ebfb-4954-bdda-3a24c5081505: 17 internal nodes; 0.6 s; peak memory 917 MiB.
2026-10-05T02:09:46Z INFO [1633/1872] 4a03aa42-499f-4a94-a9e7-d2720a77b4b4: 86 internal nodes; 0.9 s; peak memory 917 MiB.
2026-10-05T02:09:49Z INFO [1634/1872] 4a03b70d-60d3-4c7a-8294-a7484e5fb28c: 41 internal nodes; 2.6 s; peak memory 917 MiB.
2026-10-05T02:09:50Z INFO [1635/1872] 4a040d80-79a0-4f03-827f-5b56fcfe46d1: 62 internal nodes; 0.9 s; peak memory 917 MiB.
2026-10-05T02:09:51Z INFO [1636/1872] 4a0443be-fedb-4ea6-8958-f857abf7d1cf: 56 internal nodes; 0.7 s; peak memory 917 MiB.
2026-10-05T02:09:51Z INFO [1637/1872] 4a047d73-e0e3-4d94-b53b-b20fdee41dc3: 31 internal nodes; 0.8 s; peak memory 917 MiB.
2026-10-05T02:09:52Z INFO [1638/1872] 4a05274f-0671-4958-977e-e32665b6d5d3: 17 internal nodes; 0.7 s; peak memory 917 MiB.
2026-10-05T02:09:53Z INFO [1639/1872] 4a0533e8-6103-4164-a495-0693644635c9: 17 internal nodes; 0.6 s; peak memory 917 MiB.
2026-10-05T02:09:56Z INFO [1640/1872] 4a0541de-c43d-4461-9a85-262a3988dc20: 31 internal nodes; 3.0 s; peak memory 917 MiB.
2026-10-05T02:09:58Z INFO [1641/1872] 4a054531-facd-462b-aded-5df1a4b3b897: 124 internal nodes; 2.4 s; peak memory 917 MiB.
2026-10-05T02:10:00Z INFO [1642/1872] 4a0596ad-dc7d-43e2-8ffe-64df7181ccf6: 72 internal nodes; 1.8 s; peak memory 917 MiB.
2026-10-05T02:10:01Z INFO [1643/1872] 4a05fc9f-743f-4584-afb8-03dc67e9c98b: 31 internal nodes; 0.9 s; peak memory 917 MiB.
2026-10-05T02:10:02Z INFO [1644/1872] 4a06236a-f561-4815-9b9f-e6b66dac6d9b: 58 internal nodes; 0.9 s; peak memory 917 MiB.
2026-10-05T02:10:02Z INFO [1645/1872] 4a068105-8276-453f-9880-b0952dd453ef: 11 internal nodes; 0.3 s; peak memory 917 MiB.
2026-10-05T02:10:03Z INFO [1646/1872] 4a0694cf-aa51-4405-807d-8a517b77eaa6: 27 internal nodes; 0.6 s; peak memory 917 MiB.
2026-10-05T02:10:03Z INFO [1647/1872] 4a069703-c97c-4ce9-8d4b-e39d2fcd76a0: 6 internal nodes; 0.4 s; peak memory 917 MiB.
2026-10-05T02:10:04Z INFO [1648/1872] 4a075606-3008-47d7-b20f-25e62a721bc7: 27 internal nodes; 0.6 s; peak memory 917 MiB.
2026-10-05T02:10:12Z INFO [1649/1872] 4a076049-8c36-4e49-aabf-1f2ef7addea4: 302 internal nodes; 8.5 s; peak memory 917 MiB.
2026-10-05T02:10:21Z INFO [1650/1872] 4a0869a4-4894-44e6-9e60-62ae6df02812: 299 internal nodes; 9.2 s; peak memory 917 MiB.
2026-10-05T02:10:22Z INFO [1650/1872] 4a0869a4-4894-44e6-9e60-62ae6df02812: checkpointed 82532 records.
2026-10-05T02:10:22Z INFO [1651/1872] 4a09d42b-3d61-4d16-9dc1-7c8b926ac2c2: 17 internal nodes; 0.7 s; peak memory 917 MiB.
2026-10-05T02:10:24Z INFO [1652/1872] 4a0ae650-b623-49c1-916c-81aec154eda8: 44 internal nodes; 1.6 s; peak memory 917 MiB.
2026-10-05T02:10:24Z INFO [1653/1872] 4a0b4289-137b-4bca-a7e4-f84520400f8e: 17 internal nodes; 0.3 s; peak memory 917 MiB.
2026-10-05T02:10:25Z INFO [1654/1872] 4a0bb116-433d-4348-916c-7c5bf5d2bbe0: 27 internal nodes; 0.6 s; peak memory 917 MiB.
2026-10-05T02:10:28Z INFO [1655/1872] 4a0c04e0-3fad-4413-a5a6-1f82a553af1f: 57 internal nodes; 2.7 s; peak memory 917 MiB.
2026-10-05T02:10:28Z INFO [1656/1872] 4a0c386d-ba9d-46c6-bd83-a20a82216809: 116 internal nodes; 0.5 s; peak memory 917 MiB.
2026-10-05T02:10:28Z INFO [1657/1872] 4a0c8f07-b714-458a-8e54-638984447f1f: 11 internal nodes; 0.4 s; peak memory 917 MiB.
2026-10-05T02:10:29Z INFO [1658/1872] 4a0d7785-c746-4e6f-a2e4-800e9fdb1feb: 13 internal nodes; 0.7 s; peak memory 917 MiB.
2026-10-05T02:10:35Z INFO [1659/1872] 4a0daa2f-9abe-424b-93cd-42645f159df2: 231 internal nodes; 6.1 s; peak memory 917 MiB.
2026-10-05T02:10:40Z INFO [1660/1872] 4a0db4b6-0c01-4bf2-9bc8-9217e28a2b30: 239 internal nodes; 4.4 s; peak memory 917 MiB.
2026-10-05T02:10:40Z INFO [1661/1872] 4a0dee3d-ac28-4dfb-b5d4-e3246633775a: 31 internal nodes; 0.7 s; peak memory 917 MiB.
2026-10-05T02:10:41Z INFO [1662/1872] 4a0e3f91-450e-4c9b-bf19-db994380dd3f: 18 internal nodes; 0.3 s; peak memory 917 MiB.
2026-10-05T02:10:41Z INFO [1663/1872] 4a0f23b6-6f1e-456c-97c3-fc6a3c54beb5: 29 internal nodes; 0.7 s; peak memory 917 MiB.
2026-10-05T02:10:42Z INFO [1664/1872] 4a0feb83-e1eb-4a3b-bb68-de06adf34f65: 27 internal nodes; 0.6 s; peak memory 917 MiB.
2026-10-05T02:10:54Z INFO [1665/1872] 4a106014-9146-415f-9259-3add43cba833: 135 internal nodes; 11.8 s; peak memory 918 MiB.
2026-10-05T02:10:58Z INFO [1666/1872] 4a1118e8-cd39-478e-a58b-8a9dd5285c21: 229 internal nodes; 4.5 s; peak memory 918 MiB.
2026-10-05T02:10:59Z INFO [1667/1872] 4a11b1ca-f295-4858-a231-01b93ec1520b: 18 internal nodes; 0.4 s; peak memory 918 MiB.
2026-10-05T02:10:59Z INFO [1668/1872] 4a11dab6-c63b-49e6-9d7f-a5753041f188: 13 internal nodes; 0.4 s; peak memory 918 MiB.
2026-10-05T02:11:03Z INFO [1669/1872] 4a122743-d707-4133-944b-c10f96502fea: 183 internal nodes; 4.2 s; peak memory 918 MiB.
2026-10-05T02:11:08Z INFO [1670/1872] 4a126e07-a135-40cc-b597-dccb87763f04: 198 internal nodes; 4.8 s; peak memory 918 MiB.
2026-10-05T02:11:10Z INFO [1671/1872] 4a12d2ca-1555-437b-86c0-35fe56cb79ef: 88 internal nodes; 2.2 s; peak memory 918 MiB.
2026-10-05T02:11:11Z INFO [1672/1872] 4a1329c5-0fe8-41cd-a30a-98bdcba762e6: 20 internal nodes; 1.0 s; peak memory 918 MiB.
2026-10-05T02:11:12Z INFO [1673/1872] 4a146b38-bc95-42e2-9ea0-6d6251e4f07c: 22 internal nodes; 1.1 s; peak memory 918 MiB.
2026-10-05T02:11:13Z INFO [1674/1872] 4a14c968-7f49-40e8-8d76-5e874de1c2ca: 17 internal nodes; 0.6 s; peak memory 918 MiB.
2026-10-05T02:11:14Z INFO [1675/1872] 4a1529b5-98ad-49e0-82b4-37ab7f55a9ff: 30 internal nodes; 0.9 s; peak memory 918 MiB.
2026-10-05T02:11:17Z INFO [1676/1872] 4a15939c-831c-4188-8de1-c1be604a27ce: 73 internal nodes; 3.4 s; peak memory 918 MiB.
2026-10-05T02:11:18Z INFO [1677/1872] 4a160fc0-871a-41ac-b33c-4b878c1536b0: 6 internal nodes; 0.4 s; peak memory 918 MiB.
2026-10-05T02:11:22Z INFO [1678/1872] 4a166038-3b56-4edc-99a5-8c37fa9524f0: 65 internal nodes; 4.1 s; peak memory 918 MiB.
2026-10-05T02:11:22Z INFO [1679/1872] 4a1755de-4fd2-4415-8bb1-9bdaf64c9c21: 17 internal nodes; 0.6 s; peak memory 918 MiB.
2026-10-05T02:11:23Z INFO [1680/1872] 4a176368-b4c8-445f-a094-35b1aa883ea2: 19 internal nodes; 0.6 s; peak memory 918 MiB.
2026-10-05T02:11:24Z INFO [1681/1872] 4a17827f-76c1-478e-b0ef-00571d7e0314: 44 internal nodes; 1.5 s; peak memory 918 MiB.
2026-10-05T02:11:25Z INFO [1682/1872] 4a17a4de-51df-424f-866d-406f5617bcb0: 27 internal nodes; 0.6 s; peak memory 918 MiB.
2026-10-05T02:11:26Z INFO [1683/1872] 4a180156-3f5a-4c28-ab0b-8a64602dcfdb: 27 internal nodes; 0.6 s; peak memory 918 MiB.
2026-10-05T02:11:26Z INFO [1684/1872] 4a183abe-cd05-45fe-adce-d314360fc052: 17 internal nodes; 0.6 s; peak memory 918 MiB.
2026-10-05T02:11:27Z INFO [1685/1872] 4a1862b4-bbcb-4e16-962c-55d01ab90f8b: 17 internal nodes; 0.6 s; peak memory 918 MiB.
2026-10-05T02:11:28Z INFO [1686/1872] 4a19c8c4-3754-4f64-bfda-ce437e2b7a25: 55 internal nodes; 1.4 s; peak memory 918 MiB.
2026-10-05T02:11:29Z INFO [1687/1872] 4a19cc48-828e-416e-adff-a3ee3294d435: 22 internal nodes; 0.7 s; peak memory 918 MiB.
2026-10-05T02:11:31Z INFO [1688/1872] 4a19ea1b-683a-4ffb-98e8-cb702cddee93: 49 internal nodes; 2.6 s; peak memory 918 MiB.
2026-10-05T02:11:33Z INFO [1689/1872] 4a1a10dd-73b5-4fab-bbb7-4e16a24e2807: 27 internal nodes; 1.4 s; peak memory 918 MiB.
2026-10-05T02:11:33Z INFO [1690/1872] 4a1a7170-6692-4160-a16d-0f4b7c56415b: 13 internal nodes; 0.4 s; peak memory 918 MiB.
2026-10-05T02:11:34Z INFO [1691/1872] 4a1a9c5f-4e2b-4934-833a-b86b598d56c5: 17 internal nodes; 0.7 s; peak memory 918 MiB.
2026-10-05T02:11:38Z INFO [1692/1872] 4a1b2b86-fde7-4200-bd32-66bdde2f8c42: 170 internal nodes; 3.9 s; peak memory 918 MiB.
2026-10-05T02:11:39Z INFO [1693/1872] 4a1b384f-8d0d-4440-baf9-056969d72ad3: 17 internal nodes; 0.7 s; peak memory 918 MiB.
2026-10-05T02:11:45Z INFO [1694/1872] 4a1b4dcc-caa7-4f4b-a461-37fe407dda52: 134 internal nodes; 6.1 s; peak memory 918 MiB.
2026-10-05T02:11:45Z INFO [1695/1872] 4a1b76c1-b7a9-49ca-b749-ceb44f69befe: 17 internal nodes; 0.7 s; peak memory 918 MiB.
2026-10-05T02:11:47Z INFO [1696/1872] 4a1bdcdb-1c51-46e6-9c3b-3c53bdab4a5f: 59 internal nodes; 1.3 s; peak memory 918 MiB.
2026-10-05T02:11:48Z INFO [1697/1872] 4a1c88af-b0d7-42b6-91b1-e676ef707b0b: 37 internal nodes; 1.2 s; peak memory 918 MiB.
2026-10-05T02:11:48Z INFO [1698/1872] 4a1c8f5a-178b-4db3-852a-a2ea43293c35: 17 internal nodes; 0.6 s; peak memory 918 MiB.
2026-10-05T02:11:49Z INFO [1699/1872] 4a1c9824-22b4-44b7-9702-aa75892d825f: 23 internal nodes; 0.6 s; peak memory 918 MiB.
2026-10-05T02:11:51Z INFO [1700/1872] 4a1cfb69-93cd-4d58-8c5b-00c3d51cc464: 44 internal nodes; 1.7 s; peak memory 918 MiB.
2026-10-05T02:11:51Z INFO [1700/1872] 4a1cfb69-93cd-4d58-8c5b-00c3d51cc464: checkpointed 82582 records.
2026-10-05T02:11:56Z INFO [1701/1872] 4a1d3385-2fa1-4b17-b9b7-5d057c484d28: 114 internal nodes; 5.2 s; peak memory 918 MiB.
2026-10-05T02:11:57Z INFO [1702/1872] 4a1e220a-9f9b-4d5a-8b88-50949d04109d: 18 internal nodes; 0.8 s; peak memory 918 MiB.
2026-10-05T02:11:58Z INFO [1703/1872] 4a1edd72-bad4-40db-aafc-6f3a89949ee2: 17 internal nodes; 0.6 s; peak memory 918 MiB.
2026-10-05T02:12:05Z INFO [1704/1872] 4a1ef2a8-aad8-4153-b8fb-821292e0c5fe: 85 internal nodes; 7.2 s; peak memory 918 MiB.
2026-10-05T02:12:07Z INFO [1705/1872] 4a1f0bec-f0a0-493f-a66f-b6e9e866a217: 39 internal nodes; 2.0 s; peak memory 918 MiB.
2026-10-05T02:12:08Z INFO [1706/1872] 4a20324b-d1d8-439b-9126-bd1a04a4ef3c: 61 internal nodes; 1.0 s; peak memory 918 MiB.
2026-10-05T02:12:09Z INFO [1707/1872] 4a20636b-e8fd-40a2-9e7d-97c22d8b0d38: 31 internal nodes; 1.0 s; peak memory 918 MiB.
2026-10-05T02:12:11Z INFO [1708/1872] 4a20bd17-8014-4999-ae8c-fd76d6d5adf5: 44 internal nodes; 1.8 s; peak memory 918 MiB.
2026-10-05T02:12:11Z INFO [1709/1872] 4a20fdda-883f-4084-bb17-3d148b4fa5a7: 13 internal nodes; 0.4 s; peak memory 918 MiB.
2026-10-05T02:12:12Z INFO [1710/1872] 4a214485-af96-44a8-b8a8-95cb9824e59b: 27 internal nodes; 0.6 s; peak memory 918 MiB.
2026-10-05T02:12:13Z INFO [1711/1872] 4a2175db-114d-436f-bbfd-d96a69f313c2: 22 internal nodes; 0.9 s; peak memory 918 MiB.
2026-10-05T02:12:17Z INFO [1712/1872] 4a2195a6-3cba-4a80-bbcc-4b80f619986b: 44 internal nodes; 4.6 s; peak memory 918 MiB.
2026-10-05T02:12:22Z INFO [1713/1872] 4a23d165-cc0f-4a31-88d8-076a0cd44bb6: 187 internal nodes; 4.4 s; peak memory 918 MiB.
2026-10-05T02:12:22Z INFO [1714/1872] 4a24288b-c1dd-4da6-afef-ecfe8271d419: 21 internal nodes; 0.8 s; peak memory 918 MiB.
2026-10-05T02:12:24Z INFO [1715/1872] 4a2432b8-ea5d-4255-8557-08f6af5cb782: 39 internal nodes; 1.3 s; peak memory 918 MiB.
2026-10-05T02:12:24Z INFO [1716/1872] 4a24586b-abba-42e5-9104-6d89d758a3e9: 26 internal nodes; 0.5 s; peak memory 918 MiB.
2026-10-05T02:12:25Z INFO [1717/1872] 4a249afe-5d4f-44d1-a272-f6ff6cd3df30: 58 internal nodes; 1.3 s; peak memory 918 MiB.
2026-10-05T02:12:27Z INFO [1718/1872] 4a24bdd2-4559-479f-aaac-01f513c1460f: 44 internal nodes; 1.4 s; peak memory 918 MiB.
2026-10-05T02:12:27Z INFO [1719/1872] 4a24c9f9-5269-4025-a623-7a3bf75baacb: 13 internal nodes; 0.5 s; peak memory 918 MiB.
2026-10-05T02:12:31Z INFO [1720/1872] 4a25ffd0-1e09-4705-b111-b686a63bf8da: 137 internal nodes; 3.5 s; peak memory 918 MiB.
2026-10-05T02:12:32Z INFO [1721/1872] 4a26fa6f-45af-41fc-b515-cf3dd8ee6872: 25 internal nodes; 1.1 s; peak memory 918 MiB.
2026-10-05T02:12:32Z INFO [1722/1872] 4a2713d2-6f9a-4831-bc68-547aa05f2083: 11 internal nodes; 0.4 s; peak memory 918 MiB.
2026-10-05T02:12:33Z INFO [1723/1872] 4a2836d4-549e-4e24-abc8-07a825425db6: 30 internal nodes; 0.8 s; peak memory 918 MiB.
2026-10-05T02:12:38Z INFO [1724/1872] 4a297ea2-dae7-4a67-aa1b-b0b2c251ccf6: 165 internal nodes; 4.6 s; peak memory 918 MiB.
2026-10-05T02:12:38Z INFO [1725/1872] 4a2a6311-3ed5-44e1-a42c-f5f045bb08c8: 27 internal nodes; 0.6 s; peak memory 918 MiB.
2026-10-05T02:12:39Z INFO [1726/1872] 4a2aa2c9-d975-48b0-b131-d0494f542b91: 17 internal nodes; 0.6 s; peak memory 918 MiB.
2026-10-05T02:12:40Z INFO [1727/1872] 4a2b165a-467b-4a5f-b911-31429e8ffa24: 42 internal nodes; 1.3 s; peak memory 918 MiB.
2026-10-05T02:12:41Z INFO [1728/1872] 4a2bc6f4-61a6-45d8-a346-64c50ce23b81: 30 internal nodes; 0.7 s; peak memory 918 MiB.
2026-10-05T02:12:46Z INFO [1729/1872] 4a2ce0e8-9846-4a5e-8bf9-7c82e8e90f72: 1940 internal nodes; 5.3 s; peak memory 918 MiB.
2026-10-05T02:12:47Z INFO [1730/1872] 4a2ce6ad-56e5-4905-a99d-b685972f3801: 31 internal nodes; 1.0 s; peak memory 918 MiB.
2026-10-05T02:12:48Z INFO [1731/1872] 4a2d5967-6155-4a16-a53b-cde0a50cca62: 27 internal nodes; 0.6 s; peak memory 918 MiB.
2026-10-05T02:12:48Z INFO [1732/1872] 4a2d76a3-768f-47e7-bbb3-37eacf4a1b33: 11 internal nodes; 0.3 s; peak memory 918 MiB.
2026-10-05T02:12:49Z INFO [1733/1872] 4a2dd974-a280-4e5d-957f-2b9cf6113bd0: 18 internal nodes; 0.8 s; peak memory 918 MiB.
2026-10-05T02:12:50Z INFO [1734/1872] 4a2ef0d4-c45b-4dd6-b925-0a79a3b46b7b: 29 internal nodes; 0.7 s; peak memory 918 MiB.
2026-10-05T02:12:51Z INFO [1735/1872] 4a301d1a-4689-4757-89c7-6c6fea8fb5a6: 26 internal nodes; 1.0 s; peak memory 918 MiB.
2026-10-05T02:12:51Z INFO [1736/1872] 4a316acd-1bac-498a-86ae-45b1d0cb19c3: 27 internal nodes; 0.6 s; peak memory 918 MiB.
2026-10-05T02:12:52Z INFO [1737/1872] 4a3203d4-cbf0-49ef-a436-7fefa2c9e567: 27 internal nodes; 0.6 s; peak memory 918 MiB.
2026-10-05T02:12:53Z INFO [1738/1872] 4a320c82-d8c3-4ece-9f54-79c3428fd301: 67 internal nodes; 1.0 s; peak memory 918 MiB.
2026-10-05T02:12:54Z INFO [1739/1872] 4a32269e-f8c5-4bbd-8ee0-98de57cf2a0d: 62 internal nodes; 0.8 s; peak memory 918 MiB.
2026-10-05T02:12:54Z INFO [1740/1872] 4a3244ba-c330-4e02-8a60-035a05892929: 17 internal nodes; 0.7 s; peak memory 918 MiB.
2026-10-05T02:12:55Z INFO [1741/1872] 4a32dd3e-4ac5-4516-af10-fefca794ceae: 120 internal nodes; 0.6 s; peak memory 918 MiB.
2026-10-05T02:12:55Z INFO [1742/1872] 4a3340b3-fd53-43a0-8b8d-e9e6434f9710: 17 internal nodes; 0.3 s; peak memory 918 MiB.
2026-10-05T02:12:56Z INFO [1743/1872] 4a3399d0-3f88-411f-8630-1bb89a4d9613: 69 internal nodes; 1.1 s; peak memory 918 MiB.
2026-10-05T02:12:57Z INFO [1744/1872] 4a33ccf4-3d86-4cf8-95ad-c0a0c7a47743: 17 internal nodes; 0.5 s; peak memory 918 MiB.
2026-10-05T02:12:58Z INFO [1745/1872] 4a3411dd-68be-43f2-abdf-671399ecfe61: 31 internal nodes; 0.8 s; peak memory 918 MiB.
2026-10-05T02:12:58Z INFO [1746/1872] 4a345c0a-1e3c-4667-812a-4d35fd71fa6a: 29 internal nodes; 0.7 s; peak memory 918 MiB.
2026-10-05T02:12:59Z INFO [1747/1872] 4a34a741-f5f3-4265-befd-2d05f319ba28: 27 internal nodes; 0.7 s; peak memory 918 MiB.
2026-10-05T02:13:00Z INFO [1748/1872] 4a351bad-5ec3-4516-ab1d-d69dc126aee3: 37 internal nodes; 0.9 s; peak memory 918 MiB.
2026-10-05T02:13:06Z INFO [1749/1872] 4a359021-086d-4990-af26-0ab8f9f4f252: 71 internal nodes; 6.4 s; peak memory 918 MiB.
2026-10-05T02:13:14Z INFO [1750/1872] 4a35954c-f154-48c1-a0ef-858d4d2262e6: 361 internal nodes; 7.3 s; peak memory 918 MiB.
2026-10-05T02:13:14Z INFO [1750/1872] 4a35954c-f154-48c1-a0ef-858d4d2262e6: checkpointed 82632 records.
2026-10-05T02:13:15Z INFO [1751/1872] 4a374c83-b2c4-401a-8e4f-de47b62dd5df: 17 internal nodes; 0.6 s; peak memory 918 MiB.
2026-10-05T02:13:16Z INFO [1752/1872] 4a383c52-2dde-4d3d-98b1-967628c63d46: 22 internal nodes; 0.8 s; peak memory 918 MiB.
2026-10-05T02:13:16Z INFO [1753/1872] 4a393547-10b6-4aec-a34a-5ca0b894c263: 27 internal nodes; 0.6 s; peak memory 918 MiB.
2026-10-05T02:13:17Z INFO [1754/1872] 4a3964c5-2d9e-4fe2-a835-4f82142d0425: 13 internal nodes; 0.8 s; peak memory 918 MiB.
2026-10-05T02:13:18Z INFO [1755/1872] 4a3a32e6-6a46-4acc-b488-6dda257aaa21: 19 internal nodes; 0.6 s; peak memory 918 MiB.
2026-10-05T02:13:18Z INFO [1756/1872] 4a3a56e5-a05d-4657-914d-7541cd50bed3: 19 internal nodes; 0.5 s; peak memory 918 MiB.
2026-10-05T02:13:20Z INFO [1757/1872] 4a3a98e9-d707-43ca-b017-d9af3f61bd61: 44 internal nodes; 1.5 s; peak memory 918 MiB.
2026-10-05T02:13:21Z INFO [1758/1872] 4a3b77ac-ced1-4c7a-ae22-d54355e017d2: 25 internal nodes; 1.0 s; peak memory 918 MiB.
2026-10-05T02:13:21Z INFO [1759/1872] 4a3bb4ae-54e7-4f4c-8cca-7b393285c955: 17 internal nodes; 0.6 s; peak memory 918 MiB.
2026-10-05T02:13:22Z INFO [1760/1872] 4a3bdb57-e3b9-4e6e-979b-c69d3d62c3f1: 31 internal nodes; 0.7 s; peak memory 918 MiB.
2026-10-05T02:13:23Z INFO [1761/1872] 4a3c292b-0b49-4440-a125-caf89f94ad02: 31 internal nodes; 0.9 s; peak memory 918 MiB.
2026-10-05T02:13:23Z INFO [1762/1872] 4a3c66e9-ac50-4ed2-aed9-d5337f9407e2: 31 internal nodes; 0.7 s; peak memory 918 MiB.
2026-10-05T02:13:24Z INFO [1763/1872] 4a3cf1e8-99b0-4ef1-b1a5-a05ef5be359c: 17 internal nodes; 0.5 s; peak memory 918 MiB.
2026-10-05T02:13:25Z INFO [1764/1872] 4a3dd304-4c6e-44d8-81a4-beaf03e4022f: 45 internal nodes; 1.2 s; peak memory 918 MiB.
2026-10-05T02:13:25Z INFO [1765/1872] 4a3e2bbb-35ed-4dcf-8123-1dbd246af288: 26 internal nodes; 0.3 s; peak memory 918 MiB.
2026-10-05T02:13:26Z INFO [1766/1872] 4a3eecda-25f0-464f-99e8-a9876febb399: 17 internal nodes; 0.7 s; peak memory 918 MiB.
2026-10-05T02:13:26Z INFO [1767/1872] 4a3f1959-e2b0-4472-8b66-57462279e0ce: 18 internal nodes; 0.4 s; peak memory 918 MiB.
2026-10-05T02:13:27Z INFO [1768/1872] 4a3f38a0-df63-4577-a0e4-e57ae4a63331: 17 internal nodes; 0.6 s; peak memory 918 MiB.
2026-10-05T02:13:31Z INFO [1769/1872] 4a3f4b9f-00cc-4987-9ca6-d57e398f485e: 127 internal nodes; 3.4 s; peak memory 918 MiB.
2026-10-05T02:13:31Z INFO [1770/1872] 4a3feb7b-0217-43ab-9efa-df8fbf4a5522: 17 internal nodes; 0.6 s; peak memory 918 MiB.
2026-10-05T02:13:32Z INFO [1771/1872] 4a403a5d-88fc-49f1-a2af-37aae21ac5d3: 27 internal nodes; 0.6 s; peak memory 918 MiB.
2026-10-05T02:13:32Z INFO [1772/1872] 4a407588-f447-4463-9a67-6bd44069b227: 26 internal nodes; 0.5 s; peak memory 918 MiB.
2026-10-05T02:13:33Z INFO [1773/1872] 4a40afe5-5d27-4577-8297-f532efceb762: 17 internal nodes; 0.6 s; peak memory 918 MiB.
2026-10-05T02:13:33Z INFO [1774/1872] 4a416104-fc65-4bbd-9344-a041cdf7b0ec: 22 internal nodes; 0.4 s; peak memory 918 MiB.
2026-10-05T02:13:34Z INFO [1775/1872] 4a41d19d-fc23-425f-a142-907d07382397: 11 internal nodes; 0.4 s; peak memory 918 MiB.
2026-10-05T02:13:34Z INFO [1776/1872] 4a422345-c942-44d7-b6aa-f96a288b0b20: 20 internal nodes; 0.6 s; peak memory 918 MiB.
2026-10-05T02:13:35Z INFO [1777/1872] 4a4226f7-056a-4a78-868e-fd34404193fb: 17 internal nodes; 0.5 s; peak memory 918 MiB.
2026-10-05T02:13:35Z INFO [1778/1872] 4a42a4fd-e7fe-4b3f-8323-aa2430c9ae38: 27 internal nodes; 0.6 s; peak memory 918 MiB.
2026-10-05T02:13:37Z INFO [1779/1872] 4a4319b8-26dd-4e12-bcb0-4e210b4e6e0f: 46 internal nodes; 1.9 s; peak memory 918 MiB.
2026-10-05T02:13:42Z INFO [1780/1872] 4a437270-c7f6-49d7-a5ff-9fafbcf79433: 209 internal nodes; 4.8 s; peak memory 918 MiB.
2026-10-05T02:13:43Z INFO [1781/1872] 4a440aca-1422-48a8-b732-a2dc2fb3729c: 13 internal nodes; 0.7 s; peak memory 918 MiB.
2026-10-05T02:13:52Z INFO [1782/1872] 4a4453f3-7845-41b2-bce8-e8c5a55faecf: 3088 internal nodes; 9.2 s; peak memory 918 MiB.
2026-10-05T02:13:53Z INFO [1783/1872] 4a467d09-e8a5-4f48-bc59-edc0b66d3608: 27 internal nodes; 0.5 s; peak memory 918 MiB.
2026-10-05T02:13:53Z INFO [1784/1872] 4a46a558-05ff-47d0-87a2-21255ab4039a: 31 internal nodes; 0.7 s; peak memory 918 MiB.
2026-10-05T02:13:54Z INFO [1785/1872] 4a47137f-8aec-4307-9774-9c4ea1eaa605: 69 internal nodes; 1.0 s; peak memory 918 MiB.
2026-10-05T02:13:55Z INFO [1786/1872] 4a4794e4-0a00-4ef7-9662-b5a4c83084fc: 18 internal nodes; 0.5 s; peak memory 918 MiB.
2026-10-05T02:13:55Z INFO [1787/1872] 4a479bcc-3a1d-4883-a869-cebfd2bfde7e: 17 internal nodes; 0.5 s; peak memory 918 MiB.
2026-10-05T02:13:57Z INFO [1788/1872] 4a47c4b8-0a4f-45f5-9aa5-a9a9b7e69f79: 39 internal nodes; 1.2 s; peak memory 918 MiB.
2026-10-05T02:13:57Z INFO [1789/1872] 4a47d2d8-19f5-4838-9df6-0025e926b848: 17 internal nodes; 0.6 s; peak memory 918 MiB.
2026-10-05T02:13:58Z INFO [1790/1872] 4a47e73d-028c-483e-b40b-ef0774f6cd5d: 23 internal nodes; 0.6 s; peak memory 918 MiB.
2026-10-05T02:13:58Z INFO [1791/1872] 4a4825a0-554e-45c3-bed3-e859e54249bc: 17 internal nodes; 0.3 s; peak memory 918 MiB.
2026-10-05T02:13:59Z INFO [1792/1872] 4a485e8a-3c5b-4675-8022-d94069f69544: 31 internal nodes; 0.7 s; peak memory 918 MiB.
2026-10-05T02:14:01Z INFO [1793/1872] 4a48a3da-83c4-409e-ab4a-0afc5ec27cdc: 40 internal nodes; 2.0 s; peak memory 918 MiB.
2026-10-05T02:14:01Z INFO [1794/1872] 4a48beb7-e837-4971-989f-0be498ca9e0b: 27 internal nodes; 0.6 s; peak memory 918 MiB.
2026-10-05T02:14:02Z INFO [1795/1872] 4a48c11a-43c3-4197-8b47-d787e37311d0: 31 internal nodes; 0.8 s; peak memory 918 MiB.
2026-10-05T02:14:02Z INFO [1796/1872] 4a48e19a-19ea-4d37-8249-24bb4046ae04: 28 internal nodes; 0.4 s; peak memory 918 MiB.
2026-10-05T02:14:04Z INFO [1797/1872] 4a497aa5-456f-4dc8-b208-934807102e70: 42 internal nodes; 1.5 s; peak memory 918 MiB.
2026-10-05T02:14:06Z INFO [1798/1872] 4a4a6813-5c7e-4f00-877a-0105354d71f1: 40 internal nodes; 1.9 s; peak memory 918 MiB.
2026-10-05T02:14:06Z INFO [1799/1872] 4a4ad6c5-755b-4c94-a5d1-0ade0b8641ad: 27 internal nodes; 0.6 s; peak memory 918 MiB.
2026-10-05T02:14:07Z INFO [1800/1872] 4a4b14f8-7302-4866-8048-0bff5646a699: 25 internal nodes; 0.7 s; peak memory 918 MiB.
2026-10-05T02:14:07Z INFO [1800/1872] 4a4b14f8-7302-4866-8048-0bff5646a699: checkpointed 82682 records.
2026-10-05T02:14:08Z INFO [1801/1872] 4a4bbbfa-c0c9-4af2-bc5b-c340e88ae2a3: 13 internal nodes; 0.7 s; peak memory 918 MiB.
2026-10-05T02:14:09Z INFO [1802/1872] 4a4c853b-9c2f-4e8c-bfe8-50dc5b8e7291: 30 internal nodes; 1.3 s; peak memory 918 MiB.
2026-10-05T02:14:10Z INFO [1803/1872] 4a4ca33c-df97-4056-b881-6311c95eeabc: 119 internal nodes; 0.7 s; peak memory 918 MiB.
2026-10-05T02:14:11Z INFO [1804/1872] 4a4dec06-553e-4218-aea6-0d25ba27d979: 15 internal nodes; 0.4 s; peak memory 918 MiB.
2026-10-05T02:14:11Z INFO [1805/1872] 4a4e3436-3ceb-464c-9b82-694c000b9245: 63 internal nodes; 0.8 s; peak memory 918 MiB.
2026-10-05T02:14:12Z INFO [1806/1872] 4a4e40af-3496-4639-8c86-376d33861945: 17 internal nodes; 0.6 s; peak memory 918 MiB.
2026-10-05T02:14:13Z INFO [1807/1872] 4a4e4755-55d3-48e0-986e-53af153f25ec: 122 internal nodes; 1.1 s; peak memory 918 MiB.
2026-10-05T02:14:14Z INFO [1808/1872] 4a4f2b7e-63a4-452f-8845-55bbf296e762: 59 internal nodes; 1.4 s; peak memory 918 MiB.
2026-10-05T02:14:15Z INFO [1809/1872] 4a4f2b80-39b1-4787-aa92-db9212b7ae77: 12 internal nodes; 0.5 s; peak memory 918 MiB.
2026-10-05T02:14:15Z INFO [1810/1872] 4a4f7369-ff6d-471d-9a25-d8c57c07c200: 11 internal nodes; 0.4 s; peak memory 918 MiB.
2026-10-05T02:14:17Z INFO [1811/1872] 4a50425e-1213-4c72-bdc3-fc3e9230c6c0: 46 internal nodes; 1.7 s; peak memory 918 MiB.
2026-10-05T02:14:18Z INFO [1812/1872] 4a510a03-81c9-4f7c-ae03-711d7c92a28a: 17 internal nodes; 0.6 s; peak memory 918 MiB.
2026-10-05T02:14:18Z INFO [1813/1872] 4a5125af-24e7-4114-b4f2-dc02819b92fa: 31 internal nodes; 0.7 s; peak memory 918 MiB.
2026-10-05T02:14:19Z INFO [1814/1872] 4a51d757-8806-407f-9f30-27ff659aff01: 31 internal nodes; 0.7 s; peak memory 918 MiB.
2026-10-05T02:14:20Z INFO [1815/1872] 4a51ddc0-47b2-43e4-9a8a-1483e634010d: 17 internal nodes; 0.7 s; peak memory 918 MiB.
2026-10-05T02:14:20Z INFO [1816/1872] 4a5263ed-b8d0-45f4-bb82-d0cc3f5d27ad: 17 internal nodes; 0.6 s; peak memory 918 MiB.
2026-10-05T02:14:21Z INFO [1817/1872] 4a5278b8-2f32-4dd7-a2a8-f1b8e0f23819: 27 internal nodes; 0.6 s; peak memory 918 MiB.
2026-10-05T02:14:22Z INFO [1818/1872] 4a53211b-ddd2-4bb0-9073-91fa77266a93: 31 internal nodes; 0.9 s; peak memory 918 MiB.
2026-10-05T02:14:23Z INFO [1819/1872] 4a5366a0-7ebb-49c4-992c-6b496e0dc52e: 31 internal nodes; 0.8 s; peak memory 918 MiB.
2026-10-05T02:14:23Z INFO [1820/1872] 4a54c952-9b03-470b-9540-36f9f53c93da: 17 internal nodes; 0.5 s; peak memory 918 MiB.
2026-10-05T02:14:25Z INFO [1821/1872] 4a55275a-8e64-4cd9-9842-bfbe17557394: 44 internal nodes; 1.5 s; peak memory 918 MiB.
2026-10-05T02:14:25Z INFO [1822/1872] 4a55433f-23c4-459a-ac63-edf580c15a8c: 23 internal nodes; 0.8 s; peak memory 918 MiB.
2026-10-05T02:14:27Z INFO [1823/1872] 4a55a9ac-58f5-4da1-bcbe-7bf4e395028a: 42 internal nodes; 1.2 s; peak memory 918 MiB.
2026-10-05T02:14:27Z INFO [1824/1872] 4a563d16-0a36-45d5-b267-09b35cbfe8e0: 65 internal nodes; 0.9 s; peak memory 918 MiB.
2026-10-05T02:14:28Z INFO [1825/1872] 4a5675e5-ffbb-491e-95fa-ebcf58db4e5a: 27 internal nodes; 0.6 s; peak memory 918 MiB.
2026-10-05T02:14:29Z INFO [1826/1872] 4a568227-5fa3-4f46-a9c8-c900c414a4f4: 17 internal nodes; 0.8 s; peak memory 918 MiB.
2026-10-05T02:14:30Z INFO [1827/1872] 4a56f3db-d78c-48b1-b193-bd67c42d7818: 27 internal nodes; 0.7 s; peak memory 918 MiB.
2026-10-05T02:14:30Z INFO [1828/1872] 4a57e2d3-c11e-4c12-9aa5-c74bed4d9c63: 27 internal nodes; 0.6 s; peak memory 918 MiB.
2026-10-05T02:14:31Z INFO [1829/1872] 4a58a23b-eabd-4480-8386-0f2a06742c3d: 115 internal nodes; 0.5 s; peak memory 918 MiB.
2026-10-05T02:14:31Z INFO [1830/1872] 4a59d1af-bf00-4ac7-a9ea-f6bdf0ac0de3: 27 internal nodes; 0.6 s; peak memory 918 MiB.
2026-10-05T02:14:34Z INFO [1831/1872] 4a5ae981-8d5b-48d9-998b-05f3a00e1482: 117 internal nodes; 2.6 s; peak memory 918 MiB.
2026-10-05T02:14:35Z INFO [1832/1872] 4a5cae65-45b7-41b3-be0a-4b7643945b8e: 63 internal nodes; 0.8 s; peak memory 918 MiB.
2026-10-05T02:14:35Z INFO [1833/1872] 4a5d4b3f-117b-49e2-8f69-03cddcca97cc: 116 internal nodes; 0.8 s; peak memory 918 MiB.
2026-10-05T02:14:36Z INFO [1834/1872] 4a5e7871-26a2-49a1-8322-4338fdd78846: 11 internal nodes; 0.5 s; peak memory 918 MiB.
2026-10-05T02:14:36Z INFO [1835/1872] 4a5f311a-8eed-4731-b94b-27c54697b55f: 24 internal nodes; 0.4 s; peak memory 918 MiB.
2026-10-05T02:14:37Z INFO [1836/1872] 4a61c776-b474-40a6-8247-37c49c2ae14e: 115 internal nodes; 0.6 s; peak memory 918 MiB.
2026-10-05T02:14:38Z INFO [1837/1872] 4a623d3d-4459-49f7-9f5c-e786793edb64: 21 internal nodes; 1.2 s; peak memory 918 MiB.
2026-10-05T02:14:39Z INFO [1838/1872] 4a624194-b5b7-4bcd-8ef0-273574541d92: 27 internal nodes; 0.6 s; peak memory 918 MiB.
2026-10-05T02:14:40Z INFO [1839/1872] 4a627d17-9a2a-47a5-91f4-da62d5f237a9: 41 internal nodes; 0.9 s; peak memory 918 MiB.
2026-10-05T02:14:40Z INFO [1840/1872] 4a63bc82-beb9-400a-b354-e32ce21aeef6: 11 internal nodes; 0.4 s; peak memory 918 MiB.
2026-10-05T02:14:41Z INFO [1841/1872] 4a6444be-86d0-49ee-be23-065d0d2d58a2: 17 internal nodes; 0.6 s; peak memory 918 MiB.
2026-10-05T02:14:41Z INFO [1842/1872] 4a65949a-1a41-4f04-ba1f-4632dcf477dc: 18 internal nodes; 0.4 s; peak memory 918 MiB.
2026-10-05T02:14:55Z INFO [1843/1872] 4a65965f-c303-4471-ad82-cbdded7d8849: 136 internal nodes; 13.8 s; peak memory 918 MiB.
2026-10-05T02:14:56Z INFO [1844/1872] 4a6599fe-d2c2-493d-841e-8ddb02985b45: 31 internal nodes; 0.7 s; peak memory 918 MiB.
2026-10-05T02:14:56Z INFO [1845/1872] 4a65e811-069e-448d-b077-94f4fefa977b: 17 internal nodes; 0.6 s; peak memory 918 MiB.
2026-10-05T02:14:57Z INFO [1846/1872] 4a660134-dc27-4321-9282-c03a2371a76a: 17 internal nodes; 0.6 s; peak memory 918 MiB.
2026-10-05T02:14:58Z INFO [1847/1872] 4a661c94-f4f2-4bda-a791-f164e6badc9a: 17 internal nodes; 0.7 s; peak memory 918 MiB.
2026-10-05T02:14:58Z INFO [1848/1872] 4a6633b7-98e5-471e-9e5d-06cc5b23672d: 17 internal nodes; 0.8 s; peak memory 918 MiB.
2026-10-05T02:15:01Z INFO [1849/1872] 4a66ff22-3ead-4138-a700-03d1b44d9dd2: 122 internal nodes; 3.0 s; peak memory 918 MiB.
2026-10-05T02:15:02Z INFO [1850/1872] 4a672419-26fd-4cf7-90dc-329e3c572216: 31 internal nodes; 0.7 s; peak memory 918 MiB.
2026-10-05T02:15:02Z INFO [1850/1872] 4a672419-26fd-4cf7-90dc-329e3c572216: checkpointed 82732 records.
2026-10-05T02:15:03Z INFO [1851/1872] 4a67ab06-808a-4c63-a5b7-ad6a8b794d93: 17 internal nodes; 0.7 s; peak memory 918 MiB.
2026-10-05T02:15:04Z INFO [1852/1872] 4a67e942-66b1-40f6-b26d-aff97403a648: 27 internal nodes; 0.6 s; peak memory 918 MiB.
2026-10-05T02:15:04Z INFO [1853/1872] 4a67ec25-2b04-4568-92b8-670f5bf2c6b6: 17 internal nodes; 0.6 s; peak memory 918 MiB.
2026-10-05T02:15:05Z INFO [1854/1872] 4a68803b-33e7-4c54-88cc-dd0608f29992: 29 internal nodes; 0.5 s; peak memory 918 MiB.
2026-10-05T02:15:06Z INFO [1855/1872] 4a6883e5-0f9f-452d-9450-141bd9c82aa2: 36 internal nodes; 0.8 s; peak memory 918 MiB.
2026-10-05T02:15:11Z INFO [1856/1872] 4a68be25-92a6-45bb-9247-32bf6aec24bb: 73 internal nodes; 5.1 s; peak memory 918 MiB.
2026-10-05T02:15:12Z INFO [1857/1872] 4a68ee59-a0fe-42c1-83df-d197722b3e45: 49 internal nodes; 1.6 s; peak memory 918 MiB.
2026-10-05T02:15:13Z INFO [1858/1872] 4a6931df-f0ad-4131-99a8-e8840c20bc4c: 24 internal nodes; 0.7 s; peak memory 918 MiB.
2026-10-05T02:15:13Z INFO [1859/1872] 4a6959cd-d0cd-41a9-bb54-485e7fe9df3b: 13 internal nodes; 0.4 s; peak memory 918 MiB.
2026-10-05T02:15:17Z INFO [1860/1872] 4a697931-dcf7-4e0d-90c6-af11b2c8f6e2: 156 internal nodes; 3.4 s; peak memory 918 MiB.
2026-10-05T02:15:18Z INFO [1861/1872] 4a69a270-231b-4af8-904d-ed49e0e56d35: 13 internal nodes; 0.8 s; peak memory 918 MiB.
2026-10-05T02:15:18Z INFO [1862/1872] 4a6a2b0b-4d75-4187-a34d-cd62712b49c6: 27 internal nodes; 0.6 s; peak memory 918 MiB.
2026-10-05T02:15:19Z INFO [1863/1872] 4a6a42b1-7027-46ec-929f-d0509b3fed37: 16 internal nodes; 0.4 s; peak memory 918 MiB.
2026-10-05T02:15:19Z WARNING 59beae01-8c63-4353-a90b-e97078f0ecde: failed while reading the NWB file (KeyError: 'Unable to synchronously open object (component not found)')
2026-10-05T02:15:19Z WARNING [1864/1872] 59beae01-8c63-4353-a90b-e97078f0ecde: leaving unrecorded for a later run to retry.
2026-10-05T02:15:20Z WARNING 735c7449-7e23-44fa-8990-d5c55f725aa2: failed while reading the NWB file (KeyError: 'Unable to synchronously open object (component not found)')
2026-10-05T02:15:20Z WARNING [1865/1872] 735c7449-7e23-44fa-8990-d5c55f725aa2: leaving unrecorded for a later run to retry.
2026-10-05T02:15:21Z WARNING 75dc9b6e-40d1-4c10-8d75-71e6d60a1109: failed while reading the NWB file (KeyError: 'Unable to synchronously open object (component not found)')
2026-10-05T02:15:21Z WARNING [1866/1872] 75dc9b6e-40d1-4c10-8d75-71e6d60a1109: leaving unrecorded for a later run to retry.
2026-10-05T02:15:21Z WARNING 8f0183a2-f90f-4b15-8fac-1ca3a404a100: failed while reading the NWB file (KeyError: 'Unable to synchronously open object (component not found)')
2026-10-05T02:15:21Z WARNING [1867/1872] 8f0183a2-f90f-4b15-8fac-1ca3a404a100: leaving unrecorded for a later run to retry.
2026-10-05T02:15:22Z WARNING 91d0f104-6918-47ae-8959-2116c86ee157: failed while reading the NWB file (KeyError: 'Unable to synchronously open object (component not found)')
2026-10-05T02:15:22Z WARNING [1868/1872] 91d0f104-6918-47ae-8959-2116c86ee157: leaving unrecorded for a later run to retry.
2026-10-05T02:15:23Z WARNING 969e4747-5a03-4948-bad1-05be9db18f9a: failed while reading the NWB file (KeyError: 'Unable to synchronously open object (component not found)')
2026-10-05T02:15:23Z WARNING [1869/1872] 969e4747-5a03-4948-bad1-05be9db18f9a: leaving unrecorded for a later run to retry.
2026-10-05T02:15:24Z WARNING 9f0feaa9-adb3-4487-afb9-d4f49f1acdc6: failed while reading the NWB file (KeyError: 'Unable to synchronously open object (component not found)')
2026-10-05T02:15:24Z WARNING [1870/1872] 9f0feaa9-adb3-4487-afb9-d4f49f1acdc6: leaving unrecorded for a later run to retry.
2026-10-05T02:15:25Z WARNING ad5b0970-92ee-45ed-9ade-ec72ab7c0c43: failed while reading the NWB file (KeyError: 'Unable to synchronously open object (component not found)')
2026-10-05T02:15:25Z WARNING [1871/1872] ad5b0970-92ee-45ed-9ade-ec72ab7c0c43: leaving unrecorded for a later run to retry.
2026-10-05T02:15:26Z WARNING d73cb2c7-2e04-4c75-ba50-9b634dc8e8fb: failed while reading the NWB file (KeyError: 'Unable to synchronously open object (component not found)')
2026-10-05T02:15:26Z WARNING [1872/1872] d73cb2c7-2e04-4c75-ba50-9b634dc8e8fb: leaving unrecorded for a later run to retry.
2026-10-05T02:15:26Z INFO Wrote 82745 records to /tmp/derivatives/valid_nwb_file_to_out_degrees.jsonl (1843 new, 29 failed) in 54.7 min (peak memory 918 MiB).
